pool_address,protocol,name,token0_symbol,token1_symbol,fee_tier_bps,tvl_usd,volume_usd_h24,price_change_pct_h24,risk_level,size_usdc,range_label,range_pct,expected_fee_usd_per_day,expected_il_usd_per_day,gas_usd_per_cycle,net_usd_per_day,fee_to_gas_ratio,il_pct_per_day,can_tiny_live
0xb2cc224c1c9fee385f8ad6a55b4d94e92359dc59,aerodrome,WETH / USDC 0.05%,WETH,USDC,5,8481774.1581,133263196.399081,0.602,LOW,1.0,narrow_5pct,0.05,0.007856,0.003612,0.3,-0.295756,0.0262,0.003612,True
0xb2cc224c1c9fee385f8ad6a55b4d94e92359dc59,aerodrome,WETH / USDC 0.05%,WETH,USDC,5,8481774.1581,133263196.399081,0.602,LOW,3.0,narrow_5pct,0.05,0.023568,0.010836,0.3,-0.287268,0.0786,0.003612,True
0xb2cc224c1c9fee385f8ad6a55b4d94e92359dc59,aerodrome,WETH / USDC 0.05%,WETH,USDC,5,8481774.1581,133263196.399081,0.602,LOW,5.0,narrow_5pct,0.05,0.039279,0.01806,0.3,-0.278781,0.1309,0.003612,True
0xb2cc224c1c9fee385f8ad6a55b4d94e92359dc59,aerodrome,WETH / USDC 0.05%,WETH,USDC,5,8481774.1581,133263196.399081,0.602,LOW,10.0,narrow_5pct,0.05,0.078559,0.03612,0.3,-0.257561,0.2619,0.003612,True
0xb2cc224c1c9fee385f8ad6a55b4d94e92359dc59,aerodrome,WETH / USDC 0.05%,WETH,USDC,5,8481774.1581,133263196.399081,0.602,LOW,1.0,medium_15pct,0.15,0.007856,0.001806,0.3,-0.29395,0.0262,0.001806,True
0xb2cc224c1c9fee385f8ad6a55b4d94e92359dc59,aerodrome,WETH / USDC 0.05%,WETH,USDC,5,8481774.1581,133263196.399081,0.602,LOW,3.0,medium_15pct,0.15,0.023568,0.005418,0.3,-0.28185,0.0786,0.001806,True
0xb2cc224c1c9fee385f8ad6a55b4d94e92359dc59,aerodrome,WETH / USDC 0.05%,WETH,USDC,5,8481774.1581,133263196.399081,0.602,LOW,5.0,medium_15pct,0.15,0.039279,0.00903,0.3,-0.269751,0.1309,0.001806,True
0xb2cc224c1c9fee385f8ad6a55b4d94e92359dc59,aerodrome,WETH / USDC 0.05%,WETH,USDC,5,8481774.1581,133263196.399081,0.602,LOW,10.0,medium_15pct,0.15,0.078559,0.01806,0.3,-0.239501,0.2619,0.001806,True
0xb2cc224c1c9fee385f8ad6a55b4d94e92359dc59,aerodrome,WETH / USDC 0.05%,WETH,USDC,5,8481774.1581,133263196.399081,0.602,LOW,1.0,wide_40pct,0.4,0.007856,0.000602,0.3,-0.292746,0.0262,0.000602,True
0xb2cc224c1c9fee385f8ad6a55b4d94e92359dc59,aerodrome,WETH / USDC 0.05%,WETH,USDC,5,8481774.1581,133263196.399081,0.602,LOW,3.0,wide_40pct,0.4,0.023568,0.001806,0.3,-0.278238,0.0786,0.000602,True
0xb2cc224c1c9fee385f8ad6a55b4d94e92359dc59,aerodrome,WETH / USDC 0.05%,WETH,USDC,5,8481774.1581,133263196.399081,0.602,LOW,5.0,wide_40pct,0.4,0.039279,0.00301,0.3,-0.263731,0.1309,0.000602,True
0xb2cc224c1c9fee385f8ad6a55b4d94e92359dc59,aerodrome,WETH / USDC 0.05%,WETH,USDC,5,8481774.1581,133263196.399081,0.602,LOW,10.0,wide_40pct,0.4,0.078559,0.00602,0.3,-0.227461,0.2619,0.000602,True
0x4e962bb3889bf030368f56810a9c96b83cb3e778,aerodrome,cbBTC / USDC 0.05%,cbBTC,USDC,5,9171570.3533,117596882.184985,1.024,MEDIUM,1.0,narrow_5pct,0.05,0.006411,0.006144,0.3,-0.299733,0.0214,0.006144,False
0x4e962bb3889bf030368f56810a9c96b83cb3e778,aerodrome,cbBTC / USDC 0.05%,cbBTC,USDC,5,9171570.3533,117596882.184985,1.024,MEDIUM,3.0,narrow_5pct,0.05,0.019233,0.018432,0.3,-0.299199,0.0641,0.006144,False
0x4e962bb3889bf030368f56810a9c96b83cb3e778,aerodrome,cbBTC / USDC 0.05%,cbBTC,USDC,5,9171570.3533,117596882.184985,1.024,MEDIUM,5.0,narrow_5pct,0.05,0.032055,0.03072,0.3,-0.298665,0.1068,0.006144,False
0x4e962bb3889bf030368f56810a9c96b83cb3e778,aerodrome,cbBTC / USDC 0.05%,cbBTC,USDC,5,9171570.3533,117596882.184985,1.024,MEDIUM,10.0,narrow_5pct,0.05,0.064109,0.06144,0.3,-0.297331,0.2137,0.006144,False
0x4e962bb3889bf030368f56810a9c96b83cb3e778,aerodrome,cbBTC / USDC 0.05%,cbBTC,USDC,5,9171570.3533,117596882.184985,1.024,MEDIUM,1.0,medium_15pct,0.15,0.006411,0.003072,0.3,-0.296661,0.0214,0.003072,False
0x4e962bb3889bf030368f56810a9c96b83cb3e778,aerodrome,cbBTC / USDC 0.05%,cbBTC,USDC,5,9171570.3533,117596882.184985,1.024,MEDIUM,3.0,medium_15pct,0.15,0.019233,0.009216,0.3,-0.289983,0.0641,0.003072,False
0x4e962bb3889bf030368f56810a9c96b83cb3e778,aerodrome,cbBTC / USDC 0.05%,cbBTC,USDC,5,9171570.3533,117596882.184985,1.024,MEDIUM,5.0,medium_15pct,0.15,0.032055,0.01536,0.3,-0.283305,0.1068,0.003072,False
0x4e962bb3889bf030368f56810a9c96b83cb3e778,aerodrome,cbBTC / USDC 0.05%,cbBTC,USDC,5,9171570.3533,117596882.184985,1.024,MEDIUM,10.0,medium_15pct,0.15,0.064109,0.03072,0.3,-0.266611,0.2137,0.003072,False
0x4e962bb3889bf030368f56810a9c96b83cb3e778,aerodrome,cbBTC / USDC 0.05%,cbBTC,USDC,5,9171570.3533,117596882.184985,1.024,MEDIUM,1.0,wide_40pct,0.4,0.006411,0.001024,0.3,-0.294613,0.0214,0.001024,False
0x4e962bb3889bf030368f56810a9c96b83cb3e778,aerodrome,cbBTC / USDC 0.05%,cbBTC,USDC,5,9171570.3533,117596882.184985,1.024,MEDIUM,3.0,wide_40pct,0.4,0.019233,0.003072,0.3,-0.283839,0.0641,0.001024,False
0x4e962bb3889bf030368f56810a9c96b83cb3e778,aerodrome,cbBTC / USDC 0.05%,cbBTC,USDC,5,9171570.3533,117596882.184985,1.024,MEDIUM,5.0,wide_40pct,0.4,0.032055,0.00512,0.3,-0.273065,0.1068,0.001024,False
0x4e962bb3889bf030368f56810a9c96b83cb3e778,aerodrome,cbBTC / USDC 0.05%,cbBTC,USDC,5,9171570.3533,117596882.184985,1.024,MEDIUM,10.0,wide_40pct,0.4,0.064109,0.01024,0.3,-0.246131,0.2137,0.001024,False
0x6c561b446416e1a00e8e93e221854d6ea4171372,aerodrome,WETH / USDC 0.3%,WETH,USDC,30,95528681.5918,114023465.272292,0.577,LOW,1.0,narrow_5pct,0.05,0.003581,0.003462,0.3,-0.299881,0.0119,0.003462,True
0x6c561b446416e1a00e8e93e221854d6ea4171372,aerodrome,WETH / USDC 0.3%,WETH,USDC,30,95528681.5918,114023465.272292,0.577,LOW,3.0,narrow_5pct,0.05,0.010742,0.010386,0.3,-0.299644,0.0358,0.003462,True
0x6c561b446416e1a00e8e93e221854d6ea4171372,aerodrome,WETH / USDC 0.3%,WETH,USDC,30,95528681.5918,114023465.272292,0.577,LOW,5.0,narrow_5pct,0.05,0.017904,0.01731,0.3,-0.299406,0.0597,0.003462,True
0x6c561b446416e1a00e8e93e221854d6ea4171372,aerodrome,WETH / USDC 0.3%,WETH,USDC,30,95528681.5918,114023465.272292,0.577,LOW,10.0,narrow_5pct,0.05,0.035808,0.03462,0.3,-0.298812,0.1194,0.003462,True
0x6c561b446416e1a00e8e93e221854d6ea4171372,aerodrome,WETH / USDC 0.3%,WETH,USDC,30,95528681.5918,114023465.272292,0.577,LOW,1.0,medium_15pct,0.15,0.003581,0.001731,0.3,-0.29815,0.0119,0.001731,True
0x6c561b446416e1a00e8e93e221854d6ea4171372,aerodrome,WETH / USDC 0.3%,WETH,USDC,30,95528681.5918,114023465.272292,0.577,LOW,3.0,medium_15pct,0.15,0.010742,0.005193,0.3,-0.294451,0.0358,0.001731,True
0x6c561b446416e1a00e8e93e221854d6ea4171372,aerodrome,WETH / USDC 0.3%,WETH,USDC,30,95528681.5918,114023465.272292,0.577,LOW,5.0,medium_15pct,0.15,0.017904,0.008655,0.3,-0.290751,0.0597,0.001731,True
0x6c561b446416e1a00e8e93e221854d6ea4171372,aerodrome,WETH / USDC 0.3%,WETH,USDC,30,95528681.5918,114023465.272292,0.577,LOW,10.0,medium_15pct,0.15,0.035808,0.01731,0.3,-0.281502,0.1194,0.001731,True
0x6c561b446416e1a00e8e93e221854d6ea4171372,aerodrome,WETH / USDC 0.3%,WETH,USDC,30,95528681.5918,114023465.272292,0.577,LOW,1.0,wide_40pct,0.4,0.003581,0.000577,0.3,-0.296996,0.0119,0.000577,True
0x6c561b446416e1a00e8e93e221854d6ea4171372,aerodrome,WETH / USDC 0.3%,WETH,USDC,30,95528681.5918,114023465.272292,0.577,LOW,3.0,wide_40pct,0.4,0.010742,0.001731,0.3,-0.290989,0.0358,0.000577,True
0x6c561b446416e1a00e8e93e221854d6ea4171372,aerodrome,WETH / USDC 0.3%,WETH,USDC,30,95528681.5918,114023465.272292,0.577,LOW,5.0,wide_40pct,0.4,0.017904,0.002885,0.3,-0.284981,0.0597,0.000577,True
0x6c561b446416e1a00e8e93e221854d6ea4171372,aerodrome,WETH / USDC 0.3%,WETH,USDC,30,95528681.5918,114023465.272292,0.577,LOW,10.0,wide_40pct,0.4,0.035808,0.00577,0.3,-0.269962,0.1194,0.000577,True
0x70acdf2ad0bf2402c957154f944c19ef4e1cbae1,aerodrome,cbBTC / WETH 0.05%,cbBTC,WETH,5,12383995.527,82051631.158721,1.023,MEDIUM,1.0,narrow_5pct,0.05,0.003313,0.006138,0.3,-0.302825,0.011,0.006138,False
0x70acdf2ad0bf2402c957154f944c19ef4e1cbae1,aerodrome,cbBTC / WETH 0.05%,cbBTC,WETH,5,12383995.527,82051631.158721,1.023,MEDIUM,3.0,narrow_5pct,0.05,0.009938,0.018414,0.3,-0.308476,0.0331,0.006138,False
0x70acdf2ad0bf2402c957154f944c19ef4e1cbae1,aerodrome,cbBTC / WETH 0.05%,cbBTC,WETH,5,12383995.527,82051631.158721,1.023,MEDIUM,5.0,narrow_5pct,0.05,0.016564,0.03069,0.3,-0.314126,0.0552,0.006138,False
0x70acdf2ad0bf2402c957154f944c19ef4e1cbae1,aerodrome,cbBTC / WETH 0.05%,cbBTC,WETH,5,12383995.527,82051631.158721,1.023,MEDIUM,10.0,narrow_5pct,0.05,0.033128,0.06138,0.3,-0.328252,0.1104,0.006138,False
0x70acdf2ad0bf2402c957154f944c19ef4e1cbae1,aerodrome,cbBTC / WETH 0.05%,cbBTC,WETH,5,12383995.527,82051631.158721,1.023,MEDIUM,1.0,medium_15pct,0.15,0.003313,0.003069,0.3,-0.299756,0.011,0.003069,False
0x70acdf2ad0bf2402c957154f944c19ef4e1cbae1,aerodrome,cbBTC / WETH 0.05%,cbBTC,WETH,5,12383995.527,82051631.158721,1.023,MEDIUM,3.0,medium_15pct,0.15,0.009938,0.009207,0.3,-0.299269,0.0331,0.003069,False
0x70acdf2ad0bf2402c957154f944c19ef4e1cbae1,aerodrome,cbBTC / WETH 0.05%,cbBTC,WETH,5,12383995.527,82051631.158721,1.023,MEDIUM,5.0,medium_15pct,0.15,0.016564,0.015345,0.3,-0.298781,0.0552,0.003069,False
0x70acdf2ad0bf2402c957154f944c19ef4e1cbae1,aerodrome,cbBTC / WETH 0.05%,cbBTC,WETH,5,12383995.527,82051631.158721,1.023,MEDIUM,10.0,medium_15pct,0.15,0.033128,0.03069,0.3,-0.297562,0.1104,0.003069,False
0x70acdf2ad0bf2402c957154f944c19ef4e1cbae1,aerodrome,cbBTC / WETH 0.05%,cbBTC,WETH,5,12383995.527,82051631.158721,1.023,MEDIUM,1.0,wide_40pct,0.4,0.003313,0.001023,0.3,-0.29771,0.011,0.001023,False
0x70acdf2ad0bf2402c957154f944c19ef4e1cbae1,aerodrome,cbBTC / WETH 0.05%,cbBTC,WETH,5,12383995.527,82051631.158721,1.023,MEDIUM,3.0,wide_40pct,0.4,0.009938,0.003069,0.3,-0.293131,0.0331,0.001023,False
0x70acdf2ad0bf2402c957154f944c19ef4e1cbae1,aerodrome,cbBTC / WETH 0.05%,cbBTC,WETH,5,12383995.527,82051631.158721,1.023,MEDIUM,5.0,wide_40pct,0.4,0.016564,0.005115,0.3,-0.288551,0.0552,0.001023,False
0x70acdf2ad0bf2402c957154f944c19ef4e1cbae1,aerodrome,cbBTC / WETH 0.05%,cbBTC,WETH,5,12383995.527,82051631.158721,1.023,MEDIUM,10.0,wide_40pct,0.4,0.033128,0.01023,0.3,-0.277102,0.1104,0.001023,False
0xc211e1f853a898bd1302385ccde55f33a8c4b3f3,aerodrome,cbBTC / WETH 0.01%,cbBTC,WETH,1,3657760.1852,47946386.5288782,1.046,MEDIUM,1.0,narrow_5pct,0.05,0.001311,0.006276,0.3,-0.304965,0.0044,0.006276,False
0xc211e1f853a898bd1302385ccde55f33a8c4b3f3,aerodrome,cbBTC / WETH 0.01%,cbBTC,WETH,1,3657760.1852,47946386.5288782,1.046,MEDIUM,3.0,narrow_5pct,0.05,0.003932,0.018828,0.3,-0.314896,0.0131,0.006276,False
0xc211e1f853a898bd1302385ccde55f33a8c4b3f3,aerodrome,cbBTC / WETH 0.01%,cbBTC,WETH,1,3657760.1852,47946386.5288782,1.046,MEDIUM,5.0,narrow_5pct,0.05,0.006554,0.03138,0.3,-0.324826,0.0218,0.006276,False
0xc211e1f853a898bd1302385ccde55f33a8c4b3f3,aerodrome,cbBTC / WETH 0.01%,cbBTC,WETH,1,3657760.1852,47946386.5288782,1.046,MEDIUM,10.0,narrow_5pct,0.05,0.013108,0.06276,0.3,-0.349652,0.0437,0.006276,False
0xc211e1f853a898bd1302385ccde55f33a8c4b3f3,aerodrome,cbBTC / WETH 0.01%,cbBTC,WETH,1,3657760.1852,47946386.5288782,1.046,MEDIUM,1.0,medium_15pct,0.15,0.001311,0.003138,0.3,-0.301827,0.0044,0.003138,False
0xc211e1f853a898bd1302385ccde55f33a8c4b3f3,aerodrome,cbBTC / WETH 0.01%,cbBTC,WETH,1,3657760.1852,47946386.5288782,1.046,MEDIUM,3.0,medium_15pct,0.15,0.003932,0.009414,0.3,-0.305482,0.0131,0.003138,False
0xc211e1f853a898bd1302385ccde55f33a8c4b3f3,aerodrome,cbBTC / WETH 0.01%,cbBTC,WETH,1,3657760.1852,47946386.5288782,1.046,MEDIUM,5.0,medium_15pct,0.15,0.006554,0.01569,0.3,-0.309136,0.0218,0.003138,False
0xc211e1f853a898bd1302385ccde55f33a8c4b3f3,aerodrome,cbBTC / WETH 0.01%,cbBTC,WETH,1,3657760.1852,47946386.5288782,1.046,MEDIUM,10.0,medium_15pct,0.15,0.013108,0.03138,0.3,-0.318272,0.0437,0.003138,False
0xc211e1f853a898bd1302385ccde55f33a8c4b3f3,aerodrome,cbBTC / WETH 0.01%,cbBTC,WETH,1,3657760.1852,47946386.5288782,1.046,MEDIUM,1.0,wide_40pct,0.4,0.001311,0.001046,0.3,-0.299735,0.0044,0.001046,False
0xc211e1f853a898bd1302385ccde55f33a8c4b3f3,aerodrome,cbBTC / WETH 0.01%,cbBTC,WETH,1,3657760.1852,47946386.5288782,1.046,MEDIUM,3.0,wide_40pct,0.4,0.003932,0.003138,0.3,-0.299206,0.0131,0.001046,False
0xc211e1f853a898bd1302385ccde55f33a8c4b3f3,aerodrome,cbBTC / WETH 0.01%,cbBTC,WETH,1,3657760.1852,47946386.5288782,1.046,MEDIUM,5.0,wide_40pct,0.4,0.006554,0.00523,0.3,-0.298676,0.0218,0.001046,False
0xc211e1f853a898bd1302385ccde55f33a8c4b3f3,aerodrome,cbBTC / WETH 0.01%,cbBTC,WETH,1,3657760.1852,47946386.5288782,1.046,MEDIUM,10.0,wide_40pct,0.4,0.013108,0.01046,0.3,-0.297352,0.0437,0.001046,False
0x72ab388e2e2f6facef59e3c3fa2c4e29011c2d38,aerodrome,WETH / USDC 0.01%,WETH,USDC,1,3903964.8107,47474328.8330754,0.602,LOW,1.0,narrow_5pct,0.05,0.001216,0.003612,0.3,-0.302396,0.0041,0.003612,True
0x72ab388e2e2f6facef59e3c3fa2c4e29011c2d38,aerodrome,WETH / USDC 0.01%,WETH,USDC,1,3903964.8107,47474328.8330754,0.602,LOW,3.0,narrow_5pct,0.05,0.003648,0.010836,0.3,-0.307188,0.0122,0.003612,True
0x72ab388e2e2f6facef59e3c3fa2c4e29011c2d38,aerodrome,WETH / USDC 0.01%,WETH,USDC,1,3903964.8107,47474328.8330754,0.602,LOW,5.0,narrow_5pct,0.05,0.00608,0.01806,0.3,-0.31198,0.0203,0.003612,True
0x72ab388e2e2f6facef59e3c3fa2c4e29011c2d38,aerodrome,WETH / USDC 0.01%,WETH,USDC,1,3903964.8107,47474328.8330754,0.602,LOW,10.0,narrow_5pct,0.05,0.012161,0.03612,0.3,-0.323959,0.0405,0.003612,True
0x72ab388e2e2f6facef59e3c3fa2c4e29011c2d38,aerodrome,WETH / USDC 0.01%,WETH,USDC,1,3903964.8107,47474328.8330754,0.602,LOW,1.0,medium_15pct,0.15,0.001216,0.001806,0.3,-0.30059,0.0041,0.001806,True
0x72ab388e2e2f6facef59e3c3fa2c4e29011c2d38,aerodrome,WETH / USDC 0.01%,WETH,USDC,1,3903964.8107,47474328.8330754,0.602,LOW,3.0,medium_15pct,0.15,0.003648,0.005418,0.3,-0.30177,0.0122,0.001806,True
0x72ab388e2e2f6facef59e3c3fa2c4e29011c2d38,aerodrome,WETH / USDC 0.01%,WETH,USDC,1,3903964.8107,47474328.8330754,0.602,LOW,5.0,medium_15pct,0.15,0.00608,0.00903,0.3,-0.30295,0.0203,0.001806,True
0x72ab388e2e2f6facef59e3c3fa2c4e29011c2d38,aerodrome,WETH / USDC 0.01%,WETH,USDC,1,3903964.8107,47474328.8330754,0.602,LOW,10.0,medium_15pct,0.15,0.012161,0.01806,0.3,-0.305899,0.0405,0.001806,True
0x72ab388e2e2f6facef59e3c3fa2c4e29011c2d38,aerodrome,WETH / USDC 0.01%,WETH,USDC,1,3903964.8107,47474328.8330754,0.602,LOW,1.0,wide_40pct,0.4,0.001216,0.000602,0.3,-0.299386,0.0041,0.000602,True
0x72ab388e2e2f6facef59e3c3fa2c4e29011c2d38,aerodrome,WETH / USDC 0.01%,WETH,USDC,1,3903964.8107,47474328.8330754,0.602,LOW,3.0,wide_40pct,0.4,0.003648,0.001806,0.3,-0.298158,0.0122,0.000602,True
0x72ab388e2e2f6facef59e3c3fa2c4e29011c2d38,aerodrome,WETH / USDC 0.01%,WETH,USDC,1,3903964.8107,47474328.8330754,0.602,LOW,5.0,wide_40pct,0.4,0.00608,0.00301,0.3,-0.29693,0.0203,0.000602,True
0x72ab388e2e2f6facef59e3c3fa2c4e29011c2d38,aerodrome,WETH / USDC 0.01%,WETH,USDC,1,3903964.8107,47474328.8330754,0.602,LOW,10.0,wide_40pct,0.4,0.012161,0.00602,0.3,-0.293859,0.0405,0.000602,True
0x42d4a22cad0f5a49681a5715ce994af73a43b76b,aerodrome,cbBTC / WETH 0.05%,cbBTC,WETH,5,3341213.7187,42129739.5164709,1.001,MEDIUM,1.0,narrow_5pct,0.05,0.006305,0.006006,0.3,-0.299701,0.021,0.006006,False
0x42d4a22cad0f5a49681a5715ce994af73a43b76b,aerodrome,cbBTC / WETH 0.05%,cbBTC,WETH,5,3341213.7187,42129739.5164709,1.001,MEDIUM,3.0,narrow_5pct,0.05,0.018914,0.018018,0.3,-0.299104,0.063,0.006006,False
0x42d4a22cad0f5a49681a5715ce994af73a43b76b,aerodrome,cbBTC / WETH 0.05%,cbBTC,WETH,5,3341213.7187,42129739.5164709,1.001,MEDIUM,5.0,narrow_5pct,0.05,0.031523,0.03003,0.3,-0.298507,0.1051,0.006006,False
0x42d4a22cad0f5a49681a5715ce994af73a43b76b,aerodrome,cbBTC / WETH 0.05%,cbBTC,WETH,5,3341213.7187,42129739.5164709,1.001,MEDIUM,10.0,narrow_5pct,0.05,0.063046,0.06006,0.3,-0.297014,0.2102,0.006006,False
0x42d4a22cad0f5a49681a5715ce994af73a43b76b,aerodrome,cbBTC / WETH 0.05%,cbBTC,WETH,5,3341213.7187,42129739.5164709,1.001,MEDIUM,1.0,medium_15pct,0.15,0.006305,0.003003,0.3,-0.296698,0.021,0.003003,False
0x42d4a22cad0f5a49681a5715ce994af73a43b76b,aerodrome,cbBTC / WETH 0.05%,cbBTC,WETH,5,3341213.7187,42129739.5164709,1.001,MEDIUM,3.0,medium_15pct,0.15,0.018914,0.009009,0.3,-0.290095,0.063,0.003003,False
0x42d4a22cad0f5a49681a5715ce994af73a43b76b,aerodrome,cbBTC / WETH 0.05%,cbBTC,WETH,5,3341213.7187,42129739.5164709,1.001,MEDIUM,5.0,medium_15pct,0.15,0.031523,0.015015,0.3,-0.283492,0.1051,0.003003,False
0x42d4a22cad0f5a49681a5715ce994af73a43b76b,aerodrome,cbBTC / WETH 0.05%,cbBTC,WETH,5,3341213.7187,42129739.5164709,1.001,MEDIUM,10.0,medium_15pct,0.15,0.063046,0.03003,0.3,-0.266984,0.2102,0.003003,False
0x42d4a22cad0f5a49681a5715ce994af73a43b76b,aerodrome,cbBTC / WETH 0.05%,cbBTC,WETH,5,3341213.7187,42129739.5164709,1.001,MEDIUM,1.0,wide_40pct,0.4,0.006305,0.001001,0.3,-0.294696,0.021,0.001001,False
0x42d4a22cad0f5a49681a5715ce994af73a43b76b,aerodrome,cbBTC / WETH 0.05%,cbBTC,WETH,5,3341213.7187,42129739.5164709,1.001,MEDIUM,3.0,wide_40pct,0.4,0.018914,0.003003,0.3,-0.284089,0.063,0.001001,False
0x42d4a22cad0f5a49681a5715ce994af73a43b76b,aerodrome,cbBTC / WETH 0.05%,cbBTC,WETH,5,3341213.7187,42129739.5164709,1.001,MEDIUM,5.0,wide_40pct,0.4,0.031523,0.005005,0.3,-0.273482,0.1051,0.001001,False
0x42d4a22cad0f5a49681a5715ce994af73a43b76b,aerodrome,cbBTC / WETH 0.05%,cbBTC,WETH,5,3341213.7187,42129739.5164709,1.001,MEDIUM,10.0,wide_40pct,0.4,0.063046,0.01001,0.3,-0.246964,0.2102,0.001001,False
0x160d7e9d948b16c163332a277b393c288408eb12,aerodrome,cbBTC / USDC 0.05%,cbBTC,USDC,5,2536781.7205,37703549.1837934,1.075,MEDIUM,1.0,narrow_5pct,0.05,0.007431,0.00645,0.3,-0.299019,0.0248,0.00645,False
0x160d7e9d948b16c163332a277b393c288408eb12,aerodrome,cbBTC / USDC 0.05%,cbBTC,USDC,5,2536781.7205,37703549.1837934,1.075,MEDIUM,3.0,narrow_5pct,0.05,0.022294,0.01935,0.3,-0.297056,0.0743,0.00645,False
0x160d7e9d948b16c163332a277b393c288408eb12,aerodrome,cbBTC / USDC 0.05%,cbBTC,USDC,5,2536781.7205,37703549.1837934,1.075,MEDIUM,5.0,narrow_5pct,0.05,0.037157,0.03225,0.3,-0.295093,0.1239,0.00645,False
0x160d7e9d948b16c163332a277b393c288408eb12,aerodrome,cbBTC / USDC 0.05%,cbBTC,USDC,5,2536781.7205,37703549.1837934,1.075,MEDIUM,10.0,narrow_5pct,0.05,0.074314,0.0645,0.3,-0.290186,0.2477,0.00645,False
0x160d7e9d948b16c163332a277b393c288408eb12,aerodrome,cbBTC / USDC 0.05%,cbBTC,USDC,5,2536781.7205,37703549.1837934,1.075,MEDIUM,1.0,medium_15pct,0.15,0.007431,0.003225,0.3,-0.295794,0.0248,0.003225,False
0x160d7e9d948b16c163332a277b393c288408eb12,aerodrome,cbBTC / USDC 0.05%,cbBTC,USDC,5,2536781.7205,37703549.1837934,1.075,MEDIUM,3.0,medium_15pct,0.15,0.022294,0.009675,0.3,-0.287381,0.0743,0.003225,False
0x160d7e9d948b16c163332a277b393c288408eb12,aerodrome,cbBTC / USDC 0.05%,cbBTC,USDC,5,2536781.7205,37703549.1837934,1.075,MEDIUM,5.0,medium_15pct,0.15,0.037157,0.016125,0.3,-0.278968,0.1239,0.003225,False
0x160d7e9d948b16c163332a277b393c288408eb12,aerodrome,cbBTC / USDC 0.05%,cbBTC,USDC,5,2536781.7205,37703549.1837934,1.075,MEDIUM,10.0,medium_15pct,0.15,0.074314,0.03225,0.3,-0.257936,0.2477,0.003225,False
0x160d7e9d948b16c163332a277b393c288408eb12,aerodrome,cbBTC / USDC 0.05%,cbBTC,USDC,5,2536781.7205,37703549.1837934,1.075,MEDIUM,1.0,wide_40pct,0.4,0.007431,0.001075,0.3,-0.293644,0.0248,0.001075,False
0x160d7e9d948b16c163332a277b393c288408eb12,aerodrome,cbBTC / USDC 0.05%,cbBTC,USDC,5,2536781.7205,37703549.1837934,1.075,MEDIUM,3.0,wide_40pct,0.4,0.022294,0.003225,0.3,-0.280931,0.0743,0.001075,False
0x160d7e9d948b16c163332a277b393c288408eb12,aerodrome,cbBTC / USDC 0.05%,cbBTC,USDC,5,2536781.7205,37703549.1837934,1.075,MEDIUM,5.0,wide_40pct,0.4,0.037157,0.005375,0.3,-0.268218,0.1239,0.001075,False
0x160d7e9d948b16c163332a277b393c288408eb12,aerodrome,cbBTC / USDC 0.05%,cbBTC,USDC,5,2536781.7205,37703549.1837934,1.075,MEDIUM,10.0,wide_40pct,0.4,0.074314,0.01075,0.3,-0.236436,0.2477,0.001075,False
0x3fe04a59ebd38cf06080a6f60a98d124eb59392a,aerodrome,WETH / USDC 0.05%,WETH,USDC,5,2950253.6709,34296454.0268803,0.6,LOW,1.0,narrow_5pct,0.05,0.005812,0.0036,0.3,-0.297788,0.0194,0.0036,True
0x3fe04a59ebd38cf06080a6f60a98d124eb59392a,aerodrome,WETH / USDC 0.05%,WETH,USDC,5,2950253.6709,34296454.0268803,0.6,LOW,3.0,narrow_5pct,0.05,0.017437,0.0108,0.3,-0.293363,0.0581,0.0036,True
0x3fe04a59ebd38cf06080a6f60a98d124eb59392a,aerodrome,WETH / USDC 0.05%,WETH,USDC,5,2950253.6709,34296454.0268803,0.6,LOW,5.0,narrow_5pct,0.05,0.029062,0.018,0.3,-0.288938,0.0969,0.0036,True
0x3fe04a59ebd38cf06080a6f60a98d124eb59392a,aerodrome,WETH / USDC 0.05%,WETH,USDC,5,2950253.6709,34296454.0268803,0.6,LOW,10.0,narrow_5pct,0.05,0.058125,0.036,0.3,-0.277875,0.1937,0.0036,True
0x3fe04a59ebd38cf06080a6f60a98d124eb59392a,aerodrome,WETH / USDC 0.05%,WETH,USDC,5,2950253.6709,34296454.0268803,0.6,LOW,1.0,medium_15pct,0.15,0.005812,0.0018,0.3,-0.295988,0.0194,0.0018,True
0x3fe04a59ebd38cf06080a6f60a98d124eb59392a,aerodrome,WETH / USDC 0.05%,WETH,USDC,5,2950253.6709,34296454.0268803,0.6,LOW,3.0,medium_15pct,0.15,0.017437,0.0054,0.3,-0.287963,0.0581,0.0018,True
0x3fe04a59ebd38cf06080a6f60a98d124eb59392a,aerodrome,WETH / USDC 0.05%,WETH,USDC,5,2950253.6709,34296454.0268803,0.6,LOW,5.0,medium_15pct,0.15,0.029062,0.009,0.3,-0.279938,0.0969,0.0018,True
0x3fe04a59ebd38cf06080a6f60a98d124eb59392a,aerodrome,WETH / USDC 0.05%,WETH,USDC,5,2950253.6709,34296454.0268803,0.6,LOW,10.0,medium_15pct,0.15,0.058125,0.018,0.3,-0.259875,0.1937,0.0018,True
0x3fe04a59ebd38cf06080a6f60a98d124eb59392a,aerodrome,WETH / USDC 0.05%,WETH,USDC,5,2950253.6709,34296454.0268803,0.6,LOW,1.0,wide_40pct,0.4,0.005812,0.0006,0.3,-0.294788,0.0194,0.0006,True
0x3fe04a59ebd38cf06080a6f60a98d124eb59392a,aerodrome,WETH / USDC 0.05%,WETH,USDC,5,2950253.6709,34296454.0268803,0.6,LOW,3.0,wide_40pct,0.4,0.017437,0.0018,0.3,-0.284363,0.0581,0.0006,True
0x3fe04a59ebd38cf06080a6f60a98d124eb59392a,aerodrome,WETH / USDC 0.05%,WETH,USDC,5,2950253.6709,34296454.0268803,0.6,LOW,5.0,wide_40pct,0.4,0.029062,0.003,0.3,-0.273938,0.0969,0.0006,True
0x3fe04a59ebd38cf06080a6f60a98d124eb59392a,aerodrome,WETH / USDC 0.05%,WETH,USDC,5,2950253.6709,34296454.0268803,0.6,LOW,10.0,wide_40pct,0.4,0.058125,0.006,0.3,-0.247875,0.1937,0.0006,True
0xd0b53d9277642d899df5c87a3966a349a798f224,aerodrome,USDC / WETH 0.05%,USDC,WETH,5,9410731.4999,29035281.4967497,0.072,LOW,1.0,narrow_5pct,0.05,0.001543,0.000432,0.3,-0.298889,0.0051,0.000432,True
0xd0b53d9277642d899df5c87a3966a349a798f224,aerodrome,USDC / WETH 0.05%,USDC,WETH,5,9410731.4999,29035281.4967497,0.072,LOW,3.0,narrow_5pct,0.05,0.004628,0.001296,0.3,-0.296668,0.0154,0.000432,True
0xd0b53d9277642d899df5c87a3966a349a798f224,aerodrome,USDC / WETH 0.05%,USDC,WETH,5,9410731.4999,29035281.4967497,0.072,LOW,5.0,narrow_5pct,0.05,0.007713,0.00216,0.3,-0.294447,0.0257,0.000432,True
0xd0b53d9277642d899df5c87a3966a349a798f224,aerodrome,USDC / WETH 0.05%,USDC,WETH,5,9410731.4999,29035281.4967497,0.072,LOW,10.0,narrow_5pct,0.05,0.015427,0.00432,0.3,-0.288893,0.0514,0.000432,True
0xd0b53d9277642d899df5c87a3966a349a798f224,aerodrome,USDC / WETH 0.05%,USDC,WETH,5,9410731.4999,29035281.4967497,0.072,LOW,1.0,medium_15pct,0.15,0.001543,0.000216,0.3,-0.298673,0.0051,0.000216,True
0xd0b53d9277642d899df5c87a3966a349a798f224,aerodrome,USDC / WETH 0.05%,USDC,WETH,5,9410731.4999,29035281.4967497,0.072,LOW,3.0,medium_15pct,0.15,0.004628,0.000648,0.3,-0.29602,0.0154,0.000216,True
0xd0b53d9277642d899df5c87a3966a349a798f224,aerodrome,USDC / WETH 0.05%,USDC,WETH,5,9410731.4999,29035281.4967497,0.072,LOW,5.0,medium_15pct,0.15,0.007713,0.00108,0.3,-0.293367,0.0257,0.000216,True
0xd0b53d9277642d899df5c87a3966a349a798f224,aerodrome,USDC / WETH 0.05%,USDC,WETH,5,9410731.4999,29035281.4967497,0.072,LOW,10.0,medium_15pct,0.15,0.015427,0.00216,0.3,-0.286733,0.0514,0.000216,True
0xd0b53d9277642d899df5c87a3966a349a798f224,aerodrome,USDC / WETH 0.05%,USDC,WETH,5,9410731.4999,29035281.4967497,0.072,LOW,1.0,wide_40pct,0.4,0.001543,7.2e-05,0.3,-0.298529,0.0051,7.2e-05,True
0xd0b53d9277642d899df5c87a3966a349a798f224,aerodrome,USDC / WETH 0.05%,USDC,WETH,5,9410731.4999,29035281.4967497,0.072,LOW,3.0,wide_40pct,0.4,0.004628,0.000216,0.3,-0.295588,0.0154,7.2e-05,True
0xd0b53d9277642d899df5c87a3966a349a798f224,aerodrome,USDC / WETH 0.05%,USDC,WETH,5,9410731.4999,29035281.4967497,0.072,LOW,5.0,wide_40pct,0.4,0.007713,0.00036,0.3,-0.292647,0.0257,7.2e-05,True
0xd0b53d9277642d899df5c87a3966a349a798f224,aerodrome,USDC / WETH 0.05%,USDC,WETH,5,9410731.4999,29035281.4967497,0.072,LOW,10.0,wide_40pct,0.4,0.015427,0.00072,0.3,-0.285293,0.0514,7.2e-05,True
0x0ab02e160f0df68dc049b012c514857306960eae,aerodrome,CTR / USDC 0.018%,CTR,USDC,1.8,587051.9291,26092521.1011273,-16.033,MEDIUM,1.0,narrow_5pct,0.05,0.008,0.096198,0.3,-0.388198,0.0267,0.096198,False
0x0ab02e160f0df68dc049b012c514857306960eae,aerodrome,CTR / USDC 0.018%,CTR,USDC,1.8,587051.9291,26092521.1011273,-16.033,MEDIUM,3.0,narrow_5pct,0.05,0.024001,0.288594,0.3,-0.564593,0.08,0.096198,False
0x0ab02e160f0df68dc049b012c514857306960eae,aerodrome,CTR / USDC 0.018%,CTR,USDC,1.8,587051.9291,26092521.1011273,-16.033,MEDIUM,5.0,narrow_5pct,0.05,0.040002,0.48099,0.3,-0.740988,0.1333,0.096198,False
0x0ab02e160f0df68dc049b012c514857306960eae,aerodrome,CTR / USDC 0.018%,CTR,USDC,1.8,587051.9291,26092521.1011273,-16.033,MEDIUM,10.0,narrow_5pct,0.05,0.080004,0.96198,0.3,-1.181976,0.2667,0.096198,False
0x0ab02e160f0df68dc049b012c514857306960eae,aerodrome,CTR / USDC 0.018%,CTR,USDC,1.8,587051.9291,26092521.1011273,-16.033,MEDIUM,1.0,medium_15pct,0.15,0.008,0.048099,0.3,-0.340099,0.0267,0.048099,False
0x0ab02e160f0df68dc049b012c514857306960eae,aerodrome,CTR / USDC 0.018%,CTR,USDC,1.8,587051.9291,26092521.1011273,-16.033,MEDIUM,3.0,medium_15pct,0.15,0.024001,0.144297,0.3,-0.420296,0.08,0.048099,False
0x0ab02e160f0df68dc049b012c514857306960eae,aerodrome,CTR / USDC 0.018%,CTR,USDC,1.8,587051.9291,26092521.1011273,-16.033,MEDIUM,5.0,medium_15pct,0.15,0.040002,0.240495,0.3,-0.500493,0.1333,0.048099,False
0x0ab02e160f0df68dc049b012c514857306960eae,aerodrome,CTR / USDC 0.018%,CTR,USDC,1.8,587051.9291,26092521.1011273,-16.033,MEDIUM,10.0,medium_15pct,0.15,0.080004,0.48099,0.3,-0.700986,0.2667,0.048099,False
0x0ab02e160f0df68dc049b012c514857306960eae,aerodrome,CTR / USDC 0.018%,CTR,USDC,1.8,587051.9291,26092521.1011273,-16.033,MEDIUM,1.0,wide_40pct,0.4,0.008,0.016033,0.3,-0.308033,0.0267,0.016033,False
0x0ab02e160f0df68dc049b012c514857306960eae,aerodrome,CTR / USDC 0.018%,CTR,USDC,1.8,587051.9291,26092521.1011273,-16.033,MEDIUM,3.0,wide_40pct,0.4,0.024001,0.048099,0.3,-0.324098,0.08,0.016033,False
0x0ab02e160f0df68dc049b012c514857306960eae,aerodrome,CTR / USDC 0.018%,CTR,USDC,1.8,587051.9291,26092521.1011273,-16.033,MEDIUM,5.0,wide_40pct,0.4,0.040002,0.080165,0.3,-0.340163,0.1333,0.016033,False
0x0ab02e160f0df68dc049b012c514857306960eae,aerodrome,CTR / USDC 0.018%,CTR,USDC,1.8,587051.9291,26092521.1011273,-16.033,MEDIUM,10.0,wide_40pct,0.4,0.080004,0.16033,0.3,-0.380326,0.2667,0.016033,False
0xb94b22332abf5f89877a14cc88f2abc48c34b3df,aerodrome,cbBTC / USDC 0.01%,cbBTC,USDC,1,2335802.1799,22644739.2200665,1.068,MEDIUM,1.0,narrow_5pct,0.05,0.000969,0.006408,0.3,-0.305439,0.0032,0.006408,False
0xb94b22332abf5f89877a14cc88f2abc48c34b3df,aerodrome,cbBTC / USDC 0.01%,cbBTC,USDC,1,2335802.1799,22644739.2200665,1.068,MEDIUM,3.0,narrow_5pct,0.05,0.002908,0.019224,0.3,-0.316316,0.0097,0.006408,False
0xb94b22332abf5f89877a14cc88f2abc48c34b3df,aerodrome,cbBTC / USDC 0.01%,cbBTC,USDC,1,2335802.1799,22644739.2200665,1.068,MEDIUM,5.0,narrow_5pct,0.05,0.004847,0.03204,0.3,-0.327193,0.0162,0.006408,False
0xb94b22332abf5f89877a14cc88f2abc48c34b3df,aerodrome,cbBTC / USDC 0.01%,cbBTC,USDC,1,2335802.1799,22644739.2200665,1.068,MEDIUM,10.0,narrow_5pct,0.05,0.009695,0.06408,0.3,-0.354385,0.0323,0.006408,False
0xb94b22332abf5f89877a14cc88f2abc48c34b3df,aerodrome,cbBTC / USDC 0.01%,cbBTC,USDC,1,2335802.1799,22644739.2200665,1.068,MEDIUM,1.0,medium_15pct,0.15,0.000969,0.003204,0.3,-0.302235,0.0032,0.003204,False
0xb94b22332abf5f89877a14cc88f2abc48c34b3df,aerodrome,cbBTC / USDC 0.01%,cbBTC,USDC,1,2335802.1799,22644739.2200665,1.068,MEDIUM,3.0,medium_15pct,0.15,0.002908,0.009612,0.3,-0.306704,0.0097,0.003204,False
0xb94b22332abf5f89877a14cc88f2abc48c34b3df,aerodrome,cbBTC / USDC 0.01%,cbBTC,USDC,1,2335802.1799,22644739.2200665,1.068,MEDIUM,5.0,medium_15pct,0.15,0.004847,0.01602,0.3,-0.311173,0.0162,0.003204,False
0xb94b22332abf5f89877a14cc88f2abc48c34b3df,aerodrome,cbBTC / USDC 0.01%,cbBTC,USDC,1,2335802.1799,22644739.2200665,1.068,MEDIUM,10.0,medium_15pct,0.15,0.009695,0.03204,0.3,-0.322345,0.0323,0.003204,False
0xb94b22332abf5f89877a14cc88f2abc48c34b3df,aerodrome,cbBTC / USDC 0.01%,cbBTC,USDC,1,2335802.1799,22644739.2200665,1.068,MEDIUM,1.0,wide_40pct,0.4,0.000969,0.001068,0.3,-0.300099,0.0032,0.001068,False
0xb94b22332abf5f89877a14cc88f2abc48c34b3df,aerodrome,cbBTC / USDC 0.01%,cbBTC,USDC,1,2335802.1799,22644739.2200665,1.068,MEDIUM,3.0,wide_40pct,0.4,0.002908,0.003204,0.3,-0.300296,0.0097,0.001068,False
0xb94b22332abf5f89877a14cc88f2abc48c34b3df,aerodrome,cbBTC / USDC 0.01%,cbBTC,USDC,1,2335802.1799,22644739.2200665,1.068,MEDIUM,5.0,wide_40pct,0.4,0.004847,0.00534,0.3,-0.300493,0.0162,0.001068,False
0xb94b22332abf5f89877a14cc88f2abc48c34b3df,aerodrome,cbBTC / USDC 0.01%,cbBTC,USDC,1,2335802.1799,22644739.2200665,1.068,MEDIUM,10.0,wide_40pct,0.4,0.009695,0.01068,0.3,-0.300985,0.0323,0.001068,False
0x12d76c5c8ec8edffd3c143995b0aa43fe44a6d71eb9113796272909e54b8e078,aerodrome,cbBTC / USDC 0.05%,cbBTC,USDC,5,3993896.8526,16454060.6412459,0.978,MEDIUM,1.0,narrow_5pct,0.05,0.00206,0.005868,0.3,-0.303808,0.0069,0.005868,False
0x12d76c5c8ec8edffd3c143995b0aa43fe44a6d71eb9113796272909e54b8e078,aerodrome,cbBTC / USDC 0.05%,cbBTC,USDC,5,3993896.8526,16454060.6412459,0.978,MEDIUM,3.0,narrow_5pct,0.05,0.00618,0.017604,0.3,-0.311424,0.0206,0.005868,False
0x12d76c5c8ec8edffd3c143995b0aa43fe44a6d71eb9113796272909e54b8e078,aerodrome,cbBTC / USDC 0.05%,cbBTC,USDC,5,3993896.8526,16454060.6412459,0.978,MEDIUM,5.0,narrow_5pct,0.05,0.0103,0.02934,0.3,-0.31904,0.0343,0.005868,False
0x12d76c5c8ec8edffd3c143995b0aa43fe44a6d71eb9113796272909e54b8e078,aerodrome,cbBTC / USDC 0.05%,cbBTC,USDC,5,3993896.8526,16454060.6412459,0.978,MEDIUM,10.0,narrow_5pct,0.05,0.020599,0.05868,0.3,-0.338081,0.0687,0.005868,False
0x12d76c5c8ec8edffd3c143995b0aa43fe44a6d71eb9113796272909e54b8e078,aerodrome,cbBTC / USDC 0.05%,cbBTC,USDC,5,3993896.8526,16454060.6412459,0.978,MEDIUM,1.0,medium_15pct,0.15,0.00206,0.002934,0.3,-0.300874,0.0069,0.002934,False
0x12d76c5c8ec8edffd3c143995b0aa43fe44a6d71eb9113796272909e54b8e078,aerodrome,cbBTC / USDC 0.05%,cbBTC,USDC,5,3993896.8526,16454060.6412459,0.978,MEDIUM,3.0,medium_15pct,0.15,0.00618,0.008802,0.3,-0.302622,0.0206,0.002934,False
0x12d76c5c8ec8edffd3c143995b0aa43fe44a6d71eb9113796272909e54b8e078,aerodrome,cbBTC / USDC 0.05%,cbBTC,USDC,5,3993896.8526,16454060.6412459,0.978,MEDIUM,5.0,medium_15pct,0.15,0.0103,0.01467,0.3,-0.30437,0.0343,0.002934,False
0x12d76c5c8ec8edffd3c143995b0aa43fe44a6d71eb9113796272909e54b8e078,aerodrome,cbBTC / USDC 0.05%,cbBTC,USDC,5,3993896.8526,16454060.6412459,0.978,MEDIUM,10.0,medium_15pct,0.15,0.020599,0.02934,0.3,-0.308741,0.0687,0.002934,False
0x12d76c5c8ec8edffd3c143995b0aa43fe44a6d71eb9113796272909e54b8e078,aerodrome,cbBTC / USDC 0.05%,cbBTC,USDC,5,3993896.8526,16454060.6412459,0.978,MEDIUM,1.0,wide_40pct,0.4,0.00206,0.000978,0.3,-0.298918,0.0069,0.000978,False
0x12d76c5c8ec8edffd3c143995b0aa43fe44a6d71eb9113796272909e54b8e078,aerodrome,cbBTC / USDC 0.05%,cbBTC,USDC,5,3993896.8526,16454060.6412459,0.978,MEDIUM,3.0,wide_40pct,0.4,0.00618,0.002934,0.3,-0.296754,0.0206,0.000978,False
0x12d76c5c8ec8edffd3c143995b0aa43fe44a6d71eb9113796272909e54b8e078,aerodrome,cbBTC / USDC 0.05%,cbBTC,USDC,5,3993896.8526,16454060.6412459,0.978,MEDIUM,5.0,wide_40pct,0.4,0.0103,0.00489,0.3,-0.29459,0.0343,0.000978,False
0x12d76c5c8ec8edffd3c143995b0aa43fe44a6d71eb9113796272909e54b8e078,aerodrome,cbBTC / USDC 0.05%,cbBTC,USDC,5,3993896.8526,16454060.6412459,0.978,MEDIUM,10.0,wide_40pct,0.4,0.020599,0.00978,0.3,-0.289181,0.0687,0.000978,False
0xfbb6eed8e7aa03b138556eedaf5d271a5e1e43ef,aerodrome,cbBTC / USDC 0.05%,cbBTC,USDC,5,7276211.0203,15559709.2325096,0.978,MEDIUM,1.0,narrow_5pct,0.05,0.001069,0.005868,0.3,-0.304799,0.0036,0.005868,False
0xfbb6eed8e7aa03b138556eedaf5d271a5e1e43ef,aerodrome,cbBTC / USDC 0.05%,cbBTC,USDC,5,7276211.0203,15559709.2325096,0.978,MEDIUM,3.0,narrow_5pct,0.05,0.003208,0.017604,0.3,-0.314396,0.0107,0.005868,False
0xfbb6eed8e7aa03b138556eedaf5d271a5e1e43ef,aerodrome,cbBTC / USDC 0.05%,cbBTC,USDC,5,7276211.0203,15559709.2325096,0.978,MEDIUM,5.0,narrow_5pct,0.05,0.005346,0.02934,0.3,-0.323994,0.0178,0.005868,False
0xfbb6eed8e7aa03b138556eedaf5d271a5e1e43ef,aerodrome,cbBTC / USDC 0.05%,cbBTC,USDC,5,7276211.0203,15559709.2325096,0.978,MEDIUM,10.0,narrow_5pct,0.05,0.010692,0.05868,0.3,-0.347988,0.0356,0.005868,False
0xfbb6eed8e7aa03b138556eedaf5d271a5e1e43ef,aerodrome,cbBTC / USDC 0.05%,cbBTC,USDC,5,7276211.0203,15559709.2325096,0.978,MEDIUM,1.0,medium_15pct,0.15,0.001069,0.002934,0.3,-0.301865,0.0036,0.002934,False
0xfbb6eed8e7aa03b138556eedaf5d271a5e1e43ef,aerodrome,cbBTC / USDC 0.05%,cbBTC,USDC,5,7276211.0203,15559709.2325096,0.978,MEDIUM,3.0,medium_15pct,0.15,0.003208,0.008802,0.3,-0.305594,0.0107,0.002934,False
0xfbb6eed8e7aa03b138556eedaf5d271a5e1e43ef,aerodrome,cbBTC / USDC 0.05%,cbBTC,USDC,5,7276211.0203,15559709.2325096,0.978,MEDIUM,5.0,medium_15pct,0.15,0.005346,0.01467,0.3,-0.309324,0.0178,0.002934,False
0xfbb6eed8e7aa03b138556eedaf5d271a5e1e43ef,aerodrome,cbBTC / USDC 0.05%,cbBTC,USDC,5,7276211.0203,15559709.2325096,0.978,MEDIUM,10.0,medium_15pct,0.15,0.010692,0.02934,0.3,-0.318648,0.0356,0.002934,False
0xfbb6eed8e7aa03b138556eedaf5d271a5e1e43ef,aerodrome,cbBTC / USDC 0.05%,cbBTC,USDC,5,7276211.0203,15559709.2325096,0.978,MEDIUM,1.0,wide_40pct,0.4,0.001069,0.000978,0.3,-0.299909,0.0036,0.000978,False
0xfbb6eed8e7aa03b138556eedaf5d271a5e1e43ef,aerodrome,cbBTC / USDC 0.05%,cbBTC,USDC,5,7276211.0203,15559709.2325096,0.978,MEDIUM,3.0,wide_40pct,0.4,0.003208,0.002934,0.3,-0.299726,0.0107,0.000978,False
0xfbb6eed8e7aa03b138556eedaf5d271a5e1e43ef,aerodrome,cbBTC / USDC 0.05%,cbBTC,USDC,5,7276211.0203,15559709.2325096,0.978,MEDIUM,5.0,wide_40pct,0.4,0.005346,0.00489,0.3,-0.299544,0.0178,0.000978,False
0xfbb6eed8e7aa03b138556eedaf5d271a5e1e43ef,aerodrome,cbBTC / USDC 0.05%,cbBTC,USDC,5,7276211.0203,15559709.2325096,0.978,MEDIUM,10.0,wide_40pct,0.4,0.010692,0.00978,0.3,-0.299088,0.0356,0.000978,False
0xa41bc0affba7fd420d186b84899d7ab2ac57fcd1,aerodrome,USDT / USDC 0.01%,USDT,USDC,1,1090337.8093,15400336.797491,0.444,MEDIUM,1.0,narrow_5pct,0.05,0.001412,0.002664,0.3,-0.301252,0.0047,0.002664,False
0xa41bc0affba7fd420d186b84899d7ab2ac57fcd1,aerodrome,USDT / USDC 0.01%,USDT,USDC,1,1090337.8093,15400336.797491,0.444,MEDIUM,3.0,narrow_5pct,0.05,0.004237,0.007992,0.3,-0.303755,0.0141,0.002664,False
0xa41bc0affba7fd420d186b84899d7ab2ac57fcd1,aerodrome,USDT / USDC 0.01%,USDT,USDC,1,1090337.8093,15400336.797491,0.444,MEDIUM,5.0,narrow_5pct,0.05,0.007062,0.01332,0.3,-0.306258,0.0235,0.002664,False
0xa41bc0affba7fd420d186b84899d7ab2ac57fcd1,aerodrome,USDT / USDC 0.01%,USDT,USDC,1,1090337.8093,15400336.797491,0.444,MEDIUM,10.0,narrow_5pct,0.05,0.014124,0.02664,0.3,-0.312516,0.0471,0.002664,False
0xa41bc0affba7fd420d186b84899d7ab2ac57fcd1,aerodrome,USDT / USDC 0.01%,USDT,USDC,1,1090337.8093,15400336.797491,0.444,MEDIUM,1.0,medium_15pct,0.15,0.001412,0.001332,0.3,-0.29992,0.0047,0.001332,False
0xa41bc0affba7fd420d186b84899d7ab2ac57fcd1,aerodrome,USDT / USDC 0.01%,USDT,USDC,1,1090337.8093,15400336.797491,0.444,MEDIUM,3.0,medium_15pct,0.15,0.004237,0.003996,0.3,-0.299759,0.0141,0.001332,False
0xa41bc0affba7fd420d186b84899d7ab2ac57fcd1,aerodrome,USDT / USDC 0.01%,USDT,USDC,1,1090337.8093,15400336.797491,0.444,MEDIUM,5.0,medium_15pct,0.15,0.007062,0.00666,0.3,-0.299598,0.0235,0.001332,False
0xa41bc0affba7fd420d186b84899d7ab2ac57fcd1,aerodrome,USDT / USDC 0.01%,USDT,USDC,1,1090337.8093,15400336.797491,0.444,MEDIUM,10.0,medium_15pct,0.15,0.014124,0.01332,0.3,-0.299196,0.0471,0.001332,False
0xa41bc0affba7fd420d186b84899d7ab2ac57fcd1,aerodrome,USDT / USDC 0.01%,USDT,USDC,1,1090337.8093,15400336.797491,0.444,MEDIUM,1.0,wide_40pct,0.4,0.001412,0.000444,0.3,-0.299032,0.0047,0.000444,False
0xa41bc0affba7fd420d186b84899d7ab2ac57fcd1,aerodrome,USDT / USDC 0.01%,USDT,USDC,1,1090337.8093,15400336.797491,0.444,MEDIUM,3.0,wide_40pct,0.4,0.004237,0.001332,0.3,-0.297095,0.0141,0.000444,False
0xa41bc0affba7fd420d186b84899d7ab2ac57fcd1,aerodrome,USDT / USDC 0.01%,USDT,USDC,1,1090337.8093,15400336.797491,0.444,MEDIUM,5.0,wide_40pct,0.4,0.007062,0.00222,0.3,-0.295158,0.0235,0.000444,False
0xa41bc0affba7fd420d186b84899d7ab2ac57fcd1,aerodrome,USDT / USDC 0.01%,USDT,USDC,1,1090337.8093,15400336.797491,0.444,MEDIUM,10.0,wide_40pct,0.4,0.014124,0.00444,0.3,-0.290316,0.0471,0.000444,False
0x841c1a22d9a505cbba3e9bf90fd43e1201a09932ca0a90816579346be5f092af,aerodrome,USDC / USDT 0.01%,USDC,USDT,1,389491.3608,15119935.8025296,-0.91,MEDIUM,1.0,narrow_5pct,0.05,0.003882,0.00546,0.3,-0.301578,0.0129,0.00546,False
0x841c1a22d9a505cbba3e9bf90fd43e1201a09932ca0a90816579346be5f092af,aerodrome,USDC / USDT 0.01%,USDC,USDT,1,389491.3608,15119935.8025296,-0.91,MEDIUM,3.0,narrow_5pct,0.05,0.011646,0.01638,0.3,-0.304734,0.0388,0.00546,False
0x841c1a22d9a505cbba3e9bf90fd43e1201a09932ca0a90816579346be5f092af,aerodrome,USDC / USDT 0.01%,USDC,USDT,1,389491.3608,15119935.8025296,-0.91,MEDIUM,5.0,narrow_5pct,0.05,0.01941,0.0273,0.3,-0.30789,0.0647,0.00546,False
0x841c1a22d9a505cbba3e9bf90fd43e1201a09932ca0a90816579346be5f092af,aerodrome,USDC / USDT 0.01%,USDC,USDT,1,389491.3608,15119935.8025296,-0.91,MEDIUM,10.0,narrow_5pct,0.05,0.03882,0.0546,0.3,-0.31578,0.1294,0.00546,False
0x841c1a22d9a505cbba3e9bf90fd43e1201a09932ca0a90816579346be5f092af,aerodrome,USDC / USDT 0.01%,USDC,USDT,1,389491.3608,15119935.8025296,-0.91,MEDIUM,1.0,medium_15pct,0.15,0.003882,0.00273,0.3,-0.298848,0.0129,0.00273,False
0x841c1a22d9a505cbba3e9bf90fd43e1201a09932ca0a90816579346be5f092af,aerodrome,USDC / USDT 0.01%,USDC,USDT,1,389491.3608,15119935.8025296,-0.91,MEDIUM,3.0,medium_15pct,0.15,0.011646,0.00819,0.3,-0.296544,0.0388,0.00273,False
0x841c1a22d9a505cbba3e9bf90fd43e1201a09932ca0a90816579346be5f092af,aerodrome,USDC / USDT 0.01%,USDC,USDT,1,389491.3608,15119935.8025296,-0.91,MEDIUM,5.0,medium_15pct,0.15,0.01941,0.01365,0.3,-0.29424,0.0647,0.00273,False
0x841c1a22d9a505cbba3e9bf90fd43e1201a09932ca0a90816579346be5f092af,aerodrome,USDC / USDT 0.01%,USDC,USDT,1,389491.3608,15119935.8025296,-0.91,MEDIUM,10.0,medium_15pct,0.15,0.03882,0.0273,0.3,-0.28848,0.1294,0.00273,False
0x841c1a22d9a505cbba3e9bf90fd43e1201a09932ca0a90816579346be5f092af,aerodrome,USDC / USDT 0.01%,USDC,USDT,1,389491.3608,15119935.8025296,-0.91,MEDIUM,1.0,wide_40pct,0.4,0.003882,0.00091,0.3,-0.297028,0.0129,0.00091,False
0x841c1a22d9a505cbba3e9bf90fd43e1201a09932ca0a90816579346be5f092af,aerodrome,USDC / USDT 0.01%,USDC,USDT,1,389491.3608,15119935.8025296,-0.91,MEDIUM,3.0,wide_40pct,0.4,0.011646,0.00273,0.3,-0.291084,0.0388,0.00091,False
0x841c1a22d9a505cbba3e9bf90fd43e1201a09932ca0a90816579346be5f092af,aerodrome,USDC / USDT 0.01%,USDC,USDT,1,389491.3608,15119935.8025296,-0.91,MEDIUM,5.0,wide_40pct,0.4,0.01941,0.00455,0.3,-0.28514,0.0647,0.00091,False
0x841c1a22d9a505cbba3e9bf90fd43e1201a09932ca0a90816579346be5f092af,aerodrome,USDC / USDT 0.01%,USDC,USDT,1,389491.3608,15119935.8025296,-0.91,MEDIUM,10.0,wide_40pct,0.4,0.03882,0.0091,0.3,-0.27028,0.1294,0.00091,False
0xd08f1fb797bfacded23323178672557034c64cfa,aerodrome,deSPXA / USDC 0.05%,deSPXA,USDC,5,3465066.1995,7285474.02743657,-0.573,MEDIUM,1.0,narrow_5pct,0.05,0.001051,0.003438,0.3,-0.302387,0.0035,0.003438,False
0xd08f1fb797bfacded23323178672557034c64cfa,aerodrome,deSPXA / USDC 0.05%,deSPXA,USDC,5,3465066.1995,7285474.02743657,-0.573,MEDIUM,3.0,narrow_5pct,0.05,0.003154,0.010314,0.3,-0.30716,0.0105,0.003438,False
0xd08f1fb797bfacded23323178672557034c64cfa,aerodrome,deSPXA / USDC 0.05%,deSPXA,USDC,5,3465066.1995,7285474.02743657,-0.573,MEDIUM,5.0,narrow_5pct,0.05,0.005256,0.01719,0.3,-0.311934,0.0175,0.003438,False
0xd08f1fb797bfacded23323178672557034c64cfa,aerodrome,deSPXA / USDC 0.05%,deSPXA,USDC,5,3465066.1995,7285474.02743657,-0.573,MEDIUM,10.0,narrow_5pct,0.05,0.010513,0.03438,0.3,-0.323867,0.035,0.003438,False
0xd08f1fb797bfacded23323178672557034c64cfa,aerodrome,deSPXA / USDC 0.05%,deSPXA,USDC,5,3465066.1995,7285474.02743657,-0.573,MEDIUM,1.0,medium_15pct,0.15,0.001051,0.001719,0.3,-0.300668,0.0035,0.001719,False
0xd08f1fb797bfacded23323178672557034c64cfa,aerodrome,deSPXA / USDC 0.05%,deSPXA,USDC,5,3465066.1995,7285474.02743657,-0.573,MEDIUM,3.0,medium_15pct,0.15,0.003154,0.005157,0.3,-0.302003,0.0105,0.001719,False
0xd08f1fb797bfacded23323178672557034c64cfa,aerodrome,deSPXA / USDC 0.05%,deSPXA,USDC,5,3465066.1995,7285474.02743657,-0.573,MEDIUM,5.0,medium_15pct,0.15,0.005256,0.008595,0.3,-0.303339,0.0175,0.001719,False
0xd08f1fb797bfacded23323178672557034c64cfa,aerodrome,deSPXA / USDC 0.05%,deSPXA,USDC,5,3465066.1995,7285474.02743657,-0.573,MEDIUM,10.0,medium_15pct,0.15,0.010513,0.01719,0.3,-0.306677,0.035,0.001719,False
0xd08f1fb797bfacded23323178672557034c64cfa,aerodrome,deSPXA / USDC 0.05%,deSPXA,USDC,5,3465066.1995,7285474.02743657,-0.573,MEDIUM,1.0,wide_40pct,0.4,0.001051,0.000573,0.3,-0.299522,0.0035,0.000573,False
0xd08f1fb797bfacded23323178672557034c64cfa,aerodrome,deSPXA / USDC 0.05%,deSPXA,USDC,5,3465066.1995,7285474.02743657,-0.573,MEDIUM,3.0,wide_40pct,0.4,0.003154,0.001719,0.3,-0.298565,0.0105,0.000573,False
0xd08f1fb797bfacded23323178672557034c64cfa,aerodrome,deSPXA / USDC 0.05%,deSPXA,USDC,5,3465066.1995,7285474.02743657,-0.573,MEDIUM,5.0,wide_40pct,0.4,0.005256,0.002865,0.3,-0.297609,0.0175,0.000573,False
0xd08f1fb797bfacded23323178672557034c64cfa,aerodrome,deSPXA / USDC 0.05%,deSPXA,USDC,5,3465066.1995,7285474.02743657,-0.573,MEDIUM,10.0,wide_40pct,0.4,0.010513,0.00573,0.3,-0.295217,0.035,0.000573,False
0x3e66e55e97ce60096f74b7c475e8249f2d31a9fb,aerodrome,USDC / cbBTC 1%,USDC,cbBTC,100,2889224.8598,7095167.22115343,-0.213,MEDIUM,1.0,narrow_5pct,0.05,0.024557,0.001278,0.3,-0.276721,0.0819,0.001278,False
0x3e66e55e97ce60096f74b7c475e8249f2d31a9fb,aerodrome,USDC / cbBTC 1%,USDC,cbBTC,100,2889224.8598,7095167.22115343,-0.213,MEDIUM,3.0,narrow_5pct,0.05,0.073672,0.003834,0.3,-0.230162,0.2456,0.001278,False
0x3e66e55e97ce60096f74b7c475e8249f2d31a9fb,aerodrome,USDC / cbBTC 1%,USDC,cbBTC,100,2889224.8598,7095167.22115343,-0.213,MEDIUM,5.0,narrow_5pct,0.05,0.122787,0.00639,0.3,-0.183603,0.4093,0.001278,False
0x3e66e55e97ce60096f74b7c475e8249f2d31a9fb,aerodrome,USDC / cbBTC 1%,USDC,cbBTC,100,2889224.8598,7095167.22115343,-0.213,MEDIUM,10.0,narrow_5pct,0.05,0.245573,0.01278,0.3,-0.067207,0.8186,0.001278,False
0x3e66e55e97ce60096f74b7c475e8249f2d31a9fb,aerodrome,USDC / cbBTC 1%,USDC,cbBTC,100,2889224.8598,7095167.22115343,-0.213,MEDIUM,1.0,medium_15pct,0.15,0.024557,0.000639,0.3,-0.276082,0.0819,0.000639,False
0x3e66e55e97ce60096f74b7c475e8249f2d31a9fb,aerodrome,USDC / cbBTC 1%,USDC,cbBTC,100,2889224.8598,7095167.22115343,-0.213,MEDIUM,3.0,medium_15pct,0.15,0.073672,0.001917,0.3,-0.228245,0.2456,0.000639,False
0x3e66e55e97ce60096f74b7c475e8249f2d31a9fb,aerodrome,USDC / cbBTC 1%,USDC,cbBTC,100,2889224.8598,7095167.22115343,-0.213,MEDIUM,5.0,medium_15pct,0.15,0.122787,0.003195,0.3,-0.180408,0.4093,0.000639,False
0x3e66e55e97ce60096f74b7c475e8249f2d31a9fb,aerodrome,USDC / cbBTC 1%,USDC,cbBTC,100,2889224.8598,7095167.22115343,-0.213,MEDIUM,10.0,medium_15pct,0.15,0.245573,0.00639,0.3,-0.060817,0.8186,0.000639,False
0x3e66e55e97ce60096f74b7c475e8249f2d31a9fb,aerodrome,USDC / cbBTC 1%,USDC,cbBTC,100,2889224.8598,7095167.22115343,-0.213,MEDIUM,1.0,wide_40pct,0.4,0.024557,0.000213,0.3,-0.275656,0.0819,0.000213,False
0x3e66e55e97ce60096f74b7c475e8249f2d31a9fb,aerodrome,USDC / cbBTC 1%,USDC,cbBTC,100,2889224.8598,7095167.22115343,-0.213,MEDIUM,3.0,wide_40pct,0.4,0.073672,0.000639,0.3,-0.226967,0.2456,0.000213,False
0x3e66e55e97ce60096f74b7c475e8249f2d31a9fb,aerodrome,USDC / cbBTC 1%,USDC,cbBTC,100,2889224.8598,7095167.22115343,-0.213,MEDIUM,5.0,wide_40pct,0.4,0.122787,0.001065,0.3,-0.178278,0.4093,0.000213,False
0x3e66e55e97ce60096f74b7c475e8249f2d31a9fb,aerodrome,USDC / cbBTC 1%,USDC,cbBTC,100,2889224.8598,7095167.22115343,-0.213,MEDIUM,10.0,wide_40pct,0.4,0.245573,0.00213,0.3,-0.056557,0.8186,0.000213,False
0x7aea2e8a3843516afa07293a10ac8e49906dabd1,aerodrome,cbBTC / WETH 0.05%,cbBTC,WETH,5,2738202.0425,6108338.94708627,0.943,MEDIUM,1.0,narrow_5pct,0.05,0.001115,0.005658,0.3,-0.304543,0.0037,0.005658,False
0x7aea2e8a3843516afa07293a10ac8e49906dabd1,aerodrome,cbBTC / WETH 0.05%,cbBTC,WETH,5,2738202.0425,6108338.94708627,0.943,MEDIUM,3.0,narrow_5pct,0.05,0.003346,0.016974,0.3,-0.313628,0.0112,0.005658,False
0x7aea2e8a3843516afa07293a10ac8e49906dabd1,aerodrome,cbBTC / WETH 0.05%,cbBTC,WETH,5,2738202.0425,6108338.94708627,0.943,MEDIUM,5.0,narrow_5pct,0.05,0.005577,0.02829,0.3,-0.322713,0.0186,0.005658,False
0x7aea2e8a3843516afa07293a10ac8e49906dabd1,aerodrome,cbBTC / WETH 0.05%,cbBTC,WETH,5,2738202.0425,6108338.94708627,0.943,MEDIUM,10.0,narrow_5pct,0.05,0.011154,0.05658,0.3,-0.345426,0.0372,0.005658,False
0x7aea2e8a3843516afa07293a10ac8e49906dabd1,aerodrome,cbBTC / WETH 0.05%,cbBTC,WETH,5,2738202.0425,6108338.94708627,0.943,MEDIUM,1.0,medium_15pct,0.15,0.001115,0.002829,0.3,-0.301714,0.0037,0.002829,False
0x7aea2e8a3843516afa07293a10ac8e49906dabd1,aerodrome,cbBTC / WETH 0.05%,cbBTC,WETH,5,2738202.0425,6108338.94708627,0.943,MEDIUM,3.0,medium_15pct,0.15,0.003346,0.008487,0.3,-0.305141,0.0112,0.002829,False
0x7aea2e8a3843516afa07293a10ac8e49906dabd1,aerodrome,cbBTC / WETH 0.05%,cbBTC,WETH,5,2738202.0425,6108338.94708627,0.943,MEDIUM,5.0,medium_15pct,0.15,0.005577,0.014145,0.3,-0.308568,0.0186,0.002829,False
0x7aea2e8a3843516afa07293a10ac8e49906dabd1,aerodrome,cbBTC / WETH 0.05%,cbBTC,WETH,5,2738202.0425,6108338.94708627,0.943,MEDIUM,10.0,medium_15pct,0.15,0.011154,0.02829,0.3,-0.317136,0.0372,0.002829,False
0x7aea2e8a3843516afa07293a10ac8e49906dabd1,aerodrome,cbBTC / WETH 0.05%,cbBTC,WETH,5,2738202.0425,6108338.94708627,0.943,MEDIUM,1.0,wide_40pct,0.4,0.001115,0.000943,0.3,-0.299828,0.0037,0.000943,False
0x7aea2e8a3843516afa07293a10ac8e49906dabd1,aerodrome,cbBTC / WETH 0.05%,cbBTC,WETH,5,2738202.0425,6108338.94708627,0.943,MEDIUM,3.0,wide_40pct,0.4,0.003346,0.002829,0.3,-0.299483,0.0112,0.000943,False
0x7aea2e8a3843516afa07293a10ac8e49906dabd1,aerodrome,cbBTC / WETH 0.05%,cbBTC,WETH,5,2738202.0425,6108338.94708627,0.943,MEDIUM,5.0,wide_40pct,0.4,0.005577,0.004715,0.3,-0.299138,0.0186,0.000943,False
0x7aea2e8a3843516afa07293a10ac8e49906dabd1,aerodrome,cbBTC / WETH 0.05%,cbBTC,WETH,5,2738202.0425,6108338.94708627,0.943,MEDIUM,10.0,wide_40pct,0.4,0.011154,0.00943,0.3,-0.298276,0.0372,0.000943,False
0x3f0296bf652e19bca772ec3df08b32732f93014a,aerodrome,VIRTUAL / WETH 0.05%,VIRTUAL,WETH,5,444769.7686,5973019.044212,-2.268,MEDIUM,1.0,narrow_5pct,0.05,0.006715,0.013608,0.3,-0.306893,0.0224,0.013608,False
0x3f0296bf652e19bca772ec3df08b32732f93014a,aerodrome,VIRTUAL / WETH 0.05%,VIRTUAL,WETH,5,444769.7686,5973019.044212,-2.268,MEDIUM,3.0,narrow_5pct,0.05,0.020144,0.040824,0.3,-0.32068,0.0671,0.013608,False
0x3f0296bf652e19bca772ec3df08b32732f93014a,aerodrome,VIRTUAL / WETH 0.05%,VIRTUAL,WETH,5,444769.7686,5973019.044212,-2.268,MEDIUM,5.0,narrow_5pct,0.05,0.033574,0.06804,0.3,-0.334466,0.1119,0.013608,False
0x3f0296bf652e19bca772ec3df08b32732f93014a,aerodrome,VIRTUAL / WETH 0.05%,VIRTUAL,WETH,5,444769.7686,5973019.044212,-2.268,MEDIUM,10.0,narrow_5pct,0.05,0.067147,0.13608,0.3,-0.368933,0.2238,0.013608,False
0x3f0296bf652e19bca772ec3df08b32732f93014a,aerodrome,VIRTUAL / WETH 0.05%,VIRTUAL,WETH,5,444769.7686,5973019.044212,-2.268,MEDIUM,1.0,medium_15pct,0.15,0.006715,0.006804,0.3,-0.300089,0.0224,0.006804,False
0x3f0296bf652e19bca772ec3df08b32732f93014a,aerodrome,VIRTUAL / WETH 0.05%,VIRTUAL,WETH,5,444769.7686,5973019.044212,-2.268,MEDIUM,3.0,medium_15pct,0.15,0.020144,0.020412,0.3,-0.300268,0.0671,0.006804,False
0x3f0296bf652e19bca772ec3df08b32732f93014a,aerodrome,VIRTUAL / WETH 0.05%,VIRTUAL,WETH,5,444769.7686,5973019.044212,-2.268,MEDIUM,5.0,medium_15pct,0.15,0.033574,0.03402,0.3,-0.300446,0.1119,0.006804,False
0x3f0296bf652e19bca772ec3df08b32732f93014a,aerodrome,VIRTUAL / WETH 0.05%,VIRTUAL,WETH,5,444769.7686,5973019.044212,-2.268,MEDIUM,10.0,medium_15pct,0.15,0.067147,0.06804,0.3,-0.300893,0.2238,0.006804,False
0x3f0296bf652e19bca772ec3df08b32732f93014a,aerodrome,VIRTUAL / WETH 0.05%,VIRTUAL,WETH,5,444769.7686,5973019.044212,-2.268,MEDIUM,1.0,wide_40pct,0.4,0.006715,0.002268,0.3,-0.295553,0.0224,0.002268,False
0x3f0296bf652e19bca772ec3df08b32732f93014a,aerodrome,VIRTUAL / WETH 0.05%,VIRTUAL,WETH,5,444769.7686,5973019.044212,-2.268,MEDIUM,3.0,wide_40pct,0.4,0.020144,0.006804,0.3,-0.28666,0.0671,0.002268,False
0x3f0296bf652e19bca772ec3df08b32732f93014a,aerodrome,VIRTUAL / WETH 0.05%,VIRTUAL,WETH,5,444769.7686,5973019.044212,-2.268,MEDIUM,5.0,wide_40pct,0.4,0.033574,0.01134,0.3,-0.277766,0.1119,0.002268,False
0x3f0296bf652e19bca772ec3df08b32732f93014a,aerodrome,VIRTUAL / WETH 0.05%,VIRTUAL,WETH,5,444769.7686,5973019.044212,-2.268,MEDIUM,10.0,wide_40pct,0.4,0.067147,0.02268,0.3,-0.255533,0.2238,0.002268,False
0xb775272e537cc670c65dc852908ad47015244eaf,aerodrome,WETH / USDC 0.05%,WETH,USDC,5,1303773.6153,5775984.58741442,0.6,LOW,1.0,narrow_5pct,0.05,0.002215,0.0036,0.3,-0.301385,0.0074,0.0036,True
0xb775272e537cc670c65dc852908ad47015244eaf,aerodrome,WETH / USDC 0.05%,WETH,USDC,5,1303773.6153,5775984.58741442,0.6,LOW,3.0,narrow_5pct,0.05,0.006645,0.0108,0.3,-0.304155,0.0222,0.0036,True
0xb775272e537cc670c65dc852908ad47015244eaf,aerodrome,WETH / USDC 0.05%,WETH,USDC,5,1303773.6153,5775984.58741442,0.6,LOW,5.0,narrow_5pct,0.05,0.011076,0.018,0.3,-0.306924,0.0369,0.0036,True
0xb775272e537cc670c65dc852908ad47015244eaf,aerodrome,WETH / USDC 0.05%,WETH,USDC,5,1303773.6153,5775984.58741442,0.6,LOW,10.0,narrow_5pct,0.05,0.022151,0.036,0.3,-0.313849,0.0738,0.0036,True
0xb775272e537cc670c65dc852908ad47015244eaf,aerodrome,WETH / USDC 0.05%,WETH,USDC,5,1303773.6153,5775984.58741442,0.6,LOW,1.0,medium_15pct,0.15,0.002215,0.0018,0.3,-0.299585,0.0074,0.0018,True
0xb775272e537cc670c65dc852908ad47015244eaf,aerodrome,WETH / USDC 0.05%,WETH,USDC,5,1303773.6153,5775984.58741442,0.6,LOW,3.0,medium_15pct,0.15,0.006645,0.0054,0.3,-0.298755,0.0222,0.0018,True
0xb775272e537cc670c65dc852908ad47015244eaf,aerodrome,WETH / USDC 0.05%,WETH,USDC,5,1303773.6153,5775984.58741442,0.6,LOW,5.0,medium_15pct,0.15,0.011076,0.009,0.3,-0.297924,0.0369,0.0018,True
0xb775272e537cc670c65dc852908ad47015244eaf,aerodrome,WETH / USDC 0.05%,WETH,USDC,5,1303773.6153,5775984.58741442,0.6,LOW,10.0,medium_15pct,0.15,0.022151,0.018,0.3,-0.295849,0.0738,0.0018,True
0xb775272e537cc670c65dc852908ad47015244eaf,aerodrome,WETH / USDC 0.05%,WETH,USDC,5,1303773.6153,5775984.58741442,0.6,LOW,1.0,wide_40pct,0.4,0.002215,0.0006,0.3,-0.298385,0.0074,0.0006,True
0xb775272e537cc670c65dc852908ad47015244eaf,aerodrome,WETH / USDC 0.05%,WETH,USDC,5,1303773.6153,5775984.58741442,0.6,LOW,3.0,wide_40pct,0.4,0.006645,0.0018,0.3,-0.295155,0.0222,0.0006,True
0xb775272e537cc670c65dc852908ad47015244eaf,aerodrome,WETH / USDC 0.05%,WETH,USDC,5,1303773.6153,5775984.58741442,0.6,LOW,5.0,wide_40pct,0.4,0.011076,0.003,0.3,-0.291924,0.0369,0.0006,True
0xb775272e537cc670c65dc852908ad47015244eaf,aerodrome,WETH / USDC 0.05%,WETH,USDC,5,1303773.6153,5775984.58741442,0.6,LOW,10.0,wide_40pct,0.4,0.022151,0.006,0.3,-0.283849,0.0738,0.0006,True
0xe846373c1a92b167b4e9cd5d8e4d6b1db9e90ec7,aerodrome,EURC / USDC 0.05%,EURC,USDC,5,2854095.3119,5702435.07522135,-0.694,MEDIUM,1.0,narrow_5pct,0.05,0.000999,0.004164,0.3,-0.303165,0.0033,0.004164,False
0xe846373c1a92b167b4e9cd5d8e4d6b1db9e90ec7,aerodrome,EURC / USDC 0.05%,EURC,USDC,5,2854095.3119,5702435.07522135,-0.694,MEDIUM,3.0,narrow_5pct,0.05,0.002997,0.012492,0.3,-0.309495,0.01,0.004164,False
0xe846373c1a92b167b4e9cd5d8e4d6b1db9e90ec7,aerodrome,EURC / USDC 0.05%,EURC,USDC,5,2854095.3119,5702435.07522135,-0.694,MEDIUM,5.0,narrow_5pct,0.05,0.004995,0.02082,0.3,-0.315825,0.0166,0.004164,False
0xe846373c1a92b167b4e9cd5d8e4d6b1db9e90ec7,aerodrome,EURC / USDC 0.05%,EURC,USDC,5,2854095.3119,5702435.07522135,-0.694,MEDIUM,10.0,narrow_5pct,0.05,0.00999,0.04164,0.3,-0.33165,0.0333,0.004164,False
0xe846373c1a92b167b4e9cd5d8e4d6b1db9e90ec7,aerodrome,EURC / USDC 0.05%,EURC,USDC,5,2854095.3119,5702435.07522135,-0.694,MEDIUM,1.0,medium_15pct,0.15,0.000999,0.002082,0.3,-0.301083,0.0033,0.002082,False
0xe846373c1a92b167b4e9cd5d8e4d6b1db9e90ec7,aerodrome,EURC / USDC 0.05%,EURC,USDC,5,2854095.3119,5702435.07522135,-0.694,MEDIUM,3.0,medium_15pct,0.15,0.002997,0.006246,0.3,-0.303249,0.01,0.002082,False
0xe846373c1a92b167b4e9cd5d8e4d6b1db9e90ec7,aerodrome,EURC / USDC 0.05%,EURC,USDC,5,2854095.3119,5702435.07522135,-0.694,MEDIUM,5.0,medium_15pct,0.15,0.004995,0.01041,0.3,-0.305415,0.0166,0.002082,False
0xe846373c1a92b167b4e9cd5d8e4d6b1db9e90ec7,aerodrome,EURC / USDC 0.05%,EURC,USDC,5,2854095.3119,5702435.07522135,-0.694,MEDIUM,10.0,medium_15pct,0.15,0.00999,0.02082,0.3,-0.31083,0.0333,0.002082,False
0xe846373c1a92b167b4e9cd5d8e4d6b1db9e90ec7,aerodrome,EURC / USDC 0.05%,EURC,USDC,5,2854095.3119,5702435.07522135,-0.694,MEDIUM,1.0,wide_40pct,0.4,0.000999,0.000694,0.3,-0.299695,0.0033,0.000694,False
0xe846373c1a92b167b4e9cd5d8e4d6b1db9e90ec7,aerodrome,EURC / USDC 0.05%,EURC,USDC,5,2854095.3119,5702435.07522135,-0.694,MEDIUM,3.0,wide_40pct,0.4,0.002997,0.002082,0.3,-0.299085,0.01,0.000694,False
0xe846373c1a92b167b4e9cd5d8e4d6b1db9e90ec7,aerodrome,EURC / USDC 0.05%,EURC,USDC,5,2854095.3119,5702435.07522135,-0.694,MEDIUM,5.0,wide_40pct,0.4,0.004995,0.00347,0.3,-0.298475,0.0166,0.000694,False
0xe846373c1a92b167b4e9cd5d8e4d6b1db9e90ec7,aerodrome,EURC / USDC 0.05%,EURC,USDC,5,2854095.3119,5702435.07522135,-0.694,MEDIUM,10.0,wide_40pct,0.4,0.00999,0.00694,0.3,-0.29695,0.0333,0.000694,False
0x9d14ff91ae2c6e3d1a760542248b6c7f206894b0,aerodrome,cbBTC / USDC 0.021%,cbBTC,USDC,2.1,723013.5575,5579771.82782605,1.031,MEDIUM,1.0,narrow_5pct,0.05,0.001621,0.006186,0.3,-0.304565,0.0054,0.006186,False
0x9d14ff91ae2c6e3d1a760542248b6c7f206894b0,aerodrome,cbBTC / USDC 0.021%,cbBTC,USDC,2.1,723013.5575,5579771.82782605,1.031,MEDIUM,3.0,narrow_5pct,0.05,0.004862,0.018558,0.3,-0.313696,0.0162,0.006186,False
0x9d14ff91ae2c6e3d1a760542248b6c7f206894b0,aerodrome,cbBTC / USDC 0.021%,cbBTC,USDC,2.1,723013.5575,5579771.82782605,1.031,MEDIUM,5.0,narrow_5pct,0.05,0.008103,0.03093,0.3,-0.322827,0.027,0.006186,False
0x9d14ff91ae2c6e3d1a760542248b6c7f206894b0,aerodrome,cbBTC / USDC 0.021%,cbBTC,USDC,2.1,723013.5575,5579771.82782605,1.031,MEDIUM,10.0,narrow_5pct,0.05,0.016207,0.06186,0.3,-0.345653,0.054,0.006186,False
0x9d14ff91ae2c6e3d1a760542248b6c7f206894b0,aerodrome,cbBTC / USDC 0.021%,cbBTC,USDC,2.1,723013.5575,5579771.82782605,1.031,MEDIUM,1.0,medium_15pct,0.15,0.001621,0.003093,0.3,-0.301472,0.0054,0.003093,False
0x9d14ff91ae2c6e3d1a760542248b6c7f206894b0,aerodrome,cbBTC / USDC 0.021%,cbBTC,USDC,2.1,723013.5575,5579771.82782605,1.031,MEDIUM,3.0,medium_15pct,0.15,0.004862,0.009279,0.3,-0.304417,0.0162,0.003093,False
0x9d14ff91ae2c6e3d1a760542248b6c7f206894b0,aerodrome,cbBTC / USDC 0.021%,cbBTC,USDC,2.1,723013.5575,5579771.82782605,1.031,MEDIUM,5.0,medium_15pct,0.15,0.008103,0.015465,0.3,-0.307362,0.027,0.003093,False
0x9d14ff91ae2c6e3d1a760542248b6c7f206894b0,aerodrome,cbBTC / USDC 0.021%,cbBTC,USDC,2.1,723013.5575,5579771.82782605,1.031,MEDIUM,10.0,medium_15pct,0.15,0.016207,0.03093,0.3,-0.314723,0.054,0.003093,False
0x9d14ff91ae2c6e3d1a760542248b6c7f206894b0,aerodrome,cbBTC / USDC 0.021%,cbBTC,USDC,2.1,723013.5575,5579771.82782605,1.031,MEDIUM,1.0,wide_40pct,0.4,0.001621,0.001031,0.3,-0.29941,0.0054,0.001031,False
0x9d14ff91ae2c6e3d1a760542248b6c7f206894b0,aerodrome,cbBTC / USDC 0.021%,cbBTC,USDC,2.1,723013.5575,5579771.82782605,1.031,MEDIUM,3.0,wide_40pct,0.4,0.004862,0.003093,0.3,-0.298231,0.0162,0.001031,False
0x9d14ff91ae2c6e3d1a760542248b6c7f206894b0,aerodrome,cbBTC / USDC 0.021%,cbBTC,USDC,2.1,723013.5575,5579771.82782605,1.031,MEDIUM,5.0,wide_40pct,0.4,0.008103,0.005155,0.3,-0.297052,0.027,0.001031,False
0x9d14ff91ae2c6e3d1a760542248b6c7f206894b0,aerodrome,cbBTC / USDC 0.021%,cbBTC,USDC,2.1,723013.5575,5579771.82782605,1.031,MEDIUM,10.0,wide_40pct,0.4,0.016207,0.01031,0.3,-0.294103,0.054,0.001031,False
0x3f9b863ef4b295d6ba370215bcca3785fcc44f44,aerodrome,WETH / cbBTC 0.05%,WETH,cbBTC,5,1323714.541,5144867.76176446,0.512,MEDIUM,1.0,narrow_5pct,0.05,0.001943,0.003072,0.3,-0.301129,0.0065,0.003072,False
0x3f9b863ef4b295d6ba370215bcca3785fcc44f44,aerodrome,WETH / cbBTC 0.05%,WETH,cbBTC,5,1323714.541,5144867.76176446,0.512,MEDIUM,3.0,narrow_5pct,0.05,0.00583,0.009216,0.3,-0.303386,0.0194,0.003072,False
0x3f9b863ef4b295d6ba370215bcca3785fcc44f44,aerodrome,WETH / cbBTC 0.05%,WETH,cbBTC,5,1323714.541,5144867.76176446,0.512,MEDIUM,5.0,narrow_5pct,0.05,0.009717,0.01536,0.3,-0.305643,0.0324,0.003072,False
0x3f9b863ef4b295d6ba370215bcca3785fcc44f44,aerodrome,WETH / cbBTC 0.05%,WETH,cbBTC,5,1323714.541,5144867.76176446,0.512,MEDIUM,10.0,narrow_5pct,0.05,0.019433,0.03072,0.3,-0.311287,0.0648,0.003072,False
0x3f9b863ef4b295d6ba370215bcca3785fcc44f44,aerodrome,WETH / cbBTC 0.05%,WETH,cbBTC,5,1323714.541,5144867.76176446,0.512,MEDIUM,1.0,medium_15pct,0.15,0.001943,0.001536,0.3,-0.299593,0.0065,0.001536,False
0x3f9b863ef4b295d6ba370215bcca3785fcc44f44,aerodrome,WETH / cbBTC 0.05%,WETH,cbBTC,5,1323714.541,5144867.76176446,0.512,MEDIUM,3.0,medium_15pct,0.15,0.00583,0.004608,0.3,-0.298778,0.0194,0.001536,False
0x3f9b863ef4b295d6ba370215bcca3785fcc44f44,aerodrome,WETH / cbBTC 0.05%,WETH,cbBTC,5,1323714.541,5144867.76176446,0.512,MEDIUM,5.0,medium_15pct,0.15,0.009717,0.00768,0.3,-0.297963,0.0324,0.001536,False
0x3f9b863ef4b295d6ba370215bcca3785fcc44f44,aerodrome,WETH / cbBTC 0.05%,WETH,cbBTC,5,1323714.541,5144867.76176446,0.512,MEDIUM,10.0,medium_15pct,0.15,0.019433,0.01536,0.3,-0.295927,0.0648,0.001536,False
0x3f9b863ef4b295d6ba370215bcca3785fcc44f44,aerodrome,WETH / cbBTC 0.05%,WETH,cbBTC,5,1323714.541,5144867.76176446,0.512,MEDIUM,1.0,wide_40pct,0.4,0.001943,0.000512,0.3,-0.298569,0.0065,0.000512,False
0x3f9b863ef4b295d6ba370215bcca3785fcc44f44,aerodrome,WETH / cbBTC 0.05%,WETH,cbBTC,5,1323714.541,5144867.76176446,0.512,MEDIUM,3.0,wide_40pct,0.4,0.00583,0.001536,0.3,-0.295706,0.0194,0.000512,False
0x3f9b863ef4b295d6ba370215bcca3785fcc44f44,aerodrome,WETH / cbBTC 0.05%,WETH,cbBTC,5,1323714.541,5144867.76176446,0.512,MEDIUM,5.0,wide_40pct,0.4,0.009717,0.00256,0.3,-0.292843,0.0324,0.000512,False
0x3f9b863ef4b295d6ba370215bcca3785fcc44f44,aerodrome,WETH / cbBTC 0.05%,WETH,cbBTC,5,1323714.541,5144867.76176446,0.512,MEDIUM,10.0,wide_40pct,0.4,0.019433,0.00512,0.3,-0.285687,0.0648,0.000512,False
0x74f72788f4814d7ff3c49b44684aa98eee140c0e,aerodrome,msETH / WETH 0.05%,msETH,WETH,5,20659794.0206,4918852.048633,0.561,MEDIUM,1.0,narrow_5pct,0.05,0.000119,0.003366,0.3,-0.303247,0.0004,0.003366,False
0x74f72788f4814d7ff3c49b44684aa98eee140c0e,aerodrome,msETH / WETH 0.05%,msETH,WETH,5,20659794.0206,4918852.048633,0.561,MEDIUM,3.0,narrow_5pct,0.05,0.000357,0.010098,0.3,-0.309741,0.0012,0.003366,False
0x74f72788f4814d7ff3c49b44684aa98eee140c0e,aerodrome,msETH / WETH 0.05%,msETH,WETH,5,20659794.0206,4918852.048633,0.561,MEDIUM,5.0,narrow_5pct,0.05,0.000595,0.01683,0.3,-0.316235,0.002,0.003366,False
0x74f72788f4814d7ff3c49b44684aa98eee140c0e,aerodrome,msETH / WETH 0.05%,msETH,WETH,5,20659794.0206,4918852.048633,0.561,MEDIUM,10.0,narrow_5pct,0.05,0.00119,0.03366,0.3,-0.33247,0.004,0.003366,False
0x74f72788f4814d7ff3c49b44684aa98eee140c0e,aerodrome,msETH / WETH 0.05%,msETH,WETH,5,20659794.0206,4918852.048633,0.561,MEDIUM,1.0,medium_15pct,0.15,0.000119,0.001683,0.3,-0.301564,0.0004,0.001683,False
0x74f72788f4814d7ff3c49b44684aa98eee140c0e,aerodrome,msETH / WETH 0.05%,msETH,WETH,5,20659794.0206,4918852.048633,0.561,MEDIUM,3.0,medium_15pct,0.15,0.000357,0.005049,0.3,-0.304692,0.0012,0.001683,False
0x74f72788f4814d7ff3c49b44684aa98eee140c0e,aerodrome,msETH / WETH 0.05%,msETH,WETH,5,20659794.0206,4918852.048633,0.561,MEDIUM,5.0,medium_15pct,0.15,0.000595,0.008415,0.3,-0.30782,0.002,0.001683,False
0x74f72788f4814d7ff3c49b44684aa98eee140c0e,aerodrome,msETH / WETH 0.05%,msETH,WETH,5,20659794.0206,4918852.048633,0.561,MEDIUM,10.0,medium_15pct,0.15,0.00119,0.01683,0.3,-0.31564,0.004,0.001683,False
0x74f72788f4814d7ff3c49b44684aa98eee140c0e,aerodrome,msETH / WETH 0.05%,msETH,WETH,5,20659794.0206,4918852.048633,0.561,MEDIUM,1.0,wide_40pct,0.4,0.000119,0.000561,0.3,-0.300442,0.0004,0.000561,False
0x74f72788f4814d7ff3c49b44684aa98eee140c0e,aerodrome,msETH / WETH 0.05%,msETH,WETH,5,20659794.0206,4918852.048633,0.561,MEDIUM,3.0,wide_40pct,0.4,0.000357,0.001683,0.3,-0.301326,0.0012,0.000561,False
0x74f72788f4814d7ff3c49b44684aa98eee140c0e,aerodrome,msETH / WETH 0.05%,msETH,WETH,5,20659794.0206,4918852.048633,0.561,MEDIUM,5.0,wide_40pct,0.4,0.000595,0.002805,0.3,-0.30221,0.002,0.000561,False
0x74f72788f4814d7ff3c49b44684aa98eee140c0e,aerodrome,msETH / WETH 0.05%,msETH,WETH,5,20659794.0206,4918852.048633,0.561,MEDIUM,10.0,wide_40pct,0.4,0.00119,0.00561,0.3,-0.30442,0.004,0.000561,False
0x82dbe18346a8656dbb5e76f74bf3ae279cc16b29,aerodrome,WETH / USDC 0.05%,WETH,USDC,5,451285.6693,4685391.76916683,0.577,LOW,1.0,narrow_5pct,0.05,0.005191,0.003462,0.3,-0.298271,0.0173,0.003462,True
0x82dbe18346a8656dbb5e76f74bf3ae279cc16b29,aerodrome,WETH / USDC 0.05%,WETH,USDC,5,451285.6693,4685391.76916683,0.577,LOW,3.0,narrow_5pct,0.05,0.015573,0.010386,0.3,-0.294813,0.0519,0.003462,True
0x82dbe18346a8656dbb5e76f74bf3ae279cc16b29,aerodrome,WETH / USDC 0.05%,WETH,USDC,5,451285.6693,4685391.76916683,0.577,LOW,5.0,narrow_5pct,0.05,0.025956,0.01731,0.3,-0.291354,0.0865,0.003462,True
0x82dbe18346a8656dbb5e76f74bf3ae279cc16b29,aerodrome,WETH / USDC 0.05%,WETH,USDC,5,451285.6693,4685391.76916683,0.577,LOW,10.0,narrow_5pct,0.05,0.051912,0.03462,0.3,-0.282708,0.173,0.003462,True
0x82dbe18346a8656dbb5e76f74bf3ae279cc16b29,aerodrome,WETH / USDC 0.05%,WETH,USDC,5,451285.6693,4685391.76916683,0.577,LOW,1.0,medium_15pct,0.15,0.005191,0.001731,0.3,-0.29654,0.0173,0.001731,True
0x82dbe18346a8656dbb5e76f74bf3ae279cc16b29,aerodrome,WETH / USDC 0.05%,WETH,USDC,5,451285.6693,4685391.76916683,0.577,LOW,3.0,medium_15pct,0.15,0.015573,0.005193,0.3,-0.28962,0.0519,0.001731,True
0x82dbe18346a8656dbb5e76f74bf3ae279cc16b29,aerodrome,WETH / USDC 0.05%,WETH,USDC,5,451285.6693,4685391.76916683,0.577,LOW,5.0,medium_15pct,0.15,0.025956,0.008655,0.3,-0.282699,0.0865,0.001731,True
0x82dbe18346a8656dbb5e76f74bf3ae279cc16b29,aerodrome,WETH / USDC 0.05%,WETH,USDC,5,451285.6693,4685391.76916683,0.577,LOW,10.0,medium_15pct,0.15,0.051912,0.01731,0.3,-0.265398,0.173,0.001731,True
0x82dbe18346a8656dbb5e76f74bf3ae279cc16b29,aerodrome,WETH / USDC 0.05%,WETH,USDC,5,451285.6693,4685391.76916683,0.577,LOW,1.0,wide_40pct,0.4,0.005191,0.000577,0.3,-0.295386,0.0173,0.000577,True
0x82dbe18346a8656dbb5e76f74bf3ae279cc16b29,aerodrome,WETH / USDC 0.05%,WETH,USDC,5,451285.6693,4685391.76916683,0.577,LOW,3.0,wide_40pct,0.4,0.015573,0.001731,0.3,-0.286158,0.0519,0.000577,True
0x82dbe18346a8656dbb5e76f74bf3ae279cc16b29,aerodrome,WETH / USDC 0.05%,WETH,USDC,5,451285.6693,4685391.76916683,0.577,LOW,5.0,wide_40pct,0.4,0.025956,0.002885,0.3,-0.276929,0.0865,0.000577,True
0x82dbe18346a8656dbb5e76f74bf3ae279cc16b29,aerodrome,WETH / USDC 0.05%,WETH,USDC,5,451285.6693,4685391.76916683,0.577,LOW,10.0,wide_40pct,0.4,0.051912,0.00577,0.3,-0.253858,0.173,0.000577,True
0x7501bc8bb51616f79bfa524e464fb7b41f0b10fb,aerodrome,msUSD / USDC 0.05%,msUSD,USDC,5,20290280.0778,4553247.59333801,-0.051,MEDIUM,1.0,narrow_5pct,0.05,0.000112,0.000306,0.3,-0.300194,0.0004,0.000306,False
0x7501bc8bb51616f79bfa524e464fb7b41f0b10fb,aerodrome,msUSD / USDC 0.05%,msUSD,USDC,5,20290280.0778,4553247.59333801,-0.051,MEDIUM,3.0,narrow_5pct,0.05,0.000337,0.000918,0.3,-0.300581,0.0011,0.000306,False
0x7501bc8bb51616f79bfa524e464fb7b41f0b10fb,aerodrome,msUSD / USDC 0.05%,msUSD,USDC,5,20290280.0778,4553247.59333801,-0.051,MEDIUM,5.0,narrow_5pct,0.05,0.000561,0.00153,0.3,-0.300969,0.0019,0.000306,False
0x7501bc8bb51616f79bfa524e464fb7b41f0b10fb,aerodrome,msUSD / USDC 0.05%,msUSD,USDC,5,20290280.0778,4553247.59333801,-0.051,MEDIUM,10.0,narrow_5pct,0.05,0.001122,0.00306,0.3,-0.301938,0.0037,0.000306,False
0x7501bc8bb51616f79bfa524e464fb7b41f0b10fb,aerodrome,msUSD / USDC 0.05%,msUSD,USDC,5,20290280.0778,4553247.59333801,-0.051,MEDIUM,1.0,medium_15pct,0.15,0.000112,0.000153,0.3,-0.300041,0.0004,0.000153,False
0x7501bc8bb51616f79bfa524e464fb7b41f0b10fb,aerodrome,msUSD / USDC 0.05%,msUSD,USDC,5,20290280.0778,4553247.59333801,-0.051,MEDIUM,3.0,medium_15pct,0.15,0.000337,0.000459,0.3,-0.300122,0.0011,0.000153,False
0x7501bc8bb51616f79bfa524e464fb7b41f0b10fb,aerodrome,msUSD / USDC 0.05%,msUSD,USDC,5,20290280.0778,4553247.59333801,-0.051,MEDIUM,5.0,medium_15pct,0.15,0.000561,0.000765,0.3,-0.300204,0.0019,0.000153,False
0x7501bc8bb51616f79bfa524e464fb7b41f0b10fb,aerodrome,msUSD / USDC 0.05%,msUSD,USDC,5,20290280.0778,4553247.59333801,-0.051,MEDIUM,10.0,medium_15pct,0.15,0.001122,0.00153,0.3,-0.300408,0.0037,0.000153,False
0x7501bc8bb51616f79bfa524e464fb7b41f0b10fb,aerodrome,msUSD / USDC 0.05%,msUSD,USDC,5,20290280.0778,4553247.59333801,-0.051,MEDIUM,1.0,wide_40pct,0.4,0.000112,5.1e-05,0.3,-0.299939,0.0004,5.1e-05,False
0x7501bc8bb51616f79bfa524e464fb7b41f0b10fb,aerodrome,msUSD / USDC 0.05%,msUSD,USDC,5,20290280.0778,4553247.59333801,-0.051,MEDIUM,3.0,wide_40pct,0.4,0.000337,0.000153,0.3,-0.299816,0.0011,5.1e-05,False
0x7501bc8bb51616f79bfa524e464fb7b41f0b10fb,aerodrome,msUSD / USDC 0.05%,msUSD,USDC,5,20290280.0778,4553247.59333801,-0.051,MEDIUM,5.0,wide_40pct,0.4,0.000561,0.000255,0.3,-0.299694,0.0019,5.1e-05,False
0x7501bc8bb51616f79bfa524e464fb7b41f0b10fb,aerodrome,msUSD / USDC 0.05%,msUSD,USDC,5,20290280.0778,4553247.59333801,-0.051,MEDIUM,10.0,wide_40pct,0.4,0.001122,0.00051,0.3,-0.299388,0.0037,5.1e-05,False
0xc5e51044eb7318950b1afb044fccfb25782c48c1,aerodrome,EURC / USDC 0.01%,EURC,USDC,1,229947.381,3882232.3612997,-0.694,MEDIUM,1.0,narrow_5pct,0.05,0.001688,0.004164,0.3,-0.302476,0.0056,0.004164,False
0xc5e51044eb7318950b1afb044fccfb25782c48c1,aerodrome,EURC / USDC 0.01%,EURC,USDC,1,229947.381,3882232.3612997,-0.694,MEDIUM,3.0,narrow_5pct,0.05,0.005065,0.012492,0.3,-0.307427,0.0169,0.004164,False
0xc5e51044eb7318950b1afb044fccfb25782c48c1,aerodrome,EURC / USDC 0.01%,EURC,USDC,1,229947.381,3882232.3612997,-0.694,MEDIUM,5.0,narrow_5pct,0.05,0.008442,0.02082,0.3,-0.312378,0.0281,0.004164,False
0xc5e51044eb7318950b1afb044fccfb25782c48c1,aerodrome,EURC / USDC 0.01%,EURC,USDC,1,229947.381,3882232.3612997,-0.694,MEDIUM,10.0,narrow_5pct,0.05,0.016883,0.04164,0.3,-0.324757,0.0563,0.004164,False
0xc5e51044eb7318950b1afb044fccfb25782c48c1,aerodrome,EURC / USDC 0.01%,EURC,USDC,1,229947.381,3882232.3612997,-0.694,MEDIUM,1.0,medium_15pct,0.15,0.001688,0.002082,0.3,-0.300394,0.0056,0.002082,False
0xc5e51044eb7318950b1afb044fccfb25782c48c1,aerodrome,EURC / USDC 0.01%,EURC,USDC,1,229947.381,3882232.3612997,-0.694,MEDIUM,3.0,medium_15pct,0.15,0.005065,0.006246,0.3,-0.301181,0.0169,0.002082,False
0xc5e51044eb7318950b1afb044fccfb25782c48c1,aerodrome,EURC / USDC 0.01%,EURC,USDC,1,229947.381,3882232.3612997,-0.694,MEDIUM,5.0,medium_15pct,0.15,0.008442,0.01041,0.3,-0.301968,0.0281,0.002082,False
0xc5e51044eb7318950b1afb044fccfb25782c48c1,aerodrome,EURC / USDC 0.01%,EURC,USDC,1,229947.381,3882232.3612997,-0.694,MEDIUM,10.0,medium_15pct,0.15,0.016883,0.02082,0.3,-0.303937,0.0563,0.002082,False
0xc5e51044eb7318950b1afb044fccfb25782c48c1,aerodrome,EURC / USDC 0.01%,EURC,USDC,1,229947.381,3882232.3612997,-0.694,MEDIUM,1.0,wide_40pct,0.4,0.001688,0.000694,0.3,-0.299006,0.0056,0.000694,False
0xc5e51044eb7318950b1afb044fccfb25782c48c1,aerodrome,EURC / USDC 0.01%,EURC,USDC,1,229947.381,3882232.3612997,-0.694,MEDIUM,3.0,wide_40pct,0.4,0.005065,0.002082,0.3,-0.297017,0.0169,0.000694,False
0xc5e51044eb7318950b1afb044fccfb25782c48c1,aerodrome,EURC / USDC 0.01%,EURC,USDC,1,229947.381,3882232.3612997,-0.694,MEDIUM,5.0,wide_40pct,0.4,0.008442,0.00347,0.3,-0.295028,0.0281,0.000694,False
0xc5e51044eb7318950b1afb044fccfb25782c48c1,aerodrome,EURC / USDC 0.01%,EURC,USDC,1,229947.381,3882232.3612997,-0.694,MEDIUM,10.0,wide_40pct,0.4,0.016883,0.00694,0.3,-0.290057,0.0563,0.000694,False
0xd56da2b74ba826f19015e6b7dd9dae1903e85da1,aerodrome,USDT / USDC 0.01%,USDT,USDC,1,230055.8129,3769984.01083513,0.495,MEDIUM,1.0,narrow_5pct,0.05,0.001639,0.00297,0.3,-0.301331,0.0055,0.00297,False
0xd56da2b74ba826f19015e6b7dd9dae1903e85da1,aerodrome,USDT / USDC 0.01%,USDT,USDC,1,230055.8129,3769984.01083513,0.495,MEDIUM,3.0,narrow_5pct,0.05,0.004916,0.00891,0.3,-0.303994,0.0164,0.00297,False
0xd56da2b74ba826f19015e6b7dd9dae1903e85da1,aerodrome,USDT / USDC 0.01%,USDT,USDC,1,230055.8129,3769984.01083513,0.495,MEDIUM,5.0,narrow_5pct,0.05,0.008194,0.01485,0.3,-0.306656,0.0273,0.00297,False
0xd56da2b74ba826f19015e6b7dd9dae1903e85da1,aerodrome,USDT / USDC 0.01%,USDT,USDC,1,230055.8129,3769984.01083513,0.495,MEDIUM,10.0,narrow_5pct,0.05,0.016387,0.0297,0.3,-0.313313,0.0546,0.00297,False
0xd56da2b74ba826f19015e6b7dd9dae1903e85da1,aerodrome,USDT / USDC 0.01%,USDT,USDC,1,230055.8129,3769984.01083513,0.495,MEDIUM,1.0,medium_15pct,0.15,0.001639,0.001485,0.3,-0.299846,0.0055,0.001485,False
0xd56da2b74ba826f19015e6b7dd9dae1903e85da1,aerodrome,USDT / USDC 0.01%,USDT,USDC,1,230055.8129,3769984.01083513,0.495,MEDIUM,3.0,medium_15pct,0.15,0.004916,0.004455,0.3,-0.299539,0.0164,0.001485,False
0xd56da2b74ba826f19015e6b7dd9dae1903e85da1,aerodrome,USDT / USDC 0.01%,USDT,USDC,1,230055.8129,3769984.01083513,0.495,MEDIUM,5.0,medium_15pct,0.15,0.008194,0.007425,0.3,-0.299231,0.0273,0.001485,False
0xd56da2b74ba826f19015e6b7dd9dae1903e85da1,aerodrome,USDT / USDC 0.01%,USDT,USDC,1,230055.8129,3769984.01083513,0.495,MEDIUM,10.0,medium_15pct,0.15,0.016387,0.01485,0.3,-0.298463,0.0546,0.001485,False
0xd56da2b74ba826f19015e6b7dd9dae1903e85da1,aerodrome,USDT / USDC 0.01%,USDT,USDC,1,230055.8129,3769984.01083513,0.495,MEDIUM,1.0,wide_40pct,0.4,0.001639,0.000495,0.3,-0.298856,0.0055,0.000495,False
0xd56da2b74ba826f19015e6b7dd9dae1903e85da1,aerodrome,USDT / USDC 0.01%,USDT,USDC,1,230055.8129,3769984.01083513,0.495,MEDIUM,3.0,wide_40pct,0.4,0.004916,0.001485,0.3,-0.296569,0.0164,0.000495,False
0xd56da2b74ba826f19015e6b7dd9dae1903e85da1,aerodrome,USDT / USDC 0.01%,USDT,USDC,1,230055.8129,3769984.01083513,0.495,MEDIUM,5.0,wide_40pct,0.4,0.008194,0.002475,0.3,-0.294281,0.0273,0.000495,False
0xd56da2b74ba826f19015e6b7dd9dae1903e85da1,aerodrome,USDT / USDC 0.01%,USDT,USDC,1,230055.8129,3769984.01083513,0.495,MEDIUM,10.0,wide_40pct,0.4,0.016387,0.00495,0.3,-0.288563,0.0546,0.000495,False
0x7ec6c9d993d9832aa654593f2dbc21303650bc6c,aerodrome,VVV / WETH 0.05%,VVV,WETH,5,2619032.1171,3514725.56439117,-11.702,MEDIUM,1.0,narrow_5pct,0.05,0.000671,0.070212,0.3,-0.369541,0.0022,0.070212,False
0x7ec6c9d993d9832aa654593f2dbc21303650bc6c,aerodrome,VVV / WETH 0.05%,VVV,WETH,5,2619032.1171,3514725.56439117,-11.702,MEDIUM,3.0,narrow_5pct,0.05,0.002013,0.210636,0.3,-0.508623,0.0067,0.070212,False
0x7ec6c9d993d9832aa654593f2dbc21303650bc6c,aerodrome,VVV / WETH 0.05%,VVV,WETH,5,2619032.1171,3514725.56439117,-11.702,MEDIUM,5.0,narrow_5pct,0.05,0.003355,0.35106,0.3,-0.647705,0.0112,0.070212,False
0x7ec6c9d993d9832aa654593f2dbc21303650bc6c,aerodrome,VVV / WETH 0.05%,VVV,WETH,5,2619032.1171,3514725.56439117,-11.702,MEDIUM,10.0,narrow_5pct,0.05,0.00671,0.70212,0.3,-0.99541,0.0224,0.070212,False
0x7ec6c9d993d9832aa654593f2dbc21303650bc6c,aerodrome,VVV / WETH 0.05%,VVV,WETH,5,2619032.1171,3514725.56439117,-11.702,MEDIUM,1.0,medium_15pct,0.15,0.000671,0.035106,0.3,-0.334435,0.0022,0.035106,False
0x7ec6c9d993d9832aa654593f2dbc21303650bc6c,aerodrome,VVV / WETH 0.05%,VVV,WETH,5,2619032.1171,3514725.56439117,-11.702,MEDIUM,3.0,medium_15pct,0.15,0.002013,0.105318,0.3,-0.403305,0.0067,0.035106,False
0x7ec6c9d993d9832aa654593f2dbc21303650bc6c,aerodrome,VVV / WETH 0.05%,VVV,WETH,5,2619032.1171,3514725.56439117,-11.702,MEDIUM,5.0,medium_15pct,0.15,0.003355,0.17553,0.3,-0.472175,0.0112,0.035106,False
0x7ec6c9d993d9832aa654593f2dbc21303650bc6c,aerodrome,VVV / WETH 0.05%,VVV,WETH,5,2619032.1171,3514725.56439117,-11.702,MEDIUM,10.0,medium_15pct,0.15,0.00671,0.35106,0.3,-0.64435,0.0224,0.035106,False
0x7ec6c9d993d9832aa654593f2dbc21303650bc6c,aerodrome,VVV / WETH 0.05%,VVV,WETH,5,2619032.1171,3514725.56439117,-11.702,MEDIUM,1.0,wide_40pct,0.4,0.000671,0.011702,0.3,-0.311031,0.0022,0.011702,False
0x7ec6c9d993d9832aa654593f2dbc21303650bc6c,aerodrome,VVV / WETH 0.05%,VVV,WETH,5,2619032.1171,3514725.56439117,-11.702,MEDIUM,3.0,wide_40pct,0.4,0.002013,0.035106,0.3,-0.333093,0.0067,0.011702,False
0x7ec6c9d993d9832aa654593f2dbc21303650bc6c,aerodrome,VVV / WETH 0.05%,VVV,WETH,5,2619032.1171,3514725.56439117,-11.702,MEDIUM,5.0,wide_40pct,0.4,0.003355,0.05851,0.3,-0.355155,0.0112,0.011702,False
0x7ec6c9d993d9832aa654593f2dbc21303650bc6c,aerodrome,VVV / WETH 0.05%,VVV,WETH,5,2619032.1171,3514725.56439117,-11.702,MEDIUM,10.0,wide_40pct,0.4,0.00671,0.11702,0.3,-0.41031,0.0224,0.011702,False
0xb4cb800910b228ed3d0834cf79d697127bbb00e5,aerodrome,WETH / USDC 0.01%,WETH,USDC,1,390853.5005,3137639.7550916,0.674,LOW,1.0,narrow_5pct,0.05,0.000803,0.004044,0.3,-0.303241,0.0027,0.004044,True
0xb4cb800910b228ed3d0834cf79d697127bbb00e5,aerodrome,WETH / USDC 0.01%,WETH,USDC,1,390853.5005,3137639.7550916,0.674,LOW,3.0,narrow_5pct,0.05,0.002408,0.012132,0.3,-0.309724,0.008,0.004044,True
0xb4cb800910b228ed3d0834cf79d697127bbb00e5,aerodrome,WETH / USDC 0.01%,WETH,USDC,1,390853.5005,3137639.7550916,0.674,LOW,5.0,narrow_5pct,0.05,0.004014,0.02022,0.3,-0.316206,0.0134,0.004044,True
0xb4cb800910b228ed3d0834cf79d697127bbb00e5,aerodrome,WETH / USDC 0.01%,WETH,USDC,1,390853.5005,3137639.7550916,0.674,LOW,10.0,narrow_5pct,0.05,0.008028,0.04044,0.3,-0.332412,0.0268,0.004044,True
0xb4cb800910b228ed3d0834cf79d697127bbb00e5,aerodrome,WETH / USDC 0.01%,WETH,USDC,1,390853.5005,3137639.7550916,0.674,LOW,1.0,medium_15pct,0.15,0.000803,0.002022,0.3,-0.301219,0.0027,0.002022,True
0xb4cb800910b228ed3d0834cf79d697127bbb00e5,aerodrome,WETH / USDC 0.01%,WETH,USDC,1,390853.5005,3137639.7550916,0.674,LOW,3.0,medium_15pct,0.15,0.002408,0.006066,0.3,-0.303658,0.008,0.002022,True
0xb4cb800910b228ed3d0834cf79d697127bbb00e5,aerodrome,WETH / USDC 0.01%,WETH,USDC,1,390853.5005,3137639.7550916,0.674,LOW,5.0,medium_15pct,0.15,0.004014,0.01011,0.3,-0.306096,0.0134,0.002022,True
0xb4cb800910b228ed3d0834cf79d697127bbb00e5,aerodrome,WETH / USDC 0.01%,WETH,USDC,1,390853.5005,3137639.7550916,0.674,LOW,10.0,medium_15pct,0.15,0.008028,0.02022,0.3,-0.312192,0.0268,0.002022,True
0xb4cb800910b228ed3d0834cf79d697127bbb00e5,aerodrome,WETH / USDC 0.01%,WETH,USDC,1,390853.5005,3137639.7550916,0.674,LOW,1.0,wide_40pct,0.4,0.000803,0.000674,0.3,-0.299871,0.0027,0.000674,True
0xb4cb800910b228ed3d0834cf79d697127bbb00e5,aerodrome,WETH / USDC 0.01%,WETH,USDC,1,390853.5005,3137639.7550916,0.674,LOW,3.0,wide_40pct,0.4,0.002408,0.002022,0.3,-0.299614,0.008,0.000674,True
0xb4cb800910b228ed3d0834cf79d697127bbb00e5,aerodrome,WETH / USDC 0.01%,WETH,USDC,1,390853.5005,3137639.7550916,0.674,LOW,5.0,wide_40pct,0.4,0.004014,0.00337,0.3,-0.299356,0.0134,0.000674,True
0xb4cb800910b228ed3d0834cf79d697127bbb00e5,aerodrome,WETH / USDC 0.01%,WETH,USDC,1,390853.5005,3137639.7550916,0.674,LOW,10.0,wide_40pct,0.4,0.008028,0.00674,0.3,-0.298712,0.0268,0.000674,True
0xaa5fe7dcc07dcb8b7afcd1b93874e7cb1e0ab50b,aerodrome,EURC / WETH 0.05%,EURC,WETH,5,482828.4676,2804636.46050842,-0.03,MEDIUM,1.0,narrow_5pct,0.05,0.002904,0.00018,0.3,-0.297276,0.0097,0.00018,False
0xaa5fe7dcc07dcb8b7afcd1b93874e7cb1e0ab50b,aerodrome,EURC / WETH 0.05%,EURC,WETH,5,482828.4676,2804636.46050842,-0.03,MEDIUM,3.0,narrow_5pct,0.05,0.008713,0.00054,0.3,-0.291827,0.029,0.00018,False
0xaa5fe7dcc07dcb8b7afcd1b93874e7cb1e0ab50b,aerodrome,EURC / WETH 0.05%,EURC,WETH,5,482828.4676,2804636.46050842,-0.03,MEDIUM,5.0,narrow_5pct,0.05,0.014522,0.0009,0.3,-0.286378,0.0484,0.00018,False
0xaa5fe7dcc07dcb8b7afcd1b93874e7cb1e0ab50b,aerodrome,EURC / WETH 0.05%,EURC,WETH,5,482828.4676,2804636.46050842,-0.03,MEDIUM,10.0,narrow_5pct,0.05,0.029044,0.0018,0.3,-0.272756,0.0968,0.00018,False
0xaa5fe7dcc07dcb8b7afcd1b93874e7cb1e0ab50b,aerodrome,EURC / WETH 0.05%,EURC,WETH,5,482828.4676,2804636.46050842,-0.03,MEDIUM,1.0,medium_15pct,0.15,0.002904,9e-05,0.3,-0.297186,0.0097,9e-05,False
0xaa5fe7dcc07dcb8b7afcd1b93874e7cb1e0ab50b,aerodrome,EURC / WETH 0.05%,EURC,WETH,5,482828.4676,2804636.46050842,-0.03,MEDIUM,3.0,medium_15pct,0.15,0.008713,0.00027,0.3,-0.291557,0.029,9e-05,False
0xaa5fe7dcc07dcb8b7afcd1b93874e7cb1e0ab50b,aerodrome,EURC / WETH 0.05%,EURC,WETH,5,482828.4676,2804636.46050842,-0.03,MEDIUM,5.0,medium_15pct,0.15,0.014522,0.00045,0.3,-0.285928,0.0484,9e-05,False
0xaa5fe7dcc07dcb8b7afcd1b93874e7cb1e0ab50b,aerodrome,EURC / WETH 0.05%,EURC,WETH,5,482828.4676,2804636.46050842,-0.03,MEDIUM,10.0,medium_15pct,0.15,0.029044,0.0009,0.3,-0.271856,0.0968,9e-05,False
0xaa5fe7dcc07dcb8b7afcd1b93874e7cb1e0ab50b,aerodrome,EURC / WETH 0.05%,EURC,WETH,5,482828.4676,2804636.46050842,-0.03,MEDIUM,1.0,wide_40pct,0.4,0.002904,3e-05,0.3,-0.297126,0.0097,3e-05,False
0xaa5fe7dcc07dcb8b7afcd1b93874e7cb1e0ab50b,aerodrome,EURC / WETH 0.05%,EURC,WETH,5,482828.4676,2804636.46050842,-0.03,MEDIUM,3.0,wide_40pct,0.4,0.008713,9e-05,0.3,-0.291377,0.029,3e-05,False
0xaa5fe7dcc07dcb8b7afcd1b93874e7cb1e0ab50b,aerodrome,EURC / WETH 0.05%,EURC,WETH,5,482828.4676,2804636.46050842,-0.03,MEDIUM,5.0,wide_40pct,0.4,0.014522,0.00015,0.3,-0.285628,0.0484,3e-05,False
0xaa5fe7dcc07dcb8b7afcd1b93874e7cb1e0ab50b,aerodrome,EURC / WETH 0.05%,EURC,WETH,5,482828.4676,2804636.46050842,-0.03,MEDIUM,10.0,wide_40pct,0.4,0.029044,0.0003,0.3,-0.271256,0.0968,3e-05,False
0x8a8e4170c09074b109352190d47e54d7c1f61e4e,aerodrome,PROS / USDC 0.01%,PROS,USDC,1,887244.2829,2664378.25917972,0.005,MEDIUM,1.0,narrow_5pct,0.05,0.0003,3e-05,0.3,-0.29973,0.001,3e-05,False
0x8a8e4170c09074b109352190d47e54d7c1f61e4e,aerodrome,PROS / USDC 0.01%,PROS,USDC,1,887244.2829,2664378.25917972,0.005,MEDIUM,3.0,narrow_5pct,0.05,0.000901,9e-05,0.3,-0.299189,0.003,3e-05,False
0x8a8e4170c09074b109352190d47e54d7c1f61e4e,aerodrome,PROS / USDC 0.01%,PROS,USDC,1,887244.2829,2664378.25917972,0.005,MEDIUM,5.0,narrow_5pct,0.05,0.001501,0.00015,0.3,-0.298649,0.005,3e-05,False
0x8a8e4170c09074b109352190d47e54d7c1f61e4e,aerodrome,PROS / USDC 0.01%,PROS,USDC,1,887244.2829,2664378.25917972,0.005,MEDIUM,10.0,narrow_5pct,0.05,0.003003,0.0003,0.3,-0.297297,0.01,3e-05,False
0x8a8e4170c09074b109352190d47e54d7c1f61e4e,aerodrome,PROS / USDC 0.01%,PROS,USDC,1,887244.2829,2664378.25917972,0.005,MEDIUM,1.0,medium_15pct,0.15,0.0003,1.5e-05,0.3,-0.299715,0.001,1.5e-05,False
0x8a8e4170c09074b109352190d47e54d7c1f61e4e,aerodrome,PROS / USDC 0.01%,PROS,USDC,1,887244.2829,2664378.25917972,0.005,MEDIUM,3.0,medium_15pct,0.15,0.000901,4.5e-05,0.3,-0.299144,0.003,1.5e-05,False
0x8a8e4170c09074b109352190d47e54d7c1f61e4e,aerodrome,PROS / USDC 0.01%,PROS,USDC,1,887244.2829,2664378.25917972,0.005,MEDIUM,5.0,medium_15pct,0.15,0.001501,7.5e-05,0.3,-0.298574,0.005,1.5e-05,False
0x8a8e4170c09074b109352190d47e54d7c1f61e4e,aerodrome,PROS / USDC 0.01%,PROS,USDC,1,887244.2829,2664378.25917972,0.005,MEDIUM,10.0,medium_15pct,0.15,0.003003,0.00015,0.3,-0.297147,0.01,1.5e-05,False
0x8a8e4170c09074b109352190d47e54d7c1f61e4e,aerodrome,PROS / USDC 0.01%,PROS,USDC,1,887244.2829,2664378.25917972,0.005,MEDIUM,1.0,wide_40pct,0.4,0.0003,5e-06,0.3,-0.299705,0.001,5e-06,False
0x8a8e4170c09074b109352190d47e54d7c1f61e4e,aerodrome,PROS / USDC 0.01%,PROS,USDC,1,887244.2829,2664378.25917972,0.005,MEDIUM,3.0,wide_40pct,0.4,0.000901,1.5e-05,0.3,-0.299114,0.003,5e-06,False
0x8a8e4170c09074b109352190d47e54d7c1f61e4e,aerodrome,PROS / USDC 0.01%,PROS,USDC,1,887244.2829,2664378.25917972,0.005,MEDIUM,5.0,wide_40pct,0.4,0.001501,2.5e-05,0.3,-0.298524,0.005,5e-06,False
0x8a8e4170c09074b109352190d47e54d7c1f61e4e,aerodrome,PROS / USDC 0.01%,PROS,USDC,1,887244.2829,2664378.25917972,0.005,MEDIUM,10.0,wide_40pct,0.4,0.003003,5e-05,0.3,-0.297047,0.01,5e-06,False
0x2fbe93bf7177596c5d04675bdcef7bacaf98bd954dc26829fcda39f122239459,aerodrome,ETH / cbBTC 0.05%,ETH,cbBTC,5,1452275.2938,2608026.24448505,0.627,MEDIUM,1.0,narrow_5pct,0.05,0.000898,0.003762,0.3,-0.302864,0.003,0.003762,False
0x2fbe93bf7177596c5d04675bdcef7bacaf98bd954dc26829fcda39f122239459,aerodrome,ETH / cbBTC 0.05%,ETH,cbBTC,5,1452275.2938,2608026.24448505,0.627,MEDIUM,3.0,narrow_5pct,0.05,0.002694,0.011286,0.3,-0.308592,0.009,0.003762,False
0x2fbe93bf7177596c5d04675bdcef7bacaf98bd954dc26829fcda39f122239459,aerodrome,ETH / cbBTC 0.05%,ETH,cbBTC,5,1452275.2938,2608026.24448505,0.627,MEDIUM,5.0,narrow_5pct,0.05,0.00449,0.01881,0.3,-0.31432,0.015,0.003762,False
0x2fbe93bf7177596c5d04675bdcef7bacaf98bd954dc26829fcda39f122239459,aerodrome,ETH / cbBTC 0.05%,ETH,cbBTC,5,1452275.2938,2608026.24448505,0.627,MEDIUM,10.0,narrow_5pct,0.05,0.008979,0.03762,0.3,-0.328641,0.0299,0.003762,False
0x2fbe93bf7177596c5d04675bdcef7bacaf98bd954dc26829fcda39f122239459,aerodrome,ETH / cbBTC 0.05%,ETH,cbBTC,5,1452275.2938,2608026.24448505,0.627,MEDIUM,1.0,medium_15pct,0.15,0.000898,0.001881,0.3,-0.300983,0.003,0.001881,False
0x2fbe93bf7177596c5d04675bdcef7bacaf98bd954dc26829fcda39f122239459,aerodrome,ETH / cbBTC 0.05%,ETH,cbBTC,5,1452275.2938,2608026.24448505,0.627,MEDIUM,3.0,medium_15pct,0.15,0.002694,0.005643,0.3,-0.302949,0.009,0.001881,False
0x2fbe93bf7177596c5d04675bdcef7bacaf98bd954dc26829fcda39f122239459,aerodrome,ETH / cbBTC 0.05%,ETH,cbBTC,5,1452275.2938,2608026.24448505,0.627,MEDIUM,5.0,medium_15pct,0.15,0.00449,0.009405,0.3,-0.304915,0.015,0.001881,False
0x2fbe93bf7177596c5d04675bdcef7bacaf98bd954dc26829fcda39f122239459,aerodrome,ETH / cbBTC 0.05%,ETH,cbBTC,5,1452275.2938,2608026.24448505,0.627,MEDIUM,10.0,medium_15pct,0.15,0.008979,0.01881,0.3,-0.309831,0.0299,0.001881,False
0x2fbe93bf7177596c5d04675bdcef7bacaf98bd954dc26829fcda39f122239459,aerodrome,ETH / cbBTC 0.05%,ETH,cbBTC,5,1452275.2938,2608026.24448505,0.627,MEDIUM,1.0,wide_40pct,0.4,0.000898,0.000627,0.3,-0.299729,0.003,0.000627,False
0x2fbe93bf7177596c5d04675bdcef7bacaf98bd954dc26829fcda39f122239459,aerodrome,ETH / cbBTC 0.05%,ETH,cbBTC,5,1452275.2938,2608026.24448505,0.627,MEDIUM,3.0,wide_40pct,0.4,0.002694,0.001881,0.3,-0.299187,0.009,0.000627,False
0x2fbe93bf7177596c5d04675bdcef7bacaf98bd954dc26829fcda39f122239459,aerodrome,ETH / cbBTC 0.05%,ETH,cbBTC,5,1452275.2938,2608026.24448505,0.627,MEDIUM,5.0,wide_40pct,0.4,0.00449,0.003135,0.3,-0.298645,0.015,0.000627,False
0x2fbe93bf7177596c5d04675bdcef7bacaf98bd954dc26829fcda39f122239459,aerodrome,ETH / cbBTC 0.05%,ETH,cbBTC,5,1452275.2938,2608026.24448505,0.627,MEDIUM,10.0,wide_40pct,0.4,0.008979,0.00627,0.3,-0.297291,0.0299,0.000627,False
0x9785ef59e2b499fb741674ecf6faf912df7b3c1b,aerodrome,USDT / WETH 0.05%,USDT,WETH,5,180457.5018,2491217.95072521,-0.033,MEDIUM,1.0,narrow_5pct,0.05,0.006903,0.000198,0.3,-0.293295,0.023,0.000198,False
0x9785ef59e2b499fb741674ecf6faf912df7b3c1b,aerodrome,USDT / WETH 0.05%,USDT,WETH,5,180457.5018,2491217.95072521,-0.033,MEDIUM,3.0,narrow_5pct,0.05,0.020708,0.000594,0.3,-0.279886,0.069,0.000198,False
0x9785ef59e2b499fb741674ecf6faf912df7b3c1b,aerodrome,USDT / WETH 0.05%,USDT,WETH,5,180457.5018,2491217.95072521,-0.033,MEDIUM,5.0,narrow_5pct,0.05,0.034513,0.00099,0.3,-0.266477,0.115,0.000198,False
0x9785ef59e2b499fb741674ecf6faf912df7b3c1b,aerodrome,USDT / WETH 0.05%,USDT,WETH,5,180457.5018,2491217.95072521,-0.033,MEDIUM,10.0,narrow_5pct,0.05,0.069025,0.00198,0.3,-0.232955,0.2301,0.000198,False
0x9785ef59e2b499fb741674ecf6faf912df7b3c1b,aerodrome,USDT / WETH 0.05%,USDT,WETH,5,180457.5018,2491217.95072521,-0.033,MEDIUM,1.0,medium_15pct,0.15,0.006903,9.9e-05,0.3,-0.293196,0.023,9.9e-05,False
0x9785ef59e2b499fb741674ecf6faf912df7b3c1b,aerodrome,USDT / WETH 0.05%,USDT,WETH,5,180457.5018,2491217.95072521,-0.033,MEDIUM,3.0,medium_15pct,0.15,0.020708,0.000297,0.3,-0.279589,0.069,9.9e-05,False
0x9785ef59e2b499fb741674ecf6faf912df7b3c1b,aerodrome,USDT / WETH 0.05%,USDT,WETH,5,180457.5018,2491217.95072521,-0.033,MEDIUM,5.0,medium_15pct,0.15,0.034513,0.000495,0.3,-0.265982,0.115,9.9e-05,False
0x9785ef59e2b499fb741674ecf6faf912df7b3c1b,aerodrome,USDT / WETH 0.05%,USDT,WETH,5,180457.5018,2491217.95072521,-0.033,MEDIUM,10.0,medium_15pct,0.15,0.069025,0.00099,0.3,-0.231965,0.2301,9.9e-05,False
0x9785ef59e2b499fb741674ecf6faf912df7b3c1b,aerodrome,USDT / WETH 0.05%,USDT,WETH,5,180457.5018,2491217.95072521,-0.033,MEDIUM,1.0,wide_40pct,0.4,0.006903,3.3e-05,0.3,-0.29313,0.023,3.3e-05,False
0x9785ef59e2b499fb741674ecf6faf912df7b3c1b,aerodrome,USDT / WETH 0.05%,USDT,WETH,5,180457.5018,2491217.95072521,-0.033,MEDIUM,3.0,wide_40pct,0.4,0.020708,9.9e-05,0.3,-0.279391,0.069,3.3e-05,False
0x9785ef59e2b499fb741674ecf6faf912df7b3c1b,aerodrome,USDT / WETH 0.05%,USDT,WETH,5,180457.5018,2491217.95072521,-0.033,MEDIUM,5.0,wide_40pct,0.4,0.034513,0.000165,0.3,-0.265652,0.115,3.3e-05,False
0x9785ef59e2b499fb741674ecf6faf912df7b3c1b,aerodrome,USDT / WETH 0.05%,USDT,WETH,5,180457.5018,2491217.95072521,-0.033,MEDIUM,10.0,wide_40pct,0.4,0.069025,0.00033,0.3,-0.231305,0.2301,3.3e-05,False
0xa135b59fe221c0c8d441294f97f96fbc37bc9fbe,aerodrome,VVV / WETH 0.3%,VVV,WETH,30,774834.5818,2447803.85653238,-11.337,MEDIUM,1.0,narrow_5pct,0.05,0.009477,0.068022,0.3,-0.358545,0.0316,0.068022,False
0xa135b59fe221c0c8d441294f97f96fbc37bc9fbe,aerodrome,VVV / WETH 0.3%,VVV,WETH,30,774834.5818,2447803.85653238,-11.337,MEDIUM,3.0,narrow_5pct,0.05,0.028432,0.204066,0.3,-0.475634,0.0948,0.068022,False
0xa135b59fe221c0c8d441294f97f96fbc37bc9fbe,aerodrome,VVV / WETH 0.3%,VVV,WETH,30,774834.5818,2447803.85653238,-11.337,MEDIUM,5.0,narrow_5pct,0.05,0.047387,0.34011,0.3,-0.592723,0.158,0.068022,False
0xa135b59fe221c0c8d441294f97f96fbc37bc9fbe,aerodrome,VVV / WETH 0.3%,VVV,WETH,30,774834.5818,2447803.85653238,-11.337,MEDIUM,10.0,narrow_5pct,0.05,0.094774,0.68022,0.3,-0.885446,0.3159,0.068022,False
0xa135b59fe221c0c8d441294f97f96fbc37bc9fbe,aerodrome,VVV / WETH 0.3%,VVV,WETH,30,774834.5818,2447803.85653238,-11.337,MEDIUM,1.0,medium_15pct,0.15,0.009477,0.034011,0.3,-0.324534,0.0316,0.034011,False
0xa135b59fe221c0c8d441294f97f96fbc37bc9fbe,aerodrome,VVV / WETH 0.3%,VVV,WETH,30,774834.5818,2447803.85653238,-11.337,MEDIUM,3.0,medium_15pct,0.15,0.028432,0.102033,0.3,-0.373601,0.0948,0.034011,False
0xa135b59fe221c0c8d441294f97f96fbc37bc9fbe,aerodrome,VVV / WETH 0.3%,VVV,WETH,30,774834.5818,2447803.85653238,-11.337,MEDIUM,5.0,medium_15pct,0.15,0.047387,0.170055,0.3,-0.422668,0.158,0.034011,False
0xa135b59fe221c0c8d441294f97f96fbc37bc9fbe,aerodrome,VVV / WETH 0.3%,VVV,WETH,30,774834.5818,2447803.85653238,-11.337,MEDIUM,10.0,medium_15pct,0.15,0.094774,0.34011,0.3,-0.545336,0.3159,0.034011,False
0xa135b59fe221c0c8d441294f97f96fbc37bc9fbe,aerodrome,VVV / WETH 0.3%,VVV,WETH,30,774834.5818,2447803.85653238,-11.337,MEDIUM,1.0,wide_40pct,0.4,0.009477,0.011337,0.3,-0.30186,0.0316,0.011337,False
0xa135b59fe221c0c8d441294f97f96fbc37bc9fbe,aerodrome,VVV / WETH 0.3%,VVV,WETH,30,774834.5818,2447803.85653238,-11.337,MEDIUM,3.0,wide_40pct,0.4,0.028432,0.034011,0.3,-0.305579,0.0948,0.011337,False
0xa135b59fe221c0c8d441294f97f96fbc37bc9fbe,aerodrome,VVV / WETH 0.3%,VVV,WETH,30,774834.5818,2447803.85653238,-11.337,MEDIUM,5.0,wide_40pct,0.4,0.047387,0.056685,0.3,-0.309298,0.158,0.011337,False
0xa135b59fe221c0c8d441294f97f96fbc37bc9fbe,aerodrome,VVV / WETH 0.3%,VVV,WETH,30,774834.5818,2447803.85653238,-11.337,MEDIUM,10.0,wide_40pct,0.4,0.094774,0.11337,0.3,-0.318596,0.3159,0.011337,False
0x29183f918920a2aef0115a9c7374945589968aea,aerodrome,SOSO / USDC 0.01%,SOSO,USDC,1,294167.5021,2173639.51405107,-0.905,MEDIUM,1.0,narrow_5pct,0.05,0.000739,0.00543,0.3,-0.304691,0.0025,0.00543,False
0x29183f918920a2aef0115a9c7374945589968aea,aerodrome,SOSO / USDC 0.01%,SOSO,USDC,1,294167.5021,2173639.51405107,-0.905,MEDIUM,3.0,narrow_5pct,0.05,0.002217,0.01629,0.3,-0.314073,0.0074,0.00543,False
0x29183f918920a2aef0115a9c7374945589968aea,aerodrome,SOSO / USDC 0.01%,SOSO,USDC,1,294167.5021,2173639.51405107,-0.905,MEDIUM,5.0,narrow_5pct,0.05,0.003695,0.02715,0.3,-0.323455,0.0123,0.00543,False
0x29183f918920a2aef0115a9c7374945589968aea,aerodrome,SOSO / USDC 0.01%,SOSO,USDC,1,294167.5021,2173639.51405107,-0.905,MEDIUM,10.0,narrow_5pct,0.05,0.007389,0.0543,0.3,-0.346911,0.0246,0.00543,False
0x29183f918920a2aef0115a9c7374945589968aea,aerodrome,SOSO / USDC 0.01%,SOSO,USDC,1,294167.5021,2173639.51405107,-0.905,MEDIUM,1.0,medium_15pct,0.15,0.000739,0.002715,0.3,-0.301976,0.0025,0.002715,False
0x29183f918920a2aef0115a9c7374945589968aea,aerodrome,SOSO / USDC 0.01%,SOSO,USDC,1,294167.5021,2173639.51405107,-0.905,MEDIUM,3.0,medium_15pct,0.15,0.002217,0.008145,0.3,-0.305928,0.0074,0.002715,False
0x29183f918920a2aef0115a9c7374945589968aea,aerodrome,SOSO / USDC 0.01%,SOSO,USDC,1,294167.5021,2173639.51405107,-0.905,MEDIUM,5.0,medium_15pct,0.15,0.003695,0.013575,0.3,-0.30988,0.0123,0.002715,False
0x29183f918920a2aef0115a9c7374945589968aea,aerodrome,SOSO / USDC 0.01%,SOSO,USDC,1,294167.5021,2173639.51405107,-0.905,MEDIUM,10.0,medium_15pct,0.15,0.007389,0.02715,0.3,-0.319761,0.0246,0.002715,False
0x29183f918920a2aef0115a9c7374945589968aea,aerodrome,SOSO / USDC 0.01%,SOSO,USDC,1,294167.5021,2173639.51405107,-0.905,MEDIUM,1.0,wide_40pct,0.4,0.000739,0.000905,0.3,-0.300166,0.0025,0.000905,False
0x29183f918920a2aef0115a9c7374945589968aea,aerodrome,SOSO / USDC 0.01%,SOSO,USDC,1,294167.5021,2173639.51405107,-0.905,MEDIUM,3.0,wide_40pct,0.4,0.002217,0.002715,0.3,-0.300498,0.0074,0.000905,False
0x29183f918920a2aef0115a9c7374945589968aea,aerodrome,SOSO / USDC 0.01%,SOSO,USDC,1,294167.5021,2173639.51405107,-0.905,MEDIUM,5.0,wide_40pct,0.4,0.003695,0.004525,0.3,-0.30083,0.0123,0.000905,False
0x29183f918920a2aef0115a9c7374945589968aea,aerodrome,SOSO / USDC 0.01%,SOSO,USDC,1,294167.5021,2173639.51405107,-0.905,MEDIUM,10.0,wide_40pct,0.4,0.007389,0.00905,0.3,-0.301661,0.0246,0.000905,False
0xc9034c3e7f58003e6ae0c8438e7c8f4598d5acaa,aerodrome,DEGEN / WETH 0.3%,DEGEN,WETH,30,1438578.8958,1976516.83489753,25.906,MEDIUM,1.0,narrow_5pct,0.05,0.004122,0.155436,0.3,-0.451314,0.0137,0.155436,False
0xc9034c3e7f58003e6ae0c8438e7c8f4598d5acaa,aerodrome,DEGEN / WETH 0.3%,DEGEN,WETH,30,1438578.8958,1976516.83489753,25.906,MEDIUM,3.0,narrow_5pct,0.05,0.012365,0.466308,0.3,-0.753943,0.0412,0.155436,False
0xc9034c3e7f58003e6ae0c8438e7c8f4598d5acaa,aerodrome,DEGEN / WETH 0.3%,DEGEN,WETH,30,1438578.8958,1976516.83489753,25.906,MEDIUM,5.0,narrow_5pct,0.05,0.020609,0.77718,0.3,-1.056571,0.0687,0.155436,False
0xc9034c3e7f58003e6ae0c8438e7c8f4598d5acaa,aerodrome,DEGEN / WETH 0.3%,DEGEN,WETH,30,1438578.8958,1976516.83489753,25.906,MEDIUM,10.0,narrow_5pct,0.05,0.041218,1.55436,0.3,-1.813142,0.1374,0.155436,False
0xc9034c3e7f58003e6ae0c8438e7c8f4598d5acaa,aerodrome,DEGEN / WETH 0.3%,DEGEN,WETH,30,1438578.8958,1976516.83489753,25.906,MEDIUM,1.0,medium_15pct,0.15,0.004122,0.077718,0.3,-0.373596,0.0137,0.077718,False
0xc9034c3e7f58003e6ae0c8438e7c8f4598d5acaa,aerodrome,DEGEN / WETH 0.3%,DEGEN,WETH,30,1438578.8958,1976516.83489753,25.906,MEDIUM,3.0,medium_15pct,0.15,0.012365,0.233154,0.3,-0.520789,0.0412,0.077718,False
0xc9034c3e7f58003e6ae0c8438e7c8f4598d5acaa,aerodrome,DEGEN / WETH 0.3%,DEGEN,WETH,30,1438578.8958,1976516.83489753,25.906,MEDIUM,5.0,medium_15pct,0.15,0.020609,0.38859,0.3,-0.667981,0.0687,0.077718,False
0xc9034c3e7f58003e6ae0c8438e7c8f4598d5acaa,aerodrome,DEGEN / WETH 0.3%,DEGEN,WETH,30,1438578.8958,1976516.83489753,25.906,MEDIUM,10.0,medium_15pct,0.15,0.041218,0.77718,0.3,-1.035962,0.1374,0.077718,False
0xc9034c3e7f58003e6ae0c8438e7c8f4598d5acaa,aerodrome,DEGEN / WETH 0.3%,DEGEN,WETH,30,1438578.8958,1976516.83489753,25.906,MEDIUM,1.0,wide_40pct,0.4,0.004122,0.025906,0.3,-0.321784,0.0137,0.025906,False
0xc9034c3e7f58003e6ae0c8438e7c8f4598d5acaa,aerodrome,DEGEN / WETH 0.3%,DEGEN,WETH,30,1438578.8958,1976516.83489753,25.906,MEDIUM,3.0,wide_40pct,0.4,0.012365,0.077718,0.3,-0.365353,0.0412,0.025906,False
0xc9034c3e7f58003e6ae0c8438e7c8f4598d5acaa,aerodrome,DEGEN / WETH 0.3%,DEGEN,WETH,30,1438578.8958,1976516.83489753,25.906,MEDIUM,5.0,wide_40pct,0.4,0.020609,0.12953,0.3,-0.408921,0.0687,0.025906,False
0xc9034c3e7f58003e6ae0c8438e7c8f4598d5acaa,aerodrome,DEGEN / WETH 0.3%,DEGEN,WETH,30,1438578.8958,1976516.83489753,25.906,MEDIUM,10.0,wide_40pct,0.4,0.041218,0.25906,0.3,-0.517842,0.1374,0.025906,False
0x4e506648d493c8870f55e870480f92f2f33ece51,aerodrome,AERO / WETH 0.3%,AERO,WETH,30,2289796.0317,1795997.47106072,1.755,MEDIUM,1.0,narrow_5pct,0.05,0.002353,0.01053,0.3,-0.308177,0.0078,0.01053,False
0x4e506648d493c8870f55e870480f92f2f33ece51,aerodrome,AERO / WETH 0.3%,AERO,WETH,30,2289796.0317,1795997.47106072,1.755,MEDIUM,3.0,narrow_5pct,0.05,0.007059,0.03159,0.3,-0.324531,0.0235,0.01053,False
0x4e506648d493c8870f55e870480f92f2f33ece51,aerodrome,AERO / WETH 0.3%,AERO,WETH,30,2289796.0317,1795997.47106072,1.755,MEDIUM,5.0,narrow_5pct,0.05,0.011765,0.05265,0.3,-0.340885,0.0392,0.01053,False
0x4e506648d493c8870f55e870480f92f2f33ece51,aerodrome,AERO / WETH 0.3%,AERO,WETH,30,2289796.0317,1795997.47106072,1.755,MEDIUM,10.0,narrow_5pct,0.05,0.02353,0.1053,0.3,-0.38177,0.0784,0.01053,False
0x4e506648d493c8870f55e870480f92f2f33ece51,aerodrome,AERO / WETH 0.3%,AERO,WETH,30,2289796.0317,1795997.47106072,1.755,MEDIUM,1.0,medium_15pct,0.15,0.002353,0.005265,0.3,-0.302912,0.0078,0.005265,False
0x4e506648d493c8870f55e870480f92f2f33ece51,aerodrome,AERO / WETH 0.3%,AERO,WETH,30,2289796.0317,1795997.47106072,1.755,MEDIUM,3.0,medium_15pct,0.15,0.007059,0.015795,0.3,-0.308736,0.0235,0.005265,False
0x4e506648d493c8870f55e870480f92f2f33ece51,aerodrome,AERO / WETH 0.3%,AERO,WETH,30,2289796.0317,1795997.47106072,1.755,MEDIUM,5.0,medium_15pct,0.15,0.011765,0.026325,0.3,-0.31456,0.0392,0.005265,False
0x4e506648d493c8870f55e870480f92f2f33ece51,aerodrome,AERO / WETH 0.3%,AERO,WETH,30,2289796.0317,1795997.47106072,1.755,MEDIUM,10.0,medium_15pct,0.15,0.02353,0.05265,0.3,-0.32912,0.0784,0.005265,False
0x4e506648d493c8870f55e870480f92f2f33ece51,aerodrome,AERO / WETH 0.3%,AERO,WETH,30,2289796.0317,1795997.47106072,1.755,MEDIUM,1.0,wide_40pct,0.4,0.002353,0.001755,0.3,-0.299402,0.0078,0.001755,False
0x4e506648d493c8870f55e870480f92f2f33ece51,aerodrome,AERO / WETH 0.3%,AERO,WETH,30,2289796.0317,1795997.47106072,1.755,MEDIUM,3.0,wide_40pct,0.4,0.007059,0.005265,0.3,-0.298206,0.0235,0.001755,False
0x4e506648d493c8870f55e870480f92f2f33ece51,aerodrome,AERO / WETH 0.3%,AERO,WETH,30,2289796.0317,1795997.47106072,1.755,MEDIUM,5.0,wide_40pct,0.4,0.011765,0.008775,0.3,-0.29701,0.0392,0.001755,False
0x4e506648d493c8870f55e870480f92f2f33ece51,aerodrome,AERO / WETH 0.3%,AERO,WETH,30,2289796.0317,1795997.47106072,1.755,MEDIUM,10.0,wide_40pct,0.4,0.02353,0.01755,0.3,-0.29402,0.0784,0.001755,False
0x8c7080564b5a792a33ef2fd473fba6364d5495e5,aerodrome,cbBTC / WETH 0.3%,cbBTC,WETH,30,9110934.5573,1731673.26767178,1.126,MEDIUM,1.0,narrow_5pct,0.05,0.00057,0.006756,0.3,-0.306186,0.0019,0.006756,False
0x8c7080564b5a792a33ef2fd473fba6364d5495e5,aerodrome,cbBTC / WETH 0.3%,cbBTC,WETH,30,9110934.5573,1731673.26767178,1.126,MEDIUM,3.0,narrow_5pct,0.05,0.001711,0.020268,0.3,-0.318557,0.0057,0.006756,False
0x8c7080564b5a792a33ef2fd473fba6364d5495e5,aerodrome,cbBTC / WETH 0.3%,cbBTC,WETH,30,9110934.5573,1731673.26767178,1.126,MEDIUM,5.0,narrow_5pct,0.05,0.002851,0.03378,0.3,-0.330929,0.0095,0.006756,False
0x8c7080564b5a792a33ef2fd473fba6364d5495e5,aerodrome,cbBTC / WETH 0.3%,cbBTC,WETH,30,9110934.5573,1731673.26767178,1.126,MEDIUM,10.0,narrow_5pct,0.05,0.005702,0.06756,0.3,-0.361858,0.019,0.006756,False
0x8c7080564b5a792a33ef2fd473fba6364d5495e5,aerodrome,cbBTC / WETH 0.3%,cbBTC,WETH,30,9110934.5573,1731673.26767178,1.126,MEDIUM,1.0,medium_15pct,0.15,0.00057,0.003378,0.3,-0.302808,0.0019,0.003378,False
0x8c7080564b5a792a33ef2fd473fba6364d5495e5,aerodrome,cbBTC / WETH 0.3%,cbBTC,WETH,30,9110934.5573,1731673.26767178,1.126,MEDIUM,3.0,medium_15pct,0.15,0.001711,0.010134,0.3,-0.308423,0.0057,0.003378,False
0x8c7080564b5a792a33ef2fd473fba6364d5495e5,aerodrome,cbBTC / WETH 0.3%,cbBTC,WETH,30,9110934.5573,1731673.26767178,1.126,MEDIUM,5.0,medium_15pct,0.15,0.002851,0.01689,0.3,-0.314039,0.0095,0.003378,False
0x8c7080564b5a792a33ef2fd473fba6364d5495e5,aerodrome,cbBTC / WETH 0.3%,cbBTC,WETH,30,9110934.5573,1731673.26767178,1.126,MEDIUM,10.0,medium_15pct,0.15,0.005702,0.03378,0.3,-0.328078,0.019,0.003378,False
0x8c7080564b5a792a33ef2fd473fba6364d5495e5,aerodrome,cbBTC / WETH 0.3%,cbBTC,WETH,30,9110934.5573,1731673.26767178,1.126,MEDIUM,1.0,wide_40pct,0.4,0.00057,0.001126,0.3,-0.300556,0.0019,0.001126,False
0x8c7080564b5a792a33ef2fd473fba6364d5495e5,aerodrome,cbBTC / WETH 0.3%,cbBTC,WETH,30,9110934.5573,1731673.26767178,1.126,MEDIUM,3.0,wide_40pct,0.4,0.001711,0.003378,0.3,-0.301667,0.0057,0.001126,False
0x8c7080564b5a792a33ef2fd473fba6364d5495e5,aerodrome,cbBTC / WETH 0.3%,cbBTC,WETH,30,9110934.5573,1731673.26767178,1.126,MEDIUM,5.0,wide_40pct,0.4,0.002851,0.00563,0.3,-0.302779,0.0095,0.001126,False
0x8c7080564b5a792a33ef2fd473fba6364d5495e5,aerodrome,cbBTC / WETH 0.3%,cbBTC,WETH,30,9110934.5573,1731673.26767178,1.126,MEDIUM,10.0,wide_40pct,0.4,0.005702,0.01126,0.3,-0.305558,0.019,0.001126,False
0xe070797535b13431808f8fc81fdbe7b41362960ed0b55bc2b6117c49c51b7eb9,aerodrome,ETH / USDC 0.3%,ETH,USDC,30,3380017.1646,1604569.97688043,0.767,MEDIUM,1.0,narrow_5pct,0.05,0.001424,0.004602,0.3,-0.303178,0.0047,0.004602,False
0xe070797535b13431808f8fc81fdbe7b41362960ed0b55bc2b6117c49c51b7eb9,aerodrome,ETH / USDC 0.3%,ETH,USDC,30,3380017.1646,1604569.97688043,0.767,MEDIUM,3.0,narrow_5pct,0.05,0.004273,0.013806,0.3,-0.309533,0.0142,0.004602,False
0xe070797535b13431808f8fc81fdbe7b41362960ed0b55bc2b6117c49c51b7eb9,aerodrome,ETH / USDC 0.3%,ETH,USDC,30,3380017.1646,1604569.97688043,0.767,MEDIUM,5.0,narrow_5pct,0.05,0.007121,0.02301,0.3,-0.315889,0.0237,0.004602,False
0xe070797535b13431808f8fc81fdbe7b41362960ed0b55bc2b6117c49c51b7eb9,aerodrome,ETH / USDC 0.3%,ETH,USDC,30,3380017.1646,1604569.97688043,0.767,MEDIUM,10.0,narrow_5pct,0.05,0.014242,0.04602,0.3,-0.331778,0.0475,0.004602,False
0xe070797535b13431808f8fc81fdbe7b41362960ed0b55bc2b6117c49c51b7eb9,aerodrome,ETH / USDC 0.3%,ETH,USDC,30,3380017.1646,1604569.97688043,0.767,MEDIUM,1.0,medium_15pct,0.15,0.001424,0.002301,0.3,-0.300877,0.0047,0.002301,False
0xe070797535b13431808f8fc81fdbe7b41362960ed0b55bc2b6117c49c51b7eb9,aerodrome,ETH / USDC 0.3%,ETH,USDC,30,3380017.1646,1604569.97688043,0.767,MEDIUM,3.0,medium_15pct,0.15,0.004273,0.006903,0.3,-0.30263,0.0142,0.002301,False
0xe070797535b13431808f8fc81fdbe7b41362960ed0b55bc2b6117c49c51b7eb9,aerodrome,ETH / USDC 0.3%,ETH,USDC,30,3380017.1646,1604569.97688043,0.767,MEDIUM,5.0,medium_15pct,0.15,0.007121,0.011505,0.3,-0.304384,0.0237,0.002301,False
0xe070797535b13431808f8fc81fdbe7b41362960ed0b55bc2b6117c49c51b7eb9,aerodrome,ETH / USDC 0.3%,ETH,USDC,30,3380017.1646,1604569.97688043,0.767,MEDIUM,10.0,medium_15pct,0.15,0.014242,0.02301,0.3,-0.308768,0.0475,0.002301,False
0xe070797535b13431808f8fc81fdbe7b41362960ed0b55bc2b6117c49c51b7eb9,aerodrome,ETH / USDC 0.3%,ETH,USDC,30,3380017.1646,1604569.97688043,0.767,MEDIUM,1.0,wide_40pct,0.4,0.001424,0.000767,0.3,-0.299343,0.0047,0.000767,False
0xe070797535b13431808f8fc81fdbe7b41362960ed0b55bc2b6117c49c51b7eb9,aerodrome,ETH / USDC 0.3%,ETH,USDC,30,3380017.1646,1604569.97688043,0.767,MEDIUM,3.0,wide_40pct,0.4,0.004273,0.002301,0.3,-0.298028,0.0142,0.000767,False
0xe070797535b13431808f8fc81fdbe7b41362960ed0b55bc2b6117c49c51b7eb9,aerodrome,ETH / USDC 0.3%,ETH,USDC,30,3380017.1646,1604569.97688043,0.767,MEDIUM,5.0,wide_40pct,0.4,0.007121,0.003835,0.3,-0.296714,0.0237,0.000767,False
0xe070797535b13431808f8fc81fdbe7b41362960ed0b55bc2b6117c49c51b7eb9,aerodrome,ETH / USDC 0.3%,ETH,USDC,30,3380017.1646,1604569.97688043,0.767,MEDIUM,10.0,wide_40pct,0.4,0.014242,0.00767,0.3,-0.293428,0.0475,0.000767,False
0xec558e484cc9f2210714e345298fdc53b253c27d,aerodrome,cbBTC / USDC 0.3%,cbBTC,USDC,30,4741671.606,1521537.34738314,1.026,MEDIUM,1.0,narrow_5pct,0.05,0.000963,0.006156,0.3,-0.305193,0.0032,0.006156,False
0xec558e484cc9f2210714e345298fdc53b253c27d,aerodrome,cbBTC / USDC 0.3%,cbBTC,USDC,30,4741671.606,1521537.34738314,1.026,MEDIUM,3.0,narrow_5pct,0.05,0.002888,0.018468,0.3,-0.31558,0.0096,0.006156,False
0xec558e484cc9f2210714e345298fdc53b253c27d,aerodrome,cbBTC / USDC 0.3%,cbBTC,USDC,30,4741671.606,1521537.34738314,1.026,MEDIUM,5.0,narrow_5pct,0.05,0.004813,0.03078,0.3,-0.325967,0.016,0.006156,False
0xec558e484cc9f2210714e345298fdc53b253c27d,aerodrome,cbBTC / USDC 0.3%,cbBTC,USDC,30,4741671.606,1521537.34738314,1.026,MEDIUM,10.0,narrow_5pct,0.05,0.009627,0.06156,0.3,-0.351933,0.0321,0.006156,False
0xec558e484cc9f2210714e345298fdc53b253c27d,aerodrome,cbBTC / USDC 0.3%,cbBTC,USDC,30,4741671.606,1521537.34738314,1.026,MEDIUM,1.0,medium_15pct,0.15,0.000963,0.003078,0.3,-0.302115,0.0032,0.003078,False
0xec558e484cc9f2210714e345298fdc53b253c27d,aerodrome,cbBTC / USDC 0.3%,cbBTC,USDC,30,4741671.606,1521537.34738314,1.026,MEDIUM,3.0,medium_15pct,0.15,0.002888,0.009234,0.3,-0.306346,0.0096,0.003078,False
0xec558e484cc9f2210714e345298fdc53b253c27d,aerodrome,cbBTC / USDC 0.3%,cbBTC,USDC,30,4741671.606,1521537.34738314,1.026,MEDIUM,5.0,medium_15pct,0.15,0.004813,0.01539,0.3,-0.310577,0.016,0.003078,False
0xec558e484cc9f2210714e345298fdc53b253c27d,aerodrome,cbBTC / USDC 0.3%,cbBTC,USDC,30,4741671.606,1521537.34738314,1.026,MEDIUM,10.0,medium_15pct,0.15,0.009627,0.03078,0.3,-0.321153,0.0321,0.003078,False
0xec558e484cc9f2210714e345298fdc53b253c27d,aerodrome,cbBTC / USDC 0.3%,cbBTC,USDC,30,4741671.606,1521537.34738314,1.026,MEDIUM,1.0,wide_40pct,0.4,0.000963,0.001026,0.3,-0.300063,0.0032,0.001026,False
0xec558e484cc9f2210714e345298fdc53b253c27d,aerodrome,cbBTC / USDC 0.3%,cbBTC,USDC,30,4741671.606,1521537.34738314,1.026,MEDIUM,3.0,wide_40pct,0.4,0.002888,0.003078,0.3,-0.30019,0.0096,0.001026,False
0xec558e484cc9f2210714e345298fdc53b253c27d,aerodrome,cbBTC / USDC 0.3%,cbBTC,USDC,30,4741671.606,1521537.34738314,1.026,MEDIUM,5.0,wide_40pct,0.4,0.004813,0.00513,0.3,-0.300317,0.016,0.001026,False
0xec558e484cc9f2210714e345298fdc53b253c27d,aerodrome,cbBTC / USDC 0.3%,cbBTC,USDC,30,4741671.606,1521537.34738314,1.026,MEDIUM,10.0,wide_40pct,0.4,0.009627,0.01026,0.3,-0.300633,0.0321,0.001026,False
0x9c087eb773291e50cf6c6a90ef0f4500e349b903,aerodrome,VIRTUAL / WETH 0.05%,VIRTUAL,WETH,5,411923.4164,1302940.53490841,-2.209,MEDIUM,1.0,narrow_5pct,0.05,0.001582,0.013254,0.3,-0.311672,0.0053,0.013254,False
0x9c087eb773291e50cf6c6a90ef0f4500e349b903,aerodrome,VIRTUAL / WETH 0.05%,VIRTUAL,WETH,5,411923.4164,1302940.53490841,-2.209,MEDIUM,3.0,narrow_5pct,0.05,0.004745,0.039762,0.3,-0.335017,0.0158,0.013254,False
0x9c087eb773291e50cf6c6a90ef0f4500e349b903,aerodrome,VIRTUAL / WETH 0.05%,VIRTUAL,WETH,5,411923.4164,1302940.53490841,-2.209,MEDIUM,5.0,narrow_5pct,0.05,0.007908,0.06627,0.3,-0.358362,0.0264,0.013254,False
0x9c087eb773291e50cf6c6a90ef0f4500e349b903,aerodrome,VIRTUAL / WETH 0.05%,VIRTUAL,WETH,5,411923.4164,1302940.53490841,-2.209,MEDIUM,10.0,narrow_5pct,0.05,0.015815,0.13254,0.3,-0.416725,0.0527,0.013254,False
0x9c087eb773291e50cf6c6a90ef0f4500e349b903,aerodrome,VIRTUAL / WETH 0.05%,VIRTUAL,WETH,5,411923.4164,1302940.53490841,-2.209,MEDIUM,1.0,medium_15pct,0.15,0.001582,0.006627,0.3,-0.305045,0.0053,0.006627,False
0x9c087eb773291e50cf6c6a90ef0f4500e349b903,aerodrome,VIRTUAL / WETH 0.05%,VIRTUAL,WETH,5,411923.4164,1302940.53490841,-2.209,MEDIUM,3.0,medium_15pct,0.15,0.004745,0.019881,0.3,-0.315136,0.0158,0.006627,False
0x9c087eb773291e50cf6c6a90ef0f4500e349b903,aerodrome,VIRTUAL / WETH 0.05%,VIRTUAL,WETH,5,411923.4164,1302940.53490841,-2.209,MEDIUM,5.0,medium_15pct,0.15,0.007908,0.033135,0.3,-0.325227,0.0264,0.006627,False
0x9c087eb773291e50cf6c6a90ef0f4500e349b903,aerodrome,VIRTUAL / WETH 0.05%,VIRTUAL,WETH,5,411923.4164,1302940.53490841,-2.209,MEDIUM,10.0,medium_15pct,0.15,0.015815,0.06627,0.3,-0.350455,0.0527,0.006627,False
0x9c087eb773291e50cf6c6a90ef0f4500e349b903,aerodrome,VIRTUAL / WETH 0.05%,VIRTUAL,WETH,5,411923.4164,1302940.53490841,-2.209,MEDIUM,1.0,wide_40pct,0.4,0.001582,0.002209,0.3,-0.300627,0.0053,0.002209,False
0x9c087eb773291e50cf6c6a90ef0f4500e349b903,aerodrome,VIRTUAL / WETH 0.05%,VIRTUAL,WETH,5,411923.4164,1302940.53490841,-2.209,MEDIUM,3.0,wide_40pct,0.4,0.004745,0.006627,0.3,-0.301882,0.0158,0.002209,False
0x9c087eb773291e50cf6c6a90ef0f4500e349b903,aerodrome,VIRTUAL / WETH 0.05%,VIRTUAL,WETH,5,411923.4164,1302940.53490841,-2.209,MEDIUM,5.0,wide_40pct,0.4,0.007908,0.011045,0.3,-0.303137,0.0264,0.002209,False
0x9c087eb773291e50cf6c6a90ef0f4500e349b903,aerodrome,VIRTUAL / WETH 0.05%,VIRTUAL,WETH,5,411923.4164,1302940.53490841,-2.209,MEDIUM,10.0,wide_40pct,0.4,0.015815,0.02209,0.3,-0.306275,0.0527,0.002209,False
0x3c4384f3664b37a3cb5a5cb3452b4b4a3aa1256f,aerodrome,CHECK / USDC 0.25%,CHECK,USDC,25,882055.3507,1140467.20952414,0.595,MEDIUM,1.0,narrow_5pct,0.05,0.003232,0.00357,0.3,-0.300338,0.0108,0.00357,False
0x3c4384f3664b37a3cb5a5cb3452b4b4a3aa1256f,aerodrome,CHECK / USDC 0.25%,CHECK,USDC,25,882055.3507,1140467.20952414,0.595,MEDIUM,3.0,narrow_5pct,0.05,0.009697,0.01071,0.3,-0.301013,0.0323,0.00357,False
0x3c4384f3664b37a3cb5a5cb3452b4b4a3aa1256f,aerodrome,CHECK / USDC 0.25%,CHECK,USDC,25,882055.3507,1140467.20952414,0.595,MEDIUM,5.0,narrow_5pct,0.05,0.016162,0.01785,0.3,-0.301688,0.0539,0.00357,False
0x3c4384f3664b37a3cb5a5cb3452b4b4a3aa1256f,aerodrome,CHECK / USDC 0.25%,CHECK,USDC,25,882055.3507,1140467.20952414,0.595,MEDIUM,10.0,narrow_5pct,0.05,0.032324,0.0357,0.3,-0.303376,0.1077,0.00357,False
0x3c4384f3664b37a3cb5a5cb3452b4b4a3aa1256f,aerodrome,CHECK / USDC 0.25%,CHECK,USDC,25,882055.3507,1140467.20952414,0.595,MEDIUM,1.0,medium_15pct,0.15,0.003232,0.001785,0.3,-0.298553,0.0108,0.001785,False
0x3c4384f3664b37a3cb5a5cb3452b4b4a3aa1256f,aerodrome,CHECK / USDC 0.25%,CHECK,USDC,25,882055.3507,1140467.20952414,0.595,MEDIUM,3.0,medium_15pct,0.15,0.009697,0.005355,0.3,-0.295658,0.0323,0.001785,False
0x3c4384f3664b37a3cb5a5cb3452b4b4a3aa1256f,aerodrome,CHECK / USDC 0.25%,CHECK,USDC,25,882055.3507,1140467.20952414,0.595,MEDIUM,5.0,medium_15pct,0.15,0.016162,0.008925,0.3,-0.292763,0.0539,0.001785,False
0x3c4384f3664b37a3cb5a5cb3452b4b4a3aa1256f,aerodrome,CHECK / USDC 0.25%,CHECK,USDC,25,882055.3507,1140467.20952414,0.595,MEDIUM,10.0,medium_15pct,0.15,0.032324,0.01785,0.3,-0.285526,0.1077,0.001785,False
0x3c4384f3664b37a3cb5a5cb3452b4b4a3aa1256f,aerodrome,CHECK / USDC 0.25%,CHECK,USDC,25,882055.3507,1140467.20952414,0.595,MEDIUM,1.0,wide_40pct,0.4,0.003232,0.000595,0.3,-0.297363,0.0108,0.000595,False
0x3c4384f3664b37a3cb5a5cb3452b4b4a3aa1256f,aerodrome,CHECK / USDC 0.25%,CHECK,USDC,25,882055.3507,1140467.20952414,0.595,MEDIUM,3.0,wide_40pct,0.4,0.009697,0.001785,0.3,-0.292088,0.0323,0.000595,False
0x3c4384f3664b37a3cb5a5cb3452b4b4a3aa1256f,aerodrome,CHECK / USDC 0.25%,CHECK,USDC,25,882055.3507,1140467.20952414,0.595,MEDIUM,5.0,wide_40pct,0.4,0.016162,0.002975,0.3,-0.286813,0.0539,0.000595,False
0x3c4384f3664b37a3cb5a5cb3452b4b4a3aa1256f,aerodrome,CHECK / USDC 0.25%,CHECK,USDC,25,882055.3507,1140467.20952414,0.595,MEDIUM,10.0,wide_40pct,0.4,0.032324,0.00595,0.3,-0.273626,0.1077,0.000595,False
0x1ca42c7219f0cb1b67927e26502320cb98f725bd,aerodrome,EURC / USDC 0.01%,EURC,USDC,1,192519.5447,1127934.18908764,-0.656,MEDIUM,1.0,narrow_5pct,0.05,0.000586,0.003936,0.3,-0.30335,0.002,0.003936,False
0x1ca42c7219f0cb1b67927e26502320cb98f725bd,aerodrome,EURC / USDC 0.01%,EURC,USDC,1,192519.5447,1127934.18908764,-0.656,MEDIUM,3.0,narrow_5pct,0.05,0.001758,0.011808,0.3,-0.31005,0.0059,0.003936,False
0x1ca42c7219f0cb1b67927e26502320cb98f725bd,aerodrome,EURC / USDC 0.01%,EURC,USDC,1,192519.5447,1127934.18908764,-0.656,MEDIUM,5.0,narrow_5pct,0.05,0.002929,0.01968,0.3,-0.316751,0.0098,0.003936,False
0x1ca42c7219f0cb1b67927e26502320cb98f725bd,aerodrome,EURC / USDC 0.01%,EURC,USDC,1,192519.5447,1127934.18908764,-0.656,MEDIUM,10.0,narrow_5pct,0.05,0.005859,0.03936,0.3,-0.333501,0.0195,0.003936,False
0x1ca42c7219f0cb1b67927e26502320cb98f725bd,aerodrome,EURC / USDC 0.01%,EURC,USDC,1,192519.5447,1127934.18908764,-0.656,MEDIUM,1.0,medium_15pct,0.15,0.000586,0.001968,0.3,-0.301382,0.002,0.001968,False
0x1ca42c7219f0cb1b67927e26502320cb98f725bd,aerodrome,EURC / USDC 0.01%,EURC,USDC,1,192519.5447,1127934.18908764,-0.656,MEDIUM,3.0,medium_15pct,0.15,0.001758,0.005904,0.3,-0.304146,0.0059,0.001968,False
0x1ca42c7219f0cb1b67927e26502320cb98f725bd,aerodrome,EURC / USDC 0.01%,EURC,USDC,1,192519.5447,1127934.18908764,-0.656,MEDIUM,5.0,medium_15pct,0.15,0.002929,0.00984,0.3,-0.306911,0.0098,0.001968,False
0x1ca42c7219f0cb1b67927e26502320cb98f725bd,aerodrome,EURC / USDC 0.01%,EURC,USDC,1,192519.5447,1127934.18908764,-0.656,MEDIUM,10.0,medium_15pct,0.15,0.005859,0.01968,0.3,-0.313821,0.0195,0.001968,False
0x1ca42c7219f0cb1b67927e26502320cb98f725bd,aerodrome,EURC / USDC 0.01%,EURC,USDC,1,192519.5447,1127934.18908764,-0.656,MEDIUM,1.0,wide_40pct,0.4,0.000586,0.000656,0.3,-0.30007,0.002,0.000656,False
0x1ca42c7219f0cb1b67927e26502320cb98f725bd,aerodrome,EURC / USDC 0.01%,EURC,USDC,1,192519.5447,1127934.18908764,-0.656,MEDIUM,3.0,wide_40pct,0.4,0.001758,0.001968,0.3,-0.30021,0.0059,0.000656,False
0x1ca42c7219f0cb1b67927e26502320cb98f725bd,aerodrome,EURC / USDC 0.01%,EURC,USDC,1,192519.5447,1127934.18908764,-0.656,MEDIUM,5.0,wide_40pct,0.4,0.002929,0.00328,0.3,-0.300351,0.0098,0.000656,False
0x1ca42c7219f0cb1b67927e26502320cb98f725bd,aerodrome,EURC / USDC 0.01%,EURC,USDC,1,192519.5447,1127934.18908764,-0.656,MEDIUM,10.0,wide_40pct,0.4,0.005859,0.00656,0.3,-0.300701,0.0195,0.000656,False
0xd364eb55e17700b54bd75feb3f14582ed7a29444,aerodrome,MAG7.ssi / USDC 0.3%,MAG7.ssi,USDC,30,5107136.6955,1006724.1164851,0.383,MEDIUM,1.0,narrow_5pct,0.05,0.000591,0.002298,0.3,-0.301707,0.002,0.002298,False
0xd364eb55e17700b54bd75feb3f14582ed7a29444,aerodrome,MAG7.ssi / USDC 0.3%,MAG7.ssi,USDC,30,5107136.6955,1006724.1164851,0.383,MEDIUM,3.0,narrow_5pct,0.05,0.001774,0.006894,0.3,-0.30512,0.0059,0.002298,False
0xd364eb55e17700b54bd75feb3f14582ed7a29444,aerodrome,MAG7.ssi / USDC 0.3%,MAG7.ssi,USDC,30,5107136.6955,1006724.1164851,0.383,MEDIUM,5.0,narrow_5pct,0.05,0.002957,0.01149,0.3,-0.308533,0.0099,0.002298,False
0xd364eb55e17700b54bd75feb3f14582ed7a29444,aerodrome,MAG7.ssi / USDC 0.3%,MAG7.ssi,USDC,30,5107136.6955,1006724.1164851,0.383,MEDIUM,10.0,narrow_5pct,0.05,0.005914,0.02298,0.3,-0.317066,0.0197,0.002298,False
0xd364eb55e17700b54bd75feb3f14582ed7a29444,aerodrome,MAG7.ssi / USDC 0.3%,MAG7.ssi,USDC,30,5107136.6955,1006724.1164851,0.383,MEDIUM,1.0,medium_15pct,0.15,0.000591,0.001149,0.3,-0.300558,0.002,0.001149,False
0xd364eb55e17700b54bd75feb3f14582ed7a29444,aerodrome,MAG7.ssi / USDC 0.3%,MAG7.ssi,USDC,30,5107136.6955,1006724.1164851,0.383,MEDIUM,3.0,medium_15pct,0.15,0.001774,0.003447,0.3,-0.301673,0.0059,0.001149,False
0xd364eb55e17700b54bd75feb3f14582ed7a29444,aerodrome,MAG7.ssi / USDC 0.3%,MAG7.ssi,USDC,30,5107136.6955,1006724.1164851,0.383,MEDIUM,5.0,medium_15pct,0.15,0.002957,0.005745,0.3,-0.302788,0.0099,0.001149,False
0xd364eb55e17700b54bd75feb3f14582ed7a29444,aerodrome,MAG7.ssi / USDC 0.3%,MAG7.ssi,USDC,30,5107136.6955,1006724.1164851,0.383,MEDIUM,10.0,medium_15pct,0.15,0.005914,0.01149,0.3,-0.305576,0.0197,0.001149,False
0xd364eb55e17700b54bd75feb3f14582ed7a29444,aerodrome,MAG7.ssi / USDC 0.3%,MAG7.ssi,USDC,30,5107136.6955,1006724.1164851,0.383,MEDIUM,1.0,wide_40pct,0.4,0.000591,0.000383,0.3,-0.299792,0.002,0.000383,False
0xd364eb55e17700b54bd75feb3f14582ed7a29444,aerodrome,MAG7.ssi / USDC 0.3%,MAG7.ssi,USDC,30,5107136.6955,1006724.1164851,0.383,MEDIUM,3.0,wide_40pct,0.4,0.001774,0.001149,0.3,-0.299375,0.0059,0.000383,False
0xd364eb55e17700b54bd75feb3f14582ed7a29444,aerodrome,MAG7.ssi / USDC 0.3%,MAG7.ssi,USDC,30,5107136.6955,1006724.1164851,0.383,MEDIUM,5.0,wide_40pct,0.4,0.002957,0.001915,0.3,-0.298958,0.0099,0.000383,False
0xd364eb55e17700b54bd75feb3f14582ed7a29444,aerodrome,MAG7.ssi / USDC 0.3%,MAG7.ssi,USDC,30,5107136.6955,1006724.1164851,0.383,MEDIUM,10.0,wide_40pct,0.4,0.005914,0.00383,0.3,-0.297916,0.0197,0.000383,False
0x8bb9eaf3c5a906d20c4cc10ea2f73a3ac2d5d41a,aerodrome,cbETH / cbBTC 0.05%,cbETH,cbBTC,5,469916.9855,1005445.29813682,0.65,MEDIUM,1.0,narrow_5pct,0.05,0.00107,0.0039,0.3,-0.30283,0.0036,0.0039,False
0x8bb9eaf3c5a906d20c4cc10ea2f73a3ac2d5d41a,aerodrome,cbETH / cbBTC 0.05%,cbETH,cbBTC,5,469916.9855,1005445.29813682,0.65,MEDIUM,3.0,narrow_5pct,0.05,0.003209,0.0117,0.3,-0.308491,0.0107,0.0039,False
0x8bb9eaf3c5a906d20c4cc10ea2f73a3ac2d5d41a,aerodrome,cbETH / cbBTC 0.05%,cbETH,cbBTC,5,469916.9855,1005445.29813682,0.65,MEDIUM,5.0,narrow_5pct,0.05,0.005349,0.0195,0.3,-0.314151,0.0178,0.0039,False
0x8bb9eaf3c5a906d20c4cc10ea2f73a3ac2d5d41a,aerodrome,cbETH / cbBTC 0.05%,cbETH,cbBTC,5,469916.9855,1005445.29813682,0.65,MEDIUM,10.0,narrow_5pct,0.05,0.010698,0.039,0.3,-0.328302,0.0357,0.0039,False
0x8bb9eaf3c5a906d20c4cc10ea2f73a3ac2d5d41a,aerodrome,cbETH / cbBTC 0.05%,cbETH,cbBTC,5,469916.9855,1005445.29813682,0.65,MEDIUM,1.0,medium_15pct,0.15,0.00107,0.00195,0.3,-0.30088,0.0036,0.00195,False
0x8bb9eaf3c5a906d20c4cc10ea2f73a3ac2d5d41a,aerodrome,cbETH / cbBTC 0.05%,cbETH,cbBTC,5,469916.9855,1005445.29813682,0.65,MEDIUM,3.0,medium_15pct,0.15,0.003209,0.00585,0.3,-0.302641,0.0107,0.00195,False
0x8bb9eaf3c5a906d20c4cc10ea2f73a3ac2d5d41a,aerodrome,cbETH / cbBTC 0.05%,cbETH,cbBTC,5,469916.9855,1005445.29813682,0.65,MEDIUM,5.0,medium_15pct,0.15,0.005349,0.00975,0.3,-0.304401,0.0178,0.00195,False
0x8bb9eaf3c5a906d20c4cc10ea2f73a3ac2d5d41a,aerodrome,cbETH / cbBTC 0.05%,cbETH,cbBTC,5,469916.9855,1005445.29813682,0.65,MEDIUM,10.0,medium_15pct,0.15,0.010698,0.0195,0.3,-0.308802,0.0357,0.00195,False
0x8bb9eaf3c5a906d20c4cc10ea2f73a3ac2d5d41a,aerodrome,cbETH / cbBTC 0.05%,cbETH,cbBTC,5,469916.9855,1005445.29813682,0.65,MEDIUM,1.0,wide_40pct,0.4,0.00107,0.00065,0.3,-0.29958,0.0036,0.00065,False
0x8bb9eaf3c5a906d20c4cc10ea2f73a3ac2d5d41a,aerodrome,cbETH / cbBTC 0.05%,cbETH,cbBTC,5,469916.9855,1005445.29813682,0.65,MEDIUM,3.0,wide_40pct,0.4,0.003209,0.00195,0.3,-0.298741,0.0107,0.00065,False
0x8bb9eaf3c5a906d20c4cc10ea2f73a3ac2d5d41a,aerodrome,cbETH / cbBTC 0.05%,cbETH,cbBTC,5,469916.9855,1005445.29813682,0.65,MEDIUM,5.0,wide_40pct,0.4,0.005349,0.00325,0.3,-0.297901,0.0178,0.00065,False
0x8bb9eaf3c5a906d20c4cc10ea2f73a3ac2d5d41a,aerodrome,cbETH / cbBTC 0.05%,cbETH,cbBTC,5,469916.9855,1005445.29813682,0.65,MEDIUM,10.0,wide_40pct,0.4,0.010698,0.0065,0.3,-0.295802,0.0357,0.00065,False
0x96d4b53a38337a5733179751781178a2613306063c511b78cd02684739288c0a,aerodrome,ETH / USDC 0.05%,ETH,USDC,5,583364.2938,954310.733553572,0.62,MEDIUM,1.0,narrow_5pct,0.05,0.000818,0.00372,0.3,-0.302902,0.0027,0.00372,False
0x96d4b53a38337a5733179751781178a2613306063c511b78cd02684739288c0a,aerodrome,ETH / USDC 0.05%,ETH,USDC,5,583364.2938,954310.733553572,0.62,MEDIUM,3.0,narrow_5pct,0.05,0.002454,0.01116,0.3,-0.308706,0.0082,0.00372,False
0x96d4b53a38337a5733179751781178a2613306063c511b78cd02684739288c0a,aerodrome,ETH / USDC 0.05%,ETH,USDC,5,583364.2938,954310.733553572,0.62,MEDIUM,5.0,narrow_5pct,0.05,0.00409,0.0186,0.3,-0.31451,0.0136,0.00372,False
0x96d4b53a38337a5733179751781178a2613306063c511b78cd02684739288c0a,aerodrome,ETH / USDC 0.05%,ETH,USDC,5,583364.2938,954310.733553572,0.62,MEDIUM,10.0,narrow_5pct,0.05,0.008179,0.0372,0.3,-0.329021,0.0273,0.00372,False
0x96d4b53a38337a5733179751781178a2613306063c511b78cd02684739288c0a,aerodrome,ETH / USDC 0.05%,ETH,USDC,5,583364.2938,954310.733553572,0.62,MEDIUM,1.0,medium_15pct,0.15,0.000818,0.00186,0.3,-0.301042,0.0027,0.00186,False
0x96d4b53a38337a5733179751781178a2613306063c511b78cd02684739288c0a,aerodrome,ETH / USDC 0.05%,ETH,USDC,5,583364.2938,954310.733553572,0.62,MEDIUM,3.0,medium_15pct,0.15,0.002454,0.00558,0.3,-0.303126,0.0082,0.00186,False
0x96d4b53a38337a5733179751781178a2613306063c511b78cd02684739288c0a,aerodrome,ETH / USDC 0.05%,ETH,USDC,5,583364.2938,954310.733553572,0.62,MEDIUM,5.0,medium_15pct,0.15,0.00409,0.0093,0.3,-0.30521,0.0136,0.00186,False
0x96d4b53a38337a5733179751781178a2613306063c511b78cd02684739288c0a,aerodrome,ETH / USDC 0.05%,ETH,USDC,5,583364.2938,954310.733553572,0.62,MEDIUM,10.0,medium_15pct,0.15,0.008179,0.0186,0.3,-0.310421,0.0273,0.00186,False
0x96d4b53a38337a5733179751781178a2613306063c511b78cd02684739288c0a,aerodrome,ETH / USDC 0.05%,ETH,USDC,5,583364.2938,954310.733553572,0.62,MEDIUM,1.0,wide_40pct,0.4,0.000818,0.00062,0.3,-0.299802,0.0027,0.00062,False
0x96d4b53a38337a5733179751781178a2613306063c511b78cd02684739288c0a,aerodrome,ETH / USDC 0.05%,ETH,USDC,5,583364.2938,954310.733553572,0.62,MEDIUM,3.0,wide_40pct,0.4,0.002454,0.00186,0.3,-0.299406,0.0082,0.00062,False
0x96d4b53a38337a5733179751781178a2613306063c511b78cd02684739288c0a,aerodrome,ETH / USDC 0.05%,ETH,USDC,5,583364.2938,954310.733553572,0.62,MEDIUM,5.0,wide_40pct,0.4,0.00409,0.0031,0.3,-0.29901,0.0136,0.00062,False
0x96d4b53a38337a5733179751781178a2613306063c511b78cd02684739288c0a,aerodrome,ETH / USDC 0.05%,ETH,USDC,5,583364.2938,954310.733553572,0.62,MEDIUM,10.0,wide_40pct,0.4,0.008179,0.0062,0.3,-0.298021,0.0273,0.00062,False
0x0ba69825c4c033e72309f6ac0bde0023b15cc97c,aerodrome,USDC / cbBTC 0.05%,USDC,cbBTC,5,206784.6605,902589.35858536,-0.299,MEDIUM,1.0,narrow_5pct,0.05,0.002182,0.001794,0.3,-0.299612,0.0073,0.001794,False
0x0ba69825c4c033e72309f6ac0bde0023b15cc97c,aerodrome,USDC / cbBTC 0.05%,USDC,cbBTC,5,206784.6605,902589.35858536,-0.299,MEDIUM,3.0,narrow_5pct,0.05,0.006547,0.005382,0.3,-0.298835,0.0218,0.001794,False
0x0ba69825c4c033e72309f6ac0bde0023b15cc97c,aerodrome,USDC / cbBTC 0.05%,USDC,cbBTC,5,206784.6605,902589.35858536,-0.299,MEDIUM,5.0,narrow_5pct,0.05,0.010912,0.00897,0.3,-0.298058,0.0364,0.001794,False
0x0ba69825c4c033e72309f6ac0bde0023b15cc97c,aerodrome,USDC / cbBTC 0.05%,USDC,cbBTC,5,206784.6605,902589.35858536,-0.299,MEDIUM,10.0,narrow_5pct,0.05,0.021824,0.01794,0.3,-0.296116,0.0727,0.001794,False
0x0ba69825c4c033e72309f6ac0bde0023b15cc97c,aerodrome,USDC / cbBTC 0.05%,USDC,cbBTC,5,206784.6605,902589.35858536,-0.299,MEDIUM,1.0,medium_15pct,0.15,0.002182,0.000897,0.3,-0.298715,0.0073,0.000897,False
0x0ba69825c4c033e72309f6ac0bde0023b15cc97c,aerodrome,USDC / cbBTC 0.05%,USDC,cbBTC,5,206784.6605,902589.35858536,-0.299,MEDIUM,3.0,medium_15pct,0.15,0.006547,0.002691,0.3,-0.296144,0.0218,0.000897,False
0x0ba69825c4c033e72309f6ac0bde0023b15cc97c,aerodrome,USDC / cbBTC 0.05%,USDC,cbBTC,5,206784.6605,902589.35858536,-0.299,MEDIUM,5.0,medium_15pct,0.15,0.010912,0.004485,0.3,-0.293573,0.0364,0.000897,False
0x0ba69825c4c033e72309f6ac0bde0023b15cc97c,aerodrome,USDC / cbBTC 0.05%,USDC,cbBTC,5,206784.6605,902589.35858536,-0.299,MEDIUM,10.0,medium_15pct,0.15,0.021824,0.00897,0.3,-0.287146,0.0727,0.000897,False
0x0ba69825c4c033e72309f6ac0bde0023b15cc97c,aerodrome,USDC / cbBTC 0.05%,USDC,cbBTC,5,206784.6605,902589.35858536,-0.299,MEDIUM,1.0,wide_40pct,0.4,0.002182,0.000299,0.3,-0.298117,0.0073,0.000299,False
0x0ba69825c4c033e72309f6ac0bde0023b15cc97c,aerodrome,USDC / cbBTC 0.05%,USDC,cbBTC,5,206784.6605,902589.35858536,-0.299,MEDIUM,3.0,wide_40pct,0.4,0.006547,0.000897,0.3,-0.29435,0.0218,0.000299,False
0x0ba69825c4c033e72309f6ac0bde0023b15cc97c,aerodrome,USDC / cbBTC 0.05%,USDC,cbBTC,5,206784.6605,902589.35858536,-0.299,MEDIUM,5.0,wide_40pct,0.4,0.010912,0.001495,0.3,-0.290583,0.0364,0.000299,False
0x0ba69825c4c033e72309f6ac0bde0023b15cc97c,aerodrome,USDC / cbBTC 0.05%,USDC,cbBTC,5,206784.6605,902589.35858536,-0.299,MEDIUM,10.0,wide_40pct,0.4,0.021824,0.00299,0.3,-0.281166,0.0727,0.000299,False
0xb1383dc47d9971fc999c3a9088f79e744b376e97,aerodrome,cbETH / WETH 0.05%,cbETH,WETH,5,1179119.6643,888184.074839705,0.646,MEDIUM,1.0,narrow_5pct,0.05,0.000377,0.003876,0.3,-0.303499,0.0013,0.003876,False
0xb1383dc47d9971fc999c3a9088f79e744b376e97,aerodrome,cbETH / WETH 0.05%,cbETH,WETH,5,1179119.6643,888184.074839705,0.646,MEDIUM,3.0,narrow_5pct,0.05,0.00113,0.011628,0.3,-0.310498,0.0038,0.003876,False
0xb1383dc47d9971fc999c3a9088f79e744b376e97,aerodrome,cbETH / WETH 0.05%,cbETH,WETH,5,1179119.6643,888184.074839705,0.646,MEDIUM,5.0,narrow_5pct,0.05,0.001883,0.01938,0.3,-0.317497,0.0063,0.003876,False
0xb1383dc47d9971fc999c3a9088f79e744b376e97,aerodrome,cbETH / WETH 0.05%,cbETH,WETH,5,1179119.6643,888184.074839705,0.646,MEDIUM,10.0,narrow_5pct,0.05,0.003766,0.03876,0.3,-0.334994,0.0126,0.003876,False
0xb1383dc47d9971fc999c3a9088f79e744b376e97,aerodrome,cbETH / WETH 0.05%,cbETH,WETH,5,1179119.6643,888184.074839705,0.646,MEDIUM,1.0,medium_15pct,0.15,0.000377,0.001938,0.3,-0.301561,0.0013,0.001938,False
0xb1383dc47d9971fc999c3a9088f79e744b376e97,aerodrome,cbETH / WETH 0.05%,cbETH,WETH,5,1179119.6643,888184.074839705,0.646,MEDIUM,3.0,medium_15pct,0.15,0.00113,0.005814,0.3,-0.304684,0.0038,0.001938,False
0xb1383dc47d9971fc999c3a9088f79e744b376e97,aerodrome,cbETH / WETH 0.05%,cbETH,WETH,5,1179119.6643,888184.074839705,0.646,MEDIUM,5.0,medium_15pct,0.15,0.001883,0.00969,0.3,-0.307807,0.0063,0.001938,False
0xb1383dc47d9971fc999c3a9088f79e744b376e97,aerodrome,cbETH / WETH 0.05%,cbETH,WETH,5,1179119.6643,888184.074839705,0.646,MEDIUM,10.0,medium_15pct,0.15,0.003766,0.01938,0.3,-0.315614,0.0126,0.001938,False
0xb1383dc47d9971fc999c3a9088f79e744b376e97,aerodrome,cbETH / WETH 0.05%,cbETH,WETH,5,1179119.6643,888184.074839705,0.646,MEDIUM,1.0,wide_40pct,0.4,0.000377,0.000646,0.3,-0.300269,0.0013,0.000646,False
0xb1383dc47d9971fc999c3a9088f79e744b376e97,aerodrome,cbETH / WETH 0.05%,cbETH,WETH,5,1179119.6643,888184.074839705,0.646,MEDIUM,3.0,wide_40pct,0.4,0.00113,0.001938,0.3,-0.300808,0.0038,0.000646,False
0xb1383dc47d9971fc999c3a9088f79e744b376e97,aerodrome,cbETH / WETH 0.05%,cbETH,WETH,5,1179119.6643,888184.074839705,0.646,MEDIUM,5.0,wide_40pct,0.4,0.001883,0.00323,0.3,-0.301347,0.0063,0.000646,False
0xb1383dc47d9971fc999c3a9088f79e744b376e97,aerodrome,cbETH / WETH 0.05%,cbETH,WETH,5,1179119.6643,888184.074839705,0.646,MEDIUM,10.0,wide_40pct,0.4,0.003766,0.00646,0.3,-0.302694,0.0126,0.000646,False
0x529d2863a1521d0b57db028168fde2e97120017c,aerodrome,VIRTUAL / USDC 0.3%,VIRTUAL,USDC,30,812257.3659,826151.326453874,-0.988,MEDIUM,1.0,narrow_5pct,0.05,0.003051,0.005928,0.3,-0.302877,0.0102,0.005928,False
0x529d2863a1521d0b57db028168fde2e97120017c,aerodrome,VIRTUAL / USDC 0.3%,VIRTUAL,USDC,30,812257.3659,826151.326453874,-0.988,MEDIUM,3.0,narrow_5pct,0.05,0.009154,0.017784,0.3,-0.30863,0.0305,0.005928,False
0x529d2863a1521d0b57db028168fde2e97120017c,aerodrome,VIRTUAL / USDC 0.3%,VIRTUAL,USDC,30,812257.3659,826151.326453874,-0.988,MEDIUM,5.0,narrow_5pct,0.05,0.015257,0.02964,0.3,-0.314383,0.0509,0.005928,False
0x529d2863a1521d0b57db028168fde2e97120017c,aerodrome,VIRTUAL / USDC 0.3%,VIRTUAL,USDC,30,812257.3659,826151.326453874,-0.988,MEDIUM,10.0,narrow_5pct,0.05,0.030513,0.05928,0.3,-0.328767,0.1017,0.005928,False
0x529d2863a1521d0b57db028168fde2e97120017c,aerodrome,VIRTUAL / USDC 0.3%,VIRTUAL,USDC,30,812257.3659,826151.326453874,-0.988,MEDIUM,1.0,medium_15pct,0.15,0.003051,0.002964,0.3,-0.299913,0.0102,0.002964,False
0x529d2863a1521d0b57db028168fde2e97120017c,aerodrome,VIRTUAL / USDC 0.3%,VIRTUAL,USDC,30,812257.3659,826151.326453874,-0.988,MEDIUM,3.0,medium_15pct,0.15,0.009154,0.008892,0.3,-0.299738,0.0305,0.002964,False
0x529d2863a1521d0b57db028168fde2e97120017c,aerodrome,VIRTUAL / USDC 0.3%,VIRTUAL,USDC,30,812257.3659,826151.326453874,-0.988,MEDIUM,5.0,medium_15pct,0.15,0.015257,0.01482,0.3,-0.299563,0.0509,0.002964,False
0x529d2863a1521d0b57db028168fde2e97120017c,aerodrome,VIRTUAL / USDC 0.3%,VIRTUAL,USDC,30,812257.3659,826151.326453874,-0.988,MEDIUM,10.0,medium_15pct,0.15,0.030513,0.02964,0.3,-0.299127,0.1017,0.002964,False
0x529d2863a1521d0b57db028168fde2e97120017c,aerodrome,VIRTUAL / USDC 0.3%,VIRTUAL,USDC,30,812257.3659,826151.326453874,-0.988,MEDIUM,1.0,wide_40pct,0.4,0.003051,0.000988,0.3,-0.297937,0.0102,0.000988,False
0x529d2863a1521d0b57db028168fde2e97120017c,aerodrome,VIRTUAL / USDC 0.3%,VIRTUAL,USDC,30,812257.3659,826151.326453874,-0.988,MEDIUM,3.0,wide_40pct,0.4,0.009154,0.002964,0.3,-0.29381,0.0305,0.000988,False
0x529d2863a1521d0b57db028168fde2e97120017c,aerodrome,VIRTUAL / USDC 0.3%,VIRTUAL,USDC,30,812257.3659,826151.326453874,-0.988,MEDIUM,5.0,wide_40pct,0.4,0.015257,0.00494,0.3,-0.289683,0.0509,0.000988,False
0x529d2863a1521d0b57db028168fde2e97120017c,aerodrome,VIRTUAL / USDC 0.3%,VIRTUAL,USDC,30,812257.3659,826151.326453874,-0.988,MEDIUM,10.0,wide_40pct,0.4,0.030513,0.00988,0.3,-0.279367,0.1017,0.000988,False
0xf603222de2fd7d8ad98612846faafc3bd3554062b91f077f50042d5c95d31a59,aerodrome,WCLAW / WETH 0.01%,WCLAW,WETH,1,76238.5823,741380.767392571,-33.947,MEDIUM,1.0,narrow_5pct,0.05,0.000972,0.203682,0.3,-0.50271,0.0032,0.203682,False
0xf603222de2fd7d8ad98612846faafc3bd3554062b91f077f50042d5c95d31a59,aerodrome,WCLAW / WETH 0.01%,WCLAW,WETH,1,76238.5823,741380.767392571,-33.947,MEDIUM,3.0,narrow_5pct,0.05,0.002917,0.611046,0.3,-0.908129,0.0097,0.203682,False
0xf603222de2fd7d8ad98612846faafc3bd3554062b91f077f50042d5c95d31a59,aerodrome,WCLAW / WETH 0.01%,WCLAW,WETH,1,76238.5823,741380.767392571,-33.947,MEDIUM,5.0,narrow_5pct,0.05,0.004862,1.01841,0.3,-1.313548,0.0162,0.203682,False
0xf603222de2fd7d8ad98612846faafc3bd3554062b91f077f50042d5c95d31a59,aerodrome,WCLAW / WETH 0.01%,WCLAW,WETH,1,76238.5823,741380.767392571,-33.947,MEDIUM,10.0,narrow_5pct,0.05,0.009724,2.03682,0.3,-2.327096,0.0324,0.203682,False
0xf603222de2fd7d8ad98612846faafc3bd3554062b91f077f50042d5c95d31a59,aerodrome,WCLAW / WETH 0.01%,WCLAW,WETH,1,76238.5823,741380.767392571,-33.947,MEDIUM,1.0,medium_15pct,0.15,0.000972,0.101841,0.3,-0.400869,0.0032,0.101841,False
0xf603222de2fd7d8ad98612846faafc3bd3554062b91f077f50042d5c95d31a59,aerodrome,WCLAW / WETH 0.01%,WCLAW,WETH,1,76238.5823,741380.767392571,-33.947,MEDIUM,3.0,medium_15pct,0.15,0.002917,0.305523,0.3,-0.602606,0.0097,0.101841,False
0xf603222de2fd7d8ad98612846faafc3bd3554062b91f077f50042d5c95d31a59,aerodrome,WCLAW / WETH 0.01%,WCLAW,WETH,1,76238.5823,741380.767392571,-33.947,MEDIUM,5.0,medium_15pct,0.15,0.004862,0.509205,0.3,-0.804343,0.0162,0.101841,False
0xf603222de2fd7d8ad98612846faafc3bd3554062b91f077f50042d5c95d31a59,aerodrome,WCLAW / WETH 0.01%,WCLAW,WETH,1,76238.5823,741380.767392571,-33.947,MEDIUM,10.0,medium_15pct,0.15,0.009724,1.01841,0.3,-1.308686,0.0324,0.101841,False
0xf603222de2fd7d8ad98612846faafc3bd3554062b91f077f50042d5c95d31a59,aerodrome,WCLAW / WETH 0.01%,WCLAW,WETH,1,76238.5823,741380.767392571,-33.947,MEDIUM,1.0,wide_40pct,0.4,0.000972,0.033947,0.3,-0.332975,0.0032,0.033947,False
0xf603222de2fd7d8ad98612846faafc3bd3554062b91f077f50042d5c95d31a59,aerodrome,WCLAW / WETH 0.01%,WCLAW,WETH,1,76238.5823,741380.767392571,-33.947,MEDIUM,3.0,wide_40pct,0.4,0.002917,0.101841,0.3,-0.398924,0.0097,0.033947,False
0xf603222de2fd7d8ad98612846faafc3bd3554062b91f077f50042d5c95d31a59,aerodrome,WCLAW / WETH 0.01%,WCLAW,WETH,1,76238.5823,741380.767392571,-33.947,MEDIUM,5.0,wide_40pct,0.4,0.004862,0.169735,0.3,-0.464873,0.0162,0.033947,False
0xf603222de2fd7d8ad98612846faafc3bd3554062b91f077f50042d5c95d31a59,aerodrome,WCLAW / WETH 0.01%,WCLAW,WETH,1,76238.5823,741380.767392571,-33.947,MEDIUM,10.0,wide_40pct,0.4,0.009724,0.33947,0.3,-0.629746,0.0324,0.033947,False
0x5d0bc342178c8fe2c2f9a9fcc9d52555c99936db,aerodrome,USDbC / USDC 0.05%,USDbC,USDC,5,148772.0151,746204.13464597,-0.774,MEDIUM,1.0,narrow_5pct,0.05,0.002508,0.004644,0.3,-0.302136,0.0084,0.004644,False
0x5d0bc342178c8fe2c2f9a9fcc9d52555c99936db,aerodrome,USDbC / USDC 0.05%,USDbC,USDC,5,148772.0151,746204.13464597,-0.774,MEDIUM,3.0,narrow_5pct,0.05,0.007524,0.013932,0.3,-0.306408,0.0251,0.004644,False
0x5d0bc342178c8fe2c2f9a9fcc9d52555c99936db,aerodrome,USDbC / USDC 0.05%,USDbC,USDC,5,148772.0151,746204.13464597,-0.774,MEDIUM,5.0,narrow_5pct,0.05,0.012539,0.02322,0.3,-0.310681,0.0418,0.004644,False
0x5d0bc342178c8fe2c2f9a9fcc9d52555c99936db,aerodrome,USDbC / USDC 0.05%,USDbC,USDC,5,148772.0151,746204.13464597,-0.774,MEDIUM,10.0,narrow_5pct,0.05,0.025079,0.04644,0.3,-0.321361,0.0836,0.004644,False
0x5d0bc342178c8fe2c2f9a9fcc9d52555c99936db,aerodrome,USDbC / USDC 0.05%,USDbC,USDC,5,148772.0151,746204.13464597,-0.774,MEDIUM,1.0,medium_15pct,0.15,0.002508,0.002322,0.3,-0.299814,0.0084,0.002322,False
0x5d0bc342178c8fe2c2f9a9fcc9d52555c99936db,aerodrome,USDbC / USDC 0.05%,USDbC,USDC,5,148772.0151,746204.13464597,-0.774,MEDIUM,3.0,medium_15pct,0.15,0.007524,0.006966,0.3,-0.299442,0.0251,0.002322,False
0x5d0bc342178c8fe2c2f9a9fcc9d52555c99936db,aerodrome,USDbC / USDC 0.05%,USDbC,USDC,5,148772.0151,746204.13464597,-0.774,MEDIUM,5.0,medium_15pct,0.15,0.012539,0.01161,0.3,-0.299071,0.0418,0.002322,False
0x5d0bc342178c8fe2c2f9a9fcc9d52555c99936db,aerodrome,USDbC / USDC 0.05%,USDbC,USDC,5,148772.0151,746204.13464597,-0.774,MEDIUM,10.0,medium_15pct,0.15,0.025079,0.02322,0.3,-0.298141,0.0836,0.002322,False
0x5d0bc342178c8fe2c2f9a9fcc9d52555c99936db,aerodrome,USDbC / USDC 0.05%,USDbC,USDC,5,148772.0151,746204.13464597,-0.774,MEDIUM,1.0,wide_40pct,0.4,0.002508,0.000774,0.3,-0.298266,0.0084,0.000774,False
0x5d0bc342178c8fe2c2f9a9fcc9d52555c99936db,aerodrome,USDbC / USDC 0.05%,USDbC,USDC,5,148772.0151,746204.13464597,-0.774,MEDIUM,3.0,wide_40pct,0.4,0.007524,0.002322,0.3,-0.294798,0.0251,0.000774,False
0x5d0bc342178c8fe2c2f9a9fcc9d52555c99936db,aerodrome,USDbC / USDC 0.05%,USDbC,USDC,5,148772.0151,746204.13464597,-0.774,MEDIUM,5.0,wide_40pct,0.4,0.012539,0.00387,0.3,-0.291331,0.0418,0.000774,False
0x5d0bc342178c8fe2c2f9a9fcc9d52555c99936db,aerodrome,USDbC / USDC 0.05%,USDbC,USDC,5,148772.0151,746204.13464597,-0.774,MEDIUM,10.0,wide_40pct,0.4,0.025079,0.00774,0.3,-0.282661,0.0836,0.000774,False
