pool_address,notional_usd,hold_window,scenario,base_fee_bps,gross_fee_usd,il_lvr_cost_usd,total_cost_usd,net_ev_usd,net_ev_pct,quote_ready,confidence,heuristic,scope,invalid_reason
5BKxfWMbmYBAEWvyPZS9esPducUba9GqyMjtLCfbaqyF,10,15m,zero_il_lvr,0.02,0,0,0.15588,-0.15588,-1.5588,False,0.3,True,expanded_partial_feed,no quote success; mark heuristic and quote_failed
5BKxfWMbmYBAEWvyPZS9esPducUba9GqyMjtLCfbaqyF,10,15m,optimistic,0.02,0,0.01,0.15588,-0.16588,-1.6588,False,0.3,True,expanded_partial_feed,no quote success; mark heuristic and quote_failed
5BKxfWMbmYBAEWvyPZS9esPducUba9GqyMjtLCfbaqyF,10,15m,realistic,0.02,0,0.05,0.15588,-0.20588,-2.0588,False,0.3,True,expanded_partial_feed,no quote success; mark heuristic and quote_failed
5BKxfWMbmYBAEWvyPZS9esPducUba9GqyMjtLCfbaqyF,10,15m,conservative,0.02,0,0.2,0.15588,-0.35588,-3.5588,False,0.3,True,expanded_partial_feed,no quote success; mark heuristic and quote_failed
5BKxfWMbmYBAEWvyPZS9esPducUba9GqyMjtLCfbaqyF,10,30m,zero_il_lvr,0.02,0,0,0.15588,-0.15588,-1.5588,False,0.3,True,expanded_partial_feed,no quote success; mark heuristic and quote_failed
5BKxfWMbmYBAEWvyPZS9esPducUba9GqyMjtLCfbaqyF,10,30m,optimistic,0.02,0,0.01,0.15588,-0.16588,-1.6588,False,0.3,True,expanded_partial_feed,no quote success; mark heuristic and quote_failed
5BKxfWMbmYBAEWvyPZS9esPducUba9GqyMjtLCfbaqyF,10,30m,realistic,0.02,0,0.05,0.15588,-0.20588,-2.0588,False,0.3,True,expanded_partial_feed,no quote success; mark heuristic and quote_failed
5BKxfWMbmYBAEWvyPZS9esPducUba9GqyMjtLCfbaqyF,10,30m,conservative,0.02,0,0.2,0.15588,-0.35588,-3.5588,False,0.3,True,expanded_partial_feed,no quote success; mark heuristic and quote_failed
5BKxfWMbmYBAEWvyPZS9esPducUba9GqyMjtLCfbaqyF,10,1h,zero_il_lvr,0.02,0,0,0.15588,-0.15588,-1.5588,False,0.3,True,expanded_partial_feed,no quote success; mark heuristic and quote_failed
5BKxfWMbmYBAEWvyPZS9esPducUba9GqyMjtLCfbaqyF,10,1h,optimistic,0.02,0,0.01,0.15588,-0.16588,-1.6588,False,0.3,True,expanded_partial_feed,no quote success; mark heuristic and quote_failed
5BKxfWMbmYBAEWvyPZS9esPducUba9GqyMjtLCfbaqyF,10,1h,realistic,0.02,0,0.05,0.15588,-0.20588,-2.0588,False,0.3,True,expanded_partial_feed,no quote success; mark heuristic and quote_failed
5BKxfWMbmYBAEWvyPZS9esPducUba9GqyMjtLCfbaqyF,10,1h,conservative,0.02,0,0.2,0.15588,-0.35588,-3.5588,False,0.3,True,expanded_partial_feed,no quote success; mark heuristic and quote_failed
5BKxfWMbmYBAEWvyPZS9esPducUba9GqyMjtLCfbaqyF,10,2h,zero_il_lvr,0.02,0,0,0.15588,-0.15588,-1.5588,False,0.3,True,expanded_partial_feed,no quote success; mark heuristic and quote_failed
5BKxfWMbmYBAEWvyPZS9esPducUba9GqyMjtLCfbaqyF,10,2h,optimistic,0.02,0,0.01,0.15588,-0.16588,-1.6588,False,0.3,True,expanded_partial_feed,no quote success; mark heuristic and quote_failed
5BKxfWMbmYBAEWvyPZS9esPducUba9GqyMjtLCfbaqyF,10,2h,realistic,0.02,0,0.05,0.15588,-0.20588,-2.0588,False,0.3,True,expanded_partial_feed,no quote success; mark heuristic and quote_failed
5BKxfWMbmYBAEWvyPZS9esPducUba9GqyMjtLCfbaqyF,10,2h,conservative,0.02,0,0.2,0.15588,-0.35588,-3.5588,False,0.3,True,expanded_partial_feed,no quote success; mark heuristic and quote_failed
5BKxfWMbmYBAEWvyPZS9esPducUba9GqyMjtLCfbaqyF,10,6h,zero_il_lvr,0.02,0,0,0.15588,-0.15588,-1.5588,False,0.3,True,expanded_partial_feed,no quote success; mark heuristic and quote_failed
5BKxfWMbmYBAEWvyPZS9esPducUba9GqyMjtLCfbaqyF,10,6h,optimistic,0.02,0,0.01,0.15588,-0.16588,-1.6588,False,0.3,True,expanded_partial_feed,no quote success; mark heuristic and quote_failed
5BKxfWMbmYBAEWvyPZS9esPducUba9GqyMjtLCfbaqyF,10,6h,realistic,0.02,0,0.05,0.15588,-0.20588,-2.0588,False,0.3,True,expanded_partial_feed,no quote success; mark heuristic and quote_failed
5BKxfWMbmYBAEWvyPZS9esPducUba9GqyMjtLCfbaqyF,10,6h,conservative,0.02,0,0.2,0.15588,-0.35588,-3.5588,False,0.3,True,expanded_partial_feed,no quote success; mark heuristic and quote_failed
5BKxfWMbmYBAEWvyPZS9esPducUba9GqyMjtLCfbaqyF,10,24h,zero_il_lvr,0.02,0,0,0.15588,-0.15588,-1.5588,False,0.3,True,expanded_partial_feed,no quote success; mark heuristic and quote_failed
5BKxfWMbmYBAEWvyPZS9esPducUba9GqyMjtLCfbaqyF,10,24h,optimistic,0.02,0,0.01,0.15588,-0.16588,-1.6588,False,0.3,True,expanded_partial_feed,no quote success; mark heuristic and quote_failed
5BKxfWMbmYBAEWvyPZS9esPducUba9GqyMjtLCfbaqyF,10,24h,realistic,0.02,0,0.05,0.15588,-0.20588,-2.0588,False,0.3,True,expanded_partial_feed,no quote success; mark heuristic and quote_failed
5BKxfWMbmYBAEWvyPZS9esPducUba9GqyMjtLCfbaqyF,10,24h,conservative,0.02,0,0.2,0.15588,-0.35588,-3.5588,False,0.3,True,expanded_partial_feed,no quote success; mark heuristic and quote_failed
5BKxfWMbmYBAEWvyPZS9esPducUba9GqyMjtLCfbaqyF,10,7d,zero_il_lvr,0.02,0,0,0.15588,-0.15588,-1.5588,False,0.3,True,expanded_partial_feed,no quote success; mark heuristic and quote_failed
5BKxfWMbmYBAEWvyPZS9esPducUba9GqyMjtLCfbaqyF,10,7d,optimistic,0.02,0,0.01,0.15588,-0.16588,-1.6588,False,0.3,True,expanded_partial_feed,no quote success; mark heuristic and quote_failed
5BKxfWMbmYBAEWvyPZS9esPducUba9GqyMjtLCfbaqyF,10,7d,realistic,0.02,0,0.05,0.15588,-0.20588,-2.0588,False,0.3,True,expanded_partial_feed,no quote success; mark heuristic and quote_failed
5BKxfWMbmYBAEWvyPZS9esPducUba9GqyMjtLCfbaqyF,10,7d,conservative,0.02,0,0.2,0.15588,-0.35588,-3.5588,False,0.3,True,expanded_partial_feed,no quote success; mark heuristic and quote_failed
5BKxfWMbmYBAEWvyPZS9esPducUba9GqyMjtLCfbaqyF,20,15m,zero_il_lvr,0.02,0,0,0.15588,-0.15588,-0.7794,False,0.3,True,expanded_partial_feed,no quote success; mark heuristic and quote_failed
5BKxfWMbmYBAEWvyPZS9esPducUba9GqyMjtLCfbaqyF,20,15m,optimistic,0.02,0,0.02,0.15588,-0.17588,-0.8794,False,0.3,True,expanded_partial_feed,no quote success; mark heuristic and quote_failed
5BKxfWMbmYBAEWvyPZS9esPducUba9GqyMjtLCfbaqyF,20,15m,realistic,0.02,0,0.1,0.15588,-0.25588,-1.2794,False,0.3,True,expanded_partial_feed,no quote success; mark heuristic and quote_failed
5BKxfWMbmYBAEWvyPZS9esPducUba9GqyMjtLCfbaqyF,20,15m,conservative,0.02,0,0.4,0.15588,-0.55588,-2.7794,False,0.3,True,expanded_partial_feed,no quote success; mark heuristic and quote_failed
5BKxfWMbmYBAEWvyPZS9esPducUba9GqyMjtLCfbaqyF,20,30m,zero_il_lvr,0.02,0,0,0.15588,-0.15588,-0.7794,False,0.3,True,expanded_partial_feed,no quote success; mark heuristic and quote_failed
5BKxfWMbmYBAEWvyPZS9esPducUba9GqyMjtLCfbaqyF,20,30m,optimistic,0.02,0,0.02,0.15588,-0.17588,-0.8794,False,0.3,True,expanded_partial_feed,no quote success; mark heuristic and quote_failed
5BKxfWMbmYBAEWvyPZS9esPducUba9GqyMjtLCfbaqyF,20,30m,realistic,0.02,0,0.1,0.15588,-0.25588,-1.2794,False,0.3,True,expanded_partial_feed,no quote success; mark heuristic and quote_failed
5BKxfWMbmYBAEWvyPZS9esPducUba9GqyMjtLCfbaqyF,20,30m,conservative,0.02,0,0.4,0.15588,-0.55588,-2.7794,False,0.3,True,expanded_partial_feed,no quote success; mark heuristic and quote_failed
5BKxfWMbmYBAEWvyPZS9esPducUba9GqyMjtLCfbaqyF,20,1h,zero_il_lvr,0.02,0,0,0.15588,-0.15588,-0.7794,False,0.3,True,expanded_partial_feed,no quote success; mark heuristic and quote_failed
5BKxfWMbmYBAEWvyPZS9esPducUba9GqyMjtLCfbaqyF,20,1h,optimistic,0.02,0,0.02,0.15588,-0.17588,-0.8794,False,0.3,True,expanded_partial_feed,no quote success; mark heuristic and quote_failed
5BKxfWMbmYBAEWvyPZS9esPducUba9GqyMjtLCfbaqyF,20,1h,realistic,0.02,0,0.1,0.15588,-0.25588,-1.2794,False,0.3,True,expanded_partial_feed,no quote success; mark heuristic and quote_failed
5BKxfWMbmYBAEWvyPZS9esPducUba9GqyMjtLCfbaqyF,20,1h,conservative,0.02,0,0.4,0.15588,-0.55588,-2.7794,False,0.3,True,expanded_partial_feed,no quote success; mark heuristic and quote_failed
5BKxfWMbmYBAEWvyPZS9esPducUba9GqyMjtLCfbaqyF,20,2h,zero_il_lvr,0.02,0,0,0.15588,-0.15588,-0.7794,False,0.3,True,expanded_partial_feed,no quote success; mark heuristic and quote_failed
5BKxfWMbmYBAEWvyPZS9esPducUba9GqyMjtLCfbaqyF,20,2h,optimistic,0.02,0,0.02,0.15588,-0.17588,-0.8794,False,0.3,True,expanded_partial_feed,no quote success; mark heuristic and quote_failed
5BKxfWMbmYBAEWvyPZS9esPducUba9GqyMjtLCfbaqyF,20,2h,realistic,0.02,0,0.1,0.15588,-0.25588,-1.2794,False,0.3,True,expanded_partial_feed,no quote success; mark heuristic and quote_failed
5BKxfWMbmYBAEWvyPZS9esPducUba9GqyMjtLCfbaqyF,20,2h,conservative,0.02,0,0.4,0.15588,-0.55588,-2.7794,False,0.3,True,expanded_partial_feed,no quote success; mark heuristic and quote_failed
5BKxfWMbmYBAEWvyPZS9esPducUba9GqyMjtLCfbaqyF,20,6h,zero_il_lvr,0.02,0,0,0.15588,-0.15588,-0.7794,False,0.3,True,expanded_partial_feed,no quote success; mark heuristic and quote_failed
5BKxfWMbmYBAEWvyPZS9esPducUba9GqyMjtLCfbaqyF,20,6h,optimistic,0.02,0,0.02,0.15588,-0.17588,-0.8794,False,0.3,True,expanded_partial_feed,no quote success; mark heuristic and quote_failed
5BKxfWMbmYBAEWvyPZS9esPducUba9GqyMjtLCfbaqyF,20,6h,realistic,0.02,0,0.1,0.15588,-0.25588,-1.2794,False,0.3,True,expanded_partial_feed,no quote success; mark heuristic and quote_failed
5BKxfWMbmYBAEWvyPZS9esPducUba9GqyMjtLCfbaqyF,20,6h,conservative,0.02,0,0.4,0.15588,-0.55588,-2.7794,False,0.3,True,expanded_partial_feed,no quote success; mark heuristic and quote_failed
5BKxfWMbmYBAEWvyPZS9esPducUba9GqyMjtLCfbaqyF,20,24h,zero_il_lvr,0.02,0,0,0.15588,-0.15588,-0.7794,False,0.3,True,expanded_partial_feed,no quote success; mark heuristic and quote_failed
5BKxfWMbmYBAEWvyPZS9esPducUba9GqyMjtLCfbaqyF,20,24h,optimistic,0.02,0,0.02,0.15588,-0.17588,-0.8794,False,0.3,True,expanded_partial_feed,no quote success; mark heuristic and quote_failed
5BKxfWMbmYBAEWvyPZS9esPducUba9GqyMjtLCfbaqyF,20,24h,realistic,0.02,0,0.1,0.15588,-0.25588,-1.2794,False,0.3,True,expanded_partial_feed,no quote success; mark heuristic and quote_failed
5BKxfWMbmYBAEWvyPZS9esPducUba9GqyMjtLCfbaqyF,20,24h,conservative,0.02,0,0.4,0.15588,-0.55588,-2.7794,False,0.3,True,expanded_partial_feed,no quote success; mark heuristic and quote_failed
5BKxfWMbmYBAEWvyPZS9esPducUba9GqyMjtLCfbaqyF,20,7d,zero_il_lvr,0.02,0,0,0.15588,-0.15588,-0.7794,False,0.3,True,expanded_partial_feed,no quote success; mark heuristic and quote_failed
5BKxfWMbmYBAEWvyPZS9esPducUba9GqyMjtLCfbaqyF,20,7d,optimistic,0.02,0,0.02,0.15588,-0.17588,-0.8794,False,0.3,True,expanded_partial_feed,no quote success; mark heuristic and quote_failed
5BKxfWMbmYBAEWvyPZS9esPducUba9GqyMjtLCfbaqyF,20,7d,realistic,0.02,0,0.1,0.15588,-0.25588,-1.2794,False,0.3,True,expanded_partial_feed,no quote success; mark heuristic and quote_failed
5BKxfWMbmYBAEWvyPZS9esPducUba9GqyMjtLCfbaqyF,20,7d,conservative,0.02,0,0.4,0.15588,-0.55588,-2.7794,False,0.3,True,expanded_partial_feed,no quote success; mark heuristic and quote_failed
5BKxfWMbmYBAEWvyPZS9esPducUba9GqyMjtLCfbaqyF,100,15m,zero_il_lvr,0.02,1e-06,0,0.15588,-0.155879,-0.1559,False,0.3,True,expanded_partial_feed,no quote success; mark heuristic and quote_failed
5BKxfWMbmYBAEWvyPZS9esPducUba9GqyMjtLCfbaqyF,100,15m,optimistic,0.02,1e-06,0.1,0.15588,-0.255879,-0.2559,False,0.3,True,expanded_partial_feed,no quote success; mark heuristic and quote_failed
5BKxfWMbmYBAEWvyPZS9esPducUba9GqyMjtLCfbaqyF,100,15m,realistic,0.02,1e-06,0.5,0.15588,-0.655879,-0.6559,False,0.3,True,expanded_partial_feed,no quote success; mark heuristic and quote_failed
5BKxfWMbmYBAEWvyPZS9esPducUba9GqyMjtLCfbaqyF,100,15m,conservative,0.02,1e-06,2,0.15588,-2.155879,-2.1559,False,0.3,True,expanded_partial_feed,no quote success; mark heuristic and quote_failed
5BKxfWMbmYBAEWvyPZS9esPducUba9GqyMjtLCfbaqyF,100,30m,zero_il_lvr,0.02,1e-06,0,0.15588,-0.155879,-0.1559,False,0.3,True,expanded_partial_feed,no quote success; mark heuristic and quote_failed
5BKxfWMbmYBAEWvyPZS9esPducUba9GqyMjtLCfbaqyF,100,30m,optimistic,0.02,1e-06,0.1,0.15588,-0.255879,-0.2559,False,0.3,True,expanded_partial_feed,no quote success; mark heuristic and quote_failed
5BKxfWMbmYBAEWvyPZS9esPducUba9GqyMjtLCfbaqyF,100,30m,realistic,0.02,1e-06,0.5,0.15588,-0.655879,-0.6559,False,0.3,True,expanded_partial_feed,no quote success; mark heuristic and quote_failed
5BKxfWMbmYBAEWvyPZS9esPducUba9GqyMjtLCfbaqyF,100,30m,conservative,0.02,1e-06,2,0.15588,-2.155879,-2.1559,False,0.3,True,expanded_partial_feed,no quote success; mark heuristic and quote_failed
5BKxfWMbmYBAEWvyPZS9esPducUba9GqyMjtLCfbaqyF,100,1h,zero_il_lvr,0.02,1e-06,0,0.15588,-0.155879,-0.1559,False,0.3,True,expanded_partial_feed,no quote success; mark heuristic and quote_failed
5BKxfWMbmYBAEWvyPZS9esPducUba9GqyMjtLCfbaqyF,100,1h,optimistic,0.02,1e-06,0.1,0.15588,-0.255879,-0.2559,False,0.3,True,expanded_partial_feed,no quote success; mark heuristic and quote_failed
5BKxfWMbmYBAEWvyPZS9esPducUba9GqyMjtLCfbaqyF,100,1h,realistic,0.02,1e-06,0.5,0.15588,-0.655879,-0.6559,False,0.3,True,expanded_partial_feed,no quote success; mark heuristic and quote_failed
5BKxfWMbmYBAEWvyPZS9esPducUba9GqyMjtLCfbaqyF,100,1h,conservative,0.02,1e-06,2,0.15588,-2.155879,-2.1559,False,0.3,True,expanded_partial_feed,no quote success; mark heuristic and quote_failed
5BKxfWMbmYBAEWvyPZS9esPducUba9GqyMjtLCfbaqyF,100,2h,zero_il_lvr,0.02,1e-06,0,0.15588,-0.155879,-0.1559,False,0.3,True,expanded_partial_feed,no quote success; mark heuristic and quote_failed
5BKxfWMbmYBAEWvyPZS9esPducUba9GqyMjtLCfbaqyF,100,2h,optimistic,0.02,1e-06,0.1,0.15588,-0.255879,-0.2559,False,0.3,True,expanded_partial_feed,no quote success; mark heuristic and quote_failed
5BKxfWMbmYBAEWvyPZS9esPducUba9GqyMjtLCfbaqyF,100,2h,realistic,0.02,1e-06,0.5,0.15588,-0.655879,-0.6559,False,0.3,True,expanded_partial_feed,no quote success; mark heuristic and quote_failed
5BKxfWMbmYBAEWvyPZS9esPducUba9GqyMjtLCfbaqyF,100,2h,conservative,0.02,1e-06,2,0.15588,-2.155879,-2.1559,False,0.3,True,expanded_partial_feed,no quote success; mark heuristic and quote_failed
5BKxfWMbmYBAEWvyPZS9esPducUba9GqyMjtLCfbaqyF,100,6h,zero_il_lvr,0.02,1e-06,0,0.15588,-0.155879,-0.1559,False,0.3,True,expanded_partial_feed,no quote success; mark heuristic and quote_failed
5BKxfWMbmYBAEWvyPZS9esPducUba9GqyMjtLCfbaqyF,100,6h,optimistic,0.02,1e-06,0.1,0.15588,-0.255879,-0.2559,False,0.3,True,expanded_partial_feed,no quote success; mark heuristic and quote_failed
5BKxfWMbmYBAEWvyPZS9esPducUba9GqyMjtLCfbaqyF,100,6h,realistic,0.02,1e-06,0.5,0.15588,-0.655879,-0.6559,False,0.3,True,expanded_partial_feed,no quote success; mark heuristic and quote_failed
5BKxfWMbmYBAEWvyPZS9esPducUba9GqyMjtLCfbaqyF,100,6h,conservative,0.02,1e-06,2,0.15588,-2.155879,-2.1559,False,0.3,True,expanded_partial_feed,no quote success; mark heuristic and quote_failed
5BKxfWMbmYBAEWvyPZS9esPducUba9GqyMjtLCfbaqyF,100,24h,zero_il_lvr,0.02,1e-06,0,0.15588,-0.155879,-0.1559,False,0.3,True,expanded_partial_feed,no quote success; mark heuristic and quote_failed
5BKxfWMbmYBAEWvyPZS9esPducUba9GqyMjtLCfbaqyF,100,24h,optimistic,0.02,1e-06,0.1,0.15588,-0.255879,-0.2559,False,0.3,True,expanded_partial_feed,no quote success; mark heuristic and quote_failed
5BKxfWMbmYBAEWvyPZS9esPducUba9GqyMjtLCfbaqyF,100,24h,realistic,0.02,1e-06,0.5,0.15588,-0.655879,-0.6559,False,0.3,True,expanded_partial_feed,no quote success; mark heuristic and quote_failed
5BKxfWMbmYBAEWvyPZS9esPducUba9GqyMjtLCfbaqyF,100,24h,conservative,0.02,1e-06,2,0.15588,-2.155879,-2.1559,False,0.3,True,expanded_partial_feed,no quote success; mark heuristic and quote_failed
5BKxfWMbmYBAEWvyPZS9esPducUba9GqyMjtLCfbaqyF,100,7d,zero_il_lvr,0.02,1e-06,0,0.15588,-0.155879,-0.1559,False,0.3,True,expanded_partial_feed,no quote success; mark heuristic and quote_failed
5BKxfWMbmYBAEWvyPZS9esPducUba9GqyMjtLCfbaqyF,100,7d,optimistic,0.02,1e-06,0.1,0.15588,-0.255879,-0.2559,False,0.3,True,expanded_partial_feed,no quote success; mark heuristic and quote_failed
5BKxfWMbmYBAEWvyPZS9esPducUba9GqyMjtLCfbaqyF,100,7d,realistic,0.02,1e-06,0.5,0.15588,-0.655879,-0.6559,False,0.3,True,expanded_partial_feed,no quote success; mark heuristic and quote_failed
5BKxfWMbmYBAEWvyPZS9esPducUba9GqyMjtLCfbaqyF,100,7d,conservative,0.02,1e-06,2,0.15588,-2.155879,-2.1559,False,0.3,True,expanded_partial_feed,no quote success; mark heuristic and quote_failed
5BKxfWMbmYBAEWvyPZS9esPducUba9GqyMjtLCfbaqyF,500,15m,zero_il_lvr,0.02,5e-06,0,0.15588,-0.155875,-0.0312,False,0.3,True,expanded_partial_feed,no quote success; mark heuristic and quote_failed
5BKxfWMbmYBAEWvyPZS9esPducUba9GqyMjtLCfbaqyF,500,15m,optimistic,0.02,5e-06,0.5,0.15588,-0.655875,-0.1312,False,0.3,True,expanded_partial_feed,no quote success; mark heuristic and quote_failed
5BKxfWMbmYBAEWvyPZS9esPducUba9GqyMjtLCfbaqyF,500,15m,realistic,0.02,5e-06,2.5,0.15588,-2.655875,-0.5312,False,0.3,True,expanded_partial_feed,no quote success; mark heuristic and quote_failed
5BKxfWMbmYBAEWvyPZS9esPducUba9GqyMjtLCfbaqyF,500,15m,conservative,0.02,5e-06,10,0.15588,-10.155875,-2.0312,False,0.3,True,expanded_partial_feed,no quote success; mark heuristic and quote_failed
5BKxfWMbmYBAEWvyPZS9esPducUba9GqyMjtLCfbaqyF,500,30m,zero_il_lvr,0.02,5e-06,0,0.15588,-0.155875,-0.0312,False,0.3,True,expanded_partial_feed,no quote success; mark heuristic and quote_failed
5BKxfWMbmYBAEWvyPZS9esPducUba9GqyMjtLCfbaqyF,500,30m,optimistic,0.02,5e-06,0.5,0.15588,-0.655875,-0.1312,False,0.3,True,expanded_partial_feed,no quote success; mark heuristic and quote_failed
5BKxfWMbmYBAEWvyPZS9esPducUba9GqyMjtLCfbaqyF,500,30m,realistic,0.02,5e-06,2.5,0.15588,-2.655875,-0.5312,False,0.3,True,expanded_partial_feed,no quote success; mark heuristic and quote_failed
5BKxfWMbmYBAEWvyPZS9esPducUba9GqyMjtLCfbaqyF,500,30m,conservative,0.02,5e-06,10,0.15588,-10.155875,-2.0312,False,0.3,True,expanded_partial_feed,no quote success; mark heuristic and quote_failed
5BKxfWMbmYBAEWvyPZS9esPducUba9GqyMjtLCfbaqyF,500,1h,zero_il_lvr,0.02,5e-06,0,0.15588,-0.155875,-0.0312,False,0.3,True,expanded_partial_feed,no quote success; mark heuristic and quote_failed
5BKxfWMbmYBAEWvyPZS9esPducUba9GqyMjtLCfbaqyF,500,1h,optimistic,0.02,5e-06,0.5,0.15588,-0.655875,-0.1312,False,0.3,True,expanded_partial_feed,no quote success; mark heuristic and quote_failed
5BKxfWMbmYBAEWvyPZS9esPducUba9GqyMjtLCfbaqyF,500,1h,realistic,0.02,5e-06,2.5,0.15588,-2.655875,-0.5312,False,0.3,True,expanded_partial_feed,no quote success; mark heuristic and quote_failed
5BKxfWMbmYBAEWvyPZS9esPducUba9GqyMjtLCfbaqyF,500,1h,conservative,0.02,5e-06,10,0.15588,-10.155875,-2.0312,False,0.3,True,expanded_partial_feed,no quote success; mark heuristic and quote_failed
5BKxfWMbmYBAEWvyPZS9esPducUba9GqyMjtLCfbaqyF,500,2h,zero_il_lvr,0.02,5e-06,0,0.15588,-0.155875,-0.0312,False,0.3,True,expanded_partial_feed,no quote success; mark heuristic and quote_failed
5BKxfWMbmYBAEWvyPZS9esPducUba9GqyMjtLCfbaqyF,500,2h,optimistic,0.02,5e-06,0.5,0.15588,-0.655875,-0.1312,False,0.3,True,expanded_partial_feed,no quote success; mark heuristic and quote_failed
5BKxfWMbmYBAEWvyPZS9esPducUba9GqyMjtLCfbaqyF,500,2h,realistic,0.02,5e-06,2.5,0.15588,-2.655875,-0.5312,False,0.3,True,expanded_partial_feed,no quote success; mark heuristic and quote_failed
5BKxfWMbmYBAEWvyPZS9esPducUba9GqyMjtLCfbaqyF,500,2h,conservative,0.02,5e-06,10,0.15588,-10.155875,-2.0312,False,0.3,True,expanded_partial_feed,no quote success; mark heuristic and quote_failed
5BKxfWMbmYBAEWvyPZS9esPducUba9GqyMjtLCfbaqyF,500,6h,zero_il_lvr,0.02,5e-06,0,0.15588,-0.155875,-0.0312,False,0.3,True,expanded_partial_feed,no quote success; mark heuristic and quote_failed
5BKxfWMbmYBAEWvyPZS9esPducUba9GqyMjtLCfbaqyF,500,6h,optimistic,0.02,5e-06,0.5,0.15588,-0.655875,-0.1312,False,0.3,True,expanded_partial_feed,no quote success; mark heuristic and quote_failed
5BKxfWMbmYBAEWvyPZS9esPducUba9GqyMjtLCfbaqyF,500,6h,realistic,0.02,5e-06,2.5,0.15588,-2.655875,-0.5312,False,0.3,True,expanded_partial_feed,no quote success; mark heuristic and quote_failed
5BKxfWMbmYBAEWvyPZS9esPducUba9GqyMjtLCfbaqyF,500,6h,conservative,0.02,5e-06,10,0.15588,-10.155875,-2.0312,False,0.3,True,expanded_partial_feed,no quote success; mark heuristic and quote_failed
5BKxfWMbmYBAEWvyPZS9esPducUba9GqyMjtLCfbaqyF,500,24h,zero_il_lvr,0.02,5e-06,0,0.15588,-0.155875,-0.0312,False,0.3,True,expanded_partial_feed,no quote success; mark heuristic and quote_failed
5BKxfWMbmYBAEWvyPZS9esPducUba9GqyMjtLCfbaqyF,500,24h,optimistic,0.02,5e-06,0.5,0.15588,-0.655875,-0.1312,False,0.3,True,expanded_partial_feed,no quote success; mark heuristic and quote_failed
5BKxfWMbmYBAEWvyPZS9esPducUba9GqyMjtLCfbaqyF,500,24h,realistic,0.02,5e-06,2.5,0.15588,-2.655875,-0.5312,False,0.3,True,expanded_partial_feed,no quote success; mark heuristic and quote_failed
5BKxfWMbmYBAEWvyPZS9esPducUba9GqyMjtLCfbaqyF,500,24h,conservative,0.02,5e-06,10,0.15588,-10.155875,-2.0312,False,0.3,True,expanded_partial_feed,no quote success; mark heuristic and quote_failed
5BKxfWMbmYBAEWvyPZS9esPducUba9GqyMjtLCfbaqyF,500,7d,zero_il_lvr,0.02,5e-06,0,0.15588,-0.155875,-0.0312,False,0.3,True,expanded_partial_feed,no quote success; mark heuristic and quote_failed
5BKxfWMbmYBAEWvyPZS9esPducUba9GqyMjtLCfbaqyF,500,7d,optimistic,0.02,5e-06,0.5,0.15588,-0.655875,-0.1312,False,0.3,True,expanded_partial_feed,no quote success; mark heuristic and quote_failed
5BKxfWMbmYBAEWvyPZS9esPducUba9GqyMjtLCfbaqyF,500,7d,realistic,0.02,5e-06,2.5,0.15588,-2.655875,-0.5312,False,0.3,True,expanded_partial_feed,no quote success; mark heuristic and quote_failed
5BKxfWMbmYBAEWvyPZS9esPducUba9GqyMjtLCfbaqyF,500,7d,conservative,0.02,5e-06,10,0.15588,-10.155875,-2.0312,False,0.3,True,expanded_partial_feed,no quote success; mark heuristic and quote_failed
5BKxfWMbmYBAEWvyPZS9esPducUba9GqyMjtLCfbaqyF,1000,15m,zero_il_lvr,0.02,1e-05,0,0.15588,-0.15587,-0.0156,False,0.3,True,expanded_partial_feed,no quote success; mark heuristic and quote_failed
5BKxfWMbmYBAEWvyPZS9esPducUba9GqyMjtLCfbaqyF,1000,15m,optimistic,0.02,1e-05,1,0.15588,-1.15587,-0.1156,False,0.3,True,expanded_partial_feed,no quote success; mark heuristic and quote_failed
5BKxfWMbmYBAEWvyPZS9esPducUba9GqyMjtLCfbaqyF,1000,15m,realistic,0.02,1e-05,5,0.15588,-5.15587,-0.5156,False,0.3,True,expanded_partial_feed,no quote success; mark heuristic and quote_failed
5BKxfWMbmYBAEWvyPZS9esPducUba9GqyMjtLCfbaqyF,1000,15m,conservative,0.02,1e-05,20,0.15588,-20.15587,-2.0156,False,0.3,True,expanded_partial_feed,no quote success; mark heuristic and quote_failed
5BKxfWMbmYBAEWvyPZS9esPducUba9GqyMjtLCfbaqyF,1000,30m,zero_il_lvr,0.02,1e-05,0,0.15588,-0.15587,-0.0156,False,0.3,True,expanded_partial_feed,no quote success; mark heuristic and quote_failed
5BKxfWMbmYBAEWvyPZS9esPducUba9GqyMjtLCfbaqyF,1000,30m,optimistic,0.02,1e-05,1,0.15588,-1.15587,-0.1156,False,0.3,True,expanded_partial_feed,no quote success; mark heuristic and quote_failed
5BKxfWMbmYBAEWvyPZS9esPducUba9GqyMjtLCfbaqyF,1000,30m,realistic,0.02,1e-05,5,0.15588,-5.15587,-0.5156,False,0.3,True,expanded_partial_feed,no quote success; mark heuristic and quote_failed
5BKxfWMbmYBAEWvyPZS9esPducUba9GqyMjtLCfbaqyF,1000,30m,conservative,0.02,1e-05,20,0.15588,-20.15587,-2.0156,False,0.3,True,expanded_partial_feed,no quote success; mark heuristic and quote_failed
5BKxfWMbmYBAEWvyPZS9esPducUba9GqyMjtLCfbaqyF,1000,1h,zero_il_lvr,0.02,1e-05,0,0.15588,-0.15587,-0.0156,False,0.3,True,expanded_partial_feed,no quote success; mark heuristic and quote_failed
5BKxfWMbmYBAEWvyPZS9esPducUba9GqyMjtLCfbaqyF,1000,1h,optimistic,0.02,1e-05,1,0.15588,-1.15587,-0.1156,False,0.3,True,expanded_partial_feed,no quote success; mark heuristic and quote_failed
5BKxfWMbmYBAEWvyPZS9esPducUba9GqyMjtLCfbaqyF,1000,1h,realistic,0.02,1e-05,5,0.15588,-5.15587,-0.5156,False,0.3,True,expanded_partial_feed,no quote success; mark heuristic and quote_failed
5BKxfWMbmYBAEWvyPZS9esPducUba9GqyMjtLCfbaqyF,1000,1h,conservative,0.02,1e-05,20,0.15588,-20.15587,-2.0156,False,0.3,True,expanded_partial_feed,no quote success; mark heuristic and quote_failed
5BKxfWMbmYBAEWvyPZS9esPducUba9GqyMjtLCfbaqyF,1000,2h,zero_il_lvr,0.02,1e-05,0,0.15588,-0.15587,-0.0156,False,0.3,True,expanded_partial_feed,no quote success; mark heuristic and quote_failed
5BKxfWMbmYBAEWvyPZS9esPducUba9GqyMjtLCfbaqyF,1000,2h,optimistic,0.02,1e-05,1,0.15588,-1.15587,-0.1156,False,0.3,True,expanded_partial_feed,no quote success; mark heuristic and quote_failed
5BKxfWMbmYBAEWvyPZS9esPducUba9GqyMjtLCfbaqyF,1000,2h,realistic,0.02,1e-05,5,0.15588,-5.15587,-0.5156,False,0.3,True,expanded_partial_feed,no quote success; mark heuristic and quote_failed
5BKxfWMbmYBAEWvyPZS9esPducUba9GqyMjtLCfbaqyF,1000,2h,conservative,0.02,1e-05,20,0.15588,-20.15587,-2.0156,False,0.3,True,expanded_partial_feed,no quote success; mark heuristic and quote_failed
5BKxfWMbmYBAEWvyPZS9esPducUba9GqyMjtLCfbaqyF,1000,6h,zero_il_lvr,0.02,1e-05,0,0.15588,-0.15587,-0.0156,False,0.3,True,expanded_partial_feed,no quote success; mark heuristic and quote_failed
5BKxfWMbmYBAEWvyPZS9esPducUba9GqyMjtLCfbaqyF,1000,6h,optimistic,0.02,1e-05,1,0.15588,-1.15587,-0.1156,False,0.3,True,expanded_partial_feed,no quote success; mark heuristic and quote_failed
5BKxfWMbmYBAEWvyPZS9esPducUba9GqyMjtLCfbaqyF,1000,6h,realistic,0.02,1e-05,5,0.15588,-5.15587,-0.5156,False,0.3,True,expanded_partial_feed,no quote success; mark heuristic and quote_failed
5BKxfWMbmYBAEWvyPZS9esPducUba9GqyMjtLCfbaqyF,1000,6h,conservative,0.02,1e-05,20,0.15588,-20.15587,-2.0156,False,0.3,True,expanded_partial_feed,no quote success; mark heuristic and quote_failed
5BKxfWMbmYBAEWvyPZS9esPducUba9GqyMjtLCfbaqyF,1000,24h,zero_il_lvr,0.02,1e-05,0,0.15588,-0.15587,-0.0156,False,0.3,True,expanded_partial_feed,no quote success; mark heuristic and quote_failed
5BKxfWMbmYBAEWvyPZS9esPducUba9GqyMjtLCfbaqyF,1000,24h,optimistic,0.02,1e-05,1,0.15588,-1.15587,-0.1156,False,0.3,True,expanded_partial_feed,no quote success; mark heuristic and quote_failed
5BKxfWMbmYBAEWvyPZS9esPducUba9GqyMjtLCfbaqyF,1000,24h,realistic,0.02,1e-05,5,0.15588,-5.15587,-0.5156,False,0.3,True,expanded_partial_feed,no quote success; mark heuristic and quote_failed
5BKxfWMbmYBAEWvyPZS9esPducUba9GqyMjtLCfbaqyF,1000,24h,conservative,0.02,1e-05,20,0.15588,-20.15587,-2.0156,False,0.3,True,expanded_partial_feed,no quote success; mark heuristic and quote_failed
5BKxfWMbmYBAEWvyPZS9esPducUba9GqyMjtLCfbaqyF,1000,7d,zero_il_lvr,0.02,1e-05,0,0.15588,-0.15587,-0.0156,False,0.3,True,expanded_partial_feed,no quote success; mark heuristic and quote_failed
5BKxfWMbmYBAEWvyPZS9esPducUba9GqyMjtLCfbaqyF,1000,7d,optimistic,0.02,1e-05,1,0.15588,-1.15587,-0.1156,False,0.3,True,expanded_partial_feed,no quote success; mark heuristic and quote_failed
5BKxfWMbmYBAEWvyPZS9esPducUba9GqyMjtLCfbaqyF,1000,7d,realistic,0.02,1e-05,5,0.15588,-5.15587,-0.5156,False,0.3,True,expanded_partial_feed,no quote success; mark heuristic and quote_failed
5BKxfWMbmYBAEWvyPZS9esPducUba9GqyMjtLCfbaqyF,1000,7d,conservative,0.02,1e-05,20,0.15588,-20.15587,-2.0156,False,0.3,True,expanded_partial_feed,no quote success; mark heuristic and quote_failed
5BKxfWMbmYBAEWvyPZS9esPducUba9GqyMjtLCfbaqyF,2000,15m,zero_il_lvr,0.02,2e-05,0,0.15588,-0.15586,-0.0078,False,0.3,True,expanded_partial_feed,no quote success; mark heuristic and quote_failed
5BKxfWMbmYBAEWvyPZS9esPducUba9GqyMjtLCfbaqyF,2000,15m,optimistic,0.02,2e-05,2,0.15588,-2.15586,-0.1078,False,0.3,True,expanded_partial_feed,no quote success; mark heuristic and quote_failed
5BKxfWMbmYBAEWvyPZS9esPducUba9GqyMjtLCfbaqyF,2000,15m,realistic,0.02,2e-05,10,0.15588,-10.15586,-0.5078,False,0.3,True,expanded_partial_feed,no quote success; mark heuristic and quote_failed
5BKxfWMbmYBAEWvyPZS9esPducUba9GqyMjtLCfbaqyF,2000,15m,conservative,0.02,2e-05,40,0.15588,-40.15586,-2.0078,False,0.3,True,expanded_partial_feed,no quote success; mark heuristic and quote_failed
5BKxfWMbmYBAEWvyPZS9esPducUba9GqyMjtLCfbaqyF,2000,30m,zero_il_lvr,0.02,2e-05,0,0.15588,-0.15586,-0.0078,False,0.3,True,expanded_partial_feed,no quote success; mark heuristic and quote_failed
5BKxfWMbmYBAEWvyPZS9esPducUba9GqyMjtLCfbaqyF,2000,30m,optimistic,0.02,2e-05,2,0.15588,-2.15586,-0.1078,False,0.3,True,expanded_partial_feed,no quote success; mark heuristic and quote_failed
5BKxfWMbmYBAEWvyPZS9esPducUba9GqyMjtLCfbaqyF,2000,30m,realistic,0.02,2e-05,10,0.15588,-10.15586,-0.5078,False,0.3,True,expanded_partial_feed,no quote success; mark heuristic and quote_failed
5BKxfWMbmYBAEWvyPZS9esPducUba9GqyMjtLCfbaqyF,2000,30m,conservative,0.02,2e-05,40,0.15588,-40.15586,-2.0078,False,0.3,True,expanded_partial_feed,no quote success; mark heuristic and quote_failed
5BKxfWMbmYBAEWvyPZS9esPducUba9GqyMjtLCfbaqyF,2000,1h,zero_il_lvr,0.02,2e-05,0,0.15588,-0.15586,-0.0078,False,0.3,True,expanded_partial_feed,no quote success; mark heuristic and quote_failed
5BKxfWMbmYBAEWvyPZS9esPducUba9GqyMjtLCfbaqyF,2000,1h,optimistic,0.02,2e-05,2,0.15588,-2.15586,-0.1078,False,0.3,True,expanded_partial_feed,no quote success; mark heuristic and quote_failed
5BKxfWMbmYBAEWvyPZS9esPducUba9GqyMjtLCfbaqyF,2000,1h,realistic,0.02,2e-05,10,0.15588,-10.15586,-0.5078,False,0.3,True,expanded_partial_feed,no quote success; mark heuristic and quote_failed
5BKxfWMbmYBAEWvyPZS9esPducUba9GqyMjtLCfbaqyF,2000,1h,conservative,0.02,2e-05,40,0.15588,-40.15586,-2.0078,False,0.3,True,expanded_partial_feed,no quote success; mark heuristic and quote_failed
5BKxfWMbmYBAEWvyPZS9esPducUba9GqyMjtLCfbaqyF,2000,2h,zero_il_lvr,0.02,2e-05,0,0.15588,-0.15586,-0.0078,False,0.3,True,expanded_partial_feed,no quote success; mark heuristic and quote_failed
5BKxfWMbmYBAEWvyPZS9esPducUba9GqyMjtLCfbaqyF,2000,2h,optimistic,0.02,2e-05,2,0.15588,-2.15586,-0.1078,False,0.3,True,expanded_partial_feed,no quote success; mark heuristic and quote_failed
5BKxfWMbmYBAEWvyPZS9esPducUba9GqyMjtLCfbaqyF,2000,2h,realistic,0.02,2e-05,10,0.15588,-10.15586,-0.5078,False,0.3,True,expanded_partial_feed,no quote success; mark heuristic and quote_failed
5BKxfWMbmYBAEWvyPZS9esPducUba9GqyMjtLCfbaqyF,2000,2h,conservative,0.02,2e-05,40,0.15588,-40.15586,-2.0078,False,0.3,True,expanded_partial_feed,no quote success; mark heuristic and quote_failed
5BKxfWMbmYBAEWvyPZS9esPducUba9GqyMjtLCfbaqyF,2000,6h,zero_il_lvr,0.02,2e-05,0,0.15588,-0.15586,-0.0078,False,0.3,True,expanded_partial_feed,no quote success; mark heuristic and quote_failed
5BKxfWMbmYBAEWvyPZS9esPducUba9GqyMjtLCfbaqyF,2000,6h,optimistic,0.02,2e-05,2,0.15588,-2.15586,-0.1078,False,0.3,True,expanded_partial_feed,no quote success; mark heuristic and quote_failed
5BKxfWMbmYBAEWvyPZS9esPducUba9GqyMjtLCfbaqyF,2000,6h,realistic,0.02,2e-05,10,0.15588,-10.15586,-0.5078,False,0.3,True,expanded_partial_feed,no quote success; mark heuristic and quote_failed
5BKxfWMbmYBAEWvyPZS9esPducUba9GqyMjtLCfbaqyF,2000,6h,conservative,0.02,2e-05,40,0.15588,-40.15586,-2.0078,False,0.3,True,expanded_partial_feed,no quote success; mark heuristic and quote_failed
5BKxfWMbmYBAEWvyPZS9esPducUba9GqyMjtLCfbaqyF,2000,24h,zero_il_lvr,0.02,2e-05,0,0.15588,-0.15586,-0.0078,False,0.3,True,expanded_partial_feed,no quote success; mark heuristic and quote_failed
5BKxfWMbmYBAEWvyPZS9esPducUba9GqyMjtLCfbaqyF,2000,24h,optimistic,0.02,2e-05,2,0.15588,-2.15586,-0.1078,False,0.3,True,expanded_partial_feed,no quote success; mark heuristic and quote_failed
5BKxfWMbmYBAEWvyPZS9esPducUba9GqyMjtLCfbaqyF,2000,24h,realistic,0.02,2e-05,10,0.15588,-10.15586,-0.5078,False,0.3,True,expanded_partial_feed,no quote success; mark heuristic and quote_failed
5BKxfWMbmYBAEWvyPZS9esPducUba9GqyMjtLCfbaqyF,2000,24h,conservative,0.02,2e-05,40,0.15588,-40.15586,-2.0078,False,0.3,True,expanded_partial_feed,no quote success; mark heuristic and quote_failed
5BKxfWMbmYBAEWvyPZS9esPducUba9GqyMjtLCfbaqyF,2000,7d,zero_il_lvr,0.02,2e-05,0,0.15588,-0.15586,-0.0078,False,0.3,True,expanded_partial_feed,no quote success; mark heuristic and quote_failed
5BKxfWMbmYBAEWvyPZS9esPducUba9GqyMjtLCfbaqyF,2000,7d,optimistic,0.02,2e-05,2,0.15588,-2.15586,-0.1078,False,0.3,True,expanded_partial_feed,no quote success; mark heuristic and quote_failed
5BKxfWMbmYBAEWvyPZS9esPducUba9GqyMjtLCfbaqyF,2000,7d,realistic,0.02,2e-05,10,0.15588,-10.15586,-0.5078,False,0.3,True,expanded_partial_feed,no quote success; mark heuristic and quote_failed
5BKxfWMbmYBAEWvyPZS9esPducUba9GqyMjtLCfbaqyF,2000,7d,conservative,0.02,2e-05,40,0.15588,-40.15586,-2.0078,False,0.3,True,expanded_partial_feed,no quote success; mark heuristic and quote_failed
9DiruRpjnAnzhn6ts5HGLouHtJrT1JGsPbXNYCrFz2ad,10,15m,zero_il_lvr,1.5,7e-06,0,0.15588,-0.155872,-1.5587,False,0.3,True,expanded_partial_feed,no quote success; mark heuristic and quote_failed
9DiruRpjnAnzhn6ts5HGLouHtJrT1JGsPbXNYCrFz2ad,10,15m,optimistic,1.5,7e-06,0.01,0.15588,-0.165872,-1.6587,False,0.3,True,expanded_partial_feed,no quote success; mark heuristic and quote_failed
9DiruRpjnAnzhn6ts5HGLouHtJrT1JGsPbXNYCrFz2ad,10,15m,realistic,1.5,7e-06,0.05,0.15588,-0.205872,-2.0587,False,0.3,True,expanded_partial_feed,no quote success; mark heuristic and quote_failed
9DiruRpjnAnzhn6ts5HGLouHtJrT1JGsPbXNYCrFz2ad,10,15m,conservative,1.5,7e-06,0.2,0.15588,-0.355872,-3.5587,False,0.3,True,expanded_partial_feed,no quote success; mark heuristic and quote_failed
9DiruRpjnAnzhn6ts5HGLouHtJrT1JGsPbXNYCrFz2ad,10,30m,zero_il_lvr,1.5,7e-06,0,0.15588,-0.155872,-1.5587,False,0.3,True,expanded_partial_feed,no quote success; mark heuristic and quote_failed
9DiruRpjnAnzhn6ts5HGLouHtJrT1JGsPbXNYCrFz2ad,10,30m,optimistic,1.5,7e-06,0.01,0.15588,-0.165872,-1.6587,False,0.3,True,expanded_partial_feed,no quote success; mark heuristic and quote_failed
9DiruRpjnAnzhn6ts5HGLouHtJrT1JGsPbXNYCrFz2ad,10,30m,realistic,1.5,7e-06,0.05,0.15588,-0.205872,-2.0587,False,0.3,True,expanded_partial_feed,no quote success; mark heuristic and quote_failed
9DiruRpjnAnzhn6ts5HGLouHtJrT1JGsPbXNYCrFz2ad,10,30m,conservative,1.5,7e-06,0.2,0.15588,-0.355872,-3.5587,False,0.3,True,expanded_partial_feed,no quote success; mark heuristic and quote_failed
9DiruRpjnAnzhn6ts5HGLouHtJrT1JGsPbXNYCrFz2ad,10,1h,zero_il_lvr,1.5,7e-06,0,0.15588,-0.155872,-1.5587,False,0.3,True,expanded_partial_feed,no quote success; mark heuristic and quote_failed
9DiruRpjnAnzhn6ts5HGLouHtJrT1JGsPbXNYCrFz2ad,10,1h,optimistic,1.5,7e-06,0.01,0.15588,-0.165872,-1.6587,False,0.3,True,expanded_partial_feed,no quote success; mark heuristic and quote_failed
9DiruRpjnAnzhn6ts5HGLouHtJrT1JGsPbXNYCrFz2ad,10,1h,realistic,1.5,7e-06,0.05,0.15588,-0.205872,-2.0587,False,0.3,True,expanded_partial_feed,no quote success; mark heuristic and quote_failed
9DiruRpjnAnzhn6ts5HGLouHtJrT1JGsPbXNYCrFz2ad,10,1h,conservative,1.5,7e-06,0.2,0.15588,-0.355872,-3.5587,False,0.3,True,expanded_partial_feed,no quote success; mark heuristic and quote_failed
9DiruRpjnAnzhn6ts5HGLouHtJrT1JGsPbXNYCrFz2ad,10,2h,zero_il_lvr,1.5,7e-06,0,0.15588,-0.155872,-1.5587,False,0.3,True,expanded_partial_feed,no quote success; mark heuristic and quote_failed
9DiruRpjnAnzhn6ts5HGLouHtJrT1JGsPbXNYCrFz2ad,10,2h,optimistic,1.5,7e-06,0.01,0.15588,-0.165872,-1.6587,False,0.3,True,expanded_partial_feed,no quote success; mark heuristic and quote_failed
9DiruRpjnAnzhn6ts5HGLouHtJrT1JGsPbXNYCrFz2ad,10,2h,realistic,1.5,7e-06,0.05,0.15588,-0.205872,-2.0587,False,0.3,True,expanded_partial_feed,no quote success; mark heuristic and quote_failed
9DiruRpjnAnzhn6ts5HGLouHtJrT1JGsPbXNYCrFz2ad,10,2h,conservative,1.5,7e-06,0.2,0.15588,-0.355872,-3.5587,False,0.3,True,expanded_partial_feed,no quote success; mark heuristic and quote_failed
9DiruRpjnAnzhn6ts5HGLouHtJrT1JGsPbXNYCrFz2ad,10,6h,zero_il_lvr,1.5,7e-06,0,0.15588,-0.155872,-1.5587,False,0.3,True,expanded_partial_feed,no quote success; mark heuristic and quote_failed
9DiruRpjnAnzhn6ts5HGLouHtJrT1JGsPbXNYCrFz2ad,10,6h,optimistic,1.5,7e-06,0.01,0.15588,-0.165872,-1.6587,False,0.3,True,expanded_partial_feed,no quote success; mark heuristic and quote_failed
9DiruRpjnAnzhn6ts5HGLouHtJrT1JGsPbXNYCrFz2ad,10,6h,realistic,1.5,7e-06,0.05,0.15588,-0.205872,-2.0587,False,0.3,True,expanded_partial_feed,no quote success; mark heuristic and quote_failed
9DiruRpjnAnzhn6ts5HGLouHtJrT1JGsPbXNYCrFz2ad,10,6h,conservative,1.5,7e-06,0.2,0.15588,-0.355872,-3.5587,False,0.3,True,expanded_partial_feed,no quote success; mark heuristic and quote_failed
9DiruRpjnAnzhn6ts5HGLouHtJrT1JGsPbXNYCrFz2ad,10,24h,zero_il_lvr,1.5,7e-06,0,0.15588,-0.155872,-1.5587,False,0.3,True,expanded_partial_feed,no quote success; mark heuristic and quote_failed
9DiruRpjnAnzhn6ts5HGLouHtJrT1JGsPbXNYCrFz2ad,10,24h,optimistic,1.5,7e-06,0.01,0.15588,-0.165872,-1.6587,False,0.3,True,expanded_partial_feed,no quote success; mark heuristic and quote_failed
9DiruRpjnAnzhn6ts5HGLouHtJrT1JGsPbXNYCrFz2ad,10,24h,realistic,1.5,7e-06,0.05,0.15588,-0.205872,-2.0587,False,0.3,True,expanded_partial_feed,no quote success; mark heuristic and quote_failed
9DiruRpjnAnzhn6ts5HGLouHtJrT1JGsPbXNYCrFz2ad,10,24h,conservative,1.5,7e-06,0.2,0.15588,-0.355872,-3.5587,False,0.3,True,expanded_partial_feed,no quote success; mark heuristic and quote_failed
9DiruRpjnAnzhn6ts5HGLouHtJrT1JGsPbXNYCrFz2ad,10,7d,zero_il_lvr,1.5,7e-06,0,0.15588,-0.155872,-1.5587,False,0.3,True,expanded_partial_feed,no quote success; mark heuristic and quote_failed
9DiruRpjnAnzhn6ts5HGLouHtJrT1JGsPbXNYCrFz2ad,10,7d,optimistic,1.5,7e-06,0.01,0.15588,-0.165872,-1.6587,False,0.3,True,expanded_partial_feed,no quote success; mark heuristic and quote_failed
9DiruRpjnAnzhn6ts5HGLouHtJrT1JGsPbXNYCrFz2ad,10,7d,realistic,1.5,7e-06,0.05,0.15588,-0.205872,-2.0587,False,0.3,True,expanded_partial_feed,no quote success; mark heuristic and quote_failed
9DiruRpjnAnzhn6ts5HGLouHtJrT1JGsPbXNYCrFz2ad,10,7d,conservative,1.5,7e-06,0.2,0.15588,-0.355872,-3.5587,False,0.3,True,expanded_partial_feed,no quote success; mark heuristic and quote_failed
9DiruRpjnAnzhn6ts5HGLouHtJrT1JGsPbXNYCrFz2ad,20,15m,zero_il_lvr,1.5,1.5e-05,0,0.15588,-0.155865,-0.7793,False,0.3,True,expanded_partial_feed,no quote success; mark heuristic and quote_failed
9DiruRpjnAnzhn6ts5HGLouHtJrT1JGsPbXNYCrFz2ad,20,15m,optimistic,1.5,1.5e-05,0.02,0.15588,-0.175865,-0.8793,False,0.3,True,expanded_partial_feed,no quote success; mark heuristic and quote_failed
9DiruRpjnAnzhn6ts5HGLouHtJrT1JGsPbXNYCrFz2ad,20,15m,realistic,1.5,1.5e-05,0.1,0.15588,-0.255865,-1.2793,False,0.3,True,expanded_partial_feed,no quote success; mark heuristic and quote_failed
9DiruRpjnAnzhn6ts5HGLouHtJrT1JGsPbXNYCrFz2ad,20,15m,conservative,1.5,1.5e-05,0.4,0.15588,-0.555865,-2.7793,False,0.3,True,expanded_partial_feed,no quote success; mark heuristic and quote_failed
9DiruRpjnAnzhn6ts5HGLouHtJrT1JGsPbXNYCrFz2ad,20,30m,zero_il_lvr,1.5,1.5e-05,0,0.15588,-0.155865,-0.7793,False,0.3,True,expanded_partial_feed,no quote success; mark heuristic and quote_failed
9DiruRpjnAnzhn6ts5HGLouHtJrT1JGsPbXNYCrFz2ad,20,30m,optimistic,1.5,1.5e-05,0.02,0.15588,-0.175865,-0.8793,False,0.3,True,expanded_partial_feed,no quote success; mark heuristic and quote_failed
9DiruRpjnAnzhn6ts5HGLouHtJrT1JGsPbXNYCrFz2ad,20,30m,realistic,1.5,1.5e-05,0.1,0.15588,-0.255865,-1.2793,False,0.3,True,expanded_partial_feed,no quote success; mark heuristic and quote_failed
9DiruRpjnAnzhn6ts5HGLouHtJrT1JGsPbXNYCrFz2ad,20,30m,conservative,1.5,1.5e-05,0.4,0.15588,-0.555865,-2.7793,False,0.3,True,expanded_partial_feed,no quote success; mark heuristic and quote_failed
9DiruRpjnAnzhn6ts5HGLouHtJrT1JGsPbXNYCrFz2ad,20,1h,zero_il_lvr,1.5,1.5e-05,0,0.15588,-0.155865,-0.7793,False,0.3,True,expanded_partial_feed,no quote success; mark heuristic and quote_failed
9DiruRpjnAnzhn6ts5HGLouHtJrT1JGsPbXNYCrFz2ad,20,1h,optimistic,1.5,1.5e-05,0.02,0.15588,-0.175865,-0.8793,False,0.3,True,expanded_partial_feed,no quote success; mark heuristic and quote_failed
9DiruRpjnAnzhn6ts5HGLouHtJrT1JGsPbXNYCrFz2ad,20,1h,realistic,1.5,1.5e-05,0.1,0.15588,-0.255865,-1.2793,False,0.3,True,expanded_partial_feed,no quote success; mark heuristic and quote_failed
9DiruRpjnAnzhn6ts5HGLouHtJrT1JGsPbXNYCrFz2ad,20,1h,conservative,1.5,1.5e-05,0.4,0.15588,-0.555865,-2.7793,False,0.3,True,expanded_partial_feed,no quote success; mark heuristic and quote_failed
9DiruRpjnAnzhn6ts5HGLouHtJrT1JGsPbXNYCrFz2ad,20,2h,zero_il_lvr,1.5,1.5e-05,0,0.15588,-0.155865,-0.7793,False,0.3,True,expanded_partial_feed,no quote success; mark heuristic and quote_failed
9DiruRpjnAnzhn6ts5HGLouHtJrT1JGsPbXNYCrFz2ad,20,2h,optimistic,1.5,1.5e-05,0.02,0.15588,-0.175865,-0.8793,False,0.3,True,expanded_partial_feed,no quote success; mark heuristic and quote_failed
9DiruRpjnAnzhn6ts5HGLouHtJrT1JGsPbXNYCrFz2ad,20,2h,realistic,1.5,1.5e-05,0.1,0.15588,-0.255865,-1.2793,False,0.3,True,expanded_partial_feed,no quote success; mark heuristic and quote_failed
9DiruRpjnAnzhn6ts5HGLouHtJrT1JGsPbXNYCrFz2ad,20,2h,conservative,1.5,1.5e-05,0.4,0.15588,-0.555865,-2.7793,False,0.3,True,expanded_partial_feed,no quote success; mark heuristic and quote_failed
9DiruRpjnAnzhn6ts5HGLouHtJrT1JGsPbXNYCrFz2ad,20,6h,zero_il_lvr,1.5,1.5e-05,0,0.15588,-0.155865,-0.7793,False,0.3,True,expanded_partial_feed,no quote success; mark heuristic and quote_failed
9DiruRpjnAnzhn6ts5HGLouHtJrT1JGsPbXNYCrFz2ad,20,6h,optimistic,1.5,1.5e-05,0.02,0.15588,-0.175865,-0.8793,False,0.3,True,expanded_partial_feed,no quote success; mark heuristic and quote_failed
9DiruRpjnAnzhn6ts5HGLouHtJrT1JGsPbXNYCrFz2ad,20,6h,realistic,1.5,1.5e-05,0.1,0.15588,-0.255865,-1.2793,False,0.3,True,expanded_partial_feed,no quote success; mark heuristic and quote_failed
9DiruRpjnAnzhn6ts5HGLouHtJrT1JGsPbXNYCrFz2ad,20,6h,conservative,1.5,1.5e-05,0.4,0.15588,-0.555865,-2.7793,False,0.3,True,expanded_partial_feed,no quote success; mark heuristic and quote_failed
9DiruRpjnAnzhn6ts5HGLouHtJrT1JGsPbXNYCrFz2ad,20,24h,zero_il_lvr,1.5,1.5e-05,0,0.15588,-0.155865,-0.7793,False,0.3,True,expanded_partial_feed,no quote success; mark heuristic and quote_failed
9DiruRpjnAnzhn6ts5HGLouHtJrT1JGsPbXNYCrFz2ad,20,24h,optimistic,1.5,1.5e-05,0.02,0.15588,-0.175865,-0.8793,False,0.3,True,expanded_partial_feed,no quote success; mark heuristic and quote_failed
9DiruRpjnAnzhn6ts5HGLouHtJrT1JGsPbXNYCrFz2ad,20,24h,realistic,1.5,1.5e-05,0.1,0.15588,-0.255865,-1.2793,False,0.3,True,expanded_partial_feed,no quote success; mark heuristic and quote_failed
9DiruRpjnAnzhn6ts5HGLouHtJrT1JGsPbXNYCrFz2ad,20,24h,conservative,1.5,1.5e-05,0.4,0.15588,-0.555865,-2.7793,False,0.3,True,expanded_partial_feed,no quote success; mark heuristic and quote_failed
9DiruRpjnAnzhn6ts5HGLouHtJrT1JGsPbXNYCrFz2ad,20,7d,zero_il_lvr,1.5,1.5e-05,0,0.15588,-0.155865,-0.7793,False,0.3,True,expanded_partial_feed,no quote success; mark heuristic and quote_failed
9DiruRpjnAnzhn6ts5HGLouHtJrT1JGsPbXNYCrFz2ad,20,7d,optimistic,1.5,1.5e-05,0.02,0.15588,-0.175865,-0.8793,False,0.3,True,expanded_partial_feed,no quote success; mark heuristic and quote_failed
9DiruRpjnAnzhn6ts5HGLouHtJrT1JGsPbXNYCrFz2ad,20,7d,realistic,1.5,1.5e-05,0.1,0.15588,-0.255865,-1.2793,False,0.3,True,expanded_partial_feed,no quote success; mark heuristic and quote_failed
9DiruRpjnAnzhn6ts5HGLouHtJrT1JGsPbXNYCrFz2ad,20,7d,conservative,1.5,1.5e-05,0.4,0.15588,-0.555865,-2.7793,False,0.3,True,expanded_partial_feed,no quote success; mark heuristic and quote_failed
9DiruRpjnAnzhn6ts5HGLouHtJrT1JGsPbXNYCrFz2ad,100,15m,zero_il_lvr,1.5,7.5e-05,0,0.15588,-0.155805,-0.1558,False,0.3,True,expanded_partial_feed,no quote success; mark heuristic and quote_failed
9DiruRpjnAnzhn6ts5HGLouHtJrT1JGsPbXNYCrFz2ad,100,15m,optimistic,1.5,7.5e-05,0.1,0.15588,-0.255805,-0.2558,False,0.3,True,expanded_partial_feed,no quote success; mark heuristic and quote_failed
9DiruRpjnAnzhn6ts5HGLouHtJrT1JGsPbXNYCrFz2ad,100,15m,realistic,1.5,7.5e-05,0.5,0.15588,-0.655805,-0.6558,False,0.3,True,expanded_partial_feed,no quote success; mark heuristic and quote_failed
9DiruRpjnAnzhn6ts5HGLouHtJrT1JGsPbXNYCrFz2ad,100,15m,conservative,1.5,7.5e-05,2,0.15588,-2.155805,-2.1558,False,0.3,True,expanded_partial_feed,no quote success; mark heuristic and quote_failed
9DiruRpjnAnzhn6ts5HGLouHtJrT1JGsPbXNYCrFz2ad,100,30m,zero_il_lvr,1.5,7.5e-05,0,0.15588,-0.155805,-0.1558,False,0.3,True,expanded_partial_feed,no quote success; mark heuristic and quote_failed
9DiruRpjnAnzhn6ts5HGLouHtJrT1JGsPbXNYCrFz2ad,100,30m,optimistic,1.5,7.5e-05,0.1,0.15588,-0.255805,-0.2558,False,0.3,True,expanded_partial_feed,no quote success; mark heuristic and quote_failed
9DiruRpjnAnzhn6ts5HGLouHtJrT1JGsPbXNYCrFz2ad,100,30m,realistic,1.5,7.5e-05,0.5,0.15588,-0.655805,-0.6558,False,0.3,True,expanded_partial_feed,no quote success; mark heuristic and quote_failed
9DiruRpjnAnzhn6ts5HGLouHtJrT1JGsPbXNYCrFz2ad,100,30m,conservative,1.5,7.5e-05,2,0.15588,-2.155805,-2.1558,False,0.3,True,expanded_partial_feed,no quote success; mark heuristic and quote_failed
9DiruRpjnAnzhn6ts5HGLouHtJrT1JGsPbXNYCrFz2ad,100,1h,zero_il_lvr,1.5,7.5e-05,0,0.15588,-0.155805,-0.1558,False,0.3,True,expanded_partial_feed,no quote success; mark heuristic and quote_failed
9DiruRpjnAnzhn6ts5HGLouHtJrT1JGsPbXNYCrFz2ad,100,1h,optimistic,1.5,7.5e-05,0.1,0.15588,-0.255805,-0.2558,False,0.3,True,expanded_partial_feed,no quote success; mark heuristic and quote_failed
9DiruRpjnAnzhn6ts5HGLouHtJrT1JGsPbXNYCrFz2ad,100,1h,realistic,1.5,7.5e-05,0.5,0.15588,-0.655805,-0.6558,False,0.3,True,expanded_partial_feed,no quote success; mark heuristic and quote_failed
9DiruRpjnAnzhn6ts5HGLouHtJrT1JGsPbXNYCrFz2ad,100,1h,conservative,1.5,7.5e-05,2,0.15588,-2.155805,-2.1558,False,0.3,True,expanded_partial_feed,no quote success; mark heuristic and quote_failed
9DiruRpjnAnzhn6ts5HGLouHtJrT1JGsPbXNYCrFz2ad,100,2h,zero_il_lvr,1.5,7.5e-05,0,0.15588,-0.155805,-0.1558,False,0.3,True,expanded_partial_feed,no quote success; mark heuristic and quote_failed
9DiruRpjnAnzhn6ts5HGLouHtJrT1JGsPbXNYCrFz2ad,100,2h,optimistic,1.5,7.5e-05,0.1,0.15588,-0.255805,-0.2558,False,0.3,True,expanded_partial_feed,no quote success; mark heuristic and quote_failed
9DiruRpjnAnzhn6ts5HGLouHtJrT1JGsPbXNYCrFz2ad,100,2h,realistic,1.5,7.5e-05,0.5,0.15588,-0.655805,-0.6558,False,0.3,True,expanded_partial_feed,no quote success; mark heuristic and quote_failed
9DiruRpjnAnzhn6ts5HGLouHtJrT1JGsPbXNYCrFz2ad,100,2h,conservative,1.5,7.5e-05,2,0.15588,-2.155805,-2.1558,False,0.3,True,expanded_partial_feed,no quote success; mark heuristic and quote_failed
9DiruRpjnAnzhn6ts5HGLouHtJrT1JGsPbXNYCrFz2ad,100,6h,zero_il_lvr,1.5,7.5e-05,0,0.15588,-0.155805,-0.1558,False,0.3,True,expanded_partial_feed,no quote success; mark heuristic and quote_failed
9DiruRpjnAnzhn6ts5HGLouHtJrT1JGsPbXNYCrFz2ad,100,6h,optimistic,1.5,7.5e-05,0.1,0.15588,-0.255805,-0.2558,False,0.3,True,expanded_partial_feed,no quote success; mark heuristic and quote_failed
9DiruRpjnAnzhn6ts5HGLouHtJrT1JGsPbXNYCrFz2ad,100,6h,realistic,1.5,7.5e-05,0.5,0.15588,-0.655805,-0.6558,False,0.3,True,expanded_partial_feed,no quote success; mark heuristic and quote_failed
9DiruRpjnAnzhn6ts5HGLouHtJrT1JGsPbXNYCrFz2ad,100,6h,conservative,1.5,7.5e-05,2,0.15588,-2.155805,-2.1558,False,0.3,True,expanded_partial_feed,no quote success; mark heuristic and quote_failed
9DiruRpjnAnzhn6ts5HGLouHtJrT1JGsPbXNYCrFz2ad,100,24h,zero_il_lvr,1.5,7.5e-05,0,0.15588,-0.155805,-0.1558,False,0.3,True,expanded_partial_feed,no quote success; mark heuristic and quote_failed
9DiruRpjnAnzhn6ts5HGLouHtJrT1JGsPbXNYCrFz2ad,100,24h,optimistic,1.5,7.5e-05,0.1,0.15588,-0.255805,-0.2558,False,0.3,True,expanded_partial_feed,no quote success; mark heuristic and quote_failed
9DiruRpjnAnzhn6ts5HGLouHtJrT1JGsPbXNYCrFz2ad,100,24h,realistic,1.5,7.5e-05,0.5,0.15588,-0.655805,-0.6558,False,0.3,True,expanded_partial_feed,no quote success; mark heuristic and quote_failed
9DiruRpjnAnzhn6ts5HGLouHtJrT1JGsPbXNYCrFz2ad,100,24h,conservative,1.5,7.5e-05,2,0.15588,-2.155805,-2.1558,False,0.3,True,expanded_partial_feed,no quote success; mark heuristic and quote_failed
9DiruRpjnAnzhn6ts5HGLouHtJrT1JGsPbXNYCrFz2ad,100,7d,zero_il_lvr,1.5,7.5e-05,0,0.15588,-0.155805,-0.1558,False,0.3,True,expanded_partial_feed,no quote success; mark heuristic and quote_failed
9DiruRpjnAnzhn6ts5HGLouHtJrT1JGsPbXNYCrFz2ad,100,7d,optimistic,1.5,7.5e-05,0.1,0.15588,-0.255805,-0.2558,False,0.3,True,expanded_partial_feed,no quote success; mark heuristic and quote_failed
9DiruRpjnAnzhn6ts5HGLouHtJrT1JGsPbXNYCrFz2ad,100,7d,realistic,1.5,7.5e-05,0.5,0.15588,-0.655805,-0.6558,False,0.3,True,expanded_partial_feed,no quote success; mark heuristic and quote_failed
9DiruRpjnAnzhn6ts5HGLouHtJrT1JGsPbXNYCrFz2ad,100,7d,conservative,1.5,7.5e-05,2,0.15588,-2.155805,-2.1558,False,0.3,True,expanded_partial_feed,no quote success; mark heuristic and quote_failed
9DiruRpjnAnzhn6ts5HGLouHtJrT1JGsPbXNYCrFz2ad,500,15m,zero_il_lvr,1.5,0.000375,0,0.15588,-0.155505,-0.0311,False,0.3,True,expanded_partial_feed,no quote success; mark heuristic and quote_failed
9DiruRpjnAnzhn6ts5HGLouHtJrT1JGsPbXNYCrFz2ad,500,15m,optimistic,1.5,0.000375,0.5,0.15588,-0.655505,-0.1311,False,0.3,True,expanded_partial_feed,no quote success; mark heuristic and quote_failed
9DiruRpjnAnzhn6ts5HGLouHtJrT1JGsPbXNYCrFz2ad,500,15m,realistic,1.5,0.000375,2.5,0.15588,-2.655505,-0.5311,False,0.3,True,expanded_partial_feed,no quote success; mark heuristic and quote_failed
9DiruRpjnAnzhn6ts5HGLouHtJrT1JGsPbXNYCrFz2ad,500,15m,conservative,1.5,0.000375,10,0.15588,-10.155505,-2.0311,False,0.3,True,expanded_partial_feed,no quote success; mark heuristic and quote_failed
9DiruRpjnAnzhn6ts5HGLouHtJrT1JGsPbXNYCrFz2ad,500,30m,zero_il_lvr,1.5,0.000375,0,0.15588,-0.155505,-0.0311,False,0.3,True,expanded_partial_feed,no quote success; mark heuristic and quote_failed
9DiruRpjnAnzhn6ts5HGLouHtJrT1JGsPbXNYCrFz2ad,500,30m,optimistic,1.5,0.000375,0.5,0.15588,-0.655505,-0.1311,False,0.3,True,expanded_partial_feed,no quote success; mark heuristic and quote_failed
9DiruRpjnAnzhn6ts5HGLouHtJrT1JGsPbXNYCrFz2ad,500,30m,realistic,1.5,0.000375,2.5,0.15588,-2.655505,-0.5311,False,0.3,True,expanded_partial_feed,no quote success; mark heuristic and quote_failed
9DiruRpjnAnzhn6ts5HGLouHtJrT1JGsPbXNYCrFz2ad,500,30m,conservative,1.5,0.000375,10,0.15588,-10.155505,-2.0311,False,0.3,True,expanded_partial_feed,no quote success; mark heuristic and quote_failed
9DiruRpjnAnzhn6ts5HGLouHtJrT1JGsPbXNYCrFz2ad,500,1h,zero_il_lvr,1.5,0.000375,0,0.15588,-0.155505,-0.0311,False,0.3,True,expanded_partial_feed,no quote success; mark heuristic and quote_failed
9DiruRpjnAnzhn6ts5HGLouHtJrT1JGsPbXNYCrFz2ad,500,1h,optimistic,1.5,0.000375,0.5,0.15588,-0.655505,-0.1311,False,0.3,True,expanded_partial_feed,no quote success; mark heuristic and quote_failed
9DiruRpjnAnzhn6ts5HGLouHtJrT1JGsPbXNYCrFz2ad,500,1h,realistic,1.5,0.000375,2.5,0.15588,-2.655505,-0.5311,False,0.3,True,expanded_partial_feed,no quote success; mark heuristic and quote_failed
9DiruRpjnAnzhn6ts5HGLouHtJrT1JGsPbXNYCrFz2ad,500,1h,conservative,1.5,0.000375,10,0.15588,-10.155505,-2.0311,False,0.3,True,expanded_partial_feed,no quote success; mark heuristic and quote_failed
9DiruRpjnAnzhn6ts5HGLouHtJrT1JGsPbXNYCrFz2ad,500,2h,zero_il_lvr,1.5,0.000375,0,0.15588,-0.155505,-0.0311,False,0.3,True,expanded_partial_feed,no quote success; mark heuristic and quote_failed
9DiruRpjnAnzhn6ts5HGLouHtJrT1JGsPbXNYCrFz2ad,500,2h,optimistic,1.5,0.000375,0.5,0.15588,-0.655505,-0.1311,False,0.3,True,expanded_partial_feed,no quote success; mark heuristic and quote_failed
9DiruRpjnAnzhn6ts5HGLouHtJrT1JGsPbXNYCrFz2ad,500,2h,realistic,1.5,0.000375,2.5,0.15588,-2.655505,-0.5311,False,0.3,True,expanded_partial_feed,no quote success; mark heuristic and quote_failed
9DiruRpjnAnzhn6ts5HGLouHtJrT1JGsPbXNYCrFz2ad,500,2h,conservative,1.5,0.000375,10,0.15588,-10.155505,-2.0311,False,0.3,True,expanded_partial_feed,no quote success; mark heuristic and quote_failed
9DiruRpjnAnzhn6ts5HGLouHtJrT1JGsPbXNYCrFz2ad,500,6h,zero_il_lvr,1.5,0.000375,0,0.15588,-0.155505,-0.0311,False,0.3,True,expanded_partial_feed,no quote success; mark heuristic and quote_failed
9DiruRpjnAnzhn6ts5HGLouHtJrT1JGsPbXNYCrFz2ad,500,6h,optimistic,1.5,0.000375,0.5,0.15588,-0.655505,-0.1311,False,0.3,True,expanded_partial_feed,no quote success; mark heuristic and quote_failed
9DiruRpjnAnzhn6ts5HGLouHtJrT1JGsPbXNYCrFz2ad,500,6h,realistic,1.5,0.000375,2.5,0.15588,-2.655505,-0.5311,False,0.3,True,expanded_partial_feed,no quote success; mark heuristic and quote_failed
9DiruRpjnAnzhn6ts5HGLouHtJrT1JGsPbXNYCrFz2ad,500,6h,conservative,1.5,0.000375,10,0.15588,-10.155505,-2.0311,False,0.3,True,expanded_partial_feed,no quote success; mark heuristic and quote_failed
9DiruRpjnAnzhn6ts5HGLouHtJrT1JGsPbXNYCrFz2ad,500,24h,zero_il_lvr,1.5,0.000375,0,0.15588,-0.155505,-0.0311,False,0.3,True,expanded_partial_feed,no quote success; mark heuristic and quote_failed
9DiruRpjnAnzhn6ts5HGLouHtJrT1JGsPbXNYCrFz2ad,500,24h,optimistic,1.5,0.000375,0.5,0.15588,-0.655505,-0.1311,False,0.3,True,expanded_partial_feed,no quote success; mark heuristic and quote_failed
9DiruRpjnAnzhn6ts5HGLouHtJrT1JGsPbXNYCrFz2ad,500,24h,realistic,1.5,0.000375,2.5,0.15588,-2.655505,-0.5311,False,0.3,True,expanded_partial_feed,no quote success; mark heuristic and quote_failed
9DiruRpjnAnzhn6ts5HGLouHtJrT1JGsPbXNYCrFz2ad,500,24h,conservative,1.5,0.000375,10,0.15588,-10.155505,-2.0311,False,0.3,True,expanded_partial_feed,no quote success; mark heuristic and quote_failed
9DiruRpjnAnzhn6ts5HGLouHtJrT1JGsPbXNYCrFz2ad,500,7d,zero_il_lvr,1.5,0.000375,0,0.15588,-0.155505,-0.0311,False,0.3,True,expanded_partial_feed,no quote success; mark heuristic and quote_failed
9DiruRpjnAnzhn6ts5HGLouHtJrT1JGsPbXNYCrFz2ad,500,7d,optimistic,1.5,0.000375,0.5,0.15588,-0.655505,-0.1311,False,0.3,True,expanded_partial_feed,no quote success; mark heuristic and quote_failed
9DiruRpjnAnzhn6ts5HGLouHtJrT1JGsPbXNYCrFz2ad,500,7d,realistic,1.5,0.000375,2.5,0.15588,-2.655505,-0.5311,False,0.3,True,expanded_partial_feed,no quote success; mark heuristic and quote_failed
9DiruRpjnAnzhn6ts5HGLouHtJrT1JGsPbXNYCrFz2ad,500,7d,conservative,1.5,0.000375,10,0.15588,-10.155505,-2.0311,False,0.3,True,expanded_partial_feed,no quote success; mark heuristic and quote_failed
9DiruRpjnAnzhn6ts5HGLouHtJrT1JGsPbXNYCrFz2ad,1000,15m,zero_il_lvr,1.5,0.00075,0,0.15588,-0.15513,-0.0155,False,0.3,True,expanded_partial_feed,no quote success; mark heuristic and quote_failed
9DiruRpjnAnzhn6ts5HGLouHtJrT1JGsPbXNYCrFz2ad,1000,15m,optimistic,1.5,0.00075,1,0.15588,-1.15513,-0.1155,False,0.3,True,expanded_partial_feed,no quote success; mark heuristic and quote_failed
9DiruRpjnAnzhn6ts5HGLouHtJrT1JGsPbXNYCrFz2ad,1000,15m,realistic,1.5,0.00075,5,0.15588,-5.15513,-0.5155,False,0.3,True,expanded_partial_feed,no quote success; mark heuristic and quote_failed
9DiruRpjnAnzhn6ts5HGLouHtJrT1JGsPbXNYCrFz2ad,1000,15m,conservative,1.5,0.00075,20,0.15588,-20.15513,-2.0155,False,0.3,True,expanded_partial_feed,no quote success; mark heuristic and quote_failed
9DiruRpjnAnzhn6ts5HGLouHtJrT1JGsPbXNYCrFz2ad,1000,30m,zero_il_lvr,1.5,0.00075,0,0.15588,-0.15513,-0.0155,False,0.3,True,expanded_partial_feed,no quote success; mark heuristic and quote_failed
9DiruRpjnAnzhn6ts5HGLouHtJrT1JGsPbXNYCrFz2ad,1000,30m,optimistic,1.5,0.00075,1,0.15588,-1.15513,-0.1155,False,0.3,True,expanded_partial_feed,no quote success; mark heuristic and quote_failed
9DiruRpjnAnzhn6ts5HGLouHtJrT1JGsPbXNYCrFz2ad,1000,30m,realistic,1.5,0.00075,5,0.15588,-5.15513,-0.5155,False,0.3,True,expanded_partial_feed,no quote success; mark heuristic and quote_failed
9DiruRpjnAnzhn6ts5HGLouHtJrT1JGsPbXNYCrFz2ad,1000,30m,conservative,1.5,0.00075,20,0.15588,-20.15513,-2.0155,False,0.3,True,expanded_partial_feed,no quote success; mark heuristic and quote_failed
9DiruRpjnAnzhn6ts5HGLouHtJrT1JGsPbXNYCrFz2ad,1000,1h,zero_il_lvr,1.5,0.00075,0,0.15588,-0.15513,-0.0155,False,0.3,True,expanded_partial_feed,no quote success; mark heuristic and quote_failed
9DiruRpjnAnzhn6ts5HGLouHtJrT1JGsPbXNYCrFz2ad,1000,1h,optimistic,1.5,0.00075,1,0.15588,-1.15513,-0.1155,False,0.3,True,expanded_partial_feed,no quote success; mark heuristic and quote_failed
9DiruRpjnAnzhn6ts5HGLouHtJrT1JGsPbXNYCrFz2ad,1000,1h,realistic,1.5,0.00075,5,0.15588,-5.15513,-0.5155,False,0.3,True,expanded_partial_feed,no quote success; mark heuristic and quote_failed
9DiruRpjnAnzhn6ts5HGLouHtJrT1JGsPbXNYCrFz2ad,1000,1h,conservative,1.5,0.00075,20,0.15588,-20.15513,-2.0155,False,0.3,True,expanded_partial_feed,no quote success; mark heuristic and quote_failed
9DiruRpjnAnzhn6ts5HGLouHtJrT1JGsPbXNYCrFz2ad,1000,2h,zero_il_lvr,1.5,0.00075,0,0.15588,-0.15513,-0.0155,False,0.3,True,expanded_partial_feed,no quote success; mark heuristic and quote_failed
9DiruRpjnAnzhn6ts5HGLouHtJrT1JGsPbXNYCrFz2ad,1000,2h,optimistic,1.5,0.00075,1,0.15588,-1.15513,-0.1155,False,0.3,True,expanded_partial_feed,no quote success; mark heuristic and quote_failed
9DiruRpjnAnzhn6ts5HGLouHtJrT1JGsPbXNYCrFz2ad,1000,2h,realistic,1.5,0.00075,5,0.15588,-5.15513,-0.5155,False,0.3,True,expanded_partial_feed,no quote success; mark heuristic and quote_failed
9DiruRpjnAnzhn6ts5HGLouHtJrT1JGsPbXNYCrFz2ad,1000,2h,conservative,1.5,0.00075,20,0.15588,-20.15513,-2.0155,False,0.3,True,expanded_partial_feed,no quote success; mark heuristic and quote_failed
9DiruRpjnAnzhn6ts5HGLouHtJrT1JGsPbXNYCrFz2ad,1000,6h,zero_il_lvr,1.5,0.00075,0,0.15588,-0.15513,-0.0155,False,0.3,True,expanded_partial_feed,no quote success; mark heuristic and quote_failed
9DiruRpjnAnzhn6ts5HGLouHtJrT1JGsPbXNYCrFz2ad,1000,6h,optimistic,1.5,0.00075,1,0.15588,-1.15513,-0.1155,False,0.3,True,expanded_partial_feed,no quote success; mark heuristic and quote_failed
9DiruRpjnAnzhn6ts5HGLouHtJrT1JGsPbXNYCrFz2ad,1000,6h,realistic,1.5,0.00075,5,0.15588,-5.15513,-0.5155,False,0.3,True,expanded_partial_feed,no quote success; mark heuristic and quote_failed
9DiruRpjnAnzhn6ts5HGLouHtJrT1JGsPbXNYCrFz2ad,1000,6h,conservative,1.5,0.00075,20,0.15588,-20.15513,-2.0155,False,0.3,True,expanded_partial_feed,no quote success; mark heuristic and quote_failed
9DiruRpjnAnzhn6ts5HGLouHtJrT1JGsPbXNYCrFz2ad,1000,24h,zero_il_lvr,1.5,0.00075,0,0.15588,-0.15513,-0.0155,False,0.3,True,expanded_partial_feed,no quote success; mark heuristic and quote_failed
9DiruRpjnAnzhn6ts5HGLouHtJrT1JGsPbXNYCrFz2ad,1000,24h,optimistic,1.5,0.00075,1,0.15588,-1.15513,-0.1155,False,0.3,True,expanded_partial_feed,no quote success; mark heuristic and quote_failed
9DiruRpjnAnzhn6ts5HGLouHtJrT1JGsPbXNYCrFz2ad,1000,24h,realistic,1.5,0.00075,5,0.15588,-5.15513,-0.5155,False,0.3,True,expanded_partial_feed,no quote success; mark heuristic and quote_failed
9DiruRpjnAnzhn6ts5HGLouHtJrT1JGsPbXNYCrFz2ad,1000,24h,conservative,1.5,0.00075,20,0.15588,-20.15513,-2.0155,False,0.3,True,expanded_partial_feed,no quote success; mark heuristic and quote_failed
9DiruRpjnAnzhn6ts5HGLouHtJrT1JGsPbXNYCrFz2ad,1000,7d,zero_il_lvr,1.5,0.00075,0,0.15588,-0.15513,-0.0155,False,0.3,True,expanded_partial_feed,no quote success; mark heuristic and quote_failed
9DiruRpjnAnzhn6ts5HGLouHtJrT1JGsPbXNYCrFz2ad,1000,7d,optimistic,1.5,0.00075,1,0.15588,-1.15513,-0.1155,False,0.3,True,expanded_partial_feed,no quote success; mark heuristic and quote_failed
9DiruRpjnAnzhn6ts5HGLouHtJrT1JGsPbXNYCrFz2ad,1000,7d,realistic,1.5,0.00075,5,0.15588,-5.15513,-0.5155,False,0.3,True,expanded_partial_feed,no quote success; mark heuristic and quote_failed
9DiruRpjnAnzhn6ts5HGLouHtJrT1JGsPbXNYCrFz2ad,1000,7d,conservative,1.5,0.00075,20,0.15588,-20.15513,-2.0155,False,0.3,True,expanded_partial_feed,no quote success; mark heuristic and quote_failed
9DiruRpjnAnzhn6ts5HGLouHtJrT1JGsPbXNYCrFz2ad,2000,15m,zero_il_lvr,1.5,0.0015,0,0.15588,-0.15438,-0.0077,False,0.3,True,expanded_partial_feed,no quote success; mark heuristic and quote_failed
9DiruRpjnAnzhn6ts5HGLouHtJrT1JGsPbXNYCrFz2ad,2000,15m,optimistic,1.5,0.0015,2,0.15588,-2.15438,-0.1077,False,0.3,True,expanded_partial_feed,no quote success; mark heuristic and quote_failed
9DiruRpjnAnzhn6ts5HGLouHtJrT1JGsPbXNYCrFz2ad,2000,15m,realistic,1.5,0.0015,10,0.15588,-10.15438,-0.5077,False,0.3,True,expanded_partial_feed,no quote success; mark heuristic and quote_failed
9DiruRpjnAnzhn6ts5HGLouHtJrT1JGsPbXNYCrFz2ad,2000,15m,conservative,1.5,0.0015,40,0.15588,-40.15438,-2.0077,False,0.3,True,expanded_partial_feed,no quote success; mark heuristic and quote_failed
9DiruRpjnAnzhn6ts5HGLouHtJrT1JGsPbXNYCrFz2ad,2000,30m,zero_il_lvr,1.5,0.0015,0,0.15588,-0.15438,-0.0077,False,0.3,True,expanded_partial_feed,no quote success; mark heuristic and quote_failed
9DiruRpjnAnzhn6ts5HGLouHtJrT1JGsPbXNYCrFz2ad,2000,30m,optimistic,1.5,0.0015,2,0.15588,-2.15438,-0.1077,False,0.3,True,expanded_partial_feed,no quote success; mark heuristic and quote_failed
9DiruRpjnAnzhn6ts5HGLouHtJrT1JGsPbXNYCrFz2ad,2000,30m,realistic,1.5,0.0015,10,0.15588,-10.15438,-0.5077,False,0.3,True,expanded_partial_feed,no quote success; mark heuristic and quote_failed
9DiruRpjnAnzhn6ts5HGLouHtJrT1JGsPbXNYCrFz2ad,2000,30m,conservative,1.5,0.0015,40,0.15588,-40.15438,-2.0077,False,0.3,True,expanded_partial_feed,no quote success; mark heuristic and quote_failed
9DiruRpjnAnzhn6ts5HGLouHtJrT1JGsPbXNYCrFz2ad,2000,1h,zero_il_lvr,1.5,0.0015,0,0.15588,-0.15438,-0.0077,False,0.3,True,expanded_partial_feed,no quote success; mark heuristic and quote_failed
9DiruRpjnAnzhn6ts5HGLouHtJrT1JGsPbXNYCrFz2ad,2000,1h,optimistic,1.5,0.0015,2,0.15588,-2.15438,-0.1077,False,0.3,True,expanded_partial_feed,no quote success; mark heuristic and quote_failed
9DiruRpjnAnzhn6ts5HGLouHtJrT1JGsPbXNYCrFz2ad,2000,1h,realistic,1.5,0.0015,10,0.15588,-10.15438,-0.5077,False,0.3,True,expanded_partial_feed,no quote success; mark heuristic and quote_failed
9DiruRpjnAnzhn6ts5HGLouHtJrT1JGsPbXNYCrFz2ad,2000,1h,conservative,1.5,0.0015,40,0.15588,-40.15438,-2.0077,False,0.3,True,expanded_partial_feed,no quote success; mark heuristic and quote_failed
9DiruRpjnAnzhn6ts5HGLouHtJrT1JGsPbXNYCrFz2ad,2000,2h,zero_il_lvr,1.5,0.0015,0,0.15588,-0.15438,-0.0077,False,0.3,True,expanded_partial_feed,no quote success; mark heuristic and quote_failed
9DiruRpjnAnzhn6ts5HGLouHtJrT1JGsPbXNYCrFz2ad,2000,2h,optimistic,1.5,0.0015,2,0.15588,-2.15438,-0.1077,False,0.3,True,expanded_partial_feed,no quote success; mark heuristic and quote_failed
9DiruRpjnAnzhn6ts5HGLouHtJrT1JGsPbXNYCrFz2ad,2000,2h,realistic,1.5,0.0015,10,0.15588,-10.15438,-0.5077,False,0.3,True,expanded_partial_feed,no quote success; mark heuristic and quote_failed
9DiruRpjnAnzhn6ts5HGLouHtJrT1JGsPbXNYCrFz2ad,2000,2h,conservative,1.5,0.0015,40,0.15588,-40.15438,-2.0077,False,0.3,True,expanded_partial_feed,no quote success; mark heuristic and quote_failed
9DiruRpjnAnzhn6ts5HGLouHtJrT1JGsPbXNYCrFz2ad,2000,6h,zero_il_lvr,1.5,0.0015,0,0.15588,-0.15438,-0.0077,False,0.3,True,expanded_partial_feed,no quote success; mark heuristic and quote_failed
9DiruRpjnAnzhn6ts5HGLouHtJrT1JGsPbXNYCrFz2ad,2000,6h,optimistic,1.5,0.0015,2,0.15588,-2.15438,-0.1077,False,0.3,True,expanded_partial_feed,no quote success; mark heuristic and quote_failed
9DiruRpjnAnzhn6ts5HGLouHtJrT1JGsPbXNYCrFz2ad,2000,6h,realistic,1.5,0.0015,10,0.15588,-10.15438,-0.5077,False,0.3,True,expanded_partial_feed,no quote success; mark heuristic and quote_failed
9DiruRpjnAnzhn6ts5HGLouHtJrT1JGsPbXNYCrFz2ad,2000,6h,conservative,1.5,0.0015,40,0.15588,-40.15438,-2.0077,False,0.3,True,expanded_partial_feed,no quote success; mark heuristic and quote_failed
9DiruRpjnAnzhn6ts5HGLouHtJrT1JGsPbXNYCrFz2ad,2000,24h,zero_il_lvr,1.5,0.0015,0,0.15588,-0.15438,-0.0077,False,0.3,True,expanded_partial_feed,no quote success; mark heuristic and quote_failed
9DiruRpjnAnzhn6ts5HGLouHtJrT1JGsPbXNYCrFz2ad,2000,24h,optimistic,1.5,0.0015,2,0.15588,-2.15438,-0.1077,False,0.3,True,expanded_partial_feed,no quote success; mark heuristic and quote_failed
9DiruRpjnAnzhn6ts5HGLouHtJrT1JGsPbXNYCrFz2ad,2000,24h,realistic,1.5,0.0015,10,0.15588,-10.15438,-0.5077,False,0.3,True,expanded_partial_feed,no quote success; mark heuristic and quote_failed
9DiruRpjnAnzhn6ts5HGLouHtJrT1JGsPbXNYCrFz2ad,2000,24h,conservative,1.5,0.0015,40,0.15588,-40.15438,-2.0077,False,0.3,True,expanded_partial_feed,no quote success; mark heuristic and quote_failed
9DiruRpjnAnzhn6ts5HGLouHtJrT1JGsPbXNYCrFz2ad,2000,7d,zero_il_lvr,1.5,0.0015,0,0.15588,-0.15438,-0.0077,False,0.3,True,expanded_partial_feed,no quote success; mark heuristic and quote_failed
9DiruRpjnAnzhn6ts5HGLouHtJrT1JGsPbXNYCrFz2ad,2000,7d,optimistic,1.5,0.0015,2,0.15588,-2.15438,-0.1077,False,0.3,True,expanded_partial_feed,no quote success; mark heuristic and quote_failed
9DiruRpjnAnzhn6ts5HGLouHtJrT1JGsPbXNYCrFz2ad,2000,7d,realistic,1.5,0.0015,10,0.15588,-10.15438,-0.5077,False,0.3,True,expanded_partial_feed,no quote success; mark heuristic and quote_failed
9DiruRpjnAnzhn6ts5HGLouHtJrT1JGsPbXNYCrFz2ad,2000,7d,conservative,1.5,0.0015,40,0.15588,-40.15438,-2.0077,False,0.3,True,expanded_partial_feed,no quote success; mark heuristic and quote_failed
6eR5rRdexbht8aiiQmYq7yKb7EhdD3af22B4mHDmCp8x,10,15m,zero_il_lvr,2,1e-05,0,0.15588,-0.15587,-1.5587,False,0.3,True,expanded_partial_feed,no quote success; mark heuristic and quote_failed
6eR5rRdexbht8aiiQmYq7yKb7EhdD3af22B4mHDmCp8x,10,15m,optimistic,2,1e-05,0.01,0.15588,-0.16587,-1.6587,False,0.3,True,expanded_partial_feed,no quote success; mark heuristic and quote_failed
6eR5rRdexbht8aiiQmYq7yKb7EhdD3af22B4mHDmCp8x,10,15m,realistic,2,1e-05,0.05,0.15588,-0.20587,-2.0587,False,0.3,True,expanded_partial_feed,no quote success; mark heuristic and quote_failed
6eR5rRdexbht8aiiQmYq7yKb7EhdD3af22B4mHDmCp8x,10,15m,conservative,2,1e-05,0.2,0.15588,-0.35587,-3.5587,False,0.3,True,expanded_partial_feed,no quote success; mark heuristic and quote_failed
6eR5rRdexbht8aiiQmYq7yKb7EhdD3af22B4mHDmCp8x,10,30m,zero_il_lvr,2,1e-05,0,0.15588,-0.15587,-1.5587,False,0.3,True,expanded_partial_feed,no quote success; mark heuristic and quote_failed
6eR5rRdexbht8aiiQmYq7yKb7EhdD3af22B4mHDmCp8x,10,30m,optimistic,2,1e-05,0.01,0.15588,-0.16587,-1.6587,False,0.3,True,expanded_partial_feed,no quote success; mark heuristic and quote_failed
6eR5rRdexbht8aiiQmYq7yKb7EhdD3af22B4mHDmCp8x,10,30m,realistic,2,1e-05,0.05,0.15588,-0.20587,-2.0587,False,0.3,True,expanded_partial_feed,no quote success; mark heuristic and quote_failed
6eR5rRdexbht8aiiQmYq7yKb7EhdD3af22B4mHDmCp8x,10,30m,conservative,2,1e-05,0.2,0.15588,-0.35587,-3.5587,False,0.3,True,expanded_partial_feed,no quote success; mark heuristic and quote_failed
6eR5rRdexbht8aiiQmYq7yKb7EhdD3af22B4mHDmCp8x,10,1h,zero_il_lvr,2,1e-05,0,0.15588,-0.15587,-1.5587,False,0.3,True,expanded_partial_feed,no quote success; mark heuristic and quote_failed
6eR5rRdexbht8aiiQmYq7yKb7EhdD3af22B4mHDmCp8x,10,1h,optimistic,2,1e-05,0.01,0.15588,-0.16587,-1.6587,False,0.3,True,expanded_partial_feed,no quote success; mark heuristic and quote_failed
6eR5rRdexbht8aiiQmYq7yKb7EhdD3af22B4mHDmCp8x,10,1h,realistic,2,1e-05,0.05,0.15588,-0.20587,-2.0587,False,0.3,True,expanded_partial_feed,no quote success; mark heuristic and quote_failed
6eR5rRdexbht8aiiQmYq7yKb7EhdD3af22B4mHDmCp8x,10,1h,conservative,2,1e-05,0.2,0.15588,-0.35587,-3.5587,False,0.3,True,expanded_partial_feed,no quote success; mark heuristic and quote_failed
6eR5rRdexbht8aiiQmYq7yKb7EhdD3af22B4mHDmCp8x,10,2h,zero_il_lvr,2,1e-05,0,0.15588,-0.15587,-1.5587,False,0.3,True,expanded_partial_feed,no quote success; mark heuristic and quote_failed
6eR5rRdexbht8aiiQmYq7yKb7EhdD3af22B4mHDmCp8x,10,2h,optimistic,2,1e-05,0.01,0.15588,-0.16587,-1.6587,False,0.3,True,expanded_partial_feed,no quote success; mark heuristic and quote_failed
6eR5rRdexbht8aiiQmYq7yKb7EhdD3af22B4mHDmCp8x,10,2h,realistic,2,1e-05,0.05,0.15588,-0.20587,-2.0587,False,0.3,True,expanded_partial_feed,no quote success; mark heuristic and quote_failed
6eR5rRdexbht8aiiQmYq7yKb7EhdD3af22B4mHDmCp8x,10,2h,conservative,2,1e-05,0.2,0.15588,-0.35587,-3.5587,False,0.3,True,expanded_partial_feed,no quote success; mark heuristic and quote_failed
6eR5rRdexbht8aiiQmYq7yKb7EhdD3af22B4mHDmCp8x,10,6h,zero_il_lvr,2,1e-05,0,0.15588,-0.15587,-1.5587,False,0.3,True,expanded_partial_feed,no quote success; mark heuristic and quote_failed
6eR5rRdexbht8aiiQmYq7yKb7EhdD3af22B4mHDmCp8x,10,6h,optimistic,2,1e-05,0.01,0.15588,-0.16587,-1.6587,False,0.3,True,expanded_partial_feed,no quote success; mark heuristic and quote_failed
6eR5rRdexbht8aiiQmYq7yKb7EhdD3af22B4mHDmCp8x,10,6h,realistic,2,1e-05,0.05,0.15588,-0.20587,-2.0587,False,0.3,True,expanded_partial_feed,no quote success; mark heuristic and quote_failed
6eR5rRdexbht8aiiQmYq7yKb7EhdD3af22B4mHDmCp8x,10,6h,conservative,2,1e-05,0.2,0.15588,-0.35587,-3.5587,False,0.3,True,expanded_partial_feed,no quote success; mark heuristic and quote_failed
6eR5rRdexbht8aiiQmYq7yKb7EhdD3af22B4mHDmCp8x,10,24h,zero_il_lvr,2,1e-05,0,0.15588,-0.15587,-1.5587,False,0.3,True,expanded_partial_feed,no quote success; mark heuristic and quote_failed
6eR5rRdexbht8aiiQmYq7yKb7EhdD3af22B4mHDmCp8x,10,24h,optimistic,2,1e-05,0.01,0.15588,-0.16587,-1.6587,False,0.3,True,expanded_partial_feed,no quote success; mark heuristic and quote_failed
6eR5rRdexbht8aiiQmYq7yKb7EhdD3af22B4mHDmCp8x,10,24h,realistic,2,1e-05,0.05,0.15588,-0.20587,-2.0587,False,0.3,True,expanded_partial_feed,no quote success; mark heuristic and quote_failed
6eR5rRdexbht8aiiQmYq7yKb7EhdD3af22B4mHDmCp8x,10,24h,conservative,2,1e-05,0.2,0.15588,-0.35587,-3.5587,False,0.3,True,expanded_partial_feed,no quote success; mark heuristic and quote_failed
6eR5rRdexbht8aiiQmYq7yKb7EhdD3af22B4mHDmCp8x,10,7d,zero_il_lvr,2,1e-05,0,0.15588,-0.15587,-1.5587,False,0.3,True,expanded_partial_feed,no quote success; mark heuristic and quote_failed
6eR5rRdexbht8aiiQmYq7yKb7EhdD3af22B4mHDmCp8x,10,7d,optimistic,2,1e-05,0.01,0.15588,-0.16587,-1.6587,False,0.3,True,expanded_partial_feed,no quote success; mark heuristic and quote_failed
6eR5rRdexbht8aiiQmYq7yKb7EhdD3af22B4mHDmCp8x,10,7d,realistic,2,1e-05,0.05,0.15588,-0.20587,-2.0587,False,0.3,True,expanded_partial_feed,no quote success; mark heuristic and quote_failed
6eR5rRdexbht8aiiQmYq7yKb7EhdD3af22B4mHDmCp8x,10,7d,conservative,2,1e-05,0.2,0.15588,-0.35587,-3.5587,False,0.3,True,expanded_partial_feed,no quote success; mark heuristic and quote_failed
6eR5rRdexbht8aiiQmYq7yKb7EhdD3af22B4mHDmCp8x,20,15m,zero_il_lvr,2,2e-05,0,0.15588,-0.15586,-0.7793,False,0.3,True,expanded_partial_feed,no quote success; mark heuristic and quote_failed
6eR5rRdexbht8aiiQmYq7yKb7EhdD3af22B4mHDmCp8x,20,15m,optimistic,2,2e-05,0.02,0.15588,-0.17586,-0.8793,False,0.3,True,expanded_partial_feed,no quote success; mark heuristic and quote_failed
6eR5rRdexbht8aiiQmYq7yKb7EhdD3af22B4mHDmCp8x,20,15m,realistic,2,2e-05,0.1,0.15588,-0.25586,-1.2793,False,0.3,True,expanded_partial_feed,no quote success; mark heuristic and quote_failed
6eR5rRdexbht8aiiQmYq7yKb7EhdD3af22B4mHDmCp8x,20,15m,conservative,2,2e-05,0.4,0.15588,-0.55586,-2.7793,False,0.3,True,expanded_partial_feed,no quote success; mark heuristic and quote_failed
6eR5rRdexbht8aiiQmYq7yKb7EhdD3af22B4mHDmCp8x,20,30m,zero_il_lvr,2,2e-05,0,0.15588,-0.15586,-0.7793,False,0.3,True,expanded_partial_feed,no quote success; mark heuristic and quote_failed
6eR5rRdexbht8aiiQmYq7yKb7EhdD3af22B4mHDmCp8x,20,30m,optimistic,2,2e-05,0.02,0.15588,-0.17586,-0.8793,False,0.3,True,expanded_partial_feed,no quote success; mark heuristic and quote_failed
6eR5rRdexbht8aiiQmYq7yKb7EhdD3af22B4mHDmCp8x,20,30m,realistic,2,2e-05,0.1,0.15588,-0.25586,-1.2793,False,0.3,True,expanded_partial_feed,no quote success; mark heuristic and quote_failed
6eR5rRdexbht8aiiQmYq7yKb7EhdD3af22B4mHDmCp8x,20,30m,conservative,2,2e-05,0.4,0.15588,-0.55586,-2.7793,False,0.3,True,expanded_partial_feed,no quote success; mark heuristic and quote_failed
6eR5rRdexbht8aiiQmYq7yKb7EhdD3af22B4mHDmCp8x,20,1h,zero_il_lvr,2,2e-05,0,0.15588,-0.15586,-0.7793,False,0.3,True,expanded_partial_feed,no quote success; mark heuristic and quote_failed
6eR5rRdexbht8aiiQmYq7yKb7EhdD3af22B4mHDmCp8x,20,1h,optimistic,2,2e-05,0.02,0.15588,-0.17586,-0.8793,False,0.3,True,expanded_partial_feed,no quote success; mark heuristic and quote_failed
6eR5rRdexbht8aiiQmYq7yKb7EhdD3af22B4mHDmCp8x,20,1h,realistic,2,2e-05,0.1,0.15588,-0.25586,-1.2793,False,0.3,True,expanded_partial_feed,no quote success; mark heuristic and quote_failed
6eR5rRdexbht8aiiQmYq7yKb7EhdD3af22B4mHDmCp8x,20,1h,conservative,2,2e-05,0.4,0.15588,-0.55586,-2.7793,False,0.3,True,expanded_partial_feed,no quote success; mark heuristic and quote_failed
6eR5rRdexbht8aiiQmYq7yKb7EhdD3af22B4mHDmCp8x,20,2h,zero_il_lvr,2,2e-05,0,0.15588,-0.15586,-0.7793,False,0.3,True,expanded_partial_feed,no quote success; mark heuristic and quote_failed
6eR5rRdexbht8aiiQmYq7yKb7EhdD3af22B4mHDmCp8x,20,2h,optimistic,2,2e-05,0.02,0.15588,-0.17586,-0.8793,False,0.3,True,expanded_partial_feed,no quote success; mark heuristic and quote_failed
6eR5rRdexbht8aiiQmYq7yKb7EhdD3af22B4mHDmCp8x,20,2h,realistic,2,2e-05,0.1,0.15588,-0.25586,-1.2793,False,0.3,True,expanded_partial_feed,no quote success; mark heuristic and quote_failed
6eR5rRdexbht8aiiQmYq7yKb7EhdD3af22B4mHDmCp8x,20,2h,conservative,2,2e-05,0.4,0.15588,-0.55586,-2.7793,False,0.3,True,expanded_partial_feed,no quote success; mark heuristic and quote_failed
6eR5rRdexbht8aiiQmYq7yKb7EhdD3af22B4mHDmCp8x,20,6h,zero_il_lvr,2,2e-05,0,0.15588,-0.15586,-0.7793,False,0.3,True,expanded_partial_feed,no quote success; mark heuristic and quote_failed
6eR5rRdexbht8aiiQmYq7yKb7EhdD3af22B4mHDmCp8x,20,6h,optimistic,2,2e-05,0.02,0.15588,-0.17586,-0.8793,False,0.3,True,expanded_partial_feed,no quote success; mark heuristic and quote_failed
6eR5rRdexbht8aiiQmYq7yKb7EhdD3af22B4mHDmCp8x,20,6h,realistic,2,2e-05,0.1,0.15588,-0.25586,-1.2793,False,0.3,True,expanded_partial_feed,no quote success; mark heuristic and quote_failed
6eR5rRdexbht8aiiQmYq7yKb7EhdD3af22B4mHDmCp8x,20,6h,conservative,2,2e-05,0.4,0.15588,-0.55586,-2.7793,False,0.3,True,expanded_partial_feed,no quote success; mark heuristic and quote_failed
6eR5rRdexbht8aiiQmYq7yKb7EhdD3af22B4mHDmCp8x,20,24h,zero_il_lvr,2,2e-05,0,0.15588,-0.15586,-0.7793,False,0.3,True,expanded_partial_feed,no quote success; mark heuristic and quote_failed
6eR5rRdexbht8aiiQmYq7yKb7EhdD3af22B4mHDmCp8x,20,24h,optimistic,2,2e-05,0.02,0.15588,-0.17586,-0.8793,False,0.3,True,expanded_partial_feed,no quote success; mark heuristic and quote_failed
6eR5rRdexbht8aiiQmYq7yKb7EhdD3af22B4mHDmCp8x,20,24h,realistic,2,2e-05,0.1,0.15588,-0.25586,-1.2793,False,0.3,True,expanded_partial_feed,no quote success; mark heuristic and quote_failed
6eR5rRdexbht8aiiQmYq7yKb7EhdD3af22B4mHDmCp8x,20,24h,conservative,2,2e-05,0.4,0.15588,-0.55586,-2.7793,False,0.3,True,expanded_partial_feed,no quote success; mark heuristic and quote_failed
6eR5rRdexbht8aiiQmYq7yKb7EhdD3af22B4mHDmCp8x,20,7d,zero_il_lvr,2,2e-05,0,0.15588,-0.15586,-0.7793,False,0.3,True,expanded_partial_feed,no quote success; mark heuristic and quote_failed
6eR5rRdexbht8aiiQmYq7yKb7EhdD3af22B4mHDmCp8x,20,7d,optimistic,2,2e-05,0.02,0.15588,-0.17586,-0.8793,False,0.3,True,expanded_partial_feed,no quote success; mark heuristic and quote_failed
6eR5rRdexbht8aiiQmYq7yKb7EhdD3af22B4mHDmCp8x,20,7d,realistic,2,2e-05,0.1,0.15588,-0.25586,-1.2793,False,0.3,True,expanded_partial_feed,no quote success; mark heuristic and quote_failed
6eR5rRdexbht8aiiQmYq7yKb7EhdD3af22B4mHDmCp8x,20,7d,conservative,2,2e-05,0.4,0.15588,-0.55586,-2.7793,False,0.3,True,expanded_partial_feed,no quote success; mark heuristic and quote_failed
6eR5rRdexbht8aiiQmYq7yKb7EhdD3af22B4mHDmCp8x,100,15m,zero_il_lvr,2,0.0001,0,0.15588,-0.15578,-0.1558,False,0.3,True,expanded_partial_feed,no quote success; mark heuristic and quote_failed
6eR5rRdexbht8aiiQmYq7yKb7EhdD3af22B4mHDmCp8x,100,15m,optimistic,2,0.0001,0.1,0.15588,-0.25578,-0.2558,False,0.3,True,expanded_partial_feed,no quote success; mark heuristic and quote_failed
6eR5rRdexbht8aiiQmYq7yKb7EhdD3af22B4mHDmCp8x,100,15m,realistic,2,0.0001,0.5,0.15588,-0.65578,-0.6558,False,0.3,True,expanded_partial_feed,no quote success; mark heuristic and quote_failed
6eR5rRdexbht8aiiQmYq7yKb7EhdD3af22B4mHDmCp8x,100,15m,conservative,2,0.0001,2,0.15588,-2.15578,-2.1558,False,0.3,True,expanded_partial_feed,no quote success; mark heuristic and quote_failed
6eR5rRdexbht8aiiQmYq7yKb7EhdD3af22B4mHDmCp8x,100,30m,zero_il_lvr,2,0.0001,0,0.15588,-0.15578,-0.1558,False,0.3,True,expanded_partial_feed,no quote success; mark heuristic and quote_failed
6eR5rRdexbht8aiiQmYq7yKb7EhdD3af22B4mHDmCp8x,100,30m,optimistic,2,0.0001,0.1,0.15588,-0.25578,-0.2558,False,0.3,True,expanded_partial_feed,no quote success; mark heuristic and quote_failed
6eR5rRdexbht8aiiQmYq7yKb7EhdD3af22B4mHDmCp8x,100,30m,realistic,2,0.0001,0.5,0.15588,-0.65578,-0.6558,False,0.3,True,expanded_partial_feed,no quote success; mark heuristic and quote_failed
6eR5rRdexbht8aiiQmYq7yKb7EhdD3af22B4mHDmCp8x,100,30m,conservative,2,0.0001,2,0.15588,-2.15578,-2.1558,False,0.3,True,expanded_partial_feed,no quote success; mark heuristic and quote_failed
6eR5rRdexbht8aiiQmYq7yKb7EhdD3af22B4mHDmCp8x,100,1h,zero_il_lvr,2,0.0001,0,0.15588,-0.15578,-0.1558,False,0.3,True,expanded_partial_feed,no quote success; mark heuristic and quote_failed
6eR5rRdexbht8aiiQmYq7yKb7EhdD3af22B4mHDmCp8x,100,1h,optimistic,2,0.0001,0.1,0.15588,-0.25578,-0.2558,False,0.3,True,expanded_partial_feed,no quote success; mark heuristic and quote_failed
6eR5rRdexbht8aiiQmYq7yKb7EhdD3af22B4mHDmCp8x,100,1h,realistic,2,0.0001,0.5,0.15588,-0.65578,-0.6558,False,0.3,True,expanded_partial_feed,no quote success; mark heuristic and quote_failed
6eR5rRdexbht8aiiQmYq7yKb7EhdD3af22B4mHDmCp8x,100,1h,conservative,2,0.0001,2,0.15588,-2.15578,-2.1558,False,0.3,True,expanded_partial_feed,no quote success; mark heuristic and quote_failed
6eR5rRdexbht8aiiQmYq7yKb7EhdD3af22B4mHDmCp8x,100,2h,zero_il_lvr,2,0.0001,0,0.15588,-0.15578,-0.1558,False,0.3,True,expanded_partial_feed,no quote success; mark heuristic and quote_failed
6eR5rRdexbht8aiiQmYq7yKb7EhdD3af22B4mHDmCp8x,100,2h,optimistic,2,0.0001,0.1,0.15588,-0.25578,-0.2558,False,0.3,True,expanded_partial_feed,no quote success; mark heuristic and quote_failed
6eR5rRdexbht8aiiQmYq7yKb7EhdD3af22B4mHDmCp8x,100,2h,realistic,2,0.0001,0.5,0.15588,-0.65578,-0.6558,False,0.3,True,expanded_partial_feed,no quote success; mark heuristic and quote_failed
6eR5rRdexbht8aiiQmYq7yKb7EhdD3af22B4mHDmCp8x,100,2h,conservative,2,0.0001,2,0.15588,-2.15578,-2.1558,False,0.3,True,expanded_partial_feed,no quote success; mark heuristic and quote_failed
6eR5rRdexbht8aiiQmYq7yKb7EhdD3af22B4mHDmCp8x,100,6h,zero_il_lvr,2,0.0001,0,0.15588,-0.15578,-0.1558,False,0.3,True,expanded_partial_feed,no quote success; mark heuristic and quote_failed
6eR5rRdexbht8aiiQmYq7yKb7EhdD3af22B4mHDmCp8x,100,6h,optimistic,2,0.0001,0.1,0.15588,-0.25578,-0.2558,False,0.3,True,expanded_partial_feed,no quote success; mark heuristic and quote_failed
6eR5rRdexbht8aiiQmYq7yKb7EhdD3af22B4mHDmCp8x,100,6h,realistic,2,0.0001,0.5,0.15588,-0.65578,-0.6558,False,0.3,True,expanded_partial_feed,no quote success; mark heuristic and quote_failed
6eR5rRdexbht8aiiQmYq7yKb7EhdD3af22B4mHDmCp8x,100,6h,conservative,2,0.0001,2,0.15588,-2.15578,-2.1558,False,0.3,True,expanded_partial_feed,no quote success; mark heuristic and quote_failed
6eR5rRdexbht8aiiQmYq7yKb7EhdD3af22B4mHDmCp8x,100,24h,zero_il_lvr,2,0.0001,0,0.15588,-0.15578,-0.1558,False,0.3,True,expanded_partial_feed,no quote success; mark heuristic and quote_failed
6eR5rRdexbht8aiiQmYq7yKb7EhdD3af22B4mHDmCp8x,100,24h,optimistic,2,0.0001,0.1,0.15588,-0.25578,-0.2558,False,0.3,True,expanded_partial_feed,no quote success; mark heuristic and quote_failed
6eR5rRdexbht8aiiQmYq7yKb7EhdD3af22B4mHDmCp8x,100,24h,realistic,2,0.0001,0.5,0.15588,-0.65578,-0.6558,False,0.3,True,expanded_partial_feed,no quote success; mark heuristic and quote_failed
6eR5rRdexbht8aiiQmYq7yKb7EhdD3af22B4mHDmCp8x,100,24h,conservative,2,0.0001,2,0.15588,-2.15578,-2.1558,False,0.3,True,expanded_partial_feed,no quote success; mark heuristic and quote_failed
6eR5rRdexbht8aiiQmYq7yKb7EhdD3af22B4mHDmCp8x,100,7d,zero_il_lvr,2,0.0001,0,0.15588,-0.15578,-0.1558,False,0.3,True,expanded_partial_feed,no quote success; mark heuristic and quote_failed
6eR5rRdexbht8aiiQmYq7yKb7EhdD3af22B4mHDmCp8x,100,7d,optimistic,2,0.0001,0.1,0.15588,-0.25578,-0.2558,False,0.3,True,expanded_partial_feed,no quote success; mark heuristic and quote_failed
6eR5rRdexbht8aiiQmYq7yKb7EhdD3af22B4mHDmCp8x,100,7d,realistic,2,0.0001,0.5,0.15588,-0.65578,-0.6558,False,0.3,True,expanded_partial_feed,no quote success; mark heuristic and quote_failed
6eR5rRdexbht8aiiQmYq7yKb7EhdD3af22B4mHDmCp8x,100,7d,conservative,2,0.0001,2,0.15588,-2.15578,-2.1558,False,0.3,True,expanded_partial_feed,no quote success; mark heuristic and quote_failed
6eR5rRdexbht8aiiQmYq7yKb7EhdD3af22B4mHDmCp8x,500,15m,zero_il_lvr,2,0.0005,0,0.15588,-0.15538,-0.0311,False,0.3,True,expanded_partial_feed,no quote success; mark heuristic and quote_failed
6eR5rRdexbht8aiiQmYq7yKb7EhdD3af22B4mHDmCp8x,500,15m,optimistic,2,0.0005,0.5,0.15588,-0.65538,-0.1311,False,0.3,True,expanded_partial_feed,no quote success; mark heuristic and quote_failed
6eR5rRdexbht8aiiQmYq7yKb7EhdD3af22B4mHDmCp8x,500,15m,realistic,2,0.0005,2.5,0.15588,-2.65538,-0.5311,False,0.3,True,expanded_partial_feed,no quote success; mark heuristic and quote_failed
6eR5rRdexbht8aiiQmYq7yKb7EhdD3af22B4mHDmCp8x,500,15m,conservative,2,0.0005,10,0.15588,-10.15538,-2.0311,False,0.3,True,expanded_partial_feed,no quote success; mark heuristic and quote_failed
6eR5rRdexbht8aiiQmYq7yKb7EhdD3af22B4mHDmCp8x,500,30m,zero_il_lvr,2,0.0005,0,0.15588,-0.15538,-0.0311,False,0.3,True,expanded_partial_feed,no quote success; mark heuristic and quote_failed
6eR5rRdexbht8aiiQmYq7yKb7EhdD3af22B4mHDmCp8x,500,30m,optimistic,2,0.0005,0.5,0.15588,-0.65538,-0.1311,False,0.3,True,expanded_partial_feed,no quote success; mark heuristic and quote_failed
6eR5rRdexbht8aiiQmYq7yKb7EhdD3af22B4mHDmCp8x,500,30m,realistic,2,0.0005,2.5,0.15588,-2.65538,-0.5311,False,0.3,True,expanded_partial_feed,no quote success; mark heuristic and quote_failed
6eR5rRdexbht8aiiQmYq7yKb7EhdD3af22B4mHDmCp8x,500,30m,conservative,2,0.0005,10,0.15588,-10.15538,-2.0311,False,0.3,True,expanded_partial_feed,no quote success; mark heuristic and quote_failed
6eR5rRdexbht8aiiQmYq7yKb7EhdD3af22B4mHDmCp8x,500,1h,zero_il_lvr,2,0.0005,0,0.15588,-0.15538,-0.0311,False,0.3,True,expanded_partial_feed,no quote success; mark heuristic and quote_failed
6eR5rRdexbht8aiiQmYq7yKb7EhdD3af22B4mHDmCp8x,500,1h,optimistic,2,0.0005,0.5,0.15588,-0.65538,-0.1311,False,0.3,True,expanded_partial_feed,no quote success; mark heuristic and quote_failed
6eR5rRdexbht8aiiQmYq7yKb7EhdD3af22B4mHDmCp8x,500,1h,realistic,2,0.0005,2.5,0.15588,-2.65538,-0.5311,False,0.3,True,expanded_partial_feed,no quote success; mark heuristic and quote_failed
6eR5rRdexbht8aiiQmYq7yKb7EhdD3af22B4mHDmCp8x,500,1h,conservative,2,0.0005,10,0.15588,-10.15538,-2.0311,False,0.3,True,expanded_partial_feed,no quote success; mark heuristic and quote_failed
6eR5rRdexbht8aiiQmYq7yKb7EhdD3af22B4mHDmCp8x,500,2h,zero_il_lvr,2,0.0005,0,0.15588,-0.15538,-0.0311,False,0.3,True,expanded_partial_feed,no quote success; mark heuristic and quote_failed
6eR5rRdexbht8aiiQmYq7yKb7EhdD3af22B4mHDmCp8x,500,2h,optimistic,2,0.0005,0.5,0.15588,-0.65538,-0.1311,False,0.3,True,expanded_partial_feed,no quote success; mark heuristic and quote_failed
6eR5rRdexbht8aiiQmYq7yKb7EhdD3af22B4mHDmCp8x,500,2h,realistic,2,0.0005,2.5,0.15588,-2.65538,-0.5311,False,0.3,True,expanded_partial_feed,no quote success; mark heuristic and quote_failed
6eR5rRdexbht8aiiQmYq7yKb7EhdD3af22B4mHDmCp8x,500,2h,conservative,2,0.0005,10,0.15588,-10.15538,-2.0311,False,0.3,True,expanded_partial_feed,no quote success; mark heuristic and quote_failed
6eR5rRdexbht8aiiQmYq7yKb7EhdD3af22B4mHDmCp8x,500,6h,zero_il_lvr,2,0.0005,0,0.15588,-0.15538,-0.0311,False,0.3,True,expanded_partial_feed,no quote success; mark heuristic and quote_failed
6eR5rRdexbht8aiiQmYq7yKb7EhdD3af22B4mHDmCp8x,500,6h,optimistic,2,0.0005,0.5,0.15588,-0.65538,-0.1311,False,0.3,True,expanded_partial_feed,no quote success; mark heuristic and quote_failed
6eR5rRdexbht8aiiQmYq7yKb7EhdD3af22B4mHDmCp8x,500,6h,realistic,2,0.0005,2.5,0.15588,-2.65538,-0.5311,False,0.3,True,expanded_partial_feed,no quote success; mark heuristic and quote_failed
6eR5rRdexbht8aiiQmYq7yKb7EhdD3af22B4mHDmCp8x,500,6h,conservative,2,0.0005,10,0.15588,-10.15538,-2.0311,False,0.3,True,expanded_partial_feed,no quote success; mark heuristic and quote_failed
6eR5rRdexbht8aiiQmYq7yKb7EhdD3af22B4mHDmCp8x,500,24h,zero_il_lvr,2,0.0005,0,0.15588,-0.15538,-0.0311,False,0.3,True,expanded_partial_feed,no quote success; mark heuristic and quote_failed
6eR5rRdexbht8aiiQmYq7yKb7EhdD3af22B4mHDmCp8x,500,24h,optimistic,2,0.0005,0.5,0.15588,-0.65538,-0.1311,False,0.3,True,expanded_partial_feed,no quote success; mark heuristic and quote_failed
6eR5rRdexbht8aiiQmYq7yKb7EhdD3af22B4mHDmCp8x,500,24h,realistic,2,0.0005,2.5,0.15588,-2.65538,-0.5311,False,0.3,True,expanded_partial_feed,no quote success; mark heuristic and quote_failed
6eR5rRdexbht8aiiQmYq7yKb7EhdD3af22B4mHDmCp8x,500,24h,conservative,2,0.0005,10,0.15588,-10.15538,-2.0311,False,0.3,True,expanded_partial_feed,no quote success; mark heuristic and quote_failed
6eR5rRdexbht8aiiQmYq7yKb7EhdD3af22B4mHDmCp8x,500,7d,zero_il_lvr,2,0.0005,0,0.15588,-0.15538,-0.0311,False,0.3,True,expanded_partial_feed,no quote success; mark heuristic and quote_failed
6eR5rRdexbht8aiiQmYq7yKb7EhdD3af22B4mHDmCp8x,500,7d,optimistic,2,0.0005,0.5,0.15588,-0.65538,-0.1311,False,0.3,True,expanded_partial_feed,no quote success; mark heuristic and quote_failed
6eR5rRdexbht8aiiQmYq7yKb7EhdD3af22B4mHDmCp8x,500,7d,realistic,2,0.0005,2.5,0.15588,-2.65538,-0.5311,False,0.3,True,expanded_partial_feed,no quote success; mark heuristic and quote_failed
6eR5rRdexbht8aiiQmYq7yKb7EhdD3af22B4mHDmCp8x,500,7d,conservative,2,0.0005,10,0.15588,-10.15538,-2.0311,False,0.3,True,expanded_partial_feed,no quote success; mark heuristic and quote_failed
6eR5rRdexbht8aiiQmYq7yKb7EhdD3af22B4mHDmCp8x,1000,15m,zero_il_lvr,2,0.001,0,0.15588,-0.15488,-0.0155,False,0.3,True,expanded_partial_feed,no quote success; mark heuristic and quote_failed
6eR5rRdexbht8aiiQmYq7yKb7EhdD3af22B4mHDmCp8x,1000,15m,optimistic,2,0.001,1,0.15588,-1.15488,-0.1155,False,0.3,True,expanded_partial_feed,no quote success; mark heuristic and quote_failed
6eR5rRdexbht8aiiQmYq7yKb7EhdD3af22B4mHDmCp8x,1000,15m,realistic,2,0.001,5,0.15588,-5.15488,-0.5155,False,0.3,True,expanded_partial_feed,no quote success; mark heuristic and quote_failed
6eR5rRdexbht8aiiQmYq7yKb7EhdD3af22B4mHDmCp8x,1000,15m,conservative,2,0.001,20,0.15588,-20.15488,-2.0155,False,0.3,True,expanded_partial_feed,no quote success; mark heuristic and quote_failed
6eR5rRdexbht8aiiQmYq7yKb7EhdD3af22B4mHDmCp8x,1000,30m,zero_il_lvr,2,0.001,0,0.15588,-0.15488,-0.0155,False,0.3,True,expanded_partial_feed,no quote success; mark heuristic and quote_failed
6eR5rRdexbht8aiiQmYq7yKb7EhdD3af22B4mHDmCp8x,1000,30m,optimistic,2,0.001,1,0.15588,-1.15488,-0.1155,False,0.3,True,expanded_partial_feed,no quote success; mark heuristic and quote_failed
6eR5rRdexbht8aiiQmYq7yKb7EhdD3af22B4mHDmCp8x,1000,30m,realistic,2,0.001,5,0.15588,-5.15488,-0.5155,False,0.3,True,expanded_partial_feed,no quote success; mark heuristic and quote_failed
6eR5rRdexbht8aiiQmYq7yKb7EhdD3af22B4mHDmCp8x,1000,30m,conservative,2,0.001,20,0.15588,-20.15488,-2.0155,False,0.3,True,expanded_partial_feed,no quote success; mark heuristic and quote_failed
6eR5rRdexbht8aiiQmYq7yKb7EhdD3af22B4mHDmCp8x,1000,1h,zero_il_lvr,2,0.001,0,0.15588,-0.15488,-0.0155,False,0.3,True,expanded_partial_feed,no quote success; mark heuristic and quote_failed
6eR5rRdexbht8aiiQmYq7yKb7EhdD3af22B4mHDmCp8x,1000,1h,optimistic,2,0.001,1,0.15588,-1.15488,-0.1155,False,0.3,True,expanded_partial_feed,no quote success; mark heuristic and quote_failed
6eR5rRdexbht8aiiQmYq7yKb7EhdD3af22B4mHDmCp8x,1000,1h,realistic,2,0.001,5,0.15588,-5.15488,-0.5155,False,0.3,True,expanded_partial_feed,no quote success; mark heuristic and quote_failed
6eR5rRdexbht8aiiQmYq7yKb7EhdD3af22B4mHDmCp8x,1000,1h,conservative,2,0.001,20,0.15588,-20.15488,-2.0155,False,0.3,True,expanded_partial_feed,no quote success; mark heuristic and quote_failed
6eR5rRdexbht8aiiQmYq7yKb7EhdD3af22B4mHDmCp8x,1000,2h,zero_il_lvr,2,0.001,0,0.15588,-0.15488,-0.0155,False,0.3,True,expanded_partial_feed,no quote success; mark heuristic and quote_failed
6eR5rRdexbht8aiiQmYq7yKb7EhdD3af22B4mHDmCp8x,1000,2h,optimistic,2,0.001,1,0.15588,-1.15488,-0.1155,False,0.3,True,expanded_partial_feed,no quote success; mark heuristic and quote_failed
6eR5rRdexbht8aiiQmYq7yKb7EhdD3af22B4mHDmCp8x,1000,2h,realistic,2,0.001,5,0.15588,-5.15488,-0.5155,False,0.3,True,expanded_partial_feed,no quote success; mark heuristic and quote_failed
6eR5rRdexbht8aiiQmYq7yKb7EhdD3af22B4mHDmCp8x,1000,2h,conservative,2,0.001,20,0.15588,-20.15488,-2.0155,False,0.3,True,expanded_partial_feed,no quote success; mark heuristic and quote_failed
6eR5rRdexbht8aiiQmYq7yKb7EhdD3af22B4mHDmCp8x,1000,6h,zero_il_lvr,2,0.001,0,0.15588,-0.15488,-0.0155,False,0.3,True,expanded_partial_feed,no quote success; mark heuristic and quote_failed
6eR5rRdexbht8aiiQmYq7yKb7EhdD3af22B4mHDmCp8x,1000,6h,optimistic,2,0.001,1,0.15588,-1.15488,-0.1155,False,0.3,True,expanded_partial_feed,no quote success; mark heuristic and quote_failed
6eR5rRdexbht8aiiQmYq7yKb7EhdD3af22B4mHDmCp8x,1000,6h,realistic,2,0.001,5,0.15588,-5.15488,-0.5155,False,0.3,True,expanded_partial_feed,no quote success; mark heuristic and quote_failed
6eR5rRdexbht8aiiQmYq7yKb7EhdD3af22B4mHDmCp8x,1000,6h,conservative,2,0.001,20,0.15588,-20.15488,-2.0155,False,0.3,True,expanded_partial_feed,no quote success; mark heuristic and quote_failed
6eR5rRdexbht8aiiQmYq7yKb7EhdD3af22B4mHDmCp8x,1000,24h,zero_il_lvr,2,0.001,0,0.15588,-0.15488,-0.0155,False,0.3,True,expanded_partial_feed,no quote success; mark heuristic and quote_failed
6eR5rRdexbht8aiiQmYq7yKb7EhdD3af22B4mHDmCp8x,1000,24h,optimistic,2,0.001,1,0.15588,-1.15488,-0.1155,False,0.3,True,expanded_partial_feed,no quote success; mark heuristic and quote_failed
6eR5rRdexbht8aiiQmYq7yKb7EhdD3af22B4mHDmCp8x,1000,24h,realistic,2,0.001,5,0.15588,-5.15488,-0.5155,False,0.3,True,expanded_partial_feed,no quote success; mark heuristic and quote_failed
6eR5rRdexbht8aiiQmYq7yKb7EhdD3af22B4mHDmCp8x,1000,24h,conservative,2,0.001,20,0.15588,-20.15488,-2.0155,False,0.3,True,expanded_partial_feed,no quote success; mark heuristic and quote_failed
6eR5rRdexbht8aiiQmYq7yKb7EhdD3af22B4mHDmCp8x,1000,7d,zero_il_lvr,2,0.001,0,0.15588,-0.15488,-0.0155,False,0.3,True,expanded_partial_feed,no quote success; mark heuristic and quote_failed
6eR5rRdexbht8aiiQmYq7yKb7EhdD3af22B4mHDmCp8x,1000,7d,optimistic,2,0.001,1,0.15588,-1.15488,-0.1155,False,0.3,True,expanded_partial_feed,no quote success; mark heuristic and quote_failed
6eR5rRdexbht8aiiQmYq7yKb7EhdD3af22B4mHDmCp8x,1000,7d,realistic,2,0.001,5,0.15588,-5.15488,-0.5155,False,0.3,True,expanded_partial_feed,no quote success; mark heuristic and quote_failed
6eR5rRdexbht8aiiQmYq7yKb7EhdD3af22B4mHDmCp8x,1000,7d,conservative,2,0.001,20,0.15588,-20.15488,-2.0155,False,0.3,True,expanded_partial_feed,no quote success; mark heuristic and quote_failed
6eR5rRdexbht8aiiQmYq7yKb7EhdD3af22B4mHDmCp8x,2000,15m,zero_il_lvr,2,0.002,0,0.15588,-0.15388,-0.0077,False,0.3,True,expanded_partial_feed,no quote success; mark heuristic and quote_failed
6eR5rRdexbht8aiiQmYq7yKb7EhdD3af22B4mHDmCp8x,2000,15m,optimistic,2,0.002,2,0.15588,-2.15388,-0.1077,False,0.3,True,expanded_partial_feed,no quote success; mark heuristic and quote_failed
6eR5rRdexbht8aiiQmYq7yKb7EhdD3af22B4mHDmCp8x,2000,15m,realistic,2,0.002,10,0.15588,-10.15388,-0.5077,False,0.3,True,expanded_partial_feed,no quote success; mark heuristic and quote_failed
6eR5rRdexbht8aiiQmYq7yKb7EhdD3af22B4mHDmCp8x,2000,15m,conservative,2,0.002,40,0.15588,-40.15388,-2.0077,False,0.3,True,expanded_partial_feed,no quote success; mark heuristic and quote_failed
6eR5rRdexbht8aiiQmYq7yKb7EhdD3af22B4mHDmCp8x,2000,30m,zero_il_lvr,2,0.002,0,0.15588,-0.15388,-0.0077,False,0.3,True,expanded_partial_feed,no quote success; mark heuristic and quote_failed
6eR5rRdexbht8aiiQmYq7yKb7EhdD3af22B4mHDmCp8x,2000,30m,optimistic,2,0.002,2,0.15588,-2.15388,-0.1077,False,0.3,True,expanded_partial_feed,no quote success; mark heuristic and quote_failed
6eR5rRdexbht8aiiQmYq7yKb7EhdD3af22B4mHDmCp8x,2000,30m,realistic,2,0.002,10,0.15588,-10.15388,-0.5077,False,0.3,True,expanded_partial_feed,no quote success; mark heuristic and quote_failed
6eR5rRdexbht8aiiQmYq7yKb7EhdD3af22B4mHDmCp8x,2000,30m,conservative,2,0.002,40,0.15588,-40.15388,-2.0077,False,0.3,True,expanded_partial_feed,no quote success; mark heuristic and quote_failed
6eR5rRdexbht8aiiQmYq7yKb7EhdD3af22B4mHDmCp8x,2000,1h,zero_il_lvr,2,0.002,0,0.15588,-0.15388,-0.0077,False,0.3,True,expanded_partial_feed,no quote success; mark heuristic and quote_failed
6eR5rRdexbht8aiiQmYq7yKb7EhdD3af22B4mHDmCp8x,2000,1h,optimistic,2,0.002,2,0.15588,-2.15388,-0.1077,False,0.3,True,expanded_partial_feed,no quote success; mark heuristic and quote_failed
6eR5rRdexbht8aiiQmYq7yKb7EhdD3af22B4mHDmCp8x,2000,1h,realistic,2,0.002,10,0.15588,-10.15388,-0.5077,False,0.3,True,expanded_partial_feed,no quote success; mark heuristic and quote_failed
6eR5rRdexbht8aiiQmYq7yKb7EhdD3af22B4mHDmCp8x,2000,1h,conservative,2,0.002,40,0.15588,-40.15388,-2.0077,False,0.3,True,expanded_partial_feed,no quote success; mark heuristic and quote_failed
6eR5rRdexbht8aiiQmYq7yKb7EhdD3af22B4mHDmCp8x,2000,2h,zero_il_lvr,2,0.002,0,0.15588,-0.15388,-0.0077,False,0.3,True,expanded_partial_feed,no quote success; mark heuristic and quote_failed
6eR5rRdexbht8aiiQmYq7yKb7EhdD3af22B4mHDmCp8x,2000,2h,optimistic,2,0.002,2,0.15588,-2.15388,-0.1077,False,0.3,True,expanded_partial_feed,no quote success; mark heuristic and quote_failed
6eR5rRdexbht8aiiQmYq7yKb7EhdD3af22B4mHDmCp8x,2000,2h,realistic,2,0.002,10,0.15588,-10.15388,-0.5077,False,0.3,True,expanded_partial_feed,no quote success; mark heuristic and quote_failed
6eR5rRdexbht8aiiQmYq7yKb7EhdD3af22B4mHDmCp8x,2000,2h,conservative,2,0.002,40,0.15588,-40.15388,-2.0077,False,0.3,True,expanded_partial_feed,no quote success; mark heuristic and quote_failed
6eR5rRdexbht8aiiQmYq7yKb7EhdD3af22B4mHDmCp8x,2000,6h,zero_il_lvr,2,0.002,0,0.15588,-0.15388,-0.0077,False,0.3,True,expanded_partial_feed,no quote success; mark heuristic and quote_failed
6eR5rRdexbht8aiiQmYq7yKb7EhdD3af22B4mHDmCp8x,2000,6h,optimistic,2,0.002,2,0.15588,-2.15388,-0.1077,False,0.3,True,expanded_partial_feed,no quote success; mark heuristic and quote_failed
6eR5rRdexbht8aiiQmYq7yKb7EhdD3af22B4mHDmCp8x,2000,6h,realistic,2,0.002,10,0.15588,-10.15388,-0.5077,False,0.3,True,expanded_partial_feed,no quote success; mark heuristic and quote_failed
6eR5rRdexbht8aiiQmYq7yKb7EhdD3af22B4mHDmCp8x,2000,6h,conservative,2,0.002,40,0.15588,-40.15388,-2.0077,False,0.3,True,expanded_partial_feed,no quote success; mark heuristic and quote_failed
6eR5rRdexbht8aiiQmYq7yKb7EhdD3af22B4mHDmCp8x,2000,24h,zero_il_lvr,2,0.002,0,0.15588,-0.15388,-0.0077,False,0.3,True,expanded_partial_feed,no quote success; mark heuristic and quote_failed
6eR5rRdexbht8aiiQmYq7yKb7EhdD3af22B4mHDmCp8x,2000,24h,optimistic,2,0.002,2,0.15588,-2.15388,-0.1077,False,0.3,True,expanded_partial_feed,no quote success; mark heuristic and quote_failed
6eR5rRdexbht8aiiQmYq7yKb7EhdD3af22B4mHDmCp8x,2000,24h,realistic,2,0.002,10,0.15588,-10.15388,-0.5077,False,0.3,True,expanded_partial_feed,no quote success; mark heuristic and quote_failed
6eR5rRdexbht8aiiQmYq7yKb7EhdD3af22B4mHDmCp8x,2000,24h,conservative,2,0.002,40,0.15588,-40.15388,-2.0077,False,0.3,True,expanded_partial_feed,no quote success; mark heuristic and quote_failed
6eR5rRdexbht8aiiQmYq7yKb7EhdD3af22B4mHDmCp8x,2000,7d,zero_il_lvr,2,0.002,0,0.15588,-0.15388,-0.0077,False,0.3,True,expanded_partial_feed,no quote success; mark heuristic and quote_failed
6eR5rRdexbht8aiiQmYq7yKb7EhdD3af22B4mHDmCp8x,2000,7d,optimistic,2,0.002,2,0.15588,-2.15388,-0.1077,False,0.3,True,expanded_partial_feed,no quote success; mark heuristic and quote_failed
6eR5rRdexbht8aiiQmYq7yKb7EhdD3af22B4mHDmCp8x,2000,7d,realistic,2,0.002,10,0.15588,-10.15388,-0.5077,False,0.3,True,expanded_partial_feed,no quote success; mark heuristic and quote_failed
6eR5rRdexbht8aiiQmYq7yKb7EhdD3af22B4mHDmCp8x,2000,7d,conservative,2,0.002,40,0.15588,-40.15388,-2.0077,False,0.3,True,expanded_partial_feed,no quote success; mark heuristic and quote_failed
H9b4sPAeiyN8DEcWa6MG2kvxqmCqBEpxmexwCh84jg4H,10,15m,zero_il_lvr,2.5,1.3e-05,0,0.15588,-0.155867,-1.5587,False,0.3,True,expanded_partial_feed,no quote success; mark heuristic and quote_failed
H9b4sPAeiyN8DEcWa6MG2kvxqmCqBEpxmexwCh84jg4H,10,15m,optimistic,2.5,1.3e-05,0.01,0.15588,-0.165867,-1.6587,False,0.3,True,expanded_partial_feed,no quote success; mark heuristic and quote_failed
H9b4sPAeiyN8DEcWa6MG2kvxqmCqBEpxmexwCh84jg4H,10,15m,realistic,2.5,1.3e-05,0.05,0.15588,-0.205867,-2.0587,False,0.3,True,expanded_partial_feed,no quote success; mark heuristic and quote_failed
H9b4sPAeiyN8DEcWa6MG2kvxqmCqBEpxmexwCh84jg4H,10,15m,conservative,2.5,1.3e-05,0.2,0.15588,-0.355867,-3.5587,False,0.3,True,expanded_partial_feed,no quote success; mark heuristic and quote_failed
H9b4sPAeiyN8DEcWa6MG2kvxqmCqBEpxmexwCh84jg4H,10,30m,zero_il_lvr,2.5,1.3e-05,0,0.15588,-0.155867,-1.5587,False,0.3,True,expanded_partial_feed,no quote success; mark heuristic and quote_failed
H9b4sPAeiyN8DEcWa6MG2kvxqmCqBEpxmexwCh84jg4H,10,30m,optimistic,2.5,1.3e-05,0.01,0.15588,-0.165867,-1.6587,False,0.3,True,expanded_partial_feed,no quote success; mark heuristic and quote_failed
H9b4sPAeiyN8DEcWa6MG2kvxqmCqBEpxmexwCh84jg4H,10,30m,realistic,2.5,1.3e-05,0.05,0.15588,-0.205867,-2.0587,False,0.3,True,expanded_partial_feed,no quote success; mark heuristic and quote_failed
H9b4sPAeiyN8DEcWa6MG2kvxqmCqBEpxmexwCh84jg4H,10,30m,conservative,2.5,1.3e-05,0.2,0.15588,-0.355867,-3.5587,False,0.3,True,expanded_partial_feed,no quote success; mark heuristic and quote_failed
H9b4sPAeiyN8DEcWa6MG2kvxqmCqBEpxmexwCh84jg4H,10,1h,zero_il_lvr,2.5,1.3e-05,0,0.15588,-0.155867,-1.5587,False,0.3,True,expanded_partial_feed,no quote success; mark heuristic and quote_failed
H9b4sPAeiyN8DEcWa6MG2kvxqmCqBEpxmexwCh84jg4H,10,1h,optimistic,2.5,1.3e-05,0.01,0.15588,-0.165867,-1.6587,False,0.3,True,expanded_partial_feed,no quote success; mark heuristic and quote_failed
H9b4sPAeiyN8DEcWa6MG2kvxqmCqBEpxmexwCh84jg4H,10,1h,realistic,2.5,1.3e-05,0.05,0.15588,-0.205867,-2.0587,False,0.3,True,expanded_partial_feed,no quote success; mark heuristic and quote_failed
H9b4sPAeiyN8DEcWa6MG2kvxqmCqBEpxmexwCh84jg4H,10,1h,conservative,2.5,1.3e-05,0.2,0.15588,-0.355867,-3.5587,False,0.3,True,expanded_partial_feed,no quote success; mark heuristic and quote_failed
H9b4sPAeiyN8DEcWa6MG2kvxqmCqBEpxmexwCh84jg4H,10,2h,zero_il_lvr,2.5,1.3e-05,0,0.15588,-0.155867,-1.5587,False,0.3,True,expanded_partial_feed,no quote success; mark heuristic and quote_failed
H9b4sPAeiyN8DEcWa6MG2kvxqmCqBEpxmexwCh84jg4H,10,2h,optimistic,2.5,1.3e-05,0.01,0.15588,-0.165867,-1.6587,False,0.3,True,expanded_partial_feed,no quote success; mark heuristic and quote_failed
H9b4sPAeiyN8DEcWa6MG2kvxqmCqBEpxmexwCh84jg4H,10,2h,realistic,2.5,1.3e-05,0.05,0.15588,-0.205867,-2.0587,False,0.3,True,expanded_partial_feed,no quote success; mark heuristic and quote_failed
H9b4sPAeiyN8DEcWa6MG2kvxqmCqBEpxmexwCh84jg4H,10,2h,conservative,2.5,1.3e-05,0.2,0.15588,-0.355867,-3.5587,False,0.3,True,expanded_partial_feed,no quote success; mark heuristic and quote_failed
H9b4sPAeiyN8DEcWa6MG2kvxqmCqBEpxmexwCh84jg4H,10,6h,zero_il_lvr,2.5,1.3e-05,0,0.15588,-0.155867,-1.5587,False,0.3,True,expanded_partial_feed,no quote success; mark heuristic and quote_failed
H9b4sPAeiyN8DEcWa6MG2kvxqmCqBEpxmexwCh84jg4H,10,6h,optimistic,2.5,1.3e-05,0.01,0.15588,-0.165867,-1.6587,False,0.3,True,expanded_partial_feed,no quote success; mark heuristic and quote_failed
H9b4sPAeiyN8DEcWa6MG2kvxqmCqBEpxmexwCh84jg4H,10,6h,realistic,2.5,1.3e-05,0.05,0.15588,-0.205867,-2.0587,False,0.3,True,expanded_partial_feed,no quote success; mark heuristic and quote_failed
H9b4sPAeiyN8DEcWa6MG2kvxqmCqBEpxmexwCh84jg4H,10,6h,conservative,2.5,1.3e-05,0.2,0.15588,-0.355867,-3.5587,False,0.3,True,expanded_partial_feed,no quote success; mark heuristic and quote_failed
H9b4sPAeiyN8DEcWa6MG2kvxqmCqBEpxmexwCh84jg4H,10,24h,zero_il_lvr,2.5,1.3e-05,0,0.15588,-0.155867,-1.5587,False,0.3,True,expanded_partial_feed,no quote success; mark heuristic and quote_failed
H9b4sPAeiyN8DEcWa6MG2kvxqmCqBEpxmexwCh84jg4H,10,24h,optimistic,2.5,1.3e-05,0.01,0.15588,-0.165867,-1.6587,False,0.3,True,expanded_partial_feed,no quote success; mark heuristic and quote_failed
H9b4sPAeiyN8DEcWa6MG2kvxqmCqBEpxmexwCh84jg4H,10,24h,realistic,2.5,1.3e-05,0.05,0.15588,-0.205867,-2.0587,False,0.3,True,expanded_partial_feed,no quote success; mark heuristic and quote_failed
H9b4sPAeiyN8DEcWa6MG2kvxqmCqBEpxmexwCh84jg4H,10,24h,conservative,2.5,1.3e-05,0.2,0.15588,-0.355867,-3.5587,False,0.3,True,expanded_partial_feed,no quote success; mark heuristic and quote_failed
H9b4sPAeiyN8DEcWa6MG2kvxqmCqBEpxmexwCh84jg4H,10,7d,zero_il_lvr,2.5,1.3e-05,0,0.15588,-0.155867,-1.5587,False,0.3,True,expanded_partial_feed,no quote success; mark heuristic and quote_failed
H9b4sPAeiyN8DEcWa6MG2kvxqmCqBEpxmexwCh84jg4H,10,7d,optimistic,2.5,1.3e-05,0.01,0.15588,-0.165867,-1.6587,False,0.3,True,expanded_partial_feed,no quote success; mark heuristic and quote_failed
H9b4sPAeiyN8DEcWa6MG2kvxqmCqBEpxmexwCh84jg4H,10,7d,realistic,2.5,1.3e-05,0.05,0.15588,-0.205867,-2.0587,False,0.3,True,expanded_partial_feed,no quote success; mark heuristic and quote_failed
H9b4sPAeiyN8DEcWa6MG2kvxqmCqBEpxmexwCh84jg4H,10,7d,conservative,2.5,1.3e-05,0.2,0.15588,-0.355867,-3.5587,False,0.3,True,expanded_partial_feed,no quote success; mark heuristic and quote_failed
H9b4sPAeiyN8DEcWa6MG2kvxqmCqBEpxmexwCh84jg4H,20,15m,zero_il_lvr,2.5,2.5e-05,0,0.15588,-0.155855,-0.7793,False,0.3,True,expanded_partial_feed,no quote success; mark heuristic and quote_failed
H9b4sPAeiyN8DEcWa6MG2kvxqmCqBEpxmexwCh84jg4H,20,15m,optimistic,2.5,2.5e-05,0.02,0.15588,-0.175855,-0.8793,False,0.3,True,expanded_partial_feed,no quote success; mark heuristic and quote_failed
H9b4sPAeiyN8DEcWa6MG2kvxqmCqBEpxmexwCh84jg4H,20,15m,realistic,2.5,2.5e-05,0.1,0.15588,-0.255855,-1.2793,False,0.3,True,expanded_partial_feed,no quote success; mark heuristic and quote_failed
H9b4sPAeiyN8DEcWa6MG2kvxqmCqBEpxmexwCh84jg4H,20,15m,conservative,2.5,2.5e-05,0.4,0.15588,-0.555855,-2.7793,False,0.3,True,expanded_partial_feed,no quote success; mark heuristic and quote_failed
H9b4sPAeiyN8DEcWa6MG2kvxqmCqBEpxmexwCh84jg4H,20,30m,zero_il_lvr,2.5,2.5e-05,0,0.15588,-0.155855,-0.7793,False,0.3,True,expanded_partial_feed,no quote success; mark heuristic and quote_failed
H9b4sPAeiyN8DEcWa6MG2kvxqmCqBEpxmexwCh84jg4H,20,30m,optimistic,2.5,2.5e-05,0.02,0.15588,-0.175855,-0.8793,False,0.3,True,expanded_partial_feed,no quote success; mark heuristic and quote_failed
H9b4sPAeiyN8DEcWa6MG2kvxqmCqBEpxmexwCh84jg4H,20,30m,realistic,2.5,2.5e-05,0.1,0.15588,-0.255855,-1.2793,False,0.3,True,expanded_partial_feed,no quote success; mark heuristic and quote_failed
H9b4sPAeiyN8DEcWa6MG2kvxqmCqBEpxmexwCh84jg4H,20,30m,conservative,2.5,2.5e-05,0.4,0.15588,-0.555855,-2.7793,False,0.3,True,expanded_partial_feed,no quote success; mark heuristic and quote_failed
H9b4sPAeiyN8DEcWa6MG2kvxqmCqBEpxmexwCh84jg4H,20,1h,zero_il_lvr,2.5,2.5e-05,0,0.15588,-0.155855,-0.7793,False,0.3,True,expanded_partial_feed,no quote success; mark heuristic and quote_failed
H9b4sPAeiyN8DEcWa6MG2kvxqmCqBEpxmexwCh84jg4H,20,1h,optimistic,2.5,2.5e-05,0.02,0.15588,-0.175855,-0.8793,False,0.3,True,expanded_partial_feed,no quote success; mark heuristic and quote_failed
H9b4sPAeiyN8DEcWa6MG2kvxqmCqBEpxmexwCh84jg4H,20,1h,realistic,2.5,2.5e-05,0.1,0.15588,-0.255855,-1.2793,False,0.3,True,expanded_partial_feed,no quote success; mark heuristic and quote_failed
H9b4sPAeiyN8DEcWa6MG2kvxqmCqBEpxmexwCh84jg4H,20,1h,conservative,2.5,2.5e-05,0.4,0.15588,-0.555855,-2.7793,False,0.3,True,expanded_partial_feed,no quote success; mark heuristic and quote_failed
H9b4sPAeiyN8DEcWa6MG2kvxqmCqBEpxmexwCh84jg4H,20,2h,zero_il_lvr,2.5,2.5e-05,0,0.15588,-0.155855,-0.7793,False,0.3,True,expanded_partial_feed,no quote success; mark heuristic and quote_failed
H9b4sPAeiyN8DEcWa6MG2kvxqmCqBEpxmexwCh84jg4H,20,2h,optimistic,2.5,2.5e-05,0.02,0.15588,-0.175855,-0.8793,False,0.3,True,expanded_partial_feed,no quote success; mark heuristic and quote_failed
H9b4sPAeiyN8DEcWa6MG2kvxqmCqBEpxmexwCh84jg4H,20,2h,realistic,2.5,2.5e-05,0.1,0.15588,-0.255855,-1.2793,False,0.3,True,expanded_partial_feed,no quote success; mark heuristic and quote_failed
H9b4sPAeiyN8DEcWa6MG2kvxqmCqBEpxmexwCh84jg4H,20,2h,conservative,2.5,2.5e-05,0.4,0.15588,-0.555855,-2.7793,False,0.3,True,expanded_partial_feed,no quote success; mark heuristic and quote_failed
H9b4sPAeiyN8DEcWa6MG2kvxqmCqBEpxmexwCh84jg4H,20,6h,zero_il_lvr,2.5,2.5e-05,0,0.15588,-0.155855,-0.7793,False,0.3,True,expanded_partial_feed,no quote success; mark heuristic and quote_failed
H9b4sPAeiyN8DEcWa6MG2kvxqmCqBEpxmexwCh84jg4H,20,6h,optimistic,2.5,2.5e-05,0.02,0.15588,-0.175855,-0.8793,False,0.3,True,expanded_partial_feed,no quote success; mark heuristic and quote_failed
H9b4sPAeiyN8DEcWa6MG2kvxqmCqBEpxmexwCh84jg4H,20,6h,realistic,2.5,2.5e-05,0.1,0.15588,-0.255855,-1.2793,False,0.3,True,expanded_partial_feed,no quote success; mark heuristic and quote_failed
H9b4sPAeiyN8DEcWa6MG2kvxqmCqBEpxmexwCh84jg4H,20,6h,conservative,2.5,2.5e-05,0.4,0.15588,-0.555855,-2.7793,False,0.3,True,expanded_partial_feed,no quote success; mark heuristic and quote_failed
H9b4sPAeiyN8DEcWa6MG2kvxqmCqBEpxmexwCh84jg4H,20,24h,zero_il_lvr,2.5,2.5e-05,0,0.15588,-0.155855,-0.7793,False,0.3,True,expanded_partial_feed,no quote success; mark heuristic and quote_failed
H9b4sPAeiyN8DEcWa6MG2kvxqmCqBEpxmexwCh84jg4H,20,24h,optimistic,2.5,2.5e-05,0.02,0.15588,-0.175855,-0.8793,False,0.3,True,expanded_partial_feed,no quote success; mark heuristic and quote_failed
H9b4sPAeiyN8DEcWa6MG2kvxqmCqBEpxmexwCh84jg4H,20,24h,realistic,2.5,2.5e-05,0.1,0.15588,-0.255855,-1.2793,False,0.3,True,expanded_partial_feed,no quote success; mark heuristic and quote_failed
H9b4sPAeiyN8DEcWa6MG2kvxqmCqBEpxmexwCh84jg4H,20,24h,conservative,2.5,2.5e-05,0.4,0.15588,-0.555855,-2.7793,False,0.3,True,expanded_partial_feed,no quote success; mark heuristic and quote_failed
H9b4sPAeiyN8DEcWa6MG2kvxqmCqBEpxmexwCh84jg4H,20,7d,zero_il_lvr,2.5,2.5e-05,0,0.15588,-0.155855,-0.7793,False,0.3,True,expanded_partial_feed,no quote success; mark heuristic and quote_failed
H9b4sPAeiyN8DEcWa6MG2kvxqmCqBEpxmexwCh84jg4H,20,7d,optimistic,2.5,2.5e-05,0.02,0.15588,-0.175855,-0.8793,False,0.3,True,expanded_partial_feed,no quote success; mark heuristic and quote_failed
H9b4sPAeiyN8DEcWa6MG2kvxqmCqBEpxmexwCh84jg4H,20,7d,realistic,2.5,2.5e-05,0.1,0.15588,-0.255855,-1.2793,False,0.3,True,expanded_partial_feed,no quote success; mark heuristic and quote_failed
H9b4sPAeiyN8DEcWa6MG2kvxqmCqBEpxmexwCh84jg4H,20,7d,conservative,2.5,2.5e-05,0.4,0.15588,-0.555855,-2.7793,False,0.3,True,expanded_partial_feed,no quote success; mark heuristic and quote_failed
H9b4sPAeiyN8DEcWa6MG2kvxqmCqBEpxmexwCh84jg4H,100,15m,zero_il_lvr,2.5,0.000125,0,0.15588,-0.155755,-0.1558,False,0.3,True,expanded_partial_feed,no quote success; mark heuristic and quote_failed
H9b4sPAeiyN8DEcWa6MG2kvxqmCqBEpxmexwCh84jg4H,100,15m,optimistic,2.5,0.000125,0.1,0.15588,-0.255755,-0.2558,False,0.3,True,expanded_partial_feed,no quote success; mark heuristic and quote_failed
H9b4sPAeiyN8DEcWa6MG2kvxqmCqBEpxmexwCh84jg4H,100,15m,realistic,2.5,0.000125,0.5,0.15588,-0.655755,-0.6558,False,0.3,True,expanded_partial_feed,no quote success; mark heuristic and quote_failed
H9b4sPAeiyN8DEcWa6MG2kvxqmCqBEpxmexwCh84jg4H,100,15m,conservative,2.5,0.000125,2,0.15588,-2.155755,-2.1558,False,0.3,True,expanded_partial_feed,no quote success; mark heuristic and quote_failed
H9b4sPAeiyN8DEcWa6MG2kvxqmCqBEpxmexwCh84jg4H,100,30m,zero_il_lvr,2.5,0.000125,0,0.15588,-0.155755,-0.1558,False,0.3,True,expanded_partial_feed,no quote success; mark heuristic and quote_failed
H9b4sPAeiyN8DEcWa6MG2kvxqmCqBEpxmexwCh84jg4H,100,30m,optimistic,2.5,0.000125,0.1,0.15588,-0.255755,-0.2558,False,0.3,True,expanded_partial_feed,no quote success; mark heuristic and quote_failed
H9b4sPAeiyN8DEcWa6MG2kvxqmCqBEpxmexwCh84jg4H,100,30m,realistic,2.5,0.000125,0.5,0.15588,-0.655755,-0.6558,False,0.3,True,expanded_partial_feed,no quote success; mark heuristic and quote_failed
H9b4sPAeiyN8DEcWa6MG2kvxqmCqBEpxmexwCh84jg4H,100,30m,conservative,2.5,0.000125,2,0.15588,-2.155755,-2.1558,False,0.3,True,expanded_partial_feed,no quote success; mark heuristic and quote_failed
H9b4sPAeiyN8DEcWa6MG2kvxqmCqBEpxmexwCh84jg4H,100,1h,zero_il_lvr,2.5,0.000125,0,0.15588,-0.155755,-0.1558,False,0.3,True,expanded_partial_feed,no quote success; mark heuristic and quote_failed
H9b4sPAeiyN8DEcWa6MG2kvxqmCqBEpxmexwCh84jg4H,100,1h,optimistic,2.5,0.000125,0.1,0.15588,-0.255755,-0.2558,False,0.3,True,expanded_partial_feed,no quote success; mark heuristic and quote_failed
H9b4sPAeiyN8DEcWa6MG2kvxqmCqBEpxmexwCh84jg4H,100,1h,realistic,2.5,0.000125,0.5,0.15588,-0.655755,-0.6558,False,0.3,True,expanded_partial_feed,no quote success; mark heuristic and quote_failed
H9b4sPAeiyN8DEcWa6MG2kvxqmCqBEpxmexwCh84jg4H,100,1h,conservative,2.5,0.000125,2,0.15588,-2.155755,-2.1558,False,0.3,True,expanded_partial_feed,no quote success; mark heuristic and quote_failed
H9b4sPAeiyN8DEcWa6MG2kvxqmCqBEpxmexwCh84jg4H,100,2h,zero_il_lvr,2.5,0.000125,0,0.15588,-0.155755,-0.1558,False,0.3,True,expanded_partial_feed,no quote success; mark heuristic and quote_failed
H9b4sPAeiyN8DEcWa6MG2kvxqmCqBEpxmexwCh84jg4H,100,2h,optimistic,2.5,0.000125,0.1,0.15588,-0.255755,-0.2558,False,0.3,True,expanded_partial_feed,no quote success; mark heuristic and quote_failed
H9b4sPAeiyN8DEcWa6MG2kvxqmCqBEpxmexwCh84jg4H,100,2h,realistic,2.5,0.000125,0.5,0.15588,-0.655755,-0.6558,False,0.3,True,expanded_partial_feed,no quote success; mark heuristic and quote_failed
H9b4sPAeiyN8DEcWa6MG2kvxqmCqBEpxmexwCh84jg4H,100,2h,conservative,2.5,0.000125,2,0.15588,-2.155755,-2.1558,False,0.3,True,expanded_partial_feed,no quote success; mark heuristic and quote_failed
H9b4sPAeiyN8DEcWa6MG2kvxqmCqBEpxmexwCh84jg4H,100,6h,zero_il_lvr,2.5,0.000125,0,0.15588,-0.155755,-0.1558,False,0.3,True,expanded_partial_feed,no quote success; mark heuristic and quote_failed
H9b4sPAeiyN8DEcWa6MG2kvxqmCqBEpxmexwCh84jg4H,100,6h,optimistic,2.5,0.000125,0.1,0.15588,-0.255755,-0.2558,False,0.3,True,expanded_partial_feed,no quote success; mark heuristic and quote_failed
H9b4sPAeiyN8DEcWa6MG2kvxqmCqBEpxmexwCh84jg4H,100,6h,realistic,2.5,0.000125,0.5,0.15588,-0.655755,-0.6558,False,0.3,True,expanded_partial_feed,no quote success; mark heuristic and quote_failed
H9b4sPAeiyN8DEcWa6MG2kvxqmCqBEpxmexwCh84jg4H,100,6h,conservative,2.5,0.000125,2,0.15588,-2.155755,-2.1558,False,0.3,True,expanded_partial_feed,no quote success; mark heuristic and quote_failed
H9b4sPAeiyN8DEcWa6MG2kvxqmCqBEpxmexwCh84jg4H,100,24h,zero_il_lvr,2.5,0.000125,0,0.15588,-0.155755,-0.1558,False,0.3,True,expanded_partial_feed,no quote success; mark heuristic and quote_failed
H9b4sPAeiyN8DEcWa6MG2kvxqmCqBEpxmexwCh84jg4H,100,24h,optimistic,2.5,0.000125,0.1,0.15588,-0.255755,-0.2558,False,0.3,True,expanded_partial_feed,no quote success; mark heuristic and quote_failed
H9b4sPAeiyN8DEcWa6MG2kvxqmCqBEpxmexwCh84jg4H,100,24h,realistic,2.5,0.000125,0.5,0.15588,-0.655755,-0.6558,False,0.3,True,expanded_partial_feed,no quote success; mark heuristic and quote_failed
H9b4sPAeiyN8DEcWa6MG2kvxqmCqBEpxmexwCh84jg4H,100,24h,conservative,2.5,0.000125,2,0.15588,-2.155755,-2.1558,False,0.3,True,expanded_partial_feed,no quote success; mark heuristic and quote_failed
H9b4sPAeiyN8DEcWa6MG2kvxqmCqBEpxmexwCh84jg4H,100,7d,zero_il_lvr,2.5,0.000125,0,0.15588,-0.155755,-0.1558,False,0.3,True,expanded_partial_feed,no quote success; mark heuristic and quote_failed
H9b4sPAeiyN8DEcWa6MG2kvxqmCqBEpxmexwCh84jg4H,100,7d,optimistic,2.5,0.000125,0.1,0.15588,-0.255755,-0.2558,False,0.3,True,expanded_partial_feed,no quote success; mark heuristic and quote_failed
H9b4sPAeiyN8DEcWa6MG2kvxqmCqBEpxmexwCh84jg4H,100,7d,realistic,2.5,0.000125,0.5,0.15588,-0.655755,-0.6558,False,0.3,True,expanded_partial_feed,no quote success; mark heuristic and quote_failed
H9b4sPAeiyN8DEcWa6MG2kvxqmCqBEpxmexwCh84jg4H,100,7d,conservative,2.5,0.000125,2,0.15588,-2.155755,-2.1558,False,0.3,True,expanded_partial_feed,no quote success; mark heuristic and quote_failed
H9b4sPAeiyN8DEcWa6MG2kvxqmCqBEpxmexwCh84jg4H,500,15m,zero_il_lvr,2.5,0.000625,0,0.15588,-0.155255,-0.0311,False,0.3,True,expanded_partial_feed,no quote success; mark heuristic and quote_failed
H9b4sPAeiyN8DEcWa6MG2kvxqmCqBEpxmexwCh84jg4H,500,15m,optimistic,2.5,0.000625,0.5,0.15588,-0.655255,-0.1311,False,0.3,True,expanded_partial_feed,no quote success; mark heuristic and quote_failed
H9b4sPAeiyN8DEcWa6MG2kvxqmCqBEpxmexwCh84jg4H,500,15m,realistic,2.5,0.000625,2.5,0.15588,-2.655255,-0.5311,False,0.3,True,expanded_partial_feed,no quote success; mark heuristic and quote_failed
H9b4sPAeiyN8DEcWa6MG2kvxqmCqBEpxmexwCh84jg4H,500,15m,conservative,2.5,0.000625,10,0.15588,-10.155255,-2.0311,False,0.3,True,expanded_partial_feed,no quote success; mark heuristic and quote_failed
H9b4sPAeiyN8DEcWa6MG2kvxqmCqBEpxmexwCh84jg4H,500,30m,zero_il_lvr,2.5,0.000625,0,0.15588,-0.155255,-0.0311,False,0.3,True,expanded_partial_feed,no quote success; mark heuristic and quote_failed
H9b4sPAeiyN8DEcWa6MG2kvxqmCqBEpxmexwCh84jg4H,500,30m,optimistic,2.5,0.000625,0.5,0.15588,-0.655255,-0.1311,False,0.3,True,expanded_partial_feed,no quote success; mark heuristic and quote_failed
H9b4sPAeiyN8DEcWa6MG2kvxqmCqBEpxmexwCh84jg4H,500,30m,realistic,2.5,0.000625,2.5,0.15588,-2.655255,-0.5311,False,0.3,True,expanded_partial_feed,no quote success; mark heuristic and quote_failed
H9b4sPAeiyN8DEcWa6MG2kvxqmCqBEpxmexwCh84jg4H,500,30m,conservative,2.5,0.000625,10,0.15588,-10.155255,-2.0311,False,0.3,True,expanded_partial_feed,no quote success; mark heuristic and quote_failed
H9b4sPAeiyN8DEcWa6MG2kvxqmCqBEpxmexwCh84jg4H,500,1h,zero_il_lvr,2.5,0.000625,0,0.15588,-0.155255,-0.0311,False,0.3,True,expanded_partial_feed,no quote success; mark heuristic and quote_failed
H9b4sPAeiyN8DEcWa6MG2kvxqmCqBEpxmexwCh84jg4H,500,1h,optimistic,2.5,0.000625,0.5,0.15588,-0.655255,-0.1311,False,0.3,True,expanded_partial_feed,no quote success; mark heuristic and quote_failed
H9b4sPAeiyN8DEcWa6MG2kvxqmCqBEpxmexwCh84jg4H,500,1h,realistic,2.5,0.000625,2.5,0.15588,-2.655255,-0.5311,False,0.3,True,expanded_partial_feed,no quote success; mark heuristic and quote_failed
H9b4sPAeiyN8DEcWa6MG2kvxqmCqBEpxmexwCh84jg4H,500,1h,conservative,2.5,0.000625,10,0.15588,-10.155255,-2.0311,False,0.3,True,expanded_partial_feed,no quote success; mark heuristic and quote_failed
H9b4sPAeiyN8DEcWa6MG2kvxqmCqBEpxmexwCh84jg4H,500,2h,zero_il_lvr,2.5,0.000625,0,0.15588,-0.155255,-0.0311,False,0.3,True,expanded_partial_feed,no quote success; mark heuristic and quote_failed
H9b4sPAeiyN8DEcWa6MG2kvxqmCqBEpxmexwCh84jg4H,500,2h,optimistic,2.5,0.000625,0.5,0.15588,-0.655255,-0.1311,False,0.3,True,expanded_partial_feed,no quote success; mark heuristic and quote_failed
H9b4sPAeiyN8DEcWa6MG2kvxqmCqBEpxmexwCh84jg4H,500,2h,realistic,2.5,0.000625,2.5,0.15588,-2.655255,-0.5311,False,0.3,True,expanded_partial_feed,no quote success; mark heuristic and quote_failed
H9b4sPAeiyN8DEcWa6MG2kvxqmCqBEpxmexwCh84jg4H,500,2h,conservative,2.5,0.000625,10,0.15588,-10.155255,-2.0311,False,0.3,True,expanded_partial_feed,no quote success; mark heuristic and quote_failed
H9b4sPAeiyN8DEcWa6MG2kvxqmCqBEpxmexwCh84jg4H,500,6h,zero_il_lvr,2.5,0.000625,0,0.15588,-0.155255,-0.0311,False,0.3,True,expanded_partial_feed,no quote success; mark heuristic and quote_failed
H9b4sPAeiyN8DEcWa6MG2kvxqmCqBEpxmexwCh84jg4H,500,6h,optimistic,2.5,0.000625,0.5,0.15588,-0.655255,-0.1311,False,0.3,True,expanded_partial_feed,no quote success; mark heuristic and quote_failed
H9b4sPAeiyN8DEcWa6MG2kvxqmCqBEpxmexwCh84jg4H,500,6h,realistic,2.5,0.000625,2.5,0.15588,-2.655255,-0.5311,False,0.3,True,expanded_partial_feed,no quote success; mark heuristic and quote_failed
H9b4sPAeiyN8DEcWa6MG2kvxqmCqBEpxmexwCh84jg4H,500,6h,conservative,2.5,0.000625,10,0.15588,-10.155255,-2.0311,False,0.3,True,expanded_partial_feed,no quote success; mark heuristic and quote_failed
H9b4sPAeiyN8DEcWa6MG2kvxqmCqBEpxmexwCh84jg4H,500,24h,zero_il_lvr,2.5,0.000625,0,0.15588,-0.155255,-0.0311,False,0.3,True,expanded_partial_feed,no quote success; mark heuristic and quote_failed
H9b4sPAeiyN8DEcWa6MG2kvxqmCqBEpxmexwCh84jg4H,500,24h,optimistic,2.5,0.000625,0.5,0.15588,-0.655255,-0.1311,False,0.3,True,expanded_partial_feed,no quote success; mark heuristic and quote_failed
H9b4sPAeiyN8DEcWa6MG2kvxqmCqBEpxmexwCh84jg4H,500,24h,realistic,2.5,0.000625,2.5,0.15588,-2.655255,-0.5311,False,0.3,True,expanded_partial_feed,no quote success; mark heuristic and quote_failed
H9b4sPAeiyN8DEcWa6MG2kvxqmCqBEpxmexwCh84jg4H,500,24h,conservative,2.5,0.000625,10,0.15588,-10.155255,-2.0311,False,0.3,True,expanded_partial_feed,no quote success; mark heuristic and quote_failed
H9b4sPAeiyN8DEcWa6MG2kvxqmCqBEpxmexwCh84jg4H,500,7d,zero_il_lvr,2.5,0.000625,0,0.15588,-0.155255,-0.0311,False,0.3,True,expanded_partial_feed,no quote success; mark heuristic and quote_failed
H9b4sPAeiyN8DEcWa6MG2kvxqmCqBEpxmexwCh84jg4H,500,7d,optimistic,2.5,0.000625,0.5,0.15588,-0.655255,-0.1311,False,0.3,True,expanded_partial_feed,no quote success; mark heuristic and quote_failed
H9b4sPAeiyN8DEcWa6MG2kvxqmCqBEpxmexwCh84jg4H,500,7d,realistic,2.5,0.000625,2.5,0.15588,-2.655255,-0.5311,False,0.3,True,expanded_partial_feed,no quote success; mark heuristic and quote_failed
H9b4sPAeiyN8DEcWa6MG2kvxqmCqBEpxmexwCh84jg4H,500,7d,conservative,2.5,0.000625,10,0.15588,-10.155255,-2.0311,False,0.3,True,expanded_partial_feed,no quote success; mark heuristic and quote_failed
H9b4sPAeiyN8DEcWa6MG2kvxqmCqBEpxmexwCh84jg4H,1000,15m,zero_il_lvr,2.5,0.00125,0,0.15588,-0.15463,-0.0155,False,0.3,True,expanded_partial_feed,no quote success; mark heuristic and quote_failed
H9b4sPAeiyN8DEcWa6MG2kvxqmCqBEpxmexwCh84jg4H,1000,15m,optimistic,2.5,0.00125,1,0.15588,-1.15463,-0.1155,False,0.3,True,expanded_partial_feed,no quote success; mark heuristic and quote_failed
H9b4sPAeiyN8DEcWa6MG2kvxqmCqBEpxmexwCh84jg4H,1000,15m,realistic,2.5,0.00125,5,0.15588,-5.15463,-0.5155,False,0.3,True,expanded_partial_feed,no quote success; mark heuristic and quote_failed
H9b4sPAeiyN8DEcWa6MG2kvxqmCqBEpxmexwCh84jg4H,1000,15m,conservative,2.5,0.00125,20,0.15588,-20.15463,-2.0155,False,0.3,True,expanded_partial_feed,no quote success; mark heuristic and quote_failed
H9b4sPAeiyN8DEcWa6MG2kvxqmCqBEpxmexwCh84jg4H,1000,30m,zero_il_lvr,2.5,0.00125,0,0.15588,-0.15463,-0.0155,False,0.3,True,expanded_partial_feed,no quote success; mark heuristic and quote_failed
H9b4sPAeiyN8DEcWa6MG2kvxqmCqBEpxmexwCh84jg4H,1000,30m,optimistic,2.5,0.00125,1,0.15588,-1.15463,-0.1155,False,0.3,True,expanded_partial_feed,no quote success; mark heuristic and quote_failed
H9b4sPAeiyN8DEcWa6MG2kvxqmCqBEpxmexwCh84jg4H,1000,30m,realistic,2.5,0.00125,5,0.15588,-5.15463,-0.5155,False,0.3,True,expanded_partial_feed,no quote success; mark heuristic and quote_failed
H9b4sPAeiyN8DEcWa6MG2kvxqmCqBEpxmexwCh84jg4H,1000,30m,conservative,2.5,0.00125,20,0.15588,-20.15463,-2.0155,False,0.3,True,expanded_partial_feed,no quote success; mark heuristic and quote_failed
H9b4sPAeiyN8DEcWa6MG2kvxqmCqBEpxmexwCh84jg4H,1000,1h,zero_il_lvr,2.5,0.00125,0,0.15588,-0.15463,-0.0155,False,0.3,True,expanded_partial_feed,no quote success; mark heuristic and quote_failed
H9b4sPAeiyN8DEcWa6MG2kvxqmCqBEpxmexwCh84jg4H,1000,1h,optimistic,2.5,0.00125,1,0.15588,-1.15463,-0.1155,False,0.3,True,expanded_partial_feed,no quote success; mark heuristic and quote_failed
H9b4sPAeiyN8DEcWa6MG2kvxqmCqBEpxmexwCh84jg4H,1000,1h,realistic,2.5,0.00125,5,0.15588,-5.15463,-0.5155,False,0.3,True,expanded_partial_feed,no quote success; mark heuristic and quote_failed
H9b4sPAeiyN8DEcWa6MG2kvxqmCqBEpxmexwCh84jg4H,1000,1h,conservative,2.5,0.00125,20,0.15588,-20.15463,-2.0155,False,0.3,True,expanded_partial_feed,no quote success; mark heuristic and quote_failed
H9b4sPAeiyN8DEcWa6MG2kvxqmCqBEpxmexwCh84jg4H,1000,2h,zero_il_lvr,2.5,0.00125,0,0.15588,-0.15463,-0.0155,False,0.3,True,expanded_partial_feed,no quote success; mark heuristic and quote_failed
H9b4sPAeiyN8DEcWa6MG2kvxqmCqBEpxmexwCh84jg4H,1000,2h,optimistic,2.5,0.00125,1,0.15588,-1.15463,-0.1155,False,0.3,True,expanded_partial_feed,no quote success; mark heuristic and quote_failed
H9b4sPAeiyN8DEcWa6MG2kvxqmCqBEpxmexwCh84jg4H,1000,2h,realistic,2.5,0.00125,5,0.15588,-5.15463,-0.5155,False,0.3,True,expanded_partial_feed,no quote success; mark heuristic and quote_failed
H9b4sPAeiyN8DEcWa6MG2kvxqmCqBEpxmexwCh84jg4H,1000,2h,conservative,2.5,0.00125,20,0.15588,-20.15463,-2.0155,False,0.3,True,expanded_partial_feed,no quote success; mark heuristic and quote_failed
H9b4sPAeiyN8DEcWa6MG2kvxqmCqBEpxmexwCh84jg4H,1000,6h,zero_il_lvr,2.5,0.00125,0,0.15588,-0.15463,-0.0155,False,0.3,True,expanded_partial_feed,no quote success; mark heuristic and quote_failed
H9b4sPAeiyN8DEcWa6MG2kvxqmCqBEpxmexwCh84jg4H,1000,6h,optimistic,2.5,0.00125,1,0.15588,-1.15463,-0.1155,False,0.3,True,expanded_partial_feed,no quote success; mark heuristic and quote_failed
H9b4sPAeiyN8DEcWa6MG2kvxqmCqBEpxmexwCh84jg4H,1000,6h,realistic,2.5,0.00125,5,0.15588,-5.15463,-0.5155,False,0.3,True,expanded_partial_feed,no quote success; mark heuristic and quote_failed
H9b4sPAeiyN8DEcWa6MG2kvxqmCqBEpxmexwCh84jg4H,1000,6h,conservative,2.5,0.00125,20,0.15588,-20.15463,-2.0155,False,0.3,True,expanded_partial_feed,no quote success; mark heuristic and quote_failed
H9b4sPAeiyN8DEcWa6MG2kvxqmCqBEpxmexwCh84jg4H,1000,24h,zero_il_lvr,2.5,0.00125,0,0.15588,-0.15463,-0.0155,False,0.3,True,expanded_partial_feed,no quote success; mark heuristic and quote_failed
H9b4sPAeiyN8DEcWa6MG2kvxqmCqBEpxmexwCh84jg4H,1000,24h,optimistic,2.5,0.00125,1,0.15588,-1.15463,-0.1155,False,0.3,True,expanded_partial_feed,no quote success; mark heuristic and quote_failed
H9b4sPAeiyN8DEcWa6MG2kvxqmCqBEpxmexwCh84jg4H,1000,24h,realistic,2.5,0.00125,5,0.15588,-5.15463,-0.5155,False,0.3,True,expanded_partial_feed,no quote success; mark heuristic and quote_failed
H9b4sPAeiyN8DEcWa6MG2kvxqmCqBEpxmexwCh84jg4H,1000,24h,conservative,2.5,0.00125,20,0.15588,-20.15463,-2.0155,False,0.3,True,expanded_partial_feed,no quote success; mark heuristic and quote_failed
H9b4sPAeiyN8DEcWa6MG2kvxqmCqBEpxmexwCh84jg4H,1000,7d,zero_il_lvr,2.5,0.00125,0,0.15588,-0.15463,-0.0155,False,0.3,True,expanded_partial_feed,no quote success; mark heuristic and quote_failed
H9b4sPAeiyN8DEcWa6MG2kvxqmCqBEpxmexwCh84jg4H,1000,7d,optimistic,2.5,0.00125,1,0.15588,-1.15463,-0.1155,False,0.3,True,expanded_partial_feed,no quote success; mark heuristic and quote_failed
H9b4sPAeiyN8DEcWa6MG2kvxqmCqBEpxmexwCh84jg4H,1000,7d,realistic,2.5,0.00125,5,0.15588,-5.15463,-0.5155,False,0.3,True,expanded_partial_feed,no quote success; mark heuristic and quote_failed
H9b4sPAeiyN8DEcWa6MG2kvxqmCqBEpxmexwCh84jg4H,1000,7d,conservative,2.5,0.00125,20,0.15588,-20.15463,-2.0155,False,0.3,True,expanded_partial_feed,no quote success; mark heuristic and quote_failed
H9b4sPAeiyN8DEcWa6MG2kvxqmCqBEpxmexwCh84jg4H,2000,15m,zero_il_lvr,2.5,0.0025,0,0.15588,-0.15338,-0.0077,False,0.3,True,expanded_partial_feed,no quote success; mark heuristic and quote_failed
H9b4sPAeiyN8DEcWa6MG2kvxqmCqBEpxmexwCh84jg4H,2000,15m,optimistic,2.5,0.0025,2,0.15588,-2.15338,-0.1077,False,0.3,True,expanded_partial_feed,no quote success; mark heuristic and quote_failed
H9b4sPAeiyN8DEcWa6MG2kvxqmCqBEpxmexwCh84jg4H,2000,15m,realistic,2.5,0.0025,10,0.15588,-10.15338,-0.5077,False,0.3,True,expanded_partial_feed,no quote success; mark heuristic and quote_failed
H9b4sPAeiyN8DEcWa6MG2kvxqmCqBEpxmexwCh84jg4H,2000,15m,conservative,2.5,0.0025,40,0.15588,-40.15338,-2.0077,False,0.3,True,expanded_partial_feed,no quote success; mark heuristic and quote_failed
H9b4sPAeiyN8DEcWa6MG2kvxqmCqBEpxmexwCh84jg4H,2000,30m,zero_il_lvr,2.5,0.0025,0,0.15588,-0.15338,-0.0077,False,0.3,True,expanded_partial_feed,no quote success; mark heuristic and quote_failed
H9b4sPAeiyN8DEcWa6MG2kvxqmCqBEpxmexwCh84jg4H,2000,30m,optimistic,2.5,0.0025,2,0.15588,-2.15338,-0.1077,False,0.3,True,expanded_partial_feed,no quote success; mark heuristic and quote_failed
H9b4sPAeiyN8DEcWa6MG2kvxqmCqBEpxmexwCh84jg4H,2000,30m,realistic,2.5,0.0025,10,0.15588,-10.15338,-0.5077,False,0.3,True,expanded_partial_feed,no quote success; mark heuristic and quote_failed
H9b4sPAeiyN8DEcWa6MG2kvxqmCqBEpxmexwCh84jg4H,2000,30m,conservative,2.5,0.0025,40,0.15588,-40.15338,-2.0077,False,0.3,True,expanded_partial_feed,no quote success; mark heuristic and quote_failed
H9b4sPAeiyN8DEcWa6MG2kvxqmCqBEpxmexwCh84jg4H,2000,1h,zero_il_lvr,2.5,0.0025,0,0.15588,-0.15338,-0.0077,False,0.3,True,expanded_partial_feed,no quote success; mark heuristic and quote_failed
H9b4sPAeiyN8DEcWa6MG2kvxqmCqBEpxmexwCh84jg4H,2000,1h,optimistic,2.5,0.0025,2,0.15588,-2.15338,-0.1077,False,0.3,True,expanded_partial_feed,no quote success; mark heuristic and quote_failed
H9b4sPAeiyN8DEcWa6MG2kvxqmCqBEpxmexwCh84jg4H,2000,1h,realistic,2.5,0.0025,10,0.15588,-10.15338,-0.5077,False,0.3,True,expanded_partial_feed,no quote success; mark heuristic and quote_failed
H9b4sPAeiyN8DEcWa6MG2kvxqmCqBEpxmexwCh84jg4H,2000,1h,conservative,2.5,0.0025,40,0.15588,-40.15338,-2.0077,False,0.3,True,expanded_partial_feed,no quote success; mark heuristic and quote_failed
H9b4sPAeiyN8DEcWa6MG2kvxqmCqBEpxmexwCh84jg4H,2000,2h,zero_il_lvr,2.5,0.0025,0,0.15588,-0.15338,-0.0077,False,0.3,True,expanded_partial_feed,no quote success; mark heuristic and quote_failed
H9b4sPAeiyN8DEcWa6MG2kvxqmCqBEpxmexwCh84jg4H,2000,2h,optimistic,2.5,0.0025,2,0.15588,-2.15338,-0.1077,False,0.3,True,expanded_partial_feed,no quote success; mark heuristic and quote_failed
H9b4sPAeiyN8DEcWa6MG2kvxqmCqBEpxmexwCh84jg4H,2000,2h,realistic,2.5,0.0025,10,0.15588,-10.15338,-0.5077,False,0.3,True,expanded_partial_feed,no quote success; mark heuristic and quote_failed
H9b4sPAeiyN8DEcWa6MG2kvxqmCqBEpxmexwCh84jg4H,2000,2h,conservative,2.5,0.0025,40,0.15588,-40.15338,-2.0077,False,0.3,True,expanded_partial_feed,no quote success; mark heuristic and quote_failed
H9b4sPAeiyN8DEcWa6MG2kvxqmCqBEpxmexwCh84jg4H,2000,6h,zero_il_lvr,2.5,0.0025,0,0.15588,-0.15338,-0.0077,False,0.3,True,expanded_partial_feed,no quote success; mark heuristic and quote_failed
H9b4sPAeiyN8DEcWa6MG2kvxqmCqBEpxmexwCh84jg4H,2000,6h,optimistic,2.5,0.0025,2,0.15588,-2.15338,-0.1077,False,0.3,True,expanded_partial_feed,no quote success; mark heuristic and quote_failed
H9b4sPAeiyN8DEcWa6MG2kvxqmCqBEpxmexwCh84jg4H,2000,6h,realistic,2.5,0.0025,10,0.15588,-10.15338,-0.5077,False,0.3,True,expanded_partial_feed,no quote success; mark heuristic and quote_failed
H9b4sPAeiyN8DEcWa6MG2kvxqmCqBEpxmexwCh84jg4H,2000,6h,conservative,2.5,0.0025,40,0.15588,-40.15338,-2.0077,False,0.3,True,expanded_partial_feed,no quote success; mark heuristic and quote_failed
H9b4sPAeiyN8DEcWa6MG2kvxqmCqBEpxmexwCh84jg4H,2000,24h,zero_il_lvr,2.5,0.0025,0,0.15588,-0.15338,-0.0077,False,0.3,True,expanded_partial_feed,no quote success; mark heuristic and quote_failed
H9b4sPAeiyN8DEcWa6MG2kvxqmCqBEpxmexwCh84jg4H,2000,24h,optimistic,2.5,0.0025,2,0.15588,-2.15338,-0.1077,False,0.3,True,expanded_partial_feed,no quote success; mark heuristic and quote_failed
H9b4sPAeiyN8DEcWa6MG2kvxqmCqBEpxmexwCh84jg4H,2000,24h,realistic,2.5,0.0025,10,0.15588,-10.15338,-0.5077,False,0.3,True,expanded_partial_feed,no quote success; mark heuristic and quote_failed
H9b4sPAeiyN8DEcWa6MG2kvxqmCqBEpxmexwCh84jg4H,2000,24h,conservative,2.5,0.0025,40,0.15588,-40.15338,-2.0077,False,0.3,True,expanded_partial_feed,no quote success; mark heuristic and quote_failed
H9b4sPAeiyN8DEcWa6MG2kvxqmCqBEpxmexwCh84jg4H,2000,7d,zero_il_lvr,2.5,0.0025,0,0.15588,-0.15338,-0.0077,False,0.3,True,expanded_partial_feed,no quote success; mark heuristic and quote_failed
H9b4sPAeiyN8DEcWa6MG2kvxqmCqBEpxmexwCh84jg4H,2000,7d,optimistic,2.5,0.0025,2,0.15588,-2.15338,-0.1077,False,0.3,True,expanded_partial_feed,no quote success; mark heuristic and quote_failed
H9b4sPAeiyN8DEcWa6MG2kvxqmCqBEpxmexwCh84jg4H,2000,7d,realistic,2.5,0.0025,10,0.15588,-10.15338,-0.5077,False,0.3,True,expanded_partial_feed,no quote success; mark heuristic and quote_failed
H9b4sPAeiyN8DEcWa6MG2kvxqmCqBEpxmexwCh84jg4H,2000,7d,conservative,2.5,0.0025,40,0.15588,-40.15338,-2.0077,False,0.3,True,expanded_partial_feed,no quote success; mark heuristic and quote_failed
6qz7THwQvcjF3HyDGLuKaLBUk6EyJKeZXZMWLAeiwfjd,10,15m,zero_il_lvr,0.25,1e-06,0,0.15588,-0.155879,-1.5588,False,0.3,True,expanded_partial_feed,no quote success; mark heuristic and quote_failed
6qz7THwQvcjF3HyDGLuKaLBUk6EyJKeZXZMWLAeiwfjd,10,15m,optimistic,0.25,1e-06,0.01,0.15588,-0.165879,-1.6588,False,0.3,True,expanded_partial_feed,no quote success; mark heuristic and quote_failed
6qz7THwQvcjF3HyDGLuKaLBUk6EyJKeZXZMWLAeiwfjd,10,15m,realistic,0.25,1e-06,0.05,0.15588,-0.205879,-2.0588,False,0.3,True,expanded_partial_feed,no quote success; mark heuristic and quote_failed
6qz7THwQvcjF3HyDGLuKaLBUk6EyJKeZXZMWLAeiwfjd,10,15m,conservative,0.25,1e-06,0.2,0.15588,-0.355879,-3.5588,False,0.3,True,expanded_partial_feed,no quote success; mark heuristic and quote_failed
6qz7THwQvcjF3HyDGLuKaLBUk6EyJKeZXZMWLAeiwfjd,10,30m,zero_il_lvr,0.25,1e-06,0,0.15588,-0.155879,-1.5588,False,0.3,True,expanded_partial_feed,no quote success; mark heuristic and quote_failed
6qz7THwQvcjF3HyDGLuKaLBUk6EyJKeZXZMWLAeiwfjd,10,30m,optimistic,0.25,1e-06,0.01,0.15588,-0.165879,-1.6588,False,0.3,True,expanded_partial_feed,no quote success; mark heuristic and quote_failed
6qz7THwQvcjF3HyDGLuKaLBUk6EyJKeZXZMWLAeiwfjd,10,30m,realistic,0.25,1e-06,0.05,0.15588,-0.205879,-2.0588,False,0.3,True,expanded_partial_feed,no quote success; mark heuristic and quote_failed
6qz7THwQvcjF3HyDGLuKaLBUk6EyJKeZXZMWLAeiwfjd,10,30m,conservative,0.25,1e-06,0.2,0.15588,-0.355879,-3.5588,False,0.3,True,expanded_partial_feed,no quote success; mark heuristic and quote_failed
6qz7THwQvcjF3HyDGLuKaLBUk6EyJKeZXZMWLAeiwfjd,10,1h,zero_il_lvr,0.25,1e-06,0,0.15588,-0.155879,-1.5588,False,0.3,True,expanded_partial_feed,no quote success; mark heuristic and quote_failed
6qz7THwQvcjF3HyDGLuKaLBUk6EyJKeZXZMWLAeiwfjd,10,1h,optimistic,0.25,1e-06,0.01,0.15588,-0.165879,-1.6588,False,0.3,True,expanded_partial_feed,no quote success; mark heuristic and quote_failed
6qz7THwQvcjF3HyDGLuKaLBUk6EyJKeZXZMWLAeiwfjd,10,1h,realistic,0.25,1e-06,0.05,0.15588,-0.205879,-2.0588,False,0.3,True,expanded_partial_feed,no quote success; mark heuristic and quote_failed
6qz7THwQvcjF3HyDGLuKaLBUk6EyJKeZXZMWLAeiwfjd,10,1h,conservative,0.25,1e-06,0.2,0.15588,-0.355879,-3.5588,False,0.3,True,expanded_partial_feed,no quote success; mark heuristic and quote_failed
6qz7THwQvcjF3HyDGLuKaLBUk6EyJKeZXZMWLAeiwfjd,10,2h,zero_il_lvr,0.25,1e-06,0,0.15588,-0.155879,-1.5588,False,0.3,True,expanded_partial_feed,no quote success; mark heuristic and quote_failed
6qz7THwQvcjF3HyDGLuKaLBUk6EyJKeZXZMWLAeiwfjd,10,2h,optimistic,0.25,1e-06,0.01,0.15588,-0.165879,-1.6588,False,0.3,True,expanded_partial_feed,no quote success; mark heuristic and quote_failed
6qz7THwQvcjF3HyDGLuKaLBUk6EyJKeZXZMWLAeiwfjd,10,2h,realistic,0.25,1e-06,0.05,0.15588,-0.205879,-2.0588,False,0.3,True,expanded_partial_feed,no quote success; mark heuristic and quote_failed
6qz7THwQvcjF3HyDGLuKaLBUk6EyJKeZXZMWLAeiwfjd,10,2h,conservative,0.25,1e-06,0.2,0.15588,-0.355879,-3.5588,False,0.3,True,expanded_partial_feed,no quote success; mark heuristic and quote_failed
6qz7THwQvcjF3HyDGLuKaLBUk6EyJKeZXZMWLAeiwfjd,10,6h,zero_il_lvr,0.25,1e-06,0,0.15588,-0.155879,-1.5588,False,0.3,True,expanded_partial_feed,no quote success; mark heuristic and quote_failed
6qz7THwQvcjF3HyDGLuKaLBUk6EyJKeZXZMWLAeiwfjd,10,6h,optimistic,0.25,1e-06,0.01,0.15588,-0.165879,-1.6588,False,0.3,True,expanded_partial_feed,no quote success; mark heuristic and quote_failed
6qz7THwQvcjF3HyDGLuKaLBUk6EyJKeZXZMWLAeiwfjd,10,6h,realistic,0.25,1e-06,0.05,0.15588,-0.205879,-2.0588,False,0.3,True,expanded_partial_feed,no quote success; mark heuristic and quote_failed
6qz7THwQvcjF3HyDGLuKaLBUk6EyJKeZXZMWLAeiwfjd,10,6h,conservative,0.25,1e-06,0.2,0.15588,-0.355879,-3.5588,False,0.3,True,expanded_partial_feed,no quote success; mark heuristic and quote_failed
6qz7THwQvcjF3HyDGLuKaLBUk6EyJKeZXZMWLAeiwfjd,10,24h,zero_il_lvr,0.25,1e-06,0,0.15588,-0.155879,-1.5588,False,0.3,True,expanded_partial_feed,no quote success; mark heuristic and quote_failed
6qz7THwQvcjF3HyDGLuKaLBUk6EyJKeZXZMWLAeiwfjd,10,24h,optimistic,0.25,1e-06,0.01,0.15588,-0.165879,-1.6588,False,0.3,True,expanded_partial_feed,no quote success; mark heuristic and quote_failed
6qz7THwQvcjF3HyDGLuKaLBUk6EyJKeZXZMWLAeiwfjd,10,24h,realistic,0.25,1e-06,0.05,0.15588,-0.205879,-2.0588,False,0.3,True,expanded_partial_feed,no quote success; mark heuristic and quote_failed
6qz7THwQvcjF3HyDGLuKaLBUk6EyJKeZXZMWLAeiwfjd,10,24h,conservative,0.25,1e-06,0.2,0.15588,-0.355879,-3.5588,False,0.3,True,expanded_partial_feed,no quote success; mark heuristic and quote_failed
6qz7THwQvcjF3HyDGLuKaLBUk6EyJKeZXZMWLAeiwfjd,10,7d,zero_il_lvr,0.25,1e-06,0,0.15588,-0.155879,-1.5588,False,0.3,True,expanded_partial_feed,no quote success; mark heuristic and quote_failed
6qz7THwQvcjF3HyDGLuKaLBUk6EyJKeZXZMWLAeiwfjd,10,7d,optimistic,0.25,1e-06,0.01,0.15588,-0.165879,-1.6588,False,0.3,True,expanded_partial_feed,no quote success; mark heuristic and quote_failed
6qz7THwQvcjF3HyDGLuKaLBUk6EyJKeZXZMWLAeiwfjd,10,7d,realistic,0.25,1e-06,0.05,0.15588,-0.205879,-2.0588,False,0.3,True,expanded_partial_feed,no quote success; mark heuristic and quote_failed
6qz7THwQvcjF3HyDGLuKaLBUk6EyJKeZXZMWLAeiwfjd,10,7d,conservative,0.25,1e-06,0.2,0.15588,-0.355879,-3.5588,False,0.3,True,expanded_partial_feed,no quote success; mark heuristic and quote_failed
6qz7THwQvcjF3HyDGLuKaLBUk6EyJKeZXZMWLAeiwfjd,20,15m,zero_il_lvr,0.25,3e-06,0,0.15588,-0.155877,-0.7794,False,0.3,True,expanded_partial_feed,no quote success; mark heuristic and quote_failed
6qz7THwQvcjF3HyDGLuKaLBUk6EyJKeZXZMWLAeiwfjd,20,15m,optimistic,0.25,3e-06,0.02,0.15588,-0.175877,-0.8794,False,0.3,True,expanded_partial_feed,no quote success; mark heuristic and quote_failed
6qz7THwQvcjF3HyDGLuKaLBUk6EyJKeZXZMWLAeiwfjd,20,15m,realistic,0.25,3e-06,0.1,0.15588,-0.255877,-1.2794,False,0.3,True,expanded_partial_feed,no quote success; mark heuristic and quote_failed
6qz7THwQvcjF3HyDGLuKaLBUk6EyJKeZXZMWLAeiwfjd,20,15m,conservative,0.25,3e-06,0.4,0.15588,-0.555877,-2.7794,False,0.3,True,expanded_partial_feed,no quote success; mark heuristic and quote_failed
6qz7THwQvcjF3HyDGLuKaLBUk6EyJKeZXZMWLAeiwfjd,20,30m,zero_il_lvr,0.25,3e-06,0,0.15588,-0.155877,-0.7794,False,0.3,True,expanded_partial_feed,no quote success; mark heuristic and quote_failed
6qz7THwQvcjF3HyDGLuKaLBUk6EyJKeZXZMWLAeiwfjd,20,30m,optimistic,0.25,3e-06,0.02,0.15588,-0.175877,-0.8794,False,0.3,True,expanded_partial_feed,no quote success; mark heuristic and quote_failed
6qz7THwQvcjF3HyDGLuKaLBUk6EyJKeZXZMWLAeiwfjd,20,30m,realistic,0.25,3e-06,0.1,0.15588,-0.255877,-1.2794,False,0.3,True,expanded_partial_feed,no quote success; mark heuristic and quote_failed
6qz7THwQvcjF3HyDGLuKaLBUk6EyJKeZXZMWLAeiwfjd,20,30m,conservative,0.25,3e-06,0.4,0.15588,-0.555877,-2.7794,False,0.3,True,expanded_partial_feed,no quote success; mark heuristic and quote_failed
6qz7THwQvcjF3HyDGLuKaLBUk6EyJKeZXZMWLAeiwfjd,20,1h,zero_il_lvr,0.25,3e-06,0,0.15588,-0.155877,-0.7794,False,0.3,True,expanded_partial_feed,no quote success; mark heuristic and quote_failed
6qz7THwQvcjF3HyDGLuKaLBUk6EyJKeZXZMWLAeiwfjd,20,1h,optimistic,0.25,3e-06,0.02,0.15588,-0.175877,-0.8794,False,0.3,True,expanded_partial_feed,no quote success; mark heuristic and quote_failed
6qz7THwQvcjF3HyDGLuKaLBUk6EyJKeZXZMWLAeiwfjd,20,1h,realistic,0.25,3e-06,0.1,0.15588,-0.255877,-1.2794,False,0.3,True,expanded_partial_feed,no quote success; mark heuristic and quote_failed
6qz7THwQvcjF3HyDGLuKaLBUk6EyJKeZXZMWLAeiwfjd,20,1h,conservative,0.25,3e-06,0.4,0.15588,-0.555877,-2.7794,False,0.3,True,expanded_partial_feed,no quote success; mark heuristic and quote_failed
6qz7THwQvcjF3HyDGLuKaLBUk6EyJKeZXZMWLAeiwfjd,20,2h,zero_il_lvr,0.25,3e-06,0,0.15588,-0.155877,-0.7794,False,0.3,True,expanded_partial_feed,no quote success; mark heuristic and quote_failed
6qz7THwQvcjF3HyDGLuKaLBUk6EyJKeZXZMWLAeiwfjd,20,2h,optimistic,0.25,3e-06,0.02,0.15588,-0.175877,-0.8794,False,0.3,True,expanded_partial_feed,no quote success; mark heuristic and quote_failed
6qz7THwQvcjF3HyDGLuKaLBUk6EyJKeZXZMWLAeiwfjd,20,2h,realistic,0.25,3e-06,0.1,0.15588,-0.255877,-1.2794,False,0.3,True,expanded_partial_feed,no quote success; mark heuristic and quote_failed
6qz7THwQvcjF3HyDGLuKaLBUk6EyJKeZXZMWLAeiwfjd,20,2h,conservative,0.25,3e-06,0.4,0.15588,-0.555877,-2.7794,False,0.3,True,expanded_partial_feed,no quote success; mark heuristic and quote_failed
6qz7THwQvcjF3HyDGLuKaLBUk6EyJKeZXZMWLAeiwfjd,20,6h,zero_il_lvr,0.25,3e-06,0,0.15588,-0.155877,-0.7794,False,0.3,True,expanded_partial_feed,no quote success; mark heuristic and quote_failed
6qz7THwQvcjF3HyDGLuKaLBUk6EyJKeZXZMWLAeiwfjd,20,6h,optimistic,0.25,3e-06,0.02,0.15588,-0.175877,-0.8794,False,0.3,True,expanded_partial_feed,no quote success; mark heuristic and quote_failed
6qz7THwQvcjF3HyDGLuKaLBUk6EyJKeZXZMWLAeiwfjd,20,6h,realistic,0.25,3e-06,0.1,0.15588,-0.255877,-1.2794,False,0.3,True,expanded_partial_feed,no quote success; mark heuristic and quote_failed
6qz7THwQvcjF3HyDGLuKaLBUk6EyJKeZXZMWLAeiwfjd,20,6h,conservative,0.25,3e-06,0.4,0.15588,-0.555877,-2.7794,False,0.3,True,expanded_partial_feed,no quote success; mark heuristic and quote_failed
6qz7THwQvcjF3HyDGLuKaLBUk6EyJKeZXZMWLAeiwfjd,20,24h,zero_il_lvr,0.25,3e-06,0,0.15588,-0.155877,-0.7794,False,0.3,True,expanded_partial_feed,no quote success; mark heuristic and quote_failed
6qz7THwQvcjF3HyDGLuKaLBUk6EyJKeZXZMWLAeiwfjd,20,24h,optimistic,0.25,3e-06,0.02,0.15588,-0.175877,-0.8794,False,0.3,True,expanded_partial_feed,no quote success; mark heuristic and quote_failed
6qz7THwQvcjF3HyDGLuKaLBUk6EyJKeZXZMWLAeiwfjd,20,24h,realistic,0.25,3e-06,0.1,0.15588,-0.255877,-1.2794,False,0.3,True,expanded_partial_feed,no quote success; mark heuristic and quote_failed
6qz7THwQvcjF3HyDGLuKaLBUk6EyJKeZXZMWLAeiwfjd,20,24h,conservative,0.25,3e-06,0.4,0.15588,-0.555877,-2.7794,False,0.3,True,expanded_partial_feed,no quote success; mark heuristic and quote_failed
6qz7THwQvcjF3HyDGLuKaLBUk6EyJKeZXZMWLAeiwfjd,20,7d,zero_il_lvr,0.25,3e-06,0,0.15588,-0.155877,-0.7794,False,0.3,True,expanded_partial_feed,no quote success; mark heuristic and quote_failed
6qz7THwQvcjF3HyDGLuKaLBUk6EyJKeZXZMWLAeiwfjd,20,7d,optimistic,0.25,3e-06,0.02,0.15588,-0.175877,-0.8794,False,0.3,True,expanded_partial_feed,no quote success; mark heuristic and quote_failed
6qz7THwQvcjF3HyDGLuKaLBUk6EyJKeZXZMWLAeiwfjd,20,7d,realistic,0.25,3e-06,0.1,0.15588,-0.255877,-1.2794,False,0.3,True,expanded_partial_feed,no quote success; mark heuristic and quote_failed
6qz7THwQvcjF3HyDGLuKaLBUk6EyJKeZXZMWLAeiwfjd,20,7d,conservative,0.25,3e-06,0.4,0.15588,-0.555877,-2.7794,False,0.3,True,expanded_partial_feed,no quote success; mark heuristic and quote_failed
6qz7THwQvcjF3HyDGLuKaLBUk6EyJKeZXZMWLAeiwfjd,100,15m,zero_il_lvr,0.25,1.3e-05,0,0.15588,-0.155867,-0.1559,False,0.3,True,expanded_partial_feed,no quote success; mark heuristic and quote_failed
6qz7THwQvcjF3HyDGLuKaLBUk6EyJKeZXZMWLAeiwfjd,100,15m,optimistic,0.25,1.3e-05,0.1,0.15588,-0.255867,-0.2559,False,0.3,True,expanded_partial_feed,no quote success; mark heuristic and quote_failed
6qz7THwQvcjF3HyDGLuKaLBUk6EyJKeZXZMWLAeiwfjd,100,15m,realistic,0.25,1.3e-05,0.5,0.15588,-0.655867,-0.6559,False,0.3,True,expanded_partial_feed,no quote success; mark heuristic and quote_failed
6qz7THwQvcjF3HyDGLuKaLBUk6EyJKeZXZMWLAeiwfjd,100,15m,conservative,0.25,1.3e-05,2,0.15588,-2.155867,-2.1559,False,0.3,True,expanded_partial_feed,no quote success; mark heuristic and quote_failed
6qz7THwQvcjF3HyDGLuKaLBUk6EyJKeZXZMWLAeiwfjd,100,30m,zero_il_lvr,0.25,1.3e-05,0,0.15588,-0.155867,-0.1559,False,0.3,True,expanded_partial_feed,no quote success; mark heuristic and quote_failed
6qz7THwQvcjF3HyDGLuKaLBUk6EyJKeZXZMWLAeiwfjd,100,30m,optimistic,0.25,1.3e-05,0.1,0.15588,-0.255867,-0.2559,False,0.3,True,expanded_partial_feed,no quote success; mark heuristic and quote_failed
6qz7THwQvcjF3HyDGLuKaLBUk6EyJKeZXZMWLAeiwfjd,100,30m,realistic,0.25,1.3e-05,0.5,0.15588,-0.655867,-0.6559,False,0.3,True,expanded_partial_feed,no quote success; mark heuristic and quote_failed
6qz7THwQvcjF3HyDGLuKaLBUk6EyJKeZXZMWLAeiwfjd,100,30m,conservative,0.25,1.3e-05,2,0.15588,-2.155867,-2.1559,False,0.3,True,expanded_partial_feed,no quote success; mark heuristic and quote_failed
6qz7THwQvcjF3HyDGLuKaLBUk6EyJKeZXZMWLAeiwfjd,100,1h,zero_il_lvr,0.25,1.3e-05,0,0.15588,-0.155867,-0.1559,False,0.3,True,expanded_partial_feed,no quote success; mark heuristic and quote_failed
6qz7THwQvcjF3HyDGLuKaLBUk6EyJKeZXZMWLAeiwfjd,100,1h,optimistic,0.25,1.3e-05,0.1,0.15588,-0.255867,-0.2559,False,0.3,True,expanded_partial_feed,no quote success; mark heuristic and quote_failed
6qz7THwQvcjF3HyDGLuKaLBUk6EyJKeZXZMWLAeiwfjd,100,1h,realistic,0.25,1.3e-05,0.5,0.15588,-0.655867,-0.6559,False,0.3,True,expanded_partial_feed,no quote success; mark heuristic and quote_failed
6qz7THwQvcjF3HyDGLuKaLBUk6EyJKeZXZMWLAeiwfjd,100,1h,conservative,0.25,1.3e-05,2,0.15588,-2.155867,-2.1559,False,0.3,True,expanded_partial_feed,no quote success; mark heuristic and quote_failed
6qz7THwQvcjF3HyDGLuKaLBUk6EyJKeZXZMWLAeiwfjd,100,2h,zero_il_lvr,0.25,1.3e-05,0,0.15588,-0.155867,-0.1559,False,0.3,True,expanded_partial_feed,no quote success; mark heuristic and quote_failed
6qz7THwQvcjF3HyDGLuKaLBUk6EyJKeZXZMWLAeiwfjd,100,2h,optimistic,0.25,1.3e-05,0.1,0.15588,-0.255867,-0.2559,False,0.3,True,expanded_partial_feed,no quote success; mark heuristic and quote_failed
6qz7THwQvcjF3HyDGLuKaLBUk6EyJKeZXZMWLAeiwfjd,100,2h,realistic,0.25,1.3e-05,0.5,0.15588,-0.655867,-0.6559,False,0.3,True,expanded_partial_feed,no quote success; mark heuristic and quote_failed
6qz7THwQvcjF3HyDGLuKaLBUk6EyJKeZXZMWLAeiwfjd,100,2h,conservative,0.25,1.3e-05,2,0.15588,-2.155867,-2.1559,False,0.3,True,expanded_partial_feed,no quote success; mark heuristic and quote_failed
6qz7THwQvcjF3HyDGLuKaLBUk6EyJKeZXZMWLAeiwfjd,100,6h,zero_il_lvr,0.25,1.3e-05,0,0.15588,-0.155867,-0.1559,False,0.3,True,expanded_partial_feed,no quote success; mark heuristic and quote_failed
6qz7THwQvcjF3HyDGLuKaLBUk6EyJKeZXZMWLAeiwfjd,100,6h,optimistic,0.25,1.3e-05,0.1,0.15588,-0.255867,-0.2559,False,0.3,True,expanded_partial_feed,no quote success; mark heuristic and quote_failed
6qz7THwQvcjF3HyDGLuKaLBUk6EyJKeZXZMWLAeiwfjd,100,6h,realistic,0.25,1.3e-05,0.5,0.15588,-0.655867,-0.6559,False,0.3,True,expanded_partial_feed,no quote success; mark heuristic and quote_failed
6qz7THwQvcjF3HyDGLuKaLBUk6EyJKeZXZMWLAeiwfjd,100,6h,conservative,0.25,1.3e-05,2,0.15588,-2.155867,-2.1559,False,0.3,True,expanded_partial_feed,no quote success; mark heuristic and quote_failed
6qz7THwQvcjF3HyDGLuKaLBUk6EyJKeZXZMWLAeiwfjd,100,24h,zero_il_lvr,0.25,1.3e-05,0,0.15588,-0.155867,-0.1559,False,0.3,True,expanded_partial_feed,no quote success; mark heuristic and quote_failed
6qz7THwQvcjF3HyDGLuKaLBUk6EyJKeZXZMWLAeiwfjd,100,24h,optimistic,0.25,1.3e-05,0.1,0.15588,-0.255867,-0.2559,False,0.3,True,expanded_partial_feed,no quote success; mark heuristic and quote_failed
6qz7THwQvcjF3HyDGLuKaLBUk6EyJKeZXZMWLAeiwfjd,100,24h,realistic,0.25,1.3e-05,0.5,0.15588,-0.655867,-0.6559,False,0.3,True,expanded_partial_feed,no quote success; mark heuristic and quote_failed
6qz7THwQvcjF3HyDGLuKaLBUk6EyJKeZXZMWLAeiwfjd,100,24h,conservative,0.25,1.3e-05,2,0.15588,-2.155867,-2.1559,False,0.3,True,expanded_partial_feed,no quote success; mark heuristic and quote_failed
6qz7THwQvcjF3HyDGLuKaLBUk6EyJKeZXZMWLAeiwfjd,100,7d,zero_il_lvr,0.25,1.3e-05,0,0.15588,-0.155867,-0.1559,False,0.3,True,expanded_partial_feed,no quote success; mark heuristic and quote_failed
6qz7THwQvcjF3HyDGLuKaLBUk6EyJKeZXZMWLAeiwfjd,100,7d,optimistic,0.25,1.3e-05,0.1,0.15588,-0.255867,-0.2559,False,0.3,True,expanded_partial_feed,no quote success; mark heuristic and quote_failed
6qz7THwQvcjF3HyDGLuKaLBUk6EyJKeZXZMWLAeiwfjd,100,7d,realistic,0.25,1.3e-05,0.5,0.15588,-0.655867,-0.6559,False,0.3,True,expanded_partial_feed,no quote success; mark heuristic and quote_failed
6qz7THwQvcjF3HyDGLuKaLBUk6EyJKeZXZMWLAeiwfjd,100,7d,conservative,0.25,1.3e-05,2,0.15588,-2.155867,-2.1559,False,0.3,True,expanded_partial_feed,no quote success; mark heuristic and quote_failed
6qz7THwQvcjF3HyDGLuKaLBUk6EyJKeZXZMWLAeiwfjd,500,15m,zero_il_lvr,0.25,6.3e-05,0,0.15588,-0.155817,-0.0312,False,0.3,True,expanded_partial_feed,no quote success; mark heuristic and quote_failed
6qz7THwQvcjF3HyDGLuKaLBUk6EyJKeZXZMWLAeiwfjd,500,15m,optimistic,0.25,6.3e-05,0.5,0.15588,-0.655817,-0.1312,False,0.3,True,expanded_partial_feed,no quote success; mark heuristic and quote_failed
6qz7THwQvcjF3HyDGLuKaLBUk6EyJKeZXZMWLAeiwfjd,500,15m,realistic,0.25,6.3e-05,2.5,0.15588,-2.655817,-0.5312,False,0.3,True,expanded_partial_feed,no quote success; mark heuristic and quote_failed
6qz7THwQvcjF3HyDGLuKaLBUk6EyJKeZXZMWLAeiwfjd,500,15m,conservative,0.25,6.3e-05,10,0.15588,-10.155817,-2.0312,False,0.3,True,expanded_partial_feed,no quote success; mark heuristic and quote_failed
6qz7THwQvcjF3HyDGLuKaLBUk6EyJKeZXZMWLAeiwfjd,500,30m,zero_il_lvr,0.25,6.3e-05,0,0.15588,-0.155817,-0.0312,False,0.3,True,expanded_partial_feed,no quote success; mark heuristic and quote_failed
6qz7THwQvcjF3HyDGLuKaLBUk6EyJKeZXZMWLAeiwfjd,500,30m,optimistic,0.25,6.3e-05,0.5,0.15588,-0.655817,-0.1312,False,0.3,True,expanded_partial_feed,no quote success; mark heuristic and quote_failed
6qz7THwQvcjF3HyDGLuKaLBUk6EyJKeZXZMWLAeiwfjd,500,30m,realistic,0.25,6.3e-05,2.5,0.15588,-2.655817,-0.5312,False,0.3,True,expanded_partial_feed,no quote success; mark heuristic and quote_failed
6qz7THwQvcjF3HyDGLuKaLBUk6EyJKeZXZMWLAeiwfjd,500,30m,conservative,0.25,6.3e-05,10,0.15588,-10.155817,-2.0312,False,0.3,True,expanded_partial_feed,no quote success; mark heuristic and quote_failed
6qz7THwQvcjF3HyDGLuKaLBUk6EyJKeZXZMWLAeiwfjd,500,1h,zero_il_lvr,0.25,6.3e-05,0,0.15588,-0.155817,-0.0312,False,0.3,True,expanded_partial_feed,no quote success; mark heuristic and quote_failed
6qz7THwQvcjF3HyDGLuKaLBUk6EyJKeZXZMWLAeiwfjd,500,1h,optimistic,0.25,6.3e-05,0.5,0.15588,-0.655817,-0.1312,False,0.3,True,expanded_partial_feed,no quote success; mark heuristic and quote_failed
6qz7THwQvcjF3HyDGLuKaLBUk6EyJKeZXZMWLAeiwfjd,500,1h,realistic,0.25,6.3e-05,2.5,0.15588,-2.655817,-0.5312,False,0.3,True,expanded_partial_feed,no quote success; mark heuristic and quote_failed
6qz7THwQvcjF3HyDGLuKaLBUk6EyJKeZXZMWLAeiwfjd,500,1h,conservative,0.25,6.3e-05,10,0.15588,-10.155817,-2.0312,False,0.3,True,expanded_partial_feed,no quote success; mark heuristic and quote_failed
6qz7THwQvcjF3HyDGLuKaLBUk6EyJKeZXZMWLAeiwfjd,500,2h,zero_il_lvr,0.25,6.3e-05,0,0.15588,-0.155817,-0.0312,False,0.3,True,expanded_partial_feed,no quote success; mark heuristic and quote_failed
6qz7THwQvcjF3HyDGLuKaLBUk6EyJKeZXZMWLAeiwfjd,500,2h,optimistic,0.25,6.3e-05,0.5,0.15588,-0.655817,-0.1312,False,0.3,True,expanded_partial_feed,no quote success; mark heuristic and quote_failed
6qz7THwQvcjF3HyDGLuKaLBUk6EyJKeZXZMWLAeiwfjd,500,2h,realistic,0.25,6.3e-05,2.5,0.15588,-2.655817,-0.5312,False,0.3,True,expanded_partial_feed,no quote success; mark heuristic and quote_failed
6qz7THwQvcjF3HyDGLuKaLBUk6EyJKeZXZMWLAeiwfjd,500,2h,conservative,0.25,6.3e-05,10,0.15588,-10.155817,-2.0312,False,0.3,True,expanded_partial_feed,no quote success; mark heuristic and quote_failed
6qz7THwQvcjF3HyDGLuKaLBUk6EyJKeZXZMWLAeiwfjd,500,6h,zero_il_lvr,0.25,6.3e-05,0,0.15588,-0.155817,-0.0312,False,0.3,True,expanded_partial_feed,no quote success; mark heuristic and quote_failed
6qz7THwQvcjF3HyDGLuKaLBUk6EyJKeZXZMWLAeiwfjd,500,6h,optimistic,0.25,6.3e-05,0.5,0.15588,-0.655817,-0.1312,False,0.3,True,expanded_partial_feed,no quote success; mark heuristic and quote_failed
6qz7THwQvcjF3HyDGLuKaLBUk6EyJKeZXZMWLAeiwfjd,500,6h,realistic,0.25,6.3e-05,2.5,0.15588,-2.655817,-0.5312,False,0.3,True,expanded_partial_feed,no quote success; mark heuristic and quote_failed
6qz7THwQvcjF3HyDGLuKaLBUk6EyJKeZXZMWLAeiwfjd,500,6h,conservative,0.25,6.3e-05,10,0.15588,-10.155817,-2.0312,False,0.3,True,expanded_partial_feed,no quote success; mark heuristic and quote_failed
6qz7THwQvcjF3HyDGLuKaLBUk6EyJKeZXZMWLAeiwfjd,500,24h,zero_il_lvr,0.25,6.3e-05,0,0.15588,-0.155817,-0.0312,False,0.3,True,expanded_partial_feed,no quote success; mark heuristic and quote_failed
6qz7THwQvcjF3HyDGLuKaLBUk6EyJKeZXZMWLAeiwfjd,500,24h,optimistic,0.25,6.3e-05,0.5,0.15588,-0.655817,-0.1312,False,0.3,True,expanded_partial_feed,no quote success; mark heuristic and quote_failed
6qz7THwQvcjF3HyDGLuKaLBUk6EyJKeZXZMWLAeiwfjd,500,24h,realistic,0.25,6.3e-05,2.5,0.15588,-2.655817,-0.5312,False,0.3,True,expanded_partial_feed,no quote success; mark heuristic and quote_failed
6qz7THwQvcjF3HyDGLuKaLBUk6EyJKeZXZMWLAeiwfjd,500,24h,conservative,0.25,6.3e-05,10,0.15588,-10.155817,-2.0312,False,0.3,True,expanded_partial_feed,no quote success; mark heuristic and quote_failed
6qz7THwQvcjF3HyDGLuKaLBUk6EyJKeZXZMWLAeiwfjd,500,7d,zero_il_lvr,0.25,6.3e-05,0,0.15588,-0.155817,-0.0312,False,0.3,True,expanded_partial_feed,no quote success; mark heuristic and quote_failed
6qz7THwQvcjF3HyDGLuKaLBUk6EyJKeZXZMWLAeiwfjd,500,7d,optimistic,0.25,6.3e-05,0.5,0.15588,-0.655817,-0.1312,False,0.3,True,expanded_partial_feed,no quote success; mark heuristic and quote_failed
6qz7THwQvcjF3HyDGLuKaLBUk6EyJKeZXZMWLAeiwfjd,500,7d,realistic,0.25,6.3e-05,2.5,0.15588,-2.655817,-0.5312,False,0.3,True,expanded_partial_feed,no quote success; mark heuristic and quote_failed
6qz7THwQvcjF3HyDGLuKaLBUk6EyJKeZXZMWLAeiwfjd,500,7d,conservative,0.25,6.3e-05,10,0.15588,-10.155817,-2.0312,False,0.3,True,expanded_partial_feed,no quote success; mark heuristic and quote_failed
6qz7THwQvcjF3HyDGLuKaLBUk6EyJKeZXZMWLAeiwfjd,1000,15m,zero_il_lvr,0.25,0.000125,0,0.15588,-0.155755,-0.0156,False,0.3,True,expanded_partial_feed,no quote success; mark heuristic and quote_failed
6qz7THwQvcjF3HyDGLuKaLBUk6EyJKeZXZMWLAeiwfjd,1000,15m,optimistic,0.25,0.000125,1,0.15588,-1.155755,-0.1156,False,0.3,True,expanded_partial_feed,no quote success; mark heuristic and quote_failed
6qz7THwQvcjF3HyDGLuKaLBUk6EyJKeZXZMWLAeiwfjd,1000,15m,realistic,0.25,0.000125,5,0.15588,-5.155755,-0.5156,False,0.3,True,expanded_partial_feed,no quote success; mark heuristic and quote_failed
6qz7THwQvcjF3HyDGLuKaLBUk6EyJKeZXZMWLAeiwfjd,1000,15m,conservative,0.25,0.000125,20,0.15588,-20.155755,-2.0156,False,0.3,True,expanded_partial_feed,no quote success; mark heuristic and quote_failed
6qz7THwQvcjF3HyDGLuKaLBUk6EyJKeZXZMWLAeiwfjd,1000,30m,zero_il_lvr,0.25,0.000125,0,0.15588,-0.155755,-0.0156,False,0.3,True,expanded_partial_feed,no quote success; mark heuristic and quote_failed
6qz7THwQvcjF3HyDGLuKaLBUk6EyJKeZXZMWLAeiwfjd,1000,30m,optimistic,0.25,0.000125,1,0.15588,-1.155755,-0.1156,False,0.3,True,expanded_partial_feed,no quote success; mark heuristic and quote_failed
6qz7THwQvcjF3HyDGLuKaLBUk6EyJKeZXZMWLAeiwfjd,1000,30m,realistic,0.25,0.000125,5,0.15588,-5.155755,-0.5156,False,0.3,True,expanded_partial_feed,no quote success; mark heuristic and quote_failed
6qz7THwQvcjF3HyDGLuKaLBUk6EyJKeZXZMWLAeiwfjd,1000,30m,conservative,0.25,0.000125,20,0.15588,-20.155755,-2.0156,False,0.3,True,expanded_partial_feed,no quote success; mark heuristic and quote_failed
6qz7THwQvcjF3HyDGLuKaLBUk6EyJKeZXZMWLAeiwfjd,1000,1h,zero_il_lvr,0.25,0.000125,0,0.15588,-0.155755,-0.0156,False,0.3,True,expanded_partial_feed,no quote success; mark heuristic and quote_failed
6qz7THwQvcjF3HyDGLuKaLBUk6EyJKeZXZMWLAeiwfjd,1000,1h,optimistic,0.25,0.000125,1,0.15588,-1.155755,-0.1156,False,0.3,True,expanded_partial_feed,no quote success; mark heuristic and quote_failed
6qz7THwQvcjF3HyDGLuKaLBUk6EyJKeZXZMWLAeiwfjd,1000,1h,realistic,0.25,0.000125,5,0.15588,-5.155755,-0.5156,False,0.3,True,expanded_partial_feed,no quote success; mark heuristic and quote_failed
6qz7THwQvcjF3HyDGLuKaLBUk6EyJKeZXZMWLAeiwfjd,1000,1h,conservative,0.25,0.000125,20,0.15588,-20.155755,-2.0156,False,0.3,True,expanded_partial_feed,no quote success; mark heuristic and quote_failed
6qz7THwQvcjF3HyDGLuKaLBUk6EyJKeZXZMWLAeiwfjd,1000,2h,zero_il_lvr,0.25,0.000125,0,0.15588,-0.155755,-0.0156,False,0.3,True,expanded_partial_feed,no quote success; mark heuristic and quote_failed
6qz7THwQvcjF3HyDGLuKaLBUk6EyJKeZXZMWLAeiwfjd,1000,2h,optimistic,0.25,0.000125,1,0.15588,-1.155755,-0.1156,False,0.3,True,expanded_partial_feed,no quote success; mark heuristic and quote_failed
6qz7THwQvcjF3HyDGLuKaLBUk6EyJKeZXZMWLAeiwfjd,1000,2h,realistic,0.25,0.000125,5,0.15588,-5.155755,-0.5156,False,0.3,True,expanded_partial_feed,no quote success; mark heuristic and quote_failed
6qz7THwQvcjF3HyDGLuKaLBUk6EyJKeZXZMWLAeiwfjd,1000,2h,conservative,0.25,0.000125,20,0.15588,-20.155755,-2.0156,False,0.3,True,expanded_partial_feed,no quote success; mark heuristic and quote_failed
6qz7THwQvcjF3HyDGLuKaLBUk6EyJKeZXZMWLAeiwfjd,1000,6h,zero_il_lvr,0.25,0.000125,0,0.15588,-0.155755,-0.0156,False,0.3,True,expanded_partial_feed,no quote success; mark heuristic and quote_failed
6qz7THwQvcjF3HyDGLuKaLBUk6EyJKeZXZMWLAeiwfjd,1000,6h,optimistic,0.25,0.000125,1,0.15588,-1.155755,-0.1156,False,0.3,True,expanded_partial_feed,no quote success; mark heuristic and quote_failed
6qz7THwQvcjF3HyDGLuKaLBUk6EyJKeZXZMWLAeiwfjd,1000,6h,realistic,0.25,0.000125,5,0.15588,-5.155755,-0.5156,False,0.3,True,expanded_partial_feed,no quote success; mark heuristic and quote_failed
6qz7THwQvcjF3HyDGLuKaLBUk6EyJKeZXZMWLAeiwfjd,1000,6h,conservative,0.25,0.000125,20,0.15588,-20.155755,-2.0156,False,0.3,True,expanded_partial_feed,no quote success; mark heuristic and quote_failed
6qz7THwQvcjF3HyDGLuKaLBUk6EyJKeZXZMWLAeiwfjd,1000,24h,zero_il_lvr,0.25,0.000125,0,0.15588,-0.155755,-0.0156,False,0.3,True,expanded_partial_feed,no quote success; mark heuristic and quote_failed
6qz7THwQvcjF3HyDGLuKaLBUk6EyJKeZXZMWLAeiwfjd,1000,24h,optimistic,0.25,0.000125,1,0.15588,-1.155755,-0.1156,False,0.3,True,expanded_partial_feed,no quote success; mark heuristic and quote_failed
6qz7THwQvcjF3HyDGLuKaLBUk6EyJKeZXZMWLAeiwfjd,1000,24h,realistic,0.25,0.000125,5,0.15588,-5.155755,-0.5156,False,0.3,True,expanded_partial_feed,no quote success; mark heuristic and quote_failed
6qz7THwQvcjF3HyDGLuKaLBUk6EyJKeZXZMWLAeiwfjd,1000,24h,conservative,0.25,0.000125,20,0.15588,-20.155755,-2.0156,False,0.3,True,expanded_partial_feed,no quote success; mark heuristic and quote_failed
6qz7THwQvcjF3HyDGLuKaLBUk6EyJKeZXZMWLAeiwfjd,1000,7d,zero_il_lvr,0.25,0.000125,0,0.15588,-0.155755,-0.0156,False,0.3,True,expanded_partial_feed,no quote success; mark heuristic and quote_failed
6qz7THwQvcjF3HyDGLuKaLBUk6EyJKeZXZMWLAeiwfjd,1000,7d,optimistic,0.25,0.000125,1,0.15588,-1.155755,-0.1156,False,0.3,True,expanded_partial_feed,no quote success; mark heuristic and quote_failed
6qz7THwQvcjF3HyDGLuKaLBUk6EyJKeZXZMWLAeiwfjd,1000,7d,realistic,0.25,0.000125,5,0.15588,-5.155755,-0.5156,False,0.3,True,expanded_partial_feed,no quote success; mark heuristic and quote_failed
6qz7THwQvcjF3HyDGLuKaLBUk6EyJKeZXZMWLAeiwfjd,1000,7d,conservative,0.25,0.000125,20,0.15588,-20.155755,-2.0156,False,0.3,True,expanded_partial_feed,no quote success; mark heuristic and quote_failed
6qz7THwQvcjF3HyDGLuKaLBUk6EyJKeZXZMWLAeiwfjd,2000,15m,zero_il_lvr,0.25,0.00025,0,0.15588,-0.15563,-0.0078,False,0.3,True,expanded_partial_feed,no quote success; mark heuristic and quote_failed
6qz7THwQvcjF3HyDGLuKaLBUk6EyJKeZXZMWLAeiwfjd,2000,15m,optimistic,0.25,0.00025,2,0.15588,-2.15563,-0.1078,False,0.3,True,expanded_partial_feed,no quote success; mark heuristic and quote_failed
6qz7THwQvcjF3HyDGLuKaLBUk6EyJKeZXZMWLAeiwfjd,2000,15m,realistic,0.25,0.00025,10,0.15588,-10.15563,-0.5078,False,0.3,True,expanded_partial_feed,no quote success; mark heuristic and quote_failed
6qz7THwQvcjF3HyDGLuKaLBUk6EyJKeZXZMWLAeiwfjd,2000,15m,conservative,0.25,0.00025,40,0.15588,-40.15563,-2.0078,False,0.3,True,expanded_partial_feed,no quote success; mark heuristic and quote_failed
6qz7THwQvcjF3HyDGLuKaLBUk6EyJKeZXZMWLAeiwfjd,2000,30m,zero_il_lvr,0.25,0.00025,0,0.15588,-0.15563,-0.0078,False,0.3,True,expanded_partial_feed,no quote success; mark heuristic and quote_failed
6qz7THwQvcjF3HyDGLuKaLBUk6EyJKeZXZMWLAeiwfjd,2000,30m,optimistic,0.25,0.00025,2,0.15588,-2.15563,-0.1078,False,0.3,True,expanded_partial_feed,no quote success; mark heuristic and quote_failed
6qz7THwQvcjF3HyDGLuKaLBUk6EyJKeZXZMWLAeiwfjd,2000,30m,realistic,0.25,0.00025,10,0.15588,-10.15563,-0.5078,False,0.3,True,expanded_partial_feed,no quote success; mark heuristic and quote_failed
6qz7THwQvcjF3HyDGLuKaLBUk6EyJKeZXZMWLAeiwfjd,2000,30m,conservative,0.25,0.00025,40,0.15588,-40.15563,-2.0078,False,0.3,True,expanded_partial_feed,no quote success; mark heuristic and quote_failed
6qz7THwQvcjF3HyDGLuKaLBUk6EyJKeZXZMWLAeiwfjd,2000,1h,zero_il_lvr,0.25,0.00025,0,0.15588,-0.15563,-0.0078,False,0.3,True,expanded_partial_feed,no quote success; mark heuristic and quote_failed
6qz7THwQvcjF3HyDGLuKaLBUk6EyJKeZXZMWLAeiwfjd,2000,1h,optimistic,0.25,0.00025,2,0.15588,-2.15563,-0.1078,False,0.3,True,expanded_partial_feed,no quote success; mark heuristic and quote_failed
6qz7THwQvcjF3HyDGLuKaLBUk6EyJKeZXZMWLAeiwfjd,2000,1h,realistic,0.25,0.00025,10,0.15588,-10.15563,-0.5078,False,0.3,True,expanded_partial_feed,no quote success; mark heuristic and quote_failed
6qz7THwQvcjF3HyDGLuKaLBUk6EyJKeZXZMWLAeiwfjd,2000,1h,conservative,0.25,0.00025,40,0.15588,-40.15563,-2.0078,False,0.3,True,expanded_partial_feed,no quote success; mark heuristic and quote_failed
6qz7THwQvcjF3HyDGLuKaLBUk6EyJKeZXZMWLAeiwfjd,2000,2h,zero_il_lvr,0.25,0.00025,0,0.15588,-0.15563,-0.0078,False,0.3,True,expanded_partial_feed,no quote success; mark heuristic and quote_failed
6qz7THwQvcjF3HyDGLuKaLBUk6EyJKeZXZMWLAeiwfjd,2000,2h,optimistic,0.25,0.00025,2,0.15588,-2.15563,-0.1078,False,0.3,True,expanded_partial_feed,no quote success; mark heuristic and quote_failed
6qz7THwQvcjF3HyDGLuKaLBUk6EyJKeZXZMWLAeiwfjd,2000,2h,realistic,0.25,0.00025,10,0.15588,-10.15563,-0.5078,False,0.3,True,expanded_partial_feed,no quote success; mark heuristic and quote_failed
6qz7THwQvcjF3HyDGLuKaLBUk6EyJKeZXZMWLAeiwfjd,2000,2h,conservative,0.25,0.00025,40,0.15588,-40.15563,-2.0078,False,0.3,True,expanded_partial_feed,no quote success; mark heuristic and quote_failed
6qz7THwQvcjF3HyDGLuKaLBUk6EyJKeZXZMWLAeiwfjd,2000,6h,zero_il_lvr,0.25,0.00025,0,0.15588,-0.15563,-0.0078,False,0.3,True,expanded_partial_feed,no quote success; mark heuristic and quote_failed
6qz7THwQvcjF3HyDGLuKaLBUk6EyJKeZXZMWLAeiwfjd,2000,6h,optimistic,0.25,0.00025,2,0.15588,-2.15563,-0.1078,False,0.3,True,expanded_partial_feed,no quote success; mark heuristic and quote_failed
6qz7THwQvcjF3HyDGLuKaLBUk6EyJKeZXZMWLAeiwfjd,2000,6h,realistic,0.25,0.00025,10,0.15588,-10.15563,-0.5078,False,0.3,True,expanded_partial_feed,no quote success; mark heuristic and quote_failed
6qz7THwQvcjF3HyDGLuKaLBUk6EyJKeZXZMWLAeiwfjd,2000,6h,conservative,0.25,0.00025,40,0.15588,-40.15563,-2.0078,False,0.3,True,expanded_partial_feed,no quote success; mark heuristic and quote_failed
6qz7THwQvcjF3HyDGLuKaLBUk6EyJKeZXZMWLAeiwfjd,2000,24h,zero_il_lvr,0.25,0.00025,0,0.15588,-0.15563,-0.0078,False,0.3,True,expanded_partial_feed,no quote success; mark heuristic and quote_failed
6qz7THwQvcjF3HyDGLuKaLBUk6EyJKeZXZMWLAeiwfjd,2000,24h,optimistic,0.25,0.00025,2,0.15588,-2.15563,-0.1078,False,0.3,True,expanded_partial_feed,no quote success; mark heuristic and quote_failed
6qz7THwQvcjF3HyDGLuKaLBUk6EyJKeZXZMWLAeiwfjd,2000,24h,realistic,0.25,0.00025,10,0.15588,-10.15563,-0.5078,False,0.3,True,expanded_partial_feed,no quote success; mark heuristic and quote_failed
6qz7THwQvcjF3HyDGLuKaLBUk6EyJKeZXZMWLAeiwfjd,2000,24h,conservative,0.25,0.00025,40,0.15588,-40.15563,-2.0078,False,0.3,True,expanded_partial_feed,no quote success; mark heuristic and quote_failed
6qz7THwQvcjF3HyDGLuKaLBUk6EyJKeZXZMWLAeiwfjd,2000,7d,zero_il_lvr,0.25,0.00025,0,0.15588,-0.15563,-0.0078,False,0.3,True,expanded_partial_feed,no quote success; mark heuristic and quote_failed
6qz7THwQvcjF3HyDGLuKaLBUk6EyJKeZXZMWLAeiwfjd,2000,7d,optimistic,0.25,0.00025,2,0.15588,-2.15563,-0.1078,False,0.3,True,expanded_partial_feed,no quote success; mark heuristic and quote_failed
6qz7THwQvcjF3HyDGLuKaLBUk6EyJKeZXZMWLAeiwfjd,2000,7d,realistic,0.25,0.00025,10,0.15588,-10.15563,-0.5078,False,0.3,True,expanded_partial_feed,no quote success; mark heuristic and quote_failed
6qz7THwQvcjF3HyDGLuKaLBUk6EyJKeZXZMWLAeiwfjd,2000,7d,conservative,0.25,0.00025,40,0.15588,-40.15563,-2.0078,False,0.3,True,expanded_partial_feed,no quote success; mark heuristic and quote_failed
CnK82s8exdsK9nwqQ55kd9wcxoA22NwTchZJCBdu8LDa,10,15m,zero_il_lvr,1,5e-06,0,0.15588,-0.155875,-1.5587,False,0.3,True,expanded_partial_feed,no quote success; mark heuristic and quote_failed
CnK82s8exdsK9nwqQ55kd9wcxoA22NwTchZJCBdu8LDa,10,15m,optimistic,1,5e-06,0.01,0.15588,-0.165875,-1.6587,False,0.3,True,expanded_partial_feed,no quote success; mark heuristic and quote_failed
CnK82s8exdsK9nwqQ55kd9wcxoA22NwTchZJCBdu8LDa,10,15m,realistic,1,5e-06,0.05,0.15588,-0.205875,-2.0587,False,0.3,True,expanded_partial_feed,no quote success; mark heuristic and quote_failed
CnK82s8exdsK9nwqQ55kd9wcxoA22NwTchZJCBdu8LDa,10,15m,conservative,1,5e-06,0.2,0.15588,-0.355875,-3.5587,False,0.3,True,expanded_partial_feed,no quote success; mark heuristic and quote_failed
CnK82s8exdsK9nwqQ55kd9wcxoA22NwTchZJCBdu8LDa,10,30m,zero_il_lvr,1,5e-06,0,0.15588,-0.155875,-1.5587,False,0.3,True,expanded_partial_feed,no quote success; mark heuristic and quote_failed
CnK82s8exdsK9nwqQ55kd9wcxoA22NwTchZJCBdu8LDa,10,30m,optimistic,1,5e-06,0.01,0.15588,-0.165875,-1.6587,False,0.3,True,expanded_partial_feed,no quote success; mark heuristic and quote_failed
CnK82s8exdsK9nwqQ55kd9wcxoA22NwTchZJCBdu8LDa,10,30m,realistic,1,5e-06,0.05,0.15588,-0.205875,-2.0587,False,0.3,True,expanded_partial_feed,no quote success; mark heuristic and quote_failed
CnK82s8exdsK9nwqQ55kd9wcxoA22NwTchZJCBdu8LDa,10,30m,conservative,1,5e-06,0.2,0.15588,-0.355875,-3.5587,False,0.3,True,expanded_partial_feed,no quote success; mark heuristic and quote_failed
CnK82s8exdsK9nwqQ55kd9wcxoA22NwTchZJCBdu8LDa,10,1h,zero_il_lvr,1,5e-06,0,0.15588,-0.155875,-1.5587,False,0.3,True,expanded_partial_feed,no quote success; mark heuristic and quote_failed
CnK82s8exdsK9nwqQ55kd9wcxoA22NwTchZJCBdu8LDa,10,1h,optimistic,1,5e-06,0.01,0.15588,-0.165875,-1.6587,False,0.3,True,expanded_partial_feed,no quote success; mark heuristic and quote_failed
CnK82s8exdsK9nwqQ55kd9wcxoA22NwTchZJCBdu8LDa,10,1h,realistic,1,5e-06,0.05,0.15588,-0.205875,-2.0587,False,0.3,True,expanded_partial_feed,no quote success; mark heuristic and quote_failed
CnK82s8exdsK9nwqQ55kd9wcxoA22NwTchZJCBdu8LDa,10,1h,conservative,1,5e-06,0.2,0.15588,-0.355875,-3.5587,False,0.3,True,expanded_partial_feed,no quote success; mark heuristic and quote_failed
CnK82s8exdsK9nwqQ55kd9wcxoA22NwTchZJCBdu8LDa,10,2h,zero_il_lvr,1,5e-06,0,0.15588,-0.155875,-1.5587,False,0.3,True,expanded_partial_feed,no quote success; mark heuristic and quote_failed
CnK82s8exdsK9nwqQ55kd9wcxoA22NwTchZJCBdu8LDa,10,2h,optimistic,1,5e-06,0.01,0.15588,-0.165875,-1.6587,False,0.3,True,expanded_partial_feed,no quote success; mark heuristic and quote_failed
CnK82s8exdsK9nwqQ55kd9wcxoA22NwTchZJCBdu8LDa,10,2h,realistic,1,5e-06,0.05,0.15588,-0.205875,-2.0587,False,0.3,True,expanded_partial_feed,no quote success; mark heuristic and quote_failed
CnK82s8exdsK9nwqQ55kd9wcxoA22NwTchZJCBdu8LDa,10,2h,conservative,1,5e-06,0.2,0.15588,-0.355875,-3.5587,False,0.3,True,expanded_partial_feed,no quote success; mark heuristic and quote_failed
CnK82s8exdsK9nwqQ55kd9wcxoA22NwTchZJCBdu8LDa,10,6h,zero_il_lvr,1,5e-06,0,0.15588,-0.155875,-1.5587,False,0.3,True,expanded_partial_feed,no quote success; mark heuristic and quote_failed
CnK82s8exdsK9nwqQ55kd9wcxoA22NwTchZJCBdu8LDa,10,6h,optimistic,1,5e-06,0.01,0.15588,-0.165875,-1.6587,False,0.3,True,expanded_partial_feed,no quote success; mark heuristic and quote_failed
CnK82s8exdsK9nwqQ55kd9wcxoA22NwTchZJCBdu8LDa,10,6h,realistic,1,5e-06,0.05,0.15588,-0.205875,-2.0587,False,0.3,True,expanded_partial_feed,no quote success; mark heuristic and quote_failed
CnK82s8exdsK9nwqQ55kd9wcxoA22NwTchZJCBdu8LDa,10,6h,conservative,1,5e-06,0.2,0.15588,-0.355875,-3.5587,False,0.3,True,expanded_partial_feed,no quote success; mark heuristic and quote_failed
CnK82s8exdsK9nwqQ55kd9wcxoA22NwTchZJCBdu8LDa,10,24h,zero_il_lvr,1,5e-06,0,0.15588,-0.155875,-1.5587,False,0.3,True,expanded_partial_feed,no quote success; mark heuristic and quote_failed
CnK82s8exdsK9nwqQ55kd9wcxoA22NwTchZJCBdu8LDa,10,24h,optimistic,1,5e-06,0.01,0.15588,-0.165875,-1.6587,False,0.3,True,expanded_partial_feed,no quote success; mark heuristic and quote_failed
CnK82s8exdsK9nwqQ55kd9wcxoA22NwTchZJCBdu8LDa,10,24h,realistic,1,5e-06,0.05,0.15588,-0.205875,-2.0587,False,0.3,True,expanded_partial_feed,no quote success; mark heuristic and quote_failed
CnK82s8exdsK9nwqQ55kd9wcxoA22NwTchZJCBdu8LDa,10,24h,conservative,1,5e-06,0.2,0.15588,-0.355875,-3.5587,False,0.3,True,expanded_partial_feed,no quote success; mark heuristic and quote_failed
CnK82s8exdsK9nwqQ55kd9wcxoA22NwTchZJCBdu8LDa,10,7d,zero_il_lvr,1,5e-06,0,0.15588,-0.155875,-1.5587,False,0.3,True,expanded_partial_feed,no quote success; mark heuristic and quote_failed
CnK82s8exdsK9nwqQ55kd9wcxoA22NwTchZJCBdu8LDa,10,7d,optimistic,1,5e-06,0.01,0.15588,-0.165875,-1.6587,False,0.3,True,expanded_partial_feed,no quote success; mark heuristic and quote_failed
CnK82s8exdsK9nwqQ55kd9wcxoA22NwTchZJCBdu8LDa,10,7d,realistic,1,5e-06,0.05,0.15588,-0.205875,-2.0587,False,0.3,True,expanded_partial_feed,no quote success; mark heuristic and quote_failed
CnK82s8exdsK9nwqQ55kd9wcxoA22NwTchZJCBdu8LDa,10,7d,conservative,1,5e-06,0.2,0.15588,-0.355875,-3.5587,False,0.3,True,expanded_partial_feed,no quote success; mark heuristic and quote_failed
CnK82s8exdsK9nwqQ55kd9wcxoA22NwTchZJCBdu8LDa,20,15m,zero_il_lvr,1,1e-05,0,0.15588,-0.15587,-0.7793,False,0.3,True,expanded_partial_feed,no quote success; mark heuristic and quote_failed
CnK82s8exdsK9nwqQ55kd9wcxoA22NwTchZJCBdu8LDa,20,15m,optimistic,1,1e-05,0.02,0.15588,-0.17587,-0.8793,False,0.3,True,expanded_partial_feed,no quote success; mark heuristic and quote_failed
CnK82s8exdsK9nwqQ55kd9wcxoA22NwTchZJCBdu8LDa,20,15m,realistic,1,1e-05,0.1,0.15588,-0.25587,-1.2793,False,0.3,True,expanded_partial_feed,no quote success; mark heuristic and quote_failed
CnK82s8exdsK9nwqQ55kd9wcxoA22NwTchZJCBdu8LDa,20,15m,conservative,1,1e-05,0.4,0.15588,-0.55587,-2.7793,False,0.3,True,expanded_partial_feed,no quote success; mark heuristic and quote_failed
CnK82s8exdsK9nwqQ55kd9wcxoA22NwTchZJCBdu8LDa,20,30m,zero_il_lvr,1,1e-05,0,0.15588,-0.15587,-0.7793,False,0.3,True,expanded_partial_feed,no quote success; mark heuristic and quote_failed
CnK82s8exdsK9nwqQ55kd9wcxoA22NwTchZJCBdu8LDa,20,30m,optimistic,1,1e-05,0.02,0.15588,-0.17587,-0.8793,False,0.3,True,expanded_partial_feed,no quote success; mark heuristic and quote_failed
CnK82s8exdsK9nwqQ55kd9wcxoA22NwTchZJCBdu8LDa,20,30m,realistic,1,1e-05,0.1,0.15588,-0.25587,-1.2793,False,0.3,True,expanded_partial_feed,no quote success; mark heuristic and quote_failed
CnK82s8exdsK9nwqQ55kd9wcxoA22NwTchZJCBdu8LDa,20,30m,conservative,1,1e-05,0.4,0.15588,-0.55587,-2.7793,False,0.3,True,expanded_partial_feed,no quote success; mark heuristic and quote_failed
CnK82s8exdsK9nwqQ55kd9wcxoA22NwTchZJCBdu8LDa,20,1h,zero_il_lvr,1,1e-05,0,0.15588,-0.15587,-0.7793,False,0.3,True,expanded_partial_feed,no quote success; mark heuristic and quote_failed
CnK82s8exdsK9nwqQ55kd9wcxoA22NwTchZJCBdu8LDa,20,1h,optimistic,1,1e-05,0.02,0.15588,-0.17587,-0.8793,False,0.3,True,expanded_partial_feed,no quote success; mark heuristic and quote_failed
CnK82s8exdsK9nwqQ55kd9wcxoA22NwTchZJCBdu8LDa,20,1h,realistic,1,1e-05,0.1,0.15588,-0.25587,-1.2793,False,0.3,True,expanded_partial_feed,no quote success; mark heuristic and quote_failed
CnK82s8exdsK9nwqQ55kd9wcxoA22NwTchZJCBdu8LDa,20,1h,conservative,1,1e-05,0.4,0.15588,-0.55587,-2.7793,False,0.3,True,expanded_partial_feed,no quote success; mark heuristic and quote_failed
CnK82s8exdsK9nwqQ55kd9wcxoA22NwTchZJCBdu8LDa,20,2h,zero_il_lvr,1,1e-05,0,0.15588,-0.15587,-0.7793,False,0.3,True,expanded_partial_feed,no quote success; mark heuristic and quote_failed
CnK82s8exdsK9nwqQ55kd9wcxoA22NwTchZJCBdu8LDa,20,2h,optimistic,1,1e-05,0.02,0.15588,-0.17587,-0.8793,False,0.3,True,expanded_partial_feed,no quote success; mark heuristic and quote_failed
CnK82s8exdsK9nwqQ55kd9wcxoA22NwTchZJCBdu8LDa,20,2h,realistic,1,1e-05,0.1,0.15588,-0.25587,-1.2793,False,0.3,True,expanded_partial_feed,no quote success; mark heuristic and quote_failed
CnK82s8exdsK9nwqQ55kd9wcxoA22NwTchZJCBdu8LDa,20,2h,conservative,1,1e-05,0.4,0.15588,-0.55587,-2.7793,False,0.3,True,expanded_partial_feed,no quote success; mark heuristic and quote_failed
CnK82s8exdsK9nwqQ55kd9wcxoA22NwTchZJCBdu8LDa,20,6h,zero_il_lvr,1,1e-05,0,0.15588,-0.15587,-0.7793,False,0.3,True,expanded_partial_feed,no quote success; mark heuristic and quote_failed
CnK82s8exdsK9nwqQ55kd9wcxoA22NwTchZJCBdu8LDa,20,6h,optimistic,1,1e-05,0.02,0.15588,-0.17587,-0.8793,False,0.3,True,expanded_partial_feed,no quote success; mark heuristic and quote_failed
CnK82s8exdsK9nwqQ55kd9wcxoA22NwTchZJCBdu8LDa,20,6h,realistic,1,1e-05,0.1,0.15588,-0.25587,-1.2793,False,0.3,True,expanded_partial_feed,no quote success; mark heuristic and quote_failed
CnK82s8exdsK9nwqQ55kd9wcxoA22NwTchZJCBdu8LDa,20,6h,conservative,1,1e-05,0.4,0.15588,-0.55587,-2.7793,False,0.3,True,expanded_partial_feed,no quote success; mark heuristic and quote_failed
CnK82s8exdsK9nwqQ55kd9wcxoA22NwTchZJCBdu8LDa,20,24h,zero_il_lvr,1,1e-05,0,0.15588,-0.15587,-0.7793,False,0.3,True,expanded_partial_feed,no quote success; mark heuristic and quote_failed
CnK82s8exdsK9nwqQ55kd9wcxoA22NwTchZJCBdu8LDa,20,24h,optimistic,1,1e-05,0.02,0.15588,-0.17587,-0.8793,False,0.3,True,expanded_partial_feed,no quote success; mark heuristic and quote_failed
CnK82s8exdsK9nwqQ55kd9wcxoA22NwTchZJCBdu8LDa,20,24h,realistic,1,1e-05,0.1,0.15588,-0.25587,-1.2793,False,0.3,True,expanded_partial_feed,no quote success; mark heuristic and quote_failed
CnK82s8exdsK9nwqQ55kd9wcxoA22NwTchZJCBdu8LDa,20,24h,conservative,1,1e-05,0.4,0.15588,-0.55587,-2.7793,False,0.3,True,expanded_partial_feed,no quote success; mark heuristic and quote_failed
CnK82s8exdsK9nwqQ55kd9wcxoA22NwTchZJCBdu8LDa,20,7d,zero_il_lvr,1,1e-05,0,0.15588,-0.15587,-0.7793,False,0.3,True,expanded_partial_feed,no quote success; mark heuristic and quote_failed
CnK82s8exdsK9nwqQ55kd9wcxoA22NwTchZJCBdu8LDa,20,7d,optimistic,1,1e-05,0.02,0.15588,-0.17587,-0.8793,False,0.3,True,expanded_partial_feed,no quote success; mark heuristic and quote_failed
CnK82s8exdsK9nwqQ55kd9wcxoA22NwTchZJCBdu8LDa,20,7d,realistic,1,1e-05,0.1,0.15588,-0.25587,-1.2793,False,0.3,True,expanded_partial_feed,no quote success; mark heuristic and quote_failed
CnK82s8exdsK9nwqQ55kd9wcxoA22NwTchZJCBdu8LDa,20,7d,conservative,1,1e-05,0.4,0.15588,-0.55587,-2.7793,False,0.3,True,expanded_partial_feed,no quote success; mark heuristic and quote_failed
CnK82s8exdsK9nwqQ55kd9wcxoA22NwTchZJCBdu8LDa,100,15m,zero_il_lvr,1,5e-05,0,0.15588,-0.15583,-0.1558,False,0.3,True,expanded_partial_feed,no quote success; mark heuristic and quote_failed
CnK82s8exdsK9nwqQ55kd9wcxoA22NwTchZJCBdu8LDa,100,15m,optimistic,1,5e-05,0.1,0.15588,-0.25583,-0.2558,False,0.3,True,expanded_partial_feed,no quote success; mark heuristic and quote_failed
CnK82s8exdsK9nwqQ55kd9wcxoA22NwTchZJCBdu8LDa,100,15m,realistic,1,5e-05,0.5,0.15588,-0.65583,-0.6558,False,0.3,True,expanded_partial_feed,no quote success; mark heuristic and quote_failed
CnK82s8exdsK9nwqQ55kd9wcxoA22NwTchZJCBdu8LDa,100,15m,conservative,1,5e-05,2,0.15588,-2.15583,-2.1558,False,0.3,True,expanded_partial_feed,no quote success; mark heuristic and quote_failed
CnK82s8exdsK9nwqQ55kd9wcxoA22NwTchZJCBdu8LDa,100,30m,zero_il_lvr,1,5e-05,0,0.15588,-0.15583,-0.1558,False,0.3,True,expanded_partial_feed,no quote success; mark heuristic and quote_failed
CnK82s8exdsK9nwqQ55kd9wcxoA22NwTchZJCBdu8LDa,100,30m,optimistic,1,5e-05,0.1,0.15588,-0.25583,-0.2558,False,0.3,True,expanded_partial_feed,no quote success; mark heuristic and quote_failed
CnK82s8exdsK9nwqQ55kd9wcxoA22NwTchZJCBdu8LDa,100,30m,realistic,1,5e-05,0.5,0.15588,-0.65583,-0.6558,False,0.3,True,expanded_partial_feed,no quote success; mark heuristic and quote_failed
CnK82s8exdsK9nwqQ55kd9wcxoA22NwTchZJCBdu8LDa,100,30m,conservative,1,5e-05,2,0.15588,-2.15583,-2.1558,False,0.3,True,expanded_partial_feed,no quote success; mark heuristic and quote_failed
CnK82s8exdsK9nwqQ55kd9wcxoA22NwTchZJCBdu8LDa,100,1h,zero_il_lvr,1,5e-05,0,0.15588,-0.15583,-0.1558,False,0.3,True,expanded_partial_feed,no quote success; mark heuristic and quote_failed
CnK82s8exdsK9nwqQ55kd9wcxoA22NwTchZJCBdu8LDa,100,1h,optimistic,1,5e-05,0.1,0.15588,-0.25583,-0.2558,False,0.3,True,expanded_partial_feed,no quote success; mark heuristic and quote_failed
CnK82s8exdsK9nwqQ55kd9wcxoA22NwTchZJCBdu8LDa,100,1h,realistic,1,5e-05,0.5,0.15588,-0.65583,-0.6558,False,0.3,True,expanded_partial_feed,no quote success; mark heuristic and quote_failed
CnK82s8exdsK9nwqQ55kd9wcxoA22NwTchZJCBdu8LDa,100,1h,conservative,1,5e-05,2,0.15588,-2.15583,-2.1558,False,0.3,True,expanded_partial_feed,no quote success; mark heuristic and quote_failed
CnK82s8exdsK9nwqQ55kd9wcxoA22NwTchZJCBdu8LDa,100,2h,zero_il_lvr,1,5e-05,0,0.15588,-0.15583,-0.1558,False,0.3,True,expanded_partial_feed,no quote success; mark heuristic and quote_failed
CnK82s8exdsK9nwqQ55kd9wcxoA22NwTchZJCBdu8LDa,100,2h,optimistic,1,5e-05,0.1,0.15588,-0.25583,-0.2558,False,0.3,True,expanded_partial_feed,no quote success; mark heuristic and quote_failed
CnK82s8exdsK9nwqQ55kd9wcxoA22NwTchZJCBdu8LDa,100,2h,realistic,1,5e-05,0.5,0.15588,-0.65583,-0.6558,False,0.3,True,expanded_partial_feed,no quote success; mark heuristic and quote_failed
CnK82s8exdsK9nwqQ55kd9wcxoA22NwTchZJCBdu8LDa,100,2h,conservative,1,5e-05,2,0.15588,-2.15583,-2.1558,False,0.3,True,expanded_partial_feed,no quote success; mark heuristic and quote_failed
CnK82s8exdsK9nwqQ55kd9wcxoA22NwTchZJCBdu8LDa,100,6h,zero_il_lvr,1,5e-05,0,0.15588,-0.15583,-0.1558,False,0.3,True,expanded_partial_feed,no quote success; mark heuristic and quote_failed
CnK82s8exdsK9nwqQ55kd9wcxoA22NwTchZJCBdu8LDa,100,6h,optimistic,1,5e-05,0.1,0.15588,-0.25583,-0.2558,False,0.3,True,expanded_partial_feed,no quote success; mark heuristic and quote_failed
CnK82s8exdsK9nwqQ55kd9wcxoA22NwTchZJCBdu8LDa,100,6h,realistic,1,5e-05,0.5,0.15588,-0.65583,-0.6558,False,0.3,True,expanded_partial_feed,no quote success; mark heuristic and quote_failed
CnK82s8exdsK9nwqQ55kd9wcxoA22NwTchZJCBdu8LDa,100,6h,conservative,1,5e-05,2,0.15588,-2.15583,-2.1558,False,0.3,True,expanded_partial_feed,no quote success; mark heuristic and quote_failed
CnK82s8exdsK9nwqQ55kd9wcxoA22NwTchZJCBdu8LDa,100,24h,zero_il_lvr,1,5e-05,0,0.15588,-0.15583,-0.1558,False,0.3,True,expanded_partial_feed,no quote success; mark heuristic and quote_failed
CnK82s8exdsK9nwqQ55kd9wcxoA22NwTchZJCBdu8LDa,100,24h,optimistic,1,5e-05,0.1,0.15588,-0.25583,-0.2558,False,0.3,True,expanded_partial_feed,no quote success; mark heuristic and quote_failed
CnK82s8exdsK9nwqQ55kd9wcxoA22NwTchZJCBdu8LDa,100,24h,realistic,1,5e-05,0.5,0.15588,-0.65583,-0.6558,False,0.3,True,expanded_partial_feed,no quote success; mark heuristic and quote_failed
CnK82s8exdsK9nwqQ55kd9wcxoA22NwTchZJCBdu8LDa,100,24h,conservative,1,5e-05,2,0.15588,-2.15583,-2.1558,False,0.3,True,expanded_partial_feed,no quote success; mark heuristic and quote_failed
CnK82s8exdsK9nwqQ55kd9wcxoA22NwTchZJCBdu8LDa,100,7d,zero_il_lvr,1,5e-05,0,0.15588,-0.15583,-0.1558,False,0.3,True,expanded_partial_feed,no quote success; mark heuristic and quote_failed
CnK82s8exdsK9nwqQ55kd9wcxoA22NwTchZJCBdu8LDa,100,7d,optimistic,1,5e-05,0.1,0.15588,-0.25583,-0.2558,False,0.3,True,expanded_partial_feed,no quote success; mark heuristic and quote_failed
CnK82s8exdsK9nwqQ55kd9wcxoA22NwTchZJCBdu8LDa,100,7d,realistic,1,5e-05,0.5,0.15588,-0.65583,-0.6558,False,0.3,True,expanded_partial_feed,no quote success; mark heuristic and quote_failed
CnK82s8exdsK9nwqQ55kd9wcxoA22NwTchZJCBdu8LDa,100,7d,conservative,1,5e-05,2,0.15588,-2.15583,-2.1558,False,0.3,True,expanded_partial_feed,no quote success; mark heuristic and quote_failed
CnK82s8exdsK9nwqQ55kd9wcxoA22NwTchZJCBdu8LDa,500,15m,zero_il_lvr,1,0.00025,0,0.15588,-0.15563,-0.0311,False,0.3,True,expanded_partial_feed,no quote success; mark heuristic and quote_failed
CnK82s8exdsK9nwqQ55kd9wcxoA22NwTchZJCBdu8LDa,500,15m,optimistic,1,0.00025,0.5,0.15588,-0.65563,-0.1311,False,0.3,True,expanded_partial_feed,no quote success; mark heuristic and quote_failed
CnK82s8exdsK9nwqQ55kd9wcxoA22NwTchZJCBdu8LDa,500,15m,realistic,1,0.00025,2.5,0.15588,-2.65563,-0.5311,False,0.3,True,expanded_partial_feed,no quote success; mark heuristic and quote_failed
CnK82s8exdsK9nwqQ55kd9wcxoA22NwTchZJCBdu8LDa,500,15m,conservative,1,0.00025,10,0.15588,-10.15563,-2.0311,False,0.3,True,expanded_partial_feed,no quote success; mark heuristic and quote_failed
CnK82s8exdsK9nwqQ55kd9wcxoA22NwTchZJCBdu8LDa,500,30m,zero_il_lvr,1,0.00025,0,0.15588,-0.15563,-0.0311,False,0.3,True,expanded_partial_feed,no quote success; mark heuristic and quote_failed
CnK82s8exdsK9nwqQ55kd9wcxoA22NwTchZJCBdu8LDa,500,30m,optimistic,1,0.00025,0.5,0.15588,-0.65563,-0.1311,False,0.3,True,expanded_partial_feed,no quote success; mark heuristic and quote_failed
CnK82s8exdsK9nwqQ55kd9wcxoA22NwTchZJCBdu8LDa,500,30m,realistic,1,0.00025,2.5,0.15588,-2.65563,-0.5311,False,0.3,True,expanded_partial_feed,no quote success; mark heuristic and quote_failed
CnK82s8exdsK9nwqQ55kd9wcxoA22NwTchZJCBdu8LDa,500,30m,conservative,1,0.00025,10,0.15588,-10.15563,-2.0311,False,0.3,True,expanded_partial_feed,no quote success; mark heuristic and quote_failed
CnK82s8exdsK9nwqQ55kd9wcxoA22NwTchZJCBdu8LDa,500,1h,zero_il_lvr,1,0.00025,0,0.15588,-0.15563,-0.0311,False,0.3,True,expanded_partial_feed,no quote success; mark heuristic and quote_failed
CnK82s8exdsK9nwqQ55kd9wcxoA22NwTchZJCBdu8LDa,500,1h,optimistic,1,0.00025,0.5,0.15588,-0.65563,-0.1311,False,0.3,True,expanded_partial_feed,no quote success; mark heuristic and quote_failed
CnK82s8exdsK9nwqQ55kd9wcxoA22NwTchZJCBdu8LDa,500,1h,realistic,1,0.00025,2.5,0.15588,-2.65563,-0.5311,False,0.3,True,expanded_partial_feed,no quote success; mark heuristic and quote_failed
CnK82s8exdsK9nwqQ55kd9wcxoA22NwTchZJCBdu8LDa,500,1h,conservative,1,0.00025,10,0.15588,-10.15563,-2.0311,False,0.3,True,expanded_partial_feed,no quote success; mark heuristic and quote_failed
CnK82s8exdsK9nwqQ55kd9wcxoA22NwTchZJCBdu8LDa,500,2h,zero_il_lvr,1,0.00025,0,0.15588,-0.15563,-0.0311,False,0.3,True,expanded_partial_feed,no quote success; mark heuristic and quote_failed
CnK82s8exdsK9nwqQ55kd9wcxoA22NwTchZJCBdu8LDa,500,2h,optimistic,1,0.00025,0.5,0.15588,-0.65563,-0.1311,False,0.3,True,expanded_partial_feed,no quote success; mark heuristic and quote_failed
CnK82s8exdsK9nwqQ55kd9wcxoA22NwTchZJCBdu8LDa,500,2h,realistic,1,0.00025,2.5,0.15588,-2.65563,-0.5311,False,0.3,True,expanded_partial_feed,no quote success; mark heuristic and quote_failed
CnK82s8exdsK9nwqQ55kd9wcxoA22NwTchZJCBdu8LDa,500,2h,conservative,1,0.00025,10,0.15588,-10.15563,-2.0311,False,0.3,True,expanded_partial_feed,no quote success; mark heuristic and quote_failed
CnK82s8exdsK9nwqQ55kd9wcxoA22NwTchZJCBdu8LDa,500,6h,zero_il_lvr,1,0.00025,0,0.15588,-0.15563,-0.0311,False,0.3,True,expanded_partial_feed,no quote success; mark heuristic and quote_failed
CnK82s8exdsK9nwqQ55kd9wcxoA22NwTchZJCBdu8LDa,500,6h,optimistic,1,0.00025,0.5,0.15588,-0.65563,-0.1311,False,0.3,True,expanded_partial_feed,no quote success; mark heuristic and quote_failed
CnK82s8exdsK9nwqQ55kd9wcxoA22NwTchZJCBdu8LDa,500,6h,realistic,1,0.00025,2.5,0.15588,-2.65563,-0.5311,False,0.3,True,expanded_partial_feed,no quote success; mark heuristic and quote_failed
CnK82s8exdsK9nwqQ55kd9wcxoA22NwTchZJCBdu8LDa,500,6h,conservative,1,0.00025,10,0.15588,-10.15563,-2.0311,False,0.3,True,expanded_partial_feed,no quote success; mark heuristic and quote_failed
CnK82s8exdsK9nwqQ55kd9wcxoA22NwTchZJCBdu8LDa,500,24h,zero_il_lvr,1,0.00025,0,0.15588,-0.15563,-0.0311,False,0.3,True,expanded_partial_feed,no quote success; mark heuristic and quote_failed
CnK82s8exdsK9nwqQ55kd9wcxoA22NwTchZJCBdu8LDa,500,24h,optimistic,1,0.00025,0.5,0.15588,-0.65563,-0.1311,False,0.3,True,expanded_partial_feed,no quote success; mark heuristic and quote_failed
CnK82s8exdsK9nwqQ55kd9wcxoA22NwTchZJCBdu8LDa,500,24h,realistic,1,0.00025,2.5,0.15588,-2.65563,-0.5311,False,0.3,True,expanded_partial_feed,no quote success; mark heuristic and quote_failed
CnK82s8exdsK9nwqQ55kd9wcxoA22NwTchZJCBdu8LDa,500,24h,conservative,1,0.00025,10,0.15588,-10.15563,-2.0311,False,0.3,True,expanded_partial_feed,no quote success; mark heuristic and quote_failed
CnK82s8exdsK9nwqQ55kd9wcxoA22NwTchZJCBdu8LDa,500,7d,zero_il_lvr,1,0.00025,0,0.15588,-0.15563,-0.0311,False,0.3,True,expanded_partial_feed,no quote success; mark heuristic and quote_failed
CnK82s8exdsK9nwqQ55kd9wcxoA22NwTchZJCBdu8LDa,500,7d,optimistic,1,0.00025,0.5,0.15588,-0.65563,-0.1311,False,0.3,True,expanded_partial_feed,no quote success; mark heuristic and quote_failed
CnK82s8exdsK9nwqQ55kd9wcxoA22NwTchZJCBdu8LDa,500,7d,realistic,1,0.00025,2.5,0.15588,-2.65563,-0.5311,False,0.3,True,expanded_partial_feed,no quote success; mark heuristic and quote_failed
CnK82s8exdsK9nwqQ55kd9wcxoA22NwTchZJCBdu8LDa,500,7d,conservative,1,0.00025,10,0.15588,-10.15563,-2.0311,False,0.3,True,expanded_partial_feed,no quote success; mark heuristic and quote_failed
CnK82s8exdsK9nwqQ55kd9wcxoA22NwTchZJCBdu8LDa,1000,15m,zero_il_lvr,1,0.0005,0,0.15588,-0.15538,-0.0155,False,0.3,True,expanded_partial_feed,no quote success; mark heuristic and quote_failed
CnK82s8exdsK9nwqQ55kd9wcxoA22NwTchZJCBdu8LDa,1000,15m,optimistic,1,0.0005,1,0.15588,-1.15538,-0.1155,False,0.3,True,expanded_partial_feed,no quote success; mark heuristic and quote_failed
CnK82s8exdsK9nwqQ55kd9wcxoA22NwTchZJCBdu8LDa,1000,15m,realistic,1,0.0005,5,0.15588,-5.15538,-0.5155,False,0.3,True,expanded_partial_feed,no quote success; mark heuristic and quote_failed
CnK82s8exdsK9nwqQ55kd9wcxoA22NwTchZJCBdu8LDa,1000,15m,conservative,1,0.0005,20,0.15588,-20.15538,-2.0155,False,0.3,True,expanded_partial_feed,no quote success; mark heuristic and quote_failed
CnK82s8exdsK9nwqQ55kd9wcxoA22NwTchZJCBdu8LDa,1000,30m,zero_il_lvr,1,0.0005,0,0.15588,-0.15538,-0.0155,False,0.3,True,expanded_partial_feed,no quote success; mark heuristic and quote_failed
CnK82s8exdsK9nwqQ55kd9wcxoA22NwTchZJCBdu8LDa,1000,30m,optimistic,1,0.0005,1,0.15588,-1.15538,-0.1155,False,0.3,True,expanded_partial_feed,no quote success; mark heuristic and quote_failed
CnK82s8exdsK9nwqQ55kd9wcxoA22NwTchZJCBdu8LDa,1000,30m,realistic,1,0.0005,5,0.15588,-5.15538,-0.5155,False,0.3,True,expanded_partial_feed,no quote success; mark heuristic and quote_failed
CnK82s8exdsK9nwqQ55kd9wcxoA22NwTchZJCBdu8LDa,1000,30m,conservative,1,0.0005,20,0.15588,-20.15538,-2.0155,False,0.3,True,expanded_partial_feed,no quote success; mark heuristic and quote_failed
CnK82s8exdsK9nwqQ55kd9wcxoA22NwTchZJCBdu8LDa,1000,1h,zero_il_lvr,1,0.0005,0,0.15588,-0.15538,-0.0155,False,0.3,True,expanded_partial_feed,no quote success; mark heuristic and quote_failed
CnK82s8exdsK9nwqQ55kd9wcxoA22NwTchZJCBdu8LDa,1000,1h,optimistic,1,0.0005,1,0.15588,-1.15538,-0.1155,False,0.3,True,expanded_partial_feed,no quote success; mark heuristic and quote_failed
CnK82s8exdsK9nwqQ55kd9wcxoA22NwTchZJCBdu8LDa,1000,1h,realistic,1,0.0005,5,0.15588,-5.15538,-0.5155,False,0.3,True,expanded_partial_feed,no quote success; mark heuristic and quote_failed
CnK82s8exdsK9nwqQ55kd9wcxoA22NwTchZJCBdu8LDa,1000,1h,conservative,1,0.0005,20,0.15588,-20.15538,-2.0155,False,0.3,True,expanded_partial_feed,no quote success; mark heuristic and quote_failed
CnK82s8exdsK9nwqQ55kd9wcxoA22NwTchZJCBdu8LDa,1000,2h,zero_il_lvr,1,0.0005,0,0.15588,-0.15538,-0.0155,False,0.3,True,expanded_partial_feed,no quote success; mark heuristic and quote_failed
CnK82s8exdsK9nwqQ55kd9wcxoA22NwTchZJCBdu8LDa,1000,2h,optimistic,1,0.0005,1,0.15588,-1.15538,-0.1155,False,0.3,True,expanded_partial_feed,no quote success; mark heuristic and quote_failed
CnK82s8exdsK9nwqQ55kd9wcxoA22NwTchZJCBdu8LDa,1000,2h,realistic,1,0.0005,5,0.15588,-5.15538,-0.5155,False,0.3,True,expanded_partial_feed,no quote success; mark heuristic and quote_failed
CnK82s8exdsK9nwqQ55kd9wcxoA22NwTchZJCBdu8LDa,1000,2h,conservative,1,0.0005,20,0.15588,-20.15538,-2.0155,False,0.3,True,expanded_partial_feed,no quote success; mark heuristic and quote_failed
CnK82s8exdsK9nwqQ55kd9wcxoA22NwTchZJCBdu8LDa,1000,6h,zero_il_lvr,1,0.0005,0,0.15588,-0.15538,-0.0155,False,0.3,True,expanded_partial_feed,no quote success; mark heuristic and quote_failed
CnK82s8exdsK9nwqQ55kd9wcxoA22NwTchZJCBdu8LDa,1000,6h,optimistic,1,0.0005,1,0.15588,-1.15538,-0.1155,False,0.3,True,expanded_partial_feed,no quote success; mark heuristic and quote_failed
CnK82s8exdsK9nwqQ55kd9wcxoA22NwTchZJCBdu8LDa,1000,6h,realistic,1,0.0005,5,0.15588,-5.15538,-0.5155,False,0.3,True,expanded_partial_feed,no quote success; mark heuristic and quote_failed
CnK82s8exdsK9nwqQ55kd9wcxoA22NwTchZJCBdu8LDa,1000,6h,conservative,1,0.0005,20,0.15588,-20.15538,-2.0155,False,0.3,True,expanded_partial_feed,no quote success; mark heuristic and quote_failed
CnK82s8exdsK9nwqQ55kd9wcxoA22NwTchZJCBdu8LDa,1000,24h,zero_il_lvr,1,0.0005,0,0.15588,-0.15538,-0.0155,False,0.3,True,expanded_partial_feed,no quote success; mark heuristic and quote_failed
CnK82s8exdsK9nwqQ55kd9wcxoA22NwTchZJCBdu8LDa,1000,24h,optimistic,1,0.0005,1,0.15588,-1.15538,-0.1155,False,0.3,True,expanded_partial_feed,no quote success; mark heuristic and quote_failed
CnK82s8exdsK9nwqQ55kd9wcxoA22NwTchZJCBdu8LDa,1000,24h,realistic,1,0.0005,5,0.15588,-5.15538,-0.5155,False,0.3,True,expanded_partial_feed,no quote success; mark heuristic and quote_failed
CnK82s8exdsK9nwqQ55kd9wcxoA22NwTchZJCBdu8LDa,1000,24h,conservative,1,0.0005,20,0.15588,-20.15538,-2.0155,False,0.3,True,expanded_partial_feed,no quote success; mark heuristic and quote_failed
CnK82s8exdsK9nwqQ55kd9wcxoA22NwTchZJCBdu8LDa,1000,7d,zero_il_lvr,1,0.0005,0,0.15588,-0.15538,-0.0155,False,0.3,True,expanded_partial_feed,no quote success; mark heuristic and quote_failed
CnK82s8exdsK9nwqQ55kd9wcxoA22NwTchZJCBdu8LDa,1000,7d,optimistic,1,0.0005,1,0.15588,-1.15538,-0.1155,False,0.3,True,expanded_partial_feed,no quote success; mark heuristic and quote_failed
CnK82s8exdsK9nwqQ55kd9wcxoA22NwTchZJCBdu8LDa,1000,7d,realistic,1,0.0005,5,0.15588,-5.15538,-0.5155,False,0.3,True,expanded_partial_feed,no quote success; mark heuristic and quote_failed
CnK82s8exdsK9nwqQ55kd9wcxoA22NwTchZJCBdu8LDa,1000,7d,conservative,1,0.0005,20,0.15588,-20.15538,-2.0155,False,0.3,True,expanded_partial_feed,no quote success; mark heuristic and quote_failed
CnK82s8exdsK9nwqQ55kd9wcxoA22NwTchZJCBdu8LDa,2000,15m,zero_il_lvr,1,0.001,0,0.15588,-0.15488,-0.0077,False,0.3,True,expanded_partial_feed,no quote success; mark heuristic and quote_failed
CnK82s8exdsK9nwqQ55kd9wcxoA22NwTchZJCBdu8LDa,2000,15m,optimistic,1,0.001,2,0.15588,-2.15488,-0.1077,False,0.3,True,expanded_partial_feed,no quote success; mark heuristic and quote_failed
CnK82s8exdsK9nwqQ55kd9wcxoA22NwTchZJCBdu8LDa,2000,15m,realistic,1,0.001,10,0.15588,-10.15488,-0.5077,False,0.3,True,expanded_partial_feed,no quote success; mark heuristic and quote_failed
CnK82s8exdsK9nwqQ55kd9wcxoA22NwTchZJCBdu8LDa,2000,15m,conservative,1,0.001,40,0.15588,-40.15488,-2.0077,False,0.3,True,expanded_partial_feed,no quote success; mark heuristic and quote_failed
CnK82s8exdsK9nwqQ55kd9wcxoA22NwTchZJCBdu8LDa,2000,30m,zero_il_lvr,1,0.001,0,0.15588,-0.15488,-0.0077,False,0.3,True,expanded_partial_feed,no quote success; mark heuristic and quote_failed
CnK82s8exdsK9nwqQ55kd9wcxoA22NwTchZJCBdu8LDa,2000,30m,optimistic,1,0.001,2,0.15588,-2.15488,-0.1077,False,0.3,True,expanded_partial_feed,no quote success; mark heuristic and quote_failed
CnK82s8exdsK9nwqQ55kd9wcxoA22NwTchZJCBdu8LDa,2000,30m,realistic,1,0.001,10,0.15588,-10.15488,-0.5077,False,0.3,True,expanded_partial_feed,no quote success; mark heuristic and quote_failed
CnK82s8exdsK9nwqQ55kd9wcxoA22NwTchZJCBdu8LDa,2000,30m,conservative,1,0.001,40,0.15588,-40.15488,-2.0077,False,0.3,True,expanded_partial_feed,no quote success; mark heuristic and quote_failed
CnK82s8exdsK9nwqQ55kd9wcxoA22NwTchZJCBdu8LDa,2000,1h,zero_il_lvr,1,0.001,0,0.15588,-0.15488,-0.0077,False,0.3,True,expanded_partial_feed,no quote success; mark heuristic and quote_failed
CnK82s8exdsK9nwqQ55kd9wcxoA22NwTchZJCBdu8LDa,2000,1h,optimistic,1,0.001,2,0.15588,-2.15488,-0.1077,False,0.3,True,expanded_partial_feed,no quote success; mark heuristic and quote_failed
CnK82s8exdsK9nwqQ55kd9wcxoA22NwTchZJCBdu8LDa,2000,1h,realistic,1,0.001,10,0.15588,-10.15488,-0.5077,False,0.3,True,expanded_partial_feed,no quote success; mark heuristic and quote_failed
CnK82s8exdsK9nwqQ55kd9wcxoA22NwTchZJCBdu8LDa,2000,1h,conservative,1,0.001,40,0.15588,-40.15488,-2.0077,False,0.3,True,expanded_partial_feed,no quote success; mark heuristic and quote_failed
CnK82s8exdsK9nwqQ55kd9wcxoA22NwTchZJCBdu8LDa,2000,2h,zero_il_lvr,1,0.001,0,0.15588,-0.15488,-0.0077,False,0.3,True,expanded_partial_feed,no quote success; mark heuristic and quote_failed
CnK82s8exdsK9nwqQ55kd9wcxoA22NwTchZJCBdu8LDa,2000,2h,optimistic,1,0.001,2,0.15588,-2.15488,-0.1077,False,0.3,True,expanded_partial_feed,no quote success; mark heuristic and quote_failed
CnK82s8exdsK9nwqQ55kd9wcxoA22NwTchZJCBdu8LDa,2000,2h,realistic,1,0.001,10,0.15588,-10.15488,-0.5077,False,0.3,True,expanded_partial_feed,no quote success; mark heuristic and quote_failed
CnK82s8exdsK9nwqQ55kd9wcxoA22NwTchZJCBdu8LDa,2000,2h,conservative,1,0.001,40,0.15588,-40.15488,-2.0077,False,0.3,True,expanded_partial_feed,no quote success; mark heuristic and quote_failed
CnK82s8exdsK9nwqQ55kd9wcxoA22NwTchZJCBdu8LDa,2000,6h,zero_il_lvr,1,0.001,0,0.15588,-0.15488,-0.0077,False,0.3,True,expanded_partial_feed,no quote success; mark heuristic and quote_failed
CnK82s8exdsK9nwqQ55kd9wcxoA22NwTchZJCBdu8LDa,2000,6h,optimistic,1,0.001,2,0.15588,-2.15488,-0.1077,False,0.3,True,expanded_partial_feed,no quote success; mark heuristic and quote_failed
CnK82s8exdsK9nwqQ55kd9wcxoA22NwTchZJCBdu8LDa,2000,6h,realistic,1,0.001,10,0.15588,-10.15488,-0.5077,False,0.3,True,expanded_partial_feed,no quote success; mark heuristic and quote_failed
CnK82s8exdsK9nwqQ55kd9wcxoA22NwTchZJCBdu8LDa,2000,6h,conservative,1,0.001,40,0.15588,-40.15488,-2.0077,False,0.3,True,expanded_partial_feed,no quote success; mark heuristic and quote_failed
CnK82s8exdsK9nwqQ55kd9wcxoA22NwTchZJCBdu8LDa,2000,24h,zero_il_lvr,1,0.001,0,0.15588,-0.15488,-0.0077,False,0.3,True,expanded_partial_feed,no quote success; mark heuristic and quote_failed
CnK82s8exdsK9nwqQ55kd9wcxoA22NwTchZJCBdu8LDa,2000,24h,optimistic,1,0.001,2,0.15588,-2.15488,-0.1077,False,0.3,True,expanded_partial_feed,no quote success; mark heuristic and quote_failed
CnK82s8exdsK9nwqQ55kd9wcxoA22NwTchZJCBdu8LDa,2000,24h,realistic,1,0.001,10,0.15588,-10.15488,-0.5077,False,0.3,True,expanded_partial_feed,no quote success; mark heuristic and quote_failed
CnK82s8exdsK9nwqQ55kd9wcxoA22NwTchZJCBdu8LDa,2000,24h,conservative,1,0.001,40,0.15588,-40.15488,-2.0077,False,0.3,True,expanded_partial_feed,no quote success; mark heuristic and quote_failed
CnK82s8exdsK9nwqQ55kd9wcxoA22NwTchZJCBdu8LDa,2000,7d,zero_il_lvr,1,0.001,0,0.15588,-0.15488,-0.0077,False,0.3,True,expanded_partial_feed,no quote success; mark heuristic and quote_failed
CnK82s8exdsK9nwqQ55kd9wcxoA22NwTchZJCBdu8LDa,2000,7d,optimistic,1,0.001,2,0.15588,-2.15488,-0.1077,False,0.3,True,expanded_partial_feed,no quote success; mark heuristic and quote_failed
CnK82s8exdsK9nwqQ55kd9wcxoA22NwTchZJCBdu8LDa,2000,7d,realistic,1,0.001,10,0.15588,-10.15488,-0.5077,False,0.3,True,expanded_partial_feed,no quote success; mark heuristic and quote_failed
CnK82s8exdsK9nwqQ55kd9wcxoA22NwTchZJCBdu8LDa,2000,7d,conservative,1,0.001,40,0.15588,-40.15488,-2.0077,False,0.3,True,expanded_partial_feed,no quote success; mark heuristic and quote_failed
9bL8Pptpb8M2jEAb63EoarA6Po6Akarpha3JPzQfXGS3,10,15m,zero_il_lvr,1,5e-06,0,0.15588,-0.155875,-1.5587,False,0.3,True,expanded_partial_feed,no quote success; mark heuristic and quote_failed
9bL8Pptpb8M2jEAb63EoarA6Po6Akarpha3JPzQfXGS3,10,15m,optimistic,1,5e-06,0.01,0.15588,-0.165875,-1.6587,False,0.3,True,expanded_partial_feed,no quote success; mark heuristic and quote_failed
9bL8Pptpb8M2jEAb63EoarA6Po6Akarpha3JPzQfXGS3,10,15m,realistic,1,5e-06,0.05,0.15588,-0.205875,-2.0587,False,0.3,True,expanded_partial_feed,no quote success; mark heuristic and quote_failed
9bL8Pptpb8M2jEAb63EoarA6Po6Akarpha3JPzQfXGS3,10,15m,conservative,1,5e-06,0.2,0.15588,-0.355875,-3.5587,False,0.3,True,expanded_partial_feed,no quote success; mark heuristic and quote_failed
9bL8Pptpb8M2jEAb63EoarA6Po6Akarpha3JPzQfXGS3,10,30m,zero_il_lvr,1,5e-06,0,0.15588,-0.155875,-1.5587,False,0.3,True,expanded_partial_feed,no quote success; mark heuristic and quote_failed
9bL8Pptpb8M2jEAb63EoarA6Po6Akarpha3JPzQfXGS3,10,30m,optimistic,1,5e-06,0.01,0.15588,-0.165875,-1.6587,False,0.3,True,expanded_partial_feed,no quote success; mark heuristic and quote_failed
9bL8Pptpb8M2jEAb63EoarA6Po6Akarpha3JPzQfXGS3,10,30m,realistic,1,5e-06,0.05,0.15588,-0.205875,-2.0587,False,0.3,True,expanded_partial_feed,no quote success; mark heuristic and quote_failed
9bL8Pptpb8M2jEAb63EoarA6Po6Akarpha3JPzQfXGS3,10,30m,conservative,1,5e-06,0.2,0.15588,-0.355875,-3.5587,False,0.3,True,expanded_partial_feed,no quote success; mark heuristic and quote_failed
9bL8Pptpb8M2jEAb63EoarA6Po6Akarpha3JPzQfXGS3,10,1h,zero_il_lvr,1,5e-06,0,0.15588,-0.155875,-1.5587,False,0.3,True,expanded_partial_feed,no quote success; mark heuristic and quote_failed
9bL8Pptpb8M2jEAb63EoarA6Po6Akarpha3JPzQfXGS3,10,1h,optimistic,1,5e-06,0.01,0.15588,-0.165875,-1.6587,False,0.3,True,expanded_partial_feed,no quote success; mark heuristic and quote_failed
9bL8Pptpb8M2jEAb63EoarA6Po6Akarpha3JPzQfXGS3,10,1h,realistic,1,5e-06,0.05,0.15588,-0.205875,-2.0587,False,0.3,True,expanded_partial_feed,no quote success; mark heuristic and quote_failed
9bL8Pptpb8M2jEAb63EoarA6Po6Akarpha3JPzQfXGS3,10,1h,conservative,1,5e-06,0.2,0.15588,-0.355875,-3.5587,False,0.3,True,expanded_partial_feed,no quote success; mark heuristic and quote_failed
9bL8Pptpb8M2jEAb63EoarA6Po6Akarpha3JPzQfXGS3,10,2h,zero_il_lvr,1,5e-06,0,0.15588,-0.155875,-1.5587,False,0.3,True,expanded_partial_feed,no quote success; mark heuristic and quote_failed
9bL8Pptpb8M2jEAb63EoarA6Po6Akarpha3JPzQfXGS3,10,2h,optimistic,1,5e-06,0.01,0.15588,-0.165875,-1.6587,False,0.3,True,expanded_partial_feed,no quote success; mark heuristic and quote_failed
9bL8Pptpb8M2jEAb63EoarA6Po6Akarpha3JPzQfXGS3,10,2h,realistic,1,5e-06,0.05,0.15588,-0.205875,-2.0587,False,0.3,True,expanded_partial_feed,no quote success; mark heuristic and quote_failed
9bL8Pptpb8M2jEAb63EoarA6Po6Akarpha3JPzQfXGS3,10,2h,conservative,1,5e-06,0.2,0.15588,-0.355875,-3.5587,False,0.3,True,expanded_partial_feed,no quote success; mark heuristic and quote_failed
9bL8Pptpb8M2jEAb63EoarA6Po6Akarpha3JPzQfXGS3,10,6h,zero_il_lvr,1,5e-06,0,0.15588,-0.155875,-1.5587,False,0.3,True,expanded_partial_feed,no quote success; mark heuristic and quote_failed
9bL8Pptpb8M2jEAb63EoarA6Po6Akarpha3JPzQfXGS3,10,6h,optimistic,1,5e-06,0.01,0.15588,-0.165875,-1.6587,False,0.3,True,expanded_partial_feed,no quote success; mark heuristic and quote_failed
9bL8Pptpb8M2jEAb63EoarA6Po6Akarpha3JPzQfXGS3,10,6h,realistic,1,5e-06,0.05,0.15588,-0.205875,-2.0587,False,0.3,True,expanded_partial_feed,no quote success; mark heuristic and quote_failed
9bL8Pptpb8M2jEAb63EoarA6Po6Akarpha3JPzQfXGS3,10,6h,conservative,1,5e-06,0.2,0.15588,-0.355875,-3.5587,False,0.3,True,expanded_partial_feed,no quote success; mark heuristic and quote_failed
9bL8Pptpb8M2jEAb63EoarA6Po6Akarpha3JPzQfXGS3,10,24h,zero_il_lvr,1,5e-06,0,0.15588,-0.155875,-1.5587,False,0.3,True,expanded_partial_feed,no quote success; mark heuristic and quote_failed
9bL8Pptpb8M2jEAb63EoarA6Po6Akarpha3JPzQfXGS3,10,24h,optimistic,1,5e-06,0.01,0.15588,-0.165875,-1.6587,False,0.3,True,expanded_partial_feed,no quote success; mark heuristic and quote_failed
9bL8Pptpb8M2jEAb63EoarA6Po6Akarpha3JPzQfXGS3,10,24h,realistic,1,5e-06,0.05,0.15588,-0.205875,-2.0587,False,0.3,True,expanded_partial_feed,no quote success; mark heuristic and quote_failed
9bL8Pptpb8M2jEAb63EoarA6Po6Akarpha3JPzQfXGS3,10,24h,conservative,1,5e-06,0.2,0.15588,-0.355875,-3.5587,False,0.3,True,expanded_partial_feed,no quote success; mark heuristic and quote_failed
9bL8Pptpb8M2jEAb63EoarA6Po6Akarpha3JPzQfXGS3,10,7d,zero_il_lvr,1,5e-06,0,0.15588,-0.155875,-1.5587,False,0.3,True,expanded_partial_feed,no quote success; mark heuristic and quote_failed
9bL8Pptpb8M2jEAb63EoarA6Po6Akarpha3JPzQfXGS3,10,7d,optimistic,1,5e-06,0.01,0.15588,-0.165875,-1.6587,False,0.3,True,expanded_partial_feed,no quote success; mark heuristic and quote_failed
9bL8Pptpb8M2jEAb63EoarA6Po6Akarpha3JPzQfXGS3,10,7d,realistic,1,5e-06,0.05,0.15588,-0.205875,-2.0587,False,0.3,True,expanded_partial_feed,no quote success; mark heuristic and quote_failed
9bL8Pptpb8M2jEAb63EoarA6Po6Akarpha3JPzQfXGS3,10,7d,conservative,1,5e-06,0.2,0.15588,-0.355875,-3.5587,False,0.3,True,expanded_partial_feed,no quote success; mark heuristic and quote_failed
9bL8Pptpb8M2jEAb63EoarA6Po6Akarpha3JPzQfXGS3,20,15m,zero_il_lvr,1,1e-05,0,0.15588,-0.15587,-0.7793,False,0.3,True,expanded_partial_feed,no quote success; mark heuristic and quote_failed
9bL8Pptpb8M2jEAb63EoarA6Po6Akarpha3JPzQfXGS3,20,15m,optimistic,1,1e-05,0.02,0.15588,-0.17587,-0.8793,False,0.3,True,expanded_partial_feed,no quote success; mark heuristic and quote_failed
9bL8Pptpb8M2jEAb63EoarA6Po6Akarpha3JPzQfXGS3,20,15m,realistic,1,1e-05,0.1,0.15588,-0.25587,-1.2793,False,0.3,True,expanded_partial_feed,no quote success; mark heuristic and quote_failed
9bL8Pptpb8M2jEAb63EoarA6Po6Akarpha3JPzQfXGS3,20,15m,conservative,1,1e-05,0.4,0.15588,-0.55587,-2.7793,False,0.3,True,expanded_partial_feed,no quote success; mark heuristic and quote_failed
9bL8Pptpb8M2jEAb63EoarA6Po6Akarpha3JPzQfXGS3,20,30m,zero_il_lvr,1,1e-05,0,0.15588,-0.15587,-0.7793,False,0.3,True,expanded_partial_feed,no quote success; mark heuristic and quote_failed
9bL8Pptpb8M2jEAb63EoarA6Po6Akarpha3JPzQfXGS3,20,30m,optimistic,1,1e-05,0.02,0.15588,-0.17587,-0.8793,False,0.3,True,expanded_partial_feed,no quote success; mark heuristic and quote_failed
9bL8Pptpb8M2jEAb63EoarA6Po6Akarpha3JPzQfXGS3,20,30m,realistic,1,1e-05,0.1,0.15588,-0.25587,-1.2793,False,0.3,True,expanded_partial_feed,no quote success; mark heuristic and quote_failed
9bL8Pptpb8M2jEAb63EoarA6Po6Akarpha3JPzQfXGS3,20,30m,conservative,1,1e-05,0.4,0.15588,-0.55587,-2.7793,False,0.3,True,expanded_partial_feed,no quote success; mark heuristic and quote_failed
9bL8Pptpb8M2jEAb63EoarA6Po6Akarpha3JPzQfXGS3,20,1h,zero_il_lvr,1,1e-05,0,0.15588,-0.15587,-0.7793,False,0.3,True,expanded_partial_feed,no quote success; mark heuristic and quote_failed
9bL8Pptpb8M2jEAb63EoarA6Po6Akarpha3JPzQfXGS3,20,1h,optimistic,1,1e-05,0.02,0.15588,-0.17587,-0.8793,False,0.3,True,expanded_partial_feed,no quote success; mark heuristic and quote_failed
9bL8Pptpb8M2jEAb63EoarA6Po6Akarpha3JPzQfXGS3,20,1h,realistic,1,1e-05,0.1,0.15588,-0.25587,-1.2793,False,0.3,True,expanded_partial_feed,no quote success; mark heuristic and quote_failed
9bL8Pptpb8M2jEAb63EoarA6Po6Akarpha3JPzQfXGS3,20,1h,conservative,1,1e-05,0.4,0.15588,-0.55587,-2.7793,False,0.3,True,expanded_partial_feed,no quote success; mark heuristic and quote_failed
9bL8Pptpb8M2jEAb63EoarA6Po6Akarpha3JPzQfXGS3,20,2h,zero_il_lvr,1,1e-05,0,0.15588,-0.15587,-0.7793,False,0.3,True,expanded_partial_feed,no quote success; mark heuristic and quote_failed
9bL8Pptpb8M2jEAb63EoarA6Po6Akarpha3JPzQfXGS3,20,2h,optimistic,1,1e-05,0.02,0.15588,-0.17587,-0.8793,False,0.3,True,expanded_partial_feed,no quote success; mark heuristic and quote_failed
9bL8Pptpb8M2jEAb63EoarA6Po6Akarpha3JPzQfXGS3,20,2h,realistic,1,1e-05,0.1,0.15588,-0.25587,-1.2793,False,0.3,True,expanded_partial_feed,no quote success; mark heuristic and quote_failed
9bL8Pptpb8M2jEAb63EoarA6Po6Akarpha3JPzQfXGS3,20,2h,conservative,1,1e-05,0.4,0.15588,-0.55587,-2.7793,False,0.3,True,expanded_partial_feed,no quote success; mark heuristic and quote_failed
9bL8Pptpb8M2jEAb63EoarA6Po6Akarpha3JPzQfXGS3,20,6h,zero_il_lvr,1,1e-05,0,0.15588,-0.15587,-0.7793,False,0.3,True,expanded_partial_feed,no quote success; mark heuristic and quote_failed
9bL8Pptpb8M2jEAb63EoarA6Po6Akarpha3JPzQfXGS3,20,6h,optimistic,1,1e-05,0.02,0.15588,-0.17587,-0.8793,False,0.3,True,expanded_partial_feed,no quote success; mark heuristic and quote_failed
9bL8Pptpb8M2jEAb63EoarA6Po6Akarpha3JPzQfXGS3,20,6h,realistic,1,1e-05,0.1,0.15588,-0.25587,-1.2793,False,0.3,True,expanded_partial_feed,no quote success; mark heuristic and quote_failed
9bL8Pptpb8M2jEAb63EoarA6Po6Akarpha3JPzQfXGS3,20,6h,conservative,1,1e-05,0.4,0.15588,-0.55587,-2.7793,False,0.3,True,expanded_partial_feed,no quote success; mark heuristic and quote_failed
9bL8Pptpb8M2jEAb63EoarA6Po6Akarpha3JPzQfXGS3,20,24h,zero_il_lvr,1,1e-05,0,0.15588,-0.15587,-0.7793,False,0.3,True,expanded_partial_feed,no quote success; mark heuristic and quote_failed
9bL8Pptpb8M2jEAb63EoarA6Po6Akarpha3JPzQfXGS3,20,24h,optimistic,1,1e-05,0.02,0.15588,-0.17587,-0.8793,False,0.3,True,expanded_partial_feed,no quote success; mark heuristic and quote_failed
9bL8Pptpb8M2jEAb63EoarA6Po6Akarpha3JPzQfXGS3,20,24h,realistic,1,1e-05,0.1,0.15588,-0.25587,-1.2793,False,0.3,True,expanded_partial_feed,no quote success; mark heuristic and quote_failed
9bL8Pptpb8M2jEAb63EoarA6Po6Akarpha3JPzQfXGS3,20,24h,conservative,1,1e-05,0.4,0.15588,-0.55587,-2.7793,False,0.3,True,expanded_partial_feed,no quote success; mark heuristic and quote_failed
9bL8Pptpb8M2jEAb63EoarA6Po6Akarpha3JPzQfXGS3,20,7d,zero_il_lvr,1,1e-05,0,0.15588,-0.15587,-0.7793,False,0.3,True,expanded_partial_feed,no quote success; mark heuristic and quote_failed
9bL8Pptpb8M2jEAb63EoarA6Po6Akarpha3JPzQfXGS3,20,7d,optimistic,1,1e-05,0.02,0.15588,-0.17587,-0.8793,False,0.3,True,expanded_partial_feed,no quote success; mark heuristic and quote_failed
9bL8Pptpb8M2jEAb63EoarA6Po6Akarpha3JPzQfXGS3,20,7d,realistic,1,1e-05,0.1,0.15588,-0.25587,-1.2793,False,0.3,True,expanded_partial_feed,no quote success; mark heuristic and quote_failed
9bL8Pptpb8M2jEAb63EoarA6Po6Akarpha3JPzQfXGS3,20,7d,conservative,1,1e-05,0.4,0.15588,-0.55587,-2.7793,False,0.3,True,expanded_partial_feed,no quote success; mark heuristic and quote_failed
9bL8Pptpb8M2jEAb63EoarA6Po6Akarpha3JPzQfXGS3,100,15m,zero_il_lvr,1,5e-05,0,0.15588,-0.15583,-0.1558,False,0.3,True,expanded_partial_feed,no quote success; mark heuristic and quote_failed
9bL8Pptpb8M2jEAb63EoarA6Po6Akarpha3JPzQfXGS3,100,15m,optimistic,1,5e-05,0.1,0.15588,-0.25583,-0.2558,False,0.3,True,expanded_partial_feed,no quote success; mark heuristic and quote_failed
9bL8Pptpb8M2jEAb63EoarA6Po6Akarpha3JPzQfXGS3,100,15m,realistic,1,5e-05,0.5,0.15588,-0.65583,-0.6558,False,0.3,True,expanded_partial_feed,no quote success; mark heuristic and quote_failed
9bL8Pptpb8M2jEAb63EoarA6Po6Akarpha3JPzQfXGS3,100,15m,conservative,1,5e-05,2,0.15588,-2.15583,-2.1558,False,0.3,True,expanded_partial_feed,no quote success; mark heuristic and quote_failed
9bL8Pptpb8M2jEAb63EoarA6Po6Akarpha3JPzQfXGS3,100,30m,zero_il_lvr,1,5e-05,0,0.15588,-0.15583,-0.1558,False,0.3,True,expanded_partial_feed,no quote success; mark heuristic and quote_failed
9bL8Pptpb8M2jEAb63EoarA6Po6Akarpha3JPzQfXGS3,100,30m,optimistic,1,5e-05,0.1,0.15588,-0.25583,-0.2558,False,0.3,True,expanded_partial_feed,no quote success; mark heuristic and quote_failed
9bL8Pptpb8M2jEAb63EoarA6Po6Akarpha3JPzQfXGS3,100,30m,realistic,1,5e-05,0.5,0.15588,-0.65583,-0.6558,False,0.3,True,expanded_partial_feed,no quote success; mark heuristic and quote_failed
9bL8Pptpb8M2jEAb63EoarA6Po6Akarpha3JPzQfXGS3,100,30m,conservative,1,5e-05,2,0.15588,-2.15583,-2.1558,False,0.3,True,expanded_partial_feed,no quote success; mark heuristic and quote_failed
9bL8Pptpb8M2jEAb63EoarA6Po6Akarpha3JPzQfXGS3,100,1h,zero_il_lvr,1,5e-05,0,0.15588,-0.15583,-0.1558,False,0.3,True,expanded_partial_feed,no quote success; mark heuristic and quote_failed
9bL8Pptpb8M2jEAb63EoarA6Po6Akarpha3JPzQfXGS3,100,1h,optimistic,1,5e-05,0.1,0.15588,-0.25583,-0.2558,False,0.3,True,expanded_partial_feed,no quote success; mark heuristic and quote_failed
9bL8Pptpb8M2jEAb63EoarA6Po6Akarpha3JPzQfXGS3,100,1h,realistic,1,5e-05,0.5,0.15588,-0.65583,-0.6558,False,0.3,True,expanded_partial_feed,no quote success; mark heuristic and quote_failed
9bL8Pptpb8M2jEAb63EoarA6Po6Akarpha3JPzQfXGS3,100,1h,conservative,1,5e-05,2,0.15588,-2.15583,-2.1558,False,0.3,True,expanded_partial_feed,no quote success; mark heuristic and quote_failed
9bL8Pptpb8M2jEAb63EoarA6Po6Akarpha3JPzQfXGS3,100,2h,zero_il_lvr,1,5e-05,0,0.15588,-0.15583,-0.1558,False,0.3,True,expanded_partial_feed,no quote success; mark heuristic and quote_failed
9bL8Pptpb8M2jEAb63EoarA6Po6Akarpha3JPzQfXGS3,100,2h,optimistic,1,5e-05,0.1,0.15588,-0.25583,-0.2558,False,0.3,True,expanded_partial_feed,no quote success; mark heuristic and quote_failed
9bL8Pptpb8M2jEAb63EoarA6Po6Akarpha3JPzQfXGS3,100,2h,realistic,1,5e-05,0.5,0.15588,-0.65583,-0.6558,False,0.3,True,expanded_partial_feed,no quote success; mark heuristic and quote_failed
9bL8Pptpb8M2jEAb63EoarA6Po6Akarpha3JPzQfXGS3,100,2h,conservative,1,5e-05,2,0.15588,-2.15583,-2.1558,False,0.3,True,expanded_partial_feed,no quote success; mark heuristic and quote_failed
9bL8Pptpb8M2jEAb63EoarA6Po6Akarpha3JPzQfXGS3,100,6h,zero_il_lvr,1,5e-05,0,0.15588,-0.15583,-0.1558,False,0.3,True,expanded_partial_feed,no quote success; mark heuristic and quote_failed
9bL8Pptpb8M2jEAb63EoarA6Po6Akarpha3JPzQfXGS3,100,6h,optimistic,1,5e-05,0.1,0.15588,-0.25583,-0.2558,False,0.3,True,expanded_partial_feed,no quote success; mark heuristic and quote_failed
9bL8Pptpb8M2jEAb63EoarA6Po6Akarpha3JPzQfXGS3,100,6h,realistic,1,5e-05,0.5,0.15588,-0.65583,-0.6558,False,0.3,True,expanded_partial_feed,no quote success; mark heuristic and quote_failed
9bL8Pptpb8M2jEAb63EoarA6Po6Akarpha3JPzQfXGS3,100,6h,conservative,1,5e-05,2,0.15588,-2.15583,-2.1558,False,0.3,True,expanded_partial_feed,no quote success; mark heuristic and quote_failed
9bL8Pptpb8M2jEAb63EoarA6Po6Akarpha3JPzQfXGS3,100,24h,zero_il_lvr,1,5e-05,0,0.15588,-0.15583,-0.1558,False,0.3,True,expanded_partial_feed,no quote success; mark heuristic and quote_failed
9bL8Pptpb8M2jEAb63EoarA6Po6Akarpha3JPzQfXGS3,100,24h,optimistic,1,5e-05,0.1,0.15588,-0.25583,-0.2558,False,0.3,True,expanded_partial_feed,no quote success; mark heuristic and quote_failed
9bL8Pptpb8M2jEAb63EoarA6Po6Akarpha3JPzQfXGS3,100,24h,realistic,1,5e-05,0.5,0.15588,-0.65583,-0.6558,False,0.3,True,expanded_partial_feed,no quote success; mark heuristic and quote_failed
9bL8Pptpb8M2jEAb63EoarA6Po6Akarpha3JPzQfXGS3,100,24h,conservative,1,5e-05,2,0.15588,-2.15583,-2.1558,False,0.3,True,expanded_partial_feed,no quote success; mark heuristic and quote_failed
9bL8Pptpb8M2jEAb63EoarA6Po6Akarpha3JPzQfXGS3,100,7d,zero_il_lvr,1,5e-05,0,0.15588,-0.15583,-0.1558,False,0.3,True,expanded_partial_feed,no quote success; mark heuristic and quote_failed
9bL8Pptpb8M2jEAb63EoarA6Po6Akarpha3JPzQfXGS3,100,7d,optimistic,1,5e-05,0.1,0.15588,-0.25583,-0.2558,False,0.3,True,expanded_partial_feed,no quote success; mark heuristic and quote_failed
9bL8Pptpb8M2jEAb63EoarA6Po6Akarpha3JPzQfXGS3,100,7d,realistic,1,5e-05,0.5,0.15588,-0.65583,-0.6558,False,0.3,True,expanded_partial_feed,no quote success; mark heuristic and quote_failed
9bL8Pptpb8M2jEAb63EoarA6Po6Akarpha3JPzQfXGS3,100,7d,conservative,1,5e-05,2,0.15588,-2.15583,-2.1558,False,0.3,True,expanded_partial_feed,no quote success; mark heuristic and quote_failed
9bL8Pptpb8M2jEAb63EoarA6Po6Akarpha3JPzQfXGS3,500,15m,zero_il_lvr,1,0.00025,0,0.15588,-0.15563,-0.0311,False,0.3,True,expanded_partial_feed,no quote success; mark heuristic and quote_failed
9bL8Pptpb8M2jEAb63EoarA6Po6Akarpha3JPzQfXGS3,500,15m,optimistic,1,0.00025,0.5,0.15588,-0.65563,-0.1311,False,0.3,True,expanded_partial_feed,no quote success; mark heuristic and quote_failed
9bL8Pptpb8M2jEAb63EoarA6Po6Akarpha3JPzQfXGS3,500,15m,realistic,1,0.00025,2.5,0.15588,-2.65563,-0.5311,False,0.3,True,expanded_partial_feed,no quote success; mark heuristic and quote_failed
9bL8Pptpb8M2jEAb63EoarA6Po6Akarpha3JPzQfXGS3,500,15m,conservative,1,0.00025,10,0.15588,-10.15563,-2.0311,False,0.3,True,expanded_partial_feed,no quote success; mark heuristic and quote_failed
9bL8Pptpb8M2jEAb63EoarA6Po6Akarpha3JPzQfXGS3,500,30m,zero_il_lvr,1,0.00025,0,0.15588,-0.15563,-0.0311,False,0.3,True,expanded_partial_feed,no quote success; mark heuristic and quote_failed
9bL8Pptpb8M2jEAb63EoarA6Po6Akarpha3JPzQfXGS3,500,30m,optimistic,1,0.00025,0.5,0.15588,-0.65563,-0.1311,False,0.3,True,expanded_partial_feed,no quote success; mark heuristic and quote_failed
9bL8Pptpb8M2jEAb63EoarA6Po6Akarpha3JPzQfXGS3,500,30m,realistic,1,0.00025,2.5,0.15588,-2.65563,-0.5311,False,0.3,True,expanded_partial_feed,no quote success; mark heuristic and quote_failed
9bL8Pptpb8M2jEAb63EoarA6Po6Akarpha3JPzQfXGS3,500,30m,conservative,1,0.00025,10,0.15588,-10.15563,-2.0311,False,0.3,True,expanded_partial_feed,no quote success; mark heuristic and quote_failed
9bL8Pptpb8M2jEAb63EoarA6Po6Akarpha3JPzQfXGS3,500,1h,zero_il_lvr,1,0.00025,0,0.15588,-0.15563,-0.0311,False,0.3,True,expanded_partial_feed,no quote success; mark heuristic and quote_failed
9bL8Pptpb8M2jEAb63EoarA6Po6Akarpha3JPzQfXGS3,500,1h,optimistic,1,0.00025,0.5,0.15588,-0.65563,-0.1311,False,0.3,True,expanded_partial_feed,no quote success; mark heuristic and quote_failed
9bL8Pptpb8M2jEAb63EoarA6Po6Akarpha3JPzQfXGS3,500,1h,realistic,1,0.00025,2.5,0.15588,-2.65563,-0.5311,False,0.3,True,expanded_partial_feed,no quote success; mark heuristic and quote_failed
9bL8Pptpb8M2jEAb63EoarA6Po6Akarpha3JPzQfXGS3,500,1h,conservative,1,0.00025,10,0.15588,-10.15563,-2.0311,False,0.3,True,expanded_partial_feed,no quote success; mark heuristic and quote_failed
9bL8Pptpb8M2jEAb63EoarA6Po6Akarpha3JPzQfXGS3,500,2h,zero_il_lvr,1,0.00025,0,0.15588,-0.15563,-0.0311,False,0.3,True,expanded_partial_feed,no quote success; mark heuristic and quote_failed
9bL8Pptpb8M2jEAb63EoarA6Po6Akarpha3JPzQfXGS3,500,2h,optimistic,1,0.00025,0.5,0.15588,-0.65563,-0.1311,False,0.3,True,expanded_partial_feed,no quote success; mark heuristic and quote_failed
9bL8Pptpb8M2jEAb63EoarA6Po6Akarpha3JPzQfXGS3,500,2h,realistic,1,0.00025,2.5,0.15588,-2.65563,-0.5311,False,0.3,True,expanded_partial_feed,no quote success; mark heuristic and quote_failed
9bL8Pptpb8M2jEAb63EoarA6Po6Akarpha3JPzQfXGS3,500,2h,conservative,1,0.00025,10,0.15588,-10.15563,-2.0311,False,0.3,True,expanded_partial_feed,no quote success; mark heuristic and quote_failed
9bL8Pptpb8M2jEAb63EoarA6Po6Akarpha3JPzQfXGS3,500,6h,zero_il_lvr,1,0.00025,0,0.15588,-0.15563,-0.0311,False,0.3,True,expanded_partial_feed,no quote success; mark heuristic and quote_failed
9bL8Pptpb8M2jEAb63EoarA6Po6Akarpha3JPzQfXGS3,500,6h,optimistic,1,0.00025,0.5,0.15588,-0.65563,-0.1311,False,0.3,True,expanded_partial_feed,no quote success; mark heuristic and quote_failed
9bL8Pptpb8M2jEAb63EoarA6Po6Akarpha3JPzQfXGS3,500,6h,realistic,1,0.00025,2.5,0.15588,-2.65563,-0.5311,False,0.3,True,expanded_partial_feed,no quote success; mark heuristic and quote_failed
9bL8Pptpb8M2jEAb63EoarA6Po6Akarpha3JPzQfXGS3,500,6h,conservative,1,0.00025,10,0.15588,-10.15563,-2.0311,False,0.3,True,expanded_partial_feed,no quote success; mark heuristic and quote_failed
9bL8Pptpb8M2jEAb63EoarA6Po6Akarpha3JPzQfXGS3,500,24h,zero_il_lvr,1,0.00025,0,0.15588,-0.15563,-0.0311,False,0.3,True,expanded_partial_feed,no quote success; mark heuristic and quote_failed
9bL8Pptpb8M2jEAb63EoarA6Po6Akarpha3JPzQfXGS3,500,24h,optimistic,1,0.00025,0.5,0.15588,-0.65563,-0.1311,False,0.3,True,expanded_partial_feed,no quote success; mark heuristic and quote_failed
9bL8Pptpb8M2jEAb63EoarA6Po6Akarpha3JPzQfXGS3,500,24h,realistic,1,0.00025,2.5,0.15588,-2.65563,-0.5311,False,0.3,True,expanded_partial_feed,no quote success; mark heuristic and quote_failed
9bL8Pptpb8M2jEAb63EoarA6Po6Akarpha3JPzQfXGS3,500,24h,conservative,1,0.00025,10,0.15588,-10.15563,-2.0311,False,0.3,True,expanded_partial_feed,no quote success; mark heuristic and quote_failed
9bL8Pptpb8M2jEAb63EoarA6Po6Akarpha3JPzQfXGS3,500,7d,zero_il_lvr,1,0.00025,0,0.15588,-0.15563,-0.0311,False,0.3,True,expanded_partial_feed,no quote success; mark heuristic and quote_failed
9bL8Pptpb8M2jEAb63EoarA6Po6Akarpha3JPzQfXGS3,500,7d,optimistic,1,0.00025,0.5,0.15588,-0.65563,-0.1311,False,0.3,True,expanded_partial_feed,no quote success; mark heuristic and quote_failed
9bL8Pptpb8M2jEAb63EoarA6Po6Akarpha3JPzQfXGS3,500,7d,realistic,1,0.00025,2.5,0.15588,-2.65563,-0.5311,False,0.3,True,expanded_partial_feed,no quote success; mark heuristic and quote_failed
9bL8Pptpb8M2jEAb63EoarA6Po6Akarpha3JPzQfXGS3,500,7d,conservative,1,0.00025,10,0.15588,-10.15563,-2.0311,False,0.3,True,expanded_partial_feed,no quote success; mark heuristic and quote_failed
9bL8Pptpb8M2jEAb63EoarA6Po6Akarpha3JPzQfXGS3,1000,15m,zero_il_lvr,1,0.0005,0,0.15588,-0.15538,-0.0155,False,0.3,True,expanded_partial_feed,no quote success; mark heuristic and quote_failed
9bL8Pptpb8M2jEAb63EoarA6Po6Akarpha3JPzQfXGS3,1000,15m,optimistic,1,0.0005,1,0.15588,-1.15538,-0.1155,False,0.3,True,expanded_partial_feed,no quote success; mark heuristic and quote_failed
9bL8Pptpb8M2jEAb63EoarA6Po6Akarpha3JPzQfXGS3,1000,15m,realistic,1,0.0005,5,0.15588,-5.15538,-0.5155,False,0.3,True,expanded_partial_feed,no quote success; mark heuristic and quote_failed
9bL8Pptpb8M2jEAb63EoarA6Po6Akarpha3JPzQfXGS3,1000,15m,conservative,1,0.0005,20,0.15588,-20.15538,-2.0155,False,0.3,True,expanded_partial_feed,no quote success; mark heuristic and quote_failed
9bL8Pptpb8M2jEAb63EoarA6Po6Akarpha3JPzQfXGS3,1000,30m,zero_il_lvr,1,0.0005,0,0.15588,-0.15538,-0.0155,False,0.3,True,expanded_partial_feed,no quote success; mark heuristic and quote_failed
9bL8Pptpb8M2jEAb63EoarA6Po6Akarpha3JPzQfXGS3,1000,30m,optimistic,1,0.0005,1,0.15588,-1.15538,-0.1155,False,0.3,True,expanded_partial_feed,no quote success; mark heuristic and quote_failed
9bL8Pptpb8M2jEAb63EoarA6Po6Akarpha3JPzQfXGS3,1000,30m,realistic,1,0.0005,5,0.15588,-5.15538,-0.5155,False,0.3,True,expanded_partial_feed,no quote success; mark heuristic and quote_failed
9bL8Pptpb8M2jEAb63EoarA6Po6Akarpha3JPzQfXGS3,1000,30m,conservative,1,0.0005,20,0.15588,-20.15538,-2.0155,False,0.3,True,expanded_partial_feed,no quote success; mark heuristic and quote_failed
9bL8Pptpb8M2jEAb63EoarA6Po6Akarpha3JPzQfXGS3,1000,1h,zero_il_lvr,1,0.0005,0,0.15588,-0.15538,-0.0155,False,0.3,True,expanded_partial_feed,no quote success; mark heuristic and quote_failed
9bL8Pptpb8M2jEAb63EoarA6Po6Akarpha3JPzQfXGS3,1000,1h,optimistic,1,0.0005,1,0.15588,-1.15538,-0.1155,False,0.3,True,expanded_partial_feed,no quote success; mark heuristic and quote_failed
9bL8Pptpb8M2jEAb63EoarA6Po6Akarpha3JPzQfXGS3,1000,1h,realistic,1,0.0005,5,0.15588,-5.15538,-0.5155,False,0.3,True,expanded_partial_feed,no quote success; mark heuristic and quote_failed
9bL8Pptpb8M2jEAb63EoarA6Po6Akarpha3JPzQfXGS3,1000,1h,conservative,1,0.0005,20,0.15588,-20.15538,-2.0155,False,0.3,True,expanded_partial_feed,no quote success; mark heuristic and quote_failed
9bL8Pptpb8M2jEAb63EoarA6Po6Akarpha3JPzQfXGS3,1000,2h,zero_il_lvr,1,0.0005,0,0.15588,-0.15538,-0.0155,False,0.3,True,expanded_partial_feed,no quote success; mark heuristic and quote_failed
9bL8Pptpb8M2jEAb63EoarA6Po6Akarpha3JPzQfXGS3,1000,2h,optimistic,1,0.0005,1,0.15588,-1.15538,-0.1155,False,0.3,True,expanded_partial_feed,no quote success; mark heuristic and quote_failed
9bL8Pptpb8M2jEAb63EoarA6Po6Akarpha3JPzQfXGS3,1000,2h,realistic,1,0.0005,5,0.15588,-5.15538,-0.5155,False,0.3,True,expanded_partial_feed,no quote success; mark heuristic and quote_failed
9bL8Pptpb8M2jEAb63EoarA6Po6Akarpha3JPzQfXGS3,1000,2h,conservative,1,0.0005,20,0.15588,-20.15538,-2.0155,False,0.3,True,expanded_partial_feed,no quote success; mark heuristic and quote_failed
9bL8Pptpb8M2jEAb63EoarA6Po6Akarpha3JPzQfXGS3,1000,6h,zero_il_lvr,1,0.0005,0,0.15588,-0.15538,-0.0155,False,0.3,True,expanded_partial_feed,no quote success; mark heuristic and quote_failed
9bL8Pptpb8M2jEAb63EoarA6Po6Akarpha3JPzQfXGS3,1000,6h,optimistic,1,0.0005,1,0.15588,-1.15538,-0.1155,False,0.3,True,expanded_partial_feed,no quote success; mark heuristic and quote_failed
9bL8Pptpb8M2jEAb63EoarA6Po6Akarpha3JPzQfXGS3,1000,6h,realistic,1,0.0005,5,0.15588,-5.15538,-0.5155,False,0.3,True,expanded_partial_feed,no quote success; mark heuristic and quote_failed
9bL8Pptpb8M2jEAb63EoarA6Po6Akarpha3JPzQfXGS3,1000,6h,conservative,1,0.0005,20,0.15588,-20.15538,-2.0155,False,0.3,True,expanded_partial_feed,no quote success; mark heuristic and quote_failed
9bL8Pptpb8M2jEAb63EoarA6Po6Akarpha3JPzQfXGS3,1000,24h,zero_il_lvr,1,0.0005,0,0.15588,-0.15538,-0.0155,False,0.3,True,expanded_partial_feed,no quote success; mark heuristic and quote_failed
9bL8Pptpb8M2jEAb63EoarA6Po6Akarpha3JPzQfXGS3,1000,24h,optimistic,1,0.0005,1,0.15588,-1.15538,-0.1155,False,0.3,True,expanded_partial_feed,no quote success; mark heuristic and quote_failed
9bL8Pptpb8M2jEAb63EoarA6Po6Akarpha3JPzQfXGS3,1000,24h,realistic,1,0.0005,5,0.15588,-5.15538,-0.5155,False,0.3,True,expanded_partial_feed,no quote success; mark heuristic and quote_failed
9bL8Pptpb8M2jEAb63EoarA6Po6Akarpha3JPzQfXGS3,1000,24h,conservative,1,0.0005,20,0.15588,-20.15538,-2.0155,False,0.3,True,expanded_partial_feed,no quote success; mark heuristic and quote_failed
9bL8Pptpb8M2jEAb63EoarA6Po6Akarpha3JPzQfXGS3,1000,7d,zero_il_lvr,1,0.0005,0,0.15588,-0.15538,-0.0155,False,0.3,True,expanded_partial_feed,no quote success; mark heuristic and quote_failed
9bL8Pptpb8M2jEAb63EoarA6Po6Akarpha3JPzQfXGS3,1000,7d,optimistic,1,0.0005,1,0.15588,-1.15538,-0.1155,False,0.3,True,expanded_partial_feed,no quote success; mark heuristic and quote_failed
9bL8Pptpb8M2jEAb63EoarA6Po6Akarpha3JPzQfXGS3,1000,7d,realistic,1,0.0005,5,0.15588,-5.15538,-0.5155,False,0.3,True,expanded_partial_feed,no quote success; mark heuristic and quote_failed
9bL8Pptpb8M2jEAb63EoarA6Po6Akarpha3JPzQfXGS3,1000,7d,conservative,1,0.0005,20,0.15588,-20.15538,-2.0155,False,0.3,True,expanded_partial_feed,no quote success; mark heuristic and quote_failed
9bL8Pptpb8M2jEAb63EoarA6Po6Akarpha3JPzQfXGS3,2000,15m,zero_il_lvr,1,0.001,0,0.15588,-0.15488,-0.0077,False,0.3,True,expanded_partial_feed,no quote success; mark heuristic and quote_failed
9bL8Pptpb8M2jEAb63EoarA6Po6Akarpha3JPzQfXGS3,2000,15m,optimistic,1,0.001,2,0.15588,-2.15488,-0.1077,False,0.3,True,expanded_partial_feed,no quote success; mark heuristic and quote_failed
9bL8Pptpb8M2jEAb63EoarA6Po6Akarpha3JPzQfXGS3,2000,15m,realistic,1,0.001,10,0.15588,-10.15488,-0.5077,False,0.3,True,expanded_partial_feed,no quote success; mark heuristic and quote_failed
9bL8Pptpb8M2jEAb63EoarA6Po6Akarpha3JPzQfXGS3,2000,15m,conservative,1,0.001,40,0.15588,-40.15488,-2.0077,False,0.3,True,expanded_partial_feed,no quote success; mark heuristic and quote_failed
9bL8Pptpb8M2jEAb63EoarA6Po6Akarpha3JPzQfXGS3,2000,30m,zero_il_lvr,1,0.001,0,0.15588,-0.15488,-0.0077,False,0.3,True,expanded_partial_feed,no quote success; mark heuristic and quote_failed
9bL8Pptpb8M2jEAb63EoarA6Po6Akarpha3JPzQfXGS3,2000,30m,optimistic,1,0.001,2,0.15588,-2.15488,-0.1077,False,0.3,True,expanded_partial_feed,no quote success; mark heuristic and quote_failed
9bL8Pptpb8M2jEAb63EoarA6Po6Akarpha3JPzQfXGS3,2000,30m,realistic,1,0.001,10,0.15588,-10.15488,-0.5077,False,0.3,True,expanded_partial_feed,no quote success; mark heuristic and quote_failed
9bL8Pptpb8M2jEAb63EoarA6Po6Akarpha3JPzQfXGS3,2000,30m,conservative,1,0.001,40,0.15588,-40.15488,-2.0077,False,0.3,True,expanded_partial_feed,no quote success; mark heuristic and quote_failed
9bL8Pptpb8M2jEAb63EoarA6Po6Akarpha3JPzQfXGS3,2000,1h,zero_il_lvr,1,0.001,0,0.15588,-0.15488,-0.0077,False,0.3,True,expanded_partial_feed,no quote success; mark heuristic and quote_failed
9bL8Pptpb8M2jEAb63EoarA6Po6Akarpha3JPzQfXGS3,2000,1h,optimistic,1,0.001,2,0.15588,-2.15488,-0.1077,False,0.3,True,expanded_partial_feed,no quote success; mark heuristic and quote_failed
9bL8Pptpb8M2jEAb63EoarA6Po6Akarpha3JPzQfXGS3,2000,1h,realistic,1,0.001,10,0.15588,-10.15488,-0.5077,False,0.3,True,expanded_partial_feed,no quote success; mark heuristic and quote_failed
9bL8Pptpb8M2jEAb63EoarA6Po6Akarpha3JPzQfXGS3,2000,1h,conservative,1,0.001,40,0.15588,-40.15488,-2.0077,False,0.3,True,expanded_partial_feed,no quote success; mark heuristic and quote_failed
9bL8Pptpb8M2jEAb63EoarA6Po6Akarpha3JPzQfXGS3,2000,2h,zero_il_lvr,1,0.001,0,0.15588,-0.15488,-0.0077,False,0.3,True,expanded_partial_feed,no quote success; mark heuristic and quote_failed
9bL8Pptpb8M2jEAb63EoarA6Po6Akarpha3JPzQfXGS3,2000,2h,optimistic,1,0.001,2,0.15588,-2.15488,-0.1077,False,0.3,True,expanded_partial_feed,no quote success; mark heuristic and quote_failed
9bL8Pptpb8M2jEAb63EoarA6Po6Akarpha3JPzQfXGS3,2000,2h,realistic,1,0.001,10,0.15588,-10.15488,-0.5077,False,0.3,True,expanded_partial_feed,no quote success; mark heuristic and quote_failed
9bL8Pptpb8M2jEAb63EoarA6Po6Akarpha3JPzQfXGS3,2000,2h,conservative,1,0.001,40,0.15588,-40.15488,-2.0077,False,0.3,True,expanded_partial_feed,no quote success; mark heuristic and quote_failed
9bL8Pptpb8M2jEAb63EoarA6Po6Akarpha3JPzQfXGS3,2000,6h,zero_il_lvr,1,0.001,0,0.15588,-0.15488,-0.0077,False,0.3,True,expanded_partial_feed,no quote success; mark heuristic and quote_failed
9bL8Pptpb8M2jEAb63EoarA6Po6Akarpha3JPzQfXGS3,2000,6h,optimistic,1,0.001,2,0.15588,-2.15488,-0.1077,False,0.3,True,expanded_partial_feed,no quote success; mark heuristic and quote_failed
9bL8Pptpb8M2jEAb63EoarA6Po6Akarpha3JPzQfXGS3,2000,6h,realistic,1,0.001,10,0.15588,-10.15488,-0.5077,False,0.3,True,expanded_partial_feed,no quote success; mark heuristic and quote_failed
9bL8Pptpb8M2jEAb63EoarA6Po6Akarpha3JPzQfXGS3,2000,6h,conservative,1,0.001,40,0.15588,-40.15488,-2.0077,False,0.3,True,expanded_partial_feed,no quote success; mark heuristic and quote_failed
9bL8Pptpb8M2jEAb63EoarA6Po6Akarpha3JPzQfXGS3,2000,24h,zero_il_lvr,1,0.001,0,0.15588,-0.15488,-0.0077,False,0.3,True,expanded_partial_feed,no quote success; mark heuristic and quote_failed
9bL8Pptpb8M2jEAb63EoarA6Po6Akarpha3JPzQfXGS3,2000,24h,optimistic,1,0.001,2,0.15588,-2.15488,-0.1077,False,0.3,True,expanded_partial_feed,no quote success; mark heuristic and quote_failed
9bL8Pptpb8M2jEAb63EoarA6Po6Akarpha3JPzQfXGS3,2000,24h,realistic,1,0.001,10,0.15588,-10.15488,-0.5077,False,0.3,True,expanded_partial_feed,no quote success; mark heuristic and quote_failed
9bL8Pptpb8M2jEAb63EoarA6Po6Akarpha3JPzQfXGS3,2000,24h,conservative,1,0.001,40,0.15588,-40.15488,-2.0077,False,0.3,True,expanded_partial_feed,no quote success; mark heuristic and quote_failed
9bL8Pptpb8M2jEAb63EoarA6Po6Akarpha3JPzQfXGS3,2000,7d,zero_il_lvr,1,0.001,0,0.15588,-0.15488,-0.0077,False,0.3,True,expanded_partial_feed,no quote success; mark heuristic and quote_failed
9bL8Pptpb8M2jEAb63EoarA6Po6Akarpha3JPzQfXGS3,2000,7d,optimistic,1,0.001,2,0.15588,-2.15488,-0.1077,False,0.3,True,expanded_partial_feed,no quote success; mark heuristic and quote_failed
9bL8Pptpb8M2jEAb63EoarA6Po6Akarpha3JPzQfXGS3,2000,7d,realistic,1,0.001,10,0.15588,-10.15488,-0.5077,False,0.3,True,expanded_partial_feed,no quote success; mark heuristic and quote_failed
9bL8Pptpb8M2jEAb63EoarA6Po6Akarpha3JPzQfXGS3,2000,7d,conservative,1,0.001,40,0.15588,-40.15488,-2.0077,False,0.3,True,expanded_partial_feed,no quote success; mark heuristic and quote_failed
8ztFxjFPfVUtEf4SLSapcFj8GW2dxyUA9no2bLPq7H7V,10,15m,zero_il_lvr,0.2,1e-06,0,0.15588,-0.155879,-1.5588,False,0.3,True,expanded_partial_feed,no quote success; mark heuristic and quote_failed
8ztFxjFPfVUtEf4SLSapcFj8GW2dxyUA9no2bLPq7H7V,10,15m,optimistic,0.2,1e-06,0.01,0.15588,-0.165879,-1.6588,False,0.3,True,expanded_partial_feed,no quote success; mark heuristic and quote_failed
8ztFxjFPfVUtEf4SLSapcFj8GW2dxyUA9no2bLPq7H7V,10,15m,realistic,0.2,1e-06,0.05,0.15588,-0.205879,-2.0588,False,0.3,True,expanded_partial_feed,no quote success; mark heuristic and quote_failed
8ztFxjFPfVUtEf4SLSapcFj8GW2dxyUA9no2bLPq7H7V,10,15m,conservative,0.2,1e-06,0.2,0.15588,-0.355879,-3.5588,False,0.3,True,expanded_partial_feed,no quote success; mark heuristic and quote_failed
8ztFxjFPfVUtEf4SLSapcFj8GW2dxyUA9no2bLPq7H7V,10,30m,zero_il_lvr,0.2,1e-06,0,0.15588,-0.155879,-1.5588,False,0.3,True,expanded_partial_feed,no quote success; mark heuristic and quote_failed
8ztFxjFPfVUtEf4SLSapcFj8GW2dxyUA9no2bLPq7H7V,10,30m,optimistic,0.2,1e-06,0.01,0.15588,-0.165879,-1.6588,False,0.3,True,expanded_partial_feed,no quote success; mark heuristic and quote_failed
8ztFxjFPfVUtEf4SLSapcFj8GW2dxyUA9no2bLPq7H7V,10,30m,realistic,0.2,1e-06,0.05,0.15588,-0.205879,-2.0588,False,0.3,True,expanded_partial_feed,no quote success; mark heuristic and quote_failed
8ztFxjFPfVUtEf4SLSapcFj8GW2dxyUA9no2bLPq7H7V,10,30m,conservative,0.2,1e-06,0.2,0.15588,-0.355879,-3.5588,False,0.3,True,expanded_partial_feed,no quote success; mark heuristic and quote_failed
8ztFxjFPfVUtEf4SLSapcFj8GW2dxyUA9no2bLPq7H7V,10,1h,zero_il_lvr,0.2,1e-06,0,0.15588,-0.155879,-1.5588,False,0.3,True,expanded_partial_feed,no quote success; mark heuristic and quote_failed
8ztFxjFPfVUtEf4SLSapcFj8GW2dxyUA9no2bLPq7H7V,10,1h,optimistic,0.2,1e-06,0.01,0.15588,-0.165879,-1.6588,False,0.3,True,expanded_partial_feed,no quote success; mark heuristic and quote_failed
8ztFxjFPfVUtEf4SLSapcFj8GW2dxyUA9no2bLPq7H7V,10,1h,realistic,0.2,1e-06,0.05,0.15588,-0.205879,-2.0588,False,0.3,True,expanded_partial_feed,no quote success; mark heuristic and quote_failed
8ztFxjFPfVUtEf4SLSapcFj8GW2dxyUA9no2bLPq7H7V,10,1h,conservative,0.2,1e-06,0.2,0.15588,-0.355879,-3.5588,False,0.3,True,expanded_partial_feed,no quote success; mark heuristic and quote_failed
8ztFxjFPfVUtEf4SLSapcFj8GW2dxyUA9no2bLPq7H7V,10,2h,zero_il_lvr,0.2,1e-06,0,0.15588,-0.155879,-1.5588,False,0.3,True,expanded_partial_feed,no quote success; mark heuristic and quote_failed
8ztFxjFPfVUtEf4SLSapcFj8GW2dxyUA9no2bLPq7H7V,10,2h,optimistic,0.2,1e-06,0.01,0.15588,-0.165879,-1.6588,False,0.3,True,expanded_partial_feed,no quote success; mark heuristic and quote_failed
8ztFxjFPfVUtEf4SLSapcFj8GW2dxyUA9no2bLPq7H7V,10,2h,realistic,0.2,1e-06,0.05,0.15588,-0.205879,-2.0588,False,0.3,True,expanded_partial_feed,no quote success; mark heuristic and quote_failed
8ztFxjFPfVUtEf4SLSapcFj8GW2dxyUA9no2bLPq7H7V,10,2h,conservative,0.2,1e-06,0.2,0.15588,-0.355879,-3.5588,False,0.3,True,expanded_partial_feed,no quote success; mark heuristic and quote_failed
8ztFxjFPfVUtEf4SLSapcFj8GW2dxyUA9no2bLPq7H7V,10,6h,zero_il_lvr,0.2,1e-06,0,0.15588,-0.155879,-1.5588,False,0.3,True,expanded_partial_feed,no quote success; mark heuristic and quote_failed
8ztFxjFPfVUtEf4SLSapcFj8GW2dxyUA9no2bLPq7H7V,10,6h,optimistic,0.2,1e-06,0.01,0.15588,-0.165879,-1.6588,False,0.3,True,expanded_partial_feed,no quote success; mark heuristic and quote_failed
8ztFxjFPfVUtEf4SLSapcFj8GW2dxyUA9no2bLPq7H7V,10,6h,realistic,0.2,1e-06,0.05,0.15588,-0.205879,-2.0588,False,0.3,True,expanded_partial_feed,no quote success; mark heuristic and quote_failed
8ztFxjFPfVUtEf4SLSapcFj8GW2dxyUA9no2bLPq7H7V,10,6h,conservative,0.2,1e-06,0.2,0.15588,-0.355879,-3.5588,False,0.3,True,expanded_partial_feed,no quote success; mark heuristic and quote_failed
8ztFxjFPfVUtEf4SLSapcFj8GW2dxyUA9no2bLPq7H7V,10,24h,zero_il_lvr,0.2,1e-06,0,0.15588,-0.155879,-1.5588,False,0.3,True,expanded_partial_feed,no quote success; mark heuristic and quote_failed
8ztFxjFPfVUtEf4SLSapcFj8GW2dxyUA9no2bLPq7H7V,10,24h,optimistic,0.2,1e-06,0.01,0.15588,-0.165879,-1.6588,False,0.3,True,expanded_partial_feed,no quote success; mark heuristic and quote_failed
8ztFxjFPfVUtEf4SLSapcFj8GW2dxyUA9no2bLPq7H7V,10,24h,realistic,0.2,1e-06,0.05,0.15588,-0.205879,-2.0588,False,0.3,True,expanded_partial_feed,no quote success; mark heuristic and quote_failed
8ztFxjFPfVUtEf4SLSapcFj8GW2dxyUA9no2bLPq7H7V,10,24h,conservative,0.2,1e-06,0.2,0.15588,-0.355879,-3.5588,False,0.3,True,expanded_partial_feed,no quote success; mark heuristic and quote_failed
8ztFxjFPfVUtEf4SLSapcFj8GW2dxyUA9no2bLPq7H7V,10,7d,zero_il_lvr,0.2,1e-06,0,0.15588,-0.155879,-1.5588,False,0.3,True,expanded_partial_feed,no quote success; mark heuristic and quote_failed
8ztFxjFPfVUtEf4SLSapcFj8GW2dxyUA9no2bLPq7H7V,10,7d,optimistic,0.2,1e-06,0.01,0.15588,-0.165879,-1.6588,False,0.3,True,expanded_partial_feed,no quote success; mark heuristic and quote_failed
8ztFxjFPfVUtEf4SLSapcFj8GW2dxyUA9no2bLPq7H7V,10,7d,realistic,0.2,1e-06,0.05,0.15588,-0.205879,-2.0588,False,0.3,True,expanded_partial_feed,no quote success; mark heuristic and quote_failed
8ztFxjFPfVUtEf4SLSapcFj8GW2dxyUA9no2bLPq7H7V,10,7d,conservative,0.2,1e-06,0.2,0.15588,-0.355879,-3.5588,False,0.3,True,expanded_partial_feed,no quote success; mark heuristic and quote_failed
8ztFxjFPfVUtEf4SLSapcFj8GW2dxyUA9no2bLPq7H7V,20,15m,zero_il_lvr,0.2,2e-06,0,0.15588,-0.155878,-0.7794,False,0.3,True,expanded_partial_feed,no quote success; mark heuristic and quote_failed
8ztFxjFPfVUtEf4SLSapcFj8GW2dxyUA9no2bLPq7H7V,20,15m,optimistic,0.2,2e-06,0.02,0.15588,-0.175878,-0.8794,False,0.3,True,expanded_partial_feed,no quote success; mark heuristic and quote_failed
8ztFxjFPfVUtEf4SLSapcFj8GW2dxyUA9no2bLPq7H7V,20,15m,realistic,0.2,2e-06,0.1,0.15588,-0.255878,-1.2794,False,0.3,True,expanded_partial_feed,no quote success; mark heuristic and quote_failed
8ztFxjFPfVUtEf4SLSapcFj8GW2dxyUA9no2bLPq7H7V,20,15m,conservative,0.2,2e-06,0.4,0.15588,-0.555878,-2.7794,False,0.3,True,expanded_partial_feed,no quote success; mark heuristic and quote_failed
8ztFxjFPfVUtEf4SLSapcFj8GW2dxyUA9no2bLPq7H7V,20,30m,zero_il_lvr,0.2,2e-06,0,0.15588,-0.155878,-0.7794,False,0.3,True,expanded_partial_feed,no quote success; mark heuristic and quote_failed
8ztFxjFPfVUtEf4SLSapcFj8GW2dxyUA9no2bLPq7H7V,20,30m,optimistic,0.2,2e-06,0.02,0.15588,-0.175878,-0.8794,False,0.3,True,expanded_partial_feed,no quote success; mark heuristic and quote_failed
8ztFxjFPfVUtEf4SLSapcFj8GW2dxyUA9no2bLPq7H7V,20,30m,realistic,0.2,2e-06,0.1,0.15588,-0.255878,-1.2794,False,0.3,True,expanded_partial_feed,no quote success; mark heuristic and quote_failed
8ztFxjFPfVUtEf4SLSapcFj8GW2dxyUA9no2bLPq7H7V,20,30m,conservative,0.2,2e-06,0.4,0.15588,-0.555878,-2.7794,False,0.3,True,expanded_partial_feed,no quote success; mark heuristic and quote_failed
8ztFxjFPfVUtEf4SLSapcFj8GW2dxyUA9no2bLPq7H7V,20,1h,zero_il_lvr,0.2,2e-06,0,0.15588,-0.155878,-0.7794,False,0.3,True,expanded_partial_feed,no quote success; mark heuristic and quote_failed
8ztFxjFPfVUtEf4SLSapcFj8GW2dxyUA9no2bLPq7H7V,20,1h,optimistic,0.2,2e-06,0.02,0.15588,-0.175878,-0.8794,False,0.3,True,expanded_partial_feed,no quote success; mark heuristic and quote_failed
8ztFxjFPfVUtEf4SLSapcFj8GW2dxyUA9no2bLPq7H7V,20,1h,realistic,0.2,2e-06,0.1,0.15588,-0.255878,-1.2794,False,0.3,True,expanded_partial_feed,no quote success; mark heuristic and quote_failed
8ztFxjFPfVUtEf4SLSapcFj8GW2dxyUA9no2bLPq7H7V,20,1h,conservative,0.2,2e-06,0.4,0.15588,-0.555878,-2.7794,False,0.3,True,expanded_partial_feed,no quote success; mark heuristic and quote_failed
8ztFxjFPfVUtEf4SLSapcFj8GW2dxyUA9no2bLPq7H7V,20,2h,zero_il_lvr,0.2,2e-06,0,0.15588,-0.155878,-0.7794,False,0.3,True,expanded_partial_feed,no quote success; mark heuristic and quote_failed
8ztFxjFPfVUtEf4SLSapcFj8GW2dxyUA9no2bLPq7H7V,20,2h,optimistic,0.2,2e-06,0.02,0.15588,-0.175878,-0.8794,False,0.3,True,expanded_partial_feed,no quote success; mark heuristic and quote_failed
8ztFxjFPfVUtEf4SLSapcFj8GW2dxyUA9no2bLPq7H7V,20,2h,realistic,0.2,2e-06,0.1,0.15588,-0.255878,-1.2794,False,0.3,True,expanded_partial_feed,no quote success; mark heuristic and quote_failed
8ztFxjFPfVUtEf4SLSapcFj8GW2dxyUA9no2bLPq7H7V,20,2h,conservative,0.2,2e-06,0.4,0.15588,-0.555878,-2.7794,False,0.3,True,expanded_partial_feed,no quote success; mark heuristic and quote_failed
8ztFxjFPfVUtEf4SLSapcFj8GW2dxyUA9no2bLPq7H7V,20,6h,zero_il_lvr,0.2,2e-06,0,0.15588,-0.155878,-0.7794,False,0.3,True,expanded_partial_feed,no quote success; mark heuristic and quote_failed
8ztFxjFPfVUtEf4SLSapcFj8GW2dxyUA9no2bLPq7H7V,20,6h,optimistic,0.2,2e-06,0.02,0.15588,-0.175878,-0.8794,False,0.3,True,expanded_partial_feed,no quote success; mark heuristic and quote_failed
8ztFxjFPfVUtEf4SLSapcFj8GW2dxyUA9no2bLPq7H7V,20,6h,realistic,0.2,2e-06,0.1,0.15588,-0.255878,-1.2794,False,0.3,True,expanded_partial_feed,no quote success; mark heuristic and quote_failed
8ztFxjFPfVUtEf4SLSapcFj8GW2dxyUA9no2bLPq7H7V,20,6h,conservative,0.2,2e-06,0.4,0.15588,-0.555878,-2.7794,False,0.3,True,expanded_partial_feed,no quote success; mark heuristic and quote_failed
8ztFxjFPfVUtEf4SLSapcFj8GW2dxyUA9no2bLPq7H7V,20,24h,zero_il_lvr,0.2,2e-06,0,0.15588,-0.155878,-0.7794,False,0.3,True,expanded_partial_feed,no quote success; mark heuristic and quote_failed
8ztFxjFPfVUtEf4SLSapcFj8GW2dxyUA9no2bLPq7H7V,20,24h,optimistic,0.2,2e-06,0.02,0.15588,-0.175878,-0.8794,False,0.3,True,expanded_partial_feed,no quote success; mark heuristic and quote_failed
8ztFxjFPfVUtEf4SLSapcFj8GW2dxyUA9no2bLPq7H7V,20,24h,realistic,0.2,2e-06,0.1,0.15588,-0.255878,-1.2794,False,0.3,True,expanded_partial_feed,no quote success; mark heuristic and quote_failed
8ztFxjFPfVUtEf4SLSapcFj8GW2dxyUA9no2bLPq7H7V,20,24h,conservative,0.2,2e-06,0.4,0.15588,-0.555878,-2.7794,False,0.3,True,expanded_partial_feed,no quote success; mark heuristic and quote_failed
8ztFxjFPfVUtEf4SLSapcFj8GW2dxyUA9no2bLPq7H7V,20,7d,zero_il_lvr,0.2,2e-06,0,0.15588,-0.155878,-0.7794,False,0.3,True,expanded_partial_feed,no quote success; mark heuristic and quote_failed
8ztFxjFPfVUtEf4SLSapcFj8GW2dxyUA9no2bLPq7H7V,20,7d,optimistic,0.2,2e-06,0.02,0.15588,-0.175878,-0.8794,False,0.3,True,expanded_partial_feed,no quote success; mark heuristic and quote_failed
8ztFxjFPfVUtEf4SLSapcFj8GW2dxyUA9no2bLPq7H7V,20,7d,realistic,0.2,2e-06,0.1,0.15588,-0.255878,-1.2794,False,0.3,True,expanded_partial_feed,no quote success; mark heuristic and quote_failed
8ztFxjFPfVUtEf4SLSapcFj8GW2dxyUA9no2bLPq7H7V,20,7d,conservative,0.2,2e-06,0.4,0.15588,-0.555878,-2.7794,False,0.3,True,expanded_partial_feed,no quote success; mark heuristic and quote_failed
8ztFxjFPfVUtEf4SLSapcFj8GW2dxyUA9no2bLPq7H7V,100,15m,zero_il_lvr,0.2,1e-05,0,0.15588,-0.15587,-0.1559,False,0.3,True,expanded_partial_feed,no quote success; mark heuristic and quote_failed
8ztFxjFPfVUtEf4SLSapcFj8GW2dxyUA9no2bLPq7H7V,100,15m,optimistic,0.2,1e-05,0.1,0.15588,-0.25587,-0.2559,False,0.3,True,expanded_partial_feed,no quote success; mark heuristic and quote_failed
8ztFxjFPfVUtEf4SLSapcFj8GW2dxyUA9no2bLPq7H7V,100,15m,realistic,0.2,1e-05,0.5,0.15588,-0.65587,-0.6559,False,0.3,True,expanded_partial_feed,no quote success; mark heuristic and quote_failed
8ztFxjFPfVUtEf4SLSapcFj8GW2dxyUA9no2bLPq7H7V,100,15m,conservative,0.2,1e-05,2,0.15588,-2.15587,-2.1559,False,0.3,True,expanded_partial_feed,no quote success; mark heuristic and quote_failed
8ztFxjFPfVUtEf4SLSapcFj8GW2dxyUA9no2bLPq7H7V,100,30m,zero_il_lvr,0.2,1e-05,0,0.15588,-0.15587,-0.1559,False,0.3,True,expanded_partial_feed,no quote success; mark heuristic and quote_failed
8ztFxjFPfVUtEf4SLSapcFj8GW2dxyUA9no2bLPq7H7V,100,30m,optimistic,0.2,1e-05,0.1,0.15588,-0.25587,-0.2559,False,0.3,True,expanded_partial_feed,no quote success; mark heuristic and quote_failed
8ztFxjFPfVUtEf4SLSapcFj8GW2dxyUA9no2bLPq7H7V,100,30m,realistic,0.2,1e-05,0.5,0.15588,-0.65587,-0.6559,False,0.3,True,expanded_partial_feed,no quote success; mark heuristic and quote_failed
8ztFxjFPfVUtEf4SLSapcFj8GW2dxyUA9no2bLPq7H7V,100,30m,conservative,0.2,1e-05,2,0.15588,-2.15587,-2.1559,False,0.3,True,expanded_partial_feed,no quote success; mark heuristic and quote_failed
8ztFxjFPfVUtEf4SLSapcFj8GW2dxyUA9no2bLPq7H7V,100,1h,zero_il_lvr,0.2,1e-05,0,0.15588,-0.15587,-0.1559,False,0.3,True,expanded_partial_feed,no quote success; mark heuristic and quote_failed
8ztFxjFPfVUtEf4SLSapcFj8GW2dxyUA9no2bLPq7H7V,100,1h,optimistic,0.2,1e-05,0.1,0.15588,-0.25587,-0.2559,False,0.3,True,expanded_partial_feed,no quote success; mark heuristic and quote_failed
8ztFxjFPfVUtEf4SLSapcFj8GW2dxyUA9no2bLPq7H7V,100,1h,realistic,0.2,1e-05,0.5,0.15588,-0.65587,-0.6559,False,0.3,True,expanded_partial_feed,no quote success; mark heuristic and quote_failed
8ztFxjFPfVUtEf4SLSapcFj8GW2dxyUA9no2bLPq7H7V,100,1h,conservative,0.2,1e-05,2,0.15588,-2.15587,-2.1559,False,0.3,True,expanded_partial_feed,no quote success; mark heuristic and quote_failed
8ztFxjFPfVUtEf4SLSapcFj8GW2dxyUA9no2bLPq7H7V,100,2h,zero_il_lvr,0.2,1e-05,0,0.15588,-0.15587,-0.1559,False,0.3,True,expanded_partial_feed,no quote success; mark heuristic and quote_failed
8ztFxjFPfVUtEf4SLSapcFj8GW2dxyUA9no2bLPq7H7V,100,2h,optimistic,0.2,1e-05,0.1,0.15588,-0.25587,-0.2559,False,0.3,True,expanded_partial_feed,no quote success; mark heuristic and quote_failed
8ztFxjFPfVUtEf4SLSapcFj8GW2dxyUA9no2bLPq7H7V,100,2h,realistic,0.2,1e-05,0.5,0.15588,-0.65587,-0.6559,False,0.3,True,expanded_partial_feed,no quote success; mark heuristic and quote_failed
8ztFxjFPfVUtEf4SLSapcFj8GW2dxyUA9no2bLPq7H7V,100,2h,conservative,0.2,1e-05,2,0.15588,-2.15587,-2.1559,False,0.3,True,expanded_partial_feed,no quote success; mark heuristic and quote_failed
8ztFxjFPfVUtEf4SLSapcFj8GW2dxyUA9no2bLPq7H7V,100,6h,zero_il_lvr,0.2,1e-05,0,0.15588,-0.15587,-0.1559,False,0.3,True,expanded_partial_feed,no quote success; mark heuristic and quote_failed
8ztFxjFPfVUtEf4SLSapcFj8GW2dxyUA9no2bLPq7H7V,100,6h,optimistic,0.2,1e-05,0.1,0.15588,-0.25587,-0.2559,False,0.3,True,expanded_partial_feed,no quote success; mark heuristic and quote_failed
8ztFxjFPfVUtEf4SLSapcFj8GW2dxyUA9no2bLPq7H7V,100,6h,realistic,0.2,1e-05,0.5,0.15588,-0.65587,-0.6559,False,0.3,True,expanded_partial_feed,no quote success; mark heuristic and quote_failed
8ztFxjFPfVUtEf4SLSapcFj8GW2dxyUA9no2bLPq7H7V,100,6h,conservative,0.2,1e-05,2,0.15588,-2.15587,-2.1559,False,0.3,True,expanded_partial_feed,no quote success; mark heuristic and quote_failed
8ztFxjFPfVUtEf4SLSapcFj8GW2dxyUA9no2bLPq7H7V,100,24h,zero_il_lvr,0.2,1e-05,0,0.15588,-0.15587,-0.1559,False,0.3,True,expanded_partial_feed,no quote success; mark heuristic and quote_failed
8ztFxjFPfVUtEf4SLSapcFj8GW2dxyUA9no2bLPq7H7V,100,24h,optimistic,0.2,1e-05,0.1,0.15588,-0.25587,-0.2559,False,0.3,True,expanded_partial_feed,no quote success; mark heuristic and quote_failed
8ztFxjFPfVUtEf4SLSapcFj8GW2dxyUA9no2bLPq7H7V,100,24h,realistic,0.2,1e-05,0.5,0.15588,-0.65587,-0.6559,False,0.3,True,expanded_partial_feed,no quote success; mark heuristic and quote_failed
8ztFxjFPfVUtEf4SLSapcFj8GW2dxyUA9no2bLPq7H7V,100,24h,conservative,0.2,1e-05,2,0.15588,-2.15587,-2.1559,False,0.3,True,expanded_partial_feed,no quote success; mark heuristic and quote_failed
8ztFxjFPfVUtEf4SLSapcFj8GW2dxyUA9no2bLPq7H7V,100,7d,zero_il_lvr,0.2,1e-05,0,0.15588,-0.15587,-0.1559,False,0.3,True,expanded_partial_feed,no quote success; mark heuristic and quote_failed
8ztFxjFPfVUtEf4SLSapcFj8GW2dxyUA9no2bLPq7H7V,100,7d,optimistic,0.2,1e-05,0.1,0.15588,-0.25587,-0.2559,False,0.3,True,expanded_partial_feed,no quote success; mark heuristic and quote_failed
8ztFxjFPfVUtEf4SLSapcFj8GW2dxyUA9no2bLPq7H7V,100,7d,realistic,0.2,1e-05,0.5,0.15588,-0.65587,-0.6559,False,0.3,True,expanded_partial_feed,no quote success; mark heuristic and quote_failed
8ztFxjFPfVUtEf4SLSapcFj8GW2dxyUA9no2bLPq7H7V,100,7d,conservative,0.2,1e-05,2,0.15588,-2.15587,-2.1559,False,0.3,True,expanded_partial_feed,no quote success; mark heuristic and quote_failed
8ztFxjFPfVUtEf4SLSapcFj8GW2dxyUA9no2bLPq7H7V,500,15m,zero_il_lvr,0.2,5e-05,0,0.15588,-0.15583,-0.0312,False,0.3,True,expanded_partial_feed,no quote success; mark heuristic and quote_failed
8ztFxjFPfVUtEf4SLSapcFj8GW2dxyUA9no2bLPq7H7V,500,15m,optimistic,0.2,5e-05,0.5,0.15588,-0.65583,-0.1312,False,0.3,True,expanded_partial_feed,no quote success; mark heuristic and quote_failed
8ztFxjFPfVUtEf4SLSapcFj8GW2dxyUA9no2bLPq7H7V,500,15m,realistic,0.2,5e-05,2.5,0.15588,-2.65583,-0.5312,False,0.3,True,expanded_partial_feed,no quote success; mark heuristic and quote_failed
8ztFxjFPfVUtEf4SLSapcFj8GW2dxyUA9no2bLPq7H7V,500,15m,conservative,0.2,5e-05,10,0.15588,-10.15583,-2.0312,False,0.3,True,expanded_partial_feed,no quote success; mark heuristic and quote_failed
8ztFxjFPfVUtEf4SLSapcFj8GW2dxyUA9no2bLPq7H7V,500,30m,zero_il_lvr,0.2,5e-05,0,0.15588,-0.15583,-0.0312,False,0.3,True,expanded_partial_feed,no quote success; mark heuristic and quote_failed
8ztFxjFPfVUtEf4SLSapcFj8GW2dxyUA9no2bLPq7H7V,500,30m,optimistic,0.2,5e-05,0.5,0.15588,-0.65583,-0.1312,False,0.3,True,expanded_partial_feed,no quote success; mark heuristic and quote_failed
8ztFxjFPfVUtEf4SLSapcFj8GW2dxyUA9no2bLPq7H7V,500,30m,realistic,0.2,5e-05,2.5,0.15588,-2.65583,-0.5312,False,0.3,True,expanded_partial_feed,no quote success; mark heuristic and quote_failed
8ztFxjFPfVUtEf4SLSapcFj8GW2dxyUA9no2bLPq7H7V,500,30m,conservative,0.2,5e-05,10,0.15588,-10.15583,-2.0312,False,0.3,True,expanded_partial_feed,no quote success; mark heuristic and quote_failed
8ztFxjFPfVUtEf4SLSapcFj8GW2dxyUA9no2bLPq7H7V,500,1h,zero_il_lvr,0.2,5e-05,0,0.15588,-0.15583,-0.0312,False,0.3,True,expanded_partial_feed,no quote success; mark heuristic and quote_failed
8ztFxjFPfVUtEf4SLSapcFj8GW2dxyUA9no2bLPq7H7V,500,1h,optimistic,0.2,5e-05,0.5,0.15588,-0.65583,-0.1312,False,0.3,True,expanded_partial_feed,no quote success; mark heuristic and quote_failed
8ztFxjFPfVUtEf4SLSapcFj8GW2dxyUA9no2bLPq7H7V,500,1h,realistic,0.2,5e-05,2.5,0.15588,-2.65583,-0.5312,False,0.3,True,expanded_partial_feed,no quote success; mark heuristic and quote_failed
8ztFxjFPfVUtEf4SLSapcFj8GW2dxyUA9no2bLPq7H7V,500,1h,conservative,0.2,5e-05,10,0.15588,-10.15583,-2.0312,False,0.3,True,expanded_partial_feed,no quote success; mark heuristic and quote_failed
8ztFxjFPfVUtEf4SLSapcFj8GW2dxyUA9no2bLPq7H7V,500,2h,zero_il_lvr,0.2,5e-05,0,0.15588,-0.15583,-0.0312,False,0.3,True,expanded_partial_feed,no quote success; mark heuristic and quote_failed
8ztFxjFPfVUtEf4SLSapcFj8GW2dxyUA9no2bLPq7H7V,500,2h,optimistic,0.2,5e-05,0.5,0.15588,-0.65583,-0.1312,False,0.3,True,expanded_partial_feed,no quote success; mark heuristic and quote_failed
8ztFxjFPfVUtEf4SLSapcFj8GW2dxyUA9no2bLPq7H7V,500,2h,realistic,0.2,5e-05,2.5,0.15588,-2.65583,-0.5312,False,0.3,True,expanded_partial_feed,no quote success; mark heuristic and quote_failed
8ztFxjFPfVUtEf4SLSapcFj8GW2dxyUA9no2bLPq7H7V,500,2h,conservative,0.2,5e-05,10,0.15588,-10.15583,-2.0312,False,0.3,True,expanded_partial_feed,no quote success; mark heuristic and quote_failed
8ztFxjFPfVUtEf4SLSapcFj8GW2dxyUA9no2bLPq7H7V,500,6h,zero_il_lvr,0.2,5e-05,0,0.15588,-0.15583,-0.0312,False,0.3,True,expanded_partial_feed,no quote success; mark heuristic and quote_failed
8ztFxjFPfVUtEf4SLSapcFj8GW2dxyUA9no2bLPq7H7V,500,6h,optimistic,0.2,5e-05,0.5,0.15588,-0.65583,-0.1312,False,0.3,True,expanded_partial_feed,no quote success; mark heuristic and quote_failed
8ztFxjFPfVUtEf4SLSapcFj8GW2dxyUA9no2bLPq7H7V,500,6h,realistic,0.2,5e-05,2.5,0.15588,-2.65583,-0.5312,False,0.3,True,expanded_partial_feed,no quote success; mark heuristic and quote_failed
8ztFxjFPfVUtEf4SLSapcFj8GW2dxyUA9no2bLPq7H7V,500,6h,conservative,0.2,5e-05,10,0.15588,-10.15583,-2.0312,False,0.3,True,expanded_partial_feed,no quote success; mark heuristic and quote_failed
8ztFxjFPfVUtEf4SLSapcFj8GW2dxyUA9no2bLPq7H7V,500,24h,zero_il_lvr,0.2,5e-05,0,0.15588,-0.15583,-0.0312,False,0.3,True,expanded_partial_feed,no quote success; mark heuristic and quote_failed
8ztFxjFPfVUtEf4SLSapcFj8GW2dxyUA9no2bLPq7H7V,500,24h,optimistic,0.2,5e-05,0.5,0.15588,-0.65583,-0.1312,False,0.3,True,expanded_partial_feed,no quote success; mark heuristic and quote_failed
8ztFxjFPfVUtEf4SLSapcFj8GW2dxyUA9no2bLPq7H7V,500,24h,realistic,0.2,5e-05,2.5,0.15588,-2.65583,-0.5312,False,0.3,True,expanded_partial_feed,no quote success; mark heuristic and quote_failed
8ztFxjFPfVUtEf4SLSapcFj8GW2dxyUA9no2bLPq7H7V,500,24h,conservative,0.2,5e-05,10,0.15588,-10.15583,-2.0312,False,0.3,True,expanded_partial_feed,no quote success; mark heuristic and quote_failed
8ztFxjFPfVUtEf4SLSapcFj8GW2dxyUA9no2bLPq7H7V,500,7d,zero_il_lvr,0.2,5e-05,0,0.15588,-0.15583,-0.0312,False,0.3,True,expanded_partial_feed,no quote success; mark heuristic and quote_failed
8ztFxjFPfVUtEf4SLSapcFj8GW2dxyUA9no2bLPq7H7V,500,7d,optimistic,0.2,5e-05,0.5,0.15588,-0.65583,-0.1312,False,0.3,True,expanded_partial_feed,no quote success; mark heuristic and quote_failed
8ztFxjFPfVUtEf4SLSapcFj8GW2dxyUA9no2bLPq7H7V,500,7d,realistic,0.2,5e-05,2.5,0.15588,-2.65583,-0.5312,False,0.3,True,expanded_partial_feed,no quote success; mark heuristic and quote_failed
8ztFxjFPfVUtEf4SLSapcFj8GW2dxyUA9no2bLPq7H7V,500,7d,conservative,0.2,5e-05,10,0.15588,-10.15583,-2.0312,False,0.3,True,expanded_partial_feed,no quote success; mark heuristic and quote_failed
8ztFxjFPfVUtEf4SLSapcFj8GW2dxyUA9no2bLPq7H7V,1000,15m,zero_il_lvr,0.2,0.0001,0,0.15588,-0.15578,-0.0156,False,0.3,True,expanded_partial_feed,no quote success; mark heuristic and quote_failed
8ztFxjFPfVUtEf4SLSapcFj8GW2dxyUA9no2bLPq7H7V,1000,15m,optimistic,0.2,0.0001,1,0.15588,-1.15578,-0.1156,False,0.3,True,expanded_partial_feed,no quote success; mark heuristic and quote_failed
8ztFxjFPfVUtEf4SLSapcFj8GW2dxyUA9no2bLPq7H7V,1000,15m,realistic,0.2,0.0001,5,0.15588,-5.15578,-0.5156,False,0.3,True,expanded_partial_feed,no quote success; mark heuristic and quote_failed
8ztFxjFPfVUtEf4SLSapcFj8GW2dxyUA9no2bLPq7H7V,1000,15m,conservative,0.2,0.0001,20,0.15588,-20.15578,-2.0156,False,0.3,True,expanded_partial_feed,no quote success; mark heuristic and quote_failed
8ztFxjFPfVUtEf4SLSapcFj8GW2dxyUA9no2bLPq7H7V,1000,30m,zero_il_lvr,0.2,0.0001,0,0.15588,-0.15578,-0.0156,False,0.3,True,expanded_partial_feed,no quote success; mark heuristic and quote_failed
8ztFxjFPfVUtEf4SLSapcFj8GW2dxyUA9no2bLPq7H7V,1000,30m,optimistic,0.2,0.0001,1,0.15588,-1.15578,-0.1156,False,0.3,True,expanded_partial_feed,no quote success; mark heuristic and quote_failed
8ztFxjFPfVUtEf4SLSapcFj8GW2dxyUA9no2bLPq7H7V,1000,30m,realistic,0.2,0.0001,5,0.15588,-5.15578,-0.5156,False,0.3,True,expanded_partial_feed,no quote success; mark heuristic and quote_failed
8ztFxjFPfVUtEf4SLSapcFj8GW2dxyUA9no2bLPq7H7V,1000,30m,conservative,0.2,0.0001,20,0.15588,-20.15578,-2.0156,False,0.3,True,expanded_partial_feed,no quote success; mark heuristic and quote_failed
8ztFxjFPfVUtEf4SLSapcFj8GW2dxyUA9no2bLPq7H7V,1000,1h,zero_il_lvr,0.2,0.0001,0,0.15588,-0.15578,-0.0156,False,0.3,True,expanded_partial_feed,no quote success; mark heuristic and quote_failed
8ztFxjFPfVUtEf4SLSapcFj8GW2dxyUA9no2bLPq7H7V,1000,1h,optimistic,0.2,0.0001,1,0.15588,-1.15578,-0.1156,False,0.3,True,expanded_partial_feed,no quote success; mark heuristic and quote_failed
8ztFxjFPfVUtEf4SLSapcFj8GW2dxyUA9no2bLPq7H7V,1000,1h,realistic,0.2,0.0001,5,0.15588,-5.15578,-0.5156,False,0.3,True,expanded_partial_feed,no quote success; mark heuristic and quote_failed
8ztFxjFPfVUtEf4SLSapcFj8GW2dxyUA9no2bLPq7H7V,1000,1h,conservative,0.2,0.0001,20,0.15588,-20.15578,-2.0156,False,0.3,True,expanded_partial_feed,no quote success; mark heuristic and quote_failed
8ztFxjFPfVUtEf4SLSapcFj8GW2dxyUA9no2bLPq7H7V,1000,2h,zero_il_lvr,0.2,0.0001,0,0.15588,-0.15578,-0.0156,False,0.3,True,expanded_partial_feed,no quote success; mark heuristic and quote_failed
8ztFxjFPfVUtEf4SLSapcFj8GW2dxyUA9no2bLPq7H7V,1000,2h,optimistic,0.2,0.0001,1,0.15588,-1.15578,-0.1156,False,0.3,True,expanded_partial_feed,no quote success; mark heuristic and quote_failed
8ztFxjFPfVUtEf4SLSapcFj8GW2dxyUA9no2bLPq7H7V,1000,2h,realistic,0.2,0.0001,5,0.15588,-5.15578,-0.5156,False,0.3,True,expanded_partial_feed,no quote success; mark heuristic and quote_failed
8ztFxjFPfVUtEf4SLSapcFj8GW2dxyUA9no2bLPq7H7V,1000,2h,conservative,0.2,0.0001,20,0.15588,-20.15578,-2.0156,False,0.3,True,expanded_partial_feed,no quote success; mark heuristic and quote_failed
8ztFxjFPfVUtEf4SLSapcFj8GW2dxyUA9no2bLPq7H7V,1000,6h,zero_il_lvr,0.2,0.0001,0,0.15588,-0.15578,-0.0156,False,0.3,True,expanded_partial_feed,no quote success; mark heuristic and quote_failed
8ztFxjFPfVUtEf4SLSapcFj8GW2dxyUA9no2bLPq7H7V,1000,6h,optimistic,0.2,0.0001,1,0.15588,-1.15578,-0.1156,False,0.3,True,expanded_partial_feed,no quote success; mark heuristic and quote_failed
8ztFxjFPfVUtEf4SLSapcFj8GW2dxyUA9no2bLPq7H7V,1000,6h,realistic,0.2,0.0001,5,0.15588,-5.15578,-0.5156,False,0.3,True,expanded_partial_feed,no quote success; mark heuristic and quote_failed
8ztFxjFPfVUtEf4SLSapcFj8GW2dxyUA9no2bLPq7H7V,1000,6h,conservative,0.2,0.0001,20,0.15588,-20.15578,-2.0156,False,0.3,True,expanded_partial_feed,no quote success; mark heuristic and quote_failed
8ztFxjFPfVUtEf4SLSapcFj8GW2dxyUA9no2bLPq7H7V,1000,24h,zero_il_lvr,0.2,0.0001,0,0.15588,-0.15578,-0.0156,False,0.3,True,expanded_partial_feed,no quote success; mark heuristic and quote_failed
8ztFxjFPfVUtEf4SLSapcFj8GW2dxyUA9no2bLPq7H7V,1000,24h,optimistic,0.2,0.0001,1,0.15588,-1.15578,-0.1156,False,0.3,True,expanded_partial_feed,no quote success; mark heuristic and quote_failed
8ztFxjFPfVUtEf4SLSapcFj8GW2dxyUA9no2bLPq7H7V,1000,24h,realistic,0.2,0.0001,5,0.15588,-5.15578,-0.5156,False,0.3,True,expanded_partial_feed,no quote success; mark heuristic and quote_failed
8ztFxjFPfVUtEf4SLSapcFj8GW2dxyUA9no2bLPq7H7V,1000,24h,conservative,0.2,0.0001,20,0.15588,-20.15578,-2.0156,False,0.3,True,expanded_partial_feed,no quote success; mark heuristic and quote_failed
8ztFxjFPfVUtEf4SLSapcFj8GW2dxyUA9no2bLPq7H7V,1000,7d,zero_il_lvr,0.2,0.0001,0,0.15588,-0.15578,-0.0156,False,0.3,True,expanded_partial_feed,no quote success; mark heuristic and quote_failed
8ztFxjFPfVUtEf4SLSapcFj8GW2dxyUA9no2bLPq7H7V,1000,7d,optimistic,0.2,0.0001,1,0.15588,-1.15578,-0.1156,False,0.3,True,expanded_partial_feed,no quote success; mark heuristic and quote_failed
8ztFxjFPfVUtEf4SLSapcFj8GW2dxyUA9no2bLPq7H7V,1000,7d,realistic,0.2,0.0001,5,0.15588,-5.15578,-0.5156,False,0.3,True,expanded_partial_feed,no quote success; mark heuristic and quote_failed
8ztFxjFPfVUtEf4SLSapcFj8GW2dxyUA9no2bLPq7H7V,1000,7d,conservative,0.2,0.0001,20,0.15588,-20.15578,-2.0156,False,0.3,True,expanded_partial_feed,no quote success; mark heuristic and quote_failed
8ztFxjFPfVUtEf4SLSapcFj8GW2dxyUA9no2bLPq7H7V,2000,15m,zero_il_lvr,0.2,0.0002,0,0.15588,-0.15568,-0.0078,False,0.3,True,expanded_partial_feed,no quote success; mark heuristic and quote_failed
8ztFxjFPfVUtEf4SLSapcFj8GW2dxyUA9no2bLPq7H7V,2000,15m,optimistic,0.2,0.0002,2,0.15588,-2.15568,-0.1078,False,0.3,True,expanded_partial_feed,no quote success; mark heuristic and quote_failed
8ztFxjFPfVUtEf4SLSapcFj8GW2dxyUA9no2bLPq7H7V,2000,15m,realistic,0.2,0.0002,10,0.15588,-10.15568,-0.5078,False,0.3,True,expanded_partial_feed,no quote success; mark heuristic and quote_failed
8ztFxjFPfVUtEf4SLSapcFj8GW2dxyUA9no2bLPq7H7V,2000,15m,conservative,0.2,0.0002,40,0.15588,-40.15568,-2.0078,False,0.3,True,expanded_partial_feed,no quote success; mark heuristic and quote_failed
8ztFxjFPfVUtEf4SLSapcFj8GW2dxyUA9no2bLPq7H7V,2000,30m,zero_il_lvr,0.2,0.0002,0,0.15588,-0.15568,-0.0078,False,0.3,True,expanded_partial_feed,no quote success; mark heuristic and quote_failed
8ztFxjFPfVUtEf4SLSapcFj8GW2dxyUA9no2bLPq7H7V,2000,30m,optimistic,0.2,0.0002,2,0.15588,-2.15568,-0.1078,False,0.3,True,expanded_partial_feed,no quote success; mark heuristic and quote_failed
8ztFxjFPfVUtEf4SLSapcFj8GW2dxyUA9no2bLPq7H7V,2000,30m,realistic,0.2,0.0002,10,0.15588,-10.15568,-0.5078,False,0.3,True,expanded_partial_feed,no quote success; mark heuristic and quote_failed
8ztFxjFPfVUtEf4SLSapcFj8GW2dxyUA9no2bLPq7H7V,2000,30m,conservative,0.2,0.0002,40,0.15588,-40.15568,-2.0078,False,0.3,True,expanded_partial_feed,no quote success; mark heuristic and quote_failed
8ztFxjFPfVUtEf4SLSapcFj8GW2dxyUA9no2bLPq7H7V,2000,1h,zero_il_lvr,0.2,0.0002,0,0.15588,-0.15568,-0.0078,False,0.3,True,expanded_partial_feed,no quote success; mark heuristic and quote_failed
8ztFxjFPfVUtEf4SLSapcFj8GW2dxyUA9no2bLPq7H7V,2000,1h,optimistic,0.2,0.0002,2,0.15588,-2.15568,-0.1078,False,0.3,True,expanded_partial_feed,no quote success; mark heuristic and quote_failed
8ztFxjFPfVUtEf4SLSapcFj8GW2dxyUA9no2bLPq7H7V,2000,1h,realistic,0.2,0.0002,10,0.15588,-10.15568,-0.5078,False,0.3,True,expanded_partial_feed,no quote success; mark heuristic and quote_failed
8ztFxjFPfVUtEf4SLSapcFj8GW2dxyUA9no2bLPq7H7V,2000,1h,conservative,0.2,0.0002,40,0.15588,-40.15568,-2.0078,False,0.3,True,expanded_partial_feed,no quote success; mark heuristic and quote_failed
8ztFxjFPfVUtEf4SLSapcFj8GW2dxyUA9no2bLPq7H7V,2000,2h,zero_il_lvr,0.2,0.0002,0,0.15588,-0.15568,-0.0078,False,0.3,True,expanded_partial_feed,no quote success; mark heuristic and quote_failed
8ztFxjFPfVUtEf4SLSapcFj8GW2dxyUA9no2bLPq7H7V,2000,2h,optimistic,0.2,0.0002,2,0.15588,-2.15568,-0.1078,False,0.3,True,expanded_partial_feed,no quote success; mark heuristic and quote_failed
8ztFxjFPfVUtEf4SLSapcFj8GW2dxyUA9no2bLPq7H7V,2000,2h,realistic,0.2,0.0002,10,0.15588,-10.15568,-0.5078,False,0.3,True,expanded_partial_feed,no quote success; mark heuristic and quote_failed
8ztFxjFPfVUtEf4SLSapcFj8GW2dxyUA9no2bLPq7H7V,2000,2h,conservative,0.2,0.0002,40,0.15588,-40.15568,-2.0078,False,0.3,True,expanded_partial_feed,no quote success; mark heuristic and quote_failed
8ztFxjFPfVUtEf4SLSapcFj8GW2dxyUA9no2bLPq7H7V,2000,6h,zero_il_lvr,0.2,0.0002,0,0.15588,-0.15568,-0.0078,False,0.3,True,expanded_partial_feed,no quote success; mark heuristic and quote_failed
8ztFxjFPfVUtEf4SLSapcFj8GW2dxyUA9no2bLPq7H7V,2000,6h,optimistic,0.2,0.0002,2,0.15588,-2.15568,-0.1078,False,0.3,True,expanded_partial_feed,no quote success; mark heuristic and quote_failed
8ztFxjFPfVUtEf4SLSapcFj8GW2dxyUA9no2bLPq7H7V,2000,6h,realistic,0.2,0.0002,10,0.15588,-10.15568,-0.5078,False,0.3,True,expanded_partial_feed,no quote success; mark heuristic and quote_failed
8ztFxjFPfVUtEf4SLSapcFj8GW2dxyUA9no2bLPq7H7V,2000,6h,conservative,0.2,0.0002,40,0.15588,-40.15568,-2.0078,False,0.3,True,expanded_partial_feed,no quote success; mark heuristic and quote_failed
8ztFxjFPfVUtEf4SLSapcFj8GW2dxyUA9no2bLPq7H7V,2000,24h,zero_il_lvr,0.2,0.0002,0,0.15588,-0.15568,-0.0078,False,0.3,True,expanded_partial_feed,no quote success; mark heuristic and quote_failed
8ztFxjFPfVUtEf4SLSapcFj8GW2dxyUA9no2bLPq7H7V,2000,24h,optimistic,0.2,0.0002,2,0.15588,-2.15568,-0.1078,False,0.3,True,expanded_partial_feed,no quote success; mark heuristic and quote_failed
8ztFxjFPfVUtEf4SLSapcFj8GW2dxyUA9no2bLPq7H7V,2000,24h,realistic,0.2,0.0002,10,0.15588,-10.15568,-0.5078,False,0.3,True,expanded_partial_feed,no quote success; mark heuristic and quote_failed
8ztFxjFPfVUtEf4SLSapcFj8GW2dxyUA9no2bLPq7H7V,2000,24h,conservative,0.2,0.0002,40,0.15588,-40.15568,-2.0078,False,0.3,True,expanded_partial_feed,no quote success; mark heuristic and quote_failed
8ztFxjFPfVUtEf4SLSapcFj8GW2dxyUA9no2bLPq7H7V,2000,7d,zero_il_lvr,0.2,0.0002,0,0.15588,-0.15568,-0.0078,False,0.3,True,expanded_partial_feed,no quote success; mark heuristic and quote_failed
8ztFxjFPfVUtEf4SLSapcFj8GW2dxyUA9no2bLPq7H7V,2000,7d,optimistic,0.2,0.0002,2,0.15588,-2.15568,-0.1078,False,0.3,True,expanded_partial_feed,no quote success; mark heuristic and quote_failed
8ztFxjFPfVUtEf4SLSapcFj8GW2dxyUA9no2bLPq7H7V,2000,7d,realistic,0.2,0.0002,10,0.15588,-10.15568,-0.5078,False,0.3,True,expanded_partial_feed,no quote success; mark heuristic and quote_failed
8ztFxjFPfVUtEf4SLSapcFj8GW2dxyUA9no2bLPq7H7V,2000,7d,conservative,0.2,0.0002,40,0.15588,-40.15568,-2.0078,False,0.3,True,expanded_partial_feed,no quote success; mark heuristic and quote_failed
2G7fxAhBo1sE4SmS9fXQ3BFPEpga3kLf4UyAVyCcp9uf,10,15m,zero_il_lvr,2,1e-05,0,0.15588,-0.15587,-1.5587,False,0.3,True,expanded_partial_feed,no quote success; mark heuristic and quote_failed
2G7fxAhBo1sE4SmS9fXQ3BFPEpga3kLf4UyAVyCcp9uf,10,15m,optimistic,2,1e-05,0.01,0.15588,-0.16587,-1.6587,False,0.3,True,expanded_partial_feed,no quote success; mark heuristic and quote_failed
2G7fxAhBo1sE4SmS9fXQ3BFPEpga3kLf4UyAVyCcp9uf,10,15m,realistic,2,1e-05,0.05,0.15588,-0.20587,-2.0587,False,0.3,True,expanded_partial_feed,no quote success; mark heuristic and quote_failed
2G7fxAhBo1sE4SmS9fXQ3BFPEpga3kLf4UyAVyCcp9uf,10,15m,conservative,2,1e-05,0.2,0.15588,-0.35587,-3.5587,False,0.3,True,expanded_partial_feed,no quote success; mark heuristic and quote_failed
2G7fxAhBo1sE4SmS9fXQ3BFPEpga3kLf4UyAVyCcp9uf,10,30m,zero_il_lvr,2,1e-05,0,0.15588,-0.15587,-1.5587,False,0.3,True,expanded_partial_feed,no quote success; mark heuristic and quote_failed
2G7fxAhBo1sE4SmS9fXQ3BFPEpga3kLf4UyAVyCcp9uf,10,30m,optimistic,2,1e-05,0.01,0.15588,-0.16587,-1.6587,False,0.3,True,expanded_partial_feed,no quote success; mark heuristic and quote_failed
2G7fxAhBo1sE4SmS9fXQ3BFPEpga3kLf4UyAVyCcp9uf,10,30m,realistic,2,1e-05,0.05,0.15588,-0.20587,-2.0587,False,0.3,True,expanded_partial_feed,no quote success; mark heuristic and quote_failed
2G7fxAhBo1sE4SmS9fXQ3BFPEpga3kLf4UyAVyCcp9uf,10,30m,conservative,2,1e-05,0.2,0.15588,-0.35587,-3.5587,False,0.3,True,expanded_partial_feed,no quote success; mark heuristic and quote_failed
2G7fxAhBo1sE4SmS9fXQ3BFPEpga3kLf4UyAVyCcp9uf,10,1h,zero_il_lvr,2,1e-05,0,0.15588,-0.15587,-1.5587,False,0.3,True,expanded_partial_feed,no quote success; mark heuristic and quote_failed
2G7fxAhBo1sE4SmS9fXQ3BFPEpga3kLf4UyAVyCcp9uf,10,1h,optimistic,2,1e-05,0.01,0.15588,-0.16587,-1.6587,False,0.3,True,expanded_partial_feed,no quote success; mark heuristic and quote_failed
2G7fxAhBo1sE4SmS9fXQ3BFPEpga3kLf4UyAVyCcp9uf,10,1h,realistic,2,1e-05,0.05,0.15588,-0.20587,-2.0587,False,0.3,True,expanded_partial_feed,no quote success; mark heuristic and quote_failed
2G7fxAhBo1sE4SmS9fXQ3BFPEpga3kLf4UyAVyCcp9uf,10,1h,conservative,2,1e-05,0.2,0.15588,-0.35587,-3.5587,False,0.3,True,expanded_partial_feed,no quote success; mark heuristic and quote_failed
2G7fxAhBo1sE4SmS9fXQ3BFPEpga3kLf4UyAVyCcp9uf,10,2h,zero_il_lvr,2,1e-05,0,0.15588,-0.15587,-1.5587,False,0.3,True,expanded_partial_feed,no quote success; mark heuristic and quote_failed
2G7fxAhBo1sE4SmS9fXQ3BFPEpga3kLf4UyAVyCcp9uf,10,2h,optimistic,2,1e-05,0.01,0.15588,-0.16587,-1.6587,False,0.3,True,expanded_partial_feed,no quote success; mark heuristic and quote_failed
2G7fxAhBo1sE4SmS9fXQ3BFPEpga3kLf4UyAVyCcp9uf,10,2h,realistic,2,1e-05,0.05,0.15588,-0.20587,-2.0587,False,0.3,True,expanded_partial_feed,no quote success; mark heuristic and quote_failed
2G7fxAhBo1sE4SmS9fXQ3BFPEpga3kLf4UyAVyCcp9uf,10,2h,conservative,2,1e-05,0.2,0.15588,-0.35587,-3.5587,False,0.3,True,expanded_partial_feed,no quote success; mark heuristic and quote_failed
2G7fxAhBo1sE4SmS9fXQ3BFPEpga3kLf4UyAVyCcp9uf,10,6h,zero_il_lvr,2,1e-05,0,0.15588,-0.15587,-1.5587,False,0.3,True,expanded_partial_feed,no quote success; mark heuristic and quote_failed
2G7fxAhBo1sE4SmS9fXQ3BFPEpga3kLf4UyAVyCcp9uf,10,6h,optimistic,2,1e-05,0.01,0.15588,-0.16587,-1.6587,False,0.3,True,expanded_partial_feed,no quote success; mark heuristic and quote_failed
2G7fxAhBo1sE4SmS9fXQ3BFPEpga3kLf4UyAVyCcp9uf,10,6h,realistic,2,1e-05,0.05,0.15588,-0.20587,-2.0587,False,0.3,True,expanded_partial_feed,no quote success; mark heuristic and quote_failed
2G7fxAhBo1sE4SmS9fXQ3BFPEpga3kLf4UyAVyCcp9uf,10,6h,conservative,2,1e-05,0.2,0.15588,-0.35587,-3.5587,False,0.3,True,expanded_partial_feed,no quote success; mark heuristic and quote_failed
2G7fxAhBo1sE4SmS9fXQ3BFPEpga3kLf4UyAVyCcp9uf,10,24h,zero_il_lvr,2,1e-05,0,0.15588,-0.15587,-1.5587,False,0.3,True,expanded_partial_feed,no quote success; mark heuristic and quote_failed
2G7fxAhBo1sE4SmS9fXQ3BFPEpga3kLf4UyAVyCcp9uf,10,24h,optimistic,2,1e-05,0.01,0.15588,-0.16587,-1.6587,False,0.3,True,expanded_partial_feed,no quote success; mark heuristic and quote_failed
2G7fxAhBo1sE4SmS9fXQ3BFPEpga3kLf4UyAVyCcp9uf,10,24h,realistic,2,1e-05,0.05,0.15588,-0.20587,-2.0587,False,0.3,True,expanded_partial_feed,no quote success; mark heuristic and quote_failed
2G7fxAhBo1sE4SmS9fXQ3BFPEpga3kLf4UyAVyCcp9uf,10,24h,conservative,2,1e-05,0.2,0.15588,-0.35587,-3.5587,False,0.3,True,expanded_partial_feed,no quote success; mark heuristic and quote_failed
2G7fxAhBo1sE4SmS9fXQ3BFPEpga3kLf4UyAVyCcp9uf,10,7d,zero_il_lvr,2,1e-05,0,0.15588,-0.15587,-1.5587,False,0.3,True,expanded_partial_feed,no quote success; mark heuristic and quote_failed
2G7fxAhBo1sE4SmS9fXQ3BFPEpga3kLf4UyAVyCcp9uf,10,7d,optimistic,2,1e-05,0.01,0.15588,-0.16587,-1.6587,False,0.3,True,expanded_partial_feed,no quote success; mark heuristic and quote_failed
2G7fxAhBo1sE4SmS9fXQ3BFPEpga3kLf4UyAVyCcp9uf,10,7d,realistic,2,1e-05,0.05,0.15588,-0.20587,-2.0587,False,0.3,True,expanded_partial_feed,no quote success; mark heuristic and quote_failed
2G7fxAhBo1sE4SmS9fXQ3BFPEpga3kLf4UyAVyCcp9uf,10,7d,conservative,2,1e-05,0.2,0.15588,-0.35587,-3.5587,False,0.3,True,expanded_partial_feed,no quote success; mark heuristic and quote_failed
2G7fxAhBo1sE4SmS9fXQ3BFPEpga3kLf4UyAVyCcp9uf,20,15m,zero_il_lvr,2,2e-05,0,0.15588,-0.15586,-0.7793,False,0.3,True,expanded_partial_feed,no quote success; mark heuristic and quote_failed
2G7fxAhBo1sE4SmS9fXQ3BFPEpga3kLf4UyAVyCcp9uf,20,15m,optimistic,2,2e-05,0.02,0.15588,-0.17586,-0.8793,False,0.3,True,expanded_partial_feed,no quote success; mark heuristic and quote_failed
2G7fxAhBo1sE4SmS9fXQ3BFPEpga3kLf4UyAVyCcp9uf,20,15m,realistic,2,2e-05,0.1,0.15588,-0.25586,-1.2793,False,0.3,True,expanded_partial_feed,no quote success; mark heuristic and quote_failed
2G7fxAhBo1sE4SmS9fXQ3BFPEpga3kLf4UyAVyCcp9uf,20,15m,conservative,2,2e-05,0.4,0.15588,-0.55586,-2.7793,False,0.3,True,expanded_partial_feed,no quote success; mark heuristic and quote_failed
2G7fxAhBo1sE4SmS9fXQ3BFPEpga3kLf4UyAVyCcp9uf,20,30m,zero_il_lvr,2,2e-05,0,0.15588,-0.15586,-0.7793,False,0.3,True,expanded_partial_feed,no quote success; mark heuristic and quote_failed
2G7fxAhBo1sE4SmS9fXQ3BFPEpga3kLf4UyAVyCcp9uf,20,30m,optimistic,2,2e-05,0.02,0.15588,-0.17586,-0.8793,False,0.3,True,expanded_partial_feed,no quote success; mark heuristic and quote_failed
2G7fxAhBo1sE4SmS9fXQ3BFPEpga3kLf4UyAVyCcp9uf,20,30m,realistic,2,2e-05,0.1,0.15588,-0.25586,-1.2793,False,0.3,True,expanded_partial_feed,no quote success; mark heuristic and quote_failed
2G7fxAhBo1sE4SmS9fXQ3BFPEpga3kLf4UyAVyCcp9uf,20,30m,conservative,2,2e-05,0.4,0.15588,-0.55586,-2.7793,False,0.3,True,expanded_partial_feed,no quote success; mark heuristic and quote_failed
2G7fxAhBo1sE4SmS9fXQ3BFPEpga3kLf4UyAVyCcp9uf,20,1h,zero_il_lvr,2,2e-05,0,0.15588,-0.15586,-0.7793,False,0.3,True,expanded_partial_feed,no quote success; mark heuristic and quote_failed
2G7fxAhBo1sE4SmS9fXQ3BFPEpga3kLf4UyAVyCcp9uf,20,1h,optimistic,2,2e-05,0.02,0.15588,-0.17586,-0.8793,False,0.3,True,expanded_partial_feed,no quote success; mark heuristic and quote_failed
2G7fxAhBo1sE4SmS9fXQ3BFPEpga3kLf4UyAVyCcp9uf,20,1h,realistic,2,2e-05,0.1,0.15588,-0.25586,-1.2793,False,0.3,True,expanded_partial_feed,no quote success; mark heuristic and quote_failed
2G7fxAhBo1sE4SmS9fXQ3BFPEpga3kLf4UyAVyCcp9uf,20,1h,conservative,2,2e-05,0.4,0.15588,-0.55586,-2.7793,False,0.3,True,expanded_partial_feed,no quote success; mark heuristic and quote_failed
2G7fxAhBo1sE4SmS9fXQ3BFPEpga3kLf4UyAVyCcp9uf,20,2h,zero_il_lvr,2,2e-05,0,0.15588,-0.15586,-0.7793,False,0.3,True,expanded_partial_feed,no quote success; mark heuristic and quote_failed
2G7fxAhBo1sE4SmS9fXQ3BFPEpga3kLf4UyAVyCcp9uf,20,2h,optimistic,2,2e-05,0.02,0.15588,-0.17586,-0.8793,False,0.3,True,expanded_partial_feed,no quote success; mark heuristic and quote_failed
2G7fxAhBo1sE4SmS9fXQ3BFPEpga3kLf4UyAVyCcp9uf,20,2h,realistic,2,2e-05,0.1,0.15588,-0.25586,-1.2793,False,0.3,True,expanded_partial_feed,no quote success; mark heuristic and quote_failed
2G7fxAhBo1sE4SmS9fXQ3BFPEpga3kLf4UyAVyCcp9uf,20,2h,conservative,2,2e-05,0.4,0.15588,-0.55586,-2.7793,False,0.3,True,expanded_partial_feed,no quote success; mark heuristic and quote_failed
2G7fxAhBo1sE4SmS9fXQ3BFPEpga3kLf4UyAVyCcp9uf,20,6h,zero_il_lvr,2,2e-05,0,0.15588,-0.15586,-0.7793,False,0.3,True,expanded_partial_feed,no quote success; mark heuristic and quote_failed
2G7fxAhBo1sE4SmS9fXQ3BFPEpga3kLf4UyAVyCcp9uf,20,6h,optimistic,2,2e-05,0.02,0.15588,-0.17586,-0.8793,False,0.3,True,expanded_partial_feed,no quote success; mark heuristic and quote_failed
2G7fxAhBo1sE4SmS9fXQ3BFPEpga3kLf4UyAVyCcp9uf,20,6h,realistic,2,2e-05,0.1,0.15588,-0.25586,-1.2793,False,0.3,True,expanded_partial_feed,no quote success; mark heuristic and quote_failed
2G7fxAhBo1sE4SmS9fXQ3BFPEpga3kLf4UyAVyCcp9uf,20,6h,conservative,2,2e-05,0.4,0.15588,-0.55586,-2.7793,False,0.3,True,expanded_partial_feed,no quote success; mark heuristic and quote_failed
2G7fxAhBo1sE4SmS9fXQ3BFPEpga3kLf4UyAVyCcp9uf,20,24h,zero_il_lvr,2,2e-05,0,0.15588,-0.15586,-0.7793,False,0.3,True,expanded_partial_feed,no quote success; mark heuristic and quote_failed
2G7fxAhBo1sE4SmS9fXQ3BFPEpga3kLf4UyAVyCcp9uf,20,24h,optimistic,2,2e-05,0.02,0.15588,-0.17586,-0.8793,False,0.3,True,expanded_partial_feed,no quote success; mark heuristic and quote_failed
2G7fxAhBo1sE4SmS9fXQ3BFPEpga3kLf4UyAVyCcp9uf,20,24h,realistic,2,2e-05,0.1,0.15588,-0.25586,-1.2793,False,0.3,True,expanded_partial_feed,no quote success; mark heuristic and quote_failed
2G7fxAhBo1sE4SmS9fXQ3BFPEpga3kLf4UyAVyCcp9uf,20,24h,conservative,2,2e-05,0.4,0.15588,-0.55586,-2.7793,False,0.3,True,expanded_partial_feed,no quote success; mark heuristic and quote_failed
2G7fxAhBo1sE4SmS9fXQ3BFPEpga3kLf4UyAVyCcp9uf,20,7d,zero_il_lvr,2,2e-05,0,0.15588,-0.15586,-0.7793,False,0.3,True,expanded_partial_feed,no quote success; mark heuristic and quote_failed
2G7fxAhBo1sE4SmS9fXQ3BFPEpga3kLf4UyAVyCcp9uf,20,7d,optimistic,2,2e-05,0.02,0.15588,-0.17586,-0.8793,False,0.3,True,expanded_partial_feed,no quote success; mark heuristic and quote_failed
2G7fxAhBo1sE4SmS9fXQ3BFPEpga3kLf4UyAVyCcp9uf,20,7d,realistic,2,2e-05,0.1,0.15588,-0.25586,-1.2793,False,0.3,True,expanded_partial_feed,no quote success; mark heuristic and quote_failed
2G7fxAhBo1sE4SmS9fXQ3BFPEpga3kLf4UyAVyCcp9uf,20,7d,conservative,2,2e-05,0.4,0.15588,-0.55586,-2.7793,False,0.3,True,expanded_partial_feed,no quote success; mark heuristic and quote_failed
2G7fxAhBo1sE4SmS9fXQ3BFPEpga3kLf4UyAVyCcp9uf,100,15m,zero_il_lvr,2,0.0001,0,0.15588,-0.15578,-0.1558,False,0.3,True,expanded_partial_feed,no quote success; mark heuristic and quote_failed
2G7fxAhBo1sE4SmS9fXQ3BFPEpga3kLf4UyAVyCcp9uf,100,15m,optimistic,2,0.0001,0.1,0.15588,-0.25578,-0.2558,False,0.3,True,expanded_partial_feed,no quote success; mark heuristic and quote_failed
2G7fxAhBo1sE4SmS9fXQ3BFPEpga3kLf4UyAVyCcp9uf,100,15m,realistic,2,0.0001,0.5,0.15588,-0.65578,-0.6558,False,0.3,True,expanded_partial_feed,no quote success; mark heuristic and quote_failed
2G7fxAhBo1sE4SmS9fXQ3BFPEpga3kLf4UyAVyCcp9uf,100,15m,conservative,2,0.0001,2,0.15588,-2.15578,-2.1558,False,0.3,True,expanded_partial_feed,no quote success; mark heuristic and quote_failed
2G7fxAhBo1sE4SmS9fXQ3BFPEpga3kLf4UyAVyCcp9uf,100,30m,zero_il_lvr,2,0.0001,0,0.15588,-0.15578,-0.1558,False,0.3,True,expanded_partial_feed,no quote success; mark heuristic and quote_failed
2G7fxAhBo1sE4SmS9fXQ3BFPEpga3kLf4UyAVyCcp9uf,100,30m,optimistic,2,0.0001,0.1,0.15588,-0.25578,-0.2558,False,0.3,True,expanded_partial_feed,no quote success; mark heuristic and quote_failed
2G7fxAhBo1sE4SmS9fXQ3BFPEpga3kLf4UyAVyCcp9uf,100,30m,realistic,2,0.0001,0.5,0.15588,-0.65578,-0.6558,False,0.3,True,expanded_partial_feed,no quote success; mark heuristic and quote_failed
2G7fxAhBo1sE4SmS9fXQ3BFPEpga3kLf4UyAVyCcp9uf,100,30m,conservative,2,0.0001,2,0.15588,-2.15578,-2.1558,False,0.3,True,expanded_partial_feed,no quote success; mark heuristic and quote_failed
2G7fxAhBo1sE4SmS9fXQ3BFPEpga3kLf4UyAVyCcp9uf,100,1h,zero_il_lvr,2,0.0001,0,0.15588,-0.15578,-0.1558,False,0.3,True,expanded_partial_feed,no quote success; mark heuristic and quote_failed
2G7fxAhBo1sE4SmS9fXQ3BFPEpga3kLf4UyAVyCcp9uf,100,1h,optimistic,2,0.0001,0.1,0.15588,-0.25578,-0.2558,False,0.3,True,expanded_partial_feed,no quote success; mark heuristic and quote_failed
2G7fxAhBo1sE4SmS9fXQ3BFPEpga3kLf4UyAVyCcp9uf,100,1h,realistic,2,0.0001,0.5,0.15588,-0.65578,-0.6558,False,0.3,True,expanded_partial_feed,no quote success; mark heuristic and quote_failed
2G7fxAhBo1sE4SmS9fXQ3BFPEpga3kLf4UyAVyCcp9uf,100,1h,conservative,2,0.0001,2,0.15588,-2.15578,-2.1558,False,0.3,True,expanded_partial_feed,no quote success; mark heuristic and quote_failed
2G7fxAhBo1sE4SmS9fXQ3BFPEpga3kLf4UyAVyCcp9uf,100,2h,zero_il_lvr,2,0.0001,0,0.15588,-0.15578,-0.1558,False,0.3,True,expanded_partial_feed,no quote success; mark heuristic and quote_failed
2G7fxAhBo1sE4SmS9fXQ3BFPEpga3kLf4UyAVyCcp9uf,100,2h,optimistic,2,0.0001,0.1,0.15588,-0.25578,-0.2558,False,0.3,True,expanded_partial_feed,no quote success; mark heuristic and quote_failed
2G7fxAhBo1sE4SmS9fXQ3BFPEpga3kLf4UyAVyCcp9uf,100,2h,realistic,2,0.0001,0.5,0.15588,-0.65578,-0.6558,False,0.3,True,expanded_partial_feed,no quote success; mark heuristic and quote_failed
2G7fxAhBo1sE4SmS9fXQ3BFPEpga3kLf4UyAVyCcp9uf,100,2h,conservative,2,0.0001,2,0.15588,-2.15578,-2.1558,False,0.3,True,expanded_partial_feed,no quote success; mark heuristic and quote_failed
2G7fxAhBo1sE4SmS9fXQ3BFPEpga3kLf4UyAVyCcp9uf,100,6h,zero_il_lvr,2,0.0001,0,0.15588,-0.15578,-0.1558,False,0.3,True,expanded_partial_feed,no quote success; mark heuristic and quote_failed
2G7fxAhBo1sE4SmS9fXQ3BFPEpga3kLf4UyAVyCcp9uf,100,6h,optimistic,2,0.0001,0.1,0.15588,-0.25578,-0.2558,False,0.3,True,expanded_partial_feed,no quote success; mark heuristic and quote_failed
2G7fxAhBo1sE4SmS9fXQ3BFPEpga3kLf4UyAVyCcp9uf,100,6h,realistic,2,0.0001,0.5,0.15588,-0.65578,-0.6558,False,0.3,True,expanded_partial_feed,no quote success; mark heuristic and quote_failed
2G7fxAhBo1sE4SmS9fXQ3BFPEpga3kLf4UyAVyCcp9uf,100,6h,conservative,2,0.0001,2,0.15588,-2.15578,-2.1558,False,0.3,True,expanded_partial_feed,no quote success; mark heuristic and quote_failed
2G7fxAhBo1sE4SmS9fXQ3BFPEpga3kLf4UyAVyCcp9uf,100,24h,zero_il_lvr,2,0.0001,0,0.15588,-0.15578,-0.1558,False,0.3,True,expanded_partial_feed,no quote success; mark heuristic and quote_failed
2G7fxAhBo1sE4SmS9fXQ3BFPEpga3kLf4UyAVyCcp9uf,100,24h,optimistic,2,0.0001,0.1,0.15588,-0.25578,-0.2558,False,0.3,True,expanded_partial_feed,no quote success; mark heuristic and quote_failed
2G7fxAhBo1sE4SmS9fXQ3BFPEpga3kLf4UyAVyCcp9uf,100,24h,realistic,2,0.0001,0.5,0.15588,-0.65578,-0.6558,False,0.3,True,expanded_partial_feed,no quote success; mark heuristic and quote_failed
2G7fxAhBo1sE4SmS9fXQ3BFPEpga3kLf4UyAVyCcp9uf,100,24h,conservative,2,0.0001,2,0.15588,-2.15578,-2.1558,False,0.3,True,expanded_partial_feed,no quote success; mark heuristic and quote_failed
2G7fxAhBo1sE4SmS9fXQ3BFPEpga3kLf4UyAVyCcp9uf,100,7d,zero_il_lvr,2,0.0001,0,0.15588,-0.15578,-0.1558,False,0.3,True,expanded_partial_feed,no quote success; mark heuristic and quote_failed
2G7fxAhBo1sE4SmS9fXQ3BFPEpga3kLf4UyAVyCcp9uf,100,7d,optimistic,2,0.0001,0.1,0.15588,-0.25578,-0.2558,False,0.3,True,expanded_partial_feed,no quote success; mark heuristic and quote_failed
2G7fxAhBo1sE4SmS9fXQ3BFPEpga3kLf4UyAVyCcp9uf,100,7d,realistic,2,0.0001,0.5,0.15588,-0.65578,-0.6558,False,0.3,True,expanded_partial_feed,no quote success; mark heuristic and quote_failed
2G7fxAhBo1sE4SmS9fXQ3BFPEpga3kLf4UyAVyCcp9uf,100,7d,conservative,2,0.0001,2,0.15588,-2.15578,-2.1558,False,0.3,True,expanded_partial_feed,no quote success; mark heuristic and quote_failed
2G7fxAhBo1sE4SmS9fXQ3BFPEpga3kLf4UyAVyCcp9uf,500,15m,zero_il_lvr,2,0.0005,0,0.15588,-0.15538,-0.0311,False,0.3,True,expanded_partial_feed,no quote success; mark heuristic and quote_failed
2G7fxAhBo1sE4SmS9fXQ3BFPEpga3kLf4UyAVyCcp9uf,500,15m,optimistic,2,0.0005,0.5,0.15588,-0.65538,-0.1311,False,0.3,True,expanded_partial_feed,no quote success; mark heuristic and quote_failed
2G7fxAhBo1sE4SmS9fXQ3BFPEpga3kLf4UyAVyCcp9uf,500,15m,realistic,2,0.0005,2.5,0.15588,-2.65538,-0.5311,False,0.3,True,expanded_partial_feed,no quote success; mark heuristic and quote_failed
2G7fxAhBo1sE4SmS9fXQ3BFPEpga3kLf4UyAVyCcp9uf,500,15m,conservative,2,0.0005,10,0.15588,-10.15538,-2.0311,False,0.3,True,expanded_partial_feed,no quote success; mark heuristic and quote_failed
2G7fxAhBo1sE4SmS9fXQ3BFPEpga3kLf4UyAVyCcp9uf,500,30m,zero_il_lvr,2,0.0005,0,0.15588,-0.15538,-0.0311,False,0.3,True,expanded_partial_feed,no quote success; mark heuristic and quote_failed
2G7fxAhBo1sE4SmS9fXQ3BFPEpga3kLf4UyAVyCcp9uf,500,30m,optimistic,2,0.0005,0.5,0.15588,-0.65538,-0.1311,False,0.3,True,expanded_partial_feed,no quote success; mark heuristic and quote_failed
2G7fxAhBo1sE4SmS9fXQ3BFPEpga3kLf4UyAVyCcp9uf,500,30m,realistic,2,0.0005,2.5,0.15588,-2.65538,-0.5311,False,0.3,True,expanded_partial_feed,no quote success; mark heuristic and quote_failed
2G7fxAhBo1sE4SmS9fXQ3BFPEpga3kLf4UyAVyCcp9uf,500,30m,conservative,2,0.0005,10,0.15588,-10.15538,-2.0311,False,0.3,True,expanded_partial_feed,no quote success; mark heuristic and quote_failed
2G7fxAhBo1sE4SmS9fXQ3BFPEpga3kLf4UyAVyCcp9uf,500,1h,zero_il_lvr,2,0.0005,0,0.15588,-0.15538,-0.0311,False,0.3,True,expanded_partial_feed,no quote success; mark heuristic and quote_failed
2G7fxAhBo1sE4SmS9fXQ3BFPEpga3kLf4UyAVyCcp9uf,500,1h,optimistic,2,0.0005,0.5,0.15588,-0.65538,-0.1311,False,0.3,True,expanded_partial_feed,no quote success; mark heuristic and quote_failed
2G7fxAhBo1sE4SmS9fXQ3BFPEpga3kLf4UyAVyCcp9uf,500,1h,realistic,2,0.0005,2.5,0.15588,-2.65538,-0.5311,False,0.3,True,expanded_partial_feed,no quote success; mark heuristic and quote_failed
2G7fxAhBo1sE4SmS9fXQ3BFPEpga3kLf4UyAVyCcp9uf,500,1h,conservative,2,0.0005,10,0.15588,-10.15538,-2.0311,False,0.3,True,expanded_partial_feed,no quote success; mark heuristic and quote_failed
2G7fxAhBo1sE4SmS9fXQ3BFPEpga3kLf4UyAVyCcp9uf,500,2h,zero_il_lvr,2,0.0005,0,0.15588,-0.15538,-0.0311,False,0.3,True,expanded_partial_feed,no quote success; mark heuristic and quote_failed
2G7fxAhBo1sE4SmS9fXQ3BFPEpga3kLf4UyAVyCcp9uf,500,2h,optimistic,2,0.0005,0.5,0.15588,-0.65538,-0.1311,False,0.3,True,expanded_partial_feed,no quote success; mark heuristic and quote_failed
2G7fxAhBo1sE4SmS9fXQ3BFPEpga3kLf4UyAVyCcp9uf,500,2h,realistic,2,0.0005,2.5,0.15588,-2.65538,-0.5311,False,0.3,True,expanded_partial_feed,no quote success; mark heuristic and quote_failed
2G7fxAhBo1sE4SmS9fXQ3BFPEpga3kLf4UyAVyCcp9uf,500,2h,conservative,2,0.0005,10,0.15588,-10.15538,-2.0311,False,0.3,True,expanded_partial_feed,no quote success; mark heuristic and quote_failed
2G7fxAhBo1sE4SmS9fXQ3BFPEpga3kLf4UyAVyCcp9uf,500,6h,zero_il_lvr,2,0.0005,0,0.15588,-0.15538,-0.0311,False,0.3,True,expanded_partial_feed,no quote success; mark heuristic and quote_failed
2G7fxAhBo1sE4SmS9fXQ3BFPEpga3kLf4UyAVyCcp9uf,500,6h,optimistic,2,0.0005,0.5,0.15588,-0.65538,-0.1311,False,0.3,True,expanded_partial_feed,no quote success; mark heuristic and quote_failed
2G7fxAhBo1sE4SmS9fXQ3BFPEpga3kLf4UyAVyCcp9uf,500,6h,realistic,2,0.0005,2.5,0.15588,-2.65538,-0.5311,False,0.3,True,expanded_partial_feed,no quote success; mark heuristic and quote_failed
2G7fxAhBo1sE4SmS9fXQ3BFPEpga3kLf4UyAVyCcp9uf,500,6h,conservative,2,0.0005,10,0.15588,-10.15538,-2.0311,False,0.3,True,expanded_partial_feed,no quote success; mark heuristic and quote_failed
2G7fxAhBo1sE4SmS9fXQ3BFPEpga3kLf4UyAVyCcp9uf,500,24h,zero_il_lvr,2,0.0005,0,0.15588,-0.15538,-0.0311,False,0.3,True,expanded_partial_feed,no quote success; mark heuristic and quote_failed
2G7fxAhBo1sE4SmS9fXQ3BFPEpga3kLf4UyAVyCcp9uf,500,24h,optimistic,2,0.0005,0.5,0.15588,-0.65538,-0.1311,False,0.3,True,expanded_partial_feed,no quote success; mark heuristic and quote_failed
2G7fxAhBo1sE4SmS9fXQ3BFPEpga3kLf4UyAVyCcp9uf,500,24h,realistic,2,0.0005,2.5,0.15588,-2.65538,-0.5311,False,0.3,True,expanded_partial_feed,no quote success; mark heuristic and quote_failed
2G7fxAhBo1sE4SmS9fXQ3BFPEpga3kLf4UyAVyCcp9uf,500,24h,conservative,2,0.0005,10,0.15588,-10.15538,-2.0311,False,0.3,True,expanded_partial_feed,no quote success; mark heuristic and quote_failed
2G7fxAhBo1sE4SmS9fXQ3BFPEpga3kLf4UyAVyCcp9uf,500,7d,zero_il_lvr,2,0.0005,0,0.15588,-0.15538,-0.0311,False,0.3,True,expanded_partial_feed,no quote success; mark heuristic and quote_failed
2G7fxAhBo1sE4SmS9fXQ3BFPEpga3kLf4UyAVyCcp9uf,500,7d,optimistic,2,0.0005,0.5,0.15588,-0.65538,-0.1311,False,0.3,True,expanded_partial_feed,no quote success; mark heuristic and quote_failed
2G7fxAhBo1sE4SmS9fXQ3BFPEpga3kLf4UyAVyCcp9uf,500,7d,realistic,2,0.0005,2.5,0.15588,-2.65538,-0.5311,False,0.3,True,expanded_partial_feed,no quote success; mark heuristic and quote_failed
2G7fxAhBo1sE4SmS9fXQ3BFPEpga3kLf4UyAVyCcp9uf,500,7d,conservative,2,0.0005,10,0.15588,-10.15538,-2.0311,False,0.3,True,expanded_partial_feed,no quote success; mark heuristic and quote_failed
2G7fxAhBo1sE4SmS9fXQ3BFPEpga3kLf4UyAVyCcp9uf,1000,15m,zero_il_lvr,2,0.001,0,0.15588,-0.15488,-0.0155,False,0.3,True,expanded_partial_feed,no quote success; mark heuristic and quote_failed
2G7fxAhBo1sE4SmS9fXQ3BFPEpga3kLf4UyAVyCcp9uf,1000,15m,optimistic,2,0.001,1,0.15588,-1.15488,-0.1155,False,0.3,True,expanded_partial_feed,no quote success; mark heuristic and quote_failed
2G7fxAhBo1sE4SmS9fXQ3BFPEpga3kLf4UyAVyCcp9uf,1000,15m,realistic,2,0.001,5,0.15588,-5.15488,-0.5155,False,0.3,True,expanded_partial_feed,no quote success; mark heuristic and quote_failed
2G7fxAhBo1sE4SmS9fXQ3BFPEpga3kLf4UyAVyCcp9uf,1000,15m,conservative,2,0.001,20,0.15588,-20.15488,-2.0155,False,0.3,True,expanded_partial_feed,no quote success; mark heuristic and quote_failed
2G7fxAhBo1sE4SmS9fXQ3BFPEpga3kLf4UyAVyCcp9uf,1000,30m,zero_il_lvr,2,0.001,0,0.15588,-0.15488,-0.0155,False,0.3,True,expanded_partial_feed,no quote success; mark heuristic and quote_failed
2G7fxAhBo1sE4SmS9fXQ3BFPEpga3kLf4UyAVyCcp9uf,1000,30m,optimistic,2,0.001,1,0.15588,-1.15488,-0.1155,False,0.3,True,expanded_partial_feed,no quote success; mark heuristic and quote_failed
2G7fxAhBo1sE4SmS9fXQ3BFPEpga3kLf4UyAVyCcp9uf,1000,30m,realistic,2,0.001,5,0.15588,-5.15488,-0.5155,False,0.3,True,expanded_partial_feed,no quote success; mark heuristic and quote_failed
2G7fxAhBo1sE4SmS9fXQ3BFPEpga3kLf4UyAVyCcp9uf,1000,30m,conservative,2,0.001,20,0.15588,-20.15488,-2.0155,False,0.3,True,expanded_partial_feed,no quote success; mark heuristic and quote_failed
2G7fxAhBo1sE4SmS9fXQ3BFPEpga3kLf4UyAVyCcp9uf,1000,1h,zero_il_lvr,2,0.001,0,0.15588,-0.15488,-0.0155,False,0.3,True,expanded_partial_feed,no quote success; mark heuristic and quote_failed
2G7fxAhBo1sE4SmS9fXQ3BFPEpga3kLf4UyAVyCcp9uf,1000,1h,optimistic,2,0.001,1,0.15588,-1.15488,-0.1155,False,0.3,True,expanded_partial_feed,no quote success; mark heuristic and quote_failed
2G7fxAhBo1sE4SmS9fXQ3BFPEpga3kLf4UyAVyCcp9uf,1000,1h,realistic,2,0.001,5,0.15588,-5.15488,-0.5155,False,0.3,True,expanded_partial_feed,no quote success; mark heuristic and quote_failed
2G7fxAhBo1sE4SmS9fXQ3BFPEpga3kLf4UyAVyCcp9uf,1000,1h,conservative,2,0.001,20,0.15588,-20.15488,-2.0155,False,0.3,True,expanded_partial_feed,no quote success; mark heuristic and quote_failed
2G7fxAhBo1sE4SmS9fXQ3BFPEpga3kLf4UyAVyCcp9uf,1000,2h,zero_il_lvr,2,0.001,0,0.15588,-0.15488,-0.0155,False,0.3,True,expanded_partial_feed,no quote success; mark heuristic and quote_failed
2G7fxAhBo1sE4SmS9fXQ3BFPEpga3kLf4UyAVyCcp9uf,1000,2h,optimistic,2,0.001,1,0.15588,-1.15488,-0.1155,False,0.3,True,expanded_partial_feed,no quote success; mark heuristic and quote_failed
2G7fxAhBo1sE4SmS9fXQ3BFPEpga3kLf4UyAVyCcp9uf,1000,2h,realistic,2,0.001,5,0.15588,-5.15488,-0.5155,False,0.3,True,expanded_partial_feed,no quote success; mark heuristic and quote_failed
2G7fxAhBo1sE4SmS9fXQ3BFPEpga3kLf4UyAVyCcp9uf,1000,2h,conservative,2,0.001,20,0.15588,-20.15488,-2.0155,False,0.3,True,expanded_partial_feed,no quote success; mark heuristic and quote_failed
2G7fxAhBo1sE4SmS9fXQ3BFPEpga3kLf4UyAVyCcp9uf,1000,6h,zero_il_lvr,2,0.001,0,0.15588,-0.15488,-0.0155,False,0.3,True,expanded_partial_feed,no quote success; mark heuristic and quote_failed
2G7fxAhBo1sE4SmS9fXQ3BFPEpga3kLf4UyAVyCcp9uf,1000,6h,optimistic,2,0.001,1,0.15588,-1.15488,-0.1155,False,0.3,True,expanded_partial_feed,no quote success; mark heuristic and quote_failed
2G7fxAhBo1sE4SmS9fXQ3BFPEpga3kLf4UyAVyCcp9uf,1000,6h,realistic,2,0.001,5,0.15588,-5.15488,-0.5155,False,0.3,True,expanded_partial_feed,no quote success; mark heuristic and quote_failed
2G7fxAhBo1sE4SmS9fXQ3BFPEpga3kLf4UyAVyCcp9uf,1000,6h,conservative,2,0.001,20,0.15588,-20.15488,-2.0155,False,0.3,True,expanded_partial_feed,no quote success; mark heuristic and quote_failed
2G7fxAhBo1sE4SmS9fXQ3BFPEpga3kLf4UyAVyCcp9uf,1000,24h,zero_il_lvr,2,0.001,0,0.15588,-0.15488,-0.0155,False,0.3,True,expanded_partial_feed,no quote success; mark heuristic and quote_failed
2G7fxAhBo1sE4SmS9fXQ3BFPEpga3kLf4UyAVyCcp9uf,1000,24h,optimistic,2,0.001,1,0.15588,-1.15488,-0.1155,False,0.3,True,expanded_partial_feed,no quote success; mark heuristic and quote_failed
2G7fxAhBo1sE4SmS9fXQ3BFPEpga3kLf4UyAVyCcp9uf,1000,24h,realistic,2,0.001,5,0.15588,-5.15488,-0.5155,False,0.3,True,expanded_partial_feed,no quote success; mark heuristic and quote_failed
2G7fxAhBo1sE4SmS9fXQ3BFPEpga3kLf4UyAVyCcp9uf,1000,24h,conservative,2,0.001,20,0.15588,-20.15488,-2.0155,False,0.3,True,expanded_partial_feed,no quote success; mark heuristic and quote_failed
2G7fxAhBo1sE4SmS9fXQ3BFPEpga3kLf4UyAVyCcp9uf,1000,7d,zero_il_lvr,2,0.001,0,0.15588,-0.15488,-0.0155,False,0.3,True,expanded_partial_feed,no quote success; mark heuristic and quote_failed
2G7fxAhBo1sE4SmS9fXQ3BFPEpga3kLf4UyAVyCcp9uf,1000,7d,optimistic,2,0.001,1,0.15588,-1.15488,-0.1155,False,0.3,True,expanded_partial_feed,no quote success; mark heuristic and quote_failed
2G7fxAhBo1sE4SmS9fXQ3BFPEpga3kLf4UyAVyCcp9uf,1000,7d,realistic,2,0.001,5,0.15588,-5.15488,-0.5155,False,0.3,True,expanded_partial_feed,no quote success; mark heuristic and quote_failed
2G7fxAhBo1sE4SmS9fXQ3BFPEpga3kLf4UyAVyCcp9uf,1000,7d,conservative,2,0.001,20,0.15588,-20.15488,-2.0155,False,0.3,True,expanded_partial_feed,no quote success; mark heuristic and quote_failed
2G7fxAhBo1sE4SmS9fXQ3BFPEpga3kLf4UyAVyCcp9uf,2000,15m,zero_il_lvr,2,0.002,0,0.15588,-0.15388,-0.0077,False,0.3,True,expanded_partial_feed,no quote success; mark heuristic and quote_failed
2G7fxAhBo1sE4SmS9fXQ3BFPEpga3kLf4UyAVyCcp9uf,2000,15m,optimistic,2,0.002,2,0.15588,-2.15388,-0.1077,False,0.3,True,expanded_partial_feed,no quote success; mark heuristic and quote_failed
2G7fxAhBo1sE4SmS9fXQ3BFPEpga3kLf4UyAVyCcp9uf,2000,15m,realistic,2,0.002,10,0.15588,-10.15388,-0.5077,False,0.3,True,expanded_partial_feed,no quote success; mark heuristic and quote_failed
2G7fxAhBo1sE4SmS9fXQ3BFPEpga3kLf4UyAVyCcp9uf,2000,15m,conservative,2,0.002,40,0.15588,-40.15388,-2.0077,False,0.3,True,expanded_partial_feed,no quote success; mark heuristic and quote_failed
2G7fxAhBo1sE4SmS9fXQ3BFPEpga3kLf4UyAVyCcp9uf,2000,30m,zero_il_lvr,2,0.002,0,0.15588,-0.15388,-0.0077,False,0.3,True,expanded_partial_feed,no quote success; mark heuristic and quote_failed
2G7fxAhBo1sE4SmS9fXQ3BFPEpga3kLf4UyAVyCcp9uf,2000,30m,optimistic,2,0.002,2,0.15588,-2.15388,-0.1077,False,0.3,True,expanded_partial_feed,no quote success; mark heuristic and quote_failed
2G7fxAhBo1sE4SmS9fXQ3BFPEpga3kLf4UyAVyCcp9uf,2000,30m,realistic,2,0.002,10,0.15588,-10.15388,-0.5077,False,0.3,True,expanded_partial_feed,no quote success; mark heuristic and quote_failed
2G7fxAhBo1sE4SmS9fXQ3BFPEpga3kLf4UyAVyCcp9uf,2000,30m,conservative,2,0.002,40,0.15588,-40.15388,-2.0077,False,0.3,True,expanded_partial_feed,no quote success; mark heuristic and quote_failed
2G7fxAhBo1sE4SmS9fXQ3BFPEpga3kLf4UyAVyCcp9uf,2000,1h,zero_il_lvr,2,0.002,0,0.15588,-0.15388,-0.0077,False,0.3,True,expanded_partial_feed,no quote success; mark heuristic and quote_failed
2G7fxAhBo1sE4SmS9fXQ3BFPEpga3kLf4UyAVyCcp9uf,2000,1h,optimistic,2,0.002,2,0.15588,-2.15388,-0.1077,False,0.3,True,expanded_partial_feed,no quote success; mark heuristic and quote_failed
2G7fxAhBo1sE4SmS9fXQ3BFPEpga3kLf4UyAVyCcp9uf,2000,1h,realistic,2,0.002,10,0.15588,-10.15388,-0.5077,False,0.3,True,expanded_partial_feed,no quote success; mark heuristic and quote_failed
2G7fxAhBo1sE4SmS9fXQ3BFPEpga3kLf4UyAVyCcp9uf,2000,1h,conservative,2,0.002,40,0.15588,-40.15388,-2.0077,False,0.3,True,expanded_partial_feed,no quote success; mark heuristic and quote_failed
2G7fxAhBo1sE4SmS9fXQ3BFPEpga3kLf4UyAVyCcp9uf,2000,2h,zero_il_lvr,2,0.002,0,0.15588,-0.15388,-0.0077,False,0.3,True,expanded_partial_feed,no quote success; mark heuristic and quote_failed
2G7fxAhBo1sE4SmS9fXQ3BFPEpga3kLf4UyAVyCcp9uf,2000,2h,optimistic,2,0.002,2,0.15588,-2.15388,-0.1077,False,0.3,True,expanded_partial_feed,no quote success; mark heuristic and quote_failed
2G7fxAhBo1sE4SmS9fXQ3BFPEpga3kLf4UyAVyCcp9uf,2000,2h,realistic,2,0.002,10,0.15588,-10.15388,-0.5077,False,0.3,True,expanded_partial_feed,no quote success; mark heuristic and quote_failed
2G7fxAhBo1sE4SmS9fXQ3BFPEpga3kLf4UyAVyCcp9uf,2000,2h,conservative,2,0.002,40,0.15588,-40.15388,-2.0077,False,0.3,True,expanded_partial_feed,no quote success; mark heuristic and quote_failed
2G7fxAhBo1sE4SmS9fXQ3BFPEpga3kLf4UyAVyCcp9uf,2000,6h,zero_il_lvr,2,0.002,0,0.15588,-0.15388,-0.0077,False,0.3,True,expanded_partial_feed,no quote success; mark heuristic and quote_failed
2G7fxAhBo1sE4SmS9fXQ3BFPEpga3kLf4UyAVyCcp9uf,2000,6h,optimistic,2,0.002,2,0.15588,-2.15388,-0.1077,False,0.3,True,expanded_partial_feed,no quote success; mark heuristic and quote_failed
2G7fxAhBo1sE4SmS9fXQ3BFPEpga3kLf4UyAVyCcp9uf,2000,6h,realistic,2,0.002,10,0.15588,-10.15388,-0.5077,False,0.3,True,expanded_partial_feed,no quote success; mark heuristic and quote_failed
2G7fxAhBo1sE4SmS9fXQ3BFPEpga3kLf4UyAVyCcp9uf,2000,6h,conservative,2,0.002,40,0.15588,-40.15388,-2.0077,False,0.3,True,expanded_partial_feed,no quote success; mark heuristic and quote_failed
2G7fxAhBo1sE4SmS9fXQ3BFPEpga3kLf4UyAVyCcp9uf,2000,24h,zero_il_lvr,2,0.002,0,0.15588,-0.15388,-0.0077,False,0.3,True,expanded_partial_feed,no quote success; mark heuristic and quote_failed
2G7fxAhBo1sE4SmS9fXQ3BFPEpga3kLf4UyAVyCcp9uf,2000,24h,optimistic,2,0.002,2,0.15588,-2.15388,-0.1077,False,0.3,True,expanded_partial_feed,no quote success; mark heuristic and quote_failed
2G7fxAhBo1sE4SmS9fXQ3BFPEpga3kLf4UyAVyCcp9uf,2000,24h,realistic,2,0.002,10,0.15588,-10.15388,-0.5077,False,0.3,True,expanded_partial_feed,no quote success; mark heuristic and quote_failed
2G7fxAhBo1sE4SmS9fXQ3BFPEpga3kLf4UyAVyCcp9uf,2000,24h,conservative,2,0.002,40,0.15588,-40.15388,-2.0077,False,0.3,True,expanded_partial_feed,no quote success; mark heuristic and quote_failed
2G7fxAhBo1sE4SmS9fXQ3BFPEpga3kLf4UyAVyCcp9uf,2000,7d,zero_il_lvr,2,0.002,0,0.15588,-0.15388,-0.0077,False,0.3,True,expanded_partial_feed,no quote success; mark heuristic and quote_failed
2G7fxAhBo1sE4SmS9fXQ3BFPEpga3kLf4UyAVyCcp9uf,2000,7d,optimistic,2,0.002,2,0.15588,-2.15388,-0.1077,False,0.3,True,expanded_partial_feed,no quote success; mark heuristic and quote_failed
2G7fxAhBo1sE4SmS9fXQ3BFPEpga3kLf4UyAVyCcp9uf,2000,7d,realistic,2,0.002,10,0.15588,-10.15388,-0.5077,False,0.3,True,expanded_partial_feed,no quote success; mark heuristic and quote_failed
2G7fxAhBo1sE4SmS9fXQ3BFPEpga3kLf4UyAVyCcp9uf,2000,7d,conservative,2,0.002,40,0.15588,-40.15388,-2.0077,False,0.3,True,expanded_partial_feed,no quote success; mark heuristic and quote_failed
Cgnuirsk5dQ9Ka1Grnru7J8YW1sYncYUjiXvYxT7G4iZ,10,15m,zero_il_lvr,0.2,1e-06,0,0.15588,-0.155879,-1.5588,False,0.3,True,expanded_partial_feed,no quote success; mark heuristic and quote_failed
Cgnuirsk5dQ9Ka1Grnru7J8YW1sYncYUjiXvYxT7G4iZ,10,15m,optimistic,0.2,1e-06,0.01,0.15588,-0.165879,-1.6588,False,0.3,True,expanded_partial_feed,no quote success; mark heuristic and quote_failed
Cgnuirsk5dQ9Ka1Grnru7J8YW1sYncYUjiXvYxT7G4iZ,10,15m,realistic,0.2,1e-06,0.05,0.15588,-0.205879,-2.0588,False,0.3,True,expanded_partial_feed,no quote success; mark heuristic and quote_failed
Cgnuirsk5dQ9Ka1Grnru7J8YW1sYncYUjiXvYxT7G4iZ,10,15m,conservative,0.2,1e-06,0.2,0.15588,-0.355879,-3.5588,False,0.3,True,expanded_partial_feed,no quote success; mark heuristic and quote_failed
Cgnuirsk5dQ9Ka1Grnru7J8YW1sYncYUjiXvYxT7G4iZ,10,30m,zero_il_lvr,0.2,1e-06,0,0.15588,-0.155879,-1.5588,False,0.3,True,expanded_partial_feed,no quote success; mark heuristic and quote_failed
Cgnuirsk5dQ9Ka1Grnru7J8YW1sYncYUjiXvYxT7G4iZ,10,30m,optimistic,0.2,1e-06,0.01,0.15588,-0.165879,-1.6588,False,0.3,True,expanded_partial_feed,no quote success; mark heuristic and quote_failed
Cgnuirsk5dQ9Ka1Grnru7J8YW1sYncYUjiXvYxT7G4iZ,10,30m,realistic,0.2,1e-06,0.05,0.15588,-0.205879,-2.0588,False,0.3,True,expanded_partial_feed,no quote success; mark heuristic and quote_failed
Cgnuirsk5dQ9Ka1Grnru7J8YW1sYncYUjiXvYxT7G4iZ,10,30m,conservative,0.2,1e-06,0.2,0.15588,-0.355879,-3.5588,False,0.3,True,expanded_partial_feed,no quote success; mark heuristic and quote_failed
Cgnuirsk5dQ9Ka1Grnru7J8YW1sYncYUjiXvYxT7G4iZ,10,1h,zero_il_lvr,0.2,1e-06,0,0.15588,-0.155879,-1.5588,False,0.3,True,expanded_partial_feed,no quote success; mark heuristic and quote_failed
Cgnuirsk5dQ9Ka1Grnru7J8YW1sYncYUjiXvYxT7G4iZ,10,1h,optimistic,0.2,1e-06,0.01,0.15588,-0.165879,-1.6588,False,0.3,True,expanded_partial_feed,no quote success; mark heuristic and quote_failed
Cgnuirsk5dQ9Ka1Grnru7J8YW1sYncYUjiXvYxT7G4iZ,10,1h,realistic,0.2,1e-06,0.05,0.15588,-0.205879,-2.0588,False,0.3,True,expanded_partial_feed,no quote success; mark heuristic and quote_failed
Cgnuirsk5dQ9Ka1Grnru7J8YW1sYncYUjiXvYxT7G4iZ,10,1h,conservative,0.2,1e-06,0.2,0.15588,-0.355879,-3.5588,False,0.3,True,expanded_partial_feed,no quote success; mark heuristic and quote_failed
Cgnuirsk5dQ9Ka1Grnru7J8YW1sYncYUjiXvYxT7G4iZ,10,2h,zero_il_lvr,0.2,1e-06,0,0.15588,-0.155879,-1.5588,False,0.3,True,expanded_partial_feed,no quote success; mark heuristic and quote_failed
Cgnuirsk5dQ9Ka1Grnru7J8YW1sYncYUjiXvYxT7G4iZ,10,2h,optimistic,0.2,1e-06,0.01,0.15588,-0.165879,-1.6588,False,0.3,True,expanded_partial_feed,no quote success; mark heuristic and quote_failed
Cgnuirsk5dQ9Ka1Grnru7J8YW1sYncYUjiXvYxT7G4iZ,10,2h,realistic,0.2,1e-06,0.05,0.15588,-0.205879,-2.0588,False,0.3,True,expanded_partial_feed,no quote success; mark heuristic and quote_failed
Cgnuirsk5dQ9Ka1Grnru7J8YW1sYncYUjiXvYxT7G4iZ,10,2h,conservative,0.2,1e-06,0.2,0.15588,-0.355879,-3.5588,False,0.3,True,expanded_partial_feed,no quote success; mark heuristic and quote_failed
Cgnuirsk5dQ9Ka1Grnru7J8YW1sYncYUjiXvYxT7G4iZ,10,6h,zero_il_lvr,0.2,1e-06,0,0.15588,-0.155879,-1.5588,False,0.3,True,expanded_partial_feed,no quote success; mark heuristic and quote_failed
Cgnuirsk5dQ9Ka1Grnru7J8YW1sYncYUjiXvYxT7G4iZ,10,6h,optimistic,0.2,1e-06,0.01,0.15588,-0.165879,-1.6588,False,0.3,True,expanded_partial_feed,no quote success; mark heuristic and quote_failed
Cgnuirsk5dQ9Ka1Grnru7J8YW1sYncYUjiXvYxT7G4iZ,10,6h,realistic,0.2,1e-06,0.05,0.15588,-0.205879,-2.0588,False,0.3,True,expanded_partial_feed,no quote success; mark heuristic and quote_failed
Cgnuirsk5dQ9Ka1Grnru7J8YW1sYncYUjiXvYxT7G4iZ,10,6h,conservative,0.2,1e-06,0.2,0.15588,-0.355879,-3.5588,False,0.3,True,expanded_partial_feed,no quote success; mark heuristic and quote_failed
Cgnuirsk5dQ9Ka1Grnru7J8YW1sYncYUjiXvYxT7G4iZ,10,24h,zero_il_lvr,0.2,1e-06,0,0.15588,-0.155879,-1.5588,False,0.3,True,expanded_partial_feed,no quote success; mark heuristic and quote_failed
Cgnuirsk5dQ9Ka1Grnru7J8YW1sYncYUjiXvYxT7G4iZ,10,24h,optimistic,0.2,1e-06,0.01,0.15588,-0.165879,-1.6588,False,0.3,True,expanded_partial_feed,no quote success; mark heuristic and quote_failed
Cgnuirsk5dQ9Ka1Grnru7J8YW1sYncYUjiXvYxT7G4iZ,10,24h,realistic,0.2,1e-06,0.05,0.15588,-0.205879,-2.0588,False,0.3,True,expanded_partial_feed,no quote success; mark heuristic and quote_failed
Cgnuirsk5dQ9Ka1Grnru7J8YW1sYncYUjiXvYxT7G4iZ,10,24h,conservative,0.2,1e-06,0.2,0.15588,-0.355879,-3.5588,False,0.3,True,expanded_partial_feed,no quote success; mark heuristic and quote_failed
Cgnuirsk5dQ9Ka1Grnru7J8YW1sYncYUjiXvYxT7G4iZ,10,7d,zero_il_lvr,0.2,1e-06,0,0.15588,-0.155879,-1.5588,False,0.3,True,expanded_partial_feed,no quote success; mark heuristic and quote_failed
Cgnuirsk5dQ9Ka1Grnru7J8YW1sYncYUjiXvYxT7G4iZ,10,7d,optimistic,0.2,1e-06,0.01,0.15588,-0.165879,-1.6588,False,0.3,True,expanded_partial_feed,no quote success; mark heuristic and quote_failed
Cgnuirsk5dQ9Ka1Grnru7J8YW1sYncYUjiXvYxT7G4iZ,10,7d,realistic,0.2,1e-06,0.05,0.15588,-0.205879,-2.0588,False,0.3,True,expanded_partial_feed,no quote success; mark heuristic and quote_failed
Cgnuirsk5dQ9Ka1Grnru7J8YW1sYncYUjiXvYxT7G4iZ,10,7d,conservative,0.2,1e-06,0.2,0.15588,-0.355879,-3.5588,False,0.3,True,expanded_partial_feed,no quote success; mark heuristic and quote_failed
Cgnuirsk5dQ9Ka1Grnru7J8YW1sYncYUjiXvYxT7G4iZ,20,15m,zero_il_lvr,0.2,2e-06,0,0.15588,-0.155878,-0.7794,False,0.3,True,expanded_partial_feed,no quote success; mark heuristic and quote_failed
Cgnuirsk5dQ9Ka1Grnru7J8YW1sYncYUjiXvYxT7G4iZ,20,15m,optimistic,0.2,2e-06,0.02,0.15588,-0.175878,-0.8794,False,0.3,True,expanded_partial_feed,no quote success; mark heuristic and quote_failed
Cgnuirsk5dQ9Ka1Grnru7J8YW1sYncYUjiXvYxT7G4iZ,20,15m,realistic,0.2,2e-06,0.1,0.15588,-0.255878,-1.2794,False,0.3,True,expanded_partial_feed,no quote success; mark heuristic and quote_failed
Cgnuirsk5dQ9Ka1Grnru7J8YW1sYncYUjiXvYxT7G4iZ,20,15m,conservative,0.2,2e-06,0.4,0.15588,-0.555878,-2.7794,False,0.3,True,expanded_partial_feed,no quote success; mark heuristic and quote_failed
Cgnuirsk5dQ9Ka1Grnru7J8YW1sYncYUjiXvYxT7G4iZ,20,30m,zero_il_lvr,0.2,2e-06,0,0.15588,-0.155878,-0.7794,False,0.3,True,expanded_partial_feed,no quote success; mark heuristic and quote_failed
Cgnuirsk5dQ9Ka1Grnru7J8YW1sYncYUjiXvYxT7G4iZ,20,30m,optimistic,0.2,2e-06,0.02,0.15588,-0.175878,-0.8794,False,0.3,True,expanded_partial_feed,no quote success; mark heuristic and quote_failed
Cgnuirsk5dQ9Ka1Grnru7J8YW1sYncYUjiXvYxT7G4iZ,20,30m,realistic,0.2,2e-06,0.1,0.15588,-0.255878,-1.2794,False,0.3,True,expanded_partial_feed,no quote success; mark heuristic and quote_failed
Cgnuirsk5dQ9Ka1Grnru7J8YW1sYncYUjiXvYxT7G4iZ,20,30m,conservative,0.2,2e-06,0.4,0.15588,-0.555878,-2.7794,False,0.3,True,expanded_partial_feed,no quote success; mark heuristic and quote_failed
Cgnuirsk5dQ9Ka1Grnru7J8YW1sYncYUjiXvYxT7G4iZ,20,1h,zero_il_lvr,0.2,2e-06,0,0.15588,-0.155878,-0.7794,False,0.3,True,expanded_partial_feed,no quote success; mark heuristic and quote_failed
Cgnuirsk5dQ9Ka1Grnru7J8YW1sYncYUjiXvYxT7G4iZ,20,1h,optimistic,0.2,2e-06,0.02,0.15588,-0.175878,-0.8794,False,0.3,True,expanded_partial_feed,no quote success; mark heuristic and quote_failed
Cgnuirsk5dQ9Ka1Grnru7J8YW1sYncYUjiXvYxT7G4iZ,20,1h,realistic,0.2,2e-06,0.1,0.15588,-0.255878,-1.2794,False,0.3,True,expanded_partial_feed,no quote success; mark heuristic and quote_failed
Cgnuirsk5dQ9Ka1Grnru7J8YW1sYncYUjiXvYxT7G4iZ,20,1h,conservative,0.2,2e-06,0.4,0.15588,-0.555878,-2.7794,False,0.3,True,expanded_partial_feed,no quote success; mark heuristic and quote_failed
Cgnuirsk5dQ9Ka1Grnru7J8YW1sYncYUjiXvYxT7G4iZ,20,2h,zero_il_lvr,0.2,2e-06,0,0.15588,-0.155878,-0.7794,False,0.3,True,expanded_partial_feed,no quote success; mark heuristic and quote_failed
Cgnuirsk5dQ9Ka1Grnru7J8YW1sYncYUjiXvYxT7G4iZ,20,2h,optimistic,0.2,2e-06,0.02,0.15588,-0.175878,-0.8794,False,0.3,True,expanded_partial_feed,no quote success; mark heuristic and quote_failed
Cgnuirsk5dQ9Ka1Grnru7J8YW1sYncYUjiXvYxT7G4iZ,20,2h,realistic,0.2,2e-06,0.1,0.15588,-0.255878,-1.2794,False,0.3,True,expanded_partial_feed,no quote success; mark heuristic and quote_failed
Cgnuirsk5dQ9Ka1Grnru7J8YW1sYncYUjiXvYxT7G4iZ,20,2h,conservative,0.2,2e-06,0.4,0.15588,-0.555878,-2.7794,False,0.3,True,expanded_partial_feed,no quote success; mark heuristic and quote_failed
Cgnuirsk5dQ9Ka1Grnru7J8YW1sYncYUjiXvYxT7G4iZ,20,6h,zero_il_lvr,0.2,2e-06,0,0.15588,-0.155878,-0.7794,False,0.3,True,expanded_partial_feed,no quote success; mark heuristic and quote_failed
Cgnuirsk5dQ9Ka1Grnru7J8YW1sYncYUjiXvYxT7G4iZ,20,6h,optimistic,0.2,2e-06,0.02,0.15588,-0.175878,-0.8794,False,0.3,True,expanded_partial_feed,no quote success; mark heuristic and quote_failed
Cgnuirsk5dQ9Ka1Grnru7J8YW1sYncYUjiXvYxT7G4iZ,20,6h,realistic,0.2,2e-06,0.1,0.15588,-0.255878,-1.2794,False,0.3,True,expanded_partial_feed,no quote success; mark heuristic and quote_failed
Cgnuirsk5dQ9Ka1Grnru7J8YW1sYncYUjiXvYxT7G4iZ,20,6h,conservative,0.2,2e-06,0.4,0.15588,-0.555878,-2.7794,False,0.3,True,expanded_partial_feed,no quote success; mark heuristic and quote_failed
Cgnuirsk5dQ9Ka1Grnru7J8YW1sYncYUjiXvYxT7G4iZ,20,24h,zero_il_lvr,0.2,2e-06,0,0.15588,-0.155878,-0.7794,False,0.3,True,expanded_partial_feed,no quote success; mark heuristic and quote_failed
Cgnuirsk5dQ9Ka1Grnru7J8YW1sYncYUjiXvYxT7G4iZ,20,24h,optimistic,0.2,2e-06,0.02,0.15588,-0.175878,-0.8794,False,0.3,True,expanded_partial_feed,no quote success; mark heuristic and quote_failed
Cgnuirsk5dQ9Ka1Grnru7J8YW1sYncYUjiXvYxT7G4iZ,20,24h,realistic,0.2,2e-06,0.1,0.15588,-0.255878,-1.2794,False,0.3,True,expanded_partial_feed,no quote success; mark heuristic and quote_failed
Cgnuirsk5dQ9Ka1Grnru7J8YW1sYncYUjiXvYxT7G4iZ,20,24h,conservative,0.2,2e-06,0.4,0.15588,-0.555878,-2.7794,False,0.3,True,expanded_partial_feed,no quote success; mark heuristic and quote_failed
Cgnuirsk5dQ9Ka1Grnru7J8YW1sYncYUjiXvYxT7G4iZ,20,7d,zero_il_lvr,0.2,2e-06,0,0.15588,-0.155878,-0.7794,False,0.3,True,expanded_partial_feed,no quote success; mark heuristic and quote_failed
Cgnuirsk5dQ9Ka1Grnru7J8YW1sYncYUjiXvYxT7G4iZ,20,7d,optimistic,0.2,2e-06,0.02,0.15588,-0.175878,-0.8794,False,0.3,True,expanded_partial_feed,no quote success; mark heuristic and quote_failed
Cgnuirsk5dQ9Ka1Grnru7J8YW1sYncYUjiXvYxT7G4iZ,20,7d,realistic,0.2,2e-06,0.1,0.15588,-0.255878,-1.2794,False,0.3,True,expanded_partial_feed,no quote success; mark heuristic and quote_failed
Cgnuirsk5dQ9Ka1Grnru7J8YW1sYncYUjiXvYxT7G4iZ,20,7d,conservative,0.2,2e-06,0.4,0.15588,-0.555878,-2.7794,False,0.3,True,expanded_partial_feed,no quote success; mark heuristic and quote_failed
Cgnuirsk5dQ9Ka1Grnru7J8YW1sYncYUjiXvYxT7G4iZ,100,15m,zero_il_lvr,0.2,1e-05,0,0.15588,-0.15587,-0.1559,False,0.3,True,expanded_partial_feed,no quote success; mark heuristic and quote_failed
Cgnuirsk5dQ9Ka1Grnru7J8YW1sYncYUjiXvYxT7G4iZ,100,15m,optimistic,0.2,1e-05,0.1,0.15588,-0.25587,-0.2559,False,0.3,True,expanded_partial_feed,no quote success; mark heuristic and quote_failed
Cgnuirsk5dQ9Ka1Grnru7J8YW1sYncYUjiXvYxT7G4iZ,100,15m,realistic,0.2,1e-05,0.5,0.15588,-0.65587,-0.6559,False,0.3,True,expanded_partial_feed,no quote success; mark heuristic and quote_failed
Cgnuirsk5dQ9Ka1Grnru7J8YW1sYncYUjiXvYxT7G4iZ,100,15m,conservative,0.2,1e-05,2,0.15588,-2.15587,-2.1559,False,0.3,True,expanded_partial_feed,no quote success; mark heuristic and quote_failed
Cgnuirsk5dQ9Ka1Grnru7J8YW1sYncYUjiXvYxT7G4iZ,100,30m,zero_il_lvr,0.2,1e-05,0,0.15588,-0.15587,-0.1559,False,0.3,True,expanded_partial_feed,no quote success; mark heuristic and quote_failed
Cgnuirsk5dQ9Ka1Grnru7J8YW1sYncYUjiXvYxT7G4iZ,100,30m,optimistic,0.2,1e-05,0.1,0.15588,-0.25587,-0.2559,False,0.3,True,expanded_partial_feed,no quote success; mark heuristic and quote_failed
Cgnuirsk5dQ9Ka1Grnru7J8YW1sYncYUjiXvYxT7G4iZ,100,30m,realistic,0.2,1e-05,0.5,0.15588,-0.65587,-0.6559,False,0.3,True,expanded_partial_feed,no quote success; mark heuristic and quote_failed
Cgnuirsk5dQ9Ka1Grnru7J8YW1sYncYUjiXvYxT7G4iZ,100,30m,conservative,0.2,1e-05,2,0.15588,-2.15587,-2.1559,False,0.3,True,expanded_partial_feed,no quote success; mark heuristic and quote_failed
Cgnuirsk5dQ9Ka1Grnru7J8YW1sYncYUjiXvYxT7G4iZ,100,1h,zero_il_lvr,0.2,1e-05,0,0.15588,-0.15587,-0.1559,False,0.3,True,expanded_partial_feed,no quote success; mark heuristic and quote_failed
Cgnuirsk5dQ9Ka1Grnru7J8YW1sYncYUjiXvYxT7G4iZ,100,1h,optimistic,0.2,1e-05,0.1,0.15588,-0.25587,-0.2559,False,0.3,True,expanded_partial_feed,no quote success; mark heuristic and quote_failed
Cgnuirsk5dQ9Ka1Grnru7J8YW1sYncYUjiXvYxT7G4iZ,100,1h,realistic,0.2,1e-05,0.5,0.15588,-0.65587,-0.6559,False,0.3,True,expanded_partial_feed,no quote success; mark heuristic and quote_failed
Cgnuirsk5dQ9Ka1Grnru7J8YW1sYncYUjiXvYxT7G4iZ,100,1h,conservative,0.2,1e-05,2,0.15588,-2.15587,-2.1559,False,0.3,True,expanded_partial_feed,no quote success; mark heuristic and quote_failed
Cgnuirsk5dQ9Ka1Grnru7J8YW1sYncYUjiXvYxT7G4iZ,100,2h,zero_il_lvr,0.2,1e-05,0,0.15588,-0.15587,-0.1559,False,0.3,True,expanded_partial_feed,no quote success; mark heuristic and quote_failed
Cgnuirsk5dQ9Ka1Grnru7J8YW1sYncYUjiXvYxT7G4iZ,100,2h,optimistic,0.2,1e-05,0.1,0.15588,-0.25587,-0.2559,False,0.3,True,expanded_partial_feed,no quote success; mark heuristic and quote_failed
Cgnuirsk5dQ9Ka1Grnru7J8YW1sYncYUjiXvYxT7G4iZ,100,2h,realistic,0.2,1e-05,0.5,0.15588,-0.65587,-0.6559,False,0.3,True,expanded_partial_feed,no quote success; mark heuristic and quote_failed
Cgnuirsk5dQ9Ka1Grnru7J8YW1sYncYUjiXvYxT7G4iZ,100,2h,conservative,0.2,1e-05,2,0.15588,-2.15587,-2.1559,False,0.3,True,expanded_partial_feed,no quote success; mark heuristic and quote_failed
Cgnuirsk5dQ9Ka1Grnru7J8YW1sYncYUjiXvYxT7G4iZ,100,6h,zero_il_lvr,0.2,1e-05,0,0.15588,-0.15587,-0.1559,False,0.3,True,expanded_partial_feed,no quote success; mark heuristic and quote_failed
Cgnuirsk5dQ9Ka1Grnru7J8YW1sYncYUjiXvYxT7G4iZ,100,6h,optimistic,0.2,1e-05,0.1,0.15588,-0.25587,-0.2559,False,0.3,True,expanded_partial_feed,no quote success; mark heuristic and quote_failed
Cgnuirsk5dQ9Ka1Grnru7J8YW1sYncYUjiXvYxT7G4iZ,100,6h,realistic,0.2,1e-05,0.5,0.15588,-0.65587,-0.6559,False,0.3,True,expanded_partial_feed,no quote success; mark heuristic and quote_failed
Cgnuirsk5dQ9Ka1Grnru7J8YW1sYncYUjiXvYxT7G4iZ,100,6h,conservative,0.2,1e-05,2,0.15588,-2.15587,-2.1559,False,0.3,True,expanded_partial_feed,no quote success; mark heuristic and quote_failed
Cgnuirsk5dQ9Ka1Grnru7J8YW1sYncYUjiXvYxT7G4iZ,100,24h,zero_il_lvr,0.2,1e-05,0,0.15588,-0.15587,-0.1559,False,0.3,True,expanded_partial_feed,no quote success; mark heuristic and quote_failed
Cgnuirsk5dQ9Ka1Grnru7J8YW1sYncYUjiXvYxT7G4iZ,100,24h,optimistic,0.2,1e-05,0.1,0.15588,-0.25587,-0.2559,False,0.3,True,expanded_partial_feed,no quote success; mark heuristic and quote_failed
Cgnuirsk5dQ9Ka1Grnru7J8YW1sYncYUjiXvYxT7G4iZ,100,24h,realistic,0.2,1e-05,0.5,0.15588,-0.65587,-0.6559,False,0.3,True,expanded_partial_feed,no quote success; mark heuristic and quote_failed
Cgnuirsk5dQ9Ka1Grnru7J8YW1sYncYUjiXvYxT7G4iZ,100,24h,conservative,0.2,1e-05,2,0.15588,-2.15587,-2.1559,False,0.3,True,expanded_partial_feed,no quote success; mark heuristic and quote_failed
Cgnuirsk5dQ9Ka1Grnru7J8YW1sYncYUjiXvYxT7G4iZ,100,7d,zero_il_lvr,0.2,1e-05,0,0.15588,-0.15587,-0.1559,False,0.3,True,expanded_partial_feed,no quote success; mark heuristic and quote_failed
Cgnuirsk5dQ9Ka1Grnru7J8YW1sYncYUjiXvYxT7G4iZ,100,7d,optimistic,0.2,1e-05,0.1,0.15588,-0.25587,-0.2559,False,0.3,True,expanded_partial_feed,no quote success; mark heuristic and quote_failed
Cgnuirsk5dQ9Ka1Grnru7J8YW1sYncYUjiXvYxT7G4iZ,100,7d,realistic,0.2,1e-05,0.5,0.15588,-0.65587,-0.6559,False,0.3,True,expanded_partial_feed,no quote success; mark heuristic and quote_failed
Cgnuirsk5dQ9Ka1Grnru7J8YW1sYncYUjiXvYxT7G4iZ,100,7d,conservative,0.2,1e-05,2,0.15588,-2.15587,-2.1559,False,0.3,True,expanded_partial_feed,no quote success; mark heuristic and quote_failed
Cgnuirsk5dQ9Ka1Grnru7J8YW1sYncYUjiXvYxT7G4iZ,500,15m,zero_il_lvr,0.2,5e-05,0,0.15588,-0.15583,-0.0312,False,0.3,True,expanded_partial_feed,no quote success; mark heuristic and quote_failed
Cgnuirsk5dQ9Ka1Grnru7J8YW1sYncYUjiXvYxT7G4iZ,500,15m,optimistic,0.2,5e-05,0.5,0.15588,-0.65583,-0.1312,False,0.3,True,expanded_partial_feed,no quote success; mark heuristic and quote_failed
Cgnuirsk5dQ9Ka1Grnru7J8YW1sYncYUjiXvYxT7G4iZ,500,15m,realistic,0.2,5e-05,2.5,0.15588,-2.65583,-0.5312,False,0.3,True,expanded_partial_feed,no quote success; mark heuristic and quote_failed
Cgnuirsk5dQ9Ka1Grnru7J8YW1sYncYUjiXvYxT7G4iZ,500,15m,conservative,0.2,5e-05,10,0.15588,-10.15583,-2.0312,False,0.3,True,expanded_partial_feed,no quote success; mark heuristic and quote_failed
Cgnuirsk5dQ9Ka1Grnru7J8YW1sYncYUjiXvYxT7G4iZ,500,30m,zero_il_lvr,0.2,5e-05,0,0.15588,-0.15583,-0.0312,False,0.3,True,expanded_partial_feed,no quote success; mark heuristic and quote_failed
Cgnuirsk5dQ9Ka1Grnru7J8YW1sYncYUjiXvYxT7G4iZ,500,30m,optimistic,0.2,5e-05,0.5,0.15588,-0.65583,-0.1312,False,0.3,True,expanded_partial_feed,no quote success; mark heuristic and quote_failed
Cgnuirsk5dQ9Ka1Grnru7J8YW1sYncYUjiXvYxT7G4iZ,500,30m,realistic,0.2,5e-05,2.5,0.15588,-2.65583,-0.5312,False,0.3,True,expanded_partial_feed,no quote success; mark heuristic and quote_failed
Cgnuirsk5dQ9Ka1Grnru7J8YW1sYncYUjiXvYxT7G4iZ,500,30m,conservative,0.2,5e-05,10,0.15588,-10.15583,-2.0312,False,0.3,True,expanded_partial_feed,no quote success; mark heuristic and quote_failed
Cgnuirsk5dQ9Ka1Grnru7J8YW1sYncYUjiXvYxT7G4iZ,500,1h,zero_il_lvr,0.2,5e-05,0,0.15588,-0.15583,-0.0312,False,0.3,True,expanded_partial_feed,no quote success; mark heuristic and quote_failed
Cgnuirsk5dQ9Ka1Grnru7J8YW1sYncYUjiXvYxT7G4iZ,500,1h,optimistic,0.2,5e-05,0.5,0.15588,-0.65583,-0.1312,False,0.3,True,expanded_partial_feed,no quote success; mark heuristic and quote_failed
Cgnuirsk5dQ9Ka1Grnru7J8YW1sYncYUjiXvYxT7G4iZ,500,1h,realistic,0.2,5e-05,2.5,0.15588,-2.65583,-0.5312,False,0.3,True,expanded_partial_feed,no quote success; mark heuristic and quote_failed
Cgnuirsk5dQ9Ka1Grnru7J8YW1sYncYUjiXvYxT7G4iZ,500,1h,conservative,0.2,5e-05,10,0.15588,-10.15583,-2.0312,False,0.3,True,expanded_partial_feed,no quote success; mark heuristic and quote_failed
Cgnuirsk5dQ9Ka1Grnru7J8YW1sYncYUjiXvYxT7G4iZ,500,2h,zero_il_lvr,0.2,5e-05,0,0.15588,-0.15583,-0.0312,False,0.3,True,expanded_partial_feed,no quote success; mark heuristic and quote_failed
Cgnuirsk5dQ9Ka1Grnru7J8YW1sYncYUjiXvYxT7G4iZ,500,2h,optimistic,0.2,5e-05,0.5,0.15588,-0.65583,-0.1312,False,0.3,True,expanded_partial_feed,no quote success; mark heuristic and quote_failed
Cgnuirsk5dQ9Ka1Grnru7J8YW1sYncYUjiXvYxT7G4iZ,500,2h,realistic,0.2,5e-05,2.5,0.15588,-2.65583,-0.5312,False,0.3,True,expanded_partial_feed,no quote success; mark heuristic and quote_failed
Cgnuirsk5dQ9Ka1Grnru7J8YW1sYncYUjiXvYxT7G4iZ,500,2h,conservative,0.2,5e-05,10,0.15588,-10.15583,-2.0312,False,0.3,True,expanded_partial_feed,no quote success; mark heuristic and quote_failed
Cgnuirsk5dQ9Ka1Grnru7J8YW1sYncYUjiXvYxT7G4iZ,500,6h,zero_il_lvr,0.2,5e-05,0,0.15588,-0.15583,-0.0312,False,0.3,True,expanded_partial_feed,no quote success; mark heuristic and quote_failed
Cgnuirsk5dQ9Ka1Grnru7J8YW1sYncYUjiXvYxT7G4iZ,500,6h,optimistic,0.2,5e-05,0.5,0.15588,-0.65583,-0.1312,False,0.3,True,expanded_partial_feed,no quote success; mark heuristic and quote_failed
Cgnuirsk5dQ9Ka1Grnru7J8YW1sYncYUjiXvYxT7G4iZ,500,6h,realistic,0.2,5e-05,2.5,0.15588,-2.65583,-0.5312,False,0.3,True,expanded_partial_feed,no quote success; mark heuristic and quote_failed
Cgnuirsk5dQ9Ka1Grnru7J8YW1sYncYUjiXvYxT7G4iZ,500,6h,conservative,0.2,5e-05,10,0.15588,-10.15583,-2.0312,False,0.3,True,expanded_partial_feed,no quote success; mark heuristic and quote_failed
Cgnuirsk5dQ9Ka1Grnru7J8YW1sYncYUjiXvYxT7G4iZ,500,24h,zero_il_lvr,0.2,5e-05,0,0.15588,-0.15583,-0.0312,False,0.3,True,expanded_partial_feed,no quote success; mark heuristic and quote_failed
Cgnuirsk5dQ9Ka1Grnru7J8YW1sYncYUjiXvYxT7G4iZ,500,24h,optimistic,0.2,5e-05,0.5,0.15588,-0.65583,-0.1312,False,0.3,True,expanded_partial_feed,no quote success; mark heuristic and quote_failed
Cgnuirsk5dQ9Ka1Grnru7J8YW1sYncYUjiXvYxT7G4iZ,500,24h,realistic,0.2,5e-05,2.5,0.15588,-2.65583,-0.5312,False,0.3,True,expanded_partial_feed,no quote success; mark heuristic and quote_failed
Cgnuirsk5dQ9Ka1Grnru7J8YW1sYncYUjiXvYxT7G4iZ,500,24h,conservative,0.2,5e-05,10,0.15588,-10.15583,-2.0312,False,0.3,True,expanded_partial_feed,no quote success; mark heuristic and quote_failed
Cgnuirsk5dQ9Ka1Grnru7J8YW1sYncYUjiXvYxT7G4iZ,500,7d,zero_il_lvr,0.2,5e-05,0,0.15588,-0.15583,-0.0312,False,0.3,True,expanded_partial_feed,no quote success; mark heuristic and quote_failed
Cgnuirsk5dQ9Ka1Grnru7J8YW1sYncYUjiXvYxT7G4iZ,500,7d,optimistic,0.2,5e-05,0.5,0.15588,-0.65583,-0.1312,False,0.3,True,expanded_partial_feed,no quote success; mark heuristic and quote_failed
Cgnuirsk5dQ9Ka1Grnru7J8YW1sYncYUjiXvYxT7G4iZ,500,7d,realistic,0.2,5e-05,2.5,0.15588,-2.65583,-0.5312,False,0.3,True,expanded_partial_feed,no quote success; mark heuristic and quote_failed
Cgnuirsk5dQ9Ka1Grnru7J8YW1sYncYUjiXvYxT7G4iZ,500,7d,conservative,0.2,5e-05,10,0.15588,-10.15583,-2.0312,False,0.3,True,expanded_partial_feed,no quote success; mark heuristic and quote_failed
Cgnuirsk5dQ9Ka1Grnru7J8YW1sYncYUjiXvYxT7G4iZ,1000,15m,zero_il_lvr,0.2,0.0001,0,0.15588,-0.15578,-0.0156,False,0.3,True,expanded_partial_feed,no quote success; mark heuristic and quote_failed
Cgnuirsk5dQ9Ka1Grnru7J8YW1sYncYUjiXvYxT7G4iZ,1000,15m,optimistic,0.2,0.0001,1,0.15588,-1.15578,-0.1156,False,0.3,True,expanded_partial_feed,no quote success; mark heuristic and quote_failed
Cgnuirsk5dQ9Ka1Grnru7J8YW1sYncYUjiXvYxT7G4iZ,1000,15m,realistic,0.2,0.0001,5,0.15588,-5.15578,-0.5156,False,0.3,True,expanded_partial_feed,no quote success; mark heuristic and quote_failed
Cgnuirsk5dQ9Ka1Grnru7J8YW1sYncYUjiXvYxT7G4iZ,1000,15m,conservative,0.2,0.0001,20,0.15588,-20.15578,-2.0156,False,0.3,True,expanded_partial_feed,no quote success; mark heuristic and quote_failed
Cgnuirsk5dQ9Ka1Grnru7J8YW1sYncYUjiXvYxT7G4iZ,1000,30m,zero_il_lvr,0.2,0.0001,0,0.15588,-0.15578,-0.0156,False,0.3,True,expanded_partial_feed,no quote success; mark heuristic and quote_failed
Cgnuirsk5dQ9Ka1Grnru7J8YW1sYncYUjiXvYxT7G4iZ,1000,30m,optimistic,0.2,0.0001,1,0.15588,-1.15578,-0.1156,False,0.3,True,expanded_partial_feed,no quote success; mark heuristic and quote_failed
Cgnuirsk5dQ9Ka1Grnru7J8YW1sYncYUjiXvYxT7G4iZ,1000,30m,realistic,0.2,0.0001,5,0.15588,-5.15578,-0.5156,False,0.3,True,expanded_partial_feed,no quote success; mark heuristic and quote_failed
Cgnuirsk5dQ9Ka1Grnru7J8YW1sYncYUjiXvYxT7G4iZ,1000,30m,conservative,0.2,0.0001,20,0.15588,-20.15578,-2.0156,False,0.3,True,expanded_partial_feed,no quote success; mark heuristic and quote_failed
Cgnuirsk5dQ9Ka1Grnru7J8YW1sYncYUjiXvYxT7G4iZ,1000,1h,zero_il_lvr,0.2,0.0001,0,0.15588,-0.15578,-0.0156,False,0.3,True,expanded_partial_feed,no quote success; mark heuristic and quote_failed
Cgnuirsk5dQ9Ka1Grnru7J8YW1sYncYUjiXvYxT7G4iZ,1000,1h,optimistic,0.2,0.0001,1,0.15588,-1.15578,-0.1156,False,0.3,True,expanded_partial_feed,no quote success; mark heuristic and quote_failed
Cgnuirsk5dQ9Ka1Grnru7J8YW1sYncYUjiXvYxT7G4iZ,1000,1h,realistic,0.2,0.0001,5,0.15588,-5.15578,-0.5156,False,0.3,True,expanded_partial_feed,no quote success; mark heuristic and quote_failed
Cgnuirsk5dQ9Ka1Grnru7J8YW1sYncYUjiXvYxT7G4iZ,1000,1h,conservative,0.2,0.0001,20,0.15588,-20.15578,-2.0156,False,0.3,True,expanded_partial_feed,no quote success; mark heuristic and quote_failed
Cgnuirsk5dQ9Ka1Grnru7J8YW1sYncYUjiXvYxT7G4iZ,1000,2h,zero_il_lvr,0.2,0.0001,0,0.15588,-0.15578,-0.0156,False,0.3,True,expanded_partial_feed,no quote success; mark heuristic and quote_failed
Cgnuirsk5dQ9Ka1Grnru7J8YW1sYncYUjiXvYxT7G4iZ,1000,2h,optimistic,0.2,0.0001,1,0.15588,-1.15578,-0.1156,False,0.3,True,expanded_partial_feed,no quote success; mark heuristic and quote_failed
Cgnuirsk5dQ9Ka1Grnru7J8YW1sYncYUjiXvYxT7G4iZ,1000,2h,realistic,0.2,0.0001,5,0.15588,-5.15578,-0.5156,False,0.3,True,expanded_partial_feed,no quote success; mark heuristic and quote_failed
Cgnuirsk5dQ9Ka1Grnru7J8YW1sYncYUjiXvYxT7G4iZ,1000,2h,conservative,0.2,0.0001,20,0.15588,-20.15578,-2.0156,False,0.3,True,expanded_partial_feed,no quote success; mark heuristic and quote_failed
Cgnuirsk5dQ9Ka1Grnru7J8YW1sYncYUjiXvYxT7G4iZ,1000,6h,zero_il_lvr,0.2,0.0001,0,0.15588,-0.15578,-0.0156,False,0.3,True,expanded_partial_feed,no quote success; mark heuristic and quote_failed
Cgnuirsk5dQ9Ka1Grnru7J8YW1sYncYUjiXvYxT7G4iZ,1000,6h,optimistic,0.2,0.0001,1,0.15588,-1.15578,-0.1156,False,0.3,True,expanded_partial_feed,no quote success; mark heuristic and quote_failed
Cgnuirsk5dQ9Ka1Grnru7J8YW1sYncYUjiXvYxT7G4iZ,1000,6h,realistic,0.2,0.0001,5,0.15588,-5.15578,-0.5156,False,0.3,True,expanded_partial_feed,no quote success; mark heuristic and quote_failed
Cgnuirsk5dQ9Ka1Grnru7J8YW1sYncYUjiXvYxT7G4iZ,1000,6h,conservative,0.2,0.0001,20,0.15588,-20.15578,-2.0156,False,0.3,True,expanded_partial_feed,no quote success; mark heuristic and quote_failed
Cgnuirsk5dQ9Ka1Grnru7J8YW1sYncYUjiXvYxT7G4iZ,1000,24h,zero_il_lvr,0.2,0.0001,0,0.15588,-0.15578,-0.0156,False,0.3,True,expanded_partial_feed,no quote success; mark heuristic and quote_failed
Cgnuirsk5dQ9Ka1Grnru7J8YW1sYncYUjiXvYxT7G4iZ,1000,24h,optimistic,0.2,0.0001,1,0.15588,-1.15578,-0.1156,False,0.3,True,expanded_partial_feed,no quote success; mark heuristic and quote_failed
Cgnuirsk5dQ9Ka1Grnru7J8YW1sYncYUjiXvYxT7G4iZ,1000,24h,realistic,0.2,0.0001,5,0.15588,-5.15578,-0.5156,False,0.3,True,expanded_partial_feed,no quote success; mark heuristic and quote_failed
Cgnuirsk5dQ9Ka1Grnru7J8YW1sYncYUjiXvYxT7G4iZ,1000,24h,conservative,0.2,0.0001,20,0.15588,-20.15578,-2.0156,False,0.3,True,expanded_partial_feed,no quote success; mark heuristic and quote_failed
Cgnuirsk5dQ9Ka1Grnru7J8YW1sYncYUjiXvYxT7G4iZ,1000,7d,zero_il_lvr,0.2,0.0001,0,0.15588,-0.15578,-0.0156,False,0.3,True,expanded_partial_feed,no quote success; mark heuristic and quote_failed
Cgnuirsk5dQ9Ka1Grnru7J8YW1sYncYUjiXvYxT7G4iZ,1000,7d,optimistic,0.2,0.0001,1,0.15588,-1.15578,-0.1156,False,0.3,True,expanded_partial_feed,no quote success; mark heuristic and quote_failed
Cgnuirsk5dQ9Ka1Grnru7J8YW1sYncYUjiXvYxT7G4iZ,1000,7d,realistic,0.2,0.0001,5,0.15588,-5.15578,-0.5156,False,0.3,True,expanded_partial_feed,no quote success; mark heuristic and quote_failed
Cgnuirsk5dQ9Ka1Grnru7J8YW1sYncYUjiXvYxT7G4iZ,1000,7d,conservative,0.2,0.0001,20,0.15588,-20.15578,-2.0156,False,0.3,True,expanded_partial_feed,no quote success; mark heuristic and quote_failed
Cgnuirsk5dQ9Ka1Grnru7J8YW1sYncYUjiXvYxT7G4iZ,2000,15m,zero_il_lvr,0.2,0.0002,0,0.15588,-0.15568,-0.0078,False,0.3,True,expanded_partial_feed,no quote success; mark heuristic and quote_failed
Cgnuirsk5dQ9Ka1Grnru7J8YW1sYncYUjiXvYxT7G4iZ,2000,15m,optimistic,0.2,0.0002,2,0.15588,-2.15568,-0.1078,False,0.3,True,expanded_partial_feed,no quote success; mark heuristic and quote_failed
Cgnuirsk5dQ9Ka1Grnru7J8YW1sYncYUjiXvYxT7G4iZ,2000,15m,realistic,0.2,0.0002,10,0.15588,-10.15568,-0.5078,False,0.3,True,expanded_partial_feed,no quote success; mark heuristic and quote_failed
Cgnuirsk5dQ9Ka1Grnru7J8YW1sYncYUjiXvYxT7G4iZ,2000,15m,conservative,0.2,0.0002,40,0.15588,-40.15568,-2.0078,False,0.3,True,expanded_partial_feed,no quote success; mark heuristic and quote_failed
Cgnuirsk5dQ9Ka1Grnru7J8YW1sYncYUjiXvYxT7G4iZ,2000,30m,zero_il_lvr,0.2,0.0002,0,0.15588,-0.15568,-0.0078,False,0.3,True,expanded_partial_feed,no quote success; mark heuristic and quote_failed
Cgnuirsk5dQ9Ka1Grnru7J8YW1sYncYUjiXvYxT7G4iZ,2000,30m,optimistic,0.2,0.0002,2,0.15588,-2.15568,-0.1078,False,0.3,True,expanded_partial_feed,no quote success; mark heuristic and quote_failed
Cgnuirsk5dQ9Ka1Grnru7J8YW1sYncYUjiXvYxT7G4iZ,2000,30m,realistic,0.2,0.0002,10,0.15588,-10.15568,-0.5078,False,0.3,True,expanded_partial_feed,no quote success; mark heuristic and quote_failed
Cgnuirsk5dQ9Ka1Grnru7J8YW1sYncYUjiXvYxT7G4iZ,2000,30m,conservative,0.2,0.0002,40,0.15588,-40.15568,-2.0078,False,0.3,True,expanded_partial_feed,no quote success; mark heuristic and quote_failed
Cgnuirsk5dQ9Ka1Grnru7J8YW1sYncYUjiXvYxT7G4iZ,2000,1h,zero_il_lvr,0.2,0.0002,0,0.15588,-0.15568,-0.0078,False,0.3,True,expanded_partial_feed,no quote success; mark heuristic and quote_failed
Cgnuirsk5dQ9Ka1Grnru7J8YW1sYncYUjiXvYxT7G4iZ,2000,1h,optimistic,0.2,0.0002,2,0.15588,-2.15568,-0.1078,False,0.3,True,expanded_partial_feed,no quote success; mark heuristic and quote_failed
Cgnuirsk5dQ9Ka1Grnru7J8YW1sYncYUjiXvYxT7G4iZ,2000,1h,realistic,0.2,0.0002,10,0.15588,-10.15568,-0.5078,False,0.3,True,expanded_partial_feed,no quote success; mark heuristic and quote_failed
Cgnuirsk5dQ9Ka1Grnru7J8YW1sYncYUjiXvYxT7G4iZ,2000,1h,conservative,0.2,0.0002,40,0.15588,-40.15568,-2.0078,False,0.3,True,expanded_partial_feed,no quote success; mark heuristic and quote_failed
Cgnuirsk5dQ9Ka1Grnru7J8YW1sYncYUjiXvYxT7G4iZ,2000,2h,zero_il_lvr,0.2,0.0002,0,0.15588,-0.15568,-0.0078,False,0.3,True,expanded_partial_feed,no quote success; mark heuristic and quote_failed
Cgnuirsk5dQ9Ka1Grnru7J8YW1sYncYUjiXvYxT7G4iZ,2000,2h,optimistic,0.2,0.0002,2,0.15588,-2.15568,-0.1078,False,0.3,True,expanded_partial_feed,no quote success; mark heuristic and quote_failed
Cgnuirsk5dQ9Ka1Grnru7J8YW1sYncYUjiXvYxT7G4iZ,2000,2h,realistic,0.2,0.0002,10,0.15588,-10.15568,-0.5078,False,0.3,True,expanded_partial_feed,no quote success; mark heuristic and quote_failed
Cgnuirsk5dQ9Ka1Grnru7J8YW1sYncYUjiXvYxT7G4iZ,2000,2h,conservative,0.2,0.0002,40,0.15588,-40.15568,-2.0078,False,0.3,True,expanded_partial_feed,no quote success; mark heuristic and quote_failed
Cgnuirsk5dQ9Ka1Grnru7J8YW1sYncYUjiXvYxT7G4iZ,2000,6h,zero_il_lvr,0.2,0.0002,0,0.15588,-0.15568,-0.0078,False,0.3,True,expanded_partial_feed,no quote success; mark heuristic and quote_failed
Cgnuirsk5dQ9Ka1Grnru7J8YW1sYncYUjiXvYxT7G4iZ,2000,6h,optimistic,0.2,0.0002,2,0.15588,-2.15568,-0.1078,False,0.3,True,expanded_partial_feed,no quote success; mark heuristic and quote_failed
Cgnuirsk5dQ9Ka1Grnru7J8YW1sYncYUjiXvYxT7G4iZ,2000,6h,realistic,0.2,0.0002,10,0.15588,-10.15568,-0.5078,False,0.3,True,expanded_partial_feed,no quote success; mark heuristic and quote_failed
Cgnuirsk5dQ9Ka1Grnru7J8YW1sYncYUjiXvYxT7G4iZ,2000,6h,conservative,0.2,0.0002,40,0.15588,-40.15568,-2.0078,False,0.3,True,expanded_partial_feed,no quote success; mark heuristic and quote_failed
Cgnuirsk5dQ9Ka1Grnru7J8YW1sYncYUjiXvYxT7G4iZ,2000,24h,zero_il_lvr,0.2,0.0002,0,0.15588,-0.15568,-0.0078,False,0.3,True,expanded_partial_feed,no quote success; mark heuristic and quote_failed
Cgnuirsk5dQ9Ka1Grnru7J8YW1sYncYUjiXvYxT7G4iZ,2000,24h,optimistic,0.2,0.0002,2,0.15588,-2.15568,-0.1078,False,0.3,True,expanded_partial_feed,no quote success; mark heuristic and quote_failed
Cgnuirsk5dQ9Ka1Grnru7J8YW1sYncYUjiXvYxT7G4iZ,2000,24h,realistic,0.2,0.0002,10,0.15588,-10.15568,-0.5078,False,0.3,True,expanded_partial_feed,no quote success; mark heuristic and quote_failed
Cgnuirsk5dQ9Ka1Grnru7J8YW1sYncYUjiXvYxT7G4iZ,2000,24h,conservative,0.2,0.0002,40,0.15588,-40.15568,-2.0078,False,0.3,True,expanded_partial_feed,no quote success; mark heuristic and quote_failed
Cgnuirsk5dQ9Ka1Grnru7J8YW1sYncYUjiXvYxT7G4iZ,2000,7d,zero_il_lvr,0.2,0.0002,0,0.15588,-0.15568,-0.0078,False,0.3,True,expanded_partial_feed,no quote success; mark heuristic and quote_failed
Cgnuirsk5dQ9Ka1Grnru7J8YW1sYncYUjiXvYxT7G4iZ,2000,7d,optimistic,0.2,0.0002,2,0.15588,-2.15568,-0.1078,False,0.3,True,expanded_partial_feed,no quote success; mark heuristic and quote_failed
Cgnuirsk5dQ9Ka1Grnru7J8YW1sYncYUjiXvYxT7G4iZ,2000,7d,realistic,0.2,0.0002,10,0.15588,-10.15568,-0.5078,False,0.3,True,expanded_partial_feed,no quote success; mark heuristic and quote_failed
Cgnuirsk5dQ9Ka1Grnru7J8YW1sYncYUjiXvYxT7G4iZ,2000,7d,conservative,0.2,0.0002,40,0.15588,-40.15568,-2.0078,False,0.3,True,expanded_partial_feed,no quote success; mark heuristic and quote_failed
FhdW3Y6Ea6hXKbkGkt5YSAVtDNd5qJ8USevMaPyEr45S,10,15m,zero_il_lvr,0.2,1e-06,0,0.15588,-0.155879,-1.5588,False,0.3,True,expanded_partial_feed,no quote success; mark heuristic and quote_failed
FhdW3Y6Ea6hXKbkGkt5YSAVtDNd5qJ8USevMaPyEr45S,10,15m,optimistic,0.2,1e-06,0.01,0.15588,-0.165879,-1.6588,False,0.3,True,expanded_partial_feed,no quote success; mark heuristic and quote_failed
FhdW3Y6Ea6hXKbkGkt5YSAVtDNd5qJ8USevMaPyEr45S,10,15m,realistic,0.2,1e-06,0.05,0.15588,-0.205879,-2.0588,False,0.3,True,expanded_partial_feed,no quote success; mark heuristic and quote_failed
FhdW3Y6Ea6hXKbkGkt5YSAVtDNd5qJ8USevMaPyEr45S,10,15m,conservative,0.2,1e-06,0.2,0.15588,-0.355879,-3.5588,False,0.3,True,expanded_partial_feed,no quote success; mark heuristic and quote_failed
FhdW3Y6Ea6hXKbkGkt5YSAVtDNd5qJ8USevMaPyEr45S,10,30m,zero_il_lvr,0.2,1e-06,0,0.15588,-0.155879,-1.5588,False,0.3,True,expanded_partial_feed,no quote success; mark heuristic and quote_failed
FhdW3Y6Ea6hXKbkGkt5YSAVtDNd5qJ8USevMaPyEr45S,10,30m,optimistic,0.2,1e-06,0.01,0.15588,-0.165879,-1.6588,False,0.3,True,expanded_partial_feed,no quote success; mark heuristic and quote_failed
FhdW3Y6Ea6hXKbkGkt5YSAVtDNd5qJ8USevMaPyEr45S,10,30m,realistic,0.2,1e-06,0.05,0.15588,-0.205879,-2.0588,False,0.3,True,expanded_partial_feed,no quote success; mark heuristic and quote_failed
FhdW3Y6Ea6hXKbkGkt5YSAVtDNd5qJ8USevMaPyEr45S,10,30m,conservative,0.2,1e-06,0.2,0.15588,-0.355879,-3.5588,False,0.3,True,expanded_partial_feed,no quote success; mark heuristic and quote_failed
FhdW3Y6Ea6hXKbkGkt5YSAVtDNd5qJ8USevMaPyEr45S,10,1h,zero_il_lvr,0.2,1e-06,0,0.15588,-0.155879,-1.5588,False,0.3,True,expanded_partial_feed,no quote success; mark heuristic and quote_failed
FhdW3Y6Ea6hXKbkGkt5YSAVtDNd5qJ8USevMaPyEr45S,10,1h,optimistic,0.2,1e-06,0.01,0.15588,-0.165879,-1.6588,False,0.3,True,expanded_partial_feed,no quote success; mark heuristic and quote_failed
FhdW3Y6Ea6hXKbkGkt5YSAVtDNd5qJ8USevMaPyEr45S,10,1h,realistic,0.2,1e-06,0.05,0.15588,-0.205879,-2.0588,False,0.3,True,expanded_partial_feed,no quote success; mark heuristic and quote_failed
FhdW3Y6Ea6hXKbkGkt5YSAVtDNd5qJ8USevMaPyEr45S,10,1h,conservative,0.2,1e-06,0.2,0.15588,-0.355879,-3.5588,False,0.3,True,expanded_partial_feed,no quote success; mark heuristic and quote_failed
FhdW3Y6Ea6hXKbkGkt5YSAVtDNd5qJ8USevMaPyEr45S,10,2h,zero_il_lvr,0.2,1e-06,0,0.15588,-0.155879,-1.5588,False,0.3,True,expanded_partial_feed,no quote success; mark heuristic and quote_failed
FhdW3Y6Ea6hXKbkGkt5YSAVtDNd5qJ8USevMaPyEr45S,10,2h,optimistic,0.2,1e-06,0.01,0.15588,-0.165879,-1.6588,False,0.3,True,expanded_partial_feed,no quote success; mark heuristic and quote_failed
FhdW3Y6Ea6hXKbkGkt5YSAVtDNd5qJ8USevMaPyEr45S,10,2h,realistic,0.2,1e-06,0.05,0.15588,-0.205879,-2.0588,False,0.3,True,expanded_partial_feed,no quote success; mark heuristic and quote_failed
FhdW3Y6Ea6hXKbkGkt5YSAVtDNd5qJ8USevMaPyEr45S,10,2h,conservative,0.2,1e-06,0.2,0.15588,-0.355879,-3.5588,False,0.3,True,expanded_partial_feed,no quote success; mark heuristic and quote_failed
FhdW3Y6Ea6hXKbkGkt5YSAVtDNd5qJ8USevMaPyEr45S,10,6h,zero_il_lvr,0.2,1e-06,0,0.15588,-0.155879,-1.5588,False,0.3,True,expanded_partial_feed,no quote success; mark heuristic and quote_failed
FhdW3Y6Ea6hXKbkGkt5YSAVtDNd5qJ8USevMaPyEr45S,10,6h,optimistic,0.2,1e-06,0.01,0.15588,-0.165879,-1.6588,False,0.3,True,expanded_partial_feed,no quote success; mark heuristic and quote_failed
FhdW3Y6Ea6hXKbkGkt5YSAVtDNd5qJ8USevMaPyEr45S,10,6h,realistic,0.2,1e-06,0.05,0.15588,-0.205879,-2.0588,False,0.3,True,expanded_partial_feed,no quote success; mark heuristic and quote_failed
FhdW3Y6Ea6hXKbkGkt5YSAVtDNd5qJ8USevMaPyEr45S,10,6h,conservative,0.2,1e-06,0.2,0.15588,-0.355879,-3.5588,False,0.3,True,expanded_partial_feed,no quote success; mark heuristic and quote_failed
FhdW3Y6Ea6hXKbkGkt5YSAVtDNd5qJ8USevMaPyEr45S,10,24h,zero_il_lvr,0.2,1e-06,0,0.15588,-0.155879,-1.5588,False,0.3,True,expanded_partial_feed,no quote success; mark heuristic and quote_failed
FhdW3Y6Ea6hXKbkGkt5YSAVtDNd5qJ8USevMaPyEr45S,10,24h,optimistic,0.2,1e-06,0.01,0.15588,-0.165879,-1.6588,False,0.3,True,expanded_partial_feed,no quote success; mark heuristic and quote_failed
FhdW3Y6Ea6hXKbkGkt5YSAVtDNd5qJ8USevMaPyEr45S,10,24h,realistic,0.2,1e-06,0.05,0.15588,-0.205879,-2.0588,False,0.3,True,expanded_partial_feed,no quote success; mark heuristic and quote_failed
FhdW3Y6Ea6hXKbkGkt5YSAVtDNd5qJ8USevMaPyEr45S,10,24h,conservative,0.2,1e-06,0.2,0.15588,-0.355879,-3.5588,False,0.3,True,expanded_partial_feed,no quote success; mark heuristic and quote_failed
FhdW3Y6Ea6hXKbkGkt5YSAVtDNd5qJ8USevMaPyEr45S,10,7d,zero_il_lvr,0.2,1e-06,0,0.15588,-0.155879,-1.5588,False,0.3,True,expanded_partial_feed,no quote success; mark heuristic and quote_failed
FhdW3Y6Ea6hXKbkGkt5YSAVtDNd5qJ8USevMaPyEr45S,10,7d,optimistic,0.2,1e-06,0.01,0.15588,-0.165879,-1.6588,False,0.3,True,expanded_partial_feed,no quote success; mark heuristic and quote_failed
FhdW3Y6Ea6hXKbkGkt5YSAVtDNd5qJ8USevMaPyEr45S,10,7d,realistic,0.2,1e-06,0.05,0.15588,-0.205879,-2.0588,False,0.3,True,expanded_partial_feed,no quote success; mark heuristic and quote_failed
FhdW3Y6Ea6hXKbkGkt5YSAVtDNd5qJ8USevMaPyEr45S,10,7d,conservative,0.2,1e-06,0.2,0.15588,-0.355879,-3.5588,False,0.3,True,expanded_partial_feed,no quote success; mark heuristic and quote_failed
FhdW3Y6Ea6hXKbkGkt5YSAVtDNd5qJ8USevMaPyEr45S,20,15m,zero_il_lvr,0.2,2e-06,0,0.15588,-0.155878,-0.7794,False,0.3,True,expanded_partial_feed,no quote success; mark heuristic and quote_failed
FhdW3Y6Ea6hXKbkGkt5YSAVtDNd5qJ8USevMaPyEr45S,20,15m,optimistic,0.2,2e-06,0.02,0.15588,-0.175878,-0.8794,False,0.3,True,expanded_partial_feed,no quote success; mark heuristic and quote_failed
FhdW3Y6Ea6hXKbkGkt5YSAVtDNd5qJ8USevMaPyEr45S,20,15m,realistic,0.2,2e-06,0.1,0.15588,-0.255878,-1.2794,False,0.3,True,expanded_partial_feed,no quote success; mark heuristic and quote_failed
FhdW3Y6Ea6hXKbkGkt5YSAVtDNd5qJ8USevMaPyEr45S,20,15m,conservative,0.2,2e-06,0.4,0.15588,-0.555878,-2.7794,False,0.3,True,expanded_partial_feed,no quote success; mark heuristic and quote_failed
FhdW3Y6Ea6hXKbkGkt5YSAVtDNd5qJ8USevMaPyEr45S,20,30m,zero_il_lvr,0.2,2e-06,0,0.15588,-0.155878,-0.7794,False,0.3,True,expanded_partial_feed,no quote success; mark heuristic and quote_failed
FhdW3Y6Ea6hXKbkGkt5YSAVtDNd5qJ8USevMaPyEr45S,20,30m,optimistic,0.2,2e-06,0.02,0.15588,-0.175878,-0.8794,False,0.3,True,expanded_partial_feed,no quote success; mark heuristic and quote_failed
FhdW3Y6Ea6hXKbkGkt5YSAVtDNd5qJ8USevMaPyEr45S,20,30m,realistic,0.2,2e-06,0.1,0.15588,-0.255878,-1.2794,False,0.3,True,expanded_partial_feed,no quote success; mark heuristic and quote_failed
FhdW3Y6Ea6hXKbkGkt5YSAVtDNd5qJ8USevMaPyEr45S,20,30m,conservative,0.2,2e-06,0.4,0.15588,-0.555878,-2.7794,False,0.3,True,expanded_partial_feed,no quote success; mark heuristic and quote_failed
FhdW3Y6Ea6hXKbkGkt5YSAVtDNd5qJ8USevMaPyEr45S,20,1h,zero_il_lvr,0.2,2e-06,0,0.15588,-0.155878,-0.7794,False,0.3,True,expanded_partial_feed,no quote success; mark heuristic and quote_failed
FhdW3Y6Ea6hXKbkGkt5YSAVtDNd5qJ8USevMaPyEr45S,20,1h,optimistic,0.2,2e-06,0.02,0.15588,-0.175878,-0.8794,False,0.3,True,expanded_partial_feed,no quote success; mark heuristic and quote_failed
FhdW3Y6Ea6hXKbkGkt5YSAVtDNd5qJ8USevMaPyEr45S,20,1h,realistic,0.2,2e-06,0.1,0.15588,-0.255878,-1.2794,False,0.3,True,expanded_partial_feed,no quote success; mark heuristic and quote_failed
FhdW3Y6Ea6hXKbkGkt5YSAVtDNd5qJ8USevMaPyEr45S,20,1h,conservative,0.2,2e-06,0.4,0.15588,-0.555878,-2.7794,False,0.3,True,expanded_partial_feed,no quote success; mark heuristic and quote_failed
FhdW3Y6Ea6hXKbkGkt5YSAVtDNd5qJ8USevMaPyEr45S,20,2h,zero_il_lvr,0.2,2e-06,0,0.15588,-0.155878,-0.7794,False,0.3,True,expanded_partial_feed,no quote success; mark heuristic and quote_failed
FhdW3Y6Ea6hXKbkGkt5YSAVtDNd5qJ8USevMaPyEr45S,20,2h,optimistic,0.2,2e-06,0.02,0.15588,-0.175878,-0.8794,False,0.3,True,expanded_partial_feed,no quote success; mark heuristic and quote_failed
FhdW3Y6Ea6hXKbkGkt5YSAVtDNd5qJ8USevMaPyEr45S,20,2h,realistic,0.2,2e-06,0.1,0.15588,-0.255878,-1.2794,False,0.3,True,expanded_partial_feed,no quote success; mark heuristic and quote_failed
FhdW3Y6Ea6hXKbkGkt5YSAVtDNd5qJ8USevMaPyEr45S,20,2h,conservative,0.2,2e-06,0.4,0.15588,-0.555878,-2.7794,False,0.3,True,expanded_partial_feed,no quote success; mark heuristic and quote_failed
FhdW3Y6Ea6hXKbkGkt5YSAVtDNd5qJ8USevMaPyEr45S,20,6h,zero_il_lvr,0.2,2e-06,0,0.15588,-0.155878,-0.7794,False,0.3,True,expanded_partial_feed,no quote success; mark heuristic and quote_failed
FhdW3Y6Ea6hXKbkGkt5YSAVtDNd5qJ8USevMaPyEr45S,20,6h,optimistic,0.2,2e-06,0.02,0.15588,-0.175878,-0.8794,False,0.3,True,expanded_partial_feed,no quote success; mark heuristic and quote_failed
FhdW3Y6Ea6hXKbkGkt5YSAVtDNd5qJ8USevMaPyEr45S,20,6h,realistic,0.2,2e-06,0.1,0.15588,-0.255878,-1.2794,False,0.3,True,expanded_partial_feed,no quote success; mark heuristic and quote_failed
FhdW3Y6Ea6hXKbkGkt5YSAVtDNd5qJ8USevMaPyEr45S,20,6h,conservative,0.2,2e-06,0.4,0.15588,-0.555878,-2.7794,False,0.3,True,expanded_partial_feed,no quote success; mark heuristic and quote_failed
FhdW3Y6Ea6hXKbkGkt5YSAVtDNd5qJ8USevMaPyEr45S,20,24h,zero_il_lvr,0.2,2e-06,0,0.15588,-0.155878,-0.7794,False,0.3,True,expanded_partial_feed,no quote success; mark heuristic and quote_failed
FhdW3Y6Ea6hXKbkGkt5YSAVtDNd5qJ8USevMaPyEr45S,20,24h,optimistic,0.2,2e-06,0.02,0.15588,-0.175878,-0.8794,False,0.3,True,expanded_partial_feed,no quote success; mark heuristic and quote_failed
FhdW3Y6Ea6hXKbkGkt5YSAVtDNd5qJ8USevMaPyEr45S,20,24h,realistic,0.2,2e-06,0.1,0.15588,-0.255878,-1.2794,False,0.3,True,expanded_partial_feed,no quote success; mark heuristic and quote_failed
FhdW3Y6Ea6hXKbkGkt5YSAVtDNd5qJ8USevMaPyEr45S,20,24h,conservative,0.2,2e-06,0.4,0.15588,-0.555878,-2.7794,False,0.3,True,expanded_partial_feed,no quote success; mark heuristic and quote_failed
FhdW3Y6Ea6hXKbkGkt5YSAVtDNd5qJ8USevMaPyEr45S,20,7d,zero_il_lvr,0.2,2e-06,0,0.15588,-0.155878,-0.7794,False,0.3,True,expanded_partial_feed,no quote success; mark heuristic and quote_failed
FhdW3Y6Ea6hXKbkGkt5YSAVtDNd5qJ8USevMaPyEr45S,20,7d,optimistic,0.2,2e-06,0.02,0.15588,-0.175878,-0.8794,False,0.3,True,expanded_partial_feed,no quote success; mark heuristic and quote_failed
FhdW3Y6Ea6hXKbkGkt5YSAVtDNd5qJ8USevMaPyEr45S,20,7d,realistic,0.2,2e-06,0.1,0.15588,-0.255878,-1.2794,False,0.3,True,expanded_partial_feed,no quote success; mark heuristic and quote_failed
FhdW3Y6Ea6hXKbkGkt5YSAVtDNd5qJ8USevMaPyEr45S,20,7d,conservative,0.2,2e-06,0.4,0.15588,-0.555878,-2.7794,False,0.3,True,expanded_partial_feed,no quote success; mark heuristic and quote_failed
FhdW3Y6Ea6hXKbkGkt5YSAVtDNd5qJ8USevMaPyEr45S,100,15m,zero_il_lvr,0.2,1e-05,0,0.15588,-0.15587,-0.1559,False,0.3,True,expanded_partial_feed,no quote success; mark heuristic and quote_failed
FhdW3Y6Ea6hXKbkGkt5YSAVtDNd5qJ8USevMaPyEr45S,100,15m,optimistic,0.2,1e-05,0.1,0.15588,-0.25587,-0.2559,False,0.3,True,expanded_partial_feed,no quote success; mark heuristic and quote_failed
FhdW3Y6Ea6hXKbkGkt5YSAVtDNd5qJ8USevMaPyEr45S,100,15m,realistic,0.2,1e-05,0.5,0.15588,-0.65587,-0.6559,False,0.3,True,expanded_partial_feed,no quote success; mark heuristic and quote_failed
FhdW3Y6Ea6hXKbkGkt5YSAVtDNd5qJ8USevMaPyEr45S,100,15m,conservative,0.2,1e-05,2,0.15588,-2.15587,-2.1559,False,0.3,True,expanded_partial_feed,no quote success; mark heuristic and quote_failed
FhdW3Y6Ea6hXKbkGkt5YSAVtDNd5qJ8USevMaPyEr45S,100,30m,zero_il_lvr,0.2,1e-05,0,0.15588,-0.15587,-0.1559,False,0.3,True,expanded_partial_feed,no quote success; mark heuristic and quote_failed
FhdW3Y6Ea6hXKbkGkt5YSAVtDNd5qJ8USevMaPyEr45S,100,30m,optimistic,0.2,1e-05,0.1,0.15588,-0.25587,-0.2559,False,0.3,True,expanded_partial_feed,no quote success; mark heuristic and quote_failed
FhdW3Y6Ea6hXKbkGkt5YSAVtDNd5qJ8USevMaPyEr45S,100,30m,realistic,0.2,1e-05,0.5,0.15588,-0.65587,-0.6559,False,0.3,True,expanded_partial_feed,no quote success; mark heuristic and quote_failed
FhdW3Y6Ea6hXKbkGkt5YSAVtDNd5qJ8USevMaPyEr45S,100,30m,conservative,0.2,1e-05,2,0.15588,-2.15587,-2.1559,False,0.3,True,expanded_partial_feed,no quote success; mark heuristic and quote_failed
FhdW3Y6Ea6hXKbkGkt5YSAVtDNd5qJ8USevMaPyEr45S,100,1h,zero_il_lvr,0.2,1e-05,0,0.15588,-0.15587,-0.1559,False,0.3,True,expanded_partial_feed,no quote success; mark heuristic and quote_failed
FhdW3Y6Ea6hXKbkGkt5YSAVtDNd5qJ8USevMaPyEr45S,100,1h,optimistic,0.2,1e-05,0.1,0.15588,-0.25587,-0.2559,False,0.3,True,expanded_partial_feed,no quote success; mark heuristic and quote_failed
FhdW3Y6Ea6hXKbkGkt5YSAVtDNd5qJ8USevMaPyEr45S,100,1h,realistic,0.2,1e-05,0.5,0.15588,-0.65587,-0.6559,False,0.3,True,expanded_partial_feed,no quote success; mark heuristic and quote_failed
FhdW3Y6Ea6hXKbkGkt5YSAVtDNd5qJ8USevMaPyEr45S,100,1h,conservative,0.2,1e-05,2,0.15588,-2.15587,-2.1559,False,0.3,True,expanded_partial_feed,no quote success; mark heuristic and quote_failed
FhdW3Y6Ea6hXKbkGkt5YSAVtDNd5qJ8USevMaPyEr45S,100,2h,zero_il_lvr,0.2,1e-05,0,0.15588,-0.15587,-0.1559,False,0.3,True,expanded_partial_feed,no quote success; mark heuristic and quote_failed
FhdW3Y6Ea6hXKbkGkt5YSAVtDNd5qJ8USevMaPyEr45S,100,2h,optimistic,0.2,1e-05,0.1,0.15588,-0.25587,-0.2559,False,0.3,True,expanded_partial_feed,no quote success; mark heuristic and quote_failed
FhdW3Y6Ea6hXKbkGkt5YSAVtDNd5qJ8USevMaPyEr45S,100,2h,realistic,0.2,1e-05,0.5,0.15588,-0.65587,-0.6559,False,0.3,True,expanded_partial_feed,no quote success; mark heuristic and quote_failed
FhdW3Y6Ea6hXKbkGkt5YSAVtDNd5qJ8USevMaPyEr45S,100,2h,conservative,0.2,1e-05,2,0.15588,-2.15587,-2.1559,False,0.3,True,expanded_partial_feed,no quote success; mark heuristic and quote_failed
FhdW3Y6Ea6hXKbkGkt5YSAVtDNd5qJ8USevMaPyEr45S,100,6h,zero_il_lvr,0.2,1e-05,0,0.15588,-0.15587,-0.1559,False,0.3,True,expanded_partial_feed,no quote success; mark heuristic and quote_failed
FhdW3Y6Ea6hXKbkGkt5YSAVtDNd5qJ8USevMaPyEr45S,100,6h,optimistic,0.2,1e-05,0.1,0.15588,-0.25587,-0.2559,False,0.3,True,expanded_partial_feed,no quote success; mark heuristic and quote_failed
FhdW3Y6Ea6hXKbkGkt5YSAVtDNd5qJ8USevMaPyEr45S,100,6h,realistic,0.2,1e-05,0.5,0.15588,-0.65587,-0.6559,False,0.3,True,expanded_partial_feed,no quote success; mark heuristic and quote_failed
FhdW3Y6Ea6hXKbkGkt5YSAVtDNd5qJ8USevMaPyEr45S,100,6h,conservative,0.2,1e-05,2,0.15588,-2.15587,-2.1559,False,0.3,True,expanded_partial_feed,no quote success; mark heuristic and quote_failed
FhdW3Y6Ea6hXKbkGkt5YSAVtDNd5qJ8USevMaPyEr45S,100,24h,zero_il_lvr,0.2,1e-05,0,0.15588,-0.15587,-0.1559,False,0.3,True,expanded_partial_feed,no quote success; mark heuristic and quote_failed
FhdW3Y6Ea6hXKbkGkt5YSAVtDNd5qJ8USevMaPyEr45S,100,24h,optimistic,0.2,1e-05,0.1,0.15588,-0.25587,-0.2559,False,0.3,True,expanded_partial_feed,no quote success; mark heuristic and quote_failed
FhdW3Y6Ea6hXKbkGkt5YSAVtDNd5qJ8USevMaPyEr45S,100,24h,realistic,0.2,1e-05,0.5,0.15588,-0.65587,-0.6559,False,0.3,True,expanded_partial_feed,no quote success; mark heuristic and quote_failed
FhdW3Y6Ea6hXKbkGkt5YSAVtDNd5qJ8USevMaPyEr45S,100,24h,conservative,0.2,1e-05,2,0.15588,-2.15587,-2.1559,False,0.3,True,expanded_partial_feed,no quote success; mark heuristic and quote_failed
FhdW3Y6Ea6hXKbkGkt5YSAVtDNd5qJ8USevMaPyEr45S,100,7d,zero_il_lvr,0.2,1e-05,0,0.15588,-0.15587,-0.1559,False,0.3,True,expanded_partial_feed,no quote success; mark heuristic and quote_failed
FhdW3Y6Ea6hXKbkGkt5YSAVtDNd5qJ8USevMaPyEr45S,100,7d,optimistic,0.2,1e-05,0.1,0.15588,-0.25587,-0.2559,False,0.3,True,expanded_partial_feed,no quote success; mark heuristic and quote_failed
FhdW3Y6Ea6hXKbkGkt5YSAVtDNd5qJ8USevMaPyEr45S,100,7d,realistic,0.2,1e-05,0.5,0.15588,-0.65587,-0.6559,False,0.3,True,expanded_partial_feed,no quote success; mark heuristic and quote_failed
FhdW3Y6Ea6hXKbkGkt5YSAVtDNd5qJ8USevMaPyEr45S,100,7d,conservative,0.2,1e-05,2,0.15588,-2.15587,-2.1559,False,0.3,True,expanded_partial_feed,no quote success; mark heuristic and quote_failed
FhdW3Y6Ea6hXKbkGkt5YSAVtDNd5qJ8USevMaPyEr45S,500,15m,zero_il_lvr,0.2,5e-05,0,0.15588,-0.15583,-0.0312,False,0.3,True,expanded_partial_feed,no quote success; mark heuristic and quote_failed
FhdW3Y6Ea6hXKbkGkt5YSAVtDNd5qJ8USevMaPyEr45S,500,15m,optimistic,0.2,5e-05,0.5,0.15588,-0.65583,-0.1312,False,0.3,True,expanded_partial_feed,no quote success; mark heuristic and quote_failed
FhdW3Y6Ea6hXKbkGkt5YSAVtDNd5qJ8USevMaPyEr45S,500,15m,realistic,0.2,5e-05,2.5,0.15588,-2.65583,-0.5312,False,0.3,True,expanded_partial_feed,no quote success; mark heuristic and quote_failed
FhdW3Y6Ea6hXKbkGkt5YSAVtDNd5qJ8USevMaPyEr45S,500,15m,conservative,0.2,5e-05,10,0.15588,-10.15583,-2.0312,False,0.3,True,expanded_partial_feed,no quote success; mark heuristic and quote_failed
FhdW3Y6Ea6hXKbkGkt5YSAVtDNd5qJ8USevMaPyEr45S,500,30m,zero_il_lvr,0.2,5e-05,0,0.15588,-0.15583,-0.0312,False,0.3,True,expanded_partial_feed,no quote success; mark heuristic and quote_failed
FhdW3Y6Ea6hXKbkGkt5YSAVtDNd5qJ8USevMaPyEr45S,500,30m,optimistic,0.2,5e-05,0.5,0.15588,-0.65583,-0.1312,False,0.3,True,expanded_partial_feed,no quote success; mark heuristic and quote_failed
FhdW3Y6Ea6hXKbkGkt5YSAVtDNd5qJ8USevMaPyEr45S,500,30m,realistic,0.2,5e-05,2.5,0.15588,-2.65583,-0.5312,False,0.3,True,expanded_partial_feed,no quote success; mark heuristic and quote_failed
FhdW3Y6Ea6hXKbkGkt5YSAVtDNd5qJ8USevMaPyEr45S,500,30m,conservative,0.2,5e-05,10,0.15588,-10.15583,-2.0312,False,0.3,True,expanded_partial_feed,no quote success; mark heuristic and quote_failed
FhdW3Y6Ea6hXKbkGkt5YSAVtDNd5qJ8USevMaPyEr45S,500,1h,zero_il_lvr,0.2,5e-05,0,0.15588,-0.15583,-0.0312,False,0.3,True,expanded_partial_feed,no quote success; mark heuristic and quote_failed
FhdW3Y6Ea6hXKbkGkt5YSAVtDNd5qJ8USevMaPyEr45S,500,1h,optimistic,0.2,5e-05,0.5,0.15588,-0.65583,-0.1312,False,0.3,True,expanded_partial_feed,no quote success; mark heuristic and quote_failed
FhdW3Y6Ea6hXKbkGkt5YSAVtDNd5qJ8USevMaPyEr45S,500,1h,realistic,0.2,5e-05,2.5,0.15588,-2.65583,-0.5312,False,0.3,True,expanded_partial_feed,no quote success; mark heuristic and quote_failed
FhdW3Y6Ea6hXKbkGkt5YSAVtDNd5qJ8USevMaPyEr45S,500,1h,conservative,0.2,5e-05,10,0.15588,-10.15583,-2.0312,False,0.3,True,expanded_partial_feed,no quote success; mark heuristic and quote_failed
FhdW3Y6Ea6hXKbkGkt5YSAVtDNd5qJ8USevMaPyEr45S,500,2h,zero_il_lvr,0.2,5e-05,0,0.15588,-0.15583,-0.0312,False,0.3,True,expanded_partial_feed,no quote success; mark heuristic and quote_failed
FhdW3Y6Ea6hXKbkGkt5YSAVtDNd5qJ8USevMaPyEr45S,500,2h,optimistic,0.2,5e-05,0.5,0.15588,-0.65583,-0.1312,False,0.3,True,expanded_partial_feed,no quote success; mark heuristic and quote_failed
FhdW3Y6Ea6hXKbkGkt5YSAVtDNd5qJ8USevMaPyEr45S,500,2h,realistic,0.2,5e-05,2.5,0.15588,-2.65583,-0.5312,False,0.3,True,expanded_partial_feed,no quote success; mark heuristic and quote_failed
FhdW3Y6Ea6hXKbkGkt5YSAVtDNd5qJ8USevMaPyEr45S,500,2h,conservative,0.2,5e-05,10,0.15588,-10.15583,-2.0312,False,0.3,True,expanded_partial_feed,no quote success; mark heuristic and quote_failed
FhdW3Y6Ea6hXKbkGkt5YSAVtDNd5qJ8USevMaPyEr45S,500,6h,zero_il_lvr,0.2,5e-05,0,0.15588,-0.15583,-0.0312,False,0.3,True,expanded_partial_feed,no quote success; mark heuristic and quote_failed
FhdW3Y6Ea6hXKbkGkt5YSAVtDNd5qJ8USevMaPyEr45S,500,6h,optimistic,0.2,5e-05,0.5,0.15588,-0.65583,-0.1312,False,0.3,True,expanded_partial_feed,no quote success; mark heuristic and quote_failed
FhdW3Y6Ea6hXKbkGkt5YSAVtDNd5qJ8USevMaPyEr45S,500,6h,realistic,0.2,5e-05,2.5,0.15588,-2.65583,-0.5312,False,0.3,True,expanded_partial_feed,no quote success; mark heuristic and quote_failed
FhdW3Y6Ea6hXKbkGkt5YSAVtDNd5qJ8USevMaPyEr45S,500,6h,conservative,0.2,5e-05,10,0.15588,-10.15583,-2.0312,False,0.3,True,expanded_partial_feed,no quote success; mark heuristic and quote_failed
FhdW3Y6Ea6hXKbkGkt5YSAVtDNd5qJ8USevMaPyEr45S,500,24h,zero_il_lvr,0.2,5e-05,0,0.15588,-0.15583,-0.0312,False,0.3,True,expanded_partial_feed,no quote success; mark heuristic and quote_failed
FhdW3Y6Ea6hXKbkGkt5YSAVtDNd5qJ8USevMaPyEr45S,500,24h,optimistic,0.2,5e-05,0.5,0.15588,-0.65583,-0.1312,False,0.3,True,expanded_partial_feed,no quote success; mark heuristic and quote_failed
FhdW3Y6Ea6hXKbkGkt5YSAVtDNd5qJ8USevMaPyEr45S,500,24h,realistic,0.2,5e-05,2.5,0.15588,-2.65583,-0.5312,False,0.3,True,expanded_partial_feed,no quote success; mark heuristic and quote_failed
FhdW3Y6Ea6hXKbkGkt5YSAVtDNd5qJ8USevMaPyEr45S,500,24h,conservative,0.2,5e-05,10,0.15588,-10.15583,-2.0312,False,0.3,True,expanded_partial_feed,no quote success; mark heuristic and quote_failed
FhdW3Y6Ea6hXKbkGkt5YSAVtDNd5qJ8USevMaPyEr45S,500,7d,zero_il_lvr,0.2,5e-05,0,0.15588,-0.15583,-0.0312,False,0.3,True,expanded_partial_feed,no quote success; mark heuristic and quote_failed
FhdW3Y6Ea6hXKbkGkt5YSAVtDNd5qJ8USevMaPyEr45S,500,7d,optimistic,0.2,5e-05,0.5,0.15588,-0.65583,-0.1312,False,0.3,True,expanded_partial_feed,no quote success; mark heuristic and quote_failed
FhdW3Y6Ea6hXKbkGkt5YSAVtDNd5qJ8USevMaPyEr45S,500,7d,realistic,0.2,5e-05,2.5,0.15588,-2.65583,-0.5312,False,0.3,True,expanded_partial_feed,no quote success; mark heuristic and quote_failed
FhdW3Y6Ea6hXKbkGkt5YSAVtDNd5qJ8USevMaPyEr45S,500,7d,conservative,0.2,5e-05,10,0.15588,-10.15583,-2.0312,False,0.3,True,expanded_partial_feed,no quote success; mark heuristic and quote_failed
FhdW3Y6Ea6hXKbkGkt5YSAVtDNd5qJ8USevMaPyEr45S,1000,15m,zero_il_lvr,0.2,0.0001,0,0.15588,-0.15578,-0.0156,False,0.3,True,expanded_partial_feed,no quote success; mark heuristic and quote_failed
FhdW3Y6Ea6hXKbkGkt5YSAVtDNd5qJ8USevMaPyEr45S,1000,15m,optimistic,0.2,0.0001,1,0.15588,-1.15578,-0.1156,False,0.3,True,expanded_partial_feed,no quote success; mark heuristic and quote_failed
FhdW3Y6Ea6hXKbkGkt5YSAVtDNd5qJ8USevMaPyEr45S,1000,15m,realistic,0.2,0.0001,5,0.15588,-5.15578,-0.5156,False,0.3,True,expanded_partial_feed,no quote success; mark heuristic and quote_failed
FhdW3Y6Ea6hXKbkGkt5YSAVtDNd5qJ8USevMaPyEr45S,1000,15m,conservative,0.2,0.0001,20,0.15588,-20.15578,-2.0156,False,0.3,True,expanded_partial_feed,no quote success; mark heuristic and quote_failed
FhdW3Y6Ea6hXKbkGkt5YSAVtDNd5qJ8USevMaPyEr45S,1000,30m,zero_il_lvr,0.2,0.0001,0,0.15588,-0.15578,-0.0156,False,0.3,True,expanded_partial_feed,no quote success; mark heuristic and quote_failed
FhdW3Y6Ea6hXKbkGkt5YSAVtDNd5qJ8USevMaPyEr45S,1000,30m,optimistic,0.2,0.0001,1,0.15588,-1.15578,-0.1156,False,0.3,True,expanded_partial_feed,no quote success; mark heuristic and quote_failed
FhdW3Y6Ea6hXKbkGkt5YSAVtDNd5qJ8USevMaPyEr45S,1000,30m,realistic,0.2,0.0001,5,0.15588,-5.15578,-0.5156,False,0.3,True,expanded_partial_feed,no quote success; mark heuristic and quote_failed
FhdW3Y6Ea6hXKbkGkt5YSAVtDNd5qJ8USevMaPyEr45S,1000,30m,conservative,0.2,0.0001,20,0.15588,-20.15578,-2.0156,False,0.3,True,expanded_partial_feed,no quote success; mark heuristic and quote_failed
FhdW3Y6Ea6hXKbkGkt5YSAVtDNd5qJ8USevMaPyEr45S,1000,1h,zero_il_lvr,0.2,0.0001,0,0.15588,-0.15578,-0.0156,False,0.3,True,expanded_partial_feed,no quote success; mark heuristic and quote_failed
FhdW3Y6Ea6hXKbkGkt5YSAVtDNd5qJ8USevMaPyEr45S,1000,1h,optimistic,0.2,0.0001,1,0.15588,-1.15578,-0.1156,False,0.3,True,expanded_partial_feed,no quote success; mark heuristic and quote_failed
FhdW3Y6Ea6hXKbkGkt5YSAVtDNd5qJ8USevMaPyEr45S,1000,1h,realistic,0.2,0.0001,5,0.15588,-5.15578,-0.5156,False,0.3,True,expanded_partial_feed,no quote success; mark heuristic and quote_failed
FhdW3Y6Ea6hXKbkGkt5YSAVtDNd5qJ8USevMaPyEr45S,1000,1h,conservative,0.2,0.0001,20,0.15588,-20.15578,-2.0156,False,0.3,True,expanded_partial_feed,no quote success; mark heuristic and quote_failed
FhdW3Y6Ea6hXKbkGkt5YSAVtDNd5qJ8USevMaPyEr45S,1000,2h,zero_il_lvr,0.2,0.0001,0,0.15588,-0.15578,-0.0156,False,0.3,True,expanded_partial_feed,no quote success; mark heuristic and quote_failed
FhdW3Y6Ea6hXKbkGkt5YSAVtDNd5qJ8USevMaPyEr45S,1000,2h,optimistic,0.2,0.0001,1,0.15588,-1.15578,-0.1156,False,0.3,True,expanded_partial_feed,no quote success; mark heuristic and quote_failed
FhdW3Y6Ea6hXKbkGkt5YSAVtDNd5qJ8USevMaPyEr45S,1000,2h,realistic,0.2,0.0001,5,0.15588,-5.15578,-0.5156,False,0.3,True,expanded_partial_feed,no quote success; mark heuristic and quote_failed
FhdW3Y6Ea6hXKbkGkt5YSAVtDNd5qJ8USevMaPyEr45S,1000,2h,conservative,0.2,0.0001,20,0.15588,-20.15578,-2.0156,False,0.3,True,expanded_partial_feed,no quote success; mark heuristic and quote_failed
FhdW3Y6Ea6hXKbkGkt5YSAVtDNd5qJ8USevMaPyEr45S,1000,6h,zero_il_lvr,0.2,0.0001,0,0.15588,-0.15578,-0.0156,False,0.3,True,expanded_partial_feed,no quote success; mark heuristic and quote_failed
FhdW3Y6Ea6hXKbkGkt5YSAVtDNd5qJ8USevMaPyEr45S,1000,6h,optimistic,0.2,0.0001,1,0.15588,-1.15578,-0.1156,False,0.3,True,expanded_partial_feed,no quote success; mark heuristic and quote_failed
FhdW3Y6Ea6hXKbkGkt5YSAVtDNd5qJ8USevMaPyEr45S,1000,6h,realistic,0.2,0.0001,5,0.15588,-5.15578,-0.5156,False,0.3,True,expanded_partial_feed,no quote success; mark heuristic and quote_failed
FhdW3Y6Ea6hXKbkGkt5YSAVtDNd5qJ8USevMaPyEr45S,1000,6h,conservative,0.2,0.0001,20,0.15588,-20.15578,-2.0156,False,0.3,True,expanded_partial_feed,no quote success; mark heuristic and quote_failed
FhdW3Y6Ea6hXKbkGkt5YSAVtDNd5qJ8USevMaPyEr45S,1000,24h,zero_il_lvr,0.2,0.0001,0,0.15588,-0.15578,-0.0156,False,0.3,True,expanded_partial_feed,no quote success; mark heuristic and quote_failed
FhdW3Y6Ea6hXKbkGkt5YSAVtDNd5qJ8USevMaPyEr45S,1000,24h,optimistic,0.2,0.0001,1,0.15588,-1.15578,-0.1156,False,0.3,True,expanded_partial_feed,no quote success; mark heuristic and quote_failed
FhdW3Y6Ea6hXKbkGkt5YSAVtDNd5qJ8USevMaPyEr45S,1000,24h,realistic,0.2,0.0001,5,0.15588,-5.15578,-0.5156,False,0.3,True,expanded_partial_feed,no quote success; mark heuristic and quote_failed
FhdW3Y6Ea6hXKbkGkt5YSAVtDNd5qJ8USevMaPyEr45S,1000,24h,conservative,0.2,0.0001,20,0.15588,-20.15578,-2.0156,False,0.3,True,expanded_partial_feed,no quote success; mark heuristic and quote_failed
FhdW3Y6Ea6hXKbkGkt5YSAVtDNd5qJ8USevMaPyEr45S,1000,7d,zero_il_lvr,0.2,0.0001,0,0.15588,-0.15578,-0.0156,False,0.3,True,expanded_partial_feed,no quote success; mark heuristic and quote_failed
FhdW3Y6Ea6hXKbkGkt5YSAVtDNd5qJ8USevMaPyEr45S,1000,7d,optimistic,0.2,0.0001,1,0.15588,-1.15578,-0.1156,False,0.3,True,expanded_partial_feed,no quote success; mark heuristic and quote_failed
FhdW3Y6Ea6hXKbkGkt5YSAVtDNd5qJ8USevMaPyEr45S,1000,7d,realistic,0.2,0.0001,5,0.15588,-5.15578,-0.5156,False,0.3,True,expanded_partial_feed,no quote success; mark heuristic and quote_failed
FhdW3Y6Ea6hXKbkGkt5YSAVtDNd5qJ8USevMaPyEr45S,1000,7d,conservative,0.2,0.0001,20,0.15588,-20.15578,-2.0156,False,0.3,True,expanded_partial_feed,no quote success; mark heuristic and quote_failed
FhdW3Y6Ea6hXKbkGkt5YSAVtDNd5qJ8USevMaPyEr45S,2000,15m,zero_il_lvr,0.2,0.0002,0,0.15588,-0.15568,-0.0078,False,0.3,True,expanded_partial_feed,no quote success; mark heuristic and quote_failed
FhdW3Y6Ea6hXKbkGkt5YSAVtDNd5qJ8USevMaPyEr45S,2000,15m,optimistic,0.2,0.0002,2,0.15588,-2.15568,-0.1078,False,0.3,True,expanded_partial_feed,no quote success; mark heuristic and quote_failed
FhdW3Y6Ea6hXKbkGkt5YSAVtDNd5qJ8USevMaPyEr45S,2000,15m,realistic,0.2,0.0002,10,0.15588,-10.15568,-0.5078,False,0.3,True,expanded_partial_feed,no quote success; mark heuristic and quote_failed
FhdW3Y6Ea6hXKbkGkt5YSAVtDNd5qJ8USevMaPyEr45S,2000,15m,conservative,0.2,0.0002,40,0.15588,-40.15568,-2.0078,False,0.3,True,expanded_partial_feed,no quote success; mark heuristic and quote_failed
FhdW3Y6Ea6hXKbkGkt5YSAVtDNd5qJ8USevMaPyEr45S,2000,30m,zero_il_lvr,0.2,0.0002,0,0.15588,-0.15568,-0.0078,False,0.3,True,expanded_partial_feed,no quote success; mark heuristic and quote_failed
FhdW3Y6Ea6hXKbkGkt5YSAVtDNd5qJ8USevMaPyEr45S,2000,30m,optimistic,0.2,0.0002,2,0.15588,-2.15568,-0.1078,False,0.3,True,expanded_partial_feed,no quote success; mark heuristic and quote_failed
FhdW3Y6Ea6hXKbkGkt5YSAVtDNd5qJ8USevMaPyEr45S,2000,30m,realistic,0.2,0.0002,10,0.15588,-10.15568,-0.5078,False,0.3,True,expanded_partial_feed,no quote success; mark heuristic and quote_failed
FhdW3Y6Ea6hXKbkGkt5YSAVtDNd5qJ8USevMaPyEr45S,2000,30m,conservative,0.2,0.0002,40,0.15588,-40.15568,-2.0078,False,0.3,True,expanded_partial_feed,no quote success; mark heuristic and quote_failed
FhdW3Y6Ea6hXKbkGkt5YSAVtDNd5qJ8USevMaPyEr45S,2000,1h,zero_il_lvr,0.2,0.0002,0,0.15588,-0.15568,-0.0078,False,0.3,True,expanded_partial_feed,no quote success; mark heuristic and quote_failed
FhdW3Y6Ea6hXKbkGkt5YSAVtDNd5qJ8USevMaPyEr45S,2000,1h,optimistic,0.2,0.0002,2,0.15588,-2.15568,-0.1078,False,0.3,True,expanded_partial_feed,no quote success; mark heuristic and quote_failed
FhdW3Y6Ea6hXKbkGkt5YSAVtDNd5qJ8USevMaPyEr45S,2000,1h,realistic,0.2,0.0002,10,0.15588,-10.15568,-0.5078,False,0.3,True,expanded_partial_feed,no quote success; mark heuristic and quote_failed
FhdW3Y6Ea6hXKbkGkt5YSAVtDNd5qJ8USevMaPyEr45S,2000,1h,conservative,0.2,0.0002,40,0.15588,-40.15568,-2.0078,False,0.3,True,expanded_partial_feed,no quote success; mark heuristic and quote_failed
FhdW3Y6Ea6hXKbkGkt5YSAVtDNd5qJ8USevMaPyEr45S,2000,2h,zero_il_lvr,0.2,0.0002,0,0.15588,-0.15568,-0.0078,False,0.3,True,expanded_partial_feed,no quote success; mark heuristic and quote_failed
FhdW3Y6Ea6hXKbkGkt5YSAVtDNd5qJ8USevMaPyEr45S,2000,2h,optimistic,0.2,0.0002,2,0.15588,-2.15568,-0.1078,False,0.3,True,expanded_partial_feed,no quote success; mark heuristic and quote_failed
FhdW3Y6Ea6hXKbkGkt5YSAVtDNd5qJ8USevMaPyEr45S,2000,2h,realistic,0.2,0.0002,10,0.15588,-10.15568,-0.5078,False,0.3,True,expanded_partial_feed,no quote success; mark heuristic and quote_failed
FhdW3Y6Ea6hXKbkGkt5YSAVtDNd5qJ8USevMaPyEr45S,2000,2h,conservative,0.2,0.0002,40,0.15588,-40.15568,-2.0078,False,0.3,True,expanded_partial_feed,no quote success; mark heuristic and quote_failed
FhdW3Y6Ea6hXKbkGkt5YSAVtDNd5qJ8USevMaPyEr45S,2000,6h,zero_il_lvr,0.2,0.0002,0,0.15588,-0.15568,-0.0078,False,0.3,True,expanded_partial_feed,no quote success; mark heuristic and quote_failed
FhdW3Y6Ea6hXKbkGkt5YSAVtDNd5qJ8USevMaPyEr45S,2000,6h,optimistic,0.2,0.0002,2,0.15588,-2.15568,-0.1078,False,0.3,True,expanded_partial_feed,no quote success; mark heuristic and quote_failed
FhdW3Y6Ea6hXKbkGkt5YSAVtDNd5qJ8USevMaPyEr45S,2000,6h,realistic,0.2,0.0002,10,0.15588,-10.15568,-0.5078,False,0.3,True,expanded_partial_feed,no quote success; mark heuristic and quote_failed
FhdW3Y6Ea6hXKbkGkt5YSAVtDNd5qJ8USevMaPyEr45S,2000,6h,conservative,0.2,0.0002,40,0.15588,-40.15568,-2.0078,False,0.3,True,expanded_partial_feed,no quote success; mark heuristic and quote_failed
FhdW3Y6Ea6hXKbkGkt5YSAVtDNd5qJ8USevMaPyEr45S,2000,24h,zero_il_lvr,0.2,0.0002,0,0.15588,-0.15568,-0.0078,False,0.3,True,expanded_partial_feed,no quote success; mark heuristic and quote_failed
FhdW3Y6Ea6hXKbkGkt5YSAVtDNd5qJ8USevMaPyEr45S,2000,24h,optimistic,0.2,0.0002,2,0.15588,-2.15568,-0.1078,False,0.3,True,expanded_partial_feed,no quote success; mark heuristic and quote_failed
FhdW3Y6Ea6hXKbkGkt5YSAVtDNd5qJ8USevMaPyEr45S,2000,24h,realistic,0.2,0.0002,10,0.15588,-10.15568,-0.5078,False,0.3,True,expanded_partial_feed,no quote success; mark heuristic and quote_failed
FhdW3Y6Ea6hXKbkGkt5YSAVtDNd5qJ8USevMaPyEr45S,2000,24h,conservative,0.2,0.0002,40,0.15588,-40.15568,-2.0078,False,0.3,True,expanded_partial_feed,no quote success; mark heuristic and quote_failed
FhdW3Y6Ea6hXKbkGkt5YSAVtDNd5qJ8USevMaPyEr45S,2000,7d,zero_il_lvr,0.2,0.0002,0,0.15588,-0.15568,-0.0078,False,0.3,True,expanded_partial_feed,no quote success; mark heuristic and quote_failed
FhdW3Y6Ea6hXKbkGkt5YSAVtDNd5qJ8USevMaPyEr45S,2000,7d,optimistic,0.2,0.0002,2,0.15588,-2.15568,-0.1078,False,0.3,True,expanded_partial_feed,no quote success; mark heuristic and quote_failed
FhdW3Y6Ea6hXKbkGkt5YSAVtDNd5qJ8USevMaPyEr45S,2000,7d,realistic,0.2,0.0002,10,0.15588,-10.15568,-0.5078,False,0.3,True,expanded_partial_feed,no quote success; mark heuristic and quote_failed
FhdW3Y6Ea6hXKbkGkt5YSAVtDNd5qJ8USevMaPyEr45S,2000,7d,conservative,0.2,0.0002,40,0.15588,-40.15568,-2.0078,False,0.3,True,expanded_partial_feed,no quote success; mark heuristic and quote_failed
6oFWm7KPLfxnwMb3z5xwBoXNSPP3JJyirAPqPSiVcnsp,10,15m,zero_il_lvr,0.05,0,0,0.15588,-0.15588,-1.5588,False,0.3,True,expanded_partial_feed,no quote success; mark heuristic and quote_failed
6oFWm7KPLfxnwMb3z5xwBoXNSPP3JJyirAPqPSiVcnsp,10,15m,optimistic,0.05,0,0.01,0.15588,-0.16588,-1.6588,False,0.3,True,expanded_partial_feed,no quote success; mark heuristic and quote_failed
6oFWm7KPLfxnwMb3z5xwBoXNSPP3JJyirAPqPSiVcnsp,10,15m,realistic,0.05,0,0.05,0.15588,-0.20588,-2.0588,False,0.3,True,expanded_partial_feed,no quote success; mark heuristic and quote_failed
6oFWm7KPLfxnwMb3z5xwBoXNSPP3JJyirAPqPSiVcnsp,10,15m,conservative,0.05,0,0.2,0.15588,-0.35588,-3.5588,False,0.3,True,expanded_partial_feed,no quote success; mark heuristic and quote_failed
6oFWm7KPLfxnwMb3z5xwBoXNSPP3JJyirAPqPSiVcnsp,10,30m,zero_il_lvr,0.05,0,0,0.15588,-0.15588,-1.5588,False,0.3,True,expanded_partial_feed,no quote success; mark heuristic and quote_failed
6oFWm7KPLfxnwMb3z5xwBoXNSPP3JJyirAPqPSiVcnsp,10,30m,optimistic,0.05,0,0.01,0.15588,-0.16588,-1.6588,False,0.3,True,expanded_partial_feed,no quote success; mark heuristic and quote_failed
6oFWm7KPLfxnwMb3z5xwBoXNSPP3JJyirAPqPSiVcnsp,10,30m,realistic,0.05,0,0.05,0.15588,-0.20588,-2.0588,False,0.3,True,expanded_partial_feed,no quote success; mark heuristic and quote_failed
6oFWm7KPLfxnwMb3z5xwBoXNSPP3JJyirAPqPSiVcnsp,10,30m,conservative,0.05,0,0.2,0.15588,-0.35588,-3.5588,False,0.3,True,expanded_partial_feed,no quote success; mark heuristic and quote_failed
6oFWm7KPLfxnwMb3z5xwBoXNSPP3JJyirAPqPSiVcnsp,10,1h,zero_il_lvr,0.05,0,0,0.15588,-0.15588,-1.5588,False,0.3,True,expanded_partial_feed,no quote success; mark heuristic and quote_failed
6oFWm7KPLfxnwMb3z5xwBoXNSPP3JJyirAPqPSiVcnsp,10,1h,optimistic,0.05,0,0.01,0.15588,-0.16588,-1.6588,False,0.3,True,expanded_partial_feed,no quote success; mark heuristic and quote_failed
6oFWm7KPLfxnwMb3z5xwBoXNSPP3JJyirAPqPSiVcnsp,10,1h,realistic,0.05,0,0.05,0.15588,-0.20588,-2.0588,False,0.3,True,expanded_partial_feed,no quote success; mark heuristic and quote_failed
6oFWm7KPLfxnwMb3z5xwBoXNSPP3JJyirAPqPSiVcnsp,10,1h,conservative,0.05,0,0.2,0.15588,-0.35588,-3.5588,False,0.3,True,expanded_partial_feed,no quote success; mark heuristic and quote_failed
6oFWm7KPLfxnwMb3z5xwBoXNSPP3JJyirAPqPSiVcnsp,10,2h,zero_il_lvr,0.05,0,0,0.15588,-0.15588,-1.5588,False,0.3,True,expanded_partial_feed,no quote success; mark heuristic and quote_failed
6oFWm7KPLfxnwMb3z5xwBoXNSPP3JJyirAPqPSiVcnsp,10,2h,optimistic,0.05,0,0.01,0.15588,-0.16588,-1.6588,False,0.3,True,expanded_partial_feed,no quote success; mark heuristic and quote_failed
6oFWm7KPLfxnwMb3z5xwBoXNSPP3JJyirAPqPSiVcnsp,10,2h,realistic,0.05,0,0.05,0.15588,-0.20588,-2.0588,False,0.3,True,expanded_partial_feed,no quote success; mark heuristic and quote_failed
6oFWm7KPLfxnwMb3z5xwBoXNSPP3JJyirAPqPSiVcnsp,10,2h,conservative,0.05,0,0.2,0.15588,-0.35588,-3.5588,False,0.3,True,expanded_partial_feed,no quote success; mark heuristic and quote_failed
6oFWm7KPLfxnwMb3z5xwBoXNSPP3JJyirAPqPSiVcnsp,10,6h,zero_il_lvr,0.05,0,0,0.15588,-0.15588,-1.5588,False,0.3,True,expanded_partial_feed,no quote success; mark heuristic and quote_failed
6oFWm7KPLfxnwMb3z5xwBoXNSPP3JJyirAPqPSiVcnsp,10,6h,optimistic,0.05,0,0.01,0.15588,-0.16588,-1.6588,False,0.3,True,expanded_partial_feed,no quote success; mark heuristic and quote_failed
6oFWm7KPLfxnwMb3z5xwBoXNSPP3JJyirAPqPSiVcnsp,10,6h,realistic,0.05,0,0.05,0.15588,-0.20588,-2.0588,False,0.3,True,expanded_partial_feed,no quote success; mark heuristic and quote_failed
6oFWm7KPLfxnwMb3z5xwBoXNSPP3JJyirAPqPSiVcnsp,10,6h,conservative,0.05,0,0.2,0.15588,-0.35588,-3.5588,False,0.3,True,expanded_partial_feed,no quote success; mark heuristic and quote_failed
6oFWm7KPLfxnwMb3z5xwBoXNSPP3JJyirAPqPSiVcnsp,10,24h,zero_il_lvr,0.05,0,0,0.15588,-0.15588,-1.5588,False,0.3,True,expanded_partial_feed,no quote success; mark heuristic and quote_failed
6oFWm7KPLfxnwMb3z5xwBoXNSPP3JJyirAPqPSiVcnsp,10,24h,optimistic,0.05,0,0.01,0.15588,-0.16588,-1.6588,False,0.3,True,expanded_partial_feed,no quote success; mark heuristic and quote_failed
6oFWm7KPLfxnwMb3z5xwBoXNSPP3JJyirAPqPSiVcnsp,10,24h,realistic,0.05,0,0.05,0.15588,-0.20588,-2.0588,False,0.3,True,expanded_partial_feed,no quote success; mark heuristic and quote_failed
6oFWm7KPLfxnwMb3z5xwBoXNSPP3JJyirAPqPSiVcnsp,10,24h,conservative,0.05,0,0.2,0.15588,-0.35588,-3.5588,False,0.3,True,expanded_partial_feed,no quote success; mark heuristic and quote_failed
6oFWm7KPLfxnwMb3z5xwBoXNSPP3JJyirAPqPSiVcnsp,10,7d,zero_il_lvr,0.05,0,0,0.15588,-0.15588,-1.5588,False,0.3,True,expanded_partial_feed,no quote success; mark heuristic and quote_failed
6oFWm7KPLfxnwMb3z5xwBoXNSPP3JJyirAPqPSiVcnsp,10,7d,optimistic,0.05,0,0.01,0.15588,-0.16588,-1.6588,False,0.3,True,expanded_partial_feed,no quote success; mark heuristic and quote_failed
6oFWm7KPLfxnwMb3z5xwBoXNSPP3JJyirAPqPSiVcnsp,10,7d,realistic,0.05,0,0.05,0.15588,-0.20588,-2.0588,False,0.3,True,expanded_partial_feed,no quote success; mark heuristic and quote_failed
6oFWm7KPLfxnwMb3z5xwBoXNSPP3JJyirAPqPSiVcnsp,10,7d,conservative,0.05,0,0.2,0.15588,-0.35588,-3.5588,False,0.3,True,expanded_partial_feed,no quote success; mark heuristic and quote_failed
6oFWm7KPLfxnwMb3z5xwBoXNSPP3JJyirAPqPSiVcnsp,20,15m,zero_il_lvr,0.05,1e-06,0,0.15588,-0.155879,-0.7794,False,0.3,True,expanded_partial_feed,no quote success; mark heuristic and quote_failed
6oFWm7KPLfxnwMb3z5xwBoXNSPP3JJyirAPqPSiVcnsp,20,15m,optimistic,0.05,1e-06,0.02,0.15588,-0.175879,-0.8794,False,0.3,True,expanded_partial_feed,no quote success; mark heuristic and quote_failed
6oFWm7KPLfxnwMb3z5xwBoXNSPP3JJyirAPqPSiVcnsp,20,15m,realistic,0.05,1e-06,0.1,0.15588,-0.255879,-1.2794,False,0.3,True,expanded_partial_feed,no quote success; mark heuristic and quote_failed
6oFWm7KPLfxnwMb3z5xwBoXNSPP3JJyirAPqPSiVcnsp,20,15m,conservative,0.05,1e-06,0.4,0.15588,-0.555879,-2.7794,False,0.3,True,expanded_partial_feed,no quote success; mark heuristic and quote_failed
6oFWm7KPLfxnwMb3z5xwBoXNSPP3JJyirAPqPSiVcnsp,20,30m,zero_il_lvr,0.05,1e-06,0,0.15588,-0.155879,-0.7794,False,0.3,True,expanded_partial_feed,no quote success; mark heuristic and quote_failed
6oFWm7KPLfxnwMb3z5xwBoXNSPP3JJyirAPqPSiVcnsp,20,30m,optimistic,0.05,1e-06,0.02,0.15588,-0.175879,-0.8794,False,0.3,True,expanded_partial_feed,no quote success; mark heuristic and quote_failed
6oFWm7KPLfxnwMb3z5xwBoXNSPP3JJyirAPqPSiVcnsp,20,30m,realistic,0.05,1e-06,0.1,0.15588,-0.255879,-1.2794,False,0.3,True,expanded_partial_feed,no quote success; mark heuristic and quote_failed
6oFWm7KPLfxnwMb3z5xwBoXNSPP3JJyirAPqPSiVcnsp,20,30m,conservative,0.05,1e-06,0.4,0.15588,-0.555879,-2.7794,False,0.3,True,expanded_partial_feed,no quote success; mark heuristic and quote_failed
6oFWm7KPLfxnwMb3z5xwBoXNSPP3JJyirAPqPSiVcnsp,20,1h,zero_il_lvr,0.05,1e-06,0,0.15588,-0.155879,-0.7794,False,0.3,True,expanded_partial_feed,no quote success; mark heuristic and quote_failed
6oFWm7KPLfxnwMb3z5xwBoXNSPP3JJyirAPqPSiVcnsp,20,1h,optimistic,0.05,1e-06,0.02,0.15588,-0.175879,-0.8794,False,0.3,True,expanded_partial_feed,no quote success; mark heuristic and quote_failed
6oFWm7KPLfxnwMb3z5xwBoXNSPP3JJyirAPqPSiVcnsp,20,1h,realistic,0.05,1e-06,0.1,0.15588,-0.255879,-1.2794,False,0.3,True,expanded_partial_feed,no quote success; mark heuristic and quote_failed
6oFWm7KPLfxnwMb3z5xwBoXNSPP3JJyirAPqPSiVcnsp,20,1h,conservative,0.05,1e-06,0.4,0.15588,-0.555879,-2.7794,False,0.3,True,expanded_partial_feed,no quote success; mark heuristic and quote_failed
6oFWm7KPLfxnwMb3z5xwBoXNSPP3JJyirAPqPSiVcnsp,20,2h,zero_il_lvr,0.05,1e-06,0,0.15588,-0.155879,-0.7794,False,0.3,True,expanded_partial_feed,no quote success; mark heuristic and quote_failed
6oFWm7KPLfxnwMb3z5xwBoXNSPP3JJyirAPqPSiVcnsp,20,2h,optimistic,0.05,1e-06,0.02,0.15588,-0.175879,-0.8794,False,0.3,True,expanded_partial_feed,no quote success; mark heuristic and quote_failed
6oFWm7KPLfxnwMb3z5xwBoXNSPP3JJyirAPqPSiVcnsp,20,2h,realistic,0.05,1e-06,0.1,0.15588,-0.255879,-1.2794,False,0.3,True,expanded_partial_feed,no quote success; mark heuristic and quote_failed
6oFWm7KPLfxnwMb3z5xwBoXNSPP3JJyirAPqPSiVcnsp,20,2h,conservative,0.05,1e-06,0.4,0.15588,-0.555879,-2.7794,False,0.3,True,expanded_partial_feed,no quote success; mark heuristic and quote_failed
6oFWm7KPLfxnwMb3z5xwBoXNSPP3JJyirAPqPSiVcnsp,20,6h,zero_il_lvr,0.05,1e-06,0,0.15588,-0.155879,-0.7794,False,0.3,True,expanded_partial_feed,no quote success; mark heuristic and quote_failed
6oFWm7KPLfxnwMb3z5xwBoXNSPP3JJyirAPqPSiVcnsp,20,6h,optimistic,0.05,1e-06,0.02,0.15588,-0.175879,-0.8794,False,0.3,True,expanded_partial_feed,no quote success; mark heuristic and quote_failed
6oFWm7KPLfxnwMb3z5xwBoXNSPP3JJyirAPqPSiVcnsp,20,6h,realistic,0.05,1e-06,0.1,0.15588,-0.255879,-1.2794,False,0.3,True,expanded_partial_feed,no quote success; mark heuristic and quote_failed
6oFWm7KPLfxnwMb3z5xwBoXNSPP3JJyirAPqPSiVcnsp,20,6h,conservative,0.05,1e-06,0.4,0.15588,-0.555879,-2.7794,False,0.3,True,expanded_partial_feed,no quote success; mark heuristic and quote_failed
6oFWm7KPLfxnwMb3z5xwBoXNSPP3JJyirAPqPSiVcnsp,20,24h,zero_il_lvr,0.05,1e-06,0,0.15588,-0.155879,-0.7794,False,0.3,True,expanded_partial_feed,no quote success; mark heuristic and quote_failed
6oFWm7KPLfxnwMb3z5xwBoXNSPP3JJyirAPqPSiVcnsp,20,24h,optimistic,0.05,1e-06,0.02,0.15588,-0.175879,-0.8794,False,0.3,True,expanded_partial_feed,no quote success; mark heuristic and quote_failed
6oFWm7KPLfxnwMb3z5xwBoXNSPP3JJyirAPqPSiVcnsp,20,24h,realistic,0.05,1e-06,0.1,0.15588,-0.255879,-1.2794,False,0.3,True,expanded_partial_feed,no quote success; mark heuristic and quote_failed
6oFWm7KPLfxnwMb3z5xwBoXNSPP3JJyirAPqPSiVcnsp,20,24h,conservative,0.05,1e-06,0.4,0.15588,-0.555879,-2.7794,False,0.3,True,expanded_partial_feed,no quote success; mark heuristic and quote_failed
6oFWm7KPLfxnwMb3z5xwBoXNSPP3JJyirAPqPSiVcnsp,20,7d,zero_il_lvr,0.05,1e-06,0,0.15588,-0.155879,-0.7794,False,0.3,True,expanded_partial_feed,no quote success; mark heuristic and quote_failed
6oFWm7KPLfxnwMb3z5xwBoXNSPP3JJyirAPqPSiVcnsp,20,7d,optimistic,0.05,1e-06,0.02,0.15588,-0.175879,-0.8794,False,0.3,True,expanded_partial_feed,no quote success; mark heuristic and quote_failed
6oFWm7KPLfxnwMb3z5xwBoXNSPP3JJyirAPqPSiVcnsp,20,7d,realistic,0.05,1e-06,0.1,0.15588,-0.255879,-1.2794,False,0.3,True,expanded_partial_feed,no quote success; mark heuristic and quote_failed
6oFWm7KPLfxnwMb3z5xwBoXNSPP3JJyirAPqPSiVcnsp,20,7d,conservative,0.05,1e-06,0.4,0.15588,-0.555879,-2.7794,False,0.3,True,expanded_partial_feed,no quote success; mark heuristic and quote_failed
6oFWm7KPLfxnwMb3z5xwBoXNSPP3JJyirAPqPSiVcnsp,100,15m,zero_il_lvr,0.05,3e-06,0,0.15588,-0.155877,-0.1559,False,0.3,True,expanded_partial_feed,no quote success; mark heuristic and quote_failed
6oFWm7KPLfxnwMb3z5xwBoXNSPP3JJyirAPqPSiVcnsp,100,15m,optimistic,0.05,3e-06,0.1,0.15588,-0.255877,-0.2559,False,0.3,True,expanded_partial_feed,no quote success; mark heuristic and quote_failed
6oFWm7KPLfxnwMb3z5xwBoXNSPP3JJyirAPqPSiVcnsp,100,15m,realistic,0.05,3e-06,0.5,0.15588,-0.655877,-0.6559,False,0.3,True,expanded_partial_feed,no quote success; mark heuristic and quote_failed
6oFWm7KPLfxnwMb3z5xwBoXNSPP3JJyirAPqPSiVcnsp,100,15m,conservative,0.05,3e-06,2,0.15588,-2.155877,-2.1559,False,0.3,True,expanded_partial_feed,no quote success; mark heuristic and quote_failed
6oFWm7KPLfxnwMb3z5xwBoXNSPP3JJyirAPqPSiVcnsp,100,30m,zero_il_lvr,0.05,3e-06,0,0.15588,-0.155877,-0.1559,False,0.3,True,expanded_partial_feed,no quote success; mark heuristic and quote_failed
6oFWm7KPLfxnwMb3z5xwBoXNSPP3JJyirAPqPSiVcnsp,100,30m,optimistic,0.05,3e-06,0.1,0.15588,-0.255877,-0.2559,False,0.3,True,expanded_partial_feed,no quote success; mark heuristic and quote_failed
6oFWm7KPLfxnwMb3z5xwBoXNSPP3JJyirAPqPSiVcnsp,100,30m,realistic,0.05,3e-06,0.5,0.15588,-0.655877,-0.6559,False,0.3,True,expanded_partial_feed,no quote success; mark heuristic and quote_failed
6oFWm7KPLfxnwMb3z5xwBoXNSPP3JJyirAPqPSiVcnsp,100,30m,conservative,0.05,3e-06,2,0.15588,-2.155877,-2.1559,False,0.3,True,expanded_partial_feed,no quote success; mark heuristic and quote_failed
6oFWm7KPLfxnwMb3z5xwBoXNSPP3JJyirAPqPSiVcnsp,100,1h,zero_il_lvr,0.05,3e-06,0,0.15588,-0.155877,-0.1559,False,0.3,True,expanded_partial_feed,no quote success; mark heuristic and quote_failed
6oFWm7KPLfxnwMb3z5xwBoXNSPP3JJyirAPqPSiVcnsp,100,1h,optimistic,0.05,3e-06,0.1,0.15588,-0.255877,-0.2559,False,0.3,True,expanded_partial_feed,no quote success; mark heuristic and quote_failed
6oFWm7KPLfxnwMb3z5xwBoXNSPP3JJyirAPqPSiVcnsp,100,1h,realistic,0.05,3e-06,0.5,0.15588,-0.655877,-0.6559,False,0.3,True,expanded_partial_feed,no quote success; mark heuristic and quote_failed
6oFWm7KPLfxnwMb3z5xwBoXNSPP3JJyirAPqPSiVcnsp,100,1h,conservative,0.05,3e-06,2,0.15588,-2.155877,-2.1559,False,0.3,True,expanded_partial_feed,no quote success; mark heuristic and quote_failed
6oFWm7KPLfxnwMb3z5xwBoXNSPP3JJyirAPqPSiVcnsp,100,2h,zero_il_lvr,0.05,3e-06,0,0.15588,-0.155877,-0.1559,False,0.3,True,expanded_partial_feed,no quote success; mark heuristic and quote_failed
6oFWm7KPLfxnwMb3z5xwBoXNSPP3JJyirAPqPSiVcnsp,100,2h,optimistic,0.05,3e-06,0.1,0.15588,-0.255877,-0.2559,False,0.3,True,expanded_partial_feed,no quote success; mark heuristic and quote_failed
6oFWm7KPLfxnwMb3z5xwBoXNSPP3JJyirAPqPSiVcnsp,100,2h,realistic,0.05,3e-06,0.5,0.15588,-0.655877,-0.6559,False,0.3,True,expanded_partial_feed,no quote success; mark heuristic and quote_failed
6oFWm7KPLfxnwMb3z5xwBoXNSPP3JJyirAPqPSiVcnsp,100,2h,conservative,0.05,3e-06,2,0.15588,-2.155877,-2.1559,False,0.3,True,expanded_partial_feed,no quote success; mark heuristic and quote_failed
6oFWm7KPLfxnwMb3z5xwBoXNSPP3JJyirAPqPSiVcnsp,100,6h,zero_il_lvr,0.05,3e-06,0,0.15588,-0.155877,-0.1559,False,0.3,True,expanded_partial_feed,no quote success; mark heuristic and quote_failed
6oFWm7KPLfxnwMb3z5xwBoXNSPP3JJyirAPqPSiVcnsp,100,6h,optimistic,0.05,3e-06,0.1,0.15588,-0.255877,-0.2559,False,0.3,True,expanded_partial_feed,no quote success; mark heuristic and quote_failed
6oFWm7KPLfxnwMb3z5xwBoXNSPP3JJyirAPqPSiVcnsp,100,6h,realistic,0.05,3e-06,0.5,0.15588,-0.655877,-0.6559,False,0.3,True,expanded_partial_feed,no quote success; mark heuristic and quote_failed
6oFWm7KPLfxnwMb3z5xwBoXNSPP3JJyirAPqPSiVcnsp,100,6h,conservative,0.05,3e-06,2,0.15588,-2.155877,-2.1559,False,0.3,True,expanded_partial_feed,no quote success; mark heuristic and quote_failed
6oFWm7KPLfxnwMb3z5xwBoXNSPP3JJyirAPqPSiVcnsp,100,24h,zero_il_lvr,0.05,3e-06,0,0.15588,-0.155877,-0.1559,False,0.3,True,expanded_partial_feed,no quote success; mark heuristic and quote_failed
6oFWm7KPLfxnwMb3z5xwBoXNSPP3JJyirAPqPSiVcnsp,100,24h,optimistic,0.05,3e-06,0.1,0.15588,-0.255877,-0.2559,False,0.3,True,expanded_partial_feed,no quote success; mark heuristic and quote_failed
6oFWm7KPLfxnwMb3z5xwBoXNSPP3JJyirAPqPSiVcnsp,100,24h,realistic,0.05,3e-06,0.5,0.15588,-0.655877,-0.6559,False,0.3,True,expanded_partial_feed,no quote success; mark heuristic and quote_failed
6oFWm7KPLfxnwMb3z5xwBoXNSPP3JJyirAPqPSiVcnsp,100,24h,conservative,0.05,3e-06,2,0.15588,-2.155877,-2.1559,False,0.3,True,expanded_partial_feed,no quote success; mark heuristic and quote_failed
6oFWm7KPLfxnwMb3z5xwBoXNSPP3JJyirAPqPSiVcnsp,100,7d,zero_il_lvr,0.05,3e-06,0,0.15588,-0.155877,-0.1559,False,0.3,True,expanded_partial_feed,no quote success; mark heuristic and quote_failed
6oFWm7KPLfxnwMb3z5xwBoXNSPP3JJyirAPqPSiVcnsp,100,7d,optimistic,0.05,3e-06,0.1,0.15588,-0.255877,-0.2559,False,0.3,True,expanded_partial_feed,no quote success; mark heuristic and quote_failed
6oFWm7KPLfxnwMb3z5xwBoXNSPP3JJyirAPqPSiVcnsp,100,7d,realistic,0.05,3e-06,0.5,0.15588,-0.655877,-0.6559,False,0.3,True,expanded_partial_feed,no quote success; mark heuristic and quote_failed
6oFWm7KPLfxnwMb3z5xwBoXNSPP3JJyirAPqPSiVcnsp,100,7d,conservative,0.05,3e-06,2,0.15588,-2.155877,-2.1559,False,0.3,True,expanded_partial_feed,no quote success; mark heuristic and quote_failed
6oFWm7KPLfxnwMb3z5xwBoXNSPP3JJyirAPqPSiVcnsp,500,15m,zero_il_lvr,0.05,1.3e-05,0,0.15588,-0.155867,-0.0312,False,0.3,True,expanded_partial_feed,no quote success; mark heuristic and quote_failed
6oFWm7KPLfxnwMb3z5xwBoXNSPP3JJyirAPqPSiVcnsp,500,15m,optimistic,0.05,1.3e-05,0.5,0.15588,-0.655867,-0.1312,False,0.3,True,expanded_partial_feed,no quote success; mark heuristic and quote_failed
6oFWm7KPLfxnwMb3z5xwBoXNSPP3JJyirAPqPSiVcnsp,500,15m,realistic,0.05,1.3e-05,2.5,0.15588,-2.655867,-0.5312,False,0.3,True,expanded_partial_feed,no quote success; mark heuristic and quote_failed
6oFWm7KPLfxnwMb3z5xwBoXNSPP3JJyirAPqPSiVcnsp,500,15m,conservative,0.05,1.3e-05,10,0.15588,-10.155867,-2.0312,False,0.3,True,expanded_partial_feed,no quote success; mark heuristic and quote_failed
6oFWm7KPLfxnwMb3z5xwBoXNSPP3JJyirAPqPSiVcnsp,500,30m,zero_il_lvr,0.05,1.3e-05,0,0.15588,-0.155867,-0.0312,False,0.3,True,expanded_partial_feed,no quote success; mark heuristic and quote_failed
6oFWm7KPLfxnwMb3z5xwBoXNSPP3JJyirAPqPSiVcnsp,500,30m,optimistic,0.05,1.3e-05,0.5,0.15588,-0.655867,-0.1312,False,0.3,True,expanded_partial_feed,no quote success; mark heuristic and quote_failed
6oFWm7KPLfxnwMb3z5xwBoXNSPP3JJyirAPqPSiVcnsp,500,30m,realistic,0.05,1.3e-05,2.5,0.15588,-2.655867,-0.5312,False,0.3,True,expanded_partial_feed,no quote success; mark heuristic and quote_failed
6oFWm7KPLfxnwMb3z5xwBoXNSPP3JJyirAPqPSiVcnsp,500,30m,conservative,0.05,1.3e-05,10,0.15588,-10.155867,-2.0312,False,0.3,True,expanded_partial_feed,no quote success; mark heuristic and quote_failed
6oFWm7KPLfxnwMb3z5xwBoXNSPP3JJyirAPqPSiVcnsp,500,1h,zero_il_lvr,0.05,1.3e-05,0,0.15588,-0.155867,-0.0312,False,0.3,True,expanded_partial_feed,no quote success; mark heuristic and quote_failed
6oFWm7KPLfxnwMb3z5xwBoXNSPP3JJyirAPqPSiVcnsp,500,1h,optimistic,0.05,1.3e-05,0.5,0.15588,-0.655867,-0.1312,False,0.3,True,expanded_partial_feed,no quote success; mark heuristic and quote_failed
6oFWm7KPLfxnwMb3z5xwBoXNSPP3JJyirAPqPSiVcnsp,500,1h,realistic,0.05,1.3e-05,2.5,0.15588,-2.655867,-0.5312,False,0.3,True,expanded_partial_feed,no quote success; mark heuristic and quote_failed
6oFWm7KPLfxnwMb3z5xwBoXNSPP3JJyirAPqPSiVcnsp,500,1h,conservative,0.05,1.3e-05,10,0.15588,-10.155867,-2.0312,False,0.3,True,expanded_partial_feed,no quote success; mark heuristic and quote_failed
6oFWm7KPLfxnwMb3z5xwBoXNSPP3JJyirAPqPSiVcnsp,500,2h,zero_il_lvr,0.05,1.3e-05,0,0.15588,-0.155867,-0.0312,False,0.3,True,expanded_partial_feed,no quote success; mark heuristic and quote_failed
6oFWm7KPLfxnwMb3z5xwBoXNSPP3JJyirAPqPSiVcnsp,500,2h,optimistic,0.05,1.3e-05,0.5,0.15588,-0.655867,-0.1312,False,0.3,True,expanded_partial_feed,no quote success; mark heuristic and quote_failed
6oFWm7KPLfxnwMb3z5xwBoXNSPP3JJyirAPqPSiVcnsp,500,2h,realistic,0.05,1.3e-05,2.5,0.15588,-2.655867,-0.5312,False,0.3,True,expanded_partial_feed,no quote success; mark heuristic and quote_failed
6oFWm7KPLfxnwMb3z5xwBoXNSPP3JJyirAPqPSiVcnsp,500,2h,conservative,0.05,1.3e-05,10,0.15588,-10.155867,-2.0312,False,0.3,True,expanded_partial_feed,no quote success; mark heuristic and quote_failed
6oFWm7KPLfxnwMb3z5xwBoXNSPP3JJyirAPqPSiVcnsp,500,6h,zero_il_lvr,0.05,1.3e-05,0,0.15588,-0.155867,-0.0312,False,0.3,True,expanded_partial_feed,no quote success; mark heuristic and quote_failed
6oFWm7KPLfxnwMb3z5xwBoXNSPP3JJyirAPqPSiVcnsp,500,6h,optimistic,0.05,1.3e-05,0.5,0.15588,-0.655867,-0.1312,False,0.3,True,expanded_partial_feed,no quote success; mark heuristic and quote_failed
6oFWm7KPLfxnwMb3z5xwBoXNSPP3JJyirAPqPSiVcnsp,500,6h,realistic,0.05,1.3e-05,2.5,0.15588,-2.655867,-0.5312,False,0.3,True,expanded_partial_feed,no quote success; mark heuristic and quote_failed
6oFWm7KPLfxnwMb3z5xwBoXNSPP3JJyirAPqPSiVcnsp,500,6h,conservative,0.05,1.3e-05,10,0.15588,-10.155867,-2.0312,False,0.3,True,expanded_partial_feed,no quote success; mark heuristic and quote_failed
6oFWm7KPLfxnwMb3z5xwBoXNSPP3JJyirAPqPSiVcnsp,500,24h,zero_il_lvr,0.05,1.3e-05,0,0.15588,-0.155867,-0.0312,False,0.3,True,expanded_partial_feed,no quote success; mark heuristic and quote_failed
6oFWm7KPLfxnwMb3z5xwBoXNSPP3JJyirAPqPSiVcnsp,500,24h,optimistic,0.05,1.3e-05,0.5,0.15588,-0.655867,-0.1312,False,0.3,True,expanded_partial_feed,no quote success; mark heuristic and quote_failed
6oFWm7KPLfxnwMb3z5xwBoXNSPP3JJyirAPqPSiVcnsp,500,24h,realistic,0.05,1.3e-05,2.5,0.15588,-2.655867,-0.5312,False,0.3,True,expanded_partial_feed,no quote success; mark heuristic and quote_failed
6oFWm7KPLfxnwMb3z5xwBoXNSPP3JJyirAPqPSiVcnsp,500,24h,conservative,0.05,1.3e-05,10,0.15588,-10.155867,-2.0312,False,0.3,True,expanded_partial_feed,no quote success; mark heuristic and quote_failed
6oFWm7KPLfxnwMb3z5xwBoXNSPP3JJyirAPqPSiVcnsp,500,7d,zero_il_lvr,0.05,1.3e-05,0,0.15588,-0.155867,-0.0312,False,0.3,True,expanded_partial_feed,no quote success; mark heuristic and quote_failed
6oFWm7KPLfxnwMb3z5xwBoXNSPP3JJyirAPqPSiVcnsp,500,7d,optimistic,0.05,1.3e-05,0.5,0.15588,-0.655867,-0.1312,False,0.3,True,expanded_partial_feed,no quote success; mark heuristic and quote_failed
6oFWm7KPLfxnwMb3z5xwBoXNSPP3JJyirAPqPSiVcnsp,500,7d,realistic,0.05,1.3e-05,2.5,0.15588,-2.655867,-0.5312,False,0.3,True,expanded_partial_feed,no quote success; mark heuristic and quote_failed
6oFWm7KPLfxnwMb3z5xwBoXNSPP3JJyirAPqPSiVcnsp,500,7d,conservative,0.05,1.3e-05,10,0.15588,-10.155867,-2.0312,False,0.3,True,expanded_partial_feed,no quote success; mark heuristic and quote_failed
6oFWm7KPLfxnwMb3z5xwBoXNSPP3JJyirAPqPSiVcnsp,1000,15m,zero_il_lvr,0.05,2.5e-05,0,0.15588,-0.155855,-0.0156,False,0.3,True,expanded_partial_feed,no quote success; mark heuristic and quote_failed
6oFWm7KPLfxnwMb3z5xwBoXNSPP3JJyirAPqPSiVcnsp,1000,15m,optimistic,0.05,2.5e-05,1,0.15588,-1.155855,-0.1156,False,0.3,True,expanded_partial_feed,no quote success; mark heuristic and quote_failed
6oFWm7KPLfxnwMb3z5xwBoXNSPP3JJyirAPqPSiVcnsp,1000,15m,realistic,0.05,2.5e-05,5,0.15588,-5.155855,-0.5156,False,0.3,True,expanded_partial_feed,no quote success; mark heuristic and quote_failed
6oFWm7KPLfxnwMb3z5xwBoXNSPP3JJyirAPqPSiVcnsp,1000,15m,conservative,0.05,2.5e-05,20,0.15588,-20.155855,-2.0156,False,0.3,True,expanded_partial_feed,no quote success; mark heuristic and quote_failed
6oFWm7KPLfxnwMb3z5xwBoXNSPP3JJyirAPqPSiVcnsp,1000,30m,zero_il_lvr,0.05,2.5e-05,0,0.15588,-0.155855,-0.0156,False,0.3,True,expanded_partial_feed,no quote success; mark heuristic and quote_failed
6oFWm7KPLfxnwMb3z5xwBoXNSPP3JJyirAPqPSiVcnsp,1000,30m,optimistic,0.05,2.5e-05,1,0.15588,-1.155855,-0.1156,False,0.3,True,expanded_partial_feed,no quote success; mark heuristic and quote_failed
6oFWm7KPLfxnwMb3z5xwBoXNSPP3JJyirAPqPSiVcnsp,1000,30m,realistic,0.05,2.5e-05,5,0.15588,-5.155855,-0.5156,False,0.3,True,expanded_partial_feed,no quote success; mark heuristic and quote_failed
6oFWm7KPLfxnwMb3z5xwBoXNSPP3JJyirAPqPSiVcnsp,1000,30m,conservative,0.05,2.5e-05,20,0.15588,-20.155855,-2.0156,False,0.3,True,expanded_partial_feed,no quote success; mark heuristic and quote_failed
6oFWm7KPLfxnwMb3z5xwBoXNSPP3JJyirAPqPSiVcnsp,1000,1h,zero_il_lvr,0.05,2.5e-05,0,0.15588,-0.155855,-0.0156,False,0.3,True,expanded_partial_feed,no quote success; mark heuristic and quote_failed
6oFWm7KPLfxnwMb3z5xwBoXNSPP3JJyirAPqPSiVcnsp,1000,1h,optimistic,0.05,2.5e-05,1,0.15588,-1.155855,-0.1156,False,0.3,True,expanded_partial_feed,no quote success; mark heuristic and quote_failed
6oFWm7KPLfxnwMb3z5xwBoXNSPP3JJyirAPqPSiVcnsp,1000,1h,realistic,0.05,2.5e-05,5,0.15588,-5.155855,-0.5156,False,0.3,True,expanded_partial_feed,no quote success; mark heuristic and quote_failed
6oFWm7KPLfxnwMb3z5xwBoXNSPP3JJyirAPqPSiVcnsp,1000,1h,conservative,0.05,2.5e-05,20,0.15588,-20.155855,-2.0156,False,0.3,True,expanded_partial_feed,no quote success; mark heuristic and quote_failed
6oFWm7KPLfxnwMb3z5xwBoXNSPP3JJyirAPqPSiVcnsp,1000,2h,zero_il_lvr,0.05,2.5e-05,0,0.15588,-0.155855,-0.0156,False,0.3,True,expanded_partial_feed,no quote success; mark heuristic and quote_failed
6oFWm7KPLfxnwMb3z5xwBoXNSPP3JJyirAPqPSiVcnsp,1000,2h,optimistic,0.05,2.5e-05,1,0.15588,-1.155855,-0.1156,False,0.3,True,expanded_partial_feed,no quote success; mark heuristic and quote_failed
6oFWm7KPLfxnwMb3z5xwBoXNSPP3JJyirAPqPSiVcnsp,1000,2h,realistic,0.05,2.5e-05,5,0.15588,-5.155855,-0.5156,False,0.3,True,expanded_partial_feed,no quote success; mark heuristic and quote_failed
6oFWm7KPLfxnwMb3z5xwBoXNSPP3JJyirAPqPSiVcnsp,1000,2h,conservative,0.05,2.5e-05,20,0.15588,-20.155855,-2.0156,False,0.3,True,expanded_partial_feed,no quote success; mark heuristic and quote_failed
6oFWm7KPLfxnwMb3z5xwBoXNSPP3JJyirAPqPSiVcnsp,1000,6h,zero_il_lvr,0.05,2.5e-05,0,0.15588,-0.155855,-0.0156,False,0.3,True,expanded_partial_feed,no quote success; mark heuristic and quote_failed
6oFWm7KPLfxnwMb3z5xwBoXNSPP3JJyirAPqPSiVcnsp,1000,6h,optimistic,0.05,2.5e-05,1,0.15588,-1.155855,-0.1156,False,0.3,True,expanded_partial_feed,no quote success; mark heuristic and quote_failed
6oFWm7KPLfxnwMb3z5xwBoXNSPP3JJyirAPqPSiVcnsp,1000,6h,realistic,0.05,2.5e-05,5,0.15588,-5.155855,-0.5156,False,0.3,True,expanded_partial_feed,no quote success; mark heuristic and quote_failed
6oFWm7KPLfxnwMb3z5xwBoXNSPP3JJyirAPqPSiVcnsp,1000,6h,conservative,0.05,2.5e-05,20,0.15588,-20.155855,-2.0156,False,0.3,True,expanded_partial_feed,no quote success; mark heuristic and quote_failed
6oFWm7KPLfxnwMb3z5xwBoXNSPP3JJyirAPqPSiVcnsp,1000,24h,zero_il_lvr,0.05,2.5e-05,0,0.15588,-0.155855,-0.0156,False,0.3,True,expanded_partial_feed,no quote success; mark heuristic and quote_failed
6oFWm7KPLfxnwMb3z5xwBoXNSPP3JJyirAPqPSiVcnsp,1000,24h,optimistic,0.05,2.5e-05,1,0.15588,-1.155855,-0.1156,False,0.3,True,expanded_partial_feed,no quote success; mark heuristic and quote_failed
6oFWm7KPLfxnwMb3z5xwBoXNSPP3JJyirAPqPSiVcnsp,1000,24h,realistic,0.05,2.5e-05,5,0.15588,-5.155855,-0.5156,False,0.3,True,expanded_partial_feed,no quote success; mark heuristic and quote_failed
6oFWm7KPLfxnwMb3z5xwBoXNSPP3JJyirAPqPSiVcnsp,1000,24h,conservative,0.05,2.5e-05,20,0.15588,-20.155855,-2.0156,False,0.3,True,expanded_partial_feed,no quote success; mark heuristic and quote_failed
6oFWm7KPLfxnwMb3z5xwBoXNSPP3JJyirAPqPSiVcnsp,1000,7d,zero_il_lvr,0.05,2.5e-05,0,0.15588,-0.155855,-0.0156,False,0.3,True,expanded_partial_feed,no quote success; mark heuristic and quote_failed
6oFWm7KPLfxnwMb3z5xwBoXNSPP3JJyirAPqPSiVcnsp,1000,7d,optimistic,0.05,2.5e-05,1,0.15588,-1.155855,-0.1156,False,0.3,True,expanded_partial_feed,no quote success; mark heuristic and quote_failed
6oFWm7KPLfxnwMb3z5xwBoXNSPP3JJyirAPqPSiVcnsp,1000,7d,realistic,0.05,2.5e-05,5,0.15588,-5.155855,-0.5156,False,0.3,True,expanded_partial_feed,no quote success; mark heuristic and quote_failed
6oFWm7KPLfxnwMb3z5xwBoXNSPP3JJyirAPqPSiVcnsp,1000,7d,conservative,0.05,2.5e-05,20,0.15588,-20.155855,-2.0156,False,0.3,True,expanded_partial_feed,no quote success; mark heuristic and quote_failed
6oFWm7KPLfxnwMb3z5xwBoXNSPP3JJyirAPqPSiVcnsp,2000,15m,zero_il_lvr,0.05,5e-05,0,0.15588,-0.15583,-0.0078,False,0.3,True,expanded_partial_feed,no quote success; mark heuristic and quote_failed
6oFWm7KPLfxnwMb3z5xwBoXNSPP3JJyirAPqPSiVcnsp,2000,15m,optimistic,0.05,5e-05,2,0.15588,-2.15583,-0.1078,False,0.3,True,expanded_partial_feed,no quote success; mark heuristic and quote_failed
6oFWm7KPLfxnwMb3z5xwBoXNSPP3JJyirAPqPSiVcnsp,2000,15m,realistic,0.05,5e-05,10,0.15588,-10.15583,-0.5078,False,0.3,True,expanded_partial_feed,no quote success; mark heuristic and quote_failed
6oFWm7KPLfxnwMb3z5xwBoXNSPP3JJyirAPqPSiVcnsp,2000,15m,conservative,0.05,5e-05,40,0.15588,-40.15583,-2.0078,False,0.3,True,expanded_partial_feed,no quote success; mark heuristic and quote_failed
6oFWm7KPLfxnwMb3z5xwBoXNSPP3JJyirAPqPSiVcnsp,2000,30m,zero_il_lvr,0.05,5e-05,0,0.15588,-0.15583,-0.0078,False,0.3,True,expanded_partial_feed,no quote success; mark heuristic and quote_failed
6oFWm7KPLfxnwMb3z5xwBoXNSPP3JJyirAPqPSiVcnsp,2000,30m,optimistic,0.05,5e-05,2,0.15588,-2.15583,-0.1078,False,0.3,True,expanded_partial_feed,no quote success; mark heuristic and quote_failed
6oFWm7KPLfxnwMb3z5xwBoXNSPP3JJyirAPqPSiVcnsp,2000,30m,realistic,0.05,5e-05,10,0.15588,-10.15583,-0.5078,False,0.3,True,expanded_partial_feed,no quote success; mark heuristic and quote_failed
6oFWm7KPLfxnwMb3z5xwBoXNSPP3JJyirAPqPSiVcnsp,2000,30m,conservative,0.05,5e-05,40,0.15588,-40.15583,-2.0078,False,0.3,True,expanded_partial_feed,no quote success; mark heuristic and quote_failed
6oFWm7KPLfxnwMb3z5xwBoXNSPP3JJyirAPqPSiVcnsp,2000,1h,zero_il_lvr,0.05,5e-05,0,0.15588,-0.15583,-0.0078,False,0.3,True,expanded_partial_feed,no quote success; mark heuristic and quote_failed
6oFWm7KPLfxnwMb3z5xwBoXNSPP3JJyirAPqPSiVcnsp,2000,1h,optimistic,0.05,5e-05,2,0.15588,-2.15583,-0.1078,False,0.3,True,expanded_partial_feed,no quote success; mark heuristic and quote_failed
6oFWm7KPLfxnwMb3z5xwBoXNSPP3JJyirAPqPSiVcnsp,2000,1h,realistic,0.05,5e-05,10,0.15588,-10.15583,-0.5078,False,0.3,True,expanded_partial_feed,no quote success; mark heuristic and quote_failed
6oFWm7KPLfxnwMb3z5xwBoXNSPP3JJyirAPqPSiVcnsp,2000,1h,conservative,0.05,5e-05,40,0.15588,-40.15583,-2.0078,False,0.3,True,expanded_partial_feed,no quote success; mark heuristic and quote_failed
6oFWm7KPLfxnwMb3z5xwBoXNSPP3JJyirAPqPSiVcnsp,2000,2h,zero_il_lvr,0.05,5e-05,0,0.15588,-0.15583,-0.0078,False,0.3,True,expanded_partial_feed,no quote success; mark heuristic and quote_failed
6oFWm7KPLfxnwMb3z5xwBoXNSPP3JJyirAPqPSiVcnsp,2000,2h,optimistic,0.05,5e-05,2,0.15588,-2.15583,-0.1078,False,0.3,True,expanded_partial_feed,no quote success; mark heuristic and quote_failed
6oFWm7KPLfxnwMb3z5xwBoXNSPP3JJyirAPqPSiVcnsp,2000,2h,realistic,0.05,5e-05,10,0.15588,-10.15583,-0.5078,False,0.3,True,expanded_partial_feed,no quote success; mark heuristic and quote_failed
6oFWm7KPLfxnwMb3z5xwBoXNSPP3JJyirAPqPSiVcnsp,2000,2h,conservative,0.05,5e-05,40,0.15588,-40.15583,-2.0078,False,0.3,True,expanded_partial_feed,no quote success; mark heuristic and quote_failed
6oFWm7KPLfxnwMb3z5xwBoXNSPP3JJyirAPqPSiVcnsp,2000,6h,zero_il_lvr,0.05,5e-05,0,0.15588,-0.15583,-0.0078,False,0.3,True,expanded_partial_feed,no quote success; mark heuristic and quote_failed
6oFWm7KPLfxnwMb3z5xwBoXNSPP3JJyirAPqPSiVcnsp,2000,6h,optimistic,0.05,5e-05,2,0.15588,-2.15583,-0.1078,False,0.3,True,expanded_partial_feed,no quote success; mark heuristic and quote_failed
6oFWm7KPLfxnwMb3z5xwBoXNSPP3JJyirAPqPSiVcnsp,2000,6h,realistic,0.05,5e-05,10,0.15588,-10.15583,-0.5078,False,0.3,True,expanded_partial_feed,no quote success; mark heuristic and quote_failed
6oFWm7KPLfxnwMb3z5xwBoXNSPP3JJyirAPqPSiVcnsp,2000,6h,conservative,0.05,5e-05,40,0.15588,-40.15583,-2.0078,False,0.3,True,expanded_partial_feed,no quote success; mark heuristic and quote_failed
6oFWm7KPLfxnwMb3z5xwBoXNSPP3JJyirAPqPSiVcnsp,2000,24h,zero_il_lvr,0.05,5e-05,0,0.15588,-0.15583,-0.0078,False,0.3,True,expanded_partial_feed,no quote success; mark heuristic and quote_failed
6oFWm7KPLfxnwMb3z5xwBoXNSPP3JJyirAPqPSiVcnsp,2000,24h,optimistic,0.05,5e-05,2,0.15588,-2.15583,-0.1078,False,0.3,True,expanded_partial_feed,no quote success; mark heuristic and quote_failed
6oFWm7KPLfxnwMb3z5xwBoXNSPP3JJyirAPqPSiVcnsp,2000,24h,realistic,0.05,5e-05,10,0.15588,-10.15583,-0.5078,False,0.3,True,expanded_partial_feed,no quote success; mark heuristic and quote_failed
6oFWm7KPLfxnwMb3z5xwBoXNSPP3JJyirAPqPSiVcnsp,2000,24h,conservative,0.05,5e-05,40,0.15588,-40.15583,-2.0078,False,0.3,True,expanded_partial_feed,no quote success; mark heuristic and quote_failed
6oFWm7KPLfxnwMb3z5xwBoXNSPP3JJyirAPqPSiVcnsp,2000,7d,zero_il_lvr,0.05,5e-05,0,0.15588,-0.15583,-0.0078,False,0.3,True,expanded_partial_feed,no quote success; mark heuristic and quote_failed
6oFWm7KPLfxnwMb3z5xwBoXNSPP3JJyirAPqPSiVcnsp,2000,7d,optimistic,0.05,5e-05,2,0.15588,-2.15583,-0.1078,False,0.3,True,expanded_partial_feed,no quote success; mark heuristic and quote_failed
6oFWm7KPLfxnwMb3z5xwBoXNSPP3JJyirAPqPSiVcnsp,2000,7d,realistic,0.05,5e-05,10,0.15588,-10.15583,-0.5078,False,0.3,True,expanded_partial_feed,no quote success; mark heuristic and quote_failed
6oFWm7KPLfxnwMb3z5xwBoXNSPP3JJyirAPqPSiVcnsp,2000,7d,conservative,0.05,5e-05,40,0.15588,-40.15583,-2.0078,False,0.3,True,expanded_partial_feed,no quote success; mark heuristic and quote_failed
BCv5Ggg5563AYfkrErdXok2hKfjgUNtQ1A4yKuNbTjQ9,10,15m,zero_il_lvr,0.1,1e-06,0,0.15588,-0.155879,-1.5588,False,0.3,True,expanded_partial_feed,no quote success; mark heuristic and quote_failed
BCv5Ggg5563AYfkrErdXok2hKfjgUNtQ1A4yKuNbTjQ9,10,15m,optimistic,0.1,1e-06,0.01,0.15588,-0.165879,-1.6588,False,0.3,True,expanded_partial_feed,no quote success; mark heuristic and quote_failed
BCv5Ggg5563AYfkrErdXok2hKfjgUNtQ1A4yKuNbTjQ9,10,15m,realistic,0.1,1e-06,0.05,0.15588,-0.205879,-2.0588,False,0.3,True,expanded_partial_feed,no quote success; mark heuristic and quote_failed
BCv5Ggg5563AYfkrErdXok2hKfjgUNtQ1A4yKuNbTjQ9,10,15m,conservative,0.1,1e-06,0.2,0.15588,-0.355879,-3.5588,False,0.3,True,expanded_partial_feed,no quote success; mark heuristic and quote_failed
BCv5Ggg5563AYfkrErdXok2hKfjgUNtQ1A4yKuNbTjQ9,10,30m,zero_il_lvr,0.1,1e-06,0,0.15588,-0.155879,-1.5588,False,0.3,True,expanded_partial_feed,no quote success; mark heuristic and quote_failed
BCv5Ggg5563AYfkrErdXok2hKfjgUNtQ1A4yKuNbTjQ9,10,30m,optimistic,0.1,1e-06,0.01,0.15588,-0.165879,-1.6588,False,0.3,True,expanded_partial_feed,no quote success; mark heuristic and quote_failed
BCv5Ggg5563AYfkrErdXok2hKfjgUNtQ1A4yKuNbTjQ9,10,30m,realistic,0.1,1e-06,0.05,0.15588,-0.205879,-2.0588,False,0.3,True,expanded_partial_feed,no quote success; mark heuristic and quote_failed
BCv5Ggg5563AYfkrErdXok2hKfjgUNtQ1A4yKuNbTjQ9,10,30m,conservative,0.1,1e-06,0.2,0.15588,-0.355879,-3.5588,False,0.3,True,expanded_partial_feed,no quote success; mark heuristic and quote_failed
BCv5Ggg5563AYfkrErdXok2hKfjgUNtQ1A4yKuNbTjQ9,10,1h,zero_il_lvr,0.1,1e-06,0,0.15588,-0.155879,-1.5588,False,0.3,True,expanded_partial_feed,no quote success; mark heuristic and quote_failed
BCv5Ggg5563AYfkrErdXok2hKfjgUNtQ1A4yKuNbTjQ9,10,1h,optimistic,0.1,1e-06,0.01,0.15588,-0.165879,-1.6588,False,0.3,True,expanded_partial_feed,no quote success; mark heuristic and quote_failed
BCv5Ggg5563AYfkrErdXok2hKfjgUNtQ1A4yKuNbTjQ9,10,1h,realistic,0.1,1e-06,0.05,0.15588,-0.205879,-2.0588,False,0.3,True,expanded_partial_feed,no quote success; mark heuristic and quote_failed
BCv5Ggg5563AYfkrErdXok2hKfjgUNtQ1A4yKuNbTjQ9,10,1h,conservative,0.1,1e-06,0.2,0.15588,-0.355879,-3.5588,False,0.3,True,expanded_partial_feed,no quote success; mark heuristic and quote_failed
BCv5Ggg5563AYfkrErdXok2hKfjgUNtQ1A4yKuNbTjQ9,10,2h,zero_il_lvr,0.1,1e-06,0,0.15588,-0.155879,-1.5588,False,0.3,True,expanded_partial_feed,no quote success; mark heuristic and quote_failed
BCv5Ggg5563AYfkrErdXok2hKfjgUNtQ1A4yKuNbTjQ9,10,2h,optimistic,0.1,1e-06,0.01,0.15588,-0.165879,-1.6588,False,0.3,True,expanded_partial_feed,no quote success; mark heuristic and quote_failed
BCv5Ggg5563AYfkrErdXok2hKfjgUNtQ1A4yKuNbTjQ9,10,2h,realistic,0.1,1e-06,0.05,0.15588,-0.205879,-2.0588,False,0.3,True,expanded_partial_feed,no quote success; mark heuristic and quote_failed
BCv5Ggg5563AYfkrErdXok2hKfjgUNtQ1A4yKuNbTjQ9,10,2h,conservative,0.1,1e-06,0.2,0.15588,-0.355879,-3.5588,False,0.3,True,expanded_partial_feed,no quote success; mark heuristic and quote_failed
BCv5Ggg5563AYfkrErdXok2hKfjgUNtQ1A4yKuNbTjQ9,10,6h,zero_il_lvr,0.1,1e-06,0,0.15588,-0.155879,-1.5588,False,0.3,True,expanded_partial_feed,no quote success; mark heuristic and quote_failed
BCv5Ggg5563AYfkrErdXok2hKfjgUNtQ1A4yKuNbTjQ9,10,6h,optimistic,0.1,1e-06,0.01,0.15588,-0.165879,-1.6588,False,0.3,True,expanded_partial_feed,no quote success; mark heuristic and quote_failed
BCv5Ggg5563AYfkrErdXok2hKfjgUNtQ1A4yKuNbTjQ9,10,6h,realistic,0.1,1e-06,0.05,0.15588,-0.205879,-2.0588,False,0.3,True,expanded_partial_feed,no quote success; mark heuristic and quote_failed
BCv5Ggg5563AYfkrErdXok2hKfjgUNtQ1A4yKuNbTjQ9,10,6h,conservative,0.1,1e-06,0.2,0.15588,-0.355879,-3.5588,False,0.3,True,expanded_partial_feed,no quote success; mark heuristic and quote_failed
BCv5Ggg5563AYfkrErdXok2hKfjgUNtQ1A4yKuNbTjQ9,10,24h,zero_il_lvr,0.1,1e-06,0,0.15588,-0.155879,-1.5588,False,0.3,True,expanded_partial_feed,no quote success; mark heuristic and quote_failed
BCv5Ggg5563AYfkrErdXok2hKfjgUNtQ1A4yKuNbTjQ9,10,24h,optimistic,0.1,1e-06,0.01,0.15588,-0.165879,-1.6588,False,0.3,True,expanded_partial_feed,no quote success; mark heuristic and quote_failed
BCv5Ggg5563AYfkrErdXok2hKfjgUNtQ1A4yKuNbTjQ9,10,24h,realistic,0.1,1e-06,0.05,0.15588,-0.205879,-2.0588,False,0.3,True,expanded_partial_feed,no quote success; mark heuristic and quote_failed
BCv5Ggg5563AYfkrErdXok2hKfjgUNtQ1A4yKuNbTjQ9,10,24h,conservative,0.1,1e-06,0.2,0.15588,-0.355879,-3.5588,False,0.3,True,expanded_partial_feed,no quote success; mark heuristic and quote_failed
BCv5Ggg5563AYfkrErdXok2hKfjgUNtQ1A4yKuNbTjQ9,10,7d,zero_il_lvr,0.1,1e-06,0,0.15588,-0.155879,-1.5588,False,0.3,True,expanded_partial_feed,no quote success; mark heuristic and quote_failed
BCv5Ggg5563AYfkrErdXok2hKfjgUNtQ1A4yKuNbTjQ9,10,7d,optimistic,0.1,1e-06,0.01,0.15588,-0.165879,-1.6588,False,0.3,True,expanded_partial_feed,no quote success; mark heuristic and quote_failed
BCv5Ggg5563AYfkrErdXok2hKfjgUNtQ1A4yKuNbTjQ9,10,7d,realistic,0.1,1e-06,0.05,0.15588,-0.205879,-2.0588,False,0.3,True,expanded_partial_feed,no quote success; mark heuristic and quote_failed
BCv5Ggg5563AYfkrErdXok2hKfjgUNtQ1A4yKuNbTjQ9,10,7d,conservative,0.1,1e-06,0.2,0.15588,-0.355879,-3.5588,False,0.3,True,expanded_partial_feed,no quote success; mark heuristic and quote_failed
BCv5Ggg5563AYfkrErdXok2hKfjgUNtQ1A4yKuNbTjQ9,20,15m,zero_il_lvr,0.1,1e-06,0,0.15588,-0.155879,-0.7794,False,0.3,True,expanded_partial_feed,no quote success; mark heuristic and quote_failed
BCv5Ggg5563AYfkrErdXok2hKfjgUNtQ1A4yKuNbTjQ9,20,15m,optimistic,0.1,1e-06,0.02,0.15588,-0.175879,-0.8794,False,0.3,True,expanded_partial_feed,no quote success; mark heuristic and quote_failed
BCv5Ggg5563AYfkrErdXok2hKfjgUNtQ1A4yKuNbTjQ9,20,15m,realistic,0.1,1e-06,0.1,0.15588,-0.255879,-1.2794,False,0.3,True,expanded_partial_feed,no quote success; mark heuristic and quote_failed
BCv5Ggg5563AYfkrErdXok2hKfjgUNtQ1A4yKuNbTjQ9,20,15m,conservative,0.1,1e-06,0.4,0.15588,-0.555879,-2.7794,False,0.3,True,expanded_partial_feed,no quote success; mark heuristic and quote_failed
BCv5Ggg5563AYfkrErdXok2hKfjgUNtQ1A4yKuNbTjQ9,20,30m,zero_il_lvr,0.1,1e-06,0,0.15588,-0.155879,-0.7794,False,0.3,True,expanded_partial_feed,no quote success; mark heuristic and quote_failed
BCv5Ggg5563AYfkrErdXok2hKfjgUNtQ1A4yKuNbTjQ9,20,30m,optimistic,0.1,1e-06,0.02,0.15588,-0.175879,-0.8794,False,0.3,True,expanded_partial_feed,no quote success; mark heuristic and quote_failed
BCv5Ggg5563AYfkrErdXok2hKfjgUNtQ1A4yKuNbTjQ9,20,30m,realistic,0.1,1e-06,0.1,0.15588,-0.255879,-1.2794,False,0.3,True,expanded_partial_feed,no quote success; mark heuristic and quote_failed
BCv5Ggg5563AYfkrErdXok2hKfjgUNtQ1A4yKuNbTjQ9,20,30m,conservative,0.1,1e-06,0.4,0.15588,-0.555879,-2.7794,False,0.3,True,expanded_partial_feed,no quote success; mark heuristic and quote_failed
BCv5Ggg5563AYfkrErdXok2hKfjgUNtQ1A4yKuNbTjQ9,20,1h,zero_il_lvr,0.1,1e-06,0,0.15588,-0.155879,-0.7794,False,0.3,True,expanded_partial_feed,no quote success; mark heuristic and quote_failed
BCv5Ggg5563AYfkrErdXok2hKfjgUNtQ1A4yKuNbTjQ9,20,1h,optimistic,0.1,1e-06,0.02,0.15588,-0.175879,-0.8794,False,0.3,True,expanded_partial_feed,no quote success; mark heuristic and quote_failed
BCv5Ggg5563AYfkrErdXok2hKfjgUNtQ1A4yKuNbTjQ9,20,1h,realistic,0.1,1e-06,0.1,0.15588,-0.255879,-1.2794,False,0.3,True,expanded_partial_feed,no quote success; mark heuristic and quote_failed
BCv5Ggg5563AYfkrErdXok2hKfjgUNtQ1A4yKuNbTjQ9,20,1h,conservative,0.1,1e-06,0.4,0.15588,-0.555879,-2.7794,False,0.3,True,expanded_partial_feed,no quote success; mark heuristic and quote_failed
BCv5Ggg5563AYfkrErdXok2hKfjgUNtQ1A4yKuNbTjQ9,20,2h,zero_il_lvr,0.1,1e-06,0,0.15588,-0.155879,-0.7794,False,0.3,True,expanded_partial_feed,no quote success; mark heuristic and quote_failed
BCv5Ggg5563AYfkrErdXok2hKfjgUNtQ1A4yKuNbTjQ9,20,2h,optimistic,0.1,1e-06,0.02,0.15588,-0.175879,-0.8794,False,0.3,True,expanded_partial_feed,no quote success; mark heuristic and quote_failed
BCv5Ggg5563AYfkrErdXok2hKfjgUNtQ1A4yKuNbTjQ9,20,2h,realistic,0.1,1e-06,0.1,0.15588,-0.255879,-1.2794,False,0.3,True,expanded_partial_feed,no quote success; mark heuristic and quote_failed
BCv5Ggg5563AYfkrErdXok2hKfjgUNtQ1A4yKuNbTjQ9,20,2h,conservative,0.1,1e-06,0.4,0.15588,-0.555879,-2.7794,False,0.3,True,expanded_partial_feed,no quote success; mark heuristic and quote_failed
BCv5Ggg5563AYfkrErdXok2hKfjgUNtQ1A4yKuNbTjQ9,20,6h,zero_il_lvr,0.1,1e-06,0,0.15588,-0.155879,-0.7794,False,0.3,True,expanded_partial_feed,no quote success; mark heuristic and quote_failed
BCv5Ggg5563AYfkrErdXok2hKfjgUNtQ1A4yKuNbTjQ9,20,6h,optimistic,0.1,1e-06,0.02,0.15588,-0.175879,-0.8794,False,0.3,True,expanded_partial_feed,no quote success; mark heuristic and quote_failed
BCv5Ggg5563AYfkrErdXok2hKfjgUNtQ1A4yKuNbTjQ9,20,6h,realistic,0.1,1e-06,0.1,0.15588,-0.255879,-1.2794,False,0.3,True,expanded_partial_feed,no quote success; mark heuristic and quote_failed
BCv5Ggg5563AYfkrErdXok2hKfjgUNtQ1A4yKuNbTjQ9,20,6h,conservative,0.1,1e-06,0.4,0.15588,-0.555879,-2.7794,False,0.3,True,expanded_partial_feed,no quote success; mark heuristic and quote_failed
BCv5Ggg5563AYfkrErdXok2hKfjgUNtQ1A4yKuNbTjQ9,20,24h,zero_il_lvr,0.1,1e-06,0,0.15588,-0.155879,-0.7794,False,0.3,True,expanded_partial_feed,no quote success; mark heuristic and quote_failed
BCv5Ggg5563AYfkrErdXok2hKfjgUNtQ1A4yKuNbTjQ9,20,24h,optimistic,0.1,1e-06,0.02,0.15588,-0.175879,-0.8794,False,0.3,True,expanded_partial_feed,no quote success; mark heuristic and quote_failed
BCv5Ggg5563AYfkrErdXok2hKfjgUNtQ1A4yKuNbTjQ9,20,24h,realistic,0.1,1e-06,0.1,0.15588,-0.255879,-1.2794,False,0.3,True,expanded_partial_feed,no quote success; mark heuristic and quote_failed
BCv5Ggg5563AYfkrErdXok2hKfjgUNtQ1A4yKuNbTjQ9,20,24h,conservative,0.1,1e-06,0.4,0.15588,-0.555879,-2.7794,False,0.3,True,expanded_partial_feed,no quote success; mark heuristic and quote_failed
BCv5Ggg5563AYfkrErdXok2hKfjgUNtQ1A4yKuNbTjQ9,20,7d,zero_il_lvr,0.1,1e-06,0,0.15588,-0.155879,-0.7794,False,0.3,True,expanded_partial_feed,no quote success; mark heuristic and quote_failed
BCv5Ggg5563AYfkrErdXok2hKfjgUNtQ1A4yKuNbTjQ9,20,7d,optimistic,0.1,1e-06,0.02,0.15588,-0.175879,-0.8794,False,0.3,True,expanded_partial_feed,no quote success; mark heuristic and quote_failed
BCv5Ggg5563AYfkrErdXok2hKfjgUNtQ1A4yKuNbTjQ9,20,7d,realistic,0.1,1e-06,0.1,0.15588,-0.255879,-1.2794,False,0.3,True,expanded_partial_feed,no quote success; mark heuristic and quote_failed
BCv5Ggg5563AYfkrErdXok2hKfjgUNtQ1A4yKuNbTjQ9,20,7d,conservative,0.1,1e-06,0.4,0.15588,-0.555879,-2.7794,False,0.3,True,expanded_partial_feed,no quote success; mark heuristic and quote_failed
BCv5Ggg5563AYfkrErdXok2hKfjgUNtQ1A4yKuNbTjQ9,100,15m,zero_il_lvr,0.1,5e-06,0,0.15588,-0.155875,-0.1559,False,0.3,True,expanded_partial_feed,no quote success; mark heuristic and quote_failed
BCv5Ggg5563AYfkrErdXok2hKfjgUNtQ1A4yKuNbTjQ9,100,15m,optimistic,0.1,5e-06,0.1,0.15588,-0.255875,-0.2559,False,0.3,True,expanded_partial_feed,no quote success; mark heuristic and quote_failed
BCv5Ggg5563AYfkrErdXok2hKfjgUNtQ1A4yKuNbTjQ9,100,15m,realistic,0.1,5e-06,0.5,0.15588,-0.655875,-0.6559,False,0.3,True,expanded_partial_feed,no quote success; mark heuristic and quote_failed
BCv5Ggg5563AYfkrErdXok2hKfjgUNtQ1A4yKuNbTjQ9,100,15m,conservative,0.1,5e-06,2,0.15588,-2.155875,-2.1559,False,0.3,True,expanded_partial_feed,no quote success; mark heuristic and quote_failed
BCv5Ggg5563AYfkrErdXok2hKfjgUNtQ1A4yKuNbTjQ9,100,30m,zero_il_lvr,0.1,5e-06,0,0.15588,-0.155875,-0.1559,False,0.3,True,expanded_partial_feed,no quote success; mark heuristic and quote_failed
BCv5Ggg5563AYfkrErdXok2hKfjgUNtQ1A4yKuNbTjQ9,100,30m,optimistic,0.1,5e-06,0.1,0.15588,-0.255875,-0.2559,False,0.3,True,expanded_partial_feed,no quote success; mark heuristic and quote_failed
BCv5Ggg5563AYfkrErdXok2hKfjgUNtQ1A4yKuNbTjQ9,100,30m,realistic,0.1,5e-06,0.5,0.15588,-0.655875,-0.6559,False,0.3,True,expanded_partial_feed,no quote success; mark heuristic and quote_failed
BCv5Ggg5563AYfkrErdXok2hKfjgUNtQ1A4yKuNbTjQ9,100,30m,conservative,0.1,5e-06,2,0.15588,-2.155875,-2.1559,False,0.3,True,expanded_partial_feed,no quote success; mark heuristic and quote_failed
BCv5Ggg5563AYfkrErdXok2hKfjgUNtQ1A4yKuNbTjQ9,100,1h,zero_il_lvr,0.1,5e-06,0,0.15588,-0.155875,-0.1559,False,0.3,True,expanded_partial_feed,no quote success; mark heuristic and quote_failed
BCv5Ggg5563AYfkrErdXok2hKfjgUNtQ1A4yKuNbTjQ9,100,1h,optimistic,0.1,5e-06,0.1,0.15588,-0.255875,-0.2559,False,0.3,True,expanded_partial_feed,no quote success; mark heuristic and quote_failed
BCv5Ggg5563AYfkrErdXok2hKfjgUNtQ1A4yKuNbTjQ9,100,1h,realistic,0.1,5e-06,0.5,0.15588,-0.655875,-0.6559,False,0.3,True,expanded_partial_feed,no quote success; mark heuristic and quote_failed
BCv5Ggg5563AYfkrErdXok2hKfjgUNtQ1A4yKuNbTjQ9,100,1h,conservative,0.1,5e-06,2,0.15588,-2.155875,-2.1559,False,0.3,True,expanded_partial_feed,no quote success; mark heuristic and quote_failed
BCv5Ggg5563AYfkrErdXok2hKfjgUNtQ1A4yKuNbTjQ9,100,2h,zero_il_lvr,0.1,5e-06,0,0.15588,-0.155875,-0.1559,False,0.3,True,expanded_partial_feed,no quote success; mark heuristic and quote_failed
BCv5Ggg5563AYfkrErdXok2hKfjgUNtQ1A4yKuNbTjQ9,100,2h,optimistic,0.1,5e-06,0.1,0.15588,-0.255875,-0.2559,False,0.3,True,expanded_partial_feed,no quote success; mark heuristic and quote_failed
BCv5Ggg5563AYfkrErdXok2hKfjgUNtQ1A4yKuNbTjQ9,100,2h,realistic,0.1,5e-06,0.5,0.15588,-0.655875,-0.6559,False,0.3,True,expanded_partial_feed,no quote success; mark heuristic and quote_failed
BCv5Ggg5563AYfkrErdXok2hKfjgUNtQ1A4yKuNbTjQ9,100,2h,conservative,0.1,5e-06,2,0.15588,-2.155875,-2.1559,False,0.3,True,expanded_partial_feed,no quote success; mark heuristic and quote_failed
BCv5Ggg5563AYfkrErdXok2hKfjgUNtQ1A4yKuNbTjQ9,100,6h,zero_il_lvr,0.1,5e-06,0,0.15588,-0.155875,-0.1559,False,0.3,True,expanded_partial_feed,no quote success; mark heuristic and quote_failed
BCv5Ggg5563AYfkrErdXok2hKfjgUNtQ1A4yKuNbTjQ9,100,6h,optimistic,0.1,5e-06,0.1,0.15588,-0.255875,-0.2559,False,0.3,True,expanded_partial_feed,no quote success; mark heuristic and quote_failed
BCv5Ggg5563AYfkrErdXok2hKfjgUNtQ1A4yKuNbTjQ9,100,6h,realistic,0.1,5e-06,0.5,0.15588,-0.655875,-0.6559,False,0.3,True,expanded_partial_feed,no quote success; mark heuristic and quote_failed
BCv5Ggg5563AYfkrErdXok2hKfjgUNtQ1A4yKuNbTjQ9,100,6h,conservative,0.1,5e-06,2,0.15588,-2.155875,-2.1559,False,0.3,True,expanded_partial_feed,no quote success; mark heuristic and quote_failed
BCv5Ggg5563AYfkrErdXok2hKfjgUNtQ1A4yKuNbTjQ9,100,24h,zero_il_lvr,0.1,5e-06,0,0.15588,-0.155875,-0.1559,False,0.3,True,expanded_partial_feed,no quote success; mark heuristic and quote_failed
BCv5Ggg5563AYfkrErdXok2hKfjgUNtQ1A4yKuNbTjQ9,100,24h,optimistic,0.1,5e-06,0.1,0.15588,-0.255875,-0.2559,False,0.3,True,expanded_partial_feed,no quote success; mark heuristic and quote_failed
BCv5Ggg5563AYfkrErdXok2hKfjgUNtQ1A4yKuNbTjQ9,100,24h,realistic,0.1,5e-06,0.5,0.15588,-0.655875,-0.6559,False,0.3,True,expanded_partial_feed,no quote success; mark heuristic and quote_failed
BCv5Ggg5563AYfkrErdXok2hKfjgUNtQ1A4yKuNbTjQ9,100,24h,conservative,0.1,5e-06,2,0.15588,-2.155875,-2.1559,False,0.3,True,expanded_partial_feed,no quote success; mark heuristic and quote_failed
BCv5Ggg5563AYfkrErdXok2hKfjgUNtQ1A4yKuNbTjQ9,100,7d,zero_il_lvr,0.1,5e-06,0,0.15588,-0.155875,-0.1559,False,0.3,True,expanded_partial_feed,no quote success; mark heuristic and quote_failed
BCv5Ggg5563AYfkrErdXok2hKfjgUNtQ1A4yKuNbTjQ9,100,7d,optimistic,0.1,5e-06,0.1,0.15588,-0.255875,-0.2559,False,0.3,True,expanded_partial_feed,no quote success; mark heuristic and quote_failed
BCv5Ggg5563AYfkrErdXok2hKfjgUNtQ1A4yKuNbTjQ9,100,7d,realistic,0.1,5e-06,0.5,0.15588,-0.655875,-0.6559,False,0.3,True,expanded_partial_feed,no quote success; mark heuristic and quote_failed
BCv5Ggg5563AYfkrErdXok2hKfjgUNtQ1A4yKuNbTjQ9,100,7d,conservative,0.1,5e-06,2,0.15588,-2.155875,-2.1559,False,0.3,True,expanded_partial_feed,no quote success; mark heuristic and quote_failed
BCv5Ggg5563AYfkrErdXok2hKfjgUNtQ1A4yKuNbTjQ9,500,15m,zero_il_lvr,0.1,2.5e-05,0,0.15588,-0.155855,-0.0312,False,0.3,True,expanded_partial_feed,no quote success; mark heuristic and quote_failed
BCv5Ggg5563AYfkrErdXok2hKfjgUNtQ1A4yKuNbTjQ9,500,15m,optimistic,0.1,2.5e-05,0.5,0.15588,-0.655855,-0.1312,False,0.3,True,expanded_partial_feed,no quote success; mark heuristic and quote_failed
BCv5Ggg5563AYfkrErdXok2hKfjgUNtQ1A4yKuNbTjQ9,500,15m,realistic,0.1,2.5e-05,2.5,0.15588,-2.655855,-0.5312,False,0.3,True,expanded_partial_feed,no quote success; mark heuristic and quote_failed
BCv5Ggg5563AYfkrErdXok2hKfjgUNtQ1A4yKuNbTjQ9,500,15m,conservative,0.1,2.5e-05,10,0.15588,-10.155855,-2.0312,False,0.3,True,expanded_partial_feed,no quote success; mark heuristic and quote_failed
BCv5Ggg5563AYfkrErdXok2hKfjgUNtQ1A4yKuNbTjQ9,500,30m,zero_il_lvr,0.1,2.5e-05,0,0.15588,-0.155855,-0.0312,False,0.3,True,expanded_partial_feed,no quote success; mark heuristic and quote_failed
BCv5Ggg5563AYfkrErdXok2hKfjgUNtQ1A4yKuNbTjQ9,500,30m,optimistic,0.1,2.5e-05,0.5,0.15588,-0.655855,-0.1312,False,0.3,True,expanded_partial_feed,no quote success; mark heuristic and quote_failed
BCv5Ggg5563AYfkrErdXok2hKfjgUNtQ1A4yKuNbTjQ9,500,30m,realistic,0.1,2.5e-05,2.5,0.15588,-2.655855,-0.5312,False,0.3,True,expanded_partial_feed,no quote success; mark heuristic and quote_failed
BCv5Ggg5563AYfkrErdXok2hKfjgUNtQ1A4yKuNbTjQ9,500,30m,conservative,0.1,2.5e-05,10,0.15588,-10.155855,-2.0312,False,0.3,True,expanded_partial_feed,no quote success; mark heuristic and quote_failed
BCv5Ggg5563AYfkrErdXok2hKfjgUNtQ1A4yKuNbTjQ9,500,1h,zero_il_lvr,0.1,2.5e-05,0,0.15588,-0.155855,-0.0312,False,0.3,True,expanded_partial_feed,no quote success; mark heuristic and quote_failed
BCv5Ggg5563AYfkrErdXok2hKfjgUNtQ1A4yKuNbTjQ9,500,1h,optimistic,0.1,2.5e-05,0.5,0.15588,-0.655855,-0.1312,False,0.3,True,expanded_partial_feed,no quote success; mark heuristic and quote_failed
BCv5Ggg5563AYfkrErdXok2hKfjgUNtQ1A4yKuNbTjQ9,500,1h,realistic,0.1,2.5e-05,2.5,0.15588,-2.655855,-0.5312,False,0.3,True,expanded_partial_feed,no quote success; mark heuristic and quote_failed
BCv5Ggg5563AYfkrErdXok2hKfjgUNtQ1A4yKuNbTjQ9,500,1h,conservative,0.1,2.5e-05,10,0.15588,-10.155855,-2.0312,False,0.3,True,expanded_partial_feed,no quote success; mark heuristic and quote_failed
BCv5Ggg5563AYfkrErdXok2hKfjgUNtQ1A4yKuNbTjQ9,500,2h,zero_il_lvr,0.1,2.5e-05,0,0.15588,-0.155855,-0.0312,False,0.3,True,expanded_partial_feed,no quote success; mark heuristic and quote_failed
BCv5Ggg5563AYfkrErdXok2hKfjgUNtQ1A4yKuNbTjQ9,500,2h,optimistic,0.1,2.5e-05,0.5,0.15588,-0.655855,-0.1312,False,0.3,True,expanded_partial_feed,no quote success; mark heuristic and quote_failed
BCv5Ggg5563AYfkrErdXok2hKfjgUNtQ1A4yKuNbTjQ9,500,2h,realistic,0.1,2.5e-05,2.5,0.15588,-2.655855,-0.5312,False,0.3,True,expanded_partial_feed,no quote success; mark heuristic and quote_failed
BCv5Ggg5563AYfkrErdXok2hKfjgUNtQ1A4yKuNbTjQ9,500,2h,conservative,0.1,2.5e-05,10,0.15588,-10.155855,-2.0312,False,0.3,True,expanded_partial_feed,no quote success; mark heuristic and quote_failed
BCv5Ggg5563AYfkrErdXok2hKfjgUNtQ1A4yKuNbTjQ9,500,6h,zero_il_lvr,0.1,2.5e-05,0,0.15588,-0.155855,-0.0312,False,0.3,True,expanded_partial_feed,no quote success; mark heuristic and quote_failed
BCv5Ggg5563AYfkrErdXok2hKfjgUNtQ1A4yKuNbTjQ9,500,6h,optimistic,0.1,2.5e-05,0.5,0.15588,-0.655855,-0.1312,False,0.3,True,expanded_partial_feed,no quote success; mark heuristic and quote_failed
BCv5Ggg5563AYfkrErdXok2hKfjgUNtQ1A4yKuNbTjQ9,500,6h,realistic,0.1,2.5e-05,2.5,0.15588,-2.655855,-0.5312,False,0.3,True,expanded_partial_feed,no quote success; mark heuristic and quote_failed
BCv5Ggg5563AYfkrErdXok2hKfjgUNtQ1A4yKuNbTjQ9,500,6h,conservative,0.1,2.5e-05,10,0.15588,-10.155855,-2.0312,False,0.3,True,expanded_partial_feed,no quote success; mark heuristic and quote_failed
BCv5Ggg5563AYfkrErdXok2hKfjgUNtQ1A4yKuNbTjQ9,500,24h,zero_il_lvr,0.1,2.5e-05,0,0.15588,-0.155855,-0.0312,False,0.3,True,expanded_partial_feed,no quote success; mark heuristic and quote_failed
BCv5Ggg5563AYfkrErdXok2hKfjgUNtQ1A4yKuNbTjQ9,500,24h,optimistic,0.1,2.5e-05,0.5,0.15588,-0.655855,-0.1312,False,0.3,True,expanded_partial_feed,no quote success; mark heuristic and quote_failed
BCv5Ggg5563AYfkrErdXok2hKfjgUNtQ1A4yKuNbTjQ9,500,24h,realistic,0.1,2.5e-05,2.5,0.15588,-2.655855,-0.5312,False,0.3,True,expanded_partial_feed,no quote success; mark heuristic and quote_failed
BCv5Ggg5563AYfkrErdXok2hKfjgUNtQ1A4yKuNbTjQ9,500,24h,conservative,0.1,2.5e-05,10,0.15588,-10.155855,-2.0312,False,0.3,True,expanded_partial_feed,no quote success; mark heuristic and quote_failed
BCv5Ggg5563AYfkrErdXok2hKfjgUNtQ1A4yKuNbTjQ9,500,7d,zero_il_lvr,0.1,2.5e-05,0,0.15588,-0.155855,-0.0312,False,0.3,True,expanded_partial_feed,no quote success; mark heuristic and quote_failed
BCv5Ggg5563AYfkrErdXok2hKfjgUNtQ1A4yKuNbTjQ9,500,7d,optimistic,0.1,2.5e-05,0.5,0.15588,-0.655855,-0.1312,False,0.3,True,expanded_partial_feed,no quote success; mark heuristic and quote_failed
BCv5Ggg5563AYfkrErdXok2hKfjgUNtQ1A4yKuNbTjQ9,500,7d,realistic,0.1,2.5e-05,2.5,0.15588,-2.655855,-0.5312,False,0.3,True,expanded_partial_feed,no quote success; mark heuristic and quote_failed
BCv5Ggg5563AYfkrErdXok2hKfjgUNtQ1A4yKuNbTjQ9,500,7d,conservative,0.1,2.5e-05,10,0.15588,-10.155855,-2.0312,False,0.3,True,expanded_partial_feed,no quote success; mark heuristic and quote_failed
BCv5Ggg5563AYfkrErdXok2hKfjgUNtQ1A4yKuNbTjQ9,1000,15m,zero_il_lvr,0.1,5e-05,0,0.15588,-0.15583,-0.0156,False,0.3,True,expanded_partial_feed,no quote success; mark heuristic and quote_failed
BCv5Ggg5563AYfkrErdXok2hKfjgUNtQ1A4yKuNbTjQ9,1000,15m,optimistic,0.1,5e-05,1,0.15588,-1.15583,-0.1156,False,0.3,True,expanded_partial_feed,no quote success; mark heuristic and quote_failed
BCv5Ggg5563AYfkrErdXok2hKfjgUNtQ1A4yKuNbTjQ9,1000,15m,realistic,0.1,5e-05,5,0.15588,-5.15583,-0.5156,False,0.3,True,expanded_partial_feed,no quote success; mark heuristic and quote_failed
BCv5Ggg5563AYfkrErdXok2hKfjgUNtQ1A4yKuNbTjQ9,1000,15m,conservative,0.1,5e-05,20,0.15588,-20.15583,-2.0156,False,0.3,True,expanded_partial_feed,no quote success; mark heuristic and quote_failed
BCv5Ggg5563AYfkrErdXok2hKfjgUNtQ1A4yKuNbTjQ9,1000,30m,zero_il_lvr,0.1,5e-05,0,0.15588,-0.15583,-0.0156,False,0.3,True,expanded_partial_feed,no quote success; mark heuristic and quote_failed
BCv5Ggg5563AYfkrErdXok2hKfjgUNtQ1A4yKuNbTjQ9,1000,30m,optimistic,0.1,5e-05,1,0.15588,-1.15583,-0.1156,False,0.3,True,expanded_partial_feed,no quote success; mark heuristic and quote_failed
BCv5Ggg5563AYfkrErdXok2hKfjgUNtQ1A4yKuNbTjQ9,1000,30m,realistic,0.1,5e-05,5,0.15588,-5.15583,-0.5156,False,0.3,True,expanded_partial_feed,no quote success; mark heuristic and quote_failed
BCv5Ggg5563AYfkrErdXok2hKfjgUNtQ1A4yKuNbTjQ9,1000,30m,conservative,0.1,5e-05,20,0.15588,-20.15583,-2.0156,False,0.3,True,expanded_partial_feed,no quote success; mark heuristic and quote_failed
BCv5Ggg5563AYfkrErdXok2hKfjgUNtQ1A4yKuNbTjQ9,1000,1h,zero_il_lvr,0.1,5e-05,0,0.15588,-0.15583,-0.0156,False,0.3,True,expanded_partial_feed,no quote success; mark heuristic and quote_failed
BCv5Ggg5563AYfkrErdXok2hKfjgUNtQ1A4yKuNbTjQ9,1000,1h,optimistic,0.1,5e-05,1,0.15588,-1.15583,-0.1156,False,0.3,True,expanded_partial_feed,no quote success; mark heuristic and quote_failed
BCv5Ggg5563AYfkrErdXok2hKfjgUNtQ1A4yKuNbTjQ9,1000,1h,realistic,0.1,5e-05,5,0.15588,-5.15583,-0.5156,False,0.3,True,expanded_partial_feed,no quote success; mark heuristic and quote_failed
BCv5Ggg5563AYfkrErdXok2hKfjgUNtQ1A4yKuNbTjQ9,1000,1h,conservative,0.1,5e-05,20,0.15588,-20.15583,-2.0156,False,0.3,True,expanded_partial_feed,no quote success; mark heuristic and quote_failed
BCv5Ggg5563AYfkrErdXok2hKfjgUNtQ1A4yKuNbTjQ9,1000,2h,zero_il_lvr,0.1,5e-05,0,0.15588,-0.15583,-0.0156,False,0.3,True,expanded_partial_feed,no quote success; mark heuristic and quote_failed
BCv5Ggg5563AYfkrErdXok2hKfjgUNtQ1A4yKuNbTjQ9,1000,2h,optimistic,0.1,5e-05,1,0.15588,-1.15583,-0.1156,False,0.3,True,expanded_partial_feed,no quote success; mark heuristic and quote_failed
BCv5Ggg5563AYfkrErdXok2hKfjgUNtQ1A4yKuNbTjQ9,1000,2h,realistic,0.1,5e-05,5,0.15588,-5.15583,-0.5156,False,0.3,True,expanded_partial_feed,no quote success; mark heuristic and quote_failed
BCv5Ggg5563AYfkrErdXok2hKfjgUNtQ1A4yKuNbTjQ9,1000,2h,conservative,0.1,5e-05,20,0.15588,-20.15583,-2.0156,False,0.3,True,expanded_partial_feed,no quote success; mark heuristic and quote_failed
BCv5Ggg5563AYfkrErdXok2hKfjgUNtQ1A4yKuNbTjQ9,1000,6h,zero_il_lvr,0.1,5e-05,0,0.15588,-0.15583,-0.0156,False,0.3,True,expanded_partial_feed,no quote success; mark heuristic and quote_failed
BCv5Ggg5563AYfkrErdXok2hKfjgUNtQ1A4yKuNbTjQ9,1000,6h,optimistic,0.1,5e-05,1,0.15588,-1.15583,-0.1156,False,0.3,True,expanded_partial_feed,no quote success; mark heuristic and quote_failed
BCv5Ggg5563AYfkrErdXok2hKfjgUNtQ1A4yKuNbTjQ9,1000,6h,realistic,0.1,5e-05,5,0.15588,-5.15583,-0.5156,False,0.3,True,expanded_partial_feed,no quote success; mark heuristic and quote_failed
BCv5Ggg5563AYfkrErdXok2hKfjgUNtQ1A4yKuNbTjQ9,1000,6h,conservative,0.1,5e-05,20,0.15588,-20.15583,-2.0156,False,0.3,True,expanded_partial_feed,no quote success; mark heuristic and quote_failed
BCv5Ggg5563AYfkrErdXok2hKfjgUNtQ1A4yKuNbTjQ9,1000,24h,zero_il_lvr,0.1,5e-05,0,0.15588,-0.15583,-0.0156,False,0.3,True,expanded_partial_feed,no quote success; mark heuristic and quote_failed
BCv5Ggg5563AYfkrErdXok2hKfjgUNtQ1A4yKuNbTjQ9,1000,24h,optimistic,0.1,5e-05,1,0.15588,-1.15583,-0.1156,False,0.3,True,expanded_partial_feed,no quote success; mark heuristic and quote_failed
BCv5Ggg5563AYfkrErdXok2hKfjgUNtQ1A4yKuNbTjQ9,1000,24h,realistic,0.1,5e-05,5,0.15588,-5.15583,-0.5156,False,0.3,True,expanded_partial_feed,no quote success; mark heuristic and quote_failed
BCv5Ggg5563AYfkrErdXok2hKfjgUNtQ1A4yKuNbTjQ9,1000,24h,conservative,0.1,5e-05,20,0.15588,-20.15583,-2.0156,False,0.3,True,expanded_partial_feed,no quote success; mark heuristic and quote_failed
BCv5Ggg5563AYfkrErdXok2hKfjgUNtQ1A4yKuNbTjQ9,1000,7d,zero_il_lvr,0.1,5e-05,0,0.15588,-0.15583,-0.0156,False,0.3,True,expanded_partial_feed,no quote success; mark heuristic and quote_failed
BCv5Ggg5563AYfkrErdXok2hKfjgUNtQ1A4yKuNbTjQ9,1000,7d,optimistic,0.1,5e-05,1,0.15588,-1.15583,-0.1156,False,0.3,True,expanded_partial_feed,no quote success; mark heuristic and quote_failed
BCv5Ggg5563AYfkrErdXok2hKfjgUNtQ1A4yKuNbTjQ9,1000,7d,realistic,0.1,5e-05,5,0.15588,-5.15583,-0.5156,False,0.3,True,expanded_partial_feed,no quote success; mark heuristic and quote_failed
BCv5Ggg5563AYfkrErdXok2hKfjgUNtQ1A4yKuNbTjQ9,1000,7d,conservative,0.1,5e-05,20,0.15588,-20.15583,-2.0156,False,0.3,True,expanded_partial_feed,no quote success; mark heuristic and quote_failed
BCv5Ggg5563AYfkrErdXok2hKfjgUNtQ1A4yKuNbTjQ9,2000,15m,zero_il_lvr,0.1,0.0001,0,0.15588,-0.15578,-0.0078,False,0.3,True,expanded_partial_feed,no quote success; mark heuristic and quote_failed
BCv5Ggg5563AYfkrErdXok2hKfjgUNtQ1A4yKuNbTjQ9,2000,15m,optimistic,0.1,0.0001,2,0.15588,-2.15578,-0.1078,False,0.3,True,expanded_partial_feed,no quote success; mark heuristic and quote_failed
BCv5Ggg5563AYfkrErdXok2hKfjgUNtQ1A4yKuNbTjQ9,2000,15m,realistic,0.1,0.0001,10,0.15588,-10.15578,-0.5078,False,0.3,True,expanded_partial_feed,no quote success; mark heuristic and quote_failed
BCv5Ggg5563AYfkrErdXok2hKfjgUNtQ1A4yKuNbTjQ9,2000,15m,conservative,0.1,0.0001,40,0.15588,-40.15578,-2.0078,False,0.3,True,expanded_partial_feed,no quote success; mark heuristic and quote_failed
BCv5Ggg5563AYfkrErdXok2hKfjgUNtQ1A4yKuNbTjQ9,2000,30m,zero_il_lvr,0.1,0.0001,0,0.15588,-0.15578,-0.0078,False,0.3,True,expanded_partial_feed,no quote success; mark heuristic and quote_failed
BCv5Ggg5563AYfkrErdXok2hKfjgUNtQ1A4yKuNbTjQ9,2000,30m,optimistic,0.1,0.0001,2,0.15588,-2.15578,-0.1078,False,0.3,True,expanded_partial_feed,no quote success; mark heuristic and quote_failed
BCv5Ggg5563AYfkrErdXok2hKfjgUNtQ1A4yKuNbTjQ9,2000,30m,realistic,0.1,0.0001,10,0.15588,-10.15578,-0.5078,False,0.3,True,expanded_partial_feed,no quote success; mark heuristic and quote_failed
BCv5Ggg5563AYfkrErdXok2hKfjgUNtQ1A4yKuNbTjQ9,2000,30m,conservative,0.1,0.0001,40,0.15588,-40.15578,-2.0078,False,0.3,True,expanded_partial_feed,no quote success; mark heuristic and quote_failed
BCv5Ggg5563AYfkrErdXok2hKfjgUNtQ1A4yKuNbTjQ9,2000,1h,zero_il_lvr,0.1,0.0001,0,0.15588,-0.15578,-0.0078,False,0.3,True,expanded_partial_feed,no quote success; mark heuristic and quote_failed
BCv5Ggg5563AYfkrErdXok2hKfjgUNtQ1A4yKuNbTjQ9,2000,1h,optimistic,0.1,0.0001,2,0.15588,-2.15578,-0.1078,False,0.3,True,expanded_partial_feed,no quote success; mark heuristic and quote_failed
BCv5Ggg5563AYfkrErdXok2hKfjgUNtQ1A4yKuNbTjQ9,2000,1h,realistic,0.1,0.0001,10,0.15588,-10.15578,-0.5078,False,0.3,True,expanded_partial_feed,no quote success; mark heuristic and quote_failed
BCv5Ggg5563AYfkrErdXok2hKfjgUNtQ1A4yKuNbTjQ9,2000,1h,conservative,0.1,0.0001,40,0.15588,-40.15578,-2.0078,False,0.3,True,expanded_partial_feed,no quote success; mark heuristic and quote_failed
BCv5Ggg5563AYfkrErdXok2hKfjgUNtQ1A4yKuNbTjQ9,2000,2h,zero_il_lvr,0.1,0.0001,0,0.15588,-0.15578,-0.0078,False,0.3,True,expanded_partial_feed,no quote success; mark heuristic and quote_failed
BCv5Ggg5563AYfkrErdXok2hKfjgUNtQ1A4yKuNbTjQ9,2000,2h,optimistic,0.1,0.0001,2,0.15588,-2.15578,-0.1078,False,0.3,True,expanded_partial_feed,no quote success; mark heuristic and quote_failed
BCv5Ggg5563AYfkrErdXok2hKfjgUNtQ1A4yKuNbTjQ9,2000,2h,realistic,0.1,0.0001,10,0.15588,-10.15578,-0.5078,False,0.3,True,expanded_partial_feed,no quote success; mark heuristic and quote_failed
BCv5Ggg5563AYfkrErdXok2hKfjgUNtQ1A4yKuNbTjQ9,2000,2h,conservative,0.1,0.0001,40,0.15588,-40.15578,-2.0078,False,0.3,True,expanded_partial_feed,no quote success; mark heuristic and quote_failed
BCv5Ggg5563AYfkrErdXok2hKfjgUNtQ1A4yKuNbTjQ9,2000,6h,zero_il_lvr,0.1,0.0001,0,0.15588,-0.15578,-0.0078,False,0.3,True,expanded_partial_feed,no quote success; mark heuristic and quote_failed
BCv5Ggg5563AYfkrErdXok2hKfjgUNtQ1A4yKuNbTjQ9,2000,6h,optimistic,0.1,0.0001,2,0.15588,-2.15578,-0.1078,False,0.3,True,expanded_partial_feed,no quote success; mark heuristic and quote_failed
BCv5Ggg5563AYfkrErdXok2hKfjgUNtQ1A4yKuNbTjQ9,2000,6h,realistic,0.1,0.0001,10,0.15588,-10.15578,-0.5078,False,0.3,True,expanded_partial_feed,no quote success; mark heuristic and quote_failed
BCv5Ggg5563AYfkrErdXok2hKfjgUNtQ1A4yKuNbTjQ9,2000,6h,conservative,0.1,0.0001,40,0.15588,-40.15578,-2.0078,False,0.3,True,expanded_partial_feed,no quote success; mark heuristic and quote_failed
BCv5Ggg5563AYfkrErdXok2hKfjgUNtQ1A4yKuNbTjQ9,2000,24h,zero_il_lvr,0.1,0.0001,0,0.15588,-0.15578,-0.0078,False,0.3,True,expanded_partial_feed,no quote success; mark heuristic and quote_failed
BCv5Ggg5563AYfkrErdXok2hKfjgUNtQ1A4yKuNbTjQ9,2000,24h,optimistic,0.1,0.0001,2,0.15588,-2.15578,-0.1078,False,0.3,True,expanded_partial_feed,no quote success; mark heuristic and quote_failed
BCv5Ggg5563AYfkrErdXok2hKfjgUNtQ1A4yKuNbTjQ9,2000,24h,realistic,0.1,0.0001,10,0.15588,-10.15578,-0.5078,False,0.3,True,expanded_partial_feed,no quote success; mark heuristic and quote_failed
BCv5Ggg5563AYfkrErdXok2hKfjgUNtQ1A4yKuNbTjQ9,2000,24h,conservative,0.1,0.0001,40,0.15588,-40.15578,-2.0078,False,0.3,True,expanded_partial_feed,no quote success; mark heuristic and quote_failed
BCv5Ggg5563AYfkrErdXok2hKfjgUNtQ1A4yKuNbTjQ9,2000,7d,zero_il_lvr,0.1,0.0001,0,0.15588,-0.15578,-0.0078,False,0.3,True,expanded_partial_feed,no quote success; mark heuristic and quote_failed
BCv5Ggg5563AYfkrErdXok2hKfjgUNtQ1A4yKuNbTjQ9,2000,7d,optimistic,0.1,0.0001,2,0.15588,-2.15578,-0.1078,False,0.3,True,expanded_partial_feed,no quote success; mark heuristic and quote_failed
BCv5Ggg5563AYfkrErdXok2hKfjgUNtQ1A4yKuNbTjQ9,2000,7d,realistic,0.1,0.0001,10,0.15588,-10.15578,-0.5078,False,0.3,True,expanded_partial_feed,no quote success; mark heuristic and quote_failed
BCv5Ggg5563AYfkrErdXok2hKfjgUNtQ1A4yKuNbTjQ9,2000,7d,conservative,0.1,0.0001,40,0.15588,-40.15578,-2.0078,False,0.3,True,expanded_partial_feed,no quote success; mark heuristic and quote_failed
6VxKTxaV4yY18rpzNLJwKMt3kyyiv4hjFixCbhs7j5gp,10,15m,zero_il_lvr,2,1e-05,0,0.15588,-0.15587,-1.5587,False,0.3,True,expanded_partial_feed,no quote success; mark heuristic and quote_failed
6VxKTxaV4yY18rpzNLJwKMt3kyyiv4hjFixCbhs7j5gp,10,15m,optimistic,2,1e-05,0.01,0.15588,-0.16587,-1.6587,False,0.3,True,expanded_partial_feed,no quote success; mark heuristic and quote_failed
6VxKTxaV4yY18rpzNLJwKMt3kyyiv4hjFixCbhs7j5gp,10,15m,realistic,2,1e-05,0.05,0.15588,-0.20587,-2.0587,False,0.3,True,expanded_partial_feed,no quote success; mark heuristic and quote_failed
6VxKTxaV4yY18rpzNLJwKMt3kyyiv4hjFixCbhs7j5gp,10,15m,conservative,2,1e-05,0.2,0.15588,-0.35587,-3.5587,False,0.3,True,expanded_partial_feed,no quote success; mark heuristic and quote_failed
6VxKTxaV4yY18rpzNLJwKMt3kyyiv4hjFixCbhs7j5gp,10,30m,zero_il_lvr,2,1e-05,0,0.15588,-0.15587,-1.5587,False,0.3,True,expanded_partial_feed,no quote success; mark heuristic and quote_failed
6VxKTxaV4yY18rpzNLJwKMt3kyyiv4hjFixCbhs7j5gp,10,30m,optimistic,2,1e-05,0.01,0.15588,-0.16587,-1.6587,False,0.3,True,expanded_partial_feed,no quote success; mark heuristic and quote_failed
6VxKTxaV4yY18rpzNLJwKMt3kyyiv4hjFixCbhs7j5gp,10,30m,realistic,2,1e-05,0.05,0.15588,-0.20587,-2.0587,False,0.3,True,expanded_partial_feed,no quote success; mark heuristic and quote_failed
6VxKTxaV4yY18rpzNLJwKMt3kyyiv4hjFixCbhs7j5gp,10,30m,conservative,2,1e-05,0.2,0.15588,-0.35587,-3.5587,False,0.3,True,expanded_partial_feed,no quote success; mark heuristic and quote_failed
6VxKTxaV4yY18rpzNLJwKMt3kyyiv4hjFixCbhs7j5gp,10,1h,zero_il_lvr,2,1e-05,0,0.15588,-0.15587,-1.5587,False,0.3,True,expanded_partial_feed,no quote success; mark heuristic and quote_failed
6VxKTxaV4yY18rpzNLJwKMt3kyyiv4hjFixCbhs7j5gp,10,1h,optimistic,2,1e-05,0.01,0.15588,-0.16587,-1.6587,False,0.3,True,expanded_partial_feed,no quote success; mark heuristic and quote_failed
6VxKTxaV4yY18rpzNLJwKMt3kyyiv4hjFixCbhs7j5gp,10,1h,realistic,2,1e-05,0.05,0.15588,-0.20587,-2.0587,False,0.3,True,expanded_partial_feed,no quote success; mark heuristic and quote_failed
6VxKTxaV4yY18rpzNLJwKMt3kyyiv4hjFixCbhs7j5gp,10,1h,conservative,2,1e-05,0.2,0.15588,-0.35587,-3.5587,False,0.3,True,expanded_partial_feed,no quote success; mark heuristic and quote_failed
6VxKTxaV4yY18rpzNLJwKMt3kyyiv4hjFixCbhs7j5gp,10,2h,zero_il_lvr,2,1e-05,0,0.15588,-0.15587,-1.5587,False,0.3,True,expanded_partial_feed,no quote success; mark heuristic and quote_failed
6VxKTxaV4yY18rpzNLJwKMt3kyyiv4hjFixCbhs7j5gp,10,2h,optimistic,2,1e-05,0.01,0.15588,-0.16587,-1.6587,False,0.3,True,expanded_partial_feed,no quote success; mark heuristic and quote_failed
6VxKTxaV4yY18rpzNLJwKMt3kyyiv4hjFixCbhs7j5gp,10,2h,realistic,2,1e-05,0.05,0.15588,-0.20587,-2.0587,False,0.3,True,expanded_partial_feed,no quote success; mark heuristic and quote_failed
6VxKTxaV4yY18rpzNLJwKMt3kyyiv4hjFixCbhs7j5gp,10,2h,conservative,2,1e-05,0.2,0.15588,-0.35587,-3.5587,False,0.3,True,expanded_partial_feed,no quote success; mark heuristic and quote_failed
6VxKTxaV4yY18rpzNLJwKMt3kyyiv4hjFixCbhs7j5gp,10,6h,zero_il_lvr,2,1e-05,0,0.15588,-0.15587,-1.5587,False,0.3,True,expanded_partial_feed,no quote success; mark heuristic and quote_failed
6VxKTxaV4yY18rpzNLJwKMt3kyyiv4hjFixCbhs7j5gp,10,6h,optimistic,2,1e-05,0.01,0.15588,-0.16587,-1.6587,False,0.3,True,expanded_partial_feed,no quote success; mark heuristic and quote_failed
6VxKTxaV4yY18rpzNLJwKMt3kyyiv4hjFixCbhs7j5gp,10,6h,realistic,2,1e-05,0.05,0.15588,-0.20587,-2.0587,False,0.3,True,expanded_partial_feed,no quote success; mark heuristic and quote_failed
6VxKTxaV4yY18rpzNLJwKMt3kyyiv4hjFixCbhs7j5gp,10,6h,conservative,2,1e-05,0.2,0.15588,-0.35587,-3.5587,False,0.3,True,expanded_partial_feed,no quote success; mark heuristic and quote_failed
6VxKTxaV4yY18rpzNLJwKMt3kyyiv4hjFixCbhs7j5gp,10,24h,zero_il_lvr,2,1e-05,0,0.15588,-0.15587,-1.5587,False,0.3,True,expanded_partial_feed,no quote success; mark heuristic and quote_failed
6VxKTxaV4yY18rpzNLJwKMt3kyyiv4hjFixCbhs7j5gp,10,24h,optimistic,2,1e-05,0.01,0.15588,-0.16587,-1.6587,False,0.3,True,expanded_partial_feed,no quote success; mark heuristic and quote_failed
6VxKTxaV4yY18rpzNLJwKMt3kyyiv4hjFixCbhs7j5gp,10,24h,realistic,2,1e-05,0.05,0.15588,-0.20587,-2.0587,False,0.3,True,expanded_partial_feed,no quote success; mark heuristic and quote_failed
6VxKTxaV4yY18rpzNLJwKMt3kyyiv4hjFixCbhs7j5gp,10,24h,conservative,2,1e-05,0.2,0.15588,-0.35587,-3.5587,False,0.3,True,expanded_partial_feed,no quote success; mark heuristic and quote_failed
6VxKTxaV4yY18rpzNLJwKMt3kyyiv4hjFixCbhs7j5gp,10,7d,zero_il_lvr,2,1e-05,0,0.15588,-0.15587,-1.5587,False,0.3,True,expanded_partial_feed,no quote success; mark heuristic and quote_failed
6VxKTxaV4yY18rpzNLJwKMt3kyyiv4hjFixCbhs7j5gp,10,7d,optimistic,2,1e-05,0.01,0.15588,-0.16587,-1.6587,False,0.3,True,expanded_partial_feed,no quote success; mark heuristic and quote_failed
6VxKTxaV4yY18rpzNLJwKMt3kyyiv4hjFixCbhs7j5gp,10,7d,realistic,2,1e-05,0.05,0.15588,-0.20587,-2.0587,False,0.3,True,expanded_partial_feed,no quote success; mark heuristic and quote_failed
6VxKTxaV4yY18rpzNLJwKMt3kyyiv4hjFixCbhs7j5gp,10,7d,conservative,2,1e-05,0.2,0.15588,-0.35587,-3.5587,False,0.3,True,expanded_partial_feed,no quote success; mark heuristic and quote_failed
6VxKTxaV4yY18rpzNLJwKMt3kyyiv4hjFixCbhs7j5gp,20,15m,zero_il_lvr,2,2e-05,0,0.15588,-0.15586,-0.7793,False,0.3,True,expanded_partial_feed,no quote success; mark heuristic and quote_failed
6VxKTxaV4yY18rpzNLJwKMt3kyyiv4hjFixCbhs7j5gp,20,15m,optimistic,2,2e-05,0.02,0.15588,-0.17586,-0.8793,False,0.3,True,expanded_partial_feed,no quote success; mark heuristic and quote_failed
6VxKTxaV4yY18rpzNLJwKMt3kyyiv4hjFixCbhs7j5gp,20,15m,realistic,2,2e-05,0.1,0.15588,-0.25586,-1.2793,False,0.3,True,expanded_partial_feed,no quote success; mark heuristic and quote_failed
6VxKTxaV4yY18rpzNLJwKMt3kyyiv4hjFixCbhs7j5gp,20,15m,conservative,2,2e-05,0.4,0.15588,-0.55586,-2.7793,False,0.3,True,expanded_partial_feed,no quote success; mark heuristic and quote_failed
6VxKTxaV4yY18rpzNLJwKMt3kyyiv4hjFixCbhs7j5gp,20,30m,zero_il_lvr,2,2e-05,0,0.15588,-0.15586,-0.7793,False,0.3,True,expanded_partial_feed,no quote success; mark heuristic and quote_failed
6VxKTxaV4yY18rpzNLJwKMt3kyyiv4hjFixCbhs7j5gp,20,30m,optimistic,2,2e-05,0.02,0.15588,-0.17586,-0.8793,False,0.3,True,expanded_partial_feed,no quote success; mark heuristic and quote_failed
6VxKTxaV4yY18rpzNLJwKMt3kyyiv4hjFixCbhs7j5gp,20,30m,realistic,2,2e-05,0.1,0.15588,-0.25586,-1.2793,False,0.3,True,expanded_partial_feed,no quote success; mark heuristic and quote_failed
6VxKTxaV4yY18rpzNLJwKMt3kyyiv4hjFixCbhs7j5gp,20,30m,conservative,2,2e-05,0.4,0.15588,-0.55586,-2.7793,False,0.3,True,expanded_partial_feed,no quote success; mark heuristic and quote_failed
6VxKTxaV4yY18rpzNLJwKMt3kyyiv4hjFixCbhs7j5gp,20,1h,zero_il_lvr,2,2e-05,0,0.15588,-0.15586,-0.7793,False,0.3,True,expanded_partial_feed,no quote success; mark heuristic and quote_failed
6VxKTxaV4yY18rpzNLJwKMt3kyyiv4hjFixCbhs7j5gp,20,1h,optimistic,2,2e-05,0.02,0.15588,-0.17586,-0.8793,False,0.3,True,expanded_partial_feed,no quote success; mark heuristic and quote_failed
6VxKTxaV4yY18rpzNLJwKMt3kyyiv4hjFixCbhs7j5gp,20,1h,realistic,2,2e-05,0.1,0.15588,-0.25586,-1.2793,False,0.3,True,expanded_partial_feed,no quote success; mark heuristic and quote_failed
6VxKTxaV4yY18rpzNLJwKMt3kyyiv4hjFixCbhs7j5gp,20,1h,conservative,2,2e-05,0.4,0.15588,-0.55586,-2.7793,False,0.3,True,expanded_partial_feed,no quote success; mark heuristic and quote_failed
6VxKTxaV4yY18rpzNLJwKMt3kyyiv4hjFixCbhs7j5gp,20,2h,zero_il_lvr,2,2e-05,0,0.15588,-0.15586,-0.7793,False,0.3,True,expanded_partial_feed,no quote success; mark heuristic and quote_failed
6VxKTxaV4yY18rpzNLJwKMt3kyyiv4hjFixCbhs7j5gp,20,2h,optimistic,2,2e-05,0.02,0.15588,-0.17586,-0.8793,False,0.3,True,expanded_partial_feed,no quote success; mark heuristic and quote_failed
6VxKTxaV4yY18rpzNLJwKMt3kyyiv4hjFixCbhs7j5gp,20,2h,realistic,2,2e-05,0.1,0.15588,-0.25586,-1.2793,False,0.3,True,expanded_partial_feed,no quote success; mark heuristic and quote_failed
6VxKTxaV4yY18rpzNLJwKMt3kyyiv4hjFixCbhs7j5gp,20,2h,conservative,2,2e-05,0.4,0.15588,-0.55586,-2.7793,False,0.3,True,expanded_partial_feed,no quote success; mark heuristic and quote_failed
6VxKTxaV4yY18rpzNLJwKMt3kyyiv4hjFixCbhs7j5gp,20,6h,zero_il_lvr,2,2e-05,0,0.15588,-0.15586,-0.7793,False,0.3,True,expanded_partial_feed,no quote success; mark heuristic and quote_failed
6VxKTxaV4yY18rpzNLJwKMt3kyyiv4hjFixCbhs7j5gp,20,6h,optimistic,2,2e-05,0.02,0.15588,-0.17586,-0.8793,False,0.3,True,expanded_partial_feed,no quote success; mark heuristic and quote_failed
6VxKTxaV4yY18rpzNLJwKMt3kyyiv4hjFixCbhs7j5gp,20,6h,realistic,2,2e-05,0.1,0.15588,-0.25586,-1.2793,False,0.3,True,expanded_partial_feed,no quote success; mark heuristic and quote_failed
6VxKTxaV4yY18rpzNLJwKMt3kyyiv4hjFixCbhs7j5gp,20,6h,conservative,2,2e-05,0.4,0.15588,-0.55586,-2.7793,False,0.3,True,expanded_partial_feed,no quote success; mark heuristic and quote_failed
6VxKTxaV4yY18rpzNLJwKMt3kyyiv4hjFixCbhs7j5gp,20,24h,zero_il_lvr,2,2e-05,0,0.15588,-0.15586,-0.7793,False,0.3,True,expanded_partial_feed,no quote success; mark heuristic and quote_failed
6VxKTxaV4yY18rpzNLJwKMt3kyyiv4hjFixCbhs7j5gp,20,24h,optimistic,2,2e-05,0.02,0.15588,-0.17586,-0.8793,False,0.3,True,expanded_partial_feed,no quote success; mark heuristic and quote_failed
6VxKTxaV4yY18rpzNLJwKMt3kyyiv4hjFixCbhs7j5gp,20,24h,realistic,2,2e-05,0.1,0.15588,-0.25586,-1.2793,False,0.3,True,expanded_partial_feed,no quote success; mark heuristic and quote_failed
6VxKTxaV4yY18rpzNLJwKMt3kyyiv4hjFixCbhs7j5gp,20,24h,conservative,2,2e-05,0.4,0.15588,-0.55586,-2.7793,False,0.3,True,expanded_partial_feed,no quote success; mark heuristic and quote_failed
6VxKTxaV4yY18rpzNLJwKMt3kyyiv4hjFixCbhs7j5gp,20,7d,zero_il_lvr,2,2e-05,0,0.15588,-0.15586,-0.7793,False,0.3,True,expanded_partial_feed,no quote success; mark heuristic and quote_failed
6VxKTxaV4yY18rpzNLJwKMt3kyyiv4hjFixCbhs7j5gp,20,7d,optimistic,2,2e-05,0.02,0.15588,-0.17586,-0.8793,False,0.3,True,expanded_partial_feed,no quote success; mark heuristic and quote_failed
6VxKTxaV4yY18rpzNLJwKMt3kyyiv4hjFixCbhs7j5gp,20,7d,realistic,2,2e-05,0.1,0.15588,-0.25586,-1.2793,False,0.3,True,expanded_partial_feed,no quote success; mark heuristic and quote_failed
6VxKTxaV4yY18rpzNLJwKMt3kyyiv4hjFixCbhs7j5gp,20,7d,conservative,2,2e-05,0.4,0.15588,-0.55586,-2.7793,False,0.3,True,expanded_partial_feed,no quote success; mark heuristic and quote_failed
6VxKTxaV4yY18rpzNLJwKMt3kyyiv4hjFixCbhs7j5gp,100,15m,zero_il_lvr,2,0.0001,0,0.15588,-0.15578,-0.1558,False,0.3,True,expanded_partial_feed,no quote success; mark heuristic and quote_failed
6VxKTxaV4yY18rpzNLJwKMt3kyyiv4hjFixCbhs7j5gp,100,15m,optimistic,2,0.0001,0.1,0.15588,-0.25578,-0.2558,False,0.3,True,expanded_partial_feed,no quote success; mark heuristic and quote_failed
6VxKTxaV4yY18rpzNLJwKMt3kyyiv4hjFixCbhs7j5gp,100,15m,realistic,2,0.0001,0.5,0.15588,-0.65578,-0.6558,False,0.3,True,expanded_partial_feed,no quote success; mark heuristic and quote_failed
6VxKTxaV4yY18rpzNLJwKMt3kyyiv4hjFixCbhs7j5gp,100,15m,conservative,2,0.0001,2,0.15588,-2.15578,-2.1558,False,0.3,True,expanded_partial_feed,no quote success; mark heuristic and quote_failed
6VxKTxaV4yY18rpzNLJwKMt3kyyiv4hjFixCbhs7j5gp,100,30m,zero_il_lvr,2,0.0001,0,0.15588,-0.15578,-0.1558,False,0.3,True,expanded_partial_feed,no quote success; mark heuristic and quote_failed
6VxKTxaV4yY18rpzNLJwKMt3kyyiv4hjFixCbhs7j5gp,100,30m,optimistic,2,0.0001,0.1,0.15588,-0.25578,-0.2558,False,0.3,True,expanded_partial_feed,no quote success; mark heuristic and quote_failed
6VxKTxaV4yY18rpzNLJwKMt3kyyiv4hjFixCbhs7j5gp,100,30m,realistic,2,0.0001,0.5,0.15588,-0.65578,-0.6558,False,0.3,True,expanded_partial_feed,no quote success; mark heuristic and quote_failed
6VxKTxaV4yY18rpzNLJwKMt3kyyiv4hjFixCbhs7j5gp,100,30m,conservative,2,0.0001,2,0.15588,-2.15578,-2.1558,False,0.3,True,expanded_partial_feed,no quote success; mark heuristic and quote_failed
6VxKTxaV4yY18rpzNLJwKMt3kyyiv4hjFixCbhs7j5gp,100,1h,zero_il_lvr,2,0.0001,0,0.15588,-0.15578,-0.1558,False,0.3,True,expanded_partial_feed,no quote success; mark heuristic and quote_failed
6VxKTxaV4yY18rpzNLJwKMt3kyyiv4hjFixCbhs7j5gp,100,1h,optimistic,2,0.0001,0.1,0.15588,-0.25578,-0.2558,False,0.3,True,expanded_partial_feed,no quote success; mark heuristic and quote_failed
6VxKTxaV4yY18rpzNLJwKMt3kyyiv4hjFixCbhs7j5gp,100,1h,realistic,2,0.0001,0.5,0.15588,-0.65578,-0.6558,False,0.3,True,expanded_partial_feed,no quote success; mark heuristic and quote_failed
6VxKTxaV4yY18rpzNLJwKMt3kyyiv4hjFixCbhs7j5gp,100,1h,conservative,2,0.0001,2,0.15588,-2.15578,-2.1558,False,0.3,True,expanded_partial_feed,no quote success; mark heuristic and quote_failed
6VxKTxaV4yY18rpzNLJwKMt3kyyiv4hjFixCbhs7j5gp,100,2h,zero_il_lvr,2,0.0001,0,0.15588,-0.15578,-0.1558,False,0.3,True,expanded_partial_feed,no quote success; mark heuristic and quote_failed
6VxKTxaV4yY18rpzNLJwKMt3kyyiv4hjFixCbhs7j5gp,100,2h,optimistic,2,0.0001,0.1,0.15588,-0.25578,-0.2558,False,0.3,True,expanded_partial_feed,no quote success; mark heuristic and quote_failed
6VxKTxaV4yY18rpzNLJwKMt3kyyiv4hjFixCbhs7j5gp,100,2h,realistic,2,0.0001,0.5,0.15588,-0.65578,-0.6558,False,0.3,True,expanded_partial_feed,no quote success; mark heuristic and quote_failed
6VxKTxaV4yY18rpzNLJwKMt3kyyiv4hjFixCbhs7j5gp,100,2h,conservative,2,0.0001,2,0.15588,-2.15578,-2.1558,False,0.3,True,expanded_partial_feed,no quote success; mark heuristic and quote_failed
6VxKTxaV4yY18rpzNLJwKMt3kyyiv4hjFixCbhs7j5gp,100,6h,zero_il_lvr,2,0.0001,0,0.15588,-0.15578,-0.1558,False,0.3,True,expanded_partial_feed,no quote success; mark heuristic and quote_failed
6VxKTxaV4yY18rpzNLJwKMt3kyyiv4hjFixCbhs7j5gp,100,6h,optimistic,2,0.0001,0.1,0.15588,-0.25578,-0.2558,False,0.3,True,expanded_partial_feed,no quote success; mark heuristic and quote_failed
6VxKTxaV4yY18rpzNLJwKMt3kyyiv4hjFixCbhs7j5gp,100,6h,realistic,2,0.0001,0.5,0.15588,-0.65578,-0.6558,False,0.3,True,expanded_partial_feed,no quote success; mark heuristic and quote_failed
6VxKTxaV4yY18rpzNLJwKMt3kyyiv4hjFixCbhs7j5gp,100,6h,conservative,2,0.0001,2,0.15588,-2.15578,-2.1558,False,0.3,True,expanded_partial_feed,no quote success; mark heuristic and quote_failed
6VxKTxaV4yY18rpzNLJwKMt3kyyiv4hjFixCbhs7j5gp,100,24h,zero_il_lvr,2,0.0001,0,0.15588,-0.15578,-0.1558,False,0.3,True,expanded_partial_feed,no quote success; mark heuristic and quote_failed
6VxKTxaV4yY18rpzNLJwKMt3kyyiv4hjFixCbhs7j5gp,100,24h,optimistic,2,0.0001,0.1,0.15588,-0.25578,-0.2558,False,0.3,True,expanded_partial_feed,no quote success; mark heuristic and quote_failed
6VxKTxaV4yY18rpzNLJwKMt3kyyiv4hjFixCbhs7j5gp,100,24h,realistic,2,0.0001,0.5,0.15588,-0.65578,-0.6558,False,0.3,True,expanded_partial_feed,no quote success; mark heuristic and quote_failed
6VxKTxaV4yY18rpzNLJwKMt3kyyiv4hjFixCbhs7j5gp,100,24h,conservative,2,0.0001,2,0.15588,-2.15578,-2.1558,False,0.3,True,expanded_partial_feed,no quote success; mark heuristic and quote_failed
6VxKTxaV4yY18rpzNLJwKMt3kyyiv4hjFixCbhs7j5gp,100,7d,zero_il_lvr,2,0.0001,0,0.15588,-0.15578,-0.1558,False,0.3,True,expanded_partial_feed,no quote success; mark heuristic and quote_failed
6VxKTxaV4yY18rpzNLJwKMt3kyyiv4hjFixCbhs7j5gp,100,7d,optimistic,2,0.0001,0.1,0.15588,-0.25578,-0.2558,False,0.3,True,expanded_partial_feed,no quote success; mark heuristic and quote_failed
6VxKTxaV4yY18rpzNLJwKMt3kyyiv4hjFixCbhs7j5gp,100,7d,realistic,2,0.0001,0.5,0.15588,-0.65578,-0.6558,False,0.3,True,expanded_partial_feed,no quote success; mark heuristic and quote_failed
6VxKTxaV4yY18rpzNLJwKMt3kyyiv4hjFixCbhs7j5gp,100,7d,conservative,2,0.0001,2,0.15588,-2.15578,-2.1558,False,0.3,True,expanded_partial_feed,no quote success; mark heuristic and quote_failed
6VxKTxaV4yY18rpzNLJwKMt3kyyiv4hjFixCbhs7j5gp,500,15m,zero_il_lvr,2,0.0005,0,0.15588,-0.15538,-0.0311,False,0.3,True,expanded_partial_feed,no quote success; mark heuristic and quote_failed
6VxKTxaV4yY18rpzNLJwKMt3kyyiv4hjFixCbhs7j5gp,500,15m,optimistic,2,0.0005,0.5,0.15588,-0.65538,-0.1311,False,0.3,True,expanded_partial_feed,no quote success; mark heuristic and quote_failed
6VxKTxaV4yY18rpzNLJwKMt3kyyiv4hjFixCbhs7j5gp,500,15m,realistic,2,0.0005,2.5,0.15588,-2.65538,-0.5311,False,0.3,True,expanded_partial_feed,no quote success; mark heuristic and quote_failed
6VxKTxaV4yY18rpzNLJwKMt3kyyiv4hjFixCbhs7j5gp,500,15m,conservative,2,0.0005,10,0.15588,-10.15538,-2.0311,False,0.3,True,expanded_partial_feed,no quote success; mark heuristic and quote_failed
6VxKTxaV4yY18rpzNLJwKMt3kyyiv4hjFixCbhs7j5gp,500,30m,zero_il_lvr,2,0.0005,0,0.15588,-0.15538,-0.0311,False,0.3,True,expanded_partial_feed,no quote success; mark heuristic and quote_failed
6VxKTxaV4yY18rpzNLJwKMt3kyyiv4hjFixCbhs7j5gp,500,30m,optimistic,2,0.0005,0.5,0.15588,-0.65538,-0.1311,False,0.3,True,expanded_partial_feed,no quote success; mark heuristic and quote_failed
6VxKTxaV4yY18rpzNLJwKMt3kyyiv4hjFixCbhs7j5gp,500,30m,realistic,2,0.0005,2.5,0.15588,-2.65538,-0.5311,False,0.3,True,expanded_partial_feed,no quote success; mark heuristic and quote_failed
6VxKTxaV4yY18rpzNLJwKMt3kyyiv4hjFixCbhs7j5gp,500,30m,conservative,2,0.0005,10,0.15588,-10.15538,-2.0311,False,0.3,True,expanded_partial_feed,no quote success; mark heuristic and quote_failed
6VxKTxaV4yY18rpzNLJwKMt3kyyiv4hjFixCbhs7j5gp,500,1h,zero_il_lvr,2,0.0005,0,0.15588,-0.15538,-0.0311,False,0.3,True,expanded_partial_feed,no quote success; mark heuristic and quote_failed
6VxKTxaV4yY18rpzNLJwKMt3kyyiv4hjFixCbhs7j5gp,500,1h,optimistic,2,0.0005,0.5,0.15588,-0.65538,-0.1311,False,0.3,True,expanded_partial_feed,no quote success; mark heuristic and quote_failed
6VxKTxaV4yY18rpzNLJwKMt3kyyiv4hjFixCbhs7j5gp,500,1h,realistic,2,0.0005,2.5,0.15588,-2.65538,-0.5311,False,0.3,True,expanded_partial_feed,no quote success; mark heuristic and quote_failed
6VxKTxaV4yY18rpzNLJwKMt3kyyiv4hjFixCbhs7j5gp,500,1h,conservative,2,0.0005,10,0.15588,-10.15538,-2.0311,False,0.3,True,expanded_partial_feed,no quote success; mark heuristic and quote_failed
6VxKTxaV4yY18rpzNLJwKMt3kyyiv4hjFixCbhs7j5gp,500,2h,zero_il_lvr,2,0.0005,0,0.15588,-0.15538,-0.0311,False,0.3,True,expanded_partial_feed,no quote success; mark heuristic and quote_failed
6VxKTxaV4yY18rpzNLJwKMt3kyyiv4hjFixCbhs7j5gp,500,2h,optimistic,2,0.0005,0.5,0.15588,-0.65538,-0.1311,False,0.3,True,expanded_partial_feed,no quote success; mark heuristic and quote_failed
6VxKTxaV4yY18rpzNLJwKMt3kyyiv4hjFixCbhs7j5gp,500,2h,realistic,2,0.0005,2.5,0.15588,-2.65538,-0.5311,False,0.3,True,expanded_partial_feed,no quote success; mark heuristic and quote_failed
6VxKTxaV4yY18rpzNLJwKMt3kyyiv4hjFixCbhs7j5gp,500,2h,conservative,2,0.0005,10,0.15588,-10.15538,-2.0311,False,0.3,True,expanded_partial_feed,no quote success; mark heuristic and quote_failed
6VxKTxaV4yY18rpzNLJwKMt3kyyiv4hjFixCbhs7j5gp,500,6h,zero_il_lvr,2,0.0005,0,0.15588,-0.15538,-0.0311,False,0.3,True,expanded_partial_feed,no quote success; mark heuristic and quote_failed
6VxKTxaV4yY18rpzNLJwKMt3kyyiv4hjFixCbhs7j5gp,500,6h,optimistic,2,0.0005,0.5,0.15588,-0.65538,-0.1311,False,0.3,True,expanded_partial_feed,no quote success; mark heuristic and quote_failed
6VxKTxaV4yY18rpzNLJwKMt3kyyiv4hjFixCbhs7j5gp,500,6h,realistic,2,0.0005,2.5,0.15588,-2.65538,-0.5311,False,0.3,True,expanded_partial_feed,no quote success; mark heuristic and quote_failed
6VxKTxaV4yY18rpzNLJwKMt3kyyiv4hjFixCbhs7j5gp,500,6h,conservative,2,0.0005,10,0.15588,-10.15538,-2.0311,False,0.3,True,expanded_partial_feed,no quote success; mark heuristic and quote_failed
6VxKTxaV4yY18rpzNLJwKMt3kyyiv4hjFixCbhs7j5gp,500,24h,zero_il_lvr,2,0.0005,0,0.15588,-0.15538,-0.0311,False,0.3,True,expanded_partial_feed,no quote success; mark heuristic and quote_failed
6VxKTxaV4yY18rpzNLJwKMt3kyyiv4hjFixCbhs7j5gp,500,24h,optimistic,2,0.0005,0.5,0.15588,-0.65538,-0.1311,False,0.3,True,expanded_partial_feed,no quote success; mark heuristic and quote_failed
6VxKTxaV4yY18rpzNLJwKMt3kyyiv4hjFixCbhs7j5gp,500,24h,realistic,2,0.0005,2.5,0.15588,-2.65538,-0.5311,False,0.3,True,expanded_partial_feed,no quote success; mark heuristic and quote_failed
6VxKTxaV4yY18rpzNLJwKMt3kyyiv4hjFixCbhs7j5gp,500,24h,conservative,2,0.0005,10,0.15588,-10.15538,-2.0311,False,0.3,True,expanded_partial_feed,no quote success; mark heuristic and quote_failed
6VxKTxaV4yY18rpzNLJwKMt3kyyiv4hjFixCbhs7j5gp,500,7d,zero_il_lvr,2,0.0005,0,0.15588,-0.15538,-0.0311,False,0.3,True,expanded_partial_feed,no quote success; mark heuristic and quote_failed
6VxKTxaV4yY18rpzNLJwKMt3kyyiv4hjFixCbhs7j5gp,500,7d,optimistic,2,0.0005,0.5,0.15588,-0.65538,-0.1311,False,0.3,True,expanded_partial_feed,no quote success; mark heuristic and quote_failed
6VxKTxaV4yY18rpzNLJwKMt3kyyiv4hjFixCbhs7j5gp,500,7d,realistic,2,0.0005,2.5,0.15588,-2.65538,-0.5311,False,0.3,True,expanded_partial_feed,no quote success; mark heuristic and quote_failed
6VxKTxaV4yY18rpzNLJwKMt3kyyiv4hjFixCbhs7j5gp,500,7d,conservative,2,0.0005,10,0.15588,-10.15538,-2.0311,False,0.3,True,expanded_partial_feed,no quote success; mark heuristic and quote_failed
6VxKTxaV4yY18rpzNLJwKMt3kyyiv4hjFixCbhs7j5gp,1000,15m,zero_il_lvr,2,0.001,0,0.15588,-0.15488,-0.0155,False,0.3,True,expanded_partial_feed,no quote success; mark heuristic and quote_failed
6VxKTxaV4yY18rpzNLJwKMt3kyyiv4hjFixCbhs7j5gp,1000,15m,optimistic,2,0.001,1,0.15588,-1.15488,-0.1155,False,0.3,True,expanded_partial_feed,no quote success; mark heuristic and quote_failed
6VxKTxaV4yY18rpzNLJwKMt3kyyiv4hjFixCbhs7j5gp,1000,15m,realistic,2,0.001,5,0.15588,-5.15488,-0.5155,False,0.3,True,expanded_partial_feed,no quote success; mark heuristic and quote_failed
6VxKTxaV4yY18rpzNLJwKMt3kyyiv4hjFixCbhs7j5gp,1000,15m,conservative,2,0.001,20,0.15588,-20.15488,-2.0155,False,0.3,True,expanded_partial_feed,no quote success; mark heuristic and quote_failed
6VxKTxaV4yY18rpzNLJwKMt3kyyiv4hjFixCbhs7j5gp,1000,30m,zero_il_lvr,2,0.001,0,0.15588,-0.15488,-0.0155,False,0.3,True,expanded_partial_feed,no quote success; mark heuristic and quote_failed
6VxKTxaV4yY18rpzNLJwKMt3kyyiv4hjFixCbhs7j5gp,1000,30m,optimistic,2,0.001,1,0.15588,-1.15488,-0.1155,False,0.3,True,expanded_partial_feed,no quote success; mark heuristic and quote_failed
6VxKTxaV4yY18rpzNLJwKMt3kyyiv4hjFixCbhs7j5gp,1000,30m,realistic,2,0.001,5,0.15588,-5.15488,-0.5155,False,0.3,True,expanded_partial_feed,no quote success; mark heuristic and quote_failed
6VxKTxaV4yY18rpzNLJwKMt3kyyiv4hjFixCbhs7j5gp,1000,30m,conservative,2,0.001,20,0.15588,-20.15488,-2.0155,False,0.3,True,expanded_partial_feed,no quote success; mark heuristic and quote_failed
6VxKTxaV4yY18rpzNLJwKMt3kyyiv4hjFixCbhs7j5gp,1000,1h,zero_il_lvr,2,0.001,0,0.15588,-0.15488,-0.0155,False,0.3,True,expanded_partial_feed,no quote success; mark heuristic and quote_failed
6VxKTxaV4yY18rpzNLJwKMt3kyyiv4hjFixCbhs7j5gp,1000,1h,optimistic,2,0.001,1,0.15588,-1.15488,-0.1155,False,0.3,True,expanded_partial_feed,no quote success; mark heuristic and quote_failed
6VxKTxaV4yY18rpzNLJwKMt3kyyiv4hjFixCbhs7j5gp,1000,1h,realistic,2,0.001,5,0.15588,-5.15488,-0.5155,False,0.3,True,expanded_partial_feed,no quote success; mark heuristic and quote_failed
6VxKTxaV4yY18rpzNLJwKMt3kyyiv4hjFixCbhs7j5gp,1000,1h,conservative,2,0.001,20,0.15588,-20.15488,-2.0155,False,0.3,True,expanded_partial_feed,no quote success; mark heuristic and quote_failed
6VxKTxaV4yY18rpzNLJwKMt3kyyiv4hjFixCbhs7j5gp,1000,2h,zero_il_lvr,2,0.001,0,0.15588,-0.15488,-0.0155,False,0.3,True,expanded_partial_feed,no quote success; mark heuristic and quote_failed
6VxKTxaV4yY18rpzNLJwKMt3kyyiv4hjFixCbhs7j5gp,1000,2h,optimistic,2,0.001,1,0.15588,-1.15488,-0.1155,False,0.3,True,expanded_partial_feed,no quote success; mark heuristic and quote_failed
6VxKTxaV4yY18rpzNLJwKMt3kyyiv4hjFixCbhs7j5gp,1000,2h,realistic,2,0.001,5,0.15588,-5.15488,-0.5155,False,0.3,True,expanded_partial_feed,no quote success; mark heuristic and quote_failed
6VxKTxaV4yY18rpzNLJwKMt3kyyiv4hjFixCbhs7j5gp,1000,2h,conservative,2,0.001,20,0.15588,-20.15488,-2.0155,False,0.3,True,expanded_partial_feed,no quote success; mark heuristic and quote_failed
6VxKTxaV4yY18rpzNLJwKMt3kyyiv4hjFixCbhs7j5gp,1000,6h,zero_il_lvr,2,0.001,0,0.15588,-0.15488,-0.0155,False,0.3,True,expanded_partial_feed,no quote success; mark heuristic and quote_failed
6VxKTxaV4yY18rpzNLJwKMt3kyyiv4hjFixCbhs7j5gp,1000,6h,optimistic,2,0.001,1,0.15588,-1.15488,-0.1155,False,0.3,True,expanded_partial_feed,no quote success; mark heuristic and quote_failed
6VxKTxaV4yY18rpzNLJwKMt3kyyiv4hjFixCbhs7j5gp,1000,6h,realistic,2,0.001,5,0.15588,-5.15488,-0.5155,False,0.3,True,expanded_partial_feed,no quote success; mark heuristic and quote_failed
6VxKTxaV4yY18rpzNLJwKMt3kyyiv4hjFixCbhs7j5gp,1000,6h,conservative,2,0.001,20,0.15588,-20.15488,-2.0155,False,0.3,True,expanded_partial_feed,no quote success; mark heuristic and quote_failed
6VxKTxaV4yY18rpzNLJwKMt3kyyiv4hjFixCbhs7j5gp,1000,24h,zero_il_lvr,2,0.001,0,0.15588,-0.15488,-0.0155,False,0.3,True,expanded_partial_feed,no quote success; mark heuristic and quote_failed
6VxKTxaV4yY18rpzNLJwKMt3kyyiv4hjFixCbhs7j5gp,1000,24h,optimistic,2,0.001,1,0.15588,-1.15488,-0.1155,False,0.3,True,expanded_partial_feed,no quote success; mark heuristic and quote_failed
6VxKTxaV4yY18rpzNLJwKMt3kyyiv4hjFixCbhs7j5gp,1000,24h,realistic,2,0.001,5,0.15588,-5.15488,-0.5155,False,0.3,True,expanded_partial_feed,no quote success; mark heuristic and quote_failed
6VxKTxaV4yY18rpzNLJwKMt3kyyiv4hjFixCbhs7j5gp,1000,24h,conservative,2,0.001,20,0.15588,-20.15488,-2.0155,False,0.3,True,expanded_partial_feed,no quote success; mark heuristic and quote_failed
6VxKTxaV4yY18rpzNLJwKMt3kyyiv4hjFixCbhs7j5gp,1000,7d,zero_il_lvr,2,0.001,0,0.15588,-0.15488,-0.0155,False,0.3,True,expanded_partial_feed,no quote success; mark heuristic and quote_failed
6VxKTxaV4yY18rpzNLJwKMt3kyyiv4hjFixCbhs7j5gp,1000,7d,optimistic,2,0.001,1,0.15588,-1.15488,-0.1155,False,0.3,True,expanded_partial_feed,no quote success; mark heuristic and quote_failed
6VxKTxaV4yY18rpzNLJwKMt3kyyiv4hjFixCbhs7j5gp,1000,7d,realistic,2,0.001,5,0.15588,-5.15488,-0.5155,False,0.3,True,expanded_partial_feed,no quote success; mark heuristic and quote_failed
6VxKTxaV4yY18rpzNLJwKMt3kyyiv4hjFixCbhs7j5gp,1000,7d,conservative,2,0.001,20,0.15588,-20.15488,-2.0155,False,0.3,True,expanded_partial_feed,no quote success; mark heuristic and quote_failed
6VxKTxaV4yY18rpzNLJwKMt3kyyiv4hjFixCbhs7j5gp,2000,15m,zero_il_lvr,2,0.002,0,0.15588,-0.15388,-0.0077,False,0.3,True,expanded_partial_feed,no quote success; mark heuristic and quote_failed
6VxKTxaV4yY18rpzNLJwKMt3kyyiv4hjFixCbhs7j5gp,2000,15m,optimistic,2,0.002,2,0.15588,-2.15388,-0.1077,False,0.3,True,expanded_partial_feed,no quote success; mark heuristic and quote_failed
6VxKTxaV4yY18rpzNLJwKMt3kyyiv4hjFixCbhs7j5gp,2000,15m,realistic,2,0.002,10,0.15588,-10.15388,-0.5077,False,0.3,True,expanded_partial_feed,no quote success; mark heuristic and quote_failed
6VxKTxaV4yY18rpzNLJwKMt3kyyiv4hjFixCbhs7j5gp,2000,15m,conservative,2,0.002,40,0.15588,-40.15388,-2.0077,False,0.3,True,expanded_partial_feed,no quote success; mark heuristic and quote_failed
6VxKTxaV4yY18rpzNLJwKMt3kyyiv4hjFixCbhs7j5gp,2000,30m,zero_il_lvr,2,0.002,0,0.15588,-0.15388,-0.0077,False,0.3,True,expanded_partial_feed,no quote success; mark heuristic and quote_failed
6VxKTxaV4yY18rpzNLJwKMt3kyyiv4hjFixCbhs7j5gp,2000,30m,optimistic,2,0.002,2,0.15588,-2.15388,-0.1077,False,0.3,True,expanded_partial_feed,no quote success; mark heuristic and quote_failed
6VxKTxaV4yY18rpzNLJwKMt3kyyiv4hjFixCbhs7j5gp,2000,30m,realistic,2,0.002,10,0.15588,-10.15388,-0.5077,False,0.3,True,expanded_partial_feed,no quote success; mark heuristic and quote_failed
6VxKTxaV4yY18rpzNLJwKMt3kyyiv4hjFixCbhs7j5gp,2000,30m,conservative,2,0.002,40,0.15588,-40.15388,-2.0077,False,0.3,True,expanded_partial_feed,no quote success; mark heuristic and quote_failed
6VxKTxaV4yY18rpzNLJwKMt3kyyiv4hjFixCbhs7j5gp,2000,1h,zero_il_lvr,2,0.002,0,0.15588,-0.15388,-0.0077,False,0.3,True,expanded_partial_feed,no quote success; mark heuristic and quote_failed
6VxKTxaV4yY18rpzNLJwKMt3kyyiv4hjFixCbhs7j5gp,2000,1h,optimistic,2,0.002,2,0.15588,-2.15388,-0.1077,False,0.3,True,expanded_partial_feed,no quote success; mark heuristic and quote_failed
6VxKTxaV4yY18rpzNLJwKMt3kyyiv4hjFixCbhs7j5gp,2000,1h,realistic,2,0.002,10,0.15588,-10.15388,-0.5077,False,0.3,True,expanded_partial_feed,no quote success; mark heuristic and quote_failed
6VxKTxaV4yY18rpzNLJwKMt3kyyiv4hjFixCbhs7j5gp,2000,1h,conservative,2,0.002,40,0.15588,-40.15388,-2.0077,False,0.3,True,expanded_partial_feed,no quote success; mark heuristic and quote_failed
6VxKTxaV4yY18rpzNLJwKMt3kyyiv4hjFixCbhs7j5gp,2000,2h,zero_il_lvr,2,0.002,0,0.15588,-0.15388,-0.0077,False,0.3,True,expanded_partial_feed,no quote success; mark heuristic and quote_failed
6VxKTxaV4yY18rpzNLJwKMt3kyyiv4hjFixCbhs7j5gp,2000,2h,optimistic,2,0.002,2,0.15588,-2.15388,-0.1077,False,0.3,True,expanded_partial_feed,no quote success; mark heuristic and quote_failed
6VxKTxaV4yY18rpzNLJwKMt3kyyiv4hjFixCbhs7j5gp,2000,2h,realistic,2,0.002,10,0.15588,-10.15388,-0.5077,False,0.3,True,expanded_partial_feed,no quote success; mark heuristic and quote_failed
6VxKTxaV4yY18rpzNLJwKMt3kyyiv4hjFixCbhs7j5gp,2000,2h,conservative,2,0.002,40,0.15588,-40.15388,-2.0077,False,0.3,True,expanded_partial_feed,no quote success; mark heuristic and quote_failed
6VxKTxaV4yY18rpzNLJwKMt3kyyiv4hjFixCbhs7j5gp,2000,6h,zero_il_lvr,2,0.002,0,0.15588,-0.15388,-0.0077,False,0.3,True,expanded_partial_feed,no quote success; mark heuristic and quote_failed
6VxKTxaV4yY18rpzNLJwKMt3kyyiv4hjFixCbhs7j5gp,2000,6h,optimistic,2,0.002,2,0.15588,-2.15388,-0.1077,False,0.3,True,expanded_partial_feed,no quote success; mark heuristic and quote_failed
6VxKTxaV4yY18rpzNLJwKMt3kyyiv4hjFixCbhs7j5gp,2000,6h,realistic,2,0.002,10,0.15588,-10.15388,-0.5077,False,0.3,True,expanded_partial_feed,no quote success; mark heuristic and quote_failed
6VxKTxaV4yY18rpzNLJwKMt3kyyiv4hjFixCbhs7j5gp,2000,6h,conservative,2,0.002,40,0.15588,-40.15388,-2.0077,False,0.3,True,expanded_partial_feed,no quote success; mark heuristic and quote_failed
6VxKTxaV4yY18rpzNLJwKMt3kyyiv4hjFixCbhs7j5gp,2000,24h,zero_il_lvr,2,0.002,0,0.15588,-0.15388,-0.0077,False,0.3,True,expanded_partial_feed,no quote success; mark heuristic and quote_failed
6VxKTxaV4yY18rpzNLJwKMt3kyyiv4hjFixCbhs7j5gp,2000,24h,optimistic,2,0.002,2,0.15588,-2.15388,-0.1077,False,0.3,True,expanded_partial_feed,no quote success; mark heuristic and quote_failed
6VxKTxaV4yY18rpzNLJwKMt3kyyiv4hjFixCbhs7j5gp,2000,24h,realistic,2,0.002,10,0.15588,-10.15388,-0.5077,False,0.3,True,expanded_partial_feed,no quote success; mark heuristic and quote_failed
6VxKTxaV4yY18rpzNLJwKMt3kyyiv4hjFixCbhs7j5gp,2000,24h,conservative,2,0.002,40,0.15588,-40.15388,-2.0077,False,0.3,True,expanded_partial_feed,no quote success; mark heuristic and quote_failed
6VxKTxaV4yY18rpzNLJwKMt3kyyiv4hjFixCbhs7j5gp,2000,7d,zero_il_lvr,2,0.002,0,0.15588,-0.15388,-0.0077,False,0.3,True,expanded_partial_feed,no quote success; mark heuristic and quote_failed
6VxKTxaV4yY18rpzNLJwKMt3kyyiv4hjFixCbhs7j5gp,2000,7d,optimistic,2,0.002,2,0.15588,-2.15388,-0.1077,False,0.3,True,expanded_partial_feed,no quote success; mark heuristic and quote_failed
6VxKTxaV4yY18rpzNLJwKMt3kyyiv4hjFixCbhs7j5gp,2000,7d,realistic,2,0.002,10,0.15588,-10.15388,-0.5077,False,0.3,True,expanded_partial_feed,no quote success; mark heuristic and quote_failed
6VxKTxaV4yY18rpzNLJwKMt3kyyiv4hjFixCbhs7j5gp,2000,7d,conservative,2,0.002,40,0.15588,-40.15388,-2.0077,False,0.3,True,expanded_partial_feed,no quote success; mark heuristic and quote_failed
DJ8qzBm3ZoRi4YiVmpiLBBuc67cq737vqaTNbMRJGcvZ,10,15m,zero_il_lvr,1,5e-06,0,0.15588,-0.155875,-1.5587,False,0.3,True,expanded_partial_feed,no quote success; mark heuristic and quote_failed
DJ8qzBm3ZoRi4YiVmpiLBBuc67cq737vqaTNbMRJGcvZ,10,15m,optimistic,1,5e-06,0.01,0.15588,-0.165875,-1.6587,False,0.3,True,expanded_partial_feed,no quote success; mark heuristic and quote_failed
DJ8qzBm3ZoRi4YiVmpiLBBuc67cq737vqaTNbMRJGcvZ,10,15m,realistic,1,5e-06,0.05,0.15588,-0.205875,-2.0587,False,0.3,True,expanded_partial_feed,no quote success; mark heuristic and quote_failed
DJ8qzBm3ZoRi4YiVmpiLBBuc67cq737vqaTNbMRJGcvZ,10,15m,conservative,1,5e-06,0.2,0.15588,-0.355875,-3.5587,False,0.3,True,expanded_partial_feed,no quote success; mark heuristic and quote_failed
DJ8qzBm3ZoRi4YiVmpiLBBuc67cq737vqaTNbMRJGcvZ,10,30m,zero_il_lvr,1,5e-06,0,0.15588,-0.155875,-1.5587,False,0.3,True,expanded_partial_feed,no quote success; mark heuristic and quote_failed
DJ8qzBm3ZoRi4YiVmpiLBBuc67cq737vqaTNbMRJGcvZ,10,30m,optimistic,1,5e-06,0.01,0.15588,-0.165875,-1.6587,False,0.3,True,expanded_partial_feed,no quote success; mark heuristic and quote_failed
DJ8qzBm3ZoRi4YiVmpiLBBuc67cq737vqaTNbMRJGcvZ,10,30m,realistic,1,5e-06,0.05,0.15588,-0.205875,-2.0587,False,0.3,True,expanded_partial_feed,no quote success; mark heuristic and quote_failed
DJ8qzBm3ZoRi4YiVmpiLBBuc67cq737vqaTNbMRJGcvZ,10,30m,conservative,1,5e-06,0.2,0.15588,-0.355875,-3.5587,False,0.3,True,expanded_partial_feed,no quote success; mark heuristic and quote_failed
DJ8qzBm3ZoRi4YiVmpiLBBuc67cq737vqaTNbMRJGcvZ,10,1h,zero_il_lvr,1,5e-06,0,0.15588,-0.155875,-1.5587,False,0.3,True,expanded_partial_feed,no quote success; mark heuristic and quote_failed
DJ8qzBm3ZoRi4YiVmpiLBBuc67cq737vqaTNbMRJGcvZ,10,1h,optimistic,1,5e-06,0.01,0.15588,-0.165875,-1.6587,False,0.3,True,expanded_partial_feed,no quote success; mark heuristic and quote_failed
DJ8qzBm3ZoRi4YiVmpiLBBuc67cq737vqaTNbMRJGcvZ,10,1h,realistic,1,5e-06,0.05,0.15588,-0.205875,-2.0587,False,0.3,True,expanded_partial_feed,no quote success; mark heuristic and quote_failed
DJ8qzBm3ZoRi4YiVmpiLBBuc67cq737vqaTNbMRJGcvZ,10,1h,conservative,1,5e-06,0.2,0.15588,-0.355875,-3.5587,False,0.3,True,expanded_partial_feed,no quote success; mark heuristic and quote_failed
DJ8qzBm3ZoRi4YiVmpiLBBuc67cq737vqaTNbMRJGcvZ,10,2h,zero_il_lvr,1,5e-06,0,0.15588,-0.155875,-1.5587,False,0.3,True,expanded_partial_feed,no quote success; mark heuristic and quote_failed
DJ8qzBm3ZoRi4YiVmpiLBBuc67cq737vqaTNbMRJGcvZ,10,2h,optimistic,1,5e-06,0.01,0.15588,-0.165875,-1.6587,False,0.3,True,expanded_partial_feed,no quote success; mark heuristic and quote_failed
DJ8qzBm3ZoRi4YiVmpiLBBuc67cq737vqaTNbMRJGcvZ,10,2h,realistic,1,5e-06,0.05,0.15588,-0.205875,-2.0587,False,0.3,True,expanded_partial_feed,no quote success; mark heuristic and quote_failed
DJ8qzBm3ZoRi4YiVmpiLBBuc67cq737vqaTNbMRJGcvZ,10,2h,conservative,1,5e-06,0.2,0.15588,-0.355875,-3.5587,False,0.3,True,expanded_partial_feed,no quote success; mark heuristic and quote_failed
DJ8qzBm3ZoRi4YiVmpiLBBuc67cq737vqaTNbMRJGcvZ,10,6h,zero_il_lvr,1,5e-06,0,0.15588,-0.155875,-1.5587,False,0.3,True,expanded_partial_feed,no quote success; mark heuristic and quote_failed
DJ8qzBm3ZoRi4YiVmpiLBBuc67cq737vqaTNbMRJGcvZ,10,6h,optimistic,1,5e-06,0.01,0.15588,-0.165875,-1.6587,False,0.3,True,expanded_partial_feed,no quote success; mark heuristic and quote_failed
DJ8qzBm3ZoRi4YiVmpiLBBuc67cq737vqaTNbMRJGcvZ,10,6h,realistic,1,5e-06,0.05,0.15588,-0.205875,-2.0587,False,0.3,True,expanded_partial_feed,no quote success; mark heuristic and quote_failed
DJ8qzBm3ZoRi4YiVmpiLBBuc67cq737vqaTNbMRJGcvZ,10,6h,conservative,1,5e-06,0.2,0.15588,-0.355875,-3.5587,False,0.3,True,expanded_partial_feed,no quote success; mark heuristic and quote_failed
DJ8qzBm3ZoRi4YiVmpiLBBuc67cq737vqaTNbMRJGcvZ,10,24h,zero_il_lvr,1,5e-06,0,0.15588,-0.155875,-1.5587,False,0.3,True,expanded_partial_feed,no quote success; mark heuristic and quote_failed
DJ8qzBm3ZoRi4YiVmpiLBBuc67cq737vqaTNbMRJGcvZ,10,24h,optimistic,1,5e-06,0.01,0.15588,-0.165875,-1.6587,False,0.3,True,expanded_partial_feed,no quote success; mark heuristic and quote_failed
DJ8qzBm3ZoRi4YiVmpiLBBuc67cq737vqaTNbMRJGcvZ,10,24h,realistic,1,5e-06,0.05,0.15588,-0.205875,-2.0587,False,0.3,True,expanded_partial_feed,no quote success; mark heuristic and quote_failed
DJ8qzBm3ZoRi4YiVmpiLBBuc67cq737vqaTNbMRJGcvZ,10,24h,conservative,1,5e-06,0.2,0.15588,-0.355875,-3.5587,False,0.3,True,expanded_partial_feed,no quote success; mark heuristic and quote_failed
DJ8qzBm3ZoRi4YiVmpiLBBuc67cq737vqaTNbMRJGcvZ,10,7d,zero_il_lvr,1,5e-06,0,0.15588,-0.155875,-1.5587,False,0.3,True,expanded_partial_feed,no quote success; mark heuristic and quote_failed
DJ8qzBm3ZoRi4YiVmpiLBBuc67cq737vqaTNbMRJGcvZ,10,7d,optimistic,1,5e-06,0.01,0.15588,-0.165875,-1.6587,False,0.3,True,expanded_partial_feed,no quote success; mark heuristic and quote_failed
DJ8qzBm3ZoRi4YiVmpiLBBuc67cq737vqaTNbMRJGcvZ,10,7d,realistic,1,5e-06,0.05,0.15588,-0.205875,-2.0587,False,0.3,True,expanded_partial_feed,no quote success; mark heuristic and quote_failed
DJ8qzBm3ZoRi4YiVmpiLBBuc67cq737vqaTNbMRJGcvZ,10,7d,conservative,1,5e-06,0.2,0.15588,-0.355875,-3.5587,False,0.3,True,expanded_partial_feed,no quote success; mark heuristic and quote_failed
DJ8qzBm3ZoRi4YiVmpiLBBuc67cq737vqaTNbMRJGcvZ,20,15m,zero_il_lvr,1,1e-05,0,0.15588,-0.15587,-0.7793,False,0.3,True,expanded_partial_feed,no quote success; mark heuristic and quote_failed
DJ8qzBm3ZoRi4YiVmpiLBBuc67cq737vqaTNbMRJGcvZ,20,15m,optimistic,1,1e-05,0.02,0.15588,-0.17587,-0.8793,False,0.3,True,expanded_partial_feed,no quote success; mark heuristic and quote_failed
DJ8qzBm3ZoRi4YiVmpiLBBuc67cq737vqaTNbMRJGcvZ,20,15m,realistic,1,1e-05,0.1,0.15588,-0.25587,-1.2793,False,0.3,True,expanded_partial_feed,no quote success; mark heuristic and quote_failed
DJ8qzBm3ZoRi4YiVmpiLBBuc67cq737vqaTNbMRJGcvZ,20,15m,conservative,1,1e-05,0.4,0.15588,-0.55587,-2.7793,False,0.3,True,expanded_partial_feed,no quote success; mark heuristic and quote_failed
DJ8qzBm3ZoRi4YiVmpiLBBuc67cq737vqaTNbMRJGcvZ,20,30m,zero_il_lvr,1,1e-05,0,0.15588,-0.15587,-0.7793,False,0.3,True,expanded_partial_feed,no quote success; mark heuristic and quote_failed
DJ8qzBm3ZoRi4YiVmpiLBBuc67cq737vqaTNbMRJGcvZ,20,30m,optimistic,1,1e-05,0.02,0.15588,-0.17587,-0.8793,False,0.3,True,expanded_partial_feed,no quote success; mark heuristic and quote_failed
DJ8qzBm3ZoRi4YiVmpiLBBuc67cq737vqaTNbMRJGcvZ,20,30m,realistic,1,1e-05,0.1,0.15588,-0.25587,-1.2793,False,0.3,True,expanded_partial_feed,no quote success; mark heuristic and quote_failed
DJ8qzBm3ZoRi4YiVmpiLBBuc67cq737vqaTNbMRJGcvZ,20,30m,conservative,1,1e-05,0.4,0.15588,-0.55587,-2.7793,False,0.3,True,expanded_partial_feed,no quote success; mark heuristic and quote_failed
DJ8qzBm3ZoRi4YiVmpiLBBuc67cq737vqaTNbMRJGcvZ,20,1h,zero_il_lvr,1,1e-05,0,0.15588,-0.15587,-0.7793,False,0.3,True,expanded_partial_feed,no quote success; mark heuristic and quote_failed
DJ8qzBm3ZoRi4YiVmpiLBBuc67cq737vqaTNbMRJGcvZ,20,1h,optimistic,1,1e-05,0.02,0.15588,-0.17587,-0.8793,False,0.3,True,expanded_partial_feed,no quote success; mark heuristic and quote_failed
DJ8qzBm3ZoRi4YiVmpiLBBuc67cq737vqaTNbMRJGcvZ,20,1h,realistic,1,1e-05,0.1,0.15588,-0.25587,-1.2793,False,0.3,True,expanded_partial_feed,no quote success; mark heuristic and quote_failed
DJ8qzBm3ZoRi4YiVmpiLBBuc67cq737vqaTNbMRJGcvZ,20,1h,conservative,1,1e-05,0.4,0.15588,-0.55587,-2.7793,False,0.3,True,expanded_partial_feed,no quote success; mark heuristic and quote_failed
DJ8qzBm3ZoRi4YiVmpiLBBuc67cq737vqaTNbMRJGcvZ,20,2h,zero_il_lvr,1,1e-05,0,0.15588,-0.15587,-0.7793,False,0.3,True,expanded_partial_feed,no quote success; mark heuristic and quote_failed
DJ8qzBm3ZoRi4YiVmpiLBBuc67cq737vqaTNbMRJGcvZ,20,2h,optimistic,1,1e-05,0.02,0.15588,-0.17587,-0.8793,False,0.3,True,expanded_partial_feed,no quote success; mark heuristic and quote_failed
DJ8qzBm3ZoRi4YiVmpiLBBuc67cq737vqaTNbMRJGcvZ,20,2h,realistic,1,1e-05,0.1,0.15588,-0.25587,-1.2793,False,0.3,True,expanded_partial_feed,no quote success; mark heuristic and quote_failed
DJ8qzBm3ZoRi4YiVmpiLBBuc67cq737vqaTNbMRJGcvZ,20,2h,conservative,1,1e-05,0.4,0.15588,-0.55587,-2.7793,False,0.3,True,expanded_partial_feed,no quote success; mark heuristic and quote_failed
DJ8qzBm3ZoRi4YiVmpiLBBuc67cq737vqaTNbMRJGcvZ,20,6h,zero_il_lvr,1,1e-05,0,0.15588,-0.15587,-0.7793,False,0.3,True,expanded_partial_feed,no quote success; mark heuristic and quote_failed
DJ8qzBm3ZoRi4YiVmpiLBBuc67cq737vqaTNbMRJGcvZ,20,6h,optimistic,1,1e-05,0.02,0.15588,-0.17587,-0.8793,False,0.3,True,expanded_partial_feed,no quote success; mark heuristic and quote_failed
DJ8qzBm3ZoRi4YiVmpiLBBuc67cq737vqaTNbMRJGcvZ,20,6h,realistic,1,1e-05,0.1,0.15588,-0.25587,-1.2793,False,0.3,True,expanded_partial_feed,no quote success; mark heuristic and quote_failed
DJ8qzBm3ZoRi4YiVmpiLBBuc67cq737vqaTNbMRJGcvZ,20,6h,conservative,1,1e-05,0.4,0.15588,-0.55587,-2.7793,False,0.3,True,expanded_partial_feed,no quote success; mark heuristic and quote_failed
DJ8qzBm3ZoRi4YiVmpiLBBuc67cq737vqaTNbMRJGcvZ,20,24h,zero_il_lvr,1,1e-05,0,0.15588,-0.15587,-0.7793,False,0.3,True,expanded_partial_feed,no quote success; mark heuristic and quote_failed
DJ8qzBm3ZoRi4YiVmpiLBBuc67cq737vqaTNbMRJGcvZ,20,24h,optimistic,1,1e-05,0.02,0.15588,-0.17587,-0.8793,False,0.3,True,expanded_partial_feed,no quote success; mark heuristic and quote_failed
DJ8qzBm3ZoRi4YiVmpiLBBuc67cq737vqaTNbMRJGcvZ,20,24h,realistic,1,1e-05,0.1,0.15588,-0.25587,-1.2793,False,0.3,True,expanded_partial_feed,no quote success; mark heuristic and quote_failed
DJ8qzBm3ZoRi4YiVmpiLBBuc67cq737vqaTNbMRJGcvZ,20,24h,conservative,1,1e-05,0.4,0.15588,-0.55587,-2.7793,False,0.3,True,expanded_partial_feed,no quote success; mark heuristic and quote_failed
DJ8qzBm3ZoRi4YiVmpiLBBuc67cq737vqaTNbMRJGcvZ,20,7d,zero_il_lvr,1,1e-05,0,0.15588,-0.15587,-0.7793,False,0.3,True,expanded_partial_feed,no quote success; mark heuristic and quote_failed
DJ8qzBm3ZoRi4YiVmpiLBBuc67cq737vqaTNbMRJGcvZ,20,7d,optimistic,1,1e-05,0.02,0.15588,-0.17587,-0.8793,False,0.3,True,expanded_partial_feed,no quote success; mark heuristic and quote_failed
DJ8qzBm3ZoRi4YiVmpiLBBuc67cq737vqaTNbMRJGcvZ,20,7d,realistic,1,1e-05,0.1,0.15588,-0.25587,-1.2793,False,0.3,True,expanded_partial_feed,no quote success; mark heuristic and quote_failed
DJ8qzBm3ZoRi4YiVmpiLBBuc67cq737vqaTNbMRJGcvZ,20,7d,conservative,1,1e-05,0.4,0.15588,-0.55587,-2.7793,False,0.3,True,expanded_partial_feed,no quote success; mark heuristic and quote_failed
DJ8qzBm3ZoRi4YiVmpiLBBuc67cq737vqaTNbMRJGcvZ,100,15m,zero_il_lvr,1,5e-05,0,0.15588,-0.15583,-0.1558,False,0.3,True,expanded_partial_feed,no quote success; mark heuristic and quote_failed
DJ8qzBm3ZoRi4YiVmpiLBBuc67cq737vqaTNbMRJGcvZ,100,15m,optimistic,1,5e-05,0.1,0.15588,-0.25583,-0.2558,False,0.3,True,expanded_partial_feed,no quote success; mark heuristic and quote_failed
DJ8qzBm3ZoRi4YiVmpiLBBuc67cq737vqaTNbMRJGcvZ,100,15m,realistic,1,5e-05,0.5,0.15588,-0.65583,-0.6558,False,0.3,True,expanded_partial_feed,no quote success; mark heuristic and quote_failed
DJ8qzBm3ZoRi4YiVmpiLBBuc67cq737vqaTNbMRJGcvZ,100,15m,conservative,1,5e-05,2,0.15588,-2.15583,-2.1558,False,0.3,True,expanded_partial_feed,no quote success; mark heuristic and quote_failed
DJ8qzBm3ZoRi4YiVmpiLBBuc67cq737vqaTNbMRJGcvZ,100,30m,zero_il_lvr,1,5e-05,0,0.15588,-0.15583,-0.1558,False,0.3,True,expanded_partial_feed,no quote success; mark heuristic and quote_failed
DJ8qzBm3ZoRi4YiVmpiLBBuc67cq737vqaTNbMRJGcvZ,100,30m,optimistic,1,5e-05,0.1,0.15588,-0.25583,-0.2558,False,0.3,True,expanded_partial_feed,no quote success; mark heuristic and quote_failed
DJ8qzBm3ZoRi4YiVmpiLBBuc67cq737vqaTNbMRJGcvZ,100,30m,realistic,1,5e-05,0.5,0.15588,-0.65583,-0.6558,False,0.3,True,expanded_partial_feed,no quote success; mark heuristic and quote_failed
DJ8qzBm3ZoRi4YiVmpiLBBuc67cq737vqaTNbMRJGcvZ,100,30m,conservative,1,5e-05,2,0.15588,-2.15583,-2.1558,False,0.3,True,expanded_partial_feed,no quote success; mark heuristic and quote_failed
DJ8qzBm3ZoRi4YiVmpiLBBuc67cq737vqaTNbMRJGcvZ,100,1h,zero_il_lvr,1,5e-05,0,0.15588,-0.15583,-0.1558,False,0.3,True,expanded_partial_feed,no quote success; mark heuristic and quote_failed
DJ8qzBm3ZoRi4YiVmpiLBBuc67cq737vqaTNbMRJGcvZ,100,1h,optimistic,1,5e-05,0.1,0.15588,-0.25583,-0.2558,False,0.3,True,expanded_partial_feed,no quote success; mark heuristic and quote_failed
DJ8qzBm3ZoRi4YiVmpiLBBuc67cq737vqaTNbMRJGcvZ,100,1h,realistic,1,5e-05,0.5,0.15588,-0.65583,-0.6558,False,0.3,True,expanded_partial_feed,no quote success; mark heuristic and quote_failed
DJ8qzBm3ZoRi4YiVmpiLBBuc67cq737vqaTNbMRJGcvZ,100,1h,conservative,1,5e-05,2,0.15588,-2.15583,-2.1558,False,0.3,True,expanded_partial_feed,no quote success; mark heuristic and quote_failed
DJ8qzBm3ZoRi4YiVmpiLBBuc67cq737vqaTNbMRJGcvZ,100,2h,zero_il_lvr,1,5e-05,0,0.15588,-0.15583,-0.1558,False,0.3,True,expanded_partial_feed,no quote success; mark heuristic and quote_failed
DJ8qzBm3ZoRi4YiVmpiLBBuc67cq737vqaTNbMRJGcvZ,100,2h,optimistic,1,5e-05,0.1,0.15588,-0.25583,-0.2558,False,0.3,True,expanded_partial_feed,no quote success; mark heuristic and quote_failed
DJ8qzBm3ZoRi4YiVmpiLBBuc67cq737vqaTNbMRJGcvZ,100,2h,realistic,1,5e-05,0.5,0.15588,-0.65583,-0.6558,False,0.3,True,expanded_partial_feed,no quote success; mark heuristic and quote_failed
DJ8qzBm3ZoRi4YiVmpiLBBuc67cq737vqaTNbMRJGcvZ,100,2h,conservative,1,5e-05,2,0.15588,-2.15583,-2.1558,False,0.3,True,expanded_partial_feed,no quote success; mark heuristic and quote_failed
DJ8qzBm3ZoRi4YiVmpiLBBuc67cq737vqaTNbMRJGcvZ,100,6h,zero_il_lvr,1,5e-05,0,0.15588,-0.15583,-0.1558,False,0.3,True,expanded_partial_feed,no quote success; mark heuristic and quote_failed
DJ8qzBm3ZoRi4YiVmpiLBBuc67cq737vqaTNbMRJGcvZ,100,6h,optimistic,1,5e-05,0.1,0.15588,-0.25583,-0.2558,False,0.3,True,expanded_partial_feed,no quote success; mark heuristic and quote_failed
DJ8qzBm3ZoRi4YiVmpiLBBuc67cq737vqaTNbMRJGcvZ,100,6h,realistic,1,5e-05,0.5,0.15588,-0.65583,-0.6558,False,0.3,True,expanded_partial_feed,no quote success; mark heuristic and quote_failed
DJ8qzBm3ZoRi4YiVmpiLBBuc67cq737vqaTNbMRJGcvZ,100,6h,conservative,1,5e-05,2,0.15588,-2.15583,-2.1558,False,0.3,True,expanded_partial_feed,no quote success; mark heuristic and quote_failed
DJ8qzBm3ZoRi4YiVmpiLBBuc67cq737vqaTNbMRJGcvZ,100,24h,zero_il_lvr,1,5e-05,0,0.15588,-0.15583,-0.1558,False,0.3,True,expanded_partial_feed,no quote success; mark heuristic and quote_failed
DJ8qzBm3ZoRi4YiVmpiLBBuc67cq737vqaTNbMRJGcvZ,100,24h,optimistic,1,5e-05,0.1,0.15588,-0.25583,-0.2558,False,0.3,True,expanded_partial_feed,no quote success; mark heuristic and quote_failed
DJ8qzBm3ZoRi4YiVmpiLBBuc67cq737vqaTNbMRJGcvZ,100,24h,realistic,1,5e-05,0.5,0.15588,-0.65583,-0.6558,False,0.3,True,expanded_partial_feed,no quote success; mark heuristic and quote_failed
DJ8qzBm3ZoRi4YiVmpiLBBuc67cq737vqaTNbMRJGcvZ,100,24h,conservative,1,5e-05,2,0.15588,-2.15583,-2.1558,False,0.3,True,expanded_partial_feed,no quote success; mark heuristic and quote_failed
DJ8qzBm3ZoRi4YiVmpiLBBuc67cq737vqaTNbMRJGcvZ,100,7d,zero_il_lvr,1,5e-05,0,0.15588,-0.15583,-0.1558,False,0.3,True,expanded_partial_feed,no quote success; mark heuristic and quote_failed
DJ8qzBm3ZoRi4YiVmpiLBBuc67cq737vqaTNbMRJGcvZ,100,7d,optimistic,1,5e-05,0.1,0.15588,-0.25583,-0.2558,False,0.3,True,expanded_partial_feed,no quote success; mark heuristic and quote_failed
DJ8qzBm3ZoRi4YiVmpiLBBuc67cq737vqaTNbMRJGcvZ,100,7d,realistic,1,5e-05,0.5,0.15588,-0.65583,-0.6558,False,0.3,True,expanded_partial_feed,no quote success; mark heuristic and quote_failed
DJ8qzBm3ZoRi4YiVmpiLBBuc67cq737vqaTNbMRJGcvZ,100,7d,conservative,1,5e-05,2,0.15588,-2.15583,-2.1558,False,0.3,True,expanded_partial_feed,no quote success; mark heuristic and quote_failed
DJ8qzBm3ZoRi4YiVmpiLBBuc67cq737vqaTNbMRJGcvZ,500,15m,zero_il_lvr,1,0.00025,0,0.15588,-0.15563,-0.0311,False,0.3,True,expanded_partial_feed,no quote success; mark heuristic and quote_failed
DJ8qzBm3ZoRi4YiVmpiLBBuc67cq737vqaTNbMRJGcvZ,500,15m,optimistic,1,0.00025,0.5,0.15588,-0.65563,-0.1311,False,0.3,True,expanded_partial_feed,no quote success; mark heuristic and quote_failed
DJ8qzBm3ZoRi4YiVmpiLBBuc67cq737vqaTNbMRJGcvZ,500,15m,realistic,1,0.00025,2.5,0.15588,-2.65563,-0.5311,False,0.3,True,expanded_partial_feed,no quote success; mark heuristic and quote_failed
DJ8qzBm3ZoRi4YiVmpiLBBuc67cq737vqaTNbMRJGcvZ,500,15m,conservative,1,0.00025,10,0.15588,-10.15563,-2.0311,False,0.3,True,expanded_partial_feed,no quote success; mark heuristic and quote_failed
DJ8qzBm3ZoRi4YiVmpiLBBuc67cq737vqaTNbMRJGcvZ,500,30m,zero_il_lvr,1,0.00025,0,0.15588,-0.15563,-0.0311,False,0.3,True,expanded_partial_feed,no quote success; mark heuristic and quote_failed
DJ8qzBm3ZoRi4YiVmpiLBBuc67cq737vqaTNbMRJGcvZ,500,30m,optimistic,1,0.00025,0.5,0.15588,-0.65563,-0.1311,False,0.3,True,expanded_partial_feed,no quote success; mark heuristic and quote_failed
DJ8qzBm3ZoRi4YiVmpiLBBuc67cq737vqaTNbMRJGcvZ,500,30m,realistic,1,0.00025,2.5,0.15588,-2.65563,-0.5311,False,0.3,True,expanded_partial_feed,no quote success; mark heuristic and quote_failed
DJ8qzBm3ZoRi4YiVmpiLBBuc67cq737vqaTNbMRJGcvZ,500,30m,conservative,1,0.00025,10,0.15588,-10.15563,-2.0311,False,0.3,True,expanded_partial_feed,no quote success; mark heuristic and quote_failed
DJ8qzBm3ZoRi4YiVmpiLBBuc67cq737vqaTNbMRJGcvZ,500,1h,zero_il_lvr,1,0.00025,0,0.15588,-0.15563,-0.0311,False,0.3,True,expanded_partial_feed,no quote success; mark heuristic and quote_failed
DJ8qzBm3ZoRi4YiVmpiLBBuc67cq737vqaTNbMRJGcvZ,500,1h,optimistic,1,0.00025,0.5,0.15588,-0.65563,-0.1311,False,0.3,True,expanded_partial_feed,no quote success; mark heuristic and quote_failed
DJ8qzBm3ZoRi4YiVmpiLBBuc67cq737vqaTNbMRJGcvZ,500,1h,realistic,1,0.00025,2.5,0.15588,-2.65563,-0.5311,False,0.3,True,expanded_partial_feed,no quote success; mark heuristic and quote_failed
DJ8qzBm3ZoRi4YiVmpiLBBuc67cq737vqaTNbMRJGcvZ,500,1h,conservative,1,0.00025,10,0.15588,-10.15563,-2.0311,False,0.3,True,expanded_partial_feed,no quote success; mark heuristic and quote_failed
DJ8qzBm3ZoRi4YiVmpiLBBuc67cq737vqaTNbMRJGcvZ,500,2h,zero_il_lvr,1,0.00025,0,0.15588,-0.15563,-0.0311,False,0.3,True,expanded_partial_feed,no quote success; mark heuristic and quote_failed
DJ8qzBm3ZoRi4YiVmpiLBBuc67cq737vqaTNbMRJGcvZ,500,2h,optimistic,1,0.00025,0.5,0.15588,-0.65563,-0.1311,False,0.3,True,expanded_partial_feed,no quote success; mark heuristic and quote_failed
DJ8qzBm3ZoRi4YiVmpiLBBuc67cq737vqaTNbMRJGcvZ,500,2h,realistic,1,0.00025,2.5,0.15588,-2.65563,-0.5311,False,0.3,True,expanded_partial_feed,no quote success; mark heuristic and quote_failed
DJ8qzBm3ZoRi4YiVmpiLBBuc67cq737vqaTNbMRJGcvZ,500,2h,conservative,1,0.00025,10,0.15588,-10.15563,-2.0311,False,0.3,True,expanded_partial_feed,no quote success; mark heuristic and quote_failed
DJ8qzBm3ZoRi4YiVmpiLBBuc67cq737vqaTNbMRJGcvZ,500,6h,zero_il_lvr,1,0.00025,0,0.15588,-0.15563,-0.0311,False,0.3,True,expanded_partial_feed,no quote success; mark heuristic and quote_failed
DJ8qzBm3ZoRi4YiVmpiLBBuc67cq737vqaTNbMRJGcvZ,500,6h,optimistic,1,0.00025,0.5,0.15588,-0.65563,-0.1311,False,0.3,True,expanded_partial_feed,no quote success; mark heuristic and quote_failed
DJ8qzBm3ZoRi4YiVmpiLBBuc67cq737vqaTNbMRJGcvZ,500,6h,realistic,1,0.00025,2.5,0.15588,-2.65563,-0.5311,False,0.3,True,expanded_partial_feed,no quote success; mark heuristic and quote_failed
DJ8qzBm3ZoRi4YiVmpiLBBuc67cq737vqaTNbMRJGcvZ,500,6h,conservative,1,0.00025,10,0.15588,-10.15563,-2.0311,False,0.3,True,expanded_partial_feed,no quote success; mark heuristic and quote_failed
DJ8qzBm3ZoRi4YiVmpiLBBuc67cq737vqaTNbMRJGcvZ,500,24h,zero_il_lvr,1,0.00025,0,0.15588,-0.15563,-0.0311,False,0.3,True,expanded_partial_feed,no quote success; mark heuristic and quote_failed
DJ8qzBm3ZoRi4YiVmpiLBBuc67cq737vqaTNbMRJGcvZ,500,24h,optimistic,1,0.00025,0.5,0.15588,-0.65563,-0.1311,False,0.3,True,expanded_partial_feed,no quote success; mark heuristic and quote_failed
DJ8qzBm3ZoRi4YiVmpiLBBuc67cq737vqaTNbMRJGcvZ,500,24h,realistic,1,0.00025,2.5,0.15588,-2.65563,-0.5311,False,0.3,True,expanded_partial_feed,no quote success; mark heuristic and quote_failed
DJ8qzBm3ZoRi4YiVmpiLBBuc67cq737vqaTNbMRJGcvZ,500,24h,conservative,1,0.00025,10,0.15588,-10.15563,-2.0311,False,0.3,True,expanded_partial_feed,no quote success; mark heuristic and quote_failed
DJ8qzBm3ZoRi4YiVmpiLBBuc67cq737vqaTNbMRJGcvZ,500,7d,zero_il_lvr,1,0.00025,0,0.15588,-0.15563,-0.0311,False,0.3,True,expanded_partial_feed,no quote success; mark heuristic and quote_failed
DJ8qzBm3ZoRi4YiVmpiLBBuc67cq737vqaTNbMRJGcvZ,500,7d,optimistic,1,0.00025,0.5,0.15588,-0.65563,-0.1311,False,0.3,True,expanded_partial_feed,no quote success; mark heuristic and quote_failed
DJ8qzBm3ZoRi4YiVmpiLBBuc67cq737vqaTNbMRJGcvZ,500,7d,realistic,1,0.00025,2.5,0.15588,-2.65563,-0.5311,False,0.3,True,expanded_partial_feed,no quote success; mark heuristic and quote_failed
DJ8qzBm3ZoRi4YiVmpiLBBuc67cq737vqaTNbMRJGcvZ,500,7d,conservative,1,0.00025,10,0.15588,-10.15563,-2.0311,False,0.3,True,expanded_partial_feed,no quote success; mark heuristic and quote_failed
DJ8qzBm3ZoRi4YiVmpiLBBuc67cq737vqaTNbMRJGcvZ,1000,15m,zero_il_lvr,1,0.0005,0,0.15588,-0.15538,-0.0155,False,0.3,True,expanded_partial_feed,no quote success; mark heuristic and quote_failed
DJ8qzBm3ZoRi4YiVmpiLBBuc67cq737vqaTNbMRJGcvZ,1000,15m,optimistic,1,0.0005,1,0.15588,-1.15538,-0.1155,False,0.3,True,expanded_partial_feed,no quote success; mark heuristic and quote_failed
DJ8qzBm3ZoRi4YiVmpiLBBuc67cq737vqaTNbMRJGcvZ,1000,15m,realistic,1,0.0005,5,0.15588,-5.15538,-0.5155,False,0.3,True,expanded_partial_feed,no quote success; mark heuristic and quote_failed
DJ8qzBm3ZoRi4YiVmpiLBBuc67cq737vqaTNbMRJGcvZ,1000,15m,conservative,1,0.0005,20,0.15588,-20.15538,-2.0155,False,0.3,True,expanded_partial_feed,no quote success; mark heuristic and quote_failed
DJ8qzBm3ZoRi4YiVmpiLBBuc67cq737vqaTNbMRJGcvZ,1000,30m,zero_il_lvr,1,0.0005,0,0.15588,-0.15538,-0.0155,False,0.3,True,expanded_partial_feed,no quote success; mark heuristic and quote_failed
DJ8qzBm3ZoRi4YiVmpiLBBuc67cq737vqaTNbMRJGcvZ,1000,30m,optimistic,1,0.0005,1,0.15588,-1.15538,-0.1155,False,0.3,True,expanded_partial_feed,no quote success; mark heuristic and quote_failed
DJ8qzBm3ZoRi4YiVmpiLBBuc67cq737vqaTNbMRJGcvZ,1000,30m,realistic,1,0.0005,5,0.15588,-5.15538,-0.5155,False,0.3,True,expanded_partial_feed,no quote success; mark heuristic and quote_failed
DJ8qzBm3ZoRi4YiVmpiLBBuc67cq737vqaTNbMRJGcvZ,1000,30m,conservative,1,0.0005,20,0.15588,-20.15538,-2.0155,False,0.3,True,expanded_partial_feed,no quote success; mark heuristic and quote_failed
DJ8qzBm3ZoRi4YiVmpiLBBuc67cq737vqaTNbMRJGcvZ,1000,1h,zero_il_lvr,1,0.0005,0,0.15588,-0.15538,-0.0155,False,0.3,True,expanded_partial_feed,no quote success; mark heuristic and quote_failed
DJ8qzBm3ZoRi4YiVmpiLBBuc67cq737vqaTNbMRJGcvZ,1000,1h,optimistic,1,0.0005,1,0.15588,-1.15538,-0.1155,False,0.3,True,expanded_partial_feed,no quote success; mark heuristic and quote_failed
DJ8qzBm3ZoRi4YiVmpiLBBuc67cq737vqaTNbMRJGcvZ,1000,1h,realistic,1,0.0005,5,0.15588,-5.15538,-0.5155,False,0.3,True,expanded_partial_feed,no quote success; mark heuristic and quote_failed
DJ8qzBm3ZoRi4YiVmpiLBBuc67cq737vqaTNbMRJGcvZ,1000,1h,conservative,1,0.0005,20,0.15588,-20.15538,-2.0155,False,0.3,True,expanded_partial_feed,no quote success; mark heuristic and quote_failed
DJ8qzBm3ZoRi4YiVmpiLBBuc67cq737vqaTNbMRJGcvZ,1000,2h,zero_il_lvr,1,0.0005,0,0.15588,-0.15538,-0.0155,False,0.3,True,expanded_partial_feed,no quote success; mark heuristic and quote_failed
DJ8qzBm3ZoRi4YiVmpiLBBuc67cq737vqaTNbMRJGcvZ,1000,2h,optimistic,1,0.0005,1,0.15588,-1.15538,-0.1155,False,0.3,True,expanded_partial_feed,no quote success; mark heuristic and quote_failed
DJ8qzBm3ZoRi4YiVmpiLBBuc67cq737vqaTNbMRJGcvZ,1000,2h,realistic,1,0.0005,5,0.15588,-5.15538,-0.5155,False,0.3,True,expanded_partial_feed,no quote success; mark heuristic and quote_failed
DJ8qzBm3ZoRi4YiVmpiLBBuc67cq737vqaTNbMRJGcvZ,1000,2h,conservative,1,0.0005,20,0.15588,-20.15538,-2.0155,False,0.3,True,expanded_partial_feed,no quote success; mark heuristic and quote_failed
DJ8qzBm3ZoRi4YiVmpiLBBuc67cq737vqaTNbMRJGcvZ,1000,6h,zero_il_lvr,1,0.0005,0,0.15588,-0.15538,-0.0155,False,0.3,True,expanded_partial_feed,no quote success; mark heuristic and quote_failed
DJ8qzBm3ZoRi4YiVmpiLBBuc67cq737vqaTNbMRJGcvZ,1000,6h,optimistic,1,0.0005,1,0.15588,-1.15538,-0.1155,False,0.3,True,expanded_partial_feed,no quote success; mark heuristic and quote_failed
DJ8qzBm3ZoRi4YiVmpiLBBuc67cq737vqaTNbMRJGcvZ,1000,6h,realistic,1,0.0005,5,0.15588,-5.15538,-0.5155,False,0.3,True,expanded_partial_feed,no quote success; mark heuristic and quote_failed
DJ8qzBm3ZoRi4YiVmpiLBBuc67cq737vqaTNbMRJGcvZ,1000,6h,conservative,1,0.0005,20,0.15588,-20.15538,-2.0155,False,0.3,True,expanded_partial_feed,no quote success; mark heuristic and quote_failed
DJ8qzBm3ZoRi4YiVmpiLBBuc67cq737vqaTNbMRJGcvZ,1000,24h,zero_il_lvr,1,0.0005,0,0.15588,-0.15538,-0.0155,False,0.3,True,expanded_partial_feed,no quote success; mark heuristic and quote_failed
DJ8qzBm3ZoRi4YiVmpiLBBuc67cq737vqaTNbMRJGcvZ,1000,24h,optimistic,1,0.0005,1,0.15588,-1.15538,-0.1155,False,0.3,True,expanded_partial_feed,no quote success; mark heuristic and quote_failed
DJ8qzBm3ZoRi4YiVmpiLBBuc67cq737vqaTNbMRJGcvZ,1000,24h,realistic,1,0.0005,5,0.15588,-5.15538,-0.5155,False,0.3,True,expanded_partial_feed,no quote success; mark heuristic and quote_failed
DJ8qzBm3ZoRi4YiVmpiLBBuc67cq737vqaTNbMRJGcvZ,1000,24h,conservative,1,0.0005,20,0.15588,-20.15538,-2.0155,False,0.3,True,expanded_partial_feed,no quote success; mark heuristic and quote_failed
DJ8qzBm3ZoRi4YiVmpiLBBuc67cq737vqaTNbMRJGcvZ,1000,7d,zero_il_lvr,1,0.0005,0,0.15588,-0.15538,-0.0155,False,0.3,True,expanded_partial_feed,no quote success; mark heuristic and quote_failed
DJ8qzBm3ZoRi4YiVmpiLBBuc67cq737vqaTNbMRJGcvZ,1000,7d,optimistic,1,0.0005,1,0.15588,-1.15538,-0.1155,False,0.3,True,expanded_partial_feed,no quote success; mark heuristic and quote_failed
DJ8qzBm3ZoRi4YiVmpiLBBuc67cq737vqaTNbMRJGcvZ,1000,7d,realistic,1,0.0005,5,0.15588,-5.15538,-0.5155,False,0.3,True,expanded_partial_feed,no quote success; mark heuristic and quote_failed
DJ8qzBm3ZoRi4YiVmpiLBBuc67cq737vqaTNbMRJGcvZ,1000,7d,conservative,1,0.0005,20,0.15588,-20.15538,-2.0155,False,0.3,True,expanded_partial_feed,no quote success; mark heuristic and quote_failed
DJ8qzBm3ZoRi4YiVmpiLBBuc67cq737vqaTNbMRJGcvZ,2000,15m,zero_il_lvr,1,0.001,0,0.15588,-0.15488,-0.0077,False,0.3,True,expanded_partial_feed,no quote success; mark heuristic and quote_failed
DJ8qzBm3ZoRi4YiVmpiLBBuc67cq737vqaTNbMRJGcvZ,2000,15m,optimistic,1,0.001,2,0.15588,-2.15488,-0.1077,False,0.3,True,expanded_partial_feed,no quote success; mark heuristic and quote_failed
DJ8qzBm3ZoRi4YiVmpiLBBuc67cq737vqaTNbMRJGcvZ,2000,15m,realistic,1,0.001,10,0.15588,-10.15488,-0.5077,False,0.3,True,expanded_partial_feed,no quote success; mark heuristic and quote_failed
DJ8qzBm3ZoRi4YiVmpiLBBuc67cq737vqaTNbMRJGcvZ,2000,15m,conservative,1,0.001,40,0.15588,-40.15488,-2.0077,False,0.3,True,expanded_partial_feed,no quote success; mark heuristic and quote_failed
DJ8qzBm3ZoRi4YiVmpiLBBuc67cq737vqaTNbMRJGcvZ,2000,30m,zero_il_lvr,1,0.001,0,0.15588,-0.15488,-0.0077,False,0.3,True,expanded_partial_feed,no quote success; mark heuristic and quote_failed
DJ8qzBm3ZoRi4YiVmpiLBBuc67cq737vqaTNbMRJGcvZ,2000,30m,optimistic,1,0.001,2,0.15588,-2.15488,-0.1077,False,0.3,True,expanded_partial_feed,no quote success; mark heuristic and quote_failed
DJ8qzBm3ZoRi4YiVmpiLBBuc67cq737vqaTNbMRJGcvZ,2000,30m,realistic,1,0.001,10,0.15588,-10.15488,-0.5077,False,0.3,True,expanded_partial_feed,no quote success; mark heuristic and quote_failed
DJ8qzBm3ZoRi4YiVmpiLBBuc67cq737vqaTNbMRJGcvZ,2000,30m,conservative,1,0.001,40,0.15588,-40.15488,-2.0077,False,0.3,True,expanded_partial_feed,no quote success; mark heuristic and quote_failed
DJ8qzBm3ZoRi4YiVmpiLBBuc67cq737vqaTNbMRJGcvZ,2000,1h,zero_il_lvr,1,0.001,0,0.15588,-0.15488,-0.0077,False,0.3,True,expanded_partial_feed,no quote success; mark heuristic and quote_failed
DJ8qzBm3ZoRi4YiVmpiLBBuc67cq737vqaTNbMRJGcvZ,2000,1h,optimistic,1,0.001,2,0.15588,-2.15488,-0.1077,False,0.3,True,expanded_partial_feed,no quote success; mark heuristic and quote_failed
DJ8qzBm3ZoRi4YiVmpiLBBuc67cq737vqaTNbMRJGcvZ,2000,1h,realistic,1,0.001,10,0.15588,-10.15488,-0.5077,False,0.3,True,expanded_partial_feed,no quote success; mark heuristic and quote_failed
DJ8qzBm3ZoRi4YiVmpiLBBuc67cq737vqaTNbMRJGcvZ,2000,1h,conservative,1,0.001,40,0.15588,-40.15488,-2.0077,False,0.3,True,expanded_partial_feed,no quote success; mark heuristic and quote_failed
DJ8qzBm3ZoRi4YiVmpiLBBuc67cq737vqaTNbMRJGcvZ,2000,2h,zero_il_lvr,1,0.001,0,0.15588,-0.15488,-0.0077,False,0.3,True,expanded_partial_feed,no quote success; mark heuristic and quote_failed
DJ8qzBm3ZoRi4YiVmpiLBBuc67cq737vqaTNbMRJGcvZ,2000,2h,optimistic,1,0.001,2,0.15588,-2.15488,-0.1077,False,0.3,True,expanded_partial_feed,no quote success; mark heuristic and quote_failed
DJ8qzBm3ZoRi4YiVmpiLBBuc67cq737vqaTNbMRJGcvZ,2000,2h,realistic,1,0.001,10,0.15588,-10.15488,-0.5077,False,0.3,True,expanded_partial_feed,no quote success; mark heuristic and quote_failed
DJ8qzBm3ZoRi4YiVmpiLBBuc67cq737vqaTNbMRJGcvZ,2000,2h,conservative,1,0.001,40,0.15588,-40.15488,-2.0077,False,0.3,True,expanded_partial_feed,no quote success; mark heuristic and quote_failed
DJ8qzBm3ZoRi4YiVmpiLBBuc67cq737vqaTNbMRJGcvZ,2000,6h,zero_il_lvr,1,0.001,0,0.15588,-0.15488,-0.0077,False,0.3,True,expanded_partial_feed,no quote success; mark heuristic and quote_failed
DJ8qzBm3ZoRi4YiVmpiLBBuc67cq737vqaTNbMRJGcvZ,2000,6h,optimistic,1,0.001,2,0.15588,-2.15488,-0.1077,False,0.3,True,expanded_partial_feed,no quote success; mark heuristic and quote_failed
DJ8qzBm3ZoRi4YiVmpiLBBuc67cq737vqaTNbMRJGcvZ,2000,6h,realistic,1,0.001,10,0.15588,-10.15488,-0.5077,False,0.3,True,expanded_partial_feed,no quote success; mark heuristic and quote_failed
DJ8qzBm3ZoRi4YiVmpiLBBuc67cq737vqaTNbMRJGcvZ,2000,6h,conservative,1,0.001,40,0.15588,-40.15488,-2.0077,False,0.3,True,expanded_partial_feed,no quote success; mark heuristic and quote_failed
DJ8qzBm3ZoRi4YiVmpiLBBuc67cq737vqaTNbMRJGcvZ,2000,24h,zero_il_lvr,1,0.001,0,0.15588,-0.15488,-0.0077,False,0.3,True,expanded_partial_feed,no quote success; mark heuristic and quote_failed
DJ8qzBm3ZoRi4YiVmpiLBBuc67cq737vqaTNbMRJGcvZ,2000,24h,optimistic,1,0.001,2,0.15588,-2.15488,-0.1077,False,0.3,True,expanded_partial_feed,no quote success; mark heuristic and quote_failed
DJ8qzBm3ZoRi4YiVmpiLBBuc67cq737vqaTNbMRJGcvZ,2000,24h,realistic,1,0.001,10,0.15588,-10.15488,-0.5077,False,0.3,True,expanded_partial_feed,no quote success; mark heuristic and quote_failed
DJ8qzBm3ZoRi4YiVmpiLBBuc67cq737vqaTNbMRJGcvZ,2000,24h,conservative,1,0.001,40,0.15588,-40.15488,-2.0077,False,0.3,True,expanded_partial_feed,no quote success; mark heuristic and quote_failed
DJ8qzBm3ZoRi4YiVmpiLBBuc67cq737vqaTNbMRJGcvZ,2000,7d,zero_il_lvr,1,0.001,0,0.15588,-0.15488,-0.0077,False,0.3,True,expanded_partial_feed,no quote success; mark heuristic and quote_failed
DJ8qzBm3ZoRi4YiVmpiLBBuc67cq737vqaTNbMRJGcvZ,2000,7d,optimistic,1,0.001,2,0.15588,-2.15488,-0.1077,False,0.3,True,expanded_partial_feed,no quote success; mark heuristic and quote_failed
DJ8qzBm3ZoRi4YiVmpiLBBuc67cq737vqaTNbMRJGcvZ,2000,7d,realistic,1,0.001,10,0.15588,-10.15488,-0.5077,False,0.3,True,expanded_partial_feed,no quote success; mark heuristic and quote_failed
DJ8qzBm3ZoRi4YiVmpiLBBuc67cq737vqaTNbMRJGcvZ,2000,7d,conservative,1,0.001,40,0.15588,-40.15488,-2.0077,False,0.3,True,expanded_partial_feed,no quote success; mark heuristic and quote_failed
8UYCgRrxZc3XKY8PBJDSKubAUP4mpbxoj1EZJ7A5G9wy,10,15m,zero_il_lvr,1,5e-06,0,0.15588,-0.155875,-1.5587,False,0.3,True,expanded_partial_feed,no quote success; mark heuristic and quote_failed
8UYCgRrxZc3XKY8PBJDSKubAUP4mpbxoj1EZJ7A5G9wy,10,15m,optimistic,1,5e-06,0.01,0.15588,-0.165875,-1.6587,False,0.3,True,expanded_partial_feed,no quote success; mark heuristic and quote_failed
8UYCgRrxZc3XKY8PBJDSKubAUP4mpbxoj1EZJ7A5G9wy,10,15m,realistic,1,5e-06,0.05,0.15588,-0.205875,-2.0587,False,0.3,True,expanded_partial_feed,no quote success; mark heuristic and quote_failed
8UYCgRrxZc3XKY8PBJDSKubAUP4mpbxoj1EZJ7A5G9wy,10,15m,conservative,1,5e-06,0.2,0.15588,-0.355875,-3.5587,False,0.3,True,expanded_partial_feed,no quote success; mark heuristic and quote_failed
8UYCgRrxZc3XKY8PBJDSKubAUP4mpbxoj1EZJ7A5G9wy,10,30m,zero_il_lvr,1,5e-06,0,0.15588,-0.155875,-1.5587,False,0.3,True,expanded_partial_feed,no quote success; mark heuristic and quote_failed
8UYCgRrxZc3XKY8PBJDSKubAUP4mpbxoj1EZJ7A5G9wy,10,30m,optimistic,1,5e-06,0.01,0.15588,-0.165875,-1.6587,False,0.3,True,expanded_partial_feed,no quote success; mark heuristic and quote_failed
8UYCgRrxZc3XKY8PBJDSKubAUP4mpbxoj1EZJ7A5G9wy,10,30m,realistic,1,5e-06,0.05,0.15588,-0.205875,-2.0587,False,0.3,True,expanded_partial_feed,no quote success; mark heuristic and quote_failed
8UYCgRrxZc3XKY8PBJDSKubAUP4mpbxoj1EZJ7A5G9wy,10,30m,conservative,1,5e-06,0.2,0.15588,-0.355875,-3.5587,False,0.3,True,expanded_partial_feed,no quote success; mark heuristic and quote_failed
8UYCgRrxZc3XKY8PBJDSKubAUP4mpbxoj1EZJ7A5G9wy,10,1h,zero_il_lvr,1,5e-06,0,0.15588,-0.155875,-1.5587,False,0.3,True,expanded_partial_feed,no quote success; mark heuristic and quote_failed
8UYCgRrxZc3XKY8PBJDSKubAUP4mpbxoj1EZJ7A5G9wy,10,1h,optimistic,1,5e-06,0.01,0.15588,-0.165875,-1.6587,False,0.3,True,expanded_partial_feed,no quote success; mark heuristic and quote_failed
8UYCgRrxZc3XKY8PBJDSKubAUP4mpbxoj1EZJ7A5G9wy,10,1h,realistic,1,5e-06,0.05,0.15588,-0.205875,-2.0587,False,0.3,True,expanded_partial_feed,no quote success; mark heuristic and quote_failed
8UYCgRrxZc3XKY8PBJDSKubAUP4mpbxoj1EZJ7A5G9wy,10,1h,conservative,1,5e-06,0.2,0.15588,-0.355875,-3.5587,False,0.3,True,expanded_partial_feed,no quote success; mark heuristic and quote_failed
8UYCgRrxZc3XKY8PBJDSKubAUP4mpbxoj1EZJ7A5G9wy,10,2h,zero_il_lvr,1,5e-06,0,0.15588,-0.155875,-1.5587,False,0.3,True,expanded_partial_feed,no quote success; mark heuristic and quote_failed
8UYCgRrxZc3XKY8PBJDSKubAUP4mpbxoj1EZJ7A5G9wy,10,2h,optimistic,1,5e-06,0.01,0.15588,-0.165875,-1.6587,False,0.3,True,expanded_partial_feed,no quote success; mark heuristic and quote_failed
8UYCgRrxZc3XKY8PBJDSKubAUP4mpbxoj1EZJ7A5G9wy,10,2h,realistic,1,5e-06,0.05,0.15588,-0.205875,-2.0587,False,0.3,True,expanded_partial_feed,no quote success; mark heuristic and quote_failed
8UYCgRrxZc3XKY8PBJDSKubAUP4mpbxoj1EZJ7A5G9wy,10,2h,conservative,1,5e-06,0.2,0.15588,-0.355875,-3.5587,False,0.3,True,expanded_partial_feed,no quote success; mark heuristic and quote_failed
8UYCgRrxZc3XKY8PBJDSKubAUP4mpbxoj1EZJ7A5G9wy,10,6h,zero_il_lvr,1,5e-06,0,0.15588,-0.155875,-1.5587,False,0.3,True,expanded_partial_feed,no quote success; mark heuristic and quote_failed
8UYCgRrxZc3XKY8PBJDSKubAUP4mpbxoj1EZJ7A5G9wy,10,6h,optimistic,1,5e-06,0.01,0.15588,-0.165875,-1.6587,False,0.3,True,expanded_partial_feed,no quote success; mark heuristic and quote_failed
8UYCgRrxZc3XKY8PBJDSKubAUP4mpbxoj1EZJ7A5G9wy,10,6h,realistic,1,5e-06,0.05,0.15588,-0.205875,-2.0587,False,0.3,True,expanded_partial_feed,no quote success; mark heuristic and quote_failed
8UYCgRrxZc3XKY8PBJDSKubAUP4mpbxoj1EZJ7A5G9wy,10,6h,conservative,1,5e-06,0.2,0.15588,-0.355875,-3.5587,False,0.3,True,expanded_partial_feed,no quote success; mark heuristic and quote_failed
8UYCgRrxZc3XKY8PBJDSKubAUP4mpbxoj1EZJ7A5G9wy,10,24h,zero_il_lvr,1,5e-06,0,0.15588,-0.155875,-1.5587,False,0.3,True,expanded_partial_feed,no quote success; mark heuristic and quote_failed
8UYCgRrxZc3XKY8PBJDSKubAUP4mpbxoj1EZJ7A5G9wy,10,24h,optimistic,1,5e-06,0.01,0.15588,-0.165875,-1.6587,False,0.3,True,expanded_partial_feed,no quote success; mark heuristic and quote_failed
8UYCgRrxZc3XKY8PBJDSKubAUP4mpbxoj1EZJ7A5G9wy,10,24h,realistic,1,5e-06,0.05,0.15588,-0.205875,-2.0587,False,0.3,True,expanded_partial_feed,no quote success; mark heuristic and quote_failed
8UYCgRrxZc3XKY8PBJDSKubAUP4mpbxoj1EZJ7A5G9wy,10,24h,conservative,1,5e-06,0.2,0.15588,-0.355875,-3.5587,False,0.3,True,expanded_partial_feed,no quote success; mark heuristic and quote_failed
8UYCgRrxZc3XKY8PBJDSKubAUP4mpbxoj1EZJ7A5G9wy,10,7d,zero_il_lvr,1,5e-06,0,0.15588,-0.155875,-1.5587,False,0.3,True,expanded_partial_feed,no quote success; mark heuristic and quote_failed
8UYCgRrxZc3XKY8PBJDSKubAUP4mpbxoj1EZJ7A5G9wy,10,7d,optimistic,1,5e-06,0.01,0.15588,-0.165875,-1.6587,False,0.3,True,expanded_partial_feed,no quote success; mark heuristic and quote_failed
8UYCgRrxZc3XKY8PBJDSKubAUP4mpbxoj1EZJ7A5G9wy,10,7d,realistic,1,5e-06,0.05,0.15588,-0.205875,-2.0587,False,0.3,True,expanded_partial_feed,no quote success; mark heuristic and quote_failed
8UYCgRrxZc3XKY8PBJDSKubAUP4mpbxoj1EZJ7A5G9wy,10,7d,conservative,1,5e-06,0.2,0.15588,-0.355875,-3.5587,False,0.3,True,expanded_partial_feed,no quote success; mark heuristic and quote_failed
8UYCgRrxZc3XKY8PBJDSKubAUP4mpbxoj1EZJ7A5G9wy,20,15m,zero_il_lvr,1,1e-05,0,0.15588,-0.15587,-0.7793,False,0.3,True,expanded_partial_feed,no quote success; mark heuristic and quote_failed
8UYCgRrxZc3XKY8PBJDSKubAUP4mpbxoj1EZJ7A5G9wy,20,15m,optimistic,1,1e-05,0.02,0.15588,-0.17587,-0.8793,False,0.3,True,expanded_partial_feed,no quote success; mark heuristic and quote_failed
8UYCgRrxZc3XKY8PBJDSKubAUP4mpbxoj1EZJ7A5G9wy,20,15m,realistic,1,1e-05,0.1,0.15588,-0.25587,-1.2793,False,0.3,True,expanded_partial_feed,no quote success; mark heuristic and quote_failed
8UYCgRrxZc3XKY8PBJDSKubAUP4mpbxoj1EZJ7A5G9wy,20,15m,conservative,1,1e-05,0.4,0.15588,-0.55587,-2.7793,False,0.3,True,expanded_partial_feed,no quote success; mark heuristic and quote_failed
8UYCgRrxZc3XKY8PBJDSKubAUP4mpbxoj1EZJ7A5G9wy,20,30m,zero_il_lvr,1,1e-05,0,0.15588,-0.15587,-0.7793,False,0.3,True,expanded_partial_feed,no quote success; mark heuristic and quote_failed
8UYCgRrxZc3XKY8PBJDSKubAUP4mpbxoj1EZJ7A5G9wy,20,30m,optimistic,1,1e-05,0.02,0.15588,-0.17587,-0.8793,False,0.3,True,expanded_partial_feed,no quote success; mark heuristic and quote_failed
8UYCgRrxZc3XKY8PBJDSKubAUP4mpbxoj1EZJ7A5G9wy,20,30m,realistic,1,1e-05,0.1,0.15588,-0.25587,-1.2793,False,0.3,True,expanded_partial_feed,no quote success; mark heuristic and quote_failed
8UYCgRrxZc3XKY8PBJDSKubAUP4mpbxoj1EZJ7A5G9wy,20,30m,conservative,1,1e-05,0.4,0.15588,-0.55587,-2.7793,False,0.3,True,expanded_partial_feed,no quote success; mark heuristic and quote_failed
8UYCgRrxZc3XKY8PBJDSKubAUP4mpbxoj1EZJ7A5G9wy,20,1h,zero_il_lvr,1,1e-05,0,0.15588,-0.15587,-0.7793,False,0.3,True,expanded_partial_feed,no quote success; mark heuristic and quote_failed
8UYCgRrxZc3XKY8PBJDSKubAUP4mpbxoj1EZJ7A5G9wy,20,1h,optimistic,1,1e-05,0.02,0.15588,-0.17587,-0.8793,False,0.3,True,expanded_partial_feed,no quote success; mark heuristic and quote_failed
8UYCgRrxZc3XKY8PBJDSKubAUP4mpbxoj1EZJ7A5G9wy,20,1h,realistic,1,1e-05,0.1,0.15588,-0.25587,-1.2793,False,0.3,True,expanded_partial_feed,no quote success; mark heuristic and quote_failed
8UYCgRrxZc3XKY8PBJDSKubAUP4mpbxoj1EZJ7A5G9wy,20,1h,conservative,1,1e-05,0.4,0.15588,-0.55587,-2.7793,False,0.3,True,expanded_partial_feed,no quote success; mark heuristic and quote_failed
8UYCgRrxZc3XKY8PBJDSKubAUP4mpbxoj1EZJ7A5G9wy,20,2h,zero_il_lvr,1,1e-05,0,0.15588,-0.15587,-0.7793,False,0.3,True,expanded_partial_feed,no quote success; mark heuristic and quote_failed
8UYCgRrxZc3XKY8PBJDSKubAUP4mpbxoj1EZJ7A5G9wy,20,2h,optimistic,1,1e-05,0.02,0.15588,-0.17587,-0.8793,False,0.3,True,expanded_partial_feed,no quote success; mark heuristic and quote_failed
8UYCgRrxZc3XKY8PBJDSKubAUP4mpbxoj1EZJ7A5G9wy,20,2h,realistic,1,1e-05,0.1,0.15588,-0.25587,-1.2793,False,0.3,True,expanded_partial_feed,no quote success; mark heuristic and quote_failed
8UYCgRrxZc3XKY8PBJDSKubAUP4mpbxoj1EZJ7A5G9wy,20,2h,conservative,1,1e-05,0.4,0.15588,-0.55587,-2.7793,False,0.3,True,expanded_partial_feed,no quote success; mark heuristic and quote_failed
8UYCgRrxZc3XKY8PBJDSKubAUP4mpbxoj1EZJ7A5G9wy,20,6h,zero_il_lvr,1,1e-05,0,0.15588,-0.15587,-0.7793,False,0.3,True,expanded_partial_feed,no quote success; mark heuristic and quote_failed
8UYCgRrxZc3XKY8PBJDSKubAUP4mpbxoj1EZJ7A5G9wy,20,6h,optimistic,1,1e-05,0.02,0.15588,-0.17587,-0.8793,False,0.3,True,expanded_partial_feed,no quote success; mark heuristic and quote_failed
8UYCgRrxZc3XKY8PBJDSKubAUP4mpbxoj1EZJ7A5G9wy,20,6h,realistic,1,1e-05,0.1,0.15588,-0.25587,-1.2793,False,0.3,True,expanded_partial_feed,no quote success; mark heuristic and quote_failed
8UYCgRrxZc3XKY8PBJDSKubAUP4mpbxoj1EZJ7A5G9wy,20,6h,conservative,1,1e-05,0.4,0.15588,-0.55587,-2.7793,False,0.3,True,expanded_partial_feed,no quote success; mark heuristic and quote_failed
8UYCgRrxZc3XKY8PBJDSKubAUP4mpbxoj1EZJ7A5G9wy,20,24h,zero_il_lvr,1,1e-05,0,0.15588,-0.15587,-0.7793,False,0.3,True,expanded_partial_feed,no quote success; mark heuristic and quote_failed
8UYCgRrxZc3XKY8PBJDSKubAUP4mpbxoj1EZJ7A5G9wy,20,24h,optimistic,1,1e-05,0.02,0.15588,-0.17587,-0.8793,False,0.3,True,expanded_partial_feed,no quote success; mark heuristic and quote_failed
8UYCgRrxZc3XKY8PBJDSKubAUP4mpbxoj1EZJ7A5G9wy,20,24h,realistic,1,1e-05,0.1,0.15588,-0.25587,-1.2793,False,0.3,True,expanded_partial_feed,no quote success; mark heuristic and quote_failed
8UYCgRrxZc3XKY8PBJDSKubAUP4mpbxoj1EZJ7A5G9wy,20,24h,conservative,1,1e-05,0.4,0.15588,-0.55587,-2.7793,False,0.3,True,expanded_partial_feed,no quote success; mark heuristic and quote_failed
8UYCgRrxZc3XKY8PBJDSKubAUP4mpbxoj1EZJ7A5G9wy,20,7d,zero_il_lvr,1,1e-05,0,0.15588,-0.15587,-0.7793,False,0.3,True,expanded_partial_feed,no quote success; mark heuristic and quote_failed
8UYCgRrxZc3XKY8PBJDSKubAUP4mpbxoj1EZJ7A5G9wy,20,7d,optimistic,1,1e-05,0.02,0.15588,-0.17587,-0.8793,False,0.3,True,expanded_partial_feed,no quote success; mark heuristic and quote_failed
8UYCgRrxZc3XKY8PBJDSKubAUP4mpbxoj1EZJ7A5G9wy,20,7d,realistic,1,1e-05,0.1,0.15588,-0.25587,-1.2793,False,0.3,True,expanded_partial_feed,no quote success; mark heuristic and quote_failed
8UYCgRrxZc3XKY8PBJDSKubAUP4mpbxoj1EZJ7A5G9wy,20,7d,conservative,1,1e-05,0.4,0.15588,-0.55587,-2.7793,False,0.3,True,expanded_partial_feed,no quote success; mark heuristic and quote_failed
8UYCgRrxZc3XKY8PBJDSKubAUP4mpbxoj1EZJ7A5G9wy,100,15m,zero_il_lvr,1,5e-05,0,0.15588,-0.15583,-0.1558,False,0.3,True,expanded_partial_feed,no quote success; mark heuristic and quote_failed
8UYCgRrxZc3XKY8PBJDSKubAUP4mpbxoj1EZJ7A5G9wy,100,15m,optimistic,1,5e-05,0.1,0.15588,-0.25583,-0.2558,False,0.3,True,expanded_partial_feed,no quote success; mark heuristic and quote_failed
8UYCgRrxZc3XKY8PBJDSKubAUP4mpbxoj1EZJ7A5G9wy,100,15m,realistic,1,5e-05,0.5,0.15588,-0.65583,-0.6558,False,0.3,True,expanded_partial_feed,no quote success; mark heuristic and quote_failed
8UYCgRrxZc3XKY8PBJDSKubAUP4mpbxoj1EZJ7A5G9wy,100,15m,conservative,1,5e-05,2,0.15588,-2.15583,-2.1558,False,0.3,True,expanded_partial_feed,no quote success; mark heuristic and quote_failed
8UYCgRrxZc3XKY8PBJDSKubAUP4mpbxoj1EZJ7A5G9wy,100,30m,zero_il_lvr,1,5e-05,0,0.15588,-0.15583,-0.1558,False,0.3,True,expanded_partial_feed,no quote success; mark heuristic and quote_failed
8UYCgRrxZc3XKY8PBJDSKubAUP4mpbxoj1EZJ7A5G9wy,100,30m,optimistic,1,5e-05,0.1,0.15588,-0.25583,-0.2558,False,0.3,True,expanded_partial_feed,no quote success; mark heuristic and quote_failed
8UYCgRrxZc3XKY8PBJDSKubAUP4mpbxoj1EZJ7A5G9wy,100,30m,realistic,1,5e-05,0.5,0.15588,-0.65583,-0.6558,False,0.3,True,expanded_partial_feed,no quote success; mark heuristic and quote_failed
8UYCgRrxZc3XKY8PBJDSKubAUP4mpbxoj1EZJ7A5G9wy,100,30m,conservative,1,5e-05,2,0.15588,-2.15583,-2.1558,False,0.3,True,expanded_partial_feed,no quote success; mark heuristic and quote_failed
8UYCgRrxZc3XKY8PBJDSKubAUP4mpbxoj1EZJ7A5G9wy,100,1h,zero_il_lvr,1,5e-05,0,0.15588,-0.15583,-0.1558,False,0.3,True,expanded_partial_feed,no quote success; mark heuristic and quote_failed
8UYCgRrxZc3XKY8PBJDSKubAUP4mpbxoj1EZJ7A5G9wy,100,1h,optimistic,1,5e-05,0.1,0.15588,-0.25583,-0.2558,False,0.3,True,expanded_partial_feed,no quote success; mark heuristic and quote_failed
8UYCgRrxZc3XKY8PBJDSKubAUP4mpbxoj1EZJ7A5G9wy,100,1h,realistic,1,5e-05,0.5,0.15588,-0.65583,-0.6558,False,0.3,True,expanded_partial_feed,no quote success; mark heuristic and quote_failed
8UYCgRrxZc3XKY8PBJDSKubAUP4mpbxoj1EZJ7A5G9wy,100,1h,conservative,1,5e-05,2,0.15588,-2.15583,-2.1558,False,0.3,True,expanded_partial_feed,no quote success; mark heuristic and quote_failed
8UYCgRrxZc3XKY8PBJDSKubAUP4mpbxoj1EZJ7A5G9wy,100,2h,zero_il_lvr,1,5e-05,0,0.15588,-0.15583,-0.1558,False,0.3,True,expanded_partial_feed,no quote success; mark heuristic and quote_failed
8UYCgRrxZc3XKY8PBJDSKubAUP4mpbxoj1EZJ7A5G9wy,100,2h,optimistic,1,5e-05,0.1,0.15588,-0.25583,-0.2558,False,0.3,True,expanded_partial_feed,no quote success; mark heuristic and quote_failed
8UYCgRrxZc3XKY8PBJDSKubAUP4mpbxoj1EZJ7A5G9wy,100,2h,realistic,1,5e-05,0.5,0.15588,-0.65583,-0.6558,False,0.3,True,expanded_partial_feed,no quote success; mark heuristic and quote_failed
8UYCgRrxZc3XKY8PBJDSKubAUP4mpbxoj1EZJ7A5G9wy,100,2h,conservative,1,5e-05,2,0.15588,-2.15583,-2.1558,False,0.3,True,expanded_partial_feed,no quote success; mark heuristic and quote_failed
8UYCgRrxZc3XKY8PBJDSKubAUP4mpbxoj1EZJ7A5G9wy,100,6h,zero_il_lvr,1,5e-05,0,0.15588,-0.15583,-0.1558,False,0.3,True,expanded_partial_feed,no quote success; mark heuristic and quote_failed
8UYCgRrxZc3XKY8PBJDSKubAUP4mpbxoj1EZJ7A5G9wy,100,6h,optimistic,1,5e-05,0.1,0.15588,-0.25583,-0.2558,False,0.3,True,expanded_partial_feed,no quote success; mark heuristic and quote_failed
8UYCgRrxZc3XKY8PBJDSKubAUP4mpbxoj1EZJ7A5G9wy,100,6h,realistic,1,5e-05,0.5,0.15588,-0.65583,-0.6558,False,0.3,True,expanded_partial_feed,no quote success; mark heuristic and quote_failed
8UYCgRrxZc3XKY8PBJDSKubAUP4mpbxoj1EZJ7A5G9wy,100,6h,conservative,1,5e-05,2,0.15588,-2.15583,-2.1558,False,0.3,True,expanded_partial_feed,no quote success; mark heuristic and quote_failed
8UYCgRrxZc3XKY8PBJDSKubAUP4mpbxoj1EZJ7A5G9wy,100,24h,zero_il_lvr,1,5e-05,0,0.15588,-0.15583,-0.1558,False,0.3,True,expanded_partial_feed,no quote success; mark heuristic and quote_failed
8UYCgRrxZc3XKY8PBJDSKubAUP4mpbxoj1EZJ7A5G9wy,100,24h,optimistic,1,5e-05,0.1,0.15588,-0.25583,-0.2558,False,0.3,True,expanded_partial_feed,no quote success; mark heuristic and quote_failed
8UYCgRrxZc3XKY8PBJDSKubAUP4mpbxoj1EZJ7A5G9wy,100,24h,realistic,1,5e-05,0.5,0.15588,-0.65583,-0.6558,False,0.3,True,expanded_partial_feed,no quote success; mark heuristic and quote_failed
8UYCgRrxZc3XKY8PBJDSKubAUP4mpbxoj1EZJ7A5G9wy,100,24h,conservative,1,5e-05,2,0.15588,-2.15583,-2.1558,False,0.3,True,expanded_partial_feed,no quote success; mark heuristic and quote_failed
8UYCgRrxZc3XKY8PBJDSKubAUP4mpbxoj1EZJ7A5G9wy,100,7d,zero_il_lvr,1,5e-05,0,0.15588,-0.15583,-0.1558,False,0.3,True,expanded_partial_feed,no quote success; mark heuristic and quote_failed
8UYCgRrxZc3XKY8PBJDSKubAUP4mpbxoj1EZJ7A5G9wy,100,7d,optimistic,1,5e-05,0.1,0.15588,-0.25583,-0.2558,False,0.3,True,expanded_partial_feed,no quote success; mark heuristic and quote_failed
8UYCgRrxZc3XKY8PBJDSKubAUP4mpbxoj1EZJ7A5G9wy,100,7d,realistic,1,5e-05,0.5,0.15588,-0.65583,-0.6558,False,0.3,True,expanded_partial_feed,no quote success; mark heuristic and quote_failed
8UYCgRrxZc3XKY8PBJDSKubAUP4mpbxoj1EZJ7A5G9wy,100,7d,conservative,1,5e-05,2,0.15588,-2.15583,-2.1558,False,0.3,True,expanded_partial_feed,no quote success; mark heuristic and quote_failed
8UYCgRrxZc3XKY8PBJDSKubAUP4mpbxoj1EZJ7A5G9wy,500,15m,zero_il_lvr,1,0.00025,0,0.15588,-0.15563,-0.0311,False,0.3,True,expanded_partial_feed,no quote success; mark heuristic and quote_failed
8UYCgRrxZc3XKY8PBJDSKubAUP4mpbxoj1EZJ7A5G9wy,500,15m,optimistic,1,0.00025,0.5,0.15588,-0.65563,-0.1311,False,0.3,True,expanded_partial_feed,no quote success; mark heuristic and quote_failed
8UYCgRrxZc3XKY8PBJDSKubAUP4mpbxoj1EZJ7A5G9wy,500,15m,realistic,1,0.00025,2.5,0.15588,-2.65563,-0.5311,False,0.3,True,expanded_partial_feed,no quote success; mark heuristic and quote_failed
8UYCgRrxZc3XKY8PBJDSKubAUP4mpbxoj1EZJ7A5G9wy,500,15m,conservative,1,0.00025,10,0.15588,-10.15563,-2.0311,False,0.3,True,expanded_partial_feed,no quote success; mark heuristic and quote_failed
8UYCgRrxZc3XKY8PBJDSKubAUP4mpbxoj1EZJ7A5G9wy,500,30m,zero_il_lvr,1,0.00025,0,0.15588,-0.15563,-0.0311,False,0.3,True,expanded_partial_feed,no quote success; mark heuristic and quote_failed
8UYCgRrxZc3XKY8PBJDSKubAUP4mpbxoj1EZJ7A5G9wy,500,30m,optimistic,1,0.00025,0.5,0.15588,-0.65563,-0.1311,False,0.3,True,expanded_partial_feed,no quote success; mark heuristic and quote_failed
8UYCgRrxZc3XKY8PBJDSKubAUP4mpbxoj1EZJ7A5G9wy,500,30m,realistic,1,0.00025,2.5,0.15588,-2.65563,-0.5311,False,0.3,True,expanded_partial_feed,no quote success; mark heuristic and quote_failed
8UYCgRrxZc3XKY8PBJDSKubAUP4mpbxoj1EZJ7A5G9wy,500,30m,conservative,1,0.00025,10,0.15588,-10.15563,-2.0311,False,0.3,True,expanded_partial_feed,no quote success; mark heuristic and quote_failed
8UYCgRrxZc3XKY8PBJDSKubAUP4mpbxoj1EZJ7A5G9wy,500,1h,zero_il_lvr,1,0.00025,0,0.15588,-0.15563,-0.0311,False,0.3,True,expanded_partial_feed,no quote success; mark heuristic and quote_failed
8UYCgRrxZc3XKY8PBJDSKubAUP4mpbxoj1EZJ7A5G9wy,500,1h,optimistic,1,0.00025,0.5,0.15588,-0.65563,-0.1311,False,0.3,True,expanded_partial_feed,no quote success; mark heuristic and quote_failed
8UYCgRrxZc3XKY8PBJDSKubAUP4mpbxoj1EZJ7A5G9wy,500,1h,realistic,1,0.00025,2.5,0.15588,-2.65563,-0.5311,False,0.3,True,expanded_partial_feed,no quote success; mark heuristic and quote_failed
8UYCgRrxZc3XKY8PBJDSKubAUP4mpbxoj1EZJ7A5G9wy,500,1h,conservative,1,0.00025,10,0.15588,-10.15563,-2.0311,False,0.3,True,expanded_partial_feed,no quote success; mark heuristic and quote_failed
8UYCgRrxZc3XKY8PBJDSKubAUP4mpbxoj1EZJ7A5G9wy,500,2h,zero_il_lvr,1,0.00025,0,0.15588,-0.15563,-0.0311,False,0.3,True,expanded_partial_feed,no quote success; mark heuristic and quote_failed
8UYCgRrxZc3XKY8PBJDSKubAUP4mpbxoj1EZJ7A5G9wy,500,2h,optimistic,1,0.00025,0.5,0.15588,-0.65563,-0.1311,False,0.3,True,expanded_partial_feed,no quote success; mark heuristic and quote_failed
8UYCgRrxZc3XKY8PBJDSKubAUP4mpbxoj1EZJ7A5G9wy,500,2h,realistic,1,0.00025,2.5,0.15588,-2.65563,-0.5311,False,0.3,True,expanded_partial_feed,no quote success; mark heuristic and quote_failed
8UYCgRrxZc3XKY8PBJDSKubAUP4mpbxoj1EZJ7A5G9wy,500,2h,conservative,1,0.00025,10,0.15588,-10.15563,-2.0311,False,0.3,True,expanded_partial_feed,no quote success; mark heuristic and quote_failed
8UYCgRrxZc3XKY8PBJDSKubAUP4mpbxoj1EZJ7A5G9wy,500,6h,zero_il_lvr,1,0.00025,0,0.15588,-0.15563,-0.0311,False,0.3,True,expanded_partial_feed,no quote success; mark heuristic and quote_failed
8UYCgRrxZc3XKY8PBJDSKubAUP4mpbxoj1EZJ7A5G9wy,500,6h,optimistic,1,0.00025,0.5,0.15588,-0.65563,-0.1311,False,0.3,True,expanded_partial_feed,no quote success; mark heuristic and quote_failed
8UYCgRrxZc3XKY8PBJDSKubAUP4mpbxoj1EZJ7A5G9wy,500,6h,realistic,1,0.00025,2.5,0.15588,-2.65563,-0.5311,False,0.3,True,expanded_partial_feed,no quote success; mark heuristic and quote_failed
8UYCgRrxZc3XKY8PBJDSKubAUP4mpbxoj1EZJ7A5G9wy,500,6h,conservative,1,0.00025,10,0.15588,-10.15563,-2.0311,False,0.3,True,expanded_partial_feed,no quote success; mark heuristic and quote_failed
8UYCgRrxZc3XKY8PBJDSKubAUP4mpbxoj1EZJ7A5G9wy,500,24h,zero_il_lvr,1,0.00025,0,0.15588,-0.15563,-0.0311,False,0.3,True,expanded_partial_feed,no quote success; mark heuristic and quote_failed
8UYCgRrxZc3XKY8PBJDSKubAUP4mpbxoj1EZJ7A5G9wy,500,24h,optimistic,1,0.00025,0.5,0.15588,-0.65563,-0.1311,False,0.3,True,expanded_partial_feed,no quote success; mark heuristic and quote_failed
8UYCgRrxZc3XKY8PBJDSKubAUP4mpbxoj1EZJ7A5G9wy,500,24h,realistic,1,0.00025,2.5,0.15588,-2.65563,-0.5311,False,0.3,True,expanded_partial_feed,no quote success; mark heuristic and quote_failed
8UYCgRrxZc3XKY8PBJDSKubAUP4mpbxoj1EZJ7A5G9wy,500,24h,conservative,1,0.00025,10,0.15588,-10.15563,-2.0311,False,0.3,True,expanded_partial_feed,no quote success; mark heuristic and quote_failed
8UYCgRrxZc3XKY8PBJDSKubAUP4mpbxoj1EZJ7A5G9wy,500,7d,zero_il_lvr,1,0.00025,0,0.15588,-0.15563,-0.0311,False,0.3,True,expanded_partial_feed,no quote success; mark heuristic and quote_failed
8UYCgRrxZc3XKY8PBJDSKubAUP4mpbxoj1EZJ7A5G9wy,500,7d,optimistic,1,0.00025,0.5,0.15588,-0.65563,-0.1311,False,0.3,True,expanded_partial_feed,no quote success; mark heuristic and quote_failed
8UYCgRrxZc3XKY8PBJDSKubAUP4mpbxoj1EZJ7A5G9wy,500,7d,realistic,1,0.00025,2.5,0.15588,-2.65563,-0.5311,False,0.3,True,expanded_partial_feed,no quote success; mark heuristic and quote_failed
8UYCgRrxZc3XKY8PBJDSKubAUP4mpbxoj1EZJ7A5G9wy,500,7d,conservative,1,0.00025,10,0.15588,-10.15563,-2.0311,False,0.3,True,expanded_partial_feed,no quote success; mark heuristic and quote_failed
8UYCgRrxZc3XKY8PBJDSKubAUP4mpbxoj1EZJ7A5G9wy,1000,15m,zero_il_lvr,1,0.0005,0,0.15588,-0.15538,-0.0155,False,0.3,True,expanded_partial_feed,no quote success; mark heuristic and quote_failed
8UYCgRrxZc3XKY8PBJDSKubAUP4mpbxoj1EZJ7A5G9wy,1000,15m,optimistic,1,0.0005,1,0.15588,-1.15538,-0.1155,False,0.3,True,expanded_partial_feed,no quote success; mark heuristic and quote_failed
8UYCgRrxZc3XKY8PBJDSKubAUP4mpbxoj1EZJ7A5G9wy,1000,15m,realistic,1,0.0005,5,0.15588,-5.15538,-0.5155,False,0.3,True,expanded_partial_feed,no quote success; mark heuristic and quote_failed
8UYCgRrxZc3XKY8PBJDSKubAUP4mpbxoj1EZJ7A5G9wy,1000,15m,conservative,1,0.0005,20,0.15588,-20.15538,-2.0155,False,0.3,True,expanded_partial_feed,no quote success; mark heuristic and quote_failed
8UYCgRrxZc3XKY8PBJDSKubAUP4mpbxoj1EZJ7A5G9wy,1000,30m,zero_il_lvr,1,0.0005,0,0.15588,-0.15538,-0.0155,False,0.3,True,expanded_partial_feed,no quote success; mark heuristic and quote_failed
8UYCgRrxZc3XKY8PBJDSKubAUP4mpbxoj1EZJ7A5G9wy,1000,30m,optimistic,1,0.0005,1,0.15588,-1.15538,-0.1155,False,0.3,True,expanded_partial_feed,no quote success; mark heuristic and quote_failed
8UYCgRrxZc3XKY8PBJDSKubAUP4mpbxoj1EZJ7A5G9wy,1000,30m,realistic,1,0.0005,5,0.15588,-5.15538,-0.5155,False,0.3,True,expanded_partial_feed,no quote success; mark heuristic and quote_failed
8UYCgRrxZc3XKY8PBJDSKubAUP4mpbxoj1EZJ7A5G9wy,1000,30m,conservative,1,0.0005,20,0.15588,-20.15538,-2.0155,False,0.3,True,expanded_partial_feed,no quote success; mark heuristic and quote_failed
8UYCgRrxZc3XKY8PBJDSKubAUP4mpbxoj1EZJ7A5G9wy,1000,1h,zero_il_lvr,1,0.0005,0,0.15588,-0.15538,-0.0155,False,0.3,True,expanded_partial_feed,no quote success; mark heuristic and quote_failed
8UYCgRrxZc3XKY8PBJDSKubAUP4mpbxoj1EZJ7A5G9wy,1000,1h,optimistic,1,0.0005,1,0.15588,-1.15538,-0.1155,False,0.3,True,expanded_partial_feed,no quote success; mark heuristic and quote_failed
8UYCgRrxZc3XKY8PBJDSKubAUP4mpbxoj1EZJ7A5G9wy,1000,1h,realistic,1,0.0005,5,0.15588,-5.15538,-0.5155,False,0.3,True,expanded_partial_feed,no quote success; mark heuristic and quote_failed
8UYCgRrxZc3XKY8PBJDSKubAUP4mpbxoj1EZJ7A5G9wy,1000,1h,conservative,1,0.0005,20,0.15588,-20.15538,-2.0155,False,0.3,True,expanded_partial_feed,no quote success; mark heuristic and quote_failed
8UYCgRrxZc3XKY8PBJDSKubAUP4mpbxoj1EZJ7A5G9wy,1000,2h,zero_il_lvr,1,0.0005,0,0.15588,-0.15538,-0.0155,False,0.3,True,expanded_partial_feed,no quote success; mark heuristic and quote_failed
8UYCgRrxZc3XKY8PBJDSKubAUP4mpbxoj1EZJ7A5G9wy,1000,2h,optimistic,1,0.0005,1,0.15588,-1.15538,-0.1155,False,0.3,True,expanded_partial_feed,no quote success; mark heuristic and quote_failed
8UYCgRrxZc3XKY8PBJDSKubAUP4mpbxoj1EZJ7A5G9wy,1000,2h,realistic,1,0.0005,5,0.15588,-5.15538,-0.5155,False,0.3,True,expanded_partial_feed,no quote success; mark heuristic and quote_failed
8UYCgRrxZc3XKY8PBJDSKubAUP4mpbxoj1EZJ7A5G9wy,1000,2h,conservative,1,0.0005,20,0.15588,-20.15538,-2.0155,False,0.3,True,expanded_partial_feed,no quote success; mark heuristic and quote_failed
8UYCgRrxZc3XKY8PBJDSKubAUP4mpbxoj1EZJ7A5G9wy,1000,6h,zero_il_lvr,1,0.0005,0,0.15588,-0.15538,-0.0155,False,0.3,True,expanded_partial_feed,no quote success; mark heuristic and quote_failed
8UYCgRrxZc3XKY8PBJDSKubAUP4mpbxoj1EZJ7A5G9wy,1000,6h,optimistic,1,0.0005,1,0.15588,-1.15538,-0.1155,False,0.3,True,expanded_partial_feed,no quote success; mark heuristic and quote_failed
8UYCgRrxZc3XKY8PBJDSKubAUP4mpbxoj1EZJ7A5G9wy,1000,6h,realistic,1,0.0005,5,0.15588,-5.15538,-0.5155,False,0.3,True,expanded_partial_feed,no quote success; mark heuristic and quote_failed
8UYCgRrxZc3XKY8PBJDSKubAUP4mpbxoj1EZJ7A5G9wy,1000,6h,conservative,1,0.0005,20,0.15588,-20.15538,-2.0155,False,0.3,True,expanded_partial_feed,no quote success; mark heuristic and quote_failed
8UYCgRrxZc3XKY8PBJDSKubAUP4mpbxoj1EZJ7A5G9wy,1000,24h,zero_il_lvr,1,0.0005,0,0.15588,-0.15538,-0.0155,False,0.3,True,expanded_partial_feed,no quote success; mark heuristic and quote_failed
8UYCgRrxZc3XKY8PBJDSKubAUP4mpbxoj1EZJ7A5G9wy,1000,24h,optimistic,1,0.0005,1,0.15588,-1.15538,-0.1155,False,0.3,True,expanded_partial_feed,no quote success; mark heuristic and quote_failed
8UYCgRrxZc3XKY8PBJDSKubAUP4mpbxoj1EZJ7A5G9wy,1000,24h,realistic,1,0.0005,5,0.15588,-5.15538,-0.5155,False,0.3,True,expanded_partial_feed,no quote success; mark heuristic and quote_failed
8UYCgRrxZc3XKY8PBJDSKubAUP4mpbxoj1EZJ7A5G9wy,1000,24h,conservative,1,0.0005,20,0.15588,-20.15538,-2.0155,False,0.3,True,expanded_partial_feed,no quote success; mark heuristic and quote_failed
8UYCgRrxZc3XKY8PBJDSKubAUP4mpbxoj1EZJ7A5G9wy,1000,7d,zero_il_lvr,1,0.0005,0,0.15588,-0.15538,-0.0155,False,0.3,True,expanded_partial_feed,no quote success; mark heuristic and quote_failed
8UYCgRrxZc3XKY8PBJDSKubAUP4mpbxoj1EZJ7A5G9wy,1000,7d,optimistic,1,0.0005,1,0.15588,-1.15538,-0.1155,False,0.3,True,expanded_partial_feed,no quote success; mark heuristic and quote_failed
8UYCgRrxZc3XKY8PBJDSKubAUP4mpbxoj1EZJ7A5G9wy,1000,7d,realistic,1,0.0005,5,0.15588,-5.15538,-0.5155,False,0.3,True,expanded_partial_feed,no quote success; mark heuristic and quote_failed
8UYCgRrxZc3XKY8PBJDSKubAUP4mpbxoj1EZJ7A5G9wy,1000,7d,conservative,1,0.0005,20,0.15588,-20.15538,-2.0155,False,0.3,True,expanded_partial_feed,no quote success; mark heuristic and quote_failed
8UYCgRrxZc3XKY8PBJDSKubAUP4mpbxoj1EZJ7A5G9wy,2000,15m,zero_il_lvr,1,0.001,0,0.15588,-0.15488,-0.0077,False,0.3,True,expanded_partial_feed,no quote success; mark heuristic and quote_failed
8UYCgRrxZc3XKY8PBJDSKubAUP4mpbxoj1EZJ7A5G9wy,2000,15m,optimistic,1,0.001,2,0.15588,-2.15488,-0.1077,False,0.3,True,expanded_partial_feed,no quote success; mark heuristic and quote_failed
8UYCgRrxZc3XKY8PBJDSKubAUP4mpbxoj1EZJ7A5G9wy,2000,15m,realistic,1,0.001,10,0.15588,-10.15488,-0.5077,False,0.3,True,expanded_partial_feed,no quote success; mark heuristic and quote_failed
8UYCgRrxZc3XKY8PBJDSKubAUP4mpbxoj1EZJ7A5G9wy,2000,15m,conservative,1,0.001,40,0.15588,-40.15488,-2.0077,False,0.3,True,expanded_partial_feed,no quote success; mark heuristic and quote_failed
8UYCgRrxZc3XKY8PBJDSKubAUP4mpbxoj1EZJ7A5G9wy,2000,30m,zero_il_lvr,1,0.001,0,0.15588,-0.15488,-0.0077,False,0.3,True,expanded_partial_feed,no quote success; mark heuristic and quote_failed
8UYCgRrxZc3XKY8PBJDSKubAUP4mpbxoj1EZJ7A5G9wy,2000,30m,optimistic,1,0.001,2,0.15588,-2.15488,-0.1077,False,0.3,True,expanded_partial_feed,no quote success; mark heuristic and quote_failed
8UYCgRrxZc3XKY8PBJDSKubAUP4mpbxoj1EZJ7A5G9wy,2000,30m,realistic,1,0.001,10,0.15588,-10.15488,-0.5077,False,0.3,True,expanded_partial_feed,no quote success; mark heuristic and quote_failed
8UYCgRrxZc3XKY8PBJDSKubAUP4mpbxoj1EZJ7A5G9wy,2000,30m,conservative,1,0.001,40,0.15588,-40.15488,-2.0077,False,0.3,True,expanded_partial_feed,no quote success; mark heuristic and quote_failed
8UYCgRrxZc3XKY8PBJDSKubAUP4mpbxoj1EZJ7A5G9wy,2000,1h,zero_il_lvr,1,0.001,0,0.15588,-0.15488,-0.0077,False,0.3,True,expanded_partial_feed,no quote success; mark heuristic and quote_failed
8UYCgRrxZc3XKY8PBJDSKubAUP4mpbxoj1EZJ7A5G9wy,2000,1h,optimistic,1,0.001,2,0.15588,-2.15488,-0.1077,False,0.3,True,expanded_partial_feed,no quote success; mark heuristic and quote_failed
8UYCgRrxZc3XKY8PBJDSKubAUP4mpbxoj1EZJ7A5G9wy,2000,1h,realistic,1,0.001,10,0.15588,-10.15488,-0.5077,False,0.3,True,expanded_partial_feed,no quote success; mark heuristic and quote_failed
8UYCgRrxZc3XKY8PBJDSKubAUP4mpbxoj1EZJ7A5G9wy,2000,1h,conservative,1,0.001,40,0.15588,-40.15488,-2.0077,False,0.3,True,expanded_partial_feed,no quote success; mark heuristic and quote_failed
8UYCgRrxZc3XKY8PBJDSKubAUP4mpbxoj1EZJ7A5G9wy,2000,2h,zero_il_lvr,1,0.001,0,0.15588,-0.15488,-0.0077,False,0.3,True,expanded_partial_feed,no quote success; mark heuristic and quote_failed
8UYCgRrxZc3XKY8PBJDSKubAUP4mpbxoj1EZJ7A5G9wy,2000,2h,optimistic,1,0.001,2,0.15588,-2.15488,-0.1077,False,0.3,True,expanded_partial_feed,no quote success; mark heuristic and quote_failed
8UYCgRrxZc3XKY8PBJDSKubAUP4mpbxoj1EZJ7A5G9wy,2000,2h,realistic,1,0.001,10,0.15588,-10.15488,-0.5077,False,0.3,True,expanded_partial_feed,no quote success; mark heuristic and quote_failed
8UYCgRrxZc3XKY8PBJDSKubAUP4mpbxoj1EZJ7A5G9wy,2000,2h,conservative,1,0.001,40,0.15588,-40.15488,-2.0077,False,0.3,True,expanded_partial_feed,no quote success; mark heuristic and quote_failed
8UYCgRrxZc3XKY8PBJDSKubAUP4mpbxoj1EZJ7A5G9wy,2000,6h,zero_il_lvr,1,0.001,0,0.15588,-0.15488,-0.0077,False,0.3,True,expanded_partial_feed,no quote success; mark heuristic and quote_failed
8UYCgRrxZc3XKY8PBJDSKubAUP4mpbxoj1EZJ7A5G9wy,2000,6h,optimistic,1,0.001,2,0.15588,-2.15488,-0.1077,False,0.3,True,expanded_partial_feed,no quote success; mark heuristic and quote_failed
8UYCgRrxZc3XKY8PBJDSKubAUP4mpbxoj1EZJ7A5G9wy,2000,6h,realistic,1,0.001,10,0.15588,-10.15488,-0.5077,False,0.3,True,expanded_partial_feed,no quote success; mark heuristic and quote_failed
8UYCgRrxZc3XKY8PBJDSKubAUP4mpbxoj1EZJ7A5G9wy,2000,6h,conservative,1,0.001,40,0.15588,-40.15488,-2.0077,False,0.3,True,expanded_partial_feed,no quote success; mark heuristic and quote_failed
8UYCgRrxZc3XKY8PBJDSKubAUP4mpbxoj1EZJ7A5G9wy,2000,24h,zero_il_lvr,1,0.001,0,0.15588,-0.15488,-0.0077,False,0.3,True,expanded_partial_feed,no quote success; mark heuristic and quote_failed
8UYCgRrxZc3XKY8PBJDSKubAUP4mpbxoj1EZJ7A5G9wy,2000,24h,optimistic,1,0.001,2,0.15588,-2.15488,-0.1077,False,0.3,True,expanded_partial_feed,no quote success; mark heuristic and quote_failed
8UYCgRrxZc3XKY8PBJDSKubAUP4mpbxoj1EZJ7A5G9wy,2000,24h,realistic,1,0.001,10,0.15588,-10.15488,-0.5077,False,0.3,True,expanded_partial_feed,no quote success; mark heuristic and quote_failed
8UYCgRrxZc3XKY8PBJDSKubAUP4mpbxoj1EZJ7A5G9wy,2000,24h,conservative,1,0.001,40,0.15588,-40.15488,-2.0077,False,0.3,True,expanded_partial_feed,no quote success; mark heuristic and quote_failed
8UYCgRrxZc3XKY8PBJDSKubAUP4mpbxoj1EZJ7A5G9wy,2000,7d,zero_il_lvr,1,0.001,0,0.15588,-0.15488,-0.0077,False,0.3,True,expanded_partial_feed,no quote success; mark heuristic and quote_failed
8UYCgRrxZc3XKY8PBJDSKubAUP4mpbxoj1EZJ7A5G9wy,2000,7d,optimistic,1,0.001,2,0.15588,-2.15488,-0.1077,False,0.3,True,expanded_partial_feed,no quote success; mark heuristic and quote_failed
8UYCgRrxZc3XKY8PBJDSKubAUP4mpbxoj1EZJ7A5G9wy,2000,7d,realistic,1,0.001,10,0.15588,-10.15488,-0.5077,False,0.3,True,expanded_partial_feed,no quote success; mark heuristic and quote_failed
8UYCgRrxZc3XKY8PBJDSKubAUP4mpbxoj1EZJ7A5G9wy,2000,7d,conservative,1,0.001,40,0.15588,-40.15488,-2.0077,False,0.3,True,expanded_partial_feed,no quote success; mark heuristic and quote_failed
