pool_address,protocol,name,token0_symbol,token1_symbol,fee_tier_bps,tvl_usd,volume_usd_h24,price_change_pct_h24,risk_level,size_usdc,range_label,range_pct,hold_hours,expected_fee_usd,expected_il_usd,gas_cycle_usd,expected_net_pnl_usd,fee_per_dollar_per_day,il_pct_per_day,recommendation
0xb2cc224c1c9fee385f8ad6a55b4d94e92359dc59,aerodrome-slipstream,WETH / USDC 0.05%,WETH,USDC,5,8742318.4584,134650766.605207,1.236,LOW,1.0,medium_15pct,0.15,1,0.000321,0.000154,0.3,-0.299834,0.00770109,0.003708,NO_GO
0xb2cc224c1c9fee385f8ad6a55b4d94e92359dc59,aerodrome-slipstream,WETH / USDC 0.05%,WETH,USDC,5,8742318.4584,134650766.605207,1.236,LOW,1.0,medium_15pct,0.15,6,0.001925,0.000927,0.3,-0.299002,0.00770109,0.003708,NO_GO
0xb2cc224c1c9fee385f8ad6a55b4d94e92359dc59,aerodrome-slipstream,WETH / USDC 0.05%,WETH,USDC,5,8742318.4584,134650766.605207,1.236,LOW,1.0,medium_15pct,0.15,24,0.007701,0.003708,0.3,-0.296007,0.00770109,0.003708,NO_GO
0xb2cc224c1c9fee385f8ad6a55b4d94e92359dc59,aerodrome-slipstream,WETH / USDC 0.05%,WETH,USDC,5,8742318.4584,134650766.605207,1.236,LOW,1.0,medium_15pct,0.15,72,0.023103,0.011124,0.3,-0.288021,0.00770109,0.003708,NO_GO
0xb2cc224c1c9fee385f8ad6a55b4d94e92359dc59,aerodrome-slipstream,WETH / USDC 0.05%,WETH,USDC,5,8742318.4584,134650766.605207,1.236,LOW,1.0,medium_15pct,0.15,168,0.053908,0.025956,0.3,-0.272048,0.00770109,0.003708,NO_GO
0xb2cc224c1c9fee385f8ad6a55b4d94e92359dc59,aerodrome-slipstream,WETH / USDC 0.05%,WETH,USDC,5,8742318.4584,134650766.605207,1.236,LOW,3.0,medium_15pct,0.15,1,0.000963,0.000463,0.3,-0.299501,0.00770109,0.003708,NO_GO
0xb2cc224c1c9fee385f8ad6a55b4d94e92359dc59,aerodrome-slipstream,WETH / USDC 0.05%,WETH,USDC,5,8742318.4584,134650766.605207,1.236,LOW,3.0,medium_15pct,0.15,6,0.005776,0.002781,0.3,-0.297005,0.00770109,0.003708,NO_GO
0xb2cc224c1c9fee385f8ad6a55b4d94e92359dc59,aerodrome-slipstream,WETH / USDC 0.05%,WETH,USDC,5,8742318.4584,134650766.605207,1.236,LOW,3.0,medium_15pct,0.15,24,0.023103,0.011124,0.3,-0.288021,0.00770109,0.003708,NO_GO
0xb2cc224c1c9fee385f8ad6a55b4d94e92359dc59,aerodrome-slipstream,WETH / USDC 0.05%,WETH,USDC,5,8742318.4584,134650766.605207,1.236,LOW,3.0,medium_15pct,0.15,72,0.06931,0.033372,0.3,-0.264062,0.00770109,0.003708,NO_GO
0xb2cc224c1c9fee385f8ad6a55b4d94e92359dc59,aerodrome-slipstream,WETH / USDC 0.05%,WETH,USDC,5,8742318.4584,134650766.605207,1.236,LOW,3.0,medium_15pct,0.15,168,0.161723,0.077868,0.3,-0.216145,0.00770109,0.003708,NO_GO
0xb2cc224c1c9fee385f8ad6a55b4d94e92359dc59,aerodrome-slipstream,WETH / USDC 0.05%,WETH,USDC,5,8742318.4584,134650766.605207,1.236,LOW,5.0,medium_15pct,0.15,1,0.001604,0.000772,0.3,-0.299168,0.00770109,0.003708,NO_GO
0xb2cc224c1c9fee385f8ad6a55b4d94e92359dc59,aerodrome-slipstream,WETH / USDC 0.05%,WETH,USDC,5,8742318.4584,134650766.605207,1.236,LOW,5.0,medium_15pct,0.15,6,0.009626,0.004635,0.3,-0.295009,0.00770109,0.003708,NO_GO
0xb2cc224c1c9fee385f8ad6a55b4d94e92359dc59,aerodrome-slipstream,WETH / USDC 0.05%,WETH,USDC,5,8742318.4584,134650766.605207,1.236,LOW,5.0,medium_15pct,0.15,24,0.038505,0.01854,0.3,-0.280035,0.00770109,0.003708,NO_GO
0xb2cc224c1c9fee385f8ad6a55b4d94e92359dc59,aerodrome-slipstream,WETH / USDC 0.05%,WETH,USDC,5,8742318.4584,134650766.605207,1.236,LOW,5.0,medium_15pct,0.15,72,0.115516,0.05562,0.3,-0.240104,0.00770109,0.003708,NO_GO
0xb2cc224c1c9fee385f8ad6a55b4d94e92359dc59,aerodrome-slipstream,WETH / USDC 0.05%,WETH,USDC,5,8742318.4584,134650766.605207,1.236,LOW,5.0,medium_15pct,0.15,168,0.269538,0.12978,0.3,-0.160242,0.00770109,0.003708,NO_GO
0xb2cc224c1c9fee385f8ad6a55b4d94e92359dc59,aerodrome-slipstream,WETH / USDC 0.05%,WETH,USDC,5,8742318.4584,134650766.605207,1.236,LOW,10.0,medium_15pct,0.15,1,0.003209,0.001545,0.3,-0.298336,0.00770109,0.003708,NO_GO
0xb2cc224c1c9fee385f8ad6a55b4d94e92359dc59,aerodrome-slipstream,WETH / USDC 0.05%,WETH,USDC,5,8742318.4584,134650766.605207,1.236,LOW,10.0,medium_15pct,0.15,6,0.019253,0.00927,0.3,-0.290017,0.00770109,0.003708,NO_GO
0xb2cc224c1c9fee385f8ad6a55b4d94e92359dc59,aerodrome-slipstream,WETH / USDC 0.05%,WETH,USDC,5,8742318.4584,134650766.605207,1.236,LOW,10.0,medium_15pct,0.15,24,0.077011,0.03708,0.3,-0.260069,0.00770109,0.003708,NO_GO
0xb2cc224c1c9fee385f8ad6a55b4d94e92359dc59,aerodrome-slipstream,WETH / USDC 0.05%,WETH,USDC,5,8742318.4584,134650766.605207,1.236,LOW,10.0,medium_15pct,0.15,72,0.231033,0.11124,0.3,-0.180207,0.00770109,0.003708,NO_GO
0xb2cc224c1c9fee385f8ad6a55b4d94e92359dc59,aerodrome-slipstream,WETH / USDC 0.05%,WETH,USDC,5,8742318.4584,134650766.605207,1.236,LOW,10.0,medium_15pct,0.15,168,0.539076,0.25956,0.3,-0.020484,0.00770109,0.003708,NEED_MORE_DATA
0xb2cc224c1c9fee385f8ad6a55b4d94e92359dc59,aerodrome-slipstream,WETH / USDC 0.05%,WETH,USDC,5,8742318.4584,134650766.605207,1.236,LOW,25.0,medium_15pct,0.15,1,0.008022,0.003862,0.3,-0.295841,0.00770109,0.003708,NO_GO
0xb2cc224c1c9fee385f8ad6a55b4d94e92359dc59,aerodrome-slipstream,WETH / USDC 0.05%,WETH,USDC,5,8742318.4584,134650766.605207,1.236,LOW,25.0,medium_15pct,0.15,6,0.048132,0.023175,0.3,-0.275043,0.00770109,0.003708,NO_GO
0xb2cc224c1c9fee385f8ad6a55b4d94e92359dc59,aerodrome-slipstream,WETH / USDC 0.05%,WETH,USDC,5,8742318.4584,134650766.605207,1.236,LOW,25.0,medium_15pct,0.15,24,0.192527,0.0927,0.3,-0.200173,0.00770109,0.003708,NO_GO
0xb2cc224c1c9fee385f8ad6a55b4d94e92359dc59,aerodrome-slipstream,WETH / USDC 0.05%,WETH,USDC,5,8742318.4584,134650766.605207,1.236,LOW,25.0,medium_15pct,0.15,72,0.577582,0.2781,0.3,-0.000518,0.00770109,0.003708,NEED_MORE_DATA
0xb2cc224c1c9fee385f8ad6a55b4d94e92359dc59,aerodrome-slipstream,WETH / USDC 0.05%,WETH,USDC,5,8742318.4584,134650766.605207,1.236,LOW,25.0,medium_15pct,0.15,168,1.347691,0.6489,0.3,0.398791,0.00770109,0.003708,GO
0xb2cc224c1c9fee385f8ad6a55b4d94e92359dc59,aerodrome-slipstream,WETH / USDC 0.05%,WETH,USDC,5,8742318.4584,134650766.605207,1.236,LOW,50.0,medium_15pct,0.15,1,0.016044,0.007725,0.3,-0.291681,0.00770109,0.003708,NO_GO
0xb2cc224c1c9fee385f8ad6a55b4d94e92359dc59,aerodrome-slipstream,WETH / USDC 0.05%,WETH,USDC,5,8742318.4584,134650766.605207,1.236,LOW,50.0,medium_15pct,0.15,6,0.096264,0.04635,0.3,-0.250086,0.00770109,0.003708,NO_GO
0xb2cc224c1c9fee385f8ad6a55b4d94e92359dc59,aerodrome-slipstream,WETH / USDC 0.05%,WETH,USDC,5,8742318.4584,134650766.605207,1.236,LOW,50.0,medium_15pct,0.15,24,0.385055,0.1854,0.3,-0.100345,0.00770109,0.003708,NO_GO
0xb2cc224c1c9fee385f8ad6a55b4d94e92359dc59,aerodrome-slipstream,WETH / USDC 0.05%,WETH,USDC,5,8742318.4584,134650766.605207,1.236,LOW,50.0,medium_15pct,0.15,72,1.155164,0.5562,0.3,0.298964,0.00770109,0.003708,GO
0xb2cc224c1c9fee385f8ad6a55b4d94e92359dc59,aerodrome-slipstream,WETH / USDC 0.05%,WETH,USDC,5,8742318.4584,134650766.605207,1.236,LOW,50.0,medium_15pct,0.15,168,2.695382,1.2978,0.3,1.097582,0.00770109,0.003708,GO
0x4e962bb3889bf030368f56810a9c96b83cb3e778,aerodrome-slipstream,cbBTC / USDC 0.05%,cbBTC,USDC,5,9240186.7229,120355850.697581,1.845,MEDIUM,1.0,medium_15pct,0.15,1,0.000271,0.000231,0.3,-0.299959,0.00651263,0.005535,NO_GO
0x4e962bb3889bf030368f56810a9c96b83cb3e778,aerodrome-slipstream,cbBTC / USDC 0.05%,cbBTC,USDC,5,9240186.7229,120355850.697581,1.845,MEDIUM,1.0,medium_15pct,0.15,6,0.001628,0.001384,0.3,-0.299756,0.00651263,0.005535,NO_GO
0x4e962bb3889bf030368f56810a9c96b83cb3e778,aerodrome-slipstream,cbBTC / USDC 0.05%,cbBTC,USDC,5,9240186.7229,120355850.697581,1.845,MEDIUM,1.0,medium_15pct,0.15,24,0.006513,0.005535,0.3,-0.299022,0.00651263,0.005535,NO_GO
0x4e962bb3889bf030368f56810a9c96b83cb3e778,aerodrome-slipstream,cbBTC / USDC 0.05%,cbBTC,USDC,5,9240186.7229,120355850.697581,1.845,MEDIUM,1.0,medium_15pct,0.15,72,0.019538,0.016605,0.3,-0.297067,0.00651263,0.005535,NO_GO
0x4e962bb3889bf030368f56810a9c96b83cb3e778,aerodrome-slipstream,cbBTC / USDC 0.05%,cbBTC,USDC,5,9240186.7229,120355850.697581,1.845,MEDIUM,1.0,medium_15pct,0.15,168,0.045588,0.038745,0.3,-0.293157,0.00651263,0.005535,NO_GO
0x4e962bb3889bf030368f56810a9c96b83cb3e778,aerodrome-slipstream,cbBTC / USDC 0.05%,cbBTC,USDC,5,9240186.7229,120355850.697581,1.845,MEDIUM,3.0,medium_15pct,0.15,1,0.000814,0.000692,0.3,-0.299878,0.00651263,0.005535,NO_GO
0x4e962bb3889bf030368f56810a9c96b83cb3e778,aerodrome-slipstream,cbBTC / USDC 0.05%,cbBTC,USDC,5,9240186.7229,120355850.697581,1.845,MEDIUM,3.0,medium_15pct,0.15,6,0.004884,0.004151,0.3,-0.299267,0.00651263,0.005535,NO_GO
0x4e962bb3889bf030368f56810a9c96b83cb3e778,aerodrome-slipstream,cbBTC / USDC 0.05%,cbBTC,USDC,5,9240186.7229,120355850.697581,1.845,MEDIUM,3.0,medium_15pct,0.15,24,0.019538,0.016605,0.3,-0.297067,0.00651263,0.005535,NO_GO
0x4e962bb3889bf030368f56810a9c96b83cb3e778,aerodrome-slipstream,cbBTC / USDC 0.05%,cbBTC,USDC,5,9240186.7229,120355850.697581,1.845,MEDIUM,3.0,medium_15pct,0.15,72,0.058614,0.049815,0.3,-0.291201,0.00651263,0.005535,NO_GO
0x4e962bb3889bf030368f56810a9c96b83cb3e778,aerodrome-slipstream,cbBTC / USDC 0.05%,cbBTC,USDC,5,9240186.7229,120355850.697581,1.845,MEDIUM,3.0,medium_15pct,0.15,168,0.136765,0.116235,0.3,-0.27947,0.00651263,0.005535,NO_GO
0x4e962bb3889bf030368f56810a9c96b83cb3e778,aerodrome-slipstream,cbBTC / USDC 0.05%,cbBTC,USDC,5,9240186.7229,120355850.697581,1.845,MEDIUM,5.0,medium_15pct,0.15,1,0.001357,0.001153,0.3,-0.299796,0.00651263,0.005535,NO_GO
0x4e962bb3889bf030368f56810a9c96b83cb3e778,aerodrome-slipstream,cbBTC / USDC 0.05%,cbBTC,USDC,5,9240186.7229,120355850.697581,1.845,MEDIUM,5.0,medium_15pct,0.15,6,0.008141,0.006919,0.3,-0.298778,0.00651263,0.005535,NO_GO
0x4e962bb3889bf030368f56810a9c96b83cb3e778,aerodrome-slipstream,cbBTC / USDC 0.05%,cbBTC,USDC,5,9240186.7229,120355850.697581,1.845,MEDIUM,5.0,medium_15pct,0.15,24,0.032563,0.027675,0.3,-0.295112,0.00651263,0.005535,NO_GO
0x4e962bb3889bf030368f56810a9c96b83cb3e778,aerodrome-slipstream,cbBTC / USDC 0.05%,cbBTC,USDC,5,9240186.7229,120355850.697581,1.845,MEDIUM,5.0,medium_15pct,0.15,72,0.097689,0.083025,0.3,-0.285336,0.00651263,0.005535,NO_GO
0x4e962bb3889bf030368f56810a9c96b83cb3e778,aerodrome-slipstream,cbBTC / USDC 0.05%,cbBTC,USDC,5,9240186.7229,120355850.697581,1.845,MEDIUM,5.0,medium_15pct,0.15,168,0.227942,0.193725,0.3,-0.265783,0.00651263,0.005535,NO_GO
0x4e962bb3889bf030368f56810a9c96b83cb3e778,aerodrome-slipstream,cbBTC / USDC 0.05%,cbBTC,USDC,5,9240186.7229,120355850.697581,1.845,MEDIUM,10.0,medium_15pct,0.15,1,0.002714,0.002306,0.3,-0.299593,0.00651263,0.005535,NO_GO
0x4e962bb3889bf030368f56810a9c96b83cb3e778,aerodrome-slipstream,cbBTC / USDC 0.05%,cbBTC,USDC,5,9240186.7229,120355850.697581,1.845,MEDIUM,10.0,medium_15pct,0.15,6,0.016282,0.013837,0.3,-0.297556,0.00651263,0.005535,NO_GO
0x4e962bb3889bf030368f56810a9c96b83cb3e778,aerodrome-slipstream,cbBTC / USDC 0.05%,cbBTC,USDC,5,9240186.7229,120355850.697581,1.845,MEDIUM,10.0,medium_15pct,0.15,24,0.065126,0.05535,0.3,-0.290224,0.00651263,0.005535,NO_GO
0x4e962bb3889bf030368f56810a9c96b83cb3e778,aerodrome-slipstream,cbBTC / USDC 0.05%,cbBTC,USDC,5,9240186.7229,120355850.697581,1.845,MEDIUM,10.0,medium_15pct,0.15,72,0.195379,0.16605,0.3,-0.270671,0.00651263,0.005535,NO_GO
0x4e962bb3889bf030368f56810a9c96b83cb3e778,aerodrome-slipstream,cbBTC / USDC 0.05%,cbBTC,USDC,5,9240186.7229,120355850.697581,1.845,MEDIUM,10.0,medium_15pct,0.15,168,0.455884,0.38745,0.3,-0.231566,0.00651263,0.005535,NO_GO
0x4e962bb3889bf030368f56810a9c96b83cb3e778,aerodrome-slipstream,cbBTC / USDC 0.05%,cbBTC,USDC,5,9240186.7229,120355850.697581,1.845,MEDIUM,25.0,medium_15pct,0.15,1,0.006784,0.005766,0.3,-0.298982,0.00651263,0.005535,NO_GO
0x4e962bb3889bf030368f56810a9c96b83cb3e778,aerodrome-slipstream,cbBTC / USDC 0.05%,cbBTC,USDC,5,9240186.7229,120355850.697581,1.845,MEDIUM,25.0,medium_15pct,0.15,6,0.040704,0.034594,0.3,-0.29389,0.00651263,0.005535,NO_GO
0x4e962bb3889bf030368f56810a9c96b83cb3e778,aerodrome-slipstream,cbBTC / USDC 0.05%,cbBTC,USDC,5,9240186.7229,120355850.697581,1.845,MEDIUM,25.0,medium_15pct,0.15,24,0.162816,0.138375,0.3,-0.275559,0.00651263,0.005535,NO_GO
0x4e962bb3889bf030368f56810a9c96b83cb3e778,aerodrome-slipstream,cbBTC / USDC 0.05%,cbBTC,USDC,5,9240186.7229,120355850.697581,1.845,MEDIUM,25.0,medium_15pct,0.15,72,0.488447,0.415125,0.3,-0.226678,0.00651263,0.005535,NO_GO
0x4e962bb3889bf030368f56810a9c96b83cb3e778,aerodrome-slipstream,cbBTC / USDC 0.05%,cbBTC,USDC,5,9240186.7229,120355850.697581,1.845,MEDIUM,25.0,medium_15pct,0.15,168,1.13971,0.968625,0.3,-0.128915,0.00651263,0.005535,NO_GO
0x4e962bb3889bf030368f56810a9c96b83cb3e778,aerodrome-slipstream,cbBTC / USDC 0.05%,cbBTC,USDC,5,9240186.7229,120355850.697581,1.845,MEDIUM,50.0,medium_15pct,0.15,1,0.013568,0.011531,0.3,-0.297963,0.00651263,0.005535,NO_GO
0x4e962bb3889bf030368f56810a9c96b83cb3e778,aerodrome-slipstream,cbBTC / USDC 0.05%,cbBTC,USDC,5,9240186.7229,120355850.697581,1.845,MEDIUM,50.0,medium_15pct,0.15,6,0.081408,0.069187,0.3,-0.28778,0.00651263,0.005535,NO_GO
0x4e962bb3889bf030368f56810a9c96b83cb3e778,aerodrome-slipstream,cbBTC / USDC 0.05%,cbBTC,USDC,5,9240186.7229,120355850.697581,1.845,MEDIUM,50.0,medium_15pct,0.15,24,0.325632,0.27675,0.3,-0.251118,0.00651263,0.005535,NO_GO
0x4e962bb3889bf030368f56810a9c96b83cb3e778,aerodrome-slipstream,cbBTC / USDC 0.05%,cbBTC,USDC,5,9240186.7229,120355850.697581,1.845,MEDIUM,50.0,medium_15pct,0.15,72,0.976895,0.83025,0.3,-0.153355,0.00651263,0.005535,NO_GO
0x4e962bb3889bf030368f56810a9c96b83cb3e778,aerodrome-slipstream,cbBTC / USDC 0.05%,cbBTC,USDC,5,9240186.7229,120355850.697581,1.845,MEDIUM,50.0,medium_15pct,0.15,168,2.279421,1.93725,0.3,0.042171,0.00651263,0.005535,NEED_MORE_DATA
0x6c561b446416e1a00e8e93e221854d6ea4171372,uniswap-v3-base,WETH / USDC 0.3%,WETH,USDC,30,96309082.0801,117238738.117396,1.258,LOW,1.0,medium_15pct,0.15,1,0.000152,0.000157,0.3,-0.300005,0.00365195,0.003774,NO_GO
0x6c561b446416e1a00e8e93e221854d6ea4171372,uniswap-v3-base,WETH / USDC 0.3%,WETH,USDC,30,96309082.0801,117238738.117396,1.258,LOW,1.0,medium_15pct,0.15,6,0.000913,0.000944,0.3,-0.300031,0.00365195,0.003774,NO_GO
0x6c561b446416e1a00e8e93e221854d6ea4171372,uniswap-v3-base,WETH / USDC 0.3%,WETH,USDC,30,96309082.0801,117238738.117396,1.258,LOW,1.0,medium_15pct,0.15,24,0.003652,0.003774,0.3,-0.300122,0.00365195,0.003774,NO_GO
0x6c561b446416e1a00e8e93e221854d6ea4171372,uniswap-v3-base,WETH / USDC 0.3%,WETH,USDC,30,96309082.0801,117238738.117396,1.258,LOW,1.0,medium_15pct,0.15,72,0.010956,0.011322,0.3,-0.300366,0.00365195,0.003774,NO_GO
0x6c561b446416e1a00e8e93e221854d6ea4171372,uniswap-v3-base,WETH / USDC 0.3%,WETH,USDC,30,96309082.0801,117238738.117396,1.258,LOW,1.0,medium_15pct,0.15,168,0.025564,0.026418,0.3,-0.300854,0.00365195,0.003774,NO_GO
0x6c561b446416e1a00e8e93e221854d6ea4171372,uniswap-v3-base,WETH / USDC 0.3%,WETH,USDC,30,96309082.0801,117238738.117396,1.258,LOW,3.0,medium_15pct,0.15,1,0.000456,0.000472,0.3,-0.300015,0.00365195,0.003774,NO_GO
0x6c561b446416e1a00e8e93e221854d6ea4171372,uniswap-v3-base,WETH / USDC 0.3%,WETH,USDC,30,96309082.0801,117238738.117396,1.258,LOW,3.0,medium_15pct,0.15,6,0.002739,0.002831,0.3,-0.300092,0.00365195,0.003774,NO_GO
0x6c561b446416e1a00e8e93e221854d6ea4171372,uniswap-v3-base,WETH / USDC 0.3%,WETH,USDC,30,96309082.0801,117238738.117396,1.258,LOW,3.0,medium_15pct,0.15,24,0.010956,0.011322,0.3,-0.300366,0.00365195,0.003774,NO_GO
0x6c561b446416e1a00e8e93e221854d6ea4171372,uniswap-v3-base,WETH / USDC 0.3%,WETH,USDC,30,96309082.0801,117238738.117396,1.258,LOW,3.0,medium_15pct,0.15,72,0.032868,0.033966,0.3,-0.301098,0.00365195,0.003774,NO_GO
0x6c561b446416e1a00e8e93e221854d6ea4171372,uniswap-v3-base,WETH / USDC 0.3%,WETH,USDC,30,96309082.0801,117238738.117396,1.258,LOW,3.0,medium_15pct,0.15,168,0.076691,0.079254,0.3,-0.302563,0.00365195,0.003774,NO_GO
0x6c561b446416e1a00e8e93e221854d6ea4171372,uniswap-v3-base,WETH / USDC 0.3%,WETH,USDC,30,96309082.0801,117238738.117396,1.258,LOW,5.0,medium_15pct,0.15,1,0.000761,0.000786,0.3,-0.300025,0.00365195,0.003774,NO_GO
0x6c561b446416e1a00e8e93e221854d6ea4171372,uniswap-v3-base,WETH / USDC 0.3%,WETH,USDC,30,96309082.0801,117238738.117396,1.258,LOW,5.0,medium_15pct,0.15,6,0.004565,0.004718,0.3,-0.300153,0.00365195,0.003774,NO_GO
0x6c561b446416e1a00e8e93e221854d6ea4171372,uniswap-v3-base,WETH / USDC 0.3%,WETH,USDC,30,96309082.0801,117238738.117396,1.258,LOW,5.0,medium_15pct,0.15,24,0.01826,0.01887,0.3,-0.30061,0.00365195,0.003774,NO_GO
0x6c561b446416e1a00e8e93e221854d6ea4171372,uniswap-v3-base,WETH / USDC 0.3%,WETH,USDC,30,96309082.0801,117238738.117396,1.258,LOW,5.0,medium_15pct,0.15,72,0.054779,0.05661,0.3,-0.301831,0.00365195,0.003774,NO_GO
0x6c561b446416e1a00e8e93e221854d6ea4171372,uniswap-v3-base,WETH / USDC 0.3%,WETH,USDC,30,96309082.0801,117238738.117396,1.258,LOW,5.0,medium_15pct,0.15,168,0.127818,0.13209,0.3,-0.304272,0.00365195,0.003774,NO_GO
0x6c561b446416e1a00e8e93e221854d6ea4171372,uniswap-v3-base,WETH / USDC 0.3%,WETH,USDC,30,96309082.0801,117238738.117396,1.258,LOW,10.0,medium_15pct,0.15,1,0.001522,0.001573,0.3,-0.300051,0.00365195,0.003774,NO_GO
0x6c561b446416e1a00e8e93e221854d6ea4171372,uniswap-v3-base,WETH / USDC 0.3%,WETH,USDC,30,96309082.0801,117238738.117396,1.258,LOW,10.0,medium_15pct,0.15,6,0.00913,0.009435,0.3,-0.300305,0.00365195,0.003774,NO_GO
0x6c561b446416e1a00e8e93e221854d6ea4171372,uniswap-v3-base,WETH / USDC 0.3%,WETH,USDC,30,96309082.0801,117238738.117396,1.258,LOW,10.0,medium_15pct,0.15,24,0.03652,0.03774,0.3,-0.30122,0.00365195,0.003774,NO_GO
0x6c561b446416e1a00e8e93e221854d6ea4171372,uniswap-v3-base,WETH / USDC 0.3%,WETH,USDC,30,96309082.0801,117238738.117396,1.258,LOW,10.0,medium_15pct,0.15,72,0.109559,0.11322,0.3,-0.303661,0.00365195,0.003774,NO_GO
0x6c561b446416e1a00e8e93e221854d6ea4171372,uniswap-v3-base,WETH / USDC 0.3%,WETH,USDC,30,96309082.0801,117238738.117396,1.258,LOW,10.0,medium_15pct,0.15,168,0.255637,0.26418,0.3,-0.308543,0.00365195,0.003774,NO_GO
0x6c561b446416e1a00e8e93e221854d6ea4171372,uniswap-v3-base,WETH / USDC 0.3%,WETH,USDC,30,96309082.0801,117238738.117396,1.258,LOW,25.0,medium_15pct,0.15,1,0.003804,0.003931,0.3,-0.300127,0.00365195,0.003774,NO_GO
0x6c561b446416e1a00e8e93e221854d6ea4171372,uniswap-v3-base,WETH / USDC 0.3%,WETH,USDC,30,96309082.0801,117238738.117396,1.258,LOW,25.0,medium_15pct,0.15,6,0.022825,0.023588,0.3,-0.300763,0.00365195,0.003774,NO_GO
0x6c561b446416e1a00e8e93e221854d6ea4171372,uniswap-v3-base,WETH / USDC 0.3%,WETH,USDC,30,96309082.0801,117238738.117396,1.258,LOW,25.0,medium_15pct,0.15,24,0.091299,0.09435,0.3,-0.303051,0.00365195,0.003774,NO_GO
0x6c561b446416e1a00e8e93e221854d6ea4171372,uniswap-v3-base,WETH / USDC 0.3%,WETH,USDC,30,96309082.0801,117238738.117396,1.258,LOW,25.0,medium_15pct,0.15,72,0.273896,0.28305,0.3,-0.309154,0.00365195,0.003774,NO_GO
0x6c561b446416e1a00e8e93e221854d6ea4171372,uniswap-v3-base,WETH / USDC 0.3%,WETH,USDC,30,96309082.0801,117238738.117396,1.258,LOW,25.0,medium_15pct,0.15,168,0.639092,0.66045,0.3,-0.321358,0.00365195,0.003774,NO_GO
0x6c561b446416e1a00e8e93e221854d6ea4171372,uniswap-v3-base,WETH / USDC 0.3%,WETH,USDC,30,96309082.0801,117238738.117396,1.258,LOW,50.0,medium_15pct,0.15,1,0.007608,0.007862,0.3,-0.300254,0.00365195,0.003774,NO_GO
0x6c561b446416e1a00e8e93e221854d6ea4171372,uniswap-v3-base,WETH / USDC 0.3%,WETH,USDC,30,96309082.0801,117238738.117396,1.258,LOW,50.0,medium_15pct,0.15,6,0.045649,0.047175,0.3,-0.301526,0.00365195,0.003774,NO_GO
0x6c561b446416e1a00e8e93e221854d6ea4171372,uniswap-v3-base,WETH / USDC 0.3%,WETH,USDC,30,96309082.0801,117238738.117396,1.258,LOW,50.0,medium_15pct,0.15,24,0.182598,0.1887,0.3,-0.306102,0.00365195,0.003774,NO_GO
0x6c561b446416e1a00e8e93e221854d6ea4171372,uniswap-v3-base,WETH / USDC 0.3%,WETH,USDC,30,96309082.0801,117238738.117396,1.258,LOW,50.0,medium_15pct,0.15,72,0.547793,0.5661,0.3,-0.318307,0.00365195,0.003774,NO_GO
0x6c561b446416e1a00e8e93e221854d6ea4171372,uniswap-v3-base,WETH / USDC 0.3%,WETH,USDC,30,96309082.0801,117238738.117396,1.258,LOW,50.0,medium_15pct,0.15,168,1.278183,1.3209,0.3,-0.342717,0.00365195,0.003774,NO_GO
0x70acdf2ad0bf2402c957154f944c19ef4e1cbae1,aerodrome-slipstream,cbBTC / WETH 0.05%,cbBTC,WETH,5,12476924.3528,83327150.5549506,1.842,MEDIUM,1.0,medium_15pct,0.15,1,0.000139,0.00023,0.3,-0.300091,0.00333925,0.005526,NO_GO
0x70acdf2ad0bf2402c957154f944c19ef4e1cbae1,aerodrome-slipstream,cbBTC / WETH 0.05%,cbBTC,WETH,5,12476924.3528,83327150.5549506,1.842,MEDIUM,1.0,medium_15pct,0.15,6,0.000835,0.001382,0.3,-0.300547,0.00333925,0.005526,NO_GO
0x70acdf2ad0bf2402c957154f944c19ef4e1cbae1,aerodrome-slipstream,cbBTC / WETH 0.05%,cbBTC,WETH,5,12476924.3528,83327150.5549506,1.842,MEDIUM,1.0,medium_15pct,0.15,24,0.003339,0.005526,0.3,-0.302187,0.00333925,0.005526,NO_GO
0x70acdf2ad0bf2402c957154f944c19ef4e1cbae1,aerodrome-slipstream,cbBTC / WETH 0.05%,cbBTC,WETH,5,12476924.3528,83327150.5549506,1.842,MEDIUM,1.0,medium_15pct,0.15,72,0.010018,0.016578,0.3,-0.30656,0.00333925,0.005526,NO_GO
0x70acdf2ad0bf2402c957154f944c19ef4e1cbae1,aerodrome-slipstream,cbBTC / WETH 0.05%,cbBTC,WETH,5,12476924.3528,83327150.5549506,1.842,MEDIUM,1.0,medium_15pct,0.15,168,0.023375,0.038682,0.3,-0.315307,0.00333925,0.005526,NO_GO
0x70acdf2ad0bf2402c957154f944c19ef4e1cbae1,aerodrome-slipstream,cbBTC / WETH 0.05%,cbBTC,WETH,5,12476924.3528,83327150.5549506,1.842,MEDIUM,3.0,medium_15pct,0.15,1,0.000417,0.000691,0.3,-0.300273,0.00333925,0.005526,NO_GO
0x70acdf2ad0bf2402c957154f944c19ef4e1cbae1,aerodrome-slipstream,cbBTC / WETH 0.05%,cbBTC,WETH,5,12476924.3528,83327150.5549506,1.842,MEDIUM,3.0,medium_15pct,0.15,6,0.002504,0.004145,0.3,-0.30164,0.00333925,0.005526,NO_GO
0x70acdf2ad0bf2402c957154f944c19ef4e1cbae1,aerodrome-slipstream,cbBTC / WETH 0.05%,cbBTC,WETH,5,12476924.3528,83327150.5549506,1.842,MEDIUM,3.0,medium_15pct,0.15,24,0.010018,0.016578,0.3,-0.30656,0.00333925,0.005526,NO_GO
0x70acdf2ad0bf2402c957154f944c19ef4e1cbae1,aerodrome-slipstream,cbBTC / WETH 0.05%,cbBTC,WETH,5,12476924.3528,83327150.5549506,1.842,MEDIUM,3.0,medium_15pct,0.15,72,0.030053,0.049734,0.3,-0.319681,0.00333925,0.005526,NO_GO
0x70acdf2ad0bf2402c957154f944c19ef4e1cbae1,aerodrome-slipstream,cbBTC / WETH 0.05%,cbBTC,WETH,5,12476924.3528,83327150.5549506,1.842,MEDIUM,3.0,medium_15pct,0.15,168,0.070124,0.116046,0.3,-0.345922,0.00333925,0.005526,NO_GO
0x70acdf2ad0bf2402c957154f944c19ef4e1cbae1,aerodrome-slipstream,cbBTC / WETH 0.05%,cbBTC,WETH,5,12476924.3528,83327150.5549506,1.842,MEDIUM,5.0,medium_15pct,0.15,1,0.000696,0.001151,0.3,-0.300456,0.00333925,0.005526,NO_GO
0x70acdf2ad0bf2402c957154f944c19ef4e1cbae1,aerodrome-slipstream,cbBTC / WETH 0.05%,cbBTC,WETH,5,12476924.3528,83327150.5549506,1.842,MEDIUM,5.0,medium_15pct,0.15,6,0.004174,0.006908,0.3,-0.302733,0.00333925,0.005526,NO_GO
0x70acdf2ad0bf2402c957154f944c19ef4e1cbae1,aerodrome-slipstream,cbBTC / WETH 0.05%,cbBTC,WETH,5,12476924.3528,83327150.5549506,1.842,MEDIUM,5.0,medium_15pct,0.15,24,0.016696,0.02763,0.3,-0.310934,0.00333925,0.005526,NO_GO
0x70acdf2ad0bf2402c957154f944c19ef4e1cbae1,aerodrome-slipstream,cbBTC / WETH 0.05%,cbBTC,WETH,5,12476924.3528,83327150.5549506,1.842,MEDIUM,5.0,medium_15pct,0.15,72,0.050089,0.08289,0.3,-0.332801,0.00333925,0.005526,NO_GO
0x70acdf2ad0bf2402c957154f944c19ef4e1cbae1,aerodrome-slipstream,cbBTC / WETH 0.05%,cbBTC,WETH,5,12476924.3528,83327150.5549506,1.842,MEDIUM,5.0,medium_15pct,0.15,168,0.116874,0.19341,0.3,-0.376536,0.00333925,0.005526,NO_GO
0x70acdf2ad0bf2402c957154f944c19ef4e1cbae1,aerodrome-slipstream,cbBTC / WETH 0.05%,cbBTC,WETH,5,12476924.3528,83327150.5549506,1.842,MEDIUM,10.0,medium_15pct,0.15,1,0.001391,0.002302,0.3,-0.300911,0.00333925,0.005526,NO_GO
0x70acdf2ad0bf2402c957154f944c19ef4e1cbae1,aerodrome-slipstream,cbBTC / WETH 0.05%,cbBTC,WETH,5,12476924.3528,83327150.5549506,1.842,MEDIUM,10.0,medium_15pct,0.15,6,0.008348,0.013815,0.3,-0.305467,0.00333925,0.005526,NO_GO
0x70acdf2ad0bf2402c957154f944c19ef4e1cbae1,aerodrome-slipstream,cbBTC / WETH 0.05%,cbBTC,WETH,5,12476924.3528,83327150.5549506,1.842,MEDIUM,10.0,medium_15pct,0.15,24,0.033393,0.05526,0.3,-0.321867,0.00333925,0.005526,NO_GO
0x70acdf2ad0bf2402c957154f944c19ef4e1cbae1,aerodrome-slipstream,cbBTC / WETH 0.05%,cbBTC,WETH,5,12476924.3528,83327150.5549506,1.842,MEDIUM,10.0,medium_15pct,0.15,72,0.100178,0.16578,0.3,-0.365602,0.00333925,0.005526,NO_GO
0x70acdf2ad0bf2402c957154f944c19ef4e1cbae1,aerodrome-slipstream,cbBTC / WETH 0.05%,cbBTC,WETH,5,12476924.3528,83327150.5549506,1.842,MEDIUM,10.0,medium_15pct,0.15,168,0.233748,0.38682,0.3,-0.453072,0.00333925,0.005526,NO_GO
0x70acdf2ad0bf2402c957154f944c19ef4e1cbae1,aerodrome-slipstream,cbBTC / WETH 0.05%,cbBTC,WETH,5,12476924.3528,83327150.5549506,1.842,MEDIUM,25.0,medium_15pct,0.15,1,0.003478,0.005756,0.3,-0.302278,0.00333925,0.005526,NO_GO
0x70acdf2ad0bf2402c957154f944c19ef4e1cbae1,aerodrome-slipstream,cbBTC / WETH 0.05%,cbBTC,WETH,5,12476924.3528,83327150.5549506,1.842,MEDIUM,25.0,medium_15pct,0.15,6,0.02087,0.034538,0.3,-0.313667,0.00333925,0.005526,NO_GO
0x70acdf2ad0bf2402c957154f944c19ef4e1cbae1,aerodrome-slipstream,cbBTC / WETH 0.05%,cbBTC,WETH,5,12476924.3528,83327150.5549506,1.842,MEDIUM,25.0,medium_15pct,0.15,24,0.083481,0.13815,0.3,-0.354669,0.00333925,0.005526,NO_GO
0x70acdf2ad0bf2402c957154f944c19ef4e1cbae1,aerodrome-slipstream,cbBTC / WETH 0.05%,cbBTC,WETH,5,12476924.3528,83327150.5549506,1.842,MEDIUM,25.0,medium_15pct,0.15,72,0.250444,0.41445,0.3,-0.464006,0.00333925,0.005526,NO_GO
0x70acdf2ad0bf2402c957154f944c19ef4e1cbae1,aerodrome-slipstream,cbBTC / WETH 0.05%,cbBTC,WETH,5,12476924.3528,83327150.5549506,1.842,MEDIUM,25.0,medium_15pct,0.15,168,0.584369,0.96705,0.3,-0.682681,0.00333925,0.005526,NO_GO
0x70acdf2ad0bf2402c957154f944c19ef4e1cbae1,aerodrome-slipstream,cbBTC / WETH 0.05%,cbBTC,WETH,5,12476924.3528,83327150.5549506,1.842,MEDIUM,50.0,medium_15pct,0.15,1,0.006957,0.011513,0.3,-0.304556,0.00333925,0.005526,NO_GO
0x70acdf2ad0bf2402c957154f944c19ef4e1cbae1,aerodrome-slipstream,cbBTC / WETH 0.05%,cbBTC,WETH,5,12476924.3528,83327150.5549506,1.842,MEDIUM,50.0,medium_15pct,0.15,6,0.041741,0.069075,0.3,-0.327334,0.00333925,0.005526,NO_GO
0x70acdf2ad0bf2402c957154f944c19ef4e1cbae1,aerodrome-slipstream,cbBTC / WETH 0.05%,cbBTC,WETH,5,12476924.3528,83327150.5549506,1.842,MEDIUM,50.0,medium_15pct,0.15,24,0.166963,0.2763,0.3,-0.409337,0.00333925,0.005526,NO_GO
0x70acdf2ad0bf2402c957154f944c19ef4e1cbae1,aerodrome-slipstream,cbBTC / WETH 0.05%,cbBTC,WETH,5,12476924.3528,83327150.5549506,1.842,MEDIUM,50.0,medium_15pct,0.15,72,0.500888,0.8289,0.3,-0.628012,0.00333925,0.005526,NO_GO
0x70acdf2ad0bf2402c957154f944c19ef4e1cbae1,aerodrome-slipstream,cbBTC / WETH 0.05%,cbBTC,WETH,5,12476924.3528,83327150.5549506,1.842,MEDIUM,50.0,medium_15pct,0.15,168,1.168738,1.9341,0.3,-1.065362,0.00333925,0.005526,NO_GO
0xc211e1f853a898bd1302385ccde55f33a8c4b3f3,pancakeswap-v3-base,cbBTC / WETH 0.01%,cbBTC,WETH,1,3686536.4993,49041889.610828,1.84,MEDIUM,1.0,medium_15pct,0.15,1,5.5e-05,0.00023,0.3,-0.300175,0.0013303,0.00552,NO_GO
0xc211e1f853a898bd1302385ccde55f33a8c4b3f3,pancakeswap-v3-base,cbBTC / WETH 0.01%,cbBTC,WETH,1,3686536.4993,49041889.610828,1.84,MEDIUM,1.0,medium_15pct,0.15,6,0.000333,0.00138,0.3,-0.301047,0.0013303,0.00552,NO_GO
0xc211e1f853a898bd1302385ccde55f33a8c4b3f3,pancakeswap-v3-base,cbBTC / WETH 0.01%,cbBTC,WETH,1,3686536.4993,49041889.610828,1.84,MEDIUM,1.0,medium_15pct,0.15,24,0.00133,0.00552,0.3,-0.30419,0.0013303,0.00552,NO_GO
0xc211e1f853a898bd1302385ccde55f33a8c4b3f3,pancakeswap-v3-base,cbBTC / WETH 0.01%,cbBTC,WETH,1,3686536.4993,49041889.610828,1.84,MEDIUM,1.0,medium_15pct,0.15,72,0.003991,0.01656,0.3,-0.312569,0.0013303,0.00552,NO_GO
0xc211e1f853a898bd1302385ccde55f33a8c4b3f3,pancakeswap-v3-base,cbBTC / WETH 0.01%,cbBTC,WETH,1,3686536.4993,49041889.610828,1.84,MEDIUM,1.0,medium_15pct,0.15,168,0.009312,0.03864,0.3,-0.329328,0.0013303,0.00552,NO_GO
0xc211e1f853a898bd1302385ccde55f33a8c4b3f3,pancakeswap-v3-base,cbBTC / WETH 0.01%,cbBTC,WETH,1,3686536.4993,49041889.610828,1.84,MEDIUM,3.0,medium_15pct,0.15,1,0.000166,0.00069,0.3,-0.300524,0.0013303,0.00552,NO_GO
0xc211e1f853a898bd1302385ccde55f33a8c4b3f3,pancakeswap-v3-base,cbBTC / WETH 0.01%,cbBTC,WETH,1,3686536.4993,49041889.610828,1.84,MEDIUM,3.0,medium_15pct,0.15,6,0.000998,0.00414,0.3,-0.303142,0.0013303,0.00552,NO_GO
0xc211e1f853a898bd1302385ccde55f33a8c4b3f3,pancakeswap-v3-base,cbBTC / WETH 0.01%,cbBTC,WETH,1,3686536.4993,49041889.610828,1.84,MEDIUM,3.0,medium_15pct,0.15,24,0.003991,0.01656,0.3,-0.312569,0.0013303,0.00552,NO_GO
0xc211e1f853a898bd1302385ccde55f33a8c4b3f3,pancakeswap-v3-base,cbBTC / WETH 0.01%,cbBTC,WETH,1,3686536.4993,49041889.610828,1.84,MEDIUM,3.0,medium_15pct,0.15,72,0.011973,0.04968,0.3,-0.337707,0.0013303,0.00552,NO_GO
0xc211e1f853a898bd1302385ccde55f33a8c4b3f3,pancakeswap-v3-base,cbBTC / WETH 0.01%,cbBTC,WETH,1,3686536.4993,49041889.610828,1.84,MEDIUM,3.0,medium_15pct,0.15,168,0.027936,0.11592,0.3,-0.387984,0.0013303,0.00552,NO_GO
0xc211e1f853a898bd1302385ccde55f33a8c4b3f3,pancakeswap-v3-base,cbBTC / WETH 0.01%,cbBTC,WETH,1,3686536.4993,49041889.610828,1.84,MEDIUM,5.0,medium_15pct,0.15,1,0.000277,0.00115,0.3,-0.300873,0.0013303,0.00552,NO_GO
0xc211e1f853a898bd1302385ccde55f33a8c4b3f3,pancakeswap-v3-base,cbBTC / WETH 0.01%,cbBTC,WETH,1,3686536.4993,49041889.610828,1.84,MEDIUM,5.0,medium_15pct,0.15,6,0.001663,0.0069,0.3,-0.305237,0.0013303,0.00552,NO_GO
0xc211e1f853a898bd1302385ccde55f33a8c4b3f3,pancakeswap-v3-base,cbBTC / WETH 0.01%,cbBTC,WETH,1,3686536.4993,49041889.610828,1.84,MEDIUM,5.0,medium_15pct,0.15,24,0.006651,0.0276,0.3,-0.320949,0.0013303,0.00552,NO_GO
0xc211e1f853a898bd1302385ccde55f33a8c4b3f3,pancakeswap-v3-base,cbBTC / WETH 0.01%,cbBTC,WETH,1,3686536.4993,49041889.610828,1.84,MEDIUM,5.0,medium_15pct,0.15,72,0.019954,0.0828,0.3,-0.362846,0.0013303,0.00552,NO_GO
0xc211e1f853a898bd1302385ccde55f33a8c4b3f3,pancakeswap-v3-base,cbBTC / WETH 0.01%,cbBTC,WETH,1,3686536.4993,49041889.610828,1.84,MEDIUM,5.0,medium_15pct,0.15,168,0.04656,0.1932,0.3,-0.44664,0.0013303,0.00552,NO_GO
0xc211e1f853a898bd1302385ccde55f33a8c4b3f3,pancakeswap-v3-base,cbBTC / WETH 0.01%,cbBTC,WETH,1,3686536.4993,49041889.610828,1.84,MEDIUM,10.0,medium_15pct,0.15,1,0.000554,0.0023,0.3,-0.301746,0.0013303,0.00552,NO_GO
0xc211e1f853a898bd1302385ccde55f33a8c4b3f3,pancakeswap-v3-base,cbBTC / WETH 0.01%,cbBTC,WETH,1,3686536.4993,49041889.610828,1.84,MEDIUM,10.0,medium_15pct,0.15,6,0.003326,0.0138,0.3,-0.310474,0.0013303,0.00552,NO_GO
0xc211e1f853a898bd1302385ccde55f33a8c4b3f3,pancakeswap-v3-base,cbBTC / WETH 0.01%,cbBTC,WETH,1,3686536.4993,49041889.610828,1.84,MEDIUM,10.0,medium_15pct,0.15,24,0.013303,0.0552,0.3,-0.341897,0.0013303,0.00552,NO_GO
0xc211e1f853a898bd1302385ccde55f33a8c4b3f3,pancakeswap-v3-base,cbBTC / WETH 0.01%,cbBTC,WETH,1,3686536.4993,49041889.610828,1.84,MEDIUM,10.0,medium_15pct,0.15,72,0.039909,0.1656,0.3,-0.425691,0.0013303,0.00552,NO_GO
0xc211e1f853a898bd1302385ccde55f33a8c4b3f3,pancakeswap-v3-base,cbBTC / WETH 0.01%,cbBTC,WETH,1,3686536.4993,49041889.610828,1.84,MEDIUM,10.0,medium_15pct,0.15,168,0.093121,0.3864,0.3,-0.593279,0.0013303,0.00552,NO_GO
0xc211e1f853a898bd1302385ccde55f33a8c4b3f3,pancakeswap-v3-base,cbBTC / WETH 0.01%,cbBTC,WETH,1,3686536.4993,49041889.610828,1.84,MEDIUM,25.0,medium_15pct,0.15,1,0.001386,0.00575,0.3,-0.304364,0.0013303,0.00552,NO_GO
0xc211e1f853a898bd1302385ccde55f33a8c4b3f3,pancakeswap-v3-base,cbBTC / WETH 0.01%,cbBTC,WETH,1,3686536.4993,49041889.610828,1.84,MEDIUM,25.0,medium_15pct,0.15,6,0.008314,0.0345,0.3,-0.326186,0.0013303,0.00552,NO_GO
0xc211e1f853a898bd1302385ccde55f33a8c4b3f3,pancakeswap-v3-base,cbBTC / WETH 0.01%,cbBTC,WETH,1,3686536.4993,49041889.610828,1.84,MEDIUM,25.0,medium_15pct,0.15,24,0.033257,0.138,0.3,-0.404743,0.0013303,0.00552,NO_GO
0xc211e1f853a898bd1302385ccde55f33a8c4b3f3,pancakeswap-v3-base,cbBTC / WETH 0.01%,cbBTC,WETH,1,3686536.4993,49041889.610828,1.84,MEDIUM,25.0,medium_15pct,0.15,72,0.099772,0.414,0.3,-0.614228,0.0013303,0.00552,NO_GO
0xc211e1f853a898bd1302385ccde55f33a8c4b3f3,pancakeswap-v3-base,cbBTC / WETH 0.01%,cbBTC,WETH,1,3686536.4993,49041889.610828,1.84,MEDIUM,25.0,medium_15pct,0.15,168,0.232802,0.966,0.3,-1.033198,0.0013303,0.00552,NO_GO
0xc211e1f853a898bd1302385ccde55f33a8c4b3f3,pancakeswap-v3-base,cbBTC / WETH 0.01%,cbBTC,WETH,1,3686536.4993,49041889.610828,1.84,MEDIUM,50.0,medium_15pct,0.15,1,0.002771,0.0115,0.3,-0.308729,0.0013303,0.00552,NO_GO
0xc211e1f853a898bd1302385ccde55f33a8c4b3f3,pancakeswap-v3-base,cbBTC / WETH 0.01%,cbBTC,WETH,1,3686536.4993,49041889.610828,1.84,MEDIUM,50.0,medium_15pct,0.15,6,0.016629,0.069,0.3,-0.352371,0.0013303,0.00552,NO_GO
0xc211e1f853a898bd1302385ccde55f33a8c4b3f3,pancakeswap-v3-base,cbBTC / WETH 0.01%,cbBTC,WETH,1,3686536.4993,49041889.610828,1.84,MEDIUM,50.0,medium_15pct,0.15,24,0.066515,0.276,0.3,-0.509485,0.0013303,0.00552,NO_GO
0xc211e1f853a898bd1302385ccde55f33a8c4b3f3,pancakeswap-v3-base,cbBTC / WETH 0.01%,cbBTC,WETH,1,3686536.4993,49041889.610828,1.84,MEDIUM,50.0,medium_15pct,0.15,72,0.199545,0.828,0.3,-0.928455,0.0013303,0.00552,NO_GO
0xc211e1f853a898bd1302385ccde55f33a8c4b3f3,pancakeswap-v3-base,cbBTC / WETH 0.01%,cbBTC,WETH,1,3686536.4993,49041889.610828,1.84,MEDIUM,50.0,medium_15pct,0.15,168,0.465604,1.932,0.3,-1.766396,0.0013303,0.00552,NO_GO
0x72ab388e2e2f6facef59e3c3fa2c4e29011c2d38,pancakeswap-v3-base,WETH / USDC 0.01%,WETH,USDC,1,3931250.374,48559486.4057044,1.236,LOW,1.0,medium_15pct,0.15,1,5.1e-05,0.000154,0.3,-0.300103,0.00123522,0.003708,NO_GO
0x72ab388e2e2f6facef59e3c3fa2c4e29011c2d38,pancakeswap-v3-base,WETH / USDC 0.01%,WETH,USDC,1,3931250.374,48559486.4057044,1.236,LOW,1.0,medium_15pct,0.15,6,0.000309,0.000927,0.3,-0.300618,0.00123522,0.003708,NO_GO
0x72ab388e2e2f6facef59e3c3fa2c4e29011c2d38,pancakeswap-v3-base,WETH / USDC 0.01%,WETH,USDC,1,3931250.374,48559486.4057044,1.236,LOW,1.0,medium_15pct,0.15,24,0.001235,0.003708,0.3,-0.302473,0.00123522,0.003708,NO_GO
0x72ab388e2e2f6facef59e3c3fa2c4e29011c2d38,pancakeswap-v3-base,WETH / USDC 0.01%,WETH,USDC,1,3931250.374,48559486.4057044,1.236,LOW,1.0,medium_15pct,0.15,72,0.003706,0.011124,0.3,-0.307418,0.00123522,0.003708,NO_GO
0x72ab388e2e2f6facef59e3c3fa2c4e29011c2d38,pancakeswap-v3-base,WETH / USDC 0.01%,WETH,USDC,1,3931250.374,48559486.4057044,1.236,LOW,1.0,medium_15pct,0.15,168,0.008647,0.025956,0.3,-0.317309,0.00123522,0.003708,NO_GO
0x72ab388e2e2f6facef59e3c3fa2c4e29011c2d38,pancakeswap-v3-base,WETH / USDC 0.01%,WETH,USDC,1,3931250.374,48559486.4057044,1.236,LOW,3.0,medium_15pct,0.15,1,0.000154,0.000463,0.3,-0.300309,0.00123522,0.003708,NO_GO
0x72ab388e2e2f6facef59e3c3fa2c4e29011c2d38,pancakeswap-v3-base,WETH / USDC 0.01%,WETH,USDC,1,3931250.374,48559486.4057044,1.236,LOW,3.0,medium_15pct,0.15,6,0.000926,0.002781,0.3,-0.301855,0.00123522,0.003708,NO_GO
0x72ab388e2e2f6facef59e3c3fa2c4e29011c2d38,pancakeswap-v3-base,WETH / USDC 0.01%,WETH,USDC,1,3931250.374,48559486.4057044,1.236,LOW,3.0,medium_15pct,0.15,24,0.003706,0.011124,0.3,-0.307418,0.00123522,0.003708,NO_GO
0x72ab388e2e2f6facef59e3c3fa2c4e29011c2d38,pancakeswap-v3-base,WETH / USDC 0.01%,WETH,USDC,1,3931250.374,48559486.4057044,1.236,LOW,3.0,medium_15pct,0.15,72,0.011117,0.033372,0.3,-0.322255,0.00123522,0.003708,NO_GO
0x72ab388e2e2f6facef59e3c3fa2c4e29011c2d38,pancakeswap-v3-base,WETH / USDC 0.01%,WETH,USDC,1,3931250.374,48559486.4057044,1.236,LOW,3.0,medium_15pct,0.15,168,0.02594,0.077868,0.3,-0.351928,0.00123522,0.003708,NO_GO
0x72ab388e2e2f6facef59e3c3fa2c4e29011c2d38,pancakeswap-v3-base,WETH / USDC 0.01%,WETH,USDC,1,3931250.374,48559486.4057044,1.236,LOW,5.0,medium_15pct,0.15,1,0.000257,0.000772,0.3,-0.300515,0.00123522,0.003708,NO_GO
0x72ab388e2e2f6facef59e3c3fa2c4e29011c2d38,pancakeswap-v3-base,WETH / USDC 0.01%,WETH,USDC,1,3931250.374,48559486.4057044,1.236,LOW,5.0,medium_15pct,0.15,6,0.001544,0.004635,0.3,-0.303091,0.00123522,0.003708,NO_GO
0x72ab388e2e2f6facef59e3c3fa2c4e29011c2d38,pancakeswap-v3-base,WETH / USDC 0.01%,WETH,USDC,1,3931250.374,48559486.4057044,1.236,LOW,5.0,medium_15pct,0.15,24,0.006176,0.01854,0.3,-0.312364,0.00123522,0.003708,NO_GO
0x72ab388e2e2f6facef59e3c3fa2c4e29011c2d38,pancakeswap-v3-base,WETH / USDC 0.01%,WETH,USDC,1,3931250.374,48559486.4057044,1.236,LOW,5.0,medium_15pct,0.15,72,0.018528,0.05562,0.3,-0.337092,0.00123522,0.003708,NO_GO
0x72ab388e2e2f6facef59e3c3fa2c4e29011c2d38,pancakeswap-v3-base,WETH / USDC 0.01%,WETH,USDC,1,3931250.374,48559486.4057044,1.236,LOW,5.0,medium_15pct,0.15,168,0.043233,0.12978,0.3,-0.386547,0.00123522,0.003708,NO_GO
0x72ab388e2e2f6facef59e3c3fa2c4e29011c2d38,pancakeswap-v3-base,WETH / USDC 0.01%,WETH,USDC,1,3931250.374,48559486.4057044,1.236,LOW,10.0,medium_15pct,0.15,1,0.000515,0.001545,0.3,-0.30103,0.00123522,0.003708,NO_GO
0x72ab388e2e2f6facef59e3c3fa2c4e29011c2d38,pancakeswap-v3-base,WETH / USDC 0.01%,WETH,USDC,1,3931250.374,48559486.4057044,1.236,LOW,10.0,medium_15pct,0.15,6,0.003088,0.00927,0.3,-0.306182,0.00123522,0.003708,NO_GO
0x72ab388e2e2f6facef59e3c3fa2c4e29011c2d38,pancakeswap-v3-base,WETH / USDC 0.01%,WETH,USDC,1,3931250.374,48559486.4057044,1.236,LOW,10.0,medium_15pct,0.15,24,0.012352,0.03708,0.3,-0.324728,0.00123522,0.003708,NO_GO
0x72ab388e2e2f6facef59e3c3fa2c4e29011c2d38,pancakeswap-v3-base,WETH / USDC 0.01%,WETH,USDC,1,3931250.374,48559486.4057044,1.236,LOW,10.0,medium_15pct,0.15,72,0.037057,0.11124,0.3,-0.374183,0.00123522,0.003708,NO_GO
0x72ab388e2e2f6facef59e3c3fa2c4e29011c2d38,pancakeswap-v3-base,WETH / USDC 0.01%,WETH,USDC,1,3931250.374,48559486.4057044,1.236,LOW,10.0,medium_15pct,0.15,168,0.086465,0.25956,0.3,-0.473095,0.00123522,0.003708,NO_GO
0x72ab388e2e2f6facef59e3c3fa2c4e29011c2d38,pancakeswap-v3-base,WETH / USDC 0.01%,WETH,USDC,1,3931250.374,48559486.4057044,1.236,LOW,25.0,medium_15pct,0.15,1,0.001287,0.003862,0.3,-0.302576,0.00123522,0.003708,NO_GO
0x72ab388e2e2f6facef59e3c3fa2c4e29011c2d38,pancakeswap-v3-base,WETH / USDC 0.01%,WETH,USDC,1,3931250.374,48559486.4057044,1.236,LOW,25.0,medium_15pct,0.15,6,0.00772,0.023175,0.3,-0.315455,0.00123522,0.003708,NO_GO
0x72ab388e2e2f6facef59e3c3fa2c4e29011c2d38,pancakeswap-v3-base,WETH / USDC 0.01%,WETH,USDC,1,3931250.374,48559486.4057044,1.236,LOW,25.0,medium_15pct,0.15,24,0.03088,0.0927,0.3,-0.36182,0.00123522,0.003708,NO_GO
0x72ab388e2e2f6facef59e3c3fa2c4e29011c2d38,pancakeswap-v3-base,WETH / USDC 0.01%,WETH,USDC,1,3931250.374,48559486.4057044,1.236,LOW,25.0,medium_15pct,0.15,72,0.092641,0.2781,0.3,-0.485459,0.00123522,0.003708,NO_GO
0x72ab388e2e2f6facef59e3c3fa2c4e29011c2d38,pancakeswap-v3-base,WETH / USDC 0.01%,WETH,USDC,1,3931250.374,48559486.4057044,1.236,LOW,25.0,medium_15pct,0.15,168,0.216163,0.6489,0.3,-0.732737,0.00123522,0.003708,NO_GO
0x72ab388e2e2f6facef59e3c3fa2c4e29011c2d38,pancakeswap-v3-base,WETH / USDC 0.01%,WETH,USDC,1,3931250.374,48559486.4057044,1.236,LOW,50.0,medium_15pct,0.15,1,0.002573,0.007725,0.3,-0.305152,0.00123522,0.003708,NO_GO
0x72ab388e2e2f6facef59e3c3fa2c4e29011c2d38,pancakeswap-v3-base,WETH / USDC 0.01%,WETH,USDC,1,3931250.374,48559486.4057044,1.236,LOW,50.0,medium_15pct,0.15,6,0.01544,0.04635,0.3,-0.33091,0.00123522,0.003708,NO_GO
0x72ab388e2e2f6facef59e3c3fa2c4e29011c2d38,pancakeswap-v3-base,WETH / USDC 0.01%,WETH,USDC,1,3931250.374,48559486.4057044,1.236,LOW,50.0,medium_15pct,0.15,24,0.061761,0.1854,0.3,-0.423639,0.00123522,0.003708,NO_GO
0x72ab388e2e2f6facef59e3c3fa2c4e29011c2d38,pancakeswap-v3-base,WETH / USDC 0.01%,WETH,USDC,1,3931250.374,48559486.4057044,1.236,LOW,50.0,medium_15pct,0.15,72,0.185283,0.5562,0.3,-0.670917,0.00123522,0.003708,NO_GO
0x72ab388e2e2f6facef59e3c3fa2c4e29011c2d38,pancakeswap-v3-base,WETH / USDC 0.01%,WETH,USDC,1,3931250.374,48559486.4057044,1.236,LOW,50.0,medium_15pct,0.15,168,0.432326,1.2978,0.3,-1.165474,0.00123522,0.003708,NO_GO
0x42d4a22cad0f5a49681a5715ce994af73a43b76b,aerodrome-slipstream,cbBTC / WETH 0.05%,cbBTC,WETH,5,3405173.7793,43077399.3630572,1.871,MEDIUM,1.0,medium_15pct,0.15,1,0.000264,0.000234,0.3,-0.29997,0.00632529,0.005613,NO_GO
0x42d4a22cad0f5a49681a5715ce994af73a43b76b,aerodrome-slipstream,cbBTC / WETH 0.05%,cbBTC,WETH,5,3405173.7793,43077399.3630572,1.871,MEDIUM,1.0,medium_15pct,0.15,6,0.001581,0.001403,0.3,-0.299822,0.00632529,0.005613,NO_GO
0x42d4a22cad0f5a49681a5715ce994af73a43b76b,aerodrome-slipstream,cbBTC / WETH 0.05%,cbBTC,WETH,5,3405173.7793,43077399.3630572,1.871,MEDIUM,1.0,medium_15pct,0.15,24,0.006325,0.005613,0.3,-0.299288,0.00632529,0.005613,NO_GO
0x42d4a22cad0f5a49681a5715ce994af73a43b76b,aerodrome-slipstream,cbBTC / WETH 0.05%,cbBTC,WETH,5,3405173.7793,43077399.3630572,1.871,MEDIUM,1.0,medium_15pct,0.15,72,0.018976,0.016839,0.3,-0.297863,0.00632529,0.005613,NO_GO
0x42d4a22cad0f5a49681a5715ce994af73a43b76b,aerodrome-slipstream,cbBTC / WETH 0.05%,cbBTC,WETH,5,3405173.7793,43077399.3630572,1.871,MEDIUM,1.0,medium_15pct,0.15,168,0.044277,0.039291,0.3,-0.295014,0.00632529,0.005613,NO_GO
0x42d4a22cad0f5a49681a5715ce994af73a43b76b,aerodrome-slipstream,cbBTC / WETH 0.05%,cbBTC,WETH,5,3405173.7793,43077399.3630572,1.871,MEDIUM,3.0,medium_15pct,0.15,1,0.000791,0.000702,0.3,-0.299911,0.00632529,0.005613,NO_GO
0x42d4a22cad0f5a49681a5715ce994af73a43b76b,aerodrome-slipstream,cbBTC / WETH 0.05%,cbBTC,WETH,5,3405173.7793,43077399.3630572,1.871,MEDIUM,3.0,medium_15pct,0.15,6,0.004744,0.00421,0.3,-0.299466,0.00632529,0.005613,NO_GO
0x42d4a22cad0f5a49681a5715ce994af73a43b76b,aerodrome-slipstream,cbBTC / WETH 0.05%,cbBTC,WETH,5,3405173.7793,43077399.3630572,1.871,MEDIUM,3.0,medium_15pct,0.15,24,0.018976,0.016839,0.3,-0.297863,0.00632529,0.005613,NO_GO
0x42d4a22cad0f5a49681a5715ce994af73a43b76b,aerodrome-slipstream,cbBTC / WETH 0.05%,cbBTC,WETH,5,3405173.7793,43077399.3630572,1.871,MEDIUM,3.0,medium_15pct,0.15,72,0.056928,0.050517,0.3,-0.293589,0.00632529,0.005613,NO_GO
0x42d4a22cad0f5a49681a5715ce994af73a43b76b,aerodrome-slipstream,cbBTC / WETH 0.05%,cbBTC,WETH,5,3405173.7793,43077399.3630572,1.871,MEDIUM,3.0,medium_15pct,0.15,168,0.132831,0.117873,0.3,-0.285042,0.00632529,0.005613,NO_GO
0x42d4a22cad0f5a49681a5715ce994af73a43b76b,aerodrome-slipstream,cbBTC / WETH 0.05%,cbBTC,WETH,5,3405173.7793,43077399.3630572,1.871,MEDIUM,5.0,medium_15pct,0.15,1,0.001318,0.001169,0.3,-0.299852,0.00632529,0.005613,NO_GO
0x42d4a22cad0f5a49681a5715ce994af73a43b76b,aerodrome-slipstream,cbBTC / WETH 0.05%,cbBTC,WETH,5,3405173.7793,43077399.3630572,1.871,MEDIUM,5.0,medium_15pct,0.15,6,0.007907,0.007016,0.3,-0.29911,0.00632529,0.005613,NO_GO
0x42d4a22cad0f5a49681a5715ce994af73a43b76b,aerodrome-slipstream,cbBTC / WETH 0.05%,cbBTC,WETH,5,3405173.7793,43077399.3630572,1.871,MEDIUM,5.0,medium_15pct,0.15,24,0.031626,0.028065,0.3,-0.296439,0.00632529,0.005613,NO_GO
0x42d4a22cad0f5a49681a5715ce994af73a43b76b,aerodrome-slipstream,cbBTC / WETH 0.05%,cbBTC,WETH,5,3405173.7793,43077399.3630572,1.871,MEDIUM,5.0,medium_15pct,0.15,72,0.094879,0.084195,0.3,-0.289316,0.00632529,0.005613,NO_GO
0x42d4a22cad0f5a49681a5715ce994af73a43b76b,aerodrome-slipstream,cbBTC / WETH 0.05%,cbBTC,WETH,5,3405173.7793,43077399.3630572,1.871,MEDIUM,5.0,medium_15pct,0.15,168,0.221385,0.196455,0.3,-0.27507,0.00632529,0.005613,NO_GO
0x42d4a22cad0f5a49681a5715ce994af73a43b76b,aerodrome-slipstream,cbBTC / WETH 0.05%,cbBTC,WETH,5,3405173.7793,43077399.3630572,1.871,MEDIUM,10.0,medium_15pct,0.15,1,0.002636,0.002339,0.3,-0.299703,0.00632529,0.005613,NO_GO
0x42d4a22cad0f5a49681a5715ce994af73a43b76b,aerodrome-slipstream,cbBTC / WETH 0.05%,cbBTC,WETH,5,3405173.7793,43077399.3630572,1.871,MEDIUM,10.0,medium_15pct,0.15,6,0.015813,0.014032,0.3,-0.298219,0.00632529,0.005613,NO_GO
0x42d4a22cad0f5a49681a5715ce994af73a43b76b,aerodrome-slipstream,cbBTC / WETH 0.05%,cbBTC,WETH,5,3405173.7793,43077399.3630572,1.871,MEDIUM,10.0,medium_15pct,0.15,24,0.063253,0.05613,0.3,-0.292877,0.00632529,0.005613,NO_GO
0x42d4a22cad0f5a49681a5715ce994af73a43b76b,aerodrome-slipstream,cbBTC / WETH 0.05%,cbBTC,WETH,5,3405173.7793,43077399.3630572,1.871,MEDIUM,10.0,medium_15pct,0.15,72,0.189759,0.16839,0.3,-0.278631,0.00632529,0.005613,NO_GO
0x42d4a22cad0f5a49681a5715ce994af73a43b76b,aerodrome-slipstream,cbBTC / WETH 0.05%,cbBTC,WETH,5,3405173.7793,43077399.3630572,1.871,MEDIUM,10.0,medium_15pct,0.15,168,0.44277,0.39291,0.3,-0.25014,0.00632529,0.005613,NO_GO
0x42d4a22cad0f5a49681a5715ce994af73a43b76b,aerodrome-slipstream,cbBTC / WETH 0.05%,cbBTC,WETH,5,3405173.7793,43077399.3630572,1.871,MEDIUM,25.0,medium_15pct,0.15,1,0.006589,0.005847,0.3,-0.299258,0.00632529,0.005613,NO_GO
0x42d4a22cad0f5a49681a5715ce994af73a43b76b,aerodrome-slipstream,cbBTC / WETH 0.05%,cbBTC,WETH,5,3405173.7793,43077399.3630572,1.871,MEDIUM,25.0,medium_15pct,0.15,6,0.039533,0.035081,0.3,-0.295548,0.00632529,0.005613,NO_GO
0x42d4a22cad0f5a49681a5715ce994af73a43b76b,aerodrome-slipstream,cbBTC / WETH 0.05%,cbBTC,WETH,5,3405173.7793,43077399.3630572,1.871,MEDIUM,25.0,medium_15pct,0.15,24,0.158132,0.140325,0.3,-0.282193,0.00632529,0.005613,NO_GO
0x42d4a22cad0f5a49681a5715ce994af73a43b76b,aerodrome-slipstream,cbBTC / WETH 0.05%,cbBTC,WETH,5,3405173.7793,43077399.3630572,1.871,MEDIUM,25.0,medium_15pct,0.15,72,0.474396,0.420975,0.3,-0.246579,0.00632529,0.005613,NO_GO
0x42d4a22cad0f5a49681a5715ce994af73a43b76b,aerodrome-slipstream,cbBTC / WETH 0.05%,cbBTC,WETH,5,3405173.7793,43077399.3630572,1.871,MEDIUM,25.0,medium_15pct,0.15,168,1.106925,0.982275,0.3,-0.17535,0.00632529,0.005613,NO_GO
0x42d4a22cad0f5a49681a5715ce994af73a43b76b,aerodrome-slipstream,cbBTC / WETH 0.05%,cbBTC,WETH,5,3405173.7793,43077399.3630572,1.871,MEDIUM,50.0,medium_15pct,0.15,1,0.013178,0.011694,0.3,-0.298516,0.00632529,0.005613,NO_GO
0x42d4a22cad0f5a49681a5715ce994af73a43b76b,aerodrome-slipstream,cbBTC / WETH 0.05%,cbBTC,WETH,5,3405173.7793,43077399.3630572,1.871,MEDIUM,50.0,medium_15pct,0.15,6,0.079066,0.070163,0.3,-0.291096,0.00632529,0.005613,NO_GO
0x42d4a22cad0f5a49681a5715ce994af73a43b76b,aerodrome-slipstream,cbBTC / WETH 0.05%,cbBTC,WETH,5,3405173.7793,43077399.3630572,1.871,MEDIUM,50.0,medium_15pct,0.15,24,0.316264,0.28065,0.3,-0.264386,0.00632529,0.005613,NO_GO
0x42d4a22cad0f5a49681a5715ce994af73a43b76b,aerodrome-slipstream,cbBTC / WETH 0.05%,cbBTC,WETH,5,3405173.7793,43077399.3630572,1.871,MEDIUM,50.0,medium_15pct,0.15,72,0.948793,0.84195,0.3,-0.193157,0.00632529,0.005613,NO_GO
0x42d4a22cad0f5a49681a5715ce994af73a43b76b,aerodrome-slipstream,cbBTC / WETH 0.05%,cbBTC,WETH,5,3405173.7793,43077399.3630572,1.871,MEDIUM,50.0,medium_15pct,0.15,168,2.21385,1.96455,0.3,-0.0507,0.00632529,0.005613,NO_GO
0x160d7e9d948b16c163332a277b393c288408eb12,aerodrome-slipstream,cbBTC / USDC 0.05%,cbBTC,USDC,5,2541150.2844,38343138.1987249,1.851,MEDIUM,1.0,medium_15pct,0.15,1,0.000314,0.000231,0.3,-0.299917,0.00754445,0.005553,NO_GO
0x160d7e9d948b16c163332a277b393c288408eb12,aerodrome-slipstream,cbBTC / USDC 0.05%,cbBTC,USDC,5,2541150.2844,38343138.1987249,1.851,MEDIUM,1.0,medium_15pct,0.15,6,0.001886,0.001388,0.3,-0.299502,0.00754445,0.005553,NO_GO
0x160d7e9d948b16c163332a277b393c288408eb12,aerodrome-slipstream,cbBTC / USDC 0.05%,cbBTC,USDC,5,2541150.2844,38343138.1987249,1.851,MEDIUM,1.0,medium_15pct,0.15,24,0.007544,0.005553,0.3,-0.298009,0.00754445,0.005553,NO_GO
0x160d7e9d948b16c163332a277b393c288408eb12,aerodrome-slipstream,cbBTC / USDC 0.05%,cbBTC,USDC,5,2541150.2844,38343138.1987249,1.851,MEDIUM,1.0,medium_15pct,0.15,72,0.022633,0.016659,0.3,-0.294026,0.00754445,0.005553,NO_GO
0x160d7e9d948b16c163332a277b393c288408eb12,aerodrome-slipstream,cbBTC / USDC 0.05%,cbBTC,USDC,5,2541150.2844,38343138.1987249,1.851,MEDIUM,1.0,medium_15pct,0.15,168,0.052811,0.038871,0.3,-0.28606,0.00754445,0.005553,NO_GO
0x160d7e9d948b16c163332a277b393c288408eb12,aerodrome-slipstream,cbBTC / USDC 0.05%,cbBTC,USDC,5,2541150.2844,38343138.1987249,1.851,MEDIUM,3.0,medium_15pct,0.15,1,0.000943,0.000694,0.3,-0.299751,0.00754445,0.005553,NO_GO
0x160d7e9d948b16c163332a277b393c288408eb12,aerodrome-slipstream,cbBTC / USDC 0.05%,cbBTC,USDC,5,2541150.2844,38343138.1987249,1.851,MEDIUM,3.0,medium_15pct,0.15,6,0.005658,0.004165,0.3,-0.298506,0.00754445,0.005553,NO_GO
0x160d7e9d948b16c163332a277b393c288408eb12,aerodrome-slipstream,cbBTC / USDC 0.05%,cbBTC,USDC,5,2541150.2844,38343138.1987249,1.851,MEDIUM,3.0,medium_15pct,0.15,24,0.022633,0.016659,0.3,-0.294026,0.00754445,0.005553,NO_GO
0x160d7e9d948b16c163332a277b393c288408eb12,aerodrome-slipstream,cbBTC / USDC 0.05%,cbBTC,USDC,5,2541150.2844,38343138.1987249,1.851,MEDIUM,3.0,medium_15pct,0.15,72,0.0679,0.049977,0.3,-0.282077,0.00754445,0.005553,NO_GO
0x160d7e9d948b16c163332a277b393c288408eb12,aerodrome-slipstream,cbBTC / USDC 0.05%,cbBTC,USDC,5,2541150.2844,38343138.1987249,1.851,MEDIUM,3.0,medium_15pct,0.15,168,0.158433,0.116613,0.3,-0.25818,0.00754445,0.005553,NO_GO
0x160d7e9d948b16c163332a277b393c288408eb12,aerodrome-slipstream,cbBTC / USDC 0.05%,cbBTC,USDC,5,2541150.2844,38343138.1987249,1.851,MEDIUM,5.0,medium_15pct,0.15,1,0.001572,0.001157,0.3,-0.299585,0.00754445,0.005553,NO_GO
0x160d7e9d948b16c163332a277b393c288408eb12,aerodrome-slipstream,cbBTC / USDC 0.05%,cbBTC,USDC,5,2541150.2844,38343138.1987249,1.851,MEDIUM,5.0,medium_15pct,0.15,6,0.009431,0.006941,0.3,-0.297511,0.00754445,0.005553,NO_GO
0x160d7e9d948b16c163332a277b393c288408eb12,aerodrome-slipstream,cbBTC / USDC 0.05%,cbBTC,USDC,5,2541150.2844,38343138.1987249,1.851,MEDIUM,5.0,medium_15pct,0.15,24,0.037722,0.027765,0.3,-0.290043,0.00754445,0.005553,NO_GO
0x160d7e9d948b16c163332a277b393c288408eb12,aerodrome-slipstream,cbBTC / USDC 0.05%,cbBTC,USDC,5,2541150.2844,38343138.1987249,1.851,MEDIUM,5.0,medium_15pct,0.15,72,0.113167,0.083295,0.3,-0.270128,0.00754445,0.005553,NO_GO
0x160d7e9d948b16c163332a277b393c288408eb12,aerodrome-slipstream,cbBTC / USDC 0.05%,cbBTC,USDC,5,2541150.2844,38343138.1987249,1.851,MEDIUM,5.0,medium_15pct,0.15,168,0.264056,0.194355,0.3,-0.230299,0.00754445,0.005553,NO_GO
0x160d7e9d948b16c163332a277b393c288408eb12,aerodrome-slipstream,cbBTC / USDC 0.05%,cbBTC,USDC,5,2541150.2844,38343138.1987249,1.851,MEDIUM,10.0,medium_15pct,0.15,1,0.003144,0.002314,0.3,-0.29917,0.00754445,0.005553,NO_GO
0x160d7e9d948b16c163332a277b393c288408eb12,aerodrome-slipstream,cbBTC / USDC 0.05%,cbBTC,USDC,5,2541150.2844,38343138.1987249,1.851,MEDIUM,10.0,medium_15pct,0.15,6,0.018861,0.013882,0.3,-0.295021,0.00754445,0.005553,NO_GO
0x160d7e9d948b16c163332a277b393c288408eb12,aerodrome-slipstream,cbBTC / USDC 0.05%,cbBTC,USDC,5,2541150.2844,38343138.1987249,1.851,MEDIUM,10.0,medium_15pct,0.15,24,0.075444,0.05553,0.3,-0.280086,0.00754445,0.005553,NO_GO
0x160d7e9d948b16c163332a277b393c288408eb12,aerodrome-slipstream,cbBTC / USDC 0.05%,cbBTC,USDC,5,2541150.2844,38343138.1987249,1.851,MEDIUM,10.0,medium_15pct,0.15,72,0.226333,0.16659,0.3,-0.240257,0.00754445,0.005553,NO_GO
0x160d7e9d948b16c163332a277b393c288408eb12,aerodrome-slipstream,cbBTC / USDC 0.05%,cbBTC,USDC,5,2541150.2844,38343138.1987249,1.851,MEDIUM,10.0,medium_15pct,0.15,168,0.528111,0.38871,0.3,-0.160599,0.00754445,0.005553,NO_GO
0x160d7e9d948b16c163332a277b393c288408eb12,aerodrome-slipstream,cbBTC / USDC 0.05%,cbBTC,USDC,5,2541150.2844,38343138.1987249,1.851,MEDIUM,25.0,medium_15pct,0.15,1,0.007859,0.005784,0.3,-0.297926,0.00754445,0.005553,NO_GO
0x160d7e9d948b16c163332a277b393c288408eb12,aerodrome-slipstream,cbBTC / USDC 0.05%,cbBTC,USDC,5,2541150.2844,38343138.1987249,1.851,MEDIUM,25.0,medium_15pct,0.15,6,0.047153,0.034706,0.3,-0.287553,0.00754445,0.005553,NO_GO
0x160d7e9d948b16c163332a277b393c288408eb12,aerodrome-slipstream,cbBTC / USDC 0.05%,cbBTC,USDC,5,2541150.2844,38343138.1987249,1.851,MEDIUM,25.0,medium_15pct,0.15,24,0.188611,0.138825,0.3,-0.250214,0.00754445,0.005553,NO_GO
0x160d7e9d948b16c163332a277b393c288408eb12,aerodrome-slipstream,cbBTC / USDC 0.05%,cbBTC,USDC,5,2541150.2844,38343138.1987249,1.851,MEDIUM,25.0,medium_15pct,0.15,72,0.565833,0.416475,0.3,-0.150642,0.00754445,0.005553,NO_GO
0x160d7e9d948b16c163332a277b393c288408eb12,aerodrome-slipstream,cbBTC / USDC 0.05%,cbBTC,USDC,5,2541150.2844,38343138.1987249,1.851,MEDIUM,25.0,medium_15pct,0.15,168,1.320278,0.971775,0.3,0.048503,0.00754445,0.005553,NEED_MORE_DATA
0x160d7e9d948b16c163332a277b393c288408eb12,aerodrome-slipstream,cbBTC / USDC 0.05%,cbBTC,USDC,5,2541150.2844,38343138.1987249,1.851,MEDIUM,50.0,medium_15pct,0.15,1,0.015718,0.011569,0.3,-0.295851,0.00754445,0.005553,NO_GO
0x160d7e9d948b16c163332a277b393c288408eb12,aerodrome-slipstream,cbBTC / USDC 0.05%,cbBTC,USDC,5,2541150.2844,38343138.1987249,1.851,MEDIUM,50.0,medium_15pct,0.15,6,0.094306,0.069413,0.3,-0.275107,0.00754445,0.005553,NO_GO
0x160d7e9d948b16c163332a277b393c288408eb12,aerodrome-slipstream,cbBTC / USDC 0.05%,cbBTC,USDC,5,2541150.2844,38343138.1987249,1.851,MEDIUM,50.0,medium_15pct,0.15,24,0.377222,0.27765,0.3,-0.200428,0.00754445,0.005553,NO_GO
0x160d7e9d948b16c163332a277b393c288408eb12,aerodrome-slipstream,cbBTC / USDC 0.05%,cbBTC,USDC,5,2541150.2844,38343138.1987249,1.851,MEDIUM,50.0,medium_15pct,0.15,72,1.131667,0.83295,0.3,-0.001283,0.00754445,0.005553,NEED_MORE_DATA
0x160d7e9d948b16c163332a277b393c288408eb12,aerodrome-slipstream,cbBTC / USDC 0.05%,cbBTC,USDC,5,2541150.2844,38343138.1987249,1.851,MEDIUM,50.0,medium_15pct,0.15,168,2.640556,1.94355,0.3,0.397006,0.00754445,0.005553,NEED_MORE_DATA
0x3fe04a59ebd38cf06080a6f60a98d124eb59392a,aerodrome-slipstream,WETH / USDC 0.05%,WETH,USDC,5,3183446.0776,34843015.7491768,1.237,LOW,1.0,medium_15pct,0.15,1,0.000228,0.000155,0.3,-0.299927,0.00547253,0.003711,NO_GO
0x3fe04a59ebd38cf06080a6f60a98d124eb59392a,aerodrome-slipstream,WETH / USDC 0.05%,WETH,USDC,5,3183446.0776,34843015.7491768,1.237,LOW,1.0,medium_15pct,0.15,6,0.001368,0.000928,0.3,-0.29956,0.00547253,0.003711,NO_GO
0x3fe04a59ebd38cf06080a6f60a98d124eb59392a,aerodrome-slipstream,WETH / USDC 0.05%,WETH,USDC,5,3183446.0776,34843015.7491768,1.237,LOW,1.0,medium_15pct,0.15,24,0.005473,0.003711,0.3,-0.298238,0.00547253,0.003711,NO_GO
0x3fe04a59ebd38cf06080a6f60a98d124eb59392a,aerodrome-slipstream,WETH / USDC 0.05%,WETH,USDC,5,3183446.0776,34843015.7491768,1.237,LOW,1.0,medium_15pct,0.15,72,0.016418,0.011133,0.3,-0.294715,0.00547253,0.003711,NO_GO
0x3fe04a59ebd38cf06080a6f60a98d124eb59392a,aerodrome-slipstream,WETH / USDC 0.05%,WETH,USDC,5,3183446.0776,34843015.7491768,1.237,LOW,1.0,medium_15pct,0.15,168,0.038308,0.025977,0.3,-0.287669,0.00547253,0.003711,NO_GO
0x3fe04a59ebd38cf06080a6f60a98d124eb59392a,aerodrome-slipstream,WETH / USDC 0.05%,WETH,USDC,5,3183446.0776,34843015.7491768,1.237,LOW,3.0,medium_15pct,0.15,1,0.000684,0.000464,0.3,-0.29978,0.00547253,0.003711,NO_GO
0x3fe04a59ebd38cf06080a6f60a98d124eb59392a,aerodrome-slipstream,WETH / USDC 0.05%,WETH,USDC,5,3183446.0776,34843015.7491768,1.237,LOW,3.0,medium_15pct,0.15,6,0.004104,0.002783,0.3,-0.298679,0.00547253,0.003711,NO_GO
0x3fe04a59ebd38cf06080a6f60a98d124eb59392a,aerodrome-slipstream,WETH / USDC 0.05%,WETH,USDC,5,3183446.0776,34843015.7491768,1.237,LOW,3.0,medium_15pct,0.15,24,0.016418,0.011133,0.3,-0.294715,0.00547253,0.003711,NO_GO
0x3fe04a59ebd38cf06080a6f60a98d124eb59392a,aerodrome-slipstream,WETH / USDC 0.05%,WETH,USDC,5,3183446.0776,34843015.7491768,1.237,LOW,3.0,medium_15pct,0.15,72,0.049253,0.033399,0.3,-0.284146,0.00547253,0.003711,NO_GO
0x3fe04a59ebd38cf06080a6f60a98d124eb59392a,aerodrome-slipstream,WETH / USDC 0.05%,WETH,USDC,5,3183446.0776,34843015.7491768,1.237,LOW,3.0,medium_15pct,0.15,168,0.114923,0.077931,0.3,-0.263008,0.00547253,0.003711,NO_GO
0x3fe04a59ebd38cf06080a6f60a98d124eb59392a,aerodrome-slipstream,WETH / USDC 0.05%,WETH,USDC,5,3183446.0776,34843015.7491768,1.237,LOW,5.0,medium_15pct,0.15,1,0.00114,0.000773,0.3,-0.299633,0.00547253,0.003711,NO_GO
0x3fe04a59ebd38cf06080a6f60a98d124eb59392a,aerodrome-slipstream,WETH / USDC 0.05%,WETH,USDC,5,3183446.0776,34843015.7491768,1.237,LOW,5.0,medium_15pct,0.15,6,0.006841,0.004639,0.3,-0.297798,0.00547253,0.003711,NO_GO
0x3fe04a59ebd38cf06080a6f60a98d124eb59392a,aerodrome-slipstream,WETH / USDC 0.05%,WETH,USDC,5,3183446.0776,34843015.7491768,1.237,LOW,5.0,medium_15pct,0.15,24,0.027363,0.018555,0.3,-0.291192,0.00547253,0.003711,NO_GO
0x3fe04a59ebd38cf06080a6f60a98d124eb59392a,aerodrome-slipstream,WETH / USDC 0.05%,WETH,USDC,5,3183446.0776,34843015.7491768,1.237,LOW,5.0,medium_15pct,0.15,72,0.082088,0.055665,0.3,-0.273577,0.00547253,0.003711,NO_GO
0x3fe04a59ebd38cf06080a6f60a98d124eb59392a,aerodrome-slipstream,WETH / USDC 0.05%,WETH,USDC,5,3183446.0776,34843015.7491768,1.237,LOW,5.0,medium_15pct,0.15,168,0.191539,0.129885,0.3,-0.238346,0.00547253,0.003711,NO_GO
0x3fe04a59ebd38cf06080a6f60a98d124eb59392a,aerodrome-slipstream,WETH / USDC 0.05%,WETH,USDC,5,3183446.0776,34843015.7491768,1.237,LOW,10.0,medium_15pct,0.15,1,0.00228,0.001546,0.3,-0.299266,0.00547253,0.003711,NO_GO
0x3fe04a59ebd38cf06080a6f60a98d124eb59392a,aerodrome-slipstream,WETH / USDC 0.05%,WETH,USDC,5,3183446.0776,34843015.7491768,1.237,LOW,10.0,medium_15pct,0.15,6,0.013681,0.009277,0.3,-0.295596,0.00547253,0.003711,NO_GO
0x3fe04a59ebd38cf06080a6f60a98d124eb59392a,aerodrome-slipstream,WETH / USDC 0.05%,WETH,USDC,5,3183446.0776,34843015.7491768,1.237,LOW,10.0,medium_15pct,0.15,24,0.054725,0.03711,0.3,-0.282385,0.00547253,0.003711,NO_GO
0x3fe04a59ebd38cf06080a6f60a98d124eb59392a,aerodrome-slipstream,WETH / USDC 0.05%,WETH,USDC,5,3183446.0776,34843015.7491768,1.237,LOW,10.0,medium_15pct,0.15,72,0.164176,0.11133,0.3,-0.247154,0.00547253,0.003711,NO_GO
0x3fe04a59ebd38cf06080a6f60a98d124eb59392a,aerodrome-slipstream,WETH / USDC 0.05%,WETH,USDC,5,3183446.0776,34843015.7491768,1.237,LOW,10.0,medium_15pct,0.15,168,0.383077,0.25977,0.3,-0.176693,0.00547253,0.003711,NO_GO
0x3fe04a59ebd38cf06080a6f60a98d124eb59392a,aerodrome-slipstream,WETH / USDC 0.05%,WETH,USDC,5,3183446.0776,34843015.7491768,1.237,LOW,25.0,medium_15pct,0.15,1,0.005701,0.003866,0.3,-0.298165,0.00547253,0.003711,NO_GO
0x3fe04a59ebd38cf06080a6f60a98d124eb59392a,aerodrome-slipstream,WETH / USDC 0.05%,WETH,USDC,5,3183446.0776,34843015.7491768,1.237,LOW,25.0,medium_15pct,0.15,6,0.034203,0.023194,0.3,-0.28899,0.00547253,0.003711,NO_GO
0x3fe04a59ebd38cf06080a6f60a98d124eb59392a,aerodrome-slipstream,WETH / USDC 0.05%,WETH,USDC,5,3183446.0776,34843015.7491768,1.237,LOW,25.0,medium_15pct,0.15,24,0.136813,0.092775,0.3,-0.255962,0.00547253,0.003711,NO_GO
0x3fe04a59ebd38cf06080a6f60a98d124eb59392a,aerodrome-slipstream,WETH / USDC 0.05%,WETH,USDC,5,3183446.0776,34843015.7491768,1.237,LOW,25.0,medium_15pct,0.15,72,0.41044,0.278325,0.3,-0.167885,0.00547253,0.003711,NO_GO
0x3fe04a59ebd38cf06080a6f60a98d124eb59392a,aerodrome-slipstream,WETH / USDC 0.05%,WETH,USDC,5,3183446.0776,34843015.7491768,1.237,LOW,25.0,medium_15pct,0.15,168,0.957693,0.649425,0.3,0.008268,0.00547253,0.003711,GO
0x3fe04a59ebd38cf06080a6f60a98d124eb59392a,aerodrome-slipstream,WETH / USDC 0.05%,WETH,USDC,5,3183446.0776,34843015.7491768,1.237,LOW,50.0,medium_15pct,0.15,1,0.011401,0.007731,0.3,-0.29633,0.00547253,0.003711,NO_GO
0x3fe04a59ebd38cf06080a6f60a98d124eb59392a,aerodrome-slipstream,WETH / USDC 0.05%,WETH,USDC,5,3183446.0776,34843015.7491768,1.237,LOW,50.0,medium_15pct,0.15,6,0.068407,0.046387,0.3,-0.277981,0.00547253,0.003711,NO_GO
0x3fe04a59ebd38cf06080a6f60a98d124eb59392a,aerodrome-slipstream,WETH / USDC 0.05%,WETH,USDC,5,3183446.0776,34843015.7491768,1.237,LOW,50.0,medium_15pct,0.15,24,0.273627,0.18555,0.3,-0.211923,0.00547253,0.003711,NO_GO
0x3fe04a59ebd38cf06080a6f60a98d124eb59392a,aerodrome-slipstream,WETH / USDC 0.05%,WETH,USDC,5,3183446.0776,34843015.7491768,1.237,LOW,50.0,medium_15pct,0.15,72,0.82088,0.55665,0.3,-0.03577,0.00547253,0.003711,NEED_MORE_DATA
0x3fe04a59ebd38cf06080a6f60a98d124eb59392a,aerodrome-slipstream,WETH / USDC 0.05%,WETH,USDC,5,3183446.0776,34843015.7491768,1.237,LOW,50.0,medium_15pct,0.15,168,1.915386,1.29885,0.3,0.316536,0.00547253,0.003711,GO
0xd0b53d9277642d899df5c87a3966a349a798f224,uniswap-v3-base,USDC / WETH 0.05%,USDC,WETH,5,9445385.2679,29792513.380413,0.169,LOW,1.0,medium_15pct,0.15,1,6.6e-05,2.1e-05,0.3,-0.299955,0.00157709,0.000507,NO_GO
0xd0b53d9277642d899df5c87a3966a349a798f224,uniswap-v3-base,USDC / WETH 0.05%,USDC,WETH,5,9445385.2679,29792513.380413,0.169,LOW,1.0,medium_15pct,0.15,6,0.000394,0.000127,0.3,-0.299732,0.00157709,0.000507,NO_GO
0xd0b53d9277642d899df5c87a3966a349a798f224,uniswap-v3-base,USDC / WETH 0.05%,USDC,WETH,5,9445385.2679,29792513.380413,0.169,LOW,1.0,medium_15pct,0.15,24,0.001577,0.000507,0.3,-0.29893,0.00157709,0.000507,NO_GO
0xd0b53d9277642d899df5c87a3966a349a798f224,uniswap-v3-base,USDC / WETH 0.05%,USDC,WETH,5,9445385.2679,29792513.380413,0.169,LOW,1.0,medium_15pct,0.15,72,0.004731,0.001521,0.3,-0.29679,0.00157709,0.000507,NO_GO
0xd0b53d9277642d899df5c87a3966a349a798f224,uniswap-v3-base,USDC / WETH 0.05%,USDC,WETH,5,9445385.2679,29792513.380413,0.169,LOW,1.0,medium_15pct,0.15,168,0.01104,0.003549,0.3,-0.292509,0.00157709,0.000507,NO_GO
0xd0b53d9277642d899df5c87a3966a349a798f224,uniswap-v3-base,USDC / WETH 0.05%,USDC,WETH,5,9445385.2679,29792513.380413,0.169,LOW,3.0,medium_15pct,0.15,1,0.000197,6.3e-05,0.3,-0.299866,0.00157709,0.000507,NO_GO
0xd0b53d9277642d899df5c87a3966a349a798f224,uniswap-v3-base,USDC / WETH 0.05%,USDC,WETH,5,9445385.2679,29792513.380413,0.169,LOW,3.0,medium_15pct,0.15,6,0.001183,0.00038,0.3,-0.299197,0.00157709,0.000507,NO_GO
0xd0b53d9277642d899df5c87a3966a349a798f224,uniswap-v3-base,USDC / WETH 0.05%,USDC,WETH,5,9445385.2679,29792513.380413,0.169,LOW,3.0,medium_15pct,0.15,24,0.004731,0.001521,0.3,-0.29679,0.00157709,0.000507,NO_GO
0xd0b53d9277642d899df5c87a3966a349a798f224,uniswap-v3-base,USDC / WETH 0.05%,USDC,WETH,5,9445385.2679,29792513.380413,0.169,LOW,3.0,medium_15pct,0.15,72,0.014194,0.004563,0.3,-0.290369,0.00157709,0.000507,NO_GO
0xd0b53d9277642d899df5c87a3966a349a798f224,uniswap-v3-base,USDC / WETH 0.05%,USDC,WETH,5,9445385.2679,29792513.380413,0.169,LOW,3.0,medium_15pct,0.15,168,0.033119,0.010647,0.3,-0.277528,0.00157709,0.000507,NO_GO
0xd0b53d9277642d899df5c87a3966a349a798f224,uniswap-v3-base,USDC / WETH 0.05%,USDC,WETH,5,9445385.2679,29792513.380413,0.169,LOW,5.0,medium_15pct,0.15,1,0.000329,0.000106,0.3,-0.299777,0.00157709,0.000507,NO_GO
0xd0b53d9277642d899df5c87a3966a349a798f224,uniswap-v3-base,USDC / WETH 0.05%,USDC,WETH,5,9445385.2679,29792513.380413,0.169,LOW,5.0,medium_15pct,0.15,6,0.001971,0.000634,0.3,-0.298662,0.00157709,0.000507,NO_GO
0xd0b53d9277642d899df5c87a3966a349a798f224,uniswap-v3-base,USDC / WETH 0.05%,USDC,WETH,5,9445385.2679,29792513.380413,0.169,LOW,5.0,medium_15pct,0.15,24,0.007885,0.002535,0.3,-0.29465,0.00157709,0.000507,NO_GO
0xd0b53d9277642d899df5c87a3966a349a798f224,uniswap-v3-base,USDC / WETH 0.05%,USDC,WETH,5,9445385.2679,29792513.380413,0.169,LOW,5.0,medium_15pct,0.15,72,0.023656,0.007605,0.3,-0.283949,0.00157709,0.000507,NO_GO
0xd0b53d9277642d899df5c87a3966a349a798f224,uniswap-v3-base,USDC / WETH 0.05%,USDC,WETH,5,9445385.2679,29792513.380413,0.169,LOW,5.0,medium_15pct,0.15,168,0.055198,0.017745,0.3,-0.262547,0.00157709,0.000507,NO_GO
0xd0b53d9277642d899df5c87a3966a349a798f224,uniswap-v3-base,USDC / WETH 0.05%,USDC,WETH,5,9445385.2679,29792513.380413,0.169,LOW,10.0,medium_15pct,0.15,1,0.000657,0.000211,0.3,-0.299554,0.00157709,0.000507,NO_GO
0xd0b53d9277642d899df5c87a3966a349a798f224,uniswap-v3-base,USDC / WETH 0.05%,USDC,WETH,5,9445385.2679,29792513.380413,0.169,LOW,10.0,medium_15pct,0.15,6,0.003943,0.001267,0.3,-0.297325,0.00157709,0.000507,NO_GO
0xd0b53d9277642d899df5c87a3966a349a798f224,uniswap-v3-base,USDC / WETH 0.05%,USDC,WETH,5,9445385.2679,29792513.380413,0.169,LOW,10.0,medium_15pct,0.15,24,0.015771,0.00507,0.3,-0.289299,0.00157709,0.000507,NO_GO
0xd0b53d9277642d899df5c87a3966a349a798f224,uniswap-v3-base,USDC / WETH 0.05%,USDC,WETH,5,9445385.2679,29792513.380413,0.169,LOW,10.0,medium_15pct,0.15,72,0.047313,0.01521,0.3,-0.267897,0.00157709,0.000507,NO_GO
0xd0b53d9277642d899df5c87a3966a349a798f224,uniswap-v3-base,USDC / WETH 0.05%,USDC,WETH,5,9445385.2679,29792513.380413,0.169,LOW,10.0,medium_15pct,0.15,168,0.110397,0.03549,0.3,-0.225093,0.00157709,0.000507,NO_GO
0xd0b53d9277642d899df5c87a3966a349a798f224,uniswap-v3-base,USDC / WETH 0.05%,USDC,WETH,5,9445385.2679,29792513.380413,0.169,LOW,25.0,medium_15pct,0.15,1,0.001643,0.000528,0.3,-0.298885,0.00157709,0.000507,NO_GO
0xd0b53d9277642d899df5c87a3966a349a798f224,uniswap-v3-base,USDC / WETH 0.05%,USDC,WETH,5,9445385.2679,29792513.380413,0.169,LOW,25.0,medium_15pct,0.15,6,0.009857,0.003169,0.3,-0.293312,0.00157709,0.000507,NO_GO
0xd0b53d9277642d899df5c87a3966a349a798f224,uniswap-v3-base,USDC / WETH 0.05%,USDC,WETH,5,9445385.2679,29792513.380413,0.169,LOW,25.0,medium_15pct,0.15,24,0.039427,0.012675,0.3,-0.273248,0.00157709,0.000507,NO_GO
0xd0b53d9277642d899df5c87a3966a349a798f224,uniswap-v3-base,USDC / WETH 0.05%,USDC,WETH,5,9445385.2679,29792513.380413,0.169,LOW,25.0,medium_15pct,0.15,72,0.118282,0.038025,0.3,-0.219743,0.00157709,0.000507,NO_GO
0xd0b53d9277642d899df5c87a3966a349a798f224,uniswap-v3-base,USDC / WETH 0.05%,USDC,WETH,5,9445385.2679,29792513.380413,0.169,LOW,25.0,medium_15pct,0.15,168,0.275991,0.088725,0.3,-0.112734,0.00157709,0.000507,NO_GO
0xd0b53d9277642d899df5c87a3966a349a798f224,uniswap-v3-base,USDC / WETH 0.05%,USDC,WETH,5,9445385.2679,29792513.380413,0.169,LOW,50.0,medium_15pct,0.15,1,0.003286,0.001056,0.3,-0.297771,0.00157709,0.000507,NO_GO
0xd0b53d9277642d899df5c87a3966a349a798f224,uniswap-v3-base,USDC / WETH 0.05%,USDC,WETH,5,9445385.2679,29792513.380413,0.169,LOW,50.0,medium_15pct,0.15,6,0.019714,0.006337,0.3,-0.286624,0.00157709,0.000507,NO_GO
0xd0b53d9277642d899df5c87a3966a349a798f224,uniswap-v3-base,USDC / WETH 0.05%,USDC,WETH,5,9445385.2679,29792513.380413,0.169,LOW,50.0,medium_15pct,0.15,24,0.078855,0.02535,0.3,-0.246495,0.00157709,0.000507,NO_GO
0xd0b53d9277642d899df5c87a3966a349a798f224,uniswap-v3-base,USDC / WETH 0.05%,USDC,WETH,5,9445385.2679,29792513.380413,0.169,LOW,50.0,medium_15pct,0.15,72,0.236564,0.07605,0.3,-0.139486,0.00157709,0.000507,NO_GO
0xd0b53d9277642d899df5c87a3966a349a798f224,uniswap-v3-base,USDC / WETH 0.05%,USDC,WETH,5,9445385.2679,29792513.380413,0.169,LOW,50.0,medium_15pct,0.15,168,0.551983,0.17745,0.3,0.074533,0.00157709,0.000507,GO
0x0ab02e160f0df68dc049b012c514857306960eae,aerodrome-slipstream,CTR / USDC 0.018%,CTR,USDC,1.8,594584.0485,24963647.6837271,-15.162,MEDIUM,1.0,medium_15pct,0.15,1,0.000315,0.001895,0.3,-0.30158,0.00755731,0.045486,NO_GO
0x0ab02e160f0df68dc049b012c514857306960eae,aerodrome-slipstream,CTR / USDC 0.018%,CTR,USDC,1.8,594584.0485,24963647.6837271,-15.162,MEDIUM,1.0,medium_15pct,0.15,6,0.001889,0.011371,0.3,-0.309482,0.00755731,0.045486,NO_GO
0x0ab02e160f0df68dc049b012c514857306960eae,aerodrome-slipstream,CTR / USDC 0.018%,CTR,USDC,1.8,594584.0485,24963647.6837271,-15.162,MEDIUM,1.0,medium_15pct,0.15,24,0.007557,0.045486,0.3,-0.337929,0.00755731,0.045486,NO_GO
0x0ab02e160f0df68dc049b012c514857306960eae,aerodrome-slipstream,CTR / USDC 0.018%,CTR,USDC,1.8,594584.0485,24963647.6837271,-15.162,MEDIUM,1.0,medium_15pct,0.15,72,0.022672,0.136458,0.3,-0.413786,0.00755731,0.045486,NO_GO
0x0ab02e160f0df68dc049b012c514857306960eae,aerodrome-slipstream,CTR / USDC 0.018%,CTR,USDC,1.8,594584.0485,24963647.6837271,-15.162,MEDIUM,1.0,medium_15pct,0.15,168,0.052901,0.318402,0.3,-0.565501,0.00755731,0.045486,NO_GO
0x0ab02e160f0df68dc049b012c514857306960eae,aerodrome-slipstream,CTR / USDC 0.018%,CTR,USDC,1.8,594584.0485,24963647.6837271,-15.162,MEDIUM,3.0,medium_15pct,0.15,1,0.000945,0.005686,0.3,-0.304741,0.00755731,0.045486,NO_GO
0x0ab02e160f0df68dc049b012c514857306960eae,aerodrome-slipstream,CTR / USDC 0.018%,CTR,USDC,1.8,594584.0485,24963647.6837271,-15.162,MEDIUM,3.0,medium_15pct,0.15,6,0.005668,0.034114,0.3,-0.328447,0.00755731,0.045486,NO_GO
0x0ab02e160f0df68dc049b012c514857306960eae,aerodrome-slipstream,CTR / USDC 0.018%,CTR,USDC,1.8,594584.0485,24963647.6837271,-15.162,MEDIUM,3.0,medium_15pct,0.15,24,0.022672,0.136458,0.3,-0.413786,0.00755731,0.045486,NO_GO
0x0ab02e160f0df68dc049b012c514857306960eae,aerodrome-slipstream,CTR / USDC 0.018%,CTR,USDC,1.8,594584.0485,24963647.6837271,-15.162,MEDIUM,3.0,medium_15pct,0.15,72,0.068016,0.409374,0.3,-0.641358,0.00755731,0.045486,NO_GO
0x0ab02e160f0df68dc049b012c514857306960eae,aerodrome-slipstream,CTR / USDC 0.018%,CTR,USDC,1.8,594584.0485,24963647.6837271,-15.162,MEDIUM,3.0,medium_15pct,0.15,168,0.158704,0.955206,0.3,-1.096502,0.00755731,0.045486,NO_GO
0x0ab02e160f0df68dc049b012c514857306960eae,aerodrome-slipstream,CTR / USDC 0.018%,CTR,USDC,1.8,594584.0485,24963647.6837271,-15.162,MEDIUM,5.0,medium_15pct,0.15,1,0.001574,0.009476,0.3,-0.307902,0.00755731,0.045486,NO_GO
0x0ab02e160f0df68dc049b012c514857306960eae,aerodrome-slipstream,CTR / USDC 0.018%,CTR,USDC,1.8,594584.0485,24963647.6837271,-15.162,MEDIUM,5.0,medium_15pct,0.15,6,0.009447,0.056857,0.3,-0.347411,0.00755731,0.045486,NO_GO
0x0ab02e160f0df68dc049b012c514857306960eae,aerodrome-slipstream,CTR / USDC 0.018%,CTR,USDC,1.8,594584.0485,24963647.6837271,-15.162,MEDIUM,5.0,medium_15pct,0.15,24,0.037787,0.22743,0.3,-0.489643,0.00755731,0.045486,NO_GO
0x0ab02e160f0df68dc049b012c514857306960eae,aerodrome-slipstream,CTR / USDC 0.018%,CTR,USDC,1.8,594584.0485,24963647.6837271,-15.162,MEDIUM,5.0,medium_15pct,0.15,72,0.11336,0.68229,0.3,-0.86893,0.00755731,0.045486,NO_GO
0x0ab02e160f0df68dc049b012c514857306960eae,aerodrome-slipstream,CTR / USDC 0.018%,CTR,USDC,1.8,594584.0485,24963647.6837271,-15.162,MEDIUM,5.0,medium_15pct,0.15,168,0.264506,1.59201,0.3,-1.627504,0.00755731,0.045486,NO_GO
0x0ab02e160f0df68dc049b012c514857306960eae,aerodrome-slipstream,CTR / USDC 0.018%,CTR,USDC,1.8,594584.0485,24963647.6837271,-15.162,MEDIUM,10.0,medium_15pct,0.15,1,0.003149,0.018952,0.3,-0.315804,0.00755731,0.045486,NO_GO
0x0ab02e160f0df68dc049b012c514857306960eae,aerodrome-slipstream,CTR / USDC 0.018%,CTR,USDC,1.8,594584.0485,24963647.6837271,-15.162,MEDIUM,10.0,medium_15pct,0.15,6,0.018893,0.113715,0.3,-0.394822,0.00755731,0.045486,NO_GO
0x0ab02e160f0df68dc049b012c514857306960eae,aerodrome-slipstream,CTR / USDC 0.018%,CTR,USDC,1.8,594584.0485,24963647.6837271,-15.162,MEDIUM,10.0,medium_15pct,0.15,24,0.075573,0.45486,0.3,-0.679287,0.00755731,0.045486,NO_GO
0x0ab02e160f0df68dc049b012c514857306960eae,aerodrome-slipstream,CTR / USDC 0.018%,CTR,USDC,1.8,594584.0485,24963647.6837271,-15.162,MEDIUM,10.0,medium_15pct,0.15,72,0.226719,1.36458,0.3,-1.437861,0.00755731,0.045486,NO_GO
0x0ab02e160f0df68dc049b012c514857306960eae,aerodrome-slipstream,CTR / USDC 0.018%,CTR,USDC,1.8,594584.0485,24963647.6837271,-15.162,MEDIUM,10.0,medium_15pct,0.15,168,0.529012,3.18402,0.3,-2.955008,0.00755731,0.045486,NO_GO
0x0ab02e160f0df68dc049b012c514857306960eae,aerodrome-slipstream,CTR / USDC 0.018%,CTR,USDC,1.8,594584.0485,24963647.6837271,-15.162,MEDIUM,25.0,medium_15pct,0.15,1,0.007872,0.047381,0.3,-0.339509,0.00755731,0.045486,NO_GO
0x0ab02e160f0df68dc049b012c514857306960eae,aerodrome-slipstream,CTR / USDC 0.018%,CTR,USDC,1.8,594584.0485,24963647.6837271,-15.162,MEDIUM,25.0,medium_15pct,0.15,6,0.047233,0.284287,0.3,-0.537054,0.00755731,0.045486,NO_GO
0x0ab02e160f0df68dc049b012c514857306960eae,aerodrome-slipstream,CTR / USDC 0.018%,CTR,USDC,1.8,594584.0485,24963647.6837271,-15.162,MEDIUM,25.0,medium_15pct,0.15,24,0.188933,1.13715,0.3,-1.248217,0.00755731,0.045486,NO_GO
0x0ab02e160f0df68dc049b012c514857306960eae,aerodrome-slipstream,CTR / USDC 0.018%,CTR,USDC,1.8,594584.0485,24963647.6837271,-15.162,MEDIUM,25.0,medium_15pct,0.15,72,0.566798,3.41145,0.3,-3.144652,0.00755731,0.045486,NO_GO
0x0ab02e160f0df68dc049b012c514857306960eae,aerodrome-slipstream,CTR / USDC 0.018%,CTR,USDC,1.8,594584.0485,24963647.6837271,-15.162,MEDIUM,25.0,medium_15pct,0.15,168,1.322529,7.96005,0.3,-6.937521,0.00755731,0.045486,NO_GO
0x0ab02e160f0df68dc049b012c514857306960eae,aerodrome-slipstream,CTR / USDC 0.018%,CTR,USDC,1.8,594584.0485,24963647.6837271,-15.162,MEDIUM,50.0,medium_15pct,0.15,1,0.015744,0.094762,0.3,-0.379018,0.00755731,0.045486,NO_GO
0x0ab02e160f0df68dc049b012c514857306960eae,aerodrome-slipstream,CTR / USDC 0.018%,CTR,USDC,1.8,594584.0485,24963647.6837271,-15.162,MEDIUM,50.0,medium_15pct,0.15,6,0.094466,0.568575,0.3,-0.774109,0.00755731,0.045486,NO_GO
0x0ab02e160f0df68dc049b012c514857306960eae,aerodrome-slipstream,CTR / USDC 0.018%,CTR,USDC,1.8,594584.0485,24963647.6837271,-15.162,MEDIUM,50.0,medium_15pct,0.15,24,0.377866,2.2743,0.3,-2.196434,0.00755731,0.045486,NO_GO
0x0ab02e160f0df68dc049b012c514857306960eae,aerodrome-slipstream,CTR / USDC 0.018%,CTR,USDC,1.8,594584.0485,24963647.6837271,-15.162,MEDIUM,50.0,medium_15pct,0.15,72,1.133597,6.8229,0.3,-5.989303,0.00755731,0.045486,NO_GO
0x0ab02e160f0df68dc049b012c514857306960eae,aerodrome-slipstream,CTR / USDC 0.018%,CTR,USDC,1.8,594584.0485,24963647.6837271,-15.162,MEDIUM,50.0,medium_15pct,0.15,168,2.645059,15.9201,0.3,-13.575041,0.00755731,0.045486,NO_GO
0xb94b22332abf5f89877a14cc88f2abc48c34b3df,pancakeswap-v3-base,cbBTC / USDC 0.01%,cbBTC,USDC,1,2352918.5927,23367289.1390456,1.847,MEDIUM,1.0,medium_15pct,0.15,1,4.1e-05,0.000231,0.3,-0.300189,0.00099312,0.005541,NO_GO
0xb94b22332abf5f89877a14cc88f2abc48c34b3df,pancakeswap-v3-base,cbBTC / USDC 0.01%,cbBTC,USDC,1,2352918.5927,23367289.1390456,1.847,MEDIUM,1.0,medium_15pct,0.15,6,0.000248,0.001385,0.3,-0.301137,0.00099312,0.005541,NO_GO
0xb94b22332abf5f89877a14cc88f2abc48c34b3df,pancakeswap-v3-base,cbBTC / USDC 0.01%,cbBTC,USDC,1,2352918.5927,23367289.1390456,1.847,MEDIUM,1.0,medium_15pct,0.15,24,0.000993,0.005541,0.3,-0.304548,0.00099312,0.005541,NO_GO
0xb94b22332abf5f89877a14cc88f2abc48c34b3df,pancakeswap-v3-base,cbBTC / USDC 0.01%,cbBTC,USDC,1,2352918.5927,23367289.1390456,1.847,MEDIUM,1.0,medium_15pct,0.15,72,0.002979,0.016623,0.3,-0.313644,0.00099312,0.005541,NO_GO
0xb94b22332abf5f89877a14cc88f2abc48c34b3df,pancakeswap-v3-base,cbBTC / USDC 0.01%,cbBTC,USDC,1,2352918.5927,23367289.1390456,1.847,MEDIUM,1.0,medium_15pct,0.15,168,0.006952,0.038787,0.3,-0.331835,0.00099312,0.005541,NO_GO
0xb94b22332abf5f89877a14cc88f2abc48c34b3df,pancakeswap-v3-base,cbBTC / USDC 0.01%,cbBTC,USDC,1,2352918.5927,23367289.1390456,1.847,MEDIUM,3.0,medium_15pct,0.15,1,0.000124,0.000693,0.3,-0.300568,0.00099312,0.005541,NO_GO
0xb94b22332abf5f89877a14cc88f2abc48c34b3df,pancakeswap-v3-base,cbBTC / USDC 0.01%,cbBTC,USDC,1,2352918.5927,23367289.1390456,1.847,MEDIUM,3.0,medium_15pct,0.15,6,0.000745,0.004156,0.3,-0.303411,0.00099312,0.005541,NO_GO
0xb94b22332abf5f89877a14cc88f2abc48c34b3df,pancakeswap-v3-base,cbBTC / USDC 0.01%,cbBTC,USDC,1,2352918.5927,23367289.1390456,1.847,MEDIUM,3.0,medium_15pct,0.15,24,0.002979,0.016623,0.3,-0.313644,0.00099312,0.005541,NO_GO
0xb94b22332abf5f89877a14cc88f2abc48c34b3df,pancakeswap-v3-base,cbBTC / USDC 0.01%,cbBTC,USDC,1,2352918.5927,23367289.1390456,1.847,MEDIUM,3.0,medium_15pct,0.15,72,0.008938,0.049869,0.3,-0.340931,0.00099312,0.005541,NO_GO
0xb94b22332abf5f89877a14cc88f2abc48c34b3df,pancakeswap-v3-base,cbBTC / USDC 0.01%,cbBTC,USDC,1,2352918.5927,23367289.1390456,1.847,MEDIUM,3.0,medium_15pct,0.15,168,0.020856,0.116361,0.3,-0.395505,0.00099312,0.005541,NO_GO
0xb94b22332abf5f89877a14cc88f2abc48c34b3df,pancakeswap-v3-base,cbBTC / USDC 0.01%,cbBTC,USDC,1,2352918.5927,23367289.1390456,1.847,MEDIUM,5.0,medium_15pct,0.15,1,0.000207,0.001154,0.3,-0.300947,0.00099312,0.005541,NO_GO
0xb94b22332abf5f89877a14cc88f2abc48c34b3df,pancakeswap-v3-base,cbBTC / USDC 0.01%,cbBTC,USDC,1,2352918.5927,23367289.1390456,1.847,MEDIUM,5.0,medium_15pct,0.15,6,0.001241,0.006926,0.3,-0.305685,0.00099312,0.005541,NO_GO
0xb94b22332abf5f89877a14cc88f2abc48c34b3df,pancakeswap-v3-base,cbBTC / USDC 0.01%,cbBTC,USDC,1,2352918.5927,23367289.1390456,1.847,MEDIUM,5.0,medium_15pct,0.15,24,0.004966,0.027705,0.3,-0.322739,0.00099312,0.005541,NO_GO
0xb94b22332abf5f89877a14cc88f2abc48c34b3df,pancakeswap-v3-base,cbBTC / USDC 0.01%,cbBTC,USDC,1,2352918.5927,23367289.1390456,1.847,MEDIUM,5.0,medium_15pct,0.15,72,0.014897,0.083115,0.3,-0.368218,0.00099312,0.005541,NO_GO
0xb94b22332abf5f89877a14cc88f2abc48c34b3df,pancakeswap-v3-base,cbBTC / USDC 0.01%,cbBTC,USDC,1,2352918.5927,23367289.1390456,1.847,MEDIUM,5.0,medium_15pct,0.15,168,0.034759,0.193935,0.3,-0.459176,0.00099312,0.005541,NO_GO
0xb94b22332abf5f89877a14cc88f2abc48c34b3df,pancakeswap-v3-base,cbBTC / USDC 0.01%,cbBTC,USDC,1,2352918.5927,23367289.1390456,1.847,MEDIUM,10.0,medium_15pct,0.15,1,0.000414,0.002309,0.3,-0.301895,0.00099312,0.005541,NO_GO
0xb94b22332abf5f89877a14cc88f2abc48c34b3df,pancakeswap-v3-base,cbBTC / USDC 0.01%,cbBTC,USDC,1,2352918.5927,23367289.1390456,1.847,MEDIUM,10.0,medium_15pct,0.15,6,0.002483,0.013853,0.3,-0.31137,0.00099312,0.005541,NO_GO
0xb94b22332abf5f89877a14cc88f2abc48c34b3df,pancakeswap-v3-base,cbBTC / USDC 0.01%,cbBTC,USDC,1,2352918.5927,23367289.1390456,1.847,MEDIUM,10.0,medium_15pct,0.15,24,0.009931,0.05541,0.3,-0.345479,0.00099312,0.005541,NO_GO
0xb94b22332abf5f89877a14cc88f2abc48c34b3df,pancakeswap-v3-base,cbBTC / USDC 0.01%,cbBTC,USDC,1,2352918.5927,23367289.1390456,1.847,MEDIUM,10.0,medium_15pct,0.15,72,0.029794,0.16623,0.3,-0.436436,0.00099312,0.005541,NO_GO
0xb94b22332abf5f89877a14cc88f2abc48c34b3df,pancakeswap-v3-base,cbBTC / USDC 0.01%,cbBTC,USDC,1,2352918.5927,23367289.1390456,1.847,MEDIUM,10.0,medium_15pct,0.15,168,0.069518,0.38787,0.3,-0.618352,0.00099312,0.005541,NO_GO
0xb94b22332abf5f89877a14cc88f2abc48c34b3df,pancakeswap-v3-base,cbBTC / USDC 0.01%,cbBTC,USDC,1,2352918.5927,23367289.1390456,1.847,MEDIUM,25.0,medium_15pct,0.15,1,0.001034,0.005772,0.3,-0.304737,0.00099312,0.005541,NO_GO
0xb94b22332abf5f89877a14cc88f2abc48c34b3df,pancakeswap-v3-base,cbBTC / USDC 0.01%,cbBTC,USDC,1,2352918.5927,23367289.1390456,1.847,MEDIUM,25.0,medium_15pct,0.15,6,0.006207,0.034631,0.3,-0.328424,0.00099312,0.005541,NO_GO
0xb94b22332abf5f89877a14cc88f2abc48c34b3df,pancakeswap-v3-base,cbBTC / USDC 0.01%,cbBTC,USDC,1,2352918.5927,23367289.1390456,1.847,MEDIUM,25.0,medium_15pct,0.15,24,0.024828,0.138525,0.3,-0.413697,0.00099312,0.005541,NO_GO
0xb94b22332abf5f89877a14cc88f2abc48c34b3df,pancakeswap-v3-base,cbBTC / USDC 0.01%,cbBTC,USDC,1,2352918.5927,23367289.1390456,1.847,MEDIUM,25.0,medium_15pct,0.15,72,0.074484,0.415575,0.3,-0.641091,0.00099312,0.005541,NO_GO
0xb94b22332abf5f89877a14cc88f2abc48c34b3df,pancakeswap-v3-base,cbBTC / USDC 0.01%,cbBTC,USDC,1,2352918.5927,23367289.1390456,1.847,MEDIUM,25.0,medium_15pct,0.15,168,0.173796,0.969675,0.3,-1.095879,0.00099312,0.005541,NO_GO
0xb94b22332abf5f89877a14cc88f2abc48c34b3df,pancakeswap-v3-base,cbBTC / USDC 0.01%,cbBTC,USDC,1,2352918.5927,23367289.1390456,1.847,MEDIUM,50.0,medium_15pct,0.15,1,0.002069,0.011544,0.3,-0.309475,0.00099312,0.005541,NO_GO
0xb94b22332abf5f89877a14cc88f2abc48c34b3df,pancakeswap-v3-base,cbBTC / USDC 0.01%,cbBTC,USDC,1,2352918.5927,23367289.1390456,1.847,MEDIUM,50.0,medium_15pct,0.15,6,0.012414,0.069263,0.3,-0.356849,0.00099312,0.005541,NO_GO
0xb94b22332abf5f89877a14cc88f2abc48c34b3df,pancakeswap-v3-base,cbBTC / USDC 0.01%,cbBTC,USDC,1,2352918.5927,23367289.1390456,1.847,MEDIUM,50.0,medium_15pct,0.15,24,0.049656,0.27705,0.3,-0.527394,0.00099312,0.005541,NO_GO
0xb94b22332abf5f89877a14cc88f2abc48c34b3df,pancakeswap-v3-base,cbBTC / USDC 0.01%,cbBTC,USDC,1,2352918.5927,23367289.1390456,1.847,MEDIUM,50.0,medium_15pct,0.15,72,0.148968,0.83115,0.3,-0.982182,0.00099312,0.005541,NO_GO
0xb94b22332abf5f89877a14cc88f2abc48c34b3df,pancakeswap-v3-base,cbBTC / USDC 0.01%,cbBTC,USDC,1,2352918.5927,23367289.1390456,1.847,MEDIUM,50.0,medium_15pct,0.15,168,0.347592,1.93935,0.3,-1.891758,0.00099312,0.005541,NO_GO
0x12d76c5c8ec8edffd3c143995b0aa43fe44a6d71eb9113796272909e54b8e078,uniswap-v4-base,cbBTC / USDC 0.05%,cbBTC,USDC,5,4019538.021,16785394.7889585,1.84,MEDIUM,1.0,medium_15pct,0.15,1,8.7e-05,0.00023,0.3,-0.300143,0.00208798,0.00552,NO_GO
0x12d76c5c8ec8edffd3c143995b0aa43fe44a6d71eb9113796272909e54b8e078,uniswap-v4-base,cbBTC / USDC 0.05%,cbBTC,USDC,5,4019538.021,16785394.7889585,1.84,MEDIUM,1.0,medium_15pct,0.15,6,0.000522,0.00138,0.3,-0.300858,0.00208798,0.00552,NO_GO
0x12d76c5c8ec8edffd3c143995b0aa43fe44a6d71eb9113796272909e54b8e078,uniswap-v4-base,cbBTC / USDC 0.05%,cbBTC,USDC,5,4019538.021,16785394.7889585,1.84,MEDIUM,1.0,medium_15pct,0.15,24,0.002088,0.00552,0.3,-0.303432,0.00208798,0.00552,NO_GO
0x12d76c5c8ec8edffd3c143995b0aa43fe44a6d71eb9113796272909e54b8e078,uniswap-v4-base,cbBTC / USDC 0.05%,cbBTC,USDC,5,4019538.021,16785394.7889585,1.84,MEDIUM,1.0,medium_15pct,0.15,72,0.006264,0.01656,0.3,-0.310296,0.00208798,0.00552,NO_GO
0x12d76c5c8ec8edffd3c143995b0aa43fe44a6d71eb9113796272909e54b8e078,uniswap-v4-base,cbBTC / USDC 0.05%,cbBTC,USDC,5,4019538.021,16785394.7889585,1.84,MEDIUM,1.0,medium_15pct,0.15,168,0.014616,0.03864,0.3,-0.324024,0.00208798,0.00552,NO_GO
0x12d76c5c8ec8edffd3c143995b0aa43fe44a6d71eb9113796272909e54b8e078,uniswap-v4-base,cbBTC / USDC 0.05%,cbBTC,USDC,5,4019538.021,16785394.7889585,1.84,MEDIUM,3.0,medium_15pct,0.15,1,0.000261,0.00069,0.3,-0.300429,0.00208798,0.00552,NO_GO
0x12d76c5c8ec8edffd3c143995b0aa43fe44a6d71eb9113796272909e54b8e078,uniswap-v4-base,cbBTC / USDC 0.05%,cbBTC,USDC,5,4019538.021,16785394.7889585,1.84,MEDIUM,3.0,medium_15pct,0.15,6,0.001566,0.00414,0.3,-0.302574,0.00208798,0.00552,NO_GO
0x12d76c5c8ec8edffd3c143995b0aa43fe44a6d71eb9113796272909e54b8e078,uniswap-v4-base,cbBTC / USDC 0.05%,cbBTC,USDC,5,4019538.021,16785394.7889585,1.84,MEDIUM,3.0,medium_15pct,0.15,24,0.006264,0.01656,0.3,-0.310296,0.00208798,0.00552,NO_GO
0x12d76c5c8ec8edffd3c143995b0aa43fe44a6d71eb9113796272909e54b8e078,uniswap-v4-base,cbBTC / USDC 0.05%,cbBTC,USDC,5,4019538.021,16785394.7889585,1.84,MEDIUM,3.0,medium_15pct,0.15,72,0.018792,0.04968,0.3,-0.330888,0.00208798,0.00552,NO_GO
0x12d76c5c8ec8edffd3c143995b0aa43fe44a6d71eb9113796272909e54b8e078,uniswap-v4-base,cbBTC / USDC 0.05%,cbBTC,USDC,5,4019538.021,16785394.7889585,1.84,MEDIUM,3.0,medium_15pct,0.15,168,0.043847,0.11592,0.3,-0.372073,0.00208798,0.00552,NO_GO
0x12d76c5c8ec8edffd3c143995b0aa43fe44a6d71eb9113796272909e54b8e078,uniswap-v4-base,cbBTC / USDC 0.05%,cbBTC,USDC,5,4019538.021,16785394.7889585,1.84,MEDIUM,5.0,medium_15pct,0.15,1,0.000435,0.00115,0.3,-0.300715,0.00208798,0.00552,NO_GO
0x12d76c5c8ec8edffd3c143995b0aa43fe44a6d71eb9113796272909e54b8e078,uniswap-v4-base,cbBTC / USDC 0.05%,cbBTC,USDC,5,4019538.021,16785394.7889585,1.84,MEDIUM,5.0,medium_15pct,0.15,6,0.00261,0.0069,0.3,-0.30429,0.00208798,0.00552,NO_GO
0x12d76c5c8ec8edffd3c143995b0aa43fe44a6d71eb9113796272909e54b8e078,uniswap-v4-base,cbBTC / USDC 0.05%,cbBTC,USDC,5,4019538.021,16785394.7889585,1.84,MEDIUM,5.0,medium_15pct,0.15,24,0.01044,0.0276,0.3,-0.31716,0.00208798,0.00552,NO_GO
0x12d76c5c8ec8edffd3c143995b0aa43fe44a6d71eb9113796272909e54b8e078,uniswap-v4-base,cbBTC / USDC 0.05%,cbBTC,USDC,5,4019538.021,16785394.7889585,1.84,MEDIUM,5.0,medium_15pct,0.15,72,0.03132,0.0828,0.3,-0.35148,0.00208798,0.00552,NO_GO
0x12d76c5c8ec8edffd3c143995b0aa43fe44a6d71eb9113796272909e54b8e078,uniswap-v4-base,cbBTC / USDC 0.05%,cbBTC,USDC,5,4019538.021,16785394.7889585,1.84,MEDIUM,5.0,medium_15pct,0.15,168,0.073079,0.1932,0.3,-0.420121,0.00208798,0.00552,NO_GO
0x12d76c5c8ec8edffd3c143995b0aa43fe44a6d71eb9113796272909e54b8e078,uniswap-v4-base,cbBTC / USDC 0.05%,cbBTC,USDC,5,4019538.021,16785394.7889585,1.84,MEDIUM,10.0,medium_15pct,0.15,1,0.00087,0.0023,0.3,-0.30143,0.00208798,0.00552,NO_GO
0x12d76c5c8ec8edffd3c143995b0aa43fe44a6d71eb9113796272909e54b8e078,uniswap-v4-base,cbBTC / USDC 0.05%,cbBTC,USDC,5,4019538.021,16785394.7889585,1.84,MEDIUM,10.0,medium_15pct,0.15,6,0.00522,0.0138,0.3,-0.30858,0.00208798,0.00552,NO_GO
0x12d76c5c8ec8edffd3c143995b0aa43fe44a6d71eb9113796272909e54b8e078,uniswap-v4-base,cbBTC / USDC 0.05%,cbBTC,USDC,5,4019538.021,16785394.7889585,1.84,MEDIUM,10.0,medium_15pct,0.15,24,0.02088,0.0552,0.3,-0.33432,0.00208798,0.00552,NO_GO
0x12d76c5c8ec8edffd3c143995b0aa43fe44a6d71eb9113796272909e54b8e078,uniswap-v4-base,cbBTC / USDC 0.05%,cbBTC,USDC,5,4019538.021,16785394.7889585,1.84,MEDIUM,10.0,medium_15pct,0.15,72,0.062639,0.1656,0.3,-0.402961,0.00208798,0.00552,NO_GO
0x12d76c5c8ec8edffd3c143995b0aa43fe44a6d71eb9113796272909e54b8e078,uniswap-v4-base,cbBTC / USDC 0.05%,cbBTC,USDC,5,4019538.021,16785394.7889585,1.84,MEDIUM,10.0,medium_15pct,0.15,168,0.146158,0.3864,0.3,-0.540242,0.00208798,0.00552,NO_GO
0x12d76c5c8ec8edffd3c143995b0aa43fe44a6d71eb9113796272909e54b8e078,uniswap-v4-base,cbBTC / USDC 0.05%,cbBTC,USDC,5,4019538.021,16785394.7889585,1.84,MEDIUM,25.0,medium_15pct,0.15,1,0.002175,0.00575,0.3,-0.303575,0.00208798,0.00552,NO_GO
0x12d76c5c8ec8edffd3c143995b0aa43fe44a6d71eb9113796272909e54b8e078,uniswap-v4-base,cbBTC / USDC 0.05%,cbBTC,USDC,5,4019538.021,16785394.7889585,1.84,MEDIUM,25.0,medium_15pct,0.15,6,0.01305,0.0345,0.3,-0.32145,0.00208798,0.00552,NO_GO
0x12d76c5c8ec8edffd3c143995b0aa43fe44a6d71eb9113796272909e54b8e078,uniswap-v4-base,cbBTC / USDC 0.05%,cbBTC,USDC,5,4019538.021,16785394.7889585,1.84,MEDIUM,25.0,medium_15pct,0.15,24,0.052199,0.138,0.3,-0.385801,0.00208798,0.00552,NO_GO
0x12d76c5c8ec8edffd3c143995b0aa43fe44a6d71eb9113796272909e54b8e078,uniswap-v4-base,cbBTC / USDC 0.05%,cbBTC,USDC,5,4019538.021,16785394.7889585,1.84,MEDIUM,25.0,medium_15pct,0.15,72,0.156598,0.414,0.3,-0.557402,0.00208798,0.00552,NO_GO
0x12d76c5c8ec8edffd3c143995b0aa43fe44a6d71eb9113796272909e54b8e078,uniswap-v4-base,cbBTC / USDC 0.05%,cbBTC,USDC,5,4019538.021,16785394.7889585,1.84,MEDIUM,25.0,medium_15pct,0.15,168,0.365396,0.966,0.3,-0.900604,0.00208798,0.00552,NO_GO
0x12d76c5c8ec8edffd3c143995b0aa43fe44a6d71eb9113796272909e54b8e078,uniswap-v4-base,cbBTC / USDC 0.05%,cbBTC,USDC,5,4019538.021,16785394.7889585,1.84,MEDIUM,50.0,medium_15pct,0.15,1,0.00435,0.0115,0.3,-0.30715,0.00208798,0.00552,NO_GO
0x12d76c5c8ec8edffd3c143995b0aa43fe44a6d71eb9113796272909e54b8e078,uniswap-v4-base,cbBTC / USDC 0.05%,cbBTC,USDC,5,4019538.021,16785394.7889585,1.84,MEDIUM,50.0,medium_15pct,0.15,6,0.0261,0.069,0.3,-0.3429,0.00208798,0.00552,NO_GO
0x12d76c5c8ec8edffd3c143995b0aa43fe44a6d71eb9113796272909e54b8e078,uniswap-v4-base,cbBTC / USDC 0.05%,cbBTC,USDC,5,4019538.021,16785394.7889585,1.84,MEDIUM,50.0,medium_15pct,0.15,24,0.104399,0.276,0.3,-0.471601,0.00208798,0.00552,NO_GO
0x12d76c5c8ec8edffd3c143995b0aa43fe44a6d71eb9113796272909e54b8e078,uniswap-v4-base,cbBTC / USDC 0.05%,cbBTC,USDC,5,4019538.021,16785394.7889585,1.84,MEDIUM,50.0,medium_15pct,0.15,72,0.313196,0.828,0.3,-0.814804,0.00208798,0.00552,NO_GO
0x12d76c5c8ec8edffd3c143995b0aa43fe44a6d71eb9113796272909e54b8e078,uniswap-v4-base,cbBTC / USDC 0.05%,cbBTC,USDC,5,4019538.021,16785394.7889585,1.84,MEDIUM,50.0,medium_15pct,0.15,168,0.730791,1.932,0.3,-1.501209,0.00208798,0.00552,NO_GO
0xfbb6eed8e7aa03b138556eedaf5d271a5e1e43ef,uniswap-v3-base,cbBTC / USDC 0.05%,cbBTC,USDC,5,7326622.6852,16095649.7296072,1.847,MEDIUM,1.0,medium_15pct,0.15,1,4.6e-05,0.000231,0.3,-0.300185,0.00109844,0.005541,NO_GO
0xfbb6eed8e7aa03b138556eedaf5d271a5e1e43ef,uniswap-v3-base,cbBTC / USDC 0.05%,cbBTC,USDC,5,7326622.6852,16095649.7296072,1.847,MEDIUM,1.0,medium_15pct,0.15,6,0.000275,0.001385,0.3,-0.301111,0.00109844,0.005541,NO_GO
0xfbb6eed8e7aa03b138556eedaf5d271a5e1e43ef,uniswap-v3-base,cbBTC / USDC 0.05%,cbBTC,USDC,5,7326622.6852,16095649.7296072,1.847,MEDIUM,1.0,medium_15pct,0.15,24,0.001098,0.005541,0.3,-0.304443,0.00109844,0.005541,NO_GO
0xfbb6eed8e7aa03b138556eedaf5d271a5e1e43ef,uniswap-v3-base,cbBTC / USDC 0.05%,cbBTC,USDC,5,7326622.6852,16095649.7296072,1.847,MEDIUM,1.0,medium_15pct,0.15,72,0.003295,0.016623,0.3,-0.313328,0.00109844,0.005541,NO_GO
0xfbb6eed8e7aa03b138556eedaf5d271a5e1e43ef,uniswap-v3-base,cbBTC / USDC 0.05%,cbBTC,USDC,5,7326622.6852,16095649.7296072,1.847,MEDIUM,1.0,medium_15pct,0.15,168,0.007689,0.038787,0.3,-0.331098,0.00109844,0.005541,NO_GO
0xfbb6eed8e7aa03b138556eedaf5d271a5e1e43ef,uniswap-v3-base,cbBTC / USDC 0.05%,cbBTC,USDC,5,7326622.6852,16095649.7296072,1.847,MEDIUM,3.0,medium_15pct,0.15,1,0.000137,0.000693,0.3,-0.300555,0.00109844,0.005541,NO_GO
0xfbb6eed8e7aa03b138556eedaf5d271a5e1e43ef,uniswap-v3-base,cbBTC / USDC 0.05%,cbBTC,USDC,5,7326622.6852,16095649.7296072,1.847,MEDIUM,3.0,medium_15pct,0.15,6,0.000824,0.004156,0.3,-0.303332,0.00109844,0.005541,NO_GO
0xfbb6eed8e7aa03b138556eedaf5d271a5e1e43ef,uniswap-v3-base,cbBTC / USDC 0.05%,cbBTC,USDC,5,7326622.6852,16095649.7296072,1.847,MEDIUM,3.0,medium_15pct,0.15,24,0.003295,0.016623,0.3,-0.313328,0.00109844,0.005541,NO_GO
0xfbb6eed8e7aa03b138556eedaf5d271a5e1e43ef,uniswap-v3-base,cbBTC / USDC 0.05%,cbBTC,USDC,5,7326622.6852,16095649.7296072,1.847,MEDIUM,3.0,medium_15pct,0.15,72,0.009886,0.049869,0.3,-0.339983,0.00109844,0.005541,NO_GO
0xfbb6eed8e7aa03b138556eedaf5d271a5e1e43ef,uniswap-v3-base,cbBTC / USDC 0.05%,cbBTC,USDC,5,7326622.6852,16095649.7296072,1.847,MEDIUM,3.0,medium_15pct,0.15,168,0.023067,0.116361,0.3,-0.393294,0.00109844,0.005541,NO_GO
0xfbb6eed8e7aa03b138556eedaf5d271a5e1e43ef,uniswap-v3-base,cbBTC / USDC 0.05%,cbBTC,USDC,5,7326622.6852,16095649.7296072,1.847,MEDIUM,5.0,medium_15pct,0.15,1,0.000229,0.001154,0.3,-0.300926,0.00109844,0.005541,NO_GO
0xfbb6eed8e7aa03b138556eedaf5d271a5e1e43ef,uniswap-v3-base,cbBTC / USDC 0.05%,cbBTC,USDC,5,7326622.6852,16095649.7296072,1.847,MEDIUM,5.0,medium_15pct,0.15,6,0.001373,0.006926,0.3,-0.305553,0.00109844,0.005541,NO_GO
0xfbb6eed8e7aa03b138556eedaf5d271a5e1e43ef,uniswap-v3-base,cbBTC / USDC 0.05%,cbBTC,USDC,5,7326622.6852,16095649.7296072,1.847,MEDIUM,5.0,medium_15pct,0.15,24,0.005492,0.027705,0.3,-0.322213,0.00109844,0.005541,NO_GO
0xfbb6eed8e7aa03b138556eedaf5d271a5e1e43ef,uniswap-v3-base,cbBTC / USDC 0.05%,cbBTC,USDC,5,7326622.6852,16095649.7296072,1.847,MEDIUM,5.0,medium_15pct,0.15,72,0.016477,0.083115,0.3,-0.366638,0.00109844,0.005541,NO_GO
0xfbb6eed8e7aa03b138556eedaf5d271a5e1e43ef,uniswap-v3-base,cbBTC / USDC 0.05%,cbBTC,USDC,5,7326622.6852,16095649.7296072,1.847,MEDIUM,5.0,medium_15pct,0.15,168,0.038445,0.193935,0.3,-0.45549,0.00109844,0.005541,NO_GO
0xfbb6eed8e7aa03b138556eedaf5d271a5e1e43ef,uniswap-v3-base,cbBTC / USDC 0.05%,cbBTC,USDC,5,7326622.6852,16095649.7296072,1.847,MEDIUM,10.0,medium_15pct,0.15,1,0.000458,0.002309,0.3,-0.301851,0.00109844,0.005541,NO_GO
0xfbb6eed8e7aa03b138556eedaf5d271a5e1e43ef,uniswap-v3-base,cbBTC / USDC 0.05%,cbBTC,USDC,5,7326622.6852,16095649.7296072,1.847,MEDIUM,10.0,medium_15pct,0.15,6,0.002746,0.013853,0.3,-0.311106,0.00109844,0.005541,NO_GO
0xfbb6eed8e7aa03b138556eedaf5d271a5e1e43ef,uniswap-v3-base,cbBTC / USDC 0.05%,cbBTC,USDC,5,7326622.6852,16095649.7296072,1.847,MEDIUM,10.0,medium_15pct,0.15,24,0.010984,0.05541,0.3,-0.344426,0.00109844,0.005541,NO_GO
0xfbb6eed8e7aa03b138556eedaf5d271a5e1e43ef,uniswap-v3-base,cbBTC / USDC 0.05%,cbBTC,USDC,5,7326622.6852,16095649.7296072,1.847,MEDIUM,10.0,medium_15pct,0.15,72,0.032953,0.16623,0.3,-0.433277,0.00109844,0.005541,NO_GO
0xfbb6eed8e7aa03b138556eedaf5d271a5e1e43ef,uniswap-v3-base,cbBTC / USDC 0.05%,cbBTC,USDC,5,7326622.6852,16095649.7296072,1.847,MEDIUM,10.0,medium_15pct,0.15,168,0.076891,0.38787,0.3,-0.610979,0.00109844,0.005541,NO_GO
0xfbb6eed8e7aa03b138556eedaf5d271a5e1e43ef,uniswap-v3-base,cbBTC / USDC 0.05%,cbBTC,USDC,5,7326622.6852,16095649.7296072,1.847,MEDIUM,25.0,medium_15pct,0.15,1,0.001144,0.005772,0.3,-0.304628,0.00109844,0.005541,NO_GO
0xfbb6eed8e7aa03b138556eedaf5d271a5e1e43ef,uniswap-v3-base,cbBTC / USDC 0.05%,cbBTC,USDC,5,7326622.6852,16095649.7296072,1.847,MEDIUM,25.0,medium_15pct,0.15,6,0.006865,0.034631,0.3,-0.327766,0.00109844,0.005541,NO_GO
0xfbb6eed8e7aa03b138556eedaf5d271a5e1e43ef,uniswap-v3-base,cbBTC / USDC 0.05%,cbBTC,USDC,5,7326622.6852,16095649.7296072,1.847,MEDIUM,25.0,medium_15pct,0.15,24,0.027461,0.138525,0.3,-0.411064,0.00109844,0.005541,NO_GO
0xfbb6eed8e7aa03b138556eedaf5d271a5e1e43ef,uniswap-v3-base,cbBTC / USDC 0.05%,cbBTC,USDC,5,7326622.6852,16095649.7296072,1.847,MEDIUM,25.0,medium_15pct,0.15,72,0.082383,0.415575,0.3,-0.633192,0.00109844,0.005541,NO_GO
0xfbb6eed8e7aa03b138556eedaf5d271a5e1e43ef,uniswap-v3-base,cbBTC / USDC 0.05%,cbBTC,USDC,5,7326622.6852,16095649.7296072,1.847,MEDIUM,25.0,medium_15pct,0.15,168,0.192226,0.969675,0.3,-1.077449,0.00109844,0.005541,NO_GO
0xfbb6eed8e7aa03b138556eedaf5d271a5e1e43ef,uniswap-v3-base,cbBTC / USDC 0.05%,cbBTC,USDC,5,7326622.6852,16095649.7296072,1.847,MEDIUM,50.0,medium_15pct,0.15,1,0.002288,0.011544,0.3,-0.309255,0.00109844,0.005541,NO_GO
0xfbb6eed8e7aa03b138556eedaf5d271a5e1e43ef,uniswap-v3-base,cbBTC / USDC 0.05%,cbBTC,USDC,5,7326622.6852,16095649.7296072,1.847,MEDIUM,50.0,medium_15pct,0.15,6,0.01373,0.069263,0.3,-0.355532,0.00109844,0.005541,NO_GO
0xfbb6eed8e7aa03b138556eedaf5d271a5e1e43ef,uniswap-v3-base,cbBTC / USDC 0.05%,cbBTC,USDC,5,7326622.6852,16095649.7296072,1.847,MEDIUM,50.0,medium_15pct,0.15,24,0.054922,0.27705,0.3,-0.522128,0.00109844,0.005541,NO_GO
0xfbb6eed8e7aa03b138556eedaf5d271a5e1e43ef,uniswap-v3-base,cbBTC / USDC 0.05%,cbBTC,USDC,5,7326622.6852,16095649.7296072,1.847,MEDIUM,50.0,medium_15pct,0.15,72,0.164765,0.83115,0.3,-0.966385,0.00109844,0.005541,NO_GO
0xfbb6eed8e7aa03b138556eedaf5d271a5e1e43ef,uniswap-v3-base,cbBTC / USDC 0.05%,cbBTC,USDC,5,7326622.6852,16095649.7296072,1.847,MEDIUM,50.0,medium_15pct,0.15,168,0.384453,1.93935,0.3,-1.854897,0.00109844,0.005541,NO_GO
0xa41bc0affba7fd420d186b84899d7ab2ac57fcd1,aerodrome-slipstream,USDT / USDC 0.01%,USDT,USDC,1,1118884.1321,15366636.3958243,-0.236,MEDIUM,1.0,medium_15pct,0.15,1,5.7e-05,2.9e-05,0.3,-0.299972,0.00137339,0.000708,NO_GO
0xa41bc0affba7fd420d186b84899d7ab2ac57fcd1,aerodrome-slipstream,USDT / USDC 0.01%,USDT,USDC,1,1118884.1321,15366636.3958243,-0.236,MEDIUM,1.0,medium_15pct,0.15,6,0.000343,0.000177,0.3,-0.299834,0.00137339,0.000708,NO_GO
0xa41bc0affba7fd420d186b84899d7ab2ac57fcd1,aerodrome-slipstream,USDT / USDC 0.01%,USDT,USDC,1,1118884.1321,15366636.3958243,-0.236,MEDIUM,1.0,medium_15pct,0.15,24,0.001373,0.000708,0.3,-0.299335,0.00137339,0.000708,NO_GO
0xa41bc0affba7fd420d186b84899d7ab2ac57fcd1,aerodrome-slipstream,USDT / USDC 0.01%,USDT,USDC,1,1118884.1321,15366636.3958243,-0.236,MEDIUM,1.0,medium_15pct,0.15,72,0.00412,0.002124,0.3,-0.298004,0.00137339,0.000708,NO_GO
0xa41bc0affba7fd420d186b84899d7ab2ac57fcd1,aerodrome-slipstream,USDT / USDC 0.01%,USDT,USDC,1,1118884.1321,15366636.3958243,-0.236,MEDIUM,1.0,medium_15pct,0.15,168,0.009614,0.004956,0.3,-0.295342,0.00137339,0.000708,NO_GO
0xa41bc0affba7fd420d186b84899d7ab2ac57fcd1,aerodrome-slipstream,USDT / USDC 0.01%,USDT,USDC,1,1118884.1321,15366636.3958243,-0.236,MEDIUM,3.0,medium_15pct,0.15,1,0.000172,8.8e-05,0.3,-0.299917,0.00137339,0.000708,NO_GO
0xa41bc0affba7fd420d186b84899d7ab2ac57fcd1,aerodrome-slipstream,USDT / USDC 0.01%,USDT,USDC,1,1118884.1321,15366636.3958243,-0.236,MEDIUM,3.0,medium_15pct,0.15,6,0.00103,0.000531,0.3,-0.299501,0.00137339,0.000708,NO_GO
0xa41bc0affba7fd420d186b84899d7ab2ac57fcd1,aerodrome-slipstream,USDT / USDC 0.01%,USDT,USDC,1,1118884.1321,15366636.3958243,-0.236,MEDIUM,3.0,medium_15pct,0.15,24,0.00412,0.002124,0.3,-0.298004,0.00137339,0.000708,NO_GO
0xa41bc0affba7fd420d186b84899d7ab2ac57fcd1,aerodrome-slipstream,USDT / USDC 0.01%,USDT,USDC,1,1118884.1321,15366636.3958243,-0.236,MEDIUM,3.0,medium_15pct,0.15,72,0.012361,0.006372,0.3,-0.294011,0.00137339,0.000708,NO_GO
0xa41bc0affba7fd420d186b84899d7ab2ac57fcd1,aerodrome-slipstream,USDT / USDC 0.01%,USDT,USDC,1,1118884.1321,15366636.3958243,-0.236,MEDIUM,3.0,medium_15pct,0.15,168,0.028841,0.014868,0.3,-0.286027,0.00137339,0.000708,NO_GO
0xa41bc0affba7fd420d186b84899d7ab2ac57fcd1,aerodrome-slipstream,USDT / USDC 0.01%,USDT,USDC,1,1118884.1321,15366636.3958243,-0.236,MEDIUM,5.0,medium_15pct,0.15,1,0.000286,0.000147,0.3,-0.299861,0.00137339,0.000708,NO_GO
0xa41bc0affba7fd420d186b84899d7ab2ac57fcd1,aerodrome-slipstream,USDT / USDC 0.01%,USDT,USDC,1,1118884.1321,15366636.3958243,-0.236,MEDIUM,5.0,medium_15pct,0.15,6,0.001717,0.000885,0.3,-0.299168,0.00137339,0.000708,NO_GO
0xa41bc0affba7fd420d186b84899d7ab2ac57fcd1,aerodrome-slipstream,USDT / USDC 0.01%,USDT,USDC,1,1118884.1321,15366636.3958243,-0.236,MEDIUM,5.0,medium_15pct,0.15,24,0.006867,0.00354,0.3,-0.296673,0.00137339,0.000708,NO_GO
0xa41bc0affba7fd420d186b84899d7ab2ac57fcd1,aerodrome-slipstream,USDT / USDC 0.01%,USDT,USDC,1,1118884.1321,15366636.3958243,-0.236,MEDIUM,5.0,medium_15pct,0.15,72,0.020601,0.01062,0.3,-0.290019,0.00137339,0.000708,NO_GO
0xa41bc0affba7fd420d186b84899d7ab2ac57fcd1,aerodrome-slipstream,USDT / USDC 0.01%,USDT,USDC,1,1118884.1321,15366636.3958243,-0.236,MEDIUM,5.0,medium_15pct,0.15,168,0.048069,0.02478,0.3,-0.276711,0.00137339,0.000708,NO_GO
0xa41bc0affba7fd420d186b84899d7ab2ac57fcd1,aerodrome-slipstream,USDT / USDC 0.01%,USDT,USDC,1,1118884.1321,15366636.3958243,-0.236,MEDIUM,10.0,medium_15pct,0.15,1,0.000572,0.000295,0.3,-0.299723,0.00137339,0.000708,NO_GO
0xa41bc0affba7fd420d186b84899d7ab2ac57fcd1,aerodrome-slipstream,USDT / USDC 0.01%,USDT,USDC,1,1118884.1321,15366636.3958243,-0.236,MEDIUM,10.0,medium_15pct,0.15,6,0.003433,0.00177,0.3,-0.298337,0.00137339,0.000708,NO_GO
0xa41bc0affba7fd420d186b84899d7ab2ac57fcd1,aerodrome-slipstream,USDT / USDC 0.01%,USDT,USDC,1,1118884.1321,15366636.3958243,-0.236,MEDIUM,10.0,medium_15pct,0.15,24,0.013734,0.00708,0.3,-0.293346,0.00137339,0.000708,NO_GO
0xa41bc0affba7fd420d186b84899d7ab2ac57fcd1,aerodrome-slipstream,USDT / USDC 0.01%,USDT,USDC,1,1118884.1321,15366636.3958243,-0.236,MEDIUM,10.0,medium_15pct,0.15,72,0.041202,0.02124,0.3,-0.280038,0.00137339,0.000708,NO_GO
0xa41bc0affba7fd420d186b84899d7ab2ac57fcd1,aerodrome-slipstream,USDT / USDC 0.01%,USDT,USDC,1,1118884.1321,15366636.3958243,-0.236,MEDIUM,10.0,medium_15pct,0.15,168,0.096137,0.04956,0.3,-0.253423,0.00137339,0.000708,NO_GO
0xa41bc0affba7fd420d186b84899d7ab2ac57fcd1,aerodrome-slipstream,USDT / USDC 0.01%,USDT,USDC,1,1118884.1321,15366636.3958243,-0.236,MEDIUM,25.0,medium_15pct,0.15,1,0.001431,0.000737,0.3,-0.299307,0.00137339,0.000708,NO_GO
0xa41bc0affba7fd420d186b84899d7ab2ac57fcd1,aerodrome-slipstream,USDT / USDC 0.01%,USDT,USDC,1,1118884.1321,15366636.3958243,-0.236,MEDIUM,25.0,medium_15pct,0.15,6,0.008584,0.004425,0.3,-0.295841,0.00137339,0.000708,NO_GO
0xa41bc0affba7fd420d186b84899d7ab2ac57fcd1,aerodrome-slipstream,USDT / USDC 0.01%,USDT,USDC,1,1118884.1321,15366636.3958243,-0.236,MEDIUM,25.0,medium_15pct,0.15,24,0.034335,0.0177,0.3,-0.283365,0.00137339,0.000708,NO_GO
0xa41bc0affba7fd420d186b84899d7ab2ac57fcd1,aerodrome-slipstream,USDT / USDC 0.01%,USDT,USDC,1,1118884.1321,15366636.3958243,-0.236,MEDIUM,25.0,medium_15pct,0.15,72,0.103004,0.0531,0.3,-0.250096,0.00137339,0.000708,NO_GO
0xa41bc0affba7fd420d186b84899d7ab2ac57fcd1,aerodrome-slipstream,USDT / USDC 0.01%,USDT,USDC,1,1118884.1321,15366636.3958243,-0.236,MEDIUM,25.0,medium_15pct,0.15,168,0.240343,0.1239,0.3,-0.183557,0.00137339,0.000708,NO_GO
0xa41bc0affba7fd420d186b84899d7ab2ac57fcd1,aerodrome-slipstream,USDT / USDC 0.01%,USDT,USDC,1,1118884.1321,15366636.3958243,-0.236,MEDIUM,50.0,medium_15pct,0.15,1,0.002861,0.001475,0.3,-0.298614,0.00137339,0.000708,NO_GO
0xa41bc0affba7fd420d186b84899d7ab2ac57fcd1,aerodrome-slipstream,USDT / USDC 0.01%,USDT,USDC,1,1118884.1321,15366636.3958243,-0.236,MEDIUM,50.0,medium_15pct,0.15,6,0.017167,0.00885,0.3,-0.291683,0.00137339,0.000708,NO_GO
0xa41bc0affba7fd420d186b84899d7ab2ac57fcd1,aerodrome-slipstream,USDT / USDC 0.01%,USDT,USDC,1,1118884.1321,15366636.3958243,-0.236,MEDIUM,50.0,medium_15pct,0.15,24,0.068669,0.0354,0.3,-0.266731,0.00137339,0.000708,NO_GO
0xa41bc0affba7fd420d186b84899d7ab2ac57fcd1,aerodrome-slipstream,USDT / USDC 0.01%,USDT,USDC,1,1118884.1321,15366636.3958243,-0.236,MEDIUM,50.0,medium_15pct,0.15,72,0.206008,0.1062,0.3,-0.200192,0.00137339,0.000708,NO_GO
0xa41bc0affba7fd420d186b84899d7ab2ac57fcd1,aerodrome-slipstream,USDT / USDC 0.01%,USDT,USDC,1,1118884.1321,15366636.3958243,-0.236,MEDIUM,50.0,medium_15pct,0.15,168,0.480686,0.2478,0.3,-0.067114,0.00137339,0.000708,NO_GO
0x841c1a22d9a505cbba3e9bf90fd43e1201a09932ca0a90816579346be5f092af,uniswap-v4-base,USDC / USDT 0.01%,USDC,USDT,1,394955.7385,15103361.5911396,0.527,MEDIUM,1.0,medium_15pct,0.15,1,0.000159,6.6e-05,0.3,-0.299907,0.00382406,0.001581,NO_GO
0x841c1a22d9a505cbba3e9bf90fd43e1201a09932ca0a90816579346be5f092af,uniswap-v4-base,USDC / USDT 0.01%,USDC,USDT,1,394955.7385,15103361.5911396,0.527,MEDIUM,1.0,medium_15pct,0.15,6,0.000956,0.000395,0.3,-0.299439,0.00382406,0.001581,NO_GO
0x841c1a22d9a505cbba3e9bf90fd43e1201a09932ca0a90816579346be5f092af,uniswap-v4-base,USDC / USDT 0.01%,USDC,USDT,1,394955.7385,15103361.5911396,0.527,MEDIUM,1.0,medium_15pct,0.15,24,0.003824,0.001581,0.3,-0.297757,0.00382406,0.001581,NO_GO
0x841c1a22d9a505cbba3e9bf90fd43e1201a09932ca0a90816579346be5f092af,uniswap-v4-base,USDC / USDT 0.01%,USDC,USDT,1,394955.7385,15103361.5911396,0.527,MEDIUM,1.0,medium_15pct,0.15,72,0.011472,0.004743,0.3,-0.293271,0.00382406,0.001581,NO_GO
0x841c1a22d9a505cbba3e9bf90fd43e1201a09932ca0a90816579346be5f092af,uniswap-v4-base,USDC / USDT 0.01%,USDC,USDT,1,394955.7385,15103361.5911396,0.527,MEDIUM,1.0,medium_15pct,0.15,168,0.026768,0.011067,0.3,-0.284299,0.00382406,0.001581,NO_GO
0x841c1a22d9a505cbba3e9bf90fd43e1201a09932ca0a90816579346be5f092af,uniswap-v4-base,USDC / USDT 0.01%,USDC,USDT,1,394955.7385,15103361.5911396,0.527,MEDIUM,3.0,medium_15pct,0.15,1,0.000478,0.000198,0.3,-0.29972,0.00382406,0.001581,NO_GO
0x841c1a22d9a505cbba3e9bf90fd43e1201a09932ca0a90816579346be5f092af,uniswap-v4-base,USDC / USDT 0.01%,USDC,USDT,1,394955.7385,15103361.5911396,0.527,MEDIUM,3.0,medium_15pct,0.15,6,0.002868,0.001186,0.3,-0.298318,0.00382406,0.001581,NO_GO
0x841c1a22d9a505cbba3e9bf90fd43e1201a09932ca0a90816579346be5f092af,uniswap-v4-base,USDC / USDT 0.01%,USDC,USDT,1,394955.7385,15103361.5911396,0.527,MEDIUM,3.0,medium_15pct,0.15,24,0.011472,0.004743,0.3,-0.293271,0.00382406,0.001581,NO_GO
0x841c1a22d9a505cbba3e9bf90fd43e1201a09932ca0a90816579346be5f092af,uniswap-v4-base,USDC / USDT 0.01%,USDC,USDT,1,394955.7385,15103361.5911396,0.527,MEDIUM,3.0,medium_15pct,0.15,72,0.034417,0.014229,0.3,-0.279812,0.00382406,0.001581,NO_GO
0x841c1a22d9a505cbba3e9bf90fd43e1201a09932ca0a90816579346be5f092af,uniswap-v4-base,USDC / USDT 0.01%,USDC,USDT,1,394955.7385,15103361.5911396,0.527,MEDIUM,3.0,medium_15pct,0.15,168,0.080305,0.033201,0.3,-0.252896,0.00382406,0.001581,NO_GO
0x841c1a22d9a505cbba3e9bf90fd43e1201a09932ca0a90816579346be5f092af,uniswap-v4-base,USDC / USDT 0.01%,USDC,USDT,1,394955.7385,15103361.5911396,0.527,MEDIUM,5.0,medium_15pct,0.15,1,0.000797,0.000329,0.3,-0.299533,0.00382406,0.001581,NO_GO
0x841c1a22d9a505cbba3e9bf90fd43e1201a09932ca0a90816579346be5f092af,uniswap-v4-base,USDC / USDT 0.01%,USDC,USDT,1,394955.7385,15103361.5911396,0.527,MEDIUM,5.0,medium_15pct,0.15,6,0.00478,0.001976,0.3,-0.297196,0.00382406,0.001581,NO_GO
0x841c1a22d9a505cbba3e9bf90fd43e1201a09932ca0a90816579346be5f092af,uniswap-v4-base,USDC / USDT 0.01%,USDC,USDT,1,394955.7385,15103361.5911396,0.527,MEDIUM,5.0,medium_15pct,0.15,24,0.01912,0.007905,0.3,-0.288785,0.00382406,0.001581,NO_GO
0x841c1a22d9a505cbba3e9bf90fd43e1201a09932ca0a90816579346be5f092af,uniswap-v4-base,USDC / USDT 0.01%,USDC,USDT,1,394955.7385,15103361.5911396,0.527,MEDIUM,5.0,medium_15pct,0.15,72,0.057361,0.023715,0.3,-0.266354,0.00382406,0.001581,NO_GO
0x841c1a22d9a505cbba3e9bf90fd43e1201a09932ca0a90816579346be5f092af,uniswap-v4-base,USDC / USDT 0.01%,USDC,USDT,1,394955.7385,15103361.5911396,0.527,MEDIUM,5.0,medium_15pct,0.15,168,0.133842,0.055335,0.3,-0.221493,0.00382406,0.001581,NO_GO
0x841c1a22d9a505cbba3e9bf90fd43e1201a09932ca0a90816579346be5f092af,uniswap-v4-base,USDC / USDT 0.01%,USDC,USDT,1,394955.7385,15103361.5911396,0.527,MEDIUM,10.0,medium_15pct,0.15,1,0.001593,0.000659,0.3,-0.299065,0.00382406,0.001581,NO_GO
0x841c1a22d9a505cbba3e9bf90fd43e1201a09932ca0a90816579346be5f092af,uniswap-v4-base,USDC / USDT 0.01%,USDC,USDT,1,394955.7385,15103361.5911396,0.527,MEDIUM,10.0,medium_15pct,0.15,6,0.00956,0.003953,0.3,-0.294392,0.00382406,0.001581,NO_GO
0x841c1a22d9a505cbba3e9bf90fd43e1201a09932ca0a90816579346be5f092af,uniswap-v4-base,USDC / USDT 0.01%,USDC,USDT,1,394955.7385,15103361.5911396,0.527,MEDIUM,10.0,medium_15pct,0.15,24,0.038241,0.01581,0.3,-0.277569,0.00382406,0.001581,NO_GO
0x841c1a22d9a505cbba3e9bf90fd43e1201a09932ca0a90816579346be5f092af,uniswap-v4-base,USDC / USDT 0.01%,USDC,USDT,1,394955.7385,15103361.5911396,0.527,MEDIUM,10.0,medium_15pct,0.15,72,0.114722,0.04743,0.3,-0.232708,0.00382406,0.001581,NO_GO
0x841c1a22d9a505cbba3e9bf90fd43e1201a09932ca0a90816579346be5f092af,uniswap-v4-base,USDC / USDT 0.01%,USDC,USDT,1,394955.7385,15103361.5911396,0.527,MEDIUM,10.0,medium_15pct,0.15,168,0.267685,0.11067,0.3,-0.142985,0.00382406,0.001581,NO_GO
0x841c1a22d9a505cbba3e9bf90fd43e1201a09932ca0a90816579346be5f092af,uniswap-v4-base,USDC / USDT 0.01%,USDC,USDT,1,394955.7385,15103361.5911396,0.527,MEDIUM,25.0,medium_15pct,0.15,1,0.003983,0.001647,0.3,-0.297663,0.00382406,0.001581,NO_GO
0x841c1a22d9a505cbba3e9bf90fd43e1201a09932ca0a90816579346be5f092af,uniswap-v4-base,USDC / USDT 0.01%,USDC,USDT,1,394955.7385,15103361.5911396,0.527,MEDIUM,25.0,medium_15pct,0.15,6,0.0239,0.009881,0.3,-0.285981,0.00382406,0.001581,NO_GO
0x841c1a22d9a505cbba3e9bf90fd43e1201a09932ca0a90816579346be5f092af,uniswap-v4-base,USDC / USDT 0.01%,USDC,USDT,1,394955.7385,15103361.5911396,0.527,MEDIUM,25.0,medium_15pct,0.15,24,0.095602,0.039525,0.3,-0.243923,0.00382406,0.001581,NO_GO
0x841c1a22d9a505cbba3e9bf90fd43e1201a09932ca0a90816579346be5f092af,uniswap-v4-base,USDC / USDT 0.01%,USDC,USDT,1,394955.7385,15103361.5911396,0.527,MEDIUM,25.0,medium_15pct,0.15,72,0.286805,0.118575,0.3,-0.13177,0.00382406,0.001581,NO_GO
0x841c1a22d9a505cbba3e9bf90fd43e1201a09932ca0a90816579346be5f092af,uniswap-v4-base,USDC / USDT 0.01%,USDC,USDT,1,394955.7385,15103361.5911396,0.527,MEDIUM,25.0,medium_15pct,0.15,168,0.669211,0.276675,0.3,0.092536,0.00382406,0.001581,NEED_MORE_DATA
0x841c1a22d9a505cbba3e9bf90fd43e1201a09932ca0a90816579346be5f092af,uniswap-v4-base,USDC / USDT 0.01%,USDC,USDT,1,394955.7385,15103361.5911396,0.527,MEDIUM,50.0,medium_15pct,0.15,1,0.007967,0.003294,0.3,-0.295327,0.00382406,0.001581,NO_GO
0x841c1a22d9a505cbba3e9bf90fd43e1201a09932ca0a90816579346be5f092af,uniswap-v4-base,USDC / USDT 0.01%,USDC,USDT,1,394955.7385,15103361.5911396,0.527,MEDIUM,50.0,medium_15pct,0.15,6,0.047801,0.019763,0.3,-0.271962,0.00382406,0.001581,NO_GO
0x841c1a22d9a505cbba3e9bf90fd43e1201a09932ca0a90816579346be5f092af,uniswap-v4-base,USDC / USDT 0.01%,USDC,USDT,1,394955.7385,15103361.5911396,0.527,MEDIUM,50.0,medium_15pct,0.15,24,0.191203,0.07905,0.3,-0.187847,0.00382406,0.001581,NO_GO
0x841c1a22d9a505cbba3e9bf90fd43e1201a09932ca0a90816579346be5f092af,uniswap-v4-base,USDC / USDT 0.01%,USDC,USDT,1,394955.7385,15103361.5911396,0.527,MEDIUM,50.0,medium_15pct,0.15,72,0.57361,0.23715,0.3,0.03646,0.00382406,0.001581,NEED_MORE_DATA
0x841c1a22d9a505cbba3e9bf90fd43e1201a09932ca0a90816579346be5f092af,uniswap-v4-base,USDC / USDT 0.01%,USDC,USDT,1,394955.7385,15103361.5911396,0.527,MEDIUM,50.0,medium_15pct,0.15,168,1.338423,0.55335,0.3,0.485073,0.00382406,0.001581,NEED_MORE_DATA
0x3e66e55e97ce60096f74b7c475e8249f2d31a9fb,aerodrome-slipstream,USDC / cbBTC 1%,USDC,cbBTC,100,2916582.9369,7350171.06928329,0.381,MEDIUM,1.0,medium_15pct,0.15,1,0.00105,4.8e-05,0.3,-0.298998,0.02520131,0.001143,NO_GO
0x3e66e55e97ce60096f74b7c475e8249f2d31a9fb,aerodrome-slipstream,USDC / cbBTC 1%,USDC,cbBTC,100,2916582.9369,7350171.06928329,0.381,MEDIUM,1.0,medium_15pct,0.15,6,0.0063,0.000286,0.3,-0.293985,0.02520131,0.001143,NO_GO
0x3e66e55e97ce60096f74b7c475e8249f2d31a9fb,aerodrome-slipstream,USDC / cbBTC 1%,USDC,cbBTC,100,2916582.9369,7350171.06928329,0.381,MEDIUM,1.0,medium_15pct,0.15,24,0.025201,0.001143,0.3,-0.275942,0.02520131,0.001143,NO_GO
0x3e66e55e97ce60096f74b7c475e8249f2d31a9fb,aerodrome-slipstream,USDC / cbBTC 1%,USDC,cbBTC,100,2916582.9369,7350171.06928329,0.381,MEDIUM,1.0,medium_15pct,0.15,72,0.075604,0.003429,0.3,-0.227825,0.02520131,0.001143,NO_GO
0x3e66e55e97ce60096f74b7c475e8249f2d31a9fb,aerodrome-slipstream,USDC / cbBTC 1%,USDC,cbBTC,100,2916582.9369,7350171.06928329,0.381,MEDIUM,1.0,medium_15pct,0.15,168,0.176409,0.008001,0.3,-0.131592,0.02520131,0.001143,NO_GO
0x3e66e55e97ce60096f74b7c475e8249f2d31a9fb,aerodrome-slipstream,USDC / cbBTC 1%,USDC,cbBTC,100,2916582.9369,7350171.06928329,0.381,MEDIUM,3.0,medium_15pct,0.15,1,0.00315,0.000143,0.3,-0.296993,0.02520131,0.001143,NO_GO
0x3e66e55e97ce60096f74b7c475e8249f2d31a9fb,aerodrome-slipstream,USDC / cbBTC 1%,USDC,cbBTC,100,2916582.9369,7350171.06928329,0.381,MEDIUM,3.0,medium_15pct,0.15,6,0.018901,0.000857,0.3,-0.281956,0.02520131,0.001143,NO_GO
0x3e66e55e97ce60096f74b7c475e8249f2d31a9fb,aerodrome-slipstream,USDC / cbBTC 1%,USDC,cbBTC,100,2916582.9369,7350171.06928329,0.381,MEDIUM,3.0,medium_15pct,0.15,24,0.075604,0.003429,0.3,-0.227825,0.02520131,0.001143,NO_GO
0x3e66e55e97ce60096f74b7c475e8249f2d31a9fb,aerodrome-slipstream,USDC / cbBTC 1%,USDC,cbBTC,100,2916582.9369,7350171.06928329,0.381,MEDIUM,3.0,medium_15pct,0.15,72,0.226812,0.010287,0.3,-0.083475,0.02520131,0.001143,NO_GO
0x3e66e55e97ce60096f74b7c475e8249f2d31a9fb,aerodrome-slipstream,USDC / cbBTC 1%,USDC,cbBTC,100,2916582.9369,7350171.06928329,0.381,MEDIUM,3.0,medium_15pct,0.15,168,0.529228,0.024003,0.3,0.205225,0.02520131,0.001143,NEED_MORE_DATA
0x3e66e55e97ce60096f74b7c475e8249f2d31a9fb,aerodrome-slipstream,USDC / cbBTC 1%,USDC,cbBTC,100,2916582.9369,7350171.06928329,0.381,MEDIUM,5.0,medium_15pct,0.15,1,0.00525,0.000238,0.3,-0.294988,0.02520131,0.001143,NO_GO
0x3e66e55e97ce60096f74b7c475e8249f2d31a9fb,aerodrome-slipstream,USDC / cbBTC 1%,USDC,cbBTC,100,2916582.9369,7350171.06928329,0.381,MEDIUM,5.0,medium_15pct,0.15,6,0.031502,0.001429,0.3,-0.269927,0.02520131,0.001143,NO_GO
0x3e66e55e97ce60096f74b7c475e8249f2d31a9fb,aerodrome-slipstream,USDC / cbBTC 1%,USDC,cbBTC,100,2916582.9369,7350171.06928329,0.381,MEDIUM,5.0,medium_15pct,0.15,24,0.126007,0.005715,0.3,-0.179708,0.02520131,0.001143,NO_GO
0x3e66e55e97ce60096f74b7c475e8249f2d31a9fb,aerodrome-slipstream,USDC / cbBTC 1%,USDC,cbBTC,100,2916582.9369,7350171.06928329,0.381,MEDIUM,5.0,medium_15pct,0.15,72,0.37802,0.017145,0.3,0.060875,0.02520131,0.001143,NEED_MORE_DATA
0x3e66e55e97ce60096f74b7c475e8249f2d31a9fb,aerodrome-slipstream,USDC / cbBTC 1%,USDC,cbBTC,100,2916582.9369,7350171.06928329,0.381,MEDIUM,5.0,medium_15pct,0.15,168,0.882046,0.040005,0.3,0.542041,0.02520131,0.001143,NEED_MORE_DATA
0x3e66e55e97ce60096f74b7c475e8249f2d31a9fb,aerodrome-slipstream,USDC / cbBTC 1%,USDC,cbBTC,100,2916582.9369,7350171.06928329,0.381,MEDIUM,10.0,medium_15pct,0.15,1,0.010501,0.000476,0.3,-0.289976,0.02520131,0.001143,NO_GO
0x3e66e55e97ce60096f74b7c475e8249f2d31a9fb,aerodrome-slipstream,USDC / cbBTC 1%,USDC,cbBTC,100,2916582.9369,7350171.06928329,0.381,MEDIUM,10.0,medium_15pct,0.15,6,0.063003,0.002857,0.3,-0.239854,0.02520131,0.001143,NO_GO
0x3e66e55e97ce60096f74b7c475e8249f2d31a9fb,aerodrome-slipstream,USDC / cbBTC 1%,USDC,cbBTC,100,2916582.9369,7350171.06928329,0.381,MEDIUM,10.0,medium_15pct,0.15,24,0.252013,0.01143,0.3,-0.059417,0.02520131,0.001143,NO_GO
0x3e66e55e97ce60096f74b7c475e8249f2d31a9fb,aerodrome-slipstream,USDC / cbBTC 1%,USDC,cbBTC,100,2916582.9369,7350171.06928329,0.381,MEDIUM,10.0,medium_15pct,0.15,72,0.756039,0.03429,0.3,0.421749,0.02520131,0.001143,NEED_MORE_DATA
0x3e66e55e97ce60096f74b7c475e8249f2d31a9fb,aerodrome-slipstream,USDC / cbBTC 1%,USDC,cbBTC,100,2916582.9369,7350171.06928329,0.381,MEDIUM,10.0,medium_15pct,0.15,168,1.764092,0.08001,0.3,1.384082,0.02520131,0.001143,NEED_MORE_DATA
0x3e66e55e97ce60096f74b7c475e8249f2d31a9fb,aerodrome-slipstream,USDC / cbBTC 1%,USDC,cbBTC,100,2916582.9369,7350171.06928329,0.381,MEDIUM,25.0,medium_15pct,0.15,1,0.026251,0.001191,0.3,-0.274939,0.02520131,0.001143,NO_GO
0x3e66e55e97ce60096f74b7c475e8249f2d31a9fb,aerodrome-slipstream,USDC / cbBTC 1%,USDC,cbBTC,100,2916582.9369,7350171.06928329,0.381,MEDIUM,25.0,medium_15pct,0.15,6,0.157508,0.007144,0.3,-0.149636,0.02520131,0.001143,NO_GO
0x3e66e55e97ce60096f74b7c475e8249f2d31a9fb,aerodrome-slipstream,USDC / cbBTC 1%,USDC,cbBTC,100,2916582.9369,7350171.06928329,0.381,MEDIUM,25.0,medium_15pct,0.15,24,0.630033,0.028575,0.3,0.301458,0.02520131,0.001143,NEED_MORE_DATA
0x3e66e55e97ce60096f74b7c475e8249f2d31a9fb,aerodrome-slipstream,USDC / cbBTC 1%,USDC,cbBTC,100,2916582.9369,7350171.06928329,0.381,MEDIUM,25.0,medium_15pct,0.15,72,1.890098,0.085725,0.3,1.504373,0.02520131,0.001143,NEED_MORE_DATA
0x3e66e55e97ce60096f74b7c475e8249f2d31a9fb,aerodrome-slipstream,USDC / cbBTC 1%,USDC,cbBTC,100,2916582.9369,7350171.06928329,0.381,MEDIUM,25.0,medium_15pct,0.15,168,4.410229,0.200025,0.3,3.910204,0.02520131,0.001143,NEED_MORE_DATA
0x3e66e55e97ce60096f74b7c475e8249f2d31a9fb,aerodrome-slipstream,USDC / cbBTC 1%,USDC,cbBTC,100,2916582.9369,7350171.06928329,0.381,MEDIUM,50.0,medium_15pct,0.15,1,0.052503,0.002381,0.3,-0.249879,0.02520131,0.001143,NO_GO
0x3e66e55e97ce60096f74b7c475e8249f2d31a9fb,aerodrome-slipstream,USDC / cbBTC 1%,USDC,cbBTC,100,2916582.9369,7350171.06928329,0.381,MEDIUM,50.0,medium_15pct,0.15,6,0.315016,0.014287,0.3,0.000729,0.02520131,0.001143,NEED_MORE_DATA
0x3e66e55e97ce60096f74b7c475e8249f2d31a9fb,aerodrome-slipstream,USDC / cbBTC 1%,USDC,cbBTC,100,2916582.9369,7350171.06928329,0.381,MEDIUM,50.0,medium_15pct,0.15,24,1.260065,0.05715,0.3,0.902915,0.02520131,0.001143,NEED_MORE_DATA
0x3e66e55e97ce60096f74b7c475e8249f2d31a9fb,aerodrome-slipstream,USDC / cbBTC 1%,USDC,cbBTC,100,2916582.9369,7350171.06928329,0.381,MEDIUM,50.0,medium_15pct,0.15,72,3.780196,0.17145,0.3,3.308746,0.02520131,0.001143,NEED_MORE_DATA
0x3e66e55e97ce60096f74b7c475e8249f2d31a9fb,aerodrome-slipstream,USDC / cbBTC 1%,USDC,cbBTC,100,2916582.9369,7350171.06928329,0.381,MEDIUM,50.0,medium_15pct,0.15,168,8.820458,0.40005,0.3,8.120408,0.02520131,0.001143,NEED_MORE_DATA
0xd08f1fb797bfacded23323178672557034c64cfa,uniswap-v3-base,deSPXA / USDC 0.05%,deSPXA,USDC,5,3450550.8416,7318030.34409994,-1.819,MEDIUM,1.0,medium_15pct,0.15,1,4.4e-05,0.000227,0.3,-0.300183,0.00106041,0.005457,NO_GO
0xd08f1fb797bfacded23323178672557034c64cfa,uniswap-v3-base,deSPXA / USDC 0.05%,deSPXA,USDC,5,3450550.8416,7318030.34409994,-1.819,MEDIUM,1.0,medium_15pct,0.15,6,0.000265,0.001364,0.3,-0.301099,0.00106041,0.005457,NO_GO
0xd08f1fb797bfacded23323178672557034c64cfa,uniswap-v3-base,deSPXA / USDC 0.05%,deSPXA,USDC,5,3450550.8416,7318030.34409994,-1.819,MEDIUM,1.0,medium_15pct,0.15,24,0.00106,0.005457,0.3,-0.304397,0.00106041,0.005457,NO_GO
0xd08f1fb797bfacded23323178672557034c64cfa,uniswap-v3-base,deSPXA / USDC 0.05%,deSPXA,USDC,5,3450550.8416,7318030.34409994,-1.819,MEDIUM,1.0,medium_15pct,0.15,72,0.003181,0.016371,0.3,-0.31319,0.00106041,0.005457,NO_GO
0xd08f1fb797bfacded23323178672557034c64cfa,uniswap-v3-base,deSPXA / USDC 0.05%,deSPXA,USDC,5,3450550.8416,7318030.34409994,-1.819,MEDIUM,1.0,medium_15pct,0.15,168,0.007423,0.038199,0.3,-0.330776,0.00106041,0.005457,NO_GO
0xd08f1fb797bfacded23323178672557034c64cfa,uniswap-v3-base,deSPXA / USDC 0.05%,deSPXA,USDC,5,3450550.8416,7318030.34409994,-1.819,MEDIUM,3.0,medium_15pct,0.15,1,0.000133,0.000682,0.3,-0.30055,0.00106041,0.005457,NO_GO
0xd08f1fb797bfacded23323178672557034c64cfa,uniswap-v3-base,deSPXA / USDC 0.05%,deSPXA,USDC,5,3450550.8416,7318030.34409994,-1.819,MEDIUM,3.0,medium_15pct,0.15,6,0.000795,0.004093,0.3,-0.303297,0.00106041,0.005457,NO_GO
0xd08f1fb797bfacded23323178672557034c64cfa,uniswap-v3-base,deSPXA / USDC 0.05%,deSPXA,USDC,5,3450550.8416,7318030.34409994,-1.819,MEDIUM,3.0,medium_15pct,0.15,24,0.003181,0.016371,0.3,-0.31319,0.00106041,0.005457,NO_GO
0xd08f1fb797bfacded23323178672557034c64cfa,uniswap-v3-base,deSPXA / USDC 0.05%,deSPXA,USDC,5,3450550.8416,7318030.34409994,-1.819,MEDIUM,3.0,medium_15pct,0.15,72,0.009544,0.049113,0.3,-0.339569,0.00106041,0.005457,NO_GO
0xd08f1fb797bfacded23323178672557034c64cfa,uniswap-v3-base,deSPXA / USDC 0.05%,deSPXA,USDC,5,3450550.8416,7318030.34409994,-1.819,MEDIUM,3.0,medium_15pct,0.15,168,0.022269,0.114597,0.3,-0.392328,0.00106041,0.005457,NO_GO
0xd08f1fb797bfacded23323178672557034c64cfa,uniswap-v3-base,deSPXA / USDC 0.05%,deSPXA,USDC,5,3450550.8416,7318030.34409994,-1.819,MEDIUM,5.0,medium_15pct,0.15,1,0.000221,0.001137,0.3,-0.300916,0.00106041,0.005457,NO_GO
0xd08f1fb797bfacded23323178672557034c64cfa,uniswap-v3-base,deSPXA / USDC 0.05%,deSPXA,USDC,5,3450550.8416,7318030.34409994,-1.819,MEDIUM,5.0,medium_15pct,0.15,6,0.001326,0.006821,0.3,-0.305496,0.00106041,0.005457,NO_GO
0xd08f1fb797bfacded23323178672557034c64cfa,uniswap-v3-base,deSPXA / USDC 0.05%,deSPXA,USDC,5,3450550.8416,7318030.34409994,-1.819,MEDIUM,5.0,medium_15pct,0.15,24,0.005302,0.027285,0.3,-0.321983,0.00106041,0.005457,NO_GO
0xd08f1fb797bfacded23323178672557034c64cfa,uniswap-v3-base,deSPXA / USDC 0.05%,deSPXA,USDC,5,3450550.8416,7318030.34409994,-1.819,MEDIUM,5.0,medium_15pct,0.15,72,0.015906,0.081855,0.3,-0.365949,0.00106041,0.005457,NO_GO
0xd08f1fb797bfacded23323178672557034c64cfa,uniswap-v3-base,deSPXA / USDC 0.05%,deSPXA,USDC,5,3450550.8416,7318030.34409994,-1.819,MEDIUM,5.0,medium_15pct,0.15,168,0.037115,0.190995,0.3,-0.45388,0.00106041,0.005457,NO_GO
0xd08f1fb797bfacded23323178672557034c64cfa,uniswap-v3-base,deSPXA / USDC 0.05%,deSPXA,USDC,5,3450550.8416,7318030.34409994,-1.819,MEDIUM,10.0,medium_15pct,0.15,1,0.000442,0.002274,0.3,-0.301832,0.00106041,0.005457,NO_GO
0xd08f1fb797bfacded23323178672557034c64cfa,uniswap-v3-base,deSPXA / USDC 0.05%,deSPXA,USDC,5,3450550.8416,7318030.34409994,-1.819,MEDIUM,10.0,medium_15pct,0.15,6,0.002651,0.013642,0.3,-0.310991,0.00106041,0.005457,NO_GO
0xd08f1fb797bfacded23323178672557034c64cfa,uniswap-v3-base,deSPXA / USDC 0.05%,deSPXA,USDC,5,3450550.8416,7318030.34409994,-1.819,MEDIUM,10.0,medium_15pct,0.15,24,0.010604,0.05457,0.3,-0.343966,0.00106041,0.005457,NO_GO
0xd08f1fb797bfacded23323178672557034c64cfa,uniswap-v3-base,deSPXA / USDC 0.05%,deSPXA,USDC,5,3450550.8416,7318030.34409994,-1.819,MEDIUM,10.0,medium_15pct,0.15,72,0.031812,0.16371,0.3,-0.431898,0.00106041,0.005457,NO_GO
0xd08f1fb797bfacded23323178672557034c64cfa,uniswap-v3-base,deSPXA / USDC 0.05%,deSPXA,USDC,5,3450550.8416,7318030.34409994,-1.819,MEDIUM,10.0,medium_15pct,0.15,168,0.074229,0.38199,0.3,-0.607761,0.00106041,0.005457,NO_GO
0xd08f1fb797bfacded23323178672557034c64cfa,uniswap-v3-base,deSPXA / USDC 0.05%,deSPXA,USDC,5,3450550.8416,7318030.34409994,-1.819,MEDIUM,25.0,medium_15pct,0.15,1,0.001105,0.005684,0.3,-0.30458,0.00106041,0.005457,NO_GO
0xd08f1fb797bfacded23323178672557034c64cfa,uniswap-v3-base,deSPXA / USDC 0.05%,deSPXA,USDC,5,3450550.8416,7318030.34409994,-1.819,MEDIUM,25.0,medium_15pct,0.15,6,0.006628,0.034106,0.3,-0.327479,0.00106041,0.005457,NO_GO
0xd08f1fb797bfacded23323178672557034c64cfa,uniswap-v3-base,deSPXA / USDC 0.05%,deSPXA,USDC,5,3450550.8416,7318030.34409994,-1.819,MEDIUM,25.0,medium_15pct,0.15,24,0.02651,0.136425,0.3,-0.409915,0.00106041,0.005457,NO_GO
0xd08f1fb797bfacded23323178672557034c64cfa,uniswap-v3-base,deSPXA / USDC 0.05%,deSPXA,USDC,5,3450550.8416,7318030.34409994,-1.819,MEDIUM,25.0,medium_15pct,0.15,72,0.079531,0.409275,0.3,-0.629744,0.00106041,0.005457,NO_GO
0xd08f1fb797bfacded23323178672557034c64cfa,uniswap-v3-base,deSPXA / USDC 0.05%,deSPXA,USDC,5,3450550.8416,7318030.34409994,-1.819,MEDIUM,25.0,medium_15pct,0.15,168,0.185573,0.954975,0.3,-1.069402,0.00106041,0.005457,NO_GO
0xd08f1fb797bfacded23323178672557034c64cfa,uniswap-v3-base,deSPXA / USDC 0.05%,deSPXA,USDC,5,3450550.8416,7318030.34409994,-1.819,MEDIUM,50.0,medium_15pct,0.15,1,0.002209,0.011369,0.3,-0.30916,0.00106041,0.005457,NO_GO
0xd08f1fb797bfacded23323178672557034c64cfa,uniswap-v3-base,deSPXA / USDC 0.05%,deSPXA,USDC,5,3450550.8416,7318030.34409994,-1.819,MEDIUM,50.0,medium_15pct,0.15,6,0.013255,0.068212,0.3,-0.354957,0.00106041,0.005457,NO_GO
0xd08f1fb797bfacded23323178672557034c64cfa,uniswap-v3-base,deSPXA / USDC 0.05%,deSPXA,USDC,5,3450550.8416,7318030.34409994,-1.819,MEDIUM,50.0,medium_15pct,0.15,24,0.053021,0.27285,0.3,-0.519829,0.00106041,0.005457,NO_GO
0xd08f1fb797bfacded23323178672557034c64cfa,uniswap-v3-base,deSPXA / USDC 0.05%,deSPXA,USDC,5,3450550.8416,7318030.34409994,-1.819,MEDIUM,50.0,medium_15pct,0.15,72,0.159062,0.81855,0.3,-0.959488,0.00106041,0.005457,NO_GO
0xd08f1fb797bfacded23323178672557034c64cfa,uniswap-v3-base,deSPXA / USDC 0.05%,deSPXA,USDC,5,3450550.8416,7318030.34409994,-1.819,MEDIUM,50.0,medium_15pct,0.15,168,0.371145,1.90995,0.3,-1.838805,0.00106041,0.005457,NO_GO
0x7aea2e8a3843516afa07293a10ac8e49906dabd1,uniswap-v3-base,cbBTC / WETH 0.05%,cbBTC,WETH,5,2754917.7029,6260400.99108378,1.899,MEDIUM,1.0,medium_15pct,0.15,1,4.7e-05,0.000237,0.3,-0.30019,0.00113622,0.005697,NO_GO
0x7aea2e8a3843516afa07293a10ac8e49906dabd1,uniswap-v3-base,cbBTC / WETH 0.05%,cbBTC,WETH,5,2754917.7029,6260400.99108378,1.899,MEDIUM,1.0,medium_15pct,0.15,6,0.000284,0.001424,0.3,-0.30114,0.00113622,0.005697,NO_GO
0x7aea2e8a3843516afa07293a10ac8e49906dabd1,uniswap-v3-base,cbBTC / WETH 0.05%,cbBTC,WETH,5,2754917.7029,6260400.99108378,1.899,MEDIUM,1.0,medium_15pct,0.15,24,0.001136,0.005697,0.3,-0.304561,0.00113622,0.005697,NO_GO
0x7aea2e8a3843516afa07293a10ac8e49906dabd1,uniswap-v3-base,cbBTC / WETH 0.05%,cbBTC,WETH,5,2754917.7029,6260400.99108378,1.899,MEDIUM,1.0,medium_15pct,0.15,72,0.003409,0.017091,0.3,-0.313682,0.00113622,0.005697,NO_GO
0x7aea2e8a3843516afa07293a10ac8e49906dabd1,uniswap-v3-base,cbBTC / WETH 0.05%,cbBTC,WETH,5,2754917.7029,6260400.99108378,1.899,MEDIUM,1.0,medium_15pct,0.15,168,0.007954,0.039879,0.3,-0.331925,0.00113622,0.005697,NO_GO
0x7aea2e8a3843516afa07293a10ac8e49906dabd1,uniswap-v3-base,cbBTC / WETH 0.05%,cbBTC,WETH,5,2754917.7029,6260400.99108378,1.899,MEDIUM,3.0,medium_15pct,0.15,1,0.000142,0.000712,0.3,-0.30057,0.00113622,0.005697,NO_GO
0x7aea2e8a3843516afa07293a10ac8e49906dabd1,uniswap-v3-base,cbBTC / WETH 0.05%,cbBTC,WETH,5,2754917.7029,6260400.99108378,1.899,MEDIUM,3.0,medium_15pct,0.15,6,0.000852,0.004273,0.3,-0.303421,0.00113622,0.005697,NO_GO
0x7aea2e8a3843516afa07293a10ac8e49906dabd1,uniswap-v3-base,cbBTC / WETH 0.05%,cbBTC,WETH,5,2754917.7029,6260400.99108378,1.899,MEDIUM,3.0,medium_15pct,0.15,24,0.003409,0.017091,0.3,-0.313682,0.00113622,0.005697,NO_GO
0x7aea2e8a3843516afa07293a10ac8e49906dabd1,uniswap-v3-base,cbBTC / WETH 0.05%,cbBTC,WETH,5,2754917.7029,6260400.99108378,1.899,MEDIUM,3.0,medium_15pct,0.15,72,0.010226,0.051273,0.3,-0.341047,0.00113622,0.005697,NO_GO
0x7aea2e8a3843516afa07293a10ac8e49906dabd1,uniswap-v3-base,cbBTC / WETH 0.05%,cbBTC,WETH,5,2754917.7029,6260400.99108378,1.899,MEDIUM,3.0,medium_15pct,0.15,168,0.023861,0.119637,0.3,-0.395776,0.00113622,0.005697,NO_GO
0x7aea2e8a3843516afa07293a10ac8e49906dabd1,uniswap-v3-base,cbBTC / WETH 0.05%,cbBTC,WETH,5,2754917.7029,6260400.99108378,1.899,MEDIUM,5.0,medium_15pct,0.15,1,0.000237,0.001187,0.3,-0.30095,0.00113622,0.005697,NO_GO
0x7aea2e8a3843516afa07293a10ac8e49906dabd1,uniswap-v3-base,cbBTC / WETH 0.05%,cbBTC,WETH,5,2754917.7029,6260400.99108378,1.899,MEDIUM,5.0,medium_15pct,0.15,6,0.00142,0.007121,0.3,-0.305701,0.00113622,0.005697,NO_GO
0x7aea2e8a3843516afa07293a10ac8e49906dabd1,uniswap-v3-base,cbBTC / WETH 0.05%,cbBTC,WETH,5,2754917.7029,6260400.99108378,1.899,MEDIUM,5.0,medium_15pct,0.15,24,0.005681,0.028485,0.3,-0.322804,0.00113622,0.005697,NO_GO
0x7aea2e8a3843516afa07293a10ac8e49906dabd1,uniswap-v3-base,cbBTC / WETH 0.05%,cbBTC,WETH,5,2754917.7029,6260400.99108378,1.899,MEDIUM,5.0,medium_15pct,0.15,72,0.017043,0.085455,0.3,-0.368412,0.00113622,0.005697,NO_GO
0x7aea2e8a3843516afa07293a10ac8e49906dabd1,uniswap-v3-base,cbBTC / WETH 0.05%,cbBTC,WETH,5,2754917.7029,6260400.99108378,1.899,MEDIUM,5.0,medium_15pct,0.15,168,0.039768,0.199395,0.3,-0.459627,0.00113622,0.005697,NO_GO
0x7aea2e8a3843516afa07293a10ac8e49906dabd1,uniswap-v3-base,cbBTC / WETH 0.05%,cbBTC,WETH,5,2754917.7029,6260400.99108378,1.899,MEDIUM,10.0,medium_15pct,0.15,1,0.000473,0.002374,0.3,-0.3019,0.00113622,0.005697,NO_GO
0x7aea2e8a3843516afa07293a10ac8e49906dabd1,uniswap-v3-base,cbBTC / WETH 0.05%,cbBTC,WETH,5,2754917.7029,6260400.99108378,1.899,MEDIUM,10.0,medium_15pct,0.15,6,0.002841,0.014242,0.3,-0.311402,0.00113622,0.005697,NO_GO
0x7aea2e8a3843516afa07293a10ac8e49906dabd1,uniswap-v3-base,cbBTC / WETH 0.05%,cbBTC,WETH,5,2754917.7029,6260400.99108378,1.899,MEDIUM,10.0,medium_15pct,0.15,24,0.011362,0.05697,0.3,-0.345608,0.00113622,0.005697,NO_GO
0x7aea2e8a3843516afa07293a10ac8e49906dabd1,uniswap-v3-base,cbBTC / WETH 0.05%,cbBTC,WETH,5,2754917.7029,6260400.99108378,1.899,MEDIUM,10.0,medium_15pct,0.15,72,0.034087,0.17091,0.3,-0.436823,0.00113622,0.005697,NO_GO
0x7aea2e8a3843516afa07293a10ac8e49906dabd1,uniswap-v3-base,cbBTC / WETH 0.05%,cbBTC,WETH,5,2754917.7029,6260400.99108378,1.899,MEDIUM,10.0,medium_15pct,0.15,168,0.079536,0.39879,0.3,-0.619254,0.00113622,0.005697,NO_GO
0x7aea2e8a3843516afa07293a10ac8e49906dabd1,uniswap-v3-base,cbBTC / WETH 0.05%,cbBTC,WETH,5,2754917.7029,6260400.99108378,1.899,MEDIUM,25.0,medium_15pct,0.15,1,0.001184,0.005934,0.3,-0.304751,0.00113622,0.005697,NO_GO
0x7aea2e8a3843516afa07293a10ac8e49906dabd1,uniswap-v3-base,cbBTC / WETH 0.05%,cbBTC,WETH,5,2754917.7029,6260400.99108378,1.899,MEDIUM,25.0,medium_15pct,0.15,6,0.007101,0.035606,0.3,-0.328505,0.00113622,0.005697,NO_GO
0x7aea2e8a3843516afa07293a10ac8e49906dabd1,uniswap-v3-base,cbBTC / WETH 0.05%,cbBTC,WETH,5,2754917.7029,6260400.99108378,1.899,MEDIUM,25.0,medium_15pct,0.15,24,0.028406,0.142425,0.3,-0.414019,0.00113622,0.005697,NO_GO
0x7aea2e8a3843516afa07293a10ac8e49906dabd1,uniswap-v3-base,cbBTC / WETH 0.05%,cbBTC,WETH,5,2754917.7029,6260400.99108378,1.899,MEDIUM,25.0,medium_15pct,0.15,72,0.085217,0.427275,0.3,-0.642058,0.00113622,0.005697,NO_GO
0x7aea2e8a3843516afa07293a10ac8e49906dabd1,uniswap-v3-base,cbBTC / WETH 0.05%,cbBTC,WETH,5,2754917.7029,6260400.99108378,1.899,MEDIUM,25.0,medium_15pct,0.15,168,0.198839,0.996975,0.3,-1.098136,0.00113622,0.005697,NO_GO
0x7aea2e8a3843516afa07293a10ac8e49906dabd1,uniswap-v3-base,cbBTC / WETH 0.05%,cbBTC,WETH,5,2754917.7029,6260400.99108378,1.899,MEDIUM,50.0,medium_15pct,0.15,1,0.002367,0.011869,0.3,-0.309502,0.00113622,0.005697,NO_GO
0x7aea2e8a3843516afa07293a10ac8e49906dabd1,uniswap-v3-base,cbBTC / WETH 0.05%,cbBTC,WETH,5,2754917.7029,6260400.99108378,1.899,MEDIUM,50.0,medium_15pct,0.15,6,0.014203,0.071212,0.3,-0.35701,0.00113622,0.005697,NO_GO
0x7aea2e8a3843516afa07293a10ac8e49906dabd1,uniswap-v3-base,cbBTC / WETH 0.05%,cbBTC,WETH,5,2754917.7029,6260400.99108378,1.899,MEDIUM,50.0,medium_15pct,0.15,24,0.056811,0.28485,0.3,-0.528039,0.00113622,0.005697,NO_GO
0x7aea2e8a3843516afa07293a10ac8e49906dabd1,uniswap-v3-base,cbBTC / WETH 0.05%,cbBTC,WETH,5,2754917.7029,6260400.99108378,1.899,MEDIUM,50.0,medium_15pct,0.15,72,0.170433,0.85455,0.3,-0.984117,0.00113622,0.005697,NO_GO
0x7aea2e8a3843516afa07293a10ac8e49906dabd1,uniswap-v3-base,cbBTC / WETH 0.05%,cbBTC,WETH,5,2754917.7029,6260400.99108378,1.899,MEDIUM,50.0,medium_15pct,0.15,168,0.397678,1.99395,0.3,-1.896272,0.00113622,0.005697,NO_GO
0x3f0296bf652e19bca772ec3df08b32732f93014a,aerodrome-slipstream,VIRTUAL / WETH 0.05%,VIRTUAL,WETH,5,452406.6468,6046097.87404295,-0.326,MEDIUM,1.0,medium_15pct,0.15,1,0.000278,4.1e-05,0.3,-0.299762,0.00668215,0.000978,NO_GO
0x3f0296bf652e19bca772ec3df08b32732f93014a,aerodrome-slipstream,VIRTUAL / WETH 0.05%,VIRTUAL,WETH,5,452406.6468,6046097.87404295,-0.326,MEDIUM,1.0,medium_15pct,0.15,6,0.001671,0.000245,0.3,-0.298574,0.00668215,0.000978,NO_GO
0x3f0296bf652e19bca772ec3df08b32732f93014a,aerodrome-slipstream,VIRTUAL / WETH 0.05%,VIRTUAL,WETH,5,452406.6468,6046097.87404295,-0.326,MEDIUM,1.0,medium_15pct,0.15,24,0.006682,0.000978,0.3,-0.294296,0.00668215,0.000978,NO_GO
0x3f0296bf652e19bca772ec3df08b32732f93014a,aerodrome-slipstream,VIRTUAL / WETH 0.05%,VIRTUAL,WETH,5,452406.6468,6046097.87404295,-0.326,MEDIUM,1.0,medium_15pct,0.15,72,0.020046,0.002934,0.3,-0.282888,0.00668215,0.000978,NO_GO
0x3f0296bf652e19bca772ec3df08b32732f93014a,aerodrome-slipstream,VIRTUAL / WETH 0.05%,VIRTUAL,WETH,5,452406.6468,6046097.87404295,-0.326,MEDIUM,1.0,medium_15pct,0.15,168,0.046775,0.006846,0.3,-0.260071,0.00668215,0.000978,NO_GO
0x3f0296bf652e19bca772ec3df08b32732f93014a,aerodrome-slipstream,VIRTUAL / WETH 0.05%,VIRTUAL,WETH,5,452406.6468,6046097.87404295,-0.326,MEDIUM,3.0,medium_15pct,0.15,1,0.000835,0.000122,0.3,-0.299287,0.00668215,0.000978,NO_GO
0x3f0296bf652e19bca772ec3df08b32732f93014a,aerodrome-slipstream,VIRTUAL / WETH 0.05%,VIRTUAL,WETH,5,452406.6468,6046097.87404295,-0.326,MEDIUM,3.0,medium_15pct,0.15,6,0.005012,0.000734,0.3,-0.295722,0.00668215,0.000978,NO_GO
0x3f0296bf652e19bca772ec3df08b32732f93014a,aerodrome-slipstream,VIRTUAL / WETH 0.05%,VIRTUAL,WETH,5,452406.6468,6046097.87404295,-0.326,MEDIUM,3.0,medium_15pct,0.15,24,0.020046,0.002934,0.3,-0.282888,0.00668215,0.000978,NO_GO
0x3f0296bf652e19bca772ec3df08b32732f93014a,aerodrome-slipstream,VIRTUAL / WETH 0.05%,VIRTUAL,WETH,5,452406.6468,6046097.87404295,-0.326,MEDIUM,3.0,medium_15pct,0.15,72,0.060139,0.008802,0.3,-0.248663,0.00668215,0.000978,NO_GO
0x3f0296bf652e19bca772ec3df08b32732f93014a,aerodrome-slipstream,VIRTUAL / WETH 0.05%,VIRTUAL,WETH,5,452406.6468,6046097.87404295,-0.326,MEDIUM,3.0,medium_15pct,0.15,168,0.140325,0.020538,0.3,-0.180213,0.00668215,0.000978,NO_GO
0x3f0296bf652e19bca772ec3df08b32732f93014a,aerodrome-slipstream,VIRTUAL / WETH 0.05%,VIRTUAL,WETH,5,452406.6468,6046097.87404295,-0.326,MEDIUM,5.0,medium_15pct,0.15,1,0.001392,0.000204,0.3,-0.298812,0.00668215,0.000978,NO_GO
0x3f0296bf652e19bca772ec3df08b32732f93014a,aerodrome-slipstream,VIRTUAL / WETH 0.05%,VIRTUAL,WETH,5,452406.6468,6046097.87404295,-0.326,MEDIUM,5.0,medium_15pct,0.15,6,0.008353,0.001223,0.3,-0.29287,0.00668215,0.000978,NO_GO
0x3f0296bf652e19bca772ec3df08b32732f93014a,aerodrome-slipstream,VIRTUAL / WETH 0.05%,VIRTUAL,WETH,5,452406.6468,6046097.87404295,-0.326,MEDIUM,5.0,medium_15pct,0.15,24,0.033411,0.00489,0.3,-0.271479,0.00668215,0.000978,NO_GO
0x3f0296bf652e19bca772ec3df08b32732f93014a,aerodrome-slipstream,VIRTUAL / WETH 0.05%,VIRTUAL,WETH,5,452406.6468,6046097.87404295,-0.326,MEDIUM,5.0,medium_15pct,0.15,72,0.100232,0.01467,0.3,-0.214438,0.00668215,0.000978,NO_GO
0x3f0296bf652e19bca772ec3df08b32732f93014a,aerodrome-slipstream,VIRTUAL / WETH 0.05%,VIRTUAL,WETH,5,452406.6468,6046097.87404295,-0.326,MEDIUM,5.0,medium_15pct,0.15,168,0.233875,0.03423,0.3,-0.100355,0.00668215,0.000978,NO_GO
0x3f0296bf652e19bca772ec3df08b32732f93014a,aerodrome-slipstream,VIRTUAL / WETH 0.05%,VIRTUAL,WETH,5,452406.6468,6046097.87404295,-0.326,MEDIUM,10.0,medium_15pct,0.15,1,0.002784,0.000407,0.3,-0.297623,0.00668215,0.000978,NO_GO
0x3f0296bf652e19bca772ec3df08b32732f93014a,aerodrome-slipstream,VIRTUAL / WETH 0.05%,VIRTUAL,WETH,5,452406.6468,6046097.87404295,-0.326,MEDIUM,10.0,medium_15pct,0.15,6,0.016705,0.002445,0.3,-0.28574,0.00668215,0.000978,NO_GO
0x3f0296bf652e19bca772ec3df08b32732f93014a,aerodrome-slipstream,VIRTUAL / WETH 0.05%,VIRTUAL,WETH,5,452406.6468,6046097.87404295,-0.326,MEDIUM,10.0,medium_15pct,0.15,24,0.066821,0.00978,0.3,-0.242959,0.00668215,0.000978,NO_GO
0x3f0296bf652e19bca772ec3df08b32732f93014a,aerodrome-slipstream,VIRTUAL / WETH 0.05%,VIRTUAL,WETH,5,452406.6468,6046097.87404295,-0.326,MEDIUM,10.0,medium_15pct,0.15,72,0.200464,0.02934,0.3,-0.128876,0.00668215,0.000978,NO_GO
0x3f0296bf652e19bca772ec3df08b32732f93014a,aerodrome-slipstream,VIRTUAL / WETH 0.05%,VIRTUAL,WETH,5,452406.6468,6046097.87404295,-0.326,MEDIUM,10.0,medium_15pct,0.15,168,0.46775,0.06846,0.3,0.09929,0.00668215,0.000978,NEED_MORE_DATA
0x3f0296bf652e19bca772ec3df08b32732f93014a,aerodrome-slipstream,VIRTUAL / WETH 0.05%,VIRTUAL,WETH,5,452406.6468,6046097.87404295,-0.326,MEDIUM,25.0,medium_15pct,0.15,1,0.006961,0.001019,0.3,-0.294058,0.00668215,0.000978,NO_GO
0x3f0296bf652e19bca772ec3df08b32732f93014a,aerodrome-slipstream,VIRTUAL / WETH 0.05%,VIRTUAL,WETH,5,452406.6468,6046097.87404295,-0.326,MEDIUM,25.0,medium_15pct,0.15,6,0.041763,0.006113,0.3,-0.264349,0.00668215,0.000978,NO_GO
0x3f0296bf652e19bca772ec3df08b32732f93014a,aerodrome-slipstream,VIRTUAL / WETH 0.05%,VIRTUAL,WETH,5,452406.6468,6046097.87404295,-0.326,MEDIUM,25.0,medium_15pct,0.15,24,0.167054,0.02445,0.3,-0.157396,0.00668215,0.000978,NO_GO
0x3f0296bf652e19bca772ec3df08b32732f93014a,aerodrome-slipstream,VIRTUAL / WETH 0.05%,VIRTUAL,WETH,5,452406.6468,6046097.87404295,-0.326,MEDIUM,25.0,medium_15pct,0.15,72,0.501161,0.07335,0.3,0.127811,0.00668215,0.000978,NEED_MORE_DATA
0x3f0296bf652e19bca772ec3df08b32732f93014a,aerodrome-slipstream,VIRTUAL / WETH 0.05%,VIRTUAL,WETH,5,452406.6468,6046097.87404295,-0.326,MEDIUM,25.0,medium_15pct,0.15,168,1.169376,0.17115,0.3,0.698226,0.00668215,0.000978,NEED_MORE_DATA
0x3f0296bf652e19bca772ec3df08b32732f93014a,aerodrome-slipstream,VIRTUAL / WETH 0.05%,VIRTUAL,WETH,5,452406.6468,6046097.87404295,-0.326,MEDIUM,50.0,medium_15pct,0.15,1,0.013921,0.002038,0.3,-0.288116,0.00668215,0.000978,NO_GO
0x3f0296bf652e19bca772ec3df08b32732f93014a,aerodrome-slipstream,VIRTUAL / WETH 0.05%,VIRTUAL,WETH,5,452406.6468,6046097.87404295,-0.326,MEDIUM,50.0,medium_15pct,0.15,6,0.083527,0.012225,0.3,-0.228698,0.00668215,0.000978,NO_GO
0x3f0296bf652e19bca772ec3df08b32732f93014a,aerodrome-slipstream,VIRTUAL / WETH 0.05%,VIRTUAL,WETH,5,452406.6468,6046097.87404295,-0.326,MEDIUM,50.0,medium_15pct,0.15,24,0.334107,0.0489,0.3,-0.014793,0.00668215,0.000978,NEED_MORE_DATA
0x3f0296bf652e19bca772ec3df08b32732f93014a,aerodrome-slipstream,VIRTUAL / WETH 0.05%,VIRTUAL,WETH,5,452406.6468,6046097.87404295,-0.326,MEDIUM,50.0,medium_15pct,0.15,72,1.002322,0.1467,0.3,0.555622,0.00668215,0.000978,NEED_MORE_DATA
0x3f0296bf652e19bca772ec3df08b32732f93014a,aerodrome-slipstream,VIRTUAL / WETH 0.05%,VIRTUAL,WETH,5,452406.6468,6046097.87404295,-0.326,MEDIUM,50.0,medium_15pct,0.15,168,2.338752,0.3423,0.3,1.696452,0.00668215,0.000978,NEED_MORE_DATA
0xb775272e537cc670c65dc852908ad47015244eaf,pancakeswap-v3-base,WETH / USDC 0.05%,WETH,USDC,5,1311944.4936,5839905.92299877,1.237,LOW,1.0,medium_15pct,0.15,1,9.3e-05,0.000155,0.3,-0.300062,0.00222567,0.003711,NO_GO
0xb775272e537cc670c65dc852908ad47015244eaf,pancakeswap-v3-base,WETH / USDC 0.05%,WETH,USDC,5,1311944.4936,5839905.92299877,1.237,LOW,1.0,medium_15pct,0.15,6,0.000556,0.000928,0.3,-0.300371,0.00222567,0.003711,NO_GO
0xb775272e537cc670c65dc852908ad47015244eaf,pancakeswap-v3-base,WETH / USDC 0.05%,WETH,USDC,5,1311944.4936,5839905.92299877,1.237,LOW,1.0,medium_15pct,0.15,24,0.002226,0.003711,0.3,-0.301485,0.00222567,0.003711,NO_GO
0xb775272e537cc670c65dc852908ad47015244eaf,pancakeswap-v3-base,WETH / USDC 0.05%,WETH,USDC,5,1311944.4936,5839905.92299877,1.237,LOW,1.0,medium_15pct,0.15,72,0.006677,0.011133,0.3,-0.304456,0.00222567,0.003711,NO_GO
0xb775272e537cc670c65dc852908ad47015244eaf,pancakeswap-v3-base,WETH / USDC 0.05%,WETH,USDC,5,1311944.4936,5839905.92299877,1.237,LOW,1.0,medium_15pct,0.15,168,0.01558,0.025977,0.3,-0.310397,0.00222567,0.003711,NO_GO
0xb775272e537cc670c65dc852908ad47015244eaf,pancakeswap-v3-base,WETH / USDC 0.05%,WETH,USDC,5,1311944.4936,5839905.92299877,1.237,LOW,3.0,medium_15pct,0.15,1,0.000278,0.000464,0.3,-0.300186,0.00222567,0.003711,NO_GO
0xb775272e537cc670c65dc852908ad47015244eaf,pancakeswap-v3-base,WETH / USDC 0.05%,WETH,USDC,5,1311944.4936,5839905.92299877,1.237,LOW,3.0,medium_15pct,0.15,6,0.001669,0.002783,0.3,-0.301114,0.00222567,0.003711,NO_GO
0xb775272e537cc670c65dc852908ad47015244eaf,pancakeswap-v3-base,WETH / USDC 0.05%,WETH,USDC,5,1311944.4936,5839905.92299877,1.237,LOW,3.0,medium_15pct,0.15,24,0.006677,0.011133,0.3,-0.304456,0.00222567,0.003711,NO_GO
0xb775272e537cc670c65dc852908ad47015244eaf,pancakeswap-v3-base,WETH / USDC 0.05%,WETH,USDC,5,1311944.4936,5839905.92299877,1.237,LOW,3.0,medium_15pct,0.15,72,0.020031,0.033399,0.3,-0.313368,0.00222567,0.003711,NO_GO
0xb775272e537cc670c65dc852908ad47015244eaf,pancakeswap-v3-base,WETH / USDC 0.05%,WETH,USDC,5,1311944.4936,5839905.92299877,1.237,LOW,3.0,medium_15pct,0.15,168,0.046739,0.077931,0.3,-0.331192,0.00222567,0.003711,NO_GO
0xb775272e537cc670c65dc852908ad47015244eaf,pancakeswap-v3-base,WETH / USDC 0.05%,WETH,USDC,5,1311944.4936,5839905.92299877,1.237,LOW,5.0,medium_15pct,0.15,1,0.000464,0.000773,0.3,-0.300309,0.00222567,0.003711,NO_GO
0xb775272e537cc670c65dc852908ad47015244eaf,pancakeswap-v3-base,WETH / USDC 0.05%,WETH,USDC,5,1311944.4936,5839905.92299877,1.237,LOW,5.0,medium_15pct,0.15,6,0.002782,0.004639,0.3,-0.301857,0.00222567,0.003711,NO_GO
0xb775272e537cc670c65dc852908ad47015244eaf,pancakeswap-v3-base,WETH / USDC 0.05%,WETH,USDC,5,1311944.4936,5839905.92299877,1.237,LOW,5.0,medium_15pct,0.15,24,0.011128,0.018555,0.3,-0.307427,0.00222567,0.003711,NO_GO
0xb775272e537cc670c65dc852908ad47015244eaf,pancakeswap-v3-base,WETH / USDC 0.05%,WETH,USDC,5,1311944.4936,5839905.92299877,1.237,LOW,5.0,medium_15pct,0.15,72,0.033385,0.055665,0.3,-0.32228,0.00222567,0.003711,NO_GO
0xb775272e537cc670c65dc852908ad47015244eaf,pancakeswap-v3-base,WETH / USDC 0.05%,WETH,USDC,5,1311944.4936,5839905.92299877,1.237,LOW,5.0,medium_15pct,0.15,168,0.077898,0.129885,0.3,-0.351987,0.00222567,0.003711,NO_GO
0xb775272e537cc670c65dc852908ad47015244eaf,pancakeswap-v3-base,WETH / USDC 0.05%,WETH,USDC,5,1311944.4936,5839905.92299877,1.237,LOW,10.0,medium_15pct,0.15,1,0.000927,0.001546,0.3,-0.300619,0.00222567,0.003711,NO_GO
0xb775272e537cc670c65dc852908ad47015244eaf,pancakeswap-v3-base,WETH / USDC 0.05%,WETH,USDC,5,1311944.4936,5839905.92299877,1.237,LOW,10.0,medium_15pct,0.15,6,0.005564,0.009277,0.3,-0.303713,0.00222567,0.003711,NO_GO
0xb775272e537cc670c65dc852908ad47015244eaf,pancakeswap-v3-base,WETH / USDC 0.05%,WETH,USDC,5,1311944.4936,5839905.92299877,1.237,LOW,10.0,medium_15pct,0.15,24,0.022257,0.03711,0.3,-0.314853,0.00222567,0.003711,NO_GO
0xb775272e537cc670c65dc852908ad47015244eaf,pancakeswap-v3-base,WETH / USDC 0.05%,WETH,USDC,5,1311944.4936,5839905.92299877,1.237,LOW,10.0,medium_15pct,0.15,72,0.06677,0.11133,0.3,-0.34456,0.00222567,0.003711,NO_GO
0xb775272e537cc670c65dc852908ad47015244eaf,pancakeswap-v3-base,WETH / USDC 0.05%,WETH,USDC,5,1311944.4936,5839905.92299877,1.237,LOW,10.0,medium_15pct,0.15,168,0.155797,0.25977,0.3,-0.403973,0.00222567,0.003711,NO_GO
0xb775272e537cc670c65dc852908ad47015244eaf,pancakeswap-v3-base,WETH / USDC 0.05%,WETH,USDC,5,1311944.4936,5839905.92299877,1.237,LOW,25.0,medium_15pct,0.15,1,0.002318,0.003866,0.3,-0.301547,0.00222567,0.003711,NO_GO
0xb775272e537cc670c65dc852908ad47015244eaf,pancakeswap-v3-base,WETH / USDC 0.05%,WETH,USDC,5,1311944.4936,5839905.92299877,1.237,LOW,25.0,medium_15pct,0.15,6,0.01391,0.023194,0.3,-0.309283,0.00222567,0.003711,NO_GO
0xb775272e537cc670c65dc852908ad47015244eaf,pancakeswap-v3-base,WETH / USDC 0.05%,WETH,USDC,5,1311944.4936,5839905.92299877,1.237,LOW,25.0,medium_15pct,0.15,24,0.055642,0.092775,0.3,-0.337133,0.00222567,0.003711,NO_GO
0xb775272e537cc670c65dc852908ad47015244eaf,pancakeswap-v3-base,WETH / USDC 0.05%,WETH,USDC,5,1311944.4936,5839905.92299877,1.237,LOW,25.0,medium_15pct,0.15,72,0.166925,0.278325,0.3,-0.4114,0.00222567,0.003711,NO_GO
0xb775272e537cc670c65dc852908ad47015244eaf,pancakeswap-v3-base,WETH / USDC 0.05%,WETH,USDC,5,1311944.4936,5839905.92299877,1.237,LOW,25.0,medium_15pct,0.15,168,0.389492,0.649425,0.3,-0.559933,0.00222567,0.003711,NO_GO
0xb775272e537cc670c65dc852908ad47015244eaf,pancakeswap-v3-base,WETH / USDC 0.05%,WETH,USDC,5,1311944.4936,5839905.92299877,1.237,LOW,50.0,medium_15pct,0.15,1,0.004637,0.007731,0.3,-0.303094,0.00222567,0.003711,NO_GO
0xb775272e537cc670c65dc852908ad47015244eaf,pancakeswap-v3-base,WETH / USDC 0.05%,WETH,USDC,5,1311944.4936,5839905.92299877,1.237,LOW,50.0,medium_15pct,0.15,6,0.027821,0.046387,0.3,-0.318567,0.00222567,0.003711,NO_GO
0xb775272e537cc670c65dc852908ad47015244eaf,pancakeswap-v3-base,WETH / USDC 0.05%,WETH,USDC,5,1311944.4936,5839905.92299877,1.237,LOW,50.0,medium_15pct,0.15,24,0.111283,0.18555,0.3,-0.374267,0.00222567,0.003711,NO_GO
0xb775272e537cc670c65dc852908ad47015244eaf,pancakeswap-v3-base,WETH / USDC 0.05%,WETH,USDC,5,1311944.4936,5839905.92299877,1.237,LOW,50.0,medium_15pct,0.15,72,0.33385,0.55665,0.3,-0.5228,0.00222567,0.003711,NO_GO
0xb775272e537cc670c65dc852908ad47015244eaf,pancakeswap-v3-base,WETH / USDC 0.05%,WETH,USDC,5,1311944.4936,5839905.92299877,1.237,LOW,50.0,medium_15pct,0.15,168,0.778984,1.29885,0.3,-0.819866,0.00222567,0.003711,NO_GO
0x9d14ff91ae2c6e3d1a760542248b6c7f206894b0,aerodrome-slipstream,cbBTC / USDC 0.021%,cbBTC,USDC,2.1,728163.2234,5665131.15520798,1.831,MEDIUM,1.0,medium_15pct,0.15,1,6.8e-05,0.000229,0.3,-0.300161,0.00163381,0.005493,NO_GO
0x9d14ff91ae2c6e3d1a760542248b6c7f206894b0,aerodrome-slipstream,cbBTC / USDC 0.021%,cbBTC,USDC,2.1,728163.2234,5665131.15520798,1.831,MEDIUM,1.0,medium_15pct,0.15,6,0.000408,0.001373,0.3,-0.300965,0.00163381,0.005493,NO_GO
0x9d14ff91ae2c6e3d1a760542248b6c7f206894b0,aerodrome-slipstream,cbBTC / USDC 0.021%,cbBTC,USDC,2.1,728163.2234,5665131.15520798,1.831,MEDIUM,1.0,medium_15pct,0.15,24,0.001634,0.005493,0.3,-0.303859,0.00163381,0.005493,NO_GO
0x9d14ff91ae2c6e3d1a760542248b6c7f206894b0,aerodrome-slipstream,cbBTC / USDC 0.021%,cbBTC,USDC,2.1,728163.2234,5665131.15520798,1.831,MEDIUM,1.0,medium_15pct,0.15,72,0.004901,0.016479,0.3,-0.311578,0.00163381,0.005493,NO_GO
0x9d14ff91ae2c6e3d1a760542248b6c7f206894b0,aerodrome-slipstream,cbBTC / USDC 0.021%,cbBTC,USDC,2.1,728163.2234,5665131.15520798,1.831,MEDIUM,1.0,medium_15pct,0.15,168,0.011437,0.038451,0.3,-0.327014,0.00163381,0.005493,NO_GO
0x9d14ff91ae2c6e3d1a760542248b6c7f206894b0,aerodrome-slipstream,cbBTC / USDC 0.021%,cbBTC,USDC,2.1,728163.2234,5665131.15520798,1.831,MEDIUM,3.0,medium_15pct,0.15,1,0.000204,0.000687,0.3,-0.300482,0.00163381,0.005493,NO_GO
0x9d14ff91ae2c6e3d1a760542248b6c7f206894b0,aerodrome-slipstream,cbBTC / USDC 0.021%,cbBTC,USDC,2.1,728163.2234,5665131.15520798,1.831,MEDIUM,3.0,medium_15pct,0.15,6,0.001225,0.00412,0.3,-0.302894,0.00163381,0.005493,NO_GO
0x9d14ff91ae2c6e3d1a760542248b6c7f206894b0,aerodrome-slipstream,cbBTC / USDC 0.021%,cbBTC,USDC,2.1,728163.2234,5665131.15520798,1.831,MEDIUM,3.0,medium_15pct,0.15,24,0.004901,0.016479,0.3,-0.311578,0.00163381,0.005493,NO_GO
0x9d14ff91ae2c6e3d1a760542248b6c7f206894b0,aerodrome-slipstream,cbBTC / USDC 0.021%,cbBTC,USDC,2.1,728163.2234,5665131.15520798,1.831,MEDIUM,3.0,medium_15pct,0.15,72,0.014704,0.049437,0.3,-0.334733,0.00163381,0.005493,NO_GO
0x9d14ff91ae2c6e3d1a760542248b6c7f206894b0,aerodrome-slipstream,cbBTC / USDC 0.021%,cbBTC,USDC,2.1,728163.2234,5665131.15520798,1.831,MEDIUM,3.0,medium_15pct,0.15,168,0.03431,0.115353,0.3,-0.381043,0.00163381,0.005493,NO_GO
0x9d14ff91ae2c6e3d1a760542248b6c7f206894b0,aerodrome-slipstream,cbBTC / USDC 0.021%,cbBTC,USDC,2.1,728163.2234,5665131.15520798,1.831,MEDIUM,5.0,medium_15pct,0.15,1,0.00034,0.001144,0.3,-0.300804,0.00163381,0.005493,NO_GO
0x9d14ff91ae2c6e3d1a760542248b6c7f206894b0,aerodrome-slipstream,cbBTC / USDC 0.021%,cbBTC,USDC,2.1,728163.2234,5665131.15520798,1.831,MEDIUM,5.0,medium_15pct,0.15,6,0.002042,0.006866,0.3,-0.304824,0.00163381,0.005493,NO_GO
0x9d14ff91ae2c6e3d1a760542248b6c7f206894b0,aerodrome-slipstream,cbBTC / USDC 0.021%,cbBTC,USDC,2.1,728163.2234,5665131.15520798,1.831,MEDIUM,5.0,medium_15pct,0.15,24,0.008169,0.027465,0.3,-0.319296,0.00163381,0.005493,NO_GO
0x9d14ff91ae2c6e3d1a760542248b6c7f206894b0,aerodrome-slipstream,cbBTC / USDC 0.021%,cbBTC,USDC,2.1,728163.2234,5665131.15520798,1.831,MEDIUM,5.0,medium_15pct,0.15,72,0.024507,0.082395,0.3,-0.357888,0.00163381,0.005493,NO_GO
0x9d14ff91ae2c6e3d1a760542248b6c7f206894b0,aerodrome-slipstream,cbBTC / USDC 0.021%,cbBTC,USDC,2.1,728163.2234,5665131.15520798,1.831,MEDIUM,5.0,medium_15pct,0.15,168,0.057183,0.192255,0.3,-0.435072,0.00163381,0.005493,NO_GO
0x9d14ff91ae2c6e3d1a760542248b6c7f206894b0,aerodrome-slipstream,cbBTC / USDC 0.021%,cbBTC,USDC,2.1,728163.2234,5665131.15520798,1.831,MEDIUM,10.0,medium_15pct,0.15,1,0.000681,0.002289,0.3,-0.301608,0.00163381,0.005493,NO_GO
0x9d14ff91ae2c6e3d1a760542248b6c7f206894b0,aerodrome-slipstream,cbBTC / USDC 0.021%,cbBTC,USDC,2.1,728163.2234,5665131.15520798,1.831,MEDIUM,10.0,medium_15pct,0.15,6,0.004085,0.013732,0.3,-0.309648,0.00163381,0.005493,NO_GO
0x9d14ff91ae2c6e3d1a760542248b6c7f206894b0,aerodrome-slipstream,cbBTC / USDC 0.021%,cbBTC,USDC,2.1,728163.2234,5665131.15520798,1.831,MEDIUM,10.0,medium_15pct,0.15,24,0.016338,0.05493,0.3,-0.338592,0.00163381,0.005493,NO_GO
0x9d14ff91ae2c6e3d1a760542248b6c7f206894b0,aerodrome-slipstream,cbBTC / USDC 0.021%,cbBTC,USDC,2.1,728163.2234,5665131.15520798,1.831,MEDIUM,10.0,medium_15pct,0.15,72,0.049014,0.16479,0.3,-0.415776,0.00163381,0.005493,NO_GO
0x9d14ff91ae2c6e3d1a760542248b6c7f206894b0,aerodrome-slipstream,cbBTC / USDC 0.021%,cbBTC,USDC,2.1,728163.2234,5665131.15520798,1.831,MEDIUM,10.0,medium_15pct,0.15,168,0.114366,0.38451,0.3,-0.570144,0.00163381,0.005493,NO_GO
0x9d14ff91ae2c6e3d1a760542248b6c7f206894b0,aerodrome-slipstream,cbBTC / USDC 0.021%,cbBTC,USDC,2.1,728163.2234,5665131.15520798,1.831,MEDIUM,25.0,medium_15pct,0.15,1,0.001702,0.005722,0.3,-0.30402,0.00163381,0.005493,NO_GO
0x9d14ff91ae2c6e3d1a760542248b6c7f206894b0,aerodrome-slipstream,cbBTC / USDC 0.021%,cbBTC,USDC,2.1,728163.2234,5665131.15520798,1.831,MEDIUM,25.0,medium_15pct,0.15,6,0.010211,0.034331,0.3,-0.32412,0.00163381,0.005493,NO_GO
0x9d14ff91ae2c6e3d1a760542248b6c7f206894b0,aerodrome-slipstream,cbBTC / USDC 0.021%,cbBTC,USDC,2.1,728163.2234,5665131.15520798,1.831,MEDIUM,25.0,medium_15pct,0.15,24,0.040845,0.137325,0.3,-0.39648,0.00163381,0.005493,NO_GO
0x9d14ff91ae2c6e3d1a760542248b6c7f206894b0,aerodrome-slipstream,cbBTC / USDC 0.021%,cbBTC,USDC,2.1,728163.2234,5665131.15520798,1.831,MEDIUM,25.0,medium_15pct,0.15,72,0.122535,0.411975,0.3,-0.58944,0.00163381,0.005493,NO_GO
0x9d14ff91ae2c6e3d1a760542248b6c7f206894b0,aerodrome-slipstream,cbBTC / USDC 0.021%,cbBTC,USDC,2.1,728163.2234,5665131.15520798,1.831,MEDIUM,25.0,medium_15pct,0.15,168,0.285916,0.961275,0.3,-0.975359,0.00163381,0.005493,NO_GO
0x9d14ff91ae2c6e3d1a760542248b6c7f206894b0,aerodrome-slipstream,cbBTC / USDC 0.021%,cbBTC,USDC,2.1,728163.2234,5665131.15520798,1.831,MEDIUM,50.0,medium_15pct,0.15,1,0.003404,0.011444,0.3,-0.30804,0.00163381,0.005493,NO_GO
0x9d14ff91ae2c6e3d1a760542248b6c7f206894b0,aerodrome-slipstream,cbBTC / USDC 0.021%,cbBTC,USDC,2.1,728163.2234,5665131.15520798,1.831,MEDIUM,50.0,medium_15pct,0.15,6,0.020423,0.068663,0.3,-0.34824,0.00163381,0.005493,NO_GO
0x9d14ff91ae2c6e3d1a760542248b6c7f206894b0,aerodrome-slipstream,cbBTC / USDC 0.021%,cbBTC,USDC,2.1,728163.2234,5665131.15520798,1.831,MEDIUM,50.0,medium_15pct,0.15,24,0.08169,0.27465,0.3,-0.49296,0.00163381,0.005493,NO_GO
0x9d14ff91ae2c6e3d1a760542248b6c7f206894b0,aerodrome-slipstream,cbBTC / USDC 0.021%,cbBTC,USDC,2.1,728163.2234,5665131.15520798,1.831,MEDIUM,50.0,medium_15pct,0.15,72,0.245071,0.82395,0.3,-0.878879,0.00163381,0.005493,NO_GO
0x9d14ff91ae2c6e3d1a760542248b6c7f206894b0,aerodrome-slipstream,cbBTC / USDC 0.021%,cbBTC,USDC,2.1,728163.2234,5665131.15520798,1.831,MEDIUM,50.0,medium_15pct,0.15,168,0.571832,1.92255,0.3,-1.650718,0.00163381,0.005493,NO_GO
0xe846373c1a92b167b4e9cd5d8e4d6b1db9e90ec7,aerodrome-slipstream,EURC / USDC 0.05%,EURC,USDC,5,2921106.7778,5647177.18667824,-0.2,MEDIUM,1.0,medium_15pct,0.15,1,4e-05,2.5e-05,0.3,-0.299985,0.00096662,0.0006,NO_GO
0xe846373c1a92b167b4e9cd5d8e4d6b1db9e90ec7,aerodrome-slipstream,EURC / USDC 0.05%,EURC,USDC,5,2921106.7778,5647177.18667824,-0.2,MEDIUM,1.0,medium_15pct,0.15,6,0.000242,0.00015,0.3,-0.299908,0.00096662,0.0006,NO_GO
0xe846373c1a92b167b4e9cd5d8e4d6b1db9e90ec7,aerodrome-slipstream,EURC / USDC 0.05%,EURC,USDC,5,2921106.7778,5647177.18667824,-0.2,MEDIUM,1.0,medium_15pct,0.15,24,0.000967,0.0006,0.3,-0.299633,0.00096662,0.0006,NO_GO
0xe846373c1a92b167b4e9cd5d8e4d6b1db9e90ec7,aerodrome-slipstream,EURC / USDC 0.05%,EURC,USDC,5,2921106.7778,5647177.18667824,-0.2,MEDIUM,1.0,medium_15pct,0.15,72,0.0029,0.0018,0.3,-0.2989,0.00096662,0.0006,NO_GO
0xe846373c1a92b167b4e9cd5d8e4d6b1db9e90ec7,aerodrome-slipstream,EURC / USDC 0.05%,EURC,USDC,5,2921106.7778,5647177.18667824,-0.2,MEDIUM,1.0,medium_15pct,0.15,168,0.006766,0.0042,0.3,-0.297434,0.00096662,0.0006,NO_GO
0xe846373c1a92b167b4e9cd5d8e4d6b1db9e90ec7,aerodrome-slipstream,EURC / USDC 0.05%,EURC,USDC,5,2921106.7778,5647177.18667824,-0.2,MEDIUM,3.0,medium_15pct,0.15,1,0.000121,7.5e-05,0.3,-0.299954,0.00096662,0.0006,NO_GO
0xe846373c1a92b167b4e9cd5d8e4d6b1db9e90ec7,aerodrome-slipstream,EURC / USDC 0.05%,EURC,USDC,5,2921106.7778,5647177.18667824,-0.2,MEDIUM,3.0,medium_15pct,0.15,6,0.000725,0.00045,0.3,-0.299725,0.00096662,0.0006,NO_GO
0xe846373c1a92b167b4e9cd5d8e4d6b1db9e90ec7,aerodrome-slipstream,EURC / USDC 0.05%,EURC,USDC,5,2921106.7778,5647177.18667824,-0.2,MEDIUM,3.0,medium_15pct,0.15,24,0.0029,0.0018,0.3,-0.2989,0.00096662,0.0006,NO_GO
0xe846373c1a92b167b4e9cd5d8e4d6b1db9e90ec7,aerodrome-slipstream,EURC / USDC 0.05%,EURC,USDC,5,2921106.7778,5647177.18667824,-0.2,MEDIUM,3.0,medium_15pct,0.15,72,0.0087,0.0054,0.3,-0.2967,0.00096662,0.0006,NO_GO
0xe846373c1a92b167b4e9cd5d8e4d6b1db9e90ec7,aerodrome-slipstream,EURC / USDC 0.05%,EURC,USDC,5,2921106.7778,5647177.18667824,-0.2,MEDIUM,3.0,medium_15pct,0.15,168,0.020299,0.0126,0.3,-0.292301,0.00096662,0.0006,NO_GO
0xe846373c1a92b167b4e9cd5d8e4d6b1db9e90ec7,aerodrome-slipstream,EURC / USDC 0.05%,EURC,USDC,5,2921106.7778,5647177.18667824,-0.2,MEDIUM,5.0,medium_15pct,0.15,1,0.000201,0.000125,0.3,-0.299924,0.00096662,0.0006,NO_GO
0xe846373c1a92b167b4e9cd5d8e4d6b1db9e90ec7,aerodrome-slipstream,EURC / USDC 0.05%,EURC,USDC,5,2921106.7778,5647177.18667824,-0.2,MEDIUM,5.0,medium_15pct,0.15,6,0.001208,0.00075,0.3,-0.299542,0.00096662,0.0006,NO_GO
0xe846373c1a92b167b4e9cd5d8e4d6b1db9e90ec7,aerodrome-slipstream,EURC / USDC 0.05%,EURC,USDC,5,2921106.7778,5647177.18667824,-0.2,MEDIUM,5.0,medium_15pct,0.15,24,0.004833,0.003,0.3,-0.298167,0.00096662,0.0006,NO_GO
0xe846373c1a92b167b4e9cd5d8e4d6b1db9e90ec7,aerodrome-slipstream,EURC / USDC 0.05%,EURC,USDC,5,2921106.7778,5647177.18667824,-0.2,MEDIUM,5.0,medium_15pct,0.15,72,0.014499,0.009,0.3,-0.294501,0.00096662,0.0006,NO_GO
0xe846373c1a92b167b4e9cd5d8e4d6b1db9e90ec7,aerodrome-slipstream,EURC / USDC 0.05%,EURC,USDC,5,2921106.7778,5647177.18667824,-0.2,MEDIUM,5.0,medium_15pct,0.15,168,0.033832,0.021,0.3,-0.287168,0.00096662,0.0006,NO_GO
0xe846373c1a92b167b4e9cd5d8e4d6b1db9e90ec7,aerodrome-slipstream,EURC / USDC 0.05%,EURC,USDC,5,2921106.7778,5647177.18667824,-0.2,MEDIUM,10.0,medium_15pct,0.15,1,0.000403,0.00025,0.3,-0.299847,0.00096662,0.0006,NO_GO
0xe846373c1a92b167b4e9cd5d8e4d6b1db9e90ec7,aerodrome-slipstream,EURC / USDC 0.05%,EURC,USDC,5,2921106.7778,5647177.18667824,-0.2,MEDIUM,10.0,medium_15pct,0.15,6,0.002417,0.0015,0.3,-0.299083,0.00096662,0.0006,NO_GO
0xe846373c1a92b167b4e9cd5d8e4d6b1db9e90ec7,aerodrome-slipstream,EURC / USDC 0.05%,EURC,USDC,5,2921106.7778,5647177.18667824,-0.2,MEDIUM,10.0,medium_15pct,0.15,24,0.009666,0.006,0.3,-0.296334,0.00096662,0.0006,NO_GO
0xe846373c1a92b167b4e9cd5d8e4d6b1db9e90ec7,aerodrome-slipstream,EURC / USDC 0.05%,EURC,USDC,5,2921106.7778,5647177.18667824,-0.2,MEDIUM,10.0,medium_15pct,0.15,72,0.028998,0.018,0.3,-0.289002,0.00096662,0.0006,NO_GO
0xe846373c1a92b167b4e9cd5d8e4d6b1db9e90ec7,aerodrome-slipstream,EURC / USDC 0.05%,EURC,USDC,5,2921106.7778,5647177.18667824,-0.2,MEDIUM,10.0,medium_15pct,0.15,168,0.067663,0.042,0.3,-0.274337,0.00096662,0.0006,NO_GO
0xe846373c1a92b167b4e9cd5d8e4d6b1db9e90ec7,aerodrome-slipstream,EURC / USDC 0.05%,EURC,USDC,5,2921106.7778,5647177.18667824,-0.2,MEDIUM,25.0,medium_15pct,0.15,1,0.001007,0.000625,0.3,-0.299618,0.00096662,0.0006,NO_GO
0xe846373c1a92b167b4e9cd5d8e4d6b1db9e90ec7,aerodrome-slipstream,EURC / USDC 0.05%,EURC,USDC,5,2921106.7778,5647177.18667824,-0.2,MEDIUM,25.0,medium_15pct,0.15,6,0.006041,0.00375,0.3,-0.297709,0.00096662,0.0006,NO_GO
0xe846373c1a92b167b4e9cd5d8e4d6b1db9e90ec7,aerodrome-slipstream,EURC / USDC 0.05%,EURC,USDC,5,2921106.7778,5647177.18667824,-0.2,MEDIUM,25.0,medium_15pct,0.15,24,0.024165,0.015,0.3,-0.290835,0.00096662,0.0006,NO_GO
0xe846373c1a92b167b4e9cd5d8e4d6b1db9e90ec7,aerodrome-slipstream,EURC / USDC 0.05%,EURC,USDC,5,2921106.7778,5647177.18667824,-0.2,MEDIUM,25.0,medium_15pct,0.15,72,0.072496,0.045,0.3,-0.272504,0.00096662,0.0006,NO_GO
0xe846373c1a92b167b4e9cd5d8e4d6b1db9e90ec7,aerodrome-slipstream,EURC / USDC 0.05%,EURC,USDC,5,2921106.7778,5647177.18667824,-0.2,MEDIUM,25.0,medium_15pct,0.15,168,0.169158,0.105,0.3,-0.235842,0.00096662,0.0006,NO_GO
0xe846373c1a92b167b4e9cd5d8e4d6b1db9e90ec7,aerodrome-slipstream,EURC / USDC 0.05%,EURC,USDC,5,2921106.7778,5647177.18667824,-0.2,MEDIUM,50.0,medium_15pct,0.15,1,0.002014,0.00125,0.3,-0.299236,0.00096662,0.0006,NO_GO
0xe846373c1a92b167b4e9cd5d8e4d6b1db9e90ec7,aerodrome-slipstream,EURC / USDC 0.05%,EURC,USDC,5,2921106.7778,5647177.18667824,-0.2,MEDIUM,50.0,medium_15pct,0.15,6,0.012083,0.0075,0.3,-0.295417,0.00096662,0.0006,NO_GO
0xe846373c1a92b167b4e9cd5d8e4d6b1db9e90ec7,aerodrome-slipstream,EURC / USDC 0.05%,EURC,USDC,5,2921106.7778,5647177.18667824,-0.2,MEDIUM,50.0,medium_15pct,0.15,24,0.048331,0.03,0.3,-0.281669,0.00096662,0.0006,NO_GO
0xe846373c1a92b167b4e9cd5d8e4d6b1db9e90ec7,aerodrome-slipstream,EURC / USDC 0.05%,EURC,USDC,5,2921106.7778,5647177.18667824,-0.2,MEDIUM,50.0,medium_15pct,0.15,72,0.144992,0.09,0.3,-0.245008,0.00096662,0.0006,NO_GO
0xe846373c1a92b167b4e9cd5d8e4d6b1db9e90ec7,aerodrome-slipstream,EURC / USDC 0.05%,EURC,USDC,5,2921106.7778,5647177.18667824,-0.2,MEDIUM,50.0,medium_15pct,0.15,168,0.338316,0.21,0.3,-0.171684,0.00096662,0.0006,NO_GO
0x3f9b863ef4b295d6ba370215bcca3785fcc44f44,hydrex-integral,WETH / cbBTC 0.05%,WETH,cbBTC,5,1335836.4749,5221408.25546703,1.219,MEDIUM,1.0,medium_15pct,0.15,1,8.1e-05,0.000152,0.3,-0.300071,0.00195436,0.003657,NO_GO
0x3f9b863ef4b295d6ba370215bcca3785fcc44f44,hydrex-integral,WETH / cbBTC 0.05%,WETH,cbBTC,5,1335836.4749,5221408.25546703,1.219,MEDIUM,1.0,medium_15pct,0.15,6,0.000489,0.000914,0.3,-0.300426,0.00195436,0.003657,NO_GO
0x3f9b863ef4b295d6ba370215bcca3785fcc44f44,hydrex-integral,WETH / cbBTC 0.05%,WETH,cbBTC,5,1335836.4749,5221408.25546703,1.219,MEDIUM,1.0,medium_15pct,0.15,24,0.001954,0.003657,0.3,-0.301703,0.00195436,0.003657,NO_GO
0x3f9b863ef4b295d6ba370215bcca3785fcc44f44,hydrex-integral,WETH / cbBTC 0.05%,WETH,cbBTC,5,1335836.4749,5221408.25546703,1.219,MEDIUM,1.0,medium_15pct,0.15,72,0.005863,0.010971,0.3,-0.305108,0.00195436,0.003657,NO_GO
0x3f9b863ef4b295d6ba370215bcca3785fcc44f44,hydrex-integral,WETH / cbBTC 0.05%,WETH,cbBTC,5,1335836.4749,5221408.25546703,1.219,MEDIUM,1.0,medium_15pct,0.15,168,0.013681,0.025599,0.3,-0.311918,0.00195436,0.003657,NO_GO
0x3f9b863ef4b295d6ba370215bcca3785fcc44f44,hydrex-integral,WETH / cbBTC 0.05%,WETH,cbBTC,5,1335836.4749,5221408.25546703,1.219,MEDIUM,3.0,medium_15pct,0.15,1,0.000244,0.000457,0.3,-0.300213,0.00195436,0.003657,NO_GO
0x3f9b863ef4b295d6ba370215bcca3785fcc44f44,hydrex-integral,WETH / cbBTC 0.05%,WETH,cbBTC,5,1335836.4749,5221408.25546703,1.219,MEDIUM,3.0,medium_15pct,0.15,6,0.001466,0.002743,0.3,-0.301277,0.00195436,0.003657,NO_GO
0x3f9b863ef4b295d6ba370215bcca3785fcc44f44,hydrex-integral,WETH / cbBTC 0.05%,WETH,cbBTC,5,1335836.4749,5221408.25546703,1.219,MEDIUM,3.0,medium_15pct,0.15,24,0.005863,0.010971,0.3,-0.305108,0.00195436,0.003657,NO_GO
0x3f9b863ef4b295d6ba370215bcca3785fcc44f44,hydrex-integral,WETH / cbBTC 0.05%,WETH,cbBTC,5,1335836.4749,5221408.25546703,1.219,MEDIUM,3.0,medium_15pct,0.15,72,0.017589,0.032913,0.3,-0.315324,0.00195436,0.003657,NO_GO
0x3f9b863ef4b295d6ba370215bcca3785fcc44f44,hydrex-integral,WETH / cbBTC 0.05%,WETH,cbBTC,5,1335836.4749,5221408.25546703,1.219,MEDIUM,3.0,medium_15pct,0.15,168,0.041042,0.076797,0.3,-0.335755,0.00195436,0.003657,NO_GO
0x3f9b863ef4b295d6ba370215bcca3785fcc44f44,hydrex-integral,WETH / cbBTC 0.05%,WETH,cbBTC,5,1335836.4749,5221408.25546703,1.219,MEDIUM,5.0,medium_15pct,0.15,1,0.000407,0.000762,0.3,-0.300355,0.00195436,0.003657,NO_GO
0x3f9b863ef4b295d6ba370215bcca3785fcc44f44,hydrex-integral,WETH / cbBTC 0.05%,WETH,cbBTC,5,1335836.4749,5221408.25546703,1.219,MEDIUM,5.0,medium_15pct,0.15,6,0.002443,0.004571,0.3,-0.302128,0.00195436,0.003657,NO_GO
0x3f9b863ef4b295d6ba370215bcca3785fcc44f44,hydrex-integral,WETH / cbBTC 0.05%,WETH,cbBTC,5,1335836.4749,5221408.25546703,1.219,MEDIUM,5.0,medium_15pct,0.15,24,0.009772,0.018285,0.3,-0.308513,0.00195436,0.003657,NO_GO
0x3f9b863ef4b295d6ba370215bcca3785fcc44f44,hydrex-integral,WETH / cbBTC 0.05%,WETH,cbBTC,5,1335836.4749,5221408.25546703,1.219,MEDIUM,5.0,medium_15pct,0.15,72,0.029315,0.054855,0.3,-0.32554,0.00195436,0.003657,NO_GO
0x3f9b863ef4b295d6ba370215bcca3785fcc44f44,hydrex-integral,WETH / cbBTC 0.05%,WETH,cbBTC,5,1335836.4749,5221408.25546703,1.219,MEDIUM,5.0,medium_15pct,0.15,168,0.068403,0.127995,0.3,-0.359592,0.00195436,0.003657,NO_GO
0x3f9b863ef4b295d6ba370215bcca3785fcc44f44,hydrex-integral,WETH / cbBTC 0.05%,WETH,cbBTC,5,1335836.4749,5221408.25546703,1.219,MEDIUM,10.0,medium_15pct,0.15,1,0.000814,0.001524,0.3,-0.300709,0.00195436,0.003657,NO_GO
0x3f9b863ef4b295d6ba370215bcca3785fcc44f44,hydrex-integral,WETH / cbBTC 0.05%,WETH,cbBTC,5,1335836.4749,5221408.25546703,1.219,MEDIUM,10.0,medium_15pct,0.15,6,0.004886,0.009142,0.3,-0.304257,0.00195436,0.003657,NO_GO
0x3f9b863ef4b295d6ba370215bcca3785fcc44f44,hydrex-integral,WETH / cbBTC 0.05%,WETH,cbBTC,5,1335836.4749,5221408.25546703,1.219,MEDIUM,10.0,medium_15pct,0.15,24,0.019544,0.03657,0.3,-0.317026,0.00195436,0.003657,NO_GO
0x3f9b863ef4b295d6ba370215bcca3785fcc44f44,hydrex-integral,WETH / cbBTC 0.05%,WETH,cbBTC,5,1335836.4749,5221408.25546703,1.219,MEDIUM,10.0,medium_15pct,0.15,72,0.058631,0.10971,0.3,-0.351079,0.00195436,0.003657,NO_GO
0x3f9b863ef4b295d6ba370215bcca3785fcc44f44,hydrex-integral,WETH / cbBTC 0.05%,WETH,cbBTC,5,1335836.4749,5221408.25546703,1.219,MEDIUM,10.0,medium_15pct,0.15,168,0.136805,0.25599,0.3,-0.419185,0.00195436,0.003657,NO_GO
0x3f9b863ef4b295d6ba370215bcca3785fcc44f44,hydrex-integral,WETH / cbBTC 0.05%,WETH,cbBTC,5,1335836.4749,5221408.25546703,1.219,MEDIUM,25.0,medium_15pct,0.15,1,0.002036,0.003809,0.3,-0.301774,0.00195436,0.003657,NO_GO
0x3f9b863ef4b295d6ba370215bcca3785fcc44f44,hydrex-integral,WETH / cbBTC 0.05%,WETH,cbBTC,5,1335836.4749,5221408.25546703,1.219,MEDIUM,25.0,medium_15pct,0.15,6,0.012215,0.022856,0.3,-0.310642,0.00195436,0.003657,NO_GO
0x3f9b863ef4b295d6ba370215bcca3785fcc44f44,hydrex-integral,WETH / cbBTC 0.05%,WETH,cbBTC,5,1335836.4749,5221408.25546703,1.219,MEDIUM,25.0,medium_15pct,0.15,24,0.048859,0.091425,0.3,-0.342566,0.00195436,0.003657,NO_GO
0x3f9b863ef4b295d6ba370215bcca3785fcc44f44,hydrex-integral,WETH / cbBTC 0.05%,WETH,cbBTC,5,1335836.4749,5221408.25546703,1.219,MEDIUM,25.0,medium_15pct,0.15,72,0.146577,0.274275,0.3,-0.427698,0.00195436,0.003657,NO_GO
0x3f9b863ef4b295d6ba370215bcca3785fcc44f44,hydrex-integral,WETH / cbBTC 0.05%,WETH,cbBTC,5,1335836.4749,5221408.25546703,1.219,MEDIUM,25.0,medium_15pct,0.15,168,0.342013,0.639975,0.3,-0.597962,0.00195436,0.003657,NO_GO
0x3f9b863ef4b295d6ba370215bcca3785fcc44f44,hydrex-integral,WETH / cbBTC 0.05%,WETH,cbBTC,5,1335836.4749,5221408.25546703,1.219,MEDIUM,50.0,medium_15pct,0.15,1,0.004072,0.007619,0.3,-0.303547,0.00195436,0.003657,NO_GO
0x3f9b863ef4b295d6ba370215bcca3785fcc44f44,hydrex-integral,WETH / cbBTC 0.05%,WETH,cbBTC,5,1335836.4749,5221408.25546703,1.219,MEDIUM,50.0,medium_15pct,0.15,6,0.024429,0.045713,0.3,-0.321283,0.00195436,0.003657,NO_GO
0x3f9b863ef4b295d6ba370215bcca3785fcc44f44,hydrex-integral,WETH / cbBTC 0.05%,WETH,cbBTC,5,1335836.4749,5221408.25546703,1.219,MEDIUM,50.0,medium_15pct,0.15,24,0.097718,0.18285,0.3,-0.385132,0.00195436,0.003657,NO_GO
0x3f9b863ef4b295d6ba370215bcca3785fcc44f44,hydrex-integral,WETH / cbBTC 0.05%,WETH,cbBTC,5,1335836.4749,5221408.25546703,1.219,MEDIUM,50.0,medium_15pct,0.15,72,0.293154,0.54855,0.3,-0.555396,0.00195436,0.003657,NO_GO
0x3f9b863ef4b295d6ba370215bcca3785fcc44f44,hydrex-integral,WETH / cbBTC 0.05%,WETH,cbBTC,5,1335836.4749,5221408.25546703,1.219,MEDIUM,50.0,medium_15pct,0.15,168,0.684026,1.27995,0.3,-0.895924,0.00195436,0.003657,NO_GO
0x74f72788f4814d7ff3c49b44684aa98eee140c0e,aerodrome-slipstream,msETH / WETH 0.05%,msETH,WETH,5,20837424.0607,4948122.7239335,2.056,MEDIUM,1.0,medium_15pct,0.15,1,5e-06,0.000257,0.3,-0.300252,0.00011873,0.006168,NO_GO
0x74f72788f4814d7ff3c49b44684aa98eee140c0e,aerodrome-slipstream,msETH / WETH 0.05%,msETH,WETH,5,20837424.0607,4948122.7239335,2.056,MEDIUM,1.0,medium_15pct,0.15,6,3e-05,0.001542,0.3,-0.301512,0.00011873,0.006168,NO_GO
0x74f72788f4814d7ff3c49b44684aa98eee140c0e,aerodrome-slipstream,msETH / WETH 0.05%,msETH,WETH,5,20837424.0607,4948122.7239335,2.056,MEDIUM,1.0,medium_15pct,0.15,24,0.000119,0.006168,0.3,-0.306049,0.00011873,0.006168,NO_GO
0x74f72788f4814d7ff3c49b44684aa98eee140c0e,aerodrome-slipstream,msETH / WETH 0.05%,msETH,WETH,5,20837424.0607,4948122.7239335,2.056,MEDIUM,1.0,medium_15pct,0.15,72,0.000356,0.018504,0.3,-0.318148,0.00011873,0.006168,NO_GO
0x74f72788f4814d7ff3c49b44684aa98eee140c0e,aerodrome-slipstream,msETH / WETH 0.05%,msETH,WETH,5,20837424.0607,4948122.7239335,2.056,MEDIUM,1.0,medium_15pct,0.15,168,0.000831,0.043176,0.3,-0.342345,0.00011873,0.006168,NO_GO
0x74f72788f4814d7ff3c49b44684aa98eee140c0e,aerodrome-slipstream,msETH / WETH 0.05%,msETH,WETH,5,20837424.0607,4948122.7239335,2.056,MEDIUM,3.0,medium_15pct,0.15,1,1.5e-05,0.000771,0.3,-0.300756,0.00011873,0.006168,NO_GO
0x74f72788f4814d7ff3c49b44684aa98eee140c0e,aerodrome-slipstream,msETH / WETH 0.05%,msETH,WETH,5,20837424.0607,4948122.7239335,2.056,MEDIUM,3.0,medium_15pct,0.15,6,8.9e-05,0.004626,0.3,-0.304537,0.00011873,0.006168,NO_GO
0x74f72788f4814d7ff3c49b44684aa98eee140c0e,aerodrome-slipstream,msETH / WETH 0.05%,msETH,WETH,5,20837424.0607,4948122.7239335,2.056,MEDIUM,3.0,medium_15pct,0.15,24,0.000356,0.018504,0.3,-0.318148,0.00011873,0.006168,NO_GO
0x74f72788f4814d7ff3c49b44684aa98eee140c0e,aerodrome-slipstream,msETH / WETH 0.05%,msETH,WETH,5,20837424.0607,4948122.7239335,2.056,MEDIUM,3.0,medium_15pct,0.15,72,0.001069,0.055512,0.3,-0.354443,0.00011873,0.006168,NO_GO
0x74f72788f4814d7ff3c49b44684aa98eee140c0e,aerodrome-slipstream,msETH / WETH 0.05%,msETH,WETH,5,20837424.0607,4948122.7239335,2.056,MEDIUM,3.0,medium_15pct,0.15,168,0.002493,0.129528,0.3,-0.427035,0.00011873,0.006168,NO_GO
0x74f72788f4814d7ff3c49b44684aa98eee140c0e,aerodrome-slipstream,msETH / WETH 0.05%,msETH,WETH,5,20837424.0607,4948122.7239335,2.056,MEDIUM,5.0,medium_15pct,0.15,1,2.5e-05,0.001285,0.3,-0.30126,0.00011873,0.006168,NO_GO
0x74f72788f4814d7ff3c49b44684aa98eee140c0e,aerodrome-slipstream,msETH / WETH 0.05%,msETH,WETH,5,20837424.0607,4948122.7239335,2.056,MEDIUM,5.0,medium_15pct,0.15,6,0.000148,0.00771,0.3,-0.307562,0.00011873,0.006168,NO_GO
0x74f72788f4814d7ff3c49b44684aa98eee140c0e,aerodrome-slipstream,msETH / WETH 0.05%,msETH,WETH,5,20837424.0607,4948122.7239335,2.056,MEDIUM,5.0,medium_15pct,0.15,24,0.000594,0.03084,0.3,-0.330246,0.00011873,0.006168,NO_GO
0x74f72788f4814d7ff3c49b44684aa98eee140c0e,aerodrome-slipstream,msETH / WETH 0.05%,msETH,WETH,5,20837424.0607,4948122.7239335,2.056,MEDIUM,5.0,medium_15pct,0.15,72,0.001781,0.09252,0.3,-0.390739,0.00011873,0.006168,NO_GO
0x74f72788f4814d7ff3c49b44684aa98eee140c0e,aerodrome-slipstream,msETH / WETH 0.05%,msETH,WETH,5,20837424.0607,4948122.7239335,2.056,MEDIUM,5.0,medium_15pct,0.15,168,0.004156,0.21588,0.3,-0.511724,0.00011873,0.006168,NO_GO
0x74f72788f4814d7ff3c49b44684aa98eee140c0e,aerodrome-slipstream,msETH / WETH 0.05%,msETH,WETH,5,20837424.0607,4948122.7239335,2.056,MEDIUM,10.0,medium_15pct,0.15,1,4.9e-05,0.00257,0.3,-0.302521,0.00011873,0.006168,NO_GO
0x74f72788f4814d7ff3c49b44684aa98eee140c0e,aerodrome-slipstream,msETH / WETH 0.05%,msETH,WETH,5,20837424.0607,4948122.7239335,2.056,MEDIUM,10.0,medium_15pct,0.15,6,0.000297,0.01542,0.3,-0.315123,0.00011873,0.006168,NO_GO
0x74f72788f4814d7ff3c49b44684aa98eee140c0e,aerodrome-slipstream,msETH / WETH 0.05%,msETH,WETH,5,20837424.0607,4948122.7239335,2.056,MEDIUM,10.0,medium_15pct,0.15,24,0.001187,0.06168,0.3,-0.360493,0.00011873,0.006168,NO_GO
0x74f72788f4814d7ff3c49b44684aa98eee140c0e,aerodrome-slipstream,msETH / WETH 0.05%,msETH,WETH,5,20837424.0607,4948122.7239335,2.056,MEDIUM,10.0,medium_15pct,0.15,72,0.003562,0.18504,0.3,-0.481478,0.00011873,0.006168,NO_GO
0x74f72788f4814d7ff3c49b44684aa98eee140c0e,aerodrome-slipstream,msETH / WETH 0.05%,msETH,WETH,5,20837424.0607,4948122.7239335,2.056,MEDIUM,10.0,medium_15pct,0.15,168,0.008311,0.43176,0.3,-0.723449,0.00011873,0.006168,NO_GO
0x74f72788f4814d7ff3c49b44684aa98eee140c0e,aerodrome-slipstream,msETH / WETH 0.05%,msETH,WETH,5,20837424.0607,4948122.7239335,2.056,MEDIUM,25.0,medium_15pct,0.15,1,0.000124,0.006425,0.3,-0.306301,0.00011873,0.006168,NO_GO
0x74f72788f4814d7ff3c49b44684aa98eee140c0e,aerodrome-slipstream,msETH / WETH 0.05%,msETH,WETH,5,20837424.0607,4948122.7239335,2.056,MEDIUM,25.0,medium_15pct,0.15,6,0.000742,0.03855,0.3,-0.337808,0.00011873,0.006168,NO_GO
0x74f72788f4814d7ff3c49b44684aa98eee140c0e,aerodrome-slipstream,msETH / WETH 0.05%,msETH,WETH,5,20837424.0607,4948122.7239335,2.056,MEDIUM,25.0,medium_15pct,0.15,24,0.002968,0.1542,0.3,-0.451232,0.00011873,0.006168,NO_GO
0x74f72788f4814d7ff3c49b44684aa98eee140c0e,aerodrome-slipstream,msETH / WETH 0.05%,msETH,WETH,5,20837424.0607,4948122.7239335,2.056,MEDIUM,25.0,medium_15pct,0.15,72,0.008905,0.4626,0.3,-0.753695,0.00011873,0.006168,NO_GO
0x74f72788f4814d7ff3c49b44684aa98eee140c0e,aerodrome-slipstream,msETH / WETH 0.05%,msETH,WETH,5,20837424.0607,4948122.7239335,2.056,MEDIUM,25.0,medium_15pct,0.15,168,0.020778,1.0794,0.3,-1.358622,0.00011873,0.006168,NO_GO
0x74f72788f4814d7ff3c49b44684aa98eee140c0e,aerodrome-slipstream,msETH / WETH 0.05%,msETH,WETH,5,20837424.0607,4948122.7239335,2.056,MEDIUM,50.0,medium_15pct,0.15,1,0.000247,0.01285,0.3,-0.312603,0.00011873,0.006168,NO_GO
0x74f72788f4814d7ff3c49b44684aa98eee140c0e,aerodrome-slipstream,msETH / WETH 0.05%,msETH,WETH,5,20837424.0607,4948122.7239335,2.056,MEDIUM,50.0,medium_15pct,0.15,6,0.001484,0.0771,0.3,-0.375616,0.00011873,0.006168,NO_GO
0x74f72788f4814d7ff3c49b44684aa98eee140c0e,aerodrome-slipstream,msETH / WETH 0.05%,msETH,WETH,5,20837424.0607,4948122.7239335,2.056,MEDIUM,50.0,medium_15pct,0.15,24,0.005937,0.3084,0.3,-0.602463,0.00011873,0.006168,NO_GO
0x74f72788f4814d7ff3c49b44684aa98eee140c0e,aerodrome-slipstream,msETH / WETH 0.05%,msETH,WETH,5,20837424.0607,4948122.7239335,2.056,MEDIUM,50.0,medium_15pct,0.15,72,0.01781,0.9252,0.3,-1.20739,0.00011873,0.006168,NO_GO
0x74f72788f4814d7ff3c49b44684aa98eee140c0e,aerodrome-slipstream,msETH / WETH 0.05%,msETH,WETH,5,20837424.0607,4948122.7239335,2.056,MEDIUM,50.0,medium_15pct,0.15,168,0.041556,2.1588,0.3,-2.417244,0.00011873,0.006168,NO_GO
0x82dbe18346a8656dbb5e76f74bf3ae279cc16b29,hydrex-integral,WETH / USDC 0.05%,WETH,USDC,5,412262.1391,4759059.8479026,1.215,LOW,1.0,medium_15pct,0.15,1,0.00024,0.000152,0.3,-0.299911,0.00577189,0.003645,NO_GO
0x82dbe18346a8656dbb5e76f74bf3ae279cc16b29,hydrex-integral,WETH / USDC 0.05%,WETH,USDC,5,412262.1391,4759059.8479026,1.215,LOW,1.0,medium_15pct,0.15,6,0.001443,0.000911,0.3,-0.299468,0.00577189,0.003645,NO_GO
0x82dbe18346a8656dbb5e76f74bf3ae279cc16b29,hydrex-integral,WETH / USDC 0.05%,WETH,USDC,5,412262.1391,4759059.8479026,1.215,LOW,1.0,medium_15pct,0.15,24,0.005772,0.003645,0.3,-0.297873,0.00577189,0.003645,NO_GO
0x82dbe18346a8656dbb5e76f74bf3ae279cc16b29,hydrex-integral,WETH / USDC 0.05%,WETH,USDC,5,412262.1391,4759059.8479026,1.215,LOW,1.0,medium_15pct,0.15,72,0.017316,0.010935,0.3,-0.293619,0.00577189,0.003645,NO_GO
0x82dbe18346a8656dbb5e76f74bf3ae279cc16b29,hydrex-integral,WETH / USDC 0.05%,WETH,USDC,5,412262.1391,4759059.8479026,1.215,LOW,1.0,medium_15pct,0.15,168,0.040403,0.025515,0.3,-0.285112,0.00577189,0.003645,NO_GO
0x82dbe18346a8656dbb5e76f74bf3ae279cc16b29,hydrex-integral,WETH / USDC 0.05%,WETH,USDC,5,412262.1391,4759059.8479026,1.215,LOW,3.0,medium_15pct,0.15,1,0.000721,0.000456,0.3,-0.299734,0.00577189,0.003645,NO_GO
0x82dbe18346a8656dbb5e76f74bf3ae279cc16b29,hydrex-integral,WETH / USDC 0.05%,WETH,USDC,5,412262.1391,4759059.8479026,1.215,LOW,3.0,medium_15pct,0.15,6,0.004329,0.002734,0.3,-0.298405,0.00577189,0.003645,NO_GO
0x82dbe18346a8656dbb5e76f74bf3ae279cc16b29,hydrex-integral,WETH / USDC 0.05%,WETH,USDC,5,412262.1391,4759059.8479026,1.215,LOW,3.0,medium_15pct,0.15,24,0.017316,0.010935,0.3,-0.293619,0.00577189,0.003645,NO_GO
0x82dbe18346a8656dbb5e76f74bf3ae279cc16b29,hydrex-integral,WETH / USDC 0.05%,WETH,USDC,5,412262.1391,4759059.8479026,1.215,LOW,3.0,medium_15pct,0.15,72,0.051947,0.032805,0.3,-0.280858,0.00577189,0.003645,NO_GO
0x82dbe18346a8656dbb5e76f74bf3ae279cc16b29,hydrex-integral,WETH / USDC 0.05%,WETH,USDC,5,412262.1391,4759059.8479026,1.215,LOW,3.0,medium_15pct,0.15,168,0.12121,0.076545,0.3,-0.255335,0.00577189,0.003645,NO_GO
0x82dbe18346a8656dbb5e76f74bf3ae279cc16b29,hydrex-integral,WETH / USDC 0.05%,WETH,USDC,5,412262.1391,4759059.8479026,1.215,LOW,5.0,medium_15pct,0.15,1,0.001202,0.000759,0.3,-0.299557,0.00577189,0.003645,NO_GO
0x82dbe18346a8656dbb5e76f74bf3ae279cc16b29,hydrex-integral,WETH / USDC 0.05%,WETH,USDC,5,412262.1391,4759059.8479026,1.215,LOW,5.0,medium_15pct,0.15,6,0.007215,0.004556,0.3,-0.297341,0.00577189,0.003645,NO_GO
0x82dbe18346a8656dbb5e76f74bf3ae279cc16b29,hydrex-integral,WETH / USDC 0.05%,WETH,USDC,5,412262.1391,4759059.8479026,1.215,LOW,5.0,medium_15pct,0.15,24,0.028859,0.018225,0.3,-0.289366,0.00577189,0.003645,NO_GO
0x82dbe18346a8656dbb5e76f74bf3ae279cc16b29,hydrex-integral,WETH / USDC 0.05%,WETH,USDC,5,412262.1391,4759059.8479026,1.215,LOW,5.0,medium_15pct,0.15,72,0.086578,0.054675,0.3,-0.268097,0.00577189,0.003645,NO_GO
0x82dbe18346a8656dbb5e76f74bf3ae279cc16b29,hydrex-integral,WETH / USDC 0.05%,WETH,USDC,5,412262.1391,4759059.8479026,1.215,LOW,5.0,medium_15pct,0.15,168,0.202016,0.127575,0.3,-0.225559,0.00577189,0.003645,NO_GO
0x82dbe18346a8656dbb5e76f74bf3ae279cc16b29,hydrex-integral,WETH / USDC 0.05%,WETH,USDC,5,412262.1391,4759059.8479026,1.215,LOW,10.0,medium_15pct,0.15,1,0.002405,0.001519,0.3,-0.299114,0.00577189,0.003645,NO_GO
0x82dbe18346a8656dbb5e76f74bf3ae279cc16b29,hydrex-integral,WETH / USDC 0.05%,WETH,USDC,5,412262.1391,4759059.8479026,1.215,LOW,10.0,medium_15pct,0.15,6,0.01443,0.009113,0.3,-0.294683,0.00577189,0.003645,NO_GO
0x82dbe18346a8656dbb5e76f74bf3ae279cc16b29,hydrex-integral,WETH / USDC 0.05%,WETH,USDC,5,412262.1391,4759059.8479026,1.215,LOW,10.0,medium_15pct,0.15,24,0.057719,0.03645,0.3,-0.278731,0.00577189,0.003645,NO_GO
0x82dbe18346a8656dbb5e76f74bf3ae279cc16b29,hydrex-integral,WETH / USDC 0.05%,WETH,USDC,5,412262.1391,4759059.8479026,1.215,LOW,10.0,medium_15pct,0.15,72,0.173157,0.10935,0.3,-0.236193,0.00577189,0.003645,NO_GO
0x82dbe18346a8656dbb5e76f74bf3ae279cc16b29,hydrex-integral,WETH / USDC 0.05%,WETH,USDC,5,412262.1391,4759059.8479026,1.215,LOW,10.0,medium_15pct,0.15,168,0.404032,0.25515,0.3,-0.151118,0.00577189,0.003645,NO_GO
0x82dbe18346a8656dbb5e76f74bf3ae279cc16b29,hydrex-integral,WETH / USDC 0.05%,WETH,USDC,5,412262.1391,4759059.8479026,1.215,LOW,25.0,medium_15pct,0.15,1,0.006012,0.003797,0.3,-0.297784,0.00577189,0.003645,NO_GO
0x82dbe18346a8656dbb5e76f74bf3ae279cc16b29,hydrex-integral,WETH / USDC 0.05%,WETH,USDC,5,412262.1391,4759059.8479026,1.215,LOW,25.0,medium_15pct,0.15,6,0.036074,0.022781,0.3,-0.286707,0.00577189,0.003645,NO_GO
0x82dbe18346a8656dbb5e76f74bf3ae279cc16b29,hydrex-integral,WETH / USDC 0.05%,WETH,USDC,5,412262.1391,4759059.8479026,1.215,LOW,25.0,medium_15pct,0.15,24,0.144297,0.091125,0.3,-0.246828,0.00577189,0.003645,NO_GO
0x82dbe18346a8656dbb5e76f74bf3ae279cc16b29,hydrex-integral,WETH / USDC 0.05%,WETH,USDC,5,412262.1391,4759059.8479026,1.215,LOW,25.0,medium_15pct,0.15,72,0.432891,0.273375,0.3,-0.140484,0.00577189,0.003645,NO_GO
0x82dbe18346a8656dbb5e76f74bf3ae279cc16b29,hydrex-integral,WETH / USDC 0.05%,WETH,USDC,5,412262.1391,4759059.8479026,1.215,LOW,25.0,medium_15pct,0.15,168,1.01008,0.637875,0.3,0.072205,0.00577189,0.003645,GO
0x82dbe18346a8656dbb5e76f74bf3ae279cc16b29,hydrex-integral,WETH / USDC 0.05%,WETH,USDC,5,412262.1391,4759059.8479026,1.215,LOW,50.0,medium_15pct,0.15,1,0.012025,0.007594,0.3,-0.295569,0.00577189,0.003645,NO_GO
0x82dbe18346a8656dbb5e76f74bf3ae279cc16b29,hydrex-integral,WETH / USDC 0.05%,WETH,USDC,5,412262.1391,4759059.8479026,1.215,LOW,50.0,medium_15pct,0.15,6,0.072149,0.045563,0.3,-0.273414,0.00577189,0.003645,NO_GO
0x82dbe18346a8656dbb5e76f74bf3ae279cc16b29,hydrex-integral,WETH / USDC 0.05%,WETH,USDC,5,412262.1391,4759059.8479026,1.215,LOW,50.0,medium_15pct,0.15,24,0.288594,0.18225,0.3,-0.193656,0.00577189,0.003645,NO_GO
0x82dbe18346a8656dbb5e76f74bf3ae279cc16b29,hydrex-integral,WETH / USDC 0.05%,WETH,USDC,5,412262.1391,4759059.8479026,1.215,LOW,50.0,medium_15pct,0.15,72,0.865783,0.54675,0.3,0.019033,0.00577189,0.003645,GO
0x82dbe18346a8656dbb5e76f74bf3ae279cc16b29,hydrex-integral,WETH / USDC 0.05%,WETH,USDC,5,412262.1391,4759059.8479026,1.215,LOW,50.0,medium_15pct,0.15,168,2.02016,1.27575,0.3,0.44441,0.00577189,0.003645,GO
0x7501bc8bb51616f79bfa524e464fb7b41f0b10fb,aerodrome-slipstream,msUSD / USDC 0.05%,msUSD,USDC,5,20213254.727,4567978.80351028,-0.394,MEDIUM,1.0,medium_15pct,0.15,1,5e-06,4.9e-05,0.3,-0.300045,0.00011299,0.001182,NO_GO
0x7501bc8bb51616f79bfa524e464fb7b41f0b10fb,aerodrome-slipstream,msUSD / USDC 0.05%,msUSD,USDC,5,20213254.727,4567978.80351028,-0.394,MEDIUM,1.0,medium_15pct,0.15,6,2.8e-05,0.000295,0.3,-0.300267,0.00011299,0.001182,NO_GO
0x7501bc8bb51616f79bfa524e464fb7b41f0b10fb,aerodrome-slipstream,msUSD / USDC 0.05%,msUSD,USDC,5,20213254.727,4567978.80351028,-0.394,MEDIUM,1.0,medium_15pct,0.15,24,0.000113,0.001182,0.3,-0.301069,0.00011299,0.001182,NO_GO
0x7501bc8bb51616f79bfa524e464fb7b41f0b10fb,aerodrome-slipstream,msUSD / USDC 0.05%,msUSD,USDC,5,20213254.727,4567978.80351028,-0.394,MEDIUM,1.0,medium_15pct,0.15,72,0.000339,0.003546,0.3,-0.303207,0.00011299,0.001182,NO_GO
0x7501bc8bb51616f79bfa524e464fb7b41f0b10fb,aerodrome-slipstream,msUSD / USDC 0.05%,msUSD,USDC,5,20213254.727,4567978.80351028,-0.394,MEDIUM,1.0,medium_15pct,0.15,168,0.000791,0.008274,0.3,-0.307483,0.00011299,0.001182,NO_GO
0x7501bc8bb51616f79bfa524e464fb7b41f0b10fb,aerodrome-slipstream,msUSD / USDC 0.05%,msUSD,USDC,5,20213254.727,4567978.80351028,-0.394,MEDIUM,3.0,medium_15pct,0.15,1,1.4e-05,0.000148,0.3,-0.300134,0.00011299,0.001182,NO_GO
0x7501bc8bb51616f79bfa524e464fb7b41f0b10fb,aerodrome-slipstream,msUSD / USDC 0.05%,msUSD,USDC,5,20213254.727,4567978.80351028,-0.394,MEDIUM,3.0,medium_15pct,0.15,6,8.5e-05,0.000886,0.3,-0.300802,0.00011299,0.001182,NO_GO
0x7501bc8bb51616f79bfa524e464fb7b41f0b10fb,aerodrome-slipstream,msUSD / USDC 0.05%,msUSD,USDC,5,20213254.727,4567978.80351028,-0.394,MEDIUM,3.0,medium_15pct,0.15,24,0.000339,0.003546,0.3,-0.303207,0.00011299,0.001182,NO_GO
0x7501bc8bb51616f79bfa524e464fb7b41f0b10fb,aerodrome-slipstream,msUSD / USDC 0.05%,msUSD,USDC,5,20213254.727,4567978.80351028,-0.394,MEDIUM,3.0,medium_15pct,0.15,72,0.001017,0.010638,0.3,-0.309621,0.00011299,0.001182,NO_GO
0x7501bc8bb51616f79bfa524e464fb7b41f0b10fb,aerodrome-slipstream,msUSD / USDC 0.05%,msUSD,USDC,5,20213254.727,4567978.80351028,-0.394,MEDIUM,3.0,medium_15pct,0.15,168,0.002373,0.024822,0.3,-0.322449,0.00011299,0.001182,NO_GO
0x7501bc8bb51616f79bfa524e464fb7b41f0b10fb,aerodrome-slipstream,msUSD / USDC 0.05%,msUSD,USDC,5,20213254.727,4567978.80351028,-0.394,MEDIUM,5.0,medium_15pct,0.15,1,2.4e-05,0.000246,0.3,-0.300223,0.00011299,0.001182,NO_GO
0x7501bc8bb51616f79bfa524e464fb7b41f0b10fb,aerodrome-slipstream,msUSD / USDC 0.05%,msUSD,USDC,5,20213254.727,4567978.80351028,-0.394,MEDIUM,5.0,medium_15pct,0.15,6,0.000141,0.001477,0.3,-0.301336,0.00011299,0.001182,NO_GO
0x7501bc8bb51616f79bfa524e464fb7b41f0b10fb,aerodrome-slipstream,msUSD / USDC 0.05%,msUSD,USDC,5,20213254.727,4567978.80351028,-0.394,MEDIUM,5.0,medium_15pct,0.15,24,0.000565,0.00591,0.3,-0.305345,0.00011299,0.001182,NO_GO
0x7501bc8bb51616f79bfa524e464fb7b41f0b10fb,aerodrome-slipstream,msUSD / USDC 0.05%,msUSD,USDC,5,20213254.727,4567978.80351028,-0.394,MEDIUM,5.0,medium_15pct,0.15,72,0.001695,0.01773,0.3,-0.316035,0.00011299,0.001182,NO_GO
0x7501bc8bb51616f79bfa524e464fb7b41f0b10fb,aerodrome-slipstream,msUSD / USDC 0.05%,msUSD,USDC,5,20213254.727,4567978.80351028,-0.394,MEDIUM,5.0,medium_15pct,0.15,168,0.003955,0.04137,0.3,-0.337415,0.00011299,0.001182,NO_GO
0x7501bc8bb51616f79bfa524e464fb7b41f0b10fb,aerodrome-slipstream,msUSD / USDC 0.05%,msUSD,USDC,5,20213254.727,4567978.80351028,-0.394,MEDIUM,10.0,medium_15pct,0.15,1,4.7e-05,0.000492,0.3,-0.300445,0.00011299,0.001182,NO_GO
0x7501bc8bb51616f79bfa524e464fb7b41f0b10fb,aerodrome-slipstream,msUSD / USDC 0.05%,msUSD,USDC,5,20213254.727,4567978.80351028,-0.394,MEDIUM,10.0,medium_15pct,0.15,6,0.000282,0.002955,0.3,-0.302673,0.00011299,0.001182,NO_GO
0x7501bc8bb51616f79bfa524e464fb7b41f0b10fb,aerodrome-slipstream,msUSD / USDC 0.05%,msUSD,USDC,5,20213254.727,4567978.80351028,-0.394,MEDIUM,10.0,medium_15pct,0.15,24,0.00113,0.01182,0.3,-0.31069,0.00011299,0.001182,NO_GO
0x7501bc8bb51616f79bfa524e464fb7b41f0b10fb,aerodrome-slipstream,msUSD / USDC 0.05%,msUSD,USDC,5,20213254.727,4567978.80351028,-0.394,MEDIUM,10.0,medium_15pct,0.15,72,0.00339,0.03546,0.3,-0.33207,0.00011299,0.001182,NO_GO
0x7501bc8bb51616f79bfa524e464fb7b41f0b10fb,aerodrome-slipstream,msUSD / USDC 0.05%,msUSD,USDC,5,20213254.727,4567978.80351028,-0.394,MEDIUM,10.0,medium_15pct,0.15,168,0.00791,0.08274,0.3,-0.37483,0.00011299,0.001182,NO_GO
0x7501bc8bb51616f79bfa524e464fb7b41f0b10fb,aerodrome-slipstream,msUSD / USDC 0.05%,msUSD,USDC,5,20213254.727,4567978.80351028,-0.394,MEDIUM,25.0,medium_15pct,0.15,1,0.000118,0.001231,0.3,-0.301114,0.00011299,0.001182,NO_GO
0x7501bc8bb51616f79bfa524e464fb7b41f0b10fb,aerodrome-slipstream,msUSD / USDC 0.05%,msUSD,USDC,5,20213254.727,4567978.80351028,-0.394,MEDIUM,25.0,medium_15pct,0.15,6,0.000706,0.007387,0.3,-0.306681,0.00011299,0.001182,NO_GO
0x7501bc8bb51616f79bfa524e464fb7b41f0b10fb,aerodrome-slipstream,msUSD / USDC 0.05%,msUSD,USDC,5,20213254.727,4567978.80351028,-0.394,MEDIUM,25.0,medium_15pct,0.15,24,0.002825,0.02955,0.3,-0.326725,0.00011299,0.001182,NO_GO
0x7501bc8bb51616f79bfa524e464fb7b41f0b10fb,aerodrome-slipstream,msUSD / USDC 0.05%,msUSD,USDC,5,20213254.727,4567978.80351028,-0.394,MEDIUM,25.0,medium_15pct,0.15,72,0.008475,0.08865,0.3,-0.380175,0.00011299,0.001182,NO_GO
0x7501bc8bb51616f79bfa524e464fb7b41f0b10fb,aerodrome-slipstream,msUSD / USDC 0.05%,msUSD,USDC,5,20213254.727,4567978.80351028,-0.394,MEDIUM,25.0,medium_15pct,0.15,168,0.019774,0.20685,0.3,-0.487076,0.00011299,0.001182,NO_GO
0x7501bc8bb51616f79bfa524e464fb7b41f0b10fb,aerodrome-slipstream,msUSD / USDC 0.05%,msUSD,USDC,5,20213254.727,4567978.80351028,-0.394,MEDIUM,50.0,medium_15pct,0.15,1,0.000235,0.002462,0.3,-0.302227,0.00011299,0.001182,NO_GO
0x7501bc8bb51616f79bfa524e464fb7b41f0b10fb,aerodrome-slipstream,msUSD / USDC 0.05%,msUSD,USDC,5,20213254.727,4567978.80351028,-0.394,MEDIUM,50.0,medium_15pct,0.15,6,0.001412,0.014775,0.3,-0.313363,0.00011299,0.001182,NO_GO
0x7501bc8bb51616f79bfa524e464fb7b41f0b10fb,aerodrome-slipstream,msUSD / USDC 0.05%,msUSD,USDC,5,20213254.727,4567978.80351028,-0.394,MEDIUM,50.0,medium_15pct,0.15,24,0.00565,0.0591,0.3,-0.35345,0.00011299,0.001182,NO_GO
0x7501bc8bb51616f79bfa524e464fb7b41f0b10fb,aerodrome-slipstream,msUSD / USDC 0.05%,msUSD,USDC,5,20213254.727,4567978.80351028,-0.394,MEDIUM,50.0,medium_15pct,0.15,72,0.016949,0.1773,0.3,-0.460351,0.00011299,0.001182,NO_GO
0x7501bc8bb51616f79bfa524e464fb7b41f0b10fb,aerodrome-slipstream,msUSD / USDC 0.05%,msUSD,USDC,5,20213254.727,4567978.80351028,-0.394,MEDIUM,50.0,medium_15pct,0.15,168,0.039548,0.4137,0.3,-0.674152,0.00011299,0.001182,NO_GO
0xc5e51044eb7318950b1afb044fccfb25782c48c1,aerodrome-slipstream,EURC / USDC 0.01%,EURC,USDC,1,230400.9289,3790868.60829576,-0.224,MEDIUM,1.0,medium_15pct,0.15,1,6.9e-05,2.8e-05,0.3,-0.299959,0.00164534,0.000672,NO_GO
0xc5e51044eb7318950b1afb044fccfb25782c48c1,aerodrome-slipstream,EURC / USDC 0.01%,EURC,USDC,1,230400.9289,3790868.60829576,-0.224,MEDIUM,1.0,medium_15pct,0.15,6,0.000411,0.000168,0.3,-0.299757,0.00164534,0.000672,NO_GO
0xc5e51044eb7318950b1afb044fccfb25782c48c1,aerodrome-slipstream,EURC / USDC 0.01%,EURC,USDC,1,230400.9289,3790868.60829576,-0.224,MEDIUM,1.0,medium_15pct,0.15,24,0.001645,0.000672,0.3,-0.299027,0.00164534,0.000672,NO_GO
0xc5e51044eb7318950b1afb044fccfb25782c48c1,aerodrome-slipstream,EURC / USDC 0.01%,EURC,USDC,1,230400.9289,3790868.60829576,-0.224,MEDIUM,1.0,medium_15pct,0.15,72,0.004936,0.002016,0.3,-0.29708,0.00164534,0.000672,NO_GO
0xc5e51044eb7318950b1afb044fccfb25782c48c1,aerodrome-slipstream,EURC / USDC 0.01%,EURC,USDC,1,230400.9289,3790868.60829576,-0.224,MEDIUM,1.0,medium_15pct,0.15,168,0.011517,0.004704,0.3,-0.293187,0.00164534,0.000672,NO_GO
0xc5e51044eb7318950b1afb044fccfb25782c48c1,aerodrome-slipstream,EURC / USDC 0.01%,EURC,USDC,1,230400.9289,3790868.60829576,-0.224,MEDIUM,3.0,medium_15pct,0.15,1,0.000206,8.4e-05,0.3,-0.299878,0.00164534,0.000672,NO_GO
0xc5e51044eb7318950b1afb044fccfb25782c48c1,aerodrome-slipstream,EURC / USDC 0.01%,EURC,USDC,1,230400.9289,3790868.60829576,-0.224,MEDIUM,3.0,medium_15pct,0.15,6,0.001234,0.000504,0.3,-0.29927,0.00164534,0.000672,NO_GO
0xc5e51044eb7318950b1afb044fccfb25782c48c1,aerodrome-slipstream,EURC / USDC 0.01%,EURC,USDC,1,230400.9289,3790868.60829576,-0.224,MEDIUM,3.0,medium_15pct,0.15,24,0.004936,0.002016,0.3,-0.29708,0.00164534,0.000672,NO_GO
0xc5e51044eb7318950b1afb044fccfb25782c48c1,aerodrome-slipstream,EURC / USDC 0.01%,EURC,USDC,1,230400.9289,3790868.60829576,-0.224,MEDIUM,3.0,medium_15pct,0.15,72,0.014808,0.006048,0.3,-0.29124,0.00164534,0.000672,NO_GO
0xc5e51044eb7318950b1afb044fccfb25782c48c1,aerodrome-slipstream,EURC / USDC 0.01%,EURC,USDC,1,230400.9289,3790868.60829576,-0.224,MEDIUM,3.0,medium_15pct,0.15,168,0.034552,0.014112,0.3,-0.27956,0.00164534,0.000672,NO_GO
0xc5e51044eb7318950b1afb044fccfb25782c48c1,aerodrome-slipstream,EURC / USDC 0.01%,EURC,USDC,1,230400.9289,3790868.60829576,-0.224,MEDIUM,5.0,medium_15pct,0.15,1,0.000343,0.00014,0.3,-0.299797,0.00164534,0.000672,NO_GO
0xc5e51044eb7318950b1afb044fccfb25782c48c1,aerodrome-slipstream,EURC / USDC 0.01%,EURC,USDC,1,230400.9289,3790868.60829576,-0.224,MEDIUM,5.0,medium_15pct,0.15,6,0.002057,0.00084,0.3,-0.298783,0.00164534,0.000672,NO_GO
0xc5e51044eb7318950b1afb044fccfb25782c48c1,aerodrome-slipstream,EURC / USDC 0.01%,EURC,USDC,1,230400.9289,3790868.60829576,-0.224,MEDIUM,5.0,medium_15pct,0.15,24,0.008227,0.00336,0.3,-0.295133,0.00164534,0.000672,NO_GO
0xc5e51044eb7318950b1afb044fccfb25782c48c1,aerodrome-slipstream,EURC / USDC 0.01%,EURC,USDC,1,230400.9289,3790868.60829576,-0.224,MEDIUM,5.0,medium_15pct,0.15,72,0.02468,0.01008,0.3,-0.2854,0.00164534,0.000672,NO_GO
0xc5e51044eb7318950b1afb044fccfb25782c48c1,aerodrome-slipstream,EURC / USDC 0.01%,EURC,USDC,1,230400.9289,3790868.60829576,-0.224,MEDIUM,5.0,medium_15pct,0.15,168,0.057587,0.02352,0.3,-0.265933,0.00164534,0.000672,NO_GO
0xc5e51044eb7318950b1afb044fccfb25782c48c1,aerodrome-slipstream,EURC / USDC 0.01%,EURC,USDC,1,230400.9289,3790868.60829576,-0.224,MEDIUM,10.0,medium_15pct,0.15,1,0.000686,0.00028,0.3,-0.299594,0.00164534,0.000672,NO_GO
0xc5e51044eb7318950b1afb044fccfb25782c48c1,aerodrome-slipstream,EURC / USDC 0.01%,EURC,USDC,1,230400.9289,3790868.60829576,-0.224,MEDIUM,10.0,medium_15pct,0.15,6,0.004113,0.00168,0.3,-0.297567,0.00164534,0.000672,NO_GO
0xc5e51044eb7318950b1afb044fccfb25782c48c1,aerodrome-slipstream,EURC / USDC 0.01%,EURC,USDC,1,230400.9289,3790868.60829576,-0.224,MEDIUM,10.0,medium_15pct,0.15,24,0.016453,0.00672,0.3,-0.290267,0.00164534,0.000672,NO_GO
0xc5e51044eb7318950b1afb044fccfb25782c48c1,aerodrome-slipstream,EURC / USDC 0.01%,EURC,USDC,1,230400.9289,3790868.60829576,-0.224,MEDIUM,10.0,medium_15pct,0.15,72,0.04936,0.02016,0.3,-0.2708,0.00164534,0.000672,NO_GO
0xc5e51044eb7318950b1afb044fccfb25782c48c1,aerodrome-slipstream,EURC / USDC 0.01%,EURC,USDC,1,230400.9289,3790868.60829576,-0.224,MEDIUM,10.0,medium_15pct,0.15,168,0.115173,0.04704,0.3,-0.231867,0.00164534,0.000672,NO_GO
0xc5e51044eb7318950b1afb044fccfb25782c48c1,aerodrome-slipstream,EURC / USDC 0.01%,EURC,USDC,1,230400.9289,3790868.60829576,-0.224,MEDIUM,25.0,medium_15pct,0.15,1,0.001714,0.0007,0.3,-0.298986,0.00164534,0.000672,NO_GO
0xc5e51044eb7318950b1afb044fccfb25782c48c1,aerodrome-slipstream,EURC / USDC 0.01%,EURC,USDC,1,230400.9289,3790868.60829576,-0.224,MEDIUM,25.0,medium_15pct,0.15,6,0.010283,0.0042,0.3,-0.293917,0.00164534,0.000672,NO_GO
0xc5e51044eb7318950b1afb044fccfb25782c48c1,aerodrome-slipstream,EURC / USDC 0.01%,EURC,USDC,1,230400.9289,3790868.60829576,-0.224,MEDIUM,25.0,medium_15pct,0.15,24,0.041133,0.0168,0.3,-0.275667,0.00164534,0.000672,NO_GO
0xc5e51044eb7318950b1afb044fccfb25782c48c1,aerodrome-slipstream,EURC / USDC 0.01%,EURC,USDC,1,230400.9289,3790868.60829576,-0.224,MEDIUM,25.0,medium_15pct,0.15,72,0.1234,0.0504,0.3,-0.227,0.00164534,0.000672,NO_GO
0xc5e51044eb7318950b1afb044fccfb25782c48c1,aerodrome-slipstream,EURC / USDC 0.01%,EURC,USDC,1,230400.9289,3790868.60829576,-0.224,MEDIUM,25.0,medium_15pct,0.15,168,0.287934,0.1176,0.3,-0.129666,0.00164534,0.000672,NO_GO
0xc5e51044eb7318950b1afb044fccfb25782c48c1,aerodrome-slipstream,EURC / USDC 0.01%,EURC,USDC,1,230400.9289,3790868.60829576,-0.224,MEDIUM,50.0,medium_15pct,0.15,1,0.003428,0.0014,0.3,-0.297972,0.00164534,0.000672,NO_GO
0xc5e51044eb7318950b1afb044fccfb25782c48c1,aerodrome-slipstream,EURC / USDC 0.01%,EURC,USDC,1,230400.9289,3790868.60829576,-0.224,MEDIUM,50.0,medium_15pct,0.15,6,0.020567,0.0084,0.3,-0.287833,0.00164534,0.000672,NO_GO
0xc5e51044eb7318950b1afb044fccfb25782c48c1,aerodrome-slipstream,EURC / USDC 0.01%,EURC,USDC,1,230400.9289,3790868.60829576,-0.224,MEDIUM,50.0,medium_15pct,0.15,24,0.082267,0.0336,0.3,-0.251333,0.00164534,0.000672,NO_GO
0xc5e51044eb7318950b1afb044fccfb25782c48c1,aerodrome-slipstream,EURC / USDC 0.01%,EURC,USDC,1,230400.9289,3790868.60829576,-0.224,MEDIUM,50.0,medium_15pct,0.15,72,0.2468,0.1008,0.3,-0.154,0.00164534,0.000672,NO_GO
0xc5e51044eb7318950b1afb044fccfb25782c48c1,aerodrome-slipstream,EURC / USDC 0.01%,EURC,USDC,1,230400.9289,3790868.60829576,-0.224,MEDIUM,50.0,medium_15pct,0.15,168,0.575867,0.2352,0.3,0.040667,0.00164534,0.000672,NEED_MORE_DATA
0x7ec6c9d993d9832aa654593f2dbc21303650bc6c,aerodrome-slipstream,VVV / WETH 0.05%,VVV,WETH,5,2671215.377,3608698.1847532,-9.804,MEDIUM,1.0,medium_15pct,0.15,1,2.8e-05,0.001226,0.3,-0.301197,0.00067548,0.029412,NO_GO
0x7ec6c9d993d9832aa654593f2dbc21303650bc6c,aerodrome-slipstream,VVV / WETH 0.05%,VVV,WETH,5,2671215.377,3608698.1847532,-9.804,MEDIUM,1.0,medium_15pct,0.15,6,0.000169,0.007353,0.3,-0.307184,0.00067548,0.029412,NO_GO
0x7ec6c9d993d9832aa654593f2dbc21303650bc6c,aerodrome-slipstream,VVV / WETH 0.05%,VVV,WETH,5,2671215.377,3608698.1847532,-9.804,MEDIUM,1.0,medium_15pct,0.15,24,0.000675,0.029412,0.3,-0.328737,0.00067548,0.029412,NO_GO
0x7ec6c9d993d9832aa654593f2dbc21303650bc6c,aerodrome-slipstream,VVV / WETH 0.05%,VVV,WETH,5,2671215.377,3608698.1847532,-9.804,MEDIUM,1.0,medium_15pct,0.15,72,0.002026,0.088236,0.3,-0.38621,0.00067548,0.029412,NO_GO
0x7ec6c9d993d9832aa654593f2dbc21303650bc6c,aerodrome-slipstream,VVV / WETH 0.05%,VVV,WETH,5,2671215.377,3608698.1847532,-9.804,MEDIUM,1.0,medium_15pct,0.15,168,0.004728,0.205884,0.3,-0.501156,0.00067548,0.029412,NO_GO
0x7ec6c9d993d9832aa654593f2dbc21303650bc6c,aerodrome-slipstream,VVV / WETH 0.05%,VVV,WETH,5,2671215.377,3608698.1847532,-9.804,MEDIUM,3.0,medium_15pct,0.15,1,8.4e-05,0.003677,0.3,-0.303592,0.00067548,0.029412,NO_GO
0x7ec6c9d993d9832aa654593f2dbc21303650bc6c,aerodrome-slipstream,VVV / WETH 0.05%,VVV,WETH,5,2671215.377,3608698.1847532,-9.804,MEDIUM,3.0,medium_15pct,0.15,6,0.000507,0.022059,0.3,-0.321552,0.00067548,0.029412,NO_GO
0x7ec6c9d993d9832aa654593f2dbc21303650bc6c,aerodrome-slipstream,VVV / WETH 0.05%,VVV,WETH,5,2671215.377,3608698.1847532,-9.804,MEDIUM,3.0,medium_15pct,0.15,24,0.002026,0.088236,0.3,-0.38621,0.00067548,0.029412,NO_GO
0x7ec6c9d993d9832aa654593f2dbc21303650bc6c,aerodrome-slipstream,VVV / WETH 0.05%,VVV,WETH,5,2671215.377,3608698.1847532,-9.804,MEDIUM,3.0,medium_15pct,0.15,72,0.006079,0.264708,0.3,-0.558629,0.00067548,0.029412,NO_GO
0x7ec6c9d993d9832aa654593f2dbc21303650bc6c,aerodrome-slipstream,VVV / WETH 0.05%,VVV,WETH,5,2671215.377,3608698.1847532,-9.804,MEDIUM,3.0,medium_15pct,0.15,168,0.014185,0.617652,0.3,-0.903467,0.00067548,0.029412,NO_GO
0x7ec6c9d993d9832aa654593f2dbc21303650bc6c,aerodrome-slipstream,VVV / WETH 0.05%,VVV,WETH,5,2671215.377,3608698.1847532,-9.804,MEDIUM,5.0,medium_15pct,0.15,1,0.000141,0.006127,0.3,-0.305987,0.00067548,0.029412,NO_GO
0x7ec6c9d993d9832aa654593f2dbc21303650bc6c,aerodrome-slipstream,VVV / WETH 0.05%,VVV,WETH,5,2671215.377,3608698.1847532,-9.804,MEDIUM,5.0,medium_15pct,0.15,6,0.000844,0.036765,0.3,-0.335921,0.00067548,0.029412,NO_GO
0x7ec6c9d993d9832aa654593f2dbc21303650bc6c,aerodrome-slipstream,VVV / WETH 0.05%,VVV,WETH,5,2671215.377,3608698.1847532,-9.804,MEDIUM,5.0,medium_15pct,0.15,24,0.003377,0.14706,0.3,-0.443683,0.00067548,0.029412,NO_GO
0x7ec6c9d993d9832aa654593f2dbc21303650bc6c,aerodrome-slipstream,VVV / WETH 0.05%,VVV,WETH,5,2671215.377,3608698.1847532,-9.804,MEDIUM,5.0,medium_15pct,0.15,72,0.010132,0.44118,0.3,-0.731048,0.00067548,0.029412,NO_GO
0x7ec6c9d993d9832aa654593f2dbc21303650bc6c,aerodrome-slipstream,VVV / WETH 0.05%,VVV,WETH,5,2671215.377,3608698.1847532,-9.804,MEDIUM,5.0,medium_15pct,0.15,168,0.023642,1.02942,0.3,-1.305778,0.00067548,0.029412,NO_GO
0x7ec6c9d993d9832aa654593f2dbc21303650bc6c,aerodrome-slipstream,VVV / WETH 0.05%,VVV,WETH,5,2671215.377,3608698.1847532,-9.804,MEDIUM,10.0,medium_15pct,0.15,1,0.000281,0.012255,0.3,-0.311974,0.00067548,0.029412,NO_GO
0x7ec6c9d993d9832aa654593f2dbc21303650bc6c,aerodrome-slipstream,VVV / WETH 0.05%,VVV,WETH,5,2671215.377,3608698.1847532,-9.804,MEDIUM,10.0,medium_15pct,0.15,6,0.001689,0.07353,0.3,-0.371841,0.00067548,0.029412,NO_GO
0x7ec6c9d993d9832aa654593f2dbc21303650bc6c,aerodrome-slipstream,VVV / WETH 0.05%,VVV,WETH,5,2671215.377,3608698.1847532,-9.804,MEDIUM,10.0,medium_15pct,0.15,24,0.006755,0.29412,0.3,-0.587365,0.00067548,0.029412,NO_GO
0x7ec6c9d993d9832aa654593f2dbc21303650bc6c,aerodrome-slipstream,VVV / WETH 0.05%,VVV,WETH,5,2671215.377,3608698.1847532,-9.804,MEDIUM,10.0,medium_15pct,0.15,72,0.020264,0.88236,0.3,-1.162096,0.00067548,0.029412,NO_GO
0x7ec6c9d993d9832aa654593f2dbc21303650bc6c,aerodrome-slipstream,VVV / WETH 0.05%,VVV,WETH,5,2671215.377,3608698.1847532,-9.804,MEDIUM,10.0,medium_15pct,0.15,168,0.047284,2.05884,0.3,-2.311556,0.00067548,0.029412,NO_GO
0x7ec6c9d993d9832aa654593f2dbc21303650bc6c,aerodrome-slipstream,VVV / WETH 0.05%,VVV,WETH,5,2671215.377,3608698.1847532,-9.804,MEDIUM,25.0,medium_15pct,0.15,1,0.000704,0.030638,0.3,-0.329934,0.00067548,0.029412,NO_GO
0x7ec6c9d993d9832aa654593f2dbc21303650bc6c,aerodrome-slipstream,VVV / WETH 0.05%,VVV,WETH,5,2671215.377,3608698.1847532,-9.804,MEDIUM,25.0,medium_15pct,0.15,6,0.004222,0.183825,0.3,-0.479603,0.00067548,0.029412,NO_GO
0x7ec6c9d993d9832aa654593f2dbc21303650bc6c,aerodrome-slipstream,VVV / WETH 0.05%,VVV,WETH,5,2671215.377,3608698.1847532,-9.804,MEDIUM,25.0,medium_15pct,0.15,24,0.016887,0.7353,0.3,-1.018413,0.00067548,0.029412,NO_GO
0x7ec6c9d993d9832aa654593f2dbc21303650bc6c,aerodrome-slipstream,VVV / WETH 0.05%,VVV,WETH,5,2671215.377,3608698.1847532,-9.804,MEDIUM,25.0,medium_15pct,0.15,72,0.050661,2.2059,0.3,-2.455239,0.00067548,0.029412,NO_GO
0x7ec6c9d993d9832aa654593f2dbc21303650bc6c,aerodrome-slipstream,VVV / WETH 0.05%,VVV,WETH,5,2671215.377,3608698.1847532,-9.804,MEDIUM,25.0,medium_15pct,0.15,168,0.118209,5.1471,0.3,-5.328891,0.00067548,0.029412,NO_GO
0x7ec6c9d993d9832aa654593f2dbc21303650bc6c,aerodrome-slipstream,VVV / WETH 0.05%,VVV,WETH,5,2671215.377,3608698.1847532,-9.804,MEDIUM,50.0,medium_15pct,0.15,1,0.001407,0.061275,0.3,-0.359868,0.00067548,0.029412,NO_GO
0x7ec6c9d993d9832aa654593f2dbc21303650bc6c,aerodrome-slipstream,VVV / WETH 0.05%,VVV,WETH,5,2671215.377,3608698.1847532,-9.804,MEDIUM,50.0,medium_15pct,0.15,6,0.008443,0.36765,0.3,-0.659207,0.00067548,0.029412,NO_GO
0x7ec6c9d993d9832aa654593f2dbc21303650bc6c,aerodrome-slipstream,VVV / WETH 0.05%,VVV,WETH,5,2671215.377,3608698.1847532,-9.804,MEDIUM,50.0,medium_15pct,0.15,24,0.033774,1.4706,0.3,-1.736826,0.00067548,0.029412,NO_GO
0x7ec6c9d993d9832aa654593f2dbc21303650bc6c,aerodrome-slipstream,VVV / WETH 0.05%,VVV,WETH,5,2671215.377,3608698.1847532,-9.804,MEDIUM,50.0,medium_15pct,0.15,72,0.101322,4.4118,0.3,-4.610478,0.00067548,0.029412,NO_GO
0x7ec6c9d993d9832aa654593f2dbc21303650bc6c,aerodrome-slipstream,VVV / WETH 0.05%,VVV,WETH,5,2671215.377,3608698.1847532,-9.804,MEDIUM,50.0,medium_15pct,0.15,168,0.236418,10.2942,0.3,-10.357782,0.00067548,0.029412,NO_GO
0xd56da2b74ba826f19015e6b7dd9dae1903e85da1,uniswap-v3-base,USDT / USDC 0.01%,USDT,USDC,1,229978.7463,3586943.87512581,-0.198,MEDIUM,1.0,medium_15pct,0.15,1,6.5e-05,2.5e-05,0.3,-0.29996,0.00155968,0.000594,NO_GO
0xd56da2b74ba826f19015e6b7dd9dae1903e85da1,uniswap-v3-base,USDT / USDC 0.01%,USDT,USDC,1,229978.7463,3586943.87512581,-0.198,MEDIUM,1.0,medium_15pct,0.15,6,0.00039,0.000149,0.3,-0.299759,0.00155968,0.000594,NO_GO
0xd56da2b74ba826f19015e6b7dd9dae1903e85da1,uniswap-v3-base,USDT / USDC 0.01%,USDT,USDC,1,229978.7463,3586943.87512581,-0.198,MEDIUM,1.0,medium_15pct,0.15,24,0.00156,0.000594,0.3,-0.299034,0.00155968,0.000594,NO_GO
0xd56da2b74ba826f19015e6b7dd9dae1903e85da1,uniswap-v3-base,USDT / USDC 0.01%,USDT,USDC,1,229978.7463,3586943.87512581,-0.198,MEDIUM,1.0,medium_15pct,0.15,72,0.004679,0.001782,0.3,-0.297103,0.00155968,0.000594,NO_GO
0xd56da2b74ba826f19015e6b7dd9dae1903e85da1,uniswap-v3-base,USDT / USDC 0.01%,USDT,USDC,1,229978.7463,3586943.87512581,-0.198,MEDIUM,1.0,medium_15pct,0.15,168,0.010918,0.004158,0.3,-0.29324,0.00155968,0.000594,NO_GO
0xd56da2b74ba826f19015e6b7dd9dae1903e85da1,uniswap-v3-base,USDT / USDC 0.01%,USDT,USDC,1,229978.7463,3586943.87512581,-0.198,MEDIUM,3.0,medium_15pct,0.15,1,0.000195,7.4e-05,0.3,-0.299879,0.00155968,0.000594,NO_GO
0xd56da2b74ba826f19015e6b7dd9dae1903e85da1,uniswap-v3-base,USDT / USDC 0.01%,USDT,USDC,1,229978.7463,3586943.87512581,-0.198,MEDIUM,3.0,medium_15pct,0.15,6,0.00117,0.000446,0.3,-0.299276,0.00155968,0.000594,NO_GO
0xd56da2b74ba826f19015e6b7dd9dae1903e85da1,uniswap-v3-base,USDT / USDC 0.01%,USDT,USDC,1,229978.7463,3586943.87512581,-0.198,MEDIUM,3.0,medium_15pct,0.15,24,0.004679,0.001782,0.3,-0.297103,0.00155968,0.000594,NO_GO
0xd56da2b74ba826f19015e6b7dd9dae1903e85da1,uniswap-v3-base,USDT / USDC 0.01%,USDT,USDC,1,229978.7463,3586943.87512581,-0.198,MEDIUM,3.0,medium_15pct,0.15,72,0.014037,0.005346,0.3,-0.291309,0.00155968,0.000594,NO_GO
0xd56da2b74ba826f19015e6b7dd9dae1903e85da1,uniswap-v3-base,USDT / USDC 0.01%,USDT,USDC,1,229978.7463,3586943.87512581,-0.198,MEDIUM,3.0,medium_15pct,0.15,168,0.032753,0.012474,0.3,-0.279721,0.00155968,0.000594,NO_GO
0xd56da2b74ba826f19015e6b7dd9dae1903e85da1,uniswap-v3-base,USDT / USDC 0.01%,USDT,USDC,1,229978.7463,3586943.87512581,-0.198,MEDIUM,5.0,medium_15pct,0.15,1,0.000325,0.000124,0.3,-0.299799,0.00155968,0.000594,NO_GO
0xd56da2b74ba826f19015e6b7dd9dae1903e85da1,uniswap-v3-base,USDT / USDC 0.01%,USDT,USDC,1,229978.7463,3586943.87512581,-0.198,MEDIUM,5.0,medium_15pct,0.15,6,0.00195,0.000742,0.3,-0.298793,0.00155968,0.000594,NO_GO
0xd56da2b74ba826f19015e6b7dd9dae1903e85da1,uniswap-v3-base,USDT / USDC 0.01%,USDT,USDC,1,229978.7463,3586943.87512581,-0.198,MEDIUM,5.0,medium_15pct,0.15,24,0.007798,0.00297,0.3,-0.295172,0.00155968,0.000594,NO_GO
0xd56da2b74ba826f19015e6b7dd9dae1903e85da1,uniswap-v3-base,USDT / USDC 0.01%,USDT,USDC,1,229978.7463,3586943.87512581,-0.198,MEDIUM,5.0,medium_15pct,0.15,72,0.023395,0.00891,0.3,-0.285515,0.00155968,0.000594,NO_GO
0xd56da2b74ba826f19015e6b7dd9dae1903e85da1,uniswap-v3-base,USDT / USDC 0.01%,USDT,USDC,1,229978.7463,3586943.87512581,-0.198,MEDIUM,5.0,medium_15pct,0.15,168,0.054589,0.02079,0.3,-0.266201,0.00155968,0.000594,NO_GO
0xd56da2b74ba826f19015e6b7dd9dae1903e85da1,uniswap-v3-base,USDT / USDC 0.01%,USDT,USDC,1,229978.7463,3586943.87512581,-0.198,MEDIUM,10.0,medium_15pct,0.15,1,0.00065,0.000247,0.3,-0.299598,0.00155968,0.000594,NO_GO
0xd56da2b74ba826f19015e6b7dd9dae1903e85da1,uniswap-v3-base,USDT / USDC 0.01%,USDT,USDC,1,229978.7463,3586943.87512581,-0.198,MEDIUM,10.0,medium_15pct,0.15,6,0.003899,0.001485,0.3,-0.297586,0.00155968,0.000594,NO_GO
0xd56da2b74ba826f19015e6b7dd9dae1903e85da1,uniswap-v3-base,USDT / USDC 0.01%,USDT,USDC,1,229978.7463,3586943.87512581,-0.198,MEDIUM,10.0,medium_15pct,0.15,24,0.015597,0.00594,0.3,-0.290343,0.00155968,0.000594,NO_GO
0xd56da2b74ba826f19015e6b7dd9dae1903e85da1,uniswap-v3-base,USDT / USDC 0.01%,USDT,USDC,1,229978.7463,3586943.87512581,-0.198,MEDIUM,10.0,medium_15pct,0.15,72,0.046791,0.01782,0.3,-0.271029,0.00155968,0.000594,NO_GO
0xd56da2b74ba826f19015e6b7dd9dae1903e85da1,uniswap-v3-base,USDT / USDC 0.01%,USDT,USDC,1,229978.7463,3586943.87512581,-0.198,MEDIUM,10.0,medium_15pct,0.15,168,0.109178,0.04158,0.3,-0.232402,0.00155968,0.000594,NO_GO
0xd56da2b74ba826f19015e6b7dd9dae1903e85da1,uniswap-v3-base,USDT / USDC 0.01%,USDT,USDC,1,229978.7463,3586943.87512581,-0.198,MEDIUM,25.0,medium_15pct,0.15,1,0.001625,0.000619,0.3,-0.298994,0.00155968,0.000594,NO_GO
0xd56da2b74ba826f19015e6b7dd9dae1903e85da1,uniswap-v3-base,USDT / USDC 0.01%,USDT,USDC,1,229978.7463,3586943.87512581,-0.198,MEDIUM,25.0,medium_15pct,0.15,6,0.009748,0.003713,0.3,-0.293964,0.00155968,0.000594,NO_GO
0xd56da2b74ba826f19015e6b7dd9dae1903e85da1,uniswap-v3-base,USDT / USDC 0.01%,USDT,USDC,1,229978.7463,3586943.87512581,-0.198,MEDIUM,25.0,medium_15pct,0.15,24,0.038992,0.01485,0.3,-0.275858,0.00155968,0.000594,NO_GO
0xd56da2b74ba826f19015e6b7dd9dae1903e85da1,uniswap-v3-base,USDT / USDC 0.01%,USDT,USDC,1,229978.7463,3586943.87512581,-0.198,MEDIUM,25.0,medium_15pct,0.15,72,0.116976,0.04455,0.3,-0.227574,0.00155968,0.000594,NO_GO
0xd56da2b74ba826f19015e6b7dd9dae1903e85da1,uniswap-v3-base,USDT / USDC 0.01%,USDT,USDC,1,229978.7463,3586943.87512581,-0.198,MEDIUM,25.0,medium_15pct,0.15,168,0.272945,0.10395,0.3,-0.131005,0.00155968,0.000594,NO_GO
0xd56da2b74ba826f19015e6b7dd9dae1903e85da1,uniswap-v3-base,USDT / USDC 0.01%,USDT,USDC,1,229978.7463,3586943.87512581,-0.198,MEDIUM,50.0,medium_15pct,0.15,1,0.003249,0.001237,0.3,-0.297988,0.00155968,0.000594,NO_GO
0xd56da2b74ba826f19015e6b7dd9dae1903e85da1,uniswap-v3-base,USDT / USDC 0.01%,USDT,USDC,1,229978.7463,3586943.87512581,-0.198,MEDIUM,50.0,medium_15pct,0.15,6,0.019496,0.007425,0.3,-0.287929,0.00155968,0.000594,NO_GO
0xd56da2b74ba826f19015e6b7dd9dae1903e85da1,uniswap-v3-base,USDT / USDC 0.01%,USDT,USDC,1,229978.7463,3586943.87512581,-0.198,MEDIUM,50.0,medium_15pct,0.15,24,0.077984,0.0297,0.3,-0.251716,0.00155968,0.000594,NO_GO
0xd56da2b74ba826f19015e6b7dd9dae1903e85da1,uniswap-v3-base,USDT / USDC 0.01%,USDT,USDC,1,229978.7463,3586943.87512581,-0.198,MEDIUM,50.0,medium_15pct,0.15,72,0.233953,0.0891,0.3,-0.155147,0.00155968,0.000594,NO_GO
0xd56da2b74ba826f19015e6b7dd9dae1903e85da1,uniswap-v3-base,USDT / USDC 0.01%,USDT,USDC,1,229978.7463,3586943.87512581,-0.198,MEDIUM,50.0,medium_15pct,0.15,168,0.54589,0.2079,0.3,0.03799,0.00155968,0.000594,NEED_MORE_DATA
0xb4cb800910b228ed3d0834cf79d697127bbb00e5,uniswap-v3-base,WETH / USDC 0.01%,WETH,USDC,1,393368.6591,3201350.1566951,1.215,LOW,1.0,medium_15pct,0.15,1,3.4e-05,0.000152,0.3,-0.300118,0.00081383,0.003645,NO_GO
0xb4cb800910b228ed3d0834cf79d697127bbb00e5,uniswap-v3-base,WETH / USDC 0.01%,WETH,USDC,1,393368.6591,3201350.1566951,1.215,LOW,1.0,medium_15pct,0.15,6,0.000203,0.000911,0.3,-0.300708,0.00081383,0.003645,NO_GO
0xb4cb800910b228ed3d0834cf79d697127bbb00e5,uniswap-v3-base,WETH / USDC 0.01%,WETH,USDC,1,393368.6591,3201350.1566951,1.215,LOW,1.0,medium_15pct,0.15,24,0.000814,0.003645,0.3,-0.302831,0.00081383,0.003645,NO_GO
0xb4cb800910b228ed3d0834cf79d697127bbb00e5,uniswap-v3-base,WETH / USDC 0.01%,WETH,USDC,1,393368.6591,3201350.1566951,1.215,LOW,1.0,medium_15pct,0.15,72,0.002441,0.010935,0.3,-0.308494,0.00081383,0.003645,NO_GO
0xb4cb800910b228ed3d0834cf79d697127bbb00e5,uniswap-v3-base,WETH / USDC 0.01%,WETH,USDC,1,393368.6591,3201350.1566951,1.215,LOW,1.0,medium_15pct,0.15,168,0.005697,0.025515,0.3,-0.319818,0.00081383,0.003645,NO_GO
0xb4cb800910b228ed3d0834cf79d697127bbb00e5,uniswap-v3-base,WETH / USDC 0.01%,WETH,USDC,1,393368.6591,3201350.1566951,1.215,LOW,3.0,medium_15pct,0.15,1,0.000102,0.000456,0.3,-0.300354,0.00081383,0.003645,NO_GO
0xb4cb800910b228ed3d0834cf79d697127bbb00e5,uniswap-v3-base,WETH / USDC 0.01%,WETH,USDC,1,393368.6591,3201350.1566951,1.215,LOW,3.0,medium_15pct,0.15,6,0.00061,0.002734,0.3,-0.302123,0.00081383,0.003645,NO_GO
0xb4cb800910b228ed3d0834cf79d697127bbb00e5,uniswap-v3-base,WETH / USDC 0.01%,WETH,USDC,1,393368.6591,3201350.1566951,1.215,LOW,3.0,medium_15pct,0.15,24,0.002441,0.010935,0.3,-0.308494,0.00081383,0.003645,NO_GO
0xb4cb800910b228ed3d0834cf79d697127bbb00e5,uniswap-v3-base,WETH / USDC 0.01%,WETH,USDC,1,393368.6591,3201350.1566951,1.215,LOW,3.0,medium_15pct,0.15,72,0.007324,0.032805,0.3,-0.325481,0.00081383,0.003645,NO_GO
0xb4cb800910b228ed3d0834cf79d697127bbb00e5,uniswap-v3-base,WETH / USDC 0.01%,WETH,USDC,1,393368.6591,3201350.1566951,1.215,LOW,3.0,medium_15pct,0.15,168,0.01709,0.076545,0.3,-0.359455,0.00081383,0.003645,NO_GO
0xb4cb800910b228ed3d0834cf79d697127bbb00e5,uniswap-v3-base,WETH / USDC 0.01%,WETH,USDC,1,393368.6591,3201350.1566951,1.215,LOW,5.0,medium_15pct,0.15,1,0.00017,0.000759,0.3,-0.30059,0.00081383,0.003645,NO_GO
0xb4cb800910b228ed3d0834cf79d697127bbb00e5,uniswap-v3-base,WETH / USDC 0.01%,WETH,USDC,1,393368.6591,3201350.1566951,1.215,LOW,5.0,medium_15pct,0.15,6,0.001017,0.004556,0.3,-0.303539,0.00081383,0.003645,NO_GO
0xb4cb800910b228ed3d0834cf79d697127bbb00e5,uniswap-v3-base,WETH / USDC 0.01%,WETH,USDC,1,393368.6591,3201350.1566951,1.215,LOW,5.0,medium_15pct,0.15,24,0.004069,0.018225,0.3,-0.314156,0.00081383,0.003645,NO_GO
0xb4cb800910b228ed3d0834cf79d697127bbb00e5,uniswap-v3-base,WETH / USDC 0.01%,WETH,USDC,1,393368.6591,3201350.1566951,1.215,LOW,5.0,medium_15pct,0.15,72,0.012207,0.054675,0.3,-0.342468,0.00081383,0.003645,NO_GO
0xb4cb800910b228ed3d0834cf79d697127bbb00e5,uniswap-v3-base,WETH / USDC 0.01%,WETH,USDC,1,393368.6591,3201350.1566951,1.215,LOW,5.0,medium_15pct,0.15,168,0.028484,0.127575,0.3,-0.399091,0.00081383,0.003645,NO_GO
0xb4cb800910b228ed3d0834cf79d697127bbb00e5,uniswap-v3-base,WETH / USDC 0.01%,WETH,USDC,1,393368.6591,3201350.1566951,1.215,LOW,10.0,medium_15pct,0.15,1,0.000339,0.001519,0.3,-0.30118,0.00081383,0.003645,NO_GO
0xb4cb800910b228ed3d0834cf79d697127bbb00e5,uniswap-v3-base,WETH / USDC 0.01%,WETH,USDC,1,393368.6591,3201350.1566951,1.215,LOW,10.0,medium_15pct,0.15,6,0.002035,0.009113,0.3,-0.307078,0.00081383,0.003645,NO_GO
0xb4cb800910b228ed3d0834cf79d697127bbb00e5,uniswap-v3-base,WETH / USDC 0.01%,WETH,USDC,1,393368.6591,3201350.1566951,1.215,LOW,10.0,medium_15pct,0.15,24,0.008138,0.03645,0.3,-0.328312,0.00081383,0.003645,NO_GO
0xb4cb800910b228ed3d0834cf79d697127bbb00e5,uniswap-v3-base,WETH / USDC 0.01%,WETH,USDC,1,393368.6591,3201350.1566951,1.215,LOW,10.0,medium_15pct,0.15,72,0.024415,0.10935,0.3,-0.384935,0.00081383,0.003645,NO_GO
0xb4cb800910b228ed3d0834cf79d697127bbb00e5,uniswap-v3-base,WETH / USDC 0.01%,WETH,USDC,1,393368.6591,3201350.1566951,1.215,LOW,10.0,medium_15pct,0.15,168,0.056968,0.25515,0.3,-0.498182,0.00081383,0.003645,NO_GO
0xb4cb800910b228ed3d0834cf79d697127bbb00e5,uniswap-v3-base,WETH / USDC 0.01%,WETH,USDC,1,393368.6591,3201350.1566951,1.215,LOW,25.0,medium_15pct,0.15,1,0.000848,0.003797,0.3,-0.302949,0.00081383,0.003645,NO_GO
0xb4cb800910b228ed3d0834cf79d697127bbb00e5,uniswap-v3-base,WETH / USDC 0.01%,WETH,USDC,1,393368.6591,3201350.1566951,1.215,LOW,25.0,medium_15pct,0.15,6,0.005086,0.022781,0.3,-0.317695,0.00081383,0.003645,NO_GO
0xb4cb800910b228ed3d0834cf79d697127bbb00e5,uniswap-v3-base,WETH / USDC 0.01%,WETH,USDC,1,393368.6591,3201350.1566951,1.215,LOW,25.0,medium_15pct,0.15,24,0.020346,0.091125,0.3,-0.370779,0.00081383,0.003645,NO_GO
0xb4cb800910b228ed3d0834cf79d697127bbb00e5,uniswap-v3-base,WETH / USDC 0.01%,WETH,USDC,1,393368.6591,3201350.1566951,1.215,LOW,25.0,medium_15pct,0.15,72,0.061037,0.273375,0.3,-0.512338,0.00081383,0.003645,NO_GO
0xb4cb800910b228ed3d0834cf79d697127bbb00e5,uniswap-v3-base,WETH / USDC 0.01%,WETH,USDC,1,393368.6591,3201350.1566951,1.215,LOW,25.0,medium_15pct,0.15,168,0.14242,0.637875,0.3,-0.795455,0.00081383,0.003645,NO_GO
0xb4cb800910b228ed3d0834cf79d697127bbb00e5,uniswap-v3-base,WETH / USDC 0.01%,WETH,USDC,1,393368.6591,3201350.1566951,1.215,LOW,50.0,medium_15pct,0.15,1,0.001695,0.007594,0.3,-0.305898,0.00081383,0.003645,NO_GO
0xb4cb800910b228ed3d0834cf79d697127bbb00e5,uniswap-v3-base,WETH / USDC 0.01%,WETH,USDC,1,393368.6591,3201350.1566951,1.215,LOW,50.0,medium_15pct,0.15,6,0.010173,0.045563,0.3,-0.33539,0.00081383,0.003645,NO_GO
0xb4cb800910b228ed3d0834cf79d697127bbb00e5,uniswap-v3-base,WETH / USDC 0.01%,WETH,USDC,1,393368.6591,3201350.1566951,1.215,LOW,50.0,medium_15pct,0.15,24,0.040691,0.18225,0.3,-0.441559,0.00081383,0.003645,NO_GO
0xb4cb800910b228ed3d0834cf79d697127bbb00e5,uniswap-v3-base,WETH / USDC 0.01%,WETH,USDC,1,393368.6591,3201350.1566951,1.215,LOW,50.0,medium_15pct,0.15,72,0.122074,0.54675,0.3,-0.724676,0.00081383,0.003645,NO_GO
0xb4cb800910b228ed3d0834cf79d697127bbb00e5,uniswap-v3-base,WETH / USDC 0.01%,WETH,USDC,1,393368.6591,3201350.1566951,1.215,LOW,50.0,medium_15pct,0.15,168,0.28484,1.27575,0.3,-1.29091,0.00081383,0.003645,NO_GO
0xaa5fe7dcc07dcb8b7afcd1b93874e7cb1e0ab50b,aerodrome-slipstream,EURC / WETH 0.05%,EURC,WETH,5,505541.16,2839033.13055539,-0.014,MEDIUM,1.0,medium_15pct,0.15,1,0.000117,2e-06,0.3,-0.299885,0.00280791,4.2e-05,NO_GO
0xaa5fe7dcc07dcb8b7afcd1b93874e7cb1e0ab50b,aerodrome-slipstream,EURC / WETH 0.05%,EURC,WETH,5,505541.16,2839033.13055539,-0.014,MEDIUM,1.0,medium_15pct,0.15,6,0.000702,1.1e-05,0.3,-0.299309,0.00280791,4.2e-05,NO_GO
0xaa5fe7dcc07dcb8b7afcd1b93874e7cb1e0ab50b,aerodrome-slipstream,EURC / WETH 0.05%,EURC,WETH,5,505541.16,2839033.13055539,-0.014,MEDIUM,1.0,medium_15pct,0.15,24,0.002808,4.2e-05,0.3,-0.297234,0.00280791,4.2e-05,NO_GO
0xaa5fe7dcc07dcb8b7afcd1b93874e7cb1e0ab50b,aerodrome-slipstream,EURC / WETH 0.05%,EURC,WETH,5,505541.16,2839033.13055539,-0.014,MEDIUM,1.0,medium_15pct,0.15,72,0.008424,0.000126,0.3,-0.291702,0.00280791,4.2e-05,NO_GO
0xaa5fe7dcc07dcb8b7afcd1b93874e7cb1e0ab50b,aerodrome-slipstream,EURC / WETH 0.05%,EURC,WETH,5,505541.16,2839033.13055539,-0.014,MEDIUM,1.0,medium_15pct,0.15,168,0.019655,0.000294,0.3,-0.280639,0.00280791,4.2e-05,NO_GO
0xaa5fe7dcc07dcb8b7afcd1b93874e7cb1e0ab50b,aerodrome-slipstream,EURC / WETH 0.05%,EURC,WETH,5,505541.16,2839033.13055539,-0.014,MEDIUM,3.0,medium_15pct,0.15,1,0.000351,5e-06,0.3,-0.299654,0.00280791,4.2e-05,NO_GO
0xaa5fe7dcc07dcb8b7afcd1b93874e7cb1e0ab50b,aerodrome-slipstream,EURC / WETH 0.05%,EURC,WETH,5,505541.16,2839033.13055539,-0.014,MEDIUM,3.0,medium_15pct,0.15,6,0.002106,3.2e-05,0.3,-0.297926,0.00280791,4.2e-05,NO_GO
0xaa5fe7dcc07dcb8b7afcd1b93874e7cb1e0ab50b,aerodrome-slipstream,EURC / WETH 0.05%,EURC,WETH,5,505541.16,2839033.13055539,-0.014,MEDIUM,3.0,medium_15pct,0.15,24,0.008424,0.000126,0.3,-0.291702,0.00280791,4.2e-05,NO_GO
0xaa5fe7dcc07dcb8b7afcd1b93874e7cb1e0ab50b,aerodrome-slipstream,EURC / WETH 0.05%,EURC,WETH,5,505541.16,2839033.13055539,-0.014,MEDIUM,3.0,medium_15pct,0.15,72,0.025271,0.000378,0.3,-0.275107,0.00280791,4.2e-05,NO_GO
0xaa5fe7dcc07dcb8b7afcd1b93874e7cb1e0ab50b,aerodrome-slipstream,EURC / WETH 0.05%,EURC,WETH,5,505541.16,2839033.13055539,-0.014,MEDIUM,3.0,medium_15pct,0.15,168,0.058966,0.000882,0.3,-0.241916,0.00280791,4.2e-05,NO_GO
0xaa5fe7dcc07dcb8b7afcd1b93874e7cb1e0ab50b,aerodrome-slipstream,EURC / WETH 0.05%,EURC,WETH,5,505541.16,2839033.13055539,-0.014,MEDIUM,5.0,medium_15pct,0.15,1,0.000585,9e-06,0.3,-0.299424,0.00280791,4.2e-05,NO_GO
0xaa5fe7dcc07dcb8b7afcd1b93874e7cb1e0ab50b,aerodrome-slipstream,EURC / WETH 0.05%,EURC,WETH,5,505541.16,2839033.13055539,-0.014,MEDIUM,5.0,medium_15pct,0.15,6,0.00351,5.3e-05,0.3,-0.296543,0.00280791,4.2e-05,NO_GO
0xaa5fe7dcc07dcb8b7afcd1b93874e7cb1e0ab50b,aerodrome-slipstream,EURC / WETH 0.05%,EURC,WETH,5,505541.16,2839033.13055539,-0.014,MEDIUM,5.0,medium_15pct,0.15,24,0.01404,0.00021,0.3,-0.28617,0.00280791,4.2e-05,NO_GO
0xaa5fe7dcc07dcb8b7afcd1b93874e7cb1e0ab50b,aerodrome-slipstream,EURC / WETH 0.05%,EURC,WETH,5,505541.16,2839033.13055539,-0.014,MEDIUM,5.0,medium_15pct,0.15,72,0.042119,0.00063,0.3,-0.258511,0.00280791,4.2e-05,NO_GO
0xaa5fe7dcc07dcb8b7afcd1b93874e7cb1e0ab50b,aerodrome-slipstream,EURC / WETH 0.05%,EURC,WETH,5,505541.16,2839033.13055539,-0.014,MEDIUM,5.0,medium_15pct,0.15,168,0.098277,0.00147,0.3,-0.203193,0.00280791,4.2e-05,NO_GO
0xaa5fe7dcc07dcb8b7afcd1b93874e7cb1e0ab50b,aerodrome-slipstream,EURC / WETH 0.05%,EURC,WETH,5,505541.16,2839033.13055539,-0.014,MEDIUM,10.0,medium_15pct,0.15,1,0.00117,1.7e-05,0.3,-0.298848,0.00280791,4.2e-05,NO_GO
0xaa5fe7dcc07dcb8b7afcd1b93874e7cb1e0ab50b,aerodrome-slipstream,EURC / WETH 0.05%,EURC,WETH,5,505541.16,2839033.13055539,-0.014,MEDIUM,10.0,medium_15pct,0.15,6,0.00702,0.000105,0.3,-0.293085,0.00280791,4.2e-05,NO_GO
0xaa5fe7dcc07dcb8b7afcd1b93874e7cb1e0ab50b,aerodrome-slipstream,EURC / WETH 0.05%,EURC,WETH,5,505541.16,2839033.13055539,-0.014,MEDIUM,10.0,medium_15pct,0.15,24,0.028079,0.00042,0.3,-0.272341,0.00280791,4.2e-05,NO_GO
0xaa5fe7dcc07dcb8b7afcd1b93874e7cb1e0ab50b,aerodrome-slipstream,EURC / WETH 0.05%,EURC,WETH,5,505541.16,2839033.13055539,-0.014,MEDIUM,10.0,medium_15pct,0.15,72,0.084237,0.00126,0.3,-0.217023,0.00280791,4.2e-05,NO_GO
0xaa5fe7dcc07dcb8b7afcd1b93874e7cb1e0ab50b,aerodrome-slipstream,EURC / WETH 0.05%,EURC,WETH,5,505541.16,2839033.13055539,-0.014,MEDIUM,10.0,medium_15pct,0.15,168,0.196554,0.00294,0.3,-0.106386,0.00280791,4.2e-05,NO_GO
0xaa5fe7dcc07dcb8b7afcd1b93874e7cb1e0ab50b,aerodrome-slipstream,EURC / WETH 0.05%,EURC,WETH,5,505541.16,2839033.13055539,-0.014,MEDIUM,25.0,medium_15pct,0.15,1,0.002925,4.4e-05,0.3,-0.297119,0.00280791,4.2e-05,NO_GO
0xaa5fe7dcc07dcb8b7afcd1b93874e7cb1e0ab50b,aerodrome-slipstream,EURC / WETH 0.05%,EURC,WETH,5,505541.16,2839033.13055539,-0.014,MEDIUM,25.0,medium_15pct,0.15,6,0.017549,0.000263,0.3,-0.282713,0.00280791,4.2e-05,NO_GO
0xaa5fe7dcc07dcb8b7afcd1b93874e7cb1e0ab50b,aerodrome-slipstream,EURC / WETH 0.05%,EURC,WETH,5,505541.16,2839033.13055539,-0.014,MEDIUM,25.0,medium_15pct,0.15,24,0.070198,0.00105,0.3,-0.230852,0.00280791,4.2e-05,NO_GO
0xaa5fe7dcc07dcb8b7afcd1b93874e7cb1e0ab50b,aerodrome-slipstream,EURC / WETH 0.05%,EURC,WETH,5,505541.16,2839033.13055539,-0.014,MEDIUM,25.0,medium_15pct,0.15,72,0.210594,0.00315,0.3,-0.092556,0.00280791,4.2e-05,NO_GO
0xaa5fe7dcc07dcb8b7afcd1b93874e7cb1e0ab50b,aerodrome-slipstream,EURC / WETH 0.05%,EURC,WETH,5,505541.16,2839033.13055539,-0.014,MEDIUM,25.0,medium_15pct,0.15,168,0.491385,0.00735,0.3,0.184035,0.00280791,4.2e-05,NEED_MORE_DATA
0xaa5fe7dcc07dcb8b7afcd1b93874e7cb1e0ab50b,aerodrome-slipstream,EURC / WETH 0.05%,EURC,WETH,5,505541.16,2839033.13055539,-0.014,MEDIUM,50.0,medium_15pct,0.15,1,0.00585,8.8e-05,0.3,-0.294238,0.00280791,4.2e-05,NO_GO
0xaa5fe7dcc07dcb8b7afcd1b93874e7cb1e0ab50b,aerodrome-slipstream,EURC / WETH 0.05%,EURC,WETH,5,505541.16,2839033.13055539,-0.014,MEDIUM,50.0,medium_15pct,0.15,6,0.035099,0.000525,0.3,-0.265426,0.00280791,4.2e-05,NO_GO
0xaa5fe7dcc07dcb8b7afcd1b93874e7cb1e0ab50b,aerodrome-slipstream,EURC / WETH 0.05%,EURC,WETH,5,505541.16,2839033.13055539,-0.014,MEDIUM,50.0,medium_15pct,0.15,24,0.140396,0.0021,0.3,-0.161704,0.00280791,4.2e-05,NO_GO
0xaa5fe7dcc07dcb8b7afcd1b93874e7cb1e0ab50b,aerodrome-slipstream,EURC / WETH 0.05%,EURC,WETH,5,505541.16,2839033.13055539,-0.014,MEDIUM,50.0,medium_15pct,0.15,72,0.421187,0.0063,0.3,0.114887,0.00280791,4.2e-05,NEED_MORE_DATA
0xaa5fe7dcc07dcb8b7afcd1b93874e7cb1e0ab50b,aerodrome-slipstream,EURC / WETH 0.05%,EURC,WETH,5,505541.16,2839033.13055539,-0.014,MEDIUM,50.0,medium_15pct,0.15,168,0.98277,0.0147,0.3,0.66807,0.00280791,4.2e-05,NEED_MORE_DATA
0x8a8e4170c09074b109352190d47e54d7c1f61e4e,aerodrome-slipstream,PROS / USDC 0.01%,PROS,USDC,1,887321.9866,2721535.17827276,0.275,MEDIUM,1.0,medium_15pct,0.15,1,1.3e-05,3.4e-05,0.3,-0.300022,0.00030671,0.000825,NO_GO
0x8a8e4170c09074b109352190d47e54d7c1f61e4e,aerodrome-slipstream,PROS / USDC 0.01%,PROS,USDC,1,887321.9866,2721535.17827276,0.275,MEDIUM,1.0,medium_15pct,0.15,6,7.7e-05,0.000206,0.3,-0.30013,0.00030671,0.000825,NO_GO
0x8a8e4170c09074b109352190d47e54d7c1f61e4e,aerodrome-slipstream,PROS / USDC 0.01%,PROS,USDC,1,887321.9866,2721535.17827276,0.275,MEDIUM,1.0,medium_15pct,0.15,24,0.000307,0.000825,0.3,-0.300518,0.00030671,0.000825,NO_GO
0x8a8e4170c09074b109352190d47e54d7c1f61e4e,aerodrome-slipstream,PROS / USDC 0.01%,PROS,USDC,1,887321.9866,2721535.17827276,0.275,MEDIUM,1.0,medium_15pct,0.15,72,0.00092,0.002475,0.3,-0.301555,0.00030671,0.000825,NO_GO
0x8a8e4170c09074b109352190d47e54d7c1f61e4e,aerodrome-slipstream,PROS / USDC 0.01%,PROS,USDC,1,887321.9866,2721535.17827276,0.275,MEDIUM,1.0,medium_15pct,0.15,168,0.002147,0.005775,0.3,-0.303628,0.00030671,0.000825,NO_GO
0x8a8e4170c09074b109352190d47e54d7c1f61e4e,aerodrome-slipstream,PROS / USDC 0.01%,PROS,USDC,1,887321.9866,2721535.17827276,0.275,MEDIUM,3.0,medium_15pct,0.15,1,3.8e-05,0.000103,0.3,-0.300065,0.00030671,0.000825,NO_GO
0x8a8e4170c09074b109352190d47e54d7c1f61e4e,aerodrome-slipstream,PROS / USDC 0.01%,PROS,USDC,1,887321.9866,2721535.17827276,0.275,MEDIUM,3.0,medium_15pct,0.15,6,0.00023,0.000619,0.3,-0.300389,0.00030671,0.000825,NO_GO
0x8a8e4170c09074b109352190d47e54d7c1f61e4e,aerodrome-slipstream,PROS / USDC 0.01%,PROS,USDC,1,887321.9866,2721535.17827276,0.275,MEDIUM,3.0,medium_15pct,0.15,24,0.00092,0.002475,0.3,-0.301555,0.00030671,0.000825,NO_GO
0x8a8e4170c09074b109352190d47e54d7c1f61e4e,aerodrome-slipstream,PROS / USDC 0.01%,PROS,USDC,1,887321.9866,2721535.17827276,0.275,MEDIUM,3.0,medium_15pct,0.15,72,0.00276,0.007425,0.3,-0.304665,0.00030671,0.000825,NO_GO
0x8a8e4170c09074b109352190d47e54d7c1f61e4e,aerodrome-slipstream,PROS / USDC 0.01%,PROS,USDC,1,887321.9866,2721535.17827276,0.275,MEDIUM,3.0,medium_15pct,0.15,168,0.006441,0.017325,0.3,-0.310884,0.00030671,0.000825,NO_GO
0x8a8e4170c09074b109352190d47e54d7c1f61e4e,aerodrome-slipstream,PROS / USDC 0.01%,PROS,USDC,1,887321.9866,2721535.17827276,0.275,MEDIUM,5.0,medium_15pct,0.15,1,6.4e-05,0.000172,0.3,-0.300108,0.00030671,0.000825,NO_GO
0x8a8e4170c09074b109352190d47e54d7c1f61e4e,aerodrome-slipstream,PROS / USDC 0.01%,PROS,USDC,1,887321.9866,2721535.17827276,0.275,MEDIUM,5.0,medium_15pct,0.15,6,0.000383,0.001031,0.3,-0.300648,0.00030671,0.000825,NO_GO
0x8a8e4170c09074b109352190d47e54d7c1f61e4e,aerodrome-slipstream,PROS / USDC 0.01%,PROS,USDC,1,887321.9866,2721535.17827276,0.275,MEDIUM,5.0,medium_15pct,0.15,24,0.001534,0.004125,0.3,-0.302591,0.00030671,0.000825,NO_GO
0x8a8e4170c09074b109352190d47e54d7c1f61e4e,aerodrome-slipstream,PROS / USDC 0.01%,PROS,USDC,1,887321.9866,2721535.17827276,0.275,MEDIUM,5.0,medium_15pct,0.15,72,0.004601,0.012375,0.3,-0.307774,0.00030671,0.000825,NO_GO
0x8a8e4170c09074b109352190d47e54d7c1f61e4e,aerodrome-slipstream,PROS / USDC 0.01%,PROS,USDC,1,887321.9866,2721535.17827276,0.275,MEDIUM,5.0,medium_15pct,0.15,168,0.010735,0.028875,0.3,-0.31814,0.00030671,0.000825,NO_GO
0x8a8e4170c09074b109352190d47e54d7c1f61e4e,aerodrome-slipstream,PROS / USDC 0.01%,PROS,USDC,1,887321.9866,2721535.17827276,0.275,MEDIUM,10.0,medium_15pct,0.15,1,0.000128,0.000344,0.3,-0.300216,0.00030671,0.000825,NO_GO
0x8a8e4170c09074b109352190d47e54d7c1f61e4e,aerodrome-slipstream,PROS / USDC 0.01%,PROS,USDC,1,887321.9866,2721535.17827276,0.275,MEDIUM,10.0,medium_15pct,0.15,6,0.000767,0.002063,0.3,-0.301296,0.00030671,0.000825,NO_GO
0x8a8e4170c09074b109352190d47e54d7c1f61e4e,aerodrome-slipstream,PROS / USDC 0.01%,PROS,USDC,1,887321.9866,2721535.17827276,0.275,MEDIUM,10.0,medium_15pct,0.15,24,0.003067,0.00825,0.3,-0.305183,0.00030671,0.000825,NO_GO
0x8a8e4170c09074b109352190d47e54d7c1f61e4e,aerodrome-slipstream,PROS / USDC 0.01%,PROS,USDC,1,887321.9866,2721535.17827276,0.275,MEDIUM,10.0,medium_15pct,0.15,72,0.009201,0.02475,0.3,-0.315549,0.00030671,0.000825,NO_GO
0x8a8e4170c09074b109352190d47e54d7c1f61e4e,aerodrome-slipstream,PROS / USDC 0.01%,PROS,USDC,1,887321.9866,2721535.17827276,0.275,MEDIUM,10.0,medium_15pct,0.15,168,0.02147,0.05775,0.3,-0.33628,0.00030671,0.000825,NO_GO
0x8a8e4170c09074b109352190d47e54d7c1f61e4e,aerodrome-slipstream,PROS / USDC 0.01%,PROS,USDC,1,887321.9866,2721535.17827276,0.275,MEDIUM,25.0,medium_15pct,0.15,1,0.000319,0.000859,0.3,-0.30054,0.00030671,0.000825,NO_GO
0x8a8e4170c09074b109352190d47e54d7c1f61e4e,aerodrome-slipstream,PROS / USDC 0.01%,PROS,USDC,1,887321.9866,2721535.17827276,0.275,MEDIUM,25.0,medium_15pct,0.15,6,0.001917,0.005156,0.3,-0.303239,0.00030671,0.000825,NO_GO
0x8a8e4170c09074b109352190d47e54d7c1f61e4e,aerodrome-slipstream,PROS / USDC 0.01%,PROS,USDC,1,887321.9866,2721535.17827276,0.275,MEDIUM,25.0,medium_15pct,0.15,24,0.007668,0.020625,0.3,-0.312957,0.00030671,0.000825,NO_GO
0x8a8e4170c09074b109352190d47e54d7c1f61e4e,aerodrome-slipstream,PROS / USDC 0.01%,PROS,USDC,1,887321.9866,2721535.17827276,0.275,MEDIUM,25.0,medium_15pct,0.15,72,0.023004,0.061875,0.3,-0.338871,0.00030671,0.000825,NO_GO
0x8a8e4170c09074b109352190d47e54d7c1f61e4e,aerodrome-slipstream,PROS / USDC 0.01%,PROS,USDC,1,887321.9866,2721535.17827276,0.275,MEDIUM,25.0,medium_15pct,0.15,168,0.053675,0.144375,0.3,-0.3907,0.00030671,0.000825,NO_GO
0x8a8e4170c09074b109352190d47e54d7c1f61e4e,aerodrome-slipstream,PROS / USDC 0.01%,PROS,USDC,1,887321.9866,2721535.17827276,0.275,MEDIUM,50.0,medium_15pct,0.15,1,0.000639,0.001719,0.3,-0.30108,0.00030671,0.000825,NO_GO
0x8a8e4170c09074b109352190d47e54d7c1f61e4e,aerodrome-slipstream,PROS / USDC 0.01%,PROS,USDC,1,887321.9866,2721535.17827276,0.275,MEDIUM,50.0,medium_15pct,0.15,6,0.003834,0.010313,0.3,-0.306479,0.00030671,0.000825,NO_GO
0x8a8e4170c09074b109352190d47e54d7c1f61e4e,aerodrome-slipstream,PROS / USDC 0.01%,PROS,USDC,1,887321.9866,2721535.17827276,0.275,MEDIUM,50.0,medium_15pct,0.15,24,0.015336,0.04125,0.3,-0.325914,0.00030671,0.000825,NO_GO
0x8a8e4170c09074b109352190d47e54d7c1f61e4e,aerodrome-slipstream,PROS / USDC 0.01%,PROS,USDC,1,887321.9866,2721535.17827276,0.275,MEDIUM,50.0,medium_15pct,0.15,72,0.046007,0.12375,0.3,-0.377743,0.00030671,0.000825,NO_GO
0x8a8e4170c09074b109352190d47e54d7c1f61e4e,aerodrome-slipstream,PROS / USDC 0.01%,PROS,USDC,1,887321.9866,2721535.17827276,0.275,MEDIUM,50.0,medium_15pct,0.15,168,0.10735,0.28875,0.3,-0.4814,0.00030671,0.000825,NO_GO
0x2fbe93bf7177596c5d04675bdcef7bacaf98bd954dc26829fcda39f122239459,uniswap-v4-base,ETH / cbBTC 0.05%,ETH,cbBTC,5,1466316.6572,2646265.7936622,1.416,MEDIUM,1.0,medium_15pct,0.15,1,3.8e-05,0.000177,0.3,-0.300139,0.00090235,0.004248,NO_GO
0x2fbe93bf7177596c5d04675bdcef7bacaf98bd954dc26829fcda39f122239459,uniswap-v4-base,ETH / cbBTC 0.05%,ETH,cbBTC,5,1466316.6572,2646265.7936622,1.416,MEDIUM,1.0,medium_15pct,0.15,6,0.000226,0.001062,0.3,-0.300836,0.00090235,0.004248,NO_GO
0x2fbe93bf7177596c5d04675bdcef7bacaf98bd954dc26829fcda39f122239459,uniswap-v4-base,ETH / cbBTC 0.05%,ETH,cbBTC,5,1466316.6572,2646265.7936622,1.416,MEDIUM,1.0,medium_15pct,0.15,24,0.000902,0.004248,0.3,-0.303346,0.00090235,0.004248,NO_GO
0x2fbe93bf7177596c5d04675bdcef7bacaf98bd954dc26829fcda39f122239459,uniswap-v4-base,ETH / cbBTC 0.05%,ETH,cbBTC,5,1466316.6572,2646265.7936622,1.416,MEDIUM,1.0,medium_15pct,0.15,72,0.002707,0.012744,0.3,-0.310037,0.00090235,0.004248,NO_GO
0x2fbe93bf7177596c5d04675bdcef7bacaf98bd954dc26829fcda39f122239459,uniswap-v4-base,ETH / cbBTC 0.05%,ETH,cbBTC,5,1466316.6572,2646265.7936622,1.416,MEDIUM,1.0,medium_15pct,0.15,168,0.006316,0.029736,0.3,-0.32342,0.00090235,0.004248,NO_GO
0x2fbe93bf7177596c5d04675bdcef7bacaf98bd954dc26829fcda39f122239459,uniswap-v4-base,ETH / cbBTC 0.05%,ETH,cbBTC,5,1466316.6572,2646265.7936622,1.416,MEDIUM,3.0,medium_15pct,0.15,1,0.000113,0.000531,0.3,-0.300418,0.00090235,0.004248,NO_GO
0x2fbe93bf7177596c5d04675bdcef7bacaf98bd954dc26829fcda39f122239459,uniswap-v4-base,ETH / cbBTC 0.05%,ETH,cbBTC,5,1466316.6572,2646265.7936622,1.416,MEDIUM,3.0,medium_15pct,0.15,6,0.000677,0.003186,0.3,-0.302509,0.00090235,0.004248,NO_GO
0x2fbe93bf7177596c5d04675bdcef7bacaf98bd954dc26829fcda39f122239459,uniswap-v4-base,ETH / cbBTC 0.05%,ETH,cbBTC,5,1466316.6572,2646265.7936622,1.416,MEDIUM,3.0,medium_15pct,0.15,24,0.002707,0.012744,0.3,-0.310037,0.00090235,0.004248,NO_GO
0x2fbe93bf7177596c5d04675bdcef7bacaf98bd954dc26829fcda39f122239459,uniswap-v4-base,ETH / cbBTC 0.05%,ETH,cbBTC,5,1466316.6572,2646265.7936622,1.416,MEDIUM,3.0,medium_15pct,0.15,72,0.008121,0.038232,0.3,-0.330111,0.00090235,0.004248,NO_GO
0x2fbe93bf7177596c5d04675bdcef7bacaf98bd954dc26829fcda39f122239459,uniswap-v4-base,ETH / cbBTC 0.05%,ETH,cbBTC,5,1466316.6572,2646265.7936622,1.416,MEDIUM,3.0,medium_15pct,0.15,168,0.018949,0.089208,0.3,-0.370259,0.00090235,0.004248,NO_GO
0x2fbe93bf7177596c5d04675bdcef7bacaf98bd954dc26829fcda39f122239459,uniswap-v4-base,ETH / cbBTC 0.05%,ETH,cbBTC,5,1466316.6572,2646265.7936622,1.416,MEDIUM,5.0,medium_15pct,0.15,1,0.000188,0.000885,0.3,-0.300697,0.00090235,0.004248,NO_GO
0x2fbe93bf7177596c5d04675bdcef7bacaf98bd954dc26829fcda39f122239459,uniswap-v4-base,ETH / cbBTC 0.05%,ETH,cbBTC,5,1466316.6572,2646265.7936622,1.416,MEDIUM,5.0,medium_15pct,0.15,6,0.001128,0.00531,0.3,-0.304182,0.00090235,0.004248,NO_GO
0x2fbe93bf7177596c5d04675bdcef7bacaf98bd954dc26829fcda39f122239459,uniswap-v4-base,ETH / cbBTC 0.05%,ETH,cbBTC,5,1466316.6572,2646265.7936622,1.416,MEDIUM,5.0,medium_15pct,0.15,24,0.004512,0.02124,0.3,-0.316728,0.00090235,0.004248,NO_GO
0x2fbe93bf7177596c5d04675bdcef7bacaf98bd954dc26829fcda39f122239459,uniswap-v4-base,ETH / cbBTC 0.05%,ETH,cbBTC,5,1466316.6572,2646265.7936622,1.416,MEDIUM,5.0,medium_15pct,0.15,72,0.013535,0.06372,0.3,-0.350185,0.00090235,0.004248,NO_GO
0x2fbe93bf7177596c5d04675bdcef7bacaf98bd954dc26829fcda39f122239459,uniswap-v4-base,ETH / cbBTC 0.05%,ETH,cbBTC,5,1466316.6572,2646265.7936622,1.416,MEDIUM,5.0,medium_15pct,0.15,168,0.031582,0.14868,0.3,-0.417098,0.00090235,0.004248,NO_GO
0x2fbe93bf7177596c5d04675bdcef7bacaf98bd954dc26829fcda39f122239459,uniswap-v4-base,ETH / cbBTC 0.05%,ETH,cbBTC,5,1466316.6572,2646265.7936622,1.416,MEDIUM,10.0,medium_15pct,0.15,1,0.000376,0.00177,0.3,-0.301394,0.00090235,0.004248,NO_GO
0x2fbe93bf7177596c5d04675bdcef7bacaf98bd954dc26829fcda39f122239459,uniswap-v4-base,ETH / cbBTC 0.05%,ETH,cbBTC,5,1466316.6572,2646265.7936622,1.416,MEDIUM,10.0,medium_15pct,0.15,6,0.002256,0.01062,0.3,-0.308364,0.00090235,0.004248,NO_GO
0x2fbe93bf7177596c5d04675bdcef7bacaf98bd954dc26829fcda39f122239459,uniswap-v4-base,ETH / cbBTC 0.05%,ETH,cbBTC,5,1466316.6572,2646265.7936622,1.416,MEDIUM,10.0,medium_15pct,0.15,24,0.009024,0.04248,0.3,-0.333456,0.00090235,0.004248,NO_GO
0x2fbe93bf7177596c5d04675bdcef7bacaf98bd954dc26829fcda39f122239459,uniswap-v4-base,ETH / cbBTC 0.05%,ETH,cbBTC,5,1466316.6572,2646265.7936622,1.416,MEDIUM,10.0,medium_15pct,0.15,72,0.027071,0.12744,0.3,-0.400369,0.00090235,0.004248,NO_GO
0x2fbe93bf7177596c5d04675bdcef7bacaf98bd954dc26829fcda39f122239459,uniswap-v4-base,ETH / cbBTC 0.05%,ETH,cbBTC,5,1466316.6572,2646265.7936622,1.416,MEDIUM,10.0,medium_15pct,0.15,168,0.063165,0.29736,0.3,-0.534195,0.00090235,0.004248,NO_GO
0x2fbe93bf7177596c5d04675bdcef7bacaf98bd954dc26829fcda39f122239459,uniswap-v4-base,ETH / cbBTC 0.05%,ETH,cbBTC,5,1466316.6572,2646265.7936622,1.416,MEDIUM,25.0,medium_15pct,0.15,1,0.00094,0.004425,0.3,-0.303485,0.00090235,0.004248,NO_GO
0x2fbe93bf7177596c5d04675bdcef7bacaf98bd954dc26829fcda39f122239459,uniswap-v4-base,ETH / cbBTC 0.05%,ETH,cbBTC,5,1466316.6572,2646265.7936622,1.416,MEDIUM,25.0,medium_15pct,0.15,6,0.00564,0.02655,0.3,-0.32091,0.00090235,0.004248,NO_GO
0x2fbe93bf7177596c5d04675bdcef7bacaf98bd954dc26829fcda39f122239459,uniswap-v4-base,ETH / cbBTC 0.05%,ETH,cbBTC,5,1466316.6572,2646265.7936622,1.416,MEDIUM,25.0,medium_15pct,0.15,24,0.022559,0.1062,0.3,-0.383641,0.00090235,0.004248,NO_GO
0x2fbe93bf7177596c5d04675bdcef7bacaf98bd954dc26829fcda39f122239459,uniswap-v4-base,ETH / cbBTC 0.05%,ETH,cbBTC,5,1466316.6572,2646265.7936622,1.416,MEDIUM,25.0,medium_15pct,0.15,72,0.067676,0.3186,0.3,-0.550924,0.00090235,0.004248,NO_GO
0x2fbe93bf7177596c5d04675bdcef7bacaf98bd954dc26829fcda39f122239459,uniswap-v4-base,ETH / cbBTC 0.05%,ETH,cbBTC,5,1466316.6572,2646265.7936622,1.416,MEDIUM,25.0,medium_15pct,0.15,168,0.157911,0.7434,0.3,-0.885489,0.00090235,0.004248,NO_GO
0x2fbe93bf7177596c5d04675bdcef7bacaf98bd954dc26829fcda39f122239459,uniswap-v4-base,ETH / cbBTC 0.05%,ETH,cbBTC,5,1466316.6572,2646265.7936622,1.416,MEDIUM,50.0,medium_15pct,0.15,1,0.00188,0.00885,0.3,-0.30697,0.00090235,0.004248,NO_GO
0x2fbe93bf7177596c5d04675bdcef7bacaf98bd954dc26829fcda39f122239459,uniswap-v4-base,ETH / cbBTC 0.05%,ETH,cbBTC,5,1466316.6572,2646265.7936622,1.416,MEDIUM,50.0,medium_15pct,0.15,6,0.011279,0.0531,0.3,-0.341821,0.00090235,0.004248,NO_GO
0x2fbe93bf7177596c5d04675bdcef7bacaf98bd954dc26829fcda39f122239459,uniswap-v4-base,ETH / cbBTC 0.05%,ETH,cbBTC,5,1466316.6572,2646265.7936622,1.416,MEDIUM,50.0,medium_15pct,0.15,24,0.045118,0.2124,0.3,-0.467282,0.00090235,0.004248,NO_GO
0x2fbe93bf7177596c5d04675bdcef7bacaf98bd954dc26829fcda39f122239459,uniswap-v4-base,ETH / cbBTC 0.05%,ETH,cbBTC,5,1466316.6572,2646265.7936622,1.416,MEDIUM,50.0,medium_15pct,0.15,72,0.135353,0.6372,0.3,-0.801847,0.00090235,0.004248,NO_GO
0x2fbe93bf7177596c5d04675bdcef7bacaf98bd954dc26829fcda39f122239459,uniswap-v4-base,ETH / cbBTC 0.05%,ETH,cbBTC,5,1466316.6572,2646265.7936622,1.416,MEDIUM,50.0,medium_15pct,0.15,168,0.315823,1.4868,0.3,-1.470977,0.00090235,0.004248,NO_GO
0x9785ef59e2b499fb741674ecf6faf912df7b3c1b,aerodrome-slipstream,USDT / WETH 0.05%,USDT,WETH,5,180725.4906,2550144.55030591,-0.012,MEDIUM,1.0,medium_15pct,0.15,1,0.000294,2e-06,0.3,-0.299708,0.0070553,3.6e-05,NO_GO
0x9785ef59e2b499fb741674ecf6faf912df7b3c1b,aerodrome-slipstream,USDT / WETH 0.05%,USDT,WETH,5,180725.4906,2550144.55030591,-0.012,MEDIUM,1.0,medium_15pct,0.15,6,0.001764,9e-06,0.3,-0.298245,0.0070553,3.6e-05,NO_GO
0x9785ef59e2b499fb741674ecf6faf912df7b3c1b,aerodrome-slipstream,USDT / WETH 0.05%,USDT,WETH,5,180725.4906,2550144.55030591,-0.012,MEDIUM,1.0,medium_15pct,0.15,24,0.007055,3.6e-05,0.3,-0.292981,0.0070553,3.6e-05,NO_GO
0x9785ef59e2b499fb741674ecf6faf912df7b3c1b,aerodrome-slipstream,USDT / WETH 0.05%,USDT,WETH,5,180725.4906,2550144.55030591,-0.012,MEDIUM,1.0,medium_15pct,0.15,72,0.021166,0.000108,0.3,-0.278942,0.0070553,3.6e-05,NO_GO
0x9785ef59e2b499fb741674ecf6faf912df7b3c1b,aerodrome-slipstream,USDT / WETH 0.05%,USDT,WETH,5,180725.4906,2550144.55030591,-0.012,MEDIUM,1.0,medium_15pct,0.15,168,0.049387,0.000252,0.3,-0.250865,0.0070553,3.6e-05,NO_GO
0x9785ef59e2b499fb741674ecf6faf912df7b3c1b,aerodrome-slipstream,USDT / WETH 0.05%,USDT,WETH,5,180725.4906,2550144.55030591,-0.012,MEDIUM,3.0,medium_15pct,0.15,1,0.000882,4e-06,0.3,-0.299123,0.0070553,3.6e-05,NO_GO
0x9785ef59e2b499fb741674ecf6faf912df7b3c1b,aerodrome-slipstream,USDT / WETH 0.05%,USDT,WETH,5,180725.4906,2550144.55030591,-0.012,MEDIUM,3.0,medium_15pct,0.15,6,0.005291,2.7e-05,0.3,-0.294736,0.0070553,3.6e-05,NO_GO
0x9785ef59e2b499fb741674ecf6faf912df7b3c1b,aerodrome-slipstream,USDT / WETH 0.05%,USDT,WETH,5,180725.4906,2550144.55030591,-0.012,MEDIUM,3.0,medium_15pct,0.15,24,0.021166,0.000108,0.3,-0.278942,0.0070553,3.6e-05,NO_GO
0x9785ef59e2b499fb741674ecf6faf912df7b3c1b,aerodrome-slipstream,USDT / WETH 0.05%,USDT,WETH,5,180725.4906,2550144.55030591,-0.012,MEDIUM,3.0,medium_15pct,0.15,72,0.063498,0.000324,0.3,-0.236826,0.0070553,3.6e-05,NO_GO
0x9785ef59e2b499fb741674ecf6faf912df7b3c1b,aerodrome-slipstream,USDT / WETH 0.05%,USDT,WETH,5,180725.4906,2550144.55030591,-0.012,MEDIUM,3.0,medium_15pct,0.15,168,0.148161,0.000756,0.3,-0.152595,0.0070553,3.6e-05,NO_GO
0x9785ef59e2b499fb741674ecf6faf912df7b3c1b,aerodrome-slipstream,USDT / WETH 0.05%,USDT,WETH,5,180725.4906,2550144.55030591,-0.012,MEDIUM,5.0,medium_15pct,0.15,1,0.00147,8e-06,0.3,-0.298538,0.0070553,3.6e-05,NO_GO
0x9785ef59e2b499fb741674ecf6faf912df7b3c1b,aerodrome-slipstream,USDT / WETH 0.05%,USDT,WETH,5,180725.4906,2550144.55030591,-0.012,MEDIUM,5.0,medium_15pct,0.15,6,0.008819,4.5e-05,0.3,-0.291226,0.0070553,3.6e-05,NO_GO
0x9785ef59e2b499fb741674ecf6faf912df7b3c1b,aerodrome-slipstream,USDT / WETH 0.05%,USDT,WETH,5,180725.4906,2550144.55030591,-0.012,MEDIUM,5.0,medium_15pct,0.15,24,0.035276,0.00018,0.3,-0.264904,0.0070553,3.6e-05,NO_GO
0x9785ef59e2b499fb741674ecf6faf912df7b3c1b,aerodrome-slipstream,USDT / WETH 0.05%,USDT,WETH,5,180725.4906,2550144.55030591,-0.012,MEDIUM,5.0,medium_15pct,0.15,72,0.105829,0.00054,0.3,-0.194711,0.0070553,3.6e-05,NO_GO
0x9785ef59e2b499fb741674ecf6faf912df7b3c1b,aerodrome-slipstream,USDT / WETH 0.05%,USDT,WETH,5,180725.4906,2550144.55030591,-0.012,MEDIUM,5.0,medium_15pct,0.15,168,0.246935,0.00126,0.3,-0.054325,0.0070553,3.6e-05,NO_GO
0x9785ef59e2b499fb741674ecf6faf912df7b3c1b,aerodrome-slipstream,USDT / WETH 0.05%,USDT,WETH,5,180725.4906,2550144.55030591,-0.012,MEDIUM,10.0,medium_15pct,0.15,1,0.00294,1.5e-05,0.3,-0.297075,0.0070553,3.6e-05,NO_GO
0x9785ef59e2b499fb741674ecf6faf912df7b3c1b,aerodrome-slipstream,USDT / WETH 0.05%,USDT,WETH,5,180725.4906,2550144.55030591,-0.012,MEDIUM,10.0,medium_15pct,0.15,6,0.017638,9e-05,0.3,-0.282452,0.0070553,3.6e-05,NO_GO
0x9785ef59e2b499fb741674ecf6faf912df7b3c1b,aerodrome-slipstream,USDT / WETH 0.05%,USDT,WETH,5,180725.4906,2550144.55030591,-0.012,MEDIUM,10.0,medium_15pct,0.15,24,0.070553,0.00036,0.3,-0.229807,0.0070553,3.6e-05,NO_GO
0x9785ef59e2b499fb741674ecf6faf912df7b3c1b,aerodrome-slipstream,USDT / WETH 0.05%,USDT,WETH,5,180725.4906,2550144.55030591,-0.012,MEDIUM,10.0,medium_15pct,0.15,72,0.211659,0.00108,0.3,-0.089421,0.0070553,3.6e-05,NO_GO
0x9785ef59e2b499fb741674ecf6faf912df7b3c1b,aerodrome-slipstream,USDT / WETH 0.05%,USDT,WETH,5,180725.4906,2550144.55030591,-0.012,MEDIUM,10.0,medium_15pct,0.15,168,0.493871,0.00252,0.3,0.191351,0.0070553,3.6e-05,NEED_MORE_DATA
0x9785ef59e2b499fb741674ecf6faf912df7b3c1b,aerodrome-slipstream,USDT / WETH 0.05%,USDT,WETH,5,180725.4906,2550144.55030591,-0.012,MEDIUM,25.0,medium_15pct,0.15,1,0.007349,3.7e-05,0.3,-0.292688,0.0070553,3.6e-05,NO_GO
0x9785ef59e2b499fb741674ecf6faf912df7b3c1b,aerodrome-slipstream,USDT / WETH 0.05%,USDT,WETH,5,180725.4906,2550144.55030591,-0.012,MEDIUM,25.0,medium_15pct,0.15,6,0.044096,0.000225,0.3,-0.256129,0.0070553,3.6e-05,NO_GO
0x9785ef59e2b499fb741674ecf6faf912df7b3c1b,aerodrome-slipstream,USDT / WETH 0.05%,USDT,WETH,5,180725.4906,2550144.55030591,-0.012,MEDIUM,25.0,medium_15pct,0.15,24,0.176382,0.0009,0.3,-0.124518,0.0070553,3.6e-05,NO_GO
0x9785ef59e2b499fb741674ecf6faf912df7b3c1b,aerodrome-slipstream,USDT / WETH 0.05%,USDT,WETH,5,180725.4906,2550144.55030591,-0.012,MEDIUM,25.0,medium_15pct,0.15,72,0.529147,0.0027,0.3,0.226447,0.0070553,3.6e-05,NEED_MORE_DATA
0x9785ef59e2b499fb741674ecf6faf912df7b3c1b,aerodrome-slipstream,USDT / WETH 0.05%,USDT,WETH,5,180725.4906,2550144.55030591,-0.012,MEDIUM,25.0,medium_15pct,0.15,168,1.234677,0.0063,0.3,0.928377,0.0070553,3.6e-05,NEED_MORE_DATA
0x9785ef59e2b499fb741674ecf6faf912df7b3c1b,aerodrome-slipstream,USDT / WETH 0.05%,USDT,WETH,5,180725.4906,2550144.55030591,-0.012,MEDIUM,50.0,medium_15pct,0.15,1,0.014699,7.5e-05,0.3,-0.285376,0.0070553,3.6e-05,NO_GO
0x9785ef59e2b499fb741674ecf6faf912df7b3c1b,aerodrome-slipstream,USDT / WETH 0.05%,USDT,WETH,5,180725.4906,2550144.55030591,-0.012,MEDIUM,50.0,medium_15pct,0.15,6,0.088191,0.00045,0.3,-0.212259,0.0070553,3.6e-05,NO_GO
0x9785ef59e2b499fb741674ecf6faf912df7b3c1b,aerodrome-slipstream,USDT / WETH 0.05%,USDT,WETH,5,180725.4906,2550144.55030591,-0.012,MEDIUM,50.0,medium_15pct,0.15,24,0.352765,0.0018,0.3,0.050965,0.0070553,3.6e-05,NEED_MORE_DATA
0x9785ef59e2b499fb741674ecf6faf912df7b3c1b,aerodrome-slipstream,USDT / WETH 0.05%,USDT,WETH,5,180725.4906,2550144.55030591,-0.012,MEDIUM,50.0,medium_15pct,0.15,72,1.058295,0.0054,0.3,0.752895,0.0070553,3.6e-05,NEED_MORE_DATA
0x9785ef59e2b499fb741674ecf6faf912df7b3c1b,aerodrome-slipstream,USDT / WETH 0.05%,USDT,WETH,5,180725.4906,2550144.55030591,-0.012,MEDIUM,50.0,medium_15pct,0.15,168,2.469354,0.0126,0.3,2.156754,0.0070553,3.6e-05,NEED_MORE_DATA
0xa135b59fe221c0c8d441294f97f96fbc37bc9fbe,aerodrome-slipstream,VVV / WETH 0.3%,VVV,WETH,30,682446.3327,2495281.31668222,-9.611,MEDIUM,1.0,medium_15pct,0.15,1,0.000457,0.001201,0.3,-0.300744,0.01096913,0.028833,NO_GO
0xa135b59fe221c0c8d441294f97f96fbc37bc9fbe,aerodrome-slipstream,VVV / WETH 0.3%,VVV,WETH,30,682446.3327,2495281.31668222,-9.611,MEDIUM,1.0,medium_15pct,0.15,6,0.002742,0.007208,0.3,-0.304466,0.01096913,0.028833,NO_GO
0xa135b59fe221c0c8d441294f97f96fbc37bc9fbe,aerodrome-slipstream,VVV / WETH 0.3%,VVV,WETH,30,682446.3327,2495281.31668222,-9.611,MEDIUM,1.0,medium_15pct,0.15,24,0.010969,0.028833,0.3,-0.317864,0.01096913,0.028833,NO_GO
0xa135b59fe221c0c8d441294f97f96fbc37bc9fbe,aerodrome-slipstream,VVV / WETH 0.3%,VVV,WETH,30,682446.3327,2495281.31668222,-9.611,MEDIUM,1.0,medium_15pct,0.15,72,0.032907,0.086499,0.3,-0.353592,0.01096913,0.028833,NO_GO
0xa135b59fe221c0c8d441294f97f96fbc37bc9fbe,aerodrome-slipstream,VVV / WETH 0.3%,VVV,WETH,30,682446.3327,2495281.31668222,-9.611,MEDIUM,1.0,medium_15pct,0.15,168,0.076784,0.201831,0.3,-0.425047,0.01096913,0.028833,NO_GO
0xa135b59fe221c0c8d441294f97f96fbc37bc9fbe,aerodrome-slipstream,VVV / WETH 0.3%,VVV,WETH,30,682446.3327,2495281.31668222,-9.611,MEDIUM,3.0,medium_15pct,0.15,1,0.001371,0.003604,0.3,-0.302233,0.01096913,0.028833,NO_GO
0xa135b59fe221c0c8d441294f97f96fbc37bc9fbe,aerodrome-slipstream,VVV / WETH 0.3%,VVV,WETH,30,682446.3327,2495281.31668222,-9.611,MEDIUM,3.0,medium_15pct,0.15,6,0.008227,0.021625,0.3,-0.313398,0.01096913,0.028833,NO_GO
0xa135b59fe221c0c8d441294f97f96fbc37bc9fbe,aerodrome-slipstream,VVV / WETH 0.3%,VVV,WETH,30,682446.3327,2495281.31668222,-9.611,MEDIUM,3.0,medium_15pct,0.15,24,0.032907,0.086499,0.3,-0.353592,0.01096913,0.028833,NO_GO
0xa135b59fe221c0c8d441294f97f96fbc37bc9fbe,aerodrome-slipstream,VVV / WETH 0.3%,VVV,WETH,30,682446.3327,2495281.31668222,-9.611,MEDIUM,3.0,medium_15pct,0.15,72,0.098722,0.259497,0.3,-0.460775,0.01096913,0.028833,NO_GO
0xa135b59fe221c0c8d441294f97f96fbc37bc9fbe,aerodrome-slipstream,VVV / WETH 0.3%,VVV,WETH,30,682446.3327,2495281.31668222,-9.611,MEDIUM,3.0,medium_15pct,0.15,168,0.230352,0.605493,0.3,-0.675141,0.01096913,0.028833,NO_GO
0xa135b59fe221c0c8d441294f97f96fbc37bc9fbe,aerodrome-slipstream,VVV / WETH 0.3%,VVV,WETH,30,682446.3327,2495281.31668222,-9.611,MEDIUM,5.0,medium_15pct,0.15,1,0.002285,0.006007,0.3,-0.303722,0.01096913,0.028833,NO_GO
0xa135b59fe221c0c8d441294f97f96fbc37bc9fbe,aerodrome-slipstream,VVV / WETH 0.3%,VVV,WETH,30,682446.3327,2495281.31668222,-9.611,MEDIUM,5.0,medium_15pct,0.15,6,0.013711,0.036041,0.3,-0.32233,0.01096913,0.028833,NO_GO
0xa135b59fe221c0c8d441294f97f96fbc37bc9fbe,aerodrome-slipstream,VVV / WETH 0.3%,VVV,WETH,30,682446.3327,2495281.31668222,-9.611,MEDIUM,5.0,medium_15pct,0.15,24,0.054846,0.144165,0.3,-0.389319,0.01096913,0.028833,NO_GO
0xa135b59fe221c0c8d441294f97f96fbc37bc9fbe,aerodrome-slipstream,VVV / WETH 0.3%,VVV,WETH,30,682446.3327,2495281.31668222,-9.611,MEDIUM,5.0,medium_15pct,0.15,72,0.164537,0.432495,0.3,-0.567958,0.01096913,0.028833,NO_GO
0xa135b59fe221c0c8d441294f97f96fbc37bc9fbe,aerodrome-slipstream,VVV / WETH 0.3%,VVV,WETH,30,682446.3327,2495281.31668222,-9.611,MEDIUM,5.0,medium_15pct,0.15,168,0.38392,1.009155,0.3,-0.925235,0.01096913,0.028833,NO_GO
0xa135b59fe221c0c8d441294f97f96fbc37bc9fbe,aerodrome-slipstream,VVV / WETH 0.3%,VVV,WETH,30,682446.3327,2495281.31668222,-9.611,MEDIUM,10.0,medium_15pct,0.15,1,0.00457,0.012014,0.3,-0.307443,0.01096913,0.028833,NO_GO
0xa135b59fe221c0c8d441294f97f96fbc37bc9fbe,aerodrome-slipstream,VVV / WETH 0.3%,VVV,WETH,30,682446.3327,2495281.31668222,-9.611,MEDIUM,10.0,medium_15pct,0.15,6,0.027423,0.072082,0.3,-0.34466,0.01096913,0.028833,NO_GO
0xa135b59fe221c0c8d441294f97f96fbc37bc9fbe,aerodrome-slipstream,VVV / WETH 0.3%,VVV,WETH,30,682446.3327,2495281.31668222,-9.611,MEDIUM,10.0,medium_15pct,0.15,24,0.109691,0.28833,0.3,-0.478639,0.01096913,0.028833,NO_GO
0xa135b59fe221c0c8d441294f97f96fbc37bc9fbe,aerodrome-slipstream,VVV / WETH 0.3%,VVV,WETH,30,682446.3327,2495281.31668222,-9.611,MEDIUM,10.0,medium_15pct,0.15,72,0.329074,0.86499,0.3,-0.835916,0.01096913,0.028833,NO_GO
0xa135b59fe221c0c8d441294f97f96fbc37bc9fbe,aerodrome-slipstream,VVV / WETH 0.3%,VVV,WETH,30,682446.3327,2495281.31668222,-9.611,MEDIUM,10.0,medium_15pct,0.15,168,0.767839,2.01831,0.3,-1.550471,0.01096913,0.028833,NO_GO
0xa135b59fe221c0c8d441294f97f96fbc37bc9fbe,aerodrome-slipstream,VVV / WETH 0.3%,VVV,WETH,30,682446.3327,2495281.31668222,-9.611,MEDIUM,25.0,medium_15pct,0.15,1,0.011426,0.030034,0.3,-0.318608,0.01096913,0.028833,NO_GO
0xa135b59fe221c0c8d441294f97f96fbc37bc9fbe,aerodrome-slipstream,VVV / WETH 0.3%,VVV,WETH,30,682446.3327,2495281.31668222,-9.611,MEDIUM,25.0,medium_15pct,0.15,6,0.068557,0.180206,0.3,-0.411649,0.01096913,0.028833,NO_GO
0xa135b59fe221c0c8d441294f97f96fbc37bc9fbe,aerodrome-slipstream,VVV / WETH 0.3%,VVV,WETH,30,682446.3327,2495281.31668222,-9.611,MEDIUM,25.0,medium_15pct,0.15,24,0.274228,0.720825,0.3,-0.746597,0.01096913,0.028833,NO_GO
0xa135b59fe221c0c8d441294f97f96fbc37bc9fbe,aerodrome-slipstream,VVV / WETH 0.3%,VVV,WETH,30,682446.3327,2495281.31668222,-9.611,MEDIUM,25.0,medium_15pct,0.15,72,0.822685,2.162475,0.3,-1.63979,0.01096913,0.028833,NO_GO
0xa135b59fe221c0c8d441294f97f96fbc37bc9fbe,aerodrome-slipstream,VVV / WETH 0.3%,VVV,WETH,30,682446.3327,2495281.31668222,-9.611,MEDIUM,25.0,medium_15pct,0.15,168,1.919598,5.045775,0.3,-3.426177,0.01096913,0.028833,NO_GO
0xa135b59fe221c0c8d441294f97f96fbc37bc9fbe,aerodrome-slipstream,VVV / WETH 0.3%,VVV,WETH,30,682446.3327,2495281.31668222,-9.611,MEDIUM,50.0,medium_15pct,0.15,1,0.022852,0.060069,0.3,-0.337216,0.01096913,0.028833,NO_GO
0xa135b59fe221c0c8d441294f97f96fbc37bc9fbe,aerodrome-slipstream,VVV / WETH 0.3%,VVV,WETH,30,682446.3327,2495281.31668222,-9.611,MEDIUM,50.0,medium_15pct,0.15,6,0.137114,0.360412,0.3,-0.523298,0.01096913,0.028833,NO_GO
0xa135b59fe221c0c8d441294f97f96fbc37bc9fbe,aerodrome-slipstream,VVV / WETH 0.3%,VVV,WETH,30,682446.3327,2495281.31668222,-9.611,MEDIUM,50.0,medium_15pct,0.15,24,0.548457,1.44165,0.3,-1.193193,0.01096913,0.028833,NO_GO
0xa135b59fe221c0c8d441294f97f96fbc37bc9fbe,aerodrome-slipstream,VVV / WETH 0.3%,VVV,WETH,30,682446.3327,2495281.31668222,-9.611,MEDIUM,50.0,medium_15pct,0.15,72,1.64537,4.32495,0.3,-2.97958,0.01096913,0.028833,NO_GO
0xa135b59fe221c0c8d441294f97f96fbc37bc9fbe,aerodrome-slipstream,VVV / WETH 0.3%,VVV,WETH,30,682446.3327,2495281.31668222,-9.611,MEDIUM,50.0,medium_15pct,0.15,168,3.839196,10.09155,0.3,-6.552354,0.01096913,0.028833,NO_GO
0x29183f918920a2aef0115a9c7374945589968aea,uniswap-v3-base,SOSO / USDC 0.01%,SOSO,USDC,1,293957.3945,2171379.5375897,-0.831,MEDIUM,1.0,medium_15pct,0.15,1,3.1e-05,0.000104,0.3,-0.300073,0.00073867,0.002493,NO_GO
0x29183f918920a2aef0115a9c7374945589968aea,uniswap-v3-base,SOSO / USDC 0.01%,SOSO,USDC,1,293957.3945,2171379.5375897,-0.831,MEDIUM,1.0,medium_15pct,0.15,6,0.000185,0.000623,0.3,-0.300439,0.00073867,0.002493,NO_GO
0x29183f918920a2aef0115a9c7374945589968aea,uniswap-v3-base,SOSO / USDC 0.01%,SOSO,USDC,1,293957.3945,2171379.5375897,-0.831,MEDIUM,1.0,medium_15pct,0.15,24,0.000739,0.002493,0.3,-0.301754,0.00073867,0.002493,NO_GO
0x29183f918920a2aef0115a9c7374945589968aea,uniswap-v3-base,SOSO / USDC 0.01%,SOSO,USDC,1,293957.3945,2171379.5375897,-0.831,MEDIUM,1.0,medium_15pct,0.15,72,0.002216,0.007479,0.3,-0.305263,0.00073867,0.002493,NO_GO
0x29183f918920a2aef0115a9c7374945589968aea,uniswap-v3-base,SOSO / USDC 0.01%,SOSO,USDC,1,293957.3945,2171379.5375897,-0.831,MEDIUM,1.0,medium_15pct,0.15,168,0.005171,0.017451,0.3,-0.31228,0.00073867,0.002493,NO_GO
0x29183f918920a2aef0115a9c7374945589968aea,uniswap-v3-base,SOSO / USDC 0.01%,SOSO,USDC,1,293957.3945,2171379.5375897,-0.831,MEDIUM,3.0,medium_15pct,0.15,1,9.2e-05,0.000312,0.3,-0.300219,0.00073867,0.002493,NO_GO
0x29183f918920a2aef0115a9c7374945589968aea,uniswap-v3-base,SOSO / USDC 0.01%,SOSO,USDC,1,293957.3945,2171379.5375897,-0.831,MEDIUM,3.0,medium_15pct,0.15,6,0.000554,0.00187,0.3,-0.301316,0.00073867,0.002493,NO_GO
0x29183f918920a2aef0115a9c7374945589968aea,uniswap-v3-base,SOSO / USDC 0.01%,SOSO,USDC,1,293957.3945,2171379.5375897,-0.831,MEDIUM,3.0,medium_15pct,0.15,24,0.002216,0.007479,0.3,-0.305263,0.00073867,0.002493,NO_GO
0x29183f918920a2aef0115a9c7374945589968aea,uniswap-v3-base,SOSO / USDC 0.01%,SOSO,USDC,1,293957.3945,2171379.5375897,-0.831,MEDIUM,3.0,medium_15pct,0.15,72,0.006648,0.022437,0.3,-0.315789,0.00073867,0.002493,NO_GO
0x29183f918920a2aef0115a9c7374945589968aea,uniswap-v3-base,SOSO / USDC 0.01%,SOSO,USDC,1,293957.3945,2171379.5375897,-0.831,MEDIUM,3.0,medium_15pct,0.15,168,0.015512,0.052353,0.3,-0.336841,0.00073867,0.002493,NO_GO
0x29183f918920a2aef0115a9c7374945589968aea,uniswap-v3-base,SOSO / USDC 0.01%,SOSO,USDC,1,293957.3945,2171379.5375897,-0.831,MEDIUM,5.0,medium_15pct,0.15,1,0.000154,0.000519,0.3,-0.300365,0.00073867,0.002493,NO_GO
0x29183f918920a2aef0115a9c7374945589968aea,uniswap-v3-base,SOSO / USDC 0.01%,SOSO,USDC,1,293957.3945,2171379.5375897,-0.831,MEDIUM,5.0,medium_15pct,0.15,6,0.000923,0.003116,0.3,-0.302193,0.00073867,0.002493,NO_GO
0x29183f918920a2aef0115a9c7374945589968aea,uniswap-v3-base,SOSO / USDC 0.01%,SOSO,USDC,1,293957.3945,2171379.5375897,-0.831,MEDIUM,5.0,medium_15pct,0.15,24,0.003693,0.012465,0.3,-0.308772,0.00073867,0.002493,NO_GO
0x29183f918920a2aef0115a9c7374945589968aea,uniswap-v3-base,SOSO / USDC 0.01%,SOSO,USDC,1,293957.3945,2171379.5375897,-0.831,MEDIUM,5.0,medium_15pct,0.15,72,0.01108,0.037395,0.3,-0.326315,0.00073867,0.002493,NO_GO
0x29183f918920a2aef0115a9c7374945589968aea,uniswap-v3-base,SOSO / USDC 0.01%,SOSO,USDC,1,293957.3945,2171379.5375897,-0.831,MEDIUM,5.0,medium_15pct,0.15,168,0.025854,0.087255,0.3,-0.361401,0.00073867,0.002493,NO_GO
0x29183f918920a2aef0115a9c7374945589968aea,uniswap-v3-base,SOSO / USDC 0.01%,SOSO,USDC,1,293957.3945,2171379.5375897,-0.831,MEDIUM,10.0,medium_15pct,0.15,1,0.000308,0.001039,0.3,-0.300731,0.00073867,0.002493,NO_GO
0x29183f918920a2aef0115a9c7374945589968aea,uniswap-v3-base,SOSO / USDC 0.01%,SOSO,USDC,1,293957.3945,2171379.5375897,-0.831,MEDIUM,10.0,medium_15pct,0.15,6,0.001847,0.006233,0.3,-0.304386,0.00073867,0.002493,NO_GO
0x29183f918920a2aef0115a9c7374945589968aea,uniswap-v3-base,SOSO / USDC 0.01%,SOSO,USDC,1,293957.3945,2171379.5375897,-0.831,MEDIUM,10.0,medium_15pct,0.15,24,0.007387,0.02493,0.3,-0.317543,0.00073867,0.002493,NO_GO
0x29183f918920a2aef0115a9c7374945589968aea,uniswap-v3-base,SOSO / USDC 0.01%,SOSO,USDC,1,293957.3945,2171379.5375897,-0.831,MEDIUM,10.0,medium_15pct,0.15,72,0.02216,0.07479,0.3,-0.35263,0.00073867,0.002493,NO_GO
0x29183f918920a2aef0115a9c7374945589968aea,uniswap-v3-base,SOSO / USDC 0.01%,SOSO,USDC,1,293957.3945,2171379.5375897,-0.831,MEDIUM,10.0,medium_15pct,0.15,168,0.051707,0.17451,0.3,-0.422803,0.00073867,0.002493,NO_GO
0x29183f918920a2aef0115a9c7374945589968aea,uniswap-v3-base,SOSO / USDC 0.01%,SOSO,USDC,1,293957.3945,2171379.5375897,-0.831,MEDIUM,25.0,medium_15pct,0.15,1,0.000769,0.002597,0.3,-0.301827,0.00073867,0.002493,NO_GO
0x29183f918920a2aef0115a9c7374945589968aea,uniswap-v3-base,SOSO / USDC 0.01%,SOSO,USDC,1,293957.3945,2171379.5375897,-0.831,MEDIUM,25.0,medium_15pct,0.15,6,0.004617,0.015581,0.3,-0.310965,0.00073867,0.002493,NO_GO
0x29183f918920a2aef0115a9c7374945589968aea,uniswap-v3-base,SOSO / USDC 0.01%,SOSO,USDC,1,293957.3945,2171379.5375897,-0.831,MEDIUM,25.0,medium_15pct,0.15,24,0.018467,0.062325,0.3,-0.343858,0.00073867,0.002493,NO_GO
0x29183f918920a2aef0115a9c7374945589968aea,uniswap-v3-base,SOSO / USDC 0.01%,SOSO,USDC,1,293957.3945,2171379.5375897,-0.831,MEDIUM,25.0,medium_15pct,0.15,72,0.0554,0.186975,0.3,-0.431575,0.00073867,0.002493,NO_GO
0x29183f918920a2aef0115a9c7374945589968aea,uniswap-v3-base,SOSO / USDC 0.01%,SOSO,USDC,1,293957.3945,2171379.5375897,-0.831,MEDIUM,25.0,medium_15pct,0.15,168,0.129268,0.436275,0.3,-0.607007,0.00073867,0.002493,NO_GO
0x29183f918920a2aef0115a9c7374945589968aea,uniswap-v3-base,SOSO / USDC 0.01%,SOSO,USDC,1,293957.3945,2171379.5375897,-0.831,MEDIUM,50.0,medium_15pct,0.15,1,0.001539,0.005194,0.3,-0.303655,0.00073867,0.002493,NO_GO
0x29183f918920a2aef0115a9c7374945589968aea,uniswap-v3-base,SOSO / USDC 0.01%,SOSO,USDC,1,293957.3945,2171379.5375897,-0.831,MEDIUM,50.0,medium_15pct,0.15,6,0.009233,0.031162,0.3,-0.321929,0.00073867,0.002493,NO_GO
0x29183f918920a2aef0115a9c7374945589968aea,uniswap-v3-base,SOSO / USDC 0.01%,SOSO,USDC,1,293957.3945,2171379.5375897,-0.831,MEDIUM,50.0,medium_15pct,0.15,24,0.036934,0.12465,0.3,-0.387716,0.00073867,0.002493,NO_GO
0x29183f918920a2aef0115a9c7374945589968aea,uniswap-v3-base,SOSO / USDC 0.01%,SOSO,USDC,1,293957.3945,2171379.5375897,-0.831,MEDIUM,50.0,medium_15pct,0.15,72,0.110801,0.37395,0.3,-0.563149,0.00073867,0.002493,NO_GO
0x29183f918920a2aef0115a9c7374945589968aea,uniswap-v3-base,SOSO / USDC 0.01%,SOSO,USDC,1,293957.3945,2171379.5375897,-0.831,MEDIUM,50.0,medium_15pct,0.15,168,0.258535,0.87255,0.3,-0.914015,0.00073867,0.002493,NO_GO
0xc9034c3e7f58003e6ae0c8438e7c8f4598d5acaa,uniswap-v3-base,DEGEN / WETH 0.3%,DEGEN,WETH,30,1446479.6401,2084781.32743288,25.258,MEDIUM,1.0,medium_15pct,0.15,1,0.00018,0.003157,0.3,-0.302977,0.00432384,0.075774,NO_GO
0xc9034c3e7f58003e6ae0c8438e7c8f4598d5acaa,uniswap-v3-base,DEGEN / WETH 0.3%,DEGEN,WETH,30,1446479.6401,2084781.32743288,25.258,MEDIUM,1.0,medium_15pct,0.15,6,0.001081,0.018943,0.3,-0.317863,0.00432384,0.075774,NO_GO
0xc9034c3e7f58003e6ae0c8438e7c8f4598d5acaa,uniswap-v3-base,DEGEN / WETH 0.3%,DEGEN,WETH,30,1446479.6401,2084781.32743288,25.258,MEDIUM,1.0,medium_15pct,0.15,24,0.004324,0.075774,0.3,-0.37145,0.00432384,0.075774,NO_GO
0xc9034c3e7f58003e6ae0c8438e7c8f4598d5acaa,uniswap-v3-base,DEGEN / WETH 0.3%,DEGEN,WETH,30,1446479.6401,2084781.32743288,25.258,MEDIUM,1.0,medium_15pct,0.15,72,0.012972,0.227322,0.3,-0.51435,0.00432384,0.075774,NO_GO
0xc9034c3e7f58003e6ae0c8438e7c8f4598d5acaa,uniswap-v3-base,DEGEN / WETH 0.3%,DEGEN,WETH,30,1446479.6401,2084781.32743288,25.258,MEDIUM,1.0,medium_15pct,0.15,168,0.030267,0.530418,0.3,-0.800151,0.00432384,0.075774,NO_GO
0xc9034c3e7f58003e6ae0c8438e7c8f4598d5acaa,uniswap-v3-base,DEGEN / WETH 0.3%,DEGEN,WETH,30,1446479.6401,2084781.32743288,25.258,MEDIUM,3.0,medium_15pct,0.15,1,0.00054,0.009472,0.3,-0.308931,0.00432384,0.075774,NO_GO
0xc9034c3e7f58003e6ae0c8438e7c8f4598d5acaa,uniswap-v3-base,DEGEN / WETH 0.3%,DEGEN,WETH,30,1446479.6401,2084781.32743288,25.258,MEDIUM,3.0,medium_15pct,0.15,6,0.003243,0.05683,0.3,-0.353588,0.00432384,0.075774,NO_GO
0xc9034c3e7f58003e6ae0c8438e7c8f4598d5acaa,uniswap-v3-base,DEGEN / WETH 0.3%,DEGEN,WETH,30,1446479.6401,2084781.32743288,25.258,MEDIUM,3.0,medium_15pct,0.15,24,0.012972,0.227322,0.3,-0.51435,0.00432384,0.075774,NO_GO
0xc9034c3e7f58003e6ae0c8438e7c8f4598d5acaa,uniswap-v3-base,DEGEN / WETH 0.3%,DEGEN,WETH,30,1446479.6401,2084781.32743288,25.258,MEDIUM,3.0,medium_15pct,0.15,72,0.038915,0.681966,0.3,-0.943051,0.00432384,0.075774,NO_GO
0xc9034c3e7f58003e6ae0c8438e7c8f4598d5acaa,uniswap-v3-base,DEGEN / WETH 0.3%,DEGEN,WETH,30,1446479.6401,2084781.32743288,25.258,MEDIUM,3.0,medium_15pct,0.15,168,0.090801,1.591254,0.3,-1.800453,0.00432384,0.075774,NO_GO
0xc9034c3e7f58003e6ae0c8438e7c8f4598d5acaa,uniswap-v3-base,DEGEN / WETH 0.3%,DEGEN,WETH,30,1446479.6401,2084781.32743288,25.258,MEDIUM,5.0,medium_15pct,0.15,1,0.000901,0.015786,0.3,-0.314885,0.00432384,0.075774,NO_GO
0xc9034c3e7f58003e6ae0c8438e7c8f4598d5acaa,uniswap-v3-base,DEGEN / WETH 0.3%,DEGEN,WETH,30,1446479.6401,2084781.32743288,25.258,MEDIUM,5.0,medium_15pct,0.15,6,0.005405,0.094717,0.3,-0.389313,0.00432384,0.075774,NO_GO
0xc9034c3e7f58003e6ae0c8438e7c8f4598d5acaa,uniswap-v3-base,DEGEN / WETH 0.3%,DEGEN,WETH,30,1446479.6401,2084781.32743288,25.258,MEDIUM,5.0,medium_15pct,0.15,24,0.021619,0.37887,0.3,-0.657251,0.00432384,0.075774,NO_GO
0xc9034c3e7f58003e6ae0c8438e7c8f4598d5acaa,uniswap-v3-base,DEGEN / WETH 0.3%,DEGEN,WETH,30,1446479.6401,2084781.32743288,25.258,MEDIUM,5.0,medium_15pct,0.15,72,0.064858,1.13661,0.3,-1.371752,0.00432384,0.075774,NO_GO
0xc9034c3e7f58003e6ae0c8438e7c8f4598d5acaa,uniswap-v3-base,DEGEN / WETH 0.3%,DEGEN,WETH,30,1446479.6401,2084781.32743288,25.258,MEDIUM,5.0,medium_15pct,0.15,168,0.151334,2.65209,0.3,-2.800756,0.00432384,0.075774,NO_GO
0xc9034c3e7f58003e6ae0c8438e7c8f4598d5acaa,uniswap-v3-base,DEGEN / WETH 0.3%,DEGEN,WETH,30,1446479.6401,2084781.32743288,25.258,MEDIUM,10.0,medium_15pct,0.15,1,0.001802,0.031572,0.3,-0.329771,0.00432384,0.075774,NO_GO
0xc9034c3e7f58003e6ae0c8438e7c8f4598d5acaa,uniswap-v3-base,DEGEN / WETH 0.3%,DEGEN,WETH,30,1446479.6401,2084781.32743288,25.258,MEDIUM,10.0,medium_15pct,0.15,6,0.01081,0.189435,0.3,-0.478625,0.00432384,0.075774,NO_GO
0xc9034c3e7f58003e6ae0c8438e7c8f4598d5acaa,uniswap-v3-base,DEGEN / WETH 0.3%,DEGEN,WETH,30,1446479.6401,2084781.32743288,25.258,MEDIUM,10.0,medium_15pct,0.15,24,0.043238,0.75774,0.3,-1.014502,0.00432384,0.075774,NO_GO
0xc9034c3e7f58003e6ae0c8438e7c8f4598d5acaa,uniswap-v3-base,DEGEN / WETH 0.3%,DEGEN,WETH,30,1446479.6401,2084781.32743288,25.258,MEDIUM,10.0,medium_15pct,0.15,72,0.129715,2.27322,0.3,-2.443505,0.00432384,0.075774,NO_GO
0xc9034c3e7f58003e6ae0c8438e7c8f4598d5acaa,uniswap-v3-base,DEGEN / WETH 0.3%,DEGEN,WETH,30,1446479.6401,2084781.32743288,25.258,MEDIUM,10.0,medium_15pct,0.15,168,0.302669,5.30418,0.3,-5.301511,0.00432384,0.075774,NO_GO
0xc9034c3e7f58003e6ae0c8438e7c8f4598d5acaa,uniswap-v3-base,DEGEN / WETH 0.3%,DEGEN,WETH,30,1446479.6401,2084781.32743288,25.258,MEDIUM,25.0,medium_15pct,0.15,1,0.004504,0.078931,0.3,-0.374427,0.00432384,0.075774,NO_GO
0xc9034c3e7f58003e6ae0c8438e7c8f4598d5acaa,uniswap-v3-base,DEGEN / WETH 0.3%,DEGEN,WETH,30,1446479.6401,2084781.32743288,25.258,MEDIUM,25.0,medium_15pct,0.15,6,0.027024,0.473587,0.3,-0.746564,0.00432384,0.075774,NO_GO
0xc9034c3e7f58003e6ae0c8438e7c8f4598d5acaa,uniswap-v3-base,DEGEN / WETH 0.3%,DEGEN,WETH,30,1446479.6401,2084781.32743288,25.258,MEDIUM,25.0,medium_15pct,0.15,24,0.108096,1.89435,0.3,-2.086254,0.00432384,0.075774,NO_GO
0xc9034c3e7f58003e6ae0c8438e7c8f4598d5acaa,uniswap-v3-base,DEGEN / WETH 0.3%,DEGEN,WETH,30,1446479.6401,2084781.32743288,25.258,MEDIUM,25.0,medium_15pct,0.15,72,0.324288,5.68305,0.3,-5.658762,0.00432384,0.075774,NO_GO
0xc9034c3e7f58003e6ae0c8438e7c8f4598d5acaa,uniswap-v3-base,DEGEN / WETH 0.3%,DEGEN,WETH,30,1446479.6401,2084781.32743288,25.258,MEDIUM,25.0,medium_15pct,0.15,168,0.756672,13.26045,0.3,-12.803778,0.00432384,0.075774,NO_GO
0xc9034c3e7f58003e6ae0c8438e7c8f4598d5acaa,uniswap-v3-base,DEGEN / WETH 0.3%,DEGEN,WETH,30,1446479.6401,2084781.32743288,25.258,MEDIUM,50.0,medium_15pct,0.15,1,0.009008,0.157862,0.3,-0.448855,0.00432384,0.075774,NO_GO
0xc9034c3e7f58003e6ae0c8438e7c8f4598d5acaa,uniswap-v3-base,DEGEN / WETH 0.3%,DEGEN,WETH,30,1446479.6401,2084781.32743288,25.258,MEDIUM,50.0,medium_15pct,0.15,6,0.054048,0.947175,0.3,-1.193127,0.00432384,0.075774,NO_GO
0xc9034c3e7f58003e6ae0c8438e7c8f4598d5acaa,uniswap-v3-base,DEGEN / WETH 0.3%,DEGEN,WETH,30,1446479.6401,2084781.32743288,25.258,MEDIUM,50.0,medium_15pct,0.15,24,0.216192,3.7887,0.3,-3.872508,0.00432384,0.075774,NO_GO
0xc9034c3e7f58003e6ae0c8438e7c8f4598d5acaa,uniswap-v3-base,DEGEN / WETH 0.3%,DEGEN,WETH,30,1446479.6401,2084781.32743288,25.258,MEDIUM,50.0,medium_15pct,0.15,72,0.648576,11.3661,0.3,-11.017524,0.00432384,0.075774,NO_GO
0xc9034c3e7f58003e6ae0c8438e7c8f4598d5acaa,uniswap-v3-base,DEGEN / WETH 0.3%,DEGEN,WETH,30,1446479.6401,2084781.32743288,25.258,MEDIUM,50.0,medium_15pct,0.15,168,1.513343,26.5209,0.3,-25.307557,0.00432384,0.075774,NO_GO
0x4e829f8a5213c42535ab84aa40bd4adcce9cba02,aerodrome-slipstream,BRETT / WETH 1%,BRETT,WETH,100,762034.1661,1821323.37604357,-1.77,MEDIUM,1.0,medium_15pct,0.15,1,0.000996,0.000221,0.3,-0.299225,0.02390081,0.00531,NO_GO
0x4e829f8a5213c42535ab84aa40bd4adcce9cba02,aerodrome-slipstream,BRETT / WETH 1%,BRETT,WETH,100,762034.1661,1821323.37604357,-1.77,MEDIUM,1.0,medium_15pct,0.15,6,0.005975,0.001327,0.3,-0.295352,0.02390081,0.00531,NO_GO
0x4e829f8a5213c42535ab84aa40bd4adcce9cba02,aerodrome-slipstream,BRETT / WETH 1%,BRETT,WETH,100,762034.1661,1821323.37604357,-1.77,MEDIUM,1.0,medium_15pct,0.15,24,0.023901,0.00531,0.3,-0.281409,0.02390081,0.00531,NO_GO
0x4e829f8a5213c42535ab84aa40bd4adcce9cba02,aerodrome-slipstream,BRETT / WETH 1%,BRETT,WETH,100,762034.1661,1821323.37604357,-1.77,MEDIUM,1.0,medium_15pct,0.15,72,0.071702,0.01593,0.3,-0.244228,0.02390081,0.00531,NO_GO
0x4e829f8a5213c42535ab84aa40bd4adcce9cba02,aerodrome-slipstream,BRETT / WETH 1%,BRETT,WETH,100,762034.1661,1821323.37604357,-1.77,MEDIUM,1.0,medium_15pct,0.15,168,0.167306,0.03717,0.3,-0.169864,0.02390081,0.00531,NO_GO
0x4e829f8a5213c42535ab84aa40bd4adcce9cba02,aerodrome-slipstream,BRETT / WETH 1%,BRETT,WETH,100,762034.1661,1821323.37604357,-1.77,MEDIUM,3.0,medium_15pct,0.15,1,0.002988,0.000664,0.3,-0.297676,0.02390081,0.00531,NO_GO
0x4e829f8a5213c42535ab84aa40bd4adcce9cba02,aerodrome-slipstream,BRETT / WETH 1%,BRETT,WETH,100,762034.1661,1821323.37604357,-1.77,MEDIUM,3.0,medium_15pct,0.15,6,0.017926,0.003982,0.3,-0.286057,0.02390081,0.00531,NO_GO
0x4e829f8a5213c42535ab84aa40bd4adcce9cba02,aerodrome-slipstream,BRETT / WETH 1%,BRETT,WETH,100,762034.1661,1821323.37604357,-1.77,MEDIUM,3.0,medium_15pct,0.15,24,0.071702,0.01593,0.3,-0.244228,0.02390081,0.00531,NO_GO
0x4e829f8a5213c42535ab84aa40bd4adcce9cba02,aerodrome-slipstream,BRETT / WETH 1%,BRETT,WETH,100,762034.1661,1821323.37604357,-1.77,MEDIUM,3.0,medium_15pct,0.15,72,0.215107,0.04779,0.3,-0.132683,0.02390081,0.00531,NO_GO
0x4e829f8a5213c42535ab84aa40bd4adcce9cba02,aerodrome-slipstream,BRETT / WETH 1%,BRETT,WETH,100,762034.1661,1821323.37604357,-1.77,MEDIUM,3.0,medium_15pct,0.15,168,0.501917,0.11151,0.3,0.090407,0.02390081,0.00531,NEED_MORE_DATA
0x4e829f8a5213c42535ab84aa40bd4adcce9cba02,aerodrome-slipstream,BRETT / WETH 1%,BRETT,WETH,100,762034.1661,1821323.37604357,-1.77,MEDIUM,5.0,medium_15pct,0.15,1,0.004979,0.001106,0.3,-0.296127,0.02390081,0.00531,NO_GO
0x4e829f8a5213c42535ab84aa40bd4adcce9cba02,aerodrome-slipstream,BRETT / WETH 1%,BRETT,WETH,100,762034.1661,1821323.37604357,-1.77,MEDIUM,5.0,medium_15pct,0.15,6,0.029876,0.006637,0.3,-0.276761,0.02390081,0.00531,NO_GO
0x4e829f8a5213c42535ab84aa40bd4adcce9cba02,aerodrome-slipstream,BRETT / WETH 1%,BRETT,WETH,100,762034.1661,1821323.37604357,-1.77,MEDIUM,5.0,medium_15pct,0.15,24,0.119504,0.02655,0.3,-0.207046,0.02390081,0.00531,NO_GO
0x4e829f8a5213c42535ab84aa40bd4adcce9cba02,aerodrome-slipstream,BRETT / WETH 1%,BRETT,WETH,100,762034.1661,1821323.37604357,-1.77,MEDIUM,5.0,medium_15pct,0.15,72,0.358512,0.07965,0.3,-0.021138,0.02390081,0.00531,NEED_MORE_DATA
0x4e829f8a5213c42535ab84aa40bd4adcce9cba02,aerodrome-slipstream,BRETT / WETH 1%,BRETT,WETH,100,762034.1661,1821323.37604357,-1.77,MEDIUM,5.0,medium_15pct,0.15,168,0.836528,0.18585,0.3,0.350678,0.02390081,0.00531,NEED_MORE_DATA
0x4e829f8a5213c42535ab84aa40bd4adcce9cba02,aerodrome-slipstream,BRETT / WETH 1%,BRETT,WETH,100,762034.1661,1821323.37604357,-1.77,MEDIUM,10.0,medium_15pct,0.15,1,0.009959,0.002212,0.3,-0.292254,0.02390081,0.00531,NO_GO
0x4e829f8a5213c42535ab84aa40bd4adcce9cba02,aerodrome-slipstream,BRETT / WETH 1%,BRETT,WETH,100,762034.1661,1821323.37604357,-1.77,MEDIUM,10.0,medium_15pct,0.15,6,0.059752,0.013275,0.3,-0.253523,0.02390081,0.00531,NO_GO
0x4e829f8a5213c42535ab84aa40bd4adcce9cba02,aerodrome-slipstream,BRETT / WETH 1%,BRETT,WETH,100,762034.1661,1821323.37604357,-1.77,MEDIUM,10.0,medium_15pct,0.15,24,0.239008,0.0531,0.3,-0.114092,0.02390081,0.00531,NO_GO
0x4e829f8a5213c42535ab84aa40bd4adcce9cba02,aerodrome-slipstream,BRETT / WETH 1%,BRETT,WETH,100,762034.1661,1821323.37604357,-1.77,MEDIUM,10.0,medium_15pct,0.15,72,0.717024,0.1593,0.3,0.257724,0.02390081,0.00531,NEED_MORE_DATA
0x4e829f8a5213c42535ab84aa40bd4adcce9cba02,aerodrome-slipstream,BRETT / WETH 1%,BRETT,WETH,100,762034.1661,1821323.37604357,-1.77,MEDIUM,10.0,medium_15pct,0.15,168,1.673057,0.3717,0.3,1.001357,0.02390081,0.00531,NEED_MORE_DATA
0x4e829f8a5213c42535ab84aa40bd4adcce9cba02,aerodrome-slipstream,BRETT / WETH 1%,BRETT,WETH,100,762034.1661,1821323.37604357,-1.77,MEDIUM,25.0,medium_15pct,0.15,1,0.024897,0.005531,0.3,-0.280635,0.02390081,0.00531,NO_GO
0x4e829f8a5213c42535ab84aa40bd4adcce9cba02,aerodrome-slipstream,BRETT / WETH 1%,BRETT,WETH,100,762034.1661,1821323.37604357,-1.77,MEDIUM,25.0,medium_15pct,0.15,6,0.14938,0.033187,0.3,-0.183807,0.02390081,0.00531,NO_GO
0x4e829f8a5213c42535ab84aa40bd4adcce9cba02,aerodrome-slipstream,BRETT / WETH 1%,BRETT,WETH,100,762034.1661,1821323.37604357,-1.77,MEDIUM,25.0,medium_15pct,0.15,24,0.59752,0.13275,0.3,0.16477,0.02390081,0.00531,NEED_MORE_DATA
0x4e829f8a5213c42535ab84aa40bd4adcce9cba02,aerodrome-slipstream,BRETT / WETH 1%,BRETT,WETH,100,762034.1661,1821323.37604357,-1.77,MEDIUM,25.0,medium_15pct,0.15,72,1.792561,0.39825,0.3,1.094311,0.02390081,0.00531,NEED_MORE_DATA
0x4e829f8a5213c42535ab84aa40bd4adcce9cba02,aerodrome-slipstream,BRETT / WETH 1%,BRETT,WETH,100,762034.1661,1821323.37604357,-1.77,MEDIUM,25.0,medium_15pct,0.15,168,4.182642,0.92925,0.3,2.953392,0.02390081,0.00531,NEED_MORE_DATA
0x4e829f8a5213c42535ab84aa40bd4adcce9cba02,aerodrome-slipstream,BRETT / WETH 1%,BRETT,WETH,100,762034.1661,1821323.37604357,-1.77,MEDIUM,50.0,medium_15pct,0.15,1,0.049793,0.011062,0.3,-0.261269,0.02390081,0.00531,NO_GO
0x4e829f8a5213c42535ab84aa40bd4adcce9cba02,aerodrome-slipstream,BRETT / WETH 1%,BRETT,WETH,100,762034.1661,1821323.37604357,-1.77,MEDIUM,50.0,medium_15pct,0.15,6,0.29876,0.066375,0.3,-0.067615,0.02390081,0.00531,NO_GO
0x4e829f8a5213c42535ab84aa40bd4adcce9cba02,aerodrome-slipstream,BRETT / WETH 1%,BRETT,WETH,100,762034.1661,1821323.37604357,-1.77,MEDIUM,50.0,medium_15pct,0.15,24,1.19504,0.2655,0.3,0.62954,0.02390081,0.00531,NEED_MORE_DATA
0x4e829f8a5213c42535ab84aa40bd4adcce9cba02,aerodrome-slipstream,BRETT / WETH 1%,BRETT,WETH,100,762034.1661,1821323.37604357,-1.77,MEDIUM,50.0,medium_15pct,0.15,72,3.585121,0.7965,0.3,2.488621,0.02390081,0.00531,NEED_MORE_DATA
0x4e829f8a5213c42535ab84aa40bd4adcce9cba02,aerodrome-slipstream,BRETT / WETH 1%,BRETT,WETH,100,762034.1661,1821323.37604357,-1.77,MEDIUM,50.0,medium_15pct,0.15,168,8.365283,1.8585,0.3,6.206783,0.02390081,0.00531,NEED_MORE_DATA
0x8c7080564b5a792a33ef2fd473fba6364d5495e5,uniswap-v3-base,cbBTC / WETH 0.3%,cbBTC,WETH,30,9219108.8647,1767479.9373317,2.145,MEDIUM,1.0,medium_15pct,0.15,1,2.4e-05,0.000268,0.3,-0.300244,0.00057516,0.006435,NO_GO
0x8c7080564b5a792a33ef2fd473fba6364d5495e5,uniswap-v3-base,cbBTC / WETH 0.3%,cbBTC,WETH,30,9219108.8647,1767479.9373317,2.145,MEDIUM,1.0,medium_15pct,0.15,6,0.000144,0.001609,0.3,-0.301465,0.00057516,0.006435,NO_GO
0x8c7080564b5a792a33ef2fd473fba6364d5495e5,uniswap-v3-base,cbBTC / WETH 0.3%,cbBTC,WETH,30,9219108.8647,1767479.9373317,2.145,MEDIUM,1.0,medium_15pct,0.15,24,0.000575,0.006435,0.3,-0.30586,0.00057516,0.006435,NO_GO
0x8c7080564b5a792a33ef2fd473fba6364d5495e5,uniswap-v3-base,cbBTC / WETH 0.3%,cbBTC,WETH,30,9219108.8647,1767479.9373317,2.145,MEDIUM,1.0,medium_15pct,0.15,72,0.001725,0.019305,0.3,-0.31758,0.00057516,0.006435,NO_GO
0x8c7080564b5a792a33ef2fd473fba6364d5495e5,uniswap-v3-base,cbBTC / WETH 0.3%,cbBTC,WETH,30,9219108.8647,1767479.9373317,2.145,MEDIUM,1.0,medium_15pct,0.15,168,0.004026,0.045045,0.3,-0.341019,0.00057516,0.006435,NO_GO
0x8c7080564b5a792a33ef2fd473fba6364d5495e5,uniswap-v3-base,cbBTC / WETH 0.3%,cbBTC,WETH,30,9219108.8647,1767479.9373317,2.145,MEDIUM,3.0,medium_15pct,0.15,1,7.2e-05,0.000804,0.3,-0.300732,0.00057516,0.006435,NO_GO
0x8c7080564b5a792a33ef2fd473fba6364d5495e5,uniswap-v3-base,cbBTC / WETH 0.3%,cbBTC,WETH,30,9219108.8647,1767479.9373317,2.145,MEDIUM,3.0,medium_15pct,0.15,6,0.000431,0.004826,0.3,-0.304395,0.00057516,0.006435,NO_GO
0x8c7080564b5a792a33ef2fd473fba6364d5495e5,uniswap-v3-base,cbBTC / WETH 0.3%,cbBTC,WETH,30,9219108.8647,1767479.9373317,2.145,MEDIUM,3.0,medium_15pct,0.15,24,0.001725,0.019305,0.3,-0.31758,0.00057516,0.006435,NO_GO
0x8c7080564b5a792a33ef2fd473fba6364d5495e5,uniswap-v3-base,cbBTC / WETH 0.3%,cbBTC,WETH,30,9219108.8647,1767479.9373317,2.145,MEDIUM,3.0,medium_15pct,0.15,72,0.005176,0.057915,0.3,-0.352739,0.00057516,0.006435,NO_GO
0x8c7080564b5a792a33ef2fd473fba6364d5495e5,uniswap-v3-base,cbBTC / WETH 0.3%,cbBTC,WETH,30,9219108.8647,1767479.9373317,2.145,MEDIUM,3.0,medium_15pct,0.15,168,0.012078,0.135135,0.3,-0.423057,0.00057516,0.006435,NO_GO
0x8c7080564b5a792a33ef2fd473fba6364d5495e5,uniswap-v3-base,cbBTC / WETH 0.3%,cbBTC,WETH,30,9219108.8647,1767479.9373317,2.145,MEDIUM,5.0,medium_15pct,0.15,1,0.00012,0.001341,0.3,-0.301221,0.00057516,0.006435,NO_GO
0x8c7080564b5a792a33ef2fd473fba6364d5495e5,uniswap-v3-base,cbBTC / WETH 0.3%,cbBTC,WETH,30,9219108.8647,1767479.9373317,2.145,MEDIUM,5.0,medium_15pct,0.15,6,0.000719,0.008044,0.3,-0.307325,0.00057516,0.006435,NO_GO
0x8c7080564b5a792a33ef2fd473fba6364d5495e5,uniswap-v3-base,cbBTC / WETH 0.3%,cbBTC,WETH,30,9219108.8647,1767479.9373317,2.145,MEDIUM,5.0,medium_15pct,0.15,24,0.002876,0.032175,0.3,-0.329299,0.00057516,0.006435,NO_GO
0x8c7080564b5a792a33ef2fd473fba6364d5495e5,uniswap-v3-base,cbBTC / WETH 0.3%,cbBTC,WETH,30,9219108.8647,1767479.9373317,2.145,MEDIUM,5.0,medium_15pct,0.15,72,0.008627,0.096525,0.3,-0.387898,0.00057516,0.006435,NO_GO
0x8c7080564b5a792a33ef2fd473fba6364d5495e5,uniswap-v3-base,cbBTC / WETH 0.3%,cbBTC,WETH,30,9219108.8647,1767479.9373317,2.145,MEDIUM,5.0,medium_15pct,0.15,168,0.020131,0.225225,0.3,-0.505094,0.00057516,0.006435,NO_GO
0x8c7080564b5a792a33ef2fd473fba6364d5495e5,uniswap-v3-base,cbBTC / WETH 0.3%,cbBTC,WETH,30,9219108.8647,1767479.9373317,2.145,MEDIUM,10.0,medium_15pct,0.15,1,0.00024,0.002681,0.3,-0.302442,0.00057516,0.006435,NO_GO
0x8c7080564b5a792a33ef2fd473fba6364d5495e5,uniswap-v3-base,cbBTC / WETH 0.3%,cbBTC,WETH,30,9219108.8647,1767479.9373317,2.145,MEDIUM,10.0,medium_15pct,0.15,6,0.001438,0.016087,0.3,-0.31465,0.00057516,0.006435,NO_GO
0x8c7080564b5a792a33ef2fd473fba6364d5495e5,uniswap-v3-base,cbBTC / WETH 0.3%,cbBTC,WETH,30,9219108.8647,1767479.9373317,2.145,MEDIUM,10.0,medium_15pct,0.15,24,0.005752,0.06435,0.3,-0.358598,0.00057516,0.006435,NO_GO
0x8c7080564b5a792a33ef2fd473fba6364d5495e5,uniswap-v3-base,cbBTC / WETH 0.3%,cbBTC,WETH,30,9219108.8647,1767479.9373317,2.145,MEDIUM,10.0,medium_15pct,0.15,72,0.017255,0.19305,0.3,-0.475795,0.00057516,0.006435,NO_GO
0x8c7080564b5a792a33ef2fd473fba6364d5495e5,uniswap-v3-base,cbBTC / WETH 0.3%,cbBTC,WETH,30,9219108.8647,1767479.9373317,2.145,MEDIUM,10.0,medium_15pct,0.15,168,0.040261,0.45045,0.3,-0.710189,0.00057516,0.006435,NO_GO
0x8c7080564b5a792a33ef2fd473fba6364d5495e5,uniswap-v3-base,cbBTC / WETH 0.3%,cbBTC,WETH,30,9219108.8647,1767479.9373317,2.145,MEDIUM,25.0,medium_15pct,0.15,1,0.000599,0.006703,0.3,-0.306104,0.00057516,0.006435,NO_GO
0x8c7080564b5a792a33ef2fd473fba6364d5495e5,uniswap-v3-base,cbBTC / WETH 0.3%,cbBTC,WETH,30,9219108.8647,1767479.9373317,2.145,MEDIUM,25.0,medium_15pct,0.15,6,0.003595,0.040219,0.3,-0.336624,0.00057516,0.006435,NO_GO
0x8c7080564b5a792a33ef2fd473fba6364d5495e5,uniswap-v3-base,cbBTC / WETH 0.3%,cbBTC,WETH,30,9219108.8647,1767479.9373317,2.145,MEDIUM,25.0,medium_15pct,0.15,24,0.014379,0.160875,0.3,-0.446496,0.00057516,0.006435,NO_GO
0x8c7080564b5a792a33ef2fd473fba6364d5495e5,uniswap-v3-base,cbBTC / WETH 0.3%,cbBTC,WETH,30,9219108.8647,1767479.9373317,2.145,MEDIUM,25.0,medium_15pct,0.15,72,0.043137,0.482625,0.3,-0.739488,0.00057516,0.006435,NO_GO
0x8c7080564b5a792a33ef2fd473fba6364d5495e5,uniswap-v3-base,cbBTC / WETH 0.3%,cbBTC,WETH,30,9219108.8647,1767479.9373317,2.145,MEDIUM,25.0,medium_15pct,0.15,168,0.100653,1.126125,0.3,-1.325472,0.00057516,0.006435,NO_GO
0x8c7080564b5a792a33ef2fd473fba6364d5495e5,uniswap-v3-base,cbBTC / WETH 0.3%,cbBTC,WETH,30,9219108.8647,1767479.9373317,2.145,MEDIUM,50.0,medium_15pct,0.15,1,0.001198,0.013406,0.3,-0.312208,0.00057516,0.006435,NO_GO
0x8c7080564b5a792a33ef2fd473fba6364d5495e5,uniswap-v3-base,cbBTC / WETH 0.3%,cbBTC,WETH,30,9219108.8647,1767479.9373317,2.145,MEDIUM,50.0,medium_15pct,0.15,6,0.007189,0.080437,0.3,-0.373248,0.00057516,0.006435,NO_GO
0x8c7080564b5a792a33ef2fd473fba6364d5495e5,uniswap-v3-base,cbBTC / WETH 0.3%,cbBTC,WETH,30,9219108.8647,1767479.9373317,2.145,MEDIUM,50.0,medium_15pct,0.15,24,0.028758,0.32175,0.3,-0.592992,0.00057516,0.006435,NO_GO
0x8c7080564b5a792a33ef2fd473fba6364d5495e5,uniswap-v3-base,cbBTC / WETH 0.3%,cbBTC,WETH,30,9219108.8647,1767479.9373317,2.145,MEDIUM,50.0,medium_15pct,0.15,72,0.086274,0.96525,0.3,-1.178976,0.00057516,0.006435,NO_GO
0x8c7080564b5a792a33ef2fd473fba6364d5495e5,uniswap-v3-base,cbBTC / WETH 0.3%,cbBTC,WETH,30,9219108.8647,1767479.9373317,2.145,MEDIUM,50.0,medium_15pct,0.15,168,0.201305,2.25225,0.3,-2.350945,0.00057516,0.006435,NO_GO
0x4e506648d493c8870f55e870480f92f2f33ece51,aerodrome-slipstream,AERO / WETH 0.3%,AERO,WETH,30,1167466.2654,1759795.40912487,3.818,LOW,1.0,medium_15pct,0.15,1,0.000188,0.000477,0.3,-0.300289,0.00452209,0.011454,NO_GO
0x4e506648d493c8870f55e870480f92f2f33ece51,aerodrome-slipstream,AERO / WETH 0.3%,AERO,WETH,30,1167466.2654,1759795.40912487,3.818,LOW,1.0,medium_15pct,0.15,6,0.001131,0.002863,0.3,-0.301733,0.00452209,0.011454,NO_GO
0x4e506648d493c8870f55e870480f92f2f33ece51,aerodrome-slipstream,AERO / WETH 0.3%,AERO,WETH,30,1167466.2654,1759795.40912487,3.818,LOW,1.0,medium_15pct,0.15,24,0.004522,0.011454,0.3,-0.306932,0.00452209,0.011454,NO_GO
0x4e506648d493c8870f55e870480f92f2f33ece51,aerodrome-slipstream,AERO / WETH 0.3%,AERO,WETH,30,1167466.2654,1759795.40912487,3.818,LOW,1.0,medium_15pct,0.15,72,0.013566,0.034362,0.3,-0.320796,0.00452209,0.011454,NO_GO
0x4e506648d493c8870f55e870480f92f2f33ece51,aerodrome-slipstream,AERO / WETH 0.3%,AERO,WETH,30,1167466.2654,1759795.40912487,3.818,LOW,1.0,medium_15pct,0.15,168,0.031655,0.080178,0.3,-0.348523,0.00452209,0.011454,NO_GO
0x4e506648d493c8870f55e870480f92f2f33ece51,aerodrome-slipstream,AERO / WETH 0.3%,AERO,WETH,30,1167466.2654,1759795.40912487,3.818,LOW,3.0,medium_15pct,0.15,1,0.000565,0.001432,0.3,-0.300866,0.00452209,0.011454,NO_GO
0x4e506648d493c8870f55e870480f92f2f33ece51,aerodrome-slipstream,AERO / WETH 0.3%,AERO,WETH,30,1167466.2654,1759795.40912487,3.818,LOW,3.0,medium_15pct,0.15,6,0.003392,0.00859,0.3,-0.305199,0.00452209,0.011454,NO_GO
0x4e506648d493c8870f55e870480f92f2f33ece51,aerodrome-slipstream,AERO / WETH 0.3%,AERO,WETH,30,1167466.2654,1759795.40912487,3.818,LOW,3.0,medium_15pct,0.15,24,0.013566,0.034362,0.3,-0.320796,0.00452209,0.011454,NO_GO
0x4e506648d493c8870f55e870480f92f2f33ece51,aerodrome-slipstream,AERO / WETH 0.3%,AERO,WETH,30,1167466.2654,1759795.40912487,3.818,LOW,3.0,medium_15pct,0.15,72,0.040699,0.103086,0.3,-0.362387,0.00452209,0.011454,NO_GO
0x4e506648d493c8870f55e870480f92f2f33ece51,aerodrome-slipstream,AERO / WETH 0.3%,AERO,WETH,30,1167466.2654,1759795.40912487,3.818,LOW,3.0,medium_15pct,0.15,168,0.094964,0.240534,0.3,-0.44557,0.00452209,0.011454,NO_GO
0x4e506648d493c8870f55e870480f92f2f33ece51,aerodrome-slipstream,AERO / WETH 0.3%,AERO,WETH,30,1167466.2654,1759795.40912487,3.818,LOW,5.0,medium_15pct,0.15,1,0.000942,0.002386,0.3,-0.301444,0.00452209,0.011454,NO_GO
0x4e506648d493c8870f55e870480f92f2f33ece51,aerodrome-slipstream,AERO / WETH 0.3%,AERO,WETH,30,1167466.2654,1759795.40912487,3.818,LOW,5.0,medium_15pct,0.15,6,0.005653,0.014317,0.3,-0.308665,0.00452209,0.011454,NO_GO
0x4e506648d493c8870f55e870480f92f2f33ece51,aerodrome-slipstream,AERO / WETH 0.3%,AERO,WETH,30,1167466.2654,1759795.40912487,3.818,LOW,5.0,medium_15pct,0.15,24,0.02261,0.05727,0.3,-0.33466,0.00452209,0.011454,NO_GO
0x4e506648d493c8870f55e870480f92f2f33ece51,aerodrome-slipstream,AERO / WETH 0.3%,AERO,WETH,30,1167466.2654,1759795.40912487,3.818,LOW,5.0,medium_15pct,0.15,72,0.067831,0.17181,0.3,-0.403979,0.00452209,0.011454,NO_GO
0x4e506648d493c8870f55e870480f92f2f33ece51,aerodrome-slipstream,AERO / WETH 0.3%,AERO,WETH,30,1167466.2654,1759795.40912487,3.818,LOW,5.0,medium_15pct,0.15,168,0.158273,0.40089,0.3,-0.542617,0.00452209,0.011454,NO_GO
0x4e506648d493c8870f55e870480f92f2f33ece51,aerodrome-slipstream,AERO / WETH 0.3%,AERO,WETH,30,1167466.2654,1759795.40912487,3.818,LOW,10.0,medium_15pct,0.15,1,0.001884,0.004772,0.3,-0.302888,0.00452209,0.011454,NO_GO
0x4e506648d493c8870f55e870480f92f2f33ece51,aerodrome-slipstream,AERO / WETH 0.3%,AERO,WETH,30,1167466.2654,1759795.40912487,3.818,LOW,10.0,medium_15pct,0.15,6,0.011305,0.028635,0.3,-0.31733,0.00452209,0.011454,NO_GO
0x4e506648d493c8870f55e870480f92f2f33ece51,aerodrome-slipstream,AERO / WETH 0.3%,AERO,WETH,30,1167466.2654,1759795.40912487,3.818,LOW,10.0,medium_15pct,0.15,24,0.045221,0.11454,0.3,-0.369319,0.00452209,0.011454,NO_GO
0x4e506648d493c8870f55e870480f92f2f33ece51,aerodrome-slipstream,AERO / WETH 0.3%,AERO,WETH,30,1167466.2654,1759795.40912487,3.818,LOW,10.0,medium_15pct,0.15,72,0.135663,0.34362,0.3,-0.507957,0.00452209,0.011454,NO_GO
0x4e506648d493c8870f55e870480f92f2f33ece51,aerodrome-slipstream,AERO / WETH 0.3%,AERO,WETH,30,1167466.2654,1759795.40912487,3.818,LOW,10.0,medium_15pct,0.15,168,0.316546,0.80178,0.3,-0.785234,0.00452209,0.011454,NO_GO
0x4e506648d493c8870f55e870480f92f2f33ece51,aerodrome-slipstream,AERO / WETH 0.3%,AERO,WETH,30,1167466.2654,1759795.40912487,3.818,LOW,25.0,medium_15pct,0.15,1,0.004711,0.011931,0.3,-0.307221,0.00452209,0.011454,NO_GO
0x4e506648d493c8870f55e870480f92f2f33ece51,aerodrome-slipstream,AERO / WETH 0.3%,AERO,WETH,30,1167466.2654,1759795.40912487,3.818,LOW,25.0,medium_15pct,0.15,6,0.028263,0.071587,0.3,-0.343324,0.00452209,0.011454,NO_GO
0x4e506648d493c8870f55e870480f92f2f33ece51,aerodrome-slipstream,AERO / WETH 0.3%,AERO,WETH,30,1167466.2654,1759795.40912487,3.818,LOW,25.0,medium_15pct,0.15,24,0.113052,0.28635,0.3,-0.473298,0.00452209,0.011454,NO_GO
0x4e506648d493c8870f55e870480f92f2f33ece51,aerodrome-slipstream,AERO / WETH 0.3%,AERO,WETH,30,1167466.2654,1759795.40912487,3.818,LOW,25.0,medium_15pct,0.15,72,0.339157,0.85905,0.3,-0.819893,0.00452209,0.011454,NO_GO
0x4e506648d493c8870f55e870480f92f2f33ece51,aerodrome-slipstream,AERO / WETH 0.3%,AERO,WETH,30,1167466.2654,1759795.40912487,3.818,LOW,25.0,medium_15pct,0.15,168,0.791366,2.00445,0.3,-1.513084,0.00452209,0.011454,NO_GO
0x4e506648d493c8870f55e870480f92f2f33ece51,aerodrome-slipstream,AERO / WETH 0.3%,AERO,WETH,30,1167466.2654,1759795.40912487,3.818,LOW,50.0,medium_15pct,0.15,1,0.009421,0.023862,0.3,-0.314441,0.00452209,0.011454,NO_GO
0x4e506648d493c8870f55e870480f92f2f33ece51,aerodrome-slipstream,AERO / WETH 0.3%,AERO,WETH,30,1167466.2654,1759795.40912487,3.818,LOW,50.0,medium_15pct,0.15,6,0.056526,0.143175,0.3,-0.386649,0.00452209,0.011454,NO_GO
0x4e506648d493c8870f55e870480f92f2f33ece51,aerodrome-slipstream,AERO / WETH 0.3%,AERO,WETH,30,1167466.2654,1759795.40912487,3.818,LOW,50.0,medium_15pct,0.15,24,0.226104,0.5727,0.3,-0.646596,0.00452209,0.011454,NO_GO
0x4e506648d493c8870f55e870480f92f2f33ece51,aerodrome-slipstream,AERO / WETH 0.3%,AERO,WETH,30,1167466.2654,1759795.40912487,3.818,LOW,50.0,medium_15pct,0.15,72,0.678313,1.7181,0.3,-1.339787,0.00452209,0.011454,NO_GO
0x4e506648d493c8870f55e870480f92f2f33ece51,aerodrome-slipstream,AERO / WETH 0.3%,AERO,WETH,30,1167466.2654,1759795.40912487,3.818,LOW,50.0,medium_15pct,0.15,168,1.582731,4.0089,0.3,-2.726169,0.00452209,0.011454,NO_GO
0xe070797535b13431808f8fc81fdbe7b41362960ed0b55bc2b6117c49c51b7eb9,uniswap-v4-base,ETH / USDC 0.3%,ETH,USDC,30,3406350.0561,1651299.85232979,1.38,MEDIUM,1.0,medium_15pct,0.15,1,6.1e-05,0.000172,0.3,-0.300112,0.00145431,0.00414,NO_GO
0xe070797535b13431808f8fc81fdbe7b41362960ed0b55bc2b6117c49c51b7eb9,uniswap-v4-base,ETH / USDC 0.3%,ETH,USDC,30,3406350.0561,1651299.85232979,1.38,MEDIUM,1.0,medium_15pct,0.15,6,0.000364,0.001035,0.3,-0.300671,0.00145431,0.00414,NO_GO
0xe070797535b13431808f8fc81fdbe7b41362960ed0b55bc2b6117c49c51b7eb9,uniswap-v4-base,ETH / USDC 0.3%,ETH,USDC,30,3406350.0561,1651299.85232979,1.38,MEDIUM,1.0,medium_15pct,0.15,24,0.001454,0.00414,0.3,-0.302686,0.00145431,0.00414,NO_GO
0xe070797535b13431808f8fc81fdbe7b41362960ed0b55bc2b6117c49c51b7eb9,uniswap-v4-base,ETH / USDC 0.3%,ETH,USDC,30,3406350.0561,1651299.85232979,1.38,MEDIUM,1.0,medium_15pct,0.15,72,0.004363,0.01242,0.3,-0.308057,0.00145431,0.00414,NO_GO
0xe070797535b13431808f8fc81fdbe7b41362960ed0b55bc2b6117c49c51b7eb9,uniswap-v4-base,ETH / USDC 0.3%,ETH,USDC,30,3406350.0561,1651299.85232979,1.38,MEDIUM,1.0,medium_15pct,0.15,168,0.01018,0.02898,0.3,-0.3188,0.00145431,0.00414,NO_GO
0xe070797535b13431808f8fc81fdbe7b41362960ed0b55bc2b6117c49c51b7eb9,uniswap-v4-base,ETH / USDC 0.3%,ETH,USDC,30,3406350.0561,1651299.85232979,1.38,MEDIUM,3.0,medium_15pct,0.15,1,0.000182,0.000517,0.3,-0.300336,0.00145431,0.00414,NO_GO
0xe070797535b13431808f8fc81fdbe7b41362960ed0b55bc2b6117c49c51b7eb9,uniswap-v4-base,ETH / USDC 0.3%,ETH,USDC,30,3406350.0561,1651299.85232979,1.38,MEDIUM,3.0,medium_15pct,0.15,6,0.001091,0.003105,0.3,-0.302014,0.00145431,0.00414,NO_GO
0xe070797535b13431808f8fc81fdbe7b41362960ed0b55bc2b6117c49c51b7eb9,uniswap-v4-base,ETH / USDC 0.3%,ETH,USDC,30,3406350.0561,1651299.85232979,1.38,MEDIUM,3.0,medium_15pct,0.15,24,0.004363,0.01242,0.3,-0.308057,0.00145431,0.00414,NO_GO
0xe070797535b13431808f8fc81fdbe7b41362960ed0b55bc2b6117c49c51b7eb9,uniswap-v4-base,ETH / USDC 0.3%,ETH,USDC,30,3406350.0561,1651299.85232979,1.38,MEDIUM,3.0,medium_15pct,0.15,72,0.013089,0.03726,0.3,-0.324171,0.00145431,0.00414,NO_GO
0xe070797535b13431808f8fc81fdbe7b41362960ed0b55bc2b6117c49c51b7eb9,uniswap-v4-base,ETH / USDC 0.3%,ETH,USDC,30,3406350.0561,1651299.85232979,1.38,MEDIUM,3.0,medium_15pct,0.15,168,0.030541,0.08694,0.3,-0.356399,0.00145431,0.00414,NO_GO
0xe070797535b13431808f8fc81fdbe7b41362960ed0b55bc2b6117c49c51b7eb9,uniswap-v4-base,ETH / USDC 0.3%,ETH,USDC,30,3406350.0561,1651299.85232979,1.38,MEDIUM,5.0,medium_15pct,0.15,1,0.000303,0.000862,0.3,-0.30056,0.00145431,0.00414,NO_GO
0xe070797535b13431808f8fc81fdbe7b41362960ed0b55bc2b6117c49c51b7eb9,uniswap-v4-base,ETH / USDC 0.3%,ETH,USDC,30,3406350.0561,1651299.85232979,1.38,MEDIUM,5.0,medium_15pct,0.15,6,0.001818,0.005175,0.3,-0.303357,0.00145431,0.00414,NO_GO
0xe070797535b13431808f8fc81fdbe7b41362960ed0b55bc2b6117c49c51b7eb9,uniswap-v4-base,ETH / USDC 0.3%,ETH,USDC,30,3406350.0561,1651299.85232979,1.38,MEDIUM,5.0,medium_15pct,0.15,24,0.007272,0.0207,0.3,-0.313428,0.00145431,0.00414,NO_GO
0xe070797535b13431808f8fc81fdbe7b41362960ed0b55bc2b6117c49c51b7eb9,uniswap-v4-base,ETH / USDC 0.3%,ETH,USDC,30,3406350.0561,1651299.85232979,1.38,MEDIUM,5.0,medium_15pct,0.15,72,0.021815,0.0621,0.3,-0.340285,0.00145431,0.00414,NO_GO
0xe070797535b13431808f8fc81fdbe7b41362960ed0b55bc2b6117c49c51b7eb9,uniswap-v4-base,ETH / USDC 0.3%,ETH,USDC,30,3406350.0561,1651299.85232979,1.38,MEDIUM,5.0,medium_15pct,0.15,168,0.050901,0.1449,0.3,-0.393999,0.00145431,0.00414,NO_GO
0xe070797535b13431808f8fc81fdbe7b41362960ed0b55bc2b6117c49c51b7eb9,uniswap-v4-base,ETH / USDC 0.3%,ETH,USDC,30,3406350.0561,1651299.85232979,1.38,MEDIUM,10.0,medium_15pct,0.15,1,0.000606,0.001725,0.3,-0.301119,0.00145431,0.00414,NO_GO
0xe070797535b13431808f8fc81fdbe7b41362960ed0b55bc2b6117c49c51b7eb9,uniswap-v4-base,ETH / USDC 0.3%,ETH,USDC,30,3406350.0561,1651299.85232979,1.38,MEDIUM,10.0,medium_15pct,0.15,6,0.003636,0.01035,0.3,-0.306714,0.00145431,0.00414,NO_GO
0xe070797535b13431808f8fc81fdbe7b41362960ed0b55bc2b6117c49c51b7eb9,uniswap-v4-base,ETH / USDC 0.3%,ETH,USDC,30,3406350.0561,1651299.85232979,1.38,MEDIUM,10.0,medium_15pct,0.15,24,0.014543,0.0414,0.3,-0.326857,0.00145431,0.00414,NO_GO
0xe070797535b13431808f8fc81fdbe7b41362960ed0b55bc2b6117c49c51b7eb9,uniswap-v4-base,ETH / USDC 0.3%,ETH,USDC,30,3406350.0561,1651299.85232979,1.38,MEDIUM,10.0,medium_15pct,0.15,72,0.043629,0.1242,0.3,-0.380571,0.00145431,0.00414,NO_GO
0xe070797535b13431808f8fc81fdbe7b41362960ed0b55bc2b6117c49c51b7eb9,uniswap-v4-base,ETH / USDC 0.3%,ETH,USDC,30,3406350.0561,1651299.85232979,1.38,MEDIUM,10.0,medium_15pct,0.15,168,0.101802,0.2898,0.3,-0.487998,0.00145431,0.00414,NO_GO
0xe070797535b13431808f8fc81fdbe7b41362960ed0b55bc2b6117c49c51b7eb9,uniswap-v4-base,ETH / USDC 0.3%,ETH,USDC,30,3406350.0561,1651299.85232979,1.38,MEDIUM,25.0,medium_15pct,0.15,1,0.001515,0.004312,0.3,-0.302798,0.00145431,0.00414,NO_GO
0xe070797535b13431808f8fc81fdbe7b41362960ed0b55bc2b6117c49c51b7eb9,uniswap-v4-base,ETH / USDC 0.3%,ETH,USDC,30,3406350.0561,1651299.85232979,1.38,MEDIUM,25.0,medium_15pct,0.15,6,0.009089,0.025875,0.3,-0.316786,0.00145431,0.00414,NO_GO
0xe070797535b13431808f8fc81fdbe7b41362960ed0b55bc2b6117c49c51b7eb9,uniswap-v4-base,ETH / USDC 0.3%,ETH,USDC,30,3406350.0561,1651299.85232979,1.38,MEDIUM,25.0,medium_15pct,0.15,24,0.036358,0.1035,0.3,-0.367142,0.00145431,0.00414,NO_GO
0xe070797535b13431808f8fc81fdbe7b41362960ed0b55bc2b6117c49c51b7eb9,uniswap-v4-base,ETH / USDC 0.3%,ETH,USDC,30,3406350.0561,1651299.85232979,1.38,MEDIUM,25.0,medium_15pct,0.15,72,0.109073,0.3105,0.3,-0.501427,0.00145431,0.00414,NO_GO
0xe070797535b13431808f8fc81fdbe7b41362960ed0b55bc2b6117c49c51b7eb9,uniswap-v4-base,ETH / USDC 0.3%,ETH,USDC,30,3406350.0561,1651299.85232979,1.38,MEDIUM,25.0,medium_15pct,0.15,168,0.254505,0.7245,0.3,-0.769995,0.00145431,0.00414,NO_GO
0xe070797535b13431808f8fc81fdbe7b41362960ed0b55bc2b6117c49c51b7eb9,uniswap-v4-base,ETH / USDC 0.3%,ETH,USDC,30,3406350.0561,1651299.85232979,1.38,MEDIUM,50.0,medium_15pct,0.15,1,0.00303,0.008625,0.3,-0.305595,0.00145431,0.00414,NO_GO
0xe070797535b13431808f8fc81fdbe7b41362960ed0b55bc2b6117c49c51b7eb9,uniswap-v4-base,ETH / USDC 0.3%,ETH,USDC,30,3406350.0561,1651299.85232979,1.38,MEDIUM,50.0,medium_15pct,0.15,6,0.018179,0.05175,0.3,-0.333571,0.00145431,0.00414,NO_GO
0xe070797535b13431808f8fc81fdbe7b41362960ed0b55bc2b6117c49c51b7eb9,uniswap-v4-base,ETH / USDC 0.3%,ETH,USDC,30,3406350.0561,1651299.85232979,1.38,MEDIUM,50.0,medium_15pct,0.15,24,0.072716,0.207,0.3,-0.434284,0.00145431,0.00414,NO_GO
0xe070797535b13431808f8fc81fdbe7b41362960ed0b55bc2b6117c49c51b7eb9,uniswap-v4-base,ETH / USDC 0.3%,ETH,USDC,30,3406350.0561,1651299.85232979,1.38,MEDIUM,50.0,medium_15pct,0.15,72,0.218147,0.621,0.3,-0.702853,0.00145431,0.00414,NO_GO
0xe070797535b13431808f8fc81fdbe7b41362960ed0b55bc2b6117c49c51b7eb9,uniswap-v4-base,ETH / USDC 0.3%,ETH,USDC,30,3406350.0561,1651299.85232979,1.38,MEDIUM,50.0,medium_15pct,0.15,168,0.50901,1.449,0.3,-1.23999,0.00145431,0.00414,NO_GO
0xec558e484cc9f2210714e345298fdc53b253c27d,uniswap-v3-base,cbBTC / USDC 0.3%,cbBTC,USDC,30,4782323.1899,1624769.39256416,2.04,MEDIUM,1.0,medium_15pct,0.15,1,4.2e-05,0.000255,0.3,-0.300213,0.00101923,0.00612,NO_GO
0xec558e484cc9f2210714e345298fdc53b253c27d,uniswap-v3-base,cbBTC / USDC 0.3%,cbBTC,USDC,30,4782323.1899,1624769.39256416,2.04,MEDIUM,1.0,medium_15pct,0.15,6,0.000255,0.00153,0.3,-0.301275,0.00101923,0.00612,NO_GO
0xec558e484cc9f2210714e345298fdc53b253c27d,uniswap-v3-base,cbBTC / USDC 0.3%,cbBTC,USDC,30,4782323.1899,1624769.39256416,2.04,MEDIUM,1.0,medium_15pct,0.15,24,0.001019,0.00612,0.3,-0.305101,0.00101923,0.00612,NO_GO
0xec558e484cc9f2210714e345298fdc53b253c27d,uniswap-v3-base,cbBTC / USDC 0.3%,cbBTC,USDC,30,4782323.1899,1624769.39256416,2.04,MEDIUM,1.0,medium_15pct,0.15,72,0.003058,0.01836,0.3,-0.315302,0.00101923,0.00612,NO_GO
0xec558e484cc9f2210714e345298fdc53b253c27d,uniswap-v3-base,cbBTC / USDC 0.3%,cbBTC,USDC,30,4782323.1899,1624769.39256416,2.04,MEDIUM,1.0,medium_15pct,0.15,168,0.007135,0.04284,0.3,-0.335705,0.00101923,0.00612,NO_GO
0xec558e484cc9f2210714e345298fdc53b253c27d,uniswap-v3-base,cbBTC / USDC 0.3%,cbBTC,USDC,30,4782323.1899,1624769.39256416,2.04,MEDIUM,3.0,medium_15pct,0.15,1,0.000127,0.000765,0.3,-0.300638,0.00101923,0.00612,NO_GO
0xec558e484cc9f2210714e345298fdc53b253c27d,uniswap-v3-base,cbBTC / USDC 0.3%,cbBTC,USDC,30,4782323.1899,1624769.39256416,2.04,MEDIUM,3.0,medium_15pct,0.15,6,0.000764,0.00459,0.3,-0.303826,0.00101923,0.00612,NO_GO
0xec558e484cc9f2210714e345298fdc53b253c27d,uniswap-v3-base,cbBTC / USDC 0.3%,cbBTC,USDC,30,4782323.1899,1624769.39256416,2.04,MEDIUM,3.0,medium_15pct,0.15,24,0.003058,0.01836,0.3,-0.315302,0.00101923,0.00612,NO_GO
0xec558e484cc9f2210714e345298fdc53b253c27d,uniswap-v3-base,cbBTC / USDC 0.3%,cbBTC,USDC,30,4782323.1899,1624769.39256416,2.04,MEDIUM,3.0,medium_15pct,0.15,72,0.009173,0.05508,0.3,-0.345907,0.00101923,0.00612,NO_GO
0xec558e484cc9f2210714e345298fdc53b253c27d,uniswap-v3-base,cbBTC / USDC 0.3%,cbBTC,USDC,30,4782323.1899,1624769.39256416,2.04,MEDIUM,3.0,medium_15pct,0.15,168,0.021404,0.12852,0.3,-0.407116,0.00101923,0.00612,NO_GO
0xec558e484cc9f2210714e345298fdc53b253c27d,uniswap-v3-base,cbBTC / USDC 0.3%,cbBTC,USDC,30,4782323.1899,1624769.39256416,2.04,MEDIUM,5.0,medium_15pct,0.15,1,0.000212,0.001275,0.3,-0.301063,0.00101923,0.00612,NO_GO
0xec558e484cc9f2210714e345298fdc53b253c27d,uniswap-v3-base,cbBTC / USDC 0.3%,cbBTC,USDC,30,4782323.1899,1624769.39256416,2.04,MEDIUM,5.0,medium_15pct,0.15,6,0.001274,0.00765,0.3,-0.306376,0.00101923,0.00612,NO_GO
0xec558e484cc9f2210714e345298fdc53b253c27d,uniswap-v3-base,cbBTC / USDC 0.3%,cbBTC,USDC,30,4782323.1899,1624769.39256416,2.04,MEDIUM,5.0,medium_15pct,0.15,24,0.005096,0.0306,0.3,-0.325504,0.00101923,0.00612,NO_GO
0xec558e484cc9f2210714e345298fdc53b253c27d,uniswap-v3-base,cbBTC / USDC 0.3%,cbBTC,USDC,30,4782323.1899,1624769.39256416,2.04,MEDIUM,5.0,medium_15pct,0.15,72,0.015289,0.0918,0.3,-0.376511,0.00101923,0.00612,NO_GO
0xec558e484cc9f2210714e345298fdc53b253c27d,uniswap-v3-base,cbBTC / USDC 0.3%,cbBTC,USDC,30,4782323.1899,1624769.39256416,2.04,MEDIUM,5.0,medium_15pct,0.15,168,0.035673,0.2142,0.3,-0.478527,0.00101923,0.00612,NO_GO
0xec558e484cc9f2210714e345298fdc53b253c27d,uniswap-v3-base,cbBTC / USDC 0.3%,cbBTC,USDC,30,4782323.1899,1624769.39256416,2.04,MEDIUM,10.0,medium_15pct,0.15,1,0.000425,0.00255,0.3,-0.302125,0.00101923,0.00612,NO_GO
0xec558e484cc9f2210714e345298fdc53b253c27d,uniswap-v3-base,cbBTC / USDC 0.3%,cbBTC,USDC,30,4782323.1899,1624769.39256416,2.04,MEDIUM,10.0,medium_15pct,0.15,6,0.002548,0.0153,0.3,-0.312752,0.00101923,0.00612,NO_GO
0xec558e484cc9f2210714e345298fdc53b253c27d,uniswap-v3-base,cbBTC / USDC 0.3%,cbBTC,USDC,30,4782323.1899,1624769.39256416,2.04,MEDIUM,10.0,medium_15pct,0.15,24,0.010192,0.0612,0.3,-0.351008,0.00101923,0.00612,NO_GO
0xec558e484cc9f2210714e345298fdc53b253c27d,uniswap-v3-base,cbBTC / USDC 0.3%,cbBTC,USDC,30,4782323.1899,1624769.39256416,2.04,MEDIUM,10.0,medium_15pct,0.15,72,0.030577,0.1836,0.3,-0.453023,0.00101923,0.00612,NO_GO
0xec558e484cc9f2210714e345298fdc53b253c27d,uniswap-v3-base,cbBTC / USDC 0.3%,cbBTC,USDC,30,4782323.1899,1624769.39256416,2.04,MEDIUM,10.0,medium_15pct,0.15,168,0.071346,0.4284,0.3,-0.657054,0.00101923,0.00612,NO_GO
0xec558e484cc9f2210714e345298fdc53b253c27d,uniswap-v3-base,cbBTC / USDC 0.3%,cbBTC,USDC,30,4782323.1899,1624769.39256416,2.04,MEDIUM,25.0,medium_15pct,0.15,1,0.001062,0.006375,0.3,-0.305313,0.00101923,0.00612,NO_GO
0xec558e484cc9f2210714e345298fdc53b253c27d,uniswap-v3-base,cbBTC / USDC 0.3%,cbBTC,USDC,30,4782323.1899,1624769.39256416,2.04,MEDIUM,25.0,medium_15pct,0.15,6,0.00637,0.03825,0.3,-0.33188,0.00101923,0.00612,NO_GO
0xec558e484cc9f2210714e345298fdc53b253c27d,uniswap-v3-base,cbBTC / USDC 0.3%,cbBTC,USDC,30,4782323.1899,1624769.39256416,2.04,MEDIUM,25.0,medium_15pct,0.15,24,0.025481,0.153,0.3,-0.427519,0.00101923,0.00612,NO_GO
0xec558e484cc9f2210714e345298fdc53b253c27d,uniswap-v3-base,cbBTC / USDC 0.3%,cbBTC,USDC,30,4782323.1899,1624769.39256416,2.04,MEDIUM,25.0,medium_15pct,0.15,72,0.076443,0.459,0.3,-0.682557,0.00101923,0.00612,NO_GO
0xec558e484cc9f2210714e345298fdc53b253c27d,uniswap-v3-base,cbBTC / USDC 0.3%,cbBTC,USDC,30,4782323.1899,1624769.39256416,2.04,MEDIUM,25.0,medium_15pct,0.15,168,0.178366,1.071,0.3,-1.192634,0.00101923,0.00612,NO_GO
0xec558e484cc9f2210714e345298fdc53b253c27d,uniswap-v3-base,cbBTC / USDC 0.3%,cbBTC,USDC,30,4782323.1899,1624769.39256416,2.04,MEDIUM,50.0,medium_15pct,0.15,1,0.002123,0.01275,0.3,-0.310627,0.00101923,0.00612,NO_GO
0xec558e484cc9f2210714e345298fdc53b253c27d,uniswap-v3-base,cbBTC / USDC 0.3%,cbBTC,USDC,30,4782323.1899,1624769.39256416,2.04,MEDIUM,50.0,medium_15pct,0.15,6,0.01274,0.0765,0.3,-0.36376,0.00101923,0.00612,NO_GO
0xec558e484cc9f2210714e345298fdc53b253c27d,uniswap-v3-base,cbBTC / USDC 0.3%,cbBTC,USDC,30,4782323.1899,1624769.39256416,2.04,MEDIUM,50.0,medium_15pct,0.15,24,0.050962,0.306,0.3,-0.555038,0.00101923,0.00612,NO_GO
0xec558e484cc9f2210714e345298fdc53b253c27d,uniswap-v3-base,cbBTC / USDC 0.3%,cbBTC,USDC,30,4782323.1899,1624769.39256416,2.04,MEDIUM,50.0,medium_15pct,0.15,72,0.152885,0.918,0.3,-1.065115,0.00101923,0.00612,NO_GO
0xec558e484cc9f2210714e345298fdc53b253c27d,uniswap-v3-base,cbBTC / USDC 0.3%,cbBTC,USDC,30,4782323.1899,1624769.39256416,2.04,MEDIUM,50.0,medium_15pct,0.15,168,0.356732,2.142,0.3,-2.085268,0.00101923,0.00612,NO_GO
0x9c087eb773291e50cf6c6a90ef0f4500e349b903,uniswap-v3-base,VIRTUAL / WETH 0.05%,VIRTUAL,WETH,5,417938.1535,1339287.17946538,-0.263,MEDIUM,1.0,medium_15pct,0.15,1,6.7e-05,3.3e-05,0.3,-0.299966,0.00160226,0.000789,NO_GO
0x9c087eb773291e50cf6c6a90ef0f4500e349b903,uniswap-v3-base,VIRTUAL / WETH 0.05%,VIRTUAL,WETH,5,417938.1535,1339287.17946538,-0.263,MEDIUM,1.0,medium_15pct,0.15,6,0.000401,0.000197,0.3,-0.299797,0.00160226,0.000789,NO_GO
0x9c087eb773291e50cf6c6a90ef0f4500e349b903,uniswap-v3-base,VIRTUAL / WETH 0.05%,VIRTUAL,WETH,5,417938.1535,1339287.17946538,-0.263,MEDIUM,1.0,medium_15pct,0.15,24,0.001602,0.000789,0.3,-0.299187,0.00160226,0.000789,NO_GO
0x9c087eb773291e50cf6c6a90ef0f4500e349b903,uniswap-v3-base,VIRTUAL / WETH 0.05%,VIRTUAL,WETH,5,417938.1535,1339287.17946538,-0.263,MEDIUM,1.0,medium_15pct,0.15,72,0.004807,0.002367,0.3,-0.29756,0.00160226,0.000789,NO_GO
0x9c087eb773291e50cf6c6a90ef0f4500e349b903,uniswap-v3-base,VIRTUAL / WETH 0.05%,VIRTUAL,WETH,5,417938.1535,1339287.17946538,-0.263,MEDIUM,1.0,medium_15pct,0.15,168,0.011216,0.005523,0.3,-0.294307,0.00160226,0.000789,NO_GO
0x9c087eb773291e50cf6c6a90ef0f4500e349b903,uniswap-v3-base,VIRTUAL / WETH 0.05%,VIRTUAL,WETH,5,417938.1535,1339287.17946538,-0.263,MEDIUM,3.0,medium_15pct,0.15,1,0.0002,9.9e-05,0.3,-0.299898,0.00160226,0.000789,NO_GO
0x9c087eb773291e50cf6c6a90ef0f4500e349b903,uniswap-v3-base,VIRTUAL / WETH 0.05%,VIRTUAL,WETH,5,417938.1535,1339287.17946538,-0.263,MEDIUM,3.0,medium_15pct,0.15,6,0.001202,0.000592,0.3,-0.29939,0.00160226,0.000789,NO_GO
0x9c087eb773291e50cf6c6a90ef0f4500e349b903,uniswap-v3-base,VIRTUAL / WETH 0.05%,VIRTUAL,WETH,5,417938.1535,1339287.17946538,-0.263,MEDIUM,3.0,medium_15pct,0.15,24,0.004807,0.002367,0.3,-0.29756,0.00160226,0.000789,NO_GO
0x9c087eb773291e50cf6c6a90ef0f4500e349b903,uniswap-v3-base,VIRTUAL / WETH 0.05%,VIRTUAL,WETH,5,417938.1535,1339287.17946538,-0.263,MEDIUM,3.0,medium_15pct,0.15,72,0.01442,0.007101,0.3,-0.292681,0.00160226,0.000789,NO_GO
0x9c087eb773291e50cf6c6a90ef0f4500e349b903,uniswap-v3-base,VIRTUAL / WETH 0.05%,VIRTUAL,WETH,5,417938.1535,1339287.17946538,-0.263,MEDIUM,3.0,medium_15pct,0.15,168,0.033647,0.016569,0.3,-0.282922,0.00160226,0.000789,NO_GO
0x9c087eb773291e50cf6c6a90ef0f4500e349b903,uniswap-v3-base,VIRTUAL / WETH 0.05%,VIRTUAL,WETH,5,417938.1535,1339287.17946538,-0.263,MEDIUM,5.0,medium_15pct,0.15,1,0.000334,0.000164,0.3,-0.299831,0.00160226,0.000789,NO_GO
0x9c087eb773291e50cf6c6a90ef0f4500e349b903,uniswap-v3-base,VIRTUAL / WETH 0.05%,VIRTUAL,WETH,5,417938.1535,1339287.17946538,-0.263,MEDIUM,5.0,medium_15pct,0.15,6,0.002003,0.000986,0.3,-0.298983,0.00160226,0.000789,NO_GO
0x9c087eb773291e50cf6c6a90ef0f4500e349b903,uniswap-v3-base,VIRTUAL / WETH 0.05%,VIRTUAL,WETH,5,417938.1535,1339287.17946538,-0.263,MEDIUM,5.0,medium_15pct,0.15,24,0.008011,0.003945,0.3,-0.295934,0.00160226,0.000789,NO_GO
0x9c087eb773291e50cf6c6a90ef0f4500e349b903,uniswap-v3-base,VIRTUAL / WETH 0.05%,VIRTUAL,WETH,5,417938.1535,1339287.17946538,-0.263,MEDIUM,5.0,medium_15pct,0.15,72,0.024034,0.011835,0.3,-0.287801,0.00160226,0.000789,NO_GO
0x9c087eb773291e50cf6c6a90ef0f4500e349b903,uniswap-v3-base,VIRTUAL / WETH 0.05%,VIRTUAL,WETH,5,417938.1535,1339287.17946538,-0.263,MEDIUM,5.0,medium_15pct,0.15,168,0.056079,0.027615,0.3,-0.271536,0.00160226,0.000789,NO_GO
0x9c087eb773291e50cf6c6a90ef0f4500e349b903,uniswap-v3-base,VIRTUAL / WETH 0.05%,VIRTUAL,WETH,5,417938.1535,1339287.17946538,-0.263,MEDIUM,10.0,medium_15pct,0.15,1,0.000668,0.000329,0.3,-0.299661,0.00160226,0.000789,NO_GO
0x9c087eb773291e50cf6c6a90ef0f4500e349b903,uniswap-v3-base,VIRTUAL / WETH 0.05%,VIRTUAL,WETH,5,417938.1535,1339287.17946538,-0.263,MEDIUM,10.0,medium_15pct,0.15,6,0.004006,0.001972,0.3,-0.297967,0.00160226,0.000789,NO_GO
0x9c087eb773291e50cf6c6a90ef0f4500e349b903,uniswap-v3-base,VIRTUAL / WETH 0.05%,VIRTUAL,WETH,5,417938.1535,1339287.17946538,-0.263,MEDIUM,10.0,medium_15pct,0.15,24,0.016023,0.00789,0.3,-0.291867,0.00160226,0.000789,NO_GO
0x9c087eb773291e50cf6c6a90ef0f4500e349b903,uniswap-v3-base,VIRTUAL / WETH 0.05%,VIRTUAL,WETH,5,417938.1535,1339287.17946538,-0.263,MEDIUM,10.0,medium_15pct,0.15,72,0.048068,0.02367,0.3,-0.275602,0.00160226,0.000789,NO_GO
0x9c087eb773291e50cf6c6a90ef0f4500e349b903,uniswap-v3-base,VIRTUAL / WETH 0.05%,VIRTUAL,WETH,5,417938.1535,1339287.17946538,-0.263,MEDIUM,10.0,medium_15pct,0.15,168,0.112158,0.05523,0.3,-0.243072,0.00160226,0.000789,NO_GO
0x9c087eb773291e50cf6c6a90ef0f4500e349b903,uniswap-v3-base,VIRTUAL / WETH 0.05%,VIRTUAL,WETH,5,417938.1535,1339287.17946538,-0.263,MEDIUM,25.0,medium_15pct,0.15,1,0.001669,0.000822,0.3,-0.299153,0.00160226,0.000789,NO_GO
0x9c087eb773291e50cf6c6a90ef0f4500e349b903,uniswap-v3-base,VIRTUAL / WETH 0.05%,VIRTUAL,WETH,5,417938.1535,1339287.17946538,-0.263,MEDIUM,25.0,medium_15pct,0.15,6,0.010014,0.004931,0.3,-0.294917,0.00160226,0.000789,NO_GO
0x9c087eb773291e50cf6c6a90ef0f4500e349b903,uniswap-v3-base,VIRTUAL / WETH 0.05%,VIRTUAL,WETH,5,417938.1535,1339287.17946538,-0.263,MEDIUM,25.0,medium_15pct,0.15,24,0.040056,0.019725,0.3,-0.279669,0.00160226,0.000789,NO_GO
0x9c087eb773291e50cf6c6a90ef0f4500e349b903,uniswap-v3-base,VIRTUAL / WETH 0.05%,VIRTUAL,WETH,5,417938.1535,1339287.17946538,-0.263,MEDIUM,25.0,medium_15pct,0.15,72,0.120169,0.059175,0.3,-0.239006,0.00160226,0.000789,NO_GO
0x9c087eb773291e50cf6c6a90ef0f4500e349b903,uniswap-v3-base,VIRTUAL / WETH 0.05%,VIRTUAL,WETH,5,417938.1535,1339287.17946538,-0.263,MEDIUM,25.0,medium_15pct,0.15,168,0.280395,0.138075,0.3,-0.15768,0.00160226,0.000789,NO_GO
0x9c087eb773291e50cf6c6a90ef0f4500e349b903,uniswap-v3-base,VIRTUAL / WETH 0.05%,VIRTUAL,WETH,5,417938.1535,1339287.17946538,-0.263,MEDIUM,50.0,medium_15pct,0.15,1,0.003338,0.001644,0.3,-0.298306,0.00160226,0.000789,NO_GO
0x9c087eb773291e50cf6c6a90ef0f4500e349b903,uniswap-v3-base,VIRTUAL / WETH 0.05%,VIRTUAL,WETH,5,417938.1535,1339287.17946538,-0.263,MEDIUM,50.0,medium_15pct,0.15,6,0.020028,0.009862,0.3,-0.289834,0.00160226,0.000789,NO_GO
0x9c087eb773291e50cf6c6a90ef0f4500e349b903,uniswap-v3-base,VIRTUAL / WETH 0.05%,VIRTUAL,WETH,5,417938.1535,1339287.17946538,-0.263,MEDIUM,50.0,medium_15pct,0.15,24,0.080113,0.03945,0.3,-0.259337,0.00160226,0.000789,NO_GO
0x9c087eb773291e50cf6c6a90ef0f4500e349b903,uniswap-v3-base,VIRTUAL / WETH 0.05%,VIRTUAL,WETH,5,417938.1535,1339287.17946538,-0.263,MEDIUM,50.0,medium_15pct,0.15,72,0.240338,0.11835,0.3,-0.178012,0.00160226,0.000789,NO_GO
0x9c087eb773291e50cf6c6a90ef0f4500e349b903,uniswap-v3-base,VIRTUAL / WETH 0.05%,VIRTUAL,WETH,5,417938.1535,1339287.17946538,-0.263,MEDIUM,50.0,medium_15pct,0.15,168,0.560789,0.27615,0.3,-0.015361,0.00160226,0.000789,NEED_MORE_DATA
0x3c4384f3664b37a3cb5a5cb3452b4b4a3aa1256f,aerodrome-slipstream,CHECK / USDC 0.25%,CHECK,USDC,25,880663.3203,1156417.43907325,0.62,MEDIUM,1.0,medium_15pct,0.15,1,0.000137,7.7e-05,0.3,-0.299941,0.0032828,0.00186,NO_GO
0x3c4384f3664b37a3cb5a5cb3452b4b4a3aa1256f,aerodrome-slipstream,CHECK / USDC 0.25%,CHECK,USDC,25,880663.3203,1156417.43907325,0.62,MEDIUM,1.0,medium_15pct,0.15,6,0.000821,0.000465,0.3,-0.299644,0.0032828,0.00186,NO_GO
0x3c4384f3664b37a3cb5a5cb3452b4b4a3aa1256f,aerodrome-slipstream,CHECK / USDC 0.25%,CHECK,USDC,25,880663.3203,1156417.43907325,0.62,MEDIUM,1.0,medium_15pct,0.15,24,0.003283,0.00186,0.3,-0.298577,0.0032828,0.00186,NO_GO
0x3c4384f3664b37a3cb5a5cb3452b4b4a3aa1256f,aerodrome-slipstream,CHECK / USDC 0.25%,CHECK,USDC,25,880663.3203,1156417.43907325,0.62,MEDIUM,1.0,medium_15pct,0.15,72,0.009848,0.00558,0.3,-0.295732,0.0032828,0.00186,NO_GO
0x3c4384f3664b37a3cb5a5cb3452b4b4a3aa1256f,aerodrome-slipstream,CHECK / USDC 0.25%,CHECK,USDC,25,880663.3203,1156417.43907325,0.62,MEDIUM,1.0,medium_15pct,0.15,168,0.02298,0.01302,0.3,-0.29004,0.0032828,0.00186,NO_GO
0x3c4384f3664b37a3cb5a5cb3452b4b4a3aa1256f,aerodrome-slipstream,CHECK / USDC 0.25%,CHECK,USDC,25,880663.3203,1156417.43907325,0.62,MEDIUM,3.0,medium_15pct,0.15,1,0.00041,0.000232,0.3,-0.299822,0.0032828,0.00186,NO_GO
0x3c4384f3664b37a3cb5a5cb3452b4b4a3aa1256f,aerodrome-slipstream,CHECK / USDC 0.25%,CHECK,USDC,25,880663.3203,1156417.43907325,0.62,MEDIUM,3.0,medium_15pct,0.15,6,0.002462,0.001395,0.3,-0.298933,0.0032828,0.00186,NO_GO
0x3c4384f3664b37a3cb5a5cb3452b4b4a3aa1256f,aerodrome-slipstream,CHECK / USDC 0.25%,CHECK,USDC,25,880663.3203,1156417.43907325,0.62,MEDIUM,3.0,medium_15pct,0.15,24,0.009848,0.00558,0.3,-0.295732,0.0032828,0.00186,NO_GO
0x3c4384f3664b37a3cb5a5cb3452b4b4a3aa1256f,aerodrome-slipstream,CHECK / USDC 0.25%,CHECK,USDC,25,880663.3203,1156417.43907325,0.62,MEDIUM,3.0,medium_15pct,0.15,72,0.029545,0.01674,0.3,-0.287195,0.0032828,0.00186,NO_GO
0x3c4384f3664b37a3cb5a5cb3452b4b4a3aa1256f,aerodrome-slipstream,CHECK / USDC 0.25%,CHECK,USDC,25,880663.3203,1156417.43907325,0.62,MEDIUM,3.0,medium_15pct,0.15,168,0.068939,0.03906,0.3,-0.270121,0.0032828,0.00186,NO_GO
0x3c4384f3664b37a3cb5a5cb3452b4b4a3aa1256f,aerodrome-slipstream,CHECK / USDC 0.25%,CHECK,USDC,25,880663.3203,1156417.43907325,0.62,MEDIUM,5.0,medium_15pct,0.15,1,0.000684,0.000387,0.3,-0.299704,0.0032828,0.00186,NO_GO
0x3c4384f3664b37a3cb5a5cb3452b4b4a3aa1256f,aerodrome-slipstream,CHECK / USDC 0.25%,CHECK,USDC,25,880663.3203,1156417.43907325,0.62,MEDIUM,5.0,medium_15pct,0.15,6,0.004104,0.002325,0.3,-0.298221,0.0032828,0.00186,NO_GO
0x3c4384f3664b37a3cb5a5cb3452b4b4a3aa1256f,aerodrome-slipstream,CHECK / USDC 0.25%,CHECK,USDC,25,880663.3203,1156417.43907325,0.62,MEDIUM,5.0,medium_15pct,0.15,24,0.016414,0.0093,0.3,-0.292886,0.0032828,0.00186,NO_GO
0x3c4384f3664b37a3cb5a5cb3452b4b4a3aa1256f,aerodrome-slipstream,CHECK / USDC 0.25%,CHECK,USDC,25,880663.3203,1156417.43907325,0.62,MEDIUM,5.0,medium_15pct,0.15,72,0.049242,0.0279,0.3,-0.278658,0.0032828,0.00186,NO_GO
0x3c4384f3664b37a3cb5a5cb3452b4b4a3aa1256f,aerodrome-slipstream,CHECK / USDC 0.25%,CHECK,USDC,25,880663.3203,1156417.43907325,0.62,MEDIUM,5.0,medium_15pct,0.15,168,0.114898,0.0651,0.3,-0.250202,0.0032828,0.00186,NO_GO
0x3c4384f3664b37a3cb5a5cb3452b4b4a3aa1256f,aerodrome-slipstream,CHECK / USDC 0.25%,CHECK,USDC,25,880663.3203,1156417.43907325,0.62,MEDIUM,10.0,medium_15pct,0.15,1,0.001368,0.000775,0.3,-0.299407,0.0032828,0.00186,NO_GO
0x3c4384f3664b37a3cb5a5cb3452b4b4a3aa1256f,aerodrome-slipstream,CHECK / USDC 0.25%,CHECK,USDC,25,880663.3203,1156417.43907325,0.62,MEDIUM,10.0,medium_15pct,0.15,6,0.008207,0.00465,0.3,-0.296443,0.0032828,0.00186,NO_GO
0x3c4384f3664b37a3cb5a5cb3452b4b4a3aa1256f,aerodrome-slipstream,CHECK / USDC 0.25%,CHECK,USDC,25,880663.3203,1156417.43907325,0.62,MEDIUM,10.0,medium_15pct,0.15,24,0.032828,0.0186,0.3,-0.285772,0.0032828,0.00186,NO_GO
0x3c4384f3664b37a3cb5a5cb3452b4b4a3aa1256f,aerodrome-slipstream,CHECK / USDC 0.25%,CHECK,USDC,25,880663.3203,1156417.43907325,0.62,MEDIUM,10.0,medium_15pct,0.15,72,0.098484,0.0558,0.3,-0.257316,0.0032828,0.00186,NO_GO
0x3c4384f3664b37a3cb5a5cb3452b4b4a3aa1256f,aerodrome-slipstream,CHECK / USDC 0.25%,CHECK,USDC,25,880663.3203,1156417.43907325,0.62,MEDIUM,10.0,medium_15pct,0.15,168,0.229796,0.1302,0.3,-0.200404,0.0032828,0.00186,NO_GO
0x3c4384f3664b37a3cb5a5cb3452b4b4a3aa1256f,aerodrome-slipstream,CHECK / USDC 0.25%,CHECK,USDC,25,880663.3203,1156417.43907325,0.62,MEDIUM,25.0,medium_15pct,0.15,1,0.00342,0.001937,0.3,-0.298518,0.0032828,0.00186,NO_GO
0x3c4384f3664b37a3cb5a5cb3452b4b4a3aa1256f,aerodrome-slipstream,CHECK / USDC 0.25%,CHECK,USDC,25,880663.3203,1156417.43907325,0.62,MEDIUM,25.0,medium_15pct,0.15,6,0.020518,0.011625,0.3,-0.291107,0.0032828,0.00186,NO_GO
0x3c4384f3664b37a3cb5a5cb3452b4b4a3aa1256f,aerodrome-slipstream,CHECK / USDC 0.25%,CHECK,USDC,25,880663.3203,1156417.43907325,0.62,MEDIUM,25.0,medium_15pct,0.15,24,0.08207,0.0465,0.3,-0.26443,0.0032828,0.00186,NO_GO
0x3c4384f3664b37a3cb5a5cb3452b4b4a3aa1256f,aerodrome-slipstream,CHECK / USDC 0.25%,CHECK,USDC,25,880663.3203,1156417.43907325,0.62,MEDIUM,25.0,medium_15pct,0.15,72,0.24621,0.1395,0.3,-0.19329,0.0032828,0.00186,NO_GO
0x3c4384f3664b37a3cb5a5cb3452b4b4a3aa1256f,aerodrome-slipstream,CHECK / USDC 0.25%,CHECK,USDC,25,880663.3203,1156417.43907325,0.62,MEDIUM,25.0,medium_15pct,0.15,168,0.57449,0.3255,0.3,-0.05101,0.0032828,0.00186,NO_GO
0x3c4384f3664b37a3cb5a5cb3452b4b4a3aa1256f,aerodrome-slipstream,CHECK / USDC 0.25%,CHECK,USDC,25,880663.3203,1156417.43907325,0.62,MEDIUM,50.0,medium_15pct,0.15,1,0.006839,0.003875,0.3,-0.297036,0.0032828,0.00186,NO_GO
0x3c4384f3664b37a3cb5a5cb3452b4b4a3aa1256f,aerodrome-slipstream,CHECK / USDC 0.25%,CHECK,USDC,25,880663.3203,1156417.43907325,0.62,MEDIUM,50.0,medium_15pct,0.15,6,0.041035,0.02325,0.3,-0.282215,0.0032828,0.00186,NO_GO
0x3c4384f3664b37a3cb5a5cb3452b4b4a3aa1256f,aerodrome-slipstream,CHECK / USDC 0.25%,CHECK,USDC,25,880663.3203,1156417.43907325,0.62,MEDIUM,50.0,medium_15pct,0.15,24,0.16414,0.093,0.3,-0.22886,0.0032828,0.00186,NO_GO
0x3c4384f3664b37a3cb5a5cb3452b4b4a3aa1256f,aerodrome-slipstream,CHECK / USDC 0.25%,CHECK,USDC,25,880663.3203,1156417.43907325,0.62,MEDIUM,50.0,medium_15pct,0.15,72,0.49242,0.279,0.3,-0.08658,0.0032828,0.00186,NO_GO
0x3c4384f3664b37a3cb5a5cb3452b4b4a3aa1256f,aerodrome-slipstream,CHECK / USDC 0.25%,CHECK,USDC,25,880663.3203,1156417.43907325,0.62,MEDIUM,50.0,medium_15pct,0.15,168,1.148981,0.651,0.3,0.197981,0.0032828,0.00186,NEED_MORE_DATA
0x1ca42c7219f0cb1b67927e26502320cb98f725bd,pancakeswap-v3-base,EURC / USDC 0.01%,EURC,USDC,1,192525.8035,1129447.83535107,-0.095,MEDIUM,1.0,medium_15pct,0.15,1,2.4e-05,1.2e-05,0.3,-0.299987,0.00058665,0.000285,NO_GO
0x1ca42c7219f0cb1b67927e26502320cb98f725bd,pancakeswap-v3-base,EURC / USDC 0.01%,EURC,USDC,1,192525.8035,1129447.83535107,-0.095,MEDIUM,1.0,medium_15pct,0.15,6,0.000147,7.1e-05,0.3,-0.299925,0.00058665,0.000285,NO_GO
0x1ca42c7219f0cb1b67927e26502320cb98f725bd,pancakeswap-v3-base,EURC / USDC 0.01%,EURC,USDC,1,192525.8035,1129447.83535107,-0.095,MEDIUM,1.0,medium_15pct,0.15,24,0.000587,0.000285,0.3,-0.299698,0.00058665,0.000285,NO_GO
0x1ca42c7219f0cb1b67927e26502320cb98f725bd,pancakeswap-v3-base,EURC / USDC 0.01%,EURC,USDC,1,192525.8035,1129447.83535107,-0.095,MEDIUM,1.0,medium_15pct,0.15,72,0.00176,0.000855,0.3,-0.299095,0.00058665,0.000285,NO_GO
0x1ca42c7219f0cb1b67927e26502320cb98f725bd,pancakeswap-v3-base,EURC / USDC 0.01%,EURC,USDC,1,192525.8035,1129447.83535107,-0.095,MEDIUM,1.0,medium_15pct,0.15,168,0.004107,0.001995,0.3,-0.297888,0.00058665,0.000285,NO_GO
0x1ca42c7219f0cb1b67927e26502320cb98f725bd,pancakeswap-v3-base,EURC / USDC 0.01%,EURC,USDC,1,192525.8035,1129447.83535107,-0.095,MEDIUM,3.0,medium_15pct,0.15,1,7.3e-05,3.6e-05,0.3,-0.299962,0.00058665,0.000285,NO_GO
0x1ca42c7219f0cb1b67927e26502320cb98f725bd,pancakeswap-v3-base,EURC / USDC 0.01%,EURC,USDC,1,192525.8035,1129447.83535107,-0.095,MEDIUM,3.0,medium_15pct,0.15,6,0.00044,0.000214,0.3,-0.299774,0.00058665,0.000285,NO_GO
0x1ca42c7219f0cb1b67927e26502320cb98f725bd,pancakeswap-v3-base,EURC / USDC 0.01%,EURC,USDC,1,192525.8035,1129447.83535107,-0.095,MEDIUM,3.0,medium_15pct,0.15,24,0.00176,0.000855,0.3,-0.299095,0.00058665,0.000285,NO_GO
0x1ca42c7219f0cb1b67927e26502320cb98f725bd,pancakeswap-v3-base,EURC / USDC 0.01%,EURC,USDC,1,192525.8035,1129447.83535107,-0.095,MEDIUM,3.0,medium_15pct,0.15,72,0.00528,0.002565,0.3,-0.297285,0.00058665,0.000285,NO_GO
0x1ca42c7219f0cb1b67927e26502320cb98f725bd,pancakeswap-v3-base,EURC / USDC 0.01%,EURC,USDC,1,192525.8035,1129447.83535107,-0.095,MEDIUM,3.0,medium_15pct,0.15,168,0.01232,0.005985,0.3,-0.293665,0.00058665,0.000285,NO_GO
0x1ca42c7219f0cb1b67927e26502320cb98f725bd,pancakeswap-v3-base,EURC / USDC 0.01%,EURC,USDC,1,192525.8035,1129447.83535107,-0.095,MEDIUM,5.0,medium_15pct,0.15,1,0.000122,5.9e-05,0.3,-0.299937,0.00058665,0.000285,NO_GO
0x1ca42c7219f0cb1b67927e26502320cb98f725bd,pancakeswap-v3-base,EURC / USDC 0.01%,EURC,USDC,1,192525.8035,1129447.83535107,-0.095,MEDIUM,5.0,medium_15pct,0.15,6,0.000733,0.000356,0.3,-0.299623,0.00058665,0.000285,NO_GO
0x1ca42c7219f0cb1b67927e26502320cb98f725bd,pancakeswap-v3-base,EURC / USDC 0.01%,EURC,USDC,1,192525.8035,1129447.83535107,-0.095,MEDIUM,5.0,medium_15pct,0.15,24,0.002933,0.001425,0.3,-0.298492,0.00058665,0.000285,NO_GO
0x1ca42c7219f0cb1b67927e26502320cb98f725bd,pancakeswap-v3-base,EURC / USDC 0.01%,EURC,USDC,1,192525.8035,1129447.83535107,-0.095,MEDIUM,5.0,medium_15pct,0.15,72,0.0088,0.004275,0.3,-0.295475,0.00058665,0.000285,NO_GO
0x1ca42c7219f0cb1b67927e26502320cb98f725bd,pancakeswap-v3-base,EURC / USDC 0.01%,EURC,USDC,1,192525.8035,1129447.83535107,-0.095,MEDIUM,5.0,medium_15pct,0.15,168,0.020533,0.009975,0.3,-0.289442,0.00058665,0.000285,NO_GO
0x1ca42c7219f0cb1b67927e26502320cb98f725bd,pancakeswap-v3-base,EURC / USDC 0.01%,EURC,USDC,1,192525.8035,1129447.83535107,-0.095,MEDIUM,10.0,medium_15pct,0.15,1,0.000244,0.000119,0.3,-0.299874,0.00058665,0.000285,NO_GO
0x1ca42c7219f0cb1b67927e26502320cb98f725bd,pancakeswap-v3-base,EURC / USDC 0.01%,EURC,USDC,1,192525.8035,1129447.83535107,-0.095,MEDIUM,10.0,medium_15pct,0.15,6,0.001467,0.000713,0.3,-0.299246,0.00058665,0.000285,NO_GO
0x1ca42c7219f0cb1b67927e26502320cb98f725bd,pancakeswap-v3-base,EURC / USDC 0.01%,EURC,USDC,1,192525.8035,1129447.83535107,-0.095,MEDIUM,10.0,medium_15pct,0.15,24,0.005866,0.00285,0.3,-0.296984,0.00058665,0.000285,NO_GO
0x1ca42c7219f0cb1b67927e26502320cb98f725bd,pancakeswap-v3-base,EURC / USDC 0.01%,EURC,USDC,1,192525.8035,1129447.83535107,-0.095,MEDIUM,10.0,medium_15pct,0.15,72,0.017599,0.00855,0.3,-0.290951,0.00058665,0.000285,NO_GO
0x1ca42c7219f0cb1b67927e26502320cb98f725bd,pancakeswap-v3-base,EURC / USDC 0.01%,EURC,USDC,1,192525.8035,1129447.83535107,-0.095,MEDIUM,10.0,medium_15pct,0.15,168,0.041065,0.01995,0.3,-0.278885,0.00058665,0.000285,NO_GO
0x1ca42c7219f0cb1b67927e26502320cb98f725bd,pancakeswap-v3-base,EURC / USDC 0.01%,EURC,USDC,1,192525.8035,1129447.83535107,-0.095,MEDIUM,25.0,medium_15pct,0.15,1,0.000611,0.000297,0.3,-0.299686,0.00058665,0.000285,NO_GO
0x1ca42c7219f0cb1b67927e26502320cb98f725bd,pancakeswap-v3-base,EURC / USDC 0.01%,EURC,USDC,1,192525.8035,1129447.83535107,-0.095,MEDIUM,25.0,medium_15pct,0.15,6,0.003667,0.001781,0.3,-0.298115,0.00058665,0.000285,NO_GO
0x1ca42c7219f0cb1b67927e26502320cb98f725bd,pancakeswap-v3-base,EURC / USDC 0.01%,EURC,USDC,1,192525.8035,1129447.83535107,-0.095,MEDIUM,25.0,medium_15pct,0.15,24,0.014666,0.007125,0.3,-0.292459,0.00058665,0.000285,NO_GO
0x1ca42c7219f0cb1b67927e26502320cb98f725bd,pancakeswap-v3-base,EURC / USDC 0.01%,EURC,USDC,1,192525.8035,1129447.83535107,-0.095,MEDIUM,25.0,medium_15pct,0.15,72,0.043999,0.021375,0.3,-0.277376,0.00058665,0.000285,NO_GO
0x1ca42c7219f0cb1b67927e26502320cb98f725bd,pancakeswap-v3-base,EURC / USDC 0.01%,EURC,USDC,1,192525.8035,1129447.83535107,-0.095,MEDIUM,25.0,medium_15pct,0.15,168,0.102663,0.049875,0.3,-0.247212,0.00058665,0.000285,NO_GO
0x1ca42c7219f0cb1b67927e26502320cb98f725bd,pancakeswap-v3-base,EURC / USDC 0.01%,EURC,USDC,1,192525.8035,1129447.83535107,-0.095,MEDIUM,50.0,medium_15pct,0.15,1,0.001222,0.000594,0.3,-0.299372,0.00058665,0.000285,NO_GO
0x1ca42c7219f0cb1b67927e26502320cb98f725bd,pancakeswap-v3-base,EURC / USDC 0.01%,EURC,USDC,1,192525.8035,1129447.83535107,-0.095,MEDIUM,50.0,medium_15pct,0.15,6,0.007333,0.003562,0.3,-0.296229,0.00058665,0.000285,NO_GO
0x1ca42c7219f0cb1b67927e26502320cb98f725bd,pancakeswap-v3-base,EURC / USDC 0.01%,EURC,USDC,1,192525.8035,1129447.83535107,-0.095,MEDIUM,50.0,medium_15pct,0.15,24,0.029332,0.01425,0.3,-0.284918,0.00058665,0.000285,NO_GO
0x1ca42c7219f0cb1b67927e26502320cb98f725bd,pancakeswap-v3-base,EURC / USDC 0.01%,EURC,USDC,1,192525.8035,1129447.83535107,-0.095,MEDIUM,50.0,medium_15pct,0.15,72,0.087997,0.04275,0.3,-0.254753,0.00058665,0.000285,NO_GO
0x1ca42c7219f0cb1b67927e26502320cb98f725bd,pancakeswap-v3-base,EURC / USDC 0.01%,EURC,USDC,1,192525.8035,1129447.83535107,-0.095,MEDIUM,50.0,medium_15pct,0.15,168,0.205327,0.09975,0.3,-0.194423,0.00058665,0.000285,NO_GO
0xd364eb55e17700b54bd75feb3f14582ed7a29444,uniswap-v3-base,MAG7.ssi / USDC 0.3%,MAG7.ssi,USDC,30,5118607.2579,1094324.81619562,1.395,MEDIUM,1.0,medium_15pct,0.15,1,2.7e-05,0.000174,0.3,-0.300148,0.00064138,0.004185,NO_GO
0xd364eb55e17700b54bd75feb3f14582ed7a29444,uniswap-v3-base,MAG7.ssi / USDC 0.3%,MAG7.ssi,USDC,30,5118607.2579,1094324.81619562,1.395,MEDIUM,1.0,medium_15pct,0.15,6,0.00016,0.001046,0.3,-0.300886,0.00064138,0.004185,NO_GO
0xd364eb55e17700b54bd75feb3f14582ed7a29444,uniswap-v3-base,MAG7.ssi / USDC 0.3%,MAG7.ssi,USDC,30,5118607.2579,1094324.81619562,1.395,MEDIUM,1.0,medium_15pct,0.15,24,0.000641,0.004185,0.3,-0.303544,0.00064138,0.004185,NO_GO
0xd364eb55e17700b54bd75feb3f14582ed7a29444,uniswap-v3-base,MAG7.ssi / USDC 0.3%,MAG7.ssi,USDC,30,5118607.2579,1094324.81619562,1.395,MEDIUM,1.0,medium_15pct,0.15,72,0.001924,0.012555,0.3,-0.310631,0.00064138,0.004185,NO_GO
0xd364eb55e17700b54bd75feb3f14582ed7a29444,uniswap-v3-base,MAG7.ssi / USDC 0.3%,MAG7.ssi,USDC,30,5118607.2579,1094324.81619562,1.395,MEDIUM,1.0,medium_15pct,0.15,168,0.00449,0.029295,0.3,-0.324805,0.00064138,0.004185,NO_GO
0xd364eb55e17700b54bd75feb3f14582ed7a29444,uniswap-v3-base,MAG7.ssi / USDC 0.3%,MAG7.ssi,USDC,30,5118607.2579,1094324.81619562,1.395,MEDIUM,3.0,medium_15pct,0.15,1,8e-05,0.000523,0.3,-0.300443,0.00064138,0.004185,NO_GO
0xd364eb55e17700b54bd75feb3f14582ed7a29444,uniswap-v3-base,MAG7.ssi / USDC 0.3%,MAG7.ssi,USDC,30,5118607.2579,1094324.81619562,1.395,MEDIUM,3.0,medium_15pct,0.15,6,0.000481,0.003139,0.3,-0.302658,0.00064138,0.004185,NO_GO
0xd364eb55e17700b54bd75feb3f14582ed7a29444,uniswap-v3-base,MAG7.ssi / USDC 0.3%,MAG7.ssi,USDC,30,5118607.2579,1094324.81619562,1.395,MEDIUM,3.0,medium_15pct,0.15,24,0.001924,0.012555,0.3,-0.310631,0.00064138,0.004185,NO_GO
0xd364eb55e17700b54bd75feb3f14582ed7a29444,uniswap-v3-base,MAG7.ssi / USDC 0.3%,MAG7.ssi,USDC,30,5118607.2579,1094324.81619562,1.395,MEDIUM,3.0,medium_15pct,0.15,72,0.005772,0.037665,0.3,-0.331893,0.00064138,0.004185,NO_GO
0xd364eb55e17700b54bd75feb3f14582ed7a29444,uniswap-v3-base,MAG7.ssi / USDC 0.3%,MAG7.ssi,USDC,30,5118607.2579,1094324.81619562,1.395,MEDIUM,3.0,medium_15pct,0.15,168,0.013469,0.087885,0.3,-0.374416,0.00064138,0.004185,NO_GO
0xd364eb55e17700b54bd75feb3f14582ed7a29444,uniswap-v3-base,MAG7.ssi / USDC 0.3%,MAG7.ssi,USDC,30,5118607.2579,1094324.81619562,1.395,MEDIUM,5.0,medium_15pct,0.15,1,0.000134,0.000872,0.3,-0.300738,0.00064138,0.004185,NO_GO
0xd364eb55e17700b54bd75feb3f14582ed7a29444,uniswap-v3-base,MAG7.ssi / USDC 0.3%,MAG7.ssi,USDC,30,5118607.2579,1094324.81619562,1.395,MEDIUM,5.0,medium_15pct,0.15,6,0.000802,0.005231,0.3,-0.30443,0.00064138,0.004185,NO_GO
0xd364eb55e17700b54bd75feb3f14582ed7a29444,uniswap-v3-base,MAG7.ssi / USDC 0.3%,MAG7.ssi,USDC,30,5118607.2579,1094324.81619562,1.395,MEDIUM,5.0,medium_15pct,0.15,24,0.003207,0.020925,0.3,-0.317718,0.00064138,0.004185,NO_GO
0xd364eb55e17700b54bd75feb3f14582ed7a29444,uniswap-v3-base,MAG7.ssi / USDC 0.3%,MAG7.ssi,USDC,30,5118607.2579,1094324.81619562,1.395,MEDIUM,5.0,medium_15pct,0.15,72,0.009621,0.062775,0.3,-0.353154,0.00064138,0.004185,NO_GO
0xd364eb55e17700b54bd75feb3f14582ed7a29444,uniswap-v3-base,MAG7.ssi / USDC 0.3%,MAG7.ssi,USDC,30,5118607.2579,1094324.81619562,1.395,MEDIUM,5.0,medium_15pct,0.15,168,0.022448,0.146475,0.3,-0.424027,0.00064138,0.004185,NO_GO
0xd364eb55e17700b54bd75feb3f14582ed7a29444,uniswap-v3-base,MAG7.ssi / USDC 0.3%,MAG7.ssi,USDC,30,5118607.2579,1094324.81619562,1.395,MEDIUM,10.0,medium_15pct,0.15,1,0.000267,0.001744,0.3,-0.301477,0.00064138,0.004185,NO_GO
0xd364eb55e17700b54bd75feb3f14582ed7a29444,uniswap-v3-base,MAG7.ssi / USDC 0.3%,MAG7.ssi,USDC,30,5118607.2579,1094324.81619562,1.395,MEDIUM,10.0,medium_15pct,0.15,6,0.001603,0.010463,0.3,-0.308859,0.00064138,0.004185,NO_GO
0xd364eb55e17700b54bd75feb3f14582ed7a29444,uniswap-v3-base,MAG7.ssi / USDC 0.3%,MAG7.ssi,USDC,30,5118607.2579,1094324.81619562,1.395,MEDIUM,10.0,medium_15pct,0.15,24,0.006414,0.04185,0.3,-0.335436,0.00064138,0.004185,NO_GO
0xd364eb55e17700b54bd75feb3f14582ed7a29444,uniswap-v3-base,MAG7.ssi / USDC 0.3%,MAG7.ssi,USDC,30,5118607.2579,1094324.81619562,1.395,MEDIUM,10.0,medium_15pct,0.15,72,0.019241,0.12555,0.3,-0.406309,0.00064138,0.004185,NO_GO
0xd364eb55e17700b54bd75feb3f14582ed7a29444,uniswap-v3-base,MAG7.ssi / USDC 0.3%,MAG7.ssi,USDC,30,5118607.2579,1094324.81619562,1.395,MEDIUM,10.0,medium_15pct,0.15,168,0.044897,0.29295,0.3,-0.548053,0.00064138,0.004185,NO_GO
0xd364eb55e17700b54bd75feb3f14582ed7a29444,uniswap-v3-base,MAG7.ssi / USDC 0.3%,MAG7.ssi,USDC,30,5118607.2579,1094324.81619562,1.395,MEDIUM,25.0,medium_15pct,0.15,1,0.000668,0.004359,0.3,-0.303691,0.00064138,0.004185,NO_GO
0xd364eb55e17700b54bd75feb3f14582ed7a29444,uniswap-v3-base,MAG7.ssi / USDC 0.3%,MAG7.ssi,USDC,30,5118607.2579,1094324.81619562,1.395,MEDIUM,25.0,medium_15pct,0.15,6,0.004009,0.026156,0.3,-0.322148,0.00064138,0.004185,NO_GO
0xd364eb55e17700b54bd75feb3f14582ed7a29444,uniswap-v3-base,MAG7.ssi / USDC 0.3%,MAG7.ssi,USDC,30,5118607.2579,1094324.81619562,1.395,MEDIUM,25.0,medium_15pct,0.15,24,0.016035,0.104625,0.3,-0.38859,0.00064138,0.004185,NO_GO
0xd364eb55e17700b54bd75feb3f14582ed7a29444,uniswap-v3-base,MAG7.ssi / USDC 0.3%,MAG7.ssi,USDC,30,5118607.2579,1094324.81619562,1.395,MEDIUM,25.0,medium_15pct,0.15,72,0.048104,0.313875,0.3,-0.565771,0.00064138,0.004185,NO_GO
0xd364eb55e17700b54bd75feb3f14582ed7a29444,uniswap-v3-base,MAG7.ssi / USDC 0.3%,MAG7.ssi,USDC,30,5118607.2579,1094324.81619562,1.395,MEDIUM,25.0,medium_15pct,0.15,168,0.112242,0.732375,0.3,-0.920133,0.00064138,0.004185,NO_GO
0xd364eb55e17700b54bd75feb3f14582ed7a29444,uniswap-v3-base,MAG7.ssi / USDC 0.3%,MAG7.ssi,USDC,30,5118607.2579,1094324.81619562,1.395,MEDIUM,50.0,medium_15pct,0.15,1,0.001336,0.008719,0.3,-0.307383,0.00064138,0.004185,NO_GO
0xd364eb55e17700b54bd75feb3f14582ed7a29444,uniswap-v3-base,MAG7.ssi / USDC 0.3%,MAG7.ssi,USDC,30,5118607.2579,1094324.81619562,1.395,MEDIUM,50.0,medium_15pct,0.15,6,0.008017,0.052313,0.3,-0.344295,0.00064138,0.004185,NO_GO
0xd364eb55e17700b54bd75feb3f14582ed7a29444,uniswap-v3-base,MAG7.ssi / USDC 0.3%,MAG7.ssi,USDC,30,5118607.2579,1094324.81619562,1.395,MEDIUM,50.0,medium_15pct,0.15,24,0.032069,0.20925,0.3,-0.477181,0.00064138,0.004185,NO_GO
0xd364eb55e17700b54bd75feb3f14582ed7a29444,uniswap-v3-base,MAG7.ssi / USDC 0.3%,MAG7.ssi,USDC,30,5118607.2579,1094324.81619562,1.395,MEDIUM,50.0,medium_15pct,0.15,72,0.096207,0.62775,0.3,-0.831543,0.00064138,0.004185,NO_GO
0xd364eb55e17700b54bd75feb3f14582ed7a29444,uniswap-v3-base,MAG7.ssi / USDC 0.3%,MAG7.ssi,USDC,30,5118607.2579,1094324.81619562,1.395,MEDIUM,50.0,medium_15pct,0.15,168,0.224483,1.46475,0.3,-1.540267,0.00064138,0.004185,NO_GO
0x8bb9eaf3c5a906d20c4cc10ea2f73a3ac2d5d41a,aerodrome-slipstream,cbETH / cbBTC 0.05%,cbETH,cbBTC,5,474046.9984,1028586.03164684,1.318,MEDIUM,1.0,medium_15pct,0.15,1,4.5e-05,0.000165,0.3,-0.30012,0.0010849,0.003954,NO_GO
0x8bb9eaf3c5a906d20c4cc10ea2f73a3ac2d5d41a,aerodrome-slipstream,cbETH / cbBTC 0.05%,cbETH,cbBTC,5,474046.9984,1028586.03164684,1.318,MEDIUM,1.0,medium_15pct,0.15,6,0.000271,0.000989,0.3,-0.300717,0.0010849,0.003954,NO_GO
0x8bb9eaf3c5a906d20c4cc10ea2f73a3ac2d5d41a,aerodrome-slipstream,cbETH / cbBTC 0.05%,cbETH,cbBTC,5,474046.9984,1028586.03164684,1.318,MEDIUM,1.0,medium_15pct,0.15,24,0.001085,0.003954,0.3,-0.302869,0.0010849,0.003954,NO_GO
0x8bb9eaf3c5a906d20c4cc10ea2f73a3ac2d5d41a,aerodrome-slipstream,cbETH / cbBTC 0.05%,cbETH,cbBTC,5,474046.9984,1028586.03164684,1.318,MEDIUM,1.0,medium_15pct,0.15,72,0.003255,0.011862,0.3,-0.308607,0.0010849,0.003954,NO_GO
0x8bb9eaf3c5a906d20c4cc10ea2f73a3ac2d5d41a,aerodrome-slipstream,cbETH / cbBTC 0.05%,cbETH,cbBTC,5,474046.9984,1028586.03164684,1.318,MEDIUM,1.0,medium_15pct,0.15,168,0.007594,0.027678,0.3,-0.320084,0.0010849,0.003954,NO_GO
0x8bb9eaf3c5a906d20c4cc10ea2f73a3ac2d5d41a,aerodrome-slipstream,cbETH / cbBTC 0.05%,cbETH,cbBTC,5,474046.9984,1028586.03164684,1.318,MEDIUM,3.0,medium_15pct,0.15,1,0.000136,0.000494,0.3,-0.300359,0.0010849,0.003954,NO_GO
0x8bb9eaf3c5a906d20c4cc10ea2f73a3ac2d5d41a,aerodrome-slipstream,cbETH / cbBTC 0.05%,cbETH,cbBTC,5,474046.9984,1028586.03164684,1.318,MEDIUM,3.0,medium_15pct,0.15,6,0.000814,0.002966,0.3,-0.302152,0.0010849,0.003954,NO_GO
0x8bb9eaf3c5a906d20c4cc10ea2f73a3ac2d5d41a,aerodrome-slipstream,cbETH / cbBTC 0.05%,cbETH,cbBTC,5,474046.9984,1028586.03164684,1.318,MEDIUM,3.0,medium_15pct,0.15,24,0.003255,0.011862,0.3,-0.308607,0.0010849,0.003954,NO_GO
0x8bb9eaf3c5a906d20c4cc10ea2f73a3ac2d5d41a,aerodrome-slipstream,cbETH / cbBTC 0.05%,cbETH,cbBTC,5,474046.9984,1028586.03164684,1.318,MEDIUM,3.0,medium_15pct,0.15,72,0.009764,0.035586,0.3,-0.325822,0.0010849,0.003954,NO_GO
0x8bb9eaf3c5a906d20c4cc10ea2f73a3ac2d5d41a,aerodrome-slipstream,cbETH / cbBTC 0.05%,cbETH,cbBTC,5,474046.9984,1028586.03164684,1.318,MEDIUM,3.0,medium_15pct,0.15,168,0.022783,0.083034,0.3,-0.360251,0.0010849,0.003954,NO_GO
0x8bb9eaf3c5a906d20c4cc10ea2f73a3ac2d5d41a,aerodrome-slipstream,cbETH / cbBTC 0.05%,cbETH,cbBTC,5,474046.9984,1028586.03164684,1.318,MEDIUM,5.0,medium_15pct,0.15,1,0.000226,0.000824,0.3,-0.300598,0.0010849,0.003954,NO_GO
0x8bb9eaf3c5a906d20c4cc10ea2f73a3ac2d5d41a,aerodrome-slipstream,cbETH / cbBTC 0.05%,cbETH,cbBTC,5,474046.9984,1028586.03164684,1.318,MEDIUM,5.0,medium_15pct,0.15,6,0.001356,0.004942,0.3,-0.303586,0.0010849,0.003954,NO_GO
0x8bb9eaf3c5a906d20c4cc10ea2f73a3ac2d5d41a,aerodrome-slipstream,cbETH / cbBTC 0.05%,cbETH,cbBTC,5,474046.9984,1028586.03164684,1.318,MEDIUM,5.0,medium_15pct,0.15,24,0.005424,0.01977,0.3,-0.314346,0.0010849,0.003954,NO_GO
0x8bb9eaf3c5a906d20c4cc10ea2f73a3ac2d5d41a,aerodrome-slipstream,cbETH / cbBTC 0.05%,cbETH,cbBTC,5,474046.9984,1028586.03164684,1.318,MEDIUM,5.0,medium_15pct,0.15,72,0.016273,0.05931,0.3,-0.343037,0.0010849,0.003954,NO_GO
0x8bb9eaf3c5a906d20c4cc10ea2f73a3ac2d5d41a,aerodrome-slipstream,cbETH / cbBTC 0.05%,cbETH,cbBTC,5,474046.9984,1028586.03164684,1.318,MEDIUM,5.0,medium_15pct,0.15,168,0.037971,0.13839,0.3,-0.400419,0.0010849,0.003954,NO_GO
0x8bb9eaf3c5a906d20c4cc10ea2f73a3ac2d5d41a,aerodrome-slipstream,cbETH / cbBTC 0.05%,cbETH,cbBTC,5,474046.9984,1028586.03164684,1.318,MEDIUM,10.0,medium_15pct,0.15,1,0.000452,0.001647,0.3,-0.301195,0.0010849,0.003954,NO_GO
0x8bb9eaf3c5a906d20c4cc10ea2f73a3ac2d5d41a,aerodrome-slipstream,cbETH / cbBTC 0.05%,cbETH,cbBTC,5,474046.9984,1028586.03164684,1.318,MEDIUM,10.0,medium_15pct,0.15,6,0.002712,0.009885,0.3,-0.307173,0.0010849,0.003954,NO_GO
0x8bb9eaf3c5a906d20c4cc10ea2f73a3ac2d5d41a,aerodrome-slipstream,cbETH / cbBTC 0.05%,cbETH,cbBTC,5,474046.9984,1028586.03164684,1.318,MEDIUM,10.0,medium_15pct,0.15,24,0.010849,0.03954,0.3,-0.328691,0.0010849,0.003954,NO_GO
0x8bb9eaf3c5a906d20c4cc10ea2f73a3ac2d5d41a,aerodrome-slipstream,cbETH / cbBTC 0.05%,cbETH,cbBTC,5,474046.9984,1028586.03164684,1.318,MEDIUM,10.0,medium_15pct,0.15,72,0.032547,0.11862,0.3,-0.386073,0.0010849,0.003954,NO_GO
0x8bb9eaf3c5a906d20c4cc10ea2f73a3ac2d5d41a,aerodrome-slipstream,cbETH / cbBTC 0.05%,cbETH,cbBTC,5,474046.9984,1028586.03164684,1.318,MEDIUM,10.0,medium_15pct,0.15,168,0.075943,0.27678,0.3,-0.500837,0.0010849,0.003954,NO_GO
0x8bb9eaf3c5a906d20c4cc10ea2f73a3ac2d5d41a,aerodrome-slipstream,cbETH / cbBTC 0.05%,cbETH,cbBTC,5,474046.9984,1028586.03164684,1.318,MEDIUM,25.0,medium_15pct,0.15,1,0.00113,0.004119,0.3,-0.302989,0.0010849,0.003954,NO_GO
0x8bb9eaf3c5a906d20c4cc10ea2f73a3ac2d5d41a,aerodrome-slipstream,cbETH / cbBTC 0.05%,cbETH,cbBTC,5,474046.9984,1028586.03164684,1.318,MEDIUM,25.0,medium_15pct,0.15,6,0.006781,0.024713,0.3,-0.317932,0.0010849,0.003954,NO_GO
0x8bb9eaf3c5a906d20c4cc10ea2f73a3ac2d5d41a,aerodrome-slipstream,cbETH / cbBTC 0.05%,cbETH,cbBTC,5,474046.9984,1028586.03164684,1.318,MEDIUM,25.0,medium_15pct,0.15,24,0.027122,0.09885,0.3,-0.371728,0.0010849,0.003954,NO_GO
0x8bb9eaf3c5a906d20c4cc10ea2f73a3ac2d5d41a,aerodrome-slipstream,cbETH / cbBTC 0.05%,cbETH,cbBTC,5,474046.9984,1028586.03164684,1.318,MEDIUM,25.0,medium_15pct,0.15,72,0.081367,0.29655,0.3,-0.515183,0.0010849,0.003954,NO_GO
0x8bb9eaf3c5a906d20c4cc10ea2f73a3ac2d5d41a,aerodrome-slipstream,cbETH / cbBTC 0.05%,cbETH,cbBTC,5,474046.9984,1028586.03164684,1.318,MEDIUM,25.0,medium_15pct,0.15,168,0.189857,0.69195,0.3,-0.802093,0.0010849,0.003954,NO_GO
0x8bb9eaf3c5a906d20c4cc10ea2f73a3ac2d5d41a,aerodrome-slipstream,cbETH / cbBTC 0.05%,cbETH,cbBTC,5,474046.9984,1028586.03164684,1.318,MEDIUM,50.0,medium_15pct,0.15,1,0.00226,0.008238,0.3,-0.305977,0.0010849,0.003954,NO_GO
0x8bb9eaf3c5a906d20c4cc10ea2f73a3ac2d5d41a,aerodrome-slipstream,cbETH / cbBTC 0.05%,cbETH,cbBTC,5,474046.9984,1028586.03164684,1.318,MEDIUM,50.0,medium_15pct,0.15,6,0.013561,0.049425,0.3,-0.335864,0.0010849,0.003954,NO_GO
0x8bb9eaf3c5a906d20c4cc10ea2f73a3ac2d5d41a,aerodrome-slipstream,cbETH / cbBTC 0.05%,cbETH,cbBTC,5,474046.9984,1028586.03164684,1.318,MEDIUM,50.0,medium_15pct,0.15,24,0.054245,0.1977,0.3,-0.443455,0.0010849,0.003954,NO_GO
0x8bb9eaf3c5a906d20c4cc10ea2f73a3ac2d5d41a,aerodrome-slipstream,cbETH / cbBTC 0.05%,cbETH,cbBTC,5,474046.9984,1028586.03164684,1.318,MEDIUM,50.0,medium_15pct,0.15,72,0.162735,0.5931,0.3,-0.730365,0.0010849,0.003954,NO_GO
0x8bb9eaf3c5a906d20c4cc10ea2f73a3ac2d5d41a,aerodrome-slipstream,cbETH / cbBTC 0.05%,cbETH,cbBTC,5,474046.9984,1028586.03164684,1.318,MEDIUM,50.0,medium_15pct,0.15,168,0.379715,1.3839,0.3,-1.304185,0.0010849,0.003954,NO_GO
0x0ba69825c4c033e72309f6ac0bde0023b15cc97c,hydrex-integral,USDC / cbBTC 0.05%,USDC,cbBTC,5,303678.1336,983938.884962332,0.453,MEDIUM,1.0,medium_15pct,0.15,1,6.8e-05,5.7e-05,0.3,-0.299989,0.00162004,0.001359,NO_GO
0x0ba69825c4c033e72309f6ac0bde0023b15cc97c,hydrex-integral,USDC / cbBTC 0.05%,USDC,cbBTC,5,303678.1336,983938.884962332,0.453,MEDIUM,1.0,medium_15pct,0.15,6,0.000405,0.00034,0.3,-0.299935,0.00162004,0.001359,NO_GO
0x0ba69825c4c033e72309f6ac0bde0023b15cc97c,hydrex-integral,USDC / cbBTC 0.05%,USDC,cbBTC,5,303678.1336,983938.884962332,0.453,MEDIUM,1.0,medium_15pct,0.15,24,0.00162,0.001359,0.3,-0.299739,0.00162004,0.001359,NO_GO
0x0ba69825c4c033e72309f6ac0bde0023b15cc97c,hydrex-integral,USDC / cbBTC 0.05%,USDC,cbBTC,5,303678.1336,983938.884962332,0.453,MEDIUM,1.0,medium_15pct,0.15,72,0.00486,0.004077,0.3,-0.299217,0.00162004,0.001359,NO_GO
0x0ba69825c4c033e72309f6ac0bde0023b15cc97c,hydrex-integral,USDC / cbBTC 0.05%,USDC,cbBTC,5,303678.1336,983938.884962332,0.453,MEDIUM,1.0,medium_15pct,0.15,168,0.01134,0.009513,0.3,-0.298173,0.00162004,0.001359,NO_GO
0x0ba69825c4c033e72309f6ac0bde0023b15cc97c,hydrex-integral,USDC / cbBTC 0.05%,USDC,cbBTC,5,303678.1336,983938.884962332,0.453,MEDIUM,3.0,medium_15pct,0.15,1,0.000203,0.00017,0.3,-0.299967,0.00162004,0.001359,NO_GO
0x0ba69825c4c033e72309f6ac0bde0023b15cc97c,hydrex-integral,USDC / cbBTC 0.05%,USDC,cbBTC,5,303678.1336,983938.884962332,0.453,MEDIUM,3.0,medium_15pct,0.15,6,0.001215,0.001019,0.3,-0.299804,0.00162004,0.001359,NO_GO
0x0ba69825c4c033e72309f6ac0bde0023b15cc97c,hydrex-integral,USDC / cbBTC 0.05%,USDC,cbBTC,5,303678.1336,983938.884962332,0.453,MEDIUM,3.0,medium_15pct,0.15,24,0.00486,0.004077,0.3,-0.299217,0.00162004,0.001359,NO_GO
0x0ba69825c4c033e72309f6ac0bde0023b15cc97c,hydrex-integral,USDC / cbBTC 0.05%,USDC,cbBTC,5,303678.1336,983938.884962332,0.453,MEDIUM,3.0,medium_15pct,0.15,72,0.01458,0.012231,0.3,-0.297651,0.00162004,0.001359,NO_GO
0x0ba69825c4c033e72309f6ac0bde0023b15cc97c,hydrex-integral,USDC / cbBTC 0.05%,USDC,cbBTC,5,303678.1336,983938.884962332,0.453,MEDIUM,3.0,medium_15pct,0.15,168,0.034021,0.028539,0.3,-0.294518,0.00162004,0.001359,NO_GO
0x0ba69825c4c033e72309f6ac0bde0023b15cc97c,hydrex-integral,USDC / cbBTC 0.05%,USDC,cbBTC,5,303678.1336,983938.884962332,0.453,MEDIUM,5.0,medium_15pct,0.15,1,0.000338,0.000283,0.3,-0.299946,0.00162004,0.001359,NO_GO
0x0ba69825c4c033e72309f6ac0bde0023b15cc97c,hydrex-integral,USDC / cbBTC 0.05%,USDC,cbBTC,5,303678.1336,983938.884962332,0.453,MEDIUM,5.0,medium_15pct,0.15,6,0.002025,0.001699,0.3,-0.299674,0.00162004,0.001359,NO_GO
0x0ba69825c4c033e72309f6ac0bde0023b15cc97c,hydrex-integral,USDC / cbBTC 0.05%,USDC,cbBTC,5,303678.1336,983938.884962332,0.453,MEDIUM,5.0,medium_15pct,0.15,24,0.0081,0.006795,0.3,-0.298695,0.00162004,0.001359,NO_GO
0x0ba69825c4c033e72309f6ac0bde0023b15cc97c,hydrex-integral,USDC / cbBTC 0.05%,USDC,cbBTC,5,303678.1336,983938.884962332,0.453,MEDIUM,5.0,medium_15pct,0.15,72,0.024301,0.020385,0.3,-0.296084,0.00162004,0.001359,NO_GO
0x0ba69825c4c033e72309f6ac0bde0023b15cc97c,hydrex-integral,USDC / cbBTC 0.05%,USDC,cbBTC,5,303678.1336,983938.884962332,0.453,MEDIUM,5.0,medium_15pct,0.15,168,0.056701,0.047565,0.3,-0.290864,0.00162004,0.001359,NO_GO
0x0ba69825c4c033e72309f6ac0bde0023b15cc97c,hydrex-integral,USDC / cbBTC 0.05%,USDC,cbBTC,5,303678.1336,983938.884962332,0.453,MEDIUM,10.0,medium_15pct,0.15,1,0.000675,0.000566,0.3,-0.299891,0.00162004,0.001359,NO_GO
0x0ba69825c4c033e72309f6ac0bde0023b15cc97c,hydrex-integral,USDC / cbBTC 0.05%,USDC,cbBTC,5,303678.1336,983938.884962332,0.453,MEDIUM,10.0,medium_15pct,0.15,6,0.00405,0.003397,0.3,-0.299347,0.00162004,0.001359,NO_GO
0x0ba69825c4c033e72309f6ac0bde0023b15cc97c,hydrex-integral,USDC / cbBTC 0.05%,USDC,cbBTC,5,303678.1336,983938.884962332,0.453,MEDIUM,10.0,medium_15pct,0.15,24,0.0162,0.01359,0.3,-0.29739,0.00162004,0.001359,NO_GO
0x0ba69825c4c033e72309f6ac0bde0023b15cc97c,hydrex-integral,USDC / cbBTC 0.05%,USDC,cbBTC,5,303678.1336,983938.884962332,0.453,MEDIUM,10.0,medium_15pct,0.15,72,0.048601,0.04077,0.3,-0.292169,0.00162004,0.001359,NO_GO
0x0ba69825c4c033e72309f6ac0bde0023b15cc97c,hydrex-integral,USDC / cbBTC 0.05%,USDC,cbBTC,5,303678.1336,983938.884962332,0.453,MEDIUM,10.0,medium_15pct,0.15,168,0.113403,0.09513,0.3,-0.281727,0.00162004,0.001359,NO_GO
0x0ba69825c4c033e72309f6ac0bde0023b15cc97c,hydrex-integral,USDC / cbBTC 0.05%,USDC,cbBTC,5,303678.1336,983938.884962332,0.453,MEDIUM,25.0,medium_15pct,0.15,1,0.001688,0.001416,0.3,-0.299728,0.00162004,0.001359,NO_GO
0x0ba69825c4c033e72309f6ac0bde0023b15cc97c,hydrex-integral,USDC / cbBTC 0.05%,USDC,cbBTC,5,303678.1336,983938.884962332,0.453,MEDIUM,25.0,medium_15pct,0.15,6,0.010125,0.008494,0.3,-0.298369,0.00162004,0.001359,NO_GO
0x0ba69825c4c033e72309f6ac0bde0023b15cc97c,hydrex-integral,USDC / cbBTC 0.05%,USDC,cbBTC,5,303678.1336,983938.884962332,0.453,MEDIUM,25.0,medium_15pct,0.15,24,0.040501,0.033975,0.3,-0.293474,0.00162004,0.001359,NO_GO
0x0ba69825c4c033e72309f6ac0bde0023b15cc97c,hydrex-integral,USDC / cbBTC 0.05%,USDC,cbBTC,5,303678.1336,983938.884962332,0.453,MEDIUM,25.0,medium_15pct,0.15,72,0.121503,0.101925,0.3,-0.280422,0.00162004,0.001359,NO_GO
0x0ba69825c4c033e72309f6ac0bde0023b15cc97c,hydrex-integral,USDC / cbBTC 0.05%,USDC,cbBTC,5,303678.1336,983938.884962332,0.453,MEDIUM,25.0,medium_15pct,0.15,168,0.283506,0.237825,0.3,-0.254319,0.00162004,0.001359,NO_GO
0x0ba69825c4c033e72309f6ac0bde0023b15cc97c,hydrex-integral,USDC / cbBTC 0.05%,USDC,cbBTC,5,303678.1336,983938.884962332,0.453,MEDIUM,50.0,medium_15pct,0.15,1,0.003375,0.002831,0.3,-0.299456,0.00162004,0.001359,NO_GO
0x0ba69825c4c033e72309f6ac0bde0023b15cc97c,hydrex-integral,USDC / cbBTC 0.05%,USDC,cbBTC,5,303678.1336,983938.884962332,0.453,MEDIUM,50.0,medium_15pct,0.15,6,0.02025,0.016987,0.3,-0.296737,0.00162004,0.001359,NO_GO
0x0ba69825c4c033e72309f6ac0bde0023b15cc97c,hydrex-integral,USDC / cbBTC 0.05%,USDC,cbBTC,5,303678.1336,983938.884962332,0.453,MEDIUM,50.0,medium_15pct,0.15,24,0.081002,0.06795,0.3,-0.286948,0.00162004,0.001359,NO_GO
0x0ba69825c4c033e72309f6ac0bde0023b15cc97c,hydrex-integral,USDC / cbBTC 0.05%,USDC,cbBTC,5,303678.1336,983938.884962332,0.453,MEDIUM,50.0,medium_15pct,0.15,72,0.243005,0.20385,0.3,-0.260845,0.00162004,0.001359,NO_GO
0x0ba69825c4c033e72309f6ac0bde0023b15cc97c,hydrex-integral,USDC / cbBTC 0.05%,USDC,cbBTC,5,303678.1336,983938.884962332,0.453,MEDIUM,50.0,medium_15pct,0.15,168,0.567013,0.47565,0.3,-0.208637,0.00162004,0.001359,NO_GO
