pool_id,token_pair,fee_tier_raw,notional_usd,hold_window,scenario,fee_proxy_usd,fixed_cost_usd,il_lvr_proxy_usd,net_ev_proxy_usd,net_ev_proxy_pct,capacity_ok,data_sufficient,confidence
0x172fcD41E0913e95784454622d1c3724f546f849,WBNB/USDT,100,20,15m,zero_il_lvr,0.0,0.01902650410627386,0.0,-0.01902650410627386,-0.09513252053136931,yes,yes,high
0x172fcD41E0913e95784454622d1c3724f546f849,WBNB/USDT,100,20,15m,optimistic,0.0,0.01902650410627386,0.0,-0.017123853695646476,-0.08561926847823238,yes,yes,high
0x172fcD41E0913e95784454622d1c3724f546f849,WBNB/USDT,100,20,15m,realistic,0.0,0.01902650410627386,0.0,-0.01902650410627386,-0.09513252053136931,yes,yes,high
0x172fcD41E0913e95784454622d1c3724f546f849,WBNB/USDT,100,20,15m,conservative,0.0,0.01902650410627386,0.0,-0.02092915451690125,-0.10464577258450625,yes,yes,high
0x172fcD41E0913e95784454622d1c3724f546f849,WBNB/USDT,100,100,15m,zero_il_lvr,0.0,0.01902650410627386,0.0,-0.01902650410627386,-0.01902650410627386,yes,yes,high
0x172fcD41E0913e95784454622d1c3724f546f849,WBNB/USDT,100,100,15m,optimistic,0.0,0.01902650410627386,0.0,-0.017123853695646476,-0.017123853695646476,yes,yes,high
0x172fcD41E0913e95784454622d1c3724f546f849,WBNB/USDT,100,100,15m,realistic,0.0,0.01902650410627386,0.0,-0.01902650410627386,-0.01902650410627386,yes,yes,high
0x172fcD41E0913e95784454622d1c3724f546f849,WBNB/USDT,100,100,15m,conservative,0.0,0.01902650410627386,0.0,-0.02092915451690125,-0.02092915451690125,yes,yes,high
0x172fcD41E0913e95784454622d1c3724f546f849,WBNB/USDT,100,500,15m,zero_il_lvr,0.0,0.01902650410627386,0.0,-0.01902650410627386,-0.0038053008212547723,yes,yes,high
0x172fcD41E0913e95784454622d1c3724f546f849,WBNB/USDT,100,500,15m,optimistic,0.0,0.01902650410627386,0.0,-0.017123853695646476,-0.0034247707391292957,yes,yes,high
0x172fcD41E0913e95784454622d1c3724f546f849,WBNB/USDT,100,500,15m,realistic,0.0,0.01902650410627386,0.0,-0.01902650410627386,-0.0038053008212547723,yes,yes,high
0x172fcD41E0913e95784454622d1c3724f546f849,WBNB/USDT,100,500,15m,conservative,0.0,0.01902650410627386,0.0,-0.02092915451690125,-0.00418583090338025,yes,yes,high
0x172fcD41E0913e95784454622d1c3724f546f849,WBNB/USDT,100,1000,15m,zero_il_lvr,0.0,0.01902650410627386,0.0,-0.01902650410627386,-0.0019026504106273861,yes,yes,high
0x172fcD41E0913e95784454622d1c3724f546f849,WBNB/USDT,100,1000,15m,optimistic,0.0,0.01902650410627386,0.0,-0.017123853695646476,-0.0017123853695646478,yes,yes,high
0x172fcD41E0913e95784454622d1c3724f546f849,WBNB/USDT,100,1000,15m,realistic,0.0,0.01902650410627386,0.0,-0.01902650410627386,-0.0019026504106273861,yes,yes,high
0x172fcD41E0913e95784454622d1c3724f546f849,WBNB/USDT,100,1000,15m,conservative,0.0,0.01902650410627386,0.0,-0.02092915451690125,-0.002092915451690125,yes,yes,high
0x172fcD41E0913e95784454622d1c3724f546f849,WBNB/USDT,100,2000,15m,zero_il_lvr,0.0,0.01902650410627386,0.0,-0.01902650410627386,-0.0009513252053136931,yes,yes,high
0x172fcD41E0913e95784454622d1c3724f546f849,WBNB/USDT,100,2000,15m,optimistic,0.0,0.01902650410627386,0.0,-0.017123853695646476,-0.0008561926847823239,yes,yes,high
0x172fcD41E0913e95784454622d1c3724f546f849,WBNB/USDT,100,2000,15m,realistic,0.0,0.01902650410627386,0.0,-0.01902650410627386,-0.0009513252053136931,yes,yes,high
0x172fcD41E0913e95784454622d1c3724f546f849,WBNB/USDT,100,2000,15m,conservative,0.0,0.01902650410627386,0.0,-0.02092915451690125,-0.0010464577258450624,yes,yes,high
0x172fcD41E0913e95784454622d1c3724f546f849,WBNB/USDT,100,20,30m,zero_il_lvr,0.0,0.01902650410627386,0.0,-0.01902650410627386,-0.09513252053136931,yes,yes,high
0x172fcD41E0913e95784454622d1c3724f546f849,WBNB/USDT,100,20,30m,optimistic,0.0,0.01902650410627386,0.0,-0.017123853695646476,-0.08561926847823238,yes,yes,high
0x172fcD41E0913e95784454622d1c3724f546f849,WBNB/USDT,100,20,30m,realistic,0.0,0.01902650410627386,0.0,-0.01902650410627386,-0.09513252053136931,yes,yes,high
0x172fcD41E0913e95784454622d1c3724f546f849,WBNB/USDT,100,20,30m,conservative,0.0,0.01902650410627386,0.0,-0.02092915451690125,-0.10464577258450625,yes,yes,high
0x172fcD41E0913e95784454622d1c3724f546f849,WBNB/USDT,100,100,30m,zero_il_lvr,0.0,0.01902650410627386,0.0,-0.01902650410627386,-0.01902650410627386,yes,yes,high
0x172fcD41E0913e95784454622d1c3724f546f849,WBNB/USDT,100,100,30m,optimistic,0.0,0.01902650410627386,0.0,-0.017123853695646476,-0.017123853695646476,yes,yes,high
0x172fcD41E0913e95784454622d1c3724f546f849,WBNB/USDT,100,100,30m,realistic,0.0,0.01902650410627386,0.0,-0.01902650410627386,-0.01902650410627386,yes,yes,high
0x172fcD41E0913e95784454622d1c3724f546f849,WBNB/USDT,100,100,30m,conservative,0.0,0.01902650410627386,0.0,-0.02092915451690125,-0.02092915451690125,yes,yes,high
0x172fcD41E0913e95784454622d1c3724f546f849,WBNB/USDT,100,500,30m,zero_il_lvr,0.0,0.01902650410627386,0.0,-0.01902650410627386,-0.0038053008212547723,yes,yes,high
0x172fcD41E0913e95784454622d1c3724f546f849,WBNB/USDT,100,500,30m,optimistic,0.0,0.01902650410627386,0.0,-0.017123853695646476,-0.0034247707391292957,yes,yes,high
0x172fcD41E0913e95784454622d1c3724f546f849,WBNB/USDT,100,500,30m,realistic,0.0,0.01902650410627386,0.0,-0.01902650410627386,-0.0038053008212547723,yes,yes,high
0x172fcD41E0913e95784454622d1c3724f546f849,WBNB/USDT,100,500,30m,conservative,0.0,0.01902650410627386,0.0,-0.02092915451690125,-0.00418583090338025,yes,yes,high
0x172fcD41E0913e95784454622d1c3724f546f849,WBNB/USDT,100,1000,30m,zero_il_lvr,0.0,0.01902650410627386,0.0,-0.01902650410627386,-0.0019026504106273861,yes,yes,high
0x172fcD41E0913e95784454622d1c3724f546f849,WBNB/USDT,100,1000,30m,optimistic,0.0,0.01902650410627386,0.0,-0.017123853695646476,-0.0017123853695646478,yes,yes,high
0x172fcD41E0913e95784454622d1c3724f546f849,WBNB/USDT,100,1000,30m,realistic,0.0,0.01902650410627386,0.0,-0.01902650410627386,-0.0019026504106273861,yes,yes,high
0x172fcD41E0913e95784454622d1c3724f546f849,WBNB/USDT,100,1000,30m,conservative,0.0,0.01902650410627386,0.0,-0.02092915451690125,-0.002092915451690125,yes,yes,high
0x172fcD41E0913e95784454622d1c3724f546f849,WBNB/USDT,100,2000,30m,zero_il_lvr,0.0,0.01902650410627386,0.0,-0.01902650410627386,-0.0009513252053136931,yes,yes,high
0x172fcD41E0913e95784454622d1c3724f546f849,WBNB/USDT,100,2000,30m,optimistic,0.0,0.01902650410627386,0.0,-0.017123853695646476,-0.0008561926847823239,yes,yes,high
0x172fcD41E0913e95784454622d1c3724f546f849,WBNB/USDT,100,2000,30m,realistic,0.0,0.01902650410627386,0.0,-0.01902650410627386,-0.0009513252053136931,yes,yes,high
0x172fcD41E0913e95784454622d1c3724f546f849,WBNB/USDT,100,2000,30m,conservative,0.0,0.01902650410627386,0.0,-0.02092915451690125,-0.0010464577258450624,yes,yes,high
0x172fcD41E0913e95784454622d1c3724f546f849,WBNB/USDT,100,20,1h,zero_il_lvr,0.0,0.01902650410627386,0.0008333333333333334,-0.01902650410627386,-0.09513252053136931,yes,yes,high
0x172fcD41E0913e95784454622d1c3724f546f849,WBNB/USDT,100,20,1h,optimistic,0.0,0.01902650410627386,0.0008333333333333334,-0.017123853695646476,-0.08561926847823238,yes,yes,high
0x172fcD41E0913e95784454622d1c3724f546f849,WBNB/USDT,100,20,1h,realistic,0.0,0.01902650410627386,0.0008333333333333334,-0.019859837439607193,-0.09929918719803596,yes,yes,high
0x172fcD41E0913e95784454622d1c3724f546f849,WBNB/USDT,100,20,1h,conservative,0.0,0.01902650410627386,0.0008333333333333334,-0.02176248785023458,-0.1088124392511729,yes,yes,high
0x172fcD41E0913e95784454622d1c3724f546f849,WBNB/USDT,100,100,1h,zero_il_lvr,0.0,0.01902650410627386,0.004166666666666667,-0.01902650410627386,-0.01902650410627386,yes,yes,high
0x172fcD41E0913e95784454622d1c3724f546f849,WBNB/USDT,100,100,1h,optimistic,0.0,0.01902650410627386,0.004166666666666667,-0.017123853695646476,-0.017123853695646476,yes,yes,high
0x172fcD41E0913e95784454622d1c3724f546f849,WBNB/USDT,100,100,1h,realistic,0.0,0.01902650410627386,0.004166666666666667,-0.023193170772940527,-0.023193170772940527,yes,yes,high
0x172fcD41E0913e95784454622d1c3724f546f849,WBNB/USDT,100,100,1h,conservative,0.0,0.01902650410627386,0.004166666666666667,-0.025095821183567915,-0.02509582118356792,yes,yes,high
0x172fcD41E0913e95784454622d1c3724f546f849,WBNB/USDT,100,500,1h,zero_il_lvr,0.0,0.01902650410627386,0.020833333333333332,-0.01902650410627386,-0.0038053008212547723,yes,yes,high
0x172fcD41E0913e95784454622d1c3724f546f849,WBNB/USDT,100,500,1h,optimistic,0.0,0.01902650410627386,0.020833333333333332,-0.017123853695646476,-0.0034247707391292957,yes,yes,high
0x172fcD41E0913e95784454622d1c3724f546f849,WBNB/USDT,100,500,1h,realistic,0.0,0.01902650410627386,0.020833333333333332,-0.03985983743960719,-0.00797196748792144,yes,yes,high
0x172fcD41E0913e95784454622d1c3724f546f849,WBNB/USDT,100,500,1h,conservative,0.0,0.01902650410627386,0.020833333333333332,-0.04176248785023458,-0.008352497570046916,yes,yes,high
0x172fcD41E0913e95784454622d1c3724f546f849,WBNB/USDT,100,1000,1h,zero_il_lvr,0.0,0.01902650410627386,0.041666666666666664,-0.01902650410627386,-0.0019026504106273861,yes,yes,high
0x172fcD41E0913e95784454622d1c3724f546f849,WBNB/USDT,100,1000,1h,optimistic,0.0,0.01902650410627386,0.041666666666666664,-0.017123853695646476,-0.0017123853695646478,yes,yes,high
0x172fcD41E0913e95784454622d1c3724f546f849,WBNB/USDT,100,1000,1h,realistic,0.0,0.01902650410627386,0.041666666666666664,-0.06069317077294052,-0.0060693170772940525,yes,yes,high
0x172fcD41E0913e95784454622d1c3724f546f849,WBNB/USDT,100,1000,1h,conservative,0.0,0.01902650410627386,0.041666666666666664,-0.0625958211835679,-0.00625958211835679,yes,yes,high
0x172fcD41E0913e95784454622d1c3724f546f849,WBNB/USDT,100,2000,1h,zero_il_lvr,0.0,0.01902650410627386,0.08333333333333333,-0.01902650410627386,-0.0009513252053136931,yes,yes,high
0x172fcD41E0913e95784454622d1c3724f546f849,WBNB/USDT,100,2000,1h,optimistic,0.0,0.01902650410627386,0.08333333333333333,-0.017123853695646476,-0.0008561926847823239,yes,yes,high
0x172fcD41E0913e95784454622d1c3724f546f849,WBNB/USDT,100,2000,1h,realistic,0.0,0.01902650410627386,0.08333333333333333,-0.10235983743960719,-0.005117991871980359,yes,yes,high
0x172fcD41E0913e95784454622d1c3724f546f849,WBNB/USDT,100,2000,1h,conservative,0.0,0.01902650410627386,0.08333333333333333,-0.10426248785023458,-0.005213124392511728,yes,yes,high
0x172fcD41E0913e95784454622d1c3724f546f849,WBNB/USDT,100,20,2h,zero_il_lvr,0.0,0.01902650410627386,0.0016666666666666668,-0.01902650410627386,-0.09513252053136931,yes,yes,high
0x172fcD41E0913e95784454622d1c3724f546f849,WBNB/USDT,100,20,2h,optimistic,0.0,0.01902650410627386,0.0016666666666666668,-0.017123853695646476,-0.08561926847823238,yes,yes,high
0x172fcD41E0913e95784454622d1c3724f546f849,WBNB/USDT,100,20,2h,realistic,0.0,0.01902650410627386,0.0016666666666666668,-0.020693170772940528,-0.10346585386470264,yes,yes,high
0x172fcD41E0913e95784454622d1c3724f546f849,WBNB/USDT,100,20,2h,conservative,0.0,0.01902650410627386,0.0016666666666666668,-0.022595821183567916,-0.11297910591783959,yes,yes,high
0x172fcD41E0913e95784454622d1c3724f546f849,WBNB/USDT,100,100,2h,zero_il_lvr,0.0,0.01902650410627386,0.008333333333333333,-0.01902650410627386,-0.01902650410627386,yes,yes,high
0x172fcD41E0913e95784454622d1c3724f546f849,WBNB/USDT,100,100,2h,optimistic,0.0,0.01902650410627386,0.008333333333333333,-0.017123853695646476,-0.017123853695646476,yes,yes,high
0x172fcD41E0913e95784454622d1c3724f546f849,WBNB/USDT,100,100,2h,realistic,0.0,0.01902650410627386,0.008333333333333333,-0.027359837439607196,-0.0273598374396072,yes,yes,high
0x172fcD41E0913e95784454622d1c3724f546f849,WBNB/USDT,100,100,2h,conservative,0.0,0.01902650410627386,0.008333333333333333,-0.02926248785023458,-0.02926248785023458,yes,yes,high
0x172fcD41E0913e95784454622d1c3724f546f849,WBNB/USDT,100,500,2h,zero_il_lvr,0.0,0.01902650410627386,0.041666666666666664,-0.01902650410627386,-0.0038053008212547723,yes,yes,high
0x172fcD41E0913e95784454622d1c3724f546f849,WBNB/USDT,100,500,2h,optimistic,0.0,0.01902650410627386,0.041666666666666664,-0.017123853695646476,-0.0034247707391292957,yes,yes,high
0x172fcD41E0913e95784454622d1c3724f546f849,WBNB/USDT,100,500,2h,realistic,0.0,0.01902650410627386,0.041666666666666664,-0.06069317077294052,-0.012138634154588105,yes,yes,high
0x172fcD41E0913e95784454622d1c3724f546f849,WBNB/USDT,100,500,2h,conservative,0.0,0.01902650410627386,0.041666666666666664,-0.0625958211835679,-0.01251916423671358,yes,yes,high
0x172fcD41E0913e95784454622d1c3724f546f849,WBNB/USDT,100,1000,2h,zero_il_lvr,0.0,0.01902650410627386,0.08333333333333333,-0.01902650410627386,-0.0019026504106273861,yes,yes,high
0x172fcD41E0913e95784454622d1c3724f546f849,WBNB/USDT,100,1000,2h,optimistic,0.0,0.01902650410627386,0.08333333333333333,-0.017123853695646476,-0.0017123853695646478,yes,yes,high
0x172fcD41E0913e95784454622d1c3724f546f849,WBNB/USDT,100,1000,2h,realistic,0.0,0.01902650410627386,0.08333333333333333,-0.10235983743960719,-0.010235983743960718,yes,yes,high
0x172fcD41E0913e95784454622d1c3724f546f849,WBNB/USDT,100,1000,2h,conservative,0.0,0.01902650410627386,0.08333333333333333,-0.10426248785023458,-0.010426248785023457,yes,yes,high
0x172fcD41E0913e95784454622d1c3724f546f849,WBNB/USDT,100,2000,2h,zero_il_lvr,0.0,0.01902650410627386,0.16666666666666666,-0.01902650410627386,-0.0009513252053136931,yes,yes,high
0x172fcD41E0913e95784454622d1c3724f546f849,WBNB/USDT,100,2000,2h,optimistic,0.0,0.01902650410627386,0.16666666666666666,-0.017123853695646476,-0.0008561926847823239,yes,yes,high
0x172fcD41E0913e95784454622d1c3724f546f849,WBNB/USDT,100,2000,2h,realistic,0.0,0.01902650410627386,0.16666666666666666,-0.1856931707729405,-0.009284658538647026,yes,yes,high
0x172fcD41E0913e95784454622d1c3724f546f849,WBNB/USDT,100,2000,2h,conservative,0.0,0.01902650410627386,0.16666666666666666,-0.1875958211835679,-0.009379791059178395,yes,yes,high
0x172fcD41E0913e95784454622d1c3724f546f849,WBNB/USDT,100,20,6h,zero_il_lvr,0.0,0.01902650410627386,0.005,-0.01902650410627386,-0.09513252053136931,yes,yes,high
0x172fcD41E0913e95784454622d1c3724f546f849,WBNB/USDT,100,20,6h,optimistic,0.0,0.01902650410627386,0.005,-0.017123853695646476,-0.08561926847823238,yes,yes,high
0x172fcD41E0913e95784454622d1c3724f546f849,WBNB/USDT,100,20,6h,realistic,0.0,0.01902650410627386,0.005,-0.024026504106273862,-0.12013252053136932,yes,yes,high
0x172fcD41E0913e95784454622d1c3724f546f849,WBNB/USDT,100,20,6h,conservative,0.0,0.01902650410627386,0.005,-0.02592915451690125,-0.12964577258450624,yes,yes,high
0x172fcD41E0913e95784454622d1c3724f546f849,WBNB/USDT,100,100,6h,zero_il_lvr,0.0,0.01902650410627386,0.025000000000000005,-0.01902650410627386,-0.01902650410627386,yes,yes,high
0x172fcD41E0913e95784454622d1c3724f546f849,WBNB/USDT,100,100,6h,optimistic,0.0,0.01902650410627386,0.025000000000000005,-0.017123853695646476,-0.017123853695646476,yes,yes,high
0x172fcD41E0913e95784454622d1c3724f546f849,WBNB/USDT,100,100,6h,realistic,0.0,0.01902650410627386,0.025000000000000005,-0.044026504106273866,-0.044026504106273866,yes,yes,high
0x172fcD41E0913e95784454622d1c3724f546f849,WBNB/USDT,100,100,6h,conservative,0.0,0.01902650410627386,0.025000000000000005,-0.04592915451690126,-0.04592915451690126,yes,yes,high
0x172fcD41E0913e95784454622d1c3724f546f849,WBNB/USDT,100,500,6h,zero_il_lvr,0.0,0.01902650410627386,0.125,-0.01902650410627386,-0.0038053008212547723,yes,yes,high
0x172fcD41E0913e95784454622d1c3724f546f849,WBNB/USDT,100,500,6h,optimistic,0.0,0.01902650410627386,0.125,-0.017123853695646476,-0.0034247707391292957,yes,yes,high
0x172fcD41E0913e95784454622d1c3724f546f849,WBNB/USDT,100,500,6h,realistic,0.0,0.01902650410627386,0.125,-0.14402650410627385,-0.028805300821254768,yes,yes,high
0x172fcD41E0913e95784454622d1c3724f546f849,WBNB/USDT,100,500,6h,conservative,0.0,0.01902650410627386,0.125,-0.14592915451690125,-0.02918583090338025,yes,yes,high
0x172fcD41E0913e95784454622d1c3724f546f849,WBNB/USDT,100,1000,6h,zero_il_lvr,0.0,0.01902650410627386,0.25,-0.01902650410627386,-0.0019026504106273861,yes,yes,high
0x172fcD41E0913e95784454622d1c3724f546f849,WBNB/USDT,100,1000,6h,optimistic,0.0,0.01902650410627386,0.25,-0.017123853695646476,-0.0017123853695646478,yes,yes,high
0x172fcD41E0913e95784454622d1c3724f546f849,WBNB/USDT,100,1000,6h,realistic,0.0,0.01902650410627386,0.25,-0.2690265041062739,-0.026902650410627386,yes,yes,high
0x172fcD41E0913e95784454622d1c3724f546f849,WBNB/USDT,100,1000,6h,conservative,0.0,0.01902650410627386,0.25,-0.27092915451690125,-0.02709291545169013,yes,yes,high
0x172fcD41E0913e95784454622d1c3724f546f849,WBNB/USDT,100,2000,6h,zero_il_lvr,0.0,0.01902650410627386,0.5,-0.01902650410627386,-0.0009513252053136931,yes,yes,high
0x172fcD41E0913e95784454622d1c3724f546f849,WBNB/USDT,100,2000,6h,optimistic,0.0,0.01902650410627386,0.5,-0.017123853695646476,-0.0008561926847823239,yes,yes,high
0x172fcD41E0913e95784454622d1c3724f546f849,WBNB/USDT,100,2000,6h,realistic,0.0,0.01902650410627386,0.5,-0.5190265041062738,-0.025951325205313687,yes,yes,high
0x172fcD41E0913e95784454622d1c3724f546f849,WBNB/USDT,100,2000,6h,conservative,0.0,0.01902650410627386,0.5,-0.5209291545169012,-0.026046457725845063,yes,yes,high
0x172fcD41E0913e95784454622d1c3724f546f849,WBNB/USDT,100,20,24h,zero_il_lvr,0.0,0.01902650410627386,0.02,-0.01902650410627386,-0.09513252053136931,yes,yes,high
0x172fcD41E0913e95784454622d1c3724f546f849,WBNB/USDT,100,20,24h,optimistic,0.0,0.01902650410627386,0.02,-0.017123853695646476,-0.08561926847823238,yes,yes,high
0x172fcD41E0913e95784454622d1c3724f546f849,WBNB/USDT,100,20,24h,realistic,0.0,0.01902650410627386,0.02,-0.03902650410627386,-0.19513252053136929,yes,yes,high
0x172fcD41E0913e95784454622d1c3724f546f849,WBNB/USDT,100,20,24h,conservative,0.0,0.01902650410627386,0.02,-0.04092915451690125,-0.20464577258450628,yes,yes,high
0x172fcD41E0913e95784454622d1c3724f546f849,WBNB/USDT,100,100,24h,zero_il_lvr,0.0,0.01902650410627386,0.10000000000000002,-0.01902650410627386,-0.01902650410627386,yes,yes,high
0x172fcD41E0913e95784454622d1c3724f546f849,WBNB/USDT,100,100,24h,optimistic,0.0,0.01902650410627386,0.10000000000000002,-0.017123853695646476,-0.017123853695646476,yes,yes,high
0x172fcD41E0913e95784454622d1c3724f546f849,WBNB/USDT,100,100,24h,realistic,0.0,0.01902650410627386,0.10000000000000002,-0.11902650410627388,-0.11902650410627387,yes,yes,high
0x172fcD41E0913e95784454622d1c3724f546f849,WBNB/USDT,100,100,24h,conservative,0.0,0.01902650410627386,0.10000000000000002,-0.12092915451690127,-0.12092915451690127,yes,yes,high
0x172fcD41E0913e95784454622d1c3724f546f849,WBNB/USDT,100,500,24h,zero_il_lvr,0.0,0.01902650410627386,0.5,-0.01902650410627386,-0.0038053008212547723,yes,yes,high
0x172fcD41E0913e95784454622d1c3724f546f849,WBNB/USDT,100,500,24h,optimistic,0.0,0.01902650410627386,0.5,-0.017123853695646476,-0.0034247707391292957,yes,yes,high
0x172fcD41E0913e95784454622d1c3724f546f849,WBNB/USDT,100,500,24h,realistic,0.0,0.01902650410627386,0.5,-0.5190265041062738,-0.10380530082125475,yes,yes,high
0x172fcD41E0913e95784454622d1c3724f546f849,WBNB/USDT,100,500,24h,conservative,0.0,0.01902650410627386,0.5,-0.5209291545169012,-0.10418583090338025,yes,yes,high
0x172fcD41E0913e95784454622d1c3724f546f849,WBNB/USDT,100,1000,24h,zero_il_lvr,0.0,0.01902650410627386,1.0,-0.01902650410627386,-0.0019026504106273861,yes,yes,high
0x172fcD41E0913e95784454622d1c3724f546f849,WBNB/USDT,100,1000,24h,optimistic,0.0,0.01902650410627386,1.0,-0.017123853695646476,-0.0017123853695646478,yes,yes,high
0x172fcD41E0913e95784454622d1c3724f546f849,WBNB/USDT,100,1000,24h,realistic,0.0,0.01902650410627386,1.0,-1.0190265041062738,-0.10190265041062738,yes,yes,high
0x172fcD41E0913e95784454622d1c3724f546f849,WBNB/USDT,100,1000,24h,conservative,0.0,0.01902650410627386,1.0,-1.0209291545169012,-0.10209291545169014,yes,yes,high
0x172fcD41E0913e95784454622d1c3724f546f849,WBNB/USDT,100,2000,24h,zero_il_lvr,0.0,0.01902650410627386,2.0,-0.01902650410627386,-0.0009513252053136931,yes,yes,high
0x172fcD41E0913e95784454622d1c3724f546f849,WBNB/USDT,100,2000,24h,optimistic,0.0,0.01902650410627386,2.0,-0.017123853695646476,-0.0008561926847823239,yes,yes,high
0x172fcD41E0913e95784454622d1c3724f546f849,WBNB/USDT,100,2000,24h,realistic,0.0,0.01902650410627386,2.0,-2.019026504106274,-0.10095132520531369,yes,yes,high
0x172fcD41E0913e95784454622d1c3724f546f849,WBNB/USDT,100,2000,24h,conservative,0.0,0.01902650410627386,2.0,-2.0209291545169012,-0.10104645772584507,yes,yes,high
0x36696169C63e42cd08ce11f5deeBbCeBae652050,WBNB/USDT,500,20,15m,zero_il_lvr,0.0,0.01902650410697332,0.0,-0.01902650410697332,-0.0951325205348666,yes,yes,high
0x36696169C63e42cd08ce11f5deeBbCeBae652050,WBNB/USDT,500,20,15m,optimistic,0.0,0.01902650410697332,0.0,-0.017123853696275986,-0.08561926848137993,yes,yes,high
0x36696169C63e42cd08ce11f5deeBbCeBae652050,WBNB/USDT,500,20,15m,realistic,0.0,0.01902650410697332,0.0,-0.01902650410697332,-0.0951325205348666,yes,yes,high
0x36696169C63e42cd08ce11f5deeBbCeBae652050,WBNB/USDT,500,20,15m,conservative,0.0,0.01902650410697332,0.0,-0.02092915451767065,-0.10464577258835325,yes,yes,high
0x36696169C63e42cd08ce11f5deeBbCeBae652050,WBNB/USDT,500,100,15m,zero_il_lvr,0.0,0.01902650410697332,0.0,-0.01902650410697332,-0.01902650410697332,yes,yes,high
0x36696169C63e42cd08ce11f5deeBbCeBae652050,WBNB/USDT,500,100,15m,optimistic,0.0,0.01902650410697332,0.0,-0.017123853696275986,-0.017123853696275986,yes,yes,high
0x36696169C63e42cd08ce11f5deeBbCeBae652050,WBNB/USDT,500,100,15m,realistic,0.0,0.01902650410697332,0.0,-0.01902650410697332,-0.01902650410697332,yes,yes,high
0x36696169C63e42cd08ce11f5deeBbCeBae652050,WBNB/USDT,500,100,15m,conservative,0.0,0.01902650410697332,0.0,-0.02092915451767065,-0.02092915451767065,yes,yes,high
0x36696169C63e42cd08ce11f5deeBbCeBae652050,WBNB/USDT,500,500,15m,zero_il_lvr,0.0,0.01902650410697332,0.0,-0.01902650410697332,-0.0038053008213946634,yes,yes,high
0x36696169C63e42cd08ce11f5deeBbCeBae652050,WBNB/USDT,500,500,15m,optimistic,0.0,0.01902650410697332,0.0,-0.017123853696275986,-0.003424770739255197,yes,yes,high
0x36696169C63e42cd08ce11f5deeBbCeBae652050,WBNB/USDT,500,500,15m,realistic,0.0,0.01902650410697332,0.0,-0.01902650410697332,-0.0038053008213946634,yes,yes,high
0x36696169C63e42cd08ce11f5deeBbCeBae652050,WBNB/USDT,500,500,15m,conservative,0.0,0.01902650410697332,0.0,-0.02092915451767065,-0.00418583090353413,yes,yes,high
0x36696169C63e42cd08ce11f5deeBbCeBae652050,WBNB/USDT,500,1000,15m,zero_il_lvr,0.0,0.01902650410697332,0.0,-0.01902650410697332,-0.0019026504106973317,yes,yes,high
0x36696169C63e42cd08ce11f5deeBbCeBae652050,WBNB/USDT,500,1000,15m,optimistic,0.0,0.01902650410697332,0.0,-0.017123853696275986,-0.0017123853696275986,yes,yes,high
0x36696169C63e42cd08ce11f5deeBbCeBae652050,WBNB/USDT,500,1000,15m,realistic,0.0,0.01902650410697332,0.0,-0.01902650410697332,-0.0019026504106973317,yes,yes,high
0x36696169C63e42cd08ce11f5deeBbCeBae652050,WBNB/USDT,500,1000,15m,conservative,0.0,0.01902650410697332,0.0,-0.02092915451767065,-0.002092915451767065,yes,yes,high
0x36696169C63e42cd08ce11f5deeBbCeBae652050,WBNB/USDT,500,2000,15m,zero_il_lvr,0.0,0.01902650410697332,0.0,-0.01902650410697332,-0.0009513252053486658,yes,yes,high
0x36696169C63e42cd08ce11f5deeBbCeBae652050,WBNB/USDT,500,2000,15m,optimistic,0.0,0.01902650410697332,0.0,-0.017123853696275986,-0.0008561926848137993,yes,yes,high
0x36696169C63e42cd08ce11f5deeBbCeBae652050,WBNB/USDT,500,2000,15m,realistic,0.0,0.01902650410697332,0.0,-0.01902650410697332,-0.0009513252053486658,yes,yes,high
0x36696169C63e42cd08ce11f5deeBbCeBae652050,WBNB/USDT,500,2000,15m,conservative,0.0,0.01902650410697332,0.0,-0.02092915451767065,-0.0010464577258835325,yes,yes,high
0x36696169C63e42cd08ce11f5deeBbCeBae652050,WBNB/USDT,500,20,30m,zero_il_lvr,0.0,0.01902650410697332,0.0,-0.01902650410697332,-0.0951325205348666,yes,yes,high
0x36696169C63e42cd08ce11f5deeBbCeBae652050,WBNB/USDT,500,20,30m,optimistic,0.0,0.01902650410697332,0.0,-0.017123853696275986,-0.08561926848137993,yes,yes,high
0x36696169C63e42cd08ce11f5deeBbCeBae652050,WBNB/USDT,500,20,30m,realistic,0.0,0.01902650410697332,0.0,-0.01902650410697332,-0.0951325205348666,yes,yes,high
0x36696169C63e42cd08ce11f5deeBbCeBae652050,WBNB/USDT,500,20,30m,conservative,0.0,0.01902650410697332,0.0,-0.02092915451767065,-0.10464577258835325,yes,yes,high
0x36696169C63e42cd08ce11f5deeBbCeBae652050,WBNB/USDT,500,100,30m,zero_il_lvr,0.0,0.01902650410697332,0.0,-0.01902650410697332,-0.01902650410697332,yes,yes,high
0x36696169C63e42cd08ce11f5deeBbCeBae652050,WBNB/USDT,500,100,30m,optimistic,0.0,0.01902650410697332,0.0,-0.017123853696275986,-0.017123853696275986,yes,yes,high
0x36696169C63e42cd08ce11f5deeBbCeBae652050,WBNB/USDT,500,100,30m,realistic,0.0,0.01902650410697332,0.0,-0.01902650410697332,-0.01902650410697332,yes,yes,high
0x36696169C63e42cd08ce11f5deeBbCeBae652050,WBNB/USDT,500,100,30m,conservative,0.0,0.01902650410697332,0.0,-0.02092915451767065,-0.02092915451767065,yes,yes,high
0x36696169C63e42cd08ce11f5deeBbCeBae652050,WBNB/USDT,500,500,30m,zero_il_lvr,0.0,0.01902650410697332,0.0,-0.01902650410697332,-0.0038053008213946634,yes,yes,high
0x36696169C63e42cd08ce11f5deeBbCeBae652050,WBNB/USDT,500,500,30m,optimistic,0.0,0.01902650410697332,0.0,-0.017123853696275986,-0.003424770739255197,yes,yes,high
0x36696169C63e42cd08ce11f5deeBbCeBae652050,WBNB/USDT,500,500,30m,realistic,0.0,0.01902650410697332,0.0,-0.01902650410697332,-0.0038053008213946634,yes,yes,high
0x36696169C63e42cd08ce11f5deeBbCeBae652050,WBNB/USDT,500,500,30m,conservative,0.0,0.01902650410697332,0.0,-0.02092915451767065,-0.00418583090353413,yes,yes,high
0x36696169C63e42cd08ce11f5deeBbCeBae652050,WBNB/USDT,500,1000,30m,zero_il_lvr,0.0,0.01902650410697332,0.0,-0.01902650410697332,-0.0019026504106973317,yes,yes,high
0x36696169C63e42cd08ce11f5deeBbCeBae652050,WBNB/USDT,500,1000,30m,optimistic,0.0,0.01902650410697332,0.0,-0.017123853696275986,-0.0017123853696275986,yes,yes,high
0x36696169C63e42cd08ce11f5deeBbCeBae652050,WBNB/USDT,500,1000,30m,realistic,0.0,0.01902650410697332,0.0,-0.01902650410697332,-0.0019026504106973317,yes,yes,high
0x36696169C63e42cd08ce11f5deeBbCeBae652050,WBNB/USDT,500,1000,30m,conservative,0.0,0.01902650410697332,0.0,-0.02092915451767065,-0.002092915451767065,yes,yes,high
0x36696169C63e42cd08ce11f5deeBbCeBae652050,WBNB/USDT,500,2000,30m,zero_il_lvr,0.0,0.01902650410697332,0.0,-0.01902650410697332,-0.0009513252053486658,yes,yes,high
0x36696169C63e42cd08ce11f5deeBbCeBae652050,WBNB/USDT,500,2000,30m,optimistic,0.0,0.01902650410697332,0.0,-0.017123853696275986,-0.0008561926848137993,yes,yes,high
0x36696169C63e42cd08ce11f5deeBbCeBae652050,WBNB/USDT,500,2000,30m,realistic,0.0,0.01902650410697332,0.0,-0.01902650410697332,-0.0009513252053486658,yes,yes,high
0x36696169C63e42cd08ce11f5deeBbCeBae652050,WBNB/USDT,500,2000,30m,conservative,0.0,0.01902650410697332,0.0,-0.02092915451767065,-0.0010464577258835325,yes,yes,high
0x36696169C63e42cd08ce11f5deeBbCeBae652050,WBNB/USDT,500,20,1h,zero_il_lvr,0.0,0.01902650410697332,0.0008333333333333334,-0.01902650410697332,-0.0951325205348666,yes,yes,high
0x36696169C63e42cd08ce11f5deeBbCeBae652050,WBNB/USDT,500,20,1h,optimistic,0.0,0.01902650410697332,0.0008333333333333334,-0.017123853696275986,-0.08561926848137993,yes,yes,high
0x36696169C63e42cd08ce11f5deeBbCeBae652050,WBNB/USDT,500,20,1h,realistic,0.0,0.01902650410697332,0.0008333333333333334,-0.01985983744030665,-0.09929918720153325,yes,yes,high
0x36696169C63e42cd08ce11f5deeBbCeBae652050,WBNB/USDT,500,20,1h,conservative,0.0,0.01902650410697332,0.0008333333333333334,-0.021762487851003983,-0.10881243925501992,yes,yes,high
0x36696169C63e42cd08ce11f5deeBbCeBae652050,WBNB/USDT,500,100,1h,zero_il_lvr,0.0,0.01902650410697332,0.004166666666666667,-0.01902650410697332,-0.01902650410697332,yes,yes,high
0x36696169C63e42cd08ce11f5deeBbCeBae652050,WBNB/USDT,500,100,1h,optimistic,0.0,0.01902650410697332,0.004166666666666667,-0.017123853696275986,-0.017123853696275986,yes,yes,high
0x36696169C63e42cd08ce11f5deeBbCeBae652050,WBNB/USDT,500,100,1h,realistic,0.0,0.01902650410697332,0.004166666666666667,-0.023193170773639984,-0.023193170773639984,yes,yes,high
0x36696169C63e42cd08ce11f5deeBbCeBae652050,WBNB/USDT,500,100,1h,conservative,0.0,0.01902650410697332,0.004166666666666667,-0.025095821184337317,-0.025095821184337317,yes,yes,high
0x36696169C63e42cd08ce11f5deeBbCeBae652050,WBNB/USDT,500,500,1h,zero_il_lvr,0.0,0.01902650410697332,0.020833333333333332,-0.01902650410697332,-0.0038053008213946634,yes,yes,high
0x36696169C63e42cd08ce11f5deeBbCeBae652050,WBNB/USDT,500,500,1h,optimistic,0.0,0.01902650410697332,0.020833333333333332,-0.017123853696275986,-0.003424770739255197,yes,yes,high
0x36696169C63e42cd08ce11f5deeBbCeBae652050,WBNB/USDT,500,500,1h,realistic,0.0,0.01902650410697332,0.020833333333333332,-0.03985983744030665,-0.00797196748806133,yes,yes,high
0x36696169C63e42cd08ce11f5deeBbCeBae652050,WBNB/USDT,500,500,1h,conservative,0.0,0.01902650410697332,0.020833333333333332,-0.041762487851003983,-0.008352497570200797,yes,yes,high
0x36696169C63e42cd08ce11f5deeBbCeBae652050,WBNB/USDT,500,1000,1h,zero_il_lvr,0.0,0.01902650410697332,0.041666666666666664,-0.01902650410697332,-0.0019026504106973317,yes,yes,high
0x36696169C63e42cd08ce11f5deeBbCeBae652050,WBNB/USDT,500,1000,1h,optimistic,0.0,0.01902650410697332,0.041666666666666664,-0.017123853696275986,-0.0017123853696275986,yes,yes,high
0x36696169C63e42cd08ce11f5deeBbCeBae652050,WBNB/USDT,500,1000,1h,realistic,0.0,0.01902650410697332,0.041666666666666664,-0.06069317077363998,-0.006069317077363998,yes,yes,high
0x36696169C63e42cd08ce11f5deeBbCeBae652050,WBNB/USDT,500,1000,1h,conservative,0.0,0.01902650410697332,0.041666666666666664,-0.06259582118433732,-0.006259582118433732,yes,yes,high
0x36696169C63e42cd08ce11f5deeBbCeBae652050,WBNB/USDT,500,2000,1h,zero_il_lvr,0.0,0.01902650410697332,0.08333333333333333,-0.01902650410697332,-0.0009513252053486658,yes,yes,high
0x36696169C63e42cd08ce11f5deeBbCeBae652050,WBNB/USDT,500,2000,1h,optimistic,0.0,0.01902650410697332,0.08333333333333333,-0.017123853696275986,-0.0008561926848137993,yes,yes,high
0x36696169C63e42cd08ce11f5deeBbCeBae652050,WBNB/USDT,500,2000,1h,realistic,0.0,0.01902650410697332,0.08333333333333333,-0.10235983744030665,-0.005117991872015332,yes,yes,high
0x36696169C63e42cd08ce11f5deeBbCeBae652050,WBNB/USDT,500,2000,1h,conservative,0.0,0.01902650410697332,0.08333333333333333,-0.10426248785100398,-0.0052131243925501985,yes,yes,high
0x36696169C63e42cd08ce11f5deeBbCeBae652050,WBNB/USDT,500,20,2h,zero_il_lvr,0.0,0.01902650410697332,0.0016666666666666668,-0.01902650410697332,-0.0951325205348666,yes,yes,high
0x36696169C63e42cd08ce11f5deeBbCeBae652050,WBNB/USDT,500,20,2h,optimistic,0.0,0.01902650410697332,0.0016666666666666668,-0.017123853696275986,-0.08561926848137993,yes,yes,high
0x36696169C63e42cd08ce11f5deeBbCeBae652050,WBNB/USDT,500,20,2h,realistic,0.0,0.01902650410697332,0.0016666666666666668,-0.020693170773639986,-0.10346585386819994,yes,yes,high
0x36696169C63e42cd08ce11f5deeBbCeBae652050,WBNB/USDT,500,20,2h,conservative,0.0,0.01902650410697332,0.0016666666666666668,-0.02259582118433732,-0.1129791059216866,yes,yes,high
0x36696169C63e42cd08ce11f5deeBbCeBae652050,WBNB/USDT,500,100,2h,zero_il_lvr,0.0,0.01902650410697332,0.008333333333333333,-0.01902650410697332,-0.01902650410697332,yes,yes,high
0x36696169C63e42cd08ce11f5deeBbCeBae652050,WBNB/USDT,500,100,2h,optimistic,0.0,0.01902650410697332,0.008333333333333333,-0.017123853696275986,-0.017123853696275986,yes,yes,high
0x36696169C63e42cd08ce11f5deeBbCeBae652050,WBNB/USDT,500,100,2h,realistic,0.0,0.01902650410697332,0.008333333333333333,-0.02735983744030665,-0.02735983744030665,yes,yes,high
0x36696169C63e42cd08ce11f5deeBbCeBae652050,WBNB/USDT,500,100,2h,conservative,0.0,0.01902650410697332,0.008333333333333333,-0.029262487851003986,-0.029262487851003983,yes,yes,high
0x36696169C63e42cd08ce11f5deeBbCeBae652050,WBNB/USDT,500,500,2h,zero_il_lvr,0.0,0.01902650410697332,0.041666666666666664,-0.01902650410697332,-0.0038053008213946634,yes,yes,high
0x36696169C63e42cd08ce11f5deeBbCeBae652050,WBNB/USDT,500,500,2h,optimistic,0.0,0.01902650410697332,0.041666666666666664,-0.017123853696275986,-0.003424770739255197,yes,yes,high
0x36696169C63e42cd08ce11f5deeBbCeBae652050,WBNB/USDT,500,500,2h,realistic,0.0,0.01902650410697332,0.041666666666666664,-0.06069317077363998,-0.012138634154727997,yes,yes,high
0x36696169C63e42cd08ce11f5deeBbCeBae652050,WBNB/USDT,500,500,2h,conservative,0.0,0.01902650410697332,0.041666666666666664,-0.06259582118433732,-0.012519164236867464,yes,yes,high
0x36696169C63e42cd08ce11f5deeBbCeBae652050,WBNB/USDT,500,1000,2h,zero_il_lvr,0.0,0.01902650410697332,0.08333333333333333,-0.01902650410697332,-0.0019026504106973317,yes,yes,high
0x36696169C63e42cd08ce11f5deeBbCeBae652050,WBNB/USDT,500,1000,2h,optimistic,0.0,0.01902650410697332,0.08333333333333333,-0.017123853696275986,-0.0017123853696275986,yes,yes,high
0x36696169C63e42cd08ce11f5deeBbCeBae652050,WBNB/USDT,500,1000,2h,realistic,0.0,0.01902650410697332,0.08333333333333333,-0.10235983744030665,-0.010235983744030664,yes,yes,high
0x36696169C63e42cd08ce11f5deeBbCeBae652050,WBNB/USDT,500,1000,2h,conservative,0.0,0.01902650410697332,0.08333333333333333,-0.10426248785100398,-0.010426248785100397,yes,yes,high
0x36696169C63e42cd08ce11f5deeBbCeBae652050,WBNB/USDT,500,2000,2h,zero_il_lvr,0.0,0.01902650410697332,0.16666666666666666,-0.01902650410697332,-0.0009513252053486658,yes,yes,high
0x36696169C63e42cd08ce11f5deeBbCeBae652050,WBNB/USDT,500,2000,2h,optimistic,0.0,0.01902650410697332,0.16666666666666666,-0.017123853696275986,-0.0008561926848137993,yes,yes,high
0x36696169C63e42cd08ce11f5deeBbCeBae652050,WBNB/USDT,500,2000,2h,realistic,0.0,0.01902650410697332,0.16666666666666666,-0.18569317077363998,-0.009284658538682,yes,yes,high
0x36696169C63e42cd08ce11f5deeBbCeBae652050,WBNB/USDT,500,2000,2h,conservative,0.0,0.01902650410697332,0.16666666666666666,-0.18759582118433732,-0.009379791059216866,yes,yes,high
0x36696169C63e42cd08ce11f5deeBbCeBae652050,WBNB/USDT,500,20,6h,zero_il_lvr,0.0,0.01902650410697332,0.005,-0.01902650410697332,-0.0951325205348666,yes,yes,high
0x36696169C63e42cd08ce11f5deeBbCeBae652050,WBNB/USDT,500,20,6h,optimistic,0.0,0.01902650410697332,0.005,-0.017123853696275986,-0.08561926848137993,yes,yes,high
0x36696169C63e42cd08ce11f5deeBbCeBae652050,WBNB/USDT,500,20,6h,realistic,0.0,0.01902650410697332,0.005,-0.02402650410697332,-0.1201325205348666,yes,yes,high
0x36696169C63e42cd08ce11f5deeBbCeBae652050,WBNB/USDT,500,20,6h,conservative,0.0,0.01902650410697332,0.005,-0.025929154517670652,-0.12964577258835325,yes,yes,high
0x36696169C63e42cd08ce11f5deeBbCeBae652050,WBNB/USDT,500,100,6h,zero_il_lvr,0.0,0.01902650410697332,0.025000000000000005,-0.01902650410697332,-0.01902650410697332,yes,yes,high
0x36696169C63e42cd08ce11f5deeBbCeBae652050,WBNB/USDT,500,100,6h,optimistic,0.0,0.01902650410697332,0.025000000000000005,-0.017123853696275986,-0.017123853696275986,yes,yes,high
0x36696169C63e42cd08ce11f5deeBbCeBae652050,WBNB/USDT,500,100,6h,realistic,0.0,0.01902650410697332,0.025000000000000005,-0.04402650410697333,-0.04402650410697333,yes,yes,high
0x36696169C63e42cd08ce11f5deeBbCeBae652050,WBNB/USDT,500,100,6h,conservative,0.0,0.01902650410697332,0.025000000000000005,-0.045929154517670656,-0.045929154517670656,yes,yes,high
0x36696169C63e42cd08ce11f5deeBbCeBae652050,WBNB/USDT,500,500,6h,zero_il_lvr,0.0,0.01902650410697332,0.125,-0.01902650410697332,-0.0038053008213946634,yes,yes,high
0x36696169C63e42cd08ce11f5deeBbCeBae652050,WBNB/USDT,500,500,6h,optimistic,0.0,0.01902650410697332,0.125,-0.017123853696275986,-0.003424770739255197,yes,yes,high
0x36696169C63e42cd08ce11f5deeBbCeBae652050,WBNB/USDT,500,500,6h,realistic,0.0,0.01902650410697332,0.125,-0.14402650410697332,-0.028805300821394663,yes,yes,high
0x36696169C63e42cd08ce11f5deeBbCeBae652050,WBNB/USDT,500,500,6h,conservative,0.0,0.01902650410697332,0.125,-0.14592915451767066,-0.02918583090353413,yes,yes,high
0x36696169C63e42cd08ce11f5deeBbCeBae652050,WBNB/USDT,500,1000,6h,zero_il_lvr,0.0,0.01902650410697332,0.25,-0.01902650410697332,-0.0019026504106973317,yes,yes,high
0x36696169C63e42cd08ce11f5deeBbCeBae652050,WBNB/USDT,500,1000,6h,optimistic,0.0,0.01902650410697332,0.25,-0.017123853696275986,-0.0017123853696275986,yes,yes,high
0x36696169C63e42cd08ce11f5deeBbCeBae652050,WBNB/USDT,500,1000,6h,realistic,0.0,0.01902650410697332,0.25,-0.2690265041069733,-0.02690265041069733,yes,yes,high
0x36696169C63e42cd08ce11f5deeBbCeBae652050,WBNB/USDT,500,1000,6h,conservative,0.0,0.01902650410697332,0.25,-0.27092915451767063,-0.027092915451767063,yes,yes,high
0x36696169C63e42cd08ce11f5deeBbCeBae652050,WBNB/USDT,500,2000,6h,zero_il_lvr,0.0,0.01902650410697332,0.5,-0.01902650410697332,-0.0009513252053486658,yes,yes,high
0x36696169C63e42cd08ce11f5deeBbCeBae652050,WBNB/USDT,500,2000,6h,optimistic,0.0,0.01902650410697332,0.5,-0.017123853696275986,-0.0008561926848137993,yes,yes,high
0x36696169C63e42cd08ce11f5deeBbCeBae652050,WBNB/USDT,500,2000,6h,realistic,0.0,0.01902650410697332,0.5,-0.5190265041069733,-0.025951325205348666,yes,yes,high
0x36696169C63e42cd08ce11f5deeBbCeBae652050,WBNB/USDT,500,2000,6h,conservative,0.0,0.01902650410697332,0.5,-0.5209291545176706,-0.026046457725883532,yes,yes,high
0x36696169C63e42cd08ce11f5deeBbCeBae652050,WBNB/USDT,500,20,24h,zero_il_lvr,0.0,0.01902650410697332,0.02,-0.01902650410697332,-0.0951325205348666,yes,yes,high
0x36696169C63e42cd08ce11f5deeBbCeBae652050,WBNB/USDT,500,20,24h,optimistic,0.0,0.01902650410697332,0.02,-0.017123853696275986,-0.08561926848137993,yes,yes,high
0x36696169C63e42cd08ce11f5deeBbCeBae652050,WBNB/USDT,500,20,24h,realistic,0.0,0.01902650410697332,0.02,-0.03902650410697332,-0.1951325205348666,yes,yes,high
0x36696169C63e42cd08ce11f5deeBbCeBae652050,WBNB/USDT,500,20,24h,conservative,0.0,0.01902650410697332,0.02,-0.04092915451767065,-0.2046457725883533,yes,yes,high
0x36696169C63e42cd08ce11f5deeBbCeBae652050,WBNB/USDT,500,100,24h,zero_il_lvr,0.0,0.01902650410697332,0.10000000000000002,-0.01902650410697332,-0.01902650410697332,yes,yes,high
0x36696169C63e42cd08ce11f5deeBbCeBae652050,WBNB/USDT,500,100,24h,optimistic,0.0,0.01902650410697332,0.10000000000000002,-0.017123853696275986,-0.017123853696275986,yes,yes,high
0x36696169C63e42cd08ce11f5deeBbCeBae652050,WBNB/USDT,500,100,24h,realistic,0.0,0.01902650410697332,0.10000000000000002,-0.11902650410697334,-0.11902650410697334,yes,yes,high
0x36696169C63e42cd08ce11f5deeBbCeBae652050,WBNB/USDT,500,100,24h,conservative,0.0,0.01902650410697332,0.10000000000000002,-0.12092915451767067,-0.12092915451767067,yes,yes,high
0x36696169C63e42cd08ce11f5deeBbCeBae652050,WBNB/USDT,500,500,24h,zero_il_lvr,0.0,0.01902650410697332,0.5,-0.01902650410697332,-0.0038053008213946634,yes,yes,high
0x36696169C63e42cd08ce11f5deeBbCeBae652050,WBNB/USDT,500,500,24h,optimistic,0.0,0.01902650410697332,0.5,-0.017123853696275986,-0.003424770739255197,yes,yes,high
0x36696169C63e42cd08ce11f5deeBbCeBae652050,WBNB/USDT,500,500,24h,realistic,0.0,0.01902650410697332,0.5,-0.5190265041069733,-0.10380530082139466,yes,yes,high
0x36696169C63e42cd08ce11f5deeBbCeBae652050,WBNB/USDT,500,500,24h,conservative,0.0,0.01902650410697332,0.5,-0.5209291545176706,-0.10418583090353413,yes,yes,high
0x36696169C63e42cd08ce11f5deeBbCeBae652050,WBNB/USDT,500,1000,24h,zero_il_lvr,0.0,0.01902650410697332,1.0,-0.01902650410697332,-0.0019026504106973317,yes,yes,high
0x36696169C63e42cd08ce11f5deeBbCeBae652050,WBNB/USDT,500,1000,24h,optimistic,0.0,0.01902650410697332,1.0,-0.017123853696275986,-0.0017123853696275986,yes,yes,high
0x36696169C63e42cd08ce11f5deeBbCeBae652050,WBNB/USDT,500,1000,24h,realistic,0.0,0.01902650410697332,1.0,-1.0190265041069733,-0.10190265041069733,yes,yes,high
0x36696169C63e42cd08ce11f5deeBbCeBae652050,WBNB/USDT,500,1000,24h,conservative,0.0,0.01902650410697332,1.0,-1.0209291545176706,-0.10209291545176706,yes,yes,high
0x36696169C63e42cd08ce11f5deeBbCeBae652050,WBNB/USDT,500,2000,24h,zero_il_lvr,0.0,0.01902650410697332,2.0,-0.01902650410697332,-0.0009513252053486658,yes,yes,high
0x36696169C63e42cd08ce11f5deeBbCeBae652050,WBNB/USDT,500,2000,24h,optimistic,0.0,0.01902650410697332,2.0,-0.017123853696275986,-0.0008561926848137993,yes,yes,high
0x36696169C63e42cd08ce11f5deeBbCeBae652050,WBNB/USDT,500,2000,24h,realistic,0.0,0.01902650410697332,2.0,-2.0190265041069733,-0.10095132520534866,yes,yes,high
0x36696169C63e42cd08ce11f5deeBbCeBae652050,WBNB/USDT,500,2000,24h,conservative,0.0,0.01902650410697332,2.0,-2.020929154517671,-0.10104645772588353,yes,yes,high
0x1401ff943D08a7E098328C1d3a9d388923B115D2,WBNB/USDT,2500,20,15m,zero_il_lvr,0.0,0.01902650410968941,0.0,-0.01902650410968941,-0.09513252054844705,yes,yes,high
0x1401ff943D08a7E098328C1d3a9d388923B115D2,WBNB/USDT,2500,20,15m,optimistic,0.0,0.01902650410968941,0.0,-0.01712385369872047,-0.08561926849360235,yes,yes,high
0x1401ff943D08a7E098328C1d3a9d388923B115D2,WBNB/USDT,2500,20,15m,realistic,0.0,0.01902650410968941,0.0,-0.01902650410968941,-0.09513252054844705,yes,yes,high
0x1401ff943D08a7E098328C1d3a9d388923B115D2,WBNB/USDT,2500,20,15m,conservative,0.0,0.01902650410968941,0.0,-0.02092915452065835,-0.10464577260329176,yes,yes,high
0x1401ff943D08a7E098328C1d3a9d388923B115D2,WBNB/USDT,2500,100,15m,zero_il_lvr,0.0,0.01902650410968941,0.0,-0.01902650410968941,-0.01902650410968941,yes,yes,high
0x1401ff943D08a7E098328C1d3a9d388923B115D2,WBNB/USDT,2500,100,15m,optimistic,0.0,0.01902650410968941,0.0,-0.01712385369872047,-0.01712385369872047,yes,yes,high
0x1401ff943D08a7E098328C1d3a9d388923B115D2,WBNB/USDT,2500,100,15m,realistic,0.0,0.01902650410968941,0.0,-0.01902650410968941,-0.01902650410968941,yes,yes,high
0x1401ff943D08a7E098328C1d3a9d388923B115D2,WBNB/USDT,2500,100,15m,conservative,0.0,0.01902650410968941,0.0,-0.02092915452065835,-0.02092915452065835,yes,yes,high
0x1401ff943D08a7E098328C1d3a9d388923B115D2,WBNB/USDT,2500,500,15m,zero_il_lvr,0.0,0.01902650410968941,0.0,-0.01902650410968941,-0.003805300821937882,yes,yes,high
0x1401ff943D08a7E098328C1d3a9d388923B115D2,WBNB/USDT,2500,500,15m,optimistic,0.0,0.01902650410968941,0.0,-0.01712385369872047,-0.003424770739744094,yes,yes,high
0x1401ff943D08a7E098328C1d3a9d388923B115D2,WBNB/USDT,2500,500,15m,realistic,0.0,0.01902650410968941,0.0,-0.01902650410968941,-0.003805300821937882,yes,yes,high
0x1401ff943D08a7E098328C1d3a9d388923B115D2,WBNB/USDT,2500,500,15m,conservative,0.0,0.01902650410968941,0.0,-0.02092915452065835,-0.00418583090413167,yes,yes,high
0x1401ff943D08a7E098328C1d3a9d388923B115D2,WBNB/USDT,2500,1000,15m,zero_il_lvr,0.0,0.01902650410968941,0.0,-0.01902650410968941,-0.001902650410968941,yes,yes,high
0x1401ff943D08a7E098328C1d3a9d388923B115D2,WBNB/USDT,2500,1000,15m,optimistic,0.0,0.01902650410968941,0.0,-0.01712385369872047,-0.001712385369872047,yes,yes,high
0x1401ff943D08a7E098328C1d3a9d388923B115D2,WBNB/USDT,2500,1000,15m,realistic,0.0,0.01902650410968941,0.0,-0.01902650410968941,-0.001902650410968941,yes,yes,high
0x1401ff943D08a7E098328C1d3a9d388923B115D2,WBNB/USDT,2500,1000,15m,conservative,0.0,0.01902650410968941,0.0,-0.02092915452065835,-0.002092915452065835,yes,yes,high
0x1401ff943D08a7E098328C1d3a9d388923B115D2,WBNB/USDT,2500,2000,15m,zero_il_lvr,0.0,0.01902650410968941,0.0,-0.01902650410968941,-0.0009513252054844705,yes,yes,high
0x1401ff943D08a7E098328C1d3a9d388923B115D2,WBNB/USDT,2500,2000,15m,optimistic,0.0,0.01902650410968941,0.0,-0.01712385369872047,-0.0008561926849360235,yes,yes,high
0x1401ff943D08a7E098328C1d3a9d388923B115D2,WBNB/USDT,2500,2000,15m,realistic,0.0,0.01902650410968941,0.0,-0.01902650410968941,-0.0009513252054844705,yes,yes,high
0x1401ff943D08a7E098328C1d3a9d388923B115D2,WBNB/USDT,2500,2000,15m,conservative,0.0,0.01902650410968941,0.0,-0.02092915452065835,-0.0010464577260329176,yes,yes,high
0x1401ff943D08a7E098328C1d3a9d388923B115D2,WBNB/USDT,2500,20,30m,zero_il_lvr,0.0,0.01902650410968941,0.0,-0.01902650410968941,-0.09513252054844705,yes,yes,high
0x1401ff943D08a7E098328C1d3a9d388923B115D2,WBNB/USDT,2500,20,30m,optimistic,0.0,0.01902650410968941,0.0,-0.01712385369872047,-0.08561926849360235,yes,yes,high
0x1401ff943D08a7E098328C1d3a9d388923B115D2,WBNB/USDT,2500,20,30m,realistic,0.0,0.01902650410968941,0.0,-0.01902650410968941,-0.09513252054844705,yes,yes,high
0x1401ff943D08a7E098328C1d3a9d388923B115D2,WBNB/USDT,2500,20,30m,conservative,0.0,0.01902650410968941,0.0,-0.02092915452065835,-0.10464577260329176,yes,yes,high
0x1401ff943D08a7E098328C1d3a9d388923B115D2,WBNB/USDT,2500,100,30m,zero_il_lvr,0.0,0.01902650410968941,0.0,-0.01902650410968941,-0.01902650410968941,yes,yes,high
0x1401ff943D08a7E098328C1d3a9d388923B115D2,WBNB/USDT,2500,100,30m,optimistic,0.0,0.01902650410968941,0.0,-0.01712385369872047,-0.01712385369872047,yes,yes,high
0x1401ff943D08a7E098328C1d3a9d388923B115D2,WBNB/USDT,2500,100,30m,realistic,0.0,0.01902650410968941,0.0,-0.01902650410968941,-0.01902650410968941,yes,yes,high
0x1401ff943D08a7E098328C1d3a9d388923B115D2,WBNB/USDT,2500,100,30m,conservative,0.0,0.01902650410968941,0.0,-0.02092915452065835,-0.02092915452065835,yes,yes,high
0x1401ff943D08a7E098328C1d3a9d388923B115D2,WBNB/USDT,2500,500,30m,zero_il_lvr,0.0,0.01902650410968941,0.0,-0.01902650410968941,-0.003805300821937882,yes,yes,high
0x1401ff943D08a7E098328C1d3a9d388923B115D2,WBNB/USDT,2500,500,30m,optimistic,0.0,0.01902650410968941,0.0,-0.01712385369872047,-0.003424770739744094,yes,yes,high
0x1401ff943D08a7E098328C1d3a9d388923B115D2,WBNB/USDT,2500,500,30m,realistic,0.0,0.01902650410968941,0.0,-0.01902650410968941,-0.003805300821937882,yes,yes,high
0x1401ff943D08a7E098328C1d3a9d388923B115D2,WBNB/USDT,2500,500,30m,conservative,0.0,0.01902650410968941,0.0,-0.02092915452065835,-0.00418583090413167,yes,yes,high
0x1401ff943D08a7E098328C1d3a9d388923B115D2,WBNB/USDT,2500,1000,30m,zero_il_lvr,0.0,0.01902650410968941,0.0,-0.01902650410968941,-0.001902650410968941,yes,yes,high
0x1401ff943D08a7E098328C1d3a9d388923B115D2,WBNB/USDT,2500,1000,30m,optimistic,0.0,0.01902650410968941,0.0,-0.01712385369872047,-0.001712385369872047,yes,yes,high
0x1401ff943D08a7E098328C1d3a9d388923B115D2,WBNB/USDT,2500,1000,30m,realistic,0.0,0.01902650410968941,0.0,-0.01902650410968941,-0.001902650410968941,yes,yes,high
0x1401ff943D08a7E098328C1d3a9d388923B115D2,WBNB/USDT,2500,1000,30m,conservative,0.0,0.01902650410968941,0.0,-0.02092915452065835,-0.002092915452065835,yes,yes,high
0x1401ff943D08a7E098328C1d3a9d388923B115D2,WBNB/USDT,2500,2000,30m,zero_il_lvr,0.0,0.01902650410968941,0.0,-0.01902650410968941,-0.0009513252054844705,yes,yes,high
0x1401ff943D08a7E098328C1d3a9d388923B115D2,WBNB/USDT,2500,2000,30m,optimistic,0.0,0.01902650410968941,0.0,-0.01712385369872047,-0.0008561926849360235,yes,yes,high
0x1401ff943D08a7E098328C1d3a9d388923B115D2,WBNB/USDT,2500,2000,30m,realistic,0.0,0.01902650410968941,0.0,-0.01902650410968941,-0.0009513252054844705,yes,yes,high
0x1401ff943D08a7E098328C1d3a9d388923B115D2,WBNB/USDT,2500,2000,30m,conservative,0.0,0.01902650410968941,0.0,-0.02092915452065835,-0.0010464577260329176,yes,yes,high
0x1401ff943D08a7E098328C1d3a9d388923B115D2,WBNB/USDT,2500,20,1h,zero_il_lvr,0.0,0.01902650410968941,0.0008333333333333334,-0.01902650410968941,-0.09513252054844705,yes,yes,high
0x1401ff943D08a7E098328C1d3a9d388923B115D2,WBNB/USDT,2500,20,1h,optimistic,0.0,0.01902650410968941,0.0008333333333333334,-0.01712385369872047,-0.08561926849360235,yes,yes,high
0x1401ff943D08a7E098328C1d3a9d388923B115D2,WBNB/USDT,2500,20,1h,realistic,0.0,0.01902650410968941,0.0008333333333333334,-0.01985983744302274,-0.0992991872151137,yes,yes,high
0x1401ff943D08a7E098328C1d3a9d388923B115D2,WBNB/USDT,2500,20,1h,conservative,0.0,0.01902650410968941,0.0008333333333333334,-0.021762487853991683,-0.10881243926995843,yes,yes,high
0x1401ff943D08a7E098328C1d3a9d388923B115D2,WBNB/USDT,2500,100,1h,zero_il_lvr,0.0,0.01902650410968941,0.004166666666666667,-0.01902650410968941,-0.01902650410968941,yes,yes,high
0x1401ff943D08a7E098328C1d3a9d388923B115D2,WBNB/USDT,2500,100,1h,optimistic,0.0,0.01902650410968941,0.004166666666666667,-0.01712385369872047,-0.01712385369872047,yes,yes,high
0x1401ff943D08a7E098328C1d3a9d388923B115D2,WBNB/USDT,2500,100,1h,realistic,0.0,0.01902650410968941,0.004166666666666667,-0.023193170776356076,-0.023193170776356076,yes,yes,high
0x1401ff943D08a7E098328C1d3a9d388923B115D2,WBNB/USDT,2500,100,1h,conservative,0.0,0.01902650410968941,0.004166666666666667,-0.025095821187325017,-0.02509582118732502,yes,yes,high
0x1401ff943D08a7E098328C1d3a9d388923B115D2,WBNB/USDT,2500,500,1h,zero_il_lvr,0.0,0.01902650410968941,0.020833333333333332,-0.01902650410968941,-0.003805300821937882,yes,yes,high
0x1401ff943D08a7E098328C1d3a9d388923B115D2,WBNB/USDT,2500,500,1h,optimistic,0.0,0.01902650410968941,0.020833333333333332,-0.01712385369872047,-0.003424770739744094,yes,yes,high
0x1401ff943D08a7E098328C1d3a9d388923B115D2,WBNB/USDT,2500,500,1h,realistic,0.0,0.01902650410968941,0.020833333333333332,-0.03985983744302274,-0.007971967488604547,yes,yes,high
0x1401ff943D08a7E098328C1d3a9d388923B115D2,WBNB/USDT,2500,500,1h,conservative,0.0,0.01902650410968941,0.020833333333333332,-0.041762487853991684,-0.008352497570798338,yes,yes,high
0x1401ff943D08a7E098328C1d3a9d388923B115D2,WBNB/USDT,2500,1000,1h,zero_il_lvr,0.0,0.01902650410968941,0.041666666666666664,-0.01902650410968941,-0.001902650410968941,yes,yes,high
0x1401ff943D08a7E098328C1d3a9d388923B115D2,WBNB/USDT,2500,1000,1h,optimistic,0.0,0.01902650410968941,0.041666666666666664,-0.01712385369872047,-0.001712385369872047,yes,yes,high
0x1401ff943D08a7E098328C1d3a9d388923B115D2,WBNB/USDT,2500,1000,1h,realistic,0.0,0.01902650410968941,0.041666666666666664,-0.060693170776356074,-0.006069317077635607,yes,yes,high
0x1401ff943D08a7E098328C1d3a9d388923B115D2,WBNB/USDT,2500,1000,1h,conservative,0.0,0.01902650410968941,0.041666666666666664,-0.06259582118732501,-0.006259582118732502,yes,yes,high
0x1401ff943D08a7E098328C1d3a9d388923B115D2,WBNB/USDT,2500,2000,1h,zero_il_lvr,0.0,0.01902650410968941,0.08333333333333333,-0.01902650410968941,-0.0009513252054844705,yes,yes,high
0x1401ff943D08a7E098328C1d3a9d388923B115D2,WBNB/USDT,2500,2000,1h,optimistic,0.0,0.01902650410968941,0.08333333333333333,-0.01712385369872047,-0.0008561926849360235,yes,yes,high
0x1401ff943D08a7E098328C1d3a9d388923B115D2,WBNB/USDT,2500,2000,1h,realistic,0.0,0.01902650410968941,0.08333333333333333,-0.10235983744302274,-0.005117991872151137,yes,yes,high
0x1401ff943D08a7E098328C1d3a9d388923B115D2,WBNB/USDT,2500,2000,1h,conservative,0.0,0.01902650410968941,0.08333333333333333,-0.10426248785399168,-0.005213124392699584,yes,yes,high
0x1401ff943D08a7E098328C1d3a9d388923B115D2,WBNB/USDT,2500,20,2h,zero_il_lvr,0.0,0.01902650410968941,0.0016666666666666668,-0.01902650410968941,-0.09513252054844705,yes,yes,high
0x1401ff943D08a7E098328C1d3a9d388923B115D2,WBNB/USDT,2500,20,2h,optimistic,0.0,0.01902650410968941,0.0016666666666666668,-0.01712385369872047,-0.08561926849360235,yes,yes,high
0x1401ff943D08a7E098328C1d3a9d388923B115D2,WBNB/USDT,2500,20,2h,realistic,0.0,0.01902650410968941,0.0016666666666666668,-0.020693170776356077,-0.1034658538817804,yes,yes,high
0x1401ff943D08a7E098328C1d3a9d388923B115D2,WBNB/USDT,2500,20,2h,conservative,0.0,0.01902650410968941,0.0016666666666666668,-0.02259582118732502,-0.11297910593662508,yes,yes,high
0x1401ff943D08a7E098328C1d3a9d388923B115D2,WBNB/USDT,2500,100,2h,zero_il_lvr,0.0,0.01902650410968941,0.008333333333333333,-0.01902650410968941,-0.01902650410968941,yes,yes,high
0x1401ff943D08a7E098328C1d3a9d388923B115D2,WBNB/USDT,2500,100,2h,optimistic,0.0,0.01902650410968941,0.008333333333333333,-0.01712385369872047,-0.01712385369872047,yes,yes,high
0x1401ff943D08a7E098328C1d3a9d388923B115D2,WBNB/USDT,2500,100,2h,realistic,0.0,0.01902650410968941,0.008333333333333333,-0.02735983744302274,-0.027359837443022738,yes,yes,high
0x1401ff943D08a7E098328C1d3a9d388923B115D2,WBNB/USDT,2500,100,2h,conservative,0.0,0.01902650410968941,0.008333333333333333,-0.029262487853991687,-0.029262487853991687,yes,yes,high
0x1401ff943D08a7E098328C1d3a9d388923B115D2,WBNB/USDT,2500,500,2h,zero_il_lvr,0.0,0.01902650410968941,0.041666666666666664,-0.01902650410968941,-0.003805300821937882,yes,yes,high
0x1401ff943D08a7E098328C1d3a9d388923B115D2,WBNB/USDT,2500,500,2h,optimistic,0.0,0.01902650410968941,0.041666666666666664,-0.01712385369872047,-0.003424770739744094,yes,yes,high
0x1401ff943D08a7E098328C1d3a9d388923B115D2,WBNB/USDT,2500,500,2h,realistic,0.0,0.01902650410968941,0.041666666666666664,-0.060693170776356074,-0.012138634155271215,yes,yes,high
0x1401ff943D08a7E098328C1d3a9d388923B115D2,WBNB/USDT,2500,500,2h,conservative,0.0,0.01902650410968941,0.041666666666666664,-0.06259582118732501,-0.012519164237465004,yes,yes,high
0x1401ff943D08a7E098328C1d3a9d388923B115D2,WBNB/USDT,2500,1000,2h,zero_il_lvr,0.0,0.01902650410968941,0.08333333333333333,-0.01902650410968941,-0.001902650410968941,yes,yes,high
0x1401ff943D08a7E098328C1d3a9d388923B115D2,WBNB/USDT,2500,1000,2h,optimistic,0.0,0.01902650410968941,0.08333333333333333,-0.01712385369872047,-0.001712385369872047,yes,yes,high
0x1401ff943D08a7E098328C1d3a9d388923B115D2,WBNB/USDT,2500,1000,2h,realistic,0.0,0.01902650410968941,0.08333333333333333,-0.10235983744302274,-0.010235983744302273,yes,yes,high
0x1401ff943D08a7E098328C1d3a9d388923B115D2,WBNB/USDT,2500,1000,2h,conservative,0.0,0.01902650410968941,0.08333333333333333,-0.10426248785399168,-0.010426248785399168,yes,yes,high
0x1401ff943D08a7E098328C1d3a9d388923B115D2,WBNB/USDT,2500,2000,2h,zero_il_lvr,0.0,0.01902650410968941,0.16666666666666666,-0.01902650410968941,-0.0009513252054844705,yes,yes,high
0x1401ff943D08a7E098328C1d3a9d388923B115D2,WBNB/USDT,2500,2000,2h,optimistic,0.0,0.01902650410968941,0.16666666666666666,-0.01712385369872047,-0.0008561926849360235,yes,yes,high
0x1401ff943D08a7E098328C1d3a9d388923B115D2,WBNB/USDT,2500,2000,2h,realistic,0.0,0.01902650410968941,0.16666666666666666,-0.18569317077635605,-0.009284658538817802,yes,yes,high
0x1401ff943D08a7E098328C1d3a9d388923B115D2,WBNB/USDT,2500,2000,2h,conservative,0.0,0.01902650410968941,0.16666666666666666,-0.187595821187325,-0.009379791059366252,yes,yes,high
0x1401ff943D08a7E098328C1d3a9d388923B115D2,WBNB/USDT,2500,20,6h,zero_il_lvr,0.0,0.01902650410968941,0.005,-0.01902650410968941,-0.09513252054844705,yes,yes,high
0x1401ff943D08a7E098328C1d3a9d388923B115D2,WBNB/USDT,2500,20,6h,optimistic,0.0,0.01902650410968941,0.005,-0.01712385369872047,-0.08561926849360235,yes,yes,high
0x1401ff943D08a7E098328C1d3a9d388923B115D2,WBNB/USDT,2500,20,6h,realistic,0.0,0.01902650410968941,0.005,-0.02402650410968941,-0.12013252054844706,yes,yes,high
0x1401ff943D08a7E098328C1d3a9d388923B115D2,WBNB/USDT,2500,20,6h,conservative,0.0,0.01902650410968941,0.005,-0.025929154520658353,-0.12964577260329177,yes,yes,high
0x1401ff943D08a7E098328C1d3a9d388923B115D2,WBNB/USDT,2500,100,6h,zero_il_lvr,0.0,0.01902650410968941,0.025000000000000005,-0.01902650410968941,-0.01902650410968941,yes,yes,high
0x1401ff943D08a7E098328C1d3a9d388923B115D2,WBNB/USDT,2500,100,6h,optimistic,0.0,0.01902650410968941,0.025000000000000005,-0.01712385369872047,-0.01712385369872047,yes,yes,high
0x1401ff943D08a7E098328C1d3a9d388923B115D2,WBNB/USDT,2500,100,6h,realistic,0.0,0.01902650410968941,0.025000000000000005,-0.04402650410968942,-0.04402650410968942,yes,yes,high
0x1401ff943D08a7E098328C1d3a9d388923B115D2,WBNB/USDT,2500,100,6h,conservative,0.0,0.01902650410968941,0.025000000000000005,-0.045929154520658357,-0.045929154520658357,yes,yes,high
0x1401ff943D08a7E098328C1d3a9d388923B115D2,WBNB/USDT,2500,500,6h,zero_il_lvr,0.0,0.01902650410968941,0.125,-0.01902650410968941,-0.003805300821937882,yes,yes,high
0x1401ff943D08a7E098328C1d3a9d388923B115D2,WBNB/USDT,2500,500,6h,optimistic,0.0,0.01902650410968941,0.125,-0.01712385369872047,-0.003424770739744094,yes,yes,high
0x1401ff943D08a7E098328C1d3a9d388923B115D2,WBNB/USDT,2500,500,6h,realistic,0.0,0.01902650410968941,0.125,-0.14402650410968942,-0.028805300821937888,yes,yes,high
0x1401ff943D08a7E098328C1d3a9d388923B115D2,WBNB/USDT,2500,500,6h,conservative,0.0,0.01902650410968941,0.125,-0.14592915452065836,-0.02918583090413167,yes,yes,high
0x1401ff943D08a7E098328C1d3a9d388923B115D2,WBNB/USDT,2500,1000,6h,zero_il_lvr,0.0,0.01902650410968941,0.25,-0.01902650410968941,-0.001902650410968941,yes,yes,high
0x1401ff943D08a7E098328C1d3a9d388923B115D2,WBNB/USDT,2500,1000,6h,optimistic,0.0,0.01902650410968941,0.25,-0.01712385369872047,-0.001712385369872047,yes,yes,high
0x1401ff943D08a7E098328C1d3a9d388923B115D2,WBNB/USDT,2500,1000,6h,realistic,0.0,0.01902650410968941,0.25,-0.2690265041096894,-0.026902650410968943,yes,yes,high
0x1401ff943D08a7E098328C1d3a9d388923B115D2,WBNB/USDT,2500,1000,6h,conservative,0.0,0.01902650410968941,0.25,-0.27092915452065836,-0.027092915452065835,yes,yes,high
0x1401ff943D08a7E098328C1d3a9d388923B115D2,WBNB/USDT,2500,2000,6h,zero_il_lvr,0.0,0.01902650410968941,0.5,-0.01902650410968941,-0.0009513252054844705,yes,yes,high
0x1401ff943D08a7E098328C1d3a9d388923B115D2,WBNB/USDT,2500,2000,6h,optimistic,0.0,0.01902650410968941,0.5,-0.01712385369872047,-0.0008561926849360235,yes,yes,high
0x1401ff943D08a7E098328C1d3a9d388923B115D2,WBNB/USDT,2500,2000,6h,realistic,0.0,0.01902650410968941,0.5,-0.5190265041096894,-0.025951325205484474,yes,yes,high
0x1401ff943D08a7E098328C1d3a9d388923B115D2,WBNB/USDT,2500,2000,6h,conservative,0.0,0.01902650410968941,0.5,-0.5209291545206584,-0.02604645772603292,yes,yes,high
0x1401ff943D08a7E098328C1d3a9d388923B115D2,WBNB/USDT,2500,20,24h,zero_il_lvr,0.0,0.01902650410968941,0.02,-0.01902650410968941,-0.09513252054844705,yes,yes,high
0x1401ff943D08a7E098328C1d3a9d388923B115D2,WBNB/USDT,2500,20,24h,optimistic,0.0,0.01902650410968941,0.02,-0.01712385369872047,-0.08561926849360235,yes,yes,high
0x1401ff943D08a7E098328C1d3a9d388923B115D2,WBNB/USDT,2500,20,24h,realistic,0.0,0.01902650410968941,0.02,-0.039026504109689414,-0.19513252054844707,yes,yes,high
0x1401ff943D08a7E098328C1d3a9d388923B115D2,WBNB/USDT,2500,20,24h,conservative,0.0,0.01902650410968941,0.02,-0.04092915452065835,-0.20464577260329175,yes,yes,high
0x1401ff943D08a7E098328C1d3a9d388923B115D2,WBNB/USDT,2500,100,24h,zero_il_lvr,0.0,0.01902650410968941,0.10000000000000002,-0.01902650410968941,-0.01902650410968941,yes,yes,high
0x1401ff943D08a7E098328C1d3a9d388923B115D2,WBNB/USDT,2500,100,24h,optimistic,0.0,0.01902650410968941,0.10000000000000002,-0.01712385369872047,-0.01712385369872047,yes,yes,high
0x1401ff943D08a7E098328C1d3a9d388923B115D2,WBNB/USDT,2500,100,24h,realistic,0.0,0.01902650410968941,0.10000000000000002,-0.11902650410968943,-0.11902650410968943,yes,yes,high
0x1401ff943D08a7E098328C1d3a9d388923B115D2,WBNB/USDT,2500,100,24h,conservative,0.0,0.01902650410968941,0.10000000000000002,-0.12092915452065837,-0.12092915452065837,yes,yes,high
0x1401ff943D08a7E098328C1d3a9d388923B115D2,WBNB/USDT,2500,500,24h,zero_il_lvr,0.0,0.01902650410968941,0.5,-0.01902650410968941,-0.003805300821937882,yes,yes,high
0x1401ff943D08a7E098328C1d3a9d388923B115D2,WBNB/USDT,2500,500,24h,optimistic,0.0,0.01902650410968941,0.5,-0.01712385369872047,-0.003424770739744094,yes,yes,high
0x1401ff943D08a7E098328C1d3a9d388923B115D2,WBNB/USDT,2500,500,24h,realistic,0.0,0.01902650410968941,0.5,-0.5190265041096894,-0.1038053008219379,yes,yes,high
0x1401ff943D08a7E098328C1d3a9d388923B115D2,WBNB/USDT,2500,500,24h,conservative,0.0,0.01902650410968941,0.5,-0.5209291545206584,-0.10418583090413168,yes,yes,high
0x1401ff943D08a7E098328C1d3a9d388923B115D2,WBNB/USDT,2500,1000,24h,zero_il_lvr,0.0,0.01902650410968941,1.0,-0.01902650410968941,-0.001902650410968941,yes,yes,high
0x1401ff943D08a7E098328C1d3a9d388923B115D2,WBNB/USDT,2500,1000,24h,optimistic,0.0,0.01902650410968941,1.0,-0.01712385369872047,-0.001712385369872047,yes,yes,high
0x1401ff943D08a7E098328C1d3a9d388923B115D2,WBNB/USDT,2500,1000,24h,realistic,0.0,0.01902650410968941,1.0,-1.0190265041096893,-0.10190265041096892,yes,yes,high
0x1401ff943D08a7E098328C1d3a9d388923B115D2,WBNB/USDT,2500,1000,24h,conservative,0.0,0.01902650410968941,1.0,-1.0209291545206582,-0.10209291545206582,yes,yes,high
0x1401ff943D08a7E098328C1d3a9d388923B115D2,WBNB/USDT,2500,2000,24h,zero_il_lvr,0.0,0.01902650410968941,2.0,-0.01902650410968941,-0.0009513252054844705,yes,yes,high
0x1401ff943D08a7E098328C1d3a9d388923B115D2,WBNB/USDT,2500,2000,24h,optimistic,0.0,0.01902650410968941,2.0,-0.01712385369872047,-0.0008561926849360235,yes,yes,high
0x1401ff943D08a7E098328C1d3a9d388923B115D2,WBNB/USDT,2500,2000,24h,realistic,0.0,0.01902650410968941,2.0,-2.0190265041096893,-0.10095132520548447,yes,yes,high
0x1401ff943D08a7E098328C1d3a9d388923B115D2,WBNB/USDT,2500,2000,24h,conservative,0.0,0.01902650410968941,2.0,-2.0209291545206582,-0.10104645772603292,yes,yes,high
0x6805E0E5333c5c3acCF2930Be4734E2b98f4Ce06,WBNB/USDT,10000,20,15m,zero_il_lvr,0.0,0.01902650410965369,0.0,-0.01902650410965369,-0.09513252054826844,yes,yes,high
0x6805E0E5333c5c3acCF2930Be4734E2b98f4Ce06,WBNB/USDT,10000,20,15m,optimistic,0.0,0.01902650410965369,0.0,-0.01712385369868832,-0.0856192684934416,yes,yes,high
0x6805E0E5333c5c3acCF2930Be4734E2b98f4Ce06,WBNB/USDT,10000,20,15m,realistic,0.0,0.01902650410965369,0.0,-0.01902650410965369,-0.09513252054826844,yes,yes,high
0x6805E0E5333c5c3acCF2930Be4734E2b98f4Ce06,WBNB/USDT,10000,20,15m,conservative,0.0,0.01902650410965369,0.0,-0.02092915452061906,-0.1046457726030953,yes,yes,high
0x6805E0E5333c5c3acCF2930Be4734E2b98f4Ce06,WBNB/USDT,10000,100,15m,zero_il_lvr,0.0,0.01902650410965369,0.0,-0.01902650410965369,-0.01902650410965369,yes,yes,high
0x6805E0E5333c5c3acCF2930Be4734E2b98f4Ce06,WBNB/USDT,10000,100,15m,optimistic,0.0,0.01902650410965369,0.0,-0.01712385369868832,-0.01712385369868832,yes,yes,high
0x6805E0E5333c5c3acCF2930Be4734E2b98f4Ce06,WBNB/USDT,10000,100,15m,realistic,0.0,0.01902650410965369,0.0,-0.01902650410965369,-0.01902650410965369,yes,yes,high
0x6805E0E5333c5c3acCF2930Be4734E2b98f4Ce06,WBNB/USDT,10000,100,15m,conservative,0.0,0.01902650410965369,0.0,-0.02092915452061906,-0.02092915452061906,yes,yes,high
0x6805E0E5333c5c3acCF2930Be4734E2b98f4Ce06,WBNB/USDT,10000,500,15m,zero_il_lvr,0.0,0.01902650410965369,0.0,-0.01902650410965369,-0.003805300821930738,yes,yes,high
0x6805E0E5333c5c3acCF2930Be4734E2b98f4Ce06,WBNB/USDT,10000,500,15m,optimistic,0.0,0.01902650410965369,0.0,-0.01712385369868832,-0.0034247707397376645,yes,yes,high
0x6805E0E5333c5c3acCF2930Be4734E2b98f4Ce06,WBNB/USDT,10000,500,15m,realistic,0.0,0.01902650410965369,0.0,-0.01902650410965369,-0.003805300821930738,yes,yes,high
0x6805E0E5333c5c3acCF2930Be4734E2b98f4Ce06,WBNB/USDT,10000,500,15m,conservative,0.0,0.01902650410965369,0.0,-0.02092915452061906,-0.004185830904123812,yes,yes,high
0x6805E0E5333c5c3acCF2930Be4734E2b98f4Ce06,WBNB/USDT,10000,1000,15m,zero_il_lvr,0.0,0.01902650410965369,0.0,-0.01902650410965369,-0.001902650410965369,yes,yes,high
0x6805E0E5333c5c3acCF2930Be4734E2b98f4Ce06,WBNB/USDT,10000,1000,15m,optimistic,0.0,0.01902650410965369,0.0,-0.01712385369868832,-0.0017123853698688323,yes,yes,high
0x6805E0E5333c5c3acCF2930Be4734E2b98f4Ce06,WBNB/USDT,10000,1000,15m,realistic,0.0,0.01902650410965369,0.0,-0.01902650410965369,-0.001902650410965369,yes,yes,high
0x6805E0E5333c5c3acCF2930Be4734E2b98f4Ce06,WBNB/USDT,10000,1000,15m,conservative,0.0,0.01902650410965369,0.0,-0.02092915452061906,-0.002092915452061906,yes,yes,high
0x6805E0E5333c5c3acCF2930Be4734E2b98f4Ce06,WBNB/USDT,10000,2000,15m,zero_il_lvr,0.0,0.01902650410965369,0.0,-0.01902650410965369,-0.0009513252054826845,yes,yes,high
0x6805E0E5333c5c3acCF2930Be4734E2b98f4Ce06,WBNB/USDT,10000,2000,15m,optimistic,0.0,0.01902650410965369,0.0,-0.01712385369868832,-0.0008561926849344161,yes,yes,high
0x6805E0E5333c5c3acCF2930Be4734E2b98f4Ce06,WBNB/USDT,10000,2000,15m,realistic,0.0,0.01902650410965369,0.0,-0.01902650410965369,-0.0009513252054826845,yes,yes,high
0x6805E0E5333c5c3acCF2930Be4734E2b98f4Ce06,WBNB/USDT,10000,2000,15m,conservative,0.0,0.01902650410965369,0.0,-0.02092915452061906,-0.001046457726030953,yes,yes,high
0x6805E0E5333c5c3acCF2930Be4734E2b98f4Ce06,WBNB/USDT,10000,20,30m,zero_il_lvr,0.0,0.01902650410965369,0.0,-0.01902650410965369,-0.09513252054826844,yes,yes,high
0x6805E0E5333c5c3acCF2930Be4734E2b98f4Ce06,WBNB/USDT,10000,20,30m,optimistic,0.0,0.01902650410965369,0.0,-0.01712385369868832,-0.0856192684934416,yes,yes,high
0x6805E0E5333c5c3acCF2930Be4734E2b98f4Ce06,WBNB/USDT,10000,20,30m,realistic,0.0,0.01902650410965369,0.0,-0.01902650410965369,-0.09513252054826844,yes,yes,high
0x6805E0E5333c5c3acCF2930Be4734E2b98f4Ce06,WBNB/USDT,10000,20,30m,conservative,0.0,0.01902650410965369,0.0,-0.02092915452061906,-0.1046457726030953,yes,yes,high
0x6805E0E5333c5c3acCF2930Be4734E2b98f4Ce06,WBNB/USDT,10000,100,30m,zero_il_lvr,0.0,0.01902650410965369,0.0,-0.01902650410965369,-0.01902650410965369,yes,yes,high
0x6805E0E5333c5c3acCF2930Be4734E2b98f4Ce06,WBNB/USDT,10000,100,30m,optimistic,0.0,0.01902650410965369,0.0,-0.01712385369868832,-0.01712385369868832,yes,yes,high
0x6805E0E5333c5c3acCF2930Be4734E2b98f4Ce06,WBNB/USDT,10000,100,30m,realistic,0.0,0.01902650410965369,0.0,-0.01902650410965369,-0.01902650410965369,yes,yes,high
0x6805E0E5333c5c3acCF2930Be4734E2b98f4Ce06,WBNB/USDT,10000,100,30m,conservative,0.0,0.01902650410965369,0.0,-0.02092915452061906,-0.02092915452061906,yes,yes,high
0x6805E0E5333c5c3acCF2930Be4734E2b98f4Ce06,WBNB/USDT,10000,500,30m,zero_il_lvr,0.0,0.01902650410965369,0.0,-0.01902650410965369,-0.003805300821930738,yes,yes,high
0x6805E0E5333c5c3acCF2930Be4734E2b98f4Ce06,WBNB/USDT,10000,500,30m,optimistic,0.0,0.01902650410965369,0.0,-0.01712385369868832,-0.0034247707397376645,yes,yes,high
0x6805E0E5333c5c3acCF2930Be4734E2b98f4Ce06,WBNB/USDT,10000,500,30m,realistic,0.0,0.01902650410965369,0.0,-0.01902650410965369,-0.003805300821930738,yes,yes,high
0x6805E0E5333c5c3acCF2930Be4734E2b98f4Ce06,WBNB/USDT,10000,500,30m,conservative,0.0,0.01902650410965369,0.0,-0.02092915452061906,-0.004185830904123812,yes,yes,high
0x6805E0E5333c5c3acCF2930Be4734E2b98f4Ce06,WBNB/USDT,10000,1000,30m,zero_il_lvr,0.0,0.01902650410965369,0.0,-0.01902650410965369,-0.001902650410965369,yes,yes,high
0x6805E0E5333c5c3acCF2930Be4734E2b98f4Ce06,WBNB/USDT,10000,1000,30m,optimistic,0.0,0.01902650410965369,0.0,-0.01712385369868832,-0.0017123853698688323,yes,yes,high
0x6805E0E5333c5c3acCF2930Be4734E2b98f4Ce06,WBNB/USDT,10000,1000,30m,realistic,0.0,0.01902650410965369,0.0,-0.01902650410965369,-0.001902650410965369,yes,yes,high
0x6805E0E5333c5c3acCF2930Be4734E2b98f4Ce06,WBNB/USDT,10000,1000,30m,conservative,0.0,0.01902650410965369,0.0,-0.02092915452061906,-0.002092915452061906,yes,yes,high
0x6805E0E5333c5c3acCF2930Be4734E2b98f4Ce06,WBNB/USDT,10000,2000,30m,zero_il_lvr,0.0,0.01902650410965369,0.0,-0.01902650410965369,-0.0009513252054826845,yes,yes,high
0x6805E0E5333c5c3acCF2930Be4734E2b98f4Ce06,WBNB/USDT,10000,2000,30m,optimistic,0.0,0.01902650410965369,0.0,-0.01712385369868832,-0.0008561926849344161,yes,yes,high
0x6805E0E5333c5c3acCF2930Be4734E2b98f4Ce06,WBNB/USDT,10000,2000,30m,realistic,0.0,0.01902650410965369,0.0,-0.01902650410965369,-0.0009513252054826845,yes,yes,high
0x6805E0E5333c5c3acCF2930Be4734E2b98f4Ce06,WBNB/USDT,10000,2000,30m,conservative,0.0,0.01902650410965369,0.0,-0.02092915452061906,-0.001046457726030953,yes,yes,high
0x6805E0E5333c5c3acCF2930Be4734E2b98f4Ce06,WBNB/USDT,10000,20,1h,zero_il_lvr,0.0,0.01902650410965369,0.0008333333333333334,-0.01902650410965369,-0.09513252054826844,yes,yes,high
0x6805E0E5333c5c3acCF2930Be4734E2b98f4Ce06,WBNB/USDT,10000,20,1h,optimistic,0.0,0.01902650410965369,0.0008333333333333334,-0.01712385369868832,-0.0856192684934416,yes,yes,high
0x6805E0E5333c5c3acCF2930Be4734E2b98f4Ce06,WBNB/USDT,10000,20,1h,realistic,0.0,0.01902650410965369,0.0008333333333333334,-0.01985983744298702,-0.0992991872149351,yes,yes,high
0x6805E0E5333c5c3acCF2930Be4734E2b98f4Ce06,WBNB/USDT,10000,20,1h,conservative,0.0,0.01902650410965369,0.0008333333333333334,-0.021762487853952392,-0.10881243926976196,yes,yes,high
0x6805E0E5333c5c3acCF2930Be4734E2b98f4Ce06,WBNB/USDT,10000,100,1h,zero_il_lvr,0.0,0.01902650410965369,0.004166666666666667,-0.01902650410965369,-0.01902650410965369,yes,yes,high
0x6805E0E5333c5c3acCF2930Be4734E2b98f4Ce06,WBNB/USDT,10000,100,1h,optimistic,0.0,0.01902650410965369,0.004166666666666667,-0.01712385369868832,-0.01712385369868832,yes,yes,high
0x6805E0E5333c5c3acCF2930Be4734E2b98f4Ce06,WBNB/USDT,10000,100,1h,realistic,0.0,0.01902650410965369,0.004166666666666667,-0.023193170776320354,-0.023193170776320354,yes,yes,high
0x6805E0E5333c5c3acCF2930Be4734E2b98f4Ce06,WBNB/USDT,10000,100,1h,conservative,0.0,0.01902650410965369,0.004166666666666667,-0.025095821187285726,-0.025095821187285726,yes,yes,high
0x6805E0E5333c5c3acCF2930Be4734E2b98f4Ce06,WBNB/USDT,10000,500,1h,zero_il_lvr,0.0,0.01902650410965369,0.020833333333333332,-0.01902650410965369,-0.003805300821930738,yes,yes,high
0x6805E0E5333c5c3acCF2930Be4734E2b98f4Ce06,WBNB/USDT,10000,500,1h,optimistic,0.0,0.01902650410965369,0.020833333333333332,-0.01712385369868832,-0.0034247707397376645,yes,yes,high
0x6805E0E5333c5c3acCF2930Be4734E2b98f4Ce06,WBNB/USDT,10000,500,1h,realistic,0.0,0.01902650410965369,0.020833333333333332,-0.03985983744298702,-0.007971967488597404,yes,yes,high
0x6805E0E5333c5c3acCF2930Be4734E2b98f4Ce06,WBNB/USDT,10000,500,1h,conservative,0.0,0.01902650410965369,0.020833333333333332,-0.041762487853952396,-0.00835249757079048,yes,yes,high
0x6805E0E5333c5c3acCF2930Be4734E2b98f4Ce06,WBNB/USDT,10000,1000,1h,zero_il_lvr,0.0,0.01902650410965369,0.041666666666666664,-0.01902650410965369,-0.001902650410965369,yes,yes,high
0x6805E0E5333c5c3acCF2930Be4734E2b98f4Ce06,WBNB/USDT,10000,1000,1h,optimistic,0.0,0.01902650410965369,0.041666666666666664,-0.01712385369868832,-0.0017123853698688323,yes,yes,high
0x6805E0E5333c5c3acCF2930Be4734E2b98f4Ce06,WBNB/USDT,10000,1000,1h,realistic,0.0,0.01902650410965369,0.041666666666666664,-0.06069317077632035,-0.006069317077632036,yes,yes,high
0x6805E0E5333c5c3acCF2930Be4734E2b98f4Ce06,WBNB/USDT,10000,1000,1h,conservative,0.0,0.01902650410965369,0.041666666666666664,-0.06259582118728572,-0.006259582118728573,yes,yes,high
0x6805E0E5333c5c3acCF2930Be4734E2b98f4Ce06,WBNB/USDT,10000,2000,1h,zero_il_lvr,0.0,0.01902650410965369,0.08333333333333333,-0.01902650410965369,-0.0009513252054826845,yes,yes,high
0x6805E0E5333c5c3acCF2930Be4734E2b98f4Ce06,WBNB/USDT,10000,2000,1h,optimistic,0.0,0.01902650410965369,0.08333333333333333,-0.01712385369868832,-0.0008561926849344161,yes,yes,high
0x6805E0E5333c5c3acCF2930Be4734E2b98f4Ce06,WBNB/USDT,10000,2000,1h,realistic,0.0,0.01902650410965369,0.08333333333333333,-0.10235983744298702,-0.005117991872149351,yes,yes,high
0x6805E0E5333c5c3acCF2930Be4734E2b98f4Ce06,WBNB/USDT,10000,2000,1h,conservative,0.0,0.01902650410965369,0.08333333333333333,-0.1042624878539524,-0.00521312439269762,yes,yes,high
0x6805E0E5333c5c3acCF2930Be4734E2b98f4Ce06,WBNB/USDT,10000,20,2h,zero_il_lvr,0.0,0.01902650410965369,0.0016666666666666668,-0.01902650410965369,-0.09513252054826844,yes,yes,high
0x6805E0E5333c5c3acCF2930Be4734E2b98f4Ce06,WBNB/USDT,10000,20,2h,optimistic,0.0,0.01902650410965369,0.0016666666666666668,-0.01712385369868832,-0.0856192684934416,yes,yes,high
0x6805E0E5333c5c3acCF2930Be4734E2b98f4Ce06,WBNB/USDT,10000,20,2h,realistic,0.0,0.01902650410965369,0.0016666666666666668,-0.020693170776320356,-0.10346585388160177,yes,yes,high
0x6805E0E5333c5c3acCF2930Be4734E2b98f4Ce06,WBNB/USDT,10000,20,2h,conservative,0.0,0.01902650410965369,0.0016666666666666668,-0.022595821187285727,-0.11297910593642863,yes,yes,high
0x6805E0E5333c5c3acCF2930Be4734E2b98f4Ce06,WBNB/USDT,10000,100,2h,zero_il_lvr,0.0,0.01902650410965369,0.008333333333333333,-0.01902650410965369,-0.01902650410965369,yes,yes,high
0x6805E0E5333c5c3acCF2930Be4734E2b98f4Ce06,WBNB/USDT,10000,100,2h,optimistic,0.0,0.01902650410965369,0.008333333333333333,-0.01712385369868832,-0.01712385369868832,yes,yes,high
0x6805E0E5333c5c3acCF2930Be4734E2b98f4Ce06,WBNB/USDT,10000,100,2h,realistic,0.0,0.01902650410965369,0.008333333333333333,-0.02735983744298702,-0.02735983744298702,yes,yes,high
0x6805E0E5333c5c3acCF2930Be4734E2b98f4Ce06,WBNB/USDT,10000,100,2h,conservative,0.0,0.01902650410965369,0.008333333333333333,-0.02926248785395239,-0.02926248785395239,yes,yes,high
0x6805E0E5333c5c3acCF2930Be4734E2b98f4Ce06,WBNB/USDT,10000,500,2h,zero_il_lvr,0.0,0.01902650410965369,0.041666666666666664,-0.01902650410965369,-0.003805300821930738,yes,yes,high
0x6805E0E5333c5c3acCF2930Be4734E2b98f4Ce06,WBNB/USDT,10000,500,2h,optimistic,0.0,0.01902650410965369,0.041666666666666664,-0.01712385369868832,-0.0034247707397376645,yes,yes,high
0x6805E0E5333c5c3acCF2930Be4734E2b98f4Ce06,WBNB/USDT,10000,500,2h,realistic,0.0,0.01902650410965369,0.041666666666666664,-0.06069317077632035,-0.012138634155264071,yes,yes,high
0x6805E0E5333c5c3acCF2930Be4734E2b98f4Ce06,WBNB/USDT,10000,500,2h,conservative,0.0,0.01902650410965369,0.041666666666666664,-0.06259582118728572,-0.012519164237457145,yes,yes,high
0x6805E0E5333c5c3acCF2930Be4734E2b98f4Ce06,WBNB/USDT,10000,1000,2h,zero_il_lvr,0.0,0.01902650410965369,0.08333333333333333,-0.01902650410965369,-0.001902650410965369,yes,yes,high
0x6805E0E5333c5c3acCF2930Be4734E2b98f4Ce06,WBNB/USDT,10000,1000,2h,optimistic,0.0,0.01902650410965369,0.08333333333333333,-0.01712385369868832,-0.0017123853698688323,yes,yes,high
0x6805E0E5333c5c3acCF2930Be4734E2b98f4Ce06,WBNB/USDT,10000,1000,2h,realistic,0.0,0.01902650410965369,0.08333333333333333,-0.10235983744298702,-0.010235983744298701,yes,yes,high
0x6805E0E5333c5c3acCF2930Be4734E2b98f4Ce06,WBNB/USDT,10000,1000,2h,conservative,0.0,0.01902650410965369,0.08333333333333333,-0.1042624878539524,-0.01042624878539524,yes,yes,high
0x6805E0E5333c5c3acCF2930Be4734E2b98f4Ce06,WBNB/USDT,10000,2000,2h,zero_il_lvr,0.0,0.01902650410965369,0.16666666666666666,-0.01902650410965369,-0.0009513252054826845,yes,yes,high
0x6805E0E5333c5c3acCF2930Be4734E2b98f4Ce06,WBNB/USDT,10000,2000,2h,optimistic,0.0,0.01902650410965369,0.16666666666666666,-0.01712385369868832,-0.0008561926849344161,yes,yes,high
0x6805E0E5333c5c3acCF2930Be4734E2b98f4Ce06,WBNB/USDT,10000,2000,2h,realistic,0.0,0.01902650410965369,0.16666666666666666,-0.18569317077632036,-0.009284658538816019,yes,yes,high
0x6805E0E5333c5c3acCF2930Be4734E2b98f4Ce06,WBNB/USDT,10000,2000,2h,conservative,0.0,0.01902650410965369,0.16666666666666666,-0.1875958211872857,-0.009379791059364286,yes,yes,high
0x6805E0E5333c5c3acCF2930Be4734E2b98f4Ce06,WBNB/USDT,10000,20,6h,zero_il_lvr,0.0,0.01902650410965369,0.005,-0.01902650410965369,-0.09513252054826844,yes,yes,high
0x6805E0E5333c5c3acCF2930Be4734E2b98f4Ce06,WBNB/USDT,10000,20,6h,optimistic,0.0,0.01902650410965369,0.005,-0.01712385369868832,-0.0856192684934416,yes,yes,high
0x6805E0E5333c5c3acCF2930Be4734E2b98f4Ce06,WBNB/USDT,10000,20,6h,realistic,0.0,0.01902650410965369,0.005,-0.02402650410965369,-0.12013252054826845,yes,yes,high
0x6805E0E5333c5c3acCF2930Be4734E2b98f4Ce06,WBNB/USDT,10000,20,6h,conservative,0.0,0.01902650410965369,0.005,-0.02592915452061906,-0.1296457726030953,yes,yes,high
0x6805E0E5333c5c3acCF2930Be4734E2b98f4Ce06,WBNB/USDT,10000,100,6h,zero_il_lvr,0.0,0.01902650410965369,0.025000000000000005,-0.01902650410965369,-0.01902650410965369,yes,yes,high
0x6805E0E5333c5c3acCF2930Be4734E2b98f4Ce06,WBNB/USDT,10000,100,6h,optimistic,0.0,0.01902650410965369,0.025000000000000005,-0.01712385369868832,-0.01712385369868832,yes,yes,high
0x6805E0E5333c5c3acCF2930Be4734E2b98f4Ce06,WBNB/USDT,10000,100,6h,realistic,0.0,0.01902650410965369,0.025000000000000005,-0.0440265041096537,-0.0440265041096537,yes,yes,high
0x6805E0E5333c5c3acCF2930Be4734E2b98f4Ce06,WBNB/USDT,10000,100,6h,conservative,0.0,0.01902650410965369,0.025000000000000005,-0.04592915452061906,-0.04592915452061906,yes,yes,high
0x6805E0E5333c5c3acCF2930Be4734E2b98f4Ce06,WBNB/USDT,10000,500,6h,zero_il_lvr,0.0,0.01902650410965369,0.125,-0.01902650410965369,-0.003805300821930738,yes,yes,high
0x6805E0E5333c5c3acCF2930Be4734E2b98f4Ce06,WBNB/USDT,10000,500,6h,optimistic,0.0,0.01902650410965369,0.125,-0.01712385369868832,-0.0034247707397376645,yes,yes,high
0x6805E0E5333c5c3acCF2930Be4734E2b98f4Ce06,WBNB/USDT,10000,500,6h,realistic,0.0,0.01902650410965369,0.125,-0.14402650410965367,-0.028805300821930738,yes,yes,high
0x6805E0E5333c5c3acCF2930Be4734E2b98f4Ce06,WBNB/USDT,10000,500,6h,conservative,0.0,0.01902650410965369,0.125,-0.14592915452061905,-0.02918583090412381,yes,yes,high
0x6805E0E5333c5c3acCF2930Be4734E2b98f4Ce06,WBNB/USDT,10000,1000,6h,zero_il_lvr,0.0,0.01902650410965369,0.25,-0.01902650410965369,-0.001902650410965369,yes,yes,high
0x6805E0E5333c5c3acCF2930Be4734E2b98f4Ce06,WBNB/USDT,10000,1000,6h,optimistic,0.0,0.01902650410965369,0.25,-0.01712385369868832,-0.0017123853698688323,yes,yes,high
0x6805E0E5333c5c3acCF2930Be4734E2b98f4Ce06,WBNB/USDT,10000,1000,6h,realistic,0.0,0.01902650410965369,0.25,-0.2690265041096537,-0.026902650410965366,yes,yes,high
0x6805E0E5333c5c3acCF2930Be4734E2b98f4Ce06,WBNB/USDT,10000,1000,6h,conservative,0.0,0.01902650410965369,0.25,-0.27092915452061905,-0.027092915452061907,yes,yes,high
0x6805E0E5333c5c3acCF2930Be4734E2b98f4Ce06,WBNB/USDT,10000,2000,6h,zero_il_lvr,0.0,0.01902650410965369,0.5,-0.01902650410965369,-0.0009513252054826845,yes,yes,high
0x6805E0E5333c5c3acCF2930Be4734E2b98f4Ce06,WBNB/USDT,10000,2000,6h,optimistic,0.0,0.01902650410965369,0.5,-0.01712385369868832,-0.0008561926849344161,yes,yes,high
0x6805E0E5333c5c3acCF2930Be4734E2b98f4Ce06,WBNB/USDT,10000,2000,6h,realistic,0.0,0.01902650410965369,0.5,-0.5190265041096537,-0.025951325205482684,yes,yes,high
0x6805E0E5333c5c3acCF2930Be4734E2b98f4Ce06,WBNB/USDT,10000,2000,6h,conservative,0.0,0.01902650410965369,0.5,-0.520929154520619,-0.02604645772603095,yes,yes,high
0x6805E0E5333c5c3acCF2930Be4734E2b98f4Ce06,WBNB/USDT,10000,20,24h,zero_il_lvr,0.0,0.01902650410965369,0.02,-0.01902650410965369,-0.09513252054826844,yes,yes,high
0x6805E0E5333c5c3acCF2930Be4734E2b98f4Ce06,WBNB/USDT,10000,20,24h,optimistic,0.0,0.01902650410965369,0.02,-0.01712385369868832,-0.0856192684934416,yes,yes,high
0x6805E0E5333c5c3acCF2930Be4734E2b98f4Ce06,WBNB/USDT,10000,20,24h,realistic,0.0,0.01902650410965369,0.02,-0.03902650410965369,-0.19513252054826846,yes,yes,high
0x6805E0E5333c5c3acCF2930Be4734E2b98f4Ce06,WBNB/USDT,10000,20,24h,conservative,0.0,0.01902650410965369,0.02,-0.04092915452061906,-0.2046457726030953,yes,yes,high
0x6805E0E5333c5c3acCF2930Be4734E2b98f4Ce06,WBNB/USDT,10000,100,24h,zero_il_lvr,0.0,0.01902650410965369,0.10000000000000002,-0.01902650410965369,-0.01902650410965369,yes,yes,high
0x6805E0E5333c5c3acCF2930Be4734E2b98f4Ce06,WBNB/USDT,10000,100,24h,optimistic,0.0,0.01902650410965369,0.10000000000000002,-0.01712385369868832,-0.01712385369868832,yes,yes,high
0x6805E0E5333c5c3acCF2930Be4734E2b98f4Ce06,WBNB/USDT,10000,100,24h,realistic,0.0,0.01902650410965369,0.10000000000000002,-0.11902650410965371,-0.11902650410965371,yes,yes,high
0x6805E0E5333c5c3acCF2930Be4734E2b98f4Ce06,WBNB/USDT,10000,100,24h,conservative,0.0,0.01902650410965369,0.10000000000000002,-0.12092915452061909,-0.12092915452061909,yes,yes,high
0x6805E0E5333c5c3acCF2930Be4734E2b98f4Ce06,WBNB/USDT,10000,500,24h,zero_il_lvr,0.0,0.01902650410965369,0.5,-0.01902650410965369,-0.003805300821930738,yes,yes,high
0x6805E0E5333c5c3acCF2930Be4734E2b98f4Ce06,WBNB/USDT,10000,500,24h,optimistic,0.0,0.01902650410965369,0.5,-0.01712385369868832,-0.0034247707397376645,yes,yes,high
0x6805E0E5333c5c3acCF2930Be4734E2b98f4Ce06,WBNB/USDT,10000,500,24h,realistic,0.0,0.01902650410965369,0.5,-0.5190265041096537,-0.10380530082193073,yes,yes,high
0x6805E0E5333c5c3acCF2930Be4734E2b98f4Ce06,WBNB/USDT,10000,500,24h,conservative,0.0,0.01902650410965369,0.5,-0.520929154520619,-0.1041858309041238,yes,yes,high
0x6805E0E5333c5c3acCF2930Be4734E2b98f4Ce06,WBNB/USDT,10000,1000,24h,zero_il_lvr,0.0,0.01902650410965369,1.0,-0.01902650410965369,-0.001902650410965369,yes,yes,high
0x6805E0E5333c5c3acCF2930Be4734E2b98f4Ce06,WBNB/USDT,10000,1000,24h,optimistic,0.0,0.01902650410965369,1.0,-0.01712385369868832,-0.0017123853698688323,yes,yes,high
0x6805E0E5333c5c3acCF2930Be4734E2b98f4Ce06,WBNB/USDT,10000,1000,24h,realistic,0.0,0.01902650410965369,1.0,-1.0190265041096538,-0.10190265041096538,yes,yes,high
0x6805E0E5333c5c3acCF2930Be4734E2b98f4Ce06,WBNB/USDT,10000,1000,24h,conservative,0.0,0.01902650410965369,1.0,-1.0209291545206192,-0.10209291545206192,yes,yes,high
0x6805E0E5333c5c3acCF2930Be4734E2b98f4Ce06,WBNB/USDT,10000,2000,24h,zero_il_lvr,0.0,0.01902650410965369,2.0,-0.01902650410965369,-0.0009513252054826845,yes,yes,high
0x6805E0E5333c5c3acCF2930Be4734E2b98f4Ce06,WBNB/USDT,10000,2000,24h,optimistic,0.0,0.01902650410965369,2.0,-0.01712385369868832,-0.0008561926849344161,yes,yes,high
0x6805E0E5333c5c3acCF2930Be4734E2b98f4Ce06,WBNB/USDT,10000,2000,24h,realistic,0.0,0.01902650410965369,2.0,-2.019026504109654,-0.1009513252054827,yes,yes,high
0x6805E0E5333c5c3acCF2930Be4734E2b98f4Ce06,WBNB/USDT,10000,2000,24h,conservative,0.0,0.01902650410965369,2.0,-2.020929154520619,-0.10104645772603096,yes,yes,high
0xf2688Fb5B81049DFB7703aDa5e770543770612C4,WBNB/USDC,100,20,15m,zero_il_lvr,0.0,0.01902650410695556,0.0,-0.01902650410695556,-0.09513252053477779,yes,yes,high
0xf2688Fb5B81049DFB7703aDa5e770543770612C4,WBNB/USDC,100,20,15m,optimistic,0.0,0.01902650410695556,0.0,-0.017123853696260002,-0.08561926848130001,yes,yes,high
0xf2688Fb5B81049DFB7703aDa5e770543770612C4,WBNB/USDC,100,20,15m,realistic,0.0,0.01902650410695556,0.0,-0.01902650410695556,-0.09513252053477779,yes,yes,high
0xf2688Fb5B81049DFB7703aDa5e770543770612C4,WBNB/USDC,100,20,15m,conservative,0.0,0.01902650410695556,0.0,-0.020929154517651115,-0.10464577258825557,yes,yes,high
0xf2688Fb5B81049DFB7703aDa5e770543770612C4,WBNB/USDC,100,100,15m,zero_il_lvr,0.0,0.01902650410695556,0.0,-0.01902650410695556,-0.01902650410695556,yes,yes,high
0xf2688Fb5B81049DFB7703aDa5e770543770612C4,WBNB/USDC,100,100,15m,optimistic,0.0,0.01902650410695556,0.0,-0.017123853696260002,-0.017123853696260002,yes,yes,high
0xf2688Fb5B81049DFB7703aDa5e770543770612C4,WBNB/USDC,100,100,15m,realistic,0.0,0.01902650410695556,0.0,-0.01902650410695556,-0.01902650410695556,yes,yes,high
0xf2688Fb5B81049DFB7703aDa5e770543770612C4,WBNB/USDC,100,100,15m,conservative,0.0,0.01902650410695556,0.0,-0.020929154517651115,-0.020929154517651115,yes,yes,high
0xf2688Fb5B81049DFB7703aDa5e770543770612C4,WBNB/USDC,100,500,15m,zero_il_lvr,0.0,0.01902650410695556,0.0,-0.01902650410695556,-0.0038053008213911116,yes,yes,high
0xf2688Fb5B81049DFB7703aDa5e770543770612C4,WBNB/USDC,100,500,15m,optimistic,0.0,0.01902650410695556,0.0,-0.017123853696260002,-0.003424770739252001,yes,yes,high
0xf2688Fb5B81049DFB7703aDa5e770543770612C4,WBNB/USDC,100,500,15m,realistic,0.0,0.01902650410695556,0.0,-0.01902650410695556,-0.0038053008213911116,yes,yes,high
0xf2688Fb5B81049DFB7703aDa5e770543770612C4,WBNB/USDC,100,500,15m,conservative,0.0,0.01902650410695556,0.0,-0.020929154517651115,-0.004185830903530223,yes,yes,high
0xf2688Fb5B81049DFB7703aDa5e770543770612C4,WBNB/USDC,100,1000,15m,zero_il_lvr,0.0,0.01902650410695556,0.0,-0.01902650410695556,-0.0019026504106955558,yes,yes,high
0xf2688Fb5B81049DFB7703aDa5e770543770612C4,WBNB/USDC,100,1000,15m,optimistic,0.0,0.01902650410695556,0.0,-0.017123853696260002,-0.0017123853696260005,yes,yes,high
0xf2688Fb5B81049DFB7703aDa5e770543770612C4,WBNB/USDC,100,1000,15m,realistic,0.0,0.01902650410695556,0.0,-0.01902650410695556,-0.0019026504106955558,yes,yes,high
0xf2688Fb5B81049DFB7703aDa5e770543770612C4,WBNB/USDC,100,1000,15m,conservative,0.0,0.01902650410695556,0.0,-0.020929154517651115,-0.0020929154517651113,yes,yes,high
0xf2688Fb5B81049DFB7703aDa5e770543770612C4,WBNB/USDC,100,2000,15m,zero_il_lvr,0.0,0.01902650410695556,0.0,-0.01902650410695556,-0.0009513252053477779,yes,yes,high
0xf2688Fb5B81049DFB7703aDa5e770543770612C4,WBNB/USDC,100,2000,15m,optimistic,0.0,0.01902650410695556,0.0,-0.017123853696260002,-0.0008561926848130002,yes,yes,high
0xf2688Fb5B81049DFB7703aDa5e770543770612C4,WBNB/USDC,100,2000,15m,realistic,0.0,0.01902650410695556,0.0,-0.01902650410695556,-0.0009513252053477779,yes,yes,high
0xf2688Fb5B81049DFB7703aDa5e770543770612C4,WBNB/USDC,100,2000,15m,conservative,0.0,0.01902650410695556,0.0,-0.020929154517651115,-0.0010464577258825557,yes,yes,high
0xf2688Fb5B81049DFB7703aDa5e770543770612C4,WBNB/USDC,100,20,30m,zero_il_lvr,0.0,0.01902650410695556,0.0,-0.01902650410695556,-0.09513252053477779,yes,yes,high
0xf2688Fb5B81049DFB7703aDa5e770543770612C4,WBNB/USDC,100,20,30m,optimistic,0.0,0.01902650410695556,0.0,-0.017123853696260002,-0.08561926848130001,yes,yes,high
0xf2688Fb5B81049DFB7703aDa5e770543770612C4,WBNB/USDC,100,20,30m,realistic,0.0,0.01902650410695556,0.0,-0.01902650410695556,-0.09513252053477779,yes,yes,high
0xf2688Fb5B81049DFB7703aDa5e770543770612C4,WBNB/USDC,100,20,30m,conservative,0.0,0.01902650410695556,0.0,-0.020929154517651115,-0.10464577258825557,yes,yes,high
0xf2688Fb5B81049DFB7703aDa5e770543770612C4,WBNB/USDC,100,100,30m,zero_il_lvr,0.0,0.01902650410695556,0.0,-0.01902650410695556,-0.01902650410695556,yes,yes,high
0xf2688Fb5B81049DFB7703aDa5e770543770612C4,WBNB/USDC,100,100,30m,optimistic,0.0,0.01902650410695556,0.0,-0.017123853696260002,-0.017123853696260002,yes,yes,high
0xf2688Fb5B81049DFB7703aDa5e770543770612C4,WBNB/USDC,100,100,30m,realistic,0.0,0.01902650410695556,0.0,-0.01902650410695556,-0.01902650410695556,yes,yes,high
0xf2688Fb5B81049DFB7703aDa5e770543770612C4,WBNB/USDC,100,100,30m,conservative,0.0,0.01902650410695556,0.0,-0.020929154517651115,-0.020929154517651115,yes,yes,high
0xf2688Fb5B81049DFB7703aDa5e770543770612C4,WBNB/USDC,100,500,30m,zero_il_lvr,0.0,0.01902650410695556,0.0,-0.01902650410695556,-0.0038053008213911116,yes,yes,high
0xf2688Fb5B81049DFB7703aDa5e770543770612C4,WBNB/USDC,100,500,30m,optimistic,0.0,0.01902650410695556,0.0,-0.017123853696260002,-0.003424770739252001,yes,yes,high
0xf2688Fb5B81049DFB7703aDa5e770543770612C4,WBNB/USDC,100,500,30m,realistic,0.0,0.01902650410695556,0.0,-0.01902650410695556,-0.0038053008213911116,yes,yes,high
0xf2688Fb5B81049DFB7703aDa5e770543770612C4,WBNB/USDC,100,500,30m,conservative,0.0,0.01902650410695556,0.0,-0.020929154517651115,-0.004185830903530223,yes,yes,high
0xf2688Fb5B81049DFB7703aDa5e770543770612C4,WBNB/USDC,100,1000,30m,zero_il_lvr,0.0,0.01902650410695556,0.0,-0.01902650410695556,-0.0019026504106955558,yes,yes,high
0xf2688Fb5B81049DFB7703aDa5e770543770612C4,WBNB/USDC,100,1000,30m,optimistic,0.0,0.01902650410695556,0.0,-0.017123853696260002,-0.0017123853696260005,yes,yes,high
0xf2688Fb5B81049DFB7703aDa5e770543770612C4,WBNB/USDC,100,1000,30m,realistic,0.0,0.01902650410695556,0.0,-0.01902650410695556,-0.0019026504106955558,yes,yes,high
0xf2688Fb5B81049DFB7703aDa5e770543770612C4,WBNB/USDC,100,1000,30m,conservative,0.0,0.01902650410695556,0.0,-0.020929154517651115,-0.0020929154517651113,yes,yes,high
0xf2688Fb5B81049DFB7703aDa5e770543770612C4,WBNB/USDC,100,2000,30m,zero_il_lvr,0.0,0.01902650410695556,0.0,-0.01902650410695556,-0.0009513252053477779,yes,yes,high
0xf2688Fb5B81049DFB7703aDa5e770543770612C4,WBNB/USDC,100,2000,30m,optimistic,0.0,0.01902650410695556,0.0,-0.017123853696260002,-0.0008561926848130002,yes,yes,high
0xf2688Fb5B81049DFB7703aDa5e770543770612C4,WBNB/USDC,100,2000,30m,realistic,0.0,0.01902650410695556,0.0,-0.01902650410695556,-0.0009513252053477779,yes,yes,high
0xf2688Fb5B81049DFB7703aDa5e770543770612C4,WBNB/USDC,100,2000,30m,conservative,0.0,0.01902650410695556,0.0,-0.020929154517651115,-0.0010464577258825557,yes,yes,high
0xf2688Fb5B81049DFB7703aDa5e770543770612C4,WBNB/USDC,100,20,1h,zero_il_lvr,0.0,0.01902650410695556,0.0008333333333333334,-0.01902650410695556,-0.09513252053477779,yes,yes,high
0xf2688Fb5B81049DFB7703aDa5e770543770612C4,WBNB/USDC,100,20,1h,optimistic,0.0,0.01902650410695556,0.0008333333333333334,-0.017123853696260002,-0.08561926848130001,yes,yes,high
0xf2688Fb5B81049DFB7703aDa5e770543770612C4,WBNB/USDC,100,20,1h,realistic,0.0,0.01902650410695556,0.0008333333333333334,-0.01985983744028889,-0.09929918720144446,yes,yes,high
0xf2688Fb5B81049DFB7703aDa5e770543770612C4,WBNB/USDC,100,20,1h,conservative,0.0,0.01902650410695556,0.0008333333333333334,-0.021762487850984447,-0.10881243925492223,yes,yes,high
0xf2688Fb5B81049DFB7703aDa5e770543770612C4,WBNB/USDC,100,100,1h,zero_il_lvr,0.0,0.01902650410695556,0.004166666666666667,-0.01902650410695556,-0.01902650410695556,yes,yes,high
0xf2688Fb5B81049DFB7703aDa5e770543770612C4,WBNB/USDC,100,100,1h,optimistic,0.0,0.01902650410695556,0.004166666666666667,-0.017123853696260002,-0.017123853696260002,yes,yes,high
0xf2688Fb5B81049DFB7703aDa5e770543770612C4,WBNB/USDC,100,100,1h,realistic,0.0,0.01902650410695556,0.004166666666666667,-0.023193170773622224,-0.023193170773622224,yes,yes,high
0xf2688Fb5B81049DFB7703aDa5e770543770612C4,WBNB/USDC,100,100,1h,conservative,0.0,0.01902650410695556,0.004166666666666667,-0.02509582118431778,-0.025095821184317777,yes,yes,high
0xf2688Fb5B81049DFB7703aDa5e770543770612C4,WBNB/USDC,100,500,1h,zero_il_lvr,0.0,0.01902650410695556,0.020833333333333332,-0.01902650410695556,-0.0038053008213911116,yes,yes,high
0xf2688Fb5B81049DFB7703aDa5e770543770612C4,WBNB/USDC,100,500,1h,optimistic,0.0,0.01902650410695556,0.020833333333333332,-0.017123853696260002,-0.003424770739252001,yes,yes,high
0xf2688Fb5B81049DFB7703aDa5e770543770612C4,WBNB/USDC,100,500,1h,realistic,0.0,0.01902650410695556,0.020833333333333332,-0.03985983744028889,-0.007971967488057778,yes,yes,high
0xf2688Fb5B81049DFB7703aDa5e770543770612C4,WBNB/USDC,100,500,1h,conservative,0.0,0.01902650410695556,0.020833333333333332,-0.04176248785098445,-0.00835249757019689,yes,yes,high
0xf2688Fb5B81049DFB7703aDa5e770543770612C4,WBNB/USDC,100,1000,1h,zero_il_lvr,0.0,0.01902650410695556,0.041666666666666664,-0.01902650410695556,-0.0019026504106955558,yes,yes,high
0xf2688Fb5B81049DFB7703aDa5e770543770612C4,WBNB/USDC,100,1000,1h,optimistic,0.0,0.01902650410695556,0.041666666666666664,-0.017123853696260002,-0.0017123853696260005,yes,yes,high
0xf2688Fb5B81049DFB7703aDa5e770543770612C4,WBNB/USDC,100,1000,1h,realistic,0.0,0.01902650410695556,0.041666666666666664,-0.060693170773622226,-0.006069317077362223,yes,yes,high
0xf2688Fb5B81049DFB7703aDa5e770543770612C4,WBNB/USDC,100,1000,1h,conservative,0.0,0.01902650410695556,0.041666666666666664,-0.06259582118431778,-0.006259582118431778,yes,yes,high
0xf2688Fb5B81049DFB7703aDa5e770543770612C4,WBNB/USDC,100,2000,1h,zero_il_lvr,0.0,0.01902650410695556,0.08333333333333333,-0.01902650410695556,-0.0009513252053477779,yes,yes,high
0xf2688Fb5B81049DFB7703aDa5e770543770612C4,WBNB/USDC,100,2000,1h,optimistic,0.0,0.01902650410695556,0.08333333333333333,-0.017123853696260002,-0.0008561926848130002,yes,yes,high
0xf2688Fb5B81049DFB7703aDa5e770543770612C4,WBNB/USDC,100,2000,1h,realistic,0.0,0.01902650410695556,0.08333333333333333,-0.10235983744028888,-0.005117991872014444,yes,yes,high
0xf2688Fb5B81049DFB7703aDa5e770543770612C4,WBNB/USDC,100,2000,1h,conservative,0.0,0.01902650410695556,0.08333333333333333,-0.10426248785098444,-0.005213124392549222,yes,yes,high
0xf2688Fb5B81049DFB7703aDa5e770543770612C4,WBNB/USDC,100,20,2h,zero_il_lvr,0.0,0.01902650410695556,0.0016666666666666668,-0.01902650410695556,-0.09513252053477779,yes,yes,high
0xf2688Fb5B81049DFB7703aDa5e770543770612C4,WBNB/USDC,100,20,2h,optimistic,0.0,0.01902650410695556,0.0016666666666666668,-0.017123853696260002,-0.08561926848130001,yes,yes,high
0xf2688Fb5B81049DFB7703aDa5e770543770612C4,WBNB/USDC,100,20,2h,realistic,0.0,0.01902650410695556,0.0016666666666666668,-0.020693170773622226,-0.10346585386811114,yes,yes,high
0xf2688Fb5B81049DFB7703aDa5e770543770612C4,WBNB/USDC,100,20,2h,conservative,0.0,0.01902650410695556,0.0016666666666666668,-0.022595821184317782,-0.11297910592158891,yes,yes,high
0xf2688Fb5B81049DFB7703aDa5e770543770612C4,WBNB/USDC,100,100,2h,zero_il_lvr,0.0,0.01902650410695556,0.008333333333333333,-0.01902650410695556,-0.01902650410695556,yes,yes,high
0xf2688Fb5B81049DFB7703aDa5e770543770612C4,WBNB/USDC,100,100,2h,optimistic,0.0,0.01902650410695556,0.008333333333333333,-0.017123853696260002,-0.017123853696260002,yes,yes,high
0xf2688Fb5B81049DFB7703aDa5e770543770612C4,WBNB/USDC,100,100,2h,realistic,0.0,0.01902650410695556,0.008333333333333333,-0.027359837440288894,-0.027359837440288897,yes,yes,high
0xf2688Fb5B81049DFB7703aDa5e770543770612C4,WBNB/USDC,100,100,2h,conservative,0.0,0.01902650410695556,0.008333333333333333,-0.029262487850984446,-0.029262487850984446,yes,yes,high
0xf2688Fb5B81049DFB7703aDa5e770543770612C4,WBNB/USDC,100,500,2h,zero_il_lvr,0.0,0.01902650410695556,0.041666666666666664,-0.01902650410695556,-0.0038053008213911116,yes,yes,high
0xf2688Fb5B81049DFB7703aDa5e770543770612C4,WBNB/USDC,100,500,2h,optimistic,0.0,0.01902650410695556,0.041666666666666664,-0.017123853696260002,-0.003424770739252001,yes,yes,high
0xf2688Fb5B81049DFB7703aDa5e770543770612C4,WBNB/USDC,100,500,2h,realistic,0.0,0.01902650410695556,0.041666666666666664,-0.060693170773622226,-0.012138634154724446,yes,yes,high
0xf2688Fb5B81049DFB7703aDa5e770543770612C4,WBNB/USDC,100,500,2h,conservative,0.0,0.01902650410695556,0.041666666666666664,-0.06259582118431778,-0.012519164236863556,yes,yes,high
0xf2688Fb5B81049DFB7703aDa5e770543770612C4,WBNB/USDC,100,1000,2h,zero_il_lvr,0.0,0.01902650410695556,0.08333333333333333,-0.01902650410695556,-0.0019026504106955558,yes,yes,high
0xf2688Fb5B81049DFB7703aDa5e770543770612C4,WBNB/USDC,100,1000,2h,optimistic,0.0,0.01902650410695556,0.08333333333333333,-0.017123853696260002,-0.0017123853696260005,yes,yes,high
0xf2688Fb5B81049DFB7703aDa5e770543770612C4,WBNB/USDC,100,1000,2h,realistic,0.0,0.01902650410695556,0.08333333333333333,-0.10235983744028888,-0.010235983744028888,yes,yes,high
0xf2688Fb5B81049DFB7703aDa5e770543770612C4,WBNB/USDC,100,1000,2h,conservative,0.0,0.01902650410695556,0.08333333333333333,-0.10426248785098444,-0.010426248785098444,yes,yes,high
0xf2688Fb5B81049DFB7703aDa5e770543770612C4,WBNB/USDC,100,2000,2h,zero_il_lvr,0.0,0.01902650410695556,0.16666666666666666,-0.01902650410695556,-0.0009513252053477779,yes,yes,high
0xf2688Fb5B81049DFB7703aDa5e770543770612C4,WBNB/USDC,100,2000,2h,optimistic,0.0,0.01902650410695556,0.16666666666666666,-0.017123853696260002,-0.0008561926848130002,yes,yes,high
0xf2688Fb5B81049DFB7703aDa5e770543770612C4,WBNB/USDC,100,2000,2h,realistic,0.0,0.01902650410695556,0.16666666666666666,-0.1856931707736222,-0.009284658538681111,yes,yes,high
0xf2688Fb5B81049DFB7703aDa5e770543770612C4,WBNB/USDC,100,2000,2h,conservative,0.0,0.01902650410695556,0.16666666666666666,-0.18759582118431778,-0.00937979105921589,yes,yes,high
0xf2688Fb5B81049DFB7703aDa5e770543770612C4,WBNB/USDC,100,20,6h,zero_il_lvr,0.0,0.01902650410695556,0.005,-0.01902650410695556,-0.09513252053477779,yes,yes,high
0xf2688Fb5B81049DFB7703aDa5e770543770612C4,WBNB/USDC,100,20,6h,optimistic,0.0,0.01902650410695556,0.005,-0.017123853696260002,-0.08561926848130001,yes,yes,high
0xf2688Fb5B81049DFB7703aDa5e770543770612C4,WBNB/USDC,100,20,6h,realistic,0.0,0.01902650410695556,0.005,-0.02402650410695556,-0.12013252053477778,yes,yes,high
0xf2688Fb5B81049DFB7703aDa5e770543770612C4,WBNB/USDC,100,20,6h,conservative,0.0,0.01902650410695556,0.005,-0.025929154517651116,-0.12964577258825558,yes,yes,high
0xf2688Fb5B81049DFB7703aDa5e770543770612C4,WBNB/USDC,100,100,6h,zero_il_lvr,0.0,0.01902650410695556,0.025000000000000005,-0.01902650410695556,-0.01902650410695556,yes,yes,high
0xf2688Fb5B81049DFB7703aDa5e770543770612C4,WBNB/USDC,100,100,6h,optimistic,0.0,0.01902650410695556,0.025000000000000005,-0.017123853696260002,-0.017123853696260002,yes,yes,high
0xf2688Fb5B81049DFB7703aDa5e770543770612C4,WBNB/USDC,100,100,6h,realistic,0.0,0.01902650410695556,0.025000000000000005,-0.044026504106955563,-0.044026504106955563,yes,yes,high
0xf2688Fb5B81049DFB7703aDa5e770543770612C4,WBNB/USDC,100,100,6h,conservative,0.0,0.01902650410695556,0.025000000000000005,-0.045929154517651116,-0.045929154517651116,yes,yes,high
0xf2688Fb5B81049DFB7703aDa5e770543770612C4,WBNB/USDC,100,500,6h,zero_il_lvr,0.0,0.01902650410695556,0.125,-0.01902650410695556,-0.0038053008213911116,yes,yes,high
0xf2688Fb5B81049DFB7703aDa5e770543770612C4,WBNB/USDC,100,500,6h,optimistic,0.0,0.01902650410695556,0.125,-0.017123853696260002,-0.003424770739252001,yes,yes,high
0xf2688Fb5B81049DFB7703aDa5e770543770612C4,WBNB/USDC,100,500,6h,realistic,0.0,0.01902650410695556,0.125,-0.14402650410695556,-0.028805300821391114,yes,yes,high
0xf2688Fb5B81049DFB7703aDa5e770543770612C4,WBNB/USDC,100,500,6h,conservative,0.0,0.01902650410695556,0.125,-0.14592915451765112,-0.029185830903530226,yes,yes,high
0xf2688Fb5B81049DFB7703aDa5e770543770612C4,WBNB/USDC,100,1000,6h,zero_il_lvr,0.0,0.01902650410695556,0.25,-0.01902650410695556,-0.0019026504106955558,yes,yes,high
0xf2688Fb5B81049DFB7703aDa5e770543770612C4,WBNB/USDC,100,1000,6h,optimistic,0.0,0.01902650410695556,0.25,-0.017123853696260002,-0.0017123853696260005,yes,yes,high
0xf2688Fb5B81049DFB7703aDa5e770543770612C4,WBNB/USDC,100,1000,6h,realistic,0.0,0.01902650410695556,0.25,-0.26902650410695556,-0.026902650410695558,yes,yes,high
0xf2688Fb5B81049DFB7703aDa5e770543770612C4,WBNB/USDC,100,1000,6h,conservative,0.0,0.01902650410695556,0.25,-0.2709291545176511,-0.02709291545176511,yes,yes,high
0xf2688Fb5B81049DFB7703aDa5e770543770612C4,WBNB/USDC,100,2000,6h,zero_il_lvr,0.0,0.01902650410695556,0.5,-0.01902650410695556,-0.0009513252053477779,yes,yes,high
0xf2688Fb5B81049DFB7703aDa5e770543770612C4,WBNB/USDC,100,2000,6h,optimistic,0.0,0.01902650410695556,0.5,-0.017123853696260002,-0.0008561926848130002,yes,yes,high
0xf2688Fb5B81049DFB7703aDa5e770543770612C4,WBNB/USDC,100,2000,6h,realistic,0.0,0.01902650410695556,0.5,-0.5190265041069556,-0.02595132520534778,yes,yes,high
0xf2688Fb5B81049DFB7703aDa5e770543770612C4,WBNB/USDC,100,2000,6h,conservative,0.0,0.01902650410695556,0.5,-0.5209291545176511,-0.026046457725882557,yes,yes,high
0xf2688Fb5B81049DFB7703aDa5e770543770612C4,WBNB/USDC,100,20,24h,zero_il_lvr,0.0,0.01902650410695556,0.02,-0.01902650410695556,-0.09513252053477779,yes,yes,high
0xf2688Fb5B81049DFB7703aDa5e770543770612C4,WBNB/USDC,100,20,24h,optimistic,0.0,0.01902650410695556,0.02,-0.017123853696260002,-0.08561926848130001,yes,yes,high
0xf2688Fb5B81049DFB7703aDa5e770543770612C4,WBNB/USDC,100,20,24h,realistic,0.0,0.01902650410695556,0.02,-0.03902650410695556,-0.19513252053477778,yes,yes,high
0xf2688Fb5B81049DFB7703aDa5e770543770612C4,WBNB/USDC,100,20,24h,conservative,0.0,0.01902650410695556,0.02,-0.04092915451765111,-0.20464577258825556,yes,yes,high
0xf2688Fb5B81049DFB7703aDa5e770543770612C4,WBNB/USDC,100,100,24h,zero_il_lvr,0.0,0.01902650410695556,0.10000000000000002,-0.01902650410695556,-0.01902650410695556,yes,yes,high
0xf2688Fb5B81049DFB7703aDa5e770543770612C4,WBNB/USDC,100,100,24h,optimistic,0.0,0.01902650410695556,0.10000000000000002,-0.017123853696260002,-0.017123853696260002,yes,yes,high
0xf2688Fb5B81049DFB7703aDa5e770543770612C4,WBNB/USDC,100,100,24h,realistic,0.0,0.01902650410695556,0.10000000000000002,-0.11902650410695557,-0.11902650410695557,yes,yes,high
0xf2688Fb5B81049DFB7703aDa5e770543770612C4,WBNB/USDC,100,100,24h,conservative,0.0,0.01902650410695556,0.10000000000000002,-0.12092915451765113,-0.12092915451765113,yes,yes,high
0xf2688Fb5B81049DFB7703aDa5e770543770612C4,WBNB/USDC,100,500,24h,zero_il_lvr,0.0,0.01902650410695556,0.5,-0.01902650410695556,-0.0038053008213911116,yes,yes,high
0xf2688Fb5B81049DFB7703aDa5e770543770612C4,WBNB/USDC,100,500,24h,optimistic,0.0,0.01902650410695556,0.5,-0.017123853696260002,-0.003424770739252001,yes,yes,high
0xf2688Fb5B81049DFB7703aDa5e770543770612C4,WBNB/USDC,100,500,24h,realistic,0.0,0.01902650410695556,0.5,-0.5190265041069556,-0.10380530082139112,yes,yes,high
0xf2688Fb5B81049DFB7703aDa5e770543770612C4,WBNB/USDC,100,500,24h,conservative,0.0,0.01902650410695556,0.5,-0.5209291545176511,-0.10418583090353023,yes,yes,high
0xf2688Fb5B81049DFB7703aDa5e770543770612C4,WBNB/USDC,100,1000,24h,zero_il_lvr,0.0,0.01902650410695556,1.0,-0.01902650410695556,-0.0019026504106955558,yes,yes,high
0xf2688Fb5B81049DFB7703aDa5e770543770612C4,WBNB/USDC,100,1000,24h,optimistic,0.0,0.01902650410695556,1.0,-0.017123853696260002,-0.0017123853696260005,yes,yes,high
0xf2688Fb5B81049DFB7703aDa5e770543770612C4,WBNB/USDC,100,1000,24h,realistic,0.0,0.01902650410695556,1.0,-1.0190265041069555,-0.10190265041069556,yes,yes,high
0xf2688Fb5B81049DFB7703aDa5e770543770612C4,WBNB/USDC,100,1000,24h,conservative,0.0,0.01902650410695556,1.0,-1.020929154517651,-0.10209291545176512,yes,yes,high
0xf2688Fb5B81049DFB7703aDa5e770543770612C4,WBNB/USDC,100,2000,24h,zero_il_lvr,0.0,0.01902650410695556,2.0,-0.01902650410695556,-0.0009513252053477779,yes,yes,high
0xf2688Fb5B81049DFB7703aDa5e770543770612C4,WBNB/USDC,100,2000,24h,optimistic,0.0,0.01902650410695556,2.0,-0.017123853696260002,-0.0008561926848130002,yes,yes,high
0xf2688Fb5B81049DFB7703aDa5e770543770612C4,WBNB/USDC,100,2000,24h,realistic,0.0,0.01902650410695556,2.0,-2.0190265041069555,-0.10095132520534777,yes,yes,high
0xf2688Fb5B81049DFB7703aDa5e770543770612C4,WBNB/USDC,100,2000,24h,conservative,0.0,0.01902650410695556,2.0,-2.0209291545176513,-0.10104645772588255,yes,yes,high
0x81A9b5F18179cE2bf8f001b8a634Db80771F1824,WBNB/USDC,500,20,15m,zero_il_lvr,0.0,0.01902650411070851,0.0,-0.01902650411070851,-0.09513252055354256,yes,yes,high
0x81A9b5F18179cE2bf8f001b8a634Db80771F1824,WBNB/USDC,500,20,15m,optimistic,0.0,0.01902650411070851,0.0,-0.01712385369963766,-0.08561926849818831,yes,yes,high
0x81A9b5F18179cE2bf8f001b8a634Db80771F1824,WBNB/USDC,500,20,15m,realistic,0.0,0.01902650411070851,0.0,-0.01902650411070851,-0.09513252055354256,yes,yes,high
0x81A9b5F18179cE2bf8f001b8a634Db80771F1824,WBNB/USDC,500,20,15m,conservative,0.0,0.01902650411070851,0.0,-0.020929154521779365,-0.10464577260889682,yes,yes,high
0x81A9b5F18179cE2bf8f001b8a634Db80771F1824,WBNB/USDC,500,100,15m,zero_il_lvr,0.0,0.01902650411070851,0.0,-0.01902650411070851,-0.01902650411070851,yes,yes,high
0x81A9b5F18179cE2bf8f001b8a634Db80771F1824,WBNB/USDC,500,100,15m,optimistic,0.0,0.01902650411070851,0.0,-0.01712385369963766,-0.01712385369963766,yes,yes,high
0x81A9b5F18179cE2bf8f001b8a634Db80771F1824,WBNB/USDC,500,100,15m,realistic,0.0,0.01902650411070851,0.0,-0.01902650411070851,-0.01902650411070851,yes,yes,high
0x81A9b5F18179cE2bf8f001b8a634Db80771F1824,WBNB/USDC,500,100,15m,conservative,0.0,0.01902650411070851,0.0,-0.020929154521779365,-0.020929154521779365,yes,yes,high
0x81A9b5F18179cE2bf8f001b8a634Db80771F1824,WBNB/USDC,500,500,15m,zero_il_lvr,0.0,0.01902650411070851,0.0,-0.01902650411070851,-0.003805300822141702,yes,yes,high
0x81A9b5F18179cE2bf8f001b8a634Db80771F1824,WBNB/USDC,500,500,15m,optimistic,0.0,0.01902650411070851,0.0,-0.01712385369963766,-0.0034247707399275326,yes,yes,high
0x81A9b5F18179cE2bf8f001b8a634Db80771F1824,WBNB/USDC,500,500,15m,realistic,0.0,0.01902650411070851,0.0,-0.01902650411070851,-0.003805300822141702,yes,yes,high
0x81A9b5F18179cE2bf8f001b8a634Db80771F1824,WBNB/USDC,500,500,15m,conservative,0.0,0.01902650411070851,0.0,-0.020929154521779365,-0.004185830904355873,yes,yes,high
0x81A9b5F18179cE2bf8f001b8a634Db80771F1824,WBNB/USDC,500,1000,15m,zero_il_lvr,0.0,0.01902650411070851,0.0,-0.01902650411070851,-0.001902650411070851,yes,yes,high
0x81A9b5F18179cE2bf8f001b8a634Db80771F1824,WBNB/USDC,500,1000,15m,optimistic,0.0,0.01902650411070851,0.0,-0.01712385369963766,-0.0017123853699637663,yes,yes,high
0x81A9b5F18179cE2bf8f001b8a634Db80771F1824,WBNB/USDC,500,1000,15m,realistic,0.0,0.01902650411070851,0.0,-0.01902650411070851,-0.001902650411070851,yes,yes,high
0x81A9b5F18179cE2bf8f001b8a634Db80771F1824,WBNB/USDC,500,1000,15m,conservative,0.0,0.01902650411070851,0.0,-0.020929154521779365,-0.0020929154521779365,yes,yes,high
0x81A9b5F18179cE2bf8f001b8a634Db80771F1824,WBNB/USDC,500,2000,15m,zero_il_lvr,0.0,0.01902650411070851,0.0,-0.01902650411070851,-0.0009513252055354255,yes,yes,high
0x81A9b5F18179cE2bf8f001b8a634Db80771F1824,WBNB/USDC,500,2000,15m,optimistic,0.0,0.01902650411070851,0.0,-0.01712385369963766,-0.0008561926849818831,yes,yes,high
0x81A9b5F18179cE2bf8f001b8a634Db80771F1824,WBNB/USDC,500,2000,15m,realistic,0.0,0.01902650411070851,0.0,-0.01902650411070851,-0.0009513252055354255,yes,yes,high
0x81A9b5F18179cE2bf8f001b8a634Db80771F1824,WBNB/USDC,500,2000,15m,conservative,0.0,0.01902650411070851,0.0,-0.020929154521779365,-0.0010464577260889682,yes,yes,high
0x81A9b5F18179cE2bf8f001b8a634Db80771F1824,WBNB/USDC,500,20,30m,zero_il_lvr,0.0,0.01902650411070851,0.0,-0.01902650411070851,-0.09513252055354256,yes,yes,high
0x81A9b5F18179cE2bf8f001b8a634Db80771F1824,WBNB/USDC,500,20,30m,optimistic,0.0,0.01902650411070851,0.0,-0.01712385369963766,-0.08561926849818831,yes,yes,high
0x81A9b5F18179cE2bf8f001b8a634Db80771F1824,WBNB/USDC,500,20,30m,realistic,0.0,0.01902650411070851,0.0,-0.01902650411070851,-0.09513252055354256,yes,yes,high
0x81A9b5F18179cE2bf8f001b8a634Db80771F1824,WBNB/USDC,500,20,30m,conservative,0.0,0.01902650411070851,0.0,-0.020929154521779365,-0.10464577260889682,yes,yes,high
0x81A9b5F18179cE2bf8f001b8a634Db80771F1824,WBNB/USDC,500,100,30m,zero_il_lvr,0.0,0.01902650411070851,0.0,-0.01902650411070851,-0.01902650411070851,yes,yes,high
0x81A9b5F18179cE2bf8f001b8a634Db80771F1824,WBNB/USDC,500,100,30m,optimistic,0.0,0.01902650411070851,0.0,-0.01712385369963766,-0.01712385369963766,yes,yes,high
0x81A9b5F18179cE2bf8f001b8a634Db80771F1824,WBNB/USDC,500,100,30m,realistic,0.0,0.01902650411070851,0.0,-0.01902650411070851,-0.01902650411070851,yes,yes,high
0x81A9b5F18179cE2bf8f001b8a634Db80771F1824,WBNB/USDC,500,100,30m,conservative,0.0,0.01902650411070851,0.0,-0.020929154521779365,-0.020929154521779365,yes,yes,high
0x81A9b5F18179cE2bf8f001b8a634Db80771F1824,WBNB/USDC,500,500,30m,zero_il_lvr,0.0,0.01902650411070851,0.0,-0.01902650411070851,-0.003805300822141702,yes,yes,high
0x81A9b5F18179cE2bf8f001b8a634Db80771F1824,WBNB/USDC,500,500,30m,optimistic,0.0,0.01902650411070851,0.0,-0.01712385369963766,-0.0034247707399275326,yes,yes,high
0x81A9b5F18179cE2bf8f001b8a634Db80771F1824,WBNB/USDC,500,500,30m,realistic,0.0,0.01902650411070851,0.0,-0.01902650411070851,-0.003805300822141702,yes,yes,high
0x81A9b5F18179cE2bf8f001b8a634Db80771F1824,WBNB/USDC,500,500,30m,conservative,0.0,0.01902650411070851,0.0,-0.020929154521779365,-0.004185830904355873,yes,yes,high
0x81A9b5F18179cE2bf8f001b8a634Db80771F1824,WBNB/USDC,500,1000,30m,zero_il_lvr,0.0,0.01902650411070851,0.0,-0.01902650411070851,-0.001902650411070851,yes,yes,high
0x81A9b5F18179cE2bf8f001b8a634Db80771F1824,WBNB/USDC,500,1000,30m,optimistic,0.0,0.01902650411070851,0.0,-0.01712385369963766,-0.0017123853699637663,yes,yes,high
0x81A9b5F18179cE2bf8f001b8a634Db80771F1824,WBNB/USDC,500,1000,30m,realistic,0.0,0.01902650411070851,0.0,-0.01902650411070851,-0.001902650411070851,yes,yes,high
0x81A9b5F18179cE2bf8f001b8a634Db80771F1824,WBNB/USDC,500,1000,30m,conservative,0.0,0.01902650411070851,0.0,-0.020929154521779365,-0.0020929154521779365,yes,yes,high
0x81A9b5F18179cE2bf8f001b8a634Db80771F1824,WBNB/USDC,500,2000,30m,zero_il_lvr,0.0,0.01902650411070851,0.0,-0.01902650411070851,-0.0009513252055354255,yes,yes,high
0x81A9b5F18179cE2bf8f001b8a634Db80771F1824,WBNB/USDC,500,2000,30m,optimistic,0.0,0.01902650411070851,0.0,-0.01712385369963766,-0.0008561926849818831,yes,yes,high
0x81A9b5F18179cE2bf8f001b8a634Db80771F1824,WBNB/USDC,500,2000,30m,realistic,0.0,0.01902650411070851,0.0,-0.01902650411070851,-0.0009513252055354255,yes,yes,high
0x81A9b5F18179cE2bf8f001b8a634Db80771F1824,WBNB/USDC,500,2000,30m,conservative,0.0,0.01902650411070851,0.0,-0.020929154521779365,-0.0010464577260889682,yes,yes,high
0x81A9b5F18179cE2bf8f001b8a634Db80771F1824,WBNB/USDC,500,20,1h,zero_il_lvr,0.0,0.01902650411070851,0.0008333333333333334,-0.01902650411070851,-0.09513252055354256,yes,yes,high
0x81A9b5F18179cE2bf8f001b8a634Db80771F1824,WBNB/USDC,500,20,1h,optimistic,0.0,0.01902650411070851,0.0008333333333333334,-0.01712385369963766,-0.08561926849818831,yes,yes,high
0x81A9b5F18179cE2bf8f001b8a634Db80771F1824,WBNB/USDC,500,20,1h,realistic,0.0,0.01902650411070851,0.0008333333333333334,-0.019859837444041843,-0.09929918722020922,yes,yes,high
0x81A9b5F18179cE2bf8f001b8a634Db80771F1824,WBNB/USDC,500,20,1h,conservative,0.0,0.01902650411070851,0.0008333333333333334,-0.021762487855112696,-0.10881243927556349,yes,yes,high
0x81A9b5F18179cE2bf8f001b8a634Db80771F1824,WBNB/USDC,500,100,1h,zero_il_lvr,0.0,0.01902650411070851,0.004166666666666667,-0.01902650411070851,-0.01902650411070851,yes,yes,high
0x81A9b5F18179cE2bf8f001b8a634Db80771F1824,WBNB/USDC,500,100,1h,optimistic,0.0,0.01902650411070851,0.004166666666666667,-0.01712385369963766,-0.01712385369963766,yes,yes,high
0x81A9b5F18179cE2bf8f001b8a634Db80771F1824,WBNB/USDC,500,100,1h,realistic,0.0,0.01902650411070851,0.004166666666666667,-0.023193170777375177,-0.023193170777375177,yes,yes,high
0x81A9b5F18179cE2bf8f001b8a634Db80771F1824,WBNB/USDC,500,100,1h,conservative,0.0,0.01902650411070851,0.004166666666666667,-0.02509582118844603,-0.02509582118844603,yes,yes,high
0x81A9b5F18179cE2bf8f001b8a634Db80771F1824,WBNB/USDC,500,500,1h,zero_il_lvr,0.0,0.01902650411070851,0.020833333333333332,-0.01902650411070851,-0.003805300822141702,yes,yes,high
0x81A9b5F18179cE2bf8f001b8a634Db80771F1824,WBNB/USDC,500,500,1h,optimistic,0.0,0.01902650411070851,0.020833333333333332,-0.01712385369963766,-0.0034247707399275326,yes,yes,high
0x81A9b5F18179cE2bf8f001b8a634Db80771F1824,WBNB/USDC,500,500,1h,realistic,0.0,0.01902650411070851,0.020833333333333332,-0.03985983744404184,-0.007971967488808367,yes,yes,high
0x81A9b5F18179cE2bf8f001b8a634Db80771F1824,WBNB/USDC,500,500,1h,conservative,0.0,0.01902650411070851,0.020833333333333332,-0.0417624878551127,-0.008352497571022539,yes,yes,high
0x81A9b5F18179cE2bf8f001b8a634Db80771F1824,WBNB/USDC,500,1000,1h,zero_il_lvr,0.0,0.01902650411070851,0.041666666666666664,-0.01902650411070851,-0.001902650411070851,yes,yes,high
0x81A9b5F18179cE2bf8f001b8a634Db80771F1824,WBNB/USDC,500,1000,1h,optimistic,0.0,0.01902650411070851,0.041666666666666664,-0.01712385369963766,-0.0017123853699637663,yes,yes,high
0x81A9b5F18179cE2bf8f001b8a634Db80771F1824,WBNB/USDC,500,1000,1h,realistic,0.0,0.01902650411070851,0.041666666666666664,-0.060693170777375176,-0.006069317077737517,yes,yes,high
0x81A9b5F18179cE2bf8f001b8a634Db80771F1824,WBNB/USDC,500,1000,1h,conservative,0.0,0.01902650411070851,0.041666666666666664,-0.06259582118844603,-0.006259582118844604,yes,yes,high
0x81A9b5F18179cE2bf8f001b8a634Db80771F1824,WBNB/USDC,500,2000,1h,zero_il_lvr,0.0,0.01902650411070851,0.08333333333333333,-0.01902650411070851,-0.0009513252055354255,yes,yes,high
0x81A9b5F18179cE2bf8f001b8a634Db80771F1824,WBNB/USDC,500,2000,1h,optimistic,0.0,0.01902650411070851,0.08333333333333333,-0.01712385369963766,-0.0008561926849818831,yes,yes,high
0x81A9b5F18179cE2bf8f001b8a634Db80771F1824,WBNB/USDC,500,2000,1h,realistic,0.0,0.01902650411070851,0.08333333333333333,-0.10235983744404184,-0.0051179918722020915,yes,yes,high
0x81A9b5F18179cE2bf8f001b8a634Db80771F1824,WBNB/USDC,500,2000,1h,conservative,0.0,0.01902650411070851,0.08333333333333333,-0.10426248785511269,-0.005213124392755634,yes,yes,high
0x81A9b5F18179cE2bf8f001b8a634Db80771F1824,WBNB/USDC,500,20,2h,zero_il_lvr,0.0,0.01902650411070851,0.0016666666666666668,-0.01902650411070851,-0.09513252055354256,yes,yes,high
0x81A9b5F18179cE2bf8f001b8a634Db80771F1824,WBNB/USDC,500,20,2h,optimistic,0.0,0.01902650411070851,0.0016666666666666668,-0.01712385369963766,-0.08561926849818831,yes,yes,high
0x81A9b5F18179cE2bf8f001b8a634Db80771F1824,WBNB/USDC,500,20,2h,realistic,0.0,0.01902650411070851,0.0016666666666666668,-0.02069317077737518,-0.1034658538868759,yes,yes,high
0x81A9b5F18179cE2bf8f001b8a634Db80771F1824,WBNB/USDC,500,20,2h,conservative,0.0,0.01902650411070851,0.0016666666666666668,-0.02259582118844603,-0.11297910594223015,yes,yes,high
0x81A9b5F18179cE2bf8f001b8a634Db80771F1824,WBNB/USDC,500,100,2h,zero_il_lvr,0.0,0.01902650411070851,0.008333333333333333,-0.01902650411070851,-0.01902650411070851,yes,yes,high
0x81A9b5F18179cE2bf8f001b8a634Db80771F1824,WBNB/USDC,500,100,2h,optimistic,0.0,0.01902650411070851,0.008333333333333333,-0.01712385369963766,-0.01712385369963766,yes,yes,high
0x81A9b5F18179cE2bf8f001b8a634Db80771F1824,WBNB/USDC,500,100,2h,realistic,0.0,0.01902650411070851,0.008333333333333333,-0.027359837444041843,-0.027359837444041846,yes,yes,high
0x81A9b5F18179cE2bf8f001b8a634Db80771F1824,WBNB/USDC,500,100,2h,conservative,0.0,0.01902650411070851,0.008333333333333333,-0.0292624878551127,-0.0292624878551127,yes,yes,high
0x81A9b5F18179cE2bf8f001b8a634Db80771F1824,WBNB/USDC,500,500,2h,zero_il_lvr,0.0,0.01902650411070851,0.041666666666666664,-0.01902650411070851,-0.003805300822141702,yes,yes,high
0x81A9b5F18179cE2bf8f001b8a634Db80771F1824,WBNB/USDC,500,500,2h,optimistic,0.0,0.01902650411070851,0.041666666666666664,-0.01712385369963766,-0.0034247707399275326,yes,yes,high
0x81A9b5F18179cE2bf8f001b8a634Db80771F1824,WBNB/USDC,500,500,2h,realistic,0.0,0.01902650411070851,0.041666666666666664,-0.060693170777375176,-0.012138634155475034,yes,yes,high
0x81A9b5F18179cE2bf8f001b8a634Db80771F1824,WBNB/USDC,500,500,2h,conservative,0.0,0.01902650411070851,0.041666666666666664,-0.06259582118844603,-0.012519164237689208,yes,yes,high
0x81A9b5F18179cE2bf8f001b8a634Db80771F1824,WBNB/USDC,500,1000,2h,zero_il_lvr,0.0,0.01902650411070851,0.08333333333333333,-0.01902650411070851,-0.001902650411070851,yes,yes,high
0x81A9b5F18179cE2bf8f001b8a634Db80771F1824,WBNB/USDC,500,1000,2h,optimistic,0.0,0.01902650411070851,0.08333333333333333,-0.01712385369963766,-0.0017123853699637663,yes,yes,high
0x81A9b5F18179cE2bf8f001b8a634Db80771F1824,WBNB/USDC,500,1000,2h,realistic,0.0,0.01902650411070851,0.08333333333333333,-0.10235983744404184,-0.010235983744404183,yes,yes,high
0x81A9b5F18179cE2bf8f001b8a634Db80771F1824,WBNB/USDC,500,1000,2h,conservative,0.0,0.01902650411070851,0.08333333333333333,-0.10426248785511269,-0.010426248785511268,yes,yes,high
0x81A9b5F18179cE2bf8f001b8a634Db80771F1824,WBNB/USDC,500,2000,2h,zero_il_lvr,0.0,0.01902650411070851,0.16666666666666666,-0.01902650411070851,-0.0009513252055354255,yes,yes,high
0x81A9b5F18179cE2bf8f001b8a634Db80771F1824,WBNB/USDC,500,2000,2h,optimistic,0.0,0.01902650411070851,0.16666666666666666,-0.01712385369963766,-0.0008561926849818831,yes,yes,high
0x81A9b5F18179cE2bf8f001b8a634Db80771F1824,WBNB/USDC,500,2000,2h,realistic,0.0,0.01902650411070851,0.16666666666666666,-0.18569317077737518,-0.00928465853886876,yes,yes,high
0x81A9b5F18179cE2bf8f001b8a634Db80771F1824,WBNB/USDC,500,2000,2h,conservative,0.0,0.01902650411070851,0.16666666666666666,-0.18759582118844603,-0.0093797910594223,yes,yes,high
0x81A9b5F18179cE2bf8f001b8a634Db80771F1824,WBNB/USDC,500,20,6h,zero_il_lvr,0.0,0.01902650411070851,0.005,-0.01902650411070851,-0.09513252055354256,yes,yes,high
0x81A9b5F18179cE2bf8f001b8a634Db80771F1824,WBNB/USDC,500,20,6h,optimistic,0.0,0.01902650411070851,0.005,-0.01712385369963766,-0.08561926849818831,yes,yes,high
0x81A9b5F18179cE2bf8f001b8a634Db80771F1824,WBNB/USDC,500,20,6h,realistic,0.0,0.01902650411070851,0.005,-0.024026504110708512,-0.12013252055354255,yes,yes,high
0x81A9b5F18179cE2bf8f001b8a634Db80771F1824,WBNB/USDC,500,20,6h,conservative,0.0,0.01902650411070851,0.005,-0.025929154521779366,-0.12964577260889681,yes,yes,high
0x81A9b5F18179cE2bf8f001b8a634Db80771F1824,WBNB/USDC,500,100,6h,zero_il_lvr,0.0,0.01902650411070851,0.025000000000000005,-0.01902650411070851,-0.01902650411070851,yes,yes,high
0x81A9b5F18179cE2bf8f001b8a634Db80771F1824,WBNB/USDC,500,100,6h,optimistic,0.0,0.01902650411070851,0.025000000000000005,-0.01712385369963766,-0.01712385369963766,yes,yes,high
0x81A9b5F18179cE2bf8f001b8a634Db80771F1824,WBNB/USDC,500,100,6h,realistic,0.0,0.01902650411070851,0.025000000000000005,-0.04402650411070852,-0.04402650411070852,yes,yes,high
0x81A9b5F18179cE2bf8f001b8a634Db80771F1824,WBNB/USDC,500,100,6h,conservative,0.0,0.01902650411070851,0.025000000000000005,-0.04592915452177937,-0.04592915452177937,yes,yes,high
0x81A9b5F18179cE2bf8f001b8a634Db80771F1824,WBNB/USDC,500,500,6h,zero_il_lvr,0.0,0.01902650411070851,0.125,-0.01902650411070851,-0.003805300822141702,yes,yes,high
0x81A9b5F18179cE2bf8f001b8a634Db80771F1824,WBNB/USDC,500,500,6h,optimistic,0.0,0.01902650411070851,0.125,-0.01712385369963766,-0.0034247707399275326,yes,yes,high
0x81A9b5F18179cE2bf8f001b8a634Db80771F1824,WBNB/USDC,500,500,6h,realistic,0.0,0.01902650411070851,0.125,-0.1440265041107085,-0.0288053008221417,yes,yes,high
0x81A9b5F18179cE2bf8f001b8a634Db80771F1824,WBNB/USDC,500,500,6h,conservative,0.0,0.01902650411070851,0.125,-0.14592915452177938,-0.029185830904355874,yes,yes,high
0x81A9b5F18179cE2bf8f001b8a634Db80771F1824,WBNB/USDC,500,1000,6h,zero_il_lvr,0.0,0.01902650411070851,0.25,-0.01902650411070851,-0.001902650411070851,yes,yes,high
0x81A9b5F18179cE2bf8f001b8a634Db80771F1824,WBNB/USDC,500,1000,6h,optimistic,0.0,0.01902650411070851,0.25,-0.01712385369963766,-0.0017123853699637663,yes,yes,high
0x81A9b5F18179cE2bf8f001b8a634Db80771F1824,WBNB/USDC,500,1000,6h,realistic,0.0,0.01902650411070851,0.25,-0.2690265041107085,-0.026902650411070848,yes,yes,high
0x81A9b5F18179cE2bf8f001b8a634Db80771F1824,WBNB/USDC,500,1000,6h,conservative,0.0,0.01902650411070851,0.25,-0.27092915452177935,-0.027092915452177936,yes,yes,high
0x81A9b5F18179cE2bf8f001b8a634Db80771F1824,WBNB/USDC,500,2000,6h,zero_il_lvr,0.0,0.01902650411070851,0.5,-0.01902650411070851,-0.0009513252055354255,yes,yes,high
0x81A9b5F18179cE2bf8f001b8a634Db80771F1824,WBNB/USDC,500,2000,6h,optimistic,0.0,0.01902650411070851,0.5,-0.01712385369963766,-0.0008561926849818831,yes,yes,high
0x81A9b5F18179cE2bf8f001b8a634Db80771F1824,WBNB/USDC,500,2000,6h,realistic,0.0,0.01902650411070851,0.5,-0.5190265041107085,-0.025951325205535423,yes,yes,high
0x81A9b5F18179cE2bf8f001b8a634Db80771F1824,WBNB/USDC,500,2000,6h,conservative,0.0,0.01902650411070851,0.5,-0.5209291545217793,-0.026046457726088965,yes,yes,high
0x81A9b5F18179cE2bf8f001b8a634Db80771F1824,WBNB/USDC,500,20,24h,zero_il_lvr,0.0,0.01902650411070851,0.02,-0.01902650411070851,-0.09513252055354256,yes,yes,high
0x81A9b5F18179cE2bf8f001b8a634Db80771F1824,WBNB/USDC,500,20,24h,optimistic,0.0,0.01902650411070851,0.02,-0.01712385369963766,-0.08561926849818831,yes,yes,high
0x81A9b5F18179cE2bf8f001b8a634Db80771F1824,WBNB/USDC,500,20,24h,realistic,0.0,0.01902650411070851,0.02,-0.039026504110708515,-0.19513252055354258,yes,yes,high
0x81A9b5F18179cE2bf8f001b8a634Db80771F1824,WBNB/USDC,500,20,24h,conservative,0.0,0.01902650411070851,0.02,-0.040929154521779365,-0.20464577260889683,yes,yes,high
0x81A9b5F18179cE2bf8f001b8a634Db80771F1824,WBNB/USDC,500,100,24h,zero_il_lvr,0.0,0.01902650411070851,0.10000000000000002,-0.01902650411070851,-0.01902650411070851,yes,yes,high
0x81A9b5F18179cE2bf8f001b8a634Db80771F1824,WBNB/USDC,500,100,24h,optimistic,0.0,0.01902650411070851,0.10000000000000002,-0.01712385369963766,-0.01712385369963766,yes,yes,high
0x81A9b5F18179cE2bf8f001b8a634Db80771F1824,WBNB/USDC,500,100,24h,realistic,0.0,0.01902650411070851,0.10000000000000002,-0.11902650411070853,-0.11902650411070852,yes,yes,high
0x81A9b5F18179cE2bf8f001b8a634Db80771F1824,WBNB/USDC,500,100,24h,conservative,0.0,0.01902650411070851,0.10000000000000002,-0.12092915452177938,-0.12092915452177938,yes,yes,high
0x81A9b5F18179cE2bf8f001b8a634Db80771F1824,WBNB/USDC,500,500,24h,zero_il_lvr,0.0,0.01902650411070851,0.5,-0.01902650411070851,-0.003805300822141702,yes,yes,high
0x81A9b5F18179cE2bf8f001b8a634Db80771F1824,WBNB/USDC,500,500,24h,optimistic,0.0,0.01902650411070851,0.5,-0.01712385369963766,-0.0034247707399275326,yes,yes,high
0x81A9b5F18179cE2bf8f001b8a634Db80771F1824,WBNB/USDC,500,500,24h,realistic,0.0,0.01902650411070851,0.5,-0.5190265041107085,-0.10380530082214169,yes,yes,high
0x81A9b5F18179cE2bf8f001b8a634Db80771F1824,WBNB/USDC,500,500,24h,conservative,0.0,0.01902650411070851,0.5,-0.5209291545217793,-0.10418583090435586,yes,yes,high
0x81A9b5F18179cE2bf8f001b8a634Db80771F1824,WBNB/USDC,500,1000,24h,zero_il_lvr,0.0,0.01902650411070851,1.0,-0.01902650411070851,-0.001902650411070851,yes,yes,high
0x81A9b5F18179cE2bf8f001b8a634Db80771F1824,WBNB/USDC,500,1000,24h,optimistic,0.0,0.01902650411070851,1.0,-0.01712385369963766,-0.0017123853699637663,yes,yes,high
0x81A9b5F18179cE2bf8f001b8a634Db80771F1824,WBNB/USDC,500,1000,24h,realistic,0.0,0.01902650411070851,1.0,-1.0190265041107085,-0.10190265041107086,yes,yes,high
0x81A9b5F18179cE2bf8f001b8a634Db80771F1824,WBNB/USDC,500,1000,24h,conservative,0.0,0.01902650411070851,1.0,-1.0209291545217793,-0.10209291545217794,yes,yes,high
0x81A9b5F18179cE2bf8f001b8a634Db80771F1824,WBNB/USDC,500,2000,24h,zero_il_lvr,0.0,0.01902650411070851,2.0,-0.01902650411070851,-0.0009513252055354255,yes,yes,high
0x81A9b5F18179cE2bf8f001b8a634Db80771F1824,WBNB/USDC,500,2000,24h,optimistic,0.0,0.01902650411070851,2.0,-0.01712385369963766,-0.0008561926849818831,yes,yes,high
0x81A9b5F18179cE2bf8f001b8a634Db80771F1824,WBNB/USDC,500,2000,24h,realistic,0.0,0.01902650411070851,2.0,-2.0190265041107085,-0.10095132520553543,yes,yes,high
0x81A9b5F18179cE2bf8f001b8a634Db80771F1824,WBNB/USDC,500,2000,24h,conservative,0.0,0.01902650411070851,2.0,-2.0209291545217796,-0.10104645772608897,yes,yes,high
0xc721dECCD986D54B39e8c29428A1f06155c3671e,WBNB/USDC,2500,20,15m,zero_il_lvr,0.0,0.01902650412099496,0.0,-0.01902650412099496,-0.0951325206049748,yes,yes,high
0xc721dECCD986D54B39e8c29428A1f06155c3671e,WBNB/USDC,2500,20,15m,optimistic,0.0,0.01902650412099496,0.0,-0.017123853708895465,-0.08561926854447732,yes,yes,high
0xc721dECCD986D54B39e8c29428A1f06155c3671e,WBNB/USDC,2500,20,15m,realistic,0.0,0.01902650412099496,0.0,-0.01902650412099496,-0.0951325206049748,yes,yes,high
0xc721dECCD986D54B39e8c29428A1f06155c3671e,WBNB/USDC,2500,20,15m,conservative,0.0,0.01902650412099496,0.0,-0.02092915453309446,-0.10464577266547229,yes,yes,high
0xc721dECCD986D54B39e8c29428A1f06155c3671e,WBNB/USDC,2500,100,15m,zero_il_lvr,0.0,0.01902650412099496,0.0,-0.01902650412099496,-0.01902650412099496,yes,yes,high
0xc721dECCD986D54B39e8c29428A1f06155c3671e,WBNB/USDC,2500,100,15m,optimistic,0.0,0.01902650412099496,0.0,-0.017123853708895465,-0.017123853708895465,yes,yes,high
0xc721dECCD986D54B39e8c29428A1f06155c3671e,WBNB/USDC,2500,100,15m,realistic,0.0,0.01902650412099496,0.0,-0.01902650412099496,-0.01902650412099496,yes,yes,high
0xc721dECCD986D54B39e8c29428A1f06155c3671e,WBNB/USDC,2500,100,15m,conservative,0.0,0.01902650412099496,0.0,-0.02092915453309446,-0.02092915453309446,yes,yes,high
0xc721dECCD986D54B39e8c29428A1f06155c3671e,WBNB/USDC,2500,500,15m,zero_il_lvr,0.0,0.01902650412099496,0.0,-0.01902650412099496,-0.003805300824198992,yes,yes,high
0xc721dECCD986D54B39e8c29428A1f06155c3671e,WBNB/USDC,2500,500,15m,optimistic,0.0,0.01902650412099496,0.0,-0.017123853708895465,-0.003424770741779093,yes,yes,high
0xc721dECCD986D54B39e8c29428A1f06155c3671e,WBNB/USDC,2500,500,15m,realistic,0.0,0.01902650412099496,0.0,-0.01902650412099496,-0.003805300824198992,yes,yes,high
0xc721dECCD986D54B39e8c29428A1f06155c3671e,WBNB/USDC,2500,500,15m,conservative,0.0,0.01902650412099496,0.0,-0.02092915453309446,-0.004185830906618892,yes,yes,high
0xc721dECCD986D54B39e8c29428A1f06155c3671e,WBNB/USDC,2500,1000,15m,zero_il_lvr,0.0,0.01902650412099496,0.0,-0.01902650412099496,-0.001902650412099496,yes,yes,high
0xc721dECCD986D54B39e8c29428A1f06155c3671e,WBNB/USDC,2500,1000,15m,optimistic,0.0,0.01902650412099496,0.0,-0.017123853708895465,-0.0017123853708895466,yes,yes,high
0xc721dECCD986D54B39e8c29428A1f06155c3671e,WBNB/USDC,2500,1000,15m,realistic,0.0,0.01902650412099496,0.0,-0.01902650412099496,-0.001902650412099496,yes,yes,high
0xc721dECCD986D54B39e8c29428A1f06155c3671e,WBNB/USDC,2500,1000,15m,conservative,0.0,0.01902650412099496,0.0,-0.02092915453309446,-0.002092915453309446,yes,yes,high
0xc721dECCD986D54B39e8c29428A1f06155c3671e,WBNB/USDC,2500,2000,15m,zero_il_lvr,0.0,0.01902650412099496,0.0,-0.01902650412099496,-0.000951325206049748,yes,yes,high
0xc721dECCD986D54B39e8c29428A1f06155c3671e,WBNB/USDC,2500,2000,15m,optimistic,0.0,0.01902650412099496,0.0,-0.017123853708895465,-0.0008561926854447733,yes,yes,high
0xc721dECCD986D54B39e8c29428A1f06155c3671e,WBNB/USDC,2500,2000,15m,realistic,0.0,0.01902650412099496,0.0,-0.01902650412099496,-0.000951325206049748,yes,yes,high
0xc721dECCD986D54B39e8c29428A1f06155c3671e,WBNB/USDC,2500,2000,15m,conservative,0.0,0.01902650412099496,0.0,-0.02092915453309446,-0.001046457726654723,yes,yes,high
0xc721dECCD986D54B39e8c29428A1f06155c3671e,WBNB/USDC,2500,20,30m,zero_il_lvr,0.0,0.01902650412099496,0.0,-0.01902650412099496,-0.0951325206049748,yes,yes,high
0xc721dECCD986D54B39e8c29428A1f06155c3671e,WBNB/USDC,2500,20,30m,optimistic,0.0,0.01902650412099496,0.0,-0.017123853708895465,-0.08561926854447732,yes,yes,high
0xc721dECCD986D54B39e8c29428A1f06155c3671e,WBNB/USDC,2500,20,30m,realistic,0.0,0.01902650412099496,0.0,-0.01902650412099496,-0.0951325206049748,yes,yes,high
0xc721dECCD986D54B39e8c29428A1f06155c3671e,WBNB/USDC,2500,20,30m,conservative,0.0,0.01902650412099496,0.0,-0.02092915453309446,-0.10464577266547229,yes,yes,high
0xc721dECCD986D54B39e8c29428A1f06155c3671e,WBNB/USDC,2500,100,30m,zero_il_lvr,0.0,0.01902650412099496,0.0,-0.01902650412099496,-0.01902650412099496,yes,yes,high
0xc721dECCD986D54B39e8c29428A1f06155c3671e,WBNB/USDC,2500,100,30m,optimistic,0.0,0.01902650412099496,0.0,-0.017123853708895465,-0.017123853708895465,yes,yes,high
0xc721dECCD986D54B39e8c29428A1f06155c3671e,WBNB/USDC,2500,100,30m,realistic,0.0,0.01902650412099496,0.0,-0.01902650412099496,-0.01902650412099496,yes,yes,high
0xc721dECCD986D54B39e8c29428A1f06155c3671e,WBNB/USDC,2500,100,30m,conservative,0.0,0.01902650412099496,0.0,-0.02092915453309446,-0.02092915453309446,yes,yes,high
0xc721dECCD986D54B39e8c29428A1f06155c3671e,WBNB/USDC,2500,500,30m,zero_il_lvr,0.0,0.01902650412099496,0.0,-0.01902650412099496,-0.003805300824198992,yes,yes,high
0xc721dECCD986D54B39e8c29428A1f06155c3671e,WBNB/USDC,2500,500,30m,optimistic,0.0,0.01902650412099496,0.0,-0.017123853708895465,-0.003424770741779093,yes,yes,high
0xc721dECCD986D54B39e8c29428A1f06155c3671e,WBNB/USDC,2500,500,30m,realistic,0.0,0.01902650412099496,0.0,-0.01902650412099496,-0.003805300824198992,yes,yes,high
0xc721dECCD986D54B39e8c29428A1f06155c3671e,WBNB/USDC,2500,500,30m,conservative,0.0,0.01902650412099496,0.0,-0.02092915453309446,-0.004185830906618892,yes,yes,high
0xc721dECCD986D54B39e8c29428A1f06155c3671e,WBNB/USDC,2500,1000,30m,zero_il_lvr,0.0,0.01902650412099496,0.0,-0.01902650412099496,-0.001902650412099496,yes,yes,high
0xc721dECCD986D54B39e8c29428A1f06155c3671e,WBNB/USDC,2500,1000,30m,optimistic,0.0,0.01902650412099496,0.0,-0.017123853708895465,-0.0017123853708895466,yes,yes,high
0xc721dECCD986D54B39e8c29428A1f06155c3671e,WBNB/USDC,2500,1000,30m,realistic,0.0,0.01902650412099496,0.0,-0.01902650412099496,-0.001902650412099496,yes,yes,high
0xc721dECCD986D54B39e8c29428A1f06155c3671e,WBNB/USDC,2500,1000,30m,conservative,0.0,0.01902650412099496,0.0,-0.02092915453309446,-0.002092915453309446,yes,yes,high
0xc721dECCD986D54B39e8c29428A1f06155c3671e,WBNB/USDC,2500,2000,30m,zero_il_lvr,0.0,0.01902650412099496,0.0,-0.01902650412099496,-0.000951325206049748,yes,yes,high
0xc721dECCD986D54B39e8c29428A1f06155c3671e,WBNB/USDC,2500,2000,30m,optimistic,0.0,0.01902650412099496,0.0,-0.017123853708895465,-0.0008561926854447733,yes,yes,high
0xc721dECCD986D54B39e8c29428A1f06155c3671e,WBNB/USDC,2500,2000,30m,realistic,0.0,0.01902650412099496,0.0,-0.01902650412099496,-0.000951325206049748,yes,yes,high
0xc721dECCD986D54B39e8c29428A1f06155c3671e,WBNB/USDC,2500,2000,30m,conservative,0.0,0.01902650412099496,0.0,-0.02092915453309446,-0.001046457726654723,yes,yes,high
0xc721dECCD986D54B39e8c29428A1f06155c3671e,WBNB/USDC,2500,20,1h,zero_il_lvr,0.0,0.01902650412099496,0.0008333333333333334,-0.01902650412099496,-0.0951325206049748,yes,yes,high
0xc721dECCD986D54B39e8c29428A1f06155c3671e,WBNB/USDC,2500,20,1h,optimistic,0.0,0.01902650412099496,0.0008333333333333334,-0.017123853708895465,-0.08561926854447732,yes,yes,high
0xc721dECCD986D54B39e8c29428A1f06155c3671e,WBNB/USDC,2500,20,1h,realistic,0.0,0.01902650412099496,0.0008333333333333334,-0.019859837454328292,-0.09929918727164147,yes,yes,high
0xc721dECCD986D54B39e8c29428A1f06155c3671e,WBNB/USDC,2500,20,1h,conservative,0.0,0.01902650412099496,0.0008333333333333334,-0.02176248786642779,-0.10881243933213895,yes,yes,high
0xc721dECCD986D54B39e8c29428A1f06155c3671e,WBNB/USDC,2500,100,1h,zero_il_lvr,0.0,0.01902650412099496,0.004166666666666667,-0.01902650412099496,-0.01902650412099496,yes,yes,high
0xc721dECCD986D54B39e8c29428A1f06155c3671e,WBNB/USDC,2500,100,1h,optimistic,0.0,0.01902650412099496,0.004166666666666667,-0.017123853708895465,-0.017123853708895465,yes,yes,high
0xc721dECCD986D54B39e8c29428A1f06155c3671e,WBNB/USDC,2500,100,1h,realistic,0.0,0.01902650412099496,0.004166666666666667,-0.023193170787661626,-0.023193170787661626,yes,yes,high
0xc721dECCD986D54B39e8c29428A1f06155c3671e,WBNB/USDC,2500,100,1h,conservative,0.0,0.01902650412099496,0.004166666666666667,-0.025095821199761125,-0.02509582119976113,yes,yes,high
0xc721dECCD986D54B39e8c29428A1f06155c3671e,WBNB/USDC,2500,500,1h,zero_il_lvr,0.0,0.01902650412099496,0.020833333333333332,-0.01902650412099496,-0.003805300824198992,yes,yes,high
0xc721dECCD986D54B39e8c29428A1f06155c3671e,WBNB/USDC,2500,500,1h,optimistic,0.0,0.01902650412099496,0.020833333333333332,-0.017123853708895465,-0.003424770741779093,yes,yes,high
0xc721dECCD986D54B39e8c29428A1f06155c3671e,WBNB/USDC,2500,500,1h,realistic,0.0,0.01902650412099496,0.020833333333333332,-0.03985983745432829,-0.007971967490865659,yes,yes,high
0xc721dECCD986D54B39e8c29428A1f06155c3671e,WBNB/USDC,2500,500,1h,conservative,0.0,0.01902650412099496,0.020833333333333332,-0.04176248786642779,-0.008352497573285558,yes,yes,high
0xc721dECCD986D54B39e8c29428A1f06155c3671e,WBNB/USDC,2500,1000,1h,zero_il_lvr,0.0,0.01902650412099496,0.041666666666666664,-0.01902650412099496,-0.001902650412099496,yes,yes,high
0xc721dECCD986D54B39e8c29428A1f06155c3671e,WBNB/USDC,2500,1000,1h,optimistic,0.0,0.01902650412099496,0.041666666666666664,-0.017123853708895465,-0.0017123853708895466,yes,yes,high
0xc721dECCD986D54B39e8c29428A1f06155c3671e,WBNB/USDC,2500,1000,1h,realistic,0.0,0.01902650412099496,0.041666666666666664,-0.06069317078766162,-0.006069317078766162,yes,yes,high
0xc721dECCD986D54B39e8c29428A1f06155c3671e,WBNB/USDC,2500,1000,1h,conservative,0.0,0.01902650412099496,0.041666666666666664,-0.06259582119976112,-0.006259582119976113,yes,yes,high
0xc721dECCD986D54B39e8c29428A1f06155c3671e,WBNB/USDC,2500,2000,1h,zero_il_lvr,0.0,0.01902650412099496,0.08333333333333333,-0.01902650412099496,-0.000951325206049748,yes,yes,high
0xc721dECCD986D54B39e8c29428A1f06155c3671e,WBNB/USDC,2500,2000,1h,optimistic,0.0,0.01902650412099496,0.08333333333333333,-0.017123853708895465,-0.0008561926854447733,yes,yes,high
0xc721dECCD986D54B39e8c29428A1f06155c3671e,WBNB/USDC,2500,2000,1h,realistic,0.0,0.01902650412099496,0.08333333333333333,-0.10235983745432829,-0.0051179918727164144,yes,yes,high
0xc721dECCD986D54B39e8c29428A1f06155c3671e,WBNB/USDC,2500,2000,1h,conservative,0.0,0.01902650412099496,0.08333333333333333,-0.10426248786642779,-0.00521312439332139,yes,yes,high
0xc721dECCD986D54B39e8c29428A1f06155c3671e,WBNB/USDC,2500,20,2h,zero_il_lvr,0.0,0.01902650412099496,0.0016666666666666668,-0.01902650412099496,-0.0951325206049748,yes,yes,high
0xc721dECCD986D54B39e8c29428A1f06155c3671e,WBNB/USDC,2500,20,2h,optimistic,0.0,0.01902650412099496,0.0016666666666666668,-0.017123853708895465,-0.08561926854447732,yes,yes,high
0xc721dECCD986D54B39e8c29428A1f06155c3671e,WBNB/USDC,2500,20,2h,realistic,0.0,0.01902650412099496,0.0016666666666666668,-0.020693170787661627,-0.10346585393830814,yes,yes,high
0xc721dECCD986D54B39e8c29428A1f06155c3671e,WBNB/USDC,2500,20,2h,conservative,0.0,0.01902650412099496,0.0016666666666666668,-0.022595821199761126,-0.11297910599880565,yes,yes,high
0xc721dECCD986D54B39e8c29428A1f06155c3671e,WBNB/USDC,2500,100,2h,zero_il_lvr,0.0,0.01902650412099496,0.008333333333333333,-0.01902650412099496,-0.01902650412099496,yes,yes,high
0xc721dECCD986D54B39e8c29428A1f06155c3671e,WBNB/USDC,2500,100,2h,optimistic,0.0,0.01902650412099496,0.008333333333333333,-0.017123853708895465,-0.017123853708895465,yes,yes,high
0xc721dECCD986D54B39e8c29428A1f06155c3671e,WBNB/USDC,2500,100,2h,realistic,0.0,0.01902650412099496,0.008333333333333333,-0.027359837454328295,-0.027359837454328295,yes,yes,high
0xc721dECCD986D54B39e8c29428A1f06155c3671e,WBNB/USDC,2500,100,2h,conservative,0.0,0.01902650412099496,0.008333333333333333,-0.029262487866427794,-0.029262487866427794,yes,yes,high
0xc721dECCD986D54B39e8c29428A1f06155c3671e,WBNB/USDC,2500,500,2h,zero_il_lvr,0.0,0.01902650412099496,0.041666666666666664,-0.01902650412099496,-0.003805300824198992,yes,yes,high
0xc721dECCD986D54B39e8c29428A1f06155c3671e,WBNB/USDC,2500,500,2h,optimistic,0.0,0.01902650412099496,0.041666666666666664,-0.017123853708895465,-0.003424770741779093,yes,yes,high
0xc721dECCD986D54B39e8c29428A1f06155c3671e,WBNB/USDC,2500,500,2h,realistic,0.0,0.01902650412099496,0.041666666666666664,-0.06069317078766162,-0.012138634157532325,yes,yes,high
0xc721dECCD986D54B39e8c29428A1f06155c3671e,WBNB/USDC,2500,500,2h,conservative,0.0,0.01902650412099496,0.041666666666666664,-0.06259582119976112,-0.012519164239952226,yes,yes,high
0xc721dECCD986D54B39e8c29428A1f06155c3671e,WBNB/USDC,2500,1000,2h,zero_il_lvr,0.0,0.01902650412099496,0.08333333333333333,-0.01902650412099496,-0.001902650412099496,yes,yes,high
0xc721dECCD986D54B39e8c29428A1f06155c3671e,WBNB/USDC,2500,1000,2h,optimistic,0.0,0.01902650412099496,0.08333333333333333,-0.017123853708895465,-0.0017123853708895466,yes,yes,high
0xc721dECCD986D54B39e8c29428A1f06155c3671e,WBNB/USDC,2500,1000,2h,realistic,0.0,0.01902650412099496,0.08333333333333333,-0.10235983745432829,-0.010235983745432829,yes,yes,high
0xc721dECCD986D54B39e8c29428A1f06155c3671e,WBNB/USDC,2500,1000,2h,conservative,0.0,0.01902650412099496,0.08333333333333333,-0.10426248786642779,-0.01042624878664278,yes,yes,high
0xc721dECCD986D54B39e8c29428A1f06155c3671e,WBNB/USDC,2500,2000,2h,zero_il_lvr,0.0,0.01902650412099496,0.16666666666666666,-0.01902650412099496,-0.000951325206049748,yes,yes,high
0xc721dECCD986D54B39e8c29428A1f06155c3671e,WBNB/USDC,2500,2000,2h,optimistic,0.0,0.01902650412099496,0.16666666666666666,-0.017123853708895465,-0.0008561926854447733,yes,yes,high
0xc721dECCD986D54B39e8c29428A1f06155c3671e,WBNB/USDC,2500,2000,2h,realistic,0.0,0.01902650412099496,0.16666666666666666,-0.18569317078766162,-0.009284658539383081,yes,yes,high
0xc721dECCD986D54B39e8c29428A1f06155c3671e,WBNB/USDC,2500,2000,2h,conservative,0.0,0.01902650412099496,0.16666666666666666,-0.18759582119976112,-0.009379791059988056,yes,yes,high
0xc721dECCD986D54B39e8c29428A1f06155c3671e,WBNB/USDC,2500,20,6h,zero_il_lvr,0.0,0.01902650412099496,0.005,-0.01902650412099496,-0.0951325206049748,yes,yes,high
0xc721dECCD986D54B39e8c29428A1f06155c3671e,WBNB/USDC,2500,20,6h,optimistic,0.0,0.01902650412099496,0.005,-0.017123853708895465,-0.08561926854447732,yes,yes,high
0xc721dECCD986D54B39e8c29428A1f06155c3671e,WBNB/USDC,2500,20,6h,realistic,0.0,0.01902650412099496,0.005,-0.02402650412099496,-0.12013252060497481,yes,yes,high
0xc721dECCD986D54B39e8c29428A1f06155c3671e,WBNB/USDC,2500,20,6h,conservative,0.0,0.01902650412099496,0.005,-0.02592915453309446,-0.12964577266547228,yes,yes,high
0xc721dECCD986D54B39e8c29428A1f06155c3671e,WBNB/USDC,2500,100,6h,zero_il_lvr,0.0,0.01902650412099496,0.025000000000000005,-0.01902650412099496,-0.01902650412099496,yes,yes,high
0xc721dECCD986D54B39e8c29428A1f06155c3671e,WBNB/USDC,2500,100,6h,optimistic,0.0,0.01902650412099496,0.025000000000000005,-0.017123853708895465,-0.017123853708895465,yes,yes,high
0xc721dECCD986D54B39e8c29428A1f06155c3671e,WBNB/USDC,2500,100,6h,realistic,0.0,0.01902650412099496,0.025000000000000005,-0.044026504120994965,-0.044026504120994965,yes,yes,high
0xc721dECCD986D54B39e8c29428A1f06155c3671e,WBNB/USDC,2500,100,6h,conservative,0.0,0.01902650412099496,0.025000000000000005,-0.045929154533094464,-0.045929154533094464,yes,yes,high
0xc721dECCD986D54B39e8c29428A1f06155c3671e,WBNB/USDC,2500,500,6h,zero_il_lvr,0.0,0.01902650412099496,0.125,-0.01902650412099496,-0.003805300824198992,yes,yes,high
0xc721dECCD986D54B39e8c29428A1f06155c3671e,WBNB/USDC,2500,500,6h,optimistic,0.0,0.01902650412099496,0.125,-0.017123853708895465,-0.003424770741779093,yes,yes,high
0xc721dECCD986D54B39e8c29428A1f06155c3671e,WBNB/USDC,2500,500,6h,realistic,0.0,0.01902650412099496,0.125,-0.14402650412099496,-0.028805300824198993,yes,yes,high
0xc721dECCD986D54B39e8c29428A1f06155c3671e,WBNB/USDC,2500,500,6h,conservative,0.0,0.01902650412099496,0.125,-0.14592915453309446,-0.02918583090661889,yes,yes,high
0xc721dECCD986D54B39e8c29428A1f06155c3671e,WBNB/USDC,2500,1000,6h,zero_il_lvr,0.0,0.01902650412099496,0.25,-0.01902650412099496,-0.001902650412099496,yes,yes,high
0xc721dECCD986D54B39e8c29428A1f06155c3671e,WBNB/USDC,2500,1000,6h,optimistic,0.0,0.01902650412099496,0.25,-0.017123853708895465,-0.0017123853708895466,yes,yes,high
0xc721dECCD986D54B39e8c29428A1f06155c3671e,WBNB/USDC,2500,1000,6h,realistic,0.0,0.01902650412099496,0.25,-0.26902650412099494,-0.026902650412099497,yes,yes,high
0xc721dECCD986D54B39e8c29428A1f06155c3671e,WBNB/USDC,2500,1000,6h,conservative,0.0,0.01902650412099496,0.25,-0.27092915453309446,-0.027092915453309448,yes,yes,high
0xc721dECCD986D54B39e8c29428A1f06155c3671e,WBNB/USDC,2500,2000,6h,zero_il_lvr,0.0,0.01902650412099496,0.5,-0.01902650412099496,-0.000951325206049748,yes,yes,high
0xc721dECCD986D54B39e8c29428A1f06155c3671e,WBNB/USDC,2500,2000,6h,optimistic,0.0,0.01902650412099496,0.5,-0.017123853708895465,-0.0008561926854447733,yes,yes,high
0xc721dECCD986D54B39e8c29428A1f06155c3671e,WBNB/USDC,2500,2000,6h,realistic,0.0,0.01902650412099496,0.5,-0.5190265041209949,-0.025951325206049747,yes,yes,high
0xc721dECCD986D54B39e8c29428A1f06155c3671e,WBNB/USDC,2500,2000,6h,conservative,0.0,0.01902650412099496,0.5,-0.5209291545330944,-0.026046457726654718,yes,yes,high
0xc721dECCD986D54B39e8c29428A1f06155c3671e,WBNB/USDC,2500,20,24h,zero_il_lvr,0.0,0.01902650412099496,0.02,-0.01902650412099496,-0.0951325206049748,yes,yes,high
0xc721dECCD986D54B39e8c29428A1f06155c3671e,WBNB/USDC,2500,20,24h,optimistic,0.0,0.01902650412099496,0.02,-0.017123853708895465,-0.08561926854447732,yes,yes,high
0xc721dECCD986D54B39e8c29428A1f06155c3671e,WBNB/USDC,2500,20,24h,realistic,0.0,0.01902650412099496,0.02,-0.03902650412099496,-0.1951325206049748,yes,yes,high
0xc721dECCD986D54B39e8c29428A1f06155c3671e,WBNB/USDC,2500,20,24h,conservative,0.0,0.01902650412099496,0.02,-0.04092915453309446,-0.20464577266547232,yes,yes,high
0xc721dECCD986D54B39e8c29428A1f06155c3671e,WBNB/USDC,2500,100,24h,zero_il_lvr,0.0,0.01902650412099496,0.10000000000000002,-0.01902650412099496,-0.01902650412099496,yes,yes,high
0xc721dECCD986D54B39e8c29428A1f06155c3671e,WBNB/USDC,2500,100,24h,optimistic,0.0,0.01902650412099496,0.10000000000000002,-0.017123853708895465,-0.017123853708895465,yes,yes,high
0xc721dECCD986D54B39e8c29428A1f06155c3671e,WBNB/USDC,2500,100,24h,realistic,0.0,0.01902650412099496,0.10000000000000002,-0.11902650412099498,-0.11902650412099497,yes,yes,high
0xc721dECCD986D54B39e8c29428A1f06155c3671e,WBNB/USDC,2500,100,24h,conservative,0.0,0.01902650412099496,0.10000000000000002,-0.12092915453309448,-0.12092915453309448,yes,yes,high
0xc721dECCD986D54B39e8c29428A1f06155c3671e,WBNB/USDC,2500,500,24h,zero_il_lvr,0.0,0.01902650412099496,0.5,-0.01902650412099496,-0.003805300824198992,yes,yes,high
0xc721dECCD986D54B39e8c29428A1f06155c3671e,WBNB/USDC,2500,500,24h,optimistic,0.0,0.01902650412099496,0.5,-0.017123853708895465,-0.003424770741779093,yes,yes,high
0xc721dECCD986D54B39e8c29428A1f06155c3671e,WBNB/USDC,2500,500,24h,realistic,0.0,0.01902650412099496,0.5,-0.5190265041209949,-0.10380530082419899,yes,yes,high
0xc721dECCD986D54B39e8c29428A1f06155c3671e,WBNB/USDC,2500,500,24h,conservative,0.0,0.01902650412099496,0.5,-0.5209291545330944,-0.10418583090661887,yes,yes,high
0xc721dECCD986D54B39e8c29428A1f06155c3671e,WBNB/USDC,2500,1000,24h,zero_il_lvr,0.0,0.01902650412099496,1.0,-0.01902650412099496,-0.001902650412099496,yes,yes,high
0xc721dECCD986D54B39e8c29428A1f06155c3671e,WBNB/USDC,2500,1000,24h,optimistic,0.0,0.01902650412099496,1.0,-0.017123853708895465,-0.0017123853708895466,yes,yes,high
0xc721dECCD986D54B39e8c29428A1f06155c3671e,WBNB/USDC,2500,1000,24h,realistic,0.0,0.01902650412099496,1.0,-1.019026504120995,-0.10190265041209949,yes,yes,high
0xc721dECCD986D54B39e8c29428A1f06155c3671e,WBNB/USDC,2500,1000,24h,conservative,0.0,0.01902650412099496,1.0,-1.0209291545330945,-0.10209291545330945,yes,yes,high
0xc721dECCD986D54B39e8c29428A1f06155c3671e,WBNB/USDC,2500,2000,24h,zero_il_lvr,0.0,0.01902650412099496,2.0,-0.01902650412099496,-0.000951325206049748,yes,yes,high
0xc721dECCD986D54B39e8c29428A1f06155c3671e,WBNB/USDC,2500,2000,24h,optimistic,0.0,0.01902650412099496,2.0,-0.017123853708895465,-0.0008561926854447733,yes,yes,high
0xc721dECCD986D54B39e8c29428A1f06155c3671e,WBNB/USDC,2500,2000,24h,realistic,0.0,0.01902650412099496,2.0,-2.019026504120995,-0.10095132520604976,yes,yes,high
0xc721dECCD986D54B39e8c29428A1f06155c3671e,WBNB/USDC,2500,2000,24h,conservative,0.0,0.01902650412099496,2.0,-2.0209291545330945,-0.10104645772665473,yes,yes,high
0x18C5aFFA481e7EDbF37405AdE553827d6387899f,WBNB/USDC,10000,20,15m,zero_il_lvr,0.0,0.01902650410964378,0.0,-0.01902650410964378,-0.0951325205482189,yes,yes,high
0x18C5aFFA481e7EDbF37405AdE553827d6387899f,WBNB/USDC,10000,20,15m,optimistic,0.0,0.01902650410964378,0.0,-0.017123853698679404,-0.08561926849339702,yes,yes,high
0x18C5aFFA481e7EDbF37405AdE553827d6387899f,WBNB/USDC,10000,20,15m,realistic,0.0,0.01902650410964378,0.0,-0.01902650410964378,-0.0951325205482189,yes,yes,high
0x18C5aFFA481e7EDbF37405AdE553827d6387899f,WBNB/USDC,10000,20,15m,conservative,0.0,0.01902650410964378,0.0,-0.02092915452060816,-0.10464577260304078,yes,yes,high
0x18C5aFFA481e7EDbF37405AdE553827d6387899f,WBNB/USDC,10000,100,15m,zero_il_lvr,0.0,0.01902650410964378,0.0,-0.01902650410964378,-0.01902650410964378,yes,yes,high
0x18C5aFFA481e7EDbF37405AdE553827d6387899f,WBNB/USDC,10000,100,15m,optimistic,0.0,0.01902650410964378,0.0,-0.017123853698679404,-0.017123853698679404,yes,yes,high
0x18C5aFFA481e7EDbF37405AdE553827d6387899f,WBNB/USDC,10000,100,15m,realistic,0.0,0.01902650410964378,0.0,-0.01902650410964378,-0.01902650410964378,yes,yes,high
0x18C5aFFA481e7EDbF37405AdE553827d6387899f,WBNB/USDC,10000,100,15m,conservative,0.0,0.01902650410964378,0.0,-0.02092915452060816,-0.02092915452060816,yes,yes,high
0x18C5aFFA481e7EDbF37405AdE553827d6387899f,WBNB/USDC,10000,500,15m,zero_il_lvr,0.0,0.01902650410964378,0.0,-0.01902650410964378,-0.0038053008219287557,yes,yes,high
0x18C5aFFA481e7EDbF37405AdE553827d6387899f,WBNB/USDC,10000,500,15m,optimistic,0.0,0.01902650410964378,0.0,-0.017123853698679404,-0.0034247707397358808,yes,yes,high
0x18C5aFFA481e7EDbF37405AdE553827d6387899f,WBNB/USDC,10000,500,15m,realistic,0.0,0.01902650410964378,0.0,-0.01902650410964378,-0.0038053008219287557,yes,yes,high
0x18C5aFFA481e7EDbF37405AdE553827d6387899f,WBNB/USDC,10000,500,15m,conservative,0.0,0.01902650410964378,0.0,-0.02092915452060816,-0.004185830904121632,yes,yes,high
0x18C5aFFA481e7EDbF37405AdE553827d6387899f,WBNB/USDC,10000,1000,15m,zero_il_lvr,0.0,0.01902650410964378,0.0,-0.01902650410964378,-0.0019026504109643779,yes,yes,high
0x18C5aFFA481e7EDbF37405AdE553827d6387899f,WBNB/USDC,10000,1000,15m,optimistic,0.0,0.01902650410964378,0.0,-0.017123853698679404,-0.0017123853698679404,yes,yes,high
0x18C5aFFA481e7EDbF37405AdE553827d6387899f,WBNB/USDC,10000,1000,15m,realistic,0.0,0.01902650410964378,0.0,-0.01902650410964378,-0.0019026504109643779,yes,yes,high
0x18C5aFFA481e7EDbF37405AdE553827d6387899f,WBNB/USDC,10000,1000,15m,conservative,0.0,0.01902650410964378,0.0,-0.02092915452060816,-0.002092915452060816,yes,yes,high
0x18C5aFFA481e7EDbF37405AdE553827d6387899f,WBNB/USDC,10000,2000,15m,zero_il_lvr,0.0,0.01902650410964378,0.0,-0.01902650410964378,-0.0009513252054821889,yes,yes,high
0x18C5aFFA481e7EDbF37405AdE553827d6387899f,WBNB/USDC,10000,2000,15m,optimistic,0.0,0.01902650410964378,0.0,-0.017123853698679404,-0.0008561926849339702,yes,yes,high
0x18C5aFFA481e7EDbF37405AdE553827d6387899f,WBNB/USDC,10000,2000,15m,realistic,0.0,0.01902650410964378,0.0,-0.01902650410964378,-0.0009513252054821889,yes,yes,high
0x18C5aFFA481e7EDbF37405AdE553827d6387899f,WBNB/USDC,10000,2000,15m,conservative,0.0,0.01902650410964378,0.0,-0.02092915452060816,-0.001046457726030408,yes,yes,high
0x18C5aFFA481e7EDbF37405AdE553827d6387899f,WBNB/USDC,10000,20,30m,zero_il_lvr,0.0,0.01902650410964378,0.0,-0.01902650410964378,-0.0951325205482189,yes,yes,high
0x18C5aFFA481e7EDbF37405AdE553827d6387899f,WBNB/USDC,10000,20,30m,optimistic,0.0,0.01902650410964378,0.0,-0.017123853698679404,-0.08561926849339702,yes,yes,high
0x18C5aFFA481e7EDbF37405AdE553827d6387899f,WBNB/USDC,10000,20,30m,realistic,0.0,0.01902650410964378,0.0,-0.01902650410964378,-0.0951325205482189,yes,yes,high
0x18C5aFFA481e7EDbF37405AdE553827d6387899f,WBNB/USDC,10000,20,30m,conservative,0.0,0.01902650410964378,0.0,-0.02092915452060816,-0.10464577260304078,yes,yes,high
0x18C5aFFA481e7EDbF37405AdE553827d6387899f,WBNB/USDC,10000,100,30m,zero_il_lvr,0.0,0.01902650410964378,0.0,-0.01902650410964378,-0.01902650410964378,yes,yes,high
0x18C5aFFA481e7EDbF37405AdE553827d6387899f,WBNB/USDC,10000,100,30m,optimistic,0.0,0.01902650410964378,0.0,-0.017123853698679404,-0.017123853698679404,yes,yes,high
0x18C5aFFA481e7EDbF37405AdE553827d6387899f,WBNB/USDC,10000,100,30m,realistic,0.0,0.01902650410964378,0.0,-0.01902650410964378,-0.01902650410964378,yes,yes,high
0x18C5aFFA481e7EDbF37405AdE553827d6387899f,WBNB/USDC,10000,100,30m,conservative,0.0,0.01902650410964378,0.0,-0.02092915452060816,-0.02092915452060816,yes,yes,high
0x18C5aFFA481e7EDbF37405AdE553827d6387899f,WBNB/USDC,10000,500,30m,zero_il_lvr,0.0,0.01902650410964378,0.0,-0.01902650410964378,-0.0038053008219287557,yes,yes,high
0x18C5aFFA481e7EDbF37405AdE553827d6387899f,WBNB/USDC,10000,500,30m,optimistic,0.0,0.01902650410964378,0.0,-0.017123853698679404,-0.0034247707397358808,yes,yes,high
0x18C5aFFA481e7EDbF37405AdE553827d6387899f,WBNB/USDC,10000,500,30m,realistic,0.0,0.01902650410964378,0.0,-0.01902650410964378,-0.0038053008219287557,yes,yes,high
0x18C5aFFA481e7EDbF37405AdE553827d6387899f,WBNB/USDC,10000,500,30m,conservative,0.0,0.01902650410964378,0.0,-0.02092915452060816,-0.004185830904121632,yes,yes,high
0x18C5aFFA481e7EDbF37405AdE553827d6387899f,WBNB/USDC,10000,1000,30m,zero_il_lvr,0.0,0.01902650410964378,0.0,-0.01902650410964378,-0.0019026504109643779,yes,yes,high
0x18C5aFFA481e7EDbF37405AdE553827d6387899f,WBNB/USDC,10000,1000,30m,optimistic,0.0,0.01902650410964378,0.0,-0.017123853698679404,-0.0017123853698679404,yes,yes,high
0x18C5aFFA481e7EDbF37405AdE553827d6387899f,WBNB/USDC,10000,1000,30m,realistic,0.0,0.01902650410964378,0.0,-0.01902650410964378,-0.0019026504109643779,yes,yes,high
0x18C5aFFA481e7EDbF37405AdE553827d6387899f,WBNB/USDC,10000,1000,30m,conservative,0.0,0.01902650410964378,0.0,-0.02092915452060816,-0.002092915452060816,yes,yes,high
0x18C5aFFA481e7EDbF37405AdE553827d6387899f,WBNB/USDC,10000,2000,30m,zero_il_lvr,0.0,0.01902650410964378,0.0,-0.01902650410964378,-0.0009513252054821889,yes,yes,high
0x18C5aFFA481e7EDbF37405AdE553827d6387899f,WBNB/USDC,10000,2000,30m,optimistic,0.0,0.01902650410964378,0.0,-0.017123853698679404,-0.0008561926849339702,yes,yes,high
0x18C5aFFA481e7EDbF37405AdE553827d6387899f,WBNB/USDC,10000,2000,30m,realistic,0.0,0.01902650410964378,0.0,-0.01902650410964378,-0.0009513252054821889,yes,yes,high
0x18C5aFFA481e7EDbF37405AdE553827d6387899f,WBNB/USDC,10000,2000,30m,conservative,0.0,0.01902650410964378,0.0,-0.02092915452060816,-0.001046457726030408,yes,yes,high
0x18C5aFFA481e7EDbF37405AdE553827d6387899f,WBNB/USDC,10000,20,1h,zero_il_lvr,0.0,0.01902650410964378,0.0008333333333333334,-0.01902650410964378,-0.0951325205482189,yes,yes,high
0x18C5aFFA481e7EDbF37405AdE553827d6387899f,WBNB/USDC,10000,20,1h,optimistic,0.0,0.01902650410964378,0.0008333333333333334,-0.017123853698679404,-0.08561926849339702,yes,yes,high
0x18C5aFFA481e7EDbF37405AdE553827d6387899f,WBNB/USDC,10000,20,1h,realistic,0.0,0.01902650410964378,0.0008333333333333334,-0.01985983744297711,-0.09929918721488556,yes,yes,high
0x18C5aFFA481e7EDbF37405AdE553827d6387899f,WBNB/USDC,10000,20,1h,conservative,0.0,0.01902650410964378,0.0008333333333333334,-0.02176248785394149,-0.10881243926970745,yes,yes,high
0x18C5aFFA481e7EDbF37405AdE553827d6387899f,WBNB/USDC,10000,100,1h,zero_il_lvr,0.0,0.01902650410964378,0.004166666666666667,-0.01902650410964378,-0.01902650410964378,yes,yes,high
0x18C5aFFA481e7EDbF37405AdE553827d6387899f,WBNB/USDC,10000,100,1h,optimistic,0.0,0.01902650410964378,0.004166666666666667,-0.017123853698679404,-0.017123853698679404,yes,yes,high
0x18C5aFFA481e7EDbF37405AdE553827d6387899f,WBNB/USDC,10000,100,1h,realistic,0.0,0.01902650410964378,0.004166666666666667,-0.023193170776310446,-0.023193170776310446,yes,yes,high
0x18C5aFFA481e7EDbF37405AdE553827d6387899f,WBNB/USDC,10000,100,1h,conservative,0.0,0.01902650410964378,0.004166666666666667,-0.025095821187274825,-0.025095821187274825,yes,yes,high
0x18C5aFFA481e7EDbF37405AdE553827d6387899f,WBNB/USDC,10000,500,1h,zero_il_lvr,0.0,0.01902650410964378,0.020833333333333332,-0.01902650410964378,-0.0038053008219287557,yes,yes,high
0x18C5aFFA481e7EDbF37405AdE553827d6387899f,WBNB/USDC,10000,500,1h,optimistic,0.0,0.01902650410964378,0.020833333333333332,-0.017123853698679404,-0.0034247707397358808,yes,yes,high
0x18C5aFFA481e7EDbF37405AdE553827d6387899f,WBNB/USDC,10000,500,1h,realistic,0.0,0.01902650410964378,0.020833333333333332,-0.03985983744297711,-0.007971967488595423,yes,yes,high
0x18C5aFFA481e7EDbF37405AdE553827d6387899f,WBNB/USDC,10000,500,1h,conservative,0.0,0.01902650410964378,0.020833333333333332,-0.04176248785394149,-0.008352497570788297,yes,yes,high
0x18C5aFFA481e7EDbF37405AdE553827d6387899f,WBNB/USDC,10000,1000,1h,zero_il_lvr,0.0,0.01902650410964378,0.041666666666666664,-0.01902650410964378,-0.0019026504109643779,yes,yes,high
0x18C5aFFA481e7EDbF37405AdE553827d6387899f,WBNB/USDC,10000,1000,1h,optimistic,0.0,0.01902650410964378,0.041666666666666664,-0.017123853698679404,-0.0017123853698679404,yes,yes,high
0x18C5aFFA481e7EDbF37405AdE553827d6387899f,WBNB/USDC,10000,1000,1h,realistic,0.0,0.01902650410964378,0.041666666666666664,-0.060693170776310444,-0.006069317077631044,yes,yes,high
0x18C5aFFA481e7EDbF37405AdE553827d6387899f,WBNB/USDC,10000,1000,1h,conservative,0.0,0.01902650410964378,0.041666666666666664,-0.06259582118727483,-0.006259582118727483,yes,yes,high
0x18C5aFFA481e7EDbF37405AdE553827d6387899f,WBNB/USDC,10000,2000,1h,zero_il_lvr,0.0,0.01902650410964378,0.08333333333333333,-0.01902650410964378,-0.0009513252054821889,yes,yes,high
0x18C5aFFA481e7EDbF37405AdE553827d6387899f,WBNB/USDC,10000,2000,1h,optimistic,0.0,0.01902650410964378,0.08333333333333333,-0.017123853698679404,-0.0008561926849339702,yes,yes,high
0x18C5aFFA481e7EDbF37405AdE553827d6387899f,WBNB/USDC,10000,2000,1h,realistic,0.0,0.01902650410964378,0.08333333333333333,-0.10235983744297711,-0.005117991872148855,yes,yes,high
0x18C5aFFA481e7EDbF37405AdE553827d6387899f,WBNB/USDC,10000,2000,1h,conservative,0.0,0.01902650410964378,0.08333333333333333,-0.10426248785394149,-0.005213124392697074,yes,yes,high
0x18C5aFFA481e7EDbF37405AdE553827d6387899f,WBNB/USDC,10000,20,2h,zero_il_lvr,0.0,0.01902650410964378,0.0016666666666666668,-0.01902650410964378,-0.0951325205482189,yes,yes,high
0x18C5aFFA481e7EDbF37405AdE553827d6387899f,WBNB/USDC,10000,20,2h,optimistic,0.0,0.01902650410964378,0.0016666666666666668,-0.017123853698679404,-0.08561926849339702,yes,yes,high
0x18C5aFFA481e7EDbF37405AdE553827d6387899f,WBNB/USDC,10000,20,2h,realistic,0.0,0.01902650410964378,0.0016666666666666668,-0.020693170776310447,-0.10346585388155223,yes,yes,high
0x18C5aFFA481e7EDbF37405AdE553827d6387899f,WBNB/USDC,10000,20,2h,conservative,0.0,0.01902650410964378,0.0016666666666666668,-0.022595821187274826,-0.11297910593637414,yes,yes,high
0x18C5aFFA481e7EDbF37405AdE553827d6387899f,WBNB/USDC,10000,100,2h,zero_il_lvr,0.0,0.01902650410964378,0.008333333333333333,-0.01902650410964378,-0.01902650410964378,yes,yes,high
0x18C5aFFA481e7EDbF37405AdE553827d6387899f,WBNB/USDC,10000,100,2h,optimistic,0.0,0.01902650410964378,0.008333333333333333,-0.017123853698679404,-0.017123853698679404,yes,yes,high
0x18C5aFFA481e7EDbF37405AdE553827d6387899f,WBNB/USDC,10000,100,2h,realistic,0.0,0.01902650410964378,0.008333333333333333,-0.02735983744297711,-0.02735983744297711,yes,yes,high
0x18C5aFFA481e7EDbF37405AdE553827d6387899f,WBNB/USDC,10000,100,2h,conservative,0.0,0.01902650410964378,0.008333333333333333,-0.02926248785394149,-0.02926248785394149,yes,yes,high
0x18C5aFFA481e7EDbF37405AdE553827d6387899f,WBNB/USDC,10000,500,2h,zero_il_lvr,0.0,0.01902650410964378,0.041666666666666664,-0.01902650410964378,-0.0038053008219287557,yes,yes,high
0x18C5aFFA481e7EDbF37405AdE553827d6387899f,WBNB/USDC,10000,500,2h,optimistic,0.0,0.01902650410964378,0.041666666666666664,-0.017123853698679404,-0.0034247707397358808,yes,yes,high
0x18C5aFFA481e7EDbF37405AdE553827d6387899f,WBNB/USDC,10000,500,2h,realistic,0.0,0.01902650410964378,0.041666666666666664,-0.060693170776310444,-0.012138634155262088,yes,yes,high
0x18C5aFFA481e7EDbF37405AdE553827d6387899f,WBNB/USDC,10000,500,2h,conservative,0.0,0.01902650410964378,0.041666666666666664,-0.06259582118727483,-0.012519164237454966,yes,yes,high
0x18C5aFFA481e7EDbF37405AdE553827d6387899f,WBNB/USDC,10000,1000,2h,zero_il_lvr,0.0,0.01902650410964378,0.08333333333333333,-0.01902650410964378,-0.0019026504109643779,yes,yes,high
0x18C5aFFA481e7EDbF37405AdE553827d6387899f,WBNB/USDC,10000,1000,2h,optimistic,0.0,0.01902650410964378,0.08333333333333333,-0.017123853698679404,-0.0017123853698679404,yes,yes,high
0x18C5aFFA481e7EDbF37405AdE553827d6387899f,WBNB/USDC,10000,1000,2h,realistic,0.0,0.01902650410964378,0.08333333333333333,-0.10235983744297711,-0.01023598374429771,yes,yes,high
0x18C5aFFA481e7EDbF37405AdE553827d6387899f,WBNB/USDC,10000,1000,2h,conservative,0.0,0.01902650410964378,0.08333333333333333,-0.10426248785394149,-0.010426248785394148,yes,yes,high
0x18C5aFFA481e7EDbF37405AdE553827d6387899f,WBNB/USDC,10000,2000,2h,zero_il_lvr,0.0,0.01902650410964378,0.16666666666666666,-0.01902650410964378,-0.0009513252054821889,yes,yes,high
0x18C5aFFA481e7EDbF37405AdE553827d6387899f,WBNB/USDC,10000,2000,2h,optimistic,0.0,0.01902650410964378,0.16666666666666666,-0.017123853698679404,-0.0008561926849339702,yes,yes,high
0x18C5aFFA481e7EDbF37405AdE553827d6387899f,WBNB/USDC,10000,2000,2h,realistic,0.0,0.01902650410964378,0.16666666666666666,-0.18569317077631042,-0.009284658538815521,yes,yes,high
0x18C5aFFA481e7EDbF37405AdE553827d6387899f,WBNB/USDC,10000,2000,2h,conservative,0.0,0.01902650410964378,0.16666666666666666,-0.1875958211872748,-0.00937979105936374,yes,yes,high
0x18C5aFFA481e7EDbF37405AdE553827d6387899f,WBNB/USDC,10000,20,6h,zero_il_lvr,0.0,0.01902650410964378,0.005,-0.01902650410964378,-0.0951325205482189,yes,yes,high
0x18C5aFFA481e7EDbF37405AdE553827d6387899f,WBNB/USDC,10000,20,6h,optimistic,0.0,0.01902650410964378,0.005,-0.017123853698679404,-0.08561926849339702,yes,yes,high
0x18C5aFFA481e7EDbF37405AdE553827d6387899f,WBNB/USDC,10000,20,6h,realistic,0.0,0.01902650410964378,0.005,-0.02402650410964378,-0.12013252054821891,yes,yes,high
0x18C5aFFA481e7EDbF37405AdE553827d6387899f,WBNB/USDC,10000,20,6h,conservative,0.0,0.01902650410964378,0.005,-0.02592915452060816,-0.1296457726030408,yes,yes,high
0x18C5aFFA481e7EDbF37405AdE553827d6387899f,WBNB/USDC,10000,100,6h,zero_il_lvr,0.0,0.01902650410964378,0.025000000000000005,-0.01902650410964378,-0.01902650410964378,yes,yes,high
0x18C5aFFA481e7EDbF37405AdE553827d6387899f,WBNB/USDC,10000,100,6h,optimistic,0.0,0.01902650410964378,0.025000000000000005,-0.017123853698679404,-0.017123853698679404,yes,yes,high
0x18C5aFFA481e7EDbF37405AdE553827d6387899f,WBNB/USDC,10000,100,6h,realistic,0.0,0.01902650410964378,0.025000000000000005,-0.04402650410964379,-0.04402650410964379,yes,yes,high
0x18C5aFFA481e7EDbF37405AdE553827d6387899f,WBNB/USDC,10000,100,6h,conservative,0.0,0.01902650410964378,0.025000000000000005,-0.04592915452060817,-0.04592915452060817,yes,yes,high
0x18C5aFFA481e7EDbF37405AdE553827d6387899f,WBNB/USDC,10000,500,6h,zero_il_lvr,0.0,0.01902650410964378,0.125,-0.01902650410964378,-0.0038053008219287557,yes,yes,high
0x18C5aFFA481e7EDbF37405AdE553827d6387899f,WBNB/USDC,10000,500,6h,optimistic,0.0,0.01902650410964378,0.125,-0.017123853698679404,-0.0034247707397358808,yes,yes,high
0x18C5aFFA481e7EDbF37405AdE553827d6387899f,WBNB/USDC,10000,500,6h,realistic,0.0,0.01902650410964378,0.125,-0.1440265041096438,-0.02880530082192876,yes,yes,high
0x18C5aFFA481e7EDbF37405AdE553827d6387899f,WBNB/USDC,10000,500,6h,conservative,0.0,0.01902650410964378,0.125,-0.14592915452060817,-0.02918583090412163,yes,yes,high
0x18C5aFFA481e7EDbF37405AdE553827d6387899f,WBNB/USDC,10000,1000,6h,zero_il_lvr,0.0,0.01902650410964378,0.25,-0.01902650410964378,-0.0019026504109643779,yes,yes,high
0x18C5aFFA481e7EDbF37405AdE553827d6387899f,WBNB/USDC,10000,1000,6h,optimistic,0.0,0.01902650410964378,0.25,-0.017123853698679404,-0.0017123853698679404,yes,yes,high
0x18C5aFFA481e7EDbF37405AdE553827d6387899f,WBNB/USDC,10000,1000,6h,realistic,0.0,0.01902650410964378,0.25,-0.2690265041096438,-0.02690265041096438,yes,yes,high
0x18C5aFFA481e7EDbF37405AdE553827d6387899f,WBNB/USDC,10000,1000,6h,conservative,0.0,0.01902650410964378,0.25,-0.2709291545206082,-0.027092915452060815,yes,yes,high
0x18C5aFFA481e7EDbF37405AdE553827d6387899f,WBNB/USDC,10000,2000,6h,zero_il_lvr,0.0,0.01902650410964378,0.5,-0.01902650410964378,-0.0009513252054821889,yes,yes,high
0x18C5aFFA481e7EDbF37405AdE553827d6387899f,WBNB/USDC,10000,2000,6h,optimistic,0.0,0.01902650410964378,0.5,-0.017123853698679404,-0.0008561926849339702,yes,yes,high
0x18C5aFFA481e7EDbF37405AdE553827d6387899f,WBNB/USDC,10000,2000,6h,realistic,0.0,0.01902650410964378,0.5,-0.5190265041096438,-0.02595132520548219,yes,yes,high
0x18C5aFFA481e7EDbF37405AdE553827d6387899f,WBNB/USDC,10000,2000,6h,conservative,0.0,0.01902650410964378,0.5,-0.5209291545206082,-0.026046457726030408,yes,yes,high
0x18C5aFFA481e7EDbF37405AdE553827d6387899f,WBNB/USDC,10000,20,24h,zero_il_lvr,0.0,0.01902650410964378,0.02,-0.01902650410964378,-0.0951325205482189,yes,yes,high
0x18C5aFFA481e7EDbF37405AdE553827d6387899f,WBNB/USDC,10000,20,24h,optimistic,0.0,0.01902650410964378,0.02,-0.017123853698679404,-0.08561926849339702,yes,yes,high
0x18C5aFFA481e7EDbF37405AdE553827d6387899f,WBNB/USDC,10000,20,24h,realistic,0.0,0.01902650410964378,0.02,-0.039026504109643784,-0.19513252054821892,yes,yes,high
0x18C5aFFA481e7EDbF37405AdE553827d6387899f,WBNB/USDC,10000,20,24h,conservative,0.0,0.01902650410964378,0.02,-0.04092915452060816,-0.20464577260304084,yes,yes,high
0x18C5aFFA481e7EDbF37405AdE553827d6387899f,WBNB/USDC,10000,100,24h,zero_il_lvr,0.0,0.01902650410964378,0.10000000000000002,-0.01902650410964378,-0.01902650410964378,yes,yes,high
0x18C5aFFA481e7EDbF37405AdE553827d6387899f,WBNB/USDC,10000,100,24h,optimistic,0.0,0.01902650410964378,0.10000000000000002,-0.017123853698679404,-0.017123853698679404,yes,yes,high
0x18C5aFFA481e7EDbF37405AdE553827d6387899f,WBNB/USDC,10000,100,24h,realistic,0.0,0.01902650410964378,0.10000000000000002,-0.1190265041096438,-0.11902650410964379,yes,yes,high
0x18C5aFFA481e7EDbF37405AdE553827d6387899f,WBNB/USDC,10000,100,24h,conservative,0.0,0.01902650410964378,0.10000000000000002,-0.12092915452060818,-0.12092915452060818,yes,yes,high
0x18C5aFFA481e7EDbF37405AdE553827d6387899f,WBNB/USDC,10000,500,24h,zero_il_lvr,0.0,0.01902650410964378,0.5,-0.01902650410964378,-0.0038053008219287557,yes,yes,high
0x18C5aFFA481e7EDbF37405AdE553827d6387899f,WBNB/USDC,10000,500,24h,optimistic,0.0,0.01902650410964378,0.5,-0.017123853698679404,-0.0034247707397358808,yes,yes,high
0x18C5aFFA481e7EDbF37405AdE553827d6387899f,WBNB/USDC,10000,500,24h,realistic,0.0,0.01902650410964378,0.5,-0.5190265041096438,-0.10380530082192876,yes,yes,high
0x18C5aFFA481e7EDbF37405AdE553827d6387899f,WBNB/USDC,10000,500,24h,conservative,0.0,0.01902650410964378,0.5,-0.5209291545206082,-0.10418583090412163,yes,yes,high
0x18C5aFFA481e7EDbF37405AdE553827d6387899f,WBNB/USDC,10000,1000,24h,zero_il_lvr,0.0,0.01902650410964378,1.0,-0.01902650410964378,-0.0019026504109643779,yes,yes,high
0x18C5aFFA481e7EDbF37405AdE553827d6387899f,WBNB/USDC,10000,1000,24h,optimistic,0.0,0.01902650410964378,1.0,-0.017123853698679404,-0.0017123853698679404,yes,yes,high
0x18C5aFFA481e7EDbF37405AdE553827d6387899f,WBNB/USDC,10000,1000,24h,realistic,0.0,0.01902650410964378,1.0,-1.0190265041096438,-0.10190265041096437,yes,yes,high
0x18C5aFFA481e7EDbF37405AdE553827d6387899f,WBNB/USDC,10000,1000,24h,conservative,0.0,0.01902650410964378,1.0,-1.020929154520608,-0.1020929154520608,yes,yes,high
0x18C5aFFA481e7EDbF37405AdE553827d6387899f,WBNB/USDC,10000,2000,24h,zero_il_lvr,0.0,0.01902650410964378,2.0,-0.01902650410964378,-0.0009513252054821889,yes,yes,high
0x18C5aFFA481e7EDbF37405AdE553827d6387899f,WBNB/USDC,10000,2000,24h,optimistic,0.0,0.01902650410964378,2.0,-0.017123853698679404,-0.0008561926849339702,yes,yes,high
0x18C5aFFA481e7EDbF37405AdE553827d6387899f,WBNB/USDC,10000,2000,24h,realistic,0.0,0.01902650410964378,2.0,-2.0190265041096436,-0.10095132520548218,yes,yes,high
0x18C5aFFA481e7EDbF37405AdE553827d6387899f,WBNB/USDC,10000,2000,24h,conservative,0.0,0.01902650410964378,2.0,-2.020929154520608,-0.1010464577260304,yes,yes,high
