chain,protocol,pool,pair,fee_tier,notional,fee_velocity_score,survival_score,cost_score,capacity_score,liquidity_score,data_confidence_score,wallet_availability_score,actual_probe_feasibility_score,notional_scalability_score,chain_risk_score,total_score,candidate_class
Base,PancakeSwap V3,0x72ab388e2e2f6facef59e3c3fa2c4e29011c2d38,WETH/USDC,100,10,0.0,0.0,0.0,1.0,0.5068,0.8,1.0,0.7,1.0,0.8,0.4117,needs_data
Base,PancakeSwap V3,0x72ab388e2e2f6facef59e3c3fa2c4e29011c2d38,WETH/USDC,100,20,0.0,0.0,0.0,1.0,0.5068,0.8,1.0,0.7,1.0,0.8,0.4117,needs_data
Base,PancakeSwap V3,0x72ab388e2e2f6facef59e3c3fa2c4e29011c2d38,WETH/USDC,100,100,0.0,0.0,0.0,1.0,0.5068,0.8,1.0,0.7,1.0,0.8,0.4117,needs_data
Base,PancakeSwap V3,0x72ab388e2e2f6facef59e3c3fa2c4e29011c2d38,WETH/USDC,100,500,0.0,0.0,0.0,1.0,0.5068,0.8,1.0,0.7,1.0,0.8,0.4117,needs_data
Base,PancakeSwap V3,0x72ab388e2e2f6facef59e3c3fa2c4e29011c2d38,WETH/USDC,100,1000,0.0,0.0,0.0,1.0,0.5068,0.8,1.0,0.7,1.0,0.8,0.4117,needs_data
Base,PancakeSwap V3,0x72ab388e2e2f6facef59e3c3fa2c4e29011c2d38,WETH/USDC,100,2000,0.0,0.0,0.0,1.0,0.5068,0.8,1.0,0.7,1.0,0.8,0.4117,needs_data
Base,PancakeSwap V3,0xb775272e537cc670c65dc852908ad47015244eaf,WETH/USDC,500,10,0.4523,0.0,0.9857,1.0,0.4704,0.8,1.0,0.7,1.0,0.8,0.6237,watch
Base,PancakeSwap V3,0xb775272e537cc670c65dc852908ad47015244eaf,WETH/USDC,500,20,0.0,0.0,0.0,1.0,0.4704,0.8,1.0,0.7,1.0,0.8,0.408,needs_data
Base,PancakeSwap V3,0xb775272e537cc670c65dc852908ad47015244eaf,WETH/USDC,500,100,0.0,0.0,0.0,1.0,0.4704,0.8,1.0,0.7,1.0,0.8,0.408,needs_data
Base,PancakeSwap V3,0xb775272e537cc670c65dc852908ad47015244eaf,WETH/USDC,500,500,0.0,0.0,0.0,1.0,0.4704,0.8,1.0,0.7,1.0,0.8,0.408,needs_data
Base,PancakeSwap V3,0xb775272e537cc670c65dc852908ad47015244eaf,WETH/USDC,500,1000,0.0,0.0,0.0,1.0,0.4704,0.8,1.0,0.7,1.0,0.8,0.408,needs_data
Base,PancakeSwap V3,0xb775272e537cc670c65dc852908ad47015244eaf,WETH/USDC,500,2000,0.0,0.0,0.0,1.0,0.4704,0.8,1.0,0.7,1.0,0.8,0.408,needs_data
Base,PancakeSwap V3,0xe9d76696f8a35e2e2520e3125875c3af23f1e69c,WETH/USDC,2500,10,0.4523,0.0,0.9857,1.0,0.3905,0.8,1.0,0.7,1.0,0.8,0.6157,watch
Base,PancakeSwap V3,0xe9d76696f8a35e2e2520e3125875c3af23f1e69c,WETH/USDC,2500,20,0.0,0.0,0.0,1.0,0.3905,0.8,1.0,0.7,1.0,0.8,0.4,needs_data
Base,PancakeSwap V3,0xe9d76696f8a35e2e2520e3125875c3af23f1e69c,WETH/USDC,2500,100,0.0,0.0,0.0,1.0,0.3905,0.8,1.0,0.7,1.0,0.8,0.4,needs_data
Base,PancakeSwap V3,0xe9d76696f8a35e2e2520e3125875c3af23f1e69c,WETH/USDC,2500,500,0.0,0.0,0.0,1.0,0.3905,0.8,1.0,0.7,1.0,0.8,0.4,needs_data
Base,PancakeSwap V3,0xe9d76696f8a35e2e2520e3125875c3af23f1e69c,WETH/USDC,2500,1000,0.0,0.0,0.0,1.0,0.3905,0.8,1.0,0.7,1.0,0.8,0.4,needs_data
Base,PancakeSwap V3,0xe9d76696f8a35e2e2520e3125875c3af23f1e69c,WETH/USDC,2500,2000,0.0,0.0,0.0,1.0,0.3905,0.8,1.0,0.7,1.0,0.8,0.4,needs_data
Base,PancakeSwap V3,0x118efef7db0712f03e067122b8f89e7a4b79262f,WETH/USDC,10000,10,0.4523,0.0,0.9857,1.0,0.1888,0.8,1.0,0.7,1.0,0.8,0.5956,watch
Base,PancakeSwap V3,0x118efef7db0712f03e067122b8f89e7a4b79262f,WETH/USDC,10000,20,0.0,0.0,0.0,1.0,0.1888,0.8,1.0,0.7,1.0,0.8,0.3799,reject
Base,PancakeSwap V3,0x118efef7db0712f03e067122b8f89e7a4b79262f,WETH/USDC,10000,100,0.0,0.0,0.0,1.0,0.1888,0.8,1.0,0.7,1.0,0.8,0.3799,reject
Base,PancakeSwap V3,0x118efef7db0712f03e067122b8f89e7a4b79262f,WETH/USDC,10000,500,0.0,0.0,0.0,1.0,0.1888,0.8,1.0,0.7,1.0,0.8,0.3799,reject
Base,PancakeSwap V3,0x118efef7db0712f03e067122b8f89e7a4b79262f,WETH/USDC,10000,1000,0.0,0.0,0.0,1.0,0.1888,0.8,1.0,0.7,1.0,0.8,0.3799,reject
Base,PancakeSwap V3,0x118efef7db0712f03e067122b8f89e7a4b79262f,WETH/USDC,10000,2000,0.0,0.0,0.0,1.0,0.1888,0.8,1.0,0.7,1.0,0.8,0.3799,reject
Base,PancakeSwap V3,0x526d54cd4fac2e6b2ddcb6bc98b9292603061f85,WETH/USDT,100,10,0.4523,0.0,0.9857,1.0,0.3062,0.8,1.0,0.7,1.0,0.8,0.6073,watch
Base,PancakeSwap V3,0x526d54cd4fac2e6b2ddcb6bc98b9292603061f85,WETH/USDT,100,20,0.0,0.0,0.0,1.0,0.3062,0.8,1.0,0.7,1.0,0.8,0.3916,reject
Base,PancakeSwap V3,0x526d54cd4fac2e6b2ddcb6bc98b9292603061f85,WETH/USDT,100,100,0.0,0.0,0.0,1.0,0.3062,0.8,1.0,0.7,1.0,0.8,0.3916,reject
Base,PancakeSwap V3,0x526d54cd4fac2e6b2ddcb6bc98b9292603061f85,WETH/USDT,100,500,0.0,0.0,0.0,1.0,0.3062,0.8,1.0,0.7,1.0,0.8,0.3916,reject
Base,PancakeSwap V3,0x526d54cd4fac2e6b2ddcb6bc98b9292603061f85,WETH/USDT,100,1000,0.0,0.0,0.0,1.0,0.3062,0.8,1.0,0.7,1.0,0.8,0.3916,reject
Base,PancakeSwap V3,0x526d54cd4fac2e6b2ddcb6bc98b9292603061f85,WETH/USDT,100,2000,0.0,0.0,0.0,1.0,0.3062,0.8,1.0,0.7,1.0,0.8,0.3916,reject
Base,PancakeSwap V3,0xeed856fc13455fdd285f7431e5f246cc1f00b51e,WETH/USDT,500,10,0.4523,0.0,0.9857,1.0,0.0159,0.8,1.0,0.7,0.0867,0.8,0.5509,watch
Base,PancakeSwap V3,0xeed856fc13455fdd285f7431e5f246cc1f00b51e,WETH/USDT,500,20,0.0,0.0,0.0,1.0,0.0159,0.8,1.0,0.7,0.0867,0.8,0.3352,reject
Base,PancakeSwap V3,0xeed856fc13455fdd285f7431e5f246cc1f00b51e,WETH/USDT,500,100,0.0,0.0,0.0,1.0,0.0159,0.8,1.0,0.7,0.0867,0.8,0.3352,reject
Base,PancakeSwap V3,0xeed856fc13455fdd285f7431e5f246cc1f00b51e,WETH/USDT,500,500,0.0,0.0,0.0,0.3467,0.0159,0.8,1.0,0.7,0.0867,0.8,0.2372,reject
Base,PancakeSwap V3,0xeed856fc13455fdd285f7431e5f246cc1f00b51e,WETH/USDT,500,1000,0.0,0.0,0.0,0.1733,0.0159,0.8,1.0,0.7,0.0867,0.8,0.2112,reject
Base,PancakeSwap V3,0xeed856fc13455fdd285f7431e5f246cc1f00b51e,WETH/USDT,500,2000,0.0,0.0,0.0,0.0867,0.0159,0.8,1.0,0.7,0.0867,0.8,0.1982,reject
Base,PancakeSwap V3,0x88476f48939c802ea75eed438a3576efc202b5dd,WETH/DAI,100,10,0.4523,0.0,0.9857,1.0,0.5334,0.8,1.0,0.7,1.0,0.8,0.63,watch
Base,PancakeSwap V3,0x88476f48939c802ea75eed438a3576efc202b5dd,WETH/DAI,100,20,0.0,0.0,0.0,1.0,0.5334,0.8,1.0,0.7,1.0,0.8,0.4143,needs_data
Base,PancakeSwap V3,0x88476f48939c802ea75eed438a3576efc202b5dd,WETH/DAI,100,100,0.0,0.0,0.0,1.0,0.5334,0.8,1.0,0.7,1.0,0.8,0.4143,needs_data
Base,PancakeSwap V3,0x88476f48939c802ea75eed438a3576efc202b5dd,WETH/DAI,100,500,0.0,0.0,0.0,1.0,0.5334,0.8,1.0,0.7,1.0,0.8,0.4143,needs_data
Base,PancakeSwap V3,0x88476f48939c802ea75eed438a3576efc202b5dd,WETH/DAI,100,1000,0.0,0.0,0.0,1.0,0.5334,0.8,1.0,0.7,1.0,0.8,0.4143,needs_data
Base,PancakeSwap V3,0x88476f48939c802ea75eed438a3576efc202b5dd,WETH/DAI,100,2000,0.0,0.0,0.0,1.0,0.5334,0.8,1.0,0.7,1.0,0.8,0.4143,needs_data
Base,PancakeSwap V3,0x9bfa331679b307cf358438f45f6413a205fd3ebf,WETH/DAI,500,10,0.4523,0.0,0.9857,1.0,0.6123,0.8,1.0,0.7,1.0,0.8,0.6379,watch
Base,PancakeSwap V3,0x9bfa331679b307cf358438f45f6413a205fd3ebf,WETH/DAI,500,20,0.0,0.0,0.0,1.0,0.6123,0.8,1.0,0.7,1.0,0.8,0.4222,needs_data
Base,PancakeSwap V3,0x9bfa331679b307cf358438f45f6413a205fd3ebf,WETH/DAI,500,100,0.0,0.0,0.0,1.0,0.6123,0.8,1.0,0.7,1.0,0.8,0.4222,needs_data
Base,PancakeSwap V3,0x9bfa331679b307cf358438f45f6413a205fd3ebf,WETH/DAI,500,500,0.0,0.0,0.0,1.0,0.6123,0.8,1.0,0.7,1.0,0.8,0.4222,needs_data
Base,PancakeSwap V3,0x9bfa331679b307cf358438f45f6413a205fd3ebf,WETH/DAI,500,1000,0.0,0.0,0.0,1.0,0.6123,0.8,1.0,0.7,1.0,0.8,0.4222,needs_data
Base,PancakeSwap V3,0x9bfa331679b307cf358438f45f6413a205fd3ebf,WETH/DAI,500,2000,0.0,0.0,0.0,1.0,0.6123,0.8,1.0,0.7,1.0,0.8,0.4222,needs_data
Base,PancakeSwap V3,0xb94b22332abf5f89877a14cc88f2abc48c34b3df,cbBTC/USDC,100,10,0.4523,0.0,0.9857,1.0,0.1095,0.8,1.0,0.7,1.0,0.8,0.5876,watch
Base,PancakeSwap V3,0xb94b22332abf5f89877a14cc88f2abc48c34b3df,cbBTC/USDC,100,20,0.0,0.0,0.0,1.0,0.1095,0.8,1.0,0.7,1.0,0.8,0.3719,reject
Base,PancakeSwap V3,0xb94b22332abf5f89877a14cc88f2abc48c34b3df,cbBTC/USDC,100,100,0.0,0.0,0.0,1.0,0.1095,0.8,1.0,0.7,1.0,0.8,0.3719,reject
Base,PancakeSwap V3,0xb94b22332abf5f89877a14cc88f2abc48c34b3df,cbBTC/USDC,100,500,0.0,0.0,0.0,1.0,0.1095,0.8,1.0,0.7,1.0,0.8,0.3719,reject
Base,PancakeSwap V3,0xb94b22332abf5f89877a14cc88f2abc48c34b3df,cbBTC/USDC,100,1000,0.0,0.0,0.0,1.0,0.1095,0.8,1.0,0.7,1.0,0.8,0.3719,reject
Base,PancakeSwap V3,0xb94b22332abf5f89877a14cc88f2abc48c34b3df,cbBTC/USDC,100,2000,0.0,0.0,0.0,1.0,0.1095,0.8,1.0,0.7,1.0,0.8,0.3719,reject
Base,PancakeSwap V3,0x26e263efdc91f0d3279e2ec2bd58a7ca5c2fce62,cbBTC/USDC,500,10,0.4523,0.0,0.9857,1.0,0.0275,0.8,1.0,0.7,0.129,0.8,0.5533,watch
Base,PancakeSwap V3,0x26e263efdc91f0d3279e2ec2bd58a7ca5c2fce62,cbBTC/USDC,500,20,0.0,0.0,0.0,1.0,0.0275,0.8,1.0,0.7,0.129,0.8,0.3376,reject
Base,PancakeSwap V3,0x26e263efdc91f0d3279e2ec2bd58a7ca5c2fce62,cbBTC/USDC,500,100,0.0,0.0,0.0,1.0,0.0275,0.8,1.0,0.7,0.129,0.8,0.3376,reject
Base,PancakeSwap V3,0x26e263efdc91f0d3279e2ec2bd58a7ca5c2fce62,cbBTC/USDC,500,500,0.0,0.0,0.0,0.5162,0.0275,0.8,1.0,0.7,0.129,0.8,0.265,reject
Base,PancakeSwap V3,0x26e263efdc91f0d3279e2ec2bd58a7ca5c2fce62,cbBTC/USDC,500,1000,0.0,0.0,0.0,0.2581,0.0275,0.8,1.0,0.7,0.129,0.8,0.2263,reject
Base,PancakeSwap V3,0x26e263efdc91f0d3279e2ec2bd58a7ca5c2fce62,cbBTC/USDC,500,2000,0.0,0.0,0.0,0.129,0.0275,0.8,1.0,0.7,0.129,0.8,0.207,reject
Base,PancakeSwap V3,0x748bb91fc5f4200302d9a79185bc161260a1b461,cbBTC/USDC,2500,10,0.4523,0.0,0.9857,1.0,0.0137,0.8,1.0,0.7,0.0804,0.8,0.5505,watch
Base,PancakeSwap V3,0x748bb91fc5f4200302d9a79185bc161260a1b461,cbBTC/USDC,2500,20,0.0,0.0,0.0,1.0,0.0137,0.8,1.0,0.7,0.0804,0.8,0.3348,reject
Base,PancakeSwap V3,0x748bb91fc5f4200302d9a79185bc161260a1b461,cbBTC/USDC,2500,100,0.0,0.0,0.0,1.0,0.0137,0.8,1.0,0.7,0.0804,0.8,0.3348,reject
Base,PancakeSwap V3,0x748bb91fc5f4200302d9a79185bc161260a1b461,cbBTC/USDC,2500,500,0.0,0.0,0.0,0.3214,0.0137,0.8,1.0,0.7,0.0804,0.8,0.233,reject
Base,PancakeSwap V3,0x748bb91fc5f4200302d9a79185bc161260a1b461,cbBTC/USDC,2500,1000,0.0,0.0,0.0,0.1607,0.0137,0.8,1.0,0.7,0.0804,0.8,0.2089,reject
Base,PancakeSwap V3,0x748bb91fc5f4200302d9a79185bc161260a1b461,cbBTC/USDC,2500,2000,0.0,0.0,0.0,0.0804,0.0137,0.8,1.0,0.7,0.0804,0.8,0.1968,reject
Base,PancakeSwap V3,0xc211e1f853a898bd1302385ccde55f33a8c4b3f3,cbBTC/WETH,100,10,0.0,0.0,0.0,1.0,0.464,0.8,1.0,0.7,1.0,0.8,0.4074,needs_data
Base,PancakeSwap V3,0xc211e1f853a898bd1302385ccde55f33a8c4b3f3,cbBTC/WETH,100,20,0.0,0.0,0.0,1.0,0.464,0.8,1.0,0.7,1.0,0.8,0.4074,needs_data
Base,PancakeSwap V3,0xc211e1f853a898bd1302385ccde55f33a8c4b3f3,cbBTC/WETH,100,100,0.0,0.0,0.0,1.0,0.464,0.8,1.0,0.7,1.0,0.8,0.4074,needs_data
Base,PancakeSwap V3,0xc211e1f853a898bd1302385ccde55f33a8c4b3f3,cbBTC/WETH,100,500,0.0,0.0,0.0,1.0,0.464,0.8,1.0,0.7,1.0,0.8,0.4074,needs_data
Base,PancakeSwap V3,0xc211e1f853a898bd1302385ccde55f33a8c4b3f3,cbBTC/WETH,100,1000,0.0,0.0,0.0,1.0,0.464,0.8,1.0,0.7,1.0,0.8,0.4074,needs_data
Base,PancakeSwap V3,0xc211e1f853a898bd1302385ccde55f33a8c4b3f3,cbBTC/WETH,100,2000,0.0,0.0,0.0,1.0,0.464,0.8,1.0,0.7,1.0,0.8,0.4074,needs_data
Base,PancakeSwap V3,0xd974d59e30054cf1abeded0c9947b0d8baf90029,cbBTC/WETH,500,10,0.0,0.0,0.0,1.0,0.3926,0.8,1.0,0.7,1.0,0.8,0.4003,needs_data
Base,PancakeSwap V3,0xd974d59e30054cf1abeded0c9947b0d8baf90029,cbBTC/WETH,500,20,0.0,0.0,0.0,1.0,0.3926,0.8,1.0,0.7,1.0,0.8,0.4003,needs_data
Base,PancakeSwap V3,0xd974d59e30054cf1abeded0c9947b0d8baf90029,cbBTC/WETH,500,100,0.0,0.0,0.0,1.0,0.3926,0.8,1.0,0.7,1.0,0.8,0.4003,needs_data
Base,PancakeSwap V3,0xd974d59e30054cf1abeded0c9947b0d8baf90029,cbBTC/WETH,500,500,0.0,0.0,0.0,1.0,0.3926,0.8,1.0,0.7,1.0,0.8,0.4003,needs_data
Base,PancakeSwap V3,0xd974d59e30054cf1abeded0c9947b0d8baf90029,cbBTC/WETH,500,1000,0.0,0.0,0.0,1.0,0.3926,0.8,1.0,0.7,1.0,0.8,0.4003,needs_data
Base,PancakeSwap V3,0xd974d59e30054cf1abeded0c9947b0d8baf90029,cbBTC/WETH,500,2000,0.0,0.0,0.0,1.0,0.3926,0.8,1.0,0.7,1.0,0.8,0.4003,needs_data
Base,PancakeSwap V3,0x5b3613ef9a535b48e82e2800acb77053dfec93b1,cbBTC/WETH,2500,10,0.0,0.0,0.0,1.0,0.3798,0.8,1.0,0.7,1.0,0.8,0.399,reject
Base,PancakeSwap V3,0x5b3613ef9a535b48e82e2800acb77053dfec93b1,cbBTC/WETH,2500,20,0.0,0.0,0.0,1.0,0.3798,0.8,1.0,0.7,1.0,0.8,0.399,reject
Base,PancakeSwap V3,0x5b3613ef9a535b48e82e2800acb77053dfec93b1,cbBTC/WETH,2500,100,0.0,0.0,0.0,1.0,0.3798,0.8,1.0,0.7,1.0,0.8,0.399,reject
Base,PancakeSwap V3,0x5b3613ef9a535b48e82e2800acb77053dfec93b1,cbBTC/WETH,2500,500,0.0,0.0,0.0,1.0,0.3798,0.8,1.0,0.7,1.0,0.8,0.399,reject
Base,PancakeSwap V3,0x5b3613ef9a535b48e82e2800acb77053dfec93b1,cbBTC/WETH,2500,1000,0.0,0.0,0.0,1.0,0.3798,0.8,1.0,0.7,1.0,0.8,0.399,reject
Base,PancakeSwap V3,0x5b3613ef9a535b48e82e2800acb77053dfec93b1,cbBTC/WETH,2500,2000,0.0,0.0,0.0,1.0,0.3798,0.8,1.0,0.7,1.0,0.8,0.399,reject
Base,PancakeSwap V3,0x5f07bb9fee6062e9d09a52e6d587c64bad6ba706,USDC/USDT,100,10,0.0,0.0,0.0,1.0,0.2298,0.8,1.0,0.7,1.0,0.8,0.384,reject
Base,PancakeSwap V3,0x5f07bb9fee6062e9d09a52e6d587c64bad6ba706,USDC/USDT,100,20,0.0,0.0,0.0,1.0,0.2298,0.8,1.0,0.7,1.0,0.8,0.384,reject
Base,PancakeSwap V3,0x5f07bb9fee6062e9d09a52e6d587c64bad6ba706,USDC/USDT,100,100,0.0,0.0,0.0,1.0,0.2298,0.8,1.0,0.7,1.0,0.8,0.384,reject
Base,PancakeSwap V3,0x5f07bb9fee6062e9d09a52e6d587c64bad6ba706,USDC/USDT,100,500,0.0,0.0,0.0,1.0,0.2298,0.8,1.0,0.7,1.0,0.8,0.384,reject
Base,PancakeSwap V3,0x5f07bb9fee6062e9d09a52e6d587c64bad6ba706,USDC/USDT,100,1000,0.0,0.0,0.0,1.0,0.2298,0.8,1.0,0.7,1.0,0.8,0.384,reject
Base,PancakeSwap V3,0x5f07bb9fee6062e9d09a52e6d587c64bad6ba706,USDC/USDT,100,2000,0.0,0.0,0.0,1.0,0.2298,0.8,1.0,0.7,1.0,0.8,0.384,reject
Base,PancakeSwap V3,0x2db0fff9f1afcef3a77e673dfba9883c036ebd53,USDC/USDT,500,10,0.0,0.0,0.0,1.0,0.0202,0.8,1.0,0.7,0.1003,0.8,0.336,reject
Base,PancakeSwap V3,0x2db0fff9f1afcef3a77e673dfba9883c036ebd53,USDC/USDT,500,20,0.0,0.0,0.0,1.0,0.0202,0.8,1.0,0.7,0.1003,0.8,0.336,reject
Base,PancakeSwap V3,0x2db0fff9f1afcef3a77e673dfba9883c036ebd53,USDC/USDT,500,100,0.0,0.0,0.0,1.0,0.0202,0.8,1.0,0.7,0.1003,0.8,0.336,reject
Base,PancakeSwap V3,0x2db0fff9f1afcef3a77e673dfba9883c036ebd53,USDC/USDT,500,500,0.0,0.0,0.0,0.4013,0.0202,0.8,1.0,0.7,0.1003,0.8,0.2462,reject
Base,PancakeSwap V3,0x2db0fff9f1afcef3a77e673dfba9883c036ebd53,USDC/USDT,500,1000,0.0,0.0,0.0,0.2007,0.0202,0.8,1.0,0.7,0.1003,0.8,0.2161,reject
Base,PancakeSwap V3,0x2db0fff9f1afcef3a77e673dfba9883c036ebd53,USDC/USDT,500,2000,0.0,0.0,0.0,0.1003,0.0202,0.8,1.0,0.7,0.1003,0.8,0.2011,reject
Base,PancakeSwap V3,0x0bfff3a8f90fbdd39a5ddd1ee9eb2f9a11e79b86,USDC/USDT,10000,10,0.0,0.0,0.0,1.0,0.0009,0.8,1.0,0.7,0.0516,0.8,0.3326,reject
Base,PancakeSwap V3,0x0bfff3a8f90fbdd39a5ddd1ee9eb2f9a11e79b86,USDC/USDT,10000,20,0.0,0.0,0.0,1.0,0.0009,0.8,1.0,0.7,0.0516,0.8,0.3326,reject
Base,PancakeSwap V3,0x0bfff3a8f90fbdd39a5ddd1ee9eb2f9a11e79b86,USDC/USDT,10000,100,0.0,0.0,0.0,1.0,0.0009,0.8,1.0,0.7,0.0516,0.8,0.3326,reject
Base,PancakeSwap V3,0x0bfff3a8f90fbdd39a5ddd1ee9eb2f9a11e79b86,USDC/USDT,10000,500,0.0,0.0,0.0,0.2063,0.0009,0.8,1.0,0.7,0.0516,0.8,0.2136,reject
Base,PancakeSwap V3,0x0bfff3a8f90fbdd39a5ddd1ee9eb2f9a11e79b86,USDC/USDT,10000,1000,0.0,0.0,0.0,0.1032,0.0009,0.8,1.0,0.7,0.0516,0.8,0.1981,reject
Base,PancakeSwap V3,0x0bfff3a8f90fbdd39a5ddd1ee9eb2f9a11e79b86,USDC/USDT,10000,2000,0.0,0.0,0.0,0.0516,0.0009,0.8,1.0,0.7,0.0516,0.8,0.1904,reject
BSC,PancakeSwap V3,0x172fcd41e0913e95784454622d1c3724f546f849,WBNB/USDT,100,10,0.0,0.0,0.0,1.0,0.9737,0.8,0.0,0.7,1.0,0.7,0.4064,needs_data
BSC,PancakeSwap V3,0x172fcd41e0913e95784454622d1c3724f546f849,WBNB/USDT,100,20,0.0,0.0,0.0,1.0,0.9737,0.8,0.0,0.7,1.0,0.7,0.4064,needs_data
BSC,PancakeSwap V3,0x172fcd41e0913e95784454622d1c3724f546f849,WBNB/USDT,100,100,0.0,0.0,0.0,1.0,0.9737,0.8,0.0,0.7,1.0,0.7,0.4064,needs_data
BSC,PancakeSwap V3,0x172fcd41e0913e95784454622d1c3724f546f849,WBNB/USDT,100,500,0.0,0.0,0.0,1.0,0.9737,0.8,0.0,0.7,1.0,0.7,0.4064,needs_data
BSC,PancakeSwap V3,0x172fcd41e0913e95784454622d1c3724f546f849,WBNB/USDT,100,1000,0.0,0.0,0.0,1.0,0.9737,0.8,0.0,0.7,1.0,0.7,0.4064,needs_data
BSC,PancakeSwap V3,0x172fcd41e0913e95784454622d1c3724f546f849,WBNB/USDT,100,2000,0.0,0.0,0.0,1.0,0.9737,0.8,0.0,0.7,1.0,0.7,0.4064,needs_data
BSC,PancakeSwap V3,0x36696169c63e42cd08ce11f5deebbcebae652050,WBNB/USDT,500,10,0.0,0.0,0.0,1.0,0.9534,0.8,0.0,0.7,1.0,0.7,0.4043,needs_data
BSC,PancakeSwap V3,0x36696169c63e42cd08ce11f5deebbcebae652050,WBNB/USDT,500,20,0.0,0.0,0.0,1.0,0.9534,0.8,0.0,0.7,1.0,0.7,0.4043,needs_data
BSC,PancakeSwap V3,0x36696169c63e42cd08ce11f5deebbcebae652050,WBNB/USDT,500,100,0.0,0.0,0.0,1.0,0.9534,0.8,0.0,0.7,1.0,0.7,0.4043,needs_data
BSC,PancakeSwap V3,0x36696169c63e42cd08ce11f5deebbcebae652050,WBNB/USDT,500,500,0.0,0.0,0.0,1.0,0.9534,0.8,0.0,0.7,1.0,0.7,0.4043,needs_data
BSC,PancakeSwap V3,0x36696169c63e42cd08ce11f5deebbcebae652050,WBNB/USDT,500,1000,0.0,0.0,0.0,1.0,0.9534,0.8,0.0,0.7,1.0,0.7,0.4043,needs_data
BSC,PancakeSwap V3,0x36696169c63e42cd08ce11f5deebbcebae652050,WBNB/USDT,500,2000,0.0,0.0,0.0,1.0,0.9534,0.8,0.0,0.7,1.0,0.7,0.4043,needs_data
BSC,PancakeSwap V3,0x1401ff943d08a7e098328c1d3a9d388923b115d2,WBNB/USDT,2500,10,0.0,0.0,0.0,1.0,0.7816,0.8,0.0,0.7,1.0,0.7,0.3872,reject
BSC,PancakeSwap V3,0x1401ff943d08a7e098328c1d3a9d388923b115d2,WBNB/USDT,2500,20,0.0,0.0,0.0,1.0,0.7816,0.8,0.0,0.7,1.0,0.7,0.3872,reject
BSC,PancakeSwap V3,0x1401ff943d08a7e098328c1d3a9d388923b115d2,WBNB/USDT,2500,100,0.0,0.0,0.0,1.0,0.7816,0.8,0.0,0.7,1.0,0.7,0.3872,reject
BSC,PancakeSwap V3,0x1401ff943d08a7e098328c1d3a9d388923b115d2,WBNB/USDT,2500,500,0.0,0.0,0.0,1.0,0.7816,0.8,0.0,0.7,1.0,0.7,0.3872,reject
BSC,PancakeSwap V3,0x1401ff943d08a7e098328c1d3a9d388923b115d2,WBNB/USDT,2500,1000,0.0,0.0,0.0,1.0,0.7816,0.8,0.0,0.7,1.0,0.7,0.3872,reject
BSC,PancakeSwap V3,0x1401ff943d08a7e098328c1d3a9d388923b115d2,WBNB/USDT,2500,2000,0.0,0.0,0.0,1.0,0.7816,0.8,0.0,0.7,1.0,0.7,0.3872,reject
BSC,PancakeSwap V3,0x6805e0e5333c5c3accf2930be4734e2b98f4ce06,WBNB/USDT,10000,10,0.0,0.0,0.0,1.0,0.732,0.8,0.0,0.7,1.0,0.7,0.3822,reject
BSC,PancakeSwap V3,0x6805e0e5333c5c3accf2930be4734e2b98f4ce06,WBNB/USDT,10000,20,0.0,0.0,0.0,1.0,0.732,0.8,0.0,0.7,1.0,0.7,0.3822,reject
BSC,PancakeSwap V3,0x6805e0e5333c5c3accf2930be4734e2b98f4ce06,WBNB/USDT,10000,100,0.0,0.0,0.0,1.0,0.732,0.8,0.0,0.7,1.0,0.7,0.3822,reject
BSC,PancakeSwap V3,0x6805e0e5333c5c3accf2930be4734e2b98f4ce06,WBNB/USDT,10000,500,0.0,0.0,0.0,1.0,0.732,0.8,0.0,0.7,1.0,0.7,0.3822,reject
BSC,PancakeSwap V3,0x6805e0e5333c5c3accf2930be4734e2b98f4ce06,WBNB/USDT,10000,1000,0.0,0.0,0.0,1.0,0.732,0.8,0.0,0.7,1.0,0.7,0.3822,reject
BSC,PancakeSwap V3,0x6805e0e5333c5c3accf2930be4734e2b98f4ce06,WBNB/USDT,10000,2000,0.0,0.0,0.0,1.0,0.732,0.8,0.0,0.7,1.0,0.7,0.3822,reject
BSC,PancakeSwap V3,0xf2688fb5b81049dfb7703ada5e770543770612c4,WBNB/USDC,100,10,0.0,0.0,0.0,1.0,0.9061,0.8,0.0,0.7,1.0,0.7,0.3996,reject
BSC,PancakeSwap V3,0xf2688fb5b81049dfb7703ada5e770543770612c4,WBNB/USDC,100,20,0.0,0.0,0.0,1.0,0.9061,0.8,0.0,0.7,1.0,0.7,0.3996,reject
BSC,PancakeSwap V3,0xf2688fb5b81049dfb7703ada5e770543770612c4,WBNB/USDC,100,100,0.0,0.0,0.0,1.0,0.9061,0.8,0.0,0.7,1.0,0.7,0.3996,reject
BSC,PancakeSwap V3,0xf2688fb5b81049dfb7703ada5e770543770612c4,WBNB/USDC,100,500,0.0,0.0,0.0,1.0,0.9061,0.8,0.0,0.7,1.0,0.7,0.3996,reject
BSC,PancakeSwap V3,0xf2688fb5b81049dfb7703ada5e770543770612c4,WBNB/USDC,100,1000,0.0,0.0,0.0,1.0,0.9061,0.8,0.0,0.7,1.0,0.7,0.3996,reject
BSC,PancakeSwap V3,0xf2688fb5b81049dfb7703ada5e770543770612c4,WBNB/USDC,100,2000,0.0,0.0,0.0,1.0,0.9061,0.8,0.0,0.7,1.0,0.7,0.3996,reject
BSC,PancakeSwap V3,0x81a9b5f18179ce2bf8f001b8a634db80771f1824,WBNB/USDC,500,10,0.0,0.0,0.0,1.0,0.828,0.8,0.0,0.7,1.0,0.7,0.3918,reject
BSC,PancakeSwap V3,0x81a9b5f18179ce2bf8f001b8a634db80771f1824,WBNB/USDC,500,20,0.0,0.0,0.0,1.0,0.828,0.8,0.0,0.7,1.0,0.7,0.3918,reject
BSC,PancakeSwap V3,0x81a9b5f18179ce2bf8f001b8a634db80771f1824,WBNB/USDC,500,100,0.0,0.0,0.0,1.0,0.828,0.8,0.0,0.7,1.0,0.7,0.3918,reject
BSC,PancakeSwap V3,0x81a9b5f18179ce2bf8f001b8a634db80771f1824,WBNB/USDC,500,500,0.0,0.0,0.0,1.0,0.828,0.8,0.0,0.7,1.0,0.7,0.3918,reject
BSC,PancakeSwap V3,0x81a9b5f18179ce2bf8f001b8a634db80771f1824,WBNB/USDC,500,1000,0.0,0.0,0.0,1.0,0.828,0.8,0.0,0.7,1.0,0.7,0.3918,reject
BSC,PancakeSwap V3,0x81a9b5f18179ce2bf8f001b8a634db80771f1824,WBNB/USDC,500,2000,0.0,0.0,0.0,1.0,0.828,0.8,0.0,0.7,1.0,0.7,0.3918,reject
BSC,PancakeSwap V3,0xc721deccd986d54b39e8c29428a1f06155c3671e,WBNB/USDC,2500,10,0.0,0.0,0.0,1.0,0.7249,0.8,0.0,0.7,1.0,0.7,0.3815,reject
BSC,PancakeSwap V3,0xc721deccd986d54b39e8c29428a1f06155c3671e,WBNB/USDC,2500,20,0.0,0.0,0.0,1.0,0.7249,0.8,0.0,0.7,1.0,0.7,0.3815,reject
BSC,PancakeSwap V3,0xc721deccd986d54b39e8c29428a1f06155c3671e,WBNB/USDC,2500,100,0.0,0.0,0.0,1.0,0.7249,0.8,0.0,0.7,1.0,0.7,0.3815,reject
BSC,PancakeSwap V3,0xc721deccd986d54b39e8c29428a1f06155c3671e,WBNB/USDC,2500,500,0.0,0.0,0.0,1.0,0.7249,0.8,0.0,0.7,1.0,0.7,0.3815,reject
BSC,PancakeSwap V3,0xc721deccd986d54b39e8c29428a1f06155c3671e,WBNB/USDC,2500,1000,0.0,0.0,0.0,1.0,0.7249,0.8,0.0,0.7,1.0,0.7,0.3815,reject
BSC,PancakeSwap V3,0xc721deccd986d54b39e8c29428a1f06155c3671e,WBNB/USDC,2500,2000,0.0,0.0,0.0,1.0,0.7249,0.8,0.0,0.7,1.0,0.7,0.3815,reject
BSC,PancakeSwap V3,0x18c5affa481e7edbf37405ade553827d6387899f,WBNB/USDC,10000,10,0.0,0.0,0.0,1.0,0.5845,0.8,0.0,0.7,1.0,0.7,0.3674,reject
BSC,PancakeSwap V3,0x18c5affa481e7edbf37405ade553827d6387899f,WBNB/USDC,10000,20,0.0,0.0,0.0,1.0,0.5845,0.8,0.0,0.7,1.0,0.7,0.3674,reject
BSC,PancakeSwap V3,0x18c5affa481e7edbf37405ade553827d6387899f,WBNB/USDC,10000,100,0.0,0.0,0.0,1.0,0.5845,0.8,0.0,0.7,1.0,0.7,0.3674,reject
BSC,PancakeSwap V3,0x18c5affa481e7edbf37405ade553827d6387899f,WBNB/USDC,10000,500,0.0,0.0,0.0,1.0,0.5845,0.8,0.0,0.7,1.0,0.7,0.3674,reject
BSC,PancakeSwap V3,0x18c5affa481e7edbf37405ade553827d6387899f,WBNB/USDC,10000,1000,0.0,0.0,0.0,1.0,0.5845,0.8,0.0,0.7,1.0,0.7,0.3674,reject
BSC,PancakeSwap V3,0x18c5affa481e7edbf37405ade553827d6387899f,WBNB/USDC,10000,2000,0.0,0.0,0.0,1.0,0.5845,0.8,0.0,0.7,1.0,0.7,0.3674,reject
BSC,PancakeSwap V3,0xa2d86bcb4a7651e2926b2dd9a3f4d4d2ec6abd21,WBNB/DAI,100,10,0.0,0.0,0.0,1.0,0.6085,0.8,0.0,0.7,1.0,0.7,0.3698,reject
BSC,PancakeSwap V3,0xa2d86bcb4a7651e2926b2dd9a3f4d4d2ec6abd21,WBNB/DAI,100,20,0.0,0.0,0.0,1.0,0.6085,0.8,0.0,0.7,1.0,0.7,0.3698,reject
BSC,PancakeSwap V3,0xa2d86bcb4a7651e2926b2dd9a3f4d4d2ec6abd21,WBNB/DAI,100,100,0.0,0.0,0.0,1.0,0.6085,0.8,0.0,0.7,1.0,0.7,0.3698,reject
BSC,PancakeSwap V3,0xa2d86bcb4a7651e2926b2dd9a3f4d4d2ec6abd21,WBNB/DAI,100,500,0.0,0.0,0.0,1.0,0.6085,0.8,0.0,0.7,1.0,0.7,0.3698,reject
BSC,PancakeSwap V3,0xa2d86bcb4a7651e2926b2dd9a3f4d4d2ec6abd21,WBNB/DAI,100,1000,0.0,0.0,0.0,1.0,0.6085,0.8,0.0,0.7,1.0,0.7,0.3698,reject
BSC,PancakeSwap V3,0xa2d86bcb4a7651e2926b2dd9a3f4d4d2ec6abd21,WBNB/DAI,100,2000,0.0,0.0,0.0,1.0,0.6085,0.8,0.0,0.7,1.0,0.7,0.3698,reject
BSC,PancakeSwap V3,0x247f51881d1e3ae0f759afb801413a6c948ef442,BTCB/USDT,100,10,0.0,0.0,0.0,1.0,0.7871,0.8,0.0,0.7,1.0,0.7,0.3877,reject
BSC,PancakeSwap V3,0x247f51881d1e3ae0f759afb801413a6c948ef442,BTCB/USDT,100,20,0.0,0.0,0.0,1.0,0.7871,0.8,0.0,0.7,1.0,0.7,0.3877,reject
BSC,PancakeSwap V3,0x247f51881d1e3ae0f759afb801413a6c948ef442,BTCB/USDT,100,100,0.0,0.0,0.0,1.0,0.7871,0.8,0.0,0.7,1.0,0.7,0.3877,reject
BSC,PancakeSwap V3,0x247f51881d1e3ae0f759afb801413a6c948ef442,BTCB/USDT,100,500,0.0,0.0,0.0,1.0,0.7871,0.8,0.0,0.7,1.0,0.7,0.3877,reject
BSC,PancakeSwap V3,0x247f51881d1e3ae0f759afb801413a6c948ef442,BTCB/USDT,100,1000,0.0,0.0,0.0,1.0,0.7871,0.8,0.0,0.7,1.0,0.7,0.3877,reject
BSC,PancakeSwap V3,0x247f51881d1e3ae0f759afb801413a6c948ef442,BTCB/USDT,100,2000,0.0,0.0,0.0,1.0,0.7871,0.8,0.0,0.7,1.0,0.7,0.3877,reject
BSC,PancakeSwap V3,0x46cf1cf8c69595804ba91dfdd8d6b960c9b0a7c4,BTCB/USDT,500,10,0.0,0.0,0.0,1.0,0.8892,0.8,0.0,0.7,1.0,0.7,0.3979,reject
BSC,PancakeSwap V3,0x46cf1cf8c69595804ba91dfdd8d6b960c9b0a7c4,BTCB/USDT,500,20,0.0,0.0,0.0,1.0,0.8892,0.8,0.0,0.7,1.0,0.7,0.3979,reject
BSC,PancakeSwap V3,0x46cf1cf8c69595804ba91dfdd8d6b960c9b0a7c4,BTCB/USDT,500,100,0.0,0.0,0.0,1.0,0.8892,0.8,0.0,0.7,1.0,0.7,0.3979,reject
BSC,PancakeSwap V3,0x46cf1cf8c69595804ba91dfdd8d6b960c9b0a7c4,BTCB/USDT,500,500,0.0,0.0,0.0,1.0,0.8892,0.8,0.0,0.7,1.0,0.7,0.3979,reject
BSC,PancakeSwap V3,0x46cf1cf8c69595804ba91dfdd8d6b960c9b0a7c4,BTCB/USDT,500,1000,0.0,0.0,0.0,1.0,0.8892,0.8,0.0,0.7,1.0,0.7,0.3979,reject
BSC,PancakeSwap V3,0x46cf1cf8c69595804ba91dfdd8d6b960c9b0a7c4,BTCB/USDT,500,2000,0.0,0.0,0.0,1.0,0.8892,0.8,0.0,0.7,1.0,0.7,0.3979,reject
BSC,PancakeSwap V3,0x6ee3ee9c3395bbd136b6076a70cb6cff241c0e24,BTCB/USDT,2500,10,0.0,0.0,0.0,1.0,0.5405,0.8,0.0,0.7,1.0,0.7,0.363,reject
BSC,PancakeSwap V3,0x6ee3ee9c3395bbd136b6076a70cb6cff241c0e24,BTCB/USDT,2500,20,0.0,0.0,0.0,1.0,0.5405,0.8,0.0,0.7,1.0,0.7,0.363,reject
BSC,PancakeSwap V3,0x6ee3ee9c3395bbd136b6076a70cb6cff241c0e24,BTCB/USDT,2500,100,0.0,0.0,0.0,1.0,0.5405,0.8,0.0,0.7,1.0,0.7,0.363,reject
BSC,PancakeSwap V3,0x6ee3ee9c3395bbd136b6076a70cb6cff241c0e24,BTCB/USDT,2500,500,0.0,0.0,0.0,1.0,0.5405,0.8,0.0,0.7,1.0,0.7,0.363,reject
BSC,PancakeSwap V3,0x6ee3ee9c3395bbd136b6076a70cb6cff241c0e24,BTCB/USDT,2500,1000,0.0,0.0,0.0,1.0,0.5405,0.8,0.0,0.7,1.0,0.7,0.363,reject
BSC,PancakeSwap V3,0x6ee3ee9c3395bbd136b6076a70cb6cff241c0e24,BTCB/USDT,2500,2000,0.0,0.0,0.0,1.0,0.5405,0.8,0.0,0.7,1.0,0.7,0.363,reject
BSC,PancakeSwap V3,0x6f5f1c8856ffacddd601830e15f56a7461833e89,BTCB/USDT,10000,10,0.0,0.0,0.0,1.0,0.4204,0.8,0.0,0.7,1.0,0.7,0.351,reject
BSC,PancakeSwap V3,0x6f5f1c8856ffacddd601830e15f56a7461833e89,BTCB/USDT,10000,20,0.0,0.0,0.0,1.0,0.4204,0.8,0.0,0.7,1.0,0.7,0.351,reject
BSC,PancakeSwap V3,0x6f5f1c8856ffacddd601830e15f56a7461833e89,BTCB/USDT,10000,100,0.0,0.0,0.0,1.0,0.4204,0.8,0.0,0.7,1.0,0.7,0.351,reject
BSC,PancakeSwap V3,0x6f5f1c8856ffacddd601830e15f56a7461833e89,BTCB/USDT,10000,500,0.0,0.0,0.0,1.0,0.4204,0.8,0.0,0.7,1.0,0.7,0.351,reject
BSC,PancakeSwap V3,0x6f5f1c8856ffacddd601830e15f56a7461833e89,BTCB/USDT,10000,1000,0.0,0.0,0.0,1.0,0.4204,0.8,0.0,0.7,1.0,0.7,0.351,reject
BSC,PancakeSwap V3,0x6f5f1c8856ffacddd601830e15f56a7461833e89,BTCB/USDT,10000,2000,0.0,0.0,0.0,1.0,0.4204,0.8,0.0,0.7,1.0,0.7,0.351,reject
BSC,PancakeSwap V3,0x62edaf2a56c9fb55be5f9b1399ac067f6a37013b,BTCB/WBNB,100,10,0.0,0.0,0.0,1.0,0.7412,0.8,0.0,0.7,1.0,0.7,0.3831,reject
BSC,PancakeSwap V3,0x62edaf2a56c9fb55be5f9b1399ac067f6a37013b,BTCB/WBNB,100,20,0.0,0.0,0.0,1.0,0.7412,0.8,0.0,0.7,1.0,0.7,0.3831,reject
BSC,PancakeSwap V3,0x62edaf2a56c9fb55be5f9b1399ac067f6a37013b,BTCB/WBNB,100,100,0.0,0.0,0.0,1.0,0.7412,0.8,0.0,0.7,1.0,0.7,0.3831,reject
BSC,PancakeSwap V3,0x62edaf2a56c9fb55be5f9b1399ac067f6a37013b,BTCB/WBNB,100,500,0.0,0.0,0.0,1.0,0.7412,0.8,0.0,0.7,1.0,0.7,0.3831,reject
BSC,PancakeSwap V3,0x62edaf2a56c9fb55be5f9b1399ac067f6a37013b,BTCB/WBNB,100,1000,0.0,0.0,0.0,1.0,0.7412,0.8,0.0,0.7,1.0,0.7,0.3831,reject
BSC,PancakeSwap V3,0x62edaf2a56c9fb55be5f9b1399ac067f6a37013b,BTCB/WBNB,100,2000,0.0,0.0,0.0,1.0,0.7412,0.8,0.0,0.7,1.0,0.7,0.3831,reject
BSC,PancakeSwap V3,0x6bbc40579ad1bbd243895ca0acb086bb6300d636,BTCB/WBNB,500,10,0.0,0.0,0.0,1.0,0.7979,0.8,0.0,0.7,1.0,0.7,0.3888,reject
BSC,PancakeSwap V3,0x6bbc40579ad1bbd243895ca0acb086bb6300d636,BTCB/WBNB,500,20,0.0,0.0,0.0,1.0,0.7979,0.8,0.0,0.7,1.0,0.7,0.3888,reject
BSC,PancakeSwap V3,0x6bbc40579ad1bbd243895ca0acb086bb6300d636,BTCB/WBNB,500,100,0.0,0.0,0.0,1.0,0.7979,0.8,0.0,0.7,1.0,0.7,0.3888,reject
BSC,PancakeSwap V3,0x6bbc40579ad1bbd243895ca0acb086bb6300d636,BTCB/WBNB,500,500,0.0,0.0,0.0,1.0,0.7979,0.8,0.0,0.7,1.0,0.7,0.3888,reject
BSC,PancakeSwap V3,0x6bbc40579ad1bbd243895ca0acb086bb6300d636,BTCB/WBNB,500,1000,0.0,0.0,0.0,1.0,0.7979,0.8,0.0,0.7,1.0,0.7,0.3888,reject
BSC,PancakeSwap V3,0x6bbc40579ad1bbd243895ca0acb086bb6300d636,BTCB/WBNB,500,2000,0.0,0.0,0.0,1.0,0.7979,0.8,0.0,0.7,1.0,0.7,0.3888,reject
BSC,PancakeSwap V3,0xfc75f4e78bf71ed5066db9ca771d4ccb7c1264e0,BTCB/WBNB,2500,10,0.0,0.0,0.0,1.0,0.7089,0.8,0.0,0.7,1.0,0.7,0.3799,reject
BSC,PancakeSwap V3,0xfc75f4e78bf71ed5066db9ca771d4ccb7c1264e0,BTCB/WBNB,2500,20,0.0,0.0,0.0,1.0,0.7089,0.8,0.0,0.7,1.0,0.7,0.3799,reject
BSC,PancakeSwap V3,0xfc75f4e78bf71ed5066db9ca771d4ccb7c1264e0,BTCB/WBNB,2500,100,0.0,0.0,0.0,1.0,0.7089,0.8,0.0,0.7,1.0,0.7,0.3799,reject
BSC,PancakeSwap V3,0xfc75f4e78bf71ed5066db9ca771d4ccb7c1264e0,BTCB/WBNB,2500,500,0.0,0.0,0.0,1.0,0.7089,0.8,0.0,0.7,1.0,0.7,0.3799,reject
BSC,PancakeSwap V3,0xfc75f4e78bf71ed5066db9ca771d4ccb7c1264e0,BTCB/WBNB,2500,1000,0.0,0.0,0.0,1.0,0.7089,0.8,0.0,0.7,1.0,0.7,0.3799,reject
BSC,PancakeSwap V3,0xfc75f4e78bf71ed5066db9ca771d4ccb7c1264e0,BTCB/WBNB,2500,2000,0.0,0.0,0.0,1.0,0.7089,0.8,0.0,0.7,1.0,0.7,0.3799,reject
BSC,PancakeSwap V3,0x769fdcaa6a18495eb52fe93d19ce347dad9817bc,BTCB/WBNB,10000,10,0.0,0.0,0.0,1.0,0.5193,0.8,0.0,0.7,1.0,0.7,0.3609,reject
BSC,PancakeSwap V3,0x769fdcaa6a18495eb52fe93d19ce347dad9817bc,BTCB/WBNB,10000,20,0.0,0.0,0.0,1.0,0.5193,0.8,0.0,0.7,1.0,0.7,0.3609,reject
BSC,PancakeSwap V3,0x769fdcaa6a18495eb52fe93d19ce347dad9817bc,BTCB/WBNB,10000,100,0.0,0.0,0.0,1.0,0.5193,0.8,0.0,0.7,1.0,0.7,0.3609,reject
BSC,PancakeSwap V3,0x769fdcaa6a18495eb52fe93d19ce347dad9817bc,BTCB/WBNB,10000,500,0.0,0.0,0.0,1.0,0.5193,0.8,0.0,0.7,1.0,0.7,0.3609,reject
BSC,PancakeSwap V3,0x769fdcaa6a18495eb52fe93d19ce347dad9817bc,BTCB/WBNB,10000,1000,0.0,0.0,0.0,1.0,0.5193,0.8,0.0,0.7,1.0,0.7,0.3609,reject
BSC,PancakeSwap V3,0x769fdcaa6a18495eb52fe93d19ce347dad9817bc,BTCB/WBNB,10000,2000,0.0,0.0,0.0,1.0,0.5193,0.8,0.0,0.7,1.0,0.7,0.3609,reject
BSC,PancakeSwap V3,0x9f599f3d64a9d99ea21e68127bb6ce99f893da61,WETH/USDT,100,10,0.0,0.0,0.0,1.0,0.8551,0.8,0.0,0.7,1.0,0.7,0.3945,reject
BSC,PancakeSwap V3,0x9f599f3d64a9d99ea21e68127bb6ce99f893da61,WETH/USDT,100,20,0.0,0.0,0.0,1.0,0.8551,0.8,0.0,0.7,1.0,0.7,0.3945,reject
BSC,PancakeSwap V3,0x9f599f3d64a9d99ea21e68127bb6ce99f893da61,WETH/USDT,100,100,0.0,0.0,0.0,1.0,0.8551,0.8,0.0,0.7,1.0,0.7,0.3945,reject
BSC,PancakeSwap V3,0x9f599f3d64a9d99ea21e68127bb6ce99f893da61,WETH/USDT,100,500,0.0,0.0,0.0,1.0,0.8551,0.8,0.0,0.7,1.0,0.7,0.3945,reject
BSC,PancakeSwap V3,0x9f599f3d64a9d99ea21e68127bb6ce99f893da61,WETH/USDT,100,1000,0.0,0.0,0.0,1.0,0.8551,0.8,0.0,0.7,1.0,0.7,0.3945,reject
BSC,PancakeSwap V3,0x9f599f3d64a9d99ea21e68127bb6ce99f893da61,WETH/USDT,100,2000,0.0,0.0,0.0,1.0,0.8551,0.8,0.0,0.7,1.0,0.7,0.3945,reject
BSC,PancakeSwap V3,0xbe141893e4c6ad9272e8c04bab7e6a10604501a5,WETH/USDT,500,10,0.0,0.0,0.0,1.0,0.8614,0.8,0.0,0.7,1.0,0.7,0.3951,reject
BSC,PancakeSwap V3,0xbe141893e4c6ad9272e8c04bab7e6a10604501a5,WETH/USDT,500,20,0.0,0.0,0.0,1.0,0.8614,0.8,0.0,0.7,1.0,0.7,0.3951,reject
BSC,PancakeSwap V3,0xbe141893e4c6ad9272e8c04bab7e6a10604501a5,WETH/USDT,500,100,0.0,0.0,0.0,1.0,0.8614,0.8,0.0,0.7,1.0,0.7,0.3951,reject
BSC,PancakeSwap V3,0xbe141893e4c6ad9272e8c04bab7e6a10604501a5,WETH/USDT,500,500,0.0,0.0,0.0,1.0,0.8614,0.8,0.0,0.7,1.0,0.7,0.3951,reject
BSC,PancakeSwap V3,0xbe141893e4c6ad9272e8c04bab7e6a10604501a5,WETH/USDT,500,1000,0.0,0.0,0.0,1.0,0.8614,0.8,0.0,0.7,1.0,0.7,0.3951,reject
BSC,PancakeSwap V3,0xbe141893e4c6ad9272e8c04bab7e6a10604501a5,WETH/USDT,500,2000,0.0,0.0,0.0,1.0,0.8614,0.8,0.0,0.7,1.0,0.7,0.3951,reject
BSC,PancakeSwap V3,0x66e9acba7c3a82c8ee02faf3e325dd55d6581a8c,WETH/USDT,2500,10,0.0,0.0,0.0,1.0,0.6799,0.8,0.0,0.7,1.0,0.7,0.377,reject
BSC,PancakeSwap V3,0x66e9acba7c3a82c8ee02faf3e325dd55d6581a8c,WETH/USDT,2500,20,0.0,0.0,0.0,1.0,0.6799,0.8,0.0,0.7,1.0,0.7,0.377,reject
BSC,PancakeSwap V3,0x66e9acba7c3a82c8ee02faf3e325dd55d6581a8c,WETH/USDT,2500,100,0.0,0.0,0.0,1.0,0.6799,0.8,0.0,0.7,1.0,0.7,0.377,reject
BSC,PancakeSwap V3,0x66e9acba7c3a82c8ee02faf3e325dd55d6581a8c,WETH/USDT,2500,500,0.0,0.0,0.0,1.0,0.6799,0.8,0.0,0.7,1.0,0.7,0.377,reject
BSC,PancakeSwap V3,0x66e9acba7c3a82c8ee02faf3e325dd55d6581a8c,WETH/USDT,2500,1000,0.0,0.0,0.0,1.0,0.6799,0.8,0.0,0.7,1.0,0.7,0.377,reject
BSC,PancakeSwap V3,0x66e9acba7c3a82c8ee02faf3e325dd55d6581a8c,WETH/USDT,2500,2000,0.0,0.0,0.0,1.0,0.6799,0.8,0.0,0.7,1.0,0.7,0.377,reject
BSC,PancakeSwap V3,0x92b7807bf19b7dddf89b706143896d05228f3121,USDC/USDT,100,10,0.0,0.0,0.0,1.0,1.0,0.8,0.0,0.7,1.0,0.7,0.409,needs_data
BSC,PancakeSwap V3,0x92b7807bf19b7dddf89b706143896d05228f3121,USDC/USDT,100,20,0.0,0.0,0.0,1.0,1.0,0.8,0.0,0.7,1.0,0.7,0.409,needs_data
BSC,PancakeSwap V3,0x92b7807bf19b7dddf89b706143896d05228f3121,USDC/USDT,100,100,0.0,0.0,0.0,1.0,1.0,0.8,0.0,0.7,1.0,0.7,0.409,needs_data
BSC,PancakeSwap V3,0x92b7807bf19b7dddf89b706143896d05228f3121,USDC/USDT,100,500,0.0,0.0,0.0,1.0,1.0,0.8,0.0,0.7,1.0,0.7,0.409,needs_data
BSC,PancakeSwap V3,0x92b7807bf19b7dddf89b706143896d05228f3121,USDC/USDT,100,1000,0.0,0.0,0.0,1.0,1.0,0.8,0.0,0.7,1.0,0.7,0.409,needs_data
BSC,PancakeSwap V3,0x92b7807bf19b7dddf89b706143896d05228f3121,USDC/USDT,100,2000,0.0,0.0,0.0,1.0,1.0,0.8,0.0,0.7,1.0,0.7,0.409,needs_data
BSC,PancakeSwap V3,0x4f31fa980a675570939b737ebdde0471a4be40eb,USDC/USDT,500,10,0.0,0.0,0.0,1.0,1.0,0.8,0.0,0.7,1.0,0.7,0.409,needs_data
BSC,PancakeSwap V3,0x4f31fa980a675570939b737ebdde0471a4be40eb,USDC/USDT,500,20,0.0,0.0,0.0,1.0,1.0,0.8,0.0,0.7,1.0,0.7,0.409,needs_data
BSC,PancakeSwap V3,0x4f31fa980a675570939b737ebdde0471a4be40eb,USDC/USDT,500,100,0.0,0.0,0.0,1.0,1.0,0.8,0.0,0.7,1.0,0.7,0.409,needs_data
BSC,PancakeSwap V3,0x4f31fa980a675570939b737ebdde0471a4be40eb,USDC/USDT,500,500,0.0,0.0,0.0,1.0,1.0,0.8,0.0,0.7,1.0,0.7,0.409,needs_data
BSC,PancakeSwap V3,0x4f31fa980a675570939b737ebdde0471a4be40eb,USDC/USDT,500,1000,0.0,0.0,0.0,1.0,1.0,0.8,0.0,0.7,1.0,0.7,0.409,needs_data
BSC,PancakeSwap V3,0x4f31fa980a675570939b737ebdde0471a4be40eb,USDC/USDT,500,2000,0.0,0.0,0.0,1.0,1.0,0.8,0.0,0.7,1.0,0.7,0.409,needs_data
BSC,PancakeSwap V3,0x5f69c87e3ed60d6b6b544c16f0072cd4a72ad13c,USDC/USDT,2500,10,0.0,0.0,0.0,1.0,1.0,0.8,0.0,0.7,1.0,0.7,0.409,needs_data
BSC,PancakeSwap V3,0x5f69c87e3ed60d6b6b544c16f0072cd4a72ad13c,USDC/USDT,2500,20,0.0,0.0,0.0,1.0,1.0,0.8,0.0,0.7,1.0,0.7,0.409,needs_data
BSC,PancakeSwap V3,0x5f69c87e3ed60d6b6b544c16f0072cd4a72ad13c,USDC/USDT,2500,100,0.0,0.0,0.0,1.0,1.0,0.8,0.0,0.7,1.0,0.7,0.409,needs_data
BSC,PancakeSwap V3,0x5f69c87e3ed60d6b6b544c16f0072cd4a72ad13c,USDC/USDT,2500,500,0.0,0.0,0.0,1.0,1.0,0.8,0.0,0.7,1.0,0.7,0.409,needs_data
BSC,PancakeSwap V3,0x5f69c87e3ed60d6b6b544c16f0072cd4a72ad13c,USDC/USDT,2500,1000,0.0,0.0,0.0,1.0,1.0,0.8,0.0,0.7,1.0,0.7,0.409,needs_data
BSC,PancakeSwap V3,0x5f69c87e3ed60d6b6b544c16f0072cd4a72ad13c,USDC/USDT,2500,2000,0.0,0.0,0.0,1.0,1.0,0.8,0.0,0.7,1.0,0.7,0.409,needs_data
BSC,PancakeSwap V3,0x418e8bf549cb4a544d033edc8bc26c3357e6efa7,USDC/USDT,10000,10,0.0,0.0,0.0,1.0,0.586,0.8,0.0,0.7,1.0,0.7,0.3676,reject
BSC,PancakeSwap V3,0x418e8bf549cb4a544d033edc8bc26c3357e6efa7,USDC/USDT,10000,20,0.0,0.0,0.0,1.0,0.586,0.8,0.0,0.7,1.0,0.7,0.3676,reject
BSC,PancakeSwap V3,0x418e8bf549cb4a544d033edc8bc26c3357e6efa7,USDC/USDT,10000,100,0.0,0.0,0.0,1.0,0.586,0.8,0.0,0.7,1.0,0.7,0.3676,reject
BSC,PancakeSwap V3,0x418e8bf549cb4a544d033edc8bc26c3357e6efa7,USDC/USDT,10000,500,0.0,0.0,0.0,1.0,0.586,0.8,0.0,0.7,1.0,0.7,0.3676,reject
BSC,PancakeSwap V3,0x418e8bf549cb4a544d033edc8bc26c3357e6efa7,USDC/USDT,10000,1000,0.0,0.0,0.0,1.0,0.586,0.8,0.0,0.7,1.0,0.7,0.3676,reject
BSC,PancakeSwap V3,0x418e8bf549cb4a544d033edc8bc26c3357e6efa7,USDC/USDT,10000,2000,0.0,0.0,0.0,1.0,0.586,0.8,0.0,0.7,1.0,0.7,0.3676,reject
Arbitrum,Uniswap V3,0x6f38e884725a116c9c7fbf208e79fe8828a2595f,WETH/USDC,100,10,0.0,0.0,0.0,1.0,0.3626,0.8,0.0,0.7,1.0,0.85,0.3483,reject
Arbitrum,Uniswap V3,0x6f38e884725a116c9c7fbf208e79fe8828a2595f,WETH/USDC,100,20,0.0,0.0,0.0,1.0,0.3626,0.8,0.0,0.7,1.0,0.85,0.3483,reject
Arbitrum,Uniswap V3,0x6f38e884725a116c9c7fbf208e79fe8828a2595f,WETH/USDC,100,100,0.0,0.0,0.0,1.0,0.3626,0.8,0.0,0.7,1.0,0.85,0.3483,reject
Arbitrum,Uniswap V3,0x6f38e884725a116c9c7fbf208e79fe8828a2595f,WETH/USDC,100,500,0.0,0.0,0.0,1.0,0.3626,0.8,0.0,0.7,1.0,0.85,0.3483,reject
Arbitrum,Uniswap V3,0x6f38e884725a116c9c7fbf208e79fe8828a2595f,WETH/USDC,100,1000,0.0,0.0,0.0,1.0,0.3626,0.8,0.0,0.7,1.0,0.85,0.3483,reject
Arbitrum,Uniswap V3,0x6f38e884725a116c9c7fbf208e79fe8828a2595f,WETH/USDC,100,2000,0.0,0.0,0.0,1.0,0.3626,0.8,0.0,0.7,1.0,0.85,0.3483,reject
Arbitrum,Uniswap V3,0xc6962004f452be9203591991d15f6b388e09e8d0,WETH/USDC,500,10,0.0,0.0,0.0,1.0,0.5573,0.8,0.0,0.7,1.0,0.85,0.3677,reject
Arbitrum,Uniswap V3,0xc6962004f452be9203591991d15f6b388e09e8d0,WETH/USDC,500,20,0.0,0.0,0.0,1.0,0.5573,0.8,0.0,0.7,1.0,0.85,0.3677,reject
Arbitrum,Uniswap V3,0xc6962004f452be9203591991d15f6b388e09e8d0,WETH/USDC,500,100,0.0,0.0,0.0,1.0,0.5573,0.8,0.0,0.7,1.0,0.85,0.3677,reject
Arbitrum,Uniswap V3,0xc6962004f452be9203591991d15f6b388e09e8d0,WETH/USDC,500,500,0.0,0.0,0.0,1.0,0.5573,0.8,0.0,0.7,1.0,0.85,0.3677,reject
Arbitrum,Uniswap V3,0xc6962004f452be9203591991d15f6b388e09e8d0,WETH/USDC,500,1000,0.0,0.0,0.0,1.0,0.5573,0.8,0.0,0.7,1.0,0.85,0.3677,reject
Arbitrum,Uniswap V3,0xc6962004f452be9203591991d15f6b388e09e8d0,WETH/USDC,500,2000,0.0,0.0,0.0,1.0,0.5573,0.8,0.0,0.7,1.0,0.85,0.3677,reject
Arbitrum,Uniswap V3,0xc473e2aee3441bf9240be85eb122abb059a3b57c,WETH/USDC,3000,10,0.0,0.0,0.0,1.0,0.5159,0.8,0.0,0.7,1.0,0.85,0.3636,reject
Arbitrum,Uniswap V3,0xc473e2aee3441bf9240be85eb122abb059a3b57c,WETH/USDC,3000,20,0.0,0.0,0.0,1.0,0.5159,0.8,0.0,0.7,1.0,0.85,0.3636,reject
Arbitrum,Uniswap V3,0xc473e2aee3441bf9240be85eb122abb059a3b57c,WETH/USDC,3000,100,0.0,0.0,0.0,1.0,0.5159,0.8,0.0,0.7,1.0,0.85,0.3636,reject
Arbitrum,Uniswap V3,0xc473e2aee3441bf9240be85eb122abb059a3b57c,WETH/USDC,3000,500,0.0,0.0,0.0,1.0,0.5159,0.8,0.0,0.7,1.0,0.85,0.3636,reject
Arbitrum,Uniswap V3,0xc473e2aee3441bf9240be85eb122abb059a3b57c,WETH/USDC,3000,1000,0.0,0.0,0.0,1.0,0.5159,0.8,0.0,0.7,1.0,0.85,0.3636,reject
Arbitrum,Uniswap V3,0xc473e2aee3441bf9240be85eb122abb059a3b57c,WETH/USDC,3000,2000,0.0,0.0,0.0,1.0,0.5159,0.8,0.0,0.7,1.0,0.85,0.3636,reject
Arbitrum,Uniswap V3,0x42fc852a750ba93d5bf772ecdc857e87a86403a9,WETH/USDC,10000,10,0.0,0.0,0.0,1.0,0.3631,0.8,0.0,0.7,1.0,0.85,0.3483,reject
Arbitrum,Uniswap V3,0x42fc852a750ba93d5bf772ecdc857e87a86403a9,WETH/USDC,10000,20,0.0,0.0,0.0,1.0,0.3631,0.8,0.0,0.7,1.0,0.85,0.3483,reject
Arbitrum,Uniswap V3,0x42fc852a750ba93d5bf772ecdc857e87a86403a9,WETH/USDC,10000,100,0.0,0.0,0.0,1.0,0.3631,0.8,0.0,0.7,1.0,0.85,0.3483,reject
Arbitrum,Uniswap V3,0x42fc852a750ba93d5bf772ecdc857e87a86403a9,WETH/USDC,10000,500,0.0,0.0,0.0,1.0,0.3631,0.8,0.0,0.7,1.0,0.85,0.3483,reject
Arbitrum,Uniswap V3,0x42fc852a750ba93d5bf772ecdc857e87a86403a9,WETH/USDC,10000,1000,0.0,0.0,0.0,1.0,0.3631,0.8,0.0,0.7,1.0,0.85,0.3483,reject
Arbitrum,Uniswap V3,0x42fc852a750ba93d5bf772ecdc857e87a86403a9,WETH/USDC,10000,2000,0.0,0.0,0.0,1.0,0.3631,0.8,0.0,0.7,1.0,0.85,0.3483,reject
Arbitrum,Uniswap V3,0xe754841b77c874135caca3386676e886459c2d61,WETH/USDC.e,100,10,0.0,0.0,0.0,1.0,0.3086,0.8,0.0,0.7,1.0,0.85,0.3429,reject
Arbitrum,Uniswap V3,0xe754841b77c874135caca3386676e886459c2d61,WETH/USDC.e,100,20,0.0,0.0,0.0,1.0,0.3086,0.8,0.0,0.7,1.0,0.85,0.3429,reject
Arbitrum,Uniswap V3,0xe754841b77c874135caca3386676e886459c2d61,WETH/USDC.e,100,100,0.0,0.0,0.0,1.0,0.3086,0.8,0.0,0.7,1.0,0.85,0.3429,reject
Arbitrum,Uniswap V3,0xe754841b77c874135caca3386676e886459c2d61,WETH/USDC.e,100,500,0.0,0.0,0.0,1.0,0.3086,0.8,0.0,0.7,1.0,0.85,0.3429,reject
Arbitrum,Uniswap V3,0xe754841b77c874135caca3386676e886459c2d61,WETH/USDC.e,100,1000,0.0,0.0,0.0,1.0,0.3086,0.8,0.0,0.7,1.0,0.85,0.3429,reject
Arbitrum,Uniswap V3,0xe754841b77c874135caca3386676e886459c2d61,WETH/USDC.e,100,2000,0.0,0.0,0.0,1.0,0.3086,0.8,0.0,0.7,1.0,0.85,0.3429,reject
Arbitrum,Uniswap V3,0xc31e54c7a869b9fcbecc14363cf510d1c41fa443,WETH/USDC.e,500,10,0.0,0.0,0.0,1.0,0.4372,0.8,0.0,0.7,1.0,0.85,0.3557,reject
Arbitrum,Uniswap V3,0xc31e54c7a869b9fcbecc14363cf510d1c41fa443,WETH/USDC.e,500,20,0.0,0.0,0.0,1.0,0.4372,0.8,0.0,0.7,1.0,0.85,0.3557,reject
Arbitrum,Uniswap V3,0xc31e54c7a869b9fcbecc14363cf510d1c41fa443,WETH/USDC.e,500,100,0.0,0.0,0.0,1.0,0.4372,0.8,0.0,0.7,1.0,0.85,0.3557,reject
Arbitrum,Uniswap V3,0xc31e54c7a869b9fcbecc14363cf510d1c41fa443,WETH/USDC.e,500,500,0.0,0.0,0.0,1.0,0.4372,0.8,0.0,0.7,1.0,0.85,0.3557,reject
Arbitrum,Uniswap V3,0xc31e54c7a869b9fcbecc14363cf510d1c41fa443,WETH/USDC.e,500,1000,0.0,0.0,0.0,1.0,0.4372,0.8,0.0,0.7,1.0,0.85,0.3557,reject
Arbitrum,Uniswap V3,0xc31e54c7a869b9fcbecc14363cf510d1c41fa443,WETH/USDC.e,500,2000,0.0,0.0,0.0,1.0,0.4372,0.8,0.0,0.7,1.0,0.85,0.3557,reject
Arbitrum,Uniswap V3,0x17c14d2c404d167802b16c450d3c99f88f2c4f4d,WETH/USDC.e,3000,10,0.0,0.0,0.0,1.0,0.4066,0.8,0.0,0.7,1.0,0.85,0.3527,reject
Arbitrum,Uniswap V3,0x17c14d2c404d167802b16c450d3c99f88f2c4f4d,WETH/USDC.e,3000,20,0.0,0.0,0.0,1.0,0.4066,0.8,0.0,0.7,1.0,0.85,0.3527,reject
Arbitrum,Uniswap V3,0x17c14d2c404d167802b16c450d3c99f88f2c4f4d,WETH/USDC.e,3000,100,0.0,0.0,0.0,1.0,0.4066,0.8,0.0,0.7,1.0,0.85,0.3527,reject
Arbitrum,Uniswap V3,0x17c14d2c404d167802b16c450d3c99f88f2c4f4d,WETH/USDC.e,3000,500,0.0,0.0,0.0,1.0,0.4066,0.8,0.0,0.7,1.0,0.85,0.3527,reject
Arbitrum,Uniswap V3,0x17c14d2c404d167802b16c450d3c99f88f2c4f4d,WETH/USDC.e,3000,1000,0.0,0.0,0.0,1.0,0.4066,0.8,0.0,0.7,1.0,0.85,0.3527,reject
Arbitrum,Uniswap V3,0x17c14d2c404d167802b16c450d3c99f88f2c4f4d,WETH/USDC.e,3000,2000,0.0,0.0,0.0,1.0,0.4066,0.8,0.0,0.7,1.0,0.85,0.3527,reject
Arbitrum,Uniswap V3,0x7e5e4a3f855f19cc1a45b9eff1c8b2419036ce85,WETH/USDC.e,10000,10,0.0,0.0,0.0,1.0,0.2527,0.8,0.0,0.7,1.0,0.85,0.3373,reject
Arbitrum,Uniswap V3,0x7e5e4a3f855f19cc1a45b9eff1c8b2419036ce85,WETH/USDC.e,10000,20,0.0,0.0,0.0,1.0,0.2527,0.8,0.0,0.7,1.0,0.85,0.3373,reject
Arbitrum,Uniswap V3,0x7e5e4a3f855f19cc1a45b9eff1c8b2419036ce85,WETH/USDC.e,10000,100,0.0,0.0,0.0,1.0,0.2527,0.8,0.0,0.7,1.0,0.85,0.3373,reject
Arbitrum,Uniswap V3,0x7e5e4a3f855f19cc1a45b9eff1c8b2419036ce85,WETH/USDC.e,10000,500,0.0,0.0,0.0,1.0,0.2527,0.8,0.0,0.7,1.0,0.85,0.3373,reject
Arbitrum,Uniswap V3,0x7e5e4a3f855f19cc1a45b9eff1c8b2419036ce85,WETH/USDC.e,10000,1000,0.0,0.0,0.0,1.0,0.2527,0.8,0.0,0.7,1.0,0.85,0.3373,reject
Arbitrum,Uniswap V3,0x7e5e4a3f855f19cc1a45b9eff1c8b2419036ce85,WETH/USDC.e,10000,2000,0.0,0.0,0.0,1.0,0.2527,0.8,0.0,0.7,1.0,0.85,0.3373,reject
Arbitrum,Uniswap V3,0x42161084d0672e1d3f26a9b53e653be2084ff19c,WETH/USDT,100,10,0.0,0.0,0.0,1.0,0.311,0.8,0.0,0.7,1.0,0.85,0.3431,reject
Arbitrum,Uniswap V3,0x42161084d0672e1d3f26a9b53e653be2084ff19c,WETH/USDT,100,20,0.0,0.0,0.0,1.0,0.311,0.8,0.0,0.7,1.0,0.85,0.3431,reject
Arbitrum,Uniswap V3,0x42161084d0672e1d3f26a9b53e653be2084ff19c,WETH/USDT,100,100,0.0,0.0,0.0,1.0,0.311,0.8,0.0,0.7,1.0,0.85,0.3431,reject
Arbitrum,Uniswap V3,0x42161084d0672e1d3f26a9b53e653be2084ff19c,WETH/USDT,100,500,0.0,0.0,0.0,1.0,0.311,0.8,0.0,0.7,1.0,0.85,0.3431,reject
Arbitrum,Uniswap V3,0x42161084d0672e1d3f26a9b53e653be2084ff19c,WETH/USDT,100,1000,0.0,0.0,0.0,1.0,0.311,0.8,0.0,0.7,1.0,0.85,0.3431,reject
Arbitrum,Uniswap V3,0x42161084d0672e1d3f26a9b53e653be2084ff19c,WETH/USDT,100,2000,0.0,0.0,0.0,1.0,0.311,0.8,0.0,0.7,1.0,0.85,0.3431,reject
Arbitrum,Uniswap V3,0x641c00a822e8b671738d32a431a4fb6074e5c79d,WETH/USDT,500,10,0.0,0.0,0.0,1.0,0.5082,0.8,0.0,0.7,1.0,0.85,0.3628,reject
Arbitrum,Uniswap V3,0x641c00a822e8b671738d32a431a4fb6074e5c79d,WETH/USDT,500,20,0.0,0.0,0.0,1.0,0.5082,0.8,0.0,0.7,1.0,0.85,0.3628,reject
Arbitrum,Uniswap V3,0x641c00a822e8b671738d32a431a4fb6074e5c79d,WETH/USDT,500,100,0.0,0.0,0.0,1.0,0.5082,0.8,0.0,0.7,1.0,0.85,0.3628,reject
Arbitrum,Uniswap V3,0x641c00a822e8b671738d32a431a4fb6074e5c79d,WETH/USDT,500,500,0.0,0.0,0.0,1.0,0.5082,0.8,0.0,0.7,1.0,0.85,0.3628,reject
Arbitrum,Uniswap V3,0x641c00a822e8b671738d32a431a4fb6074e5c79d,WETH/USDT,500,1000,0.0,0.0,0.0,1.0,0.5082,0.8,0.0,0.7,1.0,0.85,0.3628,reject
Arbitrum,Uniswap V3,0x641c00a822e8b671738d32a431a4fb6074e5c79d,WETH/USDT,500,2000,0.0,0.0,0.0,1.0,0.5082,0.8,0.0,0.7,1.0,0.85,0.3628,reject
Arbitrum,Uniswap V3,0xc82819f72a9e77e2c0c3a69b3196478f44303cf4,WETH/USDT,3000,10,0.0,0.0,0.0,1.0,0.4304,0.8,0.0,0.7,1.0,0.85,0.355,reject
Arbitrum,Uniswap V3,0xc82819f72a9e77e2c0c3a69b3196478f44303cf4,WETH/USDT,3000,20,0.0,0.0,0.0,1.0,0.4304,0.8,0.0,0.7,1.0,0.85,0.355,reject
Arbitrum,Uniswap V3,0xc82819f72a9e77e2c0c3a69b3196478f44303cf4,WETH/USDT,3000,100,0.0,0.0,0.0,1.0,0.4304,0.8,0.0,0.7,1.0,0.85,0.355,reject
Arbitrum,Uniswap V3,0xc82819f72a9e77e2c0c3a69b3196478f44303cf4,WETH/USDT,3000,500,0.0,0.0,0.0,1.0,0.4304,0.8,0.0,0.7,1.0,0.85,0.355,reject
Arbitrum,Uniswap V3,0xc82819f72a9e77e2c0c3a69b3196478f44303cf4,WETH/USDT,3000,1000,0.0,0.0,0.0,1.0,0.4304,0.8,0.0,0.7,1.0,0.85,0.355,reject
Arbitrum,Uniswap V3,0xc82819f72a9e77e2c0c3a69b3196478f44303cf4,WETH/USDT,3000,2000,0.0,0.0,0.0,1.0,0.4304,0.8,0.0,0.7,1.0,0.85,0.355,reject
Arbitrum,Uniswap V3,0x58039203442c9f2a45d5536bd021a383c7f3035c,WETH/USDT,10000,10,0.0,0.0,0.0,1.0,0.3099,0.8,0.0,0.7,1.0,0.85,0.343,reject
Arbitrum,Uniswap V3,0x58039203442c9f2a45d5536bd021a383c7f3035c,WETH/USDT,10000,20,0.0,0.0,0.0,1.0,0.3099,0.8,0.0,0.7,1.0,0.85,0.343,reject
Arbitrum,Uniswap V3,0x58039203442c9f2a45d5536bd021a383c7f3035c,WETH/USDT,10000,100,0.0,0.0,0.0,1.0,0.3099,0.8,0.0,0.7,1.0,0.85,0.343,reject
Arbitrum,Uniswap V3,0x58039203442c9f2a45d5536bd021a383c7f3035c,WETH/USDT,10000,500,0.0,0.0,0.0,1.0,0.3099,0.8,0.0,0.7,1.0,0.85,0.343,reject
Arbitrum,Uniswap V3,0x58039203442c9f2a45d5536bd021a383c7f3035c,WETH/USDT,10000,1000,0.0,0.0,0.0,1.0,0.3099,0.8,0.0,0.7,1.0,0.85,0.343,reject
Arbitrum,Uniswap V3,0x58039203442c9f2a45d5536bd021a383c7f3035c,WETH/USDT,10000,2000,0.0,0.0,0.0,1.0,0.3099,0.8,0.0,0.7,1.0,0.85,0.343,reject
Arbitrum,Uniswap V3,0x0e4831319a50228b9e450861297ab92dee15b44f,WBTC/USDC,500,10,0.0,0.0,0.0,1.0,0.1373,0.8,0.0,0.7,1.0,0.85,0.3257,reject
Arbitrum,Uniswap V3,0x0e4831319a50228b9e450861297ab92dee15b44f,WBTC/USDC,500,20,0.0,0.0,0.0,1.0,0.1373,0.8,0.0,0.7,1.0,0.85,0.3257,reject
Arbitrum,Uniswap V3,0x0e4831319a50228b9e450861297ab92dee15b44f,WBTC/USDC,500,100,0.0,0.0,0.0,1.0,0.1373,0.8,0.0,0.7,1.0,0.85,0.3257,reject
Arbitrum,Uniswap V3,0x0e4831319a50228b9e450861297ab92dee15b44f,WBTC/USDC,500,500,0.0,0.0,0.0,1.0,0.1373,0.8,0.0,0.7,1.0,0.85,0.3257,reject
Arbitrum,Uniswap V3,0x0e4831319a50228b9e450861297ab92dee15b44f,WBTC/USDC,500,1000,0.0,0.0,0.0,1.0,0.1373,0.8,0.0,0.7,1.0,0.85,0.3257,reject
Arbitrum,Uniswap V3,0x0e4831319a50228b9e450861297ab92dee15b44f,WBTC/USDC,500,2000,0.0,0.0,0.0,1.0,0.1373,0.8,0.0,0.7,1.0,0.85,0.3257,reject
Arbitrum,Uniswap V3,0x6985cb98ce393fce8d6272127f39013f61e36166,WBTC/USDC,3000,10,0.0,0.0,0.0,1.0,0.0311,0.8,0.0,0.7,0.1462,0.85,0.2895,reject
Arbitrum,Uniswap V3,0x6985cb98ce393fce8d6272127f39013f61e36166,WBTC/USDC,3000,20,0.0,0.0,0.0,1.0,0.0311,0.8,0.0,0.7,0.1462,0.85,0.2895,reject
Arbitrum,Uniswap V3,0x6985cb98ce393fce8d6272127f39013f61e36166,WBTC/USDC,3000,100,0.0,0.0,0.0,1.0,0.0311,0.8,0.0,0.7,0.1462,0.85,0.2895,reject
Arbitrum,Uniswap V3,0x6985cb98ce393fce8d6272127f39013f61e36166,WBTC/USDC,3000,500,0.0,0.0,0.0,0.5848,0.0311,0.8,0.0,0.7,0.1462,0.85,0.2272,reject
Arbitrum,Uniswap V3,0x6985cb98ce393fce8d6272127f39013f61e36166,WBTC/USDC,3000,1000,0.0,0.0,0.0,0.2924,0.0311,0.8,0.0,0.7,0.1462,0.85,0.1834,reject
Arbitrum,Uniswap V3,0x6985cb98ce393fce8d6272127f39013f61e36166,WBTC/USDC,3000,2000,0.0,0.0,0.0,0.1462,0.0311,0.8,0.0,0.7,0.1462,0.85,0.1614,reject
Arbitrum,Uniswap V3,0x719826896832c9deaa868272f2dd55cf1e5ca3e7,WBTC/USDC,10000,10,0.0,0.0,0.0,0.1443,0.0,0.8,0.0,0.7,0.005,0.85,0.1538,reject
Arbitrum,Uniswap V3,0x719826896832c9deaa868272f2dd55cf1e5ca3e7,WBTC/USDC,10000,20,0.0,0.0,0.0,0.0721,0.0,0.8,0.0,0.7,0.005,0.85,0.143,reject
Arbitrum,Uniswap V3,0x719826896832c9deaa868272f2dd55cf1e5ca3e7,WBTC/USDC,10000,100,0.0,0.0,0.0,0.0144,0.0,0.8,0.0,0.7,0.005,0.85,0.1343,reject
Arbitrum,Uniswap V3,0x719826896832c9deaa868272f2dd55cf1e5ca3e7,WBTC/USDC,10000,500,0.0,0.0,0.0,0.0029,0.0,0.8,0.0,0.7,0.005,0.85,0.1326,reject
Arbitrum,Uniswap V3,0x719826896832c9deaa868272f2dd55cf1e5ca3e7,WBTC/USDC,10000,1000,0.0,0.0,0.0,0.0014,0.0,0.8,0.0,0.7,0.005,0.85,0.1324,reject
Arbitrum,Uniswap V3,0x719826896832c9deaa868272f2dd55cf1e5ca3e7,WBTC/USDC,10000,2000,0.0,0.0,0.0,0.0007,0.0,0.8,0.0,0.7,0.005,0.85,0.1323,reject
Arbitrum,Uniswap V3,0x03a3be7ab4aa263d42d63b6cc594f4fb3d3f3951,WBTC/WETH,100,10,0.0,0.0,0.0,1.0,0.3178,0.8,0.0,0.7,1.0,0.85,0.3438,reject
Arbitrum,Uniswap V3,0x03a3be7ab4aa263d42d63b6cc594f4fb3d3f3951,WBTC/WETH,100,20,0.0,0.0,0.0,1.0,0.3178,0.8,0.0,0.7,1.0,0.85,0.3438,reject
Arbitrum,Uniswap V3,0x03a3be7ab4aa263d42d63b6cc594f4fb3d3f3951,WBTC/WETH,100,100,0.0,0.0,0.0,1.0,0.3178,0.8,0.0,0.7,1.0,0.85,0.3438,reject
Arbitrum,Uniswap V3,0x03a3be7ab4aa263d42d63b6cc594f4fb3d3f3951,WBTC/WETH,100,500,0.0,0.0,0.0,1.0,0.3178,0.8,0.0,0.7,1.0,0.85,0.3438,reject
Arbitrum,Uniswap V3,0x03a3be7ab4aa263d42d63b6cc594f4fb3d3f3951,WBTC/WETH,100,1000,0.0,0.0,0.0,1.0,0.3178,0.8,0.0,0.7,1.0,0.85,0.3438,reject
Arbitrum,Uniswap V3,0x03a3be7ab4aa263d42d63b6cc594f4fb3d3f3951,WBTC/WETH,100,2000,0.0,0.0,0.0,1.0,0.3178,0.8,0.0,0.7,1.0,0.85,0.3438,reject
Arbitrum,Uniswap V3,0x2f5e87c9312fa29aed5c179e456625d79015299c,WBTC/WETH,500,10,0.0,0.0,0.0,1.0,0.4998,0.8,0.0,0.7,1.0,0.85,0.362,reject
Arbitrum,Uniswap V3,0x2f5e87c9312fa29aed5c179e456625d79015299c,WBTC/WETH,500,20,0.0,0.0,0.0,1.0,0.4998,0.8,0.0,0.7,1.0,0.85,0.362,reject
Arbitrum,Uniswap V3,0x2f5e87c9312fa29aed5c179e456625d79015299c,WBTC/WETH,500,100,0.0,0.0,0.0,1.0,0.4998,0.8,0.0,0.7,1.0,0.85,0.362,reject
Arbitrum,Uniswap V3,0x2f5e87c9312fa29aed5c179e456625d79015299c,WBTC/WETH,500,500,0.0,0.0,0.0,1.0,0.4998,0.8,0.0,0.7,1.0,0.85,0.362,reject
Arbitrum,Uniswap V3,0x2f5e87c9312fa29aed5c179e456625d79015299c,WBTC/WETH,500,1000,0.0,0.0,0.0,1.0,0.4998,0.8,0.0,0.7,1.0,0.85,0.362,reject
Arbitrum,Uniswap V3,0x2f5e87c9312fa29aed5c179e456625d79015299c,WBTC/WETH,500,2000,0.0,0.0,0.0,1.0,0.4998,0.8,0.0,0.7,1.0,0.85,0.362,reject
Arbitrum,Uniswap V3,0x149e36e72726e0bcea5c59d40df2c43f60f5a22d,WBTC/WETH,3000,10,0.0,0.0,0.0,1.0,0.3613,0.8,0.0,0.7,1.0,0.85,0.3481,reject
Arbitrum,Uniswap V3,0x149e36e72726e0bcea5c59d40df2c43f60f5a22d,WBTC/WETH,3000,20,0.0,0.0,0.0,1.0,0.3613,0.8,0.0,0.7,1.0,0.85,0.3481,reject
Arbitrum,Uniswap V3,0x149e36e72726e0bcea5c59d40df2c43f60f5a22d,WBTC/WETH,3000,100,0.0,0.0,0.0,1.0,0.3613,0.8,0.0,0.7,1.0,0.85,0.3481,reject
Arbitrum,Uniswap V3,0x149e36e72726e0bcea5c59d40df2c43f60f5a22d,WBTC/WETH,3000,500,0.0,0.0,0.0,1.0,0.3613,0.8,0.0,0.7,1.0,0.85,0.3481,reject
Arbitrum,Uniswap V3,0x149e36e72726e0bcea5c59d40df2c43f60f5a22d,WBTC/WETH,3000,1000,0.0,0.0,0.0,1.0,0.3613,0.8,0.0,0.7,1.0,0.85,0.3481,reject
Arbitrum,Uniswap V3,0x149e36e72726e0bcea5c59d40df2c43f60f5a22d,WBTC/WETH,3000,2000,0.0,0.0,0.0,1.0,0.3613,0.8,0.0,0.7,1.0,0.85,0.3481,reject
Arbitrum,Uniswap V3,0x99dfc0126ed31e0169fc32db6b89adf9fee9a77e,WBTC/WETH,10000,10,0.0,0.0,0.0,1.0,0.2189,0.8,0.0,0.7,1.0,0.85,0.3339,reject
Arbitrum,Uniswap V3,0x99dfc0126ed31e0169fc32db6b89adf9fee9a77e,WBTC/WETH,10000,20,0.0,0.0,0.0,1.0,0.2189,0.8,0.0,0.7,1.0,0.85,0.3339,reject
Arbitrum,Uniswap V3,0x99dfc0126ed31e0169fc32db6b89adf9fee9a77e,WBTC/WETH,10000,100,0.0,0.0,0.0,1.0,0.2189,0.8,0.0,0.7,1.0,0.85,0.3339,reject
Arbitrum,Uniswap V3,0x99dfc0126ed31e0169fc32db6b89adf9fee9a77e,WBTC/WETH,10000,500,0.0,0.0,0.0,1.0,0.2189,0.8,0.0,0.7,1.0,0.85,0.3339,reject
Arbitrum,Uniswap V3,0x99dfc0126ed31e0169fc32db6b89adf9fee9a77e,WBTC/WETH,10000,1000,0.0,0.0,0.0,1.0,0.2189,0.8,0.0,0.7,1.0,0.85,0.3339,reject
Arbitrum,Uniswap V3,0x99dfc0126ed31e0169fc32db6b89adf9fee9a77e,WBTC/WETH,10000,2000,0.0,0.0,0.0,1.0,0.2189,0.8,0.0,0.7,1.0,0.85,0.3339,reject
Arbitrum,Uniswap V3,0xbe3ad6a5669dc0b8b12febc03608860c31e2eef6,USDC/USDT,100,10,0.0,0.0,0.0,1.0,0.4014,0.8,0.0,0.7,1.0,0.85,0.3521,reject
Arbitrum,Uniswap V3,0xbe3ad6a5669dc0b8b12febc03608860c31e2eef6,USDC/USDT,100,20,0.0,0.0,0.0,1.0,0.4014,0.8,0.0,0.7,1.0,0.85,0.3521,reject
Arbitrum,Uniswap V3,0xbe3ad6a5669dc0b8b12febc03608860c31e2eef6,USDC/USDT,100,100,0.0,0.0,0.0,1.0,0.4014,0.8,0.0,0.7,1.0,0.85,0.3521,reject
Arbitrum,Uniswap V3,0xbe3ad6a5669dc0b8b12febc03608860c31e2eef6,USDC/USDT,100,500,0.0,0.0,0.0,1.0,0.4014,0.8,0.0,0.7,1.0,0.85,0.3521,reject
Arbitrum,Uniswap V3,0xbe3ad6a5669dc0b8b12febc03608860c31e2eef6,USDC/USDT,100,1000,0.0,0.0,0.0,1.0,0.4014,0.8,0.0,0.7,1.0,0.85,0.3521,reject
Arbitrum,Uniswap V3,0xbe3ad6a5669dc0b8b12febc03608860c31e2eef6,USDC/USDT,100,2000,0.0,0.0,0.0,1.0,0.4014,0.8,0.0,0.7,1.0,0.85,0.3521,reject
Arbitrum,Uniswap V3,0xbce73c2e5a623054b0e8e2428e956f4b9d0412a5,USDC/USDT,500,10,0.0,0.0,0.0,1.0,0.1713,0.8,0.0,0.7,1.0,0.85,0.3291,reject
Arbitrum,Uniswap V3,0xbce73c2e5a623054b0e8e2428e956f4b9d0412a5,USDC/USDT,500,20,0.0,0.0,0.0,1.0,0.1713,0.8,0.0,0.7,1.0,0.85,0.3291,reject
Arbitrum,Uniswap V3,0xbce73c2e5a623054b0e8e2428e956f4b9d0412a5,USDC/USDT,500,100,0.0,0.0,0.0,1.0,0.1713,0.8,0.0,0.7,1.0,0.85,0.3291,reject
Arbitrum,Uniswap V3,0xbce73c2e5a623054b0e8e2428e956f4b9d0412a5,USDC/USDT,500,500,0.0,0.0,0.0,1.0,0.1713,0.8,0.0,0.7,1.0,0.85,0.3291,reject
Arbitrum,Uniswap V3,0xbce73c2e5a623054b0e8e2428e956f4b9d0412a5,USDC/USDT,500,1000,0.0,0.0,0.0,1.0,0.1713,0.8,0.0,0.7,1.0,0.85,0.3291,reject
Arbitrum,Uniswap V3,0xbce73c2e5a623054b0e8e2428e956f4b9d0412a5,USDC/USDT,500,2000,0.0,0.0,0.0,1.0,0.1713,0.8,0.0,0.7,1.0,0.85,0.3291,reject
Arbitrum,Uniswap V3,0x9957ab69651efe39b17c778e1435258f6a2cd314,USDC/USDT,3000,10,0.0,0.0,0.0,1.0,0.1169,0.8,0.0,0.7,1.0,0.85,0.3237,reject
Arbitrum,Uniswap V3,0x9957ab69651efe39b17c778e1435258f6a2cd314,USDC/USDT,3000,20,0.0,0.0,0.0,1.0,0.1169,0.8,0.0,0.7,1.0,0.85,0.3237,reject
Arbitrum,Uniswap V3,0x9957ab69651efe39b17c778e1435258f6a2cd314,USDC/USDT,3000,100,0.0,0.0,0.0,1.0,0.1169,0.8,0.0,0.7,1.0,0.85,0.3237,reject
Arbitrum,Uniswap V3,0x9957ab69651efe39b17c778e1435258f6a2cd314,USDC/USDT,3000,500,0.0,0.0,0.0,1.0,0.1169,0.8,0.0,0.7,1.0,0.85,0.3237,reject
Arbitrum,Uniswap V3,0x9957ab69651efe39b17c778e1435258f6a2cd314,USDC/USDT,3000,1000,0.0,0.0,0.0,1.0,0.1169,0.8,0.0,0.7,1.0,0.85,0.3237,reject
Arbitrum,Uniswap V3,0x9957ab69651efe39b17c778e1435258f6a2cd314,USDC/USDT,3000,2000,0.0,0.0,0.0,1.0,0.1169,0.8,0.0,0.7,1.0,0.85,0.3237,reject
Arbitrum,Uniswap V3,0xd7e7ad63359e2aa9e841f6e1326fb7e69479a50b,USDC/USDT,10000,10,0.0,0.0,0.0,1.0,0.0307,0.8,0.0,0.7,0.1445,0.85,0.2894,reject
Arbitrum,Uniswap V3,0xd7e7ad63359e2aa9e841f6e1326fb7e69479a50b,USDC/USDT,10000,20,0.0,0.0,0.0,1.0,0.0307,0.8,0.0,0.7,0.1445,0.85,0.2894,reject
Arbitrum,Uniswap V3,0xd7e7ad63359e2aa9e841f6e1326fb7e69479a50b,USDC/USDT,10000,100,0.0,0.0,0.0,1.0,0.0307,0.8,0.0,0.7,0.1445,0.85,0.2894,reject
Arbitrum,Uniswap V3,0xd7e7ad63359e2aa9e841f6e1326fb7e69479a50b,USDC/USDT,10000,500,0.0,0.0,0.0,0.5781,0.0307,0.8,0.0,0.7,0.1445,0.85,0.2261,reject
Arbitrum,Uniswap V3,0xd7e7ad63359e2aa9e841f6e1326fb7e69479a50b,USDC/USDT,10000,1000,0.0,0.0,0.0,0.2891,0.0307,0.8,0.0,0.7,0.1445,0.85,0.1828,reject
Arbitrum,Uniswap V3,0xd7e7ad63359e2aa9e841f6e1326fb7e69479a50b,USDC/USDT,10000,2000,0.0,0.0,0.0,0.1445,0.0307,0.8,0.0,0.7,0.1445,0.85,0.1611,reject
Optimism,Uniswap V3,0xeb0d8d9e19b749efb20c67d71ee50b46dfe5755f,WETH/USDC,100,10,0.4541,0.0,0.9876,1.0,0.1631,0.8,0.0,0.7,1.0,0.8,0.5436,needs_data
Optimism,Uniswap V3,0xeb0d8d9e19b749efb20c67d71ee50b46dfe5755f,WETH/USDC,100,20,0.0,0.0,0.0,1.0,0.1631,0.8,0.0,0.7,1.0,0.8,0.3273,reject
Optimism,Uniswap V3,0xeb0d8d9e19b749efb20c67d71ee50b46dfe5755f,WETH/USDC,100,100,0.0,0.0,0.0,1.0,0.1631,0.8,0.0,0.7,1.0,0.8,0.3273,reject
Optimism,Uniswap V3,0xeb0d8d9e19b749efb20c67d71ee50b46dfe5755f,WETH/USDC,100,500,0.0,0.0,0.0,1.0,0.1631,0.8,0.0,0.7,1.0,0.8,0.3273,reject
Optimism,Uniswap V3,0xeb0d8d9e19b749efb20c67d71ee50b46dfe5755f,WETH/USDC,100,1000,0.0,0.0,0.0,1.0,0.1631,0.8,0.0,0.7,1.0,0.8,0.3273,reject
Optimism,Uniswap V3,0xeb0d8d9e19b749efb20c67d71ee50b46dfe5755f,WETH/USDC,100,2000,0.0,0.0,0.0,1.0,0.1631,0.8,0.0,0.7,1.0,0.8,0.3273,reject
Optimism,Uniswap V3,0x1fb3cf6e48f1e7b10213e7b6d87d4c073c7fdb7b,WETH/USDC,500,10,0.4541,0.0,0.9876,1.0,0.4397,0.8,0.0,0.7,1.0,0.8,0.5712,watch
Optimism,Uniswap V3,0x1fb3cf6e48f1e7b10213e7b6d87d4c073c7fdb7b,WETH/USDC,500,20,0.0,0.0,0.0,1.0,0.4397,0.8,0.0,0.7,1.0,0.8,0.355,reject
Optimism,Uniswap V3,0x1fb3cf6e48f1e7b10213e7b6d87d4c073c7fdb7b,WETH/USDC,500,100,0.0,0.0,0.0,1.0,0.4397,0.8,0.0,0.7,1.0,0.8,0.355,reject
Optimism,Uniswap V3,0x1fb3cf6e48f1e7b10213e7b6d87d4c073c7fdb7b,WETH/USDC,500,500,0.0,0.0,0.0,1.0,0.4397,0.8,0.0,0.7,1.0,0.8,0.355,reject
Optimism,Uniswap V3,0x1fb3cf6e48f1e7b10213e7b6d87d4c073c7fdb7b,WETH/USDC,500,1000,0.0,0.0,0.0,1.0,0.4397,0.8,0.0,0.7,1.0,0.8,0.355,reject
Optimism,Uniswap V3,0x1fb3cf6e48f1e7b10213e7b6d87d4c073c7fdb7b,WETH/USDC,500,2000,0.0,0.0,0.0,1.0,0.4397,0.8,0.0,0.7,1.0,0.8,0.355,reject
Optimism,Uniswap V3,0xc1738d90e2e26c35784a0d3e3d8a9f795074bca4,WETH/USDC,3000,10,0.4541,0.0,0.9876,1.0,0.536,0.8,0.0,0.7,1.0,0.8,0.5809,watch
Optimism,Uniswap V3,0xc1738d90e2e26c35784a0d3e3d8a9f795074bca4,WETH/USDC,3000,20,0.0,0.0,0.0,1.0,0.536,0.8,0.0,0.7,1.0,0.8,0.3646,reject
Optimism,Uniswap V3,0xc1738d90e2e26c35784a0d3e3d8a9f795074bca4,WETH/USDC,3000,100,0.0,0.0,0.0,1.0,0.536,0.8,0.0,0.7,1.0,0.8,0.3646,reject
Optimism,Uniswap V3,0xc1738d90e2e26c35784a0d3e3d8a9f795074bca4,WETH/USDC,3000,500,0.0,0.0,0.0,1.0,0.536,0.8,0.0,0.7,1.0,0.8,0.3646,reject
Optimism,Uniswap V3,0xc1738d90e2e26c35784a0d3e3d8a9f795074bca4,WETH/USDC,3000,1000,0.0,0.0,0.0,1.0,0.536,0.8,0.0,0.7,1.0,0.8,0.3646,reject
Optimism,Uniswap V3,0xc1738d90e2e26c35784a0d3e3d8a9f795074bca4,WETH/USDC,3000,2000,0.0,0.0,0.0,1.0,0.536,0.8,0.0,0.7,1.0,0.8,0.3646,reject
Optimism,Uniswap V3,0xd4cb5566b5c16ef2f4a08b1438052013171212a2,WETH/USDC,10000,10,0.4541,0.0,0.9876,1.0,0.3122,0.8,0.0,0.7,1.0,0.8,0.5585,watch
Optimism,Uniswap V3,0xd4cb5566b5c16ef2f4a08b1438052013171212a2,WETH/USDC,10000,20,0.0,0.0,0.0,1.0,0.3122,0.8,0.0,0.7,1.0,0.8,0.3422,reject
Optimism,Uniswap V3,0xd4cb5566b5c16ef2f4a08b1438052013171212a2,WETH/USDC,10000,100,0.0,0.0,0.0,1.0,0.3122,0.8,0.0,0.7,1.0,0.8,0.3422,reject
Optimism,Uniswap V3,0xd4cb5566b5c16ef2f4a08b1438052013171212a2,WETH/USDC,10000,500,0.0,0.0,0.0,1.0,0.3122,0.8,0.0,0.7,1.0,0.8,0.3422,reject
Optimism,Uniswap V3,0xd4cb5566b5c16ef2f4a08b1438052013171212a2,WETH/USDC,10000,1000,0.0,0.0,0.0,1.0,0.3122,0.8,0.0,0.7,1.0,0.8,0.3422,reject
Optimism,Uniswap V3,0xd4cb5566b5c16ef2f4a08b1438052013171212a2,WETH/USDC,10000,2000,0.0,0.0,0.0,1.0,0.3122,0.8,0.0,0.7,1.0,0.8,0.3422,reject
Optimism,Uniswap V3,0x64750f4098a7f98352f7cd5797f421ceb8d94f64,WETH/USDT,100,10,0.4541,0.0,0.9876,1.0,0.2724,0.8,0.0,0.7,1.0,0.8,0.5545,watch
Optimism,Uniswap V3,0x64750f4098a7f98352f7cd5797f421ceb8d94f64,WETH/USDT,100,20,0.0,0.0,0.0,1.0,0.2724,0.8,0.0,0.7,1.0,0.8,0.3382,reject
Optimism,Uniswap V3,0x64750f4098a7f98352f7cd5797f421ceb8d94f64,WETH/USDT,100,100,0.0,0.0,0.0,1.0,0.2724,0.8,0.0,0.7,1.0,0.8,0.3382,reject
Optimism,Uniswap V3,0x64750f4098a7f98352f7cd5797f421ceb8d94f64,WETH/USDT,100,500,0.0,0.0,0.0,1.0,0.2724,0.8,0.0,0.7,1.0,0.8,0.3382,reject
Optimism,Uniswap V3,0x64750f4098a7f98352f7cd5797f421ceb8d94f64,WETH/USDT,100,1000,0.0,0.0,0.0,1.0,0.2724,0.8,0.0,0.7,1.0,0.8,0.3382,reject
Optimism,Uniswap V3,0x64750f4098a7f98352f7cd5797f421ceb8d94f64,WETH/USDT,100,2000,0.0,0.0,0.0,1.0,0.2724,0.8,0.0,0.7,1.0,0.8,0.3382,reject
Optimism,Uniswap V3,0xc858a329bf053be78d6239c4a4343b8fbd21472b,WETH/USDT,500,10,0.4541,0.0,0.9876,1.0,0.4362,0.8,0.0,0.7,1.0,0.8,0.5709,watch
Optimism,Uniswap V3,0xc858a329bf053be78d6239c4a4343b8fbd21472b,WETH/USDT,500,20,0.0,0.0,0.0,1.0,0.4362,0.8,0.0,0.7,1.0,0.8,0.3546,reject
Optimism,Uniswap V3,0xc858a329bf053be78d6239c4a4343b8fbd21472b,WETH/USDT,500,100,0.0,0.0,0.0,1.0,0.4362,0.8,0.0,0.7,1.0,0.8,0.3546,reject
Optimism,Uniswap V3,0xc858a329bf053be78d6239c4a4343b8fbd21472b,WETH/USDT,500,500,0.0,0.0,0.0,1.0,0.4362,0.8,0.0,0.7,1.0,0.8,0.3546,reject
Optimism,Uniswap V3,0xc858a329bf053be78d6239c4a4343b8fbd21472b,WETH/USDT,500,1000,0.0,0.0,0.0,1.0,0.4362,0.8,0.0,0.7,1.0,0.8,0.3546,reject
Optimism,Uniswap V3,0xc858a329bf053be78d6239c4a4343b8fbd21472b,WETH/USDT,500,2000,0.0,0.0,0.0,1.0,0.4362,0.8,0.0,0.7,1.0,0.8,0.3546,reject
Optimism,Uniswap V3,0xdd0c6bae8ad5998c358b823df15a2a4181da1b80,WETH/USDT,3000,10,0.4541,0.0,0.9876,1.0,0.3577,0.8,0.0,0.7,1.0,0.8,0.563,watch
Optimism,Uniswap V3,0xdd0c6bae8ad5998c358b823df15a2a4181da1b80,WETH/USDT,3000,20,0.0,0.0,0.0,1.0,0.3577,0.8,0.0,0.7,1.0,0.8,0.3468,reject
Optimism,Uniswap V3,0xdd0c6bae8ad5998c358b823df15a2a4181da1b80,WETH/USDT,3000,100,0.0,0.0,0.0,1.0,0.3577,0.8,0.0,0.7,1.0,0.8,0.3468,reject
Optimism,Uniswap V3,0xdd0c6bae8ad5998c358b823df15a2a4181da1b80,WETH/USDT,3000,500,0.0,0.0,0.0,1.0,0.3577,0.8,0.0,0.7,1.0,0.8,0.3468,reject
Optimism,Uniswap V3,0xdd0c6bae8ad5998c358b823df15a2a4181da1b80,WETH/USDT,3000,1000,0.0,0.0,0.0,1.0,0.3577,0.8,0.0,0.7,1.0,0.8,0.3468,reject
Optimism,Uniswap V3,0xdd0c6bae8ad5998c358b823df15a2a4181da1b80,WETH/USDT,3000,2000,0.0,0.0,0.0,1.0,0.3577,0.8,0.0,0.7,1.0,0.8,0.3468,reject
Optimism,Uniswap V3,0x2df05e4cdbd758cb1a99a34bb0d767e040d6b078,WETH/USDT,10000,10,0.4541,0.0,0.9876,1.0,0.2055,0.8,0.0,0.7,1.0,0.8,0.5478,needs_data
Optimism,Uniswap V3,0x2df05e4cdbd758cb1a99a34bb0d767e040d6b078,WETH/USDT,10000,20,0.0,0.0,0.0,1.0,0.2055,0.8,0.0,0.7,1.0,0.8,0.3315,reject
Optimism,Uniswap V3,0x2df05e4cdbd758cb1a99a34bb0d767e040d6b078,WETH/USDT,10000,100,0.0,0.0,0.0,1.0,0.2055,0.8,0.0,0.7,1.0,0.8,0.3315,reject
Optimism,Uniswap V3,0x2df05e4cdbd758cb1a99a34bb0d767e040d6b078,WETH/USDT,10000,500,0.0,0.0,0.0,1.0,0.2055,0.8,0.0,0.7,1.0,0.8,0.3315,reject
Optimism,Uniswap V3,0x2df05e4cdbd758cb1a99a34bb0d767e040d6b078,WETH/USDT,10000,1000,0.0,0.0,0.0,1.0,0.2055,0.8,0.0,0.7,1.0,0.8,0.3315,reject
Optimism,Uniswap V3,0x2df05e4cdbd758cb1a99a34bb0d767e040d6b078,WETH/USDT,10000,2000,0.0,0.0,0.0,1.0,0.2055,0.8,0.0,0.7,1.0,0.8,0.3315,reject
Optimism,Uniswap V3,0xa73c628eaf6e283e26a7b1f8001cf186aa4c0e8e,USDC/USDT,100,10,0.4541,0.0,0.9876,1.0,0.1756,0.8,0.0,0.7,1.0,0.8,0.5448,needs_data
Optimism,Uniswap V3,0xa73c628eaf6e283e26a7b1f8001cf186aa4c0e8e,USDC/USDT,100,20,0.0,0.0,0.0,1.0,0.1756,0.8,0.0,0.7,1.0,0.8,0.3286,reject
Optimism,Uniswap V3,0xa73c628eaf6e283e26a7b1f8001cf186aa4c0e8e,USDC/USDT,100,100,0.0,0.0,0.0,1.0,0.1756,0.8,0.0,0.7,1.0,0.8,0.3286,reject
Optimism,Uniswap V3,0xa73c628eaf6e283e26a7b1f8001cf186aa4c0e8e,USDC/USDT,100,500,0.0,0.0,0.0,1.0,0.1756,0.8,0.0,0.7,1.0,0.8,0.3286,reject
Optimism,Uniswap V3,0xa73c628eaf6e283e26a7b1f8001cf186aa4c0e8e,USDC/USDT,100,1000,0.0,0.0,0.0,1.0,0.1756,0.8,0.0,0.7,1.0,0.8,0.3286,reject
Optimism,Uniswap V3,0xa73c628eaf6e283e26a7b1f8001cf186aa4c0e8e,USDC/USDT,100,2000,0.0,0.0,0.0,1.0,0.1756,0.8,0.0,0.7,1.0,0.8,0.3286,reject
Optimism,Uniswap V3,0x2926736c30ef3649f9e6b5c5918ea88871f79f2b,USDC/USDT,500,10,0.4541,0.0,0.9876,1.0,0.2042,0.8,0.0,0.7,1.0,0.8,0.5477,needs_data
Optimism,Uniswap V3,0x2926736c30ef3649f9e6b5c5918ea88871f79f2b,USDC/USDT,500,20,0.0,0.0,0.0,1.0,0.2042,0.8,0.0,0.7,1.0,0.8,0.3314,reject
Optimism,Uniswap V3,0x2926736c30ef3649f9e6b5c5918ea88871f79f2b,USDC/USDT,500,100,0.0,0.0,0.0,1.0,0.2042,0.8,0.0,0.7,1.0,0.8,0.3314,reject
Optimism,Uniswap V3,0x2926736c30ef3649f9e6b5c5918ea88871f79f2b,USDC/USDT,500,500,0.0,0.0,0.0,1.0,0.2042,0.8,0.0,0.7,1.0,0.8,0.3314,reject
Optimism,Uniswap V3,0x2926736c30ef3649f9e6b5c5918ea88871f79f2b,USDC/USDT,500,1000,0.0,0.0,0.0,1.0,0.2042,0.8,0.0,0.7,1.0,0.8,0.3314,reject
Optimism,Uniswap V3,0x2926736c30ef3649f9e6b5c5918ea88871f79f2b,USDC/USDT,500,2000,0.0,0.0,0.0,1.0,0.2042,0.8,0.0,0.7,1.0,0.8,0.3314,reject
Optimism,Uniswap V3,0x9b0c2660b535a156adf827481b2f9b61f31ebc49,USDC/USDT,3000,10,0.0,0.0,0.0,1.0,0.1006,0.8,0.0,0.7,1.0,0.8,0.3211,reject
Optimism,Uniswap V3,0x9b0c2660b535a156adf827481b2f9b61f31ebc49,USDC/USDT,3000,20,0.0,0.0,0.0,1.0,0.1006,0.8,0.0,0.7,1.0,0.8,0.3211,reject
Optimism,Uniswap V3,0x9b0c2660b535a156adf827481b2f9b61f31ebc49,USDC/USDT,3000,100,0.0,0.0,0.0,1.0,0.1006,0.8,0.0,0.7,1.0,0.8,0.3211,reject
Optimism,Uniswap V3,0x9b0c2660b535a156adf827481b2f9b61f31ebc49,USDC/USDT,3000,500,0.0,0.0,0.0,1.0,0.1006,0.8,0.0,0.7,1.0,0.8,0.3211,reject
Optimism,Uniswap V3,0x9b0c2660b535a156adf827481b2f9b61f31ebc49,USDC/USDT,3000,1000,0.0,0.0,0.0,1.0,0.1006,0.8,0.0,0.7,1.0,0.8,0.3211,reject
Optimism,Uniswap V3,0x9b0c2660b535a156adf827481b2f9b61f31ebc49,USDC/USDT,3000,2000,0.0,0.0,0.0,1.0,0.1006,0.8,0.0,0.7,1.0,0.8,0.3211,reject
Optimism,Uniswap V3,0xb2febfa632121285d5f2e91acff7954dfbc8100b,USDC/USDT,10000,10,0.0,0.0,0.0,0.0222,0.0,0.8,0.0,0.7,0.005,0.8,0.1345,reject
Optimism,Uniswap V3,0xb2febfa632121285d5f2e91acff7954dfbc8100b,USDC/USDT,10000,20,0.0,0.0,0.0,0.0111,0.0,0.8,0.0,0.7,0.005,0.8,0.1328,reject
Optimism,Uniswap V3,0xb2febfa632121285d5f2e91acff7954dfbc8100b,USDC/USDT,10000,100,0.0,0.0,0.0,0.0022,0.0,0.8,0.0,0.7,0.005,0.8,0.1315,reject
Optimism,Uniswap V3,0xb2febfa632121285d5f2e91acff7954dfbc8100b,USDC/USDT,10000,500,0.0,0.0,0.0,0.0004,0.0,0.8,0.0,0.7,0.005,0.8,0.1312,reject
Optimism,Uniswap V3,0xb2febfa632121285d5f2e91acff7954dfbc8100b,USDC/USDT,10000,1000,0.0,0.0,0.0,0.0002,0.0,0.8,0.0,0.7,0.005,0.8,0.1312,reject
Optimism,Uniswap V3,0xb2febfa632121285d5f2e91acff7954dfbc8100b,USDC/USDT,10000,2000,0.0,0.0,0.0,0.0001,0.0,0.8,0.0,0.7,0.005,0.8,0.1312,reject
Polygon,Uniswap V3,0x504e73e75e5e88500f632ffe130fc91fce1559da,WPOL/USDC,100,10,0.0,0.0,0.0,1.0,0.3161,0.8,0.0,0.7,1.0,0.7,0.3406,reject
Polygon,Uniswap V3,0x504e73e75e5e88500f632ffe130fc91fce1559da,WPOL/USDC,100,20,0.0,0.0,0.0,1.0,0.3161,0.8,0.0,0.7,1.0,0.7,0.3406,reject
Polygon,Uniswap V3,0x504e73e75e5e88500f632ffe130fc91fce1559da,WPOL/USDC,100,100,0.0,0.0,0.0,1.0,0.3161,0.8,0.0,0.7,1.0,0.7,0.3406,reject
Polygon,Uniswap V3,0x504e73e75e5e88500f632ffe130fc91fce1559da,WPOL/USDC,100,500,0.0,0.0,0.0,1.0,0.3161,0.8,0.0,0.7,1.0,0.7,0.3406,reject
Polygon,Uniswap V3,0x504e73e75e5e88500f632ffe130fc91fce1559da,WPOL/USDC,100,1000,0.0,0.0,0.0,1.0,0.3161,0.8,0.0,0.7,1.0,0.7,0.3406,reject
Polygon,Uniswap V3,0x504e73e75e5e88500f632ffe130fc91fce1559da,WPOL/USDC,100,2000,0.0,0.0,0.0,1.0,0.3161,0.8,0.0,0.7,1.0,0.7,0.3406,reject
Polygon,Uniswap V3,0xb6e57ed85c4c9dbfef2a68711e9d6f36c56e0fcb,WPOL/USDC,500,10,0.0,0.0,0.0,1.0,0.5801,0.8,0.0,0.7,1.0,0.7,0.367,reject
Polygon,Uniswap V3,0xb6e57ed85c4c9dbfef2a68711e9d6f36c56e0fcb,WPOL/USDC,500,20,0.0,0.0,0.0,1.0,0.5801,0.8,0.0,0.7,1.0,0.7,0.367,reject
Polygon,Uniswap V3,0xb6e57ed85c4c9dbfef2a68711e9d6f36c56e0fcb,WPOL/USDC,500,100,0.0,0.0,0.0,1.0,0.5801,0.8,0.0,0.7,1.0,0.7,0.367,reject
Polygon,Uniswap V3,0xb6e57ed85c4c9dbfef2a68711e9d6f36c56e0fcb,WPOL/USDC,500,500,0.0,0.0,0.0,1.0,0.5801,0.8,0.0,0.7,1.0,0.7,0.367,reject
Polygon,Uniswap V3,0xb6e57ed85c4c9dbfef2a68711e9d6f36c56e0fcb,WPOL/USDC,500,1000,0.0,0.0,0.0,1.0,0.5801,0.8,0.0,0.7,1.0,0.7,0.367,reject
Polygon,Uniswap V3,0xb6e57ed85c4c9dbfef2a68711e9d6f36c56e0fcb,WPOL/USDC,500,2000,0.0,0.0,0.0,1.0,0.5801,0.8,0.0,0.7,1.0,0.7,0.367,reject
Polygon,Uniswap V3,0x2db87c4831b2fec2e35591221455834193b50d1b,WPOL/USDC,3000,10,0.0,0.0,0.0,1.0,0.4595,0.8,0.0,0.7,1.0,0.7,0.3549,reject
Polygon,Uniswap V3,0x2db87c4831b2fec2e35591221455834193b50d1b,WPOL/USDC,3000,20,0.0,0.0,0.0,1.0,0.4595,0.8,0.0,0.7,1.0,0.7,0.3549,reject
Polygon,Uniswap V3,0x2db87c4831b2fec2e35591221455834193b50d1b,WPOL/USDC,3000,100,0.0,0.0,0.0,1.0,0.4595,0.8,0.0,0.7,1.0,0.7,0.3549,reject
Polygon,Uniswap V3,0x2db87c4831b2fec2e35591221455834193b50d1b,WPOL/USDC,3000,500,0.0,0.0,0.0,1.0,0.4595,0.8,0.0,0.7,1.0,0.7,0.3549,reject
Polygon,Uniswap V3,0x2db87c4831b2fec2e35591221455834193b50d1b,WPOL/USDC,3000,1000,0.0,0.0,0.0,1.0,0.4595,0.8,0.0,0.7,1.0,0.7,0.3549,reject
Polygon,Uniswap V3,0x2db87c4831b2fec2e35591221455834193b50d1b,WPOL/USDC,3000,2000,0.0,0.0,0.0,1.0,0.4595,0.8,0.0,0.7,1.0,0.7,0.3549,reject
Polygon,Uniswap V3,0xc9f9f6e0d776eed0d53f96ba29247832e2c4d91d,WPOL/USDC,10000,10,0.0,0.0,0.0,1.0,0.2852,0.8,0.0,0.7,1.0,0.7,0.3375,reject
Polygon,Uniswap V3,0xc9f9f6e0d776eed0d53f96ba29247832e2c4d91d,WPOL/USDC,10000,20,0.0,0.0,0.0,1.0,0.2852,0.8,0.0,0.7,1.0,0.7,0.3375,reject
Polygon,Uniswap V3,0xc9f9f6e0d776eed0d53f96ba29247832e2c4d91d,WPOL/USDC,10000,100,0.0,0.0,0.0,1.0,0.2852,0.8,0.0,0.7,1.0,0.7,0.3375,reject
Polygon,Uniswap V3,0xc9f9f6e0d776eed0d53f96ba29247832e2c4d91d,WPOL/USDC,10000,500,0.0,0.0,0.0,1.0,0.2852,0.8,0.0,0.7,1.0,0.7,0.3375,reject
Polygon,Uniswap V3,0xc9f9f6e0d776eed0d53f96ba29247832e2c4d91d,WPOL/USDC,10000,1000,0.0,0.0,0.0,1.0,0.2852,0.8,0.0,0.7,1.0,0.7,0.3375,reject
Polygon,Uniswap V3,0xc9f9f6e0d776eed0d53f96ba29247832e2c4d91d,WPOL/USDC,10000,2000,0.0,0.0,0.0,1.0,0.2852,0.8,0.0,0.7,1.0,0.7,0.3375,reject
Polygon,Uniswap V3,0x3bfcb475e528f54246f1847ec0e7b53dd88bda4e,WPOL/USDT,100,10,0.0,0.0,0.0,1.0,0.3047,0.8,0.0,0.7,1.0,0.7,0.3395,reject
Polygon,Uniswap V3,0x3bfcb475e528f54246f1847ec0e7b53dd88bda4e,WPOL/USDT,100,20,0.0,0.0,0.0,1.0,0.3047,0.8,0.0,0.7,1.0,0.7,0.3395,reject
Polygon,Uniswap V3,0x3bfcb475e528f54246f1847ec0e7b53dd88bda4e,WPOL/USDT,100,100,0.0,0.0,0.0,1.0,0.3047,0.8,0.0,0.7,1.0,0.7,0.3395,reject
Polygon,Uniswap V3,0x3bfcb475e528f54246f1847ec0e7b53dd88bda4e,WPOL/USDT,100,500,0.0,0.0,0.0,1.0,0.3047,0.8,0.0,0.7,1.0,0.7,0.3395,reject
Polygon,Uniswap V3,0x3bfcb475e528f54246f1847ec0e7b53dd88bda4e,WPOL/USDT,100,1000,0.0,0.0,0.0,1.0,0.3047,0.8,0.0,0.7,1.0,0.7,0.3395,reject
Polygon,Uniswap V3,0x3bfcb475e528f54246f1847ec0e7b53dd88bda4e,WPOL/USDT,100,2000,0.0,0.0,0.0,1.0,0.3047,0.8,0.0,0.7,1.0,0.7,0.3395,reject
Polygon,Uniswap V3,0x9b08288c3be4f62bbf8d1c20ac9c5e6f9467d8b7,WPOL/USDT,500,10,0.0,0.0,0.0,1.0,0.6347,0.8,0.0,0.7,1.0,0.7,0.3725,reject
Polygon,Uniswap V3,0x9b08288c3be4f62bbf8d1c20ac9c5e6f9467d8b7,WPOL/USDT,500,20,0.0,0.0,0.0,1.0,0.6347,0.8,0.0,0.7,1.0,0.7,0.3725,reject
Polygon,Uniswap V3,0x9b08288c3be4f62bbf8d1c20ac9c5e6f9467d8b7,WPOL/USDT,500,100,0.0,0.0,0.0,1.0,0.6347,0.8,0.0,0.7,1.0,0.7,0.3725,reject
Polygon,Uniswap V3,0x9b08288c3be4f62bbf8d1c20ac9c5e6f9467d8b7,WPOL/USDT,500,500,0.0,0.0,0.0,1.0,0.6347,0.8,0.0,0.7,1.0,0.7,0.3725,reject
Polygon,Uniswap V3,0x9b08288c3be4f62bbf8d1c20ac9c5e6f9467d8b7,WPOL/USDT,500,1000,0.0,0.0,0.0,1.0,0.6347,0.8,0.0,0.7,1.0,0.7,0.3725,reject
Polygon,Uniswap V3,0x9b08288c3be4f62bbf8d1c20ac9c5e6f9467d8b7,WPOL/USDT,500,2000,0.0,0.0,0.0,1.0,0.6347,0.8,0.0,0.7,1.0,0.7,0.3725,reject
Polygon,Uniswap V3,0x781067ef296e5c4a4203f81c593274824b7c185d,WPOL/USDT,3000,10,0.0,0.0,0.0,1.0,0.4623,0.8,0.0,0.7,1.0,0.7,0.3552,reject
Polygon,Uniswap V3,0x781067ef296e5c4a4203f81c593274824b7c185d,WPOL/USDT,3000,20,0.0,0.0,0.0,1.0,0.4623,0.8,0.0,0.7,1.0,0.7,0.3552,reject
Polygon,Uniswap V3,0x781067ef296e5c4a4203f81c593274824b7c185d,WPOL/USDT,3000,100,0.0,0.0,0.0,1.0,0.4623,0.8,0.0,0.7,1.0,0.7,0.3552,reject
Polygon,Uniswap V3,0x781067ef296e5c4a4203f81c593274824b7c185d,WPOL/USDT,3000,500,0.0,0.0,0.0,1.0,0.4623,0.8,0.0,0.7,1.0,0.7,0.3552,reject
Polygon,Uniswap V3,0x781067ef296e5c4a4203f81c593274824b7c185d,WPOL/USDT,3000,1000,0.0,0.0,0.0,1.0,0.4623,0.8,0.0,0.7,1.0,0.7,0.3552,reject
Polygon,Uniswap V3,0x781067ef296e5c4a4203f81c593274824b7c185d,WPOL/USDT,3000,2000,0.0,0.0,0.0,1.0,0.4623,0.8,0.0,0.7,1.0,0.7,0.3552,reject
Polygon,Uniswap V3,0x9a72fc3fb9e99087d2eae500355e7902c763f9b3,WPOL/USDT,10000,10,0.0,0.0,0.0,1.0,0.2879,0.8,0.0,0.7,1.0,0.7,0.3378,reject
Polygon,Uniswap V3,0x9a72fc3fb9e99087d2eae500355e7902c763f9b3,WPOL/USDT,10000,20,0.0,0.0,0.0,1.0,0.2879,0.8,0.0,0.7,1.0,0.7,0.3378,reject
Polygon,Uniswap V3,0x9a72fc3fb9e99087d2eae500355e7902c763f9b3,WPOL/USDT,10000,100,0.0,0.0,0.0,1.0,0.2879,0.8,0.0,0.7,1.0,0.7,0.3378,reject
Polygon,Uniswap V3,0x9a72fc3fb9e99087d2eae500355e7902c763f9b3,WPOL/USDT,10000,500,0.0,0.0,0.0,1.0,0.2879,0.8,0.0,0.7,1.0,0.7,0.3378,reject
Polygon,Uniswap V3,0x9a72fc3fb9e99087d2eae500355e7902c763f9b3,WPOL/USDT,10000,1000,0.0,0.0,0.0,1.0,0.2879,0.8,0.0,0.7,1.0,0.7,0.3378,reject
Polygon,Uniswap V3,0x9a72fc3fb9e99087d2eae500355e7902c763f9b3,WPOL/USDT,10000,2000,0.0,0.0,0.0,1.0,0.2879,0.8,0.0,0.7,1.0,0.7,0.3378,reject
Polygon,Uniswap V3,0x7a7374873de28b06386013da94cbd9b554f6ac6e,WPOL/DAI,100,10,0.0,0.0,0.0,1.0,0.6396,0.8,0.0,0.7,1.0,0.7,0.373,reject
Polygon,Uniswap V3,0x7a7374873de28b06386013da94cbd9b554f6ac6e,WPOL/DAI,100,20,0.0,0.0,0.0,1.0,0.6396,0.8,0.0,0.7,1.0,0.7,0.373,reject
Polygon,Uniswap V3,0x7a7374873de28b06386013da94cbd9b554f6ac6e,WPOL/DAI,100,100,0.0,0.0,0.0,1.0,0.6396,0.8,0.0,0.7,1.0,0.7,0.373,reject
Polygon,Uniswap V3,0x7a7374873de28b06386013da94cbd9b554f6ac6e,WPOL/DAI,100,500,0.0,0.0,0.0,1.0,0.6396,0.8,0.0,0.7,1.0,0.7,0.373,reject
Polygon,Uniswap V3,0x7a7374873de28b06386013da94cbd9b554f6ac6e,WPOL/DAI,100,1000,0.0,0.0,0.0,1.0,0.6396,0.8,0.0,0.7,1.0,0.7,0.373,reject
Polygon,Uniswap V3,0x7a7374873de28b06386013da94cbd9b554f6ac6e,WPOL/DAI,100,2000,0.0,0.0,0.0,1.0,0.6396,0.8,0.0,0.7,1.0,0.7,0.373,reject
Polygon,Uniswap V3,0x0f663c16dd7c65cf87edb9229464ca77aeea536b,WPOL/DAI,500,10,0.0,0.0,0.0,1.0,0.7383,0.8,0.0,0.7,1.0,0.7,0.3828,reject
Polygon,Uniswap V3,0x0f663c16dd7c65cf87edb9229464ca77aeea536b,WPOL/DAI,500,20,0.0,0.0,0.0,1.0,0.7383,0.8,0.0,0.7,1.0,0.7,0.3828,reject
Polygon,Uniswap V3,0x0f663c16dd7c65cf87edb9229464ca77aeea536b,WPOL/DAI,500,100,0.0,0.0,0.0,1.0,0.7383,0.8,0.0,0.7,1.0,0.7,0.3828,reject
Polygon,Uniswap V3,0x0f663c16dd7c65cf87edb9229464ca77aeea536b,WPOL/DAI,500,500,0.0,0.0,0.0,1.0,0.7383,0.8,0.0,0.7,1.0,0.7,0.3828,reject
Polygon,Uniswap V3,0x0f663c16dd7c65cf87edb9229464ca77aeea536b,WPOL/DAI,500,1000,0.0,0.0,0.0,1.0,0.7383,0.8,0.0,0.7,1.0,0.7,0.3828,reject
Polygon,Uniswap V3,0x0f663c16dd7c65cf87edb9229464ca77aeea536b,WPOL/DAI,500,2000,0.0,0.0,0.0,1.0,0.7383,0.8,0.0,0.7,1.0,0.7,0.3828,reject
Polygon,Uniswap V3,0xfe530931da161232ec76a7c3bea7d36cf3811a0d,WPOL/DAI,3000,10,0.0,0.0,0.0,1.0,0.8607,0.8,0.0,0.7,1.0,0.7,0.3951,reject
Polygon,Uniswap V3,0xfe530931da161232ec76a7c3bea7d36cf3811a0d,WPOL/DAI,3000,20,0.0,0.0,0.0,1.0,0.8607,0.8,0.0,0.7,1.0,0.7,0.3951,reject
Polygon,Uniswap V3,0xfe530931da161232ec76a7c3bea7d36cf3811a0d,WPOL/DAI,3000,100,0.0,0.0,0.0,1.0,0.8607,0.8,0.0,0.7,1.0,0.7,0.3951,reject
Polygon,Uniswap V3,0xfe530931da161232ec76a7c3bea7d36cf3811a0d,WPOL/DAI,3000,500,0.0,0.0,0.0,1.0,0.8607,0.8,0.0,0.7,1.0,0.7,0.3951,reject
Polygon,Uniswap V3,0xfe530931da161232ec76a7c3bea7d36cf3811a0d,WPOL/DAI,3000,1000,0.0,0.0,0.0,1.0,0.8607,0.8,0.0,0.7,1.0,0.7,0.3951,reject
Polygon,Uniswap V3,0xfe530931da161232ec76a7c3bea7d36cf3811a0d,WPOL/DAI,3000,2000,0.0,0.0,0.0,1.0,0.8607,0.8,0.0,0.7,1.0,0.7,0.3951,reject
Polygon,Uniswap V3,0x58359563b3f4854428b1b98e91a42471e6d20b8e,WPOL/DAI,10000,10,0.0,0.0,0.0,1.0,0.6429,0.8,0.0,0.7,1.0,0.7,0.3733,reject
Polygon,Uniswap V3,0x58359563b3f4854428b1b98e91a42471e6d20b8e,WPOL/DAI,10000,20,0.0,0.0,0.0,1.0,0.6429,0.8,0.0,0.7,1.0,0.7,0.3733,reject
Polygon,Uniswap V3,0x58359563b3f4854428b1b98e91a42471e6d20b8e,WPOL/DAI,10000,100,0.0,0.0,0.0,1.0,0.6429,0.8,0.0,0.7,1.0,0.7,0.3733,reject
Polygon,Uniswap V3,0x58359563b3f4854428b1b98e91a42471e6d20b8e,WPOL/DAI,10000,500,0.0,0.0,0.0,1.0,0.6429,0.8,0.0,0.7,1.0,0.7,0.3733,reject
Polygon,Uniswap V3,0x58359563b3f4854428b1b98e91a42471e6d20b8e,WPOL/DAI,10000,1000,0.0,0.0,0.0,1.0,0.6429,0.8,0.0,0.7,1.0,0.7,0.3733,reject
Polygon,Uniswap V3,0x58359563b3f4854428b1b98e91a42471e6d20b8e,WPOL/DAI,10000,2000,0.0,0.0,0.0,1.0,0.6429,0.8,0.0,0.7,1.0,0.7,0.3733,reject
Polygon,Uniswap V3,0x80cdade01ff626b7cce4772e3c2d56db14f384fa,WETH/USDC,100,10,0.0,0.0,0.0,1.0,0.1186,0.8,0.0,0.7,1.0,0.7,0.3209,reject
Polygon,Uniswap V3,0x80cdade01ff626b7cce4772e3c2d56db14f384fa,WETH/USDC,100,20,0.0,0.0,0.0,1.0,0.1186,0.8,0.0,0.7,1.0,0.7,0.3209,reject
Polygon,Uniswap V3,0x80cdade01ff626b7cce4772e3c2d56db14f384fa,WETH/USDC,100,100,0.0,0.0,0.0,1.0,0.1186,0.8,0.0,0.7,1.0,0.7,0.3209,reject
Polygon,Uniswap V3,0x80cdade01ff626b7cce4772e3c2d56db14f384fa,WETH/USDC,100,500,0.0,0.0,0.0,1.0,0.1186,0.8,0.0,0.7,1.0,0.7,0.3209,reject
Polygon,Uniswap V3,0x80cdade01ff626b7cce4772e3c2d56db14f384fa,WETH/USDC,100,1000,0.0,0.0,0.0,1.0,0.1186,0.8,0.0,0.7,1.0,0.7,0.3209,reject
Polygon,Uniswap V3,0x80cdade01ff626b7cce4772e3c2d56db14f384fa,WETH/USDC,100,2000,0.0,0.0,0.0,1.0,0.1186,0.8,0.0,0.7,1.0,0.7,0.3209,reject
Polygon,Uniswap V3,0xa4d8c89f0c20efbe54cba9e7e7a7e509056228d9,WETH/USDC,500,10,0.0,0.0,0.0,1.0,0.4405,0.8,0.0,0.7,1.0,0.7,0.353,reject
Polygon,Uniswap V3,0xa4d8c89f0c20efbe54cba9e7e7a7e509056228d9,WETH/USDC,500,20,0.0,0.0,0.0,1.0,0.4405,0.8,0.0,0.7,1.0,0.7,0.353,reject
Polygon,Uniswap V3,0xa4d8c89f0c20efbe54cba9e7e7a7e509056228d9,WETH/USDC,500,100,0.0,0.0,0.0,1.0,0.4405,0.8,0.0,0.7,1.0,0.7,0.353,reject
Polygon,Uniswap V3,0xa4d8c89f0c20efbe54cba9e7e7a7e509056228d9,WETH/USDC,500,500,0.0,0.0,0.0,1.0,0.4405,0.8,0.0,0.7,1.0,0.7,0.353,reject
Polygon,Uniswap V3,0xa4d8c89f0c20efbe54cba9e7e7a7e509056228d9,WETH/USDC,500,1000,0.0,0.0,0.0,1.0,0.4405,0.8,0.0,0.7,1.0,0.7,0.353,reject
Polygon,Uniswap V3,0xa4d8c89f0c20efbe54cba9e7e7a7e509056228d9,WETH/USDC,500,2000,0.0,0.0,0.0,1.0,0.4405,0.8,0.0,0.7,1.0,0.7,0.353,reject
Polygon,Uniswap V3,0x19c5505638383337d2972ce68b493ad78e315147,WETH/USDC,3000,10,0.0,0.0,0.0,1.0,0.324,0.8,0.0,0.7,1.0,0.7,0.3414,reject
Polygon,Uniswap V3,0x19c5505638383337d2972ce68b493ad78e315147,WETH/USDC,3000,20,0.0,0.0,0.0,1.0,0.324,0.8,0.0,0.7,1.0,0.7,0.3414,reject
Polygon,Uniswap V3,0x19c5505638383337d2972ce68b493ad78e315147,WETH/USDC,3000,100,0.0,0.0,0.0,1.0,0.324,0.8,0.0,0.7,1.0,0.7,0.3414,reject
Polygon,Uniswap V3,0x19c5505638383337d2972ce68b493ad78e315147,WETH/USDC,3000,500,0.0,0.0,0.0,1.0,0.324,0.8,0.0,0.7,1.0,0.7,0.3414,reject
Polygon,Uniswap V3,0x19c5505638383337d2972ce68b493ad78e315147,WETH/USDC,3000,1000,0.0,0.0,0.0,1.0,0.324,0.8,0.0,0.7,1.0,0.7,0.3414,reject
Polygon,Uniswap V3,0x19c5505638383337d2972ce68b493ad78e315147,WETH/USDC,3000,2000,0.0,0.0,0.0,1.0,0.324,0.8,0.0,0.7,1.0,0.7,0.3414,reject
Polygon,Uniswap V3,0x12bd7ae45acf2504bed144eabc6ff5bbebd91563,WETH/USDC,10000,10,0.0,0.0,0.0,1.0,0.0687,0.8,0.0,0.7,0.5356,0.7,0.3019,reject
Polygon,Uniswap V3,0x12bd7ae45acf2504bed144eabc6ff5bbebd91563,WETH/USDC,10000,20,0.0,0.0,0.0,1.0,0.0687,0.8,0.0,0.7,0.5356,0.7,0.3019,reject
Polygon,Uniswap V3,0x12bd7ae45acf2504bed144eabc6ff5bbebd91563,WETH/USDC,10000,100,0.0,0.0,0.0,1.0,0.0687,0.8,0.0,0.7,0.5356,0.7,0.3019,reject
Polygon,Uniswap V3,0x12bd7ae45acf2504bed144eabc6ff5bbebd91563,WETH/USDC,10000,500,0.0,0.0,0.0,1.0,0.0687,0.8,0.0,0.7,0.5356,0.7,0.3019,reject
Polygon,Uniswap V3,0x12bd7ae45acf2504bed144eabc6ff5bbebd91563,WETH/USDC,10000,1000,0.0,0.0,0.0,1.0,0.0687,0.8,0.0,0.7,0.5356,0.7,0.3019,reject
Polygon,Uniswap V3,0x12bd7ae45acf2504bed144eabc6ff5bbebd91563,WETH/USDC,10000,2000,0.0,0.0,0.0,0.5356,0.0687,0.8,0.0,0.7,0.5356,0.7,0.2323,reject
Polygon,Uniswap V3,0x3840d6a1b96292c8e44991b5605e03245584585b,WETH/USDT,100,10,0.0,0.0,0.0,1.0,0.1101,0.8,0.0,0.7,1.0,0.7,0.32,reject
Polygon,Uniswap V3,0x3840d6a1b96292c8e44991b5605e03245584585b,WETH/USDT,100,20,0.0,0.0,0.0,1.0,0.1101,0.8,0.0,0.7,1.0,0.7,0.32,reject
Polygon,Uniswap V3,0x3840d6a1b96292c8e44991b5605e03245584585b,WETH/USDT,100,100,0.0,0.0,0.0,1.0,0.1101,0.8,0.0,0.7,1.0,0.7,0.32,reject
Polygon,Uniswap V3,0x3840d6a1b96292c8e44991b5605e03245584585b,WETH/USDT,100,500,0.0,0.0,0.0,1.0,0.1101,0.8,0.0,0.7,1.0,0.7,0.32,reject
Polygon,Uniswap V3,0x3840d6a1b96292c8e44991b5605e03245584585b,WETH/USDT,100,1000,0.0,0.0,0.0,1.0,0.1101,0.8,0.0,0.7,1.0,0.7,0.32,reject
Polygon,Uniswap V3,0x3840d6a1b96292c8e44991b5605e03245584585b,WETH/USDT,100,2000,0.0,0.0,0.0,1.0,0.1101,0.8,0.0,0.7,1.0,0.7,0.32,reject
Polygon,Uniswap V3,0xbb98b3d2b18aef63a3178023a920971cf5f29be4,WETH/USDT,500,10,0.0,0.0,0.0,1.0,0.459,0.8,0.0,0.7,1.0,0.7,0.3549,reject
Polygon,Uniswap V3,0xbb98b3d2b18aef63a3178023a920971cf5f29be4,WETH/USDT,500,20,0.0,0.0,0.0,1.0,0.459,0.8,0.0,0.7,1.0,0.7,0.3549,reject
Polygon,Uniswap V3,0xbb98b3d2b18aef63a3178023a920971cf5f29be4,WETH/USDT,500,100,0.0,0.0,0.0,1.0,0.459,0.8,0.0,0.7,1.0,0.7,0.3549,reject
Polygon,Uniswap V3,0xbb98b3d2b18aef63a3178023a920971cf5f29be4,WETH/USDT,500,500,0.0,0.0,0.0,1.0,0.459,0.8,0.0,0.7,1.0,0.7,0.3549,reject
Polygon,Uniswap V3,0xbb98b3d2b18aef63a3178023a920971cf5f29be4,WETH/USDT,500,1000,0.0,0.0,0.0,1.0,0.459,0.8,0.0,0.7,1.0,0.7,0.3549,reject
Polygon,Uniswap V3,0xbb98b3d2b18aef63a3178023a920971cf5f29be4,WETH/USDT,500,2000,0.0,0.0,0.0,1.0,0.459,0.8,0.0,0.7,1.0,0.7,0.3549,reject
Polygon,Uniswap V3,0x4ccd010148379ea531d6c587cfdd60180196f9b1,WETH/USDT,3000,10,0.0,0.0,0.0,1.0,0.4538,0.8,0.0,0.7,1.0,0.7,0.3544,reject
Polygon,Uniswap V3,0x4ccd010148379ea531d6c587cfdd60180196f9b1,WETH/USDT,3000,20,0.0,0.0,0.0,1.0,0.4538,0.8,0.0,0.7,1.0,0.7,0.3544,reject
Polygon,Uniswap V3,0x4ccd010148379ea531d6c587cfdd60180196f9b1,WETH/USDT,3000,100,0.0,0.0,0.0,1.0,0.4538,0.8,0.0,0.7,1.0,0.7,0.3544,reject
Polygon,Uniswap V3,0x4ccd010148379ea531d6c587cfdd60180196f9b1,WETH/USDT,3000,500,0.0,0.0,0.0,1.0,0.4538,0.8,0.0,0.7,1.0,0.7,0.3544,reject
Polygon,Uniswap V3,0x4ccd010148379ea531d6c587cfdd60180196f9b1,WETH/USDT,3000,1000,0.0,0.0,0.0,1.0,0.4538,0.8,0.0,0.7,1.0,0.7,0.3544,reject
Polygon,Uniswap V3,0x4ccd010148379ea531d6c587cfdd60180196f9b1,WETH/USDT,3000,2000,0.0,0.0,0.0,1.0,0.4538,0.8,0.0,0.7,1.0,0.7,0.3544,reject
Polygon,Uniswap V3,0xc21b964af2b0254580d44981d624335f2b7c6fb6,WETH/USDT,10000,10,0.0,0.0,0.0,1.0,0.2594,0.8,0.0,0.7,1.0,0.7,0.3349,reject
Polygon,Uniswap V3,0xc21b964af2b0254580d44981d624335f2b7c6fb6,WETH/USDT,10000,20,0.0,0.0,0.0,1.0,0.2594,0.8,0.0,0.7,1.0,0.7,0.3349,reject
Polygon,Uniswap V3,0xc21b964af2b0254580d44981d624335f2b7c6fb6,WETH/USDT,10000,100,0.0,0.0,0.0,1.0,0.2594,0.8,0.0,0.7,1.0,0.7,0.3349,reject
Polygon,Uniswap V3,0xc21b964af2b0254580d44981d624335f2b7c6fb6,WETH/USDT,10000,500,0.0,0.0,0.0,1.0,0.2594,0.8,0.0,0.7,1.0,0.7,0.3349,reject
Polygon,Uniswap V3,0xc21b964af2b0254580d44981d624335f2b7c6fb6,WETH/USDT,10000,1000,0.0,0.0,0.0,1.0,0.2594,0.8,0.0,0.7,1.0,0.7,0.3349,reject
Polygon,Uniswap V3,0xc21b964af2b0254580d44981d624335f2b7c6fb6,WETH/USDT,10000,2000,0.0,0.0,0.0,1.0,0.2594,0.8,0.0,0.7,1.0,0.7,0.3349,reject
Polygon,Uniswap V3,0x32fae204835e08b9374493d6b4628fd1f87dd045,WBTC/USDC,500,10,0.0,0.0,0.0,1.0,0.0,0.8,0.0,0.7,0.0412,0.7,0.2802,reject
Polygon,Uniswap V3,0x32fae204835e08b9374493d6b4628fd1f87dd045,WBTC/USDC,500,20,0.0,0.0,0.0,1.0,0.0,0.8,0.0,0.7,0.0412,0.7,0.2802,reject
Polygon,Uniswap V3,0x32fae204835e08b9374493d6b4628fd1f87dd045,WBTC/USDC,500,100,0.0,0.0,0.0,0.8234,0.0,0.8,0.0,0.7,0.0412,0.7,0.2537,reject
Polygon,Uniswap V3,0x32fae204835e08b9374493d6b4628fd1f87dd045,WBTC/USDC,500,500,0.0,0.0,0.0,0.1647,0.0,0.8,0.0,0.7,0.0412,0.7,0.1549,reject
Polygon,Uniswap V3,0x32fae204835e08b9374493d6b4628fd1f87dd045,WBTC/USDC,500,1000,0.0,0.0,0.0,0.0823,0.0,0.8,0.0,0.7,0.0412,0.7,0.1426,reject
Polygon,Uniswap V3,0x32fae204835e08b9374493d6b4628fd1f87dd045,WBTC/USDC,500,2000,0.0,0.0,0.0,0.0412,0.0,0.8,0.0,0.7,0.0412,0.7,0.1364,reject
Polygon,Uniswap V3,0xe6ba22265aefe9dc392f544437acce2aedf8ef36,WBTC/USDC,3000,10,0.0,0.0,0.0,1.0,0.0403,0.8,0.0,0.7,0.2009,0.7,0.2891,reject
Polygon,Uniswap V3,0xe6ba22265aefe9dc392f544437acce2aedf8ef36,WBTC/USDC,3000,20,0.0,0.0,0.0,1.0,0.0403,0.8,0.0,0.7,0.2009,0.7,0.2891,reject
Polygon,Uniswap V3,0xe6ba22265aefe9dc392f544437acce2aedf8ef36,WBTC/USDC,3000,100,0.0,0.0,0.0,1.0,0.0403,0.8,0.0,0.7,0.2009,0.7,0.2891,reject
Polygon,Uniswap V3,0xe6ba22265aefe9dc392f544437acce2aedf8ef36,WBTC/USDC,3000,500,0.0,0.0,0.0,0.8035,0.0403,0.8,0.0,0.7,0.2009,0.7,0.2596,reject
Polygon,Uniswap V3,0xe6ba22265aefe9dc392f544437acce2aedf8ef36,WBTC/USDC,3000,1000,0.0,0.0,0.0,0.4017,0.0403,0.8,0.0,0.7,0.2009,0.7,0.1993,reject
Polygon,Uniswap V3,0xe6ba22265aefe9dc392f544437acce2aedf8ef36,WBTC/USDC,3000,2000,0.0,0.0,0.0,0.2009,0.0403,0.8,0.0,0.7,0.2009,0.7,0.1692,reject
Polygon,Uniswap V3,0x960fc6489c9b44da6ba330883dc1898b75a7b27b,WBTC/WETH,100,10,0.0,0.0,0.0,1.0,0.1614,0.8,0.0,0.7,1.0,0.7,0.3251,reject
Polygon,Uniswap V3,0x960fc6489c9b44da6ba330883dc1898b75a7b27b,WBTC/WETH,100,20,0.0,0.0,0.0,1.0,0.1614,0.8,0.0,0.7,1.0,0.7,0.3251,reject
Polygon,Uniswap V3,0x960fc6489c9b44da6ba330883dc1898b75a7b27b,WBTC/WETH,100,100,0.0,0.0,0.0,1.0,0.1614,0.8,0.0,0.7,1.0,0.7,0.3251,reject
Polygon,Uniswap V3,0x960fc6489c9b44da6ba330883dc1898b75a7b27b,WBTC/WETH,100,500,0.0,0.0,0.0,1.0,0.1614,0.8,0.0,0.7,1.0,0.7,0.3251,reject
Polygon,Uniswap V3,0x960fc6489c9b44da6ba330883dc1898b75a7b27b,WBTC/WETH,100,1000,0.0,0.0,0.0,1.0,0.1614,0.8,0.0,0.7,1.0,0.7,0.3251,reject
Polygon,Uniswap V3,0x960fc6489c9b44da6ba330883dc1898b75a7b27b,WBTC/WETH,100,2000,0.0,0.0,0.0,1.0,0.1614,0.8,0.0,0.7,1.0,0.7,0.3251,reject
Polygon,Uniswap V3,0x50eaedb835021e4a108b7290636d62e9765cc6d7,WBTC/WETH,500,10,0.0,0.0,0.0,1.0,0.3915,0.8,0.0,0.7,1.0,0.7,0.3481,reject
Polygon,Uniswap V3,0x50eaedb835021e4a108b7290636d62e9765cc6d7,WBTC/WETH,500,20,0.0,0.0,0.0,1.0,0.3915,0.8,0.0,0.7,1.0,0.7,0.3481,reject
Polygon,Uniswap V3,0x50eaedb835021e4a108b7290636d62e9765cc6d7,WBTC/WETH,500,100,0.0,0.0,0.0,1.0,0.3915,0.8,0.0,0.7,1.0,0.7,0.3481,reject
Polygon,Uniswap V3,0x50eaedb835021e4a108b7290636d62e9765cc6d7,WBTC/WETH,500,500,0.0,0.0,0.0,1.0,0.3915,0.8,0.0,0.7,1.0,0.7,0.3481,reject
Polygon,Uniswap V3,0x50eaedb835021e4a108b7290636d62e9765cc6d7,WBTC/WETH,500,1000,0.0,0.0,0.0,1.0,0.3915,0.8,0.0,0.7,1.0,0.7,0.3481,reject
Polygon,Uniswap V3,0x50eaedb835021e4a108b7290636d62e9765cc6d7,WBTC/WETH,500,2000,0.0,0.0,0.0,1.0,0.3915,0.8,0.0,0.7,1.0,0.7,0.3481,reject
Polygon,Uniswap V3,0xfe343675878100b344802a6763fd373fdeed07a4,WBTC/WETH,3000,10,0.0,0.0,0.0,1.0,0.2455,0.8,0.0,0.7,1.0,0.7,0.3336,reject
Polygon,Uniswap V3,0xfe343675878100b344802a6763fd373fdeed07a4,WBTC/WETH,3000,20,0.0,0.0,0.0,1.0,0.2455,0.8,0.0,0.7,1.0,0.7,0.3336,reject
Polygon,Uniswap V3,0xfe343675878100b344802a6763fd373fdeed07a4,WBTC/WETH,3000,100,0.0,0.0,0.0,1.0,0.2455,0.8,0.0,0.7,1.0,0.7,0.3336,reject
Polygon,Uniswap V3,0xfe343675878100b344802a6763fd373fdeed07a4,WBTC/WETH,3000,500,0.0,0.0,0.0,1.0,0.2455,0.8,0.0,0.7,1.0,0.7,0.3336,reject
Polygon,Uniswap V3,0xfe343675878100b344802a6763fd373fdeed07a4,WBTC/WETH,3000,1000,0.0,0.0,0.0,1.0,0.2455,0.8,0.0,0.7,1.0,0.7,0.3336,reject
Polygon,Uniswap V3,0xfe343675878100b344802a6763fd373fdeed07a4,WBTC/WETH,3000,2000,0.0,0.0,0.0,1.0,0.2455,0.8,0.0,0.7,1.0,0.7,0.3336,reject
Polygon,Uniswap V3,0x4f28eef4dde2bfa0bdb95a7efe586c3654e6cf07,WBTC/WETH,10000,10,0.0,0.0,0.0,1.0,0.0963,0.8,0.0,0.7,1.0,0.7,0.3186,reject
Polygon,Uniswap V3,0x4f28eef4dde2bfa0bdb95a7efe586c3654e6cf07,WBTC/WETH,10000,20,0.0,0.0,0.0,1.0,0.0963,0.8,0.0,0.7,1.0,0.7,0.3186,reject
Polygon,Uniswap V3,0x4f28eef4dde2bfa0bdb95a7efe586c3654e6cf07,WBTC/WETH,10000,100,0.0,0.0,0.0,1.0,0.0963,0.8,0.0,0.7,1.0,0.7,0.3186,reject
Polygon,Uniswap V3,0x4f28eef4dde2bfa0bdb95a7efe586c3654e6cf07,WBTC/WETH,10000,500,0.0,0.0,0.0,1.0,0.0963,0.8,0.0,0.7,1.0,0.7,0.3186,reject
Polygon,Uniswap V3,0x4f28eef4dde2bfa0bdb95a7efe586c3654e6cf07,WBTC/WETH,10000,1000,0.0,0.0,0.0,1.0,0.0963,0.8,0.0,0.7,1.0,0.7,0.3186,reject
Polygon,Uniswap V3,0x4f28eef4dde2bfa0bdb95a7efe586c3654e6cf07,WBTC/WETH,10000,2000,0.0,0.0,0.0,1.0,0.0963,0.8,0.0,0.7,1.0,0.7,0.3186,reject
Polygon,Uniswap V3,0x31083a78e11b18e450fd139f9abea98cd53181b7,USDC/USDT,100,10,0.0,0.0,0.0,1.0,0.3199,0.8,0.0,0.7,1.0,0.7,0.341,reject
Polygon,Uniswap V3,0x31083a78e11b18e450fd139f9abea98cd53181b7,USDC/USDT,100,20,0.0,0.0,0.0,1.0,0.3199,0.8,0.0,0.7,1.0,0.7,0.341,reject
Polygon,Uniswap V3,0x31083a78e11b18e450fd139f9abea98cd53181b7,USDC/USDT,100,100,0.0,0.0,0.0,1.0,0.3199,0.8,0.0,0.7,1.0,0.7,0.341,reject
Polygon,Uniswap V3,0x31083a78e11b18e450fd139f9abea98cd53181b7,USDC/USDT,100,500,0.0,0.0,0.0,1.0,0.3199,0.8,0.0,0.7,1.0,0.7,0.341,reject
Polygon,Uniswap V3,0x31083a78e11b18e450fd139f9abea98cd53181b7,USDC/USDT,100,1000,0.0,0.0,0.0,1.0,0.3199,0.8,0.0,0.7,1.0,0.7,0.341,reject
Polygon,Uniswap V3,0x31083a78e11b18e450fd139f9abea98cd53181b7,USDC/USDT,100,2000,0.0,0.0,0.0,1.0,0.3199,0.8,0.0,0.7,1.0,0.7,0.341,reject
Polygon,Uniswap V3,0xee95696f77693af4f9b93850a9f48b4ad8e7a30a,USDC/USDT,500,10,0.0,0.0,0.0,1.0,0.1371,0.8,0.0,0.7,1.0,0.7,0.3227,reject
Polygon,Uniswap V3,0xee95696f77693af4f9b93850a9f48b4ad8e7a30a,USDC/USDT,500,20,0.0,0.0,0.0,1.0,0.1371,0.8,0.0,0.7,1.0,0.7,0.3227,reject
Polygon,Uniswap V3,0xee95696f77693af4f9b93850a9f48b4ad8e7a30a,USDC/USDT,500,100,0.0,0.0,0.0,1.0,0.1371,0.8,0.0,0.7,1.0,0.7,0.3227,reject
Polygon,Uniswap V3,0xee95696f77693af4f9b93850a9f48b4ad8e7a30a,USDC/USDT,500,500,0.0,0.0,0.0,1.0,0.1371,0.8,0.0,0.7,1.0,0.7,0.3227,reject
Polygon,Uniswap V3,0xee95696f77693af4f9b93850a9f48b4ad8e7a30a,USDC/USDT,500,1000,0.0,0.0,0.0,1.0,0.1371,0.8,0.0,0.7,1.0,0.7,0.3227,reject
Polygon,Uniswap V3,0xee95696f77693af4f9b93850a9f48b4ad8e7a30a,USDC/USDT,500,2000,0.0,0.0,0.0,1.0,0.1371,0.8,0.0,0.7,1.0,0.7,0.3227,reject
Polygon,Uniswap V3,0x1cb770fc7c7367c6ad5e88d32072b7f4bf881304,USDC/USDT,3000,10,0.0,0.0,0.0,1.0,0.0514,0.8,0.0,0.7,0.2951,0.7,0.293,reject
Polygon,Uniswap V3,0x1cb770fc7c7367c6ad5e88d32072b7f4bf881304,USDC/USDT,3000,20,0.0,0.0,0.0,1.0,0.0514,0.8,0.0,0.7,0.2951,0.7,0.293,reject
Polygon,Uniswap V3,0x1cb770fc7c7367c6ad5e88d32072b7f4bf881304,USDC/USDT,3000,100,0.0,0.0,0.0,1.0,0.0514,0.8,0.0,0.7,0.2951,0.7,0.293,reject
Polygon,Uniswap V3,0x1cb770fc7c7367c6ad5e88d32072b7f4bf881304,USDC/USDT,3000,500,0.0,0.0,0.0,1.0,0.0514,0.8,0.0,0.7,0.2951,0.7,0.293,reject
Polygon,Uniswap V3,0x1cb770fc7c7367c6ad5e88d32072b7f4bf881304,USDC/USDT,3000,1000,0.0,0.0,0.0,0.5902,0.0514,0.8,0.0,0.7,0.2951,0.7,0.2315,reject
Polygon,Uniswap V3,0x1cb770fc7c7367c6ad5e88d32072b7f4bf881304,USDC/USDT,3000,2000,0.0,0.0,0.0,0.2951,0.0514,0.8,0.0,0.7,0.2951,0.7,0.1873,reject
Polygon,Uniswap V3,0x03bc0fd2840516a863cbc5220e17d3764123ba24,USDC/USDT,10000,10,0.0,0.0,0.0,0.0013,0.0,0.8,0.0,0.7,0.005,0.7,0.1293,reject
Polygon,Uniswap V3,0x03bc0fd2840516a863cbc5220e17d3764123ba24,USDC/USDT,10000,20,0.0,0.0,0.0,0.0007,0.0,0.8,0.0,0.7,0.005,0.7,0.1292,reject
Polygon,Uniswap V3,0x03bc0fd2840516a863cbc5220e17d3764123ba24,USDC/USDT,10000,100,0.0,0.0,0.0,0.0001,0.0,0.8,0.0,0.7,0.005,0.7,0.1292,reject
Polygon,Uniswap V3,0x03bc0fd2840516a863cbc5220e17d3764123ba24,USDC/USDT,10000,500,0.0,0.0,0.0,0.0,0.0,0.8,0.0,0.7,0.005,0.7,0.1292,reject
Polygon,Uniswap V3,0x03bc0fd2840516a863cbc5220e17d3764123ba24,USDC/USDT,10000,1000,0.0,0.0,0.0,0.0,0.0,0.8,0.0,0.7,0.005,0.7,0.1292,reject
Polygon,Uniswap V3,0x03bc0fd2840516a863cbc5220e17d3764123ba24,USDC/USDT,10000,2000,0.0,0.0,0.0,0.0,0.0,0.8,0.0,0.7,0.005,0.7,0.1292,reject
Ethereum,Uniswap V3,0xe0554a476a092703abdb3ef35c80e0d76d32939f,WETH/USDC,100,10,0.0,0.0,0.0,1.0,0.514,0.8,0.0,0.7,1.0,0.95,0.3654,reject
Ethereum,Uniswap V3,0xe0554a476a092703abdb3ef35c80e0d76d32939f,WETH/USDC,100,20,0.0,0.0,0.0,1.0,0.514,0.8,0.0,0.7,1.0,0.95,0.3654,reject
Ethereum,Uniswap V3,0xe0554a476a092703abdb3ef35c80e0d76d32939f,WETH/USDC,100,100,0.0,0.0,0.0,1.0,0.514,0.8,0.0,0.7,1.0,0.95,0.3654,reject
Ethereum,Uniswap V3,0xe0554a476a092703abdb3ef35c80e0d76d32939f,WETH/USDC,100,500,0.0,0.0,0.0,1.0,0.514,0.8,0.0,0.7,1.0,0.95,0.3654,reject
Ethereum,Uniswap V3,0xe0554a476a092703abdb3ef35c80e0d76d32939f,WETH/USDC,100,1000,0.0,0.0,0.0,1.0,0.514,0.8,0.0,0.7,1.0,0.95,0.3654,reject
Ethereum,Uniswap V3,0xe0554a476a092703abdb3ef35c80e0d76d32939f,WETH/USDC,100,2000,0.0,0.0,0.0,1.0,0.514,0.8,0.0,0.7,1.0,0.95,0.3654,reject
Ethereum,Uniswap V3,0x88e6a0c2ddd26feeb64f039a2c41296fcb3f5640,WETH/USDC,500,10,0.0,0.0,0.0,1.0,0.5837,0.8,0.0,0.7,1.0,0.95,0.3724,reject
Ethereum,Uniswap V3,0x88e6a0c2ddd26feeb64f039a2c41296fcb3f5640,WETH/USDC,500,20,0.0,0.0,0.0,1.0,0.5837,0.8,0.0,0.7,1.0,0.95,0.3724,reject
Ethereum,Uniswap V3,0x88e6a0c2ddd26feeb64f039a2c41296fcb3f5640,WETH/USDC,500,100,0.0,0.0,0.0,1.0,0.5837,0.8,0.0,0.7,1.0,0.95,0.3724,reject
Ethereum,Uniswap V3,0x88e6a0c2ddd26feeb64f039a2c41296fcb3f5640,WETH/USDC,500,500,0.0,0.0,0.0,1.0,0.5837,0.8,0.0,0.7,1.0,0.95,0.3724,reject
Ethereum,Uniswap V3,0x88e6a0c2ddd26feeb64f039a2c41296fcb3f5640,WETH/USDC,500,1000,0.0,0.0,0.0,1.0,0.5837,0.8,0.0,0.7,1.0,0.95,0.3724,reject
Ethereum,Uniswap V3,0x88e6a0c2ddd26feeb64f039a2c41296fcb3f5640,WETH/USDC,500,2000,0.0,0.0,0.0,1.0,0.5837,0.8,0.0,0.7,1.0,0.95,0.3724,reject
Ethereum,Uniswap V3,0x8ad599c3a0ff1de082011efddc58f1908eb6e6d8,WETH/USDC,3000,10,0.0,0.0,0.0,1.0,0.523,0.8,0.0,0.7,1.0,0.95,0.3663,reject
Ethereum,Uniswap V3,0x8ad599c3a0ff1de082011efddc58f1908eb6e6d8,WETH/USDC,3000,20,0.0,0.0,0.0,1.0,0.523,0.8,0.0,0.7,1.0,0.95,0.3663,reject
Ethereum,Uniswap V3,0x8ad599c3a0ff1de082011efddc58f1908eb6e6d8,WETH/USDC,3000,100,0.0,0.0,0.0,1.0,0.523,0.8,0.0,0.7,1.0,0.95,0.3663,reject
Ethereum,Uniswap V3,0x8ad599c3a0ff1de082011efddc58f1908eb6e6d8,WETH/USDC,3000,500,0.0,0.0,0.0,1.0,0.523,0.8,0.0,0.7,1.0,0.95,0.3663,reject
Ethereum,Uniswap V3,0x8ad599c3a0ff1de082011efddc58f1908eb6e6d8,WETH/USDC,3000,1000,0.0,0.0,0.0,1.0,0.523,0.8,0.0,0.7,1.0,0.95,0.3663,reject
Ethereum,Uniswap V3,0x8ad599c3a0ff1de082011efddc58f1908eb6e6d8,WETH/USDC,3000,2000,0.0,0.0,0.0,1.0,0.523,0.8,0.0,0.7,1.0,0.95,0.3663,reject
Ethereum,Uniswap V3,0x7bea39867e4169dbe237d55c8242a8f2fcdcc387,WETH/USDC,10000,10,0.0,0.0,0.0,1.0,0.4102,0.8,0.0,0.7,1.0,0.95,0.355,reject
Ethereum,Uniswap V3,0x7bea39867e4169dbe237d55c8242a8f2fcdcc387,WETH/USDC,10000,20,0.0,0.0,0.0,1.0,0.4102,0.8,0.0,0.7,1.0,0.95,0.355,reject
Ethereum,Uniswap V3,0x7bea39867e4169dbe237d55c8242a8f2fcdcc387,WETH/USDC,10000,100,0.0,0.0,0.0,1.0,0.4102,0.8,0.0,0.7,1.0,0.95,0.355,reject
Ethereum,Uniswap V3,0x7bea39867e4169dbe237d55c8242a8f2fcdcc387,WETH/USDC,10000,500,0.0,0.0,0.0,1.0,0.4102,0.8,0.0,0.7,1.0,0.95,0.355,reject
Ethereum,Uniswap V3,0x7bea39867e4169dbe237d55c8242a8f2fcdcc387,WETH/USDC,10000,1000,0.0,0.0,0.0,1.0,0.4102,0.8,0.0,0.7,1.0,0.95,0.355,reject
Ethereum,Uniswap V3,0x7bea39867e4169dbe237d55c8242a8f2fcdcc387,WETH/USDC,10000,2000,0.0,0.0,0.0,1.0,0.4102,0.8,0.0,0.7,1.0,0.95,0.355,reject
Ethereum,Uniswap V3,0xc7bbec68d12a0d1830360f8ec58fa599ba1b0e9b,WETH/USDT,100,10,0.0,0.0,0.0,1.0,0.4951,0.8,0.0,0.7,1.0,0.95,0.3635,reject
Ethereum,Uniswap V3,0xc7bbec68d12a0d1830360f8ec58fa599ba1b0e9b,WETH/USDT,100,20,0.0,0.0,0.0,1.0,0.4951,0.8,0.0,0.7,1.0,0.95,0.3635,reject
Ethereum,Uniswap V3,0xc7bbec68d12a0d1830360f8ec58fa599ba1b0e9b,WETH/USDT,100,100,0.0,0.0,0.0,1.0,0.4951,0.8,0.0,0.7,1.0,0.95,0.3635,reject
Ethereum,Uniswap V3,0xc7bbec68d12a0d1830360f8ec58fa599ba1b0e9b,WETH/USDT,100,500,0.0,0.0,0.0,1.0,0.4951,0.8,0.0,0.7,1.0,0.95,0.3635,reject
Ethereum,Uniswap V3,0xc7bbec68d12a0d1830360f8ec58fa599ba1b0e9b,WETH/USDT,100,1000,0.0,0.0,0.0,1.0,0.4951,0.8,0.0,0.7,1.0,0.95,0.3635,reject
Ethereum,Uniswap V3,0xc7bbec68d12a0d1830360f8ec58fa599ba1b0e9b,WETH/USDT,100,2000,0.0,0.0,0.0,1.0,0.4951,0.8,0.0,0.7,1.0,0.95,0.3635,reject
Ethereum,Uniswap V3,0x11b815efb8f581194ae79006d24e0d814b7697f6,WETH/USDT,500,10,0.0,0.0,0.0,1.0,0.5288,0.8,0.0,0.7,1.0,0.95,0.3669,reject
Ethereum,Uniswap V3,0x11b815efb8f581194ae79006d24e0d814b7697f6,WETH/USDT,500,20,0.0,0.0,0.0,1.0,0.5288,0.8,0.0,0.7,1.0,0.95,0.3669,reject
Ethereum,Uniswap V3,0x11b815efb8f581194ae79006d24e0d814b7697f6,WETH/USDT,500,100,0.0,0.0,0.0,1.0,0.5288,0.8,0.0,0.7,1.0,0.95,0.3669,reject
Ethereum,Uniswap V3,0x11b815efb8f581194ae79006d24e0d814b7697f6,WETH/USDT,500,500,0.0,0.0,0.0,1.0,0.5288,0.8,0.0,0.7,1.0,0.95,0.3669,reject
Ethereum,Uniswap V3,0x11b815efb8f581194ae79006d24e0d814b7697f6,WETH/USDT,500,1000,0.0,0.0,0.0,1.0,0.5288,0.8,0.0,0.7,1.0,0.95,0.3669,reject
Ethereum,Uniswap V3,0x11b815efb8f581194ae79006d24e0d814b7697f6,WETH/USDT,500,2000,0.0,0.0,0.0,1.0,0.5288,0.8,0.0,0.7,1.0,0.95,0.3669,reject
Ethereum,Uniswap V3,0x4e68ccd3e89f51c3074ca5072bbac773960dfa36,WETH/USDT,3000,10,0.0,0.0,0.0,1.0,0.5823,0.8,0.0,0.7,1.0,0.95,0.3722,reject
Ethereum,Uniswap V3,0x4e68ccd3e89f51c3074ca5072bbac773960dfa36,WETH/USDT,3000,20,0.0,0.0,0.0,1.0,0.5823,0.8,0.0,0.7,1.0,0.95,0.3722,reject
Ethereum,Uniswap V3,0x4e68ccd3e89f51c3074ca5072bbac773960dfa36,WETH/USDT,3000,100,0.0,0.0,0.0,1.0,0.5823,0.8,0.0,0.7,1.0,0.95,0.3722,reject
Ethereum,Uniswap V3,0x4e68ccd3e89f51c3074ca5072bbac773960dfa36,WETH/USDT,3000,500,0.0,0.0,0.0,1.0,0.5823,0.8,0.0,0.7,1.0,0.95,0.3722,reject
Ethereum,Uniswap V3,0x4e68ccd3e89f51c3074ca5072bbac773960dfa36,WETH/USDT,3000,1000,0.0,0.0,0.0,1.0,0.5823,0.8,0.0,0.7,1.0,0.95,0.3722,reject
Ethereum,Uniswap V3,0x4e68ccd3e89f51c3074ca5072bbac773960dfa36,WETH/USDT,3000,2000,0.0,0.0,0.0,1.0,0.5823,0.8,0.0,0.7,1.0,0.95,0.3722,reject
Ethereum,Uniswap V3,0xc5af84701f98fa483ece78af83f11b6c38aca71d,WETH/USDT,10000,10,0.0,0.0,0.0,1.0,0.3614,0.8,0.0,0.7,1.0,0.95,0.3501,reject
Ethereum,Uniswap V3,0xc5af84701f98fa483ece78af83f11b6c38aca71d,WETH/USDT,10000,20,0.0,0.0,0.0,1.0,0.3614,0.8,0.0,0.7,1.0,0.95,0.3501,reject
Ethereum,Uniswap V3,0xc5af84701f98fa483ece78af83f11b6c38aca71d,WETH/USDT,10000,100,0.0,0.0,0.0,1.0,0.3614,0.8,0.0,0.7,1.0,0.95,0.3501,reject
Ethereum,Uniswap V3,0xc5af84701f98fa483ece78af83f11b6c38aca71d,WETH/USDT,10000,500,0.0,0.0,0.0,1.0,0.3614,0.8,0.0,0.7,1.0,0.95,0.3501,reject
Ethereum,Uniswap V3,0xc5af84701f98fa483ece78af83f11b6c38aca71d,WETH/USDT,10000,1000,0.0,0.0,0.0,1.0,0.3614,0.8,0.0,0.7,1.0,0.95,0.3501,reject
Ethereum,Uniswap V3,0xc5af84701f98fa483ece78af83f11b6c38aca71d,WETH/USDT,10000,2000,0.0,0.0,0.0,1.0,0.3614,0.8,0.0,0.7,1.0,0.95,0.3501,reject
Ethereum,Uniswap V3,0xd8dec118e1215f02e10db846dcbbfe27d477ac19,WETH/DAI,100,10,0.0,0.0,0.0,1.0,0.4542,0.8,0.0,0.7,1.0,0.95,0.3594,reject
Ethereum,Uniswap V3,0xd8dec118e1215f02e10db846dcbbfe27d477ac19,WETH/DAI,100,20,0.0,0.0,0.0,1.0,0.4542,0.8,0.0,0.7,1.0,0.95,0.3594,reject
Ethereum,Uniswap V3,0xd8dec118e1215f02e10db846dcbbfe27d477ac19,WETH/DAI,100,100,0.0,0.0,0.0,1.0,0.4542,0.8,0.0,0.7,1.0,0.95,0.3594,reject
Ethereum,Uniswap V3,0xd8dec118e1215f02e10db846dcbbfe27d477ac19,WETH/DAI,100,500,0.0,0.0,0.0,1.0,0.4542,0.8,0.0,0.7,1.0,0.95,0.3594,reject
Ethereum,Uniswap V3,0xd8dec118e1215f02e10db846dcbbfe27d477ac19,WETH/DAI,100,1000,0.0,0.0,0.0,1.0,0.4542,0.8,0.0,0.7,1.0,0.95,0.3594,reject
Ethereum,Uniswap V3,0xd8dec118e1215f02e10db846dcbbfe27d477ac19,WETH/DAI,100,2000,0.0,0.0,0.0,1.0,0.4542,0.8,0.0,0.7,1.0,0.95,0.3594,reject
Ethereum,Uniswap V3,0x60594a405d53811d3bc4766596efd80fd545a270,WETH/DAI,500,10,0.0,0.0,0.0,1.0,0.8398,0.8,0.0,0.7,1.0,0.95,0.398,reject
Ethereum,Uniswap V3,0x60594a405d53811d3bc4766596efd80fd545a270,WETH/DAI,500,20,0.0,0.0,0.0,1.0,0.8398,0.8,0.0,0.7,1.0,0.95,0.398,reject
Ethereum,Uniswap V3,0x60594a405d53811d3bc4766596efd80fd545a270,WETH/DAI,500,100,0.0,0.0,0.0,1.0,0.8398,0.8,0.0,0.7,1.0,0.95,0.398,reject
Ethereum,Uniswap V3,0x60594a405d53811d3bc4766596efd80fd545a270,WETH/DAI,500,500,0.0,0.0,0.0,1.0,0.8398,0.8,0.0,0.7,1.0,0.95,0.398,reject
Ethereum,Uniswap V3,0x60594a405d53811d3bc4766596efd80fd545a270,WETH/DAI,500,1000,0.0,0.0,0.0,1.0,0.8398,0.8,0.0,0.7,1.0,0.95,0.398,reject
Ethereum,Uniswap V3,0x60594a405d53811d3bc4766596efd80fd545a270,WETH/DAI,500,2000,0.0,0.0,0.0,1.0,0.8398,0.8,0.0,0.7,1.0,0.95,0.398,reject
Ethereum,Uniswap V3,0xc2e9f25be6257c210d7adf0d4cd6e3e881ba25f8,WETH/DAI,3000,10,0.0,0.0,0.0,1.0,0.8727,0.8,0.0,0.7,1.0,0.95,0.4013,needs_data
Ethereum,Uniswap V3,0xc2e9f25be6257c210d7adf0d4cd6e3e881ba25f8,WETH/DAI,3000,20,0.0,0.0,0.0,1.0,0.8727,0.8,0.0,0.7,1.0,0.95,0.4013,needs_data
Ethereum,Uniswap V3,0xc2e9f25be6257c210d7adf0d4cd6e3e881ba25f8,WETH/DAI,3000,100,0.0,0.0,0.0,1.0,0.8727,0.8,0.0,0.7,1.0,0.95,0.4013,needs_data
Ethereum,Uniswap V3,0xc2e9f25be6257c210d7adf0d4cd6e3e881ba25f8,WETH/DAI,3000,500,0.0,0.0,0.0,1.0,0.8727,0.8,0.0,0.7,1.0,0.95,0.4013,needs_data
Ethereum,Uniswap V3,0xc2e9f25be6257c210d7adf0d4cd6e3e881ba25f8,WETH/DAI,3000,1000,0.0,0.0,0.0,1.0,0.8727,0.8,0.0,0.7,1.0,0.95,0.4013,needs_data
Ethereum,Uniswap V3,0xc2e9f25be6257c210d7adf0d4cd6e3e881ba25f8,WETH/DAI,3000,2000,0.0,0.0,0.0,1.0,0.8727,0.8,0.0,0.7,1.0,0.95,0.4013,needs_data
Ethereum,Uniswap V3,0xa80964c5bbd1a0e95777094420555fead1a26c1e,WETH/DAI,10000,10,0.0,0.0,0.0,1.0,0.6046,0.8,0.0,0.7,1.0,0.95,0.3745,reject
Ethereum,Uniswap V3,0xa80964c5bbd1a0e95777094420555fead1a26c1e,WETH/DAI,10000,20,0.0,0.0,0.0,1.0,0.6046,0.8,0.0,0.7,1.0,0.95,0.3745,reject
Ethereum,Uniswap V3,0xa80964c5bbd1a0e95777094420555fead1a26c1e,WETH/DAI,10000,100,0.0,0.0,0.0,1.0,0.6046,0.8,0.0,0.7,1.0,0.95,0.3745,reject
Ethereum,Uniswap V3,0xa80964c5bbd1a0e95777094420555fead1a26c1e,WETH/DAI,10000,500,0.0,0.0,0.0,1.0,0.6046,0.8,0.0,0.7,1.0,0.95,0.3745,reject
Ethereum,Uniswap V3,0xa80964c5bbd1a0e95777094420555fead1a26c1e,WETH/DAI,10000,1000,0.0,0.0,0.0,1.0,0.6046,0.8,0.0,0.7,1.0,0.95,0.3745,reject
Ethereum,Uniswap V3,0xa80964c5bbd1a0e95777094420555fead1a26c1e,WETH/DAI,10000,2000,0.0,0.0,0.0,1.0,0.6046,0.8,0.0,0.7,1.0,0.95,0.3745,reject
Ethereum,Uniswap V3,0x026babd2ae9379525030fc2574e39bc156c10583,WBTC/USDC,100,10,0.0,0.0,0.0,0.0005,0.0,0.8,0.0,0.7,0.005,0.95,0.1342,reject
Ethereum,Uniswap V3,0x026babd2ae9379525030fc2574e39bc156c10583,WBTC/USDC,100,20,0.0,0.0,0.0,0.0002,0.0,0.8,0.0,0.7,0.005,0.95,0.1342,reject
Ethereum,Uniswap V3,0x026babd2ae9379525030fc2574e39bc156c10583,WBTC/USDC,100,100,0.0,0.0,0.0,0.0,0.0,0.8,0.0,0.7,0.005,0.95,0.1342,reject
Ethereum,Uniswap V3,0x026babd2ae9379525030fc2574e39bc156c10583,WBTC/USDC,100,500,0.0,0.0,0.0,0.0,0.0,0.8,0.0,0.7,0.005,0.95,0.1342,reject
Ethereum,Uniswap V3,0x026babd2ae9379525030fc2574e39bc156c10583,WBTC/USDC,100,1000,0.0,0.0,0.0,0.0,0.0,0.8,0.0,0.7,0.005,0.95,0.1342,reject
Ethereum,Uniswap V3,0x026babd2ae9379525030fc2574e39bc156c10583,WBTC/USDC,100,2000,0.0,0.0,0.0,0.0,0.0,0.8,0.0,0.7,0.005,0.95,0.1342,reject
Ethereum,Uniswap V3,0x9a772018fbd77fcd2d25657e5c547baff3fd7d16,WBTC/USDC,500,10,0.0,0.0,0.0,1.0,0.0677,0.8,0.0,0.7,0.5173,0.95,0.3063,reject
Ethereum,Uniswap V3,0x9a772018fbd77fcd2d25657e5c547baff3fd7d16,WBTC/USDC,500,20,0.0,0.0,0.0,1.0,0.0677,0.8,0.0,0.7,0.5173,0.95,0.3063,reject
Ethereum,Uniswap V3,0x9a772018fbd77fcd2d25657e5c547baff3fd7d16,WBTC/USDC,500,100,0.0,0.0,0.0,1.0,0.0677,0.8,0.0,0.7,0.5173,0.95,0.3063,reject
Ethereum,Uniswap V3,0x9a772018fbd77fcd2d25657e5c547baff3fd7d16,WBTC/USDC,500,500,0.0,0.0,0.0,1.0,0.0677,0.8,0.0,0.7,0.5173,0.95,0.3063,reject
Ethereum,Uniswap V3,0x9a772018fbd77fcd2d25657e5c547baff3fd7d16,WBTC/USDC,500,1000,0.0,0.0,0.0,1.0,0.0677,0.8,0.0,0.7,0.5173,0.95,0.3063,reject
Ethereum,Uniswap V3,0x9a772018fbd77fcd2d25657e5c547baff3fd7d16,WBTC/USDC,500,2000,0.0,0.0,0.0,0.5173,0.0677,0.8,0.0,0.7,0.5173,0.95,0.2339,reject
Ethereum,Uniswap V3,0x99ac8ca7087fa4a2a1fb6357269965a2014abc35,WBTC/USDC,3000,10,0.0,0.0,0.0,1.0,0.1481,0.8,0.0,0.7,1.0,0.95,0.3288,reject
Ethereum,Uniswap V3,0x99ac8ca7087fa4a2a1fb6357269965a2014abc35,WBTC/USDC,3000,20,0.0,0.0,0.0,1.0,0.1481,0.8,0.0,0.7,1.0,0.95,0.3288,reject
Ethereum,Uniswap V3,0x99ac8ca7087fa4a2a1fb6357269965a2014abc35,WBTC/USDC,3000,100,0.0,0.0,0.0,1.0,0.1481,0.8,0.0,0.7,1.0,0.95,0.3288,reject
Ethereum,Uniswap V3,0x99ac8ca7087fa4a2a1fb6357269965a2014abc35,WBTC/USDC,3000,500,0.0,0.0,0.0,1.0,0.1481,0.8,0.0,0.7,1.0,0.95,0.3288,reject
Ethereum,Uniswap V3,0x99ac8ca7087fa4a2a1fb6357269965a2014abc35,WBTC/USDC,3000,1000,0.0,0.0,0.0,1.0,0.1481,0.8,0.0,0.7,1.0,0.95,0.3288,reject
Ethereum,Uniswap V3,0x99ac8ca7087fa4a2a1fb6357269965a2014abc35,WBTC/USDC,3000,2000,0.0,0.0,0.0,1.0,0.1481,0.8,0.0,0.7,1.0,0.95,0.3288,reject
Ethereum,Uniswap V3,0xcbfb0745b8489973bf7b334d54fdbd573df7ef3c,WBTC/USDC,10000,10,0.0,0.0,0.0,1.0,0.0,0.8,0.0,0.7,0.0072,0.95,0.2842,reject
Ethereum,Uniswap V3,0xcbfb0745b8489973bf7b334d54fdbd573df7ef3c,WBTC/USDC,10000,20,0.0,0.0,0.0,0.7214,0.0,0.8,0.0,0.7,0.0072,0.95,0.2424,reject
Ethereum,Uniswap V3,0xcbfb0745b8489973bf7b334d54fdbd573df7ef3c,WBTC/USDC,10000,100,0.0,0.0,0.0,0.1443,0.0,0.8,0.0,0.7,0.0072,0.95,0.1559,reject
Ethereum,Uniswap V3,0xcbfb0745b8489973bf7b334d54fdbd573df7ef3c,WBTC/USDC,10000,500,0.0,0.0,0.0,0.0289,0.0,0.8,0.0,0.7,0.0072,0.95,0.1385,reject
Ethereum,Uniswap V3,0xcbfb0745b8489973bf7b334d54fdbd573df7ef3c,WBTC/USDC,10000,1000,0.0,0.0,0.0,0.0144,0.0,0.8,0.0,0.7,0.0072,0.95,0.1364,reject
Ethereum,Uniswap V3,0xcbfb0745b8489973bf7b334d54fdbd573df7ef3c,WBTC/USDC,10000,2000,0.0,0.0,0.0,0.0072,0.0,0.8,0.0,0.7,0.0072,0.95,0.1353,reject
Ethereum,Uniswap V3,0xe6ff8b9a37b0fab776134636d9981aa778c4e718,WBTC/WETH,100,10,0.0,0.0,0.0,1.0,0.3429,0.8,0.0,0.7,1.0,0.95,0.3483,reject
Ethereum,Uniswap V3,0xe6ff8b9a37b0fab776134636d9981aa778c4e718,WBTC/WETH,100,20,0.0,0.0,0.0,1.0,0.3429,0.8,0.0,0.7,1.0,0.95,0.3483,reject
Ethereum,Uniswap V3,0xe6ff8b9a37b0fab776134636d9981aa778c4e718,WBTC/WETH,100,100,0.0,0.0,0.0,1.0,0.3429,0.8,0.0,0.7,1.0,0.95,0.3483,reject
Ethereum,Uniswap V3,0xe6ff8b9a37b0fab776134636d9981aa778c4e718,WBTC/WETH,100,500,0.0,0.0,0.0,1.0,0.3429,0.8,0.0,0.7,1.0,0.95,0.3483,reject
Ethereum,Uniswap V3,0xe6ff8b9a37b0fab776134636d9981aa778c4e718,WBTC/WETH,100,1000,0.0,0.0,0.0,1.0,0.3429,0.8,0.0,0.7,1.0,0.95,0.3483,reject
Ethereum,Uniswap V3,0xe6ff8b9a37b0fab776134636d9981aa778c4e718,WBTC/WETH,100,2000,0.0,0.0,0.0,1.0,0.3429,0.8,0.0,0.7,1.0,0.95,0.3483,reject
Ethereum,Uniswap V3,0x4585fe77225b41b697c938b018e2ac67ac5a20c0,WBTC/WETH,500,10,0.0,0.0,0.0,1.0,0.4988,0.8,0.0,0.7,1.0,0.95,0.3639,reject
Ethereum,Uniswap V3,0x4585fe77225b41b697c938b018e2ac67ac5a20c0,WBTC/WETH,500,20,0.0,0.0,0.0,1.0,0.4988,0.8,0.0,0.7,1.0,0.95,0.3639,reject
Ethereum,Uniswap V3,0x4585fe77225b41b697c938b018e2ac67ac5a20c0,WBTC/WETH,500,100,0.0,0.0,0.0,1.0,0.4988,0.8,0.0,0.7,1.0,0.95,0.3639,reject
Ethereum,Uniswap V3,0x4585fe77225b41b697c938b018e2ac67ac5a20c0,WBTC/WETH,500,500,0.0,0.0,0.0,1.0,0.4988,0.8,0.0,0.7,1.0,0.95,0.3639,reject
Ethereum,Uniswap V3,0x4585fe77225b41b697c938b018e2ac67ac5a20c0,WBTC/WETH,500,1000,0.0,0.0,0.0,1.0,0.4988,0.8,0.0,0.7,1.0,0.95,0.3639,reject
Ethereum,Uniswap V3,0x4585fe77225b41b697c938b018e2ac67ac5a20c0,WBTC/WETH,500,2000,0.0,0.0,0.0,1.0,0.4988,0.8,0.0,0.7,1.0,0.95,0.3639,reject
Ethereum,Uniswap V3,0xcbcdf9626bc03e24f779434178a73a0b4bad62ed,WBTC/WETH,3000,10,0.0,0.0,0.0,1.0,0.4323,0.8,0.0,0.7,1.0,0.95,0.3572,reject
Ethereum,Uniswap V3,0xcbcdf9626bc03e24f779434178a73a0b4bad62ed,WBTC/WETH,3000,20,0.0,0.0,0.0,1.0,0.4323,0.8,0.0,0.7,1.0,0.95,0.3572,reject
Ethereum,Uniswap V3,0xcbcdf9626bc03e24f779434178a73a0b4bad62ed,WBTC/WETH,3000,100,0.0,0.0,0.0,1.0,0.4323,0.8,0.0,0.7,1.0,0.95,0.3572,reject
Ethereum,Uniswap V3,0xcbcdf9626bc03e24f779434178a73a0b4bad62ed,WBTC/WETH,3000,500,0.0,0.0,0.0,1.0,0.4323,0.8,0.0,0.7,1.0,0.95,0.3572,reject
Ethereum,Uniswap V3,0xcbcdf9626bc03e24f779434178a73a0b4bad62ed,WBTC/WETH,3000,1000,0.0,0.0,0.0,1.0,0.4323,0.8,0.0,0.7,1.0,0.95,0.3572,reject
Ethereum,Uniswap V3,0xcbcdf9626bc03e24f779434178a73a0b4bad62ed,WBTC/WETH,3000,2000,0.0,0.0,0.0,1.0,0.4323,0.8,0.0,0.7,1.0,0.95,0.3572,reject
Ethereum,Uniswap V3,0x6ab3bba2f41e7eaa262fa5a1a9b3932fa161526f,WBTC/WETH,10000,10,0.0,0.0,0.0,1.0,0.3026,0.8,0.0,0.7,1.0,0.95,0.3443,reject
Ethereum,Uniswap V3,0x6ab3bba2f41e7eaa262fa5a1a9b3932fa161526f,WBTC/WETH,10000,20,0.0,0.0,0.0,1.0,0.3026,0.8,0.0,0.7,1.0,0.95,0.3443,reject
Ethereum,Uniswap V3,0x6ab3bba2f41e7eaa262fa5a1a9b3932fa161526f,WBTC/WETH,10000,100,0.0,0.0,0.0,1.0,0.3026,0.8,0.0,0.7,1.0,0.95,0.3443,reject
Ethereum,Uniswap V3,0x6ab3bba2f41e7eaa262fa5a1a9b3932fa161526f,WBTC/WETH,10000,500,0.0,0.0,0.0,1.0,0.3026,0.8,0.0,0.7,1.0,0.95,0.3443,reject
Ethereum,Uniswap V3,0x6ab3bba2f41e7eaa262fa5a1a9b3932fa161526f,WBTC/WETH,10000,1000,0.0,0.0,0.0,1.0,0.3026,0.8,0.0,0.7,1.0,0.95,0.3443,reject
Ethereum,Uniswap V3,0x6ab3bba2f41e7eaa262fa5a1a9b3932fa161526f,WBTC/WETH,10000,2000,0.0,0.0,0.0,1.0,0.3026,0.8,0.0,0.7,1.0,0.95,0.3443,reject
Ethereum,Uniswap V3,0x3416cf6c708da44db2624d63ea0aaef7113527c6,USDC/USDT,100,10,0.0,0.0,0.0,1.0,0.4069,0.8,0.0,0.7,1.0,0.95,0.3547,reject
Ethereum,Uniswap V3,0x3416cf6c708da44db2624d63ea0aaef7113527c6,USDC/USDT,100,20,0.0,0.0,0.0,1.0,0.4069,0.8,0.0,0.7,1.0,0.95,0.3547,reject
Ethereum,Uniswap V3,0x3416cf6c708da44db2624d63ea0aaef7113527c6,USDC/USDT,100,100,0.0,0.0,0.0,1.0,0.4069,0.8,0.0,0.7,1.0,0.95,0.3547,reject
Ethereum,Uniswap V3,0x3416cf6c708da44db2624d63ea0aaef7113527c6,USDC/USDT,100,500,0.0,0.0,0.0,1.0,0.4069,0.8,0.0,0.7,1.0,0.95,0.3547,reject
Ethereum,Uniswap V3,0x3416cf6c708da44db2624d63ea0aaef7113527c6,USDC/USDT,100,1000,0.0,0.0,0.0,1.0,0.4069,0.8,0.0,0.7,1.0,0.95,0.3547,reject
Ethereum,Uniswap V3,0x3416cf6c708da44db2624d63ea0aaef7113527c6,USDC/USDT,100,2000,0.0,0.0,0.0,1.0,0.4069,0.8,0.0,0.7,1.0,0.95,0.3547,reject
Ethereum,Uniswap V3,0x7858e59e0c01ea06df3af3d20ac7b0003275d4bf,USDC/USDT,500,10,0.0,0.0,0.0,1.0,0.3026,0.8,0.0,0.7,1.0,0.95,0.3443,reject
Ethereum,Uniswap V3,0x7858e59e0c01ea06df3af3d20ac7b0003275d4bf,USDC/USDT,500,20,0.0,0.0,0.0,1.0,0.3026,0.8,0.0,0.7,1.0,0.95,0.3443,reject
Ethereum,Uniswap V3,0x7858e59e0c01ea06df3af3d20ac7b0003275d4bf,USDC/USDT,500,100,0.0,0.0,0.0,1.0,0.3026,0.8,0.0,0.7,1.0,0.95,0.3443,reject
Ethereum,Uniswap V3,0x7858e59e0c01ea06df3af3d20ac7b0003275d4bf,USDC/USDT,500,500,0.0,0.0,0.0,1.0,0.3026,0.8,0.0,0.7,1.0,0.95,0.3443,reject
Ethereum,Uniswap V3,0x7858e59e0c01ea06df3af3d20ac7b0003275d4bf,USDC/USDT,500,1000,0.0,0.0,0.0,1.0,0.3026,0.8,0.0,0.7,1.0,0.95,0.3443,reject
Ethereum,Uniswap V3,0x7858e59e0c01ea06df3af3d20ac7b0003275d4bf,USDC/USDT,500,2000,0.0,0.0,0.0,1.0,0.3026,0.8,0.0,0.7,1.0,0.95,0.3443,reject
Ethereum,Uniswap V3,0xee4cf3b78a74affa38c6a926282bcd8b5952818d,USDC/USDT,3000,10,0.0,0.0,0.0,1.0,0.1575,0.8,0.0,0.7,1.0,0.95,0.3297,reject
Ethereum,Uniswap V3,0xee4cf3b78a74affa38c6a926282bcd8b5952818d,USDC/USDT,3000,20,0.0,0.0,0.0,1.0,0.1575,0.8,0.0,0.7,1.0,0.95,0.3297,reject
Ethereum,Uniswap V3,0xee4cf3b78a74affa38c6a926282bcd8b5952818d,USDC/USDT,3000,100,0.0,0.0,0.0,1.0,0.1575,0.8,0.0,0.7,1.0,0.95,0.3297,reject
Ethereum,Uniswap V3,0xee4cf3b78a74affa38c6a926282bcd8b5952818d,USDC/USDT,3000,500,0.0,0.0,0.0,1.0,0.1575,0.8,0.0,0.7,1.0,0.95,0.3297,reject
Ethereum,Uniswap V3,0xee4cf3b78a74affa38c6a926282bcd8b5952818d,USDC/USDT,3000,1000,0.0,0.0,0.0,1.0,0.1575,0.8,0.0,0.7,1.0,0.95,0.3297,reject
Ethereum,Uniswap V3,0xee4cf3b78a74affa38c6a926282bcd8b5952818d,USDC/USDT,3000,2000,0.0,0.0,0.0,1.0,0.1575,0.8,0.0,0.7,1.0,0.95,0.3297,reject
Ethereum,Uniswap V3,0xbb256c2f1b677e27118b0345fd2b3894d2e6d487,USDC/USDT,10000,10,0.0,0.0,0.0,1.0,0.0646,0.8,0.0,0.7,0.4648,0.95,0.3044,reject
Ethereum,Uniswap V3,0xbb256c2f1b677e27118b0345fd2b3894d2e6d487,USDC/USDT,10000,20,0.0,0.0,0.0,1.0,0.0646,0.8,0.0,0.7,0.4648,0.95,0.3044,reject
Ethereum,Uniswap V3,0xbb256c2f1b677e27118b0345fd2b3894d2e6d487,USDC/USDT,10000,100,0.0,0.0,0.0,1.0,0.0646,0.8,0.0,0.7,0.4648,0.95,0.3044,reject
Ethereum,Uniswap V3,0xbb256c2f1b677e27118b0345fd2b3894d2e6d487,USDC/USDT,10000,500,0.0,0.0,0.0,1.0,0.0646,0.8,0.0,0.7,0.4648,0.95,0.3044,reject
Ethereum,Uniswap V3,0xbb256c2f1b677e27118b0345fd2b3894d2e6d487,USDC/USDT,10000,1000,0.0,0.0,0.0,0.9296,0.0646,0.8,0.0,0.7,0.4648,0.95,0.2938,reject
Ethereum,Uniswap V3,0xbb256c2f1b677e27118b0345fd2b3894d2e6d487,USDC/USDT,10000,2000,0.0,0.0,0.0,0.4648,0.0646,0.8,0.0,0.7,0.4648,0.95,0.2241,reject
Ethereum,Uniswap V3,0x5777d92f208679db4b9778590fa3cab3ac9e2168,USDC/DAI,100,10,0.0,0.0,0.0,1.0,0.7916,0.8,0.0,0.7,1.0,0.95,0.3932,reject
Ethereum,Uniswap V3,0x5777d92f208679db4b9778590fa3cab3ac9e2168,USDC/DAI,100,20,0.0,0.0,0.0,1.0,0.7916,0.8,0.0,0.7,1.0,0.95,0.3932,reject
Ethereum,Uniswap V3,0x5777d92f208679db4b9778590fa3cab3ac9e2168,USDC/DAI,100,100,0.0,0.0,0.0,1.0,0.7916,0.8,0.0,0.7,1.0,0.95,0.3932,reject
Ethereum,Uniswap V3,0x5777d92f208679db4b9778590fa3cab3ac9e2168,USDC/DAI,100,500,0.0,0.0,0.0,1.0,0.7916,0.8,0.0,0.7,1.0,0.95,0.3932,reject
Ethereum,Uniswap V3,0x5777d92f208679db4b9778590fa3cab3ac9e2168,USDC/DAI,100,1000,0.0,0.0,0.0,1.0,0.7916,0.8,0.0,0.7,1.0,0.95,0.3932,reject
Ethereum,Uniswap V3,0x5777d92f208679db4b9778590fa3cab3ac9e2168,USDC/DAI,100,2000,0.0,0.0,0.0,1.0,0.7916,0.8,0.0,0.7,1.0,0.95,0.3932,reject
Ethereum,Uniswap V3,0x6c6bc977e13df9b0de53b251522280bb72383700,USDC/DAI,500,10,0.0,0.0,0.0,1.0,0.7084,0.8,0.0,0.7,1.0,0.95,0.3848,reject
Ethereum,Uniswap V3,0x6c6bc977e13df9b0de53b251522280bb72383700,USDC/DAI,500,20,0.0,0.0,0.0,1.0,0.7084,0.8,0.0,0.7,1.0,0.95,0.3848,reject
Ethereum,Uniswap V3,0x6c6bc977e13df9b0de53b251522280bb72383700,USDC/DAI,500,100,0.0,0.0,0.0,1.0,0.7084,0.8,0.0,0.7,1.0,0.95,0.3848,reject
Ethereum,Uniswap V3,0x6c6bc977e13df9b0de53b251522280bb72383700,USDC/DAI,500,500,0.0,0.0,0.0,1.0,0.7084,0.8,0.0,0.7,1.0,0.95,0.3848,reject
Ethereum,Uniswap V3,0x6c6bc977e13df9b0de53b251522280bb72383700,USDC/DAI,500,1000,0.0,0.0,0.0,1.0,0.7084,0.8,0.0,0.7,1.0,0.95,0.3848,reject
Ethereum,Uniswap V3,0x6c6bc977e13df9b0de53b251522280bb72383700,USDC/DAI,500,2000,0.0,0.0,0.0,1.0,0.7084,0.8,0.0,0.7,1.0,0.95,0.3848,reject
Ethereum,Uniswap V3,0xa63b490aa077f541c9d64bfc1cc0db2a752157b5,USDC/DAI,3000,10,0.0,0.0,0.0,1.0,0.3584,0.8,0.0,0.7,1.0,0.95,0.3498,reject
Ethereum,Uniswap V3,0xa63b490aa077f541c9d64bfc1cc0db2a752157b5,USDC/DAI,3000,20,0.0,0.0,0.0,1.0,0.3584,0.8,0.0,0.7,1.0,0.95,0.3498,reject
Ethereum,Uniswap V3,0xa63b490aa077f541c9d64bfc1cc0db2a752157b5,USDC/DAI,3000,100,0.0,0.0,0.0,1.0,0.3584,0.8,0.0,0.7,1.0,0.95,0.3498,reject
Ethereum,Uniswap V3,0xa63b490aa077f541c9d64bfc1cc0db2a752157b5,USDC/DAI,3000,500,0.0,0.0,0.0,1.0,0.3584,0.8,0.0,0.7,1.0,0.95,0.3498,reject
Ethereum,Uniswap V3,0xa63b490aa077f541c9d64bfc1cc0db2a752157b5,USDC/DAI,3000,1000,0.0,0.0,0.0,1.0,0.3584,0.8,0.0,0.7,1.0,0.95,0.3498,reject
Ethereum,Uniswap V3,0xa63b490aa077f541c9d64bfc1cc0db2a752157b5,USDC/DAI,3000,2000,0.0,0.0,0.0,1.0,0.3584,0.8,0.0,0.7,1.0,0.95,0.3498,reject
Ethereum,Uniswap V3,0x6958686b6348c3d6d5f2dca3106a5c09c156873a,USDC/DAI,10000,10,0.0,0.0,0.0,1.0,0.2808,0.8,0.0,0.7,1.0,0.95,0.3421,reject
Ethereum,Uniswap V3,0x6958686b6348c3d6d5f2dca3106a5c09c156873a,USDC/DAI,10000,20,0.0,0.0,0.0,1.0,0.2808,0.8,0.0,0.7,1.0,0.95,0.3421,reject
Ethereum,Uniswap V3,0x6958686b6348c3d6d5f2dca3106a5c09c156873a,USDC/DAI,10000,100,0.0,0.0,0.0,1.0,0.2808,0.8,0.0,0.7,1.0,0.95,0.3421,reject
Ethereum,Uniswap V3,0x6958686b6348c3d6d5f2dca3106a5c09c156873a,USDC/DAI,10000,500,0.0,0.0,0.0,1.0,0.2808,0.8,0.0,0.7,1.0,0.95,0.3421,reject
Ethereum,Uniswap V3,0x6958686b6348c3d6d5f2dca3106a5c09c156873a,USDC/DAI,10000,1000,0.0,0.0,0.0,1.0,0.2808,0.8,0.0,0.7,1.0,0.95,0.3421,reject
Ethereum,Uniswap V3,0x6958686b6348c3d6d5f2dca3106a5c09c156873a,USDC/DAI,10000,2000,0.0,0.0,0.0,1.0,0.2808,0.8,0.0,0.7,1.0,0.95,0.3421,reject
