variant_name,window,horizon,proof_unit_type,sample_count,hold_median,hold_p10,hold_p5,hold_p1,retained_sample_count,retained_median,retained_p10,retained_p5,retained_p1,opportunity_retention_rate,false_quarantine_rate,missed_profit_rate,loss_avoidance_rate,tail_improvement_p10,tail_improvement_p5,tail_improvement_p1,fee_proxy_vs_exit_cost,worst_pool_contribution,worst_regime_contribution,verdict
baseline_hold_all,recent_24h,15m,intent_window,348,0.188166225454688,0.00834117483994135,0.00320941027122501,0.000409333482210172,348,0.188166225454688,0.00834117483994135,0.00320941027122501,0.000409333482210172,1.0,0.0,0.0,0.0,0.0,0.0,0.0,,1.0,1.0,WEAK
baseline_hold_all,recent_24h,15m,pool_window,344,0.0045591038823763,-0.00286126082657879,-0.0186845758514543,-0.600864409020093,344,0.0045591038823763,-0.00286126082657879,-0.0186845758514543,-0.600864409020093,1.0,0.0,0.0,0.0,0.0,0.0,0.0,,0.5957230047966839,0.5952235062215021,WEAK
baseline_hold_all,recent_24h,1h,intent_window,336,0.188166225454688,0.00834286486738733,0.00423432689474623,0.000549973242769397,336,0.188166225454688,0.00834286486738733,0.00423432689474623,0.000549973242769397,1.0,0.0,0.0,0.0,0.0,0.0,0.0,,1.0,1.0,WEAK
baseline_hold_all,recent_24h,1h,pool_window,332,0.01754772019043025,-0.0415319265239956,-0.204437906272458,-2.65647128968593,332,0.01754772019043025,-0.0415319265239956,-0.204437906272458,-2.65647128968593,1.0,0.0,0.0,0.0,0.0,0.0,0.0,,0.6486863756726413,0.6500857536890366,WEAK
baseline_hold_all,recent_24h,2h,intent_window,320,0.189434367883518,0.00770865613682759,0.00402238930574583,0.000549973242769397,320,0.189434367883518,0.00770865613682759,0.00402238930574583,0.000549973242769397,1.0,0.0,0.0,0.0,0.0,0.0,0.0,,1.0,1.0,WEAK
baseline_hold_all,recent_24h,2h,pool_window,316,0.0164358312544223,-0.184230833029789,-0.557454300847024,-2.63606842930328,316,0.0164358312544223,-0.184230833029789,-0.557454300847024,-2.63606842930328,1.0,0.0,0.0,0.0,0.0,0.0,0.0,,0.7228695139262946,0.724142617661591,WEAK
baseline_hold_all,recent_24h,30m,intent_window,344,0.188166225454688,0.00770865613682759,0.00402238930574583,0.000549973242769397,344,0.188166225454688,0.00770865613682759,0.00402238930574583,0.000549973242769397,1.0,0.0,0.0,0.0,0.0,0.0,0.0,,1.0,1.0,WEAK
baseline_hold_all,recent_24h,30m,pool_window,340,0.009134902795592474,-0.0141588182316165,-0.107298777115507,-2.62224011178802,340,0.009134902795592474,-0.0141588182316165,-0.107298777115507,-2.62224011178802,1.0,0.0,0.0,0.0,0.0,0.0,0.0,,0.6193714878076803,0.6192434542922487,WEAK
baseline_hold_all,recent_48h,15m,intent_window,364,0.13650668934458549,0.0115717418206174,0.00490462532140157,0.000688838725477581,364,0.13650668934458549,0.0115717418206174,0.00490462532140157,0.000688838725477581,1.0,0.0,0.0,0.0,0.0,0.0,0.0,,1.0,1.0,WEAK
baseline_hold_all,recent_48h,15m,pool_window,384,0.00548292493215453,-0.000734622366618248,-0.329364812689276,-1.12004626284609,384,0.00548292493215453,-0.000734622366618248,-0.329364812689276,-1.12004626284609,1.0,0.0,0.0,0.0,0.0,0.0,0.0,,0.5173789516937284,0.5595283050460585,WEAK
baseline_hold_all,recent_48h,1h,intent_window,364,0.151382306970207,0.0118307553331078,0.00509184804327845,0.00117179086952035,364,0.151382306970207,0.0118307553331078,0.00509184804327845,0.00117179086952035,1.0,0.0,0.0,0.0,0.0,0.0,0.0,,1.0,1.0,WEAK
baseline_hold_all,recent_48h,1h,pool_window,384,0.02092396091031655,-0.395801326946268,-0.775860418786754,-1.45340688818238,384,0.02092396091031655,-0.395801326946268,-0.775860418786754,-1.45340688818238,1.0,0.0,0.0,0.0,0.0,0.0,0.0,,0.38213896306432626,0.42003728818789876,WEAK
baseline_hold_all,recent_48h,2h,intent_window,364,0.15281367757103798,0.0125555130939432,0.00551600313779943,0.00117179086952035,364,0.15281367757103798,0.0125555130939432,0.00551600313779943,0.00117179086952035,1.0,0.0,0.0,0.0,0.0,0.0,0.0,,1.0,1.0,WEAK
baseline_hold_all,recent_48h,2h,pool_window,384,0.042652424166541844,-0.648375501525092,-0.864863363897764,-1.75913868220465,384,0.042652424166541844,-0.648375501525092,-0.864863363897764,-1.75913868220465,1.0,0.0,0.0,0.0,0.0,0.0,0.0,,0.29111438907633297,0.36450027130463075,WEAK
baseline_hold_all,recent_48h,30m,intent_window,364,0.141760266557813,0.0115717418206174,0.00509184804327845,0.00117179086952035,364,0.141760266557813,0.0115717418206174,0.00509184804327845,0.00117179086952035,1.0,0.0,0.0,0.0,0.0,0.0,0.0,,1.0,1.0,WEAK
baseline_hold_all,recent_48h,30m,pool_window,384,0.01091469801845565,-0.0207494221530784,-0.494970219689852,-1.37850382247383,384,0.01091469801845565,-0.0207494221530784,-0.494970219689852,-1.37850382247383,1.0,0.0,0.0,0.0,0.0,0.0,0.0,,0.4435873102031844,0.4763877578758987,WEAK
baseline_hold_all,recent_72h,15m,intent_window,374,0.2367057516909655,0.00965878076316073,-0.000193278446346312,-0.0110049151096945,374,0.2367057516909655,0.00965878076316073,-0.000193278446346312,-0.0110049151096945,1.0,0.0,0.0,0.0,0.0,0.0,0.0,,1.0,1.0,WEAK
baseline_hold_all,recent_72h,15m,pool_window,384,0.0035163427499514,-0.0756753163372644,-0.985759106615996,-11.1884097801967,384,0.0035163427499514,-0.0756753163372644,-0.985759106615996,-11.1884097801967,1.0,0.0,0.0,0.0,0.0,0.0,0.0,,0.7953677796950872,0.8145073849294189,WEAK
baseline_hold_all,recent_72h,1h,intent_window,374,0.218102570783054,0.011548787510165,0.00184372335502303,-0.0105757179672992,374,0.218102570783054,0.011548787510165,0.00184372335502303,-0.0105757179672992,1.0,0.0,0.0,0.0,0.0,0.0,0.0,,1.0,1.0,WEAK
baseline_hold_all,recent_72h,1h,pool_window,384,0.008773894351137769,-0.36456482387396,-2.44506947025506,-11.1500794635119,384,0.008773894351137769,-0.36456482387396,-2.44506947025506,-11.1500794635119,1.0,0.0,0.0,0.0,0.0,0.0,0.0,,0.7717549785242702,0.7922838085529952,WEAK
baseline_hold_all,recent_72h,2h,intent_window,374,0.202787549268379,0.012974191156701,0.00546605255784982,-0.0110049151096945,374,0.202787549268379,0.012974191156701,0.00546605255784982,-0.0110049151096945,1.0,0.0,0.0,0.0,0.0,0.0,0.0,,1.0,1.0,WEAK
baseline_hold_all,recent_72h,2h,pool_window,384,0.018834307179308098,-0.564794633898852,-2.7790014233184,-11.2625424398271,384,0.018834307179308098,-0.564794633898852,-2.7790014233184,-11.2625424398271,1.0,0.0,0.0,0.0,0.0,0.0,0.0,,0.7617556758296823,0.7828623802060818,WEAK
baseline_hold_all,recent_72h,30m,intent_window,374,0.230587625589931,0.0111621645290398,0.000604738550038064,-0.0110049151096945,374,0.230587625589931,0.0111621645290398,0.000604738550038064,-0.0110049151096945,1.0,0.0,0.0,0.0,0.0,0.0,0.0,,1.0,1.0,WEAK
baseline_hold_all,recent_72h,30m,pool_window,384,0.004846552636658235,-0.258671591822368,-1.29898534176133,-11.1804485622206,384,0.004846552636658235,-0.258671591822368,-1.29898534176133,-11.1804485622206,1.0,0.0,0.0,0.0,0.0,0.0,0.0,,0.8202344414224522,0.836802552703231,WEAK
baseline_hold_all,recent_7d,15m,intent_window,1389,0.137125115658807,0.000487828406008362,-0.00146609036784184,-0.0252033940628991,1389,0.137125115658807,0.000487828406008362,-0.00146609036784184,-0.0252033940628991,1.0,0.0,0.0,0.0,0.0,0.0,0.0,,0.468050887464162,0.46800541324770756,WEAK
baseline_hold_all,recent_7d,15m,pool_window,1855,0.00504613331546306,-0.0143228102330093,-0.418175796712167,-2.52085854620216,1855,0.00504613331546306,-0.0143228102330093,-0.418175796712167,-2.52085854620216,1.0,0.0,0.0,0.0,0.0,0.0,0.0,,0.41576860593562676,0.4090538055891104,WEAK
baseline_hold_all,recent_7d,1h,intent_window,1386,0.1429672031969815,0.000462047055194148,-0.00199951483142513,-2.46390070027672,1386,0.1429672031969815,0.000462047055194148,-0.00199951483142513,-2.46390070027672,1.0,0.0,0.0,0.0,0.0,0.0,0.0,,0.36394261951726714,0.6237512584314875,WEAK
baseline_hold_all,recent_7d,1h,pool_window,1852,0.014760530983852299,-0.27594117953061,-1.07536910652986,-4.39641981784718,1852,0.014760530983852299,-0.27594117953061,-1.07536910652986,-4.39641981784718,1.0,0.0,0.0,0.0,0.0,0.0,0.0,,0.4813237583540549,0.38866222261695893,WEAK
baseline_hold_all,recent_7d,2h,intent_window,1382,0.151925272579439,0.000451514676271358,-0.00249723546797043,-2.50634232524568,1382,0.151925272579439,0.000451514676271358,-0.00249723546797043,-2.50634232524568,1.0,0.0,0.0,0.0,0.0,0.0,0.0,,0.5170392854651327,0.5912648655826865,WEAK
baseline_hold_all,recent_7d,2h,pool_window,1845,0.0224427352180899,-0.627554591031942,-1.3662139976873,-4.71815592772652,1845,0.0224427352180899,-0.627554591031942,-1.3662139976873,-4.71815592772652,1.0,0.0,0.0,0.0,0.0,0.0,0.0,,0.44543329618413935,0.34642938479373936,WEAK
baseline_hold_all,recent_7d,30m,intent_window,1388,0.1393898899593805,0.000487828406008362,-0.00199951483142513,-0.0252033940628991,1388,0.1393898899593805,0.000487828406008362,-0.00199951483142513,-0.0252033940628991,1.0,0.0,0.0,0.0,0.0,0.0,0.0,,0.41969695731461776,0.47349273593507507,WEAK
baseline_hold_all,recent_7d,30m,pool_window,1854,0.00891788669897197,-0.0943476284307032,-0.721593014627863,-3.25955911588557,1854,0.00891788669897197,-0.0943476284307032,-0.721593014627863,-3.25955911588557,1.0,0.0,0.0,0.0,0.0,0.0,0.0,,0.410913443566089,0.3772356296722456,WEAK
hybrid_regime_plus_signal,recent_24h,15m,intent_window,348,0.188166225454688,0.00834117483994135,0.00320941027122501,0.000409333482210172,348,0.10213242145904344,0.0,0.0,0.0,0.6109510086455331,0.3835227272727273,0.174919679529439,1.0,-0.00834117483994135,-0.00320941027122501,-0.000409333482210172,,,,WEAK
hybrid_regime_plus_signal,recent_24h,15m,pool_window,344,0.0045591038823763,-0.00286126082657879,-0.0186845758514543,-0.600864409020093,344,0.0004293826937168105,-0.000224451972550144,-0.00995775460817054,-0.571223291838093,0.5805369127516778,0.35511363636363635,0.011928842620835841,0.2391304347826087,0.0026368088540286456,0.008726821243283762,0.02964111718200002,,0.8658264615639232,0.9973054868816787,PROMISING
hybrid_regime_plus_signal,recent_24h,1h,intent_window,336,0.188166225454688,0.00834286486738733,0.00423432689474623,0.000549973242769397,336,0.08793215466770335,0.0,0.0,0.0,0.6059701492537314,0.375,0.1597033074111576,1.0,-0.00834286486738733,-0.00423432689474623,-0.000549973242769397,,,,WEAK
hybrid_regime_plus_signal,recent_24h,1h,pool_window,332,0.01754772019043025,-0.0415319265239956,-0.204437906272458,-2.65647128968593,332,0.0,-0.0112555387542487,-0.203112790180034,-0.589130658392233,0.5846153846153846,0.3068181818181818,0.029764336269714788,0.3472222222222222,0.0302763877697469,0.0013251160924240002,2.067340631293697,,0.8055068190503738,0.997930978858487,PROMISING
hybrid_regime_plus_signal,recent_24h,2h,intent_window,320,0.189434367883518,0.00770865613682759,0.00402238930574583,0.000549973242769397,320,0.07001046599100391,0.0,0.0,0.0,0.5987460815047022,0.36363636363636365,0.13554528601441224,1.0,-0.00770865613682759,-0.00402238930574583,-0.000549973242769397,,,,WEAK
hybrid_regime_plus_signal,recent_24h,2h,pool_window,316,0.0164358312544223,-0.184230833029789,-0.557454300847024,-2.63606842930328,316,0.0,-0.0271533794697265,-0.185880383260807,-0.577172433907313,0.6043478260869565,0.2585227272727273,0.037138389158633635,0.4418604651162791,0.15707745356006247,0.37157391758621694,2.058895995395967,,0.6939568824170991,1.0,PROMISING
hybrid_regime_plus_signal,recent_24h,30m,intent_window,344,0.188166225454688,0.00770865613682759,0.00402238930574583,0.000549973242769397,344,0.0968310912828827,0.0,0.0,0.0,0.60932944606414,0.3806818181818182,0.17014975181093595,1.0,-0.00770865613682759,-0.00402238930574583,-0.000549973242769397,,,,WEAK
hybrid_regime_plus_signal,recent_24h,30m,pool_window,340,0.009134902795592474,-0.0141588182316165,-0.107298777115507,-2.62224011178802,340,0.0,-0.00354464065623219,-0.0237631126642326,-0.593676188196975,0.5830388692579506,0.3352272727272727,0.024099977062419946,0.2982456140350877,0.01061417757538431,0.0835356644512744,2.0285639235910446,,0.8578329784737767,0.9959105001497696,PROMISING
hybrid_regime_plus_signal,recent_48h,15m,intent_window,364,0.13650668934458549,0.0115717418206174,0.00490462532140157,0.000688838725477581,364,0.0,0.0,0.0,0.0,0.3746556473829201,0.6236263736263736,0.3675064463310869,1.0,-0.0115717418206174,-0.00490462532140157,-0.000688838725477581,,,,BAD
hybrid_regime_plus_signal,recent_48h,15m,pool_window,384,0.00548292493215453,-0.000734622366618248,-0.329364812689276,-1.12004626284609,384,0.0,0.0,0.0,-0.497169874651437,0.41642228739002934,0.5182291666666666,0.0550483334740616,0.6046511627906976,0.000734622366618248,0.329364812689276,0.6228763881946531,,0.5625385995254989,0.9553289371983136,PROMISING
hybrid_regime_plus_signal,recent_48h,1h,intent_window,364,0.151382306970207,0.0118307553331078,0.00509184804327845,0.00117179086952035,364,0.0,0.0,0.0,0.0,0.3333333333333333,0.6648351648351648,0.3950931480802655,1.0,-0.0118307553331078,-0.00509184804327845,-0.00117179086952035,,,,BAD
hybrid_regime_plus_signal,recent_48h,1h,pool_window,384,0.02092396091031655,-0.395801326946268,-0.775860418786754,-1.45340688818238,384,0.0,0.0,-0.202455308633369,-0.782351226497725,0.36774193548387096,0.5104166666666666,0.12648416981090635,0.581081081081081,0.395801326946268,0.573405110153385,0.671055661684655,,0.7436070420203733,0.9795937149007058,PROMISING
hybrid_regime_plus_signal,recent_48h,2h,intent_window,364,0.15281367757103798,0.0125555130939432,0.00551600313779943,0.00117179086952035,364,0.0,0.0,0.0,0.0,0.29476584022038566,0.7032967032967034,0.43356049128788327,1.0,-0.0125555130939432,-0.00551600313779943,-0.00117179086952035,,,,BAD
hybrid_regime_plus_signal,recent_48h,2h,pool_window,384,0.042652424166541844,-0.648375501525092,-0.864863363897764,-1.75913868220465,384,0.0,0.0,-0.362740434244023,-0.783588087075274,0.36824324324324326,0.4869791666666667,0.18739680667386172,0.7386363636363636,0.648375501525092,0.502122929653741,0.9755505951293759,,0.847700675549007,1.0,PROMISING
hybrid_regime_plus_signal,recent_48h,30m,intent_window,364,0.141760266557813,0.0115717418206174,0.00509184804327845,0.00117179086952035,364,0.0,0.0,0.0,0.0,0.3581267217630854,0.6401098901098901,0.3765814927222256,1.0,-0.0115717418206174,-0.00509184804327845,-0.00117179086952035,,,,BAD
hybrid_regime_plus_signal,recent_48h,30m,pool_window,384,0.01091469801845565,-0.0207494221530784,-0.494970219689852,-1.37850382247383,384,0.0,0.0,0.0,-0.479382151532864,0.3958333333333333,0.5286458333333334,0.0736687948249328,0.6041666666666666,0.0207494221530784,0.494970219689852,0.899121670940966,,0.7001396703041591,0.9578048673342866,PROMISING
hybrid_regime_plus_signal,recent_72h,15m,intent_window,374,0.2367057516909655,0.00965878076316073,-0.000193278446346312,-0.0110049151096945,374,0.0,0.0,0.0,0.0,0.327683615819209,0.6363636363636364,1.1190516978337683,1.0,-0.00965878076316073,0.000193278446346312,0.0110049151096945,,,,WEAK
hybrid_regime_plus_signal,recent_72h,15m,pool_window,384,0.0035163427499514,-0.0756753163372644,-0.985759106615996,-11.1884097801967,384,0.0,0.0,-0.0282875820586074,-0.233650240646331,0.31958762886597936,0.515625,0.46724727422803836,0.6236559139784946,0.0756753163372644,0.9574715245573886,10.95475953955037,,0.8133774180636824,0.9548884605778397,PROMISING
hybrid_regime_plus_signal,recent_72h,1h,intent_window,374,0.218102570783054,0.011548787510165,0.00184372335502303,-0.0105757179672992,374,0.0,0.0,0.0,0.0,0.31843575418994413,0.6524064171122995,1.0679547351769514,1.0,-0.011548787510165,-0.00184372335502303,0.0105757179672992,,,,BAD
hybrid_regime_plus_signal,recent_72h,1h,pool_window,384,0.008773894351137769,-0.36456482387396,-2.44506947025506,-11.1500794635119,384,0.0,-0.0119155192174453,-0.0932039897368117,-0.55215083087485,0.3233082706766917,0.46875,0.41283105966997075,0.652542372881356,0.3526493046565147,2.3518654805182484,10.59792863263705,,0.9241182630815689,0.982346825496811,PROMISING
hybrid_regime_plus_signal,recent_72h,2h,intent_window,374,0.202787549268379,0.012974191156701,0.00546605255784982,-0.0110049151096945,374,0.0,0.0,0.0,0.0,0.30303030303030304,0.6764705882352942,1.0395898709068923,1.0,-0.012974191156701,-0.00546605255784982,0.0110049151096945,,,,BAD
hybrid_regime_plus_signal,recent_72h,2h,pool_window,384,0.018834307179308098,-0.564794633898852,-2.7790014233184,-11.2625424398271,384,0.0,0.0,-0.142038967369084,-2.75789005978613,0.3282442748091603,0.4583333333333333,0.6212955614768284,0.7049180327868853,0.564794633898852,2.636962455949316,8.504652380040971,,0.9737071507681342,0.9906785903338785,PROMISING
hybrid_regime_plus_signal,recent_72h,30m,intent_window,374,0.230587625589931,0.0111621645290398,0.000604738550038064,-0.0110049151096945,374,0.0,0.0,0.0,0.0,0.32303370786516855,0.6443850267379679,1.1000449633105005,1.0,-0.0111621645290398,-0.000604738550038064,0.0110049151096945,,,,BAD
hybrid_regime_plus_signal,recent_72h,30m,pool_window,384,0.004846552636658235,-0.258671591822368,-1.29898534176133,-11.1804485622206,384,0.0,-0.00464239620112837,-0.0900096130760243,-0.443315810293216,0.31868131868131866,0.484375,0.4867560364216994,0.6396396396396397,0.2540291956212396,1.2089757286853056,10.737132751927383,,0.8222756786164516,0.9725257912675503,PROMISING
hybrid_regime_plus_signal,recent_7d,15m,intent_window,1389,0.137125115658807,0.000487828406008362,-0.00146609036784184,-0.0252033940628991,1389,0.0,0.0,0.0,0.0,0.468133535660091,0.50431654676259,0.645274533521076,1.0,-0.000487828406008362,0.00146609036784184,0.0252033940628991,,,,WEAK
hybrid_regime_plus_signal,recent_7d,15m,pool_window,1855,0.00504613331546306,-0.0143228102330093,-0.418175796712167,-2.52085854620216,1855,0.0,0.0,-0.000141380698241963,-0.518156101035336,0.32787958115183247,0.5521505376344086,0.09519934293628557,0.6697247706422018,0.0143228102330093,0.418034416013925,2.002702445166824,,0.644658437238711,0.9122495390521652,PROMISING
hybrid_regime_plus_signal,recent_7d,1h,intent_window,1386,0.1429672031969815,0.000462047055194148,-0.00199951483142513,-2.46390070027672,1386,0.0,0.0,0.0,0.0,0.45884146341463417,0.5107913669064749,0.6440151661204564,1.0,-0.000462047055194148,0.00199951483142513,2.46390070027672,,,,WEAK
hybrid_regime_plus_signal,recent_7d,1h,pool_window,1852,0.014760530983852299,-0.27594117953061,-1.07536910652986,-4.39641981784718,1852,0.0,0.0,-0.00731654153841563,-0.874356885452702,0.3258897418004187,0.5193548387096775,0.17405773462888963,0.6945107398568019,0.27594117953061,1.0680525649914445,3.522062932394478,,0.5420323038737568,0.8226034495363506,PROMISING
hybrid_regime_plus_signal,recent_7d,2h,intent_window,1382,0.151925272579439,0.000451514676271358,-0.00249723546797043,-2.50634232524568,1382,0.0,0.0,0.0,0.0,0.45134099616858236,0.5151079136690647,0.6381229375573442,1.0,-0.000451514676271358,0.00249723546797043,2.50634232524568,,,,WEAK
hybrid_regime_plus_signal,recent_7d,2h,pool_window,1845,0.0224427352180899,-0.627554591031942,-1.3662139976873,-4.71815592772652,1845,0.0,0.0,-0.0134864376120833,-1.09753808567914,0.3215077605321508,0.4935483870967742,0.22446578346136786,0.7032520325203252,0.627554591031942,1.3527275600752167,3.62061784204738,,0.4762442344455918,0.7193665360230918,PROMISING
hybrid_regime_plus_signal,recent_7d,30m,intent_window,1388,0.1393898899593805,0.000487828406008362,-0.00199951483142513,-0.0252033940628991,1388,0.0,0.0,0.0,0.0,0.46539923954372625,0.5057553956834533,0.6433938422617801,1.0,-0.000487828406008362,0.00199951483142513,0.0252033940628991,,,,WEAK
hybrid_regime_plus_signal,recent_7d,30m,pool_window,1854,0.00891788669897197,-0.0943476284307032,-0.721593014627863,-3.25955911588557,1854,0.0,0.0,-0.00293150772683899,-0.56318468152182,0.3253012048192771,0.5419354838709678,0.12223600451603024,0.675,0.0943476284307032,0.7186615069010239,2.69637443436375,,0.489935946417749,0.8618524362211666,PROMISING
hybrid_regime_plus_signal_plus_fee,recent_24h,15m,intent_window,348,0.188166225454688,0.00834117483994135,0.00320941027122501,0.000409333482210172,348,0.0,0.0,0.0,0.0,0.0,0.9857954545454546,0.44852924093131313,1.0,-0.00834117483994135,-0.00320941027122501,-0.000409333482210172,,,,WEAK
hybrid_regime_plus_signal_plus_fee,recent_24h,15m,pool_window,344,0.0045591038823763,-0.00286126082657879,-0.0186845758514543,-0.600864409020093,344,0.0,0.0,0.0,0.0,0.0,0.8465909090909091,0.02772557972788461,1.0,0.00286126082657879,0.0186845758514543,0.600864409020093,,,,PROMISING
hybrid_regime_plus_signal_plus_fee,recent_24h,1h,intent_window,336,0.188166225454688,0.00834286486738733,0.00423432689474623,0.000549973242769397,336,0.0,0.0,0.0,0.0,0.0,0.9517045454545454,0.4309435188769618,1.0,-0.00834286486738733,-0.00423432689474623,-0.000549973242769397,,,,WEAK
hybrid_regime_plus_signal_plus_fee,recent_24h,1h,pool_window,332,0.01754772019043025,-0.0415319265239956,-0.204437906272458,-2.65647128968593,332,0.0,0.0,0.0,0.0,0.0,0.7386363636363636,0.06681070335761306,1.0,0.0415319265239956,0.204437906272458,2.65647128968593,,,,PROMISING
hybrid_regime_plus_signal_plus_fee,recent_24h,2h,intent_window,320,0.189434367883518,0.00770865613682759,0.00402238930574583,0.000549973242769397,320,0.0,0.0,0.0,0.0,0.0,0.90625,0.4064127313464801,1.0,-0.00770865613682759,-0.00402238930574583,-0.000549973242769397,,,,WEAK
hybrid_regime_plus_signal_plus_fee,recent_24h,2h,pool_window,316,0.0164358312544223,-0.184230833029789,-0.557454300847024,-2.63606842930328,316,0.0,0.0,0.0,0.0,0.0,0.6534090909090909,0.08959372825975706,1.0,0.184230833029789,0.557454300847024,2.63606842930328,,,,PROMISING
hybrid_regime_plus_signal_plus_fee,recent_24h,30m,intent_window,344,0.188166225454688,0.00770865613682759,0.00402238930574583,0.000549973242769397,344,0.0,0.0,0.0,0.0,0.0,0.9744318181818182,0.4429927733312843,1.0,-0.00770865613682759,-0.00402238930574583,-0.000549973242769397,,,,WEAK
hybrid_regime_plus_signal_plus_fee,recent_24h,30m,pool_window,340,0.009134902795592474,-0.0141588182316165,-0.107298777115507,-2.62224011178802,340,0.0,0.0,0.0,0.0,0.0,0.8039772727272727,0.04941405755540504,1.0,0.0141588182316165,0.107298777115507,2.62224011178802,,,,PROMISING
hybrid_regime_plus_signal_plus_fee,recent_48h,15m,intent_window,364,0.13650668934458549,0.0115717418206174,0.00490462532140157,0.000688838725477581,364,0.0,0.0,0.0,0.0,0.0,0.9972527472527473,0.48177123846220055,1.0,-0.0115717418206174,-0.00490462532140157,-0.000688838725477581,,,,BAD
hybrid_regime_plus_signal_plus_fee,recent_48h,15m,pool_window,384,0.00548292493215453,-0.000734622366618248,-0.329364812689276,-1.12004626284609,384,0.0,0.0,0.0,0.0,0.0,0.8880208333333334,0.06679568593525324,1.0,0.000734622366618248,0.329364812689276,1.12004626284609,,,,PROMISING
hybrid_regime_plus_signal_plus_fee,recent_48h,1h,intent_window,364,0.151382306970207,0.0118307553331078,0.00509184804327845,0.00117179086952035,364,0.0,0.0,0.0,0.0,0.0,0.9972527472527473,0.5058779730767609,1.0,-0.0118307553331078,-0.00509184804327845,-0.00117179086952035,,,,BAD
hybrid_regime_plus_signal_plus_fee,recent_48h,1h,pool_window,384,0.02092396091031655,-0.395801326946268,-0.775860418786754,-1.45340688818238,384,0.0,0.0,0.0,0.0,0.0,0.8072916666666666,0.17254441254031772,1.0,0.395801326946268,0.775860418786754,1.45340688818238,,,,PROMISING
hybrid_regime_plus_signal_plus_fee,recent_48h,2h,intent_window,364,0.15281367757103798,0.0125555130939432,0.00551600313779943,0.00117179086952035,364,0.0,0.0,0.0,0.0,0.0,0.9972527472527473,0.5288176957518594,1.0,-0.0125555130939432,-0.00551600313779943,-0.00117179086952035,,,,BAD
hybrid_regime_plus_signal_plus_fee,recent_48h,2h,pool_window,384,0.042652424166541844,-0.648375501525092,-0.864863363897764,-1.75913868220465,384,0.0,0.0,0.0,0.0,0.0,0.7708333333333334,0.2542626173764554,1.0,0.648375501525092,0.864863363897764,1.75913868220465,,,,PROMISING
hybrid_regime_plus_signal_plus_fee,recent_48h,30m,intent_window,364,0.141760266557813,0.0115717418206174,0.00509184804327845,0.00117179086952035,364,0.0,0.0,0.0,0.0,0.0,0.9972527472527473,0.489755207809118,1.0,-0.0115717418206174,-0.00509184804327845,-0.00117179086952035,,,,BAD
hybrid_regime_plus_signal_plus_fee,recent_48h,30m,pool_window,384,0.01091469801845565,-0.0207494221530784,-0.494970219689852,-1.37850382247383,384,0.0,0.0,0.0,0.0,0.0,0.875,0.09775161541991113,1.0,0.0207494221530784,0.494970219689852,1.37850382247383,,,,PROMISING
hybrid_regime_plus_signal_plus_fee,recent_72h,15m,intent_window,374,0.2367057516909655,0.00965878076316073,-0.000193278446346312,-0.0110049151096945,374,0.0,0.0,0.0,0.0,0.0,0.946524064171123,1.4056083346065167,1.0,-0.00965878076316073,0.000193278446346312,0.0110049151096945,,,,WEAK
hybrid_regime_plus_signal_plus_fee,recent_72h,15m,pool_window,384,0.0035163427499514,-0.0756753163372644,-0.985759106615996,-11.1884097801967,384,0.0,0.0,0.0,0.0,0.0,0.7578125,0.4887263422402244,1.0,0.0756753163372644,0.985759106615996,11.1884097801967,,,,PROMISING
hybrid_regime_plus_signal_plus_fee,recent_72h,1h,intent_window,374,0.218102570783054,0.011548787510165,0.00184372335502303,-0.0105757179672992,374,0.0,0.0,0.0,0.0,0.0,0.9572192513368984,1.3475901499575678,1.0,-0.011548787510165,-0.00184372335502303,0.0105757179672992,,,,BAD
hybrid_regime_plus_signal_plus_fee,recent_72h,1h,pool_window,384,0.008773894351137769,-0.36456482387396,-2.44506947025506,-11.1500794635119,384,0.0,0.0,0.0,0.0,0.0,0.6927083333333334,0.4921453703776975,1.0,0.36456482387396,2.44506947025506,11.1500794635119,,,,PROMISING
hybrid_regime_plus_signal_plus_fee,recent_72h,2h,intent_window,374,0.202787549268379,0.012974191156701,0.00546605255784982,-0.0110049151096945,374,0.0,0.0,0.0,0.0,0.0,0.9705882352941176,1.278069524288149,1.0,-0.012974191156701,-0.00546605255784982,0.0110049151096945,,,,BAD
hybrid_regime_plus_signal_plus_fee,recent_72h,2h,pool_window,384,0.018834307179308098,-0.564794633898852,-2.7790014233184,-11.2625424398271,384,0.0,0.0,0.0,0.0,0.0,0.6822916666666666,0.6807342439011577,1.0,0.564794633898852,2.7790014233184,11.2625424398271,,,,PROMISING
hybrid_regime_plus_signal_plus_fee,recent_72h,30m,intent_window,374,0.230587625589931,0.0111621645290398,0.000604738550038064,-0.0110049151096945,374,0.0,0.0,0.0,0.0,0.0,0.9518716577540107,1.3845413896333743,1.0,-0.0111621645290398,-0.000604738550038064,0.0110049151096945,,,,BAD
hybrid_regime_plus_signal_plus_fee,recent_72h,30m,pool_window,384,0.004846552636658235,-0.258671591822368,-1.29898534176133,-11.1804485622206,384,0.0,0.0,0.0,0.0,0.0,0.7109375,0.5341788110183837,1.0,0.258671591822368,1.29898534176133,11.1804485622206,,,,PROMISING
hybrid_regime_plus_signal_plus_fee,recent_7d,15m,intent_window,1389,0.137125115658807,0.000487828406008362,-0.00146609036784184,-0.0252033940628991,1389,0.0,0.0,0.0,0.0,0.0,0.9482014388489208,0.9003530247540773,1.0,-0.000487828406008362,0.00146609036784184,0.0252033940628991,,,,WEAK
hybrid_regime_plus_signal_plus_fee,recent_7d,15m,pool_window,1855,0.00504613331546306,-0.0143228102330093,-0.418175796712167,-2.52085854620216,1855,0.0,0.0,0.0,0.0,0.0,0.821505376344086,0.11873241957380369,1.0,0.0143228102330093,0.418175796712167,2.52085854620216,,,,PROMISING
hybrid_regime_plus_signal_plus_fee,recent_7d,1h,intent_window,1386,0.1429672031969815,0.000462047055194148,-0.00199951483142513,-2.46390070027672,1386,0.0,0.0,0.0,0.0,0.0,0.943884892086331,0.9171748974500536,1.0,-0.000462047055194148,0.00199951483142513,2.46390070027672,,,,WEAK
hybrid_regime_plus_signal_plus_fee,recent_7d,1h,pool_window,1852,0.014760530983852299,-0.27594117953061,-1.07536910652986,-4.39641981784718,1852,0.0,0.0,0.0,0.0,0.0,0.7704301075268817,0.23242404011232765,1.0,0.27594117953061,1.07536910652986,4.39641981784718,,,,PROMISING
hybrid_regime_plus_signal_plus_fee,recent_7d,2h,intent_window,1382,0.151925272579439,0.000451514676271358,-0.00249723546797043,-2.50634232524568,1382,0.0,0.0,0.0,0.0,0.0,0.9388489208633094,0.9371211096871602,1.0,-0.000451514676271358,0.00249723546797043,2.50634232524568,,,,WEAK
hybrid_regime_plus_signal_plus_fee,recent_7d,2h,pool_window,1845,0.0224427352180899,-0.627554591031942,-1.3662139976873,-4.71815592772652,1845,0.0,0.0,0.0,0.0,0.0,0.7274193548387097,0.32347228780976184,1.0,0.627554591031942,1.3662139976873,4.71815592772652,,,,PROMISING
hybrid_regime_plus_signal_plus_fee,recent_7d,30m,intent_window,1388,0.1393898899593805,0.000487828406008362,-0.00199951483142513,-0.0252033940628991,1388,0.0,0.0,0.0,0.0,0.0,0.9460431654676259,0.9071669555083335,1.0,-0.000487828406008362,0.00199951483142513,0.0252033940628991,,,,WEAK
hybrid_regime_plus_signal_plus_fee,recent_7d,30m,pool_window,1854,0.00891788669897197,-0.0943476284307032,-0.721593014627863,-3.25955911588557,1854,0.0,0.0,0.0,0.0,0.0,0.8032258064516129,0.1565688706769866,1.0,0.0943476284307032,0.721593014627863,3.25955911588557,,,,PROMISING
regime_enter_healthy_or_stable_fee,recent_24h,15m,intent_window,348,0.188166225454688,0.00834117483994135,0.00320941027122501,0.000409333482210172,348,0.08379514646941855,0.0,0.0,0.0,0.5994236311239193,0.39488636363636365,0.1790521324311685,1.0,-0.00834117483994135,-0.00320941027122501,-0.000409333482210172,,,,WEAK
regime_enter_healthy_or_stable_fee,recent_24h,15m,pool_window,344,0.0045591038823763,-0.00286126082657879,-0.0186845758514543,-0.600864409020093,344,0.0,0.0,-0.00960581006280628,-0.571223291838093,0.5704697986577181,0.36363636363636365,0.011971868560860976,0.2608695652173913,0.00286126082657879,0.009078765788648021,0.02964111718200002,,0.8681657455541962,1.0,PROMISING
regime_enter_healthy_or_stable_fee,recent_24h,1h,intent_window,336,0.188166225454688,0.00834286486738733,0.00423432689474623,0.000549973242769397,336,0.07001046599100391,0.0,0.0,0.0,0.5940298507462687,0.38636363636363635,0.16395956334051082,1.0,-0.00834286486738733,-0.00423432689474623,-0.000549973242769397,,,,WEAK
regime_enter_healthy_or_stable_fee,recent_24h,1h,pool_window,332,0.01754772019043025,-0.0415319265239956,-0.204437906272458,-2.65647128968593,332,0.0,-0.0112555387542487,-0.203112790180034,-0.589130658392233,0.5769230769230769,0.3125,0.029811314634726308,0.375,0.0302763877697469,0.0013251160924240002,2.067340631293697,,0.8071768850905668,1.0,PROMISING
regime_enter_healthy_or_stable_fee,recent_24h,2h,intent_window,320,0.189434367883518,0.00770865613682759,0.00402238930574583,0.000549973242769397,320,0.0583671861623543,0.0,0.0,0.0,0.5862068965517241,0.375,0.14025667433727193,1.0,-0.00770865613682759,-0.00402238930574583,-0.000549973242769397,,,,WEAK
regime_enter_healthy_or_stable_fee,recent_24h,2h,pool_window,316,0.0164358312544223,-0.184230833029789,-0.557454300847024,-2.63606842930328,316,0.0,-0.0271533794697265,-0.185880383260807,-0.577172433907313,0.5869565217391305,0.26988636363636365,0.03744957961547491,0.4418604651162791,0.15707745356006247,0.37157391758621694,2.058895995395967,,0.6939568824170991,1.0,PROMISING
regime_enter_healthy_or_stable_fee,recent_24h,30m,intent_window,344,0.188166225454688,0.00770865613682759,0.00402238930574583,0.000549973242769397,344,0.0792802966682359,0.0,0.0,0.0,0.597667638483965,0.39204545454545453,0.1742648114820965,1.0,-0.00770865613682759,-0.00402238930574583,-0.000549973242769397,,,,WEAK
regime_enter_healthy_or_stable_fee,recent_24h,30m,pool_window,340,0.009134902795592474,-0.0141588182316165,-0.107298777115507,-2.62224011178802,340,0.0,-0.00217984329706252,-0.0237631126642326,-0.593676188196975,0.5795053003533569,0.3380681818181818,0.024125230007177798,0.3508771929824561,0.011978974934553981,0.0835356644512744,2.0285639235910446,,0.8613554916277837,1.0,PROMISING
regime_enter_healthy_or_stable_fee,recent_48h,15m,intent_window,364,0.13650668934458549,0.0115717418206174,0.00490462532140157,0.000688838725477581,364,0.0,0.0,0.0,0.0,0.3168044077134986,0.6813186813186813,0.3709117547231822,1.0,-0.0115717418206174,-0.00490462532140157,-0.000688838725477581,,,,BAD
regime_enter_healthy_or_stable_fee,recent_48h,15m,pool_window,384,0.00548292493215453,-0.000734622366618248,-0.329364812689276,-1.12004626284609,384,0.0,0.0,0.0,-0.497169874651437,0.36363636363636365,0.5651041666666666,0.0547305063839778,0.627906976744186,0.000734622366618248,0.329364812689276,0.6228763881946531,,0.5420829586116788,1.0,PROMISING
regime_enter_healthy_or_stable_fee,recent_48h,1h,intent_window,364,0.151382306970207,0.0118307553331078,0.00509184804327845,0.00117179086952035,364,0.0,0.0,0.0,0.0,0.3168044077134986,0.6813186813186813,0.3946820255016526,1.0,-0.0118307553331078,-0.00509184804327845,-0.00117179086952035,,,,BAD
regime_enter_healthy_or_stable_fee,recent_48h,1h,pool_window,384,0.02092396091031655,-0.395801326946268,-0.775860418786754,-1.45340688818238,384,0.0,0.0,-0.408420822117226,-0.782351226497725,0.33548387096774196,0.5364583333333334,0.13280992640266365,0.5135135135135135,0.395801326946268,0.367439596669528,0.671055661684655,,0.6085639983318942,1.0,PROMISING
regime_enter_healthy_or_stable_fee,recent_48h,2h,intent_window,364,0.15281367757103798,0.0125555130939432,0.00551600313779943,0.00117179086952035,364,0.0,0.0,0.0,0.0,0.3168044077134986,0.6813186813186813,0.4297113358256698,1.0,-0.0125555130939432,-0.00551600313779943,-0.00117179086952035,,,,BAD
regime_enter_healthy_or_stable_fee,recent_48h,2h,pool_window,384,0.042652424166541844,-0.648375501525092,-0.864863363897764,-1.75913868220465,384,0.0,0.0,-0.42033139379751,-0.810759813061145,0.34797297297297297,0.5026041666666666,0.1948491484456832,0.5795454545454546,0.648375501525092,0.44453197010025397,0.948378869143505,,0.5442405678339732,1.0,PROMISING
regime_enter_healthy_or_stable_fee,recent_48h,30m,intent_window,364,0.141760266557813,0.0115717418206174,0.00509184804327845,0.00117179086952035,364,0.0,0.0,0.0,0.0,0.3168044077134986,0.6813186813186813,0.3786945113073138,1.0,-0.0115717418206174,-0.00509184804327845,-0.00117179086952035,,,,BAD
regime_enter_healthy_or_stable_fee,recent_48h,30m,pool_window,384,0.01091469801845565,-0.0207494221530784,-0.494970219689852,-1.37850382247383,384,0.0,0.0,-0.00990534002099137,-0.737173111833579,0.3541666666666667,0.5651041666666666,0.07478447750009641,0.5625,0.0207494221530784,0.48506487966886064,0.6413307106402509,,0.5553901095657516,1.0,PROMISING
regime_enter_healthy_or_stable_fee,recent_72h,15m,intent_window,374,0.2367057516909655,0.00965878076316073,-0.000193278446346312,-0.0110049151096945,374,0.0,0.0,0.0,0.0,0.2824858757062147,0.679144385026738,1.1249708471532471,1.0,-0.00965878076316073,0.000193278446346312,0.0110049151096945,,,,WEAK
regime_enter_healthy_or_stable_fee,recent_72h,15m,pool_window,384,0.0035163427499514,-0.0756753163372644,-0.985759106615996,-11.1884097801967,384,0.0,0.0,-0.0282875820586074,-0.199129561033153,0.27835051546391754,0.546875,0.4676698123380896,0.6451612903225806,0.0756753163372644,0.9574715245573886,10.989280219163547,,0.8201448374194927,1.0,PROMISING
regime_enter_healthy_or_stable_fee,recent_72h,1h,intent_window,374,0.218102570783054,0.011548787510165,0.00184372335502303,-0.0105757179672992,374,0.0,0.0,0.0,0.0,0.27932960893854747,0.6898395721925134,1.0741510903125544,1.0,-0.011548787510165,-0.00184372335502303,0.0105757179672992,,,,BAD
regime_enter_healthy_or_stable_fee,recent_72h,1h,pool_window,384,0.008773894351137769,-0.36456482387396,-2.44506947025506,-11.1500794635119,384,0.0,-0.0119155192174453,-0.0969408545197183,-0.55215083087485,0.2744360902255639,0.5026041666666666,0.4139744930983952,0.652542372881356,0.3526493046565147,2.348128615735342,10.59792863263705,,0.9168568048834657,1.0,PROMISING
regime_enter_healthy_or_stable_fee,recent_72h,2h,intent_window,374,0.202787549268379,0.012974191156701,0.00546605255784982,-0.0110049151096945,374,0.0,0.0,0.0,0.0,0.27548209366391185,0.7032085561497327,1.0433741594294328,1.0,-0.012974191156701,-0.00546605255784982,0.0110049151096945,,,,BAD
regime_enter_healthy_or_stable_fee,recent_72h,2h,pool_window,384,0.018834307179308098,-0.564794633898852,-2.7790014233184,-11.2625424398271,384,0.0,-0.00329374181420829,-0.168914464117206,-2.75789005978613,0.2862595419847328,0.4869791666666667,0.6217388175448704,0.680327868852459,0.5615008920846437,2.610086959201194,8.504652380040971,,0.9535764685004964,1.0,PROMISING
regime_enter_healthy_or_stable_fee,recent_72h,30m,intent_window,374,0.230587625589931,0.0111621645290398,0.000604738550038064,-0.0110049151096945,374,0.0,0.0,0.0,0.0,0.2808988764044944,0.6844919786096256,1.1063255610946903,1.0,-0.0111621645290398,-0.000604738550038064,0.0110049151096945,,,,BAD
regime_enter_healthy_or_stable_fee,recent_72h,30m,pool_window,384,0.004846552636658235,-0.258671591822368,-1.29898534176133,-11.1804485622206,384,0.0,-0.00252294189148713,-0.090435609464794,-0.443315810293216,0.27472527472527475,0.515625,0.4874727572486479,0.6486486486486487,0.2561486499308809,1.208549732296536,10.737132751927383,,0.810747145767588,1.0,PROMISING
regime_enter_healthy_or_stable_fee,recent_7d,15m,intent_window,1389,0.137125115658807,0.000487828406008362,-0.00146609036784184,-0.0252033940628991,1389,0.0,0.0,0.0,0.0,0.40591805766312594,0.5633093525179856,0.7001080305570871,1.0,-0.000487828406008362,0.00146609036784184,0.0252033940628991,,,,WEAK
regime_enter_healthy_or_stable_fee,recent_7d,15m,pool_window,1855,0.00504613331546306,-0.0143228102330093,-0.418175796712167,-2.52085854620216,1855,0.0,0.0,-0.000135579480821219,-0.49764487567446,0.2781413612565445,0.593010752688172,0.09998139795363864,0.6788990825688074,0.0143228102330093,0.41804021723134577,2.0232136705277,,0.6885352521352949,1.0,PROMISING
regime_enter_healthy_or_stable_fee,recent_7d,1h,intent_window,1386,0.1429672031969815,0.000462047055194148,-0.00199951483142513,-2.46390070027672,1386,0.0,0.0,0.0,0.0,0.4054878048780488,0.5611510791366906,0.7083171680309177,1.0,-0.000462047055194148,0.00199951483142513,2.46390070027672,,,,WEAK
regime_enter_healthy_or_stable_fee,recent_7d,1h,pool_window,1852,0.014760530983852299,-0.27594117953061,-1.07536910652986,-4.39641981784718,1852,0.0,0.0,-0.00389681152254123,-0.792954303172467,0.2840195394277739,0.5516129032258065,0.19217108129917432,0.7136038186157518,0.27594117953061,1.0714722950073188,3.603465514674713,,0.6354914664874223,1.0,PROMISING
regime_enter_healthy_or_stable_fee,recent_7d,2h,intent_window,1382,0.151925272579439,0.000451514676271358,-0.00249723546797043,-2.50634232524568,1382,0.0,0.0,0.0,0.0,0.4045977011494253,0.5589928057553957,0.7135219984131234,1.0,-0.000451514676271358,0.00249723546797043,2.50634232524568,,,,WEAK
regime_enter_healthy_or_stable_fee,recent_7d,2h,pool_window,1845,0.0224427352180899,-0.627554591031942,-1.3662139976873,-4.71815592772652,1845,0.0,0.0,-0.00423490087114527,-0.838907168657658,0.29120473022912047,0.5155913978494624,0.26256712809348737,0.7378048780487805,0.627554591031942,1.3619790968161547,3.879248759068862,,0.6256767898009284,1.0,PROMISING
regime_enter_healthy_or_stable_fee,recent_7d,30m,intent_window,1388,0.1393898899593805,0.000487828406008362,-0.00199951483142513,-0.0252033940628991,1388,0.0,0.0,0.0,0.0,0.40608365019011405,0.5618705035971223,0.7011136406327644,1.0,-0.000487828406008362,0.00199951483142513,0.0252033940628991,,,,WEAK
regime_enter_healthy_or_stable_fee,recent_7d,30m,pool_window,1854,0.00891788669897197,-0.0943476284307032,-0.721593014627863,-3.25955911588557,1854,0.0,0.0,-0.00186908543099798,-0.543534167745402,0.2784471218206158,0.5795698924731183,0.13092634789153962,0.6861111111111111,0.0943476284307032,0.719723929196865,2.716024948140168,,0.5480918051409688,1.0,PROMISING
regime_enter_only_healthy,recent_24h,15m,intent_window,348,0.188166225454688,0.00834117483994135,0.00320941027122501,0.000409333482210172,348,0.08379514646941855,0.0,0.0,0.0,0.5994236311239193,0.39488636363636365,0.1790521324311685,1.0,-0.00834117483994135,-0.00320941027122501,-0.000409333482210172,,,,WEAK
regime_enter_only_healthy,recent_24h,15m,pool_window,344,0.0045591038823763,-0.00286126082657879,-0.0186845758514543,-0.600864409020093,344,0.0,0.0,-0.00960581006280628,-0.571223291838093,0.5704697986577181,0.36363636363636365,0.011971868560860976,0.2608695652173913,0.00286126082657879,0.009078765788648021,0.02964111718200002,,0.8681657455541962,1.0,PROMISING
regime_enter_only_healthy,recent_24h,1h,intent_window,336,0.188166225454688,0.00834286486738733,0.00423432689474623,0.000549973242769397,336,0.07001046599100391,0.0,0.0,0.0,0.5940298507462687,0.38636363636363635,0.16395956334051082,1.0,-0.00834286486738733,-0.00423432689474623,-0.000549973242769397,,,,WEAK
regime_enter_only_healthy,recent_24h,1h,pool_window,332,0.01754772019043025,-0.0415319265239956,-0.204437906272458,-2.65647128968593,332,0.0,-0.0112555387542487,-0.203112790180034,-0.589130658392233,0.5769230769230769,0.3125,0.029811314634726308,0.375,0.0302763877697469,0.0013251160924240002,2.067340631293697,,0.8071768850905668,1.0,PROMISING
regime_enter_only_healthy,recent_24h,2h,intent_window,320,0.189434367883518,0.00770865613682759,0.00402238930574583,0.000549973242769397,320,0.0583671861623543,0.0,0.0,0.0,0.5862068965517241,0.375,0.14025667433727193,1.0,-0.00770865613682759,-0.00402238930574583,-0.000549973242769397,,,,WEAK
regime_enter_only_healthy,recent_24h,2h,pool_window,316,0.0164358312544223,-0.184230833029789,-0.557454300847024,-2.63606842930328,316,0.0,-0.0271533794697265,-0.185880383260807,-0.577172433907313,0.5869565217391305,0.26988636363636365,0.03744957961547491,0.4418604651162791,0.15707745356006247,0.37157391758621694,2.058895995395967,,0.6939568824170991,1.0,PROMISING
regime_enter_only_healthy,recent_24h,30m,intent_window,344,0.188166225454688,0.00770865613682759,0.00402238930574583,0.000549973242769397,344,0.0792802966682359,0.0,0.0,0.0,0.597667638483965,0.39204545454545453,0.1742648114820965,1.0,-0.00770865613682759,-0.00402238930574583,-0.000549973242769397,,,,WEAK
regime_enter_only_healthy,recent_24h,30m,pool_window,340,0.009134902795592474,-0.0141588182316165,-0.107298777115507,-2.62224011178802,340,0.0,-0.00217984329706252,-0.0237631126642326,-0.593676188196975,0.5795053003533569,0.3380681818181818,0.024125230007177798,0.3508771929824561,0.011978974934553981,0.0835356644512744,2.0285639235910446,,0.8613554916277837,1.0,PROMISING
regime_enter_only_healthy,recent_48h,15m,intent_window,364,0.13650668934458549,0.0115717418206174,0.00490462532140157,0.000688838725477581,364,0.0,0.0,0.0,0.0,0.3168044077134986,0.6813186813186813,0.3709117547231822,1.0,-0.0115717418206174,-0.00490462532140157,-0.000688838725477581,,,,BAD
regime_enter_only_healthy,recent_48h,15m,pool_window,384,0.00548292493215453,-0.000734622366618248,-0.329364812689276,-1.12004626284609,384,0.0,0.0,0.0,-0.497169874651437,0.36363636363636365,0.5651041666666666,0.0547305063839778,0.627906976744186,0.000734622366618248,0.329364812689276,0.6228763881946531,,0.5420829586116788,1.0,PROMISING
regime_enter_only_healthy,recent_48h,1h,intent_window,364,0.151382306970207,0.0118307553331078,0.00509184804327845,0.00117179086952035,364,0.0,0.0,0.0,0.0,0.3168044077134986,0.6813186813186813,0.3946820255016526,1.0,-0.0118307553331078,-0.00509184804327845,-0.00117179086952035,,,,BAD
regime_enter_only_healthy,recent_48h,1h,pool_window,384,0.02092396091031655,-0.395801326946268,-0.775860418786754,-1.45340688818238,384,0.0,0.0,-0.408420822117226,-0.782351226497725,0.33548387096774196,0.5364583333333334,0.13280992640266365,0.5135135135135135,0.395801326946268,0.367439596669528,0.671055661684655,,0.6085639983318942,1.0,PROMISING
regime_enter_only_healthy,recent_48h,2h,intent_window,364,0.15281367757103798,0.0125555130939432,0.00551600313779943,0.00117179086952035,364,0.0,0.0,0.0,0.0,0.3168044077134986,0.6813186813186813,0.4297113358256698,1.0,-0.0125555130939432,-0.00551600313779943,-0.00117179086952035,,,,BAD
regime_enter_only_healthy,recent_48h,2h,pool_window,384,0.042652424166541844,-0.648375501525092,-0.864863363897764,-1.75913868220465,384,0.0,0.0,-0.42033139379751,-0.810759813061145,0.34797297297297297,0.5026041666666666,0.1948491484456832,0.5795454545454546,0.648375501525092,0.44453197010025397,0.948378869143505,,0.5442405678339732,1.0,PROMISING
regime_enter_only_healthy,recent_48h,30m,intent_window,364,0.141760266557813,0.0115717418206174,0.00509184804327845,0.00117179086952035,364,0.0,0.0,0.0,0.0,0.3168044077134986,0.6813186813186813,0.3786945113073138,1.0,-0.0115717418206174,-0.00509184804327845,-0.00117179086952035,,,,BAD
regime_enter_only_healthy,recent_48h,30m,pool_window,384,0.01091469801845565,-0.0207494221530784,-0.494970219689852,-1.37850382247383,384,0.0,0.0,-0.00990534002099137,-0.737173111833579,0.3541666666666667,0.5651041666666666,0.07478447750009641,0.5625,0.0207494221530784,0.48506487966886064,0.6413307106402509,,0.5553901095657516,1.0,PROMISING
regime_enter_only_healthy,recent_72h,15m,intent_window,374,0.2367057516909655,0.00965878076316073,-0.000193278446346312,-0.0110049151096945,374,0.0,0.0,0.0,0.0,0.2824858757062147,0.679144385026738,1.1249708471532471,1.0,-0.00965878076316073,0.000193278446346312,0.0110049151096945,,,,WEAK
regime_enter_only_healthy,recent_72h,15m,pool_window,384,0.0035163427499514,-0.0756753163372644,-0.985759106615996,-11.1884097801967,384,0.0,0.0,-0.0282875820586074,-0.199129561033153,0.27835051546391754,0.546875,0.4676698123380896,0.6451612903225806,0.0756753163372644,0.9574715245573886,10.989280219163547,,0.8201448374194927,1.0,PROMISING
regime_enter_only_healthy,recent_72h,1h,intent_window,374,0.218102570783054,0.011548787510165,0.00184372335502303,-0.0105757179672992,374,0.0,0.0,0.0,0.0,0.27932960893854747,0.6898395721925134,1.0741510903125544,1.0,-0.011548787510165,-0.00184372335502303,0.0105757179672992,,,,BAD
regime_enter_only_healthy,recent_72h,1h,pool_window,384,0.008773894351137769,-0.36456482387396,-2.44506947025506,-11.1500794635119,384,0.0,-0.0119155192174453,-0.0969408545197183,-0.55215083087485,0.2744360902255639,0.5026041666666666,0.4139744930983952,0.652542372881356,0.3526493046565147,2.348128615735342,10.59792863263705,,0.9168568048834657,1.0,PROMISING
regime_enter_only_healthy,recent_72h,2h,intent_window,374,0.202787549268379,0.012974191156701,0.00546605255784982,-0.0110049151096945,374,0.0,0.0,0.0,0.0,0.27548209366391185,0.7032085561497327,1.0433741594294328,1.0,-0.012974191156701,-0.00546605255784982,0.0110049151096945,,,,BAD
regime_enter_only_healthy,recent_72h,2h,pool_window,384,0.018834307179308098,-0.564794633898852,-2.7790014233184,-11.2625424398271,384,0.0,-0.00329374181420829,-0.168914464117206,-2.75789005978613,0.2862595419847328,0.4869791666666667,0.6217388175448704,0.680327868852459,0.5615008920846437,2.610086959201194,8.504652380040971,,0.9535764685004964,1.0,PROMISING
regime_enter_only_healthy,recent_72h,30m,intent_window,374,0.230587625589931,0.0111621645290398,0.000604738550038064,-0.0110049151096945,374,0.0,0.0,0.0,0.0,0.2808988764044944,0.6844919786096256,1.1063255610946903,1.0,-0.0111621645290398,-0.000604738550038064,0.0110049151096945,,,,BAD
regime_enter_only_healthy,recent_72h,30m,pool_window,384,0.004846552636658235,-0.258671591822368,-1.29898534176133,-11.1804485622206,384,0.0,-0.00252294189148713,-0.090435609464794,-0.443315810293216,0.27472527472527475,0.515625,0.4874727572486479,0.6486486486486487,0.2561486499308809,1.208549732296536,10.737132751927383,,0.810747145767588,1.0,PROMISING
regime_enter_only_healthy,recent_7d,15m,intent_window,1389,0.137125115658807,0.000487828406008362,-0.00146609036784184,-0.0252033940628991,1389,0.0,0.0,0.0,0.0,0.40591805766312594,0.5633093525179856,0.7001080305570871,1.0,-0.000487828406008362,0.00146609036784184,0.0252033940628991,,,,WEAK
regime_enter_only_healthy,recent_7d,15m,pool_window,1855,0.00504613331546306,-0.0143228102330093,-0.418175796712167,-2.52085854620216,1855,0.0,0.0,-0.000135579480821219,-0.49764487567446,0.2781413612565445,0.593010752688172,0.09998139795363864,0.6788990825688074,0.0143228102330093,0.41804021723134577,2.0232136705277,,0.6885352521352949,1.0,PROMISING
regime_enter_only_healthy,recent_7d,1h,intent_window,1386,0.1429672031969815,0.000462047055194148,-0.00199951483142513,-2.46390070027672,1386,0.0,0.0,0.0,0.0,0.4054878048780488,0.5611510791366906,0.7083171680309177,1.0,-0.000462047055194148,0.00199951483142513,2.46390070027672,,,,WEAK
regime_enter_only_healthy,recent_7d,1h,pool_window,1852,0.014760530983852299,-0.27594117953061,-1.07536910652986,-4.39641981784718,1852,0.0,0.0,-0.00389681152254123,-0.792954303172467,0.2840195394277739,0.5516129032258065,0.19217108129917432,0.7136038186157518,0.27594117953061,1.0714722950073188,3.603465514674713,,0.6354914664874223,1.0,PROMISING
regime_enter_only_healthy,recent_7d,2h,intent_window,1382,0.151925272579439,0.000451514676271358,-0.00249723546797043,-2.50634232524568,1382,0.0,0.0,0.0,0.0,0.4045977011494253,0.5589928057553957,0.7135219984131234,1.0,-0.000451514676271358,0.00249723546797043,2.50634232524568,,,,WEAK
regime_enter_only_healthy,recent_7d,2h,pool_window,1845,0.0224427352180899,-0.627554591031942,-1.3662139976873,-4.71815592772652,1845,0.0,0.0,-0.00423490087114527,-0.838907168657658,0.29120473022912047,0.5155913978494624,0.26256712809348737,0.7378048780487805,0.627554591031942,1.3619790968161547,3.879248759068862,,0.6256767898009284,1.0,PROMISING
regime_enter_only_healthy,recent_7d,30m,intent_window,1388,0.1393898899593805,0.000487828406008362,-0.00199951483142513,-0.0252033940628991,1388,0.0,0.0,0.0,0.0,0.40608365019011405,0.5618705035971223,0.7011136406327644,1.0,-0.000487828406008362,0.00199951483142513,0.0252033940628991,,,,WEAK
regime_enter_only_healthy,recent_7d,30m,pool_window,1854,0.00891788669897197,-0.0943476284307032,-0.721593014627863,-3.25955911588557,1854,0.0,0.0,-0.00186908543099798,-0.543534167745402,0.2784471218206158,0.5795698924731183,0.13092634789153962,0.6861111111111111,0.0943476284307032,0.719723929196865,2.716024948140168,,0.5480918051409688,1.0,PROMISING
regime_exclude_bad_all,recent_24h,15m,intent_window,348,0.188166225454688,0.00834117483994135,0.00320941027122501,0.000409333482210172,348,0.10213242145904344,0.0,0.0,0.0,0.6109510086455331,0.3835227272727273,0.174919679529439,1.0,-0.00834117483994135,-0.00320941027122501,-0.000409333482210172,,,,WEAK
regime_exclude_bad_all,recent_24h,15m,pool_window,344,0.0045591038823763,-0.00286126082657879,-0.0186845758514543,-0.600864409020093,344,0.0004293826937168105,-0.000224451972550144,-0.00995775460817054,-0.571223291838093,0.5805369127516778,0.35511363636363635,0.011928842620835841,0.2391304347826087,0.0026368088540286456,0.008726821243283762,0.02964111718200002,,0.8658264615639232,0.9973054868816787,PROMISING
regime_exclude_bad_all,recent_24h,1h,intent_window,336,0.188166225454688,0.00834286486738733,0.00423432689474623,0.000549973242769397,336,0.08793215466770335,0.0,0.0,0.0,0.6059701492537314,0.375,0.1597033074111576,1.0,-0.00834286486738733,-0.00423432689474623,-0.000549973242769397,,,,WEAK
regime_exclude_bad_all,recent_24h,1h,pool_window,332,0.01754772019043025,-0.0415319265239956,-0.204437906272458,-2.65647128968593,332,0.0,-0.0112555387542487,-0.203112790180034,-0.589130658392233,0.5846153846153846,0.3068181818181818,0.029764336269714788,0.3472222222222222,0.0302763877697469,0.0013251160924240002,2.067340631293697,,0.8055068190503738,0.997930978858487,PROMISING
regime_exclude_bad_all,recent_24h,2h,intent_window,320,0.189434367883518,0.00770865613682759,0.00402238930574583,0.000549973242769397,320,0.07001046599100391,0.0,0.0,0.0,0.5987460815047022,0.36363636363636365,0.13554528601441224,1.0,-0.00770865613682759,-0.00402238930574583,-0.000549973242769397,,,,WEAK
regime_exclude_bad_all,recent_24h,2h,pool_window,316,0.0164358312544223,-0.184230833029789,-0.557454300847024,-2.63606842930328,316,0.0,-0.0271533794697265,-0.185880383260807,-0.577172433907313,0.6043478260869565,0.2585227272727273,0.037138389158633635,0.4418604651162791,0.15707745356006247,0.37157391758621694,2.058895995395967,,0.6939568824170991,1.0,PROMISING
regime_exclude_bad_all,recent_24h,30m,intent_window,344,0.188166225454688,0.00770865613682759,0.00402238930574583,0.000549973242769397,344,0.0968310912828827,0.0,0.0,0.0,0.60932944606414,0.3806818181818182,0.17014975181093595,1.0,-0.00770865613682759,-0.00402238930574583,-0.000549973242769397,,,,WEAK
regime_exclude_bad_all,recent_24h,30m,pool_window,340,0.009134902795592474,-0.0141588182316165,-0.107298777115507,-2.62224011178802,340,0.0,-0.00354464065623219,-0.0237631126642326,-0.593676188196975,0.5830388692579506,0.3352272727272727,0.024099977062419946,0.2982456140350877,0.01061417757538431,0.0835356644512744,2.0285639235910446,,0.8578329784737767,0.9959105001497696,PROMISING
regime_exclude_bad_all,recent_48h,15m,intent_window,364,0.13650668934458549,0.0115717418206174,0.00490462532140157,0.000688838725477581,364,0.0,0.0,0.0,0.0,0.3746556473829201,0.6236263736263736,0.3675064463310869,1.0,-0.0115717418206174,-0.00490462532140157,-0.000688838725477581,,,,BAD
regime_exclude_bad_all,recent_48h,15m,pool_window,384,0.00548292493215453,-0.000734622366618248,-0.329364812689276,-1.12004626284609,384,0.0,0.0,0.0,-0.497169874651437,0.41935483870967744,0.515625,0.05436171537866473,0.6046511627906976,0.000734622366618248,0.329364812689276,0.6228763881946531,,0.5625385995254989,0.9553289371983136,PROMISING
regime_exclude_bad_all,recent_48h,1h,intent_window,364,0.151382306970207,0.0118307553331078,0.00509184804327845,0.00117179086952035,364,0.0,0.0,0.0,0.0,0.3746556473829201,0.6236263736263736,0.38443575715598477,1.0,-0.0118307553331078,-0.00509184804327845,-0.00117179086952035,,,,BAD
regime_exclude_bad_all,recent_48h,1h,pool_window,384,0.02092396091031655,-0.395801326946268,-0.775860418786754,-1.45340688818238,384,0.0,0.0,-0.408420822117226,-0.782351226497725,0.3967741935483871,0.4869791666666667,0.12230594352902317,0.5,0.395801326946268,0.367439596669528,0.671055661684655,,0.5985676823077704,0.9835739280477909,PROMISING
regime_exclude_bad_all,recent_48h,2h,intent_window,364,0.15281367757103798,0.0125555130939432,0.00551600313779943,0.00117179086952035,364,0.0,0.0,0.0,0.0,0.3746556473829201,0.6236263736263736,0.4136182521895007,1.0,-0.0125555130939432,-0.00551600313779943,-0.00117179086952035,,,,BAD
regime_exclude_bad_all,recent_48h,2h,pool_window,384,0.042652424166541844,-0.648375501525092,-0.864863363897764,-1.75913868220465,384,0.0,0.0,-0.42033139379751,-0.810759813061145,0.41216216216216217,0.453125,0.17908298055180696,0.5681818181818182,0.648375501525092,0.44453197010025397,0.948378869143505,,0.5382703777114864,0.9890302368560144,PROMISING
regime_exclude_bad_all,recent_48h,30m,intent_window,364,0.141760266557813,0.0115717418206174,0.00509184804327845,0.00117179086952035,364,0.0,0.0,0.0,0.0,0.3746556473829201,0.6236263736263736,0.37309130764923576,1.0,-0.0115717418206174,-0.00509184804327845,-0.00117179086952035,,,,BAD
regime_exclude_bad_all,recent_48h,30m,pool_window,384,0.01091469801845565,-0.0207494221530784,-0.494970219689852,-1.37850382247383,384,0.0,0.0,-0.0129071042629341,-0.737173111833579,0.4107142857142857,0.515625,0.0720523166257804,0.5416666666666666,0.0207494221530784,0.4820631154269179,0.6413307106402509,,0.5374024181383427,0.9676125103461548,PROMISING
regime_exclude_bad_all,recent_72h,15m,intent_window,374,0.2367057516909655,0.00965878076316073,-0.000193278446346312,-0.0110049151096945,374,0.0,0.0,0.0,0.0,0.327683615819209,0.6363636363636364,1.1190516978337683,1.0,-0.00965878076316073,0.000193278446346312,0.0110049151096945,,,,WEAK
regime_exclude_bad_all,recent_72h,15m,pool_window,384,0.0035163427499514,-0.0756753163372644,-0.985759106615996,-11.1884097801967,384,0.0,0.0,-0.0286962422675396,-0.233650240646331,0.31958762886597936,0.515625,0.46724727422803836,0.6129032258064516,0.0756753163372644,0.9570628643484563,10.95475953955037,,0.7844621083071792,0.9564921615252914,PROMISING
regime_exclude_bad_all,recent_72h,1h,intent_window,374,0.218102570783054,0.011548787510165,0.00184372335502303,-0.0105757179672992,374,0.0,0.0,0.0,0.0,0.3240223463687151,0.6470588235294118,1.0679058064429636,1.0,-0.011548787510165,-0.00184372335502303,0.0105757179672992,,,,BAD
regime_exclude_bad_all,recent_72h,1h,pool_window,384,0.008773894351137769,-0.36456482387396,-2.44506947025506,-11.1500794635119,384,0.0,-0.012865603659605,-0.113725012270915,-0.55215083087485,0.3233082706766917,0.46875,0.41283105966997075,0.635593220338983,0.351699220214355,2.331344457984145,10.59792863263705,,0.9010749626956713,0.9827870152637409,PROMISING
regime_exclude_bad_all,recent_72h,2h,intent_window,374,0.202787549268379,0.012974191156701,0.00546605255784982,-0.0110049151096945,374,0.0,0.0,0.0,0.0,0.31955922865013775,0.660427807486631,1.0368558215556465,1.0,-0.012974191156701,-0.00546605255784982,0.0110049151096945,,,,BAD
regime_exclude_bad_all,recent_72h,2h,pool_window,384,0.018834307179308098,-0.564794633898852,-2.7790014233184,-11.2625424398271,384,0.0,-0.0129019763107766,-0.189162117753304,-2.75789005978613,0.3320610687022901,0.4557291666666667,0.6198459893651505,0.6557377049180327,0.5518926575880754,2.589839305565096,8.504652380040971,,0.9367227832706861,0.9823258167682002,PROMISING
regime_exclude_bad_all,recent_72h,30m,intent_window,374,0.230587625589931,0.0111621645290398,0.000604738550038064,-0.0110049151096945,374,0.0,0.0,0.0,0.0,0.3258426966292135,0.6417112299465241,1.1000397843123122,1.0,-0.0111621645290398,-0.000604738550038064,0.0110049151096945,,,,BAD
regime_exclude_bad_all,recent_72h,30m,pool_window,384,0.004846552636658235,-0.258671591822368,-1.29898534176133,-11.1804485622206,384,0.0,-0.0135118138381476,-0.0961036639857404,-0.443315810293216,0.31868131868131866,0.484375,0.4867560364216994,0.6216216216216216,0.2451597779842204,1.2028816777755895,10.737132751927383,,0.7893640529029082,0.9736254478645928,PROMISING
regime_exclude_bad_all,recent_7d,15m,intent_window,1389,0.137125115658807,0.000487828406008362,-0.00146609036784184,-0.0252033940628991,1389,0.0,0.0,0.0,0.0,0.468133535660091,0.50431654676259,0.645274533521076,1.0,-0.000487828406008362,0.00146609036784184,0.0252033940628991,,,,WEAK
regime_exclude_bad_all,recent_7d,15m,pool_window,1855,0.00504613331546306,-0.0143228102330093,-0.418175796712167,-2.52085854620216,1855,0.0,0.0,-0.000168583429883614,-0.518156101035336,0.32918848167539266,0.5510752688172043,0.09496255662915684,0.6666666666666666,0.0143228102330093,0.41800721328228335,2.002702445166824,,0.6357200929733013,0.9134662202962046,PROMISING
regime_exclude_bad_all,recent_7d,1h,intent_window,1386,0.1429672031969815,0.000462047055194148,-0.00199951483142513,-2.46390070027672,1386,0.0,0.0,0.0,0.0,0.4679878048780488,0.5021582733812949,0.6410188732869417,1.0,-0.000462047055194148,0.00199951483142513,2.46390070027672,,,,WEAK
regime_exclude_bad_all,recent_7d,1h,pool_window,1852,0.014760530983852299,-0.27594117953061,-1.07536910652986,-4.39641981784718,1852,0.0,0.0,-0.00735459573981549,-0.874356885452702,0.3349616189811584,0.5123655913978494,0.17149877518009363,0.6921241050119332,0.27594117953061,1.0680145107900445,3.522062932394478,,0.5381482981235853,0.8238746085007467,PROMISING
regime_exclude_bad_all,recent_7d,2h,intent_window,1382,0.151925272579439,0.000451514676271358,-0.00249723546797043,-2.50634232524568,1382,0.0,0.0,0.0,0.0,0.4674329501915709,0.5,0.6322536205369428,1.0,-0.000451514676271358,0.00249723546797043,2.50634232524568,,,,WEAK
regime_exclude_bad_all,recent_7d,2h,pool_window,1845,0.0224427352180899,-0.627554591031942,-1.3662139976873,-4.71815592772652,1845,0.0,0.0,-0.0138879662222669,-1.09753808567914,0.3385070214338507,0.48118279569892475,0.21881131446938756,0.7012195121951219,0.627554591031942,1.3523260314650332,3.62061784204738,,0.4736609999298997,0.7208887424834961,PROMISING
regime_exclude_bad_all,recent_7d,30m,intent_window,1388,0.1393898899593805,0.000487828406008362,-0.00199951483142513,-0.0252033940628991,1388,0.0,0.0,0.0,0.0,0.46844106463878327,0.5028776978417266,0.6423965369551791,1.0,-0.000487828406008362,0.00199951483142513,0.0252033940628991,,,,WEAK
regime_exclude_bad_all,recent_7d,30m,pool_window,1854,0.00891788669897197,-0.0943476284307032,-0.721593014627863,-3.25955911588557,1854,0.0,0.0,-0.00311178259852701,-0.56318468152182,0.32998661311914324,0.5381720430107527,0.12050837107496358,0.6722222222222223,0.0943476284307032,0.718481232029336,2.69637443436375,,0.4843481959968942,0.863428017913609,PROMISING
regime_exclude_data_stale,recent_24h,15m,intent_window,348,0.188166225454688,0.00834117483994135,0.00320941027122501,0.000409333482210172,348,0.188166225454688,0.00834117483994135,0.00320941027122501,0.000409333482210172,1.0,0.0,0.0,0.0,0.0,0.0,0.0,,1.0,1.0,WEAK
regime_exclude_data_stale,recent_24h,15m,pool_window,344,0.0045591038823763,-0.00286126082657879,-0.0186845758514543,-0.600864409020093,344,0.0045591038823763,-0.00286126082657879,-0.0186845758514543,-0.600864409020093,1.0,0.0,0.0,0.0,0.0,0.0,0.0,,0.5957230047966839,0.5952235062215021,WEAK
regime_exclude_data_stale,recent_24h,1h,intent_window,336,0.188166225454688,0.00834286486738733,0.00423432689474623,0.000549973242769397,336,0.188166225454688,0.00834286486738733,0.00423432689474623,0.000549973242769397,1.0,0.0,0.0,0.0,0.0,0.0,0.0,,1.0,1.0,WEAK
regime_exclude_data_stale,recent_24h,1h,pool_window,332,0.01754772019043025,-0.0415319265239956,-0.204437906272458,-2.65647128968593,332,0.01754772019043025,-0.0415319265239956,-0.204437906272458,-2.65647128968593,1.0,0.0,0.0,0.0,0.0,0.0,0.0,,0.6486863756726413,0.6500857536890366,WEAK
regime_exclude_data_stale,recent_24h,2h,intent_window,320,0.189434367883518,0.00770865613682759,0.00402238930574583,0.000549973242769397,320,0.189434367883518,0.00770865613682759,0.00402238930574583,0.000549973242769397,1.0,0.0,0.0,0.0,0.0,0.0,0.0,,1.0,1.0,WEAK
regime_exclude_data_stale,recent_24h,2h,pool_window,316,0.0164358312544223,-0.184230833029789,-0.557454300847024,-2.63606842930328,316,0.0164358312544223,-0.184230833029789,-0.557454300847024,-2.63606842930328,1.0,0.0,0.0,0.0,0.0,0.0,0.0,,0.7228695139262946,0.724142617661591,WEAK
regime_exclude_data_stale,recent_24h,30m,intent_window,344,0.188166225454688,0.00770865613682759,0.00402238930574583,0.000549973242769397,344,0.188166225454688,0.00770865613682759,0.00402238930574583,0.000549973242769397,1.0,0.0,0.0,0.0,0.0,0.0,0.0,,1.0,1.0,WEAK
regime_exclude_data_stale,recent_24h,30m,pool_window,340,0.009134902795592474,-0.0141588182316165,-0.107298777115507,-2.62224011178802,340,0.009134902795592474,-0.0141588182316165,-0.107298777115507,-2.62224011178802,1.0,0.0,0.0,0.0,0.0,0.0,0.0,,0.6193714878076803,0.6192434542922487,WEAK
regime_exclude_data_stale,recent_48h,15m,intent_window,364,0.13650668934458549,0.0115717418206174,0.00490462532140157,0.000688838725477581,364,0.13650668934458549,0.0115717418206174,0.00490462532140157,0.000688838725477581,1.0,0.0,0.0,0.0,0.0,0.0,0.0,,1.0,1.0,WEAK
regime_exclude_data_stale,recent_48h,15m,pool_window,384,0.00548292493215453,-0.000734622366618248,-0.329364812689276,-1.12004626284609,384,0.00548292493215453,-0.000734622366618248,-0.329364812689276,-1.12004626284609,1.0,0.0,0.0,0.0,0.0,0.0,0.0,,0.5173789516937284,0.5595283050460585,WEAK
regime_exclude_data_stale,recent_48h,1h,intent_window,364,0.151382306970207,0.0118307553331078,0.00509184804327845,0.00117179086952035,364,0.151382306970207,0.0118307553331078,0.00509184804327845,0.00117179086952035,1.0,0.0,0.0,0.0,0.0,0.0,0.0,,1.0,1.0,WEAK
regime_exclude_data_stale,recent_48h,1h,pool_window,384,0.02092396091031655,-0.395801326946268,-0.775860418786754,-1.45340688818238,384,0.02092396091031655,-0.395801326946268,-0.775860418786754,-1.45340688818238,1.0,0.0,0.0,0.0,0.0,0.0,0.0,,0.38213896306432626,0.42003728818789876,WEAK
regime_exclude_data_stale,recent_48h,2h,intent_window,364,0.15281367757103798,0.0125555130939432,0.00551600313779943,0.00117179086952035,364,0.15281367757103798,0.0125555130939432,0.00551600313779943,0.00117179086952035,1.0,0.0,0.0,0.0,0.0,0.0,0.0,,1.0,1.0,WEAK
regime_exclude_data_stale,recent_48h,2h,pool_window,384,0.042652424166541844,-0.648375501525092,-0.864863363897764,-1.75913868220465,384,0.042652424166541844,-0.648375501525092,-0.864863363897764,-1.75913868220465,1.0,0.0,0.0,0.0,0.0,0.0,0.0,,0.29111438907633297,0.36450027130463075,WEAK
regime_exclude_data_stale,recent_48h,30m,intent_window,364,0.141760266557813,0.0115717418206174,0.00509184804327845,0.00117179086952035,364,0.141760266557813,0.0115717418206174,0.00509184804327845,0.00117179086952035,1.0,0.0,0.0,0.0,0.0,0.0,0.0,,1.0,1.0,WEAK
regime_exclude_data_stale,recent_48h,30m,pool_window,384,0.01091469801845565,-0.0207494221530784,-0.494970219689852,-1.37850382247383,384,0.01091469801845565,-0.0207494221530784,-0.494970219689852,-1.37850382247383,1.0,0.0,0.0,0.0,0.0,0.0,0.0,,0.4435873102031844,0.4763877578758987,WEAK
regime_exclude_data_stale,recent_72h,15m,intent_window,374,0.2367057516909655,0.00965878076316073,-0.000193278446346312,-0.0110049151096945,374,0.2367057516909655,0.00965878076316073,-0.000193278446346312,-0.0110049151096945,1.0,0.0,0.0,0.0,0.0,0.0,0.0,,1.0,1.0,WEAK
regime_exclude_data_stale,recent_72h,15m,pool_window,384,0.0035163427499514,-0.0756753163372644,-0.985759106615996,-11.1884097801967,384,0.0035163427499514,-0.0756753163372644,-0.985759106615996,-11.1884097801967,1.0,0.0,0.0,0.0,0.0,0.0,0.0,,0.7953677796950872,0.8145073849294189,WEAK
regime_exclude_data_stale,recent_72h,1h,intent_window,374,0.218102570783054,0.011548787510165,0.00184372335502303,-0.0105757179672992,374,0.218102570783054,0.011548787510165,0.00184372335502303,-0.0105757179672992,1.0,0.0,0.0,0.0,0.0,0.0,0.0,,1.0,1.0,WEAK
regime_exclude_data_stale,recent_72h,1h,pool_window,384,0.008773894351137769,-0.36456482387396,-2.44506947025506,-11.1500794635119,384,0.008773894351137769,-0.36456482387396,-2.44506947025506,-11.1500794635119,1.0,0.0,0.0,0.0,0.0,0.0,0.0,,0.7717549785242702,0.7922838085529952,WEAK
regime_exclude_data_stale,recent_72h,2h,intent_window,374,0.202787549268379,0.012974191156701,0.00546605255784982,-0.0110049151096945,374,0.202787549268379,0.012974191156701,0.00546605255784982,-0.0110049151096945,1.0,0.0,0.0,0.0,0.0,0.0,0.0,,1.0,1.0,WEAK
regime_exclude_data_stale,recent_72h,2h,pool_window,384,0.018834307179308098,-0.564794633898852,-2.7790014233184,-11.2625424398271,384,0.018834307179308098,-0.564794633898852,-2.7790014233184,-11.2625424398271,1.0,0.0,0.0,0.0,0.0,0.0,0.0,,0.7617556758296823,0.7828623802060818,WEAK
regime_exclude_data_stale,recent_72h,30m,intent_window,374,0.230587625589931,0.0111621645290398,0.000604738550038064,-0.0110049151096945,374,0.230587625589931,0.0111621645290398,0.000604738550038064,-0.0110049151096945,1.0,0.0,0.0,0.0,0.0,0.0,0.0,,1.0,1.0,WEAK
regime_exclude_data_stale,recent_72h,30m,pool_window,384,0.004846552636658235,-0.258671591822368,-1.29898534176133,-11.1804485622206,384,0.004846552636658235,-0.258671591822368,-1.29898534176133,-11.1804485622206,1.0,0.0,0.0,0.0,0.0,0.0,0.0,,0.8202344414224522,0.836802552703231,WEAK
regime_exclude_data_stale,recent_7d,15m,intent_window,1389,0.137125115658807,0.000487828406008362,-0.00146609036784184,-0.0252033940628991,1389,0.135142803072597,0.000451514676271358,0.0,-0.0212781774438042,0.992412746585736,0.007194244604316547,0.005632880433324489,0.028169014084507043,-3.631372973700401e-05,0.00146609036784184,0.003925216619094899,,0.530507088654171,0.530507088654171,WEAK
regime_exclude_data_stale,recent_7d,15m,pool_window,1855,0.00504613331546306,-0.0143228102330093,-0.418175796712167,-2.52085854620216,1855,0.00494886008288336,-0.0115751510241666,-0.338621687020577,-2.51276897548766,0.9941099476439791,0.004838709677419355,0.0012266578272745307,0.021406727828746176,0.0027476592088426996,0.07955410969158999,0.008089570714500116,,0.4298297748256029,0.42418365883616993,PROMISING
regime_exclude_data_stale,recent_7d,1h,intent_window,1386,0.1429672031969815,0.000462047055194148,-0.00199951483142513,-2.46390070027672,1386,0.141152462471558,0.00044095161113944,-0.00166905561546571,-0.0274534065107446,0.9916158536585366,0.007913669064748202,0.005743122611880179,0.013513513513513514,-2.109544405470799e-05,0.00033045921595942,2.4364472937659754,,0.39859357954635494,0.6831385869962786,WEAK
regime_exclude_data_stale,recent_7d,1h,pool_window,1852,0.014760530983852299,-0.27594117953061,-1.07536910652986,-4.39641981784718,1852,0.0145395914723675,-0.256443911396626,-1.06987131251998,-4.39641981784718,0.9937194696441033,0.004838709677419355,0.0014961611037840386,0.016706443914081145,0.019497268133984003,0.0054977940098801525,0.0,,0.48975929399359713,0.39601937916902763,WEAK
regime_exclude_data_stale,recent_7d,2h,intent_window,1382,0.151925272579439,0.000451514676271358,-0.00249723546797043,-2.50634232524568,1382,0.1512919071152795,0.000436610366463697,-0.00199951483142513,-2.48865545094067,0.993103448275862,0.006474820143884892,0.0019800749166631647,0.03896103896103896,-1.4904309807661016e-05,0.0004977206365453001,0.017686874305009592,,0.40087512374364287,0.7334788912761233,WEAK
regime_exclude_data_stale,recent_7d,2h,pool_window,1845,0.0224427352180899,-0.627554591031942,-1.3662139976873,-4.71815592772652,1845,0.0221699263190051,-0.605421913966167,-1.30149358739885,-4.71815592772652,0.9963045084996305,0.002688172043010753,0.00140657355240491,0.018292682926829267,0.02213267706577504,0.06472041028844999,0.0,,0.4492136896416836,0.3577662389348808,WEAK
regime_exclude_data_stale,recent_7d,30m,intent_window,1388,0.1393898899593805,0.000487828406008362,-0.00199951483142513,-0.0252033940628991,1388,0.137735296276,0.00044555295235682,-0.00166905561546571,-0.0252033940628991,0.9916349809885932,0.007913669064748202,0.005665644100225323,0.0136986301369863,-4.227545365154199e-05,0.00033045921595942,0.0,,0.4690453807439539,0.5291665253595786,WEAK
regime_exclude_data_stale,recent_7d,30m,pool_window,1854,0.00891788669897197,-0.0943476284307032,-0.721593014627863,-3.25955911588557,1854,0.008815086291905229,-0.0800099876464617,-0.699347054249379,-3.01171044909505,0.9946452476572959,0.004301075268817204,0.0012751464033476808,0.022222222222222223,0.014337640784241504,0.02224596037848392,0.24784866679051998,,0.4208015165508265,0.38717367338840286,PROMISING
regime_score_threshold_loose,recent_24h,15m,intent_window,348,0.188166225454688,0.00834117483994135,0.00320941027122501,0.000409333482210172,348,0.1721401132827735,0.00493250025591863,0.00025567369782209,0.0,0.9567723342939481,0.04261363636363636,0.03417204688397386,0.0,-0.0034086745840227204,-0.00295373657340292,-0.000409333482210172,,1.0,1.0,WEAK
regime_score_threshold_loose,recent_24h,15m,pool_window,344,0.0045591038823763,-0.00286126082657879,-0.0186845758514543,-0.600864409020093,344,0.004512677785848035,-0.000979494109957252,-0.0135545495051812,-0.599720498502281,0.9697986577181208,0.02556818181818182,0.009230884493856732,0.10869565217391304,0.0018817667166215377,0.0051300263462731015,0.0011439105178119302,,0.5068363219310487,0.5493863381182584,PROMISING
regime_score_threshold_loose,recent_24h,1h,intent_window,336,0.188166225454688,0.00834286486738733,0.00423432689474623,0.000549973242769397,336,0.1721401132827735,0.00449721501810529,0.000409333482210172,0.0,0.9552238805970149,0.04261363636363636,0.01953267809275939,0.0,-0.00384564984928204,-0.0038249934125360583,-0.000549973242769397,,1.0,1.0,WEAK
regime_score_threshold_loose,recent_24h,1h,pool_window,332,0.01754772019043025,-0.0415319265239956,-0.204437906272458,-2.65647128968593,332,0.016712201083515,-0.0347928205616705,-0.204387186942992,-2.62169808294673,0.9653846153846154,0.02556818181818182,0.00044479647330834484,0.06944444444444445,0.006739105962325104,5.071932946601465e-05,0.03477320673920037,,0.5576623502095753,0.559466058452465,PROMISING
regime_score_threshold_loose,recent_24h,2h,intent_window,320,0.189434367883518,0.00770865613682759,0.00402238930574583,0.000549973242769397,320,0.1711280013723015,0.00423432689474623,0.00025567369782209,0.0,0.9529780564263323,0.04261363636363636,0.021269577825252888,0.0,-0.00347432924208136,-0.00376671560792374,-0.000549973242769397,,1.0,1.0,WEAK
regime_score_threshold_loose,recent_24h,2h,pool_window,316,0.0164358312544223,-0.184230833029789,-0.557454300847024,-2.63606842930328,316,0.00791108685538747,-0.173234147487126,-0.547174714595558,-2.61380929072371,0.9565217391304348,0.028409090909090908,0.001238701574293516,0.046511627906976744,0.010996685542662976,0.010279586251465966,0.02225913857957007,,0.6793689781276534,0.6808691300885904,PROMISING
regime_score_threshold_loose,recent_24h,30m,intent_window,344,0.188166225454688,0.00770865613682759,0.00402238930574583,0.000549973242769397,344,0.1721401132827735,0.00449721501810529,0.000409333482210172,0.0,0.956268221574344,0.04261363636363636,0.03467353139743194,0.0,-0.0032114411187223,-0.003613055823535658,-0.000549973242769397,,1.0,1.0,WEAK
regime_score_threshold_loose,recent_24h,30m,pool_window,340,0.009134902795592474,-0.0141588182316165,-0.107298777115507,-2.62224011178802,340,0.009006345588640219,-0.0116396143076735,-0.0466980058804016,-0.606381948071805,0.9717314487632509,0.022727272727272728,0.01888626461995113,0.10526315789473684,0.0025192039239429996,0.060600771235105405,2.015858163716215,,0.4654244603624646,0.5227138615885708,PROMISING
regime_score_threshold_loose,recent_48h,15m,intent_window,364,0.13650668934458549,0.0115717418206174,0.00490462532140157,0.000688838725477581,364,0.0663767996265406,0.0,0.0,0.0,0.8650137741046832,0.1346153846153846,0.08897560004710527,0.0,-0.0115717418206174,-0.00490462532140157,-0.000688838725477581,,1.0,1.0,BAD
regime_score_threshold_loose,recent_48h,15m,pool_window,384,0.00548292493215453,-0.000734622366618248,-0.329364812689276,-1.12004626284609,384,0.004309489965415695,0.0,-0.0336167677767566,-0.758644048597798,0.8885630498533724,0.09895833333333333,0.023380793750282212,0.23255813953488372,0.000734622366618248,0.2957480449125194,0.3614022142482921,,0.34252210394685756,0.41981056491294516,PROMISING
regime_score_threshold_loose,recent_48h,1h,intent_window,364,0.151382306970207,0.0118307553331078,0.00509184804327845,0.00117179086952035,364,0.0790502716011417,0.0,0.0,0.0,0.8650137741046832,0.1346153846153846,0.08712207344748782,0.0,-0.0118307553331078,-0.00509184804327845,-0.00117179086952035,,1.0,1.0,BAD
regime_score_threshold_loose,recent_48h,1h,pool_window,384,0.02092396091031655,-0.395801326946268,-0.775860418786754,-1.45340688818238,384,0.009814402403113296,-0.191074676331926,-0.554347153684745,-1.06341871495073,0.896774193548387,0.08333333333333333,0.04162335260561929,0.21621621621621623,0.204726650614342,0.22151326510200908,0.38998817323165014,,0.33954575086641836,0.5158437196921591,PROMISING
regime_score_threshold_loose,recent_48h,2h,intent_window,364,0.15281367757103798,0.0125555130939432,0.00551600313779943,0.00117179086952035,364,0.0728656462251024,0.0,0.0,0.0,0.8650137741046832,0.1346153846153846,0.09070872807631244,0.0,-0.0125555130939432,-0.00551600313779943,-0.00117179086952035,,1.0,1.0,BAD
regime_score_threshold_loose,recent_48h,2h,pool_window,384,0.042652424166541844,-0.648375501525092,-0.864863363897764,-1.75913868220465,384,0.01754535216889705,-0.407040257143614,-0.759724295709641,-1.36070362306742,0.8918918918918919,0.08333333333333333,0.0422736964441905,0.18181818181818182,0.24133524438147802,0.10513906818812302,0.3984350591372299,,0.29597852375532946,0.46165689423369033,PROMISING
regime_score_threshold_loose,recent_48h,30m,intent_window,364,0.141760266557813,0.0115717418206174,0.00509184804327845,0.00117179086952035,364,0.06977379779715989,0.0,0.0,0.0,0.8650137741046832,0.1346153846153846,0.09489020701651549,0.0,-0.0115717418206174,-0.00509184804327845,-0.00117179086952035,,1.0,1.0,BAD
regime_score_threshold_loose,recent_48h,30m,pool_window,384,0.01091469801845565,-0.0207494221530784,-0.494970219689852,-1.37850382247383,384,0.00716242157953437,0.0,-0.211315733127961,-0.807833189331919,0.8898809523809523,0.09635416666666667,0.03271945477001908,0.22916666666666666,0.0207494221530784,0.28365448656189096,0.5706706331419109,,0.2902819772598495,0.44160840748261226,PROMISING
regime_score_threshold_loose,recent_72h,15m,intent_window,374,0.2367057516909655,0.00965878076316073,-0.000193278446346312,-0.0110049151096945,374,0.0459443394120953,0.0,0.0,-0.0110049151096945,0.7344632768361582,0.25133689839572193,0.7342784010440796,0.2,-0.00965878076316073,0.000193278446346312,0.0,,1.0,1.0,WEAK
regime_score_threshold_loose,recent_72h,15m,pool_window,384,0.0035163427499514,-0.0756753163372644,-0.985759106615996,-11.1884097801967,384,0.001316610397486695,-0.0214792680832072,-0.0756753163372644,-0.513709483485225,0.7766323024054983,0.16927083333333334,0.27994299782754944,0.34408602150537637,0.0541960482540572,0.9100837902787315,10.674700296711475,,0.435555364167911,0.5310712746035741,PROMISING
regime_score_threshold_loose,recent_72h,1h,intent_window,374,0.218102570783054,0.011548787510165,0.00184372335502303,-0.0105757179672992,374,0.04797239944470275,0.0,0.0,-0.00964744932083761,0.7402234636871509,0.24866310160427807,0.507654301508853,0.3125,-0.011548787510165,-0.00184372335502303,0.0009282686464615886,,1.0,1.0,BAD
regime_score_threshold_loose,recent_72h,1h,pool_window,384,0.008773894351137769,-0.36456482387396,-2.44506947025506,-11.1500794635119,384,0.004366525367255816,-0.0894099341315033,-0.285912885113587,-1.29321659366566,0.8007518796992481,0.13802083333333334,0.1882694316436364,0.3728813559322034,0.2751548897424567,2.159156585141473,9.85686286984624,,0.588417442754666,0.6417768179508195,PROMISING
regime_score_threshold_loose,recent_72h,2h,intent_window,374,0.202787549268379,0.012974191156701,0.00546605255784982,-0.0110049151096945,374,0.0437833922013411,0.0,0.0,-0.00921198555280967,0.7410468319559229,0.25133689839572193,0.5083827880178158,0.36363636363636365,-0.012974191156701,-0.00546605255784982,0.0017929295568848303,,1.0,1.0,BAD
regime_score_threshold_loose,recent_72h,2h,pool_window,384,0.018834307179308098,-0.564794633898852,-2.7790014233184,-11.2625424398271,384,0.008022391007392365,-0.189162117753304,-0.496697390370627,-2.75789005978613,0.7938931297709924,0.140625,0.2516057705284425,0.3524590163934426,0.375632516145548,2.282304032947773,8.504652380040971,,0.5794260851570112,0.6076346305694408,PROMISING
regime_score_threshold_loose,recent_72h,30m,intent_window,374,0.230587625589931,0.0111621645290398,0.000604738550038064,-0.0110049151096945,374,0.0461984676873996,0.0,0.0,-0.0105757179672992,0.7359550561797753,0.25133689839572193,0.5769839232581258,0.2222222222222222,-0.0111621645290398,-0.000604738550038064,0.00042919714239530136,,1.0,1.0,BAD
regime_score_threshold_loose,recent_72h,30m,pool_window,384,0.004846552636658235,-0.258671591822368,-1.29898534176133,-11.1804485622206,384,0.002193728215615175,-0.0610267795023419,-0.258671591822368,-0.94930149685413,0.7765567765567766,0.15885416666666666,0.19262151158593593,0.32432432432432434,0.1976448123200261,1.0403137499389619,10.23114706536647,,0.4775653965442872,0.5893979658395999,PROMISING
regime_score_threshold_loose,recent_7d,15m,intent_window,1389,0.137125115658807,0.000487828406008362,-0.00146609036784184,-0.0252033940628991,1389,0.0555278570048614,0.0,0.0,-0.0112154577923889,0.8474962063732928,0.1446043165467626,0.15408371570721852,0.4084507042253521,-0.000487828406008362,0.00146609036784184,0.0139879362705102,,0.9066512643906636,0.9066512643906636,WEAK
regime_score_threshold_loose,recent_7d,15m,pool_window,1855,0.00504613331546306,-0.0143228102330093,-0.418175796712167,-2.52085854620216,1855,8.96295815234865e-05,0.0,-0.013714939744278,-1.02054630803202,0.6465968586387435,0.2903225806451613,0.08287979651889912,0.4525993883792049,0.0143228102330093,0.40446085696788897,1.50031223817014,,0.34610660963428297,0.3297814996146459,PROMISING
regime_score_threshold_loose,recent_7d,1h,intent_window,1386,0.1429672031969815,0.000462047055194148,-0.00199951483142513,-2.46390070027672,1386,0.0589485344848413,0.0,0.0,-0.0168208535391443,0.8445121951219512,0.14676258992805755,0.14238798885764667,0.35135135135135137,-0.000462047055194148,0.00199951483142513,2.4470798467375756,,0.5912816896163472,0.6550123335487288,WEAK
regime_score_threshold_loose,recent_7d,1h,pool_window,1852,0.014760530983852299,-0.27594117953061,-1.07536910652986,-4.39641981784718,1852,1.3346079734114799e-05,-0.00649250698667114,-0.243385256700658,-1.72402771725844,0.6517794836008374,0.2682795698924731,0.12799881162401217,0.4510739856801909,0.26944867254393884,0.831983849829202,2.6723921005887403,,0.4089596400876808,0.38970269007849534,PROMISING
regime_score_threshold_loose,recent_7d,2h,intent_window,1382,0.151925272579439,0.000451514676271358,-0.00249723546797043,-2.50634232524568,1382,0.0624710986042345,0.0,0.0,-2.50634232524568,0.8406130268199233,0.14964028776978416,0.12575179638353542,0.2857142857142857,-0.000451514676271358,0.00249723546797043,0.0,,0.5424388268333494,0.6163278429298388,WEAK
regime_score_threshold_loose,recent_7d,2h,pool_window,1845,0.0224427352180899,-0.627554591031942,-1.3662139976873,-4.71815592772652,1845,0.0,-0.0496003287982113,-0.540055074844231,-2.79156782994337,0.6489283074648928,0.2553763440860215,0.13912754323331952,0.42886178861788615,0.5779542622337307,0.826158922843069,1.9265880977831498,,0.41269530070962485,0.4386716778564599,PROMISING
regime_score_threshold_loose,recent_7d,30m,intent_window,1388,0.1393898899593805,0.000487828406008362,-0.00199951483142513,-0.0252033940628991,1388,0.05794755099122285,0.0,0.0,-0.0117910226849176,0.847148288973384,0.1446043165467626,0.15559084780480947,0.3972602739726027,-0.000487828406008362,0.00199951483142513,0.0134123713779815,,0.5861531218585828,0.5141054093307238,WEAK
regime_score_threshold_loose,recent_7d,30m,pool_window,1854,0.00891788669897197,-0.0943476284307032,-0.721593014627863,-3.25955911588557,1854,7.014652029020285e-05,-0.000838789182731973,-0.0944233380026221,-1.49868213093911,0.6459170013386881,0.28440860215053765,0.09847087741558785,0.44166666666666665,0.09350883924797122,0.6271696766252408,1.7608769849464598,,0.3380247873745657,0.3039171878415276,PROMISING
regime_score_threshold_strict,recent_24h,15m,intent_window,348,0.188166225454688,0.00834117483994135,0.00320941027122501,0.000409333482210172,348,0.0,0.0,0.0,0.0,0.0893371757925072,0.8977272727272727,0.3748477165355714,1.0,-0.00834117483994135,-0.00320941027122501,-0.000409333482210172,,,,WEAK
regime_score_threshold_strict,recent_24h,15m,pool_window,344,0.0045591038823763,-0.00286126082657879,-0.0186845758514543,-0.600864409020093,344,0.0,0.0,0.0,-0.00105290975202461,0.08389261744966443,0.7755681818181818,0.027003235657109565,0.8913043478260869,0.00286126082657879,0.0186845758514543,0.5998114992680683,,1.0,1.0,PROMISING
regime_score_threshold_strict,recent_24h,1h,intent_window,336,0.188166225454688,0.00834286486738733,0.00423432689474623,0.000549973242769397,336,0.0,0.0,0.0,0.0,0.08358208955223881,0.8721590909090909,0.36134559142406775,1.0,-0.00834286486738733,-0.00423432689474623,-0.000549973242769397,,,,WEAK
regime_score_threshold_strict,recent_24h,1h,pool_window,332,0.01754772019043025,-0.0415319265239956,-0.204437906272458,-2.65647128968593,332,0.0,0.0,0.0,-0.0347928205616705,0.08846153846153847,0.6732954545454546,0.06440434635697752,0.9444444444444444,0.0415319265239956,0.204437906272458,2.6216784691242596,,1.0,1.0,PROMISING
regime_score_threshold_strict,recent_24h,2h,intent_window,320,0.189434367883518,0.00770865613682759,0.00402238930574583,0.000549973242769397,320,0.0,0.0,0.0,0.0,0.07523510971786834,0.8380681818181818,0.34307162429725474,1.0,-0.00770865613682759,-0.00402238930574583,-0.000549973242769397,,,,WEAK
regime_score_threshold_strict,recent_24h,2h,pool_window,316,0.0164358312544223,-0.184230833029789,-0.557454300847024,-2.63606842930328,316,0.0,0.0,0.0,-0.0170094036176341,0.06956521739130435,0.6079545454545454,0.08589861891702014,0.9186046511627907,0.184230833029789,0.557454300847024,2.6190590256856456,,1.0,1.0,PROMISING
regime_score_threshold_strict,recent_24h,30m,intent_window,344,0.188166225454688,0.00770865613682759,0.00402238930574583,0.000549973242769397,344,0.0,0.0,0.0,0.0,0.08746355685131195,0.8892045454545454,0.37069180183556144,1.0,-0.00770865613682759,-0.00402238930574583,-0.000549973242769397,,,,WEAK
regime_score_threshold_strict,recent_24h,30m,pool_window,340,0.009134902795592474,-0.0141588182316165,-0.107298777115507,-2.62224011178802,340,0.0,0.0,0.0,-0.0031118799580856,0.08480565371024736,0.7357954545454546,0.04814449099360712,0.9122807017543859,0.0141588182316165,0.107298777115507,2.6191282318299343,,1.0,1.0,PROMISING
regime_score_threshold_strict,recent_48h,15m,intent_window,364,0.13650668934458549,0.0115717418206174,0.00490462532140157,0.000688838725477581,364,0.0,0.0,0.0,0.0,0.0,0.9972527472527473,0.48177123846220055,1.0,-0.0115717418206174,-0.00490462532140157,-0.000688838725477581,,,,BAD
regime_score_threshold_strict,recent_48h,15m,pool_window,384,0.00548292493215453,-0.000734622366618248,-0.329364812689276,-1.12004626284609,384,0.0,0.0,0.0,0.0,0.0,0.8880208333333334,0.06679568593525324,1.0,0.000734622366618248,0.329364812689276,1.12004626284609,,,,PROMISING
regime_score_threshold_strict,recent_48h,1h,intent_window,364,0.151382306970207,0.0118307553331078,0.00509184804327845,0.00117179086952035,364,0.0,0.0,0.0,0.0,0.0,0.9972527472527473,0.5058779730767609,1.0,-0.0118307553331078,-0.00509184804327845,-0.00117179086952035,,,,BAD
regime_score_threshold_strict,recent_48h,1h,pool_window,384,0.02092396091031655,-0.395801326946268,-0.775860418786754,-1.45340688818238,384,0.0,0.0,0.0,0.0,0.0,0.8072916666666666,0.17254441254031772,1.0,0.395801326946268,0.775860418786754,1.45340688818238,,,,PROMISING
regime_score_threshold_strict,recent_48h,2h,intent_window,364,0.15281367757103798,0.0125555130939432,0.00551600313779943,0.00117179086952035,364,0.0,0.0,0.0,0.0,0.0,0.9972527472527473,0.5288176957518594,1.0,-0.0125555130939432,-0.00551600313779943,-0.00117179086952035,,,,BAD
regime_score_threshold_strict,recent_48h,2h,pool_window,384,0.042652424166541844,-0.648375501525092,-0.864863363897764,-1.75913868220465,384,0.0,0.0,0.0,0.0,0.0,0.7708333333333334,0.2542626173764554,1.0,0.648375501525092,0.864863363897764,1.75913868220465,,,,PROMISING
regime_score_threshold_strict,recent_48h,30m,intent_window,364,0.141760266557813,0.0115717418206174,0.00509184804327845,0.00117179086952035,364,0.0,0.0,0.0,0.0,0.0,0.9972527472527473,0.489755207809118,1.0,-0.0115717418206174,-0.00509184804327845,-0.00117179086952035,,,,BAD
regime_score_threshold_strict,recent_48h,30m,pool_window,384,0.01091469801845565,-0.0207494221530784,-0.494970219689852,-1.37850382247383,384,0.0,0.0,0.0,0.0,0.0,0.875,0.09775161541991113,1.0,0.0207494221530784,0.494970219689852,1.37850382247383,,,,PROMISING
regime_score_threshold_strict,recent_72h,15m,intent_window,374,0.2367057516909655,0.00965878076316073,-0.000193278446346312,-0.0110049151096945,374,0.0,0.0,0.0,0.0,0.0,0.946524064171123,1.4056083346065167,1.0,-0.00965878076316073,0.000193278446346312,0.0110049151096945,,,,WEAK
regime_score_threshold_strict,recent_72h,15m,pool_window,384,0.0035163427499514,-0.0756753163372644,-0.985759106615996,-11.1884097801967,384,0.0,0.0,0.0,0.0,0.0,0.7578125,0.4887263422402244,1.0,0.0756753163372644,0.985759106615996,11.1884097801967,,,,PROMISING
regime_score_threshold_strict,recent_72h,1h,intent_window,374,0.218102570783054,0.011548787510165,0.00184372335502303,-0.0105757179672992,374,0.0,0.0,0.0,0.0,0.0,0.9572192513368984,1.3475901499575678,1.0,-0.011548787510165,-0.00184372335502303,0.0105757179672992,,,,BAD
regime_score_threshold_strict,recent_72h,1h,pool_window,384,0.008773894351137769,-0.36456482387396,-2.44506947025506,-11.1500794635119,384,0.0,0.0,0.0,0.0,0.0,0.6927083333333334,0.4921453703776975,1.0,0.36456482387396,2.44506947025506,11.1500794635119,,,,PROMISING
regime_score_threshold_strict,recent_72h,2h,intent_window,374,0.202787549268379,0.012974191156701,0.00546605255784982,-0.0110049151096945,374,0.0,0.0,0.0,0.0,0.0,0.9705882352941176,1.278069524288149,1.0,-0.012974191156701,-0.00546605255784982,0.0110049151096945,,,,BAD
regime_score_threshold_strict,recent_72h,2h,pool_window,384,0.018834307179308098,-0.564794633898852,-2.7790014233184,-11.2625424398271,384,0.0,0.0,0.0,0.0,0.0,0.6822916666666666,0.6807342439011577,1.0,0.564794633898852,2.7790014233184,11.2625424398271,,,,PROMISING
regime_score_threshold_strict,recent_72h,30m,intent_window,374,0.230587625589931,0.0111621645290398,0.000604738550038064,-0.0110049151096945,374,0.0,0.0,0.0,0.0,0.0,0.9518716577540107,1.3845413896333743,1.0,-0.0111621645290398,-0.000604738550038064,0.0110049151096945,,,,BAD
regime_score_threshold_strict,recent_72h,30m,pool_window,384,0.004846552636658235,-0.258671591822368,-1.29898534176133,-11.1804485622206,384,0.0,0.0,0.0,0.0,0.0,0.7109375,0.5341788110183837,1.0,0.258671591822368,1.29898534176133,11.1804485622206,,,,PROMISING
regime_score_threshold_strict,recent_7d,15m,intent_window,1389,0.137125115658807,0.000487828406008362,-0.00146609036784184,-0.0252033940628991,1389,0.0,0.0,0.0,0.0,0.10925644916540213,0.8446043165467626,0.8998872076439962,1.0,-0.000487828406008362,0.00146609036784184,0.0252033940628991,,,,WEAK
regime_score_threshold_strict,recent_7d,15m,pool_window,1855,0.00504613331546306,-0.0143228102330093,-0.418175796712167,-2.52085854620216,1855,0.0,0.0,0.0,-0.000169992515147118,0.0700261780104712,0.763978494623656,0.11863200584267988,0.8868501529051988,0.0143228102330093,0.418175796712167,2.520688553687013,,1.0,0.999329920225071,PROMISING
regime_score_threshold_strict,recent_7d,1h,intent_window,1386,0.1429672031969815,0.000462047055194148,-0.00199951483142513,-2.46390070027672,1386,0.0,0.0,0.0,0.0,0.10746951219512195,0.8424460431654677,0.9167189467930161,1.0,-0.000462047055194148,0.00199951483142513,2.46390070027672,,,,WEAK
regime_score_threshold_strict,recent_7d,1h,pool_window,1852,0.014760530983852299,-0.27594117953061,-1.07536910652986,-4.39641981784718,1852,0.0,0.0,0.0,-0.00735459573981549,0.06489881367759945,0.7204301075268817,0.23224890966177858,0.8854415274463007,0.27594117953061,1.07536910652986,4.389065222107365,,1.0,1.0,PROMISING
regime_score_threshold_strict,recent_7d,2h,intent_window,1382,0.151925272579439,0.000451514676271358,-0.00249723546797043,-2.50634232524568,1382,0.0,0.0,0.0,0.0,0.1049808429118774,0.8402877697841726,0.9366866565676707,1.0,-0.000451514676271358,0.00249723546797043,2.50634232524568,,,,WEAK
regime_score_threshold_strict,recent_7d,2h,pool_window,1845,0.0224427352180899,-0.627554591031942,-1.3662139976873,-4.71815592772652,1845,0.0,0.0,0.0,-0.00726512477813203,0.0598669623059867,0.6838709677419355,0.32329002526635375,0.8861788617886179,0.627554591031942,1.3662139976873,4.710890802948388,,1.0,1.0,PROMISING
regime_score_threshold_strict,recent_7d,30m,intent_window,1388,0.1393898899593805,0.000487828406008362,-0.00199951483142513,-0.0252033940628991,1388,0.0,0.0,0.0,0.0,0.10874524714828897,0.8431654676258993,0.9067000573061291,1.0,-0.000487828406008362,0.00199951483142513,0.0252033940628991,,,,WEAK
regime_score_threshold_strict,recent_7d,30m,pool_window,1854,0.00891788669897197,-0.0943476284307032,-0.721593014627863,-3.25955911588557,1854,0.0,0.0,0.0,-0.0040630361403972,0.06961178045515395,0.7473118279569892,0.156436702982382,0.8916666666666667,0.0943476284307032,0.721593014627863,3.2554960797451726,,1.0,1.0,PROMISING
risk_signal_v2_quarantine_first,recent_24h,15m,intent_window,348,0.188166225454688,0.00834117483994135,0.00320941027122501,0.000409333482210172,348,0.188166225454688,0.00834117483994135,0.00320941027122501,0.000409333482210172,1.0,0.0,0.0,0.0,0.0,0.0,0.0,,1.0,1.0,WEAK
risk_signal_v2_quarantine_first,recent_24h,15m,pool_window,344,0.0045591038823763,-0.00286126082657879,-0.0186845758514543,-0.600864409020093,344,0.0045591038823763,-0.00286126082657879,-0.0186845758514543,-0.600864409020093,1.0,0.0,0.0,0.0,0.0,0.0,0.0,,0.5957230047966839,0.5952235062215021,WEAK
risk_signal_v2_quarantine_first,recent_24h,1h,intent_window,336,0.188166225454688,0.00834286486738733,0.00423432689474623,0.000549973242769397,336,0.188166225454688,0.00834286486738733,0.00423432689474623,0.000549973242769397,1.0,0.0,0.0,0.0,0.0,0.0,0.0,,1.0,1.0,WEAK
risk_signal_v2_quarantine_first,recent_24h,1h,pool_window,332,0.01754772019043025,-0.0415319265239956,-0.204437906272458,-2.65647128968593,332,0.01754772019043025,-0.0415319265239956,-0.204437906272458,-2.65647128968593,1.0,0.0,0.0,0.0,0.0,0.0,0.0,,0.6486863756726413,0.6500857536890366,WEAK
risk_signal_v2_quarantine_first,recent_24h,2h,intent_window,320,0.189434367883518,0.00770865613682759,0.00402238930574583,0.000549973242769397,320,0.189434367883518,0.00770865613682759,0.00402238930574583,0.000549973242769397,1.0,0.0,0.0,0.0,0.0,0.0,0.0,,1.0,1.0,WEAK
risk_signal_v2_quarantine_first,recent_24h,2h,pool_window,316,0.0164358312544223,-0.184230833029789,-0.557454300847024,-2.63606842930328,316,0.0164358312544223,-0.184230833029789,-0.557454300847024,-2.63606842930328,1.0,0.0,0.0,0.0,0.0,0.0,0.0,,0.7228695139262946,0.724142617661591,WEAK
risk_signal_v2_quarantine_first,recent_24h,30m,intent_window,344,0.188166225454688,0.00770865613682759,0.00402238930574583,0.000549973242769397,344,0.188166225454688,0.00770865613682759,0.00402238930574583,0.000549973242769397,1.0,0.0,0.0,0.0,0.0,0.0,0.0,,1.0,1.0,WEAK
risk_signal_v2_quarantine_first,recent_24h,30m,pool_window,340,0.009134902795592474,-0.0141588182316165,-0.107298777115507,-2.62224011178802,340,0.009134902795592474,-0.0141588182316165,-0.107298777115507,-2.62224011178802,1.0,0.0,0.0,0.0,0.0,0.0,0.0,,0.6193714878076803,0.6192434542922487,WEAK
risk_signal_v2_quarantine_first,recent_48h,15m,intent_window,364,0.13650668934458549,0.0115717418206174,0.00490462532140157,0.000688838725477581,364,0.13650668934458549,0.0115717418206174,0.00490462532140157,0.000688838725477581,1.0,0.0,0.0,0.0,0.0,0.0,0.0,,1.0,1.0,WEAK
risk_signal_v2_quarantine_first,recent_48h,15m,pool_window,384,0.00548292493215453,-0.000734622366618248,-0.329364812689276,-1.12004626284609,384,0.005464018612268105,-0.000734622366618248,-0.329364812689276,-1.12004626284609,0.9970674486803519,0.0026041666666666665,0.0006866180953968886,0.0,0.0,0.0,0.0,,0.5173789516937284,0.5595283050460585,WEAK
risk_signal_v2_quarantine_first,recent_48h,1h,intent_window,364,0.151382306970207,0.0118307553331078,0.00509184804327845,0.00117179086952035,364,0.13437281919737648,0.00553998435854908,0.000255329442097718,0.0,0.9559228650137741,0.04395604395604396,0.010860478458480451,0.0,-0.00629077097455872,-0.004836518601180732,-0.00117179086952035,,1.0,1.0,WEAK
risk_signal_v2_quarantine_first,recent_48h,1h,pool_window,384,0.02092396091031655,-0.395801326946268,-0.775860418786754,-1.45340688818238,384,0.019586162416644952,-0.242916317498361,-0.775860418786754,-1.45340688818238,0.964516129032258,0.028645833333333332,0.004370358251927304,0.08108108108108109,0.152885009447907,0.0,0.0,,0.4112029699594345,0.45198369465271326,WEAK
risk_signal_v2_quarantine_first,recent_48h,2h,intent_window,364,0.15281367757103798,0.0125555130939432,0.00551600313779943,0.00117179086952035,364,0.1200008393647975,0.0,0.0,0.0,0.9008264462809917,0.0989010989010989,0.021297414018932398,0.0,-0.0125555130939432,-0.00551600313779943,-0.00117179086952035,,1.0,1.0,BAD
risk_signal_v2_quarantine_first,recent_48h,2h,pool_window,384,0.042652424166541844,-0.648375501525092,-0.864863363897764,-1.75913868220465,384,0.0190483790255726,-0.409976518480961,-0.79965658243716,-1.75913868220465,0.9358108108108109,0.049479166666666664,0.009370405430754852,0.19318181818181818,0.23839898304413104,0.06520678146060399,0.0,,0.3395735896938201,0.420728607297776,WEAK
risk_signal_v2_quarantine_first,recent_48h,30m,intent_window,364,0.141760266557813,0.0115717418206174,0.00509184804327845,0.00117179086952035,364,0.13650668934458549,0.0102734242429506,0.0033077298957096,0.0,0.9834710743801653,0.016483516483516484,0.0034901850729898137,0.0,-0.0012983175776668,-0.0017841181475688498,-0.00117179086952035,,1.0,1.0,WEAK
risk_signal_v2_quarantine_first,recent_48h,30m,pool_window,384,0.01091469801845565,-0.0207494221530784,-0.494970219689852,-1.37850382247383,384,0.01065072519359465,-0.0129071042629341,-0.47108724091746,-1.37850382247383,0.9851190476190477,0.013020833333333334,0.0016164781991524018,0.0625,0.0078423178901443,0.023882978772391983,0.0,,0.4776325440018536,0.5129504192114536,WEAK
risk_signal_v2_quarantine_first,recent_72h,15m,intent_window,374,0.2367057516909655,0.00965878076316073,-0.000193278446346312,-0.0110049151096945,374,0.2367057516909655,0.00965878076316073,-0.000193278446346312,-0.0110049151096945,1.0,0.0,0.0,0.0,0.0,0.0,0.0,,1.0,1.0,WEAK
risk_signal_v2_quarantine_first,recent_72h,15m,pool_window,384,0.0035163427499514,-0.0756753163372644,-0.985759106615996,-11.1884097801967,384,0.0035163427499514,-0.0741633423119927,-0.985759106615996,-11.1884097801967,1.0,0.0,0.0,0.010752688172043012,0.0015119740252717007,0.0,0.0,,0.7966029369617099,0.815772264826363,WEAK
risk_signal_v2_quarantine_first,recent_72h,1h,intent_window,374,0.218102570783054,0.011548787510165,0.00184372335502303,-0.0105757179672992,374,0.218102570783054,0.011548787510165,0.000604738550038064,-0.0105757179672992,0.9916201117318436,0.008021390374331552,5.4078799225335665e-05,0.0,0.0,-0.001238984804984966,0.0,,1.0,1.0,WEAK
risk_signal_v2_quarantine_first,recent_72h,1h,pool_window,384,0.008773894351137769,-0.36456482387396,-2.44506947025506,-11.1500794635119,384,0.008773894351137769,-0.36456482387396,-2.44506947025506,-11.1500794635119,1.0,0.0,0.0,0.025423728813559324,0.0,0.0,0.0,,0.7744763927882975,0.7937290583996399,WEAK
risk_signal_v2_quarantine_first,recent_72h,2h,intent_window,374,0.202787549268379,0.012974191156701,0.00546605255784982,-0.0110049151096945,374,0.20113731543740399,0.011548787510165,0.000604738550038064,-0.0110049151096945,0.977961432506887,0.0213903743315508,0.0031270910995463185,0.0,-0.0014254036465360005,-0.004861314007811756,0.0,,1.0,1.0,WEAK
risk_signal_v2_quarantine_first,recent_72h,2h,pool_window,384,0.018834307179308098,-0.564794633898852,-2.7790014233184,-11.2625424398271,384,0.0184182623643244,-0.564794633898852,-2.7790014233184,-11.2625424398271,0.9961832061068703,0.0026041666666666665,0.0014495721116778778,0.06557377049180328,0.0,0.0,0.0,,0.7665052161882214,0.7861657422268538,WEAK
risk_signal_v2_quarantine_first,recent_72h,30m,intent_window,374,0.230587625589931,0.0111621645290398,0.000604738550038064,-0.0110049151096945,374,0.230587625589931,0.0111621645290398,0.000604738550038064,-0.0110049151096945,0.9971910112359551,0.00267379679144385,5.178998188266939e-06,0.0,0.0,0.0,0.0,,1.0,1.0,WEAK
risk_signal_v2_quarantine_first,recent_72h,30m,pool_window,384,0.004846552636658235,-0.258671591822368,-1.29898534176133,-11.1804485622206,384,0.004846552636658235,-0.258671591822368,-1.29898534176133,-11.1804485622206,1.0,0.0,0.0,0.018018018018018018,0.0,0.0,0.0,,0.8222906399814559,0.838900284907764,WEAK
risk_signal_v2_quarantine_first,recent_7d,15m,intent_window,1389,0.137125115658807,0.000487828406008362,-0.00146609036784184,-0.0252033940628991,1389,0.137125115658807,0.000487828406008362,-0.00146609036784184,-0.0252033940628991,1.0,0.0,0.0,0.0,0.0,0.0,0.0,,0.468050887464162,0.46800541324770756,WEAK
risk_signal_v2_quarantine_first,recent_7d,15m,pool_window,1855,0.00504613331546306,-0.0143228102330093,-0.418175796712167,-2.52085854620216,1855,0.00487847749925395,-0.0138401494824682,-0.392715241528292,-2.52085854620216,0.9947643979057592,0.004301075268817204,0.0018467360227300456,0.0030581039755351682,0.0004826607505410991,0.025460555183874967,0.0,,0.4168606330800577,0.41012819613437745,WEAK
risk_signal_v2_quarantine_first,recent_7d,1h,intent_window,1386,0.1429672031969815,0.000462047055194148,-0.00199951483142513,-2.46390070027672,1386,0.13385183626165398,0.000369461055953479,-0.00199951483142513,-2.46390070027672,0.9786585365853658,0.02014388489208633,0.007318648631791354,0.0,-9.2585999240669e-05,0.0,0.0,,0.36394261951726714,0.6237512584314875,WEAK
risk_signal_v2_quarantine_first,recent_7d,1h,pool_window,1852,0.014760530983852299,-0.27594117953061,-1.07536910652986,-4.39641981784718,1852,0.012358086443732149,-0.249418641276454,-1.04320341127263,-4.39641981784718,0.9720865317515701,0.021505376344086023,0.009723901853486025,0.02386634844868735,0.026522538254155986,0.03216569525723001,0.0,,0.4801588683832226,0.37321294217997125,WEAK
risk_signal_v2_quarantine_first,recent_7d,2h,intent_window,1382,0.151925272579439,0.000451514676271358,-0.00249723546797043,-2.50634232524568,1382,0.13385183626165398,0.00018875889995229,-0.00249723546797043,-2.50634232524568,0.9601532567049809,0.03741007194244604,0.011264488912274079,0.0,-0.000262755776319068,0.0,0.0,,0.5170392854651327,0.5912648655826865,WEAK
risk_signal_v2_quarantine_first,recent_7d,2h,pool_window,1845,0.0224427352180899,-0.627554591031942,-1.3662139976873,-4.71815592772652,1845,0.015889946772897,-0.561362797595376,-1.22108568121508,-4.71815592772652,0.9438285291943829,0.04086021505376344,0.025010706008402522,0.03861788617886179,0.066191793436566,0.1451283164722199,0.0,,0.43768880900352886,0.3248948656510857,WEAK
risk_signal_v2_quarantine_first,recent_7d,30m,intent_window,1388,0.1393898899593805,0.000487828406008362,-0.00199951483142513,-0.0252033940628991,1388,0.135682977697121,0.00044555295235682,-0.00199951483142513,-0.0252033940628991,0.9923954372623575,0.007194244604316547,0.0032718509919663916,0.0,-4.227545365154199e-05,0.0,0.0,,0.41969695731461776,0.47349273593507507,WEAK
risk_signal_v2_quarantine_first,recent_7d,30m,pool_window,1854,0.00891788669897197,-0.0943476284307032,-0.721593014627863,-3.25955911588557,1854,0.008278935468414425,-0.0808774765977817,-0.715226747019991,-3.25955911588557,0.9859437751004017,0.01129032258064516,0.006247419477203078,0.011111111111111112,0.013470151832921495,0.006366267607871956,0.0,,0.4143903555792041,0.37589378877290974,WEAK
