variant_name,window,horizon,proof_unit_type,raw_sample_count,valid_sample_count,entry_allowed_count,quarantined_count,invalid_count,data_quality_distribution,regime_distribution,quarantine_reason_distribution,fee_proxy_coverage,exit_depth_coverage
baseline_hold_all,recent_24h,15m,intent_window,352,348,348,0,4,"{""ok"": 348, ""invalid"": 4}","{""EXIT_DEPTH_THIN"": 47, ""WHALE_OR_HOLDER_CONCENTRATED"": 88, ""HEALTHY_SHORT_HOLD"": 208, ""VOLATILE_BUT_LIQUID"": 4, ""PRICE_SPIKE_VOLATILE"": 1}","{""invalid_sample"": 4}",1.0,1.0
baseline_hold_all,recent_24h,15m,pool_window,352,344,344,0,8,"{""ok"": 344, ""invalid"": 8}","{""WHALE_OR_HOLDER_CONCENTRATED"": 86, ""EXIT_DEPTH_THIN"": 49, ""HEALTHY_SHORT_HOLD"": 204, ""VOLATILE_BUT_LIQUID"": 4, ""PRICE_SPIKE_VOLATILE"": 1}","{""invalid_sample"": 8}",1.0,1.0
baseline_hold_all,recent_24h,1h,intent_window,352,336,336,0,16,"{""ok"": 336, ""invalid"": 16}","{""EXIT_DEPTH_THIN"": 47, ""WHALE_OR_HOLDER_CONCENTRATED"": 85, ""HEALTHY_SHORT_HOLD"": 199, ""VOLATILE_BUT_LIQUID"": 4, ""PRICE_SPIKE_VOLATILE"": 1}","{""invalid_sample"": 16}",1.0,1.0
baseline_hold_all,recent_24h,1h,pool_window,352,332,332,0,20,"{""ok"": 332, ""invalid"": 20}","{""EXIT_DEPTH_THIN"": 49, ""HEALTHY_SHORT_HOLD"": 195, ""WHALE_OR_HOLDER_CONCENTRATED"": 83, ""VOLATILE_BUT_LIQUID"": 4, ""PRICE_SPIKE_VOLATILE"": 1}","{""invalid_sample"": 20}",1.0,1.0
baseline_hold_all,recent_24h,2h,intent_window,352,320,320,0,32,"{""ok"": 320, ""invalid"": 32}","{""HEALTHY_SHORT_HOLD"": 187, ""WHALE_OR_HOLDER_CONCENTRATED"": 81, ""EXIT_DEPTH_THIN"": 47, ""VOLATILE_BUT_LIQUID"": 4, ""PRICE_SPIKE_VOLATILE"": 1}","{""invalid_sample"": 32}",1.0,1.0
baseline_hold_all,recent_24h,2h,pool_window,352,316,316,0,36,"{""ok"": 316, ""invalid"": 36}","{""EXIT_DEPTH_THIN"": 49, ""HEALTHY_SHORT_HOLD"": 183, ""WHALE_OR_HOLDER_CONCENTRATED"": 79, ""VOLATILE_BUT_LIQUID"": 4, ""PRICE_SPIKE_VOLATILE"": 1}","{""invalid_sample"": 36}",1.0,1.0
baseline_hold_all,recent_24h,30m,intent_window,352,344,344,0,8,"{""ok"": 344, ""invalid"": 8}","{""EXIT_DEPTH_THIN"": 47, ""WHALE_OR_HOLDER_CONCENTRATED"": 87, ""HEALTHY_SHORT_HOLD"": 205, ""VOLATILE_BUT_LIQUID"": 4, ""PRICE_SPIKE_VOLATILE"": 1}","{""invalid_sample"": 8}",1.0,1.0
baseline_hold_all,recent_24h,30m,pool_window,352,340,340,0,12,"{""ok"": 340, ""invalid"": 12}","{""WHALE_OR_HOLDER_CONCENTRATED"": 85, ""EXIT_DEPTH_THIN"": 49, ""HEALTHY_SHORT_HOLD"": 201, ""VOLATILE_BUT_LIQUID"": 4, ""PRICE_SPIKE_VOLATILE"": 1}","{""invalid_sample"": 12}",1.0,1.0
baseline_hold_all,recent_48h,15m,intent_window,364,364,364,0,0,"{""ok"": 364}","{""HEALTHY_SHORT_HOLD"": 115, ""EXIT_DEPTH_THIN"": 125, ""WHALE_OR_HOLDER_CONCENTRATED"": 98, ""TVL_DROP"": 5, ""VOLATILE_BUT_LIQUID"": 21}",{},1.0,1.0
baseline_hold_all,recent_48h,15m,pool_window,384,384,384,0,0,"{""ok"": 384}","{""WHALE_OR_HOLDER_CONCENTRATED"": 96, ""HEALTHY_SHORT_HOLD"": 140, ""EXIT_DEPTH_THIN"": 123, ""TVL_DROP"": 5, ""VOLATILE_BUT_LIQUID"": 20}",{},1.0,1.0
baseline_hold_all,recent_48h,1h,intent_window,364,364,364,0,0,"{""ok"": 364}","{""EXIT_DEPTH_THIN"": 125, ""WHALE_OR_HOLDER_CONCENTRATED"": 98, ""HEALTHY_SHORT_HOLD"": 115, ""TVL_DROP"": 5, ""VOLATILE_BUT_LIQUID"": 21}",{},1.0,1.0
baseline_hold_all,recent_48h,1h,pool_window,384,384,384,0,0,"{""ok"": 384}","{""HEALTHY_SHORT_HOLD"": 140, ""EXIT_DEPTH_THIN"": 123, ""WHALE_OR_HOLDER_CONCENTRATED"": 96, ""TVL_DROP"": 5, ""VOLATILE_BUT_LIQUID"": 20}",{},1.0,1.0
baseline_hold_all,recent_48h,2h,intent_window,364,364,364,0,0,"{""ok"": 364}","{""HEALTHY_SHORT_HOLD"": 115, ""EXIT_DEPTH_THIN"": 125, ""WHALE_OR_HOLDER_CONCENTRATED"": 98, ""TVL_DROP"": 5, ""VOLATILE_BUT_LIQUID"": 21}",{},1.0,1.0
baseline_hold_all,recent_48h,2h,pool_window,384,384,384,0,0,"{""ok"": 384}","{""HEALTHY_SHORT_HOLD"": 140, ""WHALE_OR_HOLDER_CONCENTRATED"": 96, ""EXIT_DEPTH_THIN"": 123, ""TVL_DROP"": 5, ""VOLATILE_BUT_LIQUID"": 20}",{},1.0,1.0
baseline_hold_all,recent_48h,30m,intent_window,364,364,364,0,0,"{""ok"": 364}","{""EXIT_DEPTH_THIN"": 125, ""WHALE_OR_HOLDER_CONCENTRATED"": 98, ""HEALTHY_SHORT_HOLD"": 115, ""TVL_DROP"": 5, ""VOLATILE_BUT_LIQUID"": 21}",{},1.0,1.0
baseline_hold_all,recent_48h,30m,pool_window,384,384,384,0,0,"{""ok"": 384}","{""WHALE_OR_HOLDER_CONCENTRATED"": 96, ""HEALTHY_SHORT_HOLD"": 140, ""EXIT_DEPTH_THIN"": 123, ""TVL_DROP"": 5, ""VOLATILE_BUT_LIQUID"": 20}",{},1.0,1.0
baseline_hold_all,recent_72h,15m,intent_window,374,374,374,0,0,"{""ok"": 374}","{""EXIT_DEPTH_THIN"": 140, ""HEALTHY_SHORT_HOLD"": 100, ""WHALE_OR_HOLDER_CONCENTRATED"": 99, ""PRICE_SPIKE_VOLATILE"": 14, ""UNKNOWN"": 3, ""VOLATILE_BUT_LIQUID"": 16, ""TVL_DROP"": 2}",{},1.0,1.0
baseline_hold_all,recent_72h,15m,pool_window,384,384,384,0,0,"{""ok"": 384}","{""HEALTHY_SHORT_HOLD"": 114, ""EXIT_DEPTH_THIN"": 140, ""WHALE_OR_HOLDER_CONCENTRATED"": 96, ""PRICE_SPIKE_VOLATILE"": 14, ""UNKNOWN"": 3, ""VOLATILE_BUT_LIQUID"": 15, ""TVL_DROP"": 2}",{},1.0,1.0
baseline_hold_all,recent_72h,1h,intent_window,374,374,374,0,0,"{""ok"": 374}","{""EXIT_DEPTH_THIN"": 140, ""HEALTHY_SHORT_HOLD"": 100, ""WHALE_OR_HOLDER_CONCENTRATED"": 99, ""PRICE_SPIKE_VOLATILE"": 14, ""UNKNOWN"": 3, ""VOLATILE_BUT_LIQUID"": 16, ""TVL_DROP"": 2}",{},1.0,1.0
baseline_hold_all,recent_72h,1h,pool_window,384,384,384,0,0,"{""ok"": 384}","{""EXIT_DEPTH_THIN"": 140, ""HEALTHY_SHORT_HOLD"": 114, ""WHALE_OR_HOLDER_CONCENTRATED"": 96, ""PRICE_SPIKE_VOLATILE"": 14, ""UNKNOWN"": 3, ""VOLATILE_BUT_LIQUID"": 15, ""TVL_DROP"": 2}",{},1.0,1.0
baseline_hold_all,recent_72h,2h,intent_window,374,374,374,0,0,"{""ok"": 374}","{""WHALE_OR_HOLDER_CONCENTRATED"": 99, ""EXIT_DEPTH_THIN"": 140, ""HEALTHY_SHORT_HOLD"": 100, ""PRICE_SPIKE_VOLATILE"": 14, ""UNKNOWN"": 3, ""VOLATILE_BUT_LIQUID"": 16, ""TVL_DROP"": 2}",{},1.0,1.0
baseline_hold_all,recent_72h,2h,pool_window,384,384,384,0,0,"{""ok"": 384}","{""EXIT_DEPTH_THIN"": 140, ""WHALE_OR_HOLDER_CONCENTRATED"": 96, ""HEALTHY_SHORT_HOLD"": 114, ""PRICE_SPIKE_VOLATILE"": 14, ""UNKNOWN"": 3, ""VOLATILE_BUT_LIQUID"": 15, ""TVL_DROP"": 2}",{},1.0,1.0
baseline_hold_all,recent_72h,30m,intent_window,374,374,374,0,0,"{""ok"": 374}","{""EXIT_DEPTH_THIN"": 140, ""HEALTHY_SHORT_HOLD"": 100, ""WHALE_OR_HOLDER_CONCENTRATED"": 99, ""PRICE_SPIKE_VOLATILE"": 14, ""UNKNOWN"": 3, ""VOLATILE_BUT_LIQUID"": 16, ""TVL_DROP"": 2}",{},1.0,1.0
baseline_hold_all,recent_72h,30m,pool_window,384,384,384,0,0,"{""ok"": 384}","{""HEALTHY_SHORT_HOLD"": 114, ""EXIT_DEPTH_THIN"": 140, ""WHALE_OR_HOLDER_CONCENTRATED"": 96, ""PRICE_SPIKE_VOLATILE"": 14, ""UNKNOWN"": 3, ""VOLATILE_BUT_LIQUID"": 15, ""TVL_DROP"": 2}",{},1.0,1.0
baseline_hold_all,recent_7d,15m,intent_window,1390,1389,1389,0,1,"{""ok"": 1389, ""invalid"": 1}","{""UNKNOWN"": 66, ""HEALTHY_SHORT_HOLD"": 535, ""WHALE_OR_HOLDER_CONCENTRATED"": 302, ""VOLATILE_BUT_LIQUID"": 82, ""EXIT_DEPTH_THIN"": 357, ""DATA_STALE_OR_INCOMPLETE"": 12, ""VOLUME_COLLAPSE"": 1, ""PRICE_SPIKE_VOLATILE"": 33, ""TVL_DROP"": 1}","{""invalid_sample"": 1}",1.0,1.0
baseline_hold_all,recent_7d,15m,pool_window,1860,1855,1855,0,5,"{""ok"": 1855, ""invalid"": 5}","{""UNKNOWN"": 520, ""HEALTHY_SHORT_HOLD"": 530, ""WHALE_OR_HOLDER_CONCENTRATED"": 324, ""VOLATILE_BUT_LIQUID"": 82, ""EXIT_DEPTH_THIN"": 348, ""DATA_STALE_OR_INCOMPLETE"": 16, ""VOLUME_COLLAPSE"": 1, ""PRICE_SPIKE_VOLATILE"": 33, ""TVL_DROP"": 1}","{""invalid_sample"": 5}",1.0,1.0
baseline_hold_all,recent_7d,1h,intent_window,1390,1386,1386,0,4,"{""ok"": 1386, ""invalid"": 4}","{""UNKNOWN"": 66, ""HEALTHY_SHORT_HOLD"": 532, ""WHALE_OR_HOLDER_CONCENTRATED"": 302, ""VOLATILE_BUT_LIQUID"": 82, ""EXIT_DEPTH_THIN"": 357, ""DATA_STALE_OR_INCOMPLETE"": 12, ""VOLUME_COLLAPSE"": 1, ""PRICE_SPIKE_VOLATILE"": 33, ""TVL_DROP"": 1}","{""invalid_sample"": 4}",1.0,1.0
baseline_hold_all,recent_7d,1h,pool_window,1860,1852,1852,0,8,"{""ok"": 1852, ""invalid"": 8}","{""UNKNOWN"": 520, ""HEALTHY_SHORT_HOLD"": 527, ""WHALE_OR_HOLDER_CONCENTRATED"": 324, ""VOLATILE_BUT_LIQUID"": 82, ""EXIT_DEPTH_THIN"": 348, ""DATA_STALE_OR_INCOMPLETE"": 16, ""VOLUME_COLLAPSE"": 1, ""PRICE_SPIKE_VOLATILE"": 33, ""TVL_DROP"": 1}","{""invalid_sample"": 8}",1.0,1.0
baseline_hold_all,recent_7d,2h,intent_window,1390,1382,1382,0,8,"{""ok"": 1382, ""invalid"": 8}","{""UNKNOWN"": 66, ""HEALTHY_SHORT_HOLD"": 528, ""WHALE_OR_HOLDER_CONCENTRATED"": 302, ""VOLATILE_BUT_LIQUID"": 82, ""EXIT_DEPTH_THIN"": 357, ""DATA_STALE_OR_INCOMPLETE"": 12, ""VOLUME_COLLAPSE"": 1, ""PRICE_SPIKE_VOLATILE"": 33, ""TVL_DROP"": 1}","{""invalid_sample"": 8}",1.0,1.0
baseline_hold_all,recent_7d,2h,pool_window,1860,1845,1845,0,15,"{""ok"": 1845, ""invalid"": 15}","{""UNKNOWN"": 520, ""HEALTHY_SHORT_HOLD"": 523, ""WHALE_OR_HOLDER_CONCENTRATED"": 323, ""VOLATILE_BUT_LIQUID"": 82, ""EXIT_DEPTH_THIN"": 348, ""DATA_STALE_OR_INCOMPLETE"": 14, ""VOLUME_COLLAPSE"": 1, ""PRICE_SPIKE_VOLATILE"": 33, ""TVL_DROP"": 1}","{""invalid_sample"": 15}",1.0,1.0
baseline_hold_all,recent_7d,30m,intent_window,1390,1388,1388,0,2,"{""ok"": 1388, ""invalid"": 2}","{""UNKNOWN"": 66, ""WHALE_OR_HOLDER_CONCENTRATED"": 302, ""HEALTHY_SHORT_HOLD"": 534, ""VOLATILE_BUT_LIQUID"": 82, ""EXIT_DEPTH_THIN"": 357, ""DATA_STALE_OR_INCOMPLETE"": 12, ""VOLUME_COLLAPSE"": 1, ""PRICE_SPIKE_VOLATILE"": 33, ""TVL_DROP"": 1}","{""invalid_sample"": 2}",1.0,1.0
baseline_hold_all,recent_7d,30m,pool_window,1860,1854,1854,0,6,"{""ok"": 1854, ""invalid"": 6}","{""UNKNOWN"": 520, ""HEALTHY_SHORT_HOLD"": 529, ""WHALE_OR_HOLDER_CONCENTRATED"": 324, ""VOLATILE_BUT_LIQUID"": 82, ""EXIT_DEPTH_THIN"": 348, ""DATA_STALE_OR_INCOMPLETE"": 16, ""VOLUME_COLLAPSE"": 1, ""PRICE_SPIKE_VOLATILE"": 33, ""TVL_DROP"": 1}","{""invalid_sample"": 6}",1.0,1.0
hybrid_regime_plus_signal,recent_24h,15m,intent_window,352,348,212,136,4,"{""ok"": 348, ""invalid"": 4}","{""EXIT_DEPTH_THIN"": 47, ""WHALE_OR_HOLDER_CONCENTRATED"": 88, ""HEALTHY_SHORT_HOLD"": 208, ""VOLATILE_BUT_LIQUID"": 4, ""PRICE_SPIKE_VOLATILE"": 1}","{""EXIT_DEPTH_THIN"": 47, ""WHALE_OR_HOLDER_CONCENTRATED"": 88, ""PRICE_SPIKE_VOLATILE"": 1, ""invalid_sample"": 4}",1.0,1.0
hybrid_regime_plus_signal,recent_24h,15m,pool_window,352,344,208,136,8,"{""ok"": 344, ""invalid"": 8}","{""WHALE_OR_HOLDER_CONCENTRATED"": 86, ""EXIT_DEPTH_THIN"": 49, ""HEALTHY_SHORT_HOLD"": 204, ""VOLATILE_BUT_LIQUID"": 4, ""PRICE_SPIKE_VOLATILE"": 1}","{""WHALE_OR_HOLDER_CONCENTRATED"": 86, ""EXIT_DEPTH_THIN"": 49, ""PRICE_SPIKE_VOLATILE"": 1, ""invalid_sample"": 8}",1.0,1.0
hybrid_regime_plus_signal,recent_24h,1h,intent_window,352,336,203,133,16,"{""ok"": 336, ""invalid"": 16}","{""EXIT_DEPTH_THIN"": 47, ""WHALE_OR_HOLDER_CONCENTRATED"": 85, ""HEALTHY_SHORT_HOLD"": 199, ""VOLATILE_BUT_LIQUID"": 4, ""PRICE_SPIKE_VOLATILE"": 1}","{""EXIT_DEPTH_THIN"": 47, ""WHALE_OR_HOLDER_CONCENTRATED"": 85, ""PRICE_SPIKE_VOLATILE"": 1, ""invalid_sample"": 16}",1.0,1.0
hybrid_regime_plus_signal,recent_24h,1h,pool_window,352,332,199,133,20,"{""ok"": 332, ""invalid"": 20}","{""EXIT_DEPTH_THIN"": 49, ""HEALTHY_SHORT_HOLD"": 195, ""WHALE_OR_HOLDER_CONCENTRATED"": 83, ""VOLATILE_BUT_LIQUID"": 4, ""PRICE_SPIKE_VOLATILE"": 1}","{""EXIT_DEPTH_THIN"": 49, ""WHALE_OR_HOLDER_CONCENTRATED"": 83, ""PRICE_SPIKE_VOLATILE"": 1, ""invalid_sample"": 20}",1.0,1.0
hybrid_regime_plus_signal,recent_24h,2h,intent_window,352,320,191,129,32,"{""ok"": 320, ""invalid"": 32}","{""HEALTHY_SHORT_HOLD"": 187, ""WHALE_OR_HOLDER_CONCENTRATED"": 81, ""EXIT_DEPTH_THIN"": 47, ""VOLATILE_BUT_LIQUID"": 4, ""PRICE_SPIKE_VOLATILE"": 1}","{""WHALE_OR_HOLDER_CONCENTRATED"": 81, ""EXIT_DEPTH_THIN"": 47, ""PRICE_SPIKE_VOLATILE"": 1, ""invalid_sample"": 32}",1.0,1.0
hybrid_regime_plus_signal,recent_24h,2h,pool_window,352,316,187,129,36,"{""ok"": 316, ""invalid"": 36}","{""EXIT_DEPTH_THIN"": 49, ""HEALTHY_SHORT_HOLD"": 183, ""WHALE_OR_HOLDER_CONCENTRATED"": 79, ""VOLATILE_BUT_LIQUID"": 4, ""PRICE_SPIKE_VOLATILE"": 1}","{""EXIT_DEPTH_THIN"": 49, ""WHALE_OR_HOLDER_CONCENTRATED"": 79, ""PRICE_SPIKE_VOLATILE"": 1, ""invalid_sample"": 36}",1.0,1.0
hybrid_regime_plus_signal,recent_24h,30m,intent_window,352,344,209,135,8,"{""ok"": 344, ""invalid"": 8}","{""EXIT_DEPTH_THIN"": 47, ""WHALE_OR_HOLDER_CONCENTRATED"": 87, ""HEALTHY_SHORT_HOLD"": 205, ""VOLATILE_BUT_LIQUID"": 4, ""PRICE_SPIKE_VOLATILE"": 1}","{""EXIT_DEPTH_THIN"": 47, ""WHALE_OR_HOLDER_CONCENTRATED"": 87, ""PRICE_SPIKE_VOLATILE"": 1, ""invalid_sample"": 8}",1.0,1.0
hybrid_regime_plus_signal,recent_24h,30m,pool_window,352,340,205,135,12,"{""ok"": 340, ""invalid"": 12}","{""WHALE_OR_HOLDER_CONCENTRATED"": 85, ""EXIT_DEPTH_THIN"": 49, ""HEALTHY_SHORT_HOLD"": 201, ""VOLATILE_BUT_LIQUID"": 4, ""PRICE_SPIKE_VOLATILE"": 1}","{""WHALE_OR_HOLDER_CONCENTRATED"": 85, ""EXIT_DEPTH_THIN"": 49, ""PRICE_SPIKE_VOLATILE"": 1, ""invalid_sample"": 12}",1.0,1.0
hybrid_regime_plus_signal,recent_48h,15m,intent_window,364,364,136,228,0,"{""ok"": 364}","{""HEALTHY_SHORT_HOLD"": 115, ""EXIT_DEPTH_THIN"": 125, ""WHALE_OR_HOLDER_CONCENTRATED"": 98, ""TVL_DROP"": 5, ""VOLATILE_BUT_LIQUID"": 21}","{""EXIT_DEPTH_THIN"": 125, ""WHALE_OR_HOLDER_CONCENTRATED"": 98, ""TVL_DROP"": 5}",1.0,1.0
hybrid_regime_plus_signal,recent_48h,15m,pool_window,384,384,159,225,0,"{""ok"": 384}","{""WHALE_OR_HOLDER_CONCENTRATED"": 96, ""HEALTHY_SHORT_HOLD"": 140, ""EXIT_DEPTH_THIN"": 123, ""TVL_DROP"": 5, ""VOLATILE_BUT_LIQUID"": 20}","{""WHALE_OR_HOLDER_CONCENTRATED"": 96, ""EXIT_DEPTH_THIN"": 123, ""risk_signal:tvl_drop"": 1, ""TVL_DROP"": 5}",1.0,1.0
hybrid_regime_plus_signal,recent_48h,1h,intent_window,364,364,121,243,0,"{""ok"": 364}","{""EXIT_DEPTH_THIN"": 125, ""WHALE_OR_HOLDER_CONCENTRATED"": 98, ""HEALTHY_SHORT_HOLD"": 115, ""TVL_DROP"": 5, ""VOLATILE_BUT_LIQUID"": 21}","{""EXIT_DEPTH_THIN"": 125, ""WHALE_OR_HOLDER_CONCENTRATED"": 98, ""risk_signal:tvl_drop"": 15, ""TVL_DROP"": 5}",1.0,1.0
hybrid_regime_plus_signal,recent_48h,1h,pool_window,384,384,145,239,0,"{""ok"": 384}","{""HEALTHY_SHORT_HOLD"": 140, ""EXIT_DEPTH_THIN"": 123, ""WHALE_OR_HOLDER_CONCENTRATED"": 96, ""TVL_DROP"": 5, ""VOLATILE_BUT_LIQUID"": 20}","{""EXIT_DEPTH_THIN"": 123, ""WHALE_OR_HOLDER_CONCENTRATED"": 96, ""risk_signal:tvl_drop"": 15, ""TVL_DROP"": 5}",1.0,1.0
hybrid_regime_plus_signal,recent_48h,2h,intent_window,364,364,107,257,0,"{""ok"": 364}","{""HEALTHY_SHORT_HOLD"": 115, ""EXIT_DEPTH_THIN"": 125, ""WHALE_OR_HOLDER_CONCENTRATED"": 98, ""TVL_DROP"": 5, ""VOLATILE_BUT_LIQUID"": 21}","{""risk_signal:tvl_drop"": 29, ""EXIT_DEPTH_THIN"": 125, ""WHALE_OR_HOLDER_CONCENTRATED"": 98, ""TVL_DROP"": 5}",1.0,1.0
hybrid_regime_plus_signal,recent_48h,2h,pool_window,384,384,132,252,0,"{""ok"": 384}","{""HEALTHY_SHORT_HOLD"": 140, ""WHALE_OR_HOLDER_CONCENTRATED"": 96, ""EXIT_DEPTH_THIN"": 123, ""TVL_DROP"": 5, ""VOLATILE_BUT_LIQUID"": 20}","{""risk_signal:tvl_drop"": 28, ""WHALE_OR_HOLDER_CONCENTRATED"": 96, ""EXIT_DEPTH_THIN"": 123, ""TVL_DROP"": 5}",1.0,1.0
hybrid_regime_plus_signal,recent_48h,30m,intent_window,364,364,130,234,0,"{""ok"": 364}","{""EXIT_DEPTH_THIN"": 125, ""WHALE_OR_HOLDER_CONCENTRATED"": 98, ""HEALTHY_SHORT_HOLD"": 115, ""TVL_DROP"": 5, ""VOLATILE_BUT_LIQUID"": 21}","{""EXIT_DEPTH_THIN"": 125, ""WHALE_OR_HOLDER_CONCENTRATED"": 98, ""risk_signal:tvl_drop"": 6, ""TVL_DROP"": 5}",1.0,1.0
hybrid_regime_plus_signal,recent_48h,30m,pool_window,384,384,152,232,0,"{""ok"": 384}","{""WHALE_OR_HOLDER_CONCENTRATED"": 96, ""HEALTHY_SHORT_HOLD"": 140, ""EXIT_DEPTH_THIN"": 123, ""TVL_DROP"": 5, ""VOLATILE_BUT_LIQUID"": 20}","{""WHALE_OR_HOLDER_CONCENTRATED"": 96, ""EXIT_DEPTH_THIN"": 123, ""risk_signal:tvl_drop"": 8, ""TVL_DROP"": 5}",1.0,1.0
hybrid_regime_plus_signal,recent_72h,15m,intent_window,374,374,116,258,0,"{""ok"": 374}","{""EXIT_DEPTH_THIN"": 140, ""HEALTHY_SHORT_HOLD"": 100, ""WHALE_OR_HOLDER_CONCENTRATED"": 99, ""PRICE_SPIKE_VOLATILE"": 14, ""UNKNOWN"": 3, ""VOLATILE_BUT_LIQUID"": 16, ""TVL_DROP"": 2}","{""EXIT_DEPTH_THIN"": 140, ""WHALE_OR_HOLDER_CONCENTRATED"": 99, ""PRICE_SPIKE_VOLATILE"": 14, ""UNKNOWN"": 3, ""TVL_DROP"": 2}",1.0,1.0
hybrid_regime_plus_signal,recent_72h,15m,pool_window,384,384,128,256,0,"{""ok"": 384}","{""HEALTHY_SHORT_HOLD"": 114, ""EXIT_DEPTH_THIN"": 140, ""WHALE_OR_HOLDER_CONCENTRATED"": 96, ""PRICE_SPIKE_VOLATILE"": 14, ""UNKNOWN"": 3, ""VOLATILE_BUT_LIQUID"": 15, ""TVL_DROP"": 2}","{""EXIT_DEPTH_THIN"": 140, ""WHALE_OR_HOLDER_CONCENTRATED"": 96, ""PRICE_SPIKE_VOLATILE"": 14, ""UNKNOWN"": 3, ""risk_signal:tvl_drop"": 1, ""TVL_DROP"": 2}",1.0,1.0
hybrid_regime_plus_signal,recent_72h,1h,intent_window,374,374,114,260,0,"{""ok"": 374}","{""EXIT_DEPTH_THIN"": 140, ""HEALTHY_SHORT_HOLD"": 100, ""WHALE_OR_HOLDER_CONCENTRATED"": 99, ""PRICE_SPIKE_VOLATILE"": 14, ""UNKNOWN"": 3, ""VOLATILE_BUT_LIQUID"": 16, ""TVL_DROP"": 2}","{""EXIT_DEPTH_THIN"": 140, ""WHALE_OR_HOLDER_CONCENTRATED"": 99, ""PRICE_SPIKE_VOLATILE"": 14, ""UNKNOWN"": 3, ""risk_signal:tvl_drop"": 2, ""TVL_DROP"": 2}",1.0,1.0
hybrid_regime_plus_signal,recent_72h,1h,pool_window,384,384,127,257,0,"{""ok"": 384}","{""EXIT_DEPTH_THIN"": 140, ""HEALTHY_SHORT_HOLD"": 114, ""WHALE_OR_HOLDER_CONCENTRATED"": 96, ""PRICE_SPIKE_VOLATILE"": 14, ""UNKNOWN"": 3, ""VOLATILE_BUT_LIQUID"": 15, ""TVL_DROP"": 2}","{""EXIT_DEPTH_THIN"": 140, ""WHALE_OR_HOLDER_CONCENTRATED"": 96, ""PRICE_SPIKE_VOLATILE"": 14, ""UNKNOWN"": 3, ""risk_signal:tvl_drop"": 2, ""TVL_DROP"": 2}",1.0,1.0
hybrid_regime_plus_signal,recent_72h,2h,intent_window,374,374,110,264,0,"{""ok"": 374}","{""WHALE_OR_HOLDER_CONCENTRATED"": 99, ""EXIT_DEPTH_THIN"": 140, ""HEALTHY_SHORT_HOLD"": 100, ""PRICE_SPIKE_VOLATILE"": 14, ""UNKNOWN"": 3, ""VOLATILE_BUT_LIQUID"": 16, ""TVL_DROP"": 2}","{""WHALE_OR_HOLDER_CONCENTRATED"": 99, ""EXIT_DEPTH_THIN"": 140, ""PRICE_SPIKE_VOLATILE"": 14, ""UNKNOWN"": 3, ""risk_signal:tvl_drop"": 6, ""TVL_DROP"": 2}",1.0,1.0
hybrid_regime_plus_signal,recent_72h,2h,pool_window,384,384,122,262,0,"{""ok"": 384}","{""EXIT_DEPTH_THIN"": 140, ""WHALE_OR_HOLDER_CONCENTRATED"": 96, ""HEALTHY_SHORT_HOLD"": 114, ""PRICE_SPIKE_VOLATILE"": 14, ""UNKNOWN"": 3, ""VOLATILE_BUT_LIQUID"": 15, ""TVL_DROP"": 2}","{""EXIT_DEPTH_THIN"": 140, ""WHALE_OR_HOLDER_CONCENTRATED"": 96, ""PRICE_SPIKE_VOLATILE"": 14, ""UNKNOWN"": 3, ""risk_signal:tvl_drop"": 7, ""TVL_DROP"": 2}",1.0,1.0
hybrid_regime_plus_signal,recent_72h,30m,intent_window,374,374,115,259,0,"{""ok"": 374}","{""EXIT_DEPTH_THIN"": 140, ""HEALTHY_SHORT_HOLD"": 100, ""WHALE_OR_HOLDER_CONCENTRATED"": 99, ""PRICE_SPIKE_VOLATILE"": 14, ""UNKNOWN"": 3, ""VOLATILE_BUT_LIQUID"": 16, ""TVL_DROP"": 2}","{""EXIT_DEPTH_THIN"": 140, ""WHALE_OR_HOLDER_CONCENTRATED"": 99, ""PRICE_SPIKE_VOLATILE"": 14, ""UNKNOWN"": 3, ""risk_signal:tvl_drop"": 1, ""TVL_DROP"": 2}",1.0,1.0
hybrid_regime_plus_signal,recent_72h,30m,pool_window,384,384,127,257,0,"{""ok"": 384}","{""HEALTHY_SHORT_HOLD"": 114, ""EXIT_DEPTH_THIN"": 140, ""WHALE_OR_HOLDER_CONCENTRATED"": 96, ""PRICE_SPIKE_VOLATILE"": 14, ""UNKNOWN"": 3, ""VOLATILE_BUT_LIQUID"": 15, ""TVL_DROP"": 2}","{""EXIT_DEPTH_THIN"": 140, ""WHALE_OR_HOLDER_CONCENTRATED"": 96, ""PRICE_SPIKE_VOLATILE"": 14, ""UNKNOWN"": 3, ""risk_signal:tvl_drop"": 2, ""TVL_DROP"": 2}",1.0,1.0
hybrid_regime_plus_signal,recent_7d,15m,intent_window,1390,1389,617,772,1,"{""ok"": 1389, ""invalid"": 1}","{""UNKNOWN"": 66, ""HEALTHY_SHORT_HOLD"": 535, ""WHALE_OR_HOLDER_CONCENTRATED"": 302, ""VOLATILE_BUT_LIQUID"": 82, ""EXIT_DEPTH_THIN"": 357, ""DATA_STALE_OR_INCOMPLETE"": 12, ""VOLUME_COLLAPSE"": 1, ""PRICE_SPIKE_VOLATILE"": 33, ""TVL_DROP"": 1}","{""UNKNOWN"": 66, ""WHALE_OR_HOLDER_CONCENTRATED"": 302, ""EXIT_DEPTH_THIN"": 357, ""DATA_STALE_OR_INCOMPLETE"": 12, ""VOLUME_COLLAPSE"": 1, ""PRICE_SPIKE_VOLATILE"": 33, ""invalid_sample"": 1, ""TVL_DROP"": 1}",1.0,1.0
hybrid_regime_plus_signal,recent_7d,15m,pool_window,1860,1855,609,1246,5,"{""ok"": 1855, ""invalid"": 5}","{""UNKNOWN"": 520, ""HEALTHY_SHORT_HOLD"": 530, ""WHALE_OR_HOLDER_CONCENTRATED"": 324, ""VOLATILE_BUT_LIQUID"": 82, ""EXIT_DEPTH_THIN"": 348, ""DATA_STALE_OR_INCOMPLETE"": 16, ""VOLUME_COLLAPSE"": 1, ""PRICE_SPIKE_VOLATILE"": 33, ""TVL_DROP"": 1}","{""UNKNOWN"": 520, ""invalid_sample"": 5, ""WHALE_OR_HOLDER_CONCENTRATED"": 324, ""EXIT_DEPTH_THIN"": 348, ""DATA_STALE_OR_INCOMPLETE"": 16, ""risk_signal:tvl_drop"": 3, ""VOLUME_COLLAPSE"": 1, ""PRICE_SPIKE_VOLATILE"": 33, ""TVL_DROP"": 1}",1.0,1.0
hybrid_regime_plus_signal,recent_7d,1h,intent_window,1390,1386,602,784,4,"{""ok"": 1386, ""invalid"": 4}","{""UNKNOWN"": 66, ""HEALTHY_SHORT_HOLD"": 532, ""WHALE_OR_HOLDER_CONCENTRATED"": 302, ""VOLATILE_BUT_LIQUID"": 82, ""EXIT_DEPTH_THIN"": 357, ""DATA_STALE_OR_INCOMPLETE"": 12, ""VOLUME_COLLAPSE"": 1, ""PRICE_SPIKE_VOLATILE"": 33, ""TVL_DROP"": 1}","{""UNKNOWN"": 66, ""WHALE_OR_HOLDER_CONCENTRATED"": 302, ""EXIT_DEPTH_THIN"": 357, ""risk_signal:tvl_drop"": 12, ""DATA_STALE_OR_INCOMPLETE"": 12, ""VOLUME_COLLAPSE"": 1, ""PRICE_SPIKE_VOLATILE"": 33, ""invalid_sample"": 4, ""TVL_DROP"": 1}",1.0,1.0
hybrid_regime_plus_signal,recent_7d,1h,pool_window,1860,1852,595,1257,8,"{""ok"": 1852, ""invalid"": 8}","{""UNKNOWN"": 520, ""HEALTHY_SHORT_HOLD"": 527, ""WHALE_OR_HOLDER_CONCENTRATED"": 324, ""VOLATILE_BUT_LIQUID"": 82, ""EXIT_DEPTH_THIN"": 348, ""DATA_STALE_OR_INCOMPLETE"": 16, ""VOLUME_COLLAPSE"": 1, ""PRICE_SPIKE_VOLATILE"": 33, ""TVL_DROP"": 1}","{""UNKNOWN"": 520, ""invalid_sample"": 8, ""WHALE_OR_HOLDER_CONCENTRATED"": 324, ""EXIT_DEPTH_THIN"": 348, ""DATA_STALE_OR_INCOMPLETE"": 16, ""risk_signal:tvl_drop"": 14, ""VOLUME_COLLAPSE"": 1, ""PRICE_SPIKE_VOLATILE"": 33, ""TVL_DROP"": 1}",1.0,1.0
hybrid_regime_plus_signal,recent_7d,2h,intent_window,1390,1382,589,793,8,"{""ok"": 1382, ""invalid"": 8}","{""UNKNOWN"": 66, ""HEALTHY_SHORT_HOLD"": 528, ""WHALE_OR_HOLDER_CONCENTRATED"": 302, ""VOLATILE_BUT_LIQUID"": 82, ""EXIT_DEPTH_THIN"": 357, ""DATA_STALE_OR_INCOMPLETE"": 12, ""VOLUME_COLLAPSE"": 1, ""PRICE_SPIKE_VOLATILE"": 33, ""TVL_DROP"": 1}","{""UNKNOWN"": 66, ""WHALE_OR_HOLDER_CONCENTRATED"": 302, ""EXIT_DEPTH_THIN"": 357, ""risk_signal:tvl_drop"": 21, ""DATA_STALE_OR_INCOMPLETE"": 12, ""VOLUME_COLLAPSE"": 1, ""PRICE_SPIKE_VOLATILE"": 33, ""invalid_sample"": 8, ""TVL_DROP"": 1}",1.0,1.0
hybrid_regime_plus_signal,recent_7d,2h,pool_window,1860,1845,581,1264,15,"{""ok"": 1845, ""invalid"": 15}","{""UNKNOWN"": 520, ""HEALTHY_SHORT_HOLD"": 523, ""WHALE_OR_HOLDER_CONCENTRATED"": 323, ""VOLATILE_BUT_LIQUID"": 82, ""EXIT_DEPTH_THIN"": 348, ""DATA_STALE_OR_INCOMPLETE"": 14, ""VOLUME_COLLAPSE"": 1, ""PRICE_SPIKE_VOLATILE"": 33, ""TVL_DROP"": 1}","{""UNKNOWN"": 520, ""invalid_sample"": 15, ""WHALE_OR_HOLDER_CONCENTRATED"": 323, ""EXIT_DEPTH_THIN"": 348, ""DATA_STALE_OR_INCOMPLETE"": 14, ""risk_signal:tvl_drop"": 24, ""VOLUME_COLLAPSE"": 1, ""PRICE_SPIKE_VOLATILE"": 33, ""TVL_DROP"": 1}",1.0,1.0
hybrid_regime_plus_signal,recent_7d,30m,intent_window,1390,1388,612,776,2,"{""ok"": 1388, ""invalid"": 2}","{""UNKNOWN"": 66, ""WHALE_OR_HOLDER_CONCENTRATED"": 302, ""HEALTHY_SHORT_HOLD"": 534, ""VOLATILE_BUT_LIQUID"": 82, ""EXIT_DEPTH_THIN"": 357, ""DATA_STALE_OR_INCOMPLETE"": 12, ""VOLUME_COLLAPSE"": 1, ""PRICE_SPIKE_VOLATILE"": 33, ""TVL_DROP"": 1}","{""UNKNOWN"": 66, ""WHALE_OR_HOLDER_CONCENTRATED"": 302, ""EXIT_DEPTH_THIN"": 357, ""risk_signal:tvl_drop"": 4, ""DATA_STALE_OR_INCOMPLETE"": 12, ""VOLUME_COLLAPSE"": 1, ""PRICE_SPIKE_VOLATILE"": 33, ""invalid_sample"": 2, ""TVL_DROP"": 1}",1.0,1.0
hybrid_regime_plus_signal,recent_7d,30m,pool_window,1860,1854,603,1251,6,"{""ok"": 1854, ""invalid"": 6}","{""UNKNOWN"": 520, ""HEALTHY_SHORT_HOLD"": 529, ""WHALE_OR_HOLDER_CONCENTRATED"": 324, ""VOLATILE_BUT_LIQUID"": 82, ""EXIT_DEPTH_THIN"": 348, ""DATA_STALE_OR_INCOMPLETE"": 16, ""VOLUME_COLLAPSE"": 1, ""PRICE_SPIKE_VOLATILE"": 33, ""TVL_DROP"": 1}","{""UNKNOWN"": 520, ""invalid_sample"": 6, ""WHALE_OR_HOLDER_CONCENTRATED"": 324, ""EXIT_DEPTH_THIN"": 348, ""DATA_STALE_OR_INCOMPLETE"": 16, ""risk_signal:tvl_drop"": 8, ""VOLUME_COLLAPSE"": 1, ""PRICE_SPIKE_VOLATILE"": 33, ""TVL_DROP"": 1}",1.0,1.0
hybrid_regime_plus_signal_plus_fee,recent_24h,15m,intent_window,352,348,0,348,4,"{""ok"": 348, ""invalid"": 4}","{""EXIT_DEPTH_THIN"": 47, ""WHALE_OR_HOLDER_CONCENTRATED"": 88, ""HEALTHY_SHORT_HOLD"": 208, ""VOLATILE_BUT_LIQUID"": 4, ""PRICE_SPIKE_VOLATILE"": 1}","{""EXIT_DEPTH_THIN"": 47, ""WHALE_OR_HOLDER_CONCENTRATED"": 88, ""fee_proxy_vs_exit_cost_low"": 212, ""PRICE_SPIKE_VOLATILE"": 1, ""invalid_sample"": 4}",1.0,1.0
hybrid_regime_plus_signal_plus_fee,recent_24h,15m,pool_window,352,344,0,344,8,"{""ok"": 344, ""invalid"": 8}","{""WHALE_OR_HOLDER_CONCENTRATED"": 86, ""EXIT_DEPTH_THIN"": 49, ""HEALTHY_SHORT_HOLD"": 204, ""VOLATILE_BUT_LIQUID"": 4, ""PRICE_SPIKE_VOLATILE"": 1}","{""WHALE_OR_HOLDER_CONCENTRATED"": 86, ""EXIT_DEPTH_THIN"": 49, ""fee_proxy_vs_exit_cost_low"": 208, ""PRICE_SPIKE_VOLATILE"": 1, ""invalid_sample"": 8}",1.0,1.0
hybrid_regime_plus_signal_plus_fee,recent_24h,1h,intent_window,352,336,0,336,16,"{""ok"": 336, ""invalid"": 16}","{""EXIT_DEPTH_THIN"": 47, ""WHALE_OR_HOLDER_CONCENTRATED"": 85, ""HEALTHY_SHORT_HOLD"": 199, ""VOLATILE_BUT_LIQUID"": 4, ""PRICE_SPIKE_VOLATILE"": 1}","{""EXIT_DEPTH_THIN"": 47, ""WHALE_OR_HOLDER_CONCENTRATED"": 85, ""fee_proxy_vs_exit_cost_low"": 203, ""PRICE_SPIKE_VOLATILE"": 1, ""invalid_sample"": 16}",1.0,1.0
hybrid_regime_plus_signal_plus_fee,recent_24h,1h,pool_window,352,332,0,332,20,"{""ok"": 332, ""invalid"": 20}","{""EXIT_DEPTH_THIN"": 49, ""HEALTHY_SHORT_HOLD"": 195, ""WHALE_OR_HOLDER_CONCENTRATED"": 83, ""VOLATILE_BUT_LIQUID"": 4, ""PRICE_SPIKE_VOLATILE"": 1}","{""EXIT_DEPTH_THIN"": 49, ""fee_proxy_vs_exit_cost_low"": 199, ""WHALE_OR_HOLDER_CONCENTRATED"": 83, ""PRICE_SPIKE_VOLATILE"": 1, ""invalid_sample"": 20}",1.0,1.0
hybrid_regime_plus_signal_plus_fee,recent_24h,2h,intent_window,352,320,0,320,32,"{""ok"": 320, ""invalid"": 32}","{""HEALTHY_SHORT_HOLD"": 187, ""WHALE_OR_HOLDER_CONCENTRATED"": 81, ""EXIT_DEPTH_THIN"": 47, ""VOLATILE_BUT_LIQUID"": 4, ""PRICE_SPIKE_VOLATILE"": 1}","{""fee_proxy_vs_exit_cost_low"": 191, ""WHALE_OR_HOLDER_CONCENTRATED"": 81, ""EXIT_DEPTH_THIN"": 47, ""PRICE_SPIKE_VOLATILE"": 1, ""invalid_sample"": 32}",1.0,1.0
hybrid_regime_plus_signal_plus_fee,recent_24h,2h,pool_window,352,316,0,316,36,"{""ok"": 316, ""invalid"": 36}","{""EXIT_DEPTH_THIN"": 49, ""HEALTHY_SHORT_HOLD"": 183, ""WHALE_OR_HOLDER_CONCENTRATED"": 79, ""VOLATILE_BUT_LIQUID"": 4, ""PRICE_SPIKE_VOLATILE"": 1}","{""EXIT_DEPTH_THIN"": 49, ""fee_proxy_vs_exit_cost_low"": 187, ""WHALE_OR_HOLDER_CONCENTRATED"": 79, ""PRICE_SPIKE_VOLATILE"": 1, ""invalid_sample"": 36}",1.0,1.0
hybrid_regime_plus_signal_plus_fee,recent_24h,30m,intent_window,352,344,0,344,8,"{""ok"": 344, ""invalid"": 8}","{""EXIT_DEPTH_THIN"": 47, ""WHALE_OR_HOLDER_CONCENTRATED"": 87, ""HEALTHY_SHORT_HOLD"": 205, ""VOLATILE_BUT_LIQUID"": 4, ""PRICE_SPIKE_VOLATILE"": 1}","{""EXIT_DEPTH_THIN"": 47, ""WHALE_OR_HOLDER_CONCENTRATED"": 87, ""fee_proxy_vs_exit_cost_low"": 209, ""PRICE_SPIKE_VOLATILE"": 1, ""invalid_sample"": 8}",1.0,1.0
hybrid_regime_plus_signal_plus_fee,recent_24h,30m,pool_window,352,340,0,340,12,"{""ok"": 340, ""invalid"": 12}","{""WHALE_OR_HOLDER_CONCENTRATED"": 85, ""EXIT_DEPTH_THIN"": 49, ""HEALTHY_SHORT_HOLD"": 201, ""VOLATILE_BUT_LIQUID"": 4, ""PRICE_SPIKE_VOLATILE"": 1}","{""WHALE_OR_HOLDER_CONCENTRATED"": 85, ""EXIT_DEPTH_THIN"": 49, ""fee_proxy_vs_exit_cost_low"": 205, ""PRICE_SPIKE_VOLATILE"": 1, ""invalid_sample"": 12}",1.0,1.0
hybrid_regime_plus_signal_plus_fee,recent_48h,15m,intent_window,364,364,0,364,0,"{""ok"": 364}","{""HEALTHY_SHORT_HOLD"": 115, ""EXIT_DEPTH_THIN"": 125, ""WHALE_OR_HOLDER_CONCENTRATED"": 98, ""TVL_DROP"": 5, ""VOLATILE_BUT_LIQUID"": 21}","{""fee_proxy_vs_exit_cost_low"": 136, ""EXIT_DEPTH_THIN"": 125, ""WHALE_OR_HOLDER_CONCENTRATED"": 98, ""TVL_DROP"": 5}",1.0,1.0
hybrid_regime_plus_signal_plus_fee,recent_48h,15m,pool_window,384,384,0,384,0,"{""ok"": 384}","{""WHALE_OR_HOLDER_CONCENTRATED"": 96, ""HEALTHY_SHORT_HOLD"": 140, ""EXIT_DEPTH_THIN"": 123, ""TVL_DROP"": 5, ""VOLATILE_BUT_LIQUID"": 20}","{""WHALE_OR_HOLDER_CONCENTRATED"": 96, ""fee_proxy_vs_exit_cost_low"": 159, ""EXIT_DEPTH_THIN"": 123, ""risk_signal:tvl_drop"": 1, ""TVL_DROP"": 5}",1.0,1.0
hybrid_regime_plus_signal_plus_fee,recent_48h,1h,intent_window,364,364,0,364,0,"{""ok"": 364}","{""EXIT_DEPTH_THIN"": 125, ""WHALE_OR_HOLDER_CONCENTRATED"": 98, ""HEALTHY_SHORT_HOLD"": 115, ""TVL_DROP"": 5, ""VOLATILE_BUT_LIQUID"": 21}","{""EXIT_DEPTH_THIN"": 125, ""WHALE_OR_HOLDER_CONCENTRATED"": 98, ""fee_proxy_vs_exit_cost_low"": 121, ""risk_signal:tvl_drop"": 15, ""TVL_DROP"": 5}",1.0,1.0
hybrid_regime_plus_signal_plus_fee,recent_48h,1h,pool_window,384,384,0,384,0,"{""ok"": 384}","{""HEALTHY_SHORT_HOLD"": 140, ""EXIT_DEPTH_THIN"": 123, ""WHALE_OR_HOLDER_CONCENTRATED"": 96, ""TVL_DROP"": 5, ""VOLATILE_BUT_LIQUID"": 20}","{""fee_proxy_vs_exit_cost_low"": 145, ""EXIT_DEPTH_THIN"": 123, ""WHALE_OR_HOLDER_CONCENTRATED"": 96, ""risk_signal:tvl_drop"": 15, ""TVL_DROP"": 5}",1.0,1.0
hybrid_regime_plus_signal_plus_fee,recent_48h,2h,intent_window,364,364,0,364,0,"{""ok"": 364}","{""HEALTHY_SHORT_HOLD"": 115, ""EXIT_DEPTH_THIN"": 125, ""WHALE_OR_HOLDER_CONCENTRATED"": 98, ""TVL_DROP"": 5, ""VOLATILE_BUT_LIQUID"": 21}","{""risk_signal:tvl_drop"": 29, ""EXIT_DEPTH_THIN"": 125, ""WHALE_OR_HOLDER_CONCENTRATED"": 98, ""TVL_DROP"": 5, ""fee_proxy_vs_exit_cost_low"": 107}",1.0,1.0
hybrid_regime_plus_signal_plus_fee,recent_48h,2h,pool_window,384,384,0,384,0,"{""ok"": 384}","{""HEALTHY_SHORT_HOLD"": 140, ""WHALE_OR_HOLDER_CONCENTRATED"": 96, ""EXIT_DEPTH_THIN"": 123, ""TVL_DROP"": 5, ""VOLATILE_BUT_LIQUID"": 20}","{""fee_proxy_vs_exit_cost_low"": 132, ""risk_signal:tvl_drop"": 28, ""WHALE_OR_HOLDER_CONCENTRATED"": 96, ""EXIT_DEPTH_THIN"": 123, ""TVL_DROP"": 5}",1.0,1.0
hybrid_regime_plus_signal_plus_fee,recent_48h,30m,intent_window,364,364,0,364,0,"{""ok"": 364}","{""EXIT_DEPTH_THIN"": 125, ""WHALE_OR_HOLDER_CONCENTRATED"": 98, ""HEALTHY_SHORT_HOLD"": 115, ""TVL_DROP"": 5, ""VOLATILE_BUT_LIQUID"": 21}","{""EXIT_DEPTH_THIN"": 125, ""WHALE_OR_HOLDER_CONCENTRATED"": 98, ""fee_proxy_vs_exit_cost_low"": 130, ""risk_signal:tvl_drop"": 6, ""TVL_DROP"": 5}",1.0,1.0
hybrid_regime_plus_signal_plus_fee,recent_48h,30m,pool_window,384,384,0,384,0,"{""ok"": 384}","{""WHALE_OR_HOLDER_CONCENTRATED"": 96, ""HEALTHY_SHORT_HOLD"": 140, ""EXIT_DEPTH_THIN"": 123, ""TVL_DROP"": 5, ""VOLATILE_BUT_LIQUID"": 20}","{""WHALE_OR_HOLDER_CONCENTRATED"": 96, ""fee_proxy_vs_exit_cost_low"": 152, ""EXIT_DEPTH_THIN"": 123, ""risk_signal:tvl_drop"": 8, ""TVL_DROP"": 5}",1.0,1.0
hybrid_regime_plus_signal_plus_fee,recent_72h,15m,intent_window,374,374,0,374,0,"{""ok"": 374}","{""EXIT_DEPTH_THIN"": 140, ""HEALTHY_SHORT_HOLD"": 100, ""WHALE_OR_HOLDER_CONCENTRATED"": 99, ""PRICE_SPIKE_VOLATILE"": 14, ""UNKNOWN"": 3, ""VOLATILE_BUT_LIQUID"": 16, ""TVL_DROP"": 2}","{""EXIT_DEPTH_THIN"": 140, ""fee_proxy_vs_exit_cost_low"": 116, ""WHALE_OR_HOLDER_CONCENTRATED"": 99, ""PRICE_SPIKE_VOLATILE"": 14, ""UNKNOWN"": 3, ""TVL_DROP"": 2}",1.0,1.0
hybrid_regime_plus_signal_plus_fee,recent_72h,15m,pool_window,384,384,0,384,0,"{""ok"": 384}","{""HEALTHY_SHORT_HOLD"": 114, ""EXIT_DEPTH_THIN"": 140, ""WHALE_OR_HOLDER_CONCENTRATED"": 96, ""PRICE_SPIKE_VOLATILE"": 14, ""UNKNOWN"": 3, ""VOLATILE_BUT_LIQUID"": 15, ""TVL_DROP"": 2}","{""fee_proxy_vs_exit_cost_low"": 128, ""EXIT_DEPTH_THIN"": 140, ""WHALE_OR_HOLDER_CONCENTRATED"": 96, ""PRICE_SPIKE_VOLATILE"": 14, ""UNKNOWN"": 3, ""risk_signal:tvl_drop"": 1, ""TVL_DROP"": 2}",1.0,1.0
hybrid_regime_plus_signal_plus_fee,recent_72h,1h,intent_window,374,374,0,374,0,"{""ok"": 374}","{""EXIT_DEPTH_THIN"": 140, ""HEALTHY_SHORT_HOLD"": 100, ""WHALE_OR_HOLDER_CONCENTRATED"": 99, ""PRICE_SPIKE_VOLATILE"": 14, ""UNKNOWN"": 3, ""VOLATILE_BUT_LIQUID"": 16, ""TVL_DROP"": 2}","{""EXIT_DEPTH_THIN"": 140, ""fee_proxy_vs_exit_cost_low"": 114, ""WHALE_OR_HOLDER_CONCENTRATED"": 99, ""PRICE_SPIKE_VOLATILE"": 14, ""UNKNOWN"": 3, ""risk_signal:tvl_drop"": 2, ""TVL_DROP"": 2}",1.0,1.0
hybrid_regime_plus_signal_plus_fee,recent_72h,1h,pool_window,384,384,0,384,0,"{""ok"": 384}","{""EXIT_DEPTH_THIN"": 140, ""HEALTHY_SHORT_HOLD"": 114, ""WHALE_OR_HOLDER_CONCENTRATED"": 96, ""PRICE_SPIKE_VOLATILE"": 14, ""UNKNOWN"": 3, ""VOLATILE_BUT_LIQUID"": 15, ""TVL_DROP"": 2}","{""EXIT_DEPTH_THIN"": 140, ""fee_proxy_vs_exit_cost_low"": 127, ""WHALE_OR_HOLDER_CONCENTRATED"": 96, ""PRICE_SPIKE_VOLATILE"": 14, ""UNKNOWN"": 3, ""risk_signal:tvl_drop"": 2, ""TVL_DROP"": 2}",1.0,1.0
hybrid_regime_plus_signal_plus_fee,recent_72h,2h,intent_window,374,374,0,374,0,"{""ok"": 374}","{""WHALE_OR_HOLDER_CONCENTRATED"": 99, ""EXIT_DEPTH_THIN"": 140, ""HEALTHY_SHORT_HOLD"": 100, ""PRICE_SPIKE_VOLATILE"": 14, ""UNKNOWN"": 3, ""VOLATILE_BUT_LIQUID"": 16, ""TVL_DROP"": 2}","{""WHALE_OR_HOLDER_CONCENTRATED"": 99, ""EXIT_DEPTH_THIN"": 140, ""fee_proxy_vs_exit_cost_low"": 110, ""PRICE_SPIKE_VOLATILE"": 14, ""UNKNOWN"": 3, ""risk_signal:tvl_drop"": 6, ""TVL_DROP"": 2}",1.0,1.0
hybrid_regime_plus_signal_plus_fee,recent_72h,2h,pool_window,384,384,0,384,0,"{""ok"": 384}","{""EXIT_DEPTH_THIN"": 140, ""WHALE_OR_HOLDER_CONCENTRATED"": 96, ""HEALTHY_SHORT_HOLD"": 114, ""PRICE_SPIKE_VOLATILE"": 14, ""UNKNOWN"": 3, ""VOLATILE_BUT_LIQUID"": 15, ""TVL_DROP"": 2}","{""EXIT_DEPTH_THIN"": 140, ""WHALE_OR_HOLDER_CONCENTRATED"": 96, ""fee_proxy_vs_exit_cost_low"": 122, ""PRICE_SPIKE_VOLATILE"": 14, ""UNKNOWN"": 3, ""risk_signal:tvl_drop"": 7, ""TVL_DROP"": 2}",1.0,1.0
hybrid_regime_plus_signal_plus_fee,recent_72h,30m,intent_window,374,374,0,374,0,"{""ok"": 374}","{""EXIT_DEPTH_THIN"": 140, ""HEALTHY_SHORT_HOLD"": 100, ""WHALE_OR_HOLDER_CONCENTRATED"": 99, ""PRICE_SPIKE_VOLATILE"": 14, ""UNKNOWN"": 3, ""VOLATILE_BUT_LIQUID"": 16, ""TVL_DROP"": 2}","{""EXIT_DEPTH_THIN"": 140, ""fee_proxy_vs_exit_cost_low"": 115, ""WHALE_OR_HOLDER_CONCENTRATED"": 99, ""PRICE_SPIKE_VOLATILE"": 14, ""UNKNOWN"": 3, ""risk_signal:tvl_drop"": 1, ""TVL_DROP"": 2}",1.0,1.0
hybrid_regime_plus_signal_plus_fee,recent_72h,30m,pool_window,384,384,0,384,0,"{""ok"": 384}","{""HEALTHY_SHORT_HOLD"": 114, ""EXIT_DEPTH_THIN"": 140, ""WHALE_OR_HOLDER_CONCENTRATED"": 96, ""PRICE_SPIKE_VOLATILE"": 14, ""UNKNOWN"": 3, ""VOLATILE_BUT_LIQUID"": 15, ""TVL_DROP"": 2}","{""fee_proxy_vs_exit_cost_low"": 127, ""EXIT_DEPTH_THIN"": 140, ""WHALE_OR_HOLDER_CONCENTRATED"": 96, ""PRICE_SPIKE_VOLATILE"": 14, ""UNKNOWN"": 3, ""risk_signal:tvl_drop"": 2, ""TVL_DROP"": 2}",1.0,1.0
hybrid_regime_plus_signal_plus_fee,recent_7d,15m,intent_window,1390,1389,0,1389,1,"{""ok"": 1389, ""invalid"": 1}","{""UNKNOWN"": 66, ""HEALTHY_SHORT_HOLD"": 535, ""WHALE_OR_HOLDER_CONCENTRATED"": 302, ""VOLATILE_BUT_LIQUID"": 82, ""EXIT_DEPTH_THIN"": 357, ""DATA_STALE_OR_INCOMPLETE"": 12, ""VOLUME_COLLAPSE"": 1, ""PRICE_SPIKE_VOLATILE"": 33, ""TVL_DROP"": 1}","{""UNKNOWN"": 66, ""fee_proxy_vs_exit_cost_low"": 617, ""WHALE_OR_HOLDER_CONCENTRATED"": 302, ""EXIT_DEPTH_THIN"": 357, ""DATA_STALE_OR_INCOMPLETE"": 12, ""VOLUME_COLLAPSE"": 1, ""PRICE_SPIKE_VOLATILE"": 33, ""invalid_sample"": 1, ""TVL_DROP"": 1}",1.0,1.0
hybrid_regime_plus_signal_plus_fee,recent_7d,15m,pool_window,1860,1855,0,1855,5,"{""ok"": 1855, ""invalid"": 5}","{""UNKNOWN"": 520, ""HEALTHY_SHORT_HOLD"": 530, ""WHALE_OR_HOLDER_CONCENTRATED"": 324, ""VOLATILE_BUT_LIQUID"": 82, ""EXIT_DEPTH_THIN"": 348, ""DATA_STALE_OR_INCOMPLETE"": 16, ""VOLUME_COLLAPSE"": 1, ""PRICE_SPIKE_VOLATILE"": 33, ""TVL_DROP"": 1}","{""UNKNOWN"": 520, ""invalid_sample"": 5, ""fee_proxy_vs_exit_cost_low"": 609, ""WHALE_OR_HOLDER_CONCENTRATED"": 324, ""EXIT_DEPTH_THIN"": 348, ""DATA_STALE_OR_INCOMPLETE"": 16, ""risk_signal:tvl_drop"": 3, ""VOLUME_COLLAPSE"": 1, ""PRICE_SPIKE_VOLATILE"": 33, ""TVL_DROP"": 1}",1.0,1.0
hybrid_regime_plus_signal_plus_fee,recent_7d,1h,intent_window,1390,1386,0,1386,4,"{""ok"": 1386, ""invalid"": 4}","{""UNKNOWN"": 66, ""HEALTHY_SHORT_HOLD"": 532, ""WHALE_OR_HOLDER_CONCENTRATED"": 302, ""VOLATILE_BUT_LIQUID"": 82, ""EXIT_DEPTH_THIN"": 357, ""DATA_STALE_OR_INCOMPLETE"": 12, ""VOLUME_COLLAPSE"": 1, ""PRICE_SPIKE_VOLATILE"": 33, ""TVL_DROP"": 1}","{""UNKNOWN"": 66, ""fee_proxy_vs_exit_cost_low"": 602, ""WHALE_OR_HOLDER_CONCENTRATED"": 302, ""EXIT_DEPTH_THIN"": 357, ""risk_signal:tvl_drop"": 12, ""DATA_STALE_OR_INCOMPLETE"": 12, ""VOLUME_COLLAPSE"": 1, ""PRICE_SPIKE_VOLATILE"": 33, ""invalid_sample"": 4, ""TVL_DROP"": 1}",1.0,1.0
hybrid_regime_plus_signal_plus_fee,recent_7d,1h,pool_window,1860,1852,0,1852,8,"{""ok"": 1852, ""invalid"": 8}","{""UNKNOWN"": 520, ""HEALTHY_SHORT_HOLD"": 527, ""WHALE_OR_HOLDER_CONCENTRATED"": 324, ""VOLATILE_BUT_LIQUID"": 82, ""EXIT_DEPTH_THIN"": 348, ""DATA_STALE_OR_INCOMPLETE"": 16, ""VOLUME_COLLAPSE"": 1, ""PRICE_SPIKE_VOLATILE"": 33, ""TVL_DROP"": 1}","{""UNKNOWN"": 520, ""invalid_sample"": 8, ""fee_proxy_vs_exit_cost_low"": 595, ""WHALE_OR_HOLDER_CONCENTRATED"": 324, ""EXIT_DEPTH_THIN"": 348, ""DATA_STALE_OR_INCOMPLETE"": 16, ""risk_signal:tvl_drop"": 14, ""VOLUME_COLLAPSE"": 1, ""PRICE_SPIKE_VOLATILE"": 33, ""TVL_DROP"": 1}",1.0,1.0
hybrid_regime_plus_signal_plus_fee,recent_7d,2h,intent_window,1390,1382,0,1382,8,"{""ok"": 1382, ""invalid"": 8}","{""UNKNOWN"": 66, ""HEALTHY_SHORT_HOLD"": 528, ""WHALE_OR_HOLDER_CONCENTRATED"": 302, ""VOLATILE_BUT_LIQUID"": 82, ""EXIT_DEPTH_THIN"": 357, ""DATA_STALE_OR_INCOMPLETE"": 12, ""VOLUME_COLLAPSE"": 1, ""PRICE_SPIKE_VOLATILE"": 33, ""TVL_DROP"": 1}","{""UNKNOWN"": 66, ""fee_proxy_vs_exit_cost_low"": 589, ""WHALE_OR_HOLDER_CONCENTRATED"": 302, ""EXIT_DEPTH_THIN"": 357, ""risk_signal:tvl_drop"": 21, ""DATA_STALE_OR_INCOMPLETE"": 12, ""VOLUME_COLLAPSE"": 1, ""PRICE_SPIKE_VOLATILE"": 33, ""invalid_sample"": 8, ""TVL_DROP"": 1}",1.0,1.0
hybrid_regime_plus_signal_plus_fee,recent_7d,2h,pool_window,1860,1845,0,1845,15,"{""ok"": 1845, ""invalid"": 15}","{""UNKNOWN"": 520, ""HEALTHY_SHORT_HOLD"": 523, ""WHALE_OR_HOLDER_CONCENTRATED"": 323, ""VOLATILE_BUT_LIQUID"": 82, ""EXIT_DEPTH_THIN"": 348, ""DATA_STALE_OR_INCOMPLETE"": 14, ""VOLUME_COLLAPSE"": 1, ""PRICE_SPIKE_VOLATILE"": 33, ""TVL_DROP"": 1}","{""UNKNOWN"": 520, ""invalid_sample"": 15, ""fee_proxy_vs_exit_cost_low"": 581, ""WHALE_OR_HOLDER_CONCENTRATED"": 323, ""EXIT_DEPTH_THIN"": 348, ""DATA_STALE_OR_INCOMPLETE"": 14, ""risk_signal:tvl_drop"": 24, ""VOLUME_COLLAPSE"": 1, ""PRICE_SPIKE_VOLATILE"": 33, ""TVL_DROP"": 1}",1.0,1.0
hybrid_regime_plus_signal_plus_fee,recent_7d,30m,intent_window,1390,1388,0,1388,2,"{""ok"": 1388, ""invalid"": 2}","{""UNKNOWN"": 66, ""WHALE_OR_HOLDER_CONCENTRATED"": 302, ""HEALTHY_SHORT_HOLD"": 534, ""VOLATILE_BUT_LIQUID"": 82, ""EXIT_DEPTH_THIN"": 357, ""DATA_STALE_OR_INCOMPLETE"": 12, ""VOLUME_COLLAPSE"": 1, ""PRICE_SPIKE_VOLATILE"": 33, ""TVL_DROP"": 1}","{""UNKNOWN"": 66, ""WHALE_OR_HOLDER_CONCENTRATED"": 302, ""fee_proxy_vs_exit_cost_low"": 612, ""EXIT_DEPTH_THIN"": 357, ""risk_signal:tvl_drop"": 4, ""DATA_STALE_OR_INCOMPLETE"": 12, ""VOLUME_COLLAPSE"": 1, ""PRICE_SPIKE_VOLATILE"": 33, ""invalid_sample"": 2, ""TVL_DROP"": 1}",1.0,1.0
hybrid_regime_plus_signal_plus_fee,recent_7d,30m,pool_window,1860,1854,0,1854,6,"{""ok"": 1854, ""invalid"": 6}","{""UNKNOWN"": 520, ""HEALTHY_SHORT_HOLD"": 529, ""WHALE_OR_HOLDER_CONCENTRATED"": 324, ""VOLATILE_BUT_LIQUID"": 82, ""EXIT_DEPTH_THIN"": 348, ""DATA_STALE_OR_INCOMPLETE"": 16, ""VOLUME_COLLAPSE"": 1, ""PRICE_SPIKE_VOLATILE"": 33, ""TVL_DROP"": 1}","{""UNKNOWN"": 520, ""invalid_sample"": 6, ""fee_proxy_vs_exit_cost_low"": 603, ""WHALE_OR_HOLDER_CONCENTRATED"": 324, ""EXIT_DEPTH_THIN"": 348, ""DATA_STALE_OR_INCOMPLETE"": 16, ""risk_signal:tvl_drop"": 8, ""VOLUME_COLLAPSE"": 1, ""PRICE_SPIKE_VOLATILE"": 33, ""TVL_DROP"": 1}",1.0,1.0
regime_enter_healthy_or_stable_fee,recent_24h,15m,intent_window,352,348,208,140,4,"{""ok"": 348, ""invalid"": 4}","{""EXIT_DEPTH_THIN"": 47, ""WHALE_OR_HOLDER_CONCENTRATED"": 88, ""HEALTHY_SHORT_HOLD"": 208, ""VOLATILE_BUT_LIQUID"": 4, ""PRICE_SPIKE_VOLATILE"": 1}","{""EXIT_DEPTH_THIN"": 47, ""WHALE_OR_HOLDER_CONCENTRATED"": 88, ""VOLATILE_BUT_LIQUID"": 4, ""PRICE_SPIKE_VOLATILE"": 1, ""invalid_sample"": 4}",1.0,1.0
regime_enter_healthy_or_stable_fee,recent_24h,15m,pool_window,352,344,204,140,8,"{""ok"": 344, ""invalid"": 8}","{""WHALE_OR_HOLDER_CONCENTRATED"": 86, ""EXIT_DEPTH_THIN"": 49, ""HEALTHY_SHORT_HOLD"": 204, ""VOLATILE_BUT_LIQUID"": 4, ""PRICE_SPIKE_VOLATILE"": 1}","{""WHALE_OR_HOLDER_CONCENTRATED"": 86, ""EXIT_DEPTH_THIN"": 49, ""VOLATILE_BUT_LIQUID"": 4, ""PRICE_SPIKE_VOLATILE"": 1, ""invalid_sample"": 8}",1.0,1.0
regime_enter_healthy_or_stable_fee,recent_24h,1h,intent_window,352,336,199,137,16,"{""ok"": 336, ""invalid"": 16}","{""EXIT_DEPTH_THIN"": 47, ""WHALE_OR_HOLDER_CONCENTRATED"": 85, ""HEALTHY_SHORT_HOLD"": 199, ""VOLATILE_BUT_LIQUID"": 4, ""PRICE_SPIKE_VOLATILE"": 1}","{""EXIT_DEPTH_THIN"": 47, ""WHALE_OR_HOLDER_CONCENTRATED"": 85, ""VOLATILE_BUT_LIQUID"": 4, ""PRICE_SPIKE_VOLATILE"": 1, ""invalid_sample"": 16}",1.0,1.0
regime_enter_healthy_or_stable_fee,recent_24h,1h,pool_window,352,332,195,137,20,"{""ok"": 332, ""invalid"": 20}","{""EXIT_DEPTH_THIN"": 49, ""HEALTHY_SHORT_HOLD"": 195, ""WHALE_OR_HOLDER_CONCENTRATED"": 83, ""VOLATILE_BUT_LIQUID"": 4, ""PRICE_SPIKE_VOLATILE"": 1}","{""EXIT_DEPTH_THIN"": 49, ""WHALE_OR_HOLDER_CONCENTRATED"": 83, ""VOLATILE_BUT_LIQUID"": 4, ""PRICE_SPIKE_VOLATILE"": 1, ""invalid_sample"": 20}",1.0,1.0
regime_enter_healthy_or_stable_fee,recent_24h,2h,intent_window,352,320,187,133,32,"{""ok"": 320, ""invalid"": 32}","{""HEALTHY_SHORT_HOLD"": 187, ""WHALE_OR_HOLDER_CONCENTRATED"": 81, ""EXIT_DEPTH_THIN"": 47, ""VOLATILE_BUT_LIQUID"": 4, ""PRICE_SPIKE_VOLATILE"": 1}","{""WHALE_OR_HOLDER_CONCENTRATED"": 81, ""EXIT_DEPTH_THIN"": 47, ""VOLATILE_BUT_LIQUID"": 4, ""PRICE_SPIKE_VOLATILE"": 1, ""invalid_sample"": 32}",1.0,1.0
regime_enter_healthy_or_stable_fee,recent_24h,2h,pool_window,352,316,183,133,36,"{""ok"": 316, ""invalid"": 36}","{""EXIT_DEPTH_THIN"": 49, ""HEALTHY_SHORT_HOLD"": 183, ""WHALE_OR_HOLDER_CONCENTRATED"": 79, ""VOLATILE_BUT_LIQUID"": 4, ""PRICE_SPIKE_VOLATILE"": 1}","{""EXIT_DEPTH_THIN"": 49, ""WHALE_OR_HOLDER_CONCENTRATED"": 79, ""VOLATILE_BUT_LIQUID"": 4, ""PRICE_SPIKE_VOLATILE"": 1, ""invalid_sample"": 36}",1.0,1.0
regime_enter_healthy_or_stable_fee,recent_24h,30m,intent_window,352,344,205,139,8,"{""ok"": 344, ""invalid"": 8}","{""EXIT_DEPTH_THIN"": 47, ""WHALE_OR_HOLDER_CONCENTRATED"": 87, ""HEALTHY_SHORT_HOLD"": 205, ""VOLATILE_BUT_LIQUID"": 4, ""PRICE_SPIKE_VOLATILE"": 1}","{""EXIT_DEPTH_THIN"": 47, ""WHALE_OR_HOLDER_CONCENTRATED"": 87, ""VOLATILE_BUT_LIQUID"": 4, ""PRICE_SPIKE_VOLATILE"": 1, ""invalid_sample"": 8}",1.0,1.0
regime_enter_healthy_or_stable_fee,recent_24h,30m,pool_window,352,340,201,139,12,"{""ok"": 340, ""invalid"": 12}","{""WHALE_OR_HOLDER_CONCENTRATED"": 85, ""EXIT_DEPTH_THIN"": 49, ""HEALTHY_SHORT_HOLD"": 201, ""VOLATILE_BUT_LIQUID"": 4, ""PRICE_SPIKE_VOLATILE"": 1}","{""WHALE_OR_HOLDER_CONCENTRATED"": 85, ""EXIT_DEPTH_THIN"": 49, ""VOLATILE_BUT_LIQUID"": 4, ""PRICE_SPIKE_VOLATILE"": 1, ""invalid_sample"": 12}",1.0,1.0
regime_enter_healthy_or_stable_fee,recent_48h,15m,intent_window,364,364,115,249,0,"{""ok"": 364}","{""HEALTHY_SHORT_HOLD"": 115, ""EXIT_DEPTH_THIN"": 125, ""WHALE_OR_HOLDER_CONCENTRATED"": 98, ""TVL_DROP"": 5, ""VOLATILE_BUT_LIQUID"": 21}","{""EXIT_DEPTH_THIN"": 125, ""WHALE_OR_HOLDER_CONCENTRATED"": 98, ""TVL_DROP"": 5, ""VOLATILE_BUT_LIQUID"": 21}",1.0,1.0
regime_enter_healthy_or_stable_fee,recent_48h,15m,pool_window,384,384,140,244,0,"{""ok"": 384}","{""WHALE_OR_HOLDER_CONCENTRATED"": 96, ""HEALTHY_SHORT_HOLD"": 140, ""EXIT_DEPTH_THIN"": 123, ""TVL_DROP"": 5, ""VOLATILE_BUT_LIQUID"": 20}","{""WHALE_OR_HOLDER_CONCENTRATED"": 96, ""EXIT_DEPTH_THIN"": 123, ""TVL_DROP"": 5, ""VOLATILE_BUT_LIQUID"": 20}",1.0,1.0
regime_enter_healthy_or_stable_fee,recent_48h,1h,intent_window,364,364,115,249,0,"{""ok"": 364}","{""EXIT_DEPTH_THIN"": 125, ""WHALE_OR_HOLDER_CONCENTRATED"": 98, ""HEALTHY_SHORT_HOLD"": 115, ""TVL_DROP"": 5, ""VOLATILE_BUT_LIQUID"": 21}","{""EXIT_DEPTH_THIN"": 125, ""WHALE_OR_HOLDER_CONCENTRATED"": 98, ""TVL_DROP"": 5, ""VOLATILE_BUT_LIQUID"": 21}",1.0,1.0
regime_enter_healthy_or_stable_fee,recent_48h,1h,pool_window,384,384,140,244,0,"{""ok"": 384}","{""HEALTHY_SHORT_HOLD"": 140, ""EXIT_DEPTH_THIN"": 123, ""WHALE_OR_HOLDER_CONCENTRATED"": 96, ""TVL_DROP"": 5, ""VOLATILE_BUT_LIQUID"": 20}","{""EXIT_DEPTH_THIN"": 123, ""WHALE_OR_HOLDER_CONCENTRATED"": 96, ""TVL_DROP"": 5, ""VOLATILE_BUT_LIQUID"": 20}",1.0,1.0
regime_enter_healthy_or_stable_fee,recent_48h,2h,intent_window,364,364,115,249,0,"{""ok"": 364}","{""HEALTHY_SHORT_HOLD"": 115, ""EXIT_DEPTH_THIN"": 125, ""WHALE_OR_HOLDER_CONCENTRATED"": 98, ""TVL_DROP"": 5, ""VOLATILE_BUT_LIQUID"": 21}","{""EXIT_DEPTH_THIN"": 125, ""WHALE_OR_HOLDER_CONCENTRATED"": 98, ""TVL_DROP"": 5, ""VOLATILE_BUT_LIQUID"": 21}",1.0,1.0
regime_enter_healthy_or_stable_fee,recent_48h,2h,pool_window,384,384,140,244,0,"{""ok"": 384}","{""HEALTHY_SHORT_HOLD"": 140, ""WHALE_OR_HOLDER_CONCENTRATED"": 96, ""EXIT_DEPTH_THIN"": 123, ""TVL_DROP"": 5, ""VOLATILE_BUT_LIQUID"": 20}","{""WHALE_OR_HOLDER_CONCENTRATED"": 96, ""EXIT_DEPTH_THIN"": 123, ""TVL_DROP"": 5, ""VOLATILE_BUT_LIQUID"": 20}",1.0,1.0
regime_enter_healthy_or_stable_fee,recent_48h,30m,intent_window,364,364,115,249,0,"{""ok"": 364}","{""EXIT_DEPTH_THIN"": 125, ""WHALE_OR_HOLDER_CONCENTRATED"": 98, ""HEALTHY_SHORT_HOLD"": 115, ""TVL_DROP"": 5, ""VOLATILE_BUT_LIQUID"": 21}","{""EXIT_DEPTH_THIN"": 125, ""WHALE_OR_HOLDER_CONCENTRATED"": 98, ""TVL_DROP"": 5, ""VOLATILE_BUT_LIQUID"": 21}",1.0,1.0
regime_enter_healthy_or_stable_fee,recent_48h,30m,pool_window,384,384,140,244,0,"{""ok"": 384}","{""WHALE_OR_HOLDER_CONCENTRATED"": 96, ""HEALTHY_SHORT_HOLD"": 140, ""EXIT_DEPTH_THIN"": 123, ""TVL_DROP"": 5, ""VOLATILE_BUT_LIQUID"": 20}","{""WHALE_OR_HOLDER_CONCENTRATED"": 96, ""EXIT_DEPTH_THIN"": 123, ""TVL_DROP"": 5, ""VOLATILE_BUT_LIQUID"": 20}",1.0,1.0
regime_enter_healthy_or_stable_fee,recent_72h,15m,intent_window,374,374,100,274,0,"{""ok"": 374}","{""EXIT_DEPTH_THIN"": 140, ""HEALTHY_SHORT_HOLD"": 100, ""WHALE_OR_HOLDER_CONCENTRATED"": 99, ""PRICE_SPIKE_VOLATILE"": 14, ""UNKNOWN"": 3, ""VOLATILE_BUT_LIQUID"": 16, ""TVL_DROP"": 2}","{""EXIT_DEPTH_THIN"": 140, ""WHALE_OR_HOLDER_CONCENTRATED"": 99, ""PRICE_SPIKE_VOLATILE"": 14, ""UNKNOWN"": 3, ""VOLATILE_BUT_LIQUID"": 16, ""TVL_DROP"": 2}",1.0,1.0
regime_enter_healthy_or_stable_fee,recent_72h,15m,pool_window,384,384,114,270,0,"{""ok"": 384}","{""HEALTHY_SHORT_HOLD"": 114, ""EXIT_DEPTH_THIN"": 140, ""WHALE_OR_HOLDER_CONCENTRATED"": 96, ""PRICE_SPIKE_VOLATILE"": 14, ""UNKNOWN"": 3, ""VOLATILE_BUT_LIQUID"": 15, ""TVL_DROP"": 2}","{""EXIT_DEPTH_THIN"": 140, ""WHALE_OR_HOLDER_CONCENTRATED"": 96, ""PRICE_SPIKE_VOLATILE"": 14, ""UNKNOWN"": 3, ""VOLATILE_BUT_LIQUID"": 15, ""TVL_DROP"": 2}",1.0,1.0
regime_enter_healthy_or_stable_fee,recent_72h,1h,intent_window,374,374,100,274,0,"{""ok"": 374}","{""EXIT_DEPTH_THIN"": 140, ""HEALTHY_SHORT_HOLD"": 100, ""WHALE_OR_HOLDER_CONCENTRATED"": 99, ""PRICE_SPIKE_VOLATILE"": 14, ""UNKNOWN"": 3, ""VOLATILE_BUT_LIQUID"": 16, ""TVL_DROP"": 2}","{""EXIT_DEPTH_THIN"": 140, ""WHALE_OR_HOLDER_CONCENTRATED"": 99, ""PRICE_SPIKE_VOLATILE"": 14, ""UNKNOWN"": 3, ""VOLATILE_BUT_LIQUID"": 16, ""TVL_DROP"": 2}",1.0,1.0
regime_enter_healthy_or_stable_fee,recent_72h,1h,pool_window,384,384,114,270,0,"{""ok"": 384}","{""EXIT_DEPTH_THIN"": 140, ""HEALTHY_SHORT_HOLD"": 114, ""WHALE_OR_HOLDER_CONCENTRATED"": 96, ""PRICE_SPIKE_VOLATILE"": 14, ""UNKNOWN"": 3, ""VOLATILE_BUT_LIQUID"": 15, ""TVL_DROP"": 2}","{""EXIT_DEPTH_THIN"": 140, ""WHALE_OR_HOLDER_CONCENTRATED"": 96, ""PRICE_SPIKE_VOLATILE"": 14, ""UNKNOWN"": 3, ""VOLATILE_BUT_LIQUID"": 15, ""TVL_DROP"": 2}",1.0,1.0
regime_enter_healthy_or_stable_fee,recent_72h,2h,intent_window,374,374,100,274,0,"{""ok"": 374}","{""WHALE_OR_HOLDER_CONCENTRATED"": 99, ""EXIT_DEPTH_THIN"": 140, ""HEALTHY_SHORT_HOLD"": 100, ""PRICE_SPIKE_VOLATILE"": 14, ""UNKNOWN"": 3, ""VOLATILE_BUT_LIQUID"": 16, ""TVL_DROP"": 2}","{""WHALE_OR_HOLDER_CONCENTRATED"": 99, ""EXIT_DEPTH_THIN"": 140, ""PRICE_SPIKE_VOLATILE"": 14, ""UNKNOWN"": 3, ""VOLATILE_BUT_LIQUID"": 16, ""TVL_DROP"": 2}",1.0,1.0
regime_enter_healthy_or_stable_fee,recent_72h,2h,pool_window,384,384,114,270,0,"{""ok"": 384}","{""EXIT_DEPTH_THIN"": 140, ""WHALE_OR_HOLDER_CONCENTRATED"": 96, ""HEALTHY_SHORT_HOLD"": 114, ""PRICE_SPIKE_VOLATILE"": 14, ""UNKNOWN"": 3, ""VOLATILE_BUT_LIQUID"": 15, ""TVL_DROP"": 2}","{""EXIT_DEPTH_THIN"": 140, ""WHALE_OR_HOLDER_CONCENTRATED"": 96, ""PRICE_SPIKE_VOLATILE"": 14, ""UNKNOWN"": 3, ""VOLATILE_BUT_LIQUID"": 15, ""TVL_DROP"": 2}",1.0,1.0
regime_enter_healthy_or_stable_fee,recent_72h,30m,intent_window,374,374,100,274,0,"{""ok"": 374}","{""EXIT_DEPTH_THIN"": 140, ""HEALTHY_SHORT_HOLD"": 100, ""WHALE_OR_HOLDER_CONCENTRATED"": 99, ""PRICE_SPIKE_VOLATILE"": 14, ""UNKNOWN"": 3, ""VOLATILE_BUT_LIQUID"": 16, ""TVL_DROP"": 2}","{""EXIT_DEPTH_THIN"": 140, ""WHALE_OR_HOLDER_CONCENTRATED"": 99, ""PRICE_SPIKE_VOLATILE"": 14, ""UNKNOWN"": 3, ""VOLATILE_BUT_LIQUID"": 16, ""TVL_DROP"": 2}",1.0,1.0
regime_enter_healthy_or_stable_fee,recent_72h,30m,pool_window,384,384,114,270,0,"{""ok"": 384}","{""HEALTHY_SHORT_HOLD"": 114, ""EXIT_DEPTH_THIN"": 140, ""WHALE_OR_HOLDER_CONCENTRATED"": 96, ""PRICE_SPIKE_VOLATILE"": 14, ""UNKNOWN"": 3, ""VOLATILE_BUT_LIQUID"": 15, ""TVL_DROP"": 2}","{""EXIT_DEPTH_THIN"": 140, ""WHALE_OR_HOLDER_CONCENTRATED"": 96, ""PRICE_SPIKE_VOLATILE"": 14, ""UNKNOWN"": 3, ""VOLATILE_BUT_LIQUID"": 15, ""TVL_DROP"": 2}",1.0,1.0
regime_enter_healthy_or_stable_fee,recent_7d,15m,intent_window,1390,1389,535,854,1,"{""ok"": 1389, ""invalid"": 1}","{""UNKNOWN"": 66, ""HEALTHY_SHORT_HOLD"": 535, ""WHALE_OR_HOLDER_CONCENTRATED"": 302, ""VOLATILE_BUT_LIQUID"": 82, ""EXIT_DEPTH_THIN"": 357, ""DATA_STALE_OR_INCOMPLETE"": 12, ""VOLUME_COLLAPSE"": 1, ""PRICE_SPIKE_VOLATILE"": 33, ""TVL_DROP"": 1}","{""UNKNOWN"": 66, ""WHALE_OR_HOLDER_CONCENTRATED"": 302, ""VOLATILE_BUT_LIQUID"": 82, ""EXIT_DEPTH_THIN"": 357, ""DATA_STALE_OR_INCOMPLETE"": 12, ""VOLUME_COLLAPSE"": 1, ""PRICE_SPIKE_VOLATILE"": 33, ""invalid_sample"": 1, ""TVL_DROP"": 1}",1.0,1.0
regime_enter_healthy_or_stable_fee,recent_7d,15m,pool_window,1860,1855,530,1325,5,"{""ok"": 1855, ""invalid"": 5}","{""UNKNOWN"": 520, ""HEALTHY_SHORT_HOLD"": 530, ""WHALE_OR_HOLDER_CONCENTRATED"": 324, ""VOLATILE_BUT_LIQUID"": 82, ""EXIT_DEPTH_THIN"": 348, ""DATA_STALE_OR_INCOMPLETE"": 16, ""VOLUME_COLLAPSE"": 1, ""PRICE_SPIKE_VOLATILE"": 33, ""TVL_DROP"": 1}","{""UNKNOWN"": 520, ""invalid_sample"": 5, ""WHALE_OR_HOLDER_CONCENTRATED"": 324, ""VOLATILE_BUT_LIQUID"": 82, ""EXIT_DEPTH_THIN"": 348, ""DATA_STALE_OR_INCOMPLETE"": 16, ""VOLUME_COLLAPSE"": 1, ""PRICE_SPIKE_VOLATILE"": 33, ""TVL_DROP"": 1}",1.0,1.0
regime_enter_healthy_or_stable_fee,recent_7d,1h,intent_window,1390,1386,532,854,4,"{""ok"": 1386, ""invalid"": 4}","{""UNKNOWN"": 66, ""HEALTHY_SHORT_HOLD"": 532, ""WHALE_OR_HOLDER_CONCENTRATED"": 302, ""VOLATILE_BUT_LIQUID"": 82, ""EXIT_DEPTH_THIN"": 357, ""DATA_STALE_OR_INCOMPLETE"": 12, ""VOLUME_COLLAPSE"": 1, ""PRICE_SPIKE_VOLATILE"": 33, ""TVL_DROP"": 1}","{""UNKNOWN"": 66, ""WHALE_OR_HOLDER_CONCENTRATED"": 302, ""VOLATILE_BUT_LIQUID"": 82, ""EXIT_DEPTH_THIN"": 357, ""DATA_STALE_OR_INCOMPLETE"": 12, ""VOLUME_COLLAPSE"": 1, ""PRICE_SPIKE_VOLATILE"": 33, ""invalid_sample"": 4, ""TVL_DROP"": 1}",1.0,1.0
regime_enter_healthy_or_stable_fee,recent_7d,1h,pool_window,1860,1852,527,1325,8,"{""ok"": 1852, ""invalid"": 8}","{""UNKNOWN"": 520, ""HEALTHY_SHORT_HOLD"": 527, ""WHALE_OR_HOLDER_CONCENTRATED"": 324, ""VOLATILE_BUT_LIQUID"": 82, ""EXIT_DEPTH_THIN"": 348, ""DATA_STALE_OR_INCOMPLETE"": 16, ""VOLUME_COLLAPSE"": 1, ""PRICE_SPIKE_VOLATILE"": 33, ""TVL_DROP"": 1}","{""UNKNOWN"": 520, ""invalid_sample"": 8, ""WHALE_OR_HOLDER_CONCENTRATED"": 324, ""VOLATILE_BUT_LIQUID"": 82, ""EXIT_DEPTH_THIN"": 348, ""DATA_STALE_OR_INCOMPLETE"": 16, ""VOLUME_COLLAPSE"": 1, ""PRICE_SPIKE_VOLATILE"": 33, ""TVL_DROP"": 1}",1.0,1.0
regime_enter_healthy_or_stable_fee,recent_7d,2h,intent_window,1390,1382,528,854,8,"{""ok"": 1382, ""invalid"": 8}","{""UNKNOWN"": 66, ""HEALTHY_SHORT_HOLD"": 528, ""WHALE_OR_HOLDER_CONCENTRATED"": 302, ""VOLATILE_BUT_LIQUID"": 82, ""EXIT_DEPTH_THIN"": 357, ""DATA_STALE_OR_INCOMPLETE"": 12, ""VOLUME_COLLAPSE"": 1, ""PRICE_SPIKE_VOLATILE"": 33, ""TVL_DROP"": 1}","{""UNKNOWN"": 66, ""WHALE_OR_HOLDER_CONCENTRATED"": 302, ""VOLATILE_BUT_LIQUID"": 82, ""EXIT_DEPTH_THIN"": 357, ""DATA_STALE_OR_INCOMPLETE"": 12, ""VOLUME_COLLAPSE"": 1, ""PRICE_SPIKE_VOLATILE"": 33, ""invalid_sample"": 8, ""TVL_DROP"": 1}",1.0,1.0
regime_enter_healthy_or_stable_fee,recent_7d,2h,pool_window,1860,1845,523,1322,15,"{""ok"": 1845, ""invalid"": 15}","{""UNKNOWN"": 520, ""HEALTHY_SHORT_HOLD"": 523, ""WHALE_OR_HOLDER_CONCENTRATED"": 323, ""VOLATILE_BUT_LIQUID"": 82, ""EXIT_DEPTH_THIN"": 348, ""DATA_STALE_OR_INCOMPLETE"": 14, ""VOLUME_COLLAPSE"": 1, ""PRICE_SPIKE_VOLATILE"": 33, ""TVL_DROP"": 1}","{""UNKNOWN"": 520, ""invalid_sample"": 15, ""WHALE_OR_HOLDER_CONCENTRATED"": 323, ""VOLATILE_BUT_LIQUID"": 82, ""EXIT_DEPTH_THIN"": 348, ""DATA_STALE_OR_INCOMPLETE"": 14, ""VOLUME_COLLAPSE"": 1, ""PRICE_SPIKE_VOLATILE"": 33, ""TVL_DROP"": 1}",1.0,1.0
regime_enter_healthy_or_stable_fee,recent_7d,30m,intent_window,1390,1388,534,854,2,"{""ok"": 1388, ""invalid"": 2}","{""UNKNOWN"": 66, ""WHALE_OR_HOLDER_CONCENTRATED"": 302, ""HEALTHY_SHORT_HOLD"": 534, ""VOLATILE_BUT_LIQUID"": 82, ""EXIT_DEPTH_THIN"": 357, ""DATA_STALE_OR_INCOMPLETE"": 12, ""VOLUME_COLLAPSE"": 1, ""PRICE_SPIKE_VOLATILE"": 33, ""TVL_DROP"": 1}","{""UNKNOWN"": 66, ""WHALE_OR_HOLDER_CONCENTRATED"": 302, ""VOLATILE_BUT_LIQUID"": 82, ""EXIT_DEPTH_THIN"": 357, ""DATA_STALE_OR_INCOMPLETE"": 12, ""VOLUME_COLLAPSE"": 1, ""PRICE_SPIKE_VOLATILE"": 33, ""invalid_sample"": 2, ""TVL_DROP"": 1}",1.0,1.0
regime_enter_healthy_or_stable_fee,recent_7d,30m,pool_window,1860,1854,529,1325,6,"{""ok"": 1854, ""invalid"": 6}","{""UNKNOWN"": 520, ""HEALTHY_SHORT_HOLD"": 529, ""WHALE_OR_HOLDER_CONCENTRATED"": 324, ""VOLATILE_BUT_LIQUID"": 82, ""EXIT_DEPTH_THIN"": 348, ""DATA_STALE_OR_INCOMPLETE"": 16, ""VOLUME_COLLAPSE"": 1, ""PRICE_SPIKE_VOLATILE"": 33, ""TVL_DROP"": 1}","{""UNKNOWN"": 520, ""invalid_sample"": 6, ""WHALE_OR_HOLDER_CONCENTRATED"": 324, ""VOLATILE_BUT_LIQUID"": 82, ""EXIT_DEPTH_THIN"": 348, ""DATA_STALE_OR_INCOMPLETE"": 16, ""VOLUME_COLLAPSE"": 1, ""PRICE_SPIKE_VOLATILE"": 33, ""TVL_DROP"": 1}",1.0,1.0
regime_enter_only_healthy,recent_24h,15m,intent_window,352,348,208,140,4,"{""ok"": 348, ""invalid"": 4}","{""EXIT_DEPTH_THIN"": 47, ""WHALE_OR_HOLDER_CONCENTRATED"": 88, ""HEALTHY_SHORT_HOLD"": 208, ""VOLATILE_BUT_LIQUID"": 4, ""PRICE_SPIKE_VOLATILE"": 1}","{""EXIT_DEPTH_THIN"": 47, ""WHALE_OR_HOLDER_CONCENTRATED"": 88, ""VOLATILE_BUT_LIQUID"": 4, ""PRICE_SPIKE_VOLATILE"": 1, ""invalid_sample"": 4}",1.0,1.0
regime_enter_only_healthy,recent_24h,15m,pool_window,352,344,204,140,8,"{""ok"": 344, ""invalid"": 8}","{""WHALE_OR_HOLDER_CONCENTRATED"": 86, ""EXIT_DEPTH_THIN"": 49, ""HEALTHY_SHORT_HOLD"": 204, ""VOLATILE_BUT_LIQUID"": 4, ""PRICE_SPIKE_VOLATILE"": 1}","{""WHALE_OR_HOLDER_CONCENTRATED"": 86, ""EXIT_DEPTH_THIN"": 49, ""VOLATILE_BUT_LIQUID"": 4, ""PRICE_SPIKE_VOLATILE"": 1, ""invalid_sample"": 8}",1.0,1.0
regime_enter_only_healthy,recent_24h,1h,intent_window,352,336,199,137,16,"{""ok"": 336, ""invalid"": 16}","{""EXIT_DEPTH_THIN"": 47, ""WHALE_OR_HOLDER_CONCENTRATED"": 85, ""HEALTHY_SHORT_HOLD"": 199, ""VOLATILE_BUT_LIQUID"": 4, ""PRICE_SPIKE_VOLATILE"": 1}","{""EXIT_DEPTH_THIN"": 47, ""WHALE_OR_HOLDER_CONCENTRATED"": 85, ""VOLATILE_BUT_LIQUID"": 4, ""PRICE_SPIKE_VOLATILE"": 1, ""invalid_sample"": 16}",1.0,1.0
regime_enter_only_healthy,recent_24h,1h,pool_window,352,332,195,137,20,"{""ok"": 332, ""invalid"": 20}","{""EXIT_DEPTH_THIN"": 49, ""HEALTHY_SHORT_HOLD"": 195, ""WHALE_OR_HOLDER_CONCENTRATED"": 83, ""VOLATILE_BUT_LIQUID"": 4, ""PRICE_SPIKE_VOLATILE"": 1}","{""EXIT_DEPTH_THIN"": 49, ""WHALE_OR_HOLDER_CONCENTRATED"": 83, ""VOLATILE_BUT_LIQUID"": 4, ""PRICE_SPIKE_VOLATILE"": 1, ""invalid_sample"": 20}",1.0,1.0
regime_enter_only_healthy,recent_24h,2h,intent_window,352,320,187,133,32,"{""ok"": 320, ""invalid"": 32}","{""HEALTHY_SHORT_HOLD"": 187, ""WHALE_OR_HOLDER_CONCENTRATED"": 81, ""EXIT_DEPTH_THIN"": 47, ""VOLATILE_BUT_LIQUID"": 4, ""PRICE_SPIKE_VOLATILE"": 1}","{""WHALE_OR_HOLDER_CONCENTRATED"": 81, ""EXIT_DEPTH_THIN"": 47, ""VOLATILE_BUT_LIQUID"": 4, ""PRICE_SPIKE_VOLATILE"": 1, ""invalid_sample"": 32}",1.0,1.0
regime_enter_only_healthy,recent_24h,2h,pool_window,352,316,183,133,36,"{""ok"": 316, ""invalid"": 36}","{""EXIT_DEPTH_THIN"": 49, ""HEALTHY_SHORT_HOLD"": 183, ""WHALE_OR_HOLDER_CONCENTRATED"": 79, ""VOLATILE_BUT_LIQUID"": 4, ""PRICE_SPIKE_VOLATILE"": 1}","{""EXIT_DEPTH_THIN"": 49, ""WHALE_OR_HOLDER_CONCENTRATED"": 79, ""VOLATILE_BUT_LIQUID"": 4, ""PRICE_SPIKE_VOLATILE"": 1, ""invalid_sample"": 36}",1.0,1.0
regime_enter_only_healthy,recent_24h,30m,intent_window,352,344,205,139,8,"{""ok"": 344, ""invalid"": 8}","{""EXIT_DEPTH_THIN"": 47, ""WHALE_OR_HOLDER_CONCENTRATED"": 87, ""HEALTHY_SHORT_HOLD"": 205, ""VOLATILE_BUT_LIQUID"": 4, ""PRICE_SPIKE_VOLATILE"": 1}","{""EXIT_DEPTH_THIN"": 47, ""WHALE_OR_HOLDER_CONCENTRATED"": 87, ""VOLATILE_BUT_LIQUID"": 4, ""PRICE_SPIKE_VOLATILE"": 1, ""invalid_sample"": 8}",1.0,1.0
regime_enter_only_healthy,recent_24h,30m,pool_window,352,340,201,139,12,"{""ok"": 340, ""invalid"": 12}","{""WHALE_OR_HOLDER_CONCENTRATED"": 85, ""EXIT_DEPTH_THIN"": 49, ""HEALTHY_SHORT_HOLD"": 201, ""VOLATILE_BUT_LIQUID"": 4, ""PRICE_SPIKE_VOLATILE"": 1}","{""WHALE_OR_HOLDER_CONCENTRATED"": 85, ""EXIT_DEPTH_THIN"": 49, ""VOLATILE_BUT_LIQUID"": 4, ""PRICE_SPIKE_VOLATILE"": 1, ""invalid_sample"": 12}",1.0,1.0
regime_enter_only_healthy,recent_48h,15m,intent_window,364,364,115,249,0,"{""ok"": 364}","{""HEALTHY_SHORT_HOLD"": 115, ""EXIT_DEPTH_THIN"": 125, ""WHALE_OR_HOLDER_CONCENTRATED"": 98, ""TVL_DROP"": 5, ""VOLATILE_BUT_LIQUID"": 21}","{""EXIT_DEPTH_THIN"": 125, ""WHALE_OR_HOLDER_CONCENTRATED"": 98, ""TVL_DROP"": 5, ""VOLATILE_BUT_LIQUID"": 21}",1.0,1.0
regime_enter_only_healthy,recent_48h,15m,pool_window,384,384,140,244,0,"{""ok"": 384}","{""WHALE_OR_HOLDER_CONCENTRATED"": 96, ""HEALTHY_SHORT_HOLD"": 140, ""EXIT_DEPTH_THIN"": 123, ""TVL_DROP"": 5, ""VOLATILE_BUT_LIQUID"": 20}","{""WHALE_OR_HOLDER_CONCENTRATED"": 96, ""EXIT_DEPTH_THIN"": 123, ""TVL_DROP"": 5, ""VOLATILE_BUT_LIQUID"": 20}",1.0,1.0
regime_enter_only_healthy,recent_48h,1h,intent_window,364,364,115,249,0,"{""ok"": 364}","{""EXIT_DEPTH_THIN"": 125, ""WHALE_OR_HOLDER_CONCENTRATED"": 98, ""HEALTHY_SHORT_HOLD"": 115, ""TVL_DROP"": 5, ""VOLATILE_BUT_LIQUID"": 21}","{""EXIT_DEPTH_THIN"": 125, ""WHALE_OR_HOLDER_CONCENTRATED"": 98, ""TVL_DROP"": 5, ""VOLATILE_BUT_LIQUID"": 21}",1.0,1.0
regime_enter_only_healthy,recent_48h,1h,pool_window,384,384,140,244,0,"{""ok"": 384}","{""HEALTHY_SHORT_HOLD"": 140, ""EXIT_DEPTH_THIN"": 123, ""WHALE_OR_HOLDER_CONCENTRATED"": 96, ""TVL_DROP"": 5, ""VOLATILE_BUT_LIQUID"": 20}","{""EXIT_DEPTH_THIN"": 123, ""WHALE_OR_HOLDER_CONCENTRATED"": 96, ""TVL_DROP"": 5, ""VOLATILE_BUT_LIQUID"": 20}",1.0,1.0
regime_enter_only_healthy,recent_48h,2h,intent_window,364,364,115,249,0,"{""ok"": 364}","{""HEALTHY_SHORT_HOLD"": 115, ""EXIT_DEPTH_THIN"": 125, ""WHALE_OR_HOLDER_CONCENTRATED"": 98, ""TVL_DROP"": 5, ""VOLATILE_BUT_LIQUID"": 21}","{""EXIT_DEPTH_THIN"": 125, ""WHALE_OR_HOLDER_CONCENTRATED"": 98, ""TVL_DROP"": 5, ""VOLATILE_BUT_LIQUID"": 21}",1.0,1.0
regime_enter_only_healthy,recent_48h,2h,pool_window,384,384,140,244,0,"{""ok"": 384}","{""HEALTHY_SHORT_HOLD"": 140, ""WHALE_OR_HOLDER_CONCENTRATED"": 96, ""EXIT_DEPTH_THIN"": 123, ""TVL_DROP"": 5, ""VOLATILE_BUT_LIQUID"": 20}","{""WHALE_OR_HOLDER_CONCENTRATED"": 96, ""EXIT_DEPTH_THIN"": 123, ""TVL_DROP"": 5, ""VOLATILE_BUT_LIQUID"": 20}",1.0,1.0
regime_enter_only_healthy,recent_48h,30m,intent_window,364,364,115,249,0,"{""ok"": 364}","{""EXIT_DEPTH_THIN"": 125, ""WHALE_OR_HOLDER_CONCENTRATED"": 98, ""HEALTHY_SHORT_HOLD"": 115, ""TVL_DROP"": 5, ""VOLATILE_BUT_LIQUID"": 21}","{""EXIT_DEPTH_THIN"": 125, ""WHALE_OR_HOLDER_CONCENTRATED"": 98, ""TVL_DROP"": 5, ""VOLATILE_BUT_LIQUID"": 21}",1.0,1.0
regime_enter_only_healthy,recent_48h,30m,pool_window,384,384,140,244,0,"{""ok"": 384}","{""WHALE_OR_HOLDER_CONCENTRATED"": 96, ""HEALTHY_SHORT_HOLD"": 140, ""EXIT_DEPTH_THIN"": 123, ""TVL_DROP"": 5, ""VOLATILE_BUT_LIQUID"": 20}","{""WHALE_OR_HOLDER_CONCENTRATED"": 96, ""EXIT_DEPTH_THIN"": 123, ""TVL_DROP"": 5, ""VOLATILE_BUT_LIQUID"": 20}",1.0,1.0
regime_enter_only_healthy,recent_72h,15m,intent_window,374,374,100,274,0,"{""ok"": 374}","{""EXIT_DEPTH_THIN"": 140, ""HEALTHY_SHORT_HOLD"": 100, ""WHALE_OR_HOLDER_CONCENTRATED"": 99, ""PRICE_SPIKE_VOLATILE"": 14, ""UNKNOWN"": 3, ""VOLATILE_BUT_LIQUID"": 16, ""TVL_DROP"": 2}","{""EXIT_DEPTH_THIN"": 140, ""WHALE_OR_HOLDER_CONCENTRATED"": 99, ""PRICE_SPIKE_VOLATILE"": 14, ""UNKNOWN"": 3, ""VOLATILE_BUT_LIQUID"": 16, ""TVL_DROP"": 2}",1.0,1.0
regime_enter_only_healthy,recent_72h,15m,pool_window,384,384,114,270,0,"{""ok"": 384}","{""HEALTHY_SHORT_HOLD"": 114, ""EXIT_DEPTH_THIN"": 140, ""WHALE_OR_HOLDER_CONCENTRATED"": 96, ""PRICE_SPIKE_VOLATILE"": 14, ""UNKNOWN"": 3, ""VOLATILE_BUT_LIQUID"": 15, ""TVL_DROP"": 2}","{""EXIT_DEPTH_THIN"": 140, ""WHALE_OR_HOLDER_CONCENTRATED"": 96, ""PRICE_SPIKE_VOLATILE"": 14, ""UNKNOWN"": 3, ""VOLATILE_BUT_LIQUID"": 15, ""TVL_DROP"": 2}",1.0,1.0
regime_enter_only_healthy,recent_72h,1h,intent_window,374,374,100,274,0,"{""ok"": 374}","{""EXIT_DEPTH_THIN"": 140, ""HEALTHY_SHORT_HOLD"": 100, ""WHALE_OR_HOLDER_CONCENTRATED"": 99, ""PRICE_SPIKE_VOLATILE"": 14, ""UNKNOWN"": 3, ""VOLATILE_BUT_LIQUID"": 16, ""TVL_DROP"": 2}","{""EXIT_DEPTH_THIN"": 140, ""WHALE_OR_HOLDER_CONCENTRATED"": 99, ""PRICE_SPIKE_VOLATILE"": 14, ""UNKNOWN"": 3, ""VOLATILE_BUT_LIQUID"": 16, ""TVL_DROP"": 2}",1.0,1.0
regime_enter_only_healthy,recent_72h,1h,pool_window,384,384,114,270,0,"{""ok"": 384}","{""EXIT_DEPTH_THIN"": 140, ""HEALTHY_SHORT_HOLD"": 114, ""WHALE_OR_HOLDER_CONCENTRATED"": 96, ""PRICE_SPIKE_VOLATILE"": 14, ""UNKNOWN"": 3, ""VOLATILE_BUT_LIQUID"": 15, ""TVL_DROP"": 2}","{""EXIT_DEPTH_THIN"": 140, ""WHALE_OR_HOLDER_CONCENTRATED"": 96, ""PRICE_SPIKE_VOLATILE"": 14, ""UNKNOWN"": 3, ""VOLATILE_BUT_LIQUID"": 15, ""TVL_DROP"": 2}",1.0,1.0
regime_enter_only_healthy,recent_72h,2h,intent_window,374,374,100,274,0,"{""ok"": 374}","{""WHALE_OR_HOLDER_CONCENTRATED"": 99, ""EXIT_DEPTH_THIN"": 140, ""HEALTHY_SHORT_HOLD"": 100, ""PRICE_SPIKE_VOLATILE"": 14, ""UNKNOWN"": 3, ""VOLATILE_BUT_LIQUID"": 16, ""TVL_DROP"": 2}","{""WHALE_OR_HOLDER_CONCENTRATED"": 99, ""EXIT_DEPTH_THIN"": 140, ""PRICE_SPIKE_VOLATILE"": 14, ""UNKNOWN"": 3, ""VOLATILE_BUT_LIQUID"": 16, ""TVL_DROP"": 2}",1.0,1.0
regime_enter_only_healthy,recent_72h,2h,pool_window,384,384,114,270,0,"{""ok"": 384}","{""EXIT_DEPTH_THIN"": 140, ""WHALE_OR_HOLDER_CONCENTRATED"": 96, ""HEALTHY_SHORT_HOLD"": 114, ""PRICE_SPIKE_VOLATILE"": 14, ""UNKNOWN"": 3, ""VOLATILE_BUT_LIQUID"": 15, ""TVL_DROP"": 2}","{""EXIT_DEPTH_THIN"": 140, ""WHALE_OR_HOLDER_CONCENTRATED"": 96, ""PRICE_SPIKE_VOLATILE"": 14, ""UNKNOWN"": 3, ""VOLATILE_BUT_LIQUID"": 15, ""TVL_DROP"": 2}",1.0,1.0
regime_enter_only_healthy,recent_72h,30m,intent_window,374,374,100,274,0,"{""ok"": 374}","{""EXIT_DEPTH_THIN"": 140, ""HEALTHY_SHORT_HOLD"": 100, ""WHALE_OR_HOLDER_CONCENTRATED"": 99, ""PRICE_SPIKE_VOLATILE"": 14, ""UNKNOWN"": 3, ""VOLATILE_BUT_LIQUID"": 16, ""TVL_DROP"": 2}","{""EXIT_DEPTH_THIN"": 140, ""WHALE_OR_HOLDER_CONCENTRATED"": 99, ""PRICE_SPIKE_VOLATILE"": 14, ""UNKNOWN"": 3, ""VOLATILE_BUT_LIQUID"": 16, ""TVL_DROP"": 2}",1.0,1.0
regime_enter_only_healthy,recent_72h,30m,pool_window,384,384,114,270,0,"{""ok"": 384}","{""HEALTHY_SHORT_HOLD"": 114, ""EXIT_DEPTH_THIN"": 140, ""WHALE_OR_HOLDER_CONCENTRATED"": 96, ""PRICE_SPIKE_VOLATILE"": 14, ""UNKNOWN"": 3, ""VOLATILE_BUT_LIQUID"": 15, ""TVL_DROP"": 2}","{""EXIT_DEPTH_THIN"": 140, ""WHALE_OR_HOLDER_CONCENTRATED"": 96, ""PRICE_SPIKE_VOLATILE"": 14, ""UNKNOWN"": 3, ""VOLATILE_BUT_LIQUID"": 15, ""TVL_DROP"": 2}",1.0,1.0
regime_enter_only_healthy,recent_7d,15m,intent_window,1390,1389,535,854,1,"{""ok"": 1389, ""invalid"": 1}","{""UNKNOWN"": 66, ""HEALTHY_SHORT_HOLD"": 535, ""WHALE_OR_HOLDER_CONCENTRATED"": 302, ""VOLATILE_BUT_LIQUID"": 82, ""EXIT_DEPTH_THIN"": 357, ""DATA_STALE_OR_INCOMPLETE"": 12, ""VOLUME_COLLAPSE"": 1, ""PRICE_SPIKE_VOLATILE"": 33, ""TVL_DROP"": 1}","{""UNKNOWN"": 66, ""WHALE_OR_HOLDER_CONCENTRATED"": 302, ""VOLATILE_BUT_LIQUID"": 82, ""EXIT_DEPTH_THIN"": 357, ""DATA_STALE_OR_INCOMPLETE"": 12, ""VOLUME_COLLAPSE"": 1, ""PRICE_SPIKE_VOLATILE"": 33, ""invalid_sample"": 1, ""TVL_DROP"": 1}",1.0,1.0
regime_enter_only_healthy,recent_7d,15m,pool_window,1860,1855,530,1325,5,"{""ok"": 1855, ""invalid"": 5}","{""UNKNOWN"": 520, ""HEALTHY_SHORT_HOLD"": 530, ""WHALE_OR_HOLDER_CONCENTRATED"": 324, ""VOLATILE_BUT_LIQUID"": 82, ""EXIT_DEPTH_THIN"": 348, ""DATA_STALE_OR_INCOMPLETE"": 16, ""VOLUME_COLLAPSE"": 1, ""PRICE_SPIKE_VOLATILE"": 33, ""TVL_DROP"": 1}","{""UNKNOWN"": 520, ""invalid_sample"": 5, ""WHALE_OR_HOLDER_CONCENTRATED"": 324, ""VOLATILE_BUT_LIQUID"": 82, ""EXIT_DEPTH_THIN"": 348, ""DATA_STALE_OR_INCOMPLETE"": 16, ""VOLUME_COLLAPSE"": 1, ""PRICE_SPIKE_VOLATILE"": 33, ""TVL_DROP"": 1}",1.0,1.0
regime_enter_only_healthy,recent_7d,1h,intent_window,1390,1386,532,854,4,"{""ok"": 1386, ""invalid"": 4}","{""UNKNOWN"": 66, ""HEALTHY_SHORT_HOLD"": 532, ""WHALE_OR_HOLDER_CONCENTRATED"": 302, ""VOLATILE_BUT_LIQUID"": 82, ""EXIT_DEPTH_THIN"": 357, ""DATA_STALE_OR_INCOMPLETE"": 12, ""VOLUME_COLLAPSE"": 1, ""PRICE_SPIKE_VOLATILE"": 33, ""TVL_DROP"": 1}","{""UNKNOWN"": 66, ""WHALE_OR_HOLDER_CONCENTRATED"": 302, ""VOLATILE_BUT_LIQUID"": 82, ""EXIT_DEPTH_THIN"": 357, ""DATA_STALE_OR_INCOMPLETE"": 12, ""VOLUME_COLLAPSE"": 1, ""PRICE_SPIKE_VOLATILE"": 33, ""invalid_sample"": 4, ""TVL_DROP"": 1}",1.0,1.0
regime_enter_only_healthy,recent_7d,1h,pool_window,1860,1852,527,1325,8,"{""ok"": 1852, ""invalid"": 8}","{""UNKNOWN"": 520, ""HEALTHY_SHORT_HOLD"": 527, ""WHALE_OR_HOLDER_CONCENTRATED"": 324, ""VOLATILE_BUT_LIQUID"": 82, ""EXIT_DEPTH_THIN"": 348, ""DATA_STALE_OR_INCOMPLETE"": 16, ""VOLUME_COLLAPSE"": 1, ""PRICE_SPIKE_VOLATILE"": 33, ""TVL_DROP"": 1}","{""UNKNOWN"": 520, ""invalid_sample"": 8, ""WHALE_OR_HOLDER_CONCENTRATED"": 324, ""VOLATILE_BUT_LIQUID"": 82, ""EXIT_DEPTH_THIN"": 348, ""DATA_STALE_OR_INCOMPLETE"": 16, ""VOLUME_COLLAPSE"": 1, ""PRICE_SPIKE_VOLATILE"": 33, ""TVL_DROP"": 1}",1.0,1.0
regime_enter_only_healthy,recent_7d,2h,intent_window,1390,1382,528,854,8,"{""ok"": 1382, ""invalid"": 8}","{""UNKNOWN"": 66, ""HEALTHY_SHORT_HOLD"": 528, ""WHALE_OR_HOLDER_CONCENTRATED"": 302, ""VOLATILE_BUT_LIQUID"": 82, ""EXIT_DEPTH_THIN"": 357, ""DATA_STALE_OR_INCOMPLETE"": 12, ""VOLUME_COLLAPSE"": 1, ""PRICE_SPIKE_VOLATILE"": 33, ""TVL_DROP"": 1}","{""UNKNOWN"": 66, ""WHALE_OR_HOLDER_CONCENTRATED"": 302, ""VOLATILE_BUT_LIQUID"": 82, ""EXIT_DEPTH_THIN"": 357, ""DATA_STALE_OR_INCOMPLETE"": 12, ""VOLUME_COLLAPSE"": 1, ""PRICE_SPIKE_VOLATILE"": 33, ""invalid_sample"": 8, ""TVL_DROP"": 1}",1.0,1.0
regime_enter_only_healthy,recent_7d,2h,pool_window,1860,1845,523,1322,15,"{""ok"": 1845, ""invalid"": 15}","{""UNKNOWN"": 520, ""HEALTHY_SHORT_HOLD"": 523, ""WHALE_OR_HOLDER_CONCENTRATED"": 323, ""VOLATILE_BUT_LIQUID"": 82, ""EXIT_DEPTH_THIN"": 348, ""DATA_STALE_OR_INCOMPLETE"": 14, ""VOLUME_COLLAPSE"": 1, ""PRICE_SPIKE_VOLATILE"": 33, ""TVL_DROP"": 1}","{""UNKNOWN"": 520, ""invalid_sample"": 15, ""WHALE_OR_HOLDER_CONCENTRATED"": 323, ""VOLATILE_BUT_LIQUID"": 82, ""EXIT_DEPTH_THIN"": 348, ""DATA_STALE_OR_INCOMPLETE"": 14, ""VOLUME_COLLAPSE"": 1, ""PRICE_SPIKE_VOLATILE"": 33, ""TVL_DROP"": 1}",1.0,1.0
regime_enter_only_healthy,recent_7d,30m,intent_window,1390,1388,534,854,2,"{""ok"": 1388, ""invalid"": 2}","{""UNKNOWN"": 66, ""WHALE_OR_HOLDER_CONCENTRATED"": 302, ""HEALTHY_SHORT_HOLD"": 534, ""VOLATILE_BUT_LIQUID"": 82, ""EXIT_DEPTH_THIN"": 357, ""DATA_STALE_OR_INCOMPLETE"": 12, ""VOLUME_COLLAPSE"": 1, ""PRICE_SPIKE_VOLATILE"": 33, ""TVL_DROP"": 1}","{""UNKNOWN"": 66, ""WHALE_OR_HOLDER_CONCENTRATED"": 302, ""VOLATILE_BUT_LIQUID"": 82, ""EXIT_DEPTH_THIN"": 357, ""DATA_STALE_OR_INCOMPLETE"": 12, ""VOLUME_COLLAPSE"": 1, ""PRICE_SPIKE_VOLATILE"": 33, ""invalid_sample"": 2, ""TVL_DROP"": 1}",1.0,1.0
regime_enter_only_healthy,recent_7d,30m,pool_window,1860,1854,529,1325,6,"{""ok"": 1854, ""invalid"": 6}","{""UNKNOWN"": 520, ""HEALTHY_SHORT_HOLD"": 529, ""WHALE_OR_HOLDER_CONCENTRATED"": 324, ""VOLATILE_BUT_LIQUID"": 82, ""EXIT_DEPTH_THIN"": 348, ""DATA_STALE_OR_INCOMPLETE"": 16, ""VOLUME_COLLAPSE"": 1, ""PRICE_SPIKE_VOLATILE"": 33, ""TVL_DROP"": 1}","{""UNKNOWN"": 520, ""invalid_sample"": 6, ""WHALE_OR_HOLDER_CONCENTRATED"": 324, ""VOLATILE_BUT_LIQUID"": 82, ""EXIT_DEPTH_THIN"": 348, ""DATA_STALE_OR_INCOMPLETE"": 16, ""VOLUME_COLLAPSE"": 1, ""PRICE_SPIKE_VOLATILE"": 33, ""TVL_DROP"": 1}",1.0,1.0
regime_exclude_bad_all,recent_24h,15m,intent_window,352,348,212,136,4,"{""ok"": 348, ""invalid"": 4}","{""EXIT_DEPTH_THIN"": 47, ""WHALE_OR_HOLDER_CONCENTRATED"": 88, ""HEALTHY_SHORT_HOLD"": 208, ""VOLATILE_BUT_LIQUID"": 4, ""PRICE_SPIKE_VOLATILE"": 1}","{""EXIT_DEPTH_THIN"": 47, ""WHALE_OR_HOLDER_CONCENTRATED"": 88, ""PRICE_SPIKE_VOLATILE"": 1, ""invalid_sample"": 4}",1.0,1.0
regime_exclude_bad_all,recent_24h,15m,pool_window,352,344,208,136,8,"{""ok"": 344, ""invalid"": 8}","{""WHALE_OR_HOLDER_CONCENTRATED"": 86, ""EXIT_DEPTH_THIN"": 49, ""HEALTHY_SHORT_HOLD"": 204, ""VOLATILE_BUT_LIQUID"": 4, ""PRICE_SPIKE_VOLATILE"": 1}","{""WHALE_OR_HOLDER_CONCENTRATED"": 86, ""EXIT_DEPTH_THIN"": 49, ""PRICE_SPIKE_VOLATILE"": 1, ""invalid_sample"": 8}",1.0,1.0
regime_exclude_bad_all,recent_24h,1h,intent_window,352,336,203,133,16,"{""ok"": 336, ""invalid"": 16}","{""EXIT_DEPTH_THIN"": 47, ""WHALE_OR_HOLDER_CONCENTRATED"": 85, ""HEALTHY_SHORT_HOLD"": 199, ""VOLATILE_BUT_LIQUID"": 4, ""PRICE_SPIKE_VOLATILE"": 1}","{""EXIT_DEPTH_THIN"": 47, ""WHALE_OR_HOLDER_CONCENTRATED"": 85, ""PRICE_SPIKE_VOLATILE"": 1, ""invalid_sample"": 16}",1.0,1.0
regime_exclude_bad_all,recent_24h,1h,pool_window,352,332,199,133,20,"{""ok"": 332, ""invalid"": 20}","{""EXIT_DEPTH_THIN"": 49, ""HEALTHY_SHORT_HOLD"": 195, ""WHALE_OR_HOLDER_CONCENTRATED"": 83, ""VOLATILE_BUT_LIQUID"": 4, ""PRICE_SPIKE_VOLATILE"": 1}","{""EXIT_DEPTH_THIN"": 49, ""WHALE_OR_HOLDER_CONCENTRATED"": 83, ""PRICE_SPIKE_VOLATILE"": 1, ""invalid_sample"": 20}",1.0,1.0
regime_exclude_bad_all,recent_24h,2h,intent_window,352,320,191,129,32,"{""ok"": 320, ""invalid"": 32}","{""HEALTHY_SHORT_HOLD"": 187, ""WHALE_OR_HOLDER_CONCENTRATED"": 81, ""EXIT_DEPTH_THIN"": 47, ""VOLATILE_BUT_LIQUID"": 4, ""PRICE_SPIKE_VOLATILE"": 1}","{""WHALE_OR_HOLDER_CONCENTRATED"": 81, ""EXIT_DEPTH_THIN"": 47, ""PRICE_SPIKE_VOLATILE"": 1, ""invalid_sample"": 32}",1.0,1.0
regime_exclude_bad_all,recent_24h,2h,pool_window,352,316,187,129,36,"{""ok"": 316, ""invalid"": 36}","{""EXIT_DEPTH_THIN"": 49, ""HEALTHY_SHORT_HOLD"": 183, ""WHALE_OR_HOLDER_CONCENTRATED"": 79, ""VOLATILE_BUT_LIQUID"": 4, ""PRICE_SPIKE_VOLATILE"": 1}","{""EXIT_DEPTH_THIN"": 49, ""WHALE_OR_HOLDER_CONCENTRATED"": 79, ""PRICE_SPIKE_VOLATILE"": 1, ""invalid_sample"": 36}",1.0,1.0
regime_exclude_bad_all,recent_24h,30m,intent_window,352,344,209,135,8,"{""ok"": 344, ""invalid"": 8}","{""EXIT_DEPTH_THIN"": 47, ""WHALE_OR_HOLDER_CONCENTRATED"": 87, ""HEALTHY_SHORT_HOLD"": 205, ""VOLATILE_BUT_LIQUID"": 4, ""PRICE_SPIKE_VOLATILE"": 1}","{""EXIT_DEPTH_THIN"": 47, ""WHALE_OR_HOLDER_CONCENTRATED"": 87, ""PRICE_SPIKE_VOLATILE"": 1, ""invalid_sample"": 8}",1.0,1.0
regime_exclude_bad_all,recent_24h,30m,pool_window,352,340,205,135,12,"{""ok"": 340, ""invalid"": 12}","{""WHALE_OR_HOLDER_CONCENTRATED"": 85, ""EXIT_DEPTH_THIN"": 49, ""HEALTHY_SHORT_HOLD"": 201, ""VOLATILE_BUT_LIQUID"": 4, ""PRICE_SPIKE_VOLATILE"": 1}","{""WHALE_OR_HOLDER_CONCENTRATED"": 85, ""EXIT_DEPTH_THIN"": 49, ""PRICE_SPIKE_VOLATILE"": 1, ""invalid_sample"": 12}",1.0,1.0
regime_exclude_bad_all,recent_48h,15m,intent_window,364,364,136,228,0,"{""ok"": 364}","{""HEALTHY_SHORT_HOLD"": 115, ""EXIT_DEPTH_THIN"": 125, ""WHALE_OR_HOLDER_CONCENTRATED"": 98, ""TVL_DROP"": 5, ""VOLATILE_BUT_LIQUID"": 21}","{""EXIT_DEPTH_THIN"": 125, ""WHALE_OR_HOLDER_CONCENTRATED"": 98, ""TVL_DROP"": 5}",1.0,1.0
regime_exclude_bad_all,recent_48h,15m,pool_window,384,384,160,224,0,"{""ok"": 384}","{""WHALE_OR_HOLDER_CONCENTRATED"": 96, ""HEALTHY_SHORT_HOLD"": 140, ""EXIT_DEPTH_THIN"": 123, ""TVL_DROP"": 5, ""VOLATILE_BUT_LIQUID"": 20}","{""WHALE_OR_HOLDER_CONCENTRATED"": 96, ""EXIT_DEPTH_THIN"": 123, ""TVL_DROP"": 5}",1.0,1.0
regime_exclude_bad_all,recent_48h,1h,intent_window,364,364,136,228,0,"{""ok"": 364}","{""EXIT_DEPTH_THIN"": 125, ""WHALE_OR_HOLDER_CONCENTRATED"": 98, ""HEALTHY_SHORT_HOLD"": 115, ""TVL_DROP"": 5, ""VOLATILE_BUT_LIQUID"": 21}","{""EXIT_DEPTH_THIN"": 125, ""WHALE_OR_HOLDER_CONCENTRATED"": 98, ""TVL_DROP"": 5}",1.0,1.0
regime_exclude_bad_all,recent_48h,1h,pool_window,384,384,160,224,0,"{""ok"": 384}","{""HEALTHY_SHORT_HOLD"": 140, ""EXIT_DEPTH_THIN"": 123, ""WHALE_OR_HOLDER_CONCENTRATED"": 96, ""TVL_DROP"": 5, ""VOLATILE_BUT_LIQUID"": 20}","{""EXIT_DEPTH_THIN"": 123, ""WHALE_OR_HOLDER_CONCENTRATED"": 96, ""TVL_DROP"": 5}",1.0,1.0
regime_exclude_bad_all,recent_48h,2h,intent_window,364,364,136,228,0,"{""ok"": 364}","{""HEALTHY_SHORT_HOLD"": 115, ""EXIT_DEPTH_THIN"": 125, ""WHALE_OR_HOLDER_CONCENTRATED"": 98, ""TVL_DROP"": 5, ""VOLATILE_BUT_LIQUID"": 21}","{""EXIT_DEPTH_THIN"": 125, ""WHALE_OR_HOLDER_CONCENTRATED"": 98, ""TVL_DROP"": 5}",1.0,1.0
regime_exclude_bad_all,recent_48h,2h,pool_window,384,384,160,224,0,"{""ok"": 384}","{""HEALTHY_SHORT_HOLD"": 140, ""WHALE_OR_HOLDER_CONCENTRATED"": 96, ""EXIT_DEPTH_THIN"": 123, ""TVL_DROP"": 5, ""VOLATILE_BUT_LIQUID"": 20}","{""WHALE_OR_HOLDER_CONCENTRATED"": 96, ""EXIT_DEPTH_THIN"": 123, ""TVL_DROP"": 5}",1.0,1.0
regime_exclude_bad_all,recent_48h,30m,intent_window,364,364,136,228,0,"{""ok"": 364}","{""EXIT_DEPTH_THIN"": 125, ""WHALE_OR_HOLDER_CONCENTRATED"": 98, ""HEALTHY_SHORT_HOLD"": 115, ""TVL_DROP"": 5, ""VOLATILE_BUT_LIQUID"": 21}","{""EXIT_DEPTH_THIN"": 125, ""WHALE_OR_HOLDER_CONCENTRATED"": 98, ""TVL_DROP"": 5}",1.0,1.0
regime_exclude_bad_all,recent_48h,30m,pool_window,384,384,160,224,0,"{""ok"": 384}","{""WHALE_OR_HOLDER_CONCENTRATED"": 96, ""HEALTHY_SHORT_HOLD"": 140, ""EXIT_DEPTH_THIN"": 123, ""TVL_DROP"": 5, ""VOLATILE_BUT_LIQUID"": 20}","{""WHALE_OR_HOLDER_CONCENTRATED"": 96, ""EXIT_DEPTH_THIN"": 123, ""TVL_DROP"": 5}",1.0,1.0
regime_exclude_bad_all,recent_72h,15m,intent_window,374,374,116,258,0,"{""ok"": 374}","{""EXIT_DEPTH_THIN"": 140, ""HEALTHY_SHORT_HOLD"": 100, ""WHALE_OR_HOLDER_CONCENTRATED"": 99, ""PRICE_SPIKE_VOLATILE"": 14, ""UNKNOWN"": 3, ""VOLATILE_BUT_LIQUID"": 16, ""TVL_DROP"": 2}","{""EXIT_DEPTH_THIN"": 140, ""WHALE_OR_HOLDER_CONCENTRATED"": 99, ""PRICE_SPIKE_VOLATILE"": 14, ""UNKNOWN"": 3, ""TVL_DROP"": 2}",1.0,1.0
regime_exclude_bad_all,recent_72h,15m,pool_window,384,384,129,255,0,"{""ok"": 384}","{""HEALTHY_SHORT_HOLD"": 114, ""EXIT_DEPTH_THIN"": 140, ""WHALE_OR_HOLDER_CONCENTRATED"": 96, ""PRICE_SPIKE_VOLATILE"": 14, ""UNKNOWN"": 3, ""VOLATILE_BUT_LIQUID"": 15, ""TVL_DROP"": 2}","{""EXIT_DEPTH_THIN"": 140, ""WHALE_OR_HOLDER_CONCENTRATED"": 96, ""PRICE_SPIKE_VOLATILE"": 14, ""UNKNOWN"": 3, ""TVL_DROP"": 2}",1.0,1.0
regime_exclude_bad_all,recent_72h,1h,intent_window,374,374,116,258,0,"{""ok"": 374}","{""EXIT_DEPTH_THIN"": 140, ""HEALTHY_SHORT_HOLD"": 100, ""WHALE_OR_HOLDER_CONCENTRATED"": 99, ""PRICE_SPIKE_VOLATILE"": 14, ""UNKNOWN"": 3, ""VOLATILE_BUT_LIQUID"": 16, ""TVL_DROP"": 2}","{""EXIT_DEPTH_THIN"": 140, ""WHALE_OR_HOLDER_CONCENTRATED"": 99, ""PRICE_SPIKE_VOLATILE"": 14, ""UNKNOWN"": 3, ""TVL_DROP"": 2}",1.0,1.0
regime_exclude_bad_all,recent_72h,1h,pool_window,384,384,129,255,0,"{""ok"": 384}","{""EXIT_DEPTH_THIN"": 140, ""HEALTHY_SHORT_HOLD"": 114, ""WHALE_OR_HOLDER_CONCENTRATED"": 96, ""PRICE_SPIKE_VOLATILE"": 14, ""UNKNOWN"": 3, ""VOLATILE_BUT_LIQUID"": 15, ""TVL_DROP"": 2}","{""EXIT_DEPTH_THIN"": 140, ""WHALE_OR_HOLDER_CONCENTRATED"": 96, ""PRICE_SPIKE_VOLATILE"": 14, ""UNKNOWN"": 3, ""TVL_DROP"": 2}",1.0,1.0
regime_exclude_bad_all,recent_72h,2h,intent_window,374,374,116,258,0,"{""ok"": 374}","{""WHALE_OR_HOLDER_CONCENTRATED"": 99, ""EXIT_DEPTH_THIN"": 140, ""HEALTHY_SHORT_HOLD"": 100, ""PRICE_SPIKE_VOLATILE"": 14, ""UNKNOWN"": 3, ""VOLATILE_BUT_LIQUID"": 16, ""TVL_DROP"": 2}","{""WHALE_OR_HOLDER_CONCENTRATED"": 99, ""EXIT_DEPTH_THIN"": 140, ""PRICE_SPIKE_VOLATILE"": 14, ""UNKNOWN"": 3, ""TVL_DROP"": 2}",1.0,1.0
regime_exclude_bad_all,recent_72h,2h,pool_window,384,384,129,255,0,"{""ok"": 384}","{""EXIT_DEPTH_THIN"": 140, ""WHALE_OR_HOLDER_CONCENTRATED"": 96, ""HEALTHY_SHORT_HOLD"": 114, ""PRICE_SPIKE_VOLATILE"": 14, ""UNKNOWN"": 3, ""VOLATILE_BUT_LIQUID"": 15, ""TVL_DROP"": 2}","{""EXIT_DEPTH_THIN"": 140, ""WHALE_OR_HOLDER_CONCENTRATED"": 96, ""PRICE_SPIKE_VOLATILE"": 14, ""UNKNOWN"": 3, ""TVL_DROP"": 2}",1.0,1.0
regime_exclude_bad_all,recent_72h,30m,intent_window,374,374,116,258,0,"{""ok"": 374}","{""EXIT_DEPTH_THIN"": 140, ""HEALTHY_SHORT_HOLD"": 100, ""WHALE_OR_HOLDER_CONCENTRATED"": 99, ""PRICE_SPIKE_VOLATILE"": 14, ""UNKNOWN"": 3, ""VOLATILE_BUT_LIQUID"": 16, ""TVL_DROP"": 2}","{""EXIT_DEPTH_THIN"": 140, ""WHALE_OR_HOLDER_CONCENTRATED"": 99, ""PRICE_SPIKE_VOLATILE"": 14, ""UNKNOWN"": 3, ""TVL_DROP"": 2}",1.0,1.0
regime_exclude_bad_all,recent_72h,30m,pool_window,384,384,129,255,0,"{""ok"": 384}","{""HEALTHY_SHORT_HOLD"": 114, ""EXIT_DEPTH_THIN"": 140, ""WHALE_OR_HOLDER_CONCENTRATED"": 96, ""PRICE_SPIKE_VOLATILE"": 14, ""UNKNOWN"": 3, ""VOLATILE_BUT_LIQUID"": 15, ""TVL_DROP"": 2}","{""EXIT_DEPTH_THIN"": 140, ""WHALE_OR_HOLDER_CONCENTRATED"": 96, ""PRICE_SPIKE_VOLATILE"": 14, ""UNKNOWN"": 3, ""TVL_DROP"": 2}",1.0,1.0
regime_exclude_bad_all,recent_7d,15m,intent_window,1390,1389,617,772,1,"{""ok"": 1389, ""invalid"": 1}","{""UNKNOWN"": 66, ""HEALTHY_SHORT_HOLD"": 535, ""WHALE_OR_HOLDER_CONCENTRATED"": 302, ""VOLATILE_BUT_LIQUID"": 82, ""EXIT_DEPTH_THIN"": 357, ""DATA_STALE_OR_INCOMPLETE"": 12, ""VOLUME_COLLAPSE"": 1, ""PRICE_SPIKE_VOLATILE"": 33, ""TVL_DROP"": 1}","{""UNKNOWN"": 66, ""WHALE_OR_HOLDER_CONCENTRATED"": 302, ""EXIT_DEPTH_THIN"": 357, ""DATA_STALE_OR_INCOMPLETE"": 12, ""VOLUME_COLLAPSE"": 1, ""PRICE_SPIKE_VOLATILE"": 33, ""invalid_sample"": 1, ""TVL_DROP"": 1}",1.0,1.0
regime_exclude_bad_all,recent_7d,15m,pool_window,1860,1855,612,1243,5,"{""ok"": 1855, ""invalid"": 5}","{""UNKNOWN"": 520, ""HEALTHY_SHORT_HOLD"": 530, ""WHALE_OR_HOLDER_CONCENTRATED"": 324, ""VOLATILE_BUT_LIQUID"": 82, ""EXIT_DEPTH_THIN"": 348, ""DATA_STALE_OR_INCOMPLETE"": 16, ""VOLUME_COLLAPSE"": 1, ""PRICE_SPIKE_VOLATILE"": 33, ""TVL_DROP"": 1}","{""UNKNOWN"": 520, ""invalid_sample"": 5, ""WHALE_OR_HOLDER_CONCENTRATED"": 324, ""EXIT_DEPTH_THIN"": 348, ""DATA_STALE_OR_INCOMPLETE"": 16, ""VOLUME_COLLAPSE"": 1, ""PRICE_SPIKE_VOLATILE"": 33, ""TVL_DROP"": 1}",1.0,1.0
regime_exclude_bad_all,recent_7d,1h,intent_window,1390,1386,614,772,4,"{""ok"": 1386, ""invalid"": 4}","{""UNKNOWN"": 66, ""HEALTHY_SHORT_HOLD"": 532, ""WHALE_OR_HOLDER_CONCENTRATED"": 302, ""VOLATILE_BUT_LIQUID"": 82, ""EXIT_DEPTH_THIN"": 357, ""DATA_STALE_OR_INCOMPLETE"": 12, ""VOLUME_COLLAPSE"": 1, ""PRICE_SPIKE_VOLATILE"": 33, ""TVL_DROP"": 1}","{""UNKNOWN"": 66, ""WHALE_OR_HOLDER_CONCENTRATED"": 302, ""EXIT_DEPTH_THIN"": 357, ""DATA_STALE_OR_INCOMPLETE"": 12, ""VOLUME_COLLAPSE"": 1, ""PRICE_SPIKE_VOLATILE"": 33, ""invalid_sample"": 4, ""TVL_DROP"": 1}",1.0,1.0
regime_exclude_bad_all,recent_7d,1h,pool_window,1860,1852,609,1243,8,"{""ok"": 1852, ""invalid"": 8}","{""UNKNOWN"": 520, ""HEALTHY_SHORT_HOLD"": 527, ""WHALE_OR_HOLDER_CONCENTRATED"": 324, ""VOLATILE_BUT_LIQUID"": 82, ""EXIT_DEPTH_THIN"": 348, ""DATA_STALE_OR_INCOMPLETE"": 16, ""VOLUME_COLLAPSE"": 1, ""PRICE_SPIKE_VOLATILE"": 33, ""TVL_DROP"": 1}","{""UNKNOWN"": 520, ""invalid_sample"": 8, ""WHALE_OR_HOLDER_CONCENTRATED"": 324, ""EXIT_DEPTH_THIN"": 348, ""DATA_STALE_OR_INCOMPLETE"": 16, ""VOLUME_COLLAPSE"": 1, ""PRICE_SPIKE_VOLATILE"": 33, ""TVL_DROP"": 1}",1.0,1.0
regime_exclude_bad_all,recent_7d,2h,intent_window,1390,1382,610,772,8,"{""ok"": 1382, ""invalid"": 8}","{""UNKNOWN"": 66, ""HEALTHY_SHORT_HOLD"": 528, ""WHALE_OR_HOLDER_CONCENTRATED"": 302, ""VOLATILE_BUT_LIQUID"": 82, ""EXIT_DEPTH_THIN"": 357, ""DATA_STALE_OR_INCOMPLETE"": 12, ""VOLUME_COLLAPSE"": 1, ""PRICE_SPIKE_VOLATILE"": 33, ""TVL_DROP"": 1}","{""UNKNOWN"": 66, ""WHALE_OR_HOLDER_CONCENTRATED"": 302, ""EXIT_DEPTH_THIN"": 357, ""DATA_STALE_OR_INCOMPLETE"": 12, ""VOLUME_COLLAPSE"": 1, ""PRICE_SPIKE_VOLATILE"": 33, ""invalid_sample"": 8, ""TVL_DROP"": 1}",1.0,1.0
regime_exclude_bad_all,recent_7d,2h,pool_window,1860,1845,605,1240,15,"{""ok"": 1845, ""invalid"": 15}","{""UNKNOWN"": 520, ""HEALTHY_SHORT_HOLD"": 523, ""WHALE_OR_HOLDER_CONCENTRATED"": 323, ""VOLATILE_BUT_LIQUID"": 82, ""EXIT_DEPTH_THIN"": 348, ""DATA_STALE_OR_INCOMPLETE"": 14, ""VOLUME_COLLAPSE"": 1, ""PRICE_SPIKE_VOLATILE"": 33, ""TVL_DROP"": 1}","{""UNKNOWN"": 520, ""invalid_sample"": 15, ""WHALE_OR_HOLDER_CONCENTRATED"": 323, ""EXIT_DEPTH_THIN"": 348, ""DATA_STALE_OR_INCOMPLETE"": 14, ""VOLUME_COLLAPSE"": 1, ""PRICE_SPIKE_VOLATILE"": 33, ""TVL_DROP"": 1}",1.0,1.0
regime_exclude_bad_all,recent_7d,30m,intent_window,1390,1388,616,772,2,"{""ok"": 1388, ""invalid"": 2}","{""UNKNOWN"": 66, ""WHALE_OR_HOLDER_CONCENTRATED"": 302, ""HEALTHY_SHORT_HOLD"": 534, ""VOLATILE_BUT_LIQUID"": 82, ""EXIT_DEPTH_THIN"": 357, ""DATA_STALE_OR_INCOMPLETE"": 12, ""VOLUME_COLLAPSE"": 1, ""PRICE_SPIKE_VOLATILE"": 33, ""TVL_DROP"": 1}","{""UNKNOWN"": 66, ""WHALE_OR_HOLDER_CONCENTRATED"": 302, ""EXIT_DEPTH_THIN"": 357, ""DATA_STALE_OR_INCOMPLETE"": 12, ""VOLUME_COLLAPSE"": 1, ""PRICE_SPIKE_VOLATILE"": 33, ""invalid_sample"": 2, ""TVL_DROP"": 1}",1.0,1.0
regime_exclude_bad_all,recent_7d,30m,pool_window,1860,1854,611,1243,6,"{""ok"": 1854, ""invalid"": 6}","{""UNKNOWN"": 520, ""HEALTHY_SHORT_HOLD"": 529, ""WHALE_OR_HOLDER_CONCENTRATED"": 324, ""VOLATILE_BUT_LIQUID"": 82, ""EXIT_DEPTH_THIN"": 348, ""DATA_STALE_OR_INCOMPLETE"": 16, ""VOLUME_COLLAPSE"": 1, ""PRICE_SPIKE_VOLATILE"": 33, ""TVL_DROP"": 1}","{""UNKNOWN"": 520, ""invalid_sample"": 6, ""WHALE_OR_HOLDER_CONCENTRATED"": 324, ""EXIT_DEPTH_THIN"": 348, ""DATA_STALE_OR_INCOMPLETE"": 16, ""VOLUME_COLLAPSE"": 1, ""PRICE_SPIKE_VOLATILE"": 33, ""TVL_DROP"": 1}",1.0,1.0
regime_exclude_data_stale,recent_24h,15m,intent_window,352,348,348,0,4,"{""ok"": 348, ""invalid"": 4}","{""EXIT_DEPTH_THIN"": 47, ""WHALE_OR_HOLDER_CONCENTRATED"": 88, ""HEALTHY_SHORT_HOLD"": 208, ""VOLATILE_BUT_LIQUID"": 4, ""PRICE_SPIKE_VOLATILE"": 1}","{""invalid_sample"": 4}",1.0,1.0
regime_exclude_data_stale,recent_24h,15m,pool_window,352,344,344,0,8,"{""ok"": 344, ""invalid"": 8}","{""WHALE_OR_HOLDER_CONCENTRATED"": 86, ""EXIT_DEPTH_THIN"": 49, ""HEALTHY_SHORT_HOLD"": 204, ""VOLATILE_BUT_LIQUID"": 4, ""PRICE_SPIKE_VOLATILE"": 1}","{""invalid_sample"": 8}",1.0,1.0
regime_exclude_data_stale,recent_24h,1h,intent_window,352,336,336,0,16,"{""ok"": 336, ""invalid"": 16}","{""EXIT_DEPTH_THIN"": 47, ""WHALE_OR_HOLDER_CONCENTRATED"": 85, ""HEALTHY_SHORT_HOLD"": 199, ""VOLATILE_BUT_LIQUID"": 4, ""PRICE_SPIKE_VOLATILE"": 1}","{""invalid_sample"": 16}",1.0,1.0
regime_exclude_data_stale,recent_24h,1h,pool_window,352,332,332,0,20,"{""ok"": 332, ""invalid"": 20}","{""EXIT_DEPTH_THIN"": 49, ""HEALTHY_SHORT_HOLD"": 195, ""WHALE_OR_HOLDER_CONCENTRATED"": 83, ""VOLATILE_BUT_LIQUID"": 4, ""PRICE_SPIKE_VOLATILE"": 1}","{""invalid_sample"": 20}",1.0,1.0
regime_exclude_data_stale,recent_24h,2h,intent_window,352,320,320,0,32,"{""ok"": 320, ""invalid"": 32}","{""HEALTHY_SHORT_HOLD"": 187, ""WHALE_OR_HOLDER_CONCENTRATED"": 81, ""EXIT_DEPTH_THIN"": 47, ""VOLATILE_BUT_LIQUID"": 4, ""PRICE_SPIKE_VOLATILE"": 1}","{""invalid_sample"": 32}",1.0,1.0
regime_exclude_data_stale,recent_24h,2h,pool_window,352,316,316,0,36,"{""ok"": 316, ""invalid"": 36}","{""EXIT_DEPTH_THIN"": 49, ""HEALTHY_SHORT_HOLD"": 183, ""WHALE_OR_HOLDER_CONCENTRATED"": 79, ""VOLATILE_BUT_LIQUID"": 4, ""PRICE_SPIKE_VOLATILE"": 1}","{""invalid_sample"": 36}",1.0,1.0
regime_exclude_data_stale,recent_24h,30m,intent_window,352,344,344,0,8,"{""ok"": 344, ""invalid"": 8}","{""EXIT_DEPTH_THIN"": 47, ""WHALE_OR_HOLDER_CONCENTRATED"": 87, ""HEALTHY_SHORT_HOLD"": 205, ""VOLATILE_BUT_LIQUID"": 4, ""PRICE_SPIKE_VOLATILE"": 1}","{""invalid_sample"": 8}",1.0,1.0
regime_exclude_data_stale,recent_24h,30m,pool_window,352,340,340,0,12,"{""ok"": 340, ""invalid"": 12}","{""WHALE_OR_HOLDER_CONCENTRATED"": 85, ""EXIT_DEPTH_THIN"": 49, ""HEALTHY_SHORT_HOLD"": 201, ""VOLATILE_BUT_LIQUID"": 4, ""PRICE_SPIKE_VOLATILE"": 1}","{""invalid_sample"": 12}",1.0,1.0
regime_exclude_data_stale,recent_48h,15m,intent_window,364,364,364,0,0,"{""ok"": 364}","{""HEALTHY_SHORT_HOLD"": 115, ""EXIT_DEPTH_THIN"": 125, ""WHALE_OR_HOLDER_CONCENTRATED"": 98, ""TVL_DROP"": 5, ""VOLATILE_BUT_LIQUID"": 21}",{},1.0,1.0
regime_exclude_data_stale,recent_48h,15m,pool_window,384,384,384,0,0,"{""ok"": 384}","{""WHALE_OR_HOLDER_CONCENTRATED"": 96, ""HEALTHY_SHORT_HOLD"": 140, ""EXIT_DEPTH_THIN"": 123, ""TVL_DROP"": 5, ""VOLATILE_BUT_LIQUID"": 20}",{},1.0,1.0
regime_exclude_data_stale,recent_48h,1h,intent_window,364,364,364,0,0,"{""ok"": 364}","{""EXIT_DEPTH_THIN"": 125, ""WHALE_OR_HOLDER_CONCENTRATED"": 98, ""HEALTHY_SHORT_HOLD"": 115, ""TVL_DROP"": 5, ""VOLATILE_BUT_LIQUID"": 21}",{},1.0,1.0
regime_exclude_data_stale,recent_48h,1h,pool_window,384,384,384,0,0,"{""ok"": 384}","{""HEALTHY_SHORT_HOLD"": 140, ""EXIT_DEPTH_THIN"": 123, ""WHALE_OR_HOLDER_CONCENTRATED"": 96, ""TVL_DROP"": 5, ""VOLATILE_BUT_LIQUID"": 20}",{},1.0,1.0
regime_exclude_data_stale,recent_48h,2h,intent_window,364,364,364,0,0,"{""ok"": 364}","{""HEALTHY_SHORT_HOLD"": 115, ""EXIT_DEPTH_THIN"": 125, ""WHALE_OR_HOLDER_CONCENTRATED"": 98, ""TVL_DROP"": 5, ""VOLATILE_BUT_LIQUID"": 21}",{},1.0,1.0
regime_exclude_data_stale,recent_48h,2h,pool_window,384,384,384,0,0,"{""ok"": 384}","{""HEALTHY_SHORT_HOLD"": 140, ""WHALE_OR_HOLDER_CONCENTRATED"": 96, ""EXIT_DEPTH_THIN"": 123, ""TVL_DROP"": 5, ""VOLATILE_BUT_LIQUID"": 20}",{},1.0,1.0
regime_exclude_data_stale,recent_48h,30m,intent_window,364,364,364,0,0,"{""ok"": 364}","{""EXIT_DEPTH_THIN"": 125, ""WHALE_OR_HOLDER_CONCENTRATED"": 98, ""HEALTHY_SHORT_HOLD"": 115, ""TVL_DROP"": 5, ""VOLATILE_BUT_LIQUID"": 21}",{},1.0,1.0
regime_exclude_data_stale,recent_48h,30m,pool_window,384,384,384,0,0,"{""ok"": 384}","{""WHALE_OR_HOLDER_CONCENTRATED"": 96, ""HEALTHY_SHORT_HOLD"": 140, ""EXIT_DEPTH_THIN"": 123, ""TVL_DROP"": 5, ""VOLATILE_BUT_LIQUID"": 20}",{},1.0,1.0
regime_exclude_data_stale,recent_72h,15m,intent_window,374,374,374,0,0,"{""ok"": 374}","{""EXIT_DEPTH_THIN"": 140, ""HEALTHY_SHORT_HOLD"": 100, ""WHALE_OR_HOLDER_CONCENTRATED"": 99, ""PRICE_SPIKE_VOLATILE"": 14, ""UNKNOWN"": 3, ""VOLATILE_BUT_LIQUID"": 16, ""TVL_DROP"": 2}",{},1.0,1.0
regime_exclude_data_stale,recent_72h,15m,pool_window,384,384,384,0,0,"{""ok"": 384}","{""HEALTHY_SHORT_HOLD"": 114, ""EXIT_DEPTH_THIN"": 140, ""WHALE_OR_HOLDER_CONCENTRATED"": 96, ""PRICE_SPIKE_VOLATILE"": 14, ""UNKNOWN"": 3, ""VOLATILE_BUT_LIQUID"": 15, ""TVL_DROP"": 2}",{},1.0,1.0
regime_exclude_data_stale,recent_72h,1h,intent_window,374,374,374,0,0,"{""ok"": 374}","{""EXIT_DEPTH_THIN"": 140, ""HEALTHY_SHORT_HOLD"": 100, ""WHALE_OR_HOLDER_CONCENTRATED"": 99, ""PRICE_SPIKE_VOLATILE"": 14, ""UNKNOWN"": 3, ""VOLATILE_BUT_LIQUID"": 16, ""TVL_DROP"": 2}",{},1.0,1.0
regime_exclude_data_stale,recent_72h,1h,pool_window,384,384,384,0,0,"{""ok"": 384}","{""EXIT_DEPTH_THIN"": 140, ""HEALTHY_SHORT_HOLD"": 114, ""WHALE_OR_HOLDER_CONCENTRATED"": 96, ""PRICE_SPIKE_VOLATILE"": 14, ""UNKNOWN"": 3, ""VOLATILE_BUT_LIQUID"": 15, ""TVL_DROP"": 2}",{},1.0,1.0
regime_exclude_data_stale,recent_72h,2h,intent_window,374,374,374,0,0,"{""ok"": 374}","{""WHALE_OR_HOLDER_CONCENTRATED"": 99, ""EXIT_DEPTH_THIN"": 140, ""HEALTHY_SHORT_HOLD"": 100, ""PRICE_SPIKE_VOLATILE"": 14, ""UNKNOWN"": 3, ""VOLATILE_BUT_LIQUID"": 16, ""TVL_DROP"": 2}",{},1.0,1.0
regime_exclude_data_stale,recent_72h,2h,pool_window,384,384,384,0,0,"{""ok"": 384}","{""EXIT_DEPTH_THIN"": 140, ""WHALE_OR_HOLDER_CONCENTRATED"": 96, ""HEALTHY_SHORT_HOLD"": 114, ""PRICE_SPIKE_VOLATILE"": 14, ""UNKNOWN"": 3, ""VOLATILE_BUT_LIQUID"": 15, ""TVL_DROP"": 2}",{},1.0,1.0
regime_exclude_data_stale,recent_72h,30m,intent_window,374,374,374,0,0,"{""ok"": 374}","{""EXIT_DEPTH_THIN"": 140, ""HEALTHY_SHORT_HOLD"": 100, ""WHALE_OR_HOLDER_CONCENTRATED"": 99, ""PRICE_SPIKE_VOLATILE"": 14, ""UNKNOWN"": 3, ""VOLATILE_BUT_LIQUID"": 16, ""TVL_DROP"": 2}",{},1.0,1.0
regime_exclude_data_stale,recent_72h,30m,pool_window,384,384,384,0,0,"{""ok"": 384}","{""HEALTHY_SHORT_HOLD"": 114, ""EXIT_DEPTH_THIN"": 140, ""WHALE_OR_HOLDER_CONCENTRATED"": 96, ""PRICE_SPIKE_VOLATILE"": 14, ""UNKNOWN"": 3, ""VOLATILE_BUT_LIQUID"": 15, ""TVL_DROP"": 2}",{},1.0,1.0
regime_exclude_data_stale,recent_7d,15m,intent_window,1390,1389,1377,12,1,"{""ok"": 1389, ""invalid"": 1}","{""UNKNOWN"": 66, ""HEALTHY_SHORT_HOLD"": 535, ""WHALE_OR_HOLDER_CONCENTRATED"": 302, ""VOLATILE_BUT_LIQUID"": 82, ""EXIT_DEPTH_THIN"": 357, ""DATA_STALE_OR_INCOMPLETE"": 12, ""VOLUME_COLLAPSE"": 1, ""PRICE_SPIKE_VOLATILE"": 33, ""TVL_DROP"": 1}","{""DATA_STALE_OR_INCOMPLETE"": 12, ""invalid_sample"": 1}",1.0,1.0
regime_exclude_data_stale,recent_7d,15m,pool_window,1860,1855,1839,16,5,"{""ok"": 1855, ""invalid"": 5}","{""UNKNOWN"": 520, ""HEALTHY_SHORT_HOLD"": 530, ""WHALE_OR_HOLDER_CONCENTRATED"": 324, ""VOLATILE_BUT_LIQUID"": 82, ""EXIT_DEPTH_THIN"": 348, ""DATA_STALE_OR_INCOMPLETE"": 16, ""VOLUME_COLLAPSE"": 1, ""PRICE_SPIKE_VOLATILE"": 33, ""TVL_DROP"": 1}","{""invalid_sample"": 5, ""DATA_STALE_OR_INCOMPLETE"": 16}",1.0,1.0
regime_exclude_data_stale,recent_7d,1h,intent_window,1390,1386,1374,12,4,"{""ok"": 1386, ""invalid"": 4}","{""UNKNOWN"": 66, ""HEALTHY_SHORT_HOLD"": 532, ""WHALE_OR_HOLDER_CONCENTRATED"": 302, ""VOLATILE_BUT_LIQUID"": 82, ""EXIT_DEPTH_THIN"": 357, ""DATA_STALE_OR_INCOMPLETE"": 12, ""VOLUME_COLLAPSE"": 1, ""PRICE_SPIKE_VOLATILE"": 33, ""TVL_DROP"": 1}","{""DATA_STALE_OR_INCOMPLETE"": 12, ""invalid_sample"": 4}",1.0,1.0
regime_exclude_data_stale,recent_7d,1h,pool_window,1860,1852,1836,16,8,"{""ok"": 1852, ""invalid"": 8}","{""UNKNOWN"": 520, ""HEALTHY_SHORT_HOLD"": 527, ""WHALE_OR_HOLDER_CONCENTRATED"": 324, ""VOLATILE_BUT_LIQUID"": 82, ""EXIT_DEPTH_THIN"": 348, ""DATA_STALE_OR_INCOMPLETE"": 16, ""VOLUME_COLLAPSE"": 1, ""PRICE_SPIKE_VOLATILE"": 33, ""TVL_DROP"": 1}","{""invalid_sample"": 8, ""DATA_STALE_OR_INCOMPLETE"": 16}",1.0,1.0
regime_exclude_data_stale,recent_7d,2h,intent_window,1390,1382,1370,12,8,"{""ok"": 1382, ""invalid"": 8}","{""UNKNOWN"": 66, ""HEALTHY_SHORT_HOLD"": 528, ""WHALE_OR_HOLDER_CONCENTRATED"": 302, ""VOLATILE_BUT_LIQUID"": 82, ""EXIT_DEPTH_THIN"": 357, ""DATA_STALE_OR_INCOMPLETE"": 12, ""VOLUME_COLLAPSE"": 1, ""PRICE_SPIKE_VOLATILE"": 33, ""TVL_DROP"": 1}","{""DATA_STALE_OR_INCOMPLETE"": 12, ""invalid_sample"": 8}",1.0,1.0
regime_exclude_data_stale,recent_7d,2h,pool_window,1860,1845,1831,14,15,"{""ok"": 1845, ""invalid"": 15}","{""UNKNOWN"": 520, ""HEALTHY_SHORT_HOLD"": 523, ""WHALE_OR_HOLDER_CONCENTRATED"": 323, ""VOLATILE_BUT_LIQUID"": 82, ""EXIT_DEPTH_THIN"": 348, ""DATA_STALE_OR_INCOMPLETE"": 14, ""VOLUME_COLLAPSE"": 1, ""PRICE_SPIKE_VOLATILE"": 33, ""TVL_DROP"": 1}","{""invalid_sample"": 15, ""DATA_STALE_OR_INCOMPLETE"": 14}",1.0,1.0
regime_exclude_data_stale,recent_7d,30m,intent_window,1390,1388,1376,12,2,"{""ok"": 1388, ""invalid"": 2}","{""UNKNOWN"": 66, ""WHALE_OR_HOLDER_CONCENTRATED"": 302, ""HEALTHY_SHORT_HOLD"": 534, ""VOLATILE_BUT_LIQUID"": 82, ""EXIT_DEPTH_THIN"": 357, ""DATA_STALE_OR_INCOMPLETE"": 12, ""VOLUME_COLLAPSE"": 1, ""PRICE_SPIKE_VOLATILE"": 33, ""TVL_DROP"": 1}","{""DATA_STALE_OR_INCOMPLETE"": 12, ""invalid_sample"": 2}",1.0,1.0
regime_exclude_data_stale,recent_7d,30m,pool_window,1860,1854,1838,16,6,"{""ok"": 1854, ""invalid"": 6}","{""UNKNOWN"": 520, ""HEALTHY_SHORT_HOLD"": 529, ""WHALE_OR_HOLDER_CONCENTRATED"": 324, ""VOLATILE_BUT_LIQUID"": 82, ""EXIT_DEPTH_THIN"": 348, ""DATA_STALE_OR_INCOMPLETE"": 16, ""VOLUME_COLLAPSE"": 1, ""PRICE_SPIKE_VOLATILE"": 33, ""TVL_DROP"": 1}","{""invalid_sample"": 6, ""DATA_STALE_OR_INCOMPLETE"": 16}",1.0,1.0
regime_score_threshold_loose,recent_24h,15m,intent_window,352,348,333,15,4,"{""ok"": 348, ""invalid"": 4}","{""EXIT_DEPTH_THIN"": 47, ""WHALE_OR_HOLDER_CONCENTRATED"": 88, ""HEALTHY_SHORT_HOLD"": 208, ""VOLATILE_BUT_LIQUID"": 4, ""PRICE_SPIKE_VOLATILE"": 1}","{""risk_score_gt_35"": 15, ""invalid_sample"": 4}",1.0,1.0
regime_score_threshold_loose,recent_24h,15m,pool_window,352,344,330,14,8,"{""ok"": 344, ""invalid"": 8}","{""WHALE_OR_HOLDER_CONCENTRATED"": 86, ""EXIT_DEPTH_THIN"": 49, ""HEALTHY_SHORT_HOLD"": 204, ""VOLATILE_BUT_LIQUID"": 4, ""PRICE_SPIKE_VOLATILE"": 1}","{""risk_score_gt_35"": 14, ""invalid_sample"": 8}",1.0,1.0
regime_score_threshold_loose,recent_24h,1h,intent_window,352,336,321,15,16,"{""ok"": 336, ""invalid"": 16}","{""EXIT_DEPTH_THIN"": 47, ""WHALE_OR_HOLDER_CONCENTRATED"": 85, ""HEALTHY_SHORT_HOLD"": 199, ""VOLATILE_BUT_LIQUID"": 4, ""PRICE_SPIKE_VOLATILE"": 1}","{""risk_score_gt_35"": 15, ""invalid_sample"": 16}",1.0,1.0
regime_score_threshold_loose,recent_24h,1h,pool_window,352,332,318,14,20,"{""ok"": 332, ""invalid"": 20}","{""EXIT_DEPTH_THIN"": 49, ""HEALTHY_SHORT_HOLD"": 195, ""WHALE_OR_HOLDER_CONCENTRATED"": 83, ""VOLATILE_BUT_LIQUID"": 4, ""PRICE_SPIKE_VOLATILE"": 1}","{""risk_score_gt_35"": 14, ""invalid_sample"": 20}",1.0,1.0
regime_score_threshold_loose,recent_24h,2h,intent_window,352,320,305,15,32,"{""ok"": 320, ""invalid"": 32}","{""HEALTHY_SHORT_HOLD"": 187, ""WHALE_OR_HOLDER_CONCENTRATED"": 81, ""EXIT_DEPTH_THIN"": 47, ""VOLATILE_BUT_LIQUID"": 4, ""PRICE_SPIKE_VOLATILE"": 1}","{""risk_score_gt_35"": 15, ""invalid_sample"": 32}",1.0,1.0
regime_score_threshold_loose,recent_24h,2h,pool_window,352,316,302,14,36,"{""ok"": 316, ""invalid"": 36}","{""EXIT_DEPTH_THIN"": 49, ""HEALTHY_SHORT_HOLD"": 183, ""WHALE_OR_HOLDER_CONCENTRATED"": 79, ""VOLATILE_BUT_LIQUID"": 4, ""PRICE_SPIKE_VOLATILE"": 1}","{""risk_score_gt_35"": 14, ""invalid_sample"": 36}",1.0,1.0
regime_score_threshold_loose,recent_24h,30m,intent_window,352,344,329,15,8,"{""ok"": 344, ""invalid"": 8}","{""EXIT_DEPTH_THIN"": 47, ""WHALE_OR_HOLDER_CONCENTRATED"": 87, ""HEALTHY_SHORT_HOLD"": 205, ""VOLATILE_BUT_LIQUID"": 4, ""PRICE_SPIKE_VOLATILE"": 1}","{""risk_score_gt_35"": 15, ""invalid_sample"": 8}",1.0,1.0
regime_score_threshold_loose,recent_24h,30m,pool_window,352,340,326,14,12,"{""ok"": 340, ""invalid"": 12}","{""WHALE_OR_HOLDER_CONCENTRATED"": 85, ""EXIT_DEPTH_THIN"": 49, ""HEALTHY_SHORT_HOLD"": 201, ""VOLATILE_BUT_LIQUID"": 4, ""PRICE_SPIKE_VOLATILE"": 1}","{""risk_score_gt_35"": 14, ""invalid_sample"": 12}",1.0,1.0
regime_score_threshold_loose,recent_48h,15m,intent_window,364,364,315,49,0,"{""ok"": 364}","{""HEALTHY_SHORT_HOLD"": 115, ""EXIT_DEPTH_THIN"": 125, ""WHALE_OR_HOLDER_CONCENTRATED"": 98, ""TVL_DROP"": 5, ""VOLATILE_BUT_LIQUID"": 21}","{""risk_score_gt_35"": 49}",1.0,1.0
regime_score_threshold_loose,recent_48h,15m,pool_window,384,384,336,48,0,"{""ok"": 384}","{""WHALE_OR_HOLDER_CONCENTRATED"": 96, ""HEALTHY_SHORT_HOLD"": 140, ""EXIT_DEPTH_THIN"": 123, ""TVL_DROP"": 5, ""VOLATILE_BUT_LIQUID"": 20}","{""risk_score_gt_35"": 48}",1.0,1.0
regime_score_threshold_loose,recent_48h,1h,intent_window,364,364,315,49,0,"{""ok"": 364}","{""EXIT_DEPTH_THIN"": 125, ""WHALE_OR_HOLDER_CONCENTRATED"": 98, ""HEALTHY_SHORT_HOLD"": 115, ""TVL_DROP"": 5, ""VOLATILE_BUT_LIQUID"": 21}","{""risk_score_gt_35"": 49}",1.0,1.0
regime_score_threshold_loose,recent_48h,1h,pool_window,384,384,336,48,0,"{""ok"": 384}","{""HEALTHY_SHORT_HOLD"": 140, ""EXIT_DEPTH_THIN"": 123, ""WHALE_OR_HOLDER_CONCENTRATED"": 96, ""TVL_DROP"": 5, ""VOLATILE_BUT_LIQUID"": 20}","{""risk_score_gt_35"": 48}",1.0,1.0
regime_score_threshold_loose,recent_48h,2h,intent_window,364,364,315,49,0,"{""ok"": 364}","{""HEALTHY_SHORT_HOLD"": 115, ""EXIT_DEPTH_THIN"": 125, ""WHALE_OR_HOLDER_CONCENTRATED"": 98, ""TVL_DROP"": 5, ""VOLATILE_BUT_LIQUID"": 21}","{""risk_score_gt_35"": 49}",1.0,1.0
regime_score_threshold_loose,recent_48h,2h,pool_window,384,384,336,48,0,"{""ok"": 384}","{""HEALTHY_SHORT_HOLD"": 140, ""WHALE_OR_HOLDER_CONCENTRATED"": 96, ""EXIT_DEPTH_THIN"": 123, ""TVL_DROP"": 5, ""VOLATILE_BUT_LIQUID"": 20}","{""risk_score_gt_35"": 48}",1.0,1.0
regime_score_threshold_loose,recent_48h,30m,intent_window,364,364,315,49,0,"{""ok"": 364}","{""EXIT_DEPTH_THIN"": 125, ""WHALE_OR_HOLDER_CONCENTRATED"": 98, ""HEALTHY_SHORT_HOLD"": 115, ""TVL_DROP"": 5, ""VOLATILE_BUT_LIQUID"": 21}","{""risk_score_gt_35"": 49}",1.0,1.0
regime_score_threshold_loose,recent_48h,30m,pool_window,384,384,336,48,0,"{""ok"": 384}","{""WHALE_OR_HOLDER_CONCENTRATED"": 96, ""HEALTHY_SHORT_HOLD"": 140, ""EXIT_DEPTH_THIN"": 123, ""TVL_DROP"": 5, ""VOLATILE_BUT_LIQUID"": 20}","{""risk_score_gt_35"": 48}",1.0,1.0
regime_score_threshold_loose,recent_72h,15m,intent_window,374,374,276,98,0,"{""ok"": 374}","{""EXIT_DEPTH_THIN"": 140, ""HEALTHY_SHORT_HOLD"": 100, ""WHALE_OR_HOLDER_CONCENTRATED"": 99, ""PRICE_SPIKE_VOLATILE"": 14, ""UNKNOWN"": 3, ""VOLATILE_BUT_LIQUID"": 16, ""TVL_DROP"": 2}","{""risk_score_gt_35"": 98}",1.0,1.0
regime_score_threshold_loose,recent_72h,15m,pool_window,384,384,287,97,0,"{""ok"": 384}","{""HEALTHY_SHORT_HOLD"": 114, ""EXIT_DEPTH_THIN"": 140, ""WHALE_OR_HOLDER_CONCENTRATED"": 96, ""PRICE_SPIKE_VOLATILE"": 14, ""UNKNOWN"": 3, ""VOLATILE_BUT_LIQUID"": 15, ""TVL_DROP"": 2}","{""risk_score_gt_35"": 97}",1.0,1.0
regime_score_threshold_loose,recent_72h,1h,intent_window,374,374,276,98,0,"{""ok"": 374}","{""EXIT_DEPTH_THIN"": 140, ""HEALTHY_SHORT_HOLD"": 100, ""WHALE_OR_HOLDER_CONCENTRATED"": 99, ""PRICE_SPIKE_VOLATILE"": 14, ""UNKNOWN"": 3, ""VOLATILE_BUT_LIQUID"": 16, ""TVL_DROP"": 2}","{""risk_score_gt_35"": 98}",1.0,1.0
regime_score_threshold_loose,recent_72h,1h,pool_window,384,384,287,97,0,"{""ok"": 384}","{""EXIT_DEPTH_THIN"": 140, ""HEALTHY_SHORT_HOLD"": 114, ""WHALE_OR_HOLDER_CONCENTRATED"": 96, ""PRICE_SPIKE_VOLATILE"": 14, ""UNKNOWN"": 3, ""VOLATILE_BUT_LIQUID"": 15, ""TVL_DROP"": 2}","{""risk_score_gt_35"": 97}",1.0,1.0
regime_score_threshold_loose,recent_72h,2h,intent_window,374,374,276,98,0,"{""ok"": 374}","{""WHALE_OR_HOLDER_CONCENTRATED"": 99, ""EXIT_DEPTH_THIN"": 140, ""HEALTHY_SHORT_HOLD"": 100, ""PRICE_SPIKE_VOLATILE"": 14, ""UNKNOWN"": 3, ""VOLATILE_BUT_LIQUID"": 16, ""TVL_DROP"": 2}","{""risk_score_gt_35"": 98}",1.0,1.0
regime_score_threshold_loose,recent_72h,2h,pool_window,384,384,287,97,0,"{""ok"": 384}","{""EXIT_DEPTH_THIN"": 140, ""WHALE_OR_HOLDER_CONCENTRATED"": 96, ""HEALTHY_SHORT_HOLD"": 114, ""PRICE_SPIKE_VOLATILE"": 14, ""UNKNOWN"": 3, ""VOLATILE_BUT_LIQUID"": 15, ""TVL_DROP"": 2}","{""risk_score_gt_35"": 97}",1.0,1.0
regime_score_threshold_loose,recent_72h,30m,intent_window,374,374,276,98,0,"{""ok"": 374}","{""EXIT_DEPTH_THIN"": 140, ""HEALTHY_SHORT_HOLD"": 100, ""WHALE_OR_HOLDER_CONCENTRATED"": 99, ""PRICE_SPIKE_VOLATILE"": 14, ""UNKNOWN"": 3, ""VOLATILE_BUT_LIQUID"": 16, ""TVL_DROP"": 2}","{""risk_score_gt_35"": 98}",1.0,1.0
regime_score_threshold_loose,recent_72h,30m,pool_window,384,384,287,97,0,"{""ok"": 384}","{""HEALTHY_SHORT_HOLD"": 114, ""EXIT_DEPTH_THIN"": 140, ""WHALE_OR_HOLDER_CONCENTRATED"": 96, ""PRICE_SPIKE_VOLATILE"": 14, ""UNKNOWN"": 3, ""VOLATILE_BUT_LIQUID"": 15, ""TVL_DROP"": 2}","{""risk_score_gt_35"": 97}",1.0,1.0
regime_score_threshold_loose,recent_7d,15m,intent_window,1390,1389,1159,230,1,"{""ok"": 1389, ""invalid"": 1}","{""UNKNOWN"": 66, ""HEALTHY_SHORT_HOLD"": 535, ""WHALE_OR_HOLDER_CONCENTRATED"": 302, ""VOLATILE_BUT_LIQUID"": 82, ""EXIT_DEPTH_THIN"": 357, ""DATA_STALE_OR_INCOMPLETE"": 12, ""VOLUME_COLLAPSE"": 1, ""PRICE_SPIKE_VOLATILE"": 33, ""TVL_DROP"": 1}","{""risk_score_gt_35"": 230, ""invalid_sample"": 1}",1.0,1.0
regime_score_threshold_loose,recent_7d,15m,pool_window,1860,1855,1167,688,5,"{""ok"": 1855, ""invalid"": 5}","{""UNKNOWN"": 520, ""HEALTHY_SHORT_HOLD"": 530, ""WHALE_OR_HOLDER_CONCENTRATED"": 324, ""VOLATILE_BUT_LIQUID"": 82, ""EXIT_DEPTH_THIN"": 348, ""DATA_STALE_OR_INCOMPLETE"": 16, ""VOLUME_COLLAPSE"": 1, ""PRICE_SPIKE_VOLATILE"": 33, ""TVL_DROP"": 1}","{""risk_score_gt_35"": 688, ""invalid_sample"": 5}",1.0,1.0
regime_score_threshold_loose,recent_7d,1h,intent_window,1390,1386,1156,230,4,"{""ok"": 1386, ""invalid"": 4}","{""UNKNOWN"": 66, ""HEALTHY_SHORT_HOLD"": 532, ""WHALE_OR_HOLDER_CONCENTRATED"": 302, ""VOLATILE_BUT_LIQUID"": 82, ""EXIT_DEPTH_THIN"": 357, ""DATA_STALE_OR_INCOMPLETE"": 12, ""VOLUME_COLLAPSE"": 1, ""PRICE_SPIKE_VOLATILE"": 33, ""TVL_DROP"": 1}","{""risk_score_gt_35"": 230, ""invalid_sample"": 4}",1.0,1.0
regime_score_threshold_loose,recent_7d,1h,pool_window,1860,1852,1164,688,8,"{""ok"": 1852, ""invalid"": 8}","{""UNKNOWN"": 520, ""HEALTHY_SHORT_HOLD"": 527, ""WHALE_OR_HOLDER_CONCENTRATED"": 324, ""VOLATILE_BUT_LIQUID"": 82, ""EXIT_DEPTH_THIN"": 348, ""DATA_STALE_OR_INCOMPLETE"": 16, ""VOLUME_COLLAPSE"": 1, ""PRICE_SPIKE_VOLATILE"": 33, ""TVL_DROP"": 1}","{""risk_score_gt_35"": 688, ""invalid_sample"": 8}",1.0,1.0
regime_score_threshold_loose,recent_7d,2h,intent_window,1390,1382,1152,230,8,"{""ok"": 1382, ""invalid"": 8}","{""UNKNOWN"": 66, ""HEALTHY_SHORT_HOLD"": 528, ""WHALE_OR_HOLDER_CONCENTRATED"": 302, ""VOLATILE_BUT_LIQUID"": 82, ""EXIT_DEPTH_THIN"": 357, ""DATA_STALE_OR_INCOMPLETE"": 12, ""VOLUME_COLLAPSE"": 1, ""PRICE_SPIKE_VOLATILE"": 33, ""TVL_DROP"": 1}","{""risk_score_gt_35"": 230, ""invalid_sample"": 8}",1.0,1.0
regime_score_threshold_loose,recent_7d,2h,pool_window,1860,1845,1159,686,15,"{""ok"": 1845, ""invalid"": 15}","{""UNKNOWN"": 520, ""HEALTHY_SHORT_HOLD"": 523, ""WHALE_OR_HOLDER_CONCENTRATED"": 323, ""VOLATILE_BUT_LIQUID"": 82, ""EXIT_DEPTH_THIN"": 348, ""DATA_STALE_OR_INCOMPLETE"": 14, ""VOLUME_COLLAPSE"": 1, ""PRICE_SPIKE_VOLATILE"": 33, ""TVL_DROP"": 1}","{""risk_score_gt_35"": 686, ""invalid_sample"": 15}",1.0,1.0
regime_score_threshold_loose,recent_7d,30m,intent_window,1390,1388,1158,230,2,"{""ok"": 1388, ""invalid"": 2}","{""UNKNOWN"": 66, ""WHALE_OR_HOLDER_CONCENTRATED"": 302, ""HEALTHY_SHORT_HOLD"": 534, ""VOLATILE_BUT_LIQUID"": 82, ""EXIT_DEPTH_THIN"": 357, ""DATA_STALE_OR_INCOMPLETE"": 12, ""VOLUME_COLLAPSE"": 1, ""PRICE_SPIKE_VOLATILE"": 33, ""TVL_DROP"": 1}","{""risk_score_gt_35"": 230, ""invalid_sample"": 2}",1.0,1.0
regime_score_threshold_loose,recent_7d,30m,pool_window,1860,1854,1166,688,6,"{""ok"": 1854, ""invalid"": 6}","{""UNKNOWN"": 520, ""HEALTHY_SHORT_HOLD"": 529, ""WHALE_OR_HOLDER_CONCENTRATED"": 324, ""VOLATILE_BUT_LIQUID"": 82, ""EXIT_DEPTH_THIN"": 348, ""DATA_STALE_OR_INCOMPLETE"": 16, ""VOLUME_COLLAPSE"": 1, ""PRICE_SPIKE_VOLATILE"": 33, ""TVL_DROP"": 1}","{""risk_score_gt_35"": 688, ""invalid_sample"": 6}",1.0,1.0
regime_score_threshold_strict,recent_24h,15m,intent_window,352,348,31,317,4,"{""ok"": 348, ""invalid"": 4}","{""EXIT_DEPTH_THIN"": 47, ""WHALE_OR_HOLDER_CONCENTRATED"": 88, ""HEALTHY_SHORT_HOLD"": 208, ""VOLATILE_BUT_LIQUID"": 4, ""PRICE_SPIKE_VOLATILE"": 1}","{""risk_score_gt_20"": 317, ""invalid_sample"": 4}",1.0,1.0
regime_score_threshold_strict,recent_24h,15m,pool_window,352,344,30,314,8,"{""ok"": 344, ""invalid"": 8}","{""WHALE_OR_HOLDER_CONCENTRATED"": 86, ""EXIT_DEPTH_THIN"": 49, ""HEALTHY_SHORT_HOLD"": 204, ""VOLATILE_BUT_LIQUID"": 4, ""PRICE_SPIKE_VOLATILE"": 1}","{""risk_score_gt_20"": 314, ""invalid_sample"": 8}",1.0,1.0
regime_score_threshold_strict,recent_24h,1h,intent_window,352,336,28,308,16,"{""ok"": 336, ""invalid"": 16}","{""EXIT_DEPTH_THIN"": 47, ""WHALE_OR_HOLDER_CONCENTRATED"": 85, ""HEALTHY_SHORT_HOLD"": 199, ""VOLATILE_BUT_LIQUID"": 4, ""PRICE_SPIKE_VOLATILE"": 1}","{""risk_score_gt_20"": 308, ""invalid_sample"": 16}",1.0,1.0
regime_score_threshold_strict,recent_24h,1h,pool_window,352,332,27,305,20,"{""ok"": 332, ""invalid"": 20}","{""EXIT_DEPTH_THIN"": 49, ""HEALTHY_SHORT_HOLD"": 195, ""WHALE_OR_HOLDER_CONCENTRATED"": 83, ""VOLATILE_BUT_LIQUID"": 4, ""PRICE_SPIKE_VOLATILE"": 1}","{""risk_score_gt_20"": 305, ""invalid_sample"": 20}",1.0,1.0
regime_score_threshold_strict,recent_24h,2h,intent_window,352,320,24,296,32,"{""ok"": 320, ""invalid"": 32}","{""HEALTHY_SHORT_HOLD"": 187, ""WHALE_OR_HOLDER_CONCENTRATED"": 81, ""EXIT_DEPTH_THIN"": 47, ""VOLATILE_BUT_LIQUID"": 4, ""PRICE_SPIKE_VOLATILE"": 1}","{""risk_score_gt_20"": 296, ""invalid_sample"": 32}",1.0,1.0
regime_score_threshold_strict,recent_24h,2h,pool_window,352,316,23,293,36,"{""ok"": 316, ""invalid"": 36}","{""EXIT_DEPTH_THIN"": 49, ""HEALTHY_SHORT_HOLD"": 183, ""WHALE_OR_HOLDER_CONCENTRATED"": 79, ""VOLATILE_BUT_LIQUID"": 4, ""PRICE_SPIKE_VOLATILE"": 1}","{""risk_score_gt_20"": 293, ""invalid_sample"": 36}",1.0,1.0
regime_score_threshold_strict,recent_24h,30m,intent_window,352,344,30,314,8,"{""ok"": 344, ""invalid"": 8}","{""EXIT_DEPTH_THIN"": 47, ""WHALE_OR_HOLDER_CONCENTRATED"": 87, ""HEALTHY_SHORT_HOLD"": 205, ""VOLATILE_BUT_LIQUID"": 4, ""PRICE_SPIKE_VOLATILE"": 1}","{""risk_score_gt_20"": 314, ""invalid_sample"": 8}",1.0,1.0
regime_score_threshold_strict,recent_24h,30m,pool_window,352,340,29,311,12,"{""ok"": 340, ""invalid"": 12}","{""WHALE_OR_HOLDER_CONCENTRATED"": 85, ""EXIT_DEPTH_THIN"": 49, ""HEALTHY_SHORT_HOLD"": 201, ""VOLATILE_BUT_LIQUID"": 4, ""PRICE_SPIKE_VOLATILE"": 1}","{""risk_score_gt_20"": 311, ""invalid_sample"": 12}",1.0,1.0
regime_score_threshold_strict,recent_48h,15m,intent_window,364,364,0,364,0,"{""ok"": 364}","{""HEALTHY_SHORT_HOLD"": 115, ""EXIT_DEPTH_THIN"": 125, ""WHALE_OR_HOLDER_CONCENTRATED"": 98, ""TVL_DROP"": 5, ""VOLATILE_BUT_LIQUID"": 21}","{""risk_score_gt_20"": 364}",1.0,1.0
regime_score_threshold_strict,recent_48h,15m,pool_window,384,384,0,384,0,"{""ok"": 384}","{""WHALE_OR_HOLDER_CONCENTRATED"": 96, ""HEALTHY_SHORT_HOLD"": 140, ""EXIT_DEPTH_THIN"": 123, ""TVL_DROP"": 5, ""VOLATILE_BUT_LIQUID"": 20}","{""risk_score_gt_20"": 384}",1.0,1.0
regime_score_threshold_strict,recent_48h,1h,intent_window,364,364,0,364,0,"{""ok"": 364}","{""EXIT_DEPTH_THIN"": 125, ""WHALE_OR_HOLDER_CONCENTRATED"": 98, ""HEALTHY_SHORT_HOLD"": 115, ""TVL_DROP"": 5, ""VOLATILE_BUT_LIQUID"": 21}","{""risk_score_gt_20"": 364}",1.0,1.0
regime_score_threshold_strict,recent_48h,1h,pool_window,384,384,0,384,0,"{""ok"": 384}","{""HEALTHY_SHORT_HOLD"": 140, ""EXIT_DEPTH_THIN"": 123, ""WHALE_OR_HOLDER_CONCENTRATED"": 96, ""TVL_DROP"": 5, ""VOLATILE_BUT_LIQUID"": 20}","{""risk_score_gt_20"": 384}",1.0,1.0
regime_score_threshold_strict,recent_48h,2h,intent_window,364,364,0,364,0,"{""ok"": 364}","{""HEALTHY_SHORT_HOLD"": 115, ""EXIT_DEPTH_THIN"": 125, ""WHALE_OR_HOLDER_CONCENTRATED"": 98, ""TVL_DROP"": 5, ""VOLATILE_BUT_LIQUID"": 21}","{""risk_score_gt_20"": 364}",1.0,1.0
regime_score_threshold_strict,recent_48h,2h,pool_window,384,384,0,384,0,"{""ok"": 384}","{""HEALTHY_SHORT_HOLD"": 140, ""WHALE_OR_HOLDER_CONCENTRATED"": 96, ""EXIT_DEPTH_THIN"": 123, ""TVL_DROP"": 5, ""VOLATILE_BUT_LIQUID"": 20}","{""risk_score_gt_20"": 384}",1.0,1.0
regime_score_threshold_strict,recent_48h,30m,intent_window,364,364,0,364,0,"{""ok"": 364}","{""EXIT_DEPTH_THIN"": 125, ""WHALE_OR_HOLDER_CONCENTRATED"": 98, ""HEALTHY_SHORT_HOLD"": 115, ""TVL_DROP"": 5, ""VOLATILE_BUT_LIQUID"": 21}","{""risk_score_gt_20"": 364}",1.0,1.0
regime_score_threshold_strict,recent_48h,30m,pool_window,384,384,0,384,0,"{""ok"": 384}","{""WHALE_OR_HOLDER_CONCENTRATED"": 96, ""HEALTHY_SHORT_HOLD"": 140, ""EXIT_DEPTH_THIN"": 123, ""TVL_DROP"": 5, ""VOLATILE_BUT_LIQUID"": 20}","{""risk_score_gt_20"": 384}",1.0,1.0
regime_score_threshold_strict,recent_72h,15m,intent_window,374,374,0,374,0,"{""ok"": 374}","{""EXIT_DEPTH_THIN"": 140, ""HEALTHY_SHORT_HOLD"": 100, ""WHALE_OR_HOLDER_CONCENTRATED"": 99, ""PRICE_SPIKE_VOLATILE"": 14, ""UNKNOWN"": 3, ""VOLATILE_BUT_LIQUID"": 16, ""TVL_DROP"": 2}","{""risk_score_gt_20"": 374}",1.0,1.0
regime_score_threshold_strict,recent_72h,15m,pool_window,384,384,0,384,0,"{""ok"": 384}","{""HEALTHY_SHORT_HOLD"": 114, ""EXIT_DEPTH_THIN"": 140, ""WHALE_OR_HOLDER_CONCENTRATED"": 96, ""PRICE_SPIKE_VOLATILE"": 14, ""UNKNOWN"": 3, ""VOLATILE_BUT_LIQUID"": 15, ""TVL_DROP"": 2}","{""risk_score_gt_20"": 384}",1.0,1.0
regime_score_threshold_strict,recent_72h,1h,intent_window,374,374,0,374,0,"{""ok"": 374}","{""EXIT_DEPTH_THIN"": 140, ""HEALTHY_SHORT_HOLD"": 100, ""WHALE_OR_HOLDER_CONCENTRATED"": 99, ""PRICE_SPIKE_VOLATILE"": 14, ""UNKNOWN"": 3, ""VOLATILE_BUT_LIQUID"": 16, ""TVL_DROP"": 2}","{""risk_score_gt_20"": 374}",1.0,1.0
regime_score_threshold_strict,recent_72h,1h,pool_window,384,384,0,384,0,"{""ok"": 384}","{""EXIT_DEPTH_THIN"": 140, ""HEALTHY_SHORT_HOLD"": 114, ""WHALE_OR_HOLDER_CONCENTRATED"": 96, ""PRICE_SPIKE_VOLATILE"": 14, ""UNKNOWN"": 3, ""VOLATILE_BUT_LIQUID"": 15, ""TVL_DROP"": 2}","{""risk_score_gt_20"": 384}",1.0,1.0
regime_score_threshold_strict,recent_72h,2h,intent_window,374,374,0,374,0,"{""ok"": 374}","{""WHALE_OR_HOLDER_CONCENTRATED"": 99, ""EXIT_DEPTH_THIN"": 140, ""HEALTHY_SHORT_HOLD"": 100, ""PRICE_SPIKE_VOLATILE"": 14, ""UNKNOWN"": 3, ""VOLATILE_BUT_LIQUID"": 16, ""TVL_DROP"": 2}","{""risk_score_gt_20"": 374}",1.0,1.0
regime_score_threshold_strict,recent_72h,2h,pool_window,384,384,0,384,0,"{""ok"": 384}","{""EXIT_DEPTH_THIN"": 140, ""WHALE_OR_HOLDER_CONCENTRATED"": 96, ""HEALTHY_SHORT_HOLD"": 114, ""PRICE_SPIKE_VOLATILE"": 14, ""UNKNOWN"": 3, ""VOLATILE_BUT_LIQUID"": 15, ""TVL_DROP"": 2}","{""risk_score_gt_20"": 384}",1.0,1.0
regime_score_threshold_strict,recent_72h,30m,intent_window,374,374,0,374,0,"{""ok"": 374}","{""EXIT_DEPTH_THIN"": 140, ""HEALTHY_SHORT_HOLD"": 100, ""WHALE_OR_HOLDER_CONCENTRATED"": 99, ""PRICE_SPIKE_VOLATILE"": 14, ""UNKNOWN"": 3, ""VOLATILE_BUT_LIQUID"": 16, ""TVL_DROP"": 2}","{""risk_score_gt_20"": 374}",1.0,1.0
regime_score_threshold_strict,recent_72h,30m,pool_window,384,384,0,384,0,"{""ok"": 384}","{""HEALTHY_SHORT_HOLD"": 114, ""EXIT_DEPTH_THIN"": 140, ""WHALE_OR_HOLDER_CONCENTRATED"": 96, ""PRICE_SPIKE_VOLATILE"": 14, ""UNKNOWN"": 3, ""VOLATILE_BUT_LIQUID"": 15, ""TVL_DROP"": 2}","{""risk_score_gt_20"": 384}",1.0,1.0
regime_score_threshold_strict,recent_7d,15m,intent_window,1390,1389,144,1245,1,"{""ok"": 1389, ""invalid"": 1}","{""UNKNOWN"": 66, ""HEALTHY_SHORT_HOLD"": 535, ""WHALE_OR_HOLDER_CONCENTRATED"": 302, ""VOLATILE_BUT_LIQUID"": 82, ""EXIT_DEPTH_THIN"": 357, ""DATA_STALE_OR_INCOMPLETE"": 12, ""VOLUME_COLLAPSE"": 1, ""PRICE_SPIKE_VOLATILE"": 33, ""TVL_DROP"": 1}","{""risk_score_gt_20"": 1245, ""invalid_sample"": 1}",1.0,1.0
regime_score_threshold_strict,recent_7d,15m,pool_window,1860,1855,144,1711,5,"{""ok"": 1855, ""invalid"": 5}","{""UNKNOWN"": 520, ""HEALTHY_SHORT_HOLD"": 530, ""WHALE_OR_HOLDER_CONCENTRATED"": 324, ""VOLATILE_BUT_LIQUID"": 82, ""EXIT_DEPTH_THIN"": 348, ""DATA_STALE_OR_INCOMPLETE"": 16, ""VOLUME_COLLAPSE"": 1, ""PRICE_SPIKE_VOLATILE"": 33, ""TVL_DROP"": 1}","{""risk_score_gt_20"": 1711, ""invalid_sample"": 5}",1.0,1.0
regime_score_threshold_strict,recent_7d,1h,intent_window,1390,1386,141,1245,4,"{""ok"": 1386, ""invalid"": 4}","{""UNKNOWN"": 66, ""HEALTHY_SHORT_HOLD"": 532, ""WHALE_OR_HOLDER_CONCENTRATED"": 302, ""VOLATILE_BUT_LIQUID"": 82, ""EXIT_DEPTH_THIN"": 357, ""DATA_STALE_OR_INCOMPLETE"": 12, ""VOLUME_COLLAPSE"": 1, ""PRICE_SPIKE_VOLATILE"": 33, ""TVL_DROP"": 1}","{""risk_score_gt_20"": 1245, ""invalid_sample"": 4}",1.0,1.0
regime_score_threshold_strict,recent_7d,1h,pool_window,1860,1852,141,1711,8,"{""ok"": 1852, ""invalid"": 8}","{""UNKNOWN"": 520, ""HEALTHY_SHORT_HOLD"": 527, ""WHALE_OR_HOLDER_CONCENTRATED"": 324, ""VOLATILE_BUT_LIQUID"": 82, ""EXIT_DEPTH_THIN"": 348, ""DATA_STALE_OR_INCOMPLETE"": 16, ""VOLUME_COLLAPSE"": 1, ""PRICE_SPIKE_VOLATILE"": 33, ""TVL_DROP"": 1}","{""risk_score_gt_20"": 1711, ""invalid_sample"": 8}",1.0,1.0
regime_score_threshold_strict,recent_7d,2h,intent_window,1390,1382,137,1245,8,"{""ok"": 1382, ""invalid"": 8}","{""UNKNOWN"": 66, ""HEALTHY_SHORT_HOLD"": 528, ""WHALE_OR_HOLDER_CONCENTRATED"": 302, ""VOLATILE_BUT_LIQUID"": 82, ""EXIT_DEPTH_THIN"": 357, ""DATA_STALE_OR_INCOMPLETE"": 12, ""VOLUME_COLLAPSE"": 1, ""PRICE_SPIKE_VOLATILE"": 33, ""TVL_DROP"": 1}","{""risk_score_gt_20"": 1245, ""invalid_sample"": 8}",1.0,1.0
regime_score_threshold_strict,recent_7d,2h,pool_window,1860,1845,137,1708,15,"{""ok"": 1845, ""invalid"": 15}","{""UNKNOWN"": 520, ""HEALTHY_SHORT_HOLD"": 523, ""WHALE_OR_HOLDER_CONCENTRATED"": 323, ""VOLATILE_BUT_LIQUID"": 82, ""EXIT_DEPTH_THIN"": 348, ""DATA_STALE_OR_INCOMPLETE"": 14, ""VOLUME_COLLAPSE"": 1, ""PRICE_SPIKE_VOLATILE"": 33, ""TVL_DROP"": 1}","{""risk_score_gt_20"": 1708, ""invalid_sample"": 15}",1.0,1.0
regime_score_threshold_strict,recent_7d,30m,intent_window,1390,1388,143,1245,2,"{""ok"": 1388, ""invalid"": 2}","{""UNKNOWN"": 66, ""WHALE_OR_HOLDER_CONCENTRATED"": 302, ""HEALTHY_SHORT_HOLD"": 534, ""VOLATILE_BUT_LIQUID"": 82, ""EXIT_DEPTH_THIN"": 357, ""DATA_STALE_OR_INCOMPLETE"": 12, ""VOLUME_COLLAPSE"": 1, ""PRICE_SPIKE_VOLATILE"": 33, ""TVL_DROP"": 1}","{""risk_score_gt_20"": 1245, ""invalid_sample"": 2}",1.0,1.0
regime_score_threshold_strict,recent_7d,30m,pool_window,1860,1854,143,1711,6,"{""ok"": 1854, ""invalid"": 6}","{""UNKNOWN"": 520, ""HEALTHY_SHORT_HOLD"": 529, ""WHALE_OR_HOLDER_CONCENTRATED"": 324, ""VOLATILE_BUT_LIQUID"": 82, ""EXIT_DEPTH_THIN"": 348, ""DATA_STALE_OR_INCOMPLETE"": 16, ""VOLUME_COLLAPSE"": 1, ""PRICE_SPIKE_VOLATILE"": 33, ""TVL_DROP"": 1}","{""risk_score_gt_20"": 1711, ""invalid_sample"": 6}",1.0,1.0
risk_signal_v2_quarantine_first,recent_24h,15m,intent_window,352,348,348,0,4,"{""ok"": 348, ""invalid"": 4}","{""EXIT_DEPTH_THIN"": 47, ""WHALE_OR_HOLDER_CONCENTRATED"": 88, ""HEALTHY_SHORT_HOLD"": 208, ""VOLATILE_BUT_LIQUID"": 4, ""PRICE_SPIKE_VOLATILE"": 1}","{""invalid_sample"": 4}",1.0,1.0
risk_signal_v2_quarantine_first,recent_24h,15m,pool_window,352,344,344,0,8,"{""ok"": 344, ""invalid"": 8}","{""WHALE_OR_HOLDER_CONCENTRATED"": 86, ""EXIT_DEPTH_THIN"": 49, ""HEALTHY_SHORT_HOLD"": 204, ""VOLATILE_BUT_LIQUID"": 4, ""PRICE_SPIKE_VOLATILE"": 1}","{""invalid_sample"": 8}",1.0,1.0
risk_signal_v2_quarantine_first,recent_24h,1h,intent_window,352,336,336,0,16,"{""ok"": 336, ""invalid"": 16}","{""EXIT_DEPTH_THIN"": 47, ""WHALE_OR_HOLDER_CONCENTRATED"": 85, ""HEALTHY_SHORT_HOLD"": 199, ""VOLATILE_BUT_LIQUID"": 4, ""PRICE_SPIKE_VOLATILE"": 1}","{""invalid_sample"": 16}",1.0,1.0
risk_signal_v2_quarantine_first,recent_24h,1h,pool_window,352,332,332,0,20,"{""ok"": 332, ""invalid"": 20}","{""EXIT_DEPTH_THIN"": 49, ""HEALTHY_SHORT_HOLD"": 195, ""WHALE_OR_HOLDER_CONCENTRATED"": 83, ""VOLATILE_BUT_LIQUID"": 4, ""PRICE_SPIKE_VOLATILE"": 1}","{""invalid_sample"": 20}",1.0,1.0
risk_signal_v2_quarantine_first,recent_24h,2h,intent_window,352,320,320,0,32,"{""ok"": 320, ""invalid"": 32}","{""HEALTHY_SHORT_HOLD"": 187, ""WHALE_OR_HOLDER_CONCENTRATED"": 81, ""EXIT_DEPTH_THIN"": 47, ""VOLATILE_BUT_LIQUID"": 4, ""PRICE_SPIKE_VOLATILE"": 1}","{""invalid_sample"": 32}",1.0,1.0
risk_signal_v2_quarantine_first,recent_24h,2h,pool_window,352,316,316,0,36,"{""ok"": 316, ""invalid"": 36}","{""EXIT_DEPTH_THIN"": 49, ""HEALTHY_SHORT_HOLD"": 183, ""WHALE_OR_HOLDER_CONCENTRATED"": 79, ""VOLATILE_BUT_LIQUID"": 4, ""PRICE_SPIKE_VOLATILE"": 1}","{""invalid_sample"": 36}",1.0,1.0
risk_signal_v2_quarantine_first,recent_24h,30m,intent_window,352,344,344,0,8,"{""ok"": 344, ""invalid"": 8}","{""EXIT_DEPTH_THIN"": 47, ""WHALE_OR_HOLDER_CONCENTRATED"": 87, ""HEALTHY_SHORT_HOLD"": 205, ""VOLATILE_BUT_LIQUID"": 4, ""PRICE_SPIKE_VOLATILE"": 1}","{""invalid_sample"": 8}",1.0,1.0
risk_signal_v2_quarantine_first,recent_24h,30m,pool_window,352,340,340,0,12,"{""ok"": 340, ""invalid"": 12}","{""WHALE_OR_HOLDER_CONCENTRATED"": 85, ""EXIT_DEPTH_THIN"": 49, ""HEALTHY_SHORT_HOLD"": 201, ""VOLATILE_BUT_LIQUID"": 4, ""PRICE_SPIKE_VOLATILE"": 1}","{""invalid_sample"": 12}",1.0,1.0
risk_signal_v2_quarantine_first,recent_48h,15m,intent_window,364,364,364,0,0,"{""ok"": 364}","{""HEALTHY_SHORT_HOLD"": 115, ""EXIT_DEPTH_THIN"": 125, ""WHALE_OR_HOLDER_CONCENTRATED"": 98, ""TVL_DROP"": 5, ""VOLATILE_BUT_LIQUID"": 21}",{},1.0,1.0
risk_signal_v2_quarantine_first,recent_48h,15m,pool_window,384,384,383,1,0,"{""ok"": 384}","{""WHALE_OR_HOLDER_CONCENTRATED"": 96, ""HEALTHY_SHORT_HOLD"": 140, ""EXIT_DEPTH_THIN"": 123, ""TVL_DROP"": 5, ""VOLATILE_BUT_LIQUID"": 20}","{""risk_signal:tvl_drop"": 1}",1.0,1.0
risk_signal_v2_quarantine_first,recent_48h,1h,intent_window,364,364,348,16,0,"{""ok"": 364}","{""EXIT_DEPTH_THIN"": 125, ""WHALE_OR_HOLDER_CONCENTRATED"": 98, ""HEALTHY_SHORT_HOLD"": 115, ""TVL_DROP"": 5, ""VOLATILE_BUT_LIQUID"": 21}","{""risk_signal:tvl_drop"": 16}",1.0,1.0
risk_signal_v2_quarantine_first,recent_48h,1h,pool_window,384,384,367,17,0,"{""ok"": 384}","{""HEALTHY_SHORT_HOLD"": 140, ""EXIT_DEPTH_THIN"": 123, ""WHALE_OR_HOLDER_CONCENTRATED"": 96, ""TVL_DROP"": 5, ""VOLATILE_BUT_LIQUID"": 20}","{""risk_signal:tvl_drop"": 17}",1.0,1.0
risk_signal_v2_quarantine_first,recent_48h,2h,intent_window,364,364,328,36,0,"{""ok"": 364}","{""HEALTHY_SHORT_HOLD"": 115, ""EXIT_DEPTH_THIN"": 125, ""WHALE_OR_HOLDER_CONCENTRATED"": 98, ""TVL_DROP"": 5, ""VOLATILE_BUT_LIQUID"": 21}","{""risk_signal:tvl_drop"": 36}",1.0,1.0
risk_signal_v2_quarantine_first,recent_48h,2h,pool_window,384,384,348,36,0,"{""ok"": 384}","{""HEALTHY_SHORT_HOLD"": 140, ""WHALE_OR_HOLDER_CONCENTRATED"": 96, ""EXIT_DEPTH_THIN"": 123, ""TVL_DROP"": 5, ""VOLATILE_BUT_LIQUID"": 20}","{""risk_signal:tvl_drop"": 36}",1.0,1.0
risk_signal_v2_quarantine_first,recent_48h,30m,intent_window,364,364,358,6,0,"{""ok"": 364}","{""EXIT_DEPTH_THIN"": 125, ""WHALE_OR_HOLDER_CONCENTRATED"": 98, ""HEALTHY_SHORT_HOLD"": 115, ""TVL_DROP"": 5, ""VOLATILE_BUT_LIQUID"": 21}","{""risk_signal:tvl_drop"": 6}",1.0,1.0
risk_signal_v2_quarantine_first,recent_48h,30m,pool_window,384,384,376,8,0,"{""ok"": 384}","{""WHALE_OR_HOLDER_CONCENTRATED"": 96, ""HEALTHY_SHORT_HOLD"": 140, ""EXIT_DEPTH_THIN"": 123, ""TVL_DROP"": 5, ""VOLATILE_BUT_LIQUID"": 20}","{""risk_signal:tvl_drop"": 8}",1.0,1.0
risk_signal_v2_quarantine_first,recent_72h,15m,intent_window,374,374,374,0,0,"{""ok"": 374}","{""EXIT_DEPTH_THIN"": 140, ""HEALTHY_SHORT_HOLD"": 100, ""WHALE_OR_HOLDER_CONCENTRATED"": 99, ""PRICE_SPIKE_VOLATILE"": 14, ""UNKNOWN"": 3, ""VOLATILE_BUT_LIQUID"": 16, ""TVL_DROP"": 2}",{},1.0,1.0
risk_signal_v2_quarantine_first,recent_72h,15m,pool_window,384,384,383,1,0,"{""ok"": 384}","{""HEALTHY_SHORT_HOLD"": 114, ""EXIT_DEPTH_THIN"": 140, ""WHALE_OR_HOLDER_CONCENTRATED"": 96, ""PRICE_SPIKE_VOLATILE"": 14, ""UNKNOWN"": 3, ""VOLATILE_BUT_LIQUID"": 15, ""TVL_DROP"": 2}","{""risk_signal:tvl_drop"": 1}",1.0,1.0
risk_signal_v2_quarantine_first,recent_72h,1h,intent_window,374,374,371,3,0,"{""ok"": 374}","{""EXIT_DEPTH_THIN"": 140, ""HEALTHY_SHORT_HOLD"": 100, ""WHALE_OR_HOLDER_CONCENTRATED"": 99, ""PRICE_SPIKE_VOLATILE"": 14, ""UNKNOWN"": 3, ""VOLATILE_BUT_LIQUID"": 16, ""TVL_DROP"": 2}","{""risk_signal:tvl_drop"": 3}",1.0,1.0
risk_signal_v2_quarantine_first,recent_72h,1h,pool_window,384,384,381,3,0,"{""ok"": 384}","{""EXIT_DEPTH_THIN"": 140, ""HEALTHY_SHORT_HOLD"": 114, ""WHALE_OR_HOLDER_CONCENTRATED"": 96, ""PRICE_SPIKE_VOLATILE"": 14, ""UNKNOWN"": 3, ""VOLATILE_BUT_LIQUID"": 15, ""TVL_DROP"": 2}","{""risk_signal:tvl_drop"": 3}",1.0,1.0
risk_signal_v2_quarantine_first,recent_72h,2h,intent_window,374,374,366,8,0,"{""ok"": 374}","{""WHALE_OR_HOLDER_CONCENTRATED"": 99, ""EXIT_DEPTH_THIN"": 140, ""HEALTHY_SHORT_HOLD"": 100, ""PRICE_SPIKE_VOLATILE"": 14, ""UNKNOWN"": 3, ""VOLATILE_BUT_LIQUID"": 16, ""TVL_DROP"": 2}","{""risk_signal:tvl_drop"": 8}",1.0,1.0
risk_signal_v2_quarantine_first,recent_72h,2h,pool_window,384,384,375,9,0,"{""ok"": 384}","{""EXIT_DEPTH_THIN"": 140, ""WHALE_OR_HOLDER_CONCENTRATED"": 96, ""HEALTHY_SHORT_HOLD"": 114, ""PRICE_SPIKE_VOLATILE"": 14, ""UNKNOWN"": 3, ""VOLATILE_BUT_LIQUID"": 15, ""TVL_DROP"": 2}","{""risk_signal:tvl_drop"": 9}",1.0,1.0
risk_signal_v2_quarantine_first,recent_72h,30m,intent_window,374,374,373,1,0,"{""ok"": 374}","{""EXIT_DEPTH_THIN"": 140, ""HEALTHY_SHORT_HOLD"": 100, ""WHALE_OR_HOLDER_CONCENTRATED"": 99, ""PRICE_SPIKE_VOLATILE"": 14, ""UNKNOWN"": 3, ""VOLATILE_BUT_LIQUID"": 16, ""TVL_DROP"": 2}","{""risk_signal:tvl_drop"": 1}",1.0,1.0
risk_signal_v2_quarantine_first,recent_72h,30m,pool_window,384,384,382,2,0,"{""ok"": 384}","{""HEALTHY_SHORT_HOLD"": 114, ""EXIT_DEPTH_THIN"": 140, ""WHALE_OR_HOLDER_CONCENTRATED"": 96, ""PRICE_SPIKE_VOLATILE"": 14, ""UNKNOWN"": 3, ""VOLATILE_BUT_LIQUID"": 15, ""TVL_DROP"": 2}","{""risk_signal:tvl_drop"": 2}",1.0,1.0
risk_signal_v2_quarantine_first,recent_7d,15m,intent_window,1390,1389,1389,0,1,"{""ok"": 1389, ""invalid"": 1}","{""UNKNOWN"": 66, ""HEALTHY_SHORT_HOLD"": 535, ""WHALE_OR_HOLDER_CONCENTRATED"": 302, ""VOLATILE_BUT_LIQUID"": 82, ""EXIT_DEPTH_THIN"": 357, ""DATA_STALE_OR_INCOMPLETE"": 12, ""VOLUME_COLLAPSE"": 1, ""PRICE_SPIKE_VOLATILE"": 33, ""TVL_DROP"": 1}","{""invalid_sample"": 1}",1.0,1.0
risk_signal_v2_quarantine_first,recent_7d,15m,pool_window,1860,1855,1846,9,5,"{""ok"": 1855, ""invalid"": 5}","{""UNKNOWN"": 520, ""HEALTHY_SHORT_HOLD"": 530, ""WHALE_OR_HOLDER_CONCENTRATED"": 324, ""VOLATILE_BUT_LIQUID"": 82, ""EXIT_DEPTH_THIN"": 348, ""DATA_STALE_OR_INCOMPLETE"": 16, ""VOLUME_COLLAPSE"": 1, ""PRICE_SPIKE_VOLATILE"": 33, ""TVL_DROP"": 1}","{""invalid_sample"": 5, ""risk_signal:tvl_drop"": 9}",1.0,1.0
risk_signal_v2_quarantine_first,recent_7d,1h,intent_window,1390,1386,1358,28,4,"{""ok"": 1386, ""invalid"": 4}","{""UNKNOWN"": 66, ""HEALTHY_SHORT_HOLD"": 532, ""WHALE_OR_HOLDER_CONCENTRATED"": 302, ""VOLATILE_BUT_LIQUID"": 82, ""EXIT_DEPTH_THIN"": 357, ""DATA_STALE_OR_INCOMPLETE"": 12, ""VOLUME_COLLAPSE"": 1, ""PRICE_SPIKE_VOLATILE"": 33, ""TVL_DROP"": 1}","{""risk_signal:tvl_drop"": 28, ""invalid_sample"": 4}",1.0,1.0
risk_signal_v2_quarantine_first,recent_7d,1h,pool_window,1860,1852,1802,50,8,"{""ok"": 1852, ""invalid"": 8}","{""UNKNOWN"": 520, ""HEALTHY_SHORT_HOLD"": 527, ""WHALE_OR_HOLDER_CONCENTRATED"": 324, ""VOLATILE_BUT_LIQUID"": 82, ""EXIT_DEPTH_THIN"": 348, ""DATA_STALE_OR_INCOMPLETE"": 16, ""VOLUME_COLLAPSE"": 1, ""PRICE_SPIKE_VOLATILE"": 33, ""TVL_DROP"": 1}","{""invalid_sample"": 8, ""risk_signal:tvl_drop"": 50}",1.0,1.0
risk_signal_v2_quarantine_first,recent_7d,2h,intent_window,1390,1382,1330,52,8,"{""ok"": 1382, ""invalid"": 8}","{""UNKNOWN"": 66, ""HEALTHY_SHORT_HOLD"": 528, ""WHALE_OR_HOLDER_CONCENTRATED"": 302, ""VOLATILE_BUT_LIQUID"": 82, ""EXIT_DEPTH_THIN"": 357, ""DATA_STALE_OR_INCOMPLETE"": 12, ""VOLUME_COLLAPSE"": 1, ""PRICE_SPIKE_VOLATILE"": 33, ""TVL_DROP"": 1}","{""risk_signal:tvl_drop"": 52, ""invalid_sample"": 8}",1.0,1.0
risk_signal_v2_quarantine_first,recent_7d,2h,pool_window,1860,1845,1750,95,15,"{""ok"": 1845, ""invalid"": 15}","{""UNKNOWN"": 520, ""HEALTHY_SHORT_HOLD"": 523, ""WHALE_OR_HOLDER_CONCENTRATED"": 323, ""VOLATILE_BUT_LIQUID"": 82, ""EXIT_DEPTH_THIN"": 348, ""DATA_STALE_OR_INCOMPLETE"": 14, ""VOLUME_COLLAPSE"": 1, ""PRICE_SPIKE_VOLATILE"": 33, ""TVL_DROP"": 1}","{""invalid_sample"": 15, ""risk_signal:tvl_drop"": 95}",1.0,1.0
risk_signal_v2_quarantine_first,recent_7d,30m,intent_window,1390,1388,1378,10,2,"{""ok"": 1388, ""invalid"": 2}","{""UNKNOWN"": 66, ""WHALE_OR_HOLDER_CONCENTRATED"": 302, ""HEALTHY_SHORT_HOLD"": 534, ""VOLATILE_BUT_LIQUID"": 82, ""EXIT_DEPTH_THIN"": 357, ""DATA_STALE_OR_INCOMPLETE"": 12, ""VOLUME_COLLAPSE"": 1, ""PRICE_SPIKE_VOLATILE"": 33, ""TVL_DROP"": 1}","{""risk_signal:tvl_drop"": 10, ""invalid_sample"": 2}",1.0,1.0
risk_signal_v2_quarantine_first,recent_7d,30m,pool_window,1860,1854,1829,25,6,"{""ok"": 1854, ""invalid"": 6}","{""UNKNOWN"": 520, ""HEALTHY_SHORT_HOLD"": 529, ""WHALE_OR_HOLDER_CONCENTRATED"": 324, ""VOLATILE_BUT_LIQUID"": 82, ""EXIT_DEPTH_THIN"": 348, ""DATA_STALE_OR_INCOMPLETE"": 16, ""VOLUME_COLLAPSE"": 1, ""PRICE_SPIKE_VOLATILE"": 33, ""TVL_DROP"": 1}","{""invalid_sample"": 6, ""risk_signal:tvl_drop"": 25}",1.0,1.0
