dedup_key,pool_id,token_pair,strategy_epoch,first_trace_time,source_trace_count,selected_count,intent_open_count,reuse_count,open_new_count,position_id,entry_notional_source,entry_notional_usd,entry_notional_confidence,entry_value_trusted,missing_reason,valid_entry
0x70acdf2ad0bf2402c957154f944c19ef4e1cbae1|base:0x70acdf2ad0bf2402c957154f944c19ef4e1cbae1|0|494334,0x70acdf2ad0bf2402c957154f944c19ef4e1cbae1,base:0x70acdf2ad0bf2402c957154f944c19ef4e1cbae1,0,1779602822,50,50,50,46,0,shadow-pos-7f17b03d5f6152b6f693864d,first_position_mark_amount_usd,200.0,medium,yes,,yes
0xb2cc224c1c9fee385f8ad6a55b4d94e92359dc59|base:0xb2cc224c1c9fee385f8ad6a55b4d94e92359dc59|0|494334,0xb2cc224c1c9fee385f8ad6a55b4d94e92359dc59,base:0xb2cc224c1c9fee385f8ad6a55b4d94e92359dc59,0,1779602822,50,50,50,48,0,shadow-pos-bad539974a504c8a7456e535,first_position_mark_amount_usd,1000.0,medium,yes,,yes
0x72ab388e2e2f6facef59e3c3fa2c4e29011c2d38|base:0x72ab388e2e2f6facef59e3c3fa2c4e29011c2d38|0|494334,0x72ab388e2e2f6facef59e3c3fa2c4e29011c2d38,base:0x72ab388e2e2f6facef59e3c3fa2c4e29011c2d38,0,1779602822,50,50,50,47,1,shadow-pos-aba9eb8396fcbb72b1b30ba8,first_position_mark_amount_usd,200.0,medium,yes,,yes
0x4e962bb3889bf030368f56810a9c96b83cb3e778|base:0x4e962bb3889bf030368f56810a9c96b83cb3e778|0|494334,0x4e962bb3889bf030368f56810a9c96b83cb3e778,base:0x4e962bb3889bf030368f56810a9c96b83cb3e778,0,1779602822,50,50,50,48,0,shadow-pos-824c6f5ed8b582da1b0004a6,first_position_mark_amount_usd,200.0,medium,yes,,yes
0x9a993fc0eec60faaa0c391ff11b840ce16685150|base:0x9a993fc0eec60faaa0c391ff11b840ce16685150|0|494334,0x9a993fc0eec60faaa0c391ff11b840ce16685150,base:0x9a993fc0eec60faaa0c391ff11b840ce16685150,0,1779602822,50,50,50,43,0,shadow-pos-68ad1af5798162ee842fb8a8,first_position_mark_amount_usd,200.0,medium,yes,,yes
0x72ab388e2e2f6facef59e3c3fa2c4e29011c2d38|base:0x72ab388e2e2f6facef59e3c3fa2c4e29011c2d38|0|494335,0x72ab388e2e2f6facef59e3c3fa2c4e29011c2d38,base:0x72ab388e2e2f6facef59e3c3fa2c4e29011c2d38,0,1779606056,57,57,57,55,0,shadow-pos-20a722d61ae673d983db7ac4,joined_position_amount_usd,200.0,medium,yes,,yes
0xb2cc224c1c9fee385f8ad6a55b4d94e92359dc59|base:0xb2cc224c1c9fee385f8ad6a55b4d94e92359dc59|0|494335,0xb2cc224c1c9fee385f8ad6a55b4d94e92359dc59,base:0xb2cc224c1c9fee385f8ad6a55b4d94e92359dc59,0,1779606056,57,57,57,55,0,shadow-pos-bad539974a504c8a7456e535,first_position_mark_amount_usd,1000.0,medium,yes,,yes
0x4e962bb3889bf030368f56810a9c96b83cb3e778|base:0x4e962bb3889bf030368f56810a9c96b83cb3e778|0|494335,0x4e962bb3889bf030368f56810a9c96b83cb3e778,base:0x4e962bb3889bf030368f56810a9c96b83cb3e778,0,1779606056,57,57,57,54,1,shadow-pos-824c6f5ed8b582da1b0004a6,first_position_mark_amount_usd,200.0,medium,yes,,yes
0x70acdf2ad0bf2402c957154f944c19ef4e1cbae1|base:0x70acdf2ad0bf2402c957154f944c19ef4e1cbae1|0|494335,0x70acdf2ad0bf2402c957154f944c19ef4e1cbae1,base:0x70acdf2ad0bf2402c957154f944c19ef4e1cbae1,0,1779606056,57,57,57,55,0,shadow-pos-7f17b03d5f6152b6f693864d,first_position_mark_amount_usd,200.0,medium,yes,,yes
0x9a993fc0eec60faaa0c391ff11b840ce16685150|base:0x9a993fc0eec60faaa0c391ff11b840ce16685150|0|494335,0x9a993fc0eec60faaa0c391ff11b840ce16685150,base:0x9a993fc0eec60faaa0c391ff11b840ce16685150,0,1779606056,57,57,57,55,0,shadow-pos-68ad1af5798162ee842fb8a8,first_position_mark_amount_usd,200.0,medium,yes,,yes
0x72ab388e2e2f6facef59e3c3fa2c4e29011c2d38|base:0x72ab388e2e2f6facef59e3c3fa2c4e29011c2d38|0|494336,0x72ab388e2e2f6facef59e3c3fa2c4e29011c2d38,base:0x72ab388e2e2f6facef59e3c3fa2c4e29011c2d38,0,1779609654,56,56,56,52,1,shadow-pos-20a722d61ae673d983db7ac4,first_position_mark_amount_usd,200.0,medium,yes,,yes
0xb2cc224c1c9fee385f8ad6a55b4d94e92359dc59|base:0xb2cc224c1c9fee385f8ad6a55b4d94e92359dc59|0|494336,0xb2cc224c1c9fee385f8ad6a55b4d94e92359dc59,base:0xb2cc224c1c9fee385f8ad6a55b4d94e92359dc59,0,1779609654,56,56,56,53,0,shadow-pos-bad539974a504c8a7456e535,first_position_mark_amount_usd,1000.0,medium,yes,,yes
0x4e962bb3889bf030368f56810a9c96b83cb3e778|base:0x4e962bb3889bf030368f56810a9c96b83cb3e778|0|494336,0x4e962bb3889bf030368f56810a9c96b83cb3e778,base:0x4e962bb3889bf030368f56810a9c96b83cb3e778,0,1779609654,56,56,56,54,0,shadow-pos-f823ae9a69be0b66cb778ba8,joined_position_amount_usd,200.0,medium,yes,,yes
0x70acdf2ad0bf2402c957154f944c19ef4e1cbae1|base:0x70acdf2ad0bf2402c957154f944c19ef4e1cbae1|0|494336,0x70acdf2ad0bf2402c957154f944c19ef4e1cbae1,base:0x70acdf2ad0bf2402c957154f944c19ef4e1cbae1,0,1779609654,56,56,56,54,0,shadow-pos-7f17b03d5f6152b6f693864d,first_position_mark_amount_usd,200.0,medium,yes,,yes
0x9a993fc0eec60faaa0c391ff11b840ce16685150|base:0x9a993fc0eec60faaa0c391ff11b840ce16685150|0|494336,0x9a993fc0eec60faaa0c391ff11b840ce16685150,base:0x9a993fc0eec60faaa0c391ff11b840ce16685150,0,1779609654,56,56,56,54,0,shadow-pos-68ad1af5798162ee842fb8a8,first_position_mark_amount_usd,200.0,medium,yes,,yes
0x72ab388e2e2f6facef59e3c3fa2c4e29011c2d38|base:0x72ab388e2e2f6facef59e3c3fa2c4e29011c2d38|0|494337,0x72ab388e2e2f6facef59e3c3fa2c4e29011c2d38,base:0x72ab388e2e2f6facef59e3c3fa2c4e29011c2d38,0,1779613210,59,59,59,58,0,shadow-pos-9878cd860310b5e6e2eb81b4,joined_position_amount_usd,200.0,medium,yes,,yes
0xb2cc224c1c9fee385f8ad6a55b4d94e92359dc59|base:0xb2cc224c1c9fee385f8ad6a55b4d94e92359dc59|0|494337,0xb2cc224c1c9fee385f8ad6a55b4d94e92359dc59,base:0xb2cc224c1c9fee385f8ad6a55b4d94e92359dc59,0,1779613210,59,59,59,58,0,shadow-pos-bad539974a504c8a7456e535,first_position_mark_amount_usd,1000.0,medium,yes,,yes
0x4e962bb3889bf030368f56810a9c96b83cb3e778|base:0x4e962bb3889bf030368f56810a9c96b83cb3e778|0|494337,0x4e962bb3889bf030368f56810a9c96b83cb3e778,base:0x4e962bb3889bf030368f56810a9c96b83cb3e778,0,1779613210,59,59,59,58,0,shadow-pos-f823ae9a69be0b66cb778ba8,first_position_mark_amount_usd,200.0,medium,yes,,yes
0x70acdf2ad0bf2402c957154f944c19ef4e1cbae1|base:0x70acdf2ad0bf2402c957154f944c19ef4e1cbae1|0|494337,0x70acdf2ad0bf2402c957154f944c19ef4e1cbae1,base:0x70acdf2ad0bf2402c957154f944c19ef4e1cbae1,0,1779613210,59,59,59,57,0,shadow-pos-7f17b03d5f6152b6f693864d,first_position_mark_amount_usd,200.0,medium,yes,,yes
0x9a993fc0eec60faaa0c391ff11b840ce16685150|base:0x9a993fc0eec60faaa0c391ff11b840ce16685150|0|494337,0x9a993fc0eec60faaa0c391ff11b840ce16685150,base:0x9a993fc0eec60faaa0c391ff11b840ce16685150,0,1779613210,59,59,59,58,0,shadow-pos-68ad1af5798162ee842fb8a8,first_position_mark_amount_usd,200.0,medium,yes,,yes
0x70acdf2ad0bf2402c957154f944c19ef4e1cbae1|base:0x70acdf2ad0bf2402c957154f944c19ef4e1cbae1|0|494338,0x70acdf2ad0bf2402c957154f944c19ef4e1cbae1,base:0x70acdf2ad0bf2402c957154f944c19ef4e1cbae1,0,1779616805,58,58,58,57,0,shadow-pos-7f17b03d5f6152b6f693864d,first_position_mark_amount_usd,200.0,medium,yes,,yes
0x72ab388e2e2f6facef59e3c3fa2c4e29011c2d38|base:0x72ab388e2e2f6facef59e3c3fa2c4e29011c2d38|0|494338,0x72ab388e2e2f6facef59e3c3fa2c4e29011c2d38,base:0x72ab388e2e2f6facef59e3c3fa2c4e29011c2d38,0,1779616805,58,58,58,56,1,shadow-pos-9878cd860310b5e6e2eb81b4,first_position_mark_amount_usd,200.0,medium,yes,,yes
0xb2cc224c1c9fee385f8ad6a55b4d94e92359dc59|base:0xb2cc224c1c9fee385f8ad6a55b4d94e92359dc59|0|494338,0xb2cc224c1c9fee385f8ad6a55b4d94e92359dc59,base:0xb2cc224c1c9fee385f8ad6a55b4d94e92359dc59,0,1779616805,58,58,58,57,0,shadow-pos-bad539974a504c8a7456e535,first_position_mark_amount_usd,1000.0,medium,yes,,yes
0x4e962bb3889bf030368f56810a9c96b83cb3e778|base:0x4e962bb3889bf030368f56810a9c96b83cb3e778|0|494338,0x4e962bb3889bf030368f56810a9c96b83cb3e778,base:0x4e962bb3889bf030368f56810a9c96b83cb3e778,0,1779616805,58,58,58,57,0,shadow-pos-f823ae9a69be0b66cb778ba8,first_position_mark_amount_usd,200.0,medium,yes,,yes
0x9a993fc0eec60faaa0c391ff11b840ce16685150|base:0x9a993fc0eec60faaa0c391ff11b840ce16685150|0|494338,0x9a993fc0eec60faaa0c391ff11b840ce16685150,base:0x9a993fc0eec60faaa0c391ff11b840ce16685150,0,1779616805,58,58,58,57,0,shadow-pos-68ad1af5798162ee842fb8a8,first_position_mark_amount_usd,200.0,medium,yes,,yes
0x72ab388e2e2f6facef59e3c3fa2c4e29011c2d38|base:0x72ab388e2e2f6facef59e3c3fa2c4e29011c2d38|0|494339,0x72ab388e2e2f6facef59e3c3fa2c4e29011c2d38,base:0x72ab388e2e2f6facef59e3c3fa2c4e29011c2d38,0,1779620416,59,59,59,54,0,shadow-pos-d242d4f81bdc2b874e602b7a,joined_position_amount_usd,200.0,medium,yes,,yes
0xb2cc224c1c9fee385f8ad6a55b4d94e92359dc59|base:0xb2cc224c1c9fee385f8ad6a55b4d94e92359dc59|0|494339,0xb2cc224c1c9fee385f8ad6a55b4d94e92359dc59,base:0xb2cc224c1c9fee385f8ad6a55b4d94e92359dc59,0,1779620416,59,59,59,55,0,shadow-pos-bad539974a504c8a7456e535,first_position_mark_amount_usd,1000.0,medium,yes,,yes
0x4e962bb3889bf030368f56810a9c96b83cb3e778|base:0x4e962bb3889bf030368f56810a9c96b83cb3e778|0|494339,0x4e962bb3889bf030368f56810a9c96b83cb3e778,base:0x4e962bb3889bf030368f56810a9c96b83cb3e778,0,1779620416,59,59,59,55,0,shadow-pos-f823ae9a69be0b66cb778ba8,first_position_mark_amount_usd,200.0,medium,yes,,yes
0x70acdf2ad0bf2402c957154f944c19ef4e1cbae1|base:0x70acdf2ad0bf2402c957154f944c19ef4e1cbae1|0|494339,0x70acdf2ad0bf2402c957154f944c19ef4e1cbae1,base:0x70acdf2ad0bf2402c957154f944c19ef4e1cbae1,0,1779620416,59,59,59,53,1,shadow-pos-7f17b03d5f6152b6f693864d,first_position_mark_amount_usd,200.0,medium,yes,,yes
0x9a993fc0eec60faaa0c391ff11b840ce16685150|base:0x9a993fc0eec60faaa0c391ff11b840ce16685150|0|494339,0x9a993fc0eec60faaa0c391ff11b840ce16685150,base:0x9a993fc0eec60faaa0c391ff11b840ce16685150,0,1779620416,59,59,59,52,0,shadow-pos-68ad1af5798162ee842fb8a8,first_position_mark_amount_usd,200.0,medium,yes,,yes
0x72ab388e2e2f6facef59e3c3fa2c4e29011c2d38|base:0x72ab388e2e2f6facef59e3c3fa2c4e29011c2d38|0|494340,0x72ab388e2e2f6facef59e3c3fa2c4e29011c2d38,base:0x72ab388e2e2f6facef59e3c3fa2c4e29011c2d38,0,1779624015,60,60,60,60,0,shadow-pos-d242d4f81bdc2b874e602b7a,first_position_mark_amount_usd,200.0,medium,yes,,yes
0xb2cc224c1c9fee385f8ad6a55b4d94e92359dc59|base:0xb2cc224c1c9fee385f8ad6a55b4d94e92359dc59|0|494340,0xb2cc224c1c9fee385f8ad6a55b4d94e92359dc59,base:0xb2cc224c1c9fee385f8ad6a55b4d94e92359dc59,0,1779624015,60,60,60,60,0,shadow-pos-bad539974a504c8a7456e535,first_position_mark_amount_usd,1000.0,medium,yes,,yes
0x4e962bb3889bf030368f56810a9c96b83cb3e778|base:0x4e962bb3889bf030368f56810a9c96b83cb3e778|0|494340,0x4e962bb3889bf030368f56810a9c96b83cb3e778,base:0x4e962bb3889bf030368f56810a9c96b83cb3e778,0,1779624015,60,60,60,60,0,shadow-pos-f823ae9a69be0b66cb778ba8,first_position_mark_amount_usd,200.0,medium,yes,,yes
0x70acdf2ad0bf2402c957154f944c19ef4e1cbae1|base:0x70acdf2ad0bf2402c957154f944c19ef4e1cbae1|0|494340,0x70acdf2ad0bf2402c957154f944c19ef4e1cbae1,base:0x70acdf2ad0bf2402c957154f944c19ef4e1cbae1,0,1779624015,60,60,60,60,0,shadow-pos-fbeaeba5f113d78d37c03530,joined_position_amount_usd,200.0,medium,yes,,yes
0x9a993fc0eec60faaa0c391ff11b840ce16685150|base:0x9a993fc0eec60faaa0c391ff11b840ce16685150|0|494340,0x9a993fc0eec60faaa0c391ff11b840ce16685150,base:0x9a993fc0eec60faaa0c391ff11b840ce16685150,0,1779624015,60,60,60,60,0,shadow-pos-68ad1af5798162ee842fb8a8,first_position_mark_amount_usd,200.0,medium,yes,,yes
0xb2cc224c1c9fee385f8ad6a55b4d94e92359dc59|base:0xb2cc224c1c9fee385f8ad6a55b4d94e92359dc59|0|494341,0xb2cc224c1c9fee385f8ad6a55b4d94e92359dc59,base:0xb2cc224c1c9fee385f8ad6a55b4d94e92359dc59,0,1779627616,60,60,60,59,0,shadow-pos-bad539974a504c8a7456e535,first_position_mark_amount_usd,1000.0,medium,yes,,yes
0x70acdf2ad0bf2402c957154f944c19ef4e1cbae1|base:0x70acdf2ad0bf2402c957154f944c19ef4e1cbae1|0|494341,0x70acdf2ad0bf2402c957154f944c19ef4e1cbae1,base:0x70acdf2ad0bf2402c957154f944c19ef4e1cbae1,0,1779627616,60,60,60,55,0,shadow-pos-fbeaeba5f113d78d37c03530,first_position_mark_amount_usd,200.0,medium,yes,,yes
0x9a993fc0eec60faaa0c391ff11b840ce16685150|base:0x9a993fc0eec60faaa0c391ff11b840ce16685150|0|494341,0x9a993fc0eec60faaa0c391ff11b840ce16685150,base:0x9a993fc0eec60faaa0c391ff11b840ce16685150,0,1779627616,60,60,60,54,0,shadow-pos-68ad1af5798162ee842fb8a8,first_position_mark_amount_usd,200.0,medium,yes,,yes
0x72ab388e2e2f6facef59e3c3fa2c4e29011c2d38|base:0x72ab388e2e2f6facef59e3c3fa2c4e29011c2d38|0|494341,0x72ab388e2e2f6facef59e3c3fa2c4e29011c2d38,base:0x72ab388e2e2f6facef59e3c3fa2c4e29011c2d38,0,1779627616,60,60,60,59,0,shadow-pos-d242d4f81bdc2b874e602b7a,first_position_mark_amount_usd,200.0,medium,yes,,yes
0x4e962bb3889bf030368f56810a9c96b83cb3e778|base:0x4e962bb3889bf030368f56810a9c96b83cb3e778|0|494341,0x4e962bb3889bf030368f56810a9c96b83cb3e778,base:0x4e962bb3889bf030368f56810a9c96b83cb3e778,0,1779627616,60,60,60,56,0,shadow-pos-f823ae9a69be0b66cb778ba8,first_position_mark_amount_usd,200.0,medium,yes,,yes
0x9a993fc0eec60faaa0c391ff11b840ce16685150|base:0x9a993fc0eec60faaa0c391ff11b840ce16685150|0|494342,0x9a993fc0eec60faaa0c391ff11b840ce16685150,base:0x9a993fc0eec60faaa0c391ff11b840ce16685150,0,1779631216,60,60,60,60,0,shadow-pos-68ad1af5798162ee842fb8a8,first_position_mark_amount_usd,200.0,medium,yes,,yes
0xb2cc224c1c9fee385f8ad6a55b4d94e92359dc59|base:0xb2cc224c1c9fee385f8ad6a55b4d94e92359dc59|0|494342,0xb2cc224c1c9fee385f8ad6a55b4d94e92359dc59,base:0xb2cc224c1c9fee385f8ad6a55b4d94e92359dc59,0,1779631216,60,60,60,59,1,shadow-pos-bad539974a504c8a7456e535,first_position_mark_amount_usd,1000.0,medium,yes,,yes
0x4e962bb3889bf030368f56810a9c96b83cb3e778|base:0x4e962bb3889bf030368f56810a9c96b83cb3e778|0|494342,0x4e962bb3889bf030368f56810a9c96b83cb3e778,base:0x4e962bb3889bf030368f56810a9c96b83cb3e778,0,1779631216,60,60,60,60,0,shadow-pos-f823ae9a69be0b66cb778ba8,first_position_mark_amount_usd,200.0,medium,yes,,yes
0x70acdf2ad0bf2402c957154f944c19ef4e1cbae1|base:0x70acdf2ad0bf2402c957154f944c19ef4e1cbae1|0|494342,0x70acdf2ad0bf2402c957154f944c19ef4e1cbae1,base:0x70acdf2ad0bf2402c957154f944c19ef4e1cbae1,0,1779631216,60,60,60,60,0,shadow-pos-fbeaeba5f113d78d37c03530,first_position_mark_amount_usd,200.0,medium,yes,,yes
0x72ab388e2e2f6facef59e3c3fa2c4e29011c2d38|base:0x72ab388e2e2f6facef59e3c3fa2c4e29011c2d38|0|494342,0x72ab388e2e2f6facef59e3c3fa2c4e29011c2d38,base:0x72ab388e2e2f6facef59e3c3fa2c4e29011c2d38,0,1779631216,60,60,60,60,0,shadow-pos-d242d4f81bdc2b874e602b7a,first_position_mark_amount_usd,200.0,medium,yes,,yes
0x70acdf2ad0bf2402c957154f944c19ef4e1cbae1|base:0x70acdf2ad0bf2402c957154f944c19ef4e1cbae1|0|494343,0x70acdf2ad0bf2402c957154f944c19ef4e1cbae1,base:0x70acdf2ad0bf2402c957154f944c19ef4e1cbae1,0,1779634815,60,60,60,60,0,shadow-pos-fbeaeba5f113d78d37c03530,first_position_mark_amount_usd,200.0,medium,yes,,yes
0x72ab388e2e2f6facef59e3c3fa2c4e29011c2d38|base:0x72ab388e2e2f6facef59e3c3fa2c4e29011c2d38|0|494343,0x72ab388e2e2f6facef59e3c3fa2c4e29011c2d38,base:0x72ab388e2e2f6facef59e3c3fa2c4e29011c2d38,0,1779634815,60,60,60,60,0,shadow-pos-d242d4f81bdc2b874e602b7a,first_position_mark_amount_usd,200.0,medium,yes,,yes
0xb2cc224c1c9fee385f8ad6a55b4d94e92359dc59|base:0xb2cc224c1c9fee385f8ad6a55b4d94e92359dc59|0|494343,0xb2cc224c1c9fee385f8ad6a55b4d94e92359dc59,base:0xb2cc224c1c9fee385f8ad6a55b4d94e92359dc59,0,1779634815,60,60,60,60,0,shadow-pos-c5e8f94d64e82415136312e3,joined_position_amount_usd,1000.0,medium,yes,,yes
0x4e962bb3889bf030368f56810a9c96b83cb3e778|base:0x4e962bb3889bf030368f56810a9c96b83cb3e778|0|494343,0x4e962bb3889bf030368f56810a9c96b83cb3e778,base:0x4e962bb3889bf030368f56810a9c96b83cb3e778,0,1779634815,60,60,60,60,0,shadow-pos-f823ae9a69be0b66cb778ba8,first_position_mark_amount_usd,200.0,medium,yes,,yes
0x9a993fc0eec60faaa0c391ff11b840ce16685150|base:0x9a993fc0eec60faaa0c391ff11b840ce16685150|0|494343,0x9a993fc0eec60faaa0c391ff11b840ce16685150,base:0x9a993fc0eec60faaa0c391ff11b840ce16685150,0,1779634815,60,60,60,60,0,shadow-pos-68ad1af5798162ee842fb8a8,first_position_mark_amount_usd,200.0,medium,yes,,yes
0x72ab388e2e2f6facef59e3c3fa2c4e29011c2d38|base:0x72ab388e2e2f6facef59e3c3fa2c4e29011c2d38|0|494344,0x72ab388e2e2f6facef59e3c3fa2c4e29011c2d38,base:0x72ab388e2e2f6facef59e3c3fa2c4e29011c2d38,0,1779638415,59,59,59,59,0,shadow-pos-d242d4f81bdc2b874e602b7a,first_position_mark_amount_usd,200.0,medium,yes,,yes
0xb2cc224c1c9fee385f8ad6a55b4d94e92359dc59|base:0xb2cc224c1c9fee385f8ad6a55b4d94e92359dc59|0|494344,0xb2cc224c1c9fee385f8ad6a55b4d94e92359dc59,base:0xb2cc224c1c9fee385f8ad6a55b4d94e92359dc59,0,1779638415,59,59,59,59,0,shadow-pos-c5e8f94d64e82415136312e3,first_position_mark_amount_usd,1000.0,medium,yes,,yes
0x4e962bb3889bf030368f56810a9c96b83cb3e778|base:0x4e962bb3889bf030368f56810a9c96b83cb3e778|0|494344,0x4e962bb3889bf030368f56810a9c96b83cb3e778,base:0x4e962bb3889bf030368f56810a9c96b83cb3e778,0,1779638415,59,59,59,59,0,shadow-pos-f823ae9a69be0b66cb778ba8,first_position_mark_amount_usd,200.0,medium,yes,,yes
0x70acdf2ad0bf2402c957154f944c19ef4e1cbae1|base:0x70acdf2ad0bf2402c957154f944c19ef4e1cbae1|0|494344,0x70acdf2ad0bf2402c957154f944c19ef4e1cbae1,base:0x70acdf2ad0bf2402c957154f944c19ef4e1cbae1,0,1779638415,59,59,59,59,0,shadow-pos-fbeaeba5f113d78d37c03530,first_position_mark_amount_usd,200.0,medium,yes,,yes
0x9a993fc0eec60faaa0c391ff11b840ce16685150|base:0x9a993fc0eec60faaa0c391ff11b840ce16685150|0|494344,0x9a993fc0eec60faaa0c391ff11b840ce16685150,base:0x9a993fc0eec60faaa0c391ff11b840ce16685150,0,1779638415,59,59,59,59,0,shadow-pos-68ad1af5798162ee842fb8a8,first_position_mark_amount_usd,200.0,medium,yes,,yes
0xc211e1f853a898bd1302385ccde55f33a8c4b3f3|base:0xc211e1f853a898bd1302385ccde55f33a8c4b3f3|0|494344,0xc211e1f853a898bd1302385ccde55f33a8c4b3f3,base:0xc211e1f853a898bd1302385ccde55f33a8c4b3f3,0,1779641179,14,14,14,13,1,shadow-pos-e342ff683ff9e03607817d1a,joined_position_amount_usd,200.0,high,yes,,yes
0x72ab388e2e2f6facef59e3c3fa2c4e29011c2d38|base:0x72ab388e2e2f6facef59e3c3fa2c4e29011c2d38|0|494345,0x72ab388e2e2f6facef59e3c3fa2c4e29011c2d38,base:0x72ab388e2e2f6facef59e3c3fa2c4e29011c2d38,0,1779642015,60,60,60,60,0,shadow-pos-d242d4f81bdc2b874e602b7a,first_position_mark_amount_usd,200.0,medium,yes,,yes
0xb2cc224c1c9fee385f8ad6a55b4d94e92359dc59|base:0xb2cc224c1c9fee385f8ad6a55b4d94e92359dc59|0|494345,0xb2cc224c1c9fee385f8ad6a55b4d94e92359dc59,base:0xb2cc224c1c9fee385f8ad6a55b4d94e92359dc59,0,1779642015,60,60,60,60,0,shadow-pos-c5e8f94d64e82415136312e3,first_position_mark_amount_usd,1000.0,medium,yes,,yes
0x4e962bb3889bf030368f56810a9c96b83cb3e778|base:0x4e962bb3889bf030368f56810a9c96b83cb3e778|0|494345,0x4e962bb3889bf030368f56810a9c96b83cb3e778,base:0x4e962bb3889bf030368f56810a9c96b83cb3e778,0,1779642015,60,60,60,60,0,shadow-pos-f823ae9a69be0b66cb778ba8,first_position_mark_amount_usd,200.0,medium,yes,,yes
0x70acdf2ad0bf2402c957154f944c19ef4e1cbae1|base:0x70acdf2ad0bf2402c957154f944c19ef4e1cbae1|0|494345,0x70acdf2ad0bf2402c957154f944c19ef4e1cbae1,base:0x70acdf2ad0bf2402c957154f944c19ef4e1cbae1,0,1779642015,60,60,60,59,0,shadow-pos-fbeaeba5f113d78d37c03530,first_position_mark_amount_usd,200.0,medium,yes,,yes
0x9a993fc0eec60faaa0c391ff11b840ce16685150|base:0x9a993fc0eec60faaa0c391ff11b840ce16685150|0|494345,0x9a993fc0eec60faaa0c391ff11b840ce16685150,base:0x9a993fc0eec60faaa0c391ff11b840ce16685150,0,1779642015,60,60,60,60,0,shadow-pos-68ad1af5798162ee842fb8a8,first_position_mark_amount_usd,200.0,medium,yes,,yes
0xc211e1f853a898bd1302385ccde55f33a8c4b3f3|base:0xc211e1f853a898bd1302385ccde55f33a8c4b3f3|0|494345,0xc211e1f853a898bd1302385ccde55f33a8c4b3f3,base:0xc211e1f853a898bd1302385ccde55f33a8c4b3f3,0,1779642015,60,60,60,60,0,shadow-pos-e342ff683ff9e03607817d1a,joined_position_amount_usd,200.0,high,yes,,yes
0x72ab388e2e2f6facef59e3c3fa2c4e29011c2d38|base:0x72ab388e2e2f6facef59e3c3fa2c4e29011c2d38|0|494346,0x72ab388e2e2f6facef59e3c3fa2c4e29011c2d38,base:0x72ab388e2e2f6facef59e3c3fa2c4e29011c2d38,0,1779645615,17,17,17,17,0,shadow-pos-d242d4f81bdc2b874e602b7a,first_position_mark_amount_usd,200.0,medium,yes,,yes
0xb2cc224c1c9fee385f8ad6a55b4d94e92359dc59|base:0xb2cc224c1c9fee385f8ad6a55b4d94e92359dc59|0|494346,0xb2cc224c1c9fee385f8ad6a55b4d94e92359dc59,base:0xb2cc224c1c9fee385f8ad6a55b4d94e92359dc59,0,1779645615,17,17,17,17,0,shadow-pos-c5e8f94d64e82415136312e3,first_position_mark_amount_usd,1000.0,medium,yes,,yes
0x4e962bb3889bf030368f56810a9c96b83cb3e778|base:0x4e962bb3889bf030368f56810a9c96b83cb3e778|0|494346,0x4e962bb3889bf030368f56810a9c96b83cb3e778,base:0x4e962bb3889bf030368f56810a9c96b83cb3e778,0,1779645615,17,17,17,17,0,shadow-pos-f823ae9a69be0b66cb778ba8,first_position_mark_amount_usd,200.0,medium,yes,,yes
0x70acdf2ad0bf2402c957154f944c19ef4e1cbae1|base:0x70acdf2ad0bf2402c957154f944c19ef4e1cbae1|0|494346,0x70acdf2ad0bf2402c957154f944c19ef4e1cbae1,base:0x70acdf2ad0bf2402c957154f944c19ef4e1cbae1,0,1779645615,17,17,17,17,0,shadow-pos-fbeaeba5f113d78d37c03530,first_position_mark_amount_usd,200.0,medium,yes,,yes
0x9a993fc0eec60faaa0c391ff11b840ce16685150|base:0x9a993fc0eec60faaa0c391ff11b840ce16685150|0|494346,0x9a993fc0eec60faaa0c391ff11b840ce16685150,base:0x9a993fc0eec60faaa0c391ff11b840ce16685150,0,1779645615,17,17,17,17,0,shadow-pos-68ad1af5798162ee842fb8a8,first_position_mark_amount_usd,200.0,medium,yes,,yes
0xc211e1f853a898bd1302385ccde55f33a8c4b3f3|base:0xc211e1f853a898bd1302385ccde55f33a8c4b3f3|0|494346,0xc211e1f853a898bd1302385ccde55f33a8c4b3f3,base:0xc211e1f853a898bd1302385ccde55f33a8c4b3f3,0,1779645615,17,17,17,17,0,shadow-pos-e342ff683ff9e03607817d1a,first_position_mark_amount_usd,200.0,medium,yes,,yes
0x72ab388e2e2f6facef59e3c3fa2c4e29011c2d38|base:0x72ab388e2e2f6facef59e3c3fa2c4e29011c2d38|0|494357,0x72ab388e2e2f6facef59e3c3fa2c4e29011c2d38,base:0x72ab388e2e2f6facef59e3c3fa2c4e29011c2d38,0,1779686329,42,42,42,42,0,shadow-pos-d242d4f81bdc2b874e602b7a,first_position_mark_amount_usd,200.0,medium,yes,,yes
0xb2cc224c1c9fee385f8ad6a55b4d94e92359dc59|base:0xb2cc224c1c9fee385f8ad6a55b4d94e92359dc59|0|494357,0xb2cc224c1c9fee385f8ad6a55b4d94e92359dc59,base:0xb2cc224c1c9fee385f8ad6a55b4d94e92359dc59,0,1779686329,42,42,42,42,0,shadow-pos-c5e8f94d64e82415136312e3,first_position_mark_amount_usd,1000.0,medium,yes,,yes
0x4e962bb3889bf030368f56810a9c96b83cb3e778|base:0x4e962bb3889bf030368f56810a9c96b83cb3e778|0|494357,0x4e962bb3889bf030368f56810a9c96b83cb3e778,base:0x4e962bb3889bf030368f56810a9c96b83cb3e778,0,1779686329,42,42,42,41,1,shadow-pos-f823ae9a69be0b66cb778ba8,first_position_mark_amount_usd,200.0,medium,yes,,yes
0x9a993fc0eec60faaa0c391ff11b840ce16685150|base:0x9a993fc0eec60faaa0c391ff11b840ce16685150|0|494357,0x9a993fc0eec60faaa0c391ff11b840ce16685150,base:0x9a993fc0eec60faaa0c391ff11b840ce16685150,0,1779686329,42,42,42,42,0,shadow-pos-68ad1af5798162ee842fb8a8,first_position_mark_amount_usd,200.0,medium,yes,,yes
0x72ab388e2e2f6facef59e3c3fa2c4e29011c2d38|base:0x72ab388e2e2f6facef59e3c3fa2c4e29011c2d38|0|494358,0x72ab388e2e2f6facef59e3c3fa2c4e29011c2d38,base:0x72ab388e2e2f6facef59e3c3fa2c4e29011c2d38,0,1779688847,57,57,57,56,1,shadow-pos-d242d4f81bdc2b874e602b7a,first_position_mark_amount_usd,200.0,medium,yes,,yes
0xb2cc224c1c9fee385f8ad6a55b4d94e92359dc59|base:0xb2cc224c1c9fee385f8ad6a55b4d94e92359dc59|0|494358,0xb2cc224c1c9fee385f8ad6a55b4d94e92359dc59,base:0xb2cc224c1c9fee385f8ad6a55b4d94e92359dc59,0,1779688847,57,57,57,55,1,shadow-pos-c5e8f94d64e82415136312e3,first_position_mark_amount_usd,1000.0,medium,yes,,yes
0x4e962bb3889bf030368f56810a9c96b83cb3e778|base:0x4e962bb3889bf030368f56810a9c96b83cb3e778|0|494358,0x4e962bb3889bf030368f56810a9c96b83cb3e778,base:0x4e962bb3889bf030368f56810a9c96b83cb3e778,0,1779688847,57,57,57,56,0,shadow-pos-fac1c5c8b2abd1f13184b34b,joined_position_amount_usd,200.0,medium,yes,,yes
0x9a993fc0eec60faaa0c391ff11b840ce16685150|base:0x9a993fc0eec60faaa0c391ff11b840ce16685150|0|494358,0x9a993fc0eec60faaa0c391ff11b840ce16685150,base:0x9a993fc0eec60faaa0c391ff11b840ce16685150,0,1779688847,57,57,57,57,0,shadow-pos-68ad1af5798162ee842fb8a8,first_position_mark_amount_usd,200.0,medium,yes,,yes
0x72ab388e2e2f6facef59e3c3fa2c4e29011c2d38|base:0x72ab388e2e2f6facef59e3c3fa2c4e29011c2d38|0|494359,0x72ab388e2e2f6facef59e3c3fa2c4e29011c2d38,base:0x72ab388e2e2f6facef59e3c3fa2c4e29011c2d38,0,1779692425,60,60,60,60,0,shadow-pos-ed4a00d22f941ea02c4a9abb,joined_position_amount_usd,200.0,medium,yes,,yes
0xb2cc224c1c9fee385f8ad6a55b4d94e92359dc59|base:0xb2cc224c1c9fee385f8ad6a55b4d94e92359dc59|0|494359,0xb2cc224c1c9fee385f8ad6a55b4d94e92359dc59,base:0xb2cc224c1c9fee385f8ad6a55b4d94e92359dc59,0,1779692425,60,60,60,60,0,shadow-pos-06eb7de3f0c56598add9777c,joined_position_amount_usd,1000.0,medium,yes,,yes
0x4e962bb3889bf030368f56810a9c96b83cb3e778|base:0x4e962bb3889bf030368f56810a9c96b83cb3e778|0|494359,0x4e962bb3889bf030368f56810a9c96b83cb3e778,base:0x4e962bb3889bf030368f56810a9c96b83cb3e778,0,1779692425,60,60,60,60,0,shadow-pos-fac1c5c8b2abd1f13184b34b,first_position_mark_amount_usd,200.0,medium,yes,,yes
0x9a993fc0eec60faaa0c391ff11b840ce16685150|base:0x9a993fc0eec60faaa0c391ff11b840ce16685150|0|494359,0x9a993fc0eec60faaa0c391ff11b840ce16685150,base:0x9a993fc0eec60faaa0c391ff11b840ce16685150,0,1779692425,60,60,60,59,0,shadow-pos-68ad1af5798162ee842fb8a8,first_position_mark_amount_usd,200.0,medium,yes,,yes
0x72ab388e2e2f6facef59e3c3fa2c4e29011c2d38|base:0x72ab388e2e2f6facef59e3c3fa2c4e29011c2d38|0|494360,0x72ab388e2e2f6facef59e3c3fa2c4e29011c2d38,base:0x72ab388e2e2f6facef59e3c3fa2c4e29011c2d38,0,1779696040,60,60,60,60,0,shadow-pos-ed4a00d22f941ea02c4a9abb,first_position_mark_amount_usd,200.0,medium,yes,,yes
0xb2cc224c1c9fee385f8ad6a55b4d94e92359dc59|base:0xb2cc224c1c9fee385f8ad6a55b4d94e92359dc59|0|494360,0xb2cc224c1c9fee385f8ad6a55b4d94e92359dc59,base:0xb2cc224c1c9fee385f8ad6a55b4d94e92359dc59,0,1779696040,60,60,60,60,0,shadow-pos-06eb7de3f0c56598add9777c,first_position_mark_amount_usd,1000.0,medium,yes,,yes
0x4e962bb3889bf030368f56810a9c96b83cb3e778|base:0x4e962bb3889bf030368f56810a9c96b83cb3e778|0|494360,0x4e962bb3889bf030368f56810a9c96b83cb3e778,base:0x4e962bb3889bf030368f56810a9c96b83cb3e778,0,1779696040,60,60,60,60,0,shadow-pos-fac1c5c8b2abd1f13184b34b,first_position_mark_amount_usd,200.0,medium,yes,,yes
0x9a993fc0eec60faaa0c391ff11b840ce16685150|base:0x9a993fc0eec60faaa0c391ff11b840ce16685150|0|494360,0x9a993fc0eec60faaa0c391ff11b840ce16685150,base:0x9a993fc0eec60faaa0c391ff11b840ce16685150,0,1779696040,60,60,60,60,0,shadow-pos-68ad1af5798162ee842fb8a8,first_position_mark_amount_usd,200.0,medium,yes,,yes
0x72ab388e2e2f6facef59e3c3fa2c4e29011c2d38|base:0x72ab388e2e2f6facef59e3c3fa2c4e29011c2d38|0|494361,0x72ab388e2e2f6facef59e3c3fa2c4e29011c2d38,base:0x72ab388e2e2f6facef59e3c3fa2c4e29011c2d38,0,1779699640,60,60,60,60,0,shadow-pos-ed4a00d22f941ea02c4a9abb,first_position_mark_amount_usd,200.0,medium,yes,,yes
0xb2cc224c1c9fee385f8ad6a55b4d94e92359dc59|base:0xb2cc224c1c9fee385f8ad6a55b4d94e92359dc59|0|494361,0xb2cc224c1c9fee385f8ad6a55b4d94e92359dc59,base:0xb2cc224c1c9fee385f8ad6a55b4d94e92359dc59,0,1779699640,60,60,60,60,0,shadow-pos-06eb7de3f0c56598add9777c,first_position_mark_amount_usd,1000.0,medium,yes,,yes
0x4e962bb3889bf030368f56810a9c96b83cb3e778|base:0x4e962bb3889bf030368f56810a9c96b83cb3e778|0|494361,0x4e962bb3889bf030368f56810a9c96b83cb3e778,base:0x4e962bb3889bf030368f56810a9c96b83cb3e778,0,1779699640,60,60,60,60,0,shadow-pos-fac1c5c8b2abd1f13184b34b,first_position_mark_amount_usd,200.0,medium,yes,,yes
0x9a993fc0eec60faaa0c391ff11b840ce16685150|base:0x9a993fc0eec60faaa0c391ff11b840ce16685150|0|494361,0x9a993fc0eec60faaa0c391ff11b840ce16685150,base:0x9a993fc0eec60faaa0c391ff11b840ce16685150,0,1779699640,60,60,60,60,0,shadow-pos-68ad1af5798162ee842fb8a8,first_position_mark_amount_usd,200.0,medium,yes,,yes
0x9a993fc0eec60faaa0c391ff11b840ce16685150|base:0x9a993fc0eec60faaa0c391ff11b840ce16685150|0|494362,0x9a993fc0eec60faaa0c391ff11b840ce16685150,base:0x9a993fc0eec60faaa0c391ff11b840ce16685150,0,1779703240,60,60,60,60,0,shadow-pos-68ad1af5798162ee842fb8a8,first_position_mark_amount_usd,200.0,medium,yes,,yes
0x72ab388e2e2f6facef59e3c3fa2c4e29011c2d38|base:0x72ab388e2e2f6facef59e3c3fa2c4e29011c2d38|0|494362,0x72ab388e2e2f6facef59e3c3fa2c4e29011c2d38,base:0x72ab388e2e2f6facef59e3c3fa2c4e29011c2d38,0,1779703240,60,60,60,60,0,shadow-pos-ed4a00d22f941ea02c4a9abb,first_position_mark_amount_usd,200.0,medium,yes,,yes
0xb2cc224c1c9fee385f8ad6a55b4d94e92359dc59|base:0xb2cc224c1c9fee385f8ad6a55b4d94e92359dc59|0|494362,0xb2cc224c1c9fee385f8ad6a55b4d94e92359dc59,base:0xb2cc224c1c9fee385f8ad6a55b4d94e92359dc59,0,1779703240,60,60,60,60,0,shadow-pos-06eb7de3f0c56598add9777c,first_position_mark_amount_usd,1000.0,medium,yes,,yes
0x4e962bb3889bf030368f56810a9c96b83cb3e778|base:0x4e962bb3889bf030368f56810a9c96b83cb3e778|0|494362,0x4e962bb3889bf030368f56810a9c96b83cb3e778,base:0x4e962bb3889bf030368f56810a9c96b83cb3e778,0,1779703240,60,60,60,60,0,shadow-pos-fac1c5c8b2abd1f13184b34b,first_position_mark_amount_usd,200.0,medium,yes,,yes
0x72ab388e2e2f6facef59e3c3fa2c4e29011c2d38|base:0x72ab388e2e2f6facef59e3c3fa2c4e29011c2d38|0|494363,0x72ab388e2e2f6facef59e3c3fa2c4e29011c2d38,base:0x72ab388e2e2f6facef59e3c3fa2c4e29011c2d38,0,1779706840,60,60,60,60,0,shadow-pos-ed4a00d22f941ea02c4a9abb,first_position_mark_amount_usd,200.0,medium,yes,,yes
0xb2cc224c1c9fee385f8ad6a55b4d94e92359dc59|base:0xb2cc224c1c9fee385f8ad6a55b4d94e92359dc59|0|494363,0xb2cc224c1c9fee385f8ad6a55b4d94e92359dc59,base:0xb2cc224c1c9fee385f8ad6a55b4d94e92359dc59,0,1779706840,60,60,60,60,0,shadow-pos-06eb7de3f0c56598add9777c,first_position_mark_amount_usd,1000.0,medium,yes,,yes
0x4e962bb3889bf030368f56810a9c96b83cb3e778|base:0x4e962bb3889bf030368f56810a9c96b83cb3e778|0|494363,0x4e962bb3889bf030368f56810a9c96b83cb3e778,base:0x4e962bb3889bf030368f56810a9c96b83cb3e778,0,1779706840,60,60,60,60,0,shadow-pos-fac1c5c8b2abd1f13184b34b,first_position_mark_amount_usd,200.0,medium,yes,,yes
0x9a993fc0eec60faaa0c391ff11b840ce16685150|base:0x9a993fc0eec60faaa0c391ff11b840ce16685150|0|494363,0x9a993fc0eec60faaa0c391ff11b840ce16685150,base:0x9a993fc0eec60faaa0c391ff11b840ce16685150,0,1779706840,60,60,60,60,0,shadow-pos-68ad1af5798162ee842fb8a8,first_position_mark_amount_usd,200.0,medium,yes,,yes
0xb2cc224c1c9fee385f8ad6a55b4d94e92359dc59|base:0xb2cc224c1c9fee385f8ad6a55b4d94e92359dc59|0|494364,0xb2cc224c1c9fee385f8ad6a55b4d94e92359dc59,base:0xb2cc224c1c9fee385f8ad6a55b4d94e92359dc59,0,1779710440,60,60,60,58,0,shadow-pos-06eb7de3f0c56598add9777c,first_position_mark_amount_usd,1000.0,medium,yes,,yes
0x4e962bb3889bf030368f56810a9c96b83cb3e778|base:0x4e962bb3889bf030368f56810a9c96b83cb3e778|0|494364,0x4e962bb3889bf030368f56810a9c96b83cb3e778,base:0x4e962bb3889bf030368f56810a9c96b83cb3e778,0,1779710440,60,60,60,58,0,shadow-pos-fac1c5c8b2abd1f13184b34b,first_position_mark_amount_usd,200.0,medium,yes,,yes
0x9a993fc0eec60faaa0c391ff11b840ce16685150|base:0x9a993fc0eec60faaa0c391ff11b840ce16685150|0|494364,0x9a993fc0eec60faaa0c391ff11b840ce16685150,base:0x9a993fc0eec60faaa0c391ff11b840ce16685150,0,1779710440,60,60,60,58,0,shadow-pos-68ad1af5798162ee842fb8a8,first_position_mark_amount_usd,200.0,medium,yes,,yes
0x72ab388e2e2f6facef59e3c3fa2c4e29011c2d38|base:0x72ab388e2e2f6facef59e3c3fa2c4e29011c2d38|0|494364,0x72ab388e2e2f6facef59e3c3fa2c4e29011c2d38,base:0x72ab388e2e2f6facef59e3c3fa2c4e29011c2d38,0,1779710440,60,60,60,58,0,shadow-pos-ed4a00d22f941ea02c4a9abb,first_position_mark_amount_usd,200.0,medium,yes,,yes
0x72ab388e2e2f6facef59e3c3fa2c4e29011c2d38|base:0x72ab388e2e2f6facef59e3c3fa2c4e29011c2d38|0|494365,0x72ab388e2e2f6facef59e3c3fa2c4e29011c2d38,base:0x72ab388e2e2f6facef59e3c3fa2c4e29011c2d38,0,1779714039,60,60,60,59,0,shadow-pos-ed4a00d22f941ea02c4a9abb,first_position_mark_amount_usd,200.0,medium,yes,,yes
0xb2cc224c1c9fee385f8ad6a55b4d94e92359dc59|base:0xb2cc224c1c9fee385f8ad6a55b4d94e92359dc59|0|494365,0xb2cc224c1c9fee385f8ad6a55b4d94e92359dc59,base:0xb2cc224c1c9fee385f8ad6a55b4d94e92359dc59,0,1779714039,60,60,60,59,0,shadow-pos-06eb7de3f0c56598add9777c,first_position_mark_amount_usd,1000.0,medium,yes,,yes
0x4e962bb3889bf030368f56810a9c96b83cb3e778|base:0x4e962bb3889bf030368f56810a9c96b83cb3e778|0|494365,0x4e962bb3889bf030368f56810a9c96b83cb3e778,base:0x4e962bb3889bf030368f56810a9c96b83cb3e778,0,1779714039,60,60,60,59,0,shadow-pos-fac1c5c8b2abd1f13184b34b,first_position_mark_amount_usd,200.0,medium,yes,,yes
0x9a993fc0eec60faaa0c391ff11b840ce16685150|base:0x9a993fc0eec60faaa0c391ff11b840ce16685150|0|494365,0x9a993fc0eec60faaa0c391ff11b840ce16685150,base:0x9a993fc0eec60faaa0c391ff11b840ce16685150,0,1779714039,60,60,60,59,0,shadow-pos-68ad1af5798162ee842fb8a8,first_position_mark_amount_usd,200.0,medium,yes,,yes
0x72ab388e2e2f6facef59e3c3fa2c4e29011c2d38|base:0x72ab388e2e2f6facef59e3c3fa2c4e29011c2d38|0|494366,0x72ab388e2e2f6facef59e3c3fa2c4e29011c2d38,base:0x72ab388e2e2f6facef59e3c3fa2c4e29011c2d38,0,1779717639,59,59,59,59,0,shadow-pos-ed4a00d22f941ea02c4a9abb,first_position_mark_amount_usd,200.0,medium,yes,,yes
0xb2cc224c1c9fee385f8ad6a55b4d94e92359dc59|base:0xb2cc224c1c9fee385f8ad6a55b4d94e92359dc59|0|494366,0xb2cc224c1c9fee385f8ad6a55b4d94e92359dc59,base:0xb2cc224c1c9fee385f8ad6a55b4d94e92359dc59,0,1779717639,59,59,59,59,0,shadow-pos-06eb7de3f0c56598add9777c,first_position_mark_amount_usd,1000.0,medium,yes,,yes
0x4e962bb3889bf030368f56810a9c96b83cb3e778|base:0x4e962bb3889bf030368f56810a9c96b83cb3e778|0|494366,0x4e962bb3889bf030368f56810a9c96b83cb3e778,base:0x4e962bb3889bf030368f56810a9c96b83cb3e778,0,1779717639,59,59,59,58,0,shadow-pos-fac1c5c8b2abd1f13184b34b,first_position_mark_amount_usd,200.0,medium,yes,,yes
0x9a993fc0eec60faaa0c391ff11b840ce16685150|base:0x9a993fc0eec60faaa0c391ff11b840ce16685150|0|494366,0x9a993fc0eec60faaa0c391ff11b840ce16685150,base:0x9a993fc0eec60faaa0c391ff11b840ce16685150,0,1779717639,59,59,59,58,0,shadow-pos-68ad1af5798162ee842fb8a8,first_position_mark_amount_usd,200.0,medium,yes,,yes
0x72ab388e2e2f6facef59e3c3fa2c4e29011c2d38|base:0x72ab388e2e2f6facef59e3c3fa2c4e29011c2d38|0|494367,0x72ab388e2e2f6facef59e3c3fa2c4e29011c2d38,base:0x72ab388e2e2f6facef59e3c3fa2c4e29011c2d38,0,1779721239,59,59,59,59,0,shadow-pos-ed4a00d22f941ea02c4a9abb,first_position_mark_amount_usd,200.0,medium,yes,,yes
0xb2cc224c1c9fee385f8ad6a55b4d94e92359dc59|base:0xb2cc224c1c9fee385f8ad6a55b4d94e92359dc59|0|494367,0xb2cc224c1c9fee385f8ad6a55b4d94e92359dc59,base:0xb2cc224c1c9fee385f8ad6a55b4d94e92359dc59,0,1779721239,59,59,59,59,0,shadow-pos-06eb7de3f0c56598add9777c,first_position_mark_amount_usd,1000.0,medium,yes,,yes
0x4e962bb3889bf030368f56810a9c96b83cb3e778|base:0x4e962bb3889bf030368f56810a9c96b83cb3e778|0|494367,0x4e962bb3889bf030368f56810a9c96b83cb3e778,base:0x4e962bb3889bf030368f56810a9c96b83cb3e778,0,1779721239,59,59,59,59,0,shadow-pos-fac1c5c8b2abd1f13184b34b,first_position_mark_amount_usd,200.0,medium,yes,,yes
0x9a993fc0eec60faaa0c391ff11b840ce16685150|base:0x9a993fc0eec60faaa0c391ff11b840ce16685150|0|494367,0x9a993fc0eec60faaa0c391ff11b840ce16685150,base:0x9a993fc0eec60faaa0c391ff11b840ce16685150,0,1779721239,59,59,59,59,0,shadow-pos-68ad1af5798162ee842fb8a8,first_position_mark_amount_usd,200.0,medium,yes,,yes
0x72ab388e2e2f6facef59e3c3fa2c4e29011c2d38|base:0x72ab388e2e2f6facef59e3c3fa2c4e29011c2d38|0|494368,0x72ab388e2e2f6facef59e3c3fa2c4e29011c2d38,base:0x72ab388e2e2f6facef59e3c3fa2c4e29011c2d38,0,1779724839,60,60,60,60,0,shadow-pos-ed4a00d22f941ea02c4a9abb,first_position_mark_amount_usd,200.0,medium,yes,,yes
0xb2cc224c1c9fee385f8ad6a55b4d94e92359dc59|base:0xb2cc224c1c9fee385f8ad6a55b4d94e92359dc59|0|494368,0xb2cc224c1c9fee385f8ad6a55b4d94e92359dc59,base:0xb2cc224c1c9fee385f8ad6a55b4d94e92359dc59,0,1779724839,60,60,60,60,0,shadow-pos-06eb7de3f0c56598add9777c,first_position_mark_amount_usd,1000.0,medium,yes,,yes
0x4e962bb3889bf030368f56810a9c96b83cb3e778|base:0x4e962bb3889bf030368f56810a9c96b83cb3e778|0|494368,0x4e962bb3889bf030368f56810a9c96b83cb3e778,base:0x4e962bb3889bf030368f56810a9c96b83cb3e778,0,1779724839,60,60,60,60,0,shadow-pos-fac1c5c8b2abd1f13184b34b,first_position_mark_amount_usd,200.0,medium,yes,,yes
0x9a993fc0eec60faaa0c391ff11b840ce16685150|base:0x9a993fc0eec60faaa0c391ff11b840ce16685150|0|494368,0x9a993fc0eec60faaa0c391ff11b840ce16685150,base:0x9a993fc0eec60faaa0c391ff11b840ce16685150,0,1779724839,60,60,60,60,0,shadow-pos-68ad1af5798162ee842fb8a8,first_position_mark_amount_usd,200.0,medium,yes,,yes
0x72ab388e2e2f6facef59e3c3fa2c4e29011c2d38|base:0x72ab388e2e2f6facef59e3c3fa2c4e29011c2d38|0|494369,0x72ab388e2e2f6facef59e3c3fa2c4e29011c2d38,base:0x72ab388e2e2f6facef59e3c3fa2c4e29011c2d38,0,1779728439,60,60,60,60,0,shadow-pos-ed4a00d22f941ea02c4a9abb,first_position_mark_amount_usd,200.0,medium,yes,,yes
0xb2cc224c1c9fee385f8ad6a55b4d94e92359dc59|base:0xb2cc224c1c9fee385f8ad6a55b4d94e92359dc59|0|494369,0xb2cc224c1c9fee385f8ad6a55b4d94e92359dc59,base:0xb2cc224c1c9fee385f8ad6a55b4d94e92359dc59,0,1779728439,60,60,60,60,0,shadow-pos-06eb7de3f0c56598add9777c,first_position_mark_amount_usd,1000.0,medium,yes,,yes
0x4e962bb3889bf030368f56810a9c96b83cb3e778|base:0x4e962bb3889bf030368f56810a9c96b83cb3e778|0|494369,0x4e962bb3889bf030368f56810a9c96b83cb3e778,base:0x4e962bb3889bf030368f56810a9c96b83cb3e778,0,1779728439,60,60,60,60,0,shadow-pos-fac1c5c8b2abd1f13184b34b,first_position_mark_amount_usd,200.0,medium,yes,,yes
0x9a993fc0eec60faaa0c391ff11b840ce16685150|base:0x9a993fc0eec60faaa0c391ff11b840ce16685150|0|494369,0x9a993fc0eec60faaa0c391ff11b840ce16685150,base:0x9a993fc0eec60faaa0c391ff11b840ce16685150,0,1779728439,60,60,60,60,0,shadow-pos-68ad1af5798162ee842fb8a8,first_position_mark_amount_usd,200.0,medium,yes,,yes
0x72ab388e2e2f6facef59e3c3fa2c4e29011c2d38|base:0x72ab388e2e2f6facef59e3c3fa2c4e29011c2d38|0|494370,0x72ab388e2e2f6facef59e3c3fa2c4e29011c2d38,base:0x72ab388e2e2f6facef59e3c3fa2c4e29011c2d38,0,1779732040,60,60,60,59,1,shadow-pos-ed4a00d22f941ea02c4a9abb,first_position_mark_amount_usd,200.0,medium,yes,,yes
0xb2cc224c1c9fee385f8ad6a55b4d94e92359dc59|base:0xb2cc224c1c9fee385f8ad6a55b4d94e92359dc59|0|494370,0xb2cc224c1c9fee385f8ad6a55b4d94e92359dc59,base:0xb2cc224c1c9fee385f8ad6a55b4d94e92359dc59,0,1779732040,60,60,60,59,1,shadow-pos-06eb7de3f0c56598add9777c,first_position_mark_amount_usd,1000.0,medium,yes,,yes
0x4e962bb3889bf030368f56810a9c96b83cb3e778|base:0x4e962bb3889bf030368f56810a9c96b83cb3e778|0|494370,0x4e962bb3889bf030368f56810a9c96b83cb3e778,base:0x4e962bb3889bf030368f56810a9c96b83cb3e778,0,1779732040,60,60,60,60,0,shadow-pos-fac1c5c8b2abd1f13184b34b,first_position_mark_amount_usd,200.0,medium,yes,,yes
0x9a993fc0eec60faaa0c391ff11b840ce16685150|base:0x9a993fc0eec60faaa0c391ff11b840ce16685150|0|494370,0x9a993fc0eec60faaa0c391ff11b840ce16685150,base:0x9a993fc0eec60faaa0c391ff11b840ce16685150,0,1779732040,60,60,60,60,0,shadow-pos-68ad1af5798162ee842fb8a8,first_position_mark_amount_usd,200.0,medium,yes,,yes
0x72ab388e2e2f6facef59e3c3fa2c4e29011c2d38|base:0x72ab388e2e2f6facef59e3c3fa2c4e29011c2d38|0|494371,0x72ab388e2e2f6facef59e3c3fa2c4e29011c2d38,base:0x72ab388e2e2f6facef59e3c3fa2c4e29011c2d38,0,1779735640,60,60,60,60,0,shadow-pos-45233bdc18a6b6ddab34042c,joined_position_amount_usd,200.0,medium,yes,,yes
0xb2cc224c1c9fee385f8ad6a55b4d94e92359dc59|base:0xb2cc224c1c9fee385f8ad6a55b4d94e92359dc59|0|494371,0xb2cc224c1c9fee385f8ad6a55b4d94e92359dc59,base:0xb2cc224c1c9fee385f8ad6a55b4d94e92359dc59,0,1779735640,60,60,60,60,0,shadow-pos-1bd7fecdcc51c98d372e38d1,joined_position_amount_usd,1000.0,medium,yes,,yes
0x4e962bb3889bf030368f56810a9c96b83cb3e778|base:0x4e962bb3889bf030368f56810a9c96b83cb3e778|0|494371,0x4e962bb3889bf030368f56810a9c96b83cb3e778,base:0x4e962bb3889bf030368f56810a9c96b83cb3e778,0,1779735640,60,60,60,60,0,shadow-pos-fac1c5c8b2abd1f13184b34b,first_position_mark_amount_usd,200.0,medium,yes,,yes
0x9a993fc0eec60faaa0c391ff11b840ce16685150|base:0x9a993fc0eec60faaa0c391ff11b840ce16685150|0|494371,0x9a993fc0eec60faaa0c391ff11b840ce16685150,base:0x9a993fc0eec60faaa0c391ff11b840ce16685150,0,1779735640,60,60,60,60,0,shadow-pos-68ad1af5798162ee842fb8a8,first_position_mark_amount_usd,200.0,medium,yes,,yes
0x72ab388e2e2f6facef59e3c3fa2c4e29011c2d38|base:0x72ab388e2e2f6facef59e3c3fa2c4e29011c2d38|0|494372,0x72ab388e2e2f6facef59e3c3fa2c4e29011c2d38,base:0x72ab388e2e2f6facef59e3c3fa2c4e29011c2d38,0,1779739240,60,60,60,60,0,shadow-pos-45233bdc18a6b6ddab34042c,first_position_mark_amount_usd,200.0,medium,yes,,yes
0xb2cc224c1c9fee385f8ad6a55b4d94e92359dc59|base:0xb2cc224c1c9fee385f8ad6a55b4d94e92359dc59|0|494372,0xb2cc224c1c9fee385f8ad6a55b4d94e92359dc59,base:0xb2cc224c1c9fee385f8ad6a55b4d94e92359dc59,0,1779739240,60,60,60,60,0,shadow-pos-1bd7fecdcc51c98d372e38d1,first_position_mark_amount_usd,1000.0,medium,yes,,yes
0x4e962bb3889bf030368f56810a9c96b83cb3e778|base:0x4e962bb3889bf030368f56810a9c96b83cb3e778|0|494372,0x4e962bb3889bf030368f56810a9c96b83cb3e778,base:0x4e962bb3889bf030368f56810a9c96b83cb3e778,0,1779739240,60,60,60,60,0,shadow-pos-fac1c5c8b2abd1f13184b34b,first_position_mark_amount_usd,200.0,medium,yes,,yes
0x9a993fc0eec60faaa0c391ff11b840ce16685150|base:0x9a993fc0eec60faaa0c391ff11b840ce16685150|0|494372,0x9a993fc0eec60faaa0c391ff11b840ce16685150,base:0x9a993fc0eec60faaa0c391ff11b840ce16685150,0,1779739240,60,60,60,60,0,shadow-pos-68ad1af5798162ee842fb8a8,first_position_mark_amount_usd,200.0,medium,yes,,yes
0x72ab388e2e2f6facef59e3c3fa2c4e29011c2d38|base:0x72ab388e2e2f6facef59e3c3fa2c4e29011c2d38|0|494373,0x72ab388e2e2f6facef59e3c3fa2c4e29011c2d38,base:0x72ab388e2e2f6facef59e3c3fa2c4e29011c2d38,0,1779742839,55,55,55,55,0,shadow-pos-45233bdc18a6b6ddab34042c,first_position_mark_amount_usd,200.0,medium,yes,,yes
0xb2cc224c1c9fee385f8ad6a55b4d94e92359dc59|base:0xb2cc224c1c9fee385f8ad6a55b4d94e92359dc59|0|494373,0xb2cc224c1c9fee385f8ad6a55b4d94e92359dc59,base:0xb2cc224c1c9fee385f8ad6a55b4d94e92359dc59,0,1779742839,60,60,60,60,0,shadow-pos-1bd7fecdcc51c98d372e38d1,first_position_mark_amount_usd,1000.0,medium,yes,,yes
0x4e962bb3889bf030368f56810a9c96b83cb3e778|base:0x4e962bb3889bf030368f56810a9c96b83cb3e778|0|494373,0x4e962bb3889bf030368f56810a9c96b83cb3e778,base:0x4e962bb3889bf030368f56810a9c96b83cb3e778,0,1779742839,60,60,60,60,0,shadow-pos-fac1c5c8b2abd1f13184b34b,first_position_mark_amount_usd,200.0,medium,yes,,yes
0x9a993fc0eec60faaa0c391ff11b840ce16685150|base:0x9a993fc0eec60faaa0c391ff11b840ce16685150|0|494373,0x9a993fc0eec60faaa0c391ff11b840ce16685150,base:0x9a993fc0eec60faaa0c391ff11b840ce16685150,0,1779742839,60,60,60,60,0,shadow-pos-68ad1af5798162ee842fb8a8,first_position_mark_amount_usd,200.0,medium,yes,,yes
0xb2cc224c1c9fee385f8ad6a55b4d94e92359dc59|base:0xb2cc224c1c9fee385f8ad6a55b4d94e92359dc59|0|494374,0xb2cc224c1c9fee385f8ad6a55b4d94e92359dc59,base:0xb2cc224c1c9fee385f8ad6a55b4d94e92359dc59,0,1779746440,60,60,60,60,0,shadow-pos-1bd7fecdcc51c98d372e38d1,first_position_mark_amount_usd,1000.0,medium,yes,,yes
0x4e962bb3889bf030368f56810a9c96b83cb3e778|base:0x4e962bb3889bf030368f56810a9c96b83cb3e778|0|494374,0x4e962bb3889bf030368f56810a9c96b83cb3e778,base:0x4e962bb3889bf030368f56810a9c96b83cb3e778,0,1779746440,60,60,60,60,0,shadow-pos-fac1c5c8b2abd1f13184b34b,first_position_mark_amount_usd,200.0,medium,yes,,yes
0x9a993fc0eec60faaa0c391ff11b840ce16685150|base:0x9a993fc0eec60faaa0c391ff11b840ce16685150|0|494374,0x9a993fc0eec60faaa0c391ff11b840ce16685150,base:0x9a993fc0eec60faaa0c391ff11b840ce16685150,0,1779746440,60,60,60,60,0,shadow-pos-68ad1af5798162ee842fb8a8,first_position_mark_amount_usd,200.0,medium,yes,,yes
0xb2cc224c1c9fee385f8ad6a55b4d94e92359dc59|base:0xb2cc224c1c9fee385f8ad6a55b4d94e92359dc59|0|494375,0xb2cc224c1c9fee385f8ad6a55b4d94e92359dc59,base:0xb2cc224c1c9fee385f8ad6a55b4d94e92359dc59,0,1779750040,60,60,60,60,0,shadow-pos-1bd7fecdcc51c98d372e38d1,first_position_mark_amount_usd,1000.0,medium,yes,,yes
0x4e962bb3889bf030368f56810a9c96b83cb3e778|base:0x4e962bb3889bf030368f56810a9c96b83cb3e778|0|494375,0x4e962bb3889bf030368f56810a9c96b83cb3e778,base:0x4e962bb3889bf030368f56810a9c96b83cb3e778,0,1779750040,60,60,60,60,0,shadow-pos-fac1c5c8b2abd1f13184b34b,first_position_mark_amount_usd,200.0,medium,yes,,yes
0x9a993fc0eec60faaa0c391ff11b840ce16685150|base:0x9a993fc0eec60faaa0c391ff11b840ce16685150|0|494375,0x9a993fc0eec60faaa0c391ff11b840ce16685150,base:0x9a993fc0eec60faaa0c391ff11b840ce16685150,0,1779750040,60,60,60,60,0,shadow-pos-68ad1af5798162ee842fb8a8,first_position_mark_amount_usd,200.0,medium,yes,,yes
0xb2cc224c1c9fee385f8ad6a55b4d94e92359dc59|base:0xb2cc224c1c9fee385f8ad6a55b4d94e92359dc59|0|494376,0xb2cc224c1c9fee385f8ad6a55b4d94e92359dc59,base:0xb2cc224c1c9fee385f8ad6a55b4d94e92359dc59,0,1779753640,60,60,60,60,0,shadow-pos-1bd7fecdcc51c98d372e38d1,first_position_mark_amount_usd,1000.0,medium,yes,,yes
0x4e962bb3889bf030368f56810a9c96b83cb3e778|base:0x4e962bb3889bf030368f56810a9c96b83cb3e778|0|494376,0x4e962bb3889bf030368f56810a9c96b83cb3e778,base:0x4e962bb3889bf030368f56810a9c96b83cb3e778,0,1779753640,60,60,60,60,0,shadow-pos-fac1c5c8b2abd1f13184b34b,first_position_mark_amount_usd,200.0,medium,yes,,yes
0x9a993fc0eec60faaa0c391ff11b840ce16685150|base:0x9a993fc0eec60faaa0c391ff11b840ce16685150|0|494376,0x9a993fc0eec60faaa0c391ff11b840ce16685150,base:0x9a993fc0eec60faaa0c391ff11b840ce16685150,0,1779753640,60,60,60,60,0,shadow-pos-68ad1af5798162ee842fb8a8,first_position_mark_amount_usd,200.0,medium,yes,,yes
0xb2cc224c1c9fee385f8ad6a55b4d94e92359dc59|base:0xb2cc224c1c9fee385f8ad6a55b4d94e92359dc59|0|494377,0xb2cc224c1c9fee385f8ad6a55b4d94e92359dc59,base:0xb2cc224c1c9fee385f8ad6a55b4d94e92359dc59,0,1779757240,60,60,60,60,0,shadow-pos-1bd7fecdcc51c98d372e38d1,first_position_mark_amount_usd,1000.0,medium,yes,,yes
0x4e962bb3889bf030368f56810a9c96b83cb3e778|base:0x4e962bb3889bf030368f56810a9c96b83cb3e778|0|494377,0x4e962bb3889bf030368f56810a9c96b83cb3e778,base:0x4e962bb3889bf030368f56810a9c96b83cb3e778,0,1779757240,60,60,60,60,0,shadow-pos-fac1c5c8b2abd1f13184b34b,first_position_mark_amount_usd,200.0,medium,yes,,yes
0x9a993fc0eec60faaa0c391ff11b840ce16685150|base:0x9a993fc0eec60faaa0c391ff11b840ce16685150|0|494377,0x9a993fc0eec60faaa0c391ff11b840ce16685150,base:0x9a993fc0eec60faaa0c391ff11b840ce16685150,0,1779757240,60,60,60,60,0,shadow-pos-68ad1af5798162ee842fb8a8,first_position_mark_amount_usd,200.0,medium,yes,,yes
0xb2cc224c1c9fee385f8ad6a55b4d94e92359dc59|base:0xb2cc224c1c9fee385f8ad6a55b4d94e92359dc59|0|494378,0xb2cc224c1c9fee385f8ad6a55b4d94e92359dc59,base:0xb2cc224c1c9fee385f8ad6a55b4d94e92359dc59,0,1779760840,60,60,60,60,0,shadow-pos-1bd7fecdcc51c98d372e38d1,first_position_mark_amount_usd,1000.0,medium,yes,,yes
0x4e962bb3889bf030368f56810a9c96b83cb3e778|base:0x4e962bb3889bf030368f56810a9c96b83cb3e778|0|494378,0x4e962bb3889bf030368f56810a9c96b83cb3e778,base:0x4e962bb3889bf030368f56810a9c96b83cb3e778,0,1779760840,60,60,60,60,0,shadow-pos-fac1c5c8b2abd1f13184b34b,first_position_mark_amount_usd,200.0,medium,yes,,yes
0x9a993fc0eec60faaa0c391ff11b840ce16685150|base:0x9a993fc0eec60faaa0c391ff11b840ce16685150|0|494378,0x9a993fc0eec60faaa0c391ff11b840ce16685150,base:0x9a993fc0eec60faaa0c391ff11b840ce16685150,0,1779760840,60,60,60,60,0,shadow-pos-68ad1af5798162ee842fb8a8,first_position_mark_amount_usd,200.0,medium,yes,,yes
0xb2cc224c1c9fee385f8ad6a55b4d94e92359dc59|base:0xb2cc224c1c9fee385f8ad6a55b4d94e92359dc59|0|494379,0xb2cc224c1c9fee385f8ad6a55b4d94e92359dc59,base:0xb2cc224c1c9fee385f8ad6a55b4d94e92359dc59,0,1779764440,60,60,60,60,0,shadow-pos-1bd7fecdcc51c98d372e38d1,first_position_mark_amount_usd,1000.0,medium,yes,,yes
0x4e962bb3889bf030368f56810a9c96b83cb3e778|base:0x4e962bb3889bf030368f56810a9c96b83cb3e778|0|494379,0x4e962bb3889bf030368f56810a9c96b83cb3e778,base:0x4e962bb3889bf030368f56810a9c96b83cb3e778,0,1779764440,60,60,60,60,0,shadow-pos-fac1c5c8b2abd1f13184b34b,first_position_mark_amount_usd,200.0,medium,yes,,yes
0x9a993fc0eec60faaa0c391ff11b840ce16685150|base:0x9a993fc0eec60faaa0c391ff11b840ce16685150|0|494379,0x9a993fc0eec60faaa0c391ff11b840ce16685150,base:0x9a993fc0eec60faaa0c391ff11b840ce16685150,0,1779764440,60,60,60,60,0,shadow-pos-68ad1af5798162ee842fb8a8,first_position_mark_amount_usd,200.0,medium,yes,,yes
0xb2cc224c1c9fee385f8ad6a55b4d94e92359dc59|base:0xb2cc224c1c9fee385f8ad6a55b4d94e92359dc59|0|494380,0xb2cc224c1c9fee385f8ad6a55b4d94e92359dc59,base:0xb2cc224c1c9fee385f8ad6a55b4d94e92359dc59,0,1779768039,60,60,60,60,0,shadow-pos-1bd7fecdcc51c98d372e38d1,first_position_mark_amount_usd,1000.0,medium,yes,,yes
0x4e962bb3889bf030368f56810a9c96b83cb3e778|base:0x4e962bb3889bf030368f56810a9c96b83cb3e778|0|494380,0x4e962bb3889bf030368f56810a9c96b83cb3e778,base:0x4e962bb3889bf030368f56810a9c96b83cb3e778,0,1779768039,60,60,60,60,0,shadow-pos-fac1c5c8b2abd1f13184b34b,first_position_mark_amount_usd,200.0,medium,yes,,yes
0x9a993fc0eec60faaa0c391ff11b840ce16685150|base:0x9a993fc0eec60faaa0c391ff11b840ce16685150|0|494380,0x9a993fc0eec60faaa0c391ff11b840ce16685150,base:0x9a993fc0eec60faaa0c391ff11b840ce16685150,0,1779768039,60,60,60,60,0,shadow-pos-68ad1af5798162ee842fb8a8,first_position_mark_amount_usd,200.0,medium,yes,,yes
0xb2cc224c1c9fee385f8ad6a55b4d94e92359dc59|base:0xb2cc224c1c9fee385f8ad6a55b4d94e92359dc59|0|494381,0xb2cc224c1c9fee385f8ad6a55b4d94e92359dc59,base:0xb2cc224c1c9fee385f8ad6a55b4d94e92359dc59,0,1779771640,60,60,60,60,0,shadow-pos-1bd7fecdcc51c98d372e38d1,first_position_mark_amount_usd,1000.0,medium,yes,,yes
0x4e962bb3889bf030368f56810a9c96b83cb3e778|base:0x4e962bb3889bf030368f56810a9c96b83cb3e778|0|494381,0x4e962bb3889bf030368f56810a9c96b83cb3e778,base:0x4e962bb3889bf030368f56810a9c96b83cb3e778,0,1779771640,60,60,60,60,0,shadow-pos-fac1c5c8b2abd1f13184b34b,first_position_mark_amount_usd,200.0,medium,yes,,yes
0x9a993fc0eec60faaa0c391ff11b840ce16685150|base:0x9a993fc0eec60faaa0c391ff11b840ce16685150|0|494381,0x9a993fc0eec60faaa0c391ff11b840ce16685150,base:0x9a993fc0eec60faaa0c391ff11b840ce16685150,0,1779771640,60,60,60,60,0,shadow-pos-68ad1af5798162ee842fb8a8,first_position_mark_amount_usd,200.0,medium,yes,,yes
0xb2cc224c1c9fee385f8ad6a55b4d94e92359dc59|base:0xb2cc224c1c9fee385f8ad6a55b4d94e92359dc59|0|494382,0xb2cc224c1c9fee385f8ad6a55b4d94e92359dc59,base:0xb2cc224c1c9fee385f8ad6a55b4d94e92359dc59,0,1779775264,59,59,59,58,1,shadow-pos-1bd7fecdcc51c98d372e38d1,first_position_mark_amount_usd,1000.0,medium,yes,,yes
0x4e962bb3889bf030368f56810a9c96b83cb3e778|base:0x4e962bb3889bf030368f56810a9c96b83cb3e778|0|494382,0x4e962bb3889bf030368f56810a9c96b83cb3e778,base:0x4e962bb3889bf030368f56810a9c96b83cb3e778,0,1779775264,59,59,59,59,0,shadow-pos-fac1c5c8b2abd1f13184b34b,first_position_mark_amount_usd,200.0,medium,yes,,yes
0x9a993fc0eec60faaa0c391ff11b840ce16685150|base:0x9a993fc0eec60faaa0c391ff11b840ce16685150|0|494382,0x9a993fc0eec60faaa0c391ff11b840ce16685150,base:0x9a993fc0eec60faaa0c391ff11b840ce16685150,0,1779775264,59,59,59,59,0,shadow-pos-68ad1af5798162ee842fb8a8,first_position_mark_amount_usd,200.0,medium,yes,,yes
0xb2cc224c1c9fee385f8ad6a55b4d94e92359dc59|base:0xb2cc224c1c9fee385f8ad6a55b4d94e92359dc59|0|494383,0xb2cc224c1c9fee385f8ad6a55b4d94e92359dc59,base:0xb2cc224c1c9fee385f8ad6a55b4d94e92359dc59,0,1779778839,59,59,59,59,0,shadow-pos-c54032c0497176605ef6f2c9,joined_position_amount_usd,1000.0,medium,yes,,yes
0x4e962bb3889bf030368f56810a9c96b83cb3e778|base:0x4e962bb3889bf030368f56810a9c96b83cb3e778|0|494383,0x4e962bb3889bf030368f56810a9c96b83cb3e778,base:0x4e962bb3889bf030368f56810a9c96b83cb3e778,0,1779778839,59,59,59,59,0,shadow-pos-fac1c5c8b2abd1f13184b34b,first_position_mark_amount_usd,200.0,medium,yes,,yes
0x9a993fc0eec60faaa0c391ff11b840ce16685150|base:0x9a993fc0eec60faaa0c391ff11b840ce16685150|0|494383,0x9a993fc0eec60faaa0c391ff11b840ce16685150,base:0x9a993fc0eec60faaa0c391ff11b840ce16685150,0,1779778839,59,59,59,59,0,shadow-pos-68ad1af5798162ee842fb8a8,first_position_mark_amount_usd,200.0,medium,yes,,yes
0xb2cc224c1c9fee385f8ad6a55b4d94e92359dc59|base:0xb2cc224c1c9fee385f8ad6a55b4d94e92359dc59|0|494384,0xb2cc224c1c9fee385f8ad6a55b4d94e92359dc59,base:0xb2cc224c1c9fee385f8ad6a55b4d94e92359dc59,0,1779782442,60,60,60,60,0,shadow-pos-c54032c0497176605ef6f2c9,first_position_mark_amount_usd,1000.0,medium,yes,,yes
0x4e962bb3889bf030368f56810a9c96b83cb3e778|base:0x4e962bb3889bf030368f56810a9c96b83cb3e778|0|494384,0x4e962bb3889bf030368f56810a9c96b83cb3e778,base:0x4e962bb3889bf030368f56810a9c96b83cb3e778,0,1779782442,60,60,60,60,0,shadow-pos-fac1c5c8b2abd1f13184b34b,first_position_mark_amount_usd,200.0,medium,yes,,yes
0x9a993fc0eec60faaa0c391ff11b840ce16685150|base:0x9a993fc0eec60faaa0c391ff11b840ce16685150|0|494384,0x9a993fc0eec60faaa0c391ff11b840ce16685150,base:0x9a993fc0eec60faaa0c391ff11b840ce16685150,0,1779782442,14,14,14,14,0,shadow-pos-68ad1af5798162ee842fb8a8,first_position_mark_amount_usd,200.0,medium,yes,,yes
0xb2cc224c1c9fee385f8ad6a55b4d94e92359dc59|base:0xb2cc224c1c9fee385f8ad6a55b4d94e92359dc59|0|494385,0xb2cc224c1c9fee385f8ad6a55b4d94e92359dc59,base:0xb2cc224c1c9fee385f8ad6a55b4d94e92359dc59,0,1779786039,59,59,59,59,0,shadow-pos-c54032c0497176605ef6f2c9,first_position_mark_amount_usd,1000.0,medium,yes,,yes
0x4e962bb3889bf030368f56810a9c96b83cb3e778|base:0x4e962bb3889bf030368f56810a9c96b83cb3e778|0|494385,0x4e962bb3889bf030368f56810a9c96b83cb3e778,base:0x4e962bb3889bf030368f56810a9c96b83cb3e778,0,1779786039,59,59,59,59,0,shadow-pos-fac1c5c8b2abd1f13184b34b,first_position_mark_amount_usd,200.0,medium,yes,,yes
0xb2cc224c1c9fee385f8ad6a55b4d94e92359dc59|base:0xb2cc224c1c9fee385f8ad6a55b4d94e92359dc59|0|494386,0xb2cc224c1c9fee385f8ad6a55b4d94e92359dc59,base:0xb2cc224c1c9fee385f8ad6a55b4d94e92359dc59,0,1779789639,58,58,58,58,0,shadow-pos-c54032c0497176605ef6f2c9,first_position_mark_amount_usd,1000.0,medium,yes,,yes
0x4e962bb3889bf030368f56810a9c96b83cb3e778|base:0x4e962bb3889bf030368f56810a9c96b83cb3e778|0|494386,0x4e962bb3889bf030368f56810a9c96b83cb3e778,base:0x4e962bb3889bf030368f56810a9c96b83cb3e778,0,1779789639,58,58,58,58,0,shadow-pos-fac1c5c8b2abd1f13184b34b,first_position_mark_amount_usd,200.0,medium,yes,,yes
0xb2cc224c1c9fee385f8ad6a55b4d94e92359dc59|base:0xb2cc224c1c9fee385f8ad6a55b4d94e92359dc59|0|494387,0xb2cc224c1c9fee385f8ad6a55b4d94e92359dc59,base:0xb2cc224c1c9fee385f8ad6a55b4d94e92359dc59,0,1779793240,58,58,58,58,0,shadow-pos-c54032c0497176605ef6f2c9,first_position_mark_amount_usd,1000.0,medium,yes,,yes
0x4e962bb3889bf030368f56810a9c96b83cb3e778|base:0x4e962bb3889bf030368f56810a9c96b83cb3e778|0|494387,0x4e962bb3889bf030368f56810a9c96b83cb3e778,base:0x4e962bb3889bf030368f56810a9c96b83cb3e778,0,1779793240,58,58,58,58,0,shadow-pos-fac1c5c8b2abd1f13184b34b,first_position_mark_amount_usd,200.0,medium,yes,,yes
0xb2cc224c1c9fee385f8ad6a55b4d94e92359dc59|base:0xb2cc224c1c9fee385f8ad6a55b4d94e92359dc59|0|494388,0xb2cc224c1c9fee385f8ad6a55b4d94e92359dc59,base:0xb2cc224c1c9fee385f8ad6a55b4d94e92359dc59,0,1779796839,60,60,60,60,0,shadow-pos-c54032c0497176605ef6f2c9,first_position_mark_amount_usd,1000.0,medium,yes,,yes
0x4e962bb3889bf030368f56810a9c96b83cb3e778|base:0x4e962bb3889bf030368f56810a9c96b83cb3e778|0|494388,0x4e962bb3889bf030368f56810a9c96b83cb3e778,base:0x4e962bb3889bf030368f56810a9c96b83cb3e778,0,1779796839,60,60,60,60,0,shadow-pos-fac1c5c8b2abd1f13184b34b,first_position_mark_amount_usd,200.0,medium,yes,,yes
0x72ab388e2e2f6facef59e3c3fa2c4e29011c2d38|base:0x72ab388e2e2f6facef59e3c3fa2c4e29011c2d38|0|494388,0x72ab388e2e2f6facef59e3c3fa2c4e29011c2d38,base:0x72ab388e2e2f6facef59e3c3fa2c4e29011c2d38,0,1779797394,15,15,15,14,1,shadow-pos-6ae39251679a4e7ff7b82816,joined_position_amount_usd,200.0,high,yes,,yes
0x72ab388e2e2f6facef59e3c3fa2c4e29011c2d38|base:0x72ab388e2e2f6facef59e3c3fa2c4e29011c2d38|0|494389,0x72ab388e2e2f6facef59e3c3fa2c4e29011c2d38,base:0x72ab388e2e2f6facef59e3c3fa2c4e29011c2d38,0,1779800439,60,60,60,59,0,shadow-pos-6ae39251679a4e7ff7b82816,joined_position_amount_usd,200.0,medium,yes,,yes
0xb2cc224c1c9fee385f8ad6a55b4d94e92359dc59|base:0xb2cc224c1c9fee385f8ad6a55b4d94e92359dc59|0|494389,0xb2cc224c1c9fee385f8ad6a55b4d94e92359dc59,base:0xb2cc224c1c9fee385f8ad6a55b4d94e92359dc59,0,1779800439,60,60,60,59,0,shadow-pos-c54032c0497176605ef6f2c9,first_position_mark_amount_usd,1000.0,medium,yes,,yes
0x4e962bb3889bf030368f56810a9c96b83cb3e778|base:0x4e962bb3889bf030368f56810a9c96b83cb3e778|0|494389,0x4e962bb3889bf030368f56810a9c96b83cb3e778,base:0x4e962bb3889bf030368f56810a9c96b83cb3e778,0,1779800439,60,60,60,59,0,shadow-pos-fac1c5c8b2abd1f13184b34b,first_position_mark_amount_usd,200.0,medium,yes,,yes
0x72ab388e2e2f6facef59e3c3fa2c4e29011c2d38|base:0x72ab388e2e2f6facef59e3c3fa2c4e29011c2d38|0|494390,0x72ab388e2e2f6facef59e3c3fa2c4e29011c2d38,base:0x72ab388e2e2f6facef59e3c3fa2c4e29011c2d38,0,1779804040,60,60,60,60,0,shadow-pos-6ae39251679a4e7ff7b82816,first_position_mark_amount_usd,200.0,medium,yes,,yes
0xb2cc224c1c9fee385f8ad6a55b4d94e92359dc59|base:0xb2cc224c1c9fee385f8ad6a55b4d94e92359dc59|0|494390,0xb2cc224c1c9fee385f8ad6a55b4d94e92359dc59,base:0xb2cc224c1c9fee385f8ad6a55b4d94e92359dc59,0,1779804040,60,60,60,60,0,shadow-pos-c54032c0497176605ef6f2c9,first_position_mark_amount_usd,1000.0,medium,yes,,yes
0x4e962bb3889bf030368f56810a9c96b83cb3e778|base:0x4e962bb3889bf030368f56810a9c96b83cb3e778|0|494390,0x4e962bb3889bf030368f56810a9c96b83cb3e778,base:0x4e962bb3889bf030368f56810a9c96b83cb3e778,0,1779804040,60,60,60,60,0,shadow-pos-fac1c5c8b2abd1f13184b34b,first_position_mark_amount_usd,200.0,medium,yes,,yes
0x72ab388e2e2f6facef59e3c3fa2c4e29011c2d38|base:0x72ab388e2e2f6facef59e3c3fa2c4e29011c2d38|0|494391,0x72ab388e2e2f6facef59e3c3fa2c4e29011c2d38,base:0x72ab388e2e2f6facef59e3c3fa2c4e29011c2d38,0,1779807640,60,60,60,60,0,shadow-pos-6ae39251679a4e7ff7b82816,first_position_mark_amount_usd,200.0,medium,yes,,yes
0xb2cc224c1c9fee385f8ad6a55b4d94e92359dc59|base:0xb2cc224c1c9fee385f8ad6a55b4d94e92359dc59|0|494391,0xb2cc224c1c9fee385f8ad6a55b4d94e92359dc59,base:0xb2cc224c1c9fee385f8ad6a55b4d94e92359dc59,0,1779807640,60,60,60,60,0,shadow-pos-c54032c0497176605ef6f2c9,first_position_mark_amount_usd,1000.0,medium,yes,,yes
0x4e962bb3889bf030368f56810a9c96b83cb3e778|base:0x4e962bb3889bf030368f56810a9c96b83cb3e778|0|494391,0x4e962bb3889bf030368f56810a9c96b83cb3e778,base:0x4e962bb3889bf030368f56810a9c96b83cb3e778,0,1779807640,60,60,60,60,0,shadow-pos-fac1c5c8b2abd1f13184b34b,first_position_mark_amount_usd,200.0,medium,yes,,yes
0x72ab388e2e2f6facef59e3c3fa2c4e29011c2d38|base:0x72ab388e2e2f6facef59e3c3fa2c4e29011c2d38|0|494392,0x72ab388e2e2f6facef59e3c3fa2c4e29011c2d38,base:0x72ab388e2e2f6facef59e3c3fa2c4e29011c2d38,0,1779811266,59,59,59,59,0,shadow-pos-6ae39251679a4e7ff7b82816,first_position_mark_amount_usd,200.0,medium,yes,,yes
0xb2cc224c1c9fee385f8ad6a55b4d94e92359dc59|base:0xb2cc224c1c9fee385f8ad6a55b4d94e92359dc59|0|494392,0xb2cc224c1c9fee385f8ad6a55b4d94e92359dc59,base:0xb2cc224c1c9fee385f8ad6a55b4d94e92359dc59,0,1779811266,59,59,59,59,0,shadow-pos-c54032c0497176605ef6f2c9,first_position_mark_amount_usd,1000.0,medium,yes,,yes
0x4e962bb3889bf030368f56810a9c96b83cb3e778|base:0x4e962bb3889bf030368f56810a9c96b83cb3e778|0|494392,0x4e962bb3889bf030368f56810a9c96b83cb3e778,base:0x4e962bb3889bf030368f56810a9c96b83cb3e778,0,1779811266,59,59,59,59,0,shadow-pos-fac1c5c8b2abd1f13184b34b,first_position_mark_amount_usd,200.0,medium,yes,,yes
0x70acdf2ad0bf2402c957154f944c19ef4e1cbae1|base:0x70acdf2ad0bf2402c957154f944c19ef4e1cbae1|0|494392,0x70acdf2ad0bf2402c957154f944c19ef4e1cbae1,base:0x70acdf2ad0bf2402c957154f944c19ef4e1cbae1,0,1779811480,55,55,55,54,1,shadow-pos-810ebf927edcd7627385b4cb,joined_position_amount_usd,200.0,high,yes,,yes
0x72ab388e2e2f6facef59e3c3fa2c4e29011c2d38|base:0x72ab388e2e2f6facef59e3c3fa2c4e29011c2d38|0|494393,0x72ab388e2e2f6facef59e3c3fa2c4e29011c2d38,base:0x72ab388e2e2f6facef59e3c3fa2c4e29011c2d38,0,1779814839,59,59,59,59,0,shadow-pos-6ae39251679a4e7ff7b82816,first_position_mark_amount_usd,200.0,medium,yes,,yes
0xb2cc224c1c9fee385f8ad6a55b4d94e92359dc59|base:0xb2cc224c1c9fee385f8ad6a55b4d94e92359dc59|0|494393,0xb2cc224c1c9fee385f8ad6a55b4d94e92359dc59,base:0xb2cc224c1c9fee385f8ad6a55b4d94e92359dc59,0,1779814839,59,59,59,59,0,shadow-pos-c54032c0497176605ef6f2c9,first_position_mark_amount_usd,1000.0,medium,yes,,yes
0x4e962bb3889bf030368f56810a9c96b83cb3e778|base:0x4e962bb3889bf030368f56810a9c96b83cb3e778|0|494393,0x4e962bb3889bf030368f56810a9c96b83cb3e778,base:0x4e962bb3889bf030368f56810a9c96b83cb3e778,0,1779814839,59,59,59,59,0,shadow-pos-fac1c5c8b2abd1f13184b34b,first_position_mark_amount_usd,200.0,medium,yes,,yes
0x70acdf2ad0bf2402c957154f944c19ef4e1cbae1|base:0x70acdf2ad0bf2402c957154f944c19ef4e1cbae1|0|494393,0x70acdf2ad0bf2402c957154f944c19ef4e1cbae1,base:0x70acdf2ad0bf2402c957154f944c19ef4e1cbae1,0,1779814839,59,59,59,58,0,shadow-pos-810ebf927edcd7627385b4cb,joined_position_amount_usd,200.0,medium,yes,,yes
0x72ab388e2e2f6facef59e3c3fa2c4e29011c2d38|base:0x72ab388e2e2f6facef59e3c3fa2c4e29011c2d38|0|494394,0x72ab388e2e2f6facef59e3c3fa2c4e29011c2d38,base:0x72ab388e2e2f6facef59e3c3fa2c4e29011c2d38,0,1779818439,59,59,59,59,0,shadow-pos-6ae39251679a4e7ff7b82816,first_position_mark_amount_usd,200.0,medium,yes,,yes
0xb2cc224c1c9fee385f8ad6a55b4d94e92359dc59|base:0xb2cc224c1c9fee385f8ad6a55b4d94e92359dc59|0|494394,0xb2cc224c1c9fee385f8ad6a55b4d94e92359dc59,base:0xb2cc224c1c9fee385f8ad6a55b4d94e92359dc59,0,1779818439,59,59,59,58,1,shadow-pos-c54032c0497176605ef6f2c9,first_position_mark_amount_usd,1000.0,medium,yes,,yes
0x4e962bb3889bf030368f56810a9c96b83cb3e778|base:0x4e962bb3889bf030368f56810a9c96b83cb3e778|0|494394,0x4e962bb3889bf030368f56810a9c96b83cb3e778,base:0x4e962bb3889bf030368f56810a9c96b83cb3e778,0,1779818439,59,59,59,59,0,shadow-pos-fac1c5c8b2abd1f13184b34b,first_position_mark_amount_usd,200.0,medium,yes,,yes
0x70acdf2ad0bf2402c957154f944c19ef4e1cbae1|base:0x70acdf2ad0bf2402c957154f944c19ef4e1cbae1|0|494394,0x70acdf2ad0bf2402c957154f944c19ef4e1cbae1,base:0x70acdf2ad0bf2402c957154f944c19ef4e1cbae1,0,1779818439,59,59,59,59,0,shadow-pos-810ebf927edcd7627385b4cb,first_position_mark_amount_usd,200.0,medium,yes,,yes
0x72ab388e2e2f6facef59e3c3fa2c4e29011c2d38|base:0x72ab388e2e2f6facef59e3c3fa2c4e29011c2d38|0|494395,0x72ab388e2e2f6facef59e3c3fa2c4e29011c2d38,base:0x72ab388e2e2f6facef59e3c3fa2c4e29011c2d38,0,1779822039,60,60,60,60,0,shadow-pos-6ae39251679a4e7ff7b82816,first_position_mark_amount_usd,200.0,medium,yes,,yes
0xb2cc224c1c9fee385f8ad6a55b4d94e92359dc59|base:0xb2cc224c1c9fee385f8ad6a55b4d94e92359dc59|0|494395,0xb2cc224c1c9fee385f8ad6a55b4d94e92359dc59,base:0xb2cc224c1c9fee385f8ad6a55b4d94e92359dc59,0,1779822039,60,60,60,60,0,shadow-pos-75691480a4cc8ca79cee3452,joined_position_amount_usd,1000.0,medium,yes,,yes
0x4e962bb3889bf030368f56810a9c96b83cb3e778|base:0x4e962bb3889bf030368f56810a9c96b83cb3e778|0|494395,0x4e962bb3889bf030368f56810a9c96b83cb3e778,base:0x4e962bb3889bf030368f56810a9c96b83cb3e778,0,1779822039,60,60,60,60,0,shadow-pos-fac1c5c8b2abd1f13184b34b,first_position_mark_amount_usd,200.0,medium,yes,,yes
0x70acdf2ad0bf2402c957154f944c19ef4e1cbae1|base:0x70acdf2ad0bf2402c957154f944c19ef4e1cbae1|0|494395,0x70acdf2ad0bf2402c957154f944c19ef4e1cbae1,base:0x70acdf2ad0bf2402c957154f944c19ef4e1cbae1,0,1779822039,60,60,60,60,0,shadow-pos-810ebf927edcd7627385b4cb,first_position_mark_amount_usd,200.0,medium,yes,,yes
0x72ab388e2e2f6facef59e3c3fa2c4e29011c2d38|base:0x72ab388e2e2f6facef59e3c3fa2c4e29011c2d38|0|494396,0x72ab388e2e2f6facef59e3c3fa2c4e29011c2d38,base:0x72ab388e2e2f6facef59e3c3fa2c4e29011c2d38,0,1779825640,60,60,60,59,0,shadow-pos-6ae39251679a4e7ff7b82816,first_position_mark_amount_usd,200.0,medium,yes,,yes
0xb2cc224c1c9fee385f8ad6a55b4d94e92359dc59|base:0xb2cc224c1c9fee385f8ad6a55b4d94e92359dc59|0|494396,0xb2cc224c1c9fee385f8ad6a55b4d94e92359dc59,base:0xb2cc224c1c9fee385f8ad6a55b4d94e92359dc59,0,1779825640,60,60,60,59,0,shadow-pos-75691480a4cc8ca79cee3452,first_position_mark_amount_usd,1000.0,medium,yes,,yes
0x4e962bb3889bf030368f56810a9c96b83cb3e778|base:0x4e962bb3889bf030368f56810a9c96b83cb3e778|0|494396,0x4e962bb3889bf030368f56810a9c96b83cb3e778,base:0x4e962bb3889bf030368f56810a9c96b83cb3e778,0,1779825640,60,60,60,59,0,shadow-pos-fac1c5c8b2abd1f13184b34b,first_position_mark_amount_usd,200.0,medium,yes,,yes
0x70acdf2ad0bf2402c957154f944c19ef4e1cbae1|base:0x70acdf2ad0bf2402c957154f944c19ef4e1cbae1|0|494396,0x70acdf2ad0bf2402c957154f944c19ef4e1cbae1,base:0x70acdf2ad0bf2402c957154f944c19ef4e1cbae1,0,1779825640,60,60,60,59,0,shadow-pos-810ebf927edcd7627385b4cb,first_position_mark_amount_usd,200.0,medium,yes,,yes
0x72ab388e2e2f6facef59e3c3fa2c4e29011c2d38|base:0x72ab388e2e2f6facef59e3c3fa2c4e29011c2d38|0|494397,0x72ab388e2e2f6facef59e3c3fa2c4e29011c2d38,base:0x72ab388e2e2f6facef59e3c3fa2c4e29011c2d38,0,1779829240,60,60,60,60,0,shadow-pos-6ae39251679a4e7ff7b82816,first_position_mark_amount_usd,200.0,medium,yes,,yes
0xb2cc224c1c9fee385f8ad6a55b4d94e92359dc59|base:0xb2cc224c1c9fee385f8ad6a55b4d94e92359dc59|0|494397,0xb2cc224c1c9fee385f8ad6a55b4d94e92359dc59,base:0xb2cc224c1c9fee385f8ad6a55b4d94e92359dc59,0,1779829240,60,60,60,60,0,shadow-pos-75691480a4cc8ca79cee3452,first_position_mark_amount_usd,1000.0,medium,yes,,yes
0x4e962bb3889bf030368f56810a9c96b83cb3e778|base:0x4e962bb3889bf030368f56810a9c96b83cb3e778|0|494397,0x4e962bb3889bf030368f56810a9c96b83cb3e778,base:0x4e962bb3889bf030368f56810a9c96b83cb3e778,0,1779829240,60,60,60,60,0,shadow-pos-fac1c5c8b2abd1f13184b34b,first_position_mark_amount_usd,200.0,medium,yes,,yes
0x70acdf2ad0bf2402c957154f944c19ef4e1cbae1|base:0x70acdf2ad0bf2402c957154f944c19ef4e1cbae1|0|494397,0x70acdf2ad0bf2402c957154f944c19ef4e1cbae1,base:0x70acdf2ad0bf2402c957154f944c19ef4e1cbae1,0,1779829240,60,60,60,60,0,shadow-pos-810ebf927edcd7627385b4cb,first_position_mark_amount_usd,200.0,medium,yes,,yes
0x72ab388e2e2f6facef59e3c3fa2c4e29011c2d38|base:0x72ab388e2e2f6facef59e3c3fa2c4e29011c2d38|0|494398,0x72ab388e2e2f6facef59e3c3fa2c4e29011c2d38,base:0x72ab388e2e2f6facef59e3c3fa2c4e29011c2d38,0,1779832840,60,60,60,60,0,shadow-pos-6ae39251679a4e7ff7b82816,first_position_mark_amount_usd,200.0,medium,yes,,yes
0xb2cc224c1c9fee385f8ad6a55b4d94e92359dc59|base:0xb2cc224c1c9fee385f8ad6a55b4d94e92359dc59|0|494398,0xb2cc224c1c9fee385f8ad6a55b4d94e92359dc59,base:0xb2cc224c1c9fee385f8ad6a55b4d94e92359dc59,0,1779832840,60,60,60,60,0,shadow-pos-75691480a4cc8ca79cee3452,first_position_mark_amount_usd,1000.0,medium,yes,,yes
0x4e962bb3889bf030368f56810a9c96b83cb3e778|base:0x4e962bb3889bf030368f56810a9c96b83cb3e778|0|494398,0x4e962bb3889bf030368f56810a9c96b83cb3e778,base:0x4e962bb3889bf030368f56810a9c96b83cb3e778,0,1779832840,60,60,60,60,0,shadow-pos-fac1c5c8b2abd1f13184b34b,first_position_mark_amount_usd,200.0,medium,yes,,yes
0x70acdf2ad0bf2402c957154f944c19ef4e1cbae1|base:0x70acdf2ad0bf2402c957154f944c19ef4e1cbae1|0|494398,0x70acdf2ad0bf2402c957154f944c19ef4e1cbae1,base:0x70acdf2ad0bf2402c957154f944c19ef4e1cbae1,0,1779832840,60,60,60,60,0,shadow-pos-810ebf927edcd7627385b4cb,first_position_mark_amount_usd,200.0,medium,yes,,yes
0x72ab388e2e2f6facef59e3c3fa2c4e29011c2d38|base:0x72ab388e2e2f6facef59e3c3fa2c4e29011c2d38|0|494399,0x72ab388e2e2f6facef59e3c3fa2c4e29011c2d38,base:0x72ab388e2e2f6facef59e3c3fa2c4e29011c2d38,0,1779836439,60,60,60,60,0,shadow-pos-6ae39251679a4e7ff7b82816,first_position_mark_amount_usd,200.0,medium,yes,,yes
0xb2cc224c1c9fee385f8ad6a55b4d94e92359dc59|base:0xb2cc224c1c9fee385f8ad6a55b4d94e92359dc59|0|494399,0xb2cc224c1c9fee385f8ad6a55b4d94e92359dc59,base:0xb2cc224c1c9fee385f8ad6a55b4d94e92359dc59,0,1779836439,60,60,60,60,0,shadow-pos-75691480a4cc8ca79cee3452,first_position_mark_amount_usd,1000.0,medium,yes,,yes
0x4e962bb3889bf030368f56810a9c96b83cb3e778|base:0x4e962bb3889bf030368f56810a9c96b83cb3e778|0|494399,0x4e962bb3889bf030368f56810a9c96b83cb3e778,base:0x4e962bb3889bf030368f56810a9c96b83cb3e778,0,1779836439,60,60,60,60,0,shadow-pos-fac1c5c8b2abd1f13184b34b,first_position_mark_amount_usd,200.0,medium,yes,,yes
0x70acdf2ad0bf2402c957154f944c19ef4e1cbae1|base:0x70acdf2ad0bf2402c957154f944c19ef4e1cbae1|0|494399,0x70acdf2ad0bf2402c957154f944c19ef4e1cbae1,base:0x70acdf2ad0bf2402c957154f944c19ef4e1cbae1,0,1779836439,60,60,60,60,0,shadow-pos-810ebf927edcd7627385b4cb,first_position_mark_amount_usd,200.0,medium,yes,,yes
0x72ab388e2e2f6facef59e3c3fa2c4e29011c2d38|base:0x72ab388e2e2f6facef59e3c3fa2c4e29011c2d38|0|494400,0x72ab388e2e2f6facef59e3c3fa2c4e29011c2d38,base:0x72ab388e2e2f6facef59e3c3fa2c4e29011c2d38,0,1779840039,59,59,59,58,1,shadow-pos-6ae39251679a4e7ff7b82816,first_position_mark_amount_usd,200.0,medium,yes,,yes
0xb2cc224c1c9fee385f8ad6a55b4d94e92359dc59|base:0xb2cc224c1c9fee385f8ad6a55b4d94e92359dc59|0|494400,0xb2cc224c1c9fee385f8ad6a55b4d94e92359dc59,base:0xb2cc224c1c9fee385f8ad6a55b4d94e92359dc59,0,1779840039,59,59,59,59,0,shadow-pos-75691480a4cc8ca79cee3452,first_position_mark_amount_usd,1000.0,medium,yes,,yes
0x4e962bb3889bf030368f56810a9c96b83cb3e778|base:0x4e962bb3889bf030368f56810a9c96b83cb3e778|0|494400,0x4e962bb3889bf030368f56810a9c96b83cb3e778,base:0x4e962bb3889bf030368f56810a9c96b83cb3e778,0,1779840039,59,59,59,59,0,shadow-pos-fac1c5c8b2abd1f13184b34b,first_position_mark_amount_usd,200.0,medium,yes,,yes
0x70acdf2ad0bf2402c957154f944c19ef4e1cbae1|base:0x70acdf2ad0bf2402c957154f944c19ef4e1cbae1|0|494400,0x70acdf2ad0bf2402c957154f944c19ef4e1cbae1,base:0x70acdf2ad0bf2402c957154f944c19ef4e1cbae1,0,1779840039,59,59,59,59,0,shadow-pos-810ebf927edcd7627385b4cb,first_position_mark_amount_usd,200.0,medium,yes,,yes
0x72ab388e2e2f6facef59e3c3fa2c4e29011c2d38|base:0x72ab388e2e2f6facef59e3c3fa2c4e29011c2d38|0|494401,0x72ab388e2e2f6facef59e3c3fa2c4e29011c2d38,base:0x72ab388e2e2f6facef59e3c3fa2c4e29011c2d38,0,1779843639,60,60,60,60,0,shadow-pos-26a4b35c240914d684c7eb7f,joined_position_amount_usd,200.0,medium,yes,,yes
0xb2cc224c1c9fee385f8ad6a55b4d94e92359dc59|base:0xb2cc224c1c9fee385f8ad6a55b4d94e92359dc59|0|494401,0xb2cc224c1c9fee385f8ad6a55b4d94e92359dc59,base:0xb2cc224c1c9fee385f8ad6a55b4d94e92359dc59,0,1779843639,60,60,60,60,0,shadow-pos-75691480a4cc8ca79cee3452,first_position_mark_amount_usd,1000.0,medium,yes,,yes
0x4e962bb3889bf030368f56810a9c96b83cb3e778|base:0x4e962bb3889bf030368f56810a9c96b83cb3e778|0|494401,0x4e962bb3889bf030368f56810a9c96b83cb3e778,base:0x4e962bb3889bf030368f56810a9c96b83cb3e778,0,1779843639,60,60,60,60,0,shadow-pos-fac1c5c8b2abd1f13184b34b,first_position_mark_amount_usd,200.0,medium,yes,,yes
0x70acdf2ad0bf2402c957154f944c19ef4e1cbae1|base:0x70acdf2ad0bf2402c957154f944c19ef4e1cbae1|0|494401,0x70acdf2ad0bf2402c957154f944c19ef4e1cbae1,base:0x70acdf2ad0bf2402c957154f944c19ef4e1cbae1,0,1779843639,60,60,60,60,0,shadow-pos-810ebf927edcd7627385b4cb,first_position_mark_amount_usd,200.0,medium,yes,,yes
0x72ab388e2e2f6facef59e3c3fa2c4e29011c2d38|base:0x72ab388e2e2f6facef59e3c3fa2c4e29011c2d38|0|494402,0x72ab388e2e2f6facef59e3c3fa2c4e29011c2d38,base:0x72ab388e2e2f6facef59e3c3fa2c4e29011c2d38,0,1779847240,60,60,60,60,0,shadow-pos-26a4b35c240914d684c7eb7f,first_position_mark_amount_usd,200.0,medium,yes,,yes
0xb2cc224c1c9fee385f8ad6a55b4d94e92359dc59|base:0xb2cc224c1c9fee385f8ad6a55b4d94e92359dc59|0|494402,0xb2cc224c1c9fee385f8ad6a55b4d94e92359dc59,base:0xb2cc224c1c9fee385f8ad6a55b4d94e92359dc59,0,1779847240,60,60,60,60,0,shadow-pos-75691480a4cc8ca79cee3452,first_position_mark_amount_usd,1000.0,medium,yes,,yes
0x4e962bb3889bf030368f56810a9c96b83cb3e778|base:0x4e962bb3889bf030368f56810a9c96b83cb3e778|0|494402,0x4e962bb3889bf030368f56810a9c96b83cb3e778,base:0x4e962bb3889bf030368f56810a9c96b83cb3e778,0,1779847240,60,60,60,60,0,shadow-pos-fac1c5c8b2abd1f13184b34b,first_position_mark_amount_usd,200.0,medium,yes,,yes
0x70acdf2ad0bf2402c957154f944c19ef4e1cbae1|base:0x70acdf2ad0bf2402c957154f944c19ef4e1cbae1|0|494402,0x70acdf2ad0bf2402c957154f944c19ef4e1cbae1,base:0x70acdf2ad0bf2402c957154f944c19ef4e1cbae1,0,1779847240,60,60,60,60,0,shadow-pos-810ebf927edcd7627385b4cb,first_position_mark_amount_usd,200.0,medium,yes,,yes
0x72ab388e2e2f6facef59e3c3fa2c4e29011c2d38|base:0x72ab388e2e2f6facef59e3c3fa2c4e29011c2d38|0|494403,0x72ab388e2e2f6facef59e3c3fa2c4e29011c2d38,base:0x72ab388e2e2f6facef59e3c3fa2c4e29011c2d38,0,1779850840,60,60,60,60,0,shadow-pos-26a4b35c240914d684c7eb7f,first_position_mark_amount_usd,200.0,medium,yes,,yes
0xb2cc224c1c9fee385f8ad6a55b4d94e92359dc59|base:0xb2cc224c1c9fee385f8ad6a55b4d94e92359dc59|0|494403,0xb2cc224c1c9fee385f8ad6a55b4d94e92359dc59,base:0xb2cc224c1c9fee385f8ad6a55b4d94e92359dc59,0,1779850840,60,60,60,60,0,shadow-pos-75691480a4cc8ca79cee3452,first_position_mark_amount_usd,1000.0,medium,yes,,yes
0x4e962bb3889bf030368f56810a9c96b83cb3e778|base:0x4e962bb3889bf030368f56810a9c96b83cb3e778|0|494403,0x4e962bb3889bf030368f56810a9c96b83cb3e778,base:0x4e962bb3889bf030368f56810a9c96b83cb3e778,0,1779850840,60,60,60,60,0,shadow-pos-fac1c5c8b2abd1f13184b34b,first_position_mark_amount_usd,200.0,medium,yes,,yes
0x70acdf2ad0bf2402c957154f944c19ef4e1cbae1|base:0x70acdf2ad0bf2402c957154f944c19ef4e1cbae1|0|494403,0x70acdf2ad0bf2402c957154f944c19ef4e1cbae1,base:0x70acdf2ad0bf2402c957154f944c19ef4e1cbae1,0,1779850840,60,60,60,60,0,shadow-pos-810ebf927edcd7627385b4cb,first_position_mark_amount_usd,200.0,medium,yes,,yes
0x72ab388e2e2f6facef59e3c3fa2c4e29011c2d38|base:0x72ab388e2e2f6facef59e3c3fa2c4e29011c2d38|0|494404,0x72ab388e2e2f6facef59e3c3fa2c4e29011c2d38,base:0x72ab388e2e2f6facef59e3c3fa2c4e29011c2d38,0,1779854440,60,60,60,60,0,shadow-pos-26a4b35c240914d684c7eb7f,first_position_mark_amount_usd,200.0,medium,yes,,yes
0xb2cc224c1c9fee385f8ad6a55b4d94e92359dc59|base:0xb2cc224c1c9fee385f8ad6a55b4d94e92359dc59|0|494404,0xb2cc224c1c9fee385f8ad6a55b4d94e92359dc59,base:0xb2cc224c1c9fee385f8ad6a55b4d94e92359dc59,0,1779854440,60,60,60,60,0,shadow-pos-75691480a4cc8ca79cee3452,first_position_mark_amount_usd,1000.0,medium,yes,,yes
0x4e962bb3889bf030368f56810a9c96b83cb3e778|base:0x4e962bb3889bf030368f56810a9c96b83cb3e778|0|494404,0x4e962bb3889bf030368f56810a9c96b83cb3e778,base:0x4e962bb3889bf030368f56810a9c96b83cb3e778,0,1779854440,60,60,60,60,0,shadow-pos-fac1c5c8b2abd1f13184b34b,first_position_mark_amount_usd,200.0,medium,yes,,yes
0x70acdf2ad0bf2402c957154f944c19ef4e1cbae1|base:0x70acdf2ad0bf2402c957154f944c19ef4e1cbae1|0|494404,0x70acdf2ad0bf2402c957154f944c19ef4e1cbae1,base:0x70acdf2ad0bf2402c957154f944c19ef4e1cbae1,0,1779854440,60,60,60,60,0,shadow-pos-810ebf927edcd7627385b4cb,first_position_mark_amount_usd,200.0,medium,yes,,yes
0x72ab388e2e2f6facef59e3c3fa2c4e29011c2d38|base:0x72ab388e2e2f6facef59e3c3fa2c4e29011c2d38|0|494405,0x72ab388e2e2f6facef59e3c3fa2c4e29011c2d38,base:0x72ab388e2e2f6facef59e3c3fa2c4e29011c2d38,0,1779858040,51,51,51,51,0,shadow-pos-26a4b35c240914d684c7eb7f,first_position_mark_amount_usd,200.0,medium,yes,,yes
0xb2cc224c1c9fee385f8ad6a55b4d94e92359dc59|base:0xb2cc224c1c9fee385f8ad6a55b4d94e92359dc59|0|494405,0xb2cc224c1c9fee385f8ad6a55b4d94e92359dc59,base:0xb2cc224c1c9fee385f8ad6a55b4d94e92359dc59,0,1779858040,51,51,51,51,0,shadow-pos-75691480a4cc8ca79cee3452,first_position_mark_amount_usd,1000.0,medium,yes,,yes
0x4e962bb3889bf030368f56810a9c96b83cb3e778|base:0x4e962bb3889bf030368f56810a9c96b83cb3e778|0|494405,0x4e962bb3889bf030368f56810a9c96b83cb3e778,base:0x4e962bb3889bf030368f56810a9c96b83cb3e778,0,1779858040,51,51,51,51,0,shadow-pos-fac1c5c8b2abd1f13184b34b,first_position_mark_amount_usd,200.0,medium,yes,,yes
0x70acdf2ad0bf2402c957154f944c19ef4e1cbae1|base:0x70acdf2ad0bf2402c957154f944c19ef4e1cbae1|0|494405,0x70acdf2ad0bf2402c957154f944c19ef4e1cbae1,base:0x70acdf2ad0bf2402c957154f944c19ef4e1cbae1,0,1779858040,51,51,51,51,0,shadow-pos-810ebf927edcd7627385b4cb,first_position_mark_amount_usd,200.0,medium,yes,,yes
0x72ab388e2e2f6facef59e3c3fa2c4e29011c2d38|base:0x72ab388e2e2f6facef59e3c3fa2c4e29011c2d38|0|494406,0x72ab388e2e2f6facef59e3c3fa2c4e29011c2d38,base:0x72ab388e2e2f6facef59e3c3fa2c4e29011c2d38,0,1779861633,37,37,37,37,0,shadow-pos-26a4b35c240914d684c7eb7f,first_position_mark_amount_usd,200.0,medium,yes,,yes
0xb2cc224c1c9fee385f8ad6a55b4d94e92359dc59|base:0xb2cc224c1c9fee385f8ad6a55b4d94e92359dc59|0|494406,0xb2cc224c1c9fee385f8ad6a55b4d94e92359dc59,base:0xb2cc224c1c9fee385f8ad6a55b4d94e92359dc59,0,1779861633,37,37,37,36,1,shadow-pos-75691480a4cc8ca79cee3452,first_position_mark_amount_usd,1000.0,medium,yes,,yes
0x4e962bb3889bf030368f56810a9c96b83cb3e778|base:0x4e962bb3889bf030368f56810a9c96b83cb3e778|0|494406,0x4e962bb3889bf030368f56810a9c96b83cb3e778,base:0x4e962bb3889bf030368f56810a9c96b83cb3e778,0,1779861633,37,37,37,37,0,shadow-pos-fac1c5c8b2abd1f13184b34b,first_position_mark_amount_usd,200.0,medium,yes,,yes
0x70acdf2ad0bf2402c957154f944c19ef4e1cbae1|base:0x70acdf2ad0bf2402c957154f944c19ef4e1cbae1|0|494406,0x70acdf2ad0bf2402c957154f944c19ef4e1cbae1,base:0x70acdf2ad0bf2402c957154f944c19ef4e1cbae1,0,1779861633,37,37,37,37,0,shadow-pos-810ebf927edcd7627385b4cb,first_position_mark_amount_usd,200.0,medium,yes,,yes
0x72ab388e2e2f6facef59e3c3fa2c4e29011c2d38|base:0x72ab388e2e2f6facef59e3c3fa2c4e29011c2d38|0|494407,0x72ab388e2e2f6facef59e3c3fa2c4e29011c2d38,base:0x72ab388e2e2f6facef59e3c3fa2c4e29011c2d38,0,1779865305,49,49,49,49,0,shadow-pos-26a4b35c240914d684c7eb7f,first_position_mark_amount_usd,200.0,medium,yes,,yes
0xb2cc224c1c9fee385f8ad6a55b4d94e92359dc59|base:0xb2cc224c1c9fee385f8ad6a55b4d94e92359dc59|0|494407,0xb2cc224c1c9fee385f8ad6a55b4d94e92359dc59,base:0xb2cc224c1c9fee385f8ad6a55b4d94e92359dc59,0,1779865305,49,49,49,49,0,shadow-pos-f4360defaf90822ca70a9d51,joined_position_amount_usd,1000.0,medium,yes,,yes
0x4e962bb3889bf030368f56810a9c96b83cb3e778|base:0x4e962bb3889bf030368f56810a9c96b83cb3e778|0|494407,0x4e962bb3889bf030368f56810a9c96b83cb3e778,base:0x4e962bb3889bf030368f56810a9c96b83cb3e778,0,1779865305,49,49,49,49,0,shadow-pos-fac1c5c8b2abd1f13184b34b,first_position_mark_amount_usd,200.0,medium,yes,,yes
0x70acdf2ad0bf2402c957154f944c19ef4e1cbae1|base:0x70acdf2ad0bf2402c957154f944c19ef4e1cbae1|0|494407,0x70acdf2ad0bf2402c957154f944c19ef4e1cbae1,base:0x70acdf2ad0bf2402c957154f944c19ef4e1cbae1,0,1779865305,49,49,49,49,0,shadow-pos-810ebf927edcd7627385b4cb,first_position_mark_amount_usd,200.0,medium,yes,,yes
0x72ab388e2e2f6facef59e3c3fa2c4e29011c2d38|base:0x72ab388e2e2f6facef59e3c3fa2c4e29011c2d38|0|494408,0x72ab388e2e2f6facef59e3c3fa2c4e29011c2d38,base:0x72ab388e2e2f6facef59e3c3fa2c4e29011c2d38,0,1779868840,60,60,60,60,0,shadow-pos-26a4b35c240914d684c7eb7f,first_position_mark_amount_usd,200.0,medium,yes,,yes
0xb2cc224c1c9fee385f8ad6a55b4d94e92359dc59|base:0xb2cc224c1c9fee385f8ad6a55b4d94e92359dc59|0|494408,0xb2cc224c1c9fee385f8ad6a55b4d94e92359dc59,base:0xb2cc224c1c9fee385f8ad6a55b4d94e92359dc59,0,1779868840,60,60,60,60,0,shadow-pos-f4360defaf90822ca70a9d51,first_position_mark_amount_usd,1000.0,medium,yes,,yes
0x4e962bb3889bf030368f56810a9c96b83cb3e778|base:0x4e962bb3889bf030368f56810a9c96b83cb3e778|0|494408,0x4e962bb3889bf030368f56810a9c96b83cb3e778,base:0x4e962bb3889bf030368f56810a9c96b83cb3e778,0,1779868840,60,60,60,60,0,shadow-pos-fac1c5c8b2abd1f13184b34b,first_position_mark_amount_usd,200.0,medium,yes,,yes
0x70acdf2ad0bf2402c957154f944c19ef4e1cbae1|base:0x70acdf2ad0bf2402c957154f944c19ef4e1cbae1|0|494408,0x70acdf2ad0bf2402c957154f944c19ef4e1cbae1,base:0x70acdf2ad0bf2402c957154f944c19ef4e1cbae1,0,1779868840,60,60,60,60,0,shadow-pos-810ebf927edcd7627385b4cb,first_position_mark_amount_usd,200.0,medium,yes,,yes
0x72ab388e2e2f6facef59e3c3fa2c4e29011c2d38|base:0x72ab388e2e2f6facef59e3c3fa2c4e29011c2d38|0|494409,0x72ab388e2e2f6facef59e3c3fa2c4e29011c2d38,base:0x72ab388e2e2f6facef59e3c3fa2c4e29011c2d38,0,1779872440,60,60,60,60,0,shadow-pos-26a4b35c240914d684c7eb7f,first_position_mark_amount_usd,200.0,medium,yes,,yes
0xb2cc224c1c9fee385f8ad6a55b4d94e92359dc59|base:0xb2cc224c1c9fee385f8ad6a55b4d94e92359dc59|0|494409,0xb2cc224c1c9fee385f8ad6a55b4d94e92359dc59,base:0xb2cc224c1c9fee385f8ad6a55b4d94e92359dc59,0,1779872440,60,60,60,60,0,shadow-pos-f4360defaf90822ca70a9d51,first_position_mark_amount_usd,1000.0,medium,yes,,yes
0x4e962bb3889bf030368f56810a9c96b83cb3e778|base:0x4e962bb3889bf030368f56810a9c96b83cb3e778|0|494409,0x4e962bb3889bf030368f56810a9c96b83cb3e778,base:0x4e962bb3889bf030368f56810a9c96b83cb3e778,0,1779872440,60,60,60,60,0,shadow-pos-fac1c5c8b2abd1f13184b34b,first_position_mark_amount_usd,200.0,medium,yes,,yes
0x70acdf2ad0bf2402c957154f944c19ef4e1cbae1|base:0x70acdf2ad0bf2402c957154f944c19ef4e1cbae1|0|494409,0x70acdf2ad0bf2402c957154f944c19ef4e1cbae1,base:0x70acdf2ad0bf2402c957154f944c19ef4e1cbae1,0,1779872440,60,60,60,60,0,shadow-pos-810ebf927edcd7627385b4cb,first_position_mark_amount_usd,200.0,medium,yes,,yes
0x72ab388e2e2f6facef59e3c3fa2c4e29011c2d38|base:0x72ab388e2e2f6facef59e3c3fa2c4e29011c2d38|0|494410,0x72ab388e2e2f6facef59e3c3fa2c4e29011c2d38,base:0x72ab388e2e2f6facef59e3c3fa2c4e29011c2d38,0,1779876040,60,60,60,60,0,shadow-pos-26a4b35c240914d684c7eb7f,first_position_mark_amount_usd,200.0,medium,yes,,yes
0xb2cc224c1c9fee385f8ad6a55b4d94e92359dc59|base:0xb2cc224c1c9fee385f8ad6a55b4d94e92359dc59|0|494410,0xb2cc224c1c9fee385f8ad6a55b4d94e92359dc59,base:0xb2cc224c1c9fee385f8ad6a55b4d94e92359dc59,0,1779876040,60,60,60,60,0,shadow-pos-f4360defaf90822ca70a9d51,first_position_mark_amount_usd,1000.0,medium,yes,,yes
0x4e962bb3889bf030368f56810a9c96b83cb3e778|base:0x4e962bb3889bf030368f56810a9c96b83cb3e778|0|494410,0x4e962bb3889bf030368f56810a9c96b83cb3e778,base:0x4e962bb3889bf030368f56810a9c96b83cb3e778,0,1779876040,60,60,60,60,0,shadow-pos-fac1c5c8b2abd1f13184b34b,first_position_mark_amount_usd,200.0,medium,yes,,yes
0x70acdf2ad0bf2402c957154f944c19ef4e1cbae1|base:0x70acdf2ad0bf2402c957154f944c19ef4e1cbae1|0|494410,0x70acdf2ad0bf2402c957154f944c19ef4e1cbae1,base:0x70acdf2ad0bf2402c957154f944c19ef4e1cbae1,0,1779876040,60,60,60,60,0,shadow-pos-810ebf927edcd7627385b4cb,first_position_mark_amount_usd,200.0,medium,yes,,yes
0x72ab388e2e2f6facef59e3c3fa2c4e29011c2d38|base:0x72ab388e2e2f6facef59e3c3fa2c4e29011c2d38|0|494411,0x72ab388e2e2f6facef59e3c3fa2c4e29011c2d38,base:0x72ab388e2e2f6facef59e3c3fa2c4e29011c2d38,0,1779879640,60,60,60,60,0,shadow-pos-26a4b35c240914d684c7eb7f,first_position_mark_amount_usd,200.0,medium,yes,,yes
0xb2cc224c1c9fee385f8ad6a55b4d94e92359dc59|base:0xb2cc224c1c9fee385f8ad6a55b4d94e92359dc59|0|494411,0xb2cc224c1c9fee385f8ad6a55b4d94e92359dc59,base:0xb2cc224c1c9fee385f8ad6a55b4d94e92359dc59,0,1779879640,60,60,60,60,0,shadow-pos-f4360defaf90822ca70a9d51,first_position_mark_amount_usd,1000.0,medium,yes,,yes
0x4e962bb3889bf030368f56810a9c96b83cb3e778|base:0x4e962bb3889bf030368f56810a9c96b83cb3e778|0|494411,0x4e962bb3889bf030368f56810a9c96b83cb3e778,base:0x4e962bb3889bf030368f56810a9c96b83cb3e778,0,1779879640,60,60,60,60,0,shadow-pos-fac1c5c8b2abd1f13184b34b,first_position_mark_amount_usd,200.0,medium,yes,,yes
0x70acdf2ad0bf2402c957154f944c19ef4e1cbae1|base:0x70acdf2ad0bf2402c957154f944c19ef4e1cbae1|0|494411,0x70acdf2ad0bf2402c957154f944c19ef4e1cbae1,base:0x70acdf2ad0bf2402c957154f944c19ef4e1cbae1,0,1779879640,60,60,60,60,0,shadow-pos-810ebf927edcd7627385b4cb,first_position_mark_amount_usd,200.0,medium,yes,,yes
0x72ab388e2e2f6facef59e3c3fa2c4e29011c2d38|base:0x72ab388e2e2f6facef59e3c3fa2c4e29011c2d38|0|494412,0x72ab388e2e2f6facef59e3c3fa2c4e29011c2d38,base:0x72ab388e2e2f6facef59e3c3fa2c4e29011c2d38,0,1779883239,60,60,60,59,1,shadow-pos-26a4b35c240914d684c7eb7f,first_position_mark_amount_usd,200.0,medium,yes,,yes
0xb2cc224c1c9fee385f8ad6a55b4d94e92359dc59|base:0xb2cc224c1c9fee385f8ad6a55b4d94e92359dc59|0|494412,0xb2cc224c1c9fee385f8ad6a55b4d94e92359dc59,base:0xb2cc224c1c9fee385f8ad6a55b4d94e92359dc59,0,1779883239,60,60,60,60,0,shadow-pos-f4360defaf90822ca70a9d51,first_position_mark_amount_usd,1000.0,medium,yes,,yes
0x4e962bb3889bf030368f56810a9c96b83cb3e778|base:0x4e962bb3889bf030368f56810a9c96b83cb3e778|0|494412,0x4e962bb3889bf030368f56810a9c96b83cb3e778,base:0x4e962bb3889bf030368f56810a9c96b83cb3e778,0,1779883239,60,60,60,60,0,shadow-pos-fac1c5c8b2abd1f13184b34b,first_position_mark_amount_usd,200.0,medium,yes,,yes
0x70acdf2ad0bf2402c957154f944c19ef4e1cbae1|base:0x70acdf2ad0bf2402c957154f944c19ef4e1cbae1|0|494412,0x70acdf2ad0bf2402c957154f944c19ef4e1cbae1,base:0x70acdf2ad0bf2402c957154f944c19ef4e1cbae1,0,1779883239,60,60,60,60,0,shadow-pos-810ebf927edcd7627385b4cb,first_position_mark_amount_usd,200.0,medium,yes,,yes
0x72ab388e2e2f6facef59e3c3fa2c4e29011c2d38|base:0x72ab388e2e2f6facef59e3c3fa2c4e29011c2d38|0|494413,0x72ab388e2e2f6facef59e3c3fa2c4e29011c2d38,base:0x72ab388e2e2f6facef59e3c3fa2c4e29011c2d38,0,1779886842,59,59,59,59,0,shadow-pos-f351eacd1026394eb43c0256,joined_position_amount_usd,200.0,medium,yes,,yes
0x4e962bb3889bf030368f56810a9c96b83cb3e778|base:0x4e962bb3889bf030368f56810a9c96b83cb3e778|0|494413,0x4e962bb3889bf030368f56810a9c96b83cb3e778,base:0x4e962bb3889bf030368f56810a9c96b83cb3e778,0,1779886842,59,59,59,59,0,shadow-pos-fac1c5c8b2abd1f13184b34b,first_position_mark_amount_usd,200.0,medium,yes,,yes
0xb2cc224c1c9fee385f8ad6a55b4d94e92359dc59|base:0xb2cc224c1c9fee385f8ad6a55b4d94e92359dc59|0|494413,0xb2cc224c1c9fee385f8ad6a55b4d94e92359dc59,base:0xb2cc224c1c9fee385f8ad6a55b4d94e92359dc59,0,1779886842,59,59,59,59,0,shadow-pos-f4360defaf90822ca70a9d51,first_position_mark_amount_usd,1000.0,medium,yes,,yes
0x70acdf2ad0bf2402c957154f944c19ef4e1cbae1|base:0x70acdf2ad0bf2402c957154f944c19ef4e1cbae1|0|494413,0x70acdf2ad0bf2402c957154f944c19ef4e1cbae1,base:0x70acdf2ad0bf2402c957154f944c19ef4e1cbae1,0,1779886842,59,59,59,59,0,shadow-pos-810ebf927edcd7627385b4cb,first_position_mark_amount_usd,200.0,medium,yes,,yes
0x72ab388e2e2f6facef59e3c3fa2c4e29011c2d38|base:0x72ab388e2e2f6facef59e3c3fa2c4e29011c2d38|0|494414,0x72ab388e2e2f6facef59e3c3fa2c4e29011c2d38,base:0x72ab388e2e2f6facef59e3c3fa2c4e29011c2d38,0,1779890441,60,60,60,60,0,shadow-pos-f351eacd1026394eb43c0256,first_position_mark_amount_usd,200.0,medium,yes,,yes
0x4e962bb3889bf030368f56810a9c96b83cb3e778|base:0x4e962bb3889bf030368f56810a9c96b83cb3e778|0|494414,0x4e962bb3889bf030368f56810a9c96b83cb3e778,base:0x4e962bb3889bf030368f56810a9c96b83cb3e778,0,1779890441,60,60,60,60,0,shadow-pos-fac1c5c8b2abd1f13184b34b,first_position_mark_amount_usd,200.0,medium,yes,,yes
0xb2cc224c1c9fee385f8ad6a55b4d94e92359dc59|base:0xb2cc224c1c9fee385f8ad6a55b4d94e92359dc59|0|494414,0xb2cc224c1c9fee385f8ad6a55b4d94e92359dc59,base:0xb2cc224c1c9fee385f8ad6a55b4d94e92359dc59,0,1779890441,60,60,60,60,0,shadow-pos-f4360defaf90822ca70a9d51,first_position_mark_amount_usd,1000.0,medium,yes,,yes
0x70acdf2ad0bf2402c957154f944c19ef4e1cbae1|base:0x70acdf2ad0bf2402c957154f944c19ef4e1cbae1|0|494414,0x70acdf2ad0bf2402c957154f944c19ef4e1cbae1,base:0x70acdf2ad0bf2402c957154f944c19ef4e1cbae1,0,1779890441,60,60,60,60,0,shadow-pos-810ebf927edcd7627385b4cb,first_position_mark_amount_usd,200.0,medium,yes,,yes
0x72ab388e2e2f6facef59e3c3fa2c4e29011c2d38|base:0x72ab388e2e2f6facef59e3c3fa2c4e29011c2d38|0|494415,0x72ab388e2e2f6facef59e3c3fa2c4e29011c2d38,base:0x72ab388e2e2f6facef59e3c3fa2c4e29011c2d38,0,1779894039,60,60,60,60,0,shadow-pos-f351eacd1026394eb43c0256,first_position_mark_amount_usd,200.0,medium,yes,,yes
0x4e962bb3889bf030368f56810a9c96b83cb3e778|base:0x4e962bb3889bf030368f56810a9c96b83cb3e778|0|494415,0x4e962bb3889bf030368f56810a9c96b83cb3e778,base:0x4e962bb3889bf030368f56810a9c96b83cb3e778,0,1779894039,60,60,60,60,0,shadow-pos-fac1c5c8b2abd1f13184b34b,first_position_mark_amount_usd,200.0,medium,yes,,yes
0xb2cc224c1c9fee385f8ad6a55b4d94e92359dc59|base:0xb2cc224c1c9fee385f8ad6a55b4d94e92359dc59|0|494415,0xb2cc224c1c9fee385f8ad6a55b4d94e92359dc59,base:0xb2cc224c1c9fee385f8ad6a55b4d94e92359dc59,0,1779894039,60,60,60,60,0,shadow-pos-f4360defaf90822ca70a9d51,first_position_mark_amount_usd,1000.0,medium,yes,,yes
0x70acdf2ad0bf2402c957154f944c19ef4e1cbae1|base:0x70acdf2ad0bf2402c957154f944c19ef4e1cbae1|0|494415,0x70acdf2ad0bf2402c957154f944c19ef4e1cbae1,base:0x70acdf2ad0bf2402c957154f944c19ef4e1cbae1,0,1779894039,60,60,60,60,0,shadow-pos-810ebf927edcd7627385b4cb,first_position_mark_amount_usd,200.0,medium,yes,,yes
0x72ab388e2e2f6facef59e3c3fa2c4e29011c2d38|base:0x72ab388e2e2f6facef59e3c3fa2c4e29011c2d38|0|494416,0x72ab388e2e2f6facef59e3c3fa2c4e29011c2d38,base:0x72ab388e2e2f6facef59e3c3fa2c4e29011c2d38,0,1779897640,60,60,60,60,0,shadow-pos-f351eacd1026394eb43c0256,first_position_mark_amount_usd,200.0,medium,yes,,yes
0x4e962bb3889bf030368f56810a9c96b83cb3e778|base:0x4e962bb3889bf030368f56810a9c96b83cb3e778|0|494416,0x4e962bb3889bf030368f56810a9c96b83cb3e778,base:0x4e962bb3889bf030368f56810a9c96b83cb3e778,0,1779897640,60,60,60,60,0,shadow-pos-fac1c5c8b2abd1f13184b34b,first_position_mark_amount_usd,200.0,medium,yes,,yes
0xb2cc224c1c9fee385f8ad6a55b4d94e92359dc59|base:0xb2cc224c1c9fee385f8ad6a55b4d94e92359dc59|0|494416,0xb2cc224c1c9fee385f8ad6a55b4d94e92359dc59,base:0xb2cc224c1c9fee385f8ad6a55b4d94e92359dc59,0,1779897640,60,60,60,60,0,shadow-pos-f4360defaf90822ca70a9d51,first_position_mark_amount_usd,1000.0,medium,yes,,yes
0x70acdf2ad0bf2402c957154f944c19ef4e1cbae1|base:0x70acdf2ad0bf2402c957154f944c19ef4e1cbae1|0|494416,0x70acdf2ad0bf2402c957154f944c19ef4e1cbae1,base:0x70acdf2ad0bf2402c957154f944c19ef4e1cbae1,0,1779897640,60,60,60,60,0,shadow-pos-810ebf927edcd7627385b4cb,first_position_mark_amount_usd,200.0,medium,yes,,yes
0xb2cc224c1c9fee385f8ad6a55b4d94e92359dc59|base:0xb2cc224c1c9fee385f8ad6a55b4d94e92359dc59|0|494417,0xb2cc224c1c9fee385f8ad6a55b4d94e92359dc59,base:0xb2cc224c1c9fee385f8ad6a55b4d94e92359dc59,0,1779901239,60,60,60,60,0,shadow-pos-f4360defaf90822ca70a9d51,first_position_mark_amount_usd,1000.0,medium,yes,,yes
0x72ab388e2e2f6facef59e3c3fa2c4e29011c2d38|base:0x72ab388e2e2f6facef59e3c3fa2c4e29011c2d38|0|494417,0x72ab388e2e2f6facef59e3c3fa2c4e29011c2d38,base:0x72ab388e2e2f6facef59e3c3fa2c4e29011c2d38,0,1779901239,60,60,60,60,0,shadow-pos-f351eacd1026394eb43c0256,first_position_mark_amount_usd,200.0,medium,yes,,yes
0x4e962bb3889bf030368f56810a9c96b83cb3e778|base:0x4e962bb3889bf030368f56810a9c96b83cb3e778|0|494417,0x4e962bb3889bf030368f56810a9c96b83cb3e778,base:0x4e962bb3889bf030368f56810a9c96b83cb3e778,0,1779901239,60,60,60,60,0,shadow-pos-fac1c5c8b2abd1f13184b34b,first_position_mark_amount_usd,200.0,medium,yes,,yes
0x70acdf2ad0bf2402c957154f944c19ef4e1cbae1|base:0x70acdf2ad0bf2402c957154f944c19ef4e1cbae1|0|494417,0x70acdf2ad0bf2402c957154f944c19ef4e1cbae1,base:0x70acdf2ad0bf2402c957154f944c19ef4e1cbae1,0,1779901239,60,60,60,60,0,shadow-pos-810ebf927edcd7627385b4cb,first_position_mark_amount_usd,200.0,medium,yes,,yes
0x72ab388e2e2f6facef59e3c3fa2c4e29011c2d38|base:0x72ab388e2e2f6facef59e3c3fa2c4e29011c2d38|0|494418,0x72ab388e2e2f6facef59e3c3fa2c4e29011c2d38,base:0x72ab388e2e2f6facef59e3c3fa2c4e29011c2d38,0,1779904839,60,60,60,60,0,shadow-pos-f351eacd1026394eb43c0256,first_position_mark_amount_usd,200.0,medium,yes,,yes
0x4e962bb3889bf030368f56810a9c96b83cb3e778|base:0x4e962bb3889bf030368f56810a9c96b83cb3e778|0|494418,0x4e962bb3889bf030368f56810a9c96b83cb3e778,base:0x4e962bb3889bf030368f56810a9c96b83cb3e778,0,1779904839,60,60,60,60,0,shadow-pos-fac1c5c8b2abd1f13184b34b,first_position_mark_amount_usd,200.0,medium,yes,,yes
0xb2cc224c1c9fee385f8ad6a55b4d94e92359dc59|base:0xb2cc224c1c9fee385f8ad6a55b4d94e92359dc59|0|494418,0xb2cc224c1c9fee385f8ad6a55b4d94e92359dc59,base:0xb2cc224c1c9fee385f8ad6a55b4d94e92359dc59,0,1779904839,60,60,60,59,1,shadow-pos-f4360defaf90822ca70a9d51,first_position_mark_amount_usd,1000.0,medium,yes,,yes
0x70acdf2ad0bf2402c957154f944c19ef4e1cbae1|base:0x70acdf2ad0bf2402c957154f944c19ef4e1cbae1|0|494418,0x70acdf2ad0bf2402c957154f944c19ef4e1cbae1,base:0x70acdf2ad0bf2402c957154f944c19ef4e1cbae1,0,1779904839,60,60,60,60,0,shadow-pos-810ebf927edcd7627385b4cb,first_position_mark_amount_usd,200.0,medium,yes,,yes
0x72ab388e2e2f6facef59e3c3fa2c4e29011c2d38|base:0x72ab388e2e2f6facef59e3c3fa2c4e29011c2d38|0|494419,0x72ab388e2e2f6facef59e3c3fa2c4e29011c2d38,base:0x72ab388e2e2f6facef59e3c3fa2c4e29011c2d38,0,1779908440,60,60,60,60,0,shadow-pos-f351eacd1026394eb43c0256,first_position_mark_amount_usd,200.0,medium,yes,,yes
0x4e962bb3889bf030368f56810a9c96b83cb3e778|base:0x4e962bb3889bf030368f56810a9c96b83cb3e778|0|494419,0x4e962bb3889bf030368f56810a9c96b83cb3e778,base:0x4e962bb3889bf030368f56810a9c96b83cb3e778,0,1779908440,60,60,60,60,0,shadow-pos-fac1c5c8b2abd1f13184b34b,first_position_mark_amount_usd,200.0,medium,yes,,yes
0xb2cc224c1c9fee385f8ad6a55b4d94e92359dc59|base:0xb2cc224c1c9fee385f8ad6a55b4d94e92359dc59|0|494419,0xb2cc224c1c9fee385f8ad6a55b4d94e92359dc59,base:0xb2cc224c1c9fee385f8ad6a55b4d94e92359dc59,0,1779908440,60,60,60,60,0,shadow-pos-51c39791282bf2bef61d239f,joined_position_amount_usd,1000.0,medium,yes,,yes
0x70acdf2ad0bf2402c957154f944c19ef4e1cbae1|base:0x70acdf2ad0bf2402c957154f944c19ef4e1cbae1|0|494419,0x70acdf2ad0bf2402c957154f944c19ef4e1cbae1,base:0x70acdf2ad0bf2402c957154f944c19ef4e1cbae1,0,1779908440,60,60,60,60,0,shadow-pos-810ebf927edcd7627385b4cb,first_position_mark_amount_usd,200.0,medium,yes,,yes
0x72ab388e2e2f6facef59e3c3fa2c4e29011c2d38|base:0x72ab388e2e2f6facef59e3c3fa2c4e29011c2d38|0|494420,0x72ab388e2e2f6facef59e3c3fa2c4e29011c2d38,base:0x72ab388e2e2f6facef59e3c3fa2c4e29011c2d38,0,1779912040,60,60,60,60,0,shadow-pos-f351eacd1026394eb43c0256,first_position_mark_amount_usd,200.0,medium,yes,,yes
0x4e962bb3889bf030368f56810a9c96b83cb3e778|base:0x4e962bb3889bf030368f56810a9c96b83cb3e778|0|494420,0x4e962bb3889bf030368f56810a9c96b83cb3e778,base:0x4e962bb3889bf030368f56810a9c96b83cb3e778,0,1779912040,60,60,60,60,0,shadow-pos-fac1c5c8b2abd1f13184b34b,first_position_mark_amount_usd,200.0,medium,yes,,yes
0xb2cc224c1c9fee385f8ad6a55b4d94e92359dc59|base:0xb2cc224c1c9fee385f8ad6a55b4d94e92359dc59|0|494420,0xb2cc224c1c9fee385f8ad6a55b4d94e92359dc59,base:0xb2cc224c1c9fee385f8ad6a55b4d94e92359dc59,0,1779912040,60,60,60,60,0,shadow-pos-51c39791282bf2bef61d239f,first_position_mark_amount_usd,1000.0,medium,yes,,yes
0x70acdf2ad0bf2402c957154f944c19ef4e1cbae1|base:0x70acdf2ad0bf2402c957154f944c19ef4e1cbae1|0|494420,0x70acdf2ad0bf2402c957154f944c19ef4e1cbae1,base:0x70acdf2ad0bf2402c957154f944c19ef4e1cbae1,0,1779912040,60,60,60,60,0,shadow-pos-810ebf927edcd7627385b4cb,first_position_mark_amount_usd,200.0,medium,yes,,yes
0x72ab388e2e2f6facef59e3c3fa2c4e29011c2d38|base:0x72ab388e2e2f6facef59e3c3fa2c4e29011c2d38|0|494421,0x72ab388e2e2f6facef59e3c3fa2c4e29011c2d38,base:0x72ab388e2e2f6facef59e3c3fa2c4e29011c2d38,0,1779915639,60,60,60,60,0,shadow-pos-f351eacd1026394eb43c0256,first_position_mark_amount_usd,200.0,medium,yes,,yes
0x4e962bb3889bf030368f56810a9c96b83cb3e778|base:0x4e962bb3889bf030368f56810a9c96b83cb3e778|0|494421,0x4e962bb3889bf030368f56810a9c96b83cb3e778,base:0x4e962bb3889bf030368f56810a9c96b83cb3e778,0,1779915639,60,60,60,60,0,shadow-pos-fac1c5c8b2abd1f13184b34b,first_position_mark_amount_usd,200.0,medium,yes,,yes
0xb2cc224c1c9fee385f8ad6a55b4d94e92359dc59|base:0xb2cc224c1c9fee385f8ad6a55b4d94e92359dc59|0|494421,0xb2cc224c1c9fee385f8ad6a55b4d94e92359dc59,base:0xb2cc224c1c9fee385f8ad6a55b4d94e92359dc59,0,1779915639,60,60,60,60,0,shadow-pos-51c39791282bf2bef61d239f,first_position_mark_amount_usd,1000.0,medium,yes,,yes
0x70acdf2ad0bf2402c957154f944c19ef4e1cbae1|base:0x70acdf2ad0bf2402c957154f944c19ef4e1cbae1|0|494421,0x70acdf2ad0bf2402c957154f944c19ef4e1cbae1,base:0x70acdf2ad0bf2402c957154f944c19ef4e1cbae1,0,1779915639,60,60,60,60,0,shadow-pos-810ebf927edcd7627385b4cb,first_position_mark_amount_usd,200.0,medium,yes,,yes
0x72ab388e2e2f6facef59e3c3fa2c4e29011c2d38|base:0x72ab388e2e2f6facef59e3c3fa2c4e29011c2d38|0|494422,0x72ab388e2e2f6facef59e3c3fa2c4e29011c2d38,base:0x72ab388e2e2f6facef59e3c3fa2c4e29011c2d38,0,1779919241,60,60,60,60,0,shadow-pos-f351eacd1026394eb43c0256,first_position_mark_amount_usd,200.0,medium,yes,,yes
0x4e962bb3889bf030368f56810a9c96b83cb3e778|base:0x4e962bb3889bf030368f56810a9c96b83cb3e778|0|494422,0x4e962bb3889bf030368f56810a9c96b83cb3e778,base:0x4e962bb3889bf030368f56810a9c96b83cb3e778,0,1779919241,60,60,60,60,0,shadow-pos-fac1c5c8b2abd1f13184b34b,first_position_mark_amount_usd,200.0,medium,yes,,yes
0xb2cc224c1c9fee385f8ad6a55b4d94e92359dc59|base:0xb2cc224c1c9fee385f8ad6a55b4d94e92359dc59|0|494422,0xb2cc224c1c9fee385f8ad6a55b4d94e92359dc59,base:0xb2cc224c1c9fee385f8ad6a55b4d94e92359dc59,0,1779919241,60,60,60,60,0,shadow-pos-51c39791282bf2bef61d239f,first_position_mark_amount_usd,1000.0,medium,yes,,yes
0x70acdf2ad0bf2402c957154f944c19ef4e1cbae1|base:0x70acdf2ad0bf2402c957154f944c19ef4e1cbae1|0|494422,0x70acdf2ad0bf2402c957154f944c19ef4e1cbae1,base:0x70acdf2ad0bf2402c957154f944c19ef4e1cbae1,0,1779919241,60,60,60,60,0,shadow-pos-810ebf927edcd7627385b4cb,first_position_mark_amount_usd,200.0,medium,yes,,yes
0x72ab388e2e2f6facef59e3c3fa2c4e29011c2d38|base:0x72ab388e2e2f6facef59e3c3fa2c4e29011c2d38|0|494423,0x72ab388e2e2f6facef59e3c3fa2c4e29011c2d38,base:0x72ab388e2e2f6facef59e3c3fa2c4e29011c2d38,0,1779922840,60,60,60,60,0,shadow-pos-f351eacd1026394eb43c0256,first_position_mark_amount_usd,200.0,medium,yes,,yes
0x4e962bb3889bf030368f56810a9c96b83cb3e778|base:0x4e962bb3889bf030368f56810a9c96b83cb3e778|0|494423,0x4e962bb3889bf030368f56810a9c96b83cb3e778,base:0x4e962bb3889bf030368f56810a9c96b83cb3e778,0,1779922840,60,60,60,60,0,shadow-pos-fac1c5c8b2abd1f13184b34b,first_position_mark_amount_usd,200.0,medium,yes,,yes
0xb2cc224c1c9fee385f8ad6a55b4d94e92359dc59|base:0xb2cc224c1c9fee385f8ad6a55b4d94e92359dc59|0|494423,0xb2cc224c1c9fee385f8ad6a55b4d94e92359dc59,base:0xb2cc224c1c9fee385f8ad6a55b4d94e92359dc59,0,1779922840,60,60,60,60,0,shadow-pos-51c39791282bf2bef61d239f,first_position_mark_amount_usd,1000.0,medium,yes,,yes
0x70acdf2ad0bf2402c957154f944c19ef4e1cbae1|base:0x70acdf2ad0bf2402c957154f944c19ef4e1cbae1|0|494423,0x70acdf2ad0bf2402c957154f944c19ef4e1cbae1,base:0x70acdf2ad0bf2402c957154f944c19ef4e1cbae1,0,1779922840,60,60,60,60,0,shadow-pos-810ebf927edcd7627385b4cb,first_position_mark_amount_usd,200.0,medium,yes,,yes
0xb2cc224c1c9fee385f8ad6a55b4d94e92359dc59|base:0xb2cc224c1c9fee385f8ad6a55b4d94e92359dc59|0|494424,0xb2cc224c1c9fee385f8ad6a55b4d94e92359dc59,base:0xb2cc224c1c9fee385f8ad6a55b4d94e92359dc59,0,1779926440,60,60,60,60,0,shadow-pos-51c39791282bf2bef61d239f,first_position_mark_amount_usd,1000.0,medium,yes,,yes
0x72ab388e2e2f6facef59e3c3fa2c4e29011c2d38|base:0x72ab388e2e2f6facef59e3c3fa2c4e29011c2d38|0|494424,0x72ab388e2e2f6facef59e3c3fa2c4e29011c2d38,base:0x72ab388e2e2f6facef59e3c3fa2c4e29011c2d38,0,1779926440,60,60,60,59,1,shadow-pos-f351eacd1026394eb43c0256,first_position_mark_amount_usd,200.0,medium,yes,,yes
0x4e962bb3889bf030368f56810a9c96b83cb3e778|base:0x4e962bb3889bf030368f56810a9c96b83cb3e778|0|494424,0x4e962bb3889bf030368f56810a9c96b83cb3e778,base:0x4e962bb3889bf030368f56810a9c96b83cb3e778,0,1779926440,60,60,60,60,0,shadow-pos-fac1c5c8b2abd1f13184b34b,first_position_mark_amount_usd,200.0,medium,yes,,yes
0x70acdf2ad0bf2402c957154f944c19ef4e1cbae1|base:0x70acdf2ad0bf2402c957154f944c19ef4e1cbae1|0|494424,0x70acdf2ad0bf2402c957154f944c19ef4e1cbae1,base:0x70acdf2ad0bf2402c957154f944c19ef4e1cbae1,0,1779926440,60,60,60,60,0,shadow-pos-810ebf927edcd7627385b4cb,first_position_mark_amount_usd,200.0,medium,yes,,yes
0xb2cc224c1c9fee385f8ad6a55b4d94e92359dc59|base:0xb2cc224c1c9fee385f8ad6a55b4d94e92359dc59|0|494425,0xb2cc224c1c9fee385f8ad6a55b4d94e92359dc59,base:0xb2cc224c1c9fee385f8ad6a55b4d94e92359dc59,0,1779930040,60,60,60,60,0,shadow-pos-51c39791282bf2bef61d239f,first_position_mark_amount_usd,1000.0,medium,yes,,yes
0x70acdf2ad0bf2402c957154f944c19ef4e1cbae1|base:0x70acdf2ad0bf2402c957154f944c19ef4e1cbae1|0|494425,0x70acdf2ad0bf2402c957154f944c19ef4e1cbae1,base:0x70acdf2ad0bf2402c957154f944c19ef4e1cbae1,0,1779930040,60,60,60,60,0,shadow-pos-810ebf927edcd7627385b4cb,first_position_mark_amount_usd,200.0,medium,yes,,yes
0x72ab388e2e2f6facef59e3c3fa2c4e29011c2d38|base:0x72ab388e2e2f6facef59e3c3fa2c4e29011c2d38|0|494425,0x72ab388e2e2f6facef59e3c3fa2c4e29011c2d38,base:0x72ab388e2e2f6facef59e3c3fa2c4e29011c2d38,0,1779930040,60,60,60,60,0,shadow-pos-8f9836ae6966a61a6288d2a2,joined_position_amount_usd,200.0,medium,yes,,yes
0x4e962bb3889bf030368f56810a9c96b83cb3e778|base:0x4e962bb3889bf030368f56810a9c96b83cb3e778|0|494425,0x4e962bb3889bf030368f56810a9c96b83cb3e778,base:0x4e962bb3889bf030368f56810a9c96b83cb3e778,0,1779930040,60,60,60,60,0,shadow-pos-fac1c5c8b2abd1f13184b34b,first_position_mark_amount_usd,200.0,medium,yes,,yes
0x72ab388e2e2f6facef59e3c3fa2c4e29011c2d38|base:0x72ab388e2e2f6facef59e3c3fa2c4e29011c2d38|0|494426,0x72ab388e2e2f6facef59e3c3fa2c4e29011c2d38,base:0x72ab388e2e2f6facef59e3c3fa2c4e29011c2d38,0,1779933640,60,60,60,59,1,shadow-pos-8f9836ae6966a61a6288d2a2,first_position_mark_amount_usd,200.0,medium,yes,,yes
0x4e962bb3889bf030368f56810a9c96b83cb3e778|base:0x4e962bb3889bf030368f56810a9c96b83cb3e778|0|494426,0x4e962bb3889bf030368f56810a9c96b83cb3e778,base:0x4e962bb3889bf030368f56810a9c96b83cb3e778,0,1779933640,60,60,60,60,0,shadow-pos-fac1c5c8b2abd1f13184b34b,first_position_mark_amount_usd,200.0,medium,yes,,yes
0xb2cc224c1c9fee385f8ad6a55b4d94e92359dc59|base:0xb2cc224c1c9fee385f8ad6a55b4d94e92359dc59|0|494426,0xb2cc224c1c9fee385f8ad6a55b4d94e92359dc59,base:0xb2cc224c1c9fee385f8ad6a55b4d94e92359dc59,0,1779933640,60,60,60,60,0,shadow-pos-51c39791282bf2bef61d239f,first_position_mark_amount_usd,1000.0,medium,yes,,yes
0x70acdf2ad0bf2402c957154f944c19ef4e1cbae1|base:0x70acdf2ad0bf2402c957154f944c19ef4e1cbae1|0|494426,0x70acdf2ad0bf2402c957154f944c19ef4e1cbae1,base:0x70acdf2ad0bf2402c957154f944c19ef4e1cbae1,0,1779933640,60,60,60,60,0,shadow-pos-810ebf927edcd7627385b4cb,first_position_mark_amount_usd,200.0,medium,yes,,yes
0x72ab388e2e2f6facef59e3c3fa2c4e29011c2d38|base:0x72ab388e2e2f6facef59e3c3fa2c4e29011c2d38|0|494427,0x72ab388e2e2f6facef59e3c3fa2c4e29011c2d38,base:0x72ab388e2e2f6facef59e3c3fa2c4e29011c2d38,0,1779937240,60,60,60,60,0,shadow-pos-bfb083f3f299d2cc364bb670,joined_position_amount_usd,200.0,medium,yes,,yes
0x70acdf2ad0bf2402c957154f944c19ef4e1cbae1|base:0x70acdf2ad0bf2402c957154f944c19ef4e1cbae1|0|494427,0x70acdf2ad0bf2402c957154f944c19ef4e1cbae1,base:0x70acdf2ad0bf2402c957154f944c19ef4e1cbae1,0,1779937240,60,60,60,60,0,shadow-pos-810ebf927edcd7627385b4cb,first_position_mark_amount_usd,200.0,medium,yes,,yes
0x4e962bb3889bf030368f56810a9c96b83cb3e778|base:0x4e962bb3889bf030368f56810a9c96b83cb3e778|0|494427,0x4e962bb3889bf030368f56810a9c96b83cb3e778,base:0x4e962bb3889bf030368f56810a9c96b83cb3e778,0,1779937240,60,60,60,60,0,shadow-pos-fac1c5c8b2abd1f13184b34b,first_position_mark_amount_usd,200.0,medium,yes,,yes
0xb2cc224c1c9fee385f8ad6a55b4d94e92359dc59|base:0xb2cc224c1c9fee385f8ad6a55b4d94e92359dc59|0|494427,0xb2cc224c1c9fee385f8ad6a55b4d94e92359dc59,base:0xb2cc224c1c9fee385f8ad6a55b4d94e92359dc59,0,1779937240,60,60,60,59,1,shadow-pos-51c39791282bf2bef61d239f,first_position_mark_amount_usd,1000.0,medium,yes,,yes
0x72ab388e2e2f6facef59e3c3fa2c4e29011c2d38|base:0x72ab388e2e2f6facef59e3c3fa2c4e29011c2d38|0|494428,0x72ab388e2e2f6facef59e3c3fa2c4e29011c2d38,base:0x72ab388e2e2f6facef59e3c3fa2c4e29011c2d38,0,1779940840,60,60,60,59,1,shadow-pos-bfb083f3f299d2cc364bb670,first_position_mark_amount_usd,200.0,medium,yes,,yes
0x4e962bb3889bf030368f56810a9c96b83cb3e778|base:0x4e962bb3889bf030368f56810a9c96b83cb3e778|0|494428,0x4e962bb3889bf030368f56810a9c96b83cb3e778,base:0x4e962bb3889bf030368f56810a9c96b83cb3e778,0,1779940840,60,60,60,60,0,shadow-pos-fac1c5c8b2abd1f13184b34b,first_position_mark_amount_usd,200.0,medium,yes,,yes
0xb2cc224c1c9fee385f8ad6a55b4d94e92359dc59|base:0xb2cc224c1c9fee385f8ad6a55b4d94e92359dc59|0|494428,0xb2cc224c1c9fee385f8ad6a55b4d94e92359dc59,base:0xb2cc224c1c9fee385f8ad6a55b4d94e92359dc59,0,1779940840,60,60,60,60,0,shadow-pos-cb236283d2c1329a64fe1c1e,joined_position_amount_usd,1000.0,high,yes,,yes
0x70acdf2ad0bf2402c957154f944c19ef4e1cbae1|base:0x70acdf2ad0bf2402c957154f944c19ef4e1cbae1|0|494428,0x70acdf2ad0bf2402c957154f944c19ef4e1cbae1,base:0x70acdf2ad0bf2402c957154f944c19ef4e1cbae1,0,1779940840,60,60,60,60,0,shadow-pos-810ebf927edcd7627385b4cb,first_position_mark_amount_usd,200.0,medium,yes,,yes
0x72ab388e2e2f6facef59e3c3fa2c4e29011c2d38|base:0x72ab388e2e2f6facef59e3c3fa2c4e29011c2d38|0|494429,0x72ab388e2e2f6facef59e3c3fa2c4e29011c2d38,base:0x72ab388e2e2f6facef59e3c3fa2c4e29011c2d38,0,1779944439,60,60,60,60,0,shadow-pos-a9609471ef561a451a283682,joined_position_amount_usd,200.0,medium,yes,,yes
0x4e962bb3889bf030368f56810a9c96b83cb3e778|base:0x4e962bb3889bf030368f56810a9c96b83cb3e778|0|494429,0x4e962bb3889bf030368f56810a9c96b83cb3e778,base:0x4e962bb3889bf030368f56810a9c96b83cb3e778,0,1779944439,60,60,60,60,0,shadow-pos-fac1c5c8b2abd1f13184b34b,first_position_mark_amount_usd,200.0,medium,yes,,yes
0xb2cc224c1c9fee385f8ad6a55b4d94e92359dc59|base:0xb2cc224c1c9fee385f8ad6a55b4d94e92359dc59|0|494429,0xb2cc224c1c9fee385f8ad6a55b4d94e92359dc59,base:0xb2cc224c1c9fee385f8ad6a55b4d94e92359dc59,0,1779944439,60,60,60,60,0,shadow-pos-cb236283d2c1329a64fe1c1e,first_position_mark_amount_usd,1000.0,medium,yes,,yes
0x70acdf2ad0bf2402c957154f944c19ef4e1cbae1|base:0x70acdf2ad0bf2402c957154f944c19ef4e1cbae1|0|494429,0x70acdf2ad0bf2402c957154f944c19ef4e1cbae1,base:0x70acdf2ad0bf2402c957154f944c19ef4e1cbae1,0,1779944439,60,60,60,60,0,shadow-pos-810ebf927edcd7627385b4cb,first_position_mark_amount_usd,200.0,medium,yes,,yes
0x72ab388e2e2f6facef59e3c3fa2c4e29011c2d38|base:0x72ab388e2e2f6facef59e3c3fa2c4e29011c2d38|0|494430,0x72ab388e2e2f6facef59e3c3fa2c4e29011c2d38,base:0x72ab388e2e2f6facef59e3c3fa2c4e29011c2d38,0,1779948039,60,60,60,59,1,shadow-pos-a9609471ef561a451a283682,first_position_mark_amount_usd,200.0,medium,yes,,yes
0x4e962bb3889bf030368f56810a9c96b83cb3e778|base:0x4e962bb3889bf030368f56810a9c96b83cb3e778|0|494430,0x4e962bb3889bf030368f56810a9c96b83cb3e778,base:0x4e962bb3889bf030368f56810a9c96b83cb3e778,0,1779948039,60,60,60,60,0,shadow-pos-fac1c5c8b2abd1f13184b34b,first_position_mark_amount_usd,200.0,medium,yes,,yes
0xb2cc224c1c9fee385f8ad6a55b4d94e92359dc59|base:0xb2cc224c1c9fee385f8ad6a55b4d94e92359dc59|0|494430,0xb2cc224c1c9fee385f8ad6a55b4d94e92359dc59,base:0xb2cc224c1c9fee385f8ad6a55b4d94e92359dc59,0,1779948039,60,60,60,60,0,shadow-pos-cb236283d2c1329a64fe1c1e,first_position_mark_amount_usd,1000.0,medium,yes,,yes
0x70acdf2ad0bf2402c957154f944c19ef4e1cbae1|base:0x70acdf2ad0bf2402c957154f944c19ef4e1cbae1|0|494430,0x70acdf2ad0bf2402c957154f944c19ef4e1cbae1,base:0x70acdf2ad0bf2402c957154f944c19ef4e1cbae1,0,1779948039,60,60,60,60,0,shadow-pos-810ebf927edcd7627385b4cb,first_position_mark_amount_usd,200.0,medium,yes,,yes
0x72ab388e2e2f6facef59e3c3fa2c4e29011c2d38|base:0x72ab388e2e2f6facef59e3c3fa2c4e29011c2d38|0|494431,0x72ab388e2e2f6facef59e3c3fa2c4e29011c2d38,base:0x72ab388e2e2f6facef59e3c3fa2c4e29011c2d38,0,1779951640,60,60,60,60,0,shadow-pos-536a8a53d04259debe56dd29,joined_position_amount_usd,200.0,medium,yes,,yes
0x4e962bb3889bf030368f56810a9c96b83cb3e778|base:0x4e962bb3889bf030368f56810a9c96b83cb3e778|0|494431,0x4e962bb3889bf030368f56810a9c96b83cb3e778,base:0x4e962bb3889bf030368f56810a9c96b83cb3e778,0,1779951640,60,60,60,60,0,shadow-pos-fac1c5c8b2abd1f13184b34b,first_position_mark_amount_usd,200.0,medium,yes,,yes
0xb2cc224c1c9fee385f8ad6a55b4d94e92359dc59|base:0xb2cc224c1c9fee385f8ad6a55b4d94e92359dc59|0|494431,0xb2cc224c1c9fee385f8ad6a55b4d94e92359dc59,base:0xb2cc224c1c9fee385f8ad6a55b4d94e92359dc59,0,1779951640,60,60,60,60,0,shadow-pos-cb236283d2c1329a64fe1c1e,first_position_mark_amount_usd,1000.0,medium,yes,,yes
0x70acdf2ad0bf2402c957154f944c19ef4e1cbae1|base:0x70acdf2ad0bf2402c957154f944c19ef4e1cbae1|0|494431,0x70acdf2ad0bf2402c957154f944c19ef4e1cbae1,base:0x70acdf2ad0bf2402c957154f944c19ef4e1cbae1,0,1779951640,60,60,60,60,0,shadow-pos-810ebf927edcd7627385b4cb,first_position_mark_amount_usd,200.0,medium,yes,,yes
0x72ab388e2e2f6facef59e3c3fa2c4e29011c2d38|base:0x72ab388e2e2f6facef59e3c3fa2c4e29011c2d38|0|494432,0x72ab388e2e2f6facef59e3c3fa2c4e29011c2d38,base:0x72ab388e2e2f6facef59e3c3fa2c4e29011c2d38,0,1779955240,60,60,60,59,1,shadow-pos-536a8a53d04259debe56dd29,first_position_mark_amount_usd,200.0,medium,yes,,yes
0x4e962bb3889bf030368f56810a9c96b83cb3e778|base:0x4e962bb3889bf030368f56810a9c96b83cb3e778|0|494432,0x4e962bb3889bf030368f56810a9c96b83cb3e778,base:0x4e962bb3889bf030368f56810a9c96b83cb3e778,0,1779955240,60,60,60,60,0,shadow-pos-fac1c5c8b2abd1f13184b34b,first_position_mark_amount_usd,200.0,medium,yes,,yes
0xb2cc224c1c9fee385f8ad6a55b4d94e92359dc59|base:0xb2cc224c1c9fee385f8ad6a55b4d94e92359dc59|0|494432,0xb2cc224c1c9fee385f8ad6a55b4d94e92359dc59,base:0xb2cc224c1c9fee385f8ad6a55b4d94e92359dc59,0,1779955240,60,60,60,60,0,shadow-pos-cb236283d2c1329a64fe1c1e,first_position_mark_amount_usd,1000.0,medium,yes,,yes
0x70acdf2ad0bf2402c957154f944c19ef4e1cbae1|base:0x70acdf2ad0bf2402c957154f944c19ef4e1cbae1|0|494432,0x70acdf2ad0bf2402c957154f944c19ef4e1cbae1,base:0x70acdf2ad0bf2402c957154f944c19ef4e1cbae1,0,1779955240,60,60,60,60,0,shadow-pos-810ebf927edcd7627385b4cb,first_position_mark_amount_usd,200.0,medium,yes,,yes
0x72ab388e2e2f6facef59e3c3fa2c4e29011c2d38|base:0x72ab388e2e2f6facef59e3c3fa2c4e29011c2d38|0|494433,0x72ab388e2e2f6facef59e3c3fa2c4e29011c2d38,base:0x72ab388e2e2f6facef59e3c3fa2c4e29011c2d38,0,1779958840,60,60,60,60,0,shadow-pos-ce389e7376c6f270f123c06e,joined_position_amount_usd,200.0,medium,yes,,yes
0x4e962bb3889bf030368f56810a9c96b83cb3e778|base:0x4e962bb3889bf030368f56810a9c96b83cb3e778|0|494433,0x4e962bb3889bf030368f56810a9c96b83cb3e778,base:0x4e962bb3889bf030368f56810a9c96b83cb3e778,0,1779958840,60,60,60,60,0,shadow-pos-fac1c5c8b2abd1f13184b34b,first_position_mark_amount_usd,200.0,medium,yes,,yes
0xb2cc224c1c9fee385f8ad6a55b4d94e92359dc59|base:0xb2cc224c1c9fee385f8ad6a55b4d94e92359dc59|0|494433,0xb2cc224c1c9fee385f8ad6a55b4d94e92359dc59,base:0xb2cc224c1c9fee385f8ad6a55b4d94e92359dc59,0,1779958840,60,60,60,60,0,shadow-pos-cb236283d2c1329a64fe1c1e,first_position_mark_amount_usd,1000.0,medium,yes,,yes
0x70acdf2ad0bf2402c957154f944c19ef4e1cbae1|base:0x70acdf2ad0bf2402c957154f944c19ef4e1cbae1|0|494433,0x70acdf2ad0bf2402c957154f944c19ef4e1cbae1,base:0x70acdf2ad0bf2402c957154f944c19ef4e1cbae1,0,1779958840,60,60,60,60,0,shadow-pos-810ebf927edcd7627385b4cb,first_position_mark_amount_usd,200.0,medium,yes,,yes
0x72ab388e2e2f6facef59e3c3fa2c4e29011c2d38|base:0x72ab388e2e2f6facef59e3c3fa2c4e29011c2d38|0|494434,0x72ab388e2e2f6facef59e3c3fa2c4e29011c2d38,base:0x72ab388e2e2f6facef59e3c3fa2c4e29011c2d38,0,1779962440,60,60,60,59,1,shadow-pos-ce389e7376c6f270f123c06e,first_position_mark_amount_usd,200.0,medium,yes,,yes
0x4e962bb3889bf030368f56810a9c96b83cb3e778|base:0x4e962bb3889bf030368f56810a9c96b83cb3e778|0|494434,0x4e962bb3889bf030368f56810a9c96b83cb3e778,base:0x4e962bb3889bf030368f56810a9c96b83cb3e778,0,1779962440,60,60,60,60,0,shadow-pos-fac1c5c8b2abd1f13184b34b,first_position_mark_amount_usd,200.0,medium,yes,,yes
0xb2cc224c1c9fee385f8ad6a55b4d94e92359dc59|base:0xb2cc224c1c9fee385f8ad6a55b4d94e92359dc59|0|494434,0xb2cc224c1c9fee385f8ad6a55b4d94e92359dc59,base:0xb2cc224c1c9fee385f8ad6a55b4d94e92359dc59,0,1779962440,60,60,60,60,0,shadow-pos-cb236283d2c1329a64fe1c1e,first_position_mark_amount_usd,1000.0,medium,yes,,yes
0x70acdf2ad0bf2402c957154f944c19ef4e1cbae1|base:0x70acdf2ad0bf2402c957154f944c19ef4e1cbae1|0|494434,0x70acdf2ad0bf2402c957154f944c19ef4e1cbae1,base:0x70acdf2ad0bf2402c957154f944c19ef4e1cbae1,0,1779962440,60,60,60,60,0,shadow-pos-810ebf927edcd7627385b4cb,first_position_mark_amount_usd,200.0,medium,yes,,yes
0x72ab388e2e2f6facef59e3c3fa2c4e29011c2d38|base:0x72ab388e2e2f6facef59e3c3fa2c4e29011c2d38|0|494435,0x72ab388e2e2f6facef59e3c3fa2c4e29011c2d38,base:0x72ab388e2e2f6facef59e3c3fa2c4e29011c2d38,0,1779966041,60,60,60,60,0,shadow-pos-e3d5a3ea738b576db7bcbbe8,joined_position_amount_usd,200.0,medium,yes,,yes
0x4e962bb3889bf030368f56810a9c96b83cb3e778|base:0x4e962bb3889bf030368f56810a9c96b83cb3e778|0|494435,0x4e962bb3889bf030368f56810a9c96b83cb3e778,base:0x4e962bb3889bf030368f56810a9c96b83cb3e778,0,1779966041,60,60,60,60,0,shadow-pos-fac1c5c8b2abd1f13184b34b,first_position_mark_amount_usd,200.0,medium,yes,,yes
0xb2cc224c1c9fee385f8ad6a55b4d94e92359dc59|base:0xb2cc224c1c9fee385f8ad6a55b4d94e92359dc59|0|494435,0xb2cc224c1c9fee385f8ad6a55b4d94e92359dc59,base:0xb2cc224c1c9fee385f8ad6a55b4d94e92359dc59,0,1779966041,60,60,60,60,0,shadow-pos-cb236283d2c1329a64fe1c1e,first_position_mark_amount_usd,1000.0,medium,yes,,yes
0x70acdf2ad0bf2402c957154f944c19ef4e1cbae1|base:0x70acdf2ad0bf2402c957154f944c19ef4e1cbae1|0|494435,0x70acdf2ad0bf2402c957154f944c19ef4e1cbae1,base:0x70acdf2ad0bf2402c957154f944c19ef4e1cbae1,0,1779966041,60,60,60,60,0,shadow-pos-810ebf927edcd7627385b4cb,first_position_mark_amount_usd,200.0,medium,yes,,yes
0x72ab388e2e2f6facef59e3c3fa2c4e29011c2d38|base:0x72ab388e2e2f6facef59e3c3fa2c4e29011c2d38|0|494436,0x72ab388e2e2f6facef59e3c3fa2c4e29011c2d38,base:0x72ab388e2e2f6facef59e3c3fa2c4e29011c2d38,0,1779969640,60,60,60,59,1,shadow-pos-e3d5a3ea738b576db7bcbbe8,first_position_mark_amount_usd,200.0,medium,yes,,yes
0x4e962bb3889bf030368f56810a9c96b83cb3e778|base:0x4e962bb3889bf030368f56810a9c96b83cb3e778|0|494436,0x4e962bb3889bf030368f56810a9c96b83cb3e778,base:0x4e962bb3889bf030368f56810a9c96b83cb3e778,0,1779969640,60,60,60,60,0,shadow-pos-fac1c5c8b2abd1f13184b34b,first_position_mark_amount_usd,200.0,medium,yes,,yes
0xb2cc224c1c9fee385f8ad6a55b4d94e92359dc59|base:0xb2cc224c1c9fee385f8ad6a55b4d94e92359dc59|0|494436,0xb2cc224c1c9fee385f8ad6a55b4d94e92359dc59,base:0xb2cc224c1c9fee385f8ad6a55b4d94e92359dc59,0,1779969640,60,60,60,60,0,shadow-pos-cb236283d2c1329a64fe1c1e,first_position_mark_amount_usd,1000.0,medium,yes,,yes
0x70acdf2ad0bf2402c957154f944c19ef4e1cbae1|base:0x70acdf2ad0bf2402c957154f944c19ef4e1cbae1|0|494436,0x70acdf2ad0bf2402c957154f944c19ef4e1cbae1,base:0x70acdf2ad0bf2402c957154f944c19ef4e1cbae1,0,1779969640,60,60,60,60,0,shadow-pos-810ebf927edcd7627385b4cb,first_position_mark_amount_usd,200.0,medium,yes,,yes
0x72ab388e2e2f6facef59e3c3fa2c4e29011c2d38|base:0x72ab388e2e2f6facef59e3c3fa2c4e29011c2d38|0|494437,0x72ab388e2e2f6facef59e3c3fa2c4e29011c2d38,base:0x72ab388e2e2f6facef59e3c3fa2c4e29011c2d38,0,1779973240,60,60,60,60,0,shadow-pos-9da32edaa95fe2e43f1ba1a7,joined_position_amount_usd,200.0,medium,yes,,yes
0x4e962bb3889bf030368f56810a9c96b83cb3e778|base:0x4e962bb3889bf030368f56810a9c96b83cb3e778|0|494437,0x4e962bb3889bf030368f56810a9c96b83cb3e778,base:0x4e962bb3889bf030368f56810a9c96b83cb3e778,0,1779973240,60,60,60,60,0,shadow-pos-fac1c5c8b2abd1f13184b34b,first_position_mark_amount_usd,200.0,medium,yes,,yes
0xb2cc224c1c9fee385f8ad6a55b4d94e92359dc59|base:0xb2cc224c1c9fee385f8ad6a55b4d94e92359dc59|0|494437,0xb2cc224c1c9fee385f8ad6a55b4d94e92359dc59,base:0xb2cc224c1c9fee385f8ad6a55b4d94e92359dc59,0,1779973240,60,60,60,60,0,shadow-pos-cb236283d2c1329a64fe1c1e,first_position_mark_amount_usd,1000.0,medium,yes,,yes
0x70acdf2ad0bf2402c957154f944c19ef4e1cbae1|base:0x70acdf2ad0bf2402c957154f944c19ef4e1cbae1|0|494437,0x70acdf2ad0bf2402c957154f944c19ef4e1cbae1,base:0x70acdf2ad0bf2402c957154f944c19ef4e1cbae1,0,1779973240,60,60,60,60,0,shadow-pos-810ebf927edcd7627385b4cb,first_position_mark_amount_usd,200.0,medium,yes,,yes
0x72ab388e2e2f6facef59e3c3fa2c4e29011c2d38|base:0x72ab388e2e2f6facef59e3c3fa2c4e29011c2d38|0|494438,0x72ab388e2e2f6facef59e3c3fa2c4e29011c2d38,base:0x72ab388e2e2f6facef59e3c3fa2c4e29011c2d38,0,1779976841,60,60,60,60,0,shadow-pos-9da32edaa95fe2e43f1ba1a7,first_position_mark_amount_usd,200.0,medium,yes,,yes
0x4e962bb3889bf030368f56810a9c96b83cb3e778|base:0x4e962bb3889bf030368f56810a9c96b83cb3e778|0|494438,0x4e962bb3889bf030368f56810a9c96b83cb3e778,base:0x4e962bb3889bf030368f56810a9c96b83cb3e778,0,1779976841,60,60,60,60,0,shadow-pos-fac1c5c8b2abd1f13184b34b,first_position_mark_amount_usd,200.0,medium,yes,,yes
0xb2cc224c1c9fee385f8ad6a55b4d94e92359dc59|base:0xb2cc224c1c9fee385f8ad6a55b4d94e92359dc59|0|494438,0xb2cc224c1c9fee385f8ad6a55b4d94e92359dc59,base:0xb2cc224c1c9fee385f8ad6a55b4d94e92359dc59,0,1779976841,60,60,60,60,0,shadow-pos-cb236283d2c1329a64fe1c1e,first_position_mark_amount_usd,1000.0,medium,yes,,yes
0x70acdf2ad0bf2402c957154f944c19ef4e1cbae1|base:0x70acdf2ad0bf2402c957154f944c19ef4e1cbae1|0|494438,0x70acdf2ad0bf2402c957154f944c19ef4e1cbae1,base:0x70acdf2ad0bf2402c957154f944c19ef4e1cbae1,0,1779976841,60,60,60,60,0,shadow-pos-810ebf927edcd7627385b4cb,first_position_mark_amount_usd,200.0,medium,yes,,yes
0x4e962bb3889bf030368f56810a9c96b83cb3e778|base:0x4e962bb3889bf030368f56810a9c96b83cb3e778|0|494439,0x4e962bb3889bf030368f56810a9c96b83cb3e778,base:0x4e962bb3889bf030368f56810a9c96b83cb3e778,0,1779980445,60,60,60,60,0,shadow-pos-fac1c5c8b2abd1f13184b34b,first_position_mark_amount_usd,200.0,medium,yes,,yes
0xb2cc224c1c9fee385f8ad6a55b4d94e92359dc59|base:0xb2cc224c1c9fee385f8ad6a55b4d94e92359dc59|0|494439,0xb2cc224c1c9fee385f8ad6a55b4d94e92359dc59,base:0xb2cc224c1c9fee385f8ad6a55b4d94e92359dc59,0,1779980445,60,60,60,59,1,shadow-pos-cb236283d2c1329a64fe1c1e,first_position_mark_amount_usd,1000.0,medium,yes,,yes
0x72ab388e2e2f6facef59e3c3fa2c4e29011c2d38|base:0x72ab388e2e2f6facef59e3c3fa2c4e29011c2d38|0|494439,0x72ab388e2e2f6facef59e3c3fa2c4e29011c2d38,base:0x72ab388e2e2f6facef59e3c3fa2c4e29011c2d38,0,1779980445,60,60,60,60,0,shadow-pos-9da32edaa95fe2e43f1ba1a7,first_position_mark_amount_usd,200.0,medium,yes,,yes
0x70acdf2ad0bf2402c957154f944c19ef4e1cbae1|base:0x70acdf2ad0bf2402c957154f944c19ef4e1cbae1|0|494439,0x70acdf2ad0bf2402c957154f944c19ef4e1cbae1,base:0x70acdf2ad0bf2402c957154f944c19ef4e1cbae1,0,1779980445,60,60,60,60,0,shadow-pos-810ebf927edcd7627385b4cb,first_position_mark_amount_usd,200.0,medium,yes,,yes
0x72ab388e2e2f6facef59e3c3fa2c4e29011c2d38|base:0x72ab388e2e2f6facef59e3c3fa2c4e29011c2d38|0|494440,0x72ab388e2e2f6facef59e3c3fa2c4e29011c2d38,base:0x72ab388e2e2f6facef59e3c3fa2c4e29011c2d38,0,1779984040,60,60,60,60,0,shadow-pos-9da32edaa95fe2e43f1ba1a7,first_position_mark_amount_usd,200.0,medium,yes,,yes
0x4e962bb3889bf030368f56810a9c96b83cb3e778|base:0x4e962bb3889bf030368f56810a9c96b83cb3e778|0|494440,0x4e962bb3889bf030368f56810a9c96b83cb3e778,base:0x4e962bb3889bf030368f56810a9c96b83cb3e778,0,1779984040,60,60,60,60,0,shadow-pos-fac1c5c8b2abd1f13184b34b,first_position_mark_amount_usd,200.0,medium,yes,,yes
0xb2cc224c1c9fee385f8ad6a55b4d94e92359dc59|base:0xb2cc224c1c9fee385f8ad6a55b4d94e92359dc59|0|494440,0xb2cc224c1c9fee385f8ad6a55b4d94e92359dc59,base:0xb2cc224c1c9fee385f8ad6a55b4d94e92359dc59,0,1779984040,60,60,60,60,0,shadow-pos-b60682a65fc987e4cafc2c35,joined_position_amount_usd,1000.0,high,yes,,yes
0x70acdf2ad0bf2402c957154f944c19ef4e1cbae1|base:0x70acdf2ad0bf2402c957154f944c19ef4e1cbae1|0|494440,0x70acdf2ad0bf2402c957154f944c19ef4e1cbae1,base:0x70acdf2ad0bf2402c957154f944c19ef4e1cbae1,0,1779984040,60,60,60,60,0,shadow-pos-810ebf927edcd7627385b4cb,first_position_mark_amount_usd,200.0,medium,yes,,yes
0x72ab388e2e2f6facef59e3c3fa2c4e29011c2d38|base:0x72ab388e2e2f6facef59e3c3fa2c4e29011c2d38|0|494441,0x72ab388e2e2f6facef59e3c3fa2c4e29011c2d38,base:0x72ab388e2e2f6facef59e3c3fa2c4e29011c2d38,0,1779987641,60,60,60,60,0,shadow-pos-9da32edaa95fe2e43f1ba1a7,first_position_mark_amount_usd,200.0,medium,yes,,yes
0x4e962bb3889bf030368f56810a9c96b83cb3e778|base:0x4e962bb3889bf030368f56810a9c96b83cb3e778|0|494441,0x4e962bb3889bf030368f56810a9c96b83cb3e778,base:0x4e962bb3889bf030368f56810a9c96b83cb3e778,0,1779987641,60,60,60,60,0,shadow-pos-fac1c5c8b2abd1f13184b34b,first_position_mark_amount_usd,200.0,medium,yes,,yes
0xb2cc224c1c9fee385f8ad6a55b4d94e92359dc59|base:0xb2cc224c1c9fee385f8ad6a55b4d94e92359dc59|0|494441,0xb2cc224c1c9fee385f8ad6a55b4d94e92359dc59,base:0xb2cc224c1c9fee385f8ad6a55b4d94e92359dc59,0,1779987641,60,60,60,60,0,shadow-pos-b60682a65fc987e4cafc2c35,first_position_mark_amount_usd,1000.0,medium,yes,,yes
0x70acdf2ad0bf2402c957154f944c19ef4e1cbae1|base:0x70acdf2ad0bf2402c957154f944c19ef4e1cbae1|0|494441,0x70acdf2ad0bf2402c957154f944c19ef4e1cbae1,base:0x70acdf2ad0bf2402c957154f944c19ef4e1cbae1,0,1779987641,60,60,60,60,0,shadow-pos-810ebf927edcd7627385b4cb,first_position_mark_amount_usd,200.0,medium,yes,,yes
0x72ab388e2e2f6facef59e3c3fa2c4e29011c2d38|base:0x72ab388e2e2f6facef59e3c3fa2c4e29011c2d38|0|494442,0x72ab388e2e2f6facef59e3c3fa2c4e29011c2d38,base:0x72ab388e2e2f6facef59e3c3fa2c4e29011c2d38,0,1779991241,60,60,60,60,0,shadow-pos-9da32edaa95fe2e43f1ba1a7,first_position_mark_amount_usd,200.0,medium,yes,,yes
0x4e962bb3889bf030368f56810a9c96b83cb3e778|base:0x4e962bb3889bf030368f56810a9c96b83cb3e778|0|494442,0x4e962bb3889bf030368f56810a9c96b83cb3e778,base:0x4e962bb3889bf030368f56810a9c96b83cb3e778,0,1779991241,60,60,60,60,0,shadow-pos-fac1c5c8b2abd1f13184b34b,first_position_mark_amount_usd,200.0,medium,yes,,yes
0xb2cc224c1c9fee385f8ad6a55b4d94e92359dc59|base:0xb2cc224c1c9fee385f8ad6a55b4d94e92359dc59|0|494442,0xb2cc224c1c9fee385f8ad6a55b4d94e92359dc59,base:0xb2cc224c1c9fee385f8ad6a55b4d94e92359dc59,0,1779991241,60,60,60,60,0,shadow-pos-b60682a65fc987e4cafc2c35,first_position_mark_amount_usd,1000.0,medium,yes,,yes
0x70acdf2ad0bf2402c957154f944c19ef4e1cbae1|base:0x70acdf2ad0bf2402c957154f944c19ef4e1cbae1|0|494442,0x70acdf2ad0bf2402c957154f944c19ef4e1cbae1,base:0x70acdf2ad0bf2402c957154f944c19ef4e1cbae1,0,1779991241,60,60,60,60,0,shadow-pos-810ebf927edcd7627385b4cb,first_position_mark_amount_usd,200.0,medium,yes,,yes
0x72ab388e2e2f6facef59e3c3fa2c4e29011c2d38|base:0x72ab388e2e2f6facef59e3c3fa2c4e29011c2d38|0|494443,0x72ab388e2e2f6facef59e3c3fa2c4e29011c2d38,base:0x72ab388e2e2f6facef59e3c3fa2c4e29011c2d38,0,1779994840,60,60,60,60,0,shadow-pos-9da32edaa95fe2e43f1ba1a7,first_position_mark_amount_usd,200.0,medium,yes,,yes
0x4e962bb3889bf030368f56810a9c96b83cb3e778|base:0x4e962bb3889bf030368f56810a9c96b83cb3e778|0|494443,0x4e962bb3889bf030368f56810a9c96b83cb3e778,base:0x4e962bb3889bf030368f56810a9c96b83cb3e778,0,1779994840,60,60,60,60,0,shadow-pos-fac1c5c8b2abd1f13184b34b,first_position_mark_amount_usd,200.0,medium,yes,,yes
0xb2cc224c1c9fee385f8ad6a55b4d94e92359dc59|base:0xb2cc224c1c9fee385f8ad6a55b4d94e92359dc59|0|494443,0xb2cc224c1c9fee385f8ad6a55b4d94e92359dc59,base:0xb2cc224c1c9fee385f8ad6a55b4d94e92359dc59,0,1779994840,60,60,60,60,0,shadow-pos-b60682a65fc987e4cafc2c35,first_position_mark_amount_usd,1000.0,medium,yes,,yes
0x70acdf2ad0bf2402c957154f944c19ef4e1cbae1|base:0x70acdf2ad0bf2402c957154f944c19ef4e1cbae1|0|494443,0x70acdf2ad0bf2402c957154f944c19ef4e1cbae1,base:0x70acdf2ad0bf2402c957154f944c19ef4e1cbae1,0,1779994840,60,60,60,60,0,shadow-pos-810ebf927edcd7627385b4cb,first_position_mark_amount_usd,200.0,medium,yes,,yes
0x72ab388e2e2f6facef59e3c3fa2c4e29011c2d38|base:0x72ab388e2e2f6facef59e3c3fa2c4e29011c2d38|0|494444,0x72ab388e2e2f6facef59e3c3fa2c4e29011c2d38,base:0x72ab388e2e2f6facef59e3c3fa2c4e29011c2d38,0,1779998440,60,60,60,60,0,shadow-pos-9da32edaa95fe2e43f1ba1a7,first_position_mark_amount_usd,200.0,medium,yes,,yes
0x4e962bb3889bf030368f56810a9c96b83cb3e778|base:0x4e962bb3889bf030368f56810a9c96b83cb3e778|0|494444,0x4e962bb3889bf030368f56810a9c96b83cb3e778,base:0x4e962bb3889bf030368f56810a9c96b83cb3e778,0,1779998440,60,60,60,60,0,shadow-pos-fac1c5c8b2abd1f13184b34b,first_position_mark_amount_usd,200.0,medium,yes,,yes
0xb2cc224c1c9fee385f8ad6a55b4d94e92359dc59|base:0xb2cc224c1c9fee385f8ad6a55b4d94e92359dc59|0|494444,0xb2cc224c1c9fee385f8ad6a55b4d94e92359dc59,base:0xb2cc224c1c9fee385f8ad6a55b4d94e92359dc59,0,1779998440,60,60,60,60,0,shadow-pos-b60682a65fc987e4cafc2c35,first_position_mark_amount_usd,1000.0,medium,yes,,yes
0x70acdf2ad0bf2402c957154f944c19ef4e1cbae1|base:0x70acdf2ad0bf2402c957154f944c19ef4e1cbae1|0|494444,0x70acdf2ad0bf2402c957154f944c19ef4e1cbae1,base:0x70acdf2ad0bf2402c957154f944c19ef4e1cbae1,0,1779998440,60,60,60,60,0,shadow-pos-810ebf927edcd7627385b4cb,first_position_mark_amount_usd,200.0,medium,yes,,yes
0x72ab388e2e2f6facef59e3c3fa2c4e29011c2d38|base:0x72ab388e2e2f6facef59e3c3fa2c4e29011c2d38|0|494445,0x72ab388e2e2f6facef59e3c3fa2c4e29011c2d38,base:0x72ab388e2e2f6facef59e3c3fa2c4e29011c2d38,0,1780002040,60,60,60,60,0,shadow-pos-9da32edaa95fe2e43f1ba1a7,first_position_mark_amount_usd,200.0,medium,yes,,yes
0x4e962bb3889bf030368f56810a9c96b83cb3e778|base:0x4e962bb3889bf030368f56810a9c96b83cb3e778|0|494445,0x4e962bb3889bf030368f56810a9c96b83cb3e778,base:0x4e962bb3889bf030368f56810a9c96b83cb3e778,0,1780002040,60,60,60,60,0,shadow-pos-fac1c5c8b2abd1f13184b34b,first_position_mark_amount_usd,200.0,medium,yes,,yes
0xb2cc224c1c9fee385f8ad6a55b4d94e92359dc59|base:0xb2cc224c1c9fee385f8ad6a55b4d94e92359dc59|0|494445,0xb2cc224c1c9fee385f8ad6a55b4d94e92359dc59,base:0xb2cc224c1c9fee385f8ad6a55b4d94e92359dc59,0,1780002040,60,60,60,60,0,shadow-pos-b60682a65fc987e4cafc2c35,first_position_mark_amount_usd,1000.0,medium,yes,,yes
0x70acdf2ad0bf2402c957154f944c19ef4e1cbae1|base:0x70acdf2ad0bf2402c957154f944c19ef4e1cbae1|0|494445,0x70acdf2ad0bf2402c957154f944c19ef4e1cbae1,base:0x70acdf2ad0bf2402c957154f944c19ef4e1cbae1,0,1780002040,60,60,60,60,0,shadow-pos-810ebf927edcd7627385b4cb,first_position_mark_amount_usd,200.0,medium,yes,,yes
0x72ab388e2e2f6facef59e3c3fa2c4e29011c2d38|base:0x72ab388e2e2f6facef59e3c3fa2c4e29011c2d38|0|494446,0x72ab388e2e2f6facef59e3c3fa2c4e29011c2d38,base:0x72ab388e2e2f6facef59e3c3fa2c4e29011c2d38,0,1780005643,60,60,60,60,0,shadow-pos-9da32edaa95fe2e43f1ba1a7,first_position_mark_amount_usd,200.0,medium,yes,,yes
0x4e962bb3889bf030368f56810a9c96b83cb3e778|base:0x4e962bb3889bf030368f56810a9c96b83cb3e778|0|494446,0x4e962bb3889bf030368f56810a9c96b83cb3e778,base:0x4e962bb3889bf030368f56810a9c96b83cb3e778,0,1780005643,60,60,60,60,0,shadow-pos-fac1c5c8b2abd1f13184b34b,first_position_mark_amount_usd,200.0,medium,yes,,yes
0xb2cc224c1c9fee385f8ad6a55b4d94e92359dc59|base:0xb2cc224c1c9fee385f8ad6a55b4d94e92359dc59|0|494446,0xb2cc224c1c9fee385f8ad6a55b4d94e92359dc59,base:0xb2cc224c1c9fee385f8ad6a55b4d94e92359dc59,0,1780005643,60,60,60,60,0,shadow-pos-b60682a65fc987e4cafc2c35,first_position_mark_amount_usd,1000.0,medium,yes,,yes
0x70acdf2ad0bf2402c957154f944c19ef4e1cbae1|base:0x70acdf2ad0bf2402c957154f944c19ef4e1cbae1|0|494446,0x70acdf2ad0bf2402c957154f944c19ef4e1cbae1,base:0x70acdf2ad0bf2402c957154f944c19ef4e1cbae1,0,1780005643,60,60,60,60,0,shadow-pos-810ebf927edcd7627385b4cb,first_position_mark_amount_usd,200.0,medium,yes,,yes
0x72ab388e2e2f6facef59e3c3fa2c4e29011c2d38|base:0x72ab388e2e2f6facef59e3c3fa2c4e29011c2d38|0|494447,0x72ab388e2e2f6facef59e3c3fa2c4e29011c2d38,base:0x72ab388e2e2f6facef59e3c3fa2c4e29011c2d38,0,1780009241,60,60,60,60,0,shadow-pos-9da32edaa95fe2e43f1ba1a7,first_position_mark_amount_usd,200.0,medium,yes,,yes
0x4e962bb3889bf030368f56810a9c96b83cb3e778|base:0x4e962bb3889bf030368f56810a9c96b83cb3e778|0|494447,0x4e962bb3889bf030368f56810a9c96b83cb3e778,base:0x4e962bb3889bf030368f56810a9c96b83cb3e778,0,1780009241,60,60,60,60,0,shadow-pos-fac1c5c8b2abd1f13184b34b,first_position_mark_amount_usd,200.0,medium,yes,,yes
0xb2cc224c1c9fee385f8ad6a55b4d94e92359dc59|base:0xb2cc224c1c9fee385f8ad6a55b4d94e92359dc59|0|494447,0xb2cc224c1c9fee385f8ad6a55b4d94e92359dc59,base:0xb2cc224c1c9fee385f8ad6a55b4d94e92359dc59,0,1780009241,60,60,60,60,0,shadow-pos-b60682a65fc987e4cafc2c35,first_position_mark_amount_usd,1000.0,medium,yes,,yes
0x70acdf2ad0bf2402c957154f944c19ef4e1cbae1|base:0x70acdf2ad0bf2402c957154f944c19ef4e1cbae1|0|494447,0x70acdf2ad0bf2402c957154f944c19ef4e1cbae1,base:0x70acdf2ad0bf2402c957154f944c19ef4e1cbae1,0,1780009241,60,60,60,60,0,shadow-pos-810ebf927edcd7627385b4cb,first_position_mark_amount_usd,200.0,medium,yes,,yes
0xb2cc224c1c9fee385f8ad6a55b4d94e92359dc59|base:0xb2cc224c1c9fee385f8ad6a55b4d94e92359dc59|0|494448,0xb2cc224c1c9fee385f8ad6a55b4d94e92359dc59,base:0xb2cc224c1c9fee385f8ad6a55b4d94e92359dc59,0,1780012840,60,60,60,60,0,shadow-pos-b60682a65fc987e4cafc2c35,first_position_mark_amount_usd,1000.0,medium,yes,,yes
0x72ab388e2e2f6facef59e3c3fa2c4e29011c2d38|base:0x72ab388e2e2f6facef59e3c3fa2c4e29011c2d38|0|494448,0x72ab388e2e2f6facef59e3c3fa2c4e29011c2d38,base:0x72ab388e2e2f6facef59e3c3fa2c4e29011c2d38,0,1780012840,60,60,60,59,1,shadow-pos-9da32edaa95fe2e43f1ba1a7,first_position_mark_amount_usd,200.0,medium,yes,,yes
0x4e962bb3889bf030368f56810a9c96b83cb3e778|base:0x4e962bb3889bf030368f56810a9c96b83cb3e778|0|494448,0x4e962bb3889bf030368f56810a9c96b83cb3e778,base:0x4e962bb3889bf030368f56810a9c96b83cb3e778,0,1780012840,60,60,60,60,0,shadow-pos-fac1c5c8b2abd1f13184b34b,first_position_mark_amount_usd,200.0,medium,yes,,yes
0x70acdf2ad0bf2402c957154f944c19ef4e1cbae1|base:0x70acdf2ad0bf2402c957154f944c19ef4e1cbae1|0|494448,0x70acdf2ad0bf2402c957154f944c19ef4e1cbae1,base:0x70acdf2ad0bf2402c957154f944c19ef4e1cbae1,0,1780012840,60,60,60,60,0,shadow-pos-810ebf927edcd7627385b4cb,first_position_mark_amount_usd,200.0,medium,yes,,yes
0xb2cc224c1c9fee385f8ad6a55b4d94e92359dc59|base:0xb2cc224c1c9fee385f8ad6a55b4d94e92359dc59|0|494449,0xb2cc224c1c9fee385f8ad6a55b4d94e92359dc59,base:0xb2cc224c1c9fee385f8ad6a55b4d94e92359dc59,0,1780016441,60,60,60,60,0,shadow-pos-b60682a65fc987e4cafc2c35,first_position_mark_amount_usd,1000.0,medium,yes,,yes
0x4e962bb3889bf030368f56810a9c96b83cb3e778|base:0x4e962bb3889bf030368f56810a9c96b83cb3e778|0|494449,0x4e962bb3889bf030368f56810a9c96b83cb3e778,base:0x4e962bb3889bf030368f56810a9c96b83cb3e778,0,1780016441,60,60,60,60,0,shadow-pos-fac1c5c8b2abd1f13184b34b,first_position_mark_amount_usd,200.0,medium,yes,,yes
0x72ab388e2e2f6facef59e3c3fa2c4e29011c2d38|base:0x72ab388e2e2f6facef59e3c3fa2c4e29011c2d38|0|494449,0x72ab388e2e2f6facef59e3c3fa2c4e29011c2d38,base:0x72ab388e2e2f6facef59e3c3fa2c4e29011c2d38,0,1780016441,60,60,60,60,0,shadow-pos-6bfc5f6e3776703d8e52a015,joined_position_amount_usd,200.0,medium,yes,,yes
0x70acdf2ad0bf2402c957154f944c19ef4e1cbae1|base:0x70acdf2ad0bf2402c957154f944c19ef4e1cbae1|0|494449,0x70acdf2ad0bf2402c957154f944c19ef4e1cbae1,base:0x70acdf2ad0bf2402c957154f944c19ef4e1cbae1,0,1780016441,60,60,60,60,0,shadow-pos-810ebf927edcd7627385b4cb,first_position_mark_amount_usd,200.0,medium,yes,,yes
0xb2cc224c1c9fee385f8ad6a55b4d94e92359dc59|base:0xb2cc224c1c9fee385f8ad6a55b4d94e92359dc59|0|494450,0xb2cc224c1c9fee385f8ad6a55b4d94e92359dc59,base:0xb2cc224c1c9fee385f8ad6a55b4d94e92359dc59,0,1780020040,60,60,60,60,0,shadow-pos-b60682a65fc987e4cafc2c35,first_position_mark_amount_usd,1000.0,medium,yes,,yes
0x72ab388e2e2f6facef59e3c3fa2c4e29011c2d38|base:0x72ab388e2e2f6facef59e3c3fa2c4e29011c2d38|0|494450,0x72ab388e2e2f6facef59e3c3fa2c4e29011c2d38,base:0x72ab388e2e2f6facef59e3c3fa2c4e29011c2d38,0,1780020040,60,60,60,60,0,shadow-pos-6bfc5f6e3776703d8e52a015,first_position_mark_amount_usd,200.0,medium,yes,,yes
0x4e962bb3889bf030368f56810a9c96b83cb3e778|base:0x4e962bb3889bf030368f56810a9c96b83cb3e778|0|494450,0x4e962bb3889bf030368f56810a9c96b83cb3e778,base:0x4e962bb3889bf030368f56810a9c96b83cb3e778,0,1780020040,60,60,60,60,0,shadow-pos-fac1c5c8b2abd1f13184b34b,first_position_mark_amount_usd,200.0,medium,yes,,yes
0x70acdf2ad0bf2402c957154f944c19ef4e1cbae1|base:0x70acdf2ad0bf2402c957154f944c19ef4e1cbae1|0|494450,0x70acdf2ad0bf2402c957154f944c19ef4e1cbae1,base:0x70acdf2ad0bf2402c957154f944c19ef4e1cbae1,0,1780020040,60,60,60,60,0,shadow-pos-810ebf927edcd7627385b4cb,first_position_mark_amount_usd,200.0,medium,yes,,yes
0x4e962bb3889bf030368f56810a9c96b83cb3e778|base:0x4e962bb3889bf030368f56810a9c96b83cb3e778|0|494451,0x4e962bb3889bf030368f56810a9c96b83cb3e778,base:0x4e962bb3889bf030368f56810a9c96b83cb3e778,0,1780023640,60,60,60,60,0,shadow-pos-fac1c5c8b2abd1f13184b34b,first_position_mark_amount_usd,200.0,medium,yes,,yes
0x70acdf2ad0bf2402c957154f944c19ef4e1cbae1|base:0x70acdf2ad0bf2402c957154f944c19ef4e1cbae1|0|494451,0x70acdf2ad0bf2402c957154f944c19ef4e1cbae1,base:0x70acdf2ad0bf2402c957154f944c19ef4e1cbae1,0,1780023640,60,60,60,60,0,shadow-pos-810ebf927edcd7627385b4cb,first_position_mark_amount_usd,200.0,medium,yes,,yes
0x72ab388e2e2f6facef59e3c3fa2c4e29011c2d38|base:0x72ab388e2e2f6facef59e3c3fa2c4e29011c2d38|0|494451,0x72ab388e2e2f6facef59e3c3fa2c4e29011c2d38,base:0x72ab388e2e2f6facef59e3c3fa2c4e29011c2d38,0,1780023640,60,60,60,60,0,shadow-pos-6bfc5f6e3776703d8e52a015,first_position_mark_amount_usd,200.0,medium,yes,,yes
0xb2cc224c1c9fee385f8ad6a55b4d94e92359dc59|base:0xb2cc224c1c9fee385f8ad6a55b4d94e92359dc59|0|494451,0xb2cc224c1c9fee385f8ad6a55b4d94e92359dc59,base:0xb2cc224c1c9fee385f8ad6a55b4d94e92359dc59,0,1780023640,60,60,60,59,1,shadow-pos-b60682a65fc987e4cafc2c35,first_position_mark_amount_usd,1000.0,medium,yes,,yes
0xb2cc224c1c9fee385f8ad6a55b4d94e92359dc59|base:0xb2cc224c1c9fee385f8ad6a55b4d94e92359dc59|0|494452,0xb2cc224c1c9fee385f8ad6a55b4d94e92359dc59,base:0xb2cc224c1c9fee385f8ad6a55b4d94e92359dc59,0,1780027240,60,60,60,60,0,shadow-pos-e727d909ca2ff30cc5c3183e,joined_position_amount_usd,1000.0,high,yes,,yes
0x72ab388e2e2f6facef59e3c3fa2c4e29011c2d38|base:0x72ab388e2e2f6facef59e3c3fa2c4e29011c2d38|0|494452,0x72ab388e2e2f6facef59e3c3fa2c4e29011c2d38,base:0x72ab388e2e2f6facef59e3c3fa2c4e29011c2d38,0,1780027240,60,60,60,60,0,shadow-pos-6bfc5f6e3776703d8e52a015,first_position_mark_amount_usd,200.0,medium,yes,,yes
0x4e962bb3889bf030368f56810a9c96b83cb3e778|base:0x4e962bb3889bf030368f56810a9c96b83cb3e778|0|494452,0x4e962bb3889bf030368f56810a9c96b83cb3e778,base:0x4e962bb3889bf030368f56810a9c96b83cb3e778,0,1780027240,60,60,60,60,0,shadow-pos-fac1c5c8b2abd1f13184b34b,first_position_mark_amount_usd,200.0,medium,yes,,yes
0x70acdf2ad0bf2402c957154f944c19ef4e1cbae1|base:0x70acdf2ad0bf2402c957154f944c19ef4e1cbae1|0|494452,0x70acdf2ad0bf2402c957154f944c19ef4e1cbae1,base:0x70acdf2ad0bf2402c957154f944c19ef4e1cbae1,0,1780027240,60,60,60,60,0,shadow-pos-810ebf927edcd7627385b4cb,first_position_mark_amount_usd,200.0,medium,yes,,yes
0x70acdf2ad0bf2402c957154f944c19ef4e1cbae1|base:0x70acdf2ad0bf2402c957154f944c19ef4e1cbae1|0|494453,0x70acdf2ad0bf2402c957154f944c19ef4e1cbae1,base:0x70acdf2ad0bf2402c957154f944c19ef4e1cbae1,0,1780030840,18,18,18,17,1,shadow-pos-810ebf927edcd7627385b4cb,first_position_mark_amount_usd,200.0,medium,yes,,yes
0x72ab388e2e2f6facef59e3c3fa2c4e29011c2d38|base:0x72ab388e2e2f6facef59e3c3fa2c4e29011c2d38|0|494453,0x72ab388e2e2f6facef59e3c3fa2c4e29011c2d38,base:0x72ab388e2e2f6facef59e3c3fa2c4e29011c2d38,0,1780030840,60,60,60,60,0,shadow-pos-6bfc5f6e3776703d8e52a015,first_position_mark_amount_usd,200.0,medium,yes,,yes
0x4e962bb3889bf030368f56810a9c96b83cb3e778|base:0x4e962bb3889bf030368f56810a9c96b83cb3e778|0|494453,0x4e962bb3889bf030368f56810a9c96b83cb3e778,base:0x4e962bb3889bf030368f56810a9c96b83cb3e778,0,1780030840,60,60,60,59,1,shadow-pos-fac1c5c8b2abd1f13184b34b,first_position_mark_amount_usd,200.0,medium,yes,,yes
0xb2cc224c1c9fee385f8ad6a55b4d94e92359dc59|base:0xb2cc224c1c9fee385f8ad6a55b4d94e92359dc59|0|494453,0xb2cc224c1c9fee385f8ad6a55b4d94e92359dc59,base:0xb2cc224c1c9fee385f8ad6a55b4d94e92359dc59,0,1780030840,60,60,60,60,0,shadow-pos-e727d909ca2ff30cc5c3183e,first_position_mark_amount_usd,1000.0,medium,yes,,yes
0x72ab388e2e2f6facef59e3c3fa2c4e29011c2d38|base:0x72ab388e2e2f6facef59e3c3fa2c4e29011c2d38|0|494454,0x72ab388e2e2f6facef59e3c3fa2c4e29011c2d38,base:0x72ab388e2e2f6facef59e3c3fa2c4e29011c2d38,0,1780034442,60,60,60,60,0,shadow-pos-6bfc5f6e3776703d8e52a015,first_position_mark_amount_usd,200.0,medium,yes,,yes
0xb2cc224c1c9fee385f8ad6a55b4d94e92359dc59|base:0xb2cc224c1c9fee385f8ad6a55b4d94e92359dc59|0|494454,0xb2cc224c1c9fee385f8ad6a55b4d94e92359dc59,base:0xb2cc224c1c9fee385f8ad6a55b4d94e92359dc59,0,1780034442,60,60,60,60,0,shadow-pos-e727d909ca2ff30cc5c3183e,first_position_mark_amount_usd,1000.0,medium,yes,,yes
0x4e962bb3889bf030368f56810a9c96b83cb3e778|base:0x4e962bb3889bf030368f56810a9c96b83cb3e778|0|494454,0x4e962bb3889bf030368f56810a9c96b83cb3e778,base:0x4e962bb3889bf030368f56810a9c96b83cb3e778,0,1780034442,60,60,60,60,0,shadow-pos-a7e60847b4f934b210634528,joined_position_amount_usd,200.0,medium,yes,,yes
0x70acdf2ad0bf2402c957154f944c19ef4e1cbae1|base:0x70acdf2ad0bf2402c957154f944c19ef4e1cbae1|0|494454,0x70acdf2ad0bf2402c957154f944c19ef4e1cbae1,base:0x70acdf2ad0bf2402c957154f944c19ef4e1cbae1,0,1780035220,5,5,5,5,0,shadow-pos-58c0de6d8fde29c378bbc29c,first_position_mark_amount_usd,200.0,medium,yes,,yes
0x4e962bb3889bf030368f56810a9c96b83cb3e778|base:0x4e962bb3889bf030368f56810a9c96b83cb3e778|0|494455,0x4e962bb3889bf030368f56810a9c96b83cb3e778,base:0x4e962bb3889bf030368f56810a9c96b83cb3e778,0,1780038040,60,60,60,60,0,shadow-pos-a7e60847b4f934b210634528,first_position_mark_amount_usd,200.0,medium,yes,,yes
0x72ab388e2e2f6facef59e3c3fa2c4e29011c2d38|base:0x72ab388e2e2f6facef59e3c3fa2c4e29011c2d38|0|494455,0x72ab388e2e2f6facef59e3c3fa2c4e29011c2d38,base:0x72ab388e2e2f6facef59e3c3fa2c4e29011c2d38,0,1780038040,60,60,60,60,0,shadow-pos-6bfc5f6e3776703d8e52a015,first_position_mark_amount_usd,200.0,medium,yes,,yes
0xb2cc224c1c9fee385f8ad6a55b4d94e92359dc59|base:0xb2cc224c1c9fee385f8ad6a55b4d94e92359dc59|0|494455,0xb2cc224c1c9fee385f8ad6a55b4d94e92359dc59,base:0xb2cc224c1c9fee385f8ad6a55b4d94e92359dc59,0,1780038040,60,60,60,60,0,shadow-pos-e727d909ca2ff30cc5c3183e,first_position_mark_amount_usd,1000.0,medium,yes,,yes
0x4e962bb3889bf030368f56810a9c96b83cb3e778|base:0x4e962bb3889bf030368f56810a9c96b83cb3e778|0|494456,0x4e962bb3889bf030368f56810a9c96b83cb3e778,base:0x4e962bb3889bf030368f56810a9c96b83cb3e778,0,1780041640,60,60,60,60,0,shadow-pos-a7e60847b4f934b210634528,first_position_mark_amount_usd,200.0,medium,yes,,yes
0x72ab388e2e2f6facef59e3c3fa2c4e29011c2d38|base:0x72ab388e2e2f6facef59e3c3fa2c4e29011c2d38|0|494456,0x72ab388e2e2f6facef59e3c3fa2c4e29011c2d38,base:0x72ab388e2e2f6facef59e3c3fa2c4e29011c2d38,0,1780041640,60,60,60,60,0,shadow-pos-6bfc5f6e3776703d8e52a015,first_position_mark_amount_usd,200.0,medium,yes,,yes
0xb2cc224c1c9fee385f8ad6a55b4d94e92359dc59|base:0xb2cc224c1c9fee385f8ad6a55b4d94e92359dc59|0|494456,0xb2cc224c1c9fee385f8ad6a55b4d94e92359dc59,base:0xb2cc224c1c9fee385f8ad6a55b4d94e92359dc59,0,1780041640,60,60,60,60,0,shadow-pos-e727d909ca2ff30cc5c3183e,first_position_mark_amount_usd,1000.0,medium,yes,,yes
0xb2cc224c1c9fee385f8ad6a55b4d94e92359dc59|base:0xb2cc224c1c9fee385f8ad6a55b4d94e92359dc59|0|494457,0xb2cc224c1c9fee385f8ad6a55b4d94e92359dc59,base:0xb2cc224c1c9fee385f8ad6a55b4d94e92359dc59,0,1780045240,60,60,60,60,0,shadow-pos-e727d909ca2ff30cc5c3183e,first_position_mark_amount_usd,1000.0,medium,yes,,yes
0x72ab388e2e2f6facef59e3c3fa2c4e29011c2d38|base:0x72ab388e2e2f6facef59e3c3fa2c4e29011c2d38|0|494457,0x72ab388e2e2f6facef59e3c3fa2c4e29011c2d38,base:0x72ab388e2e2f6facef59e3c3fa2c4e29011c2d38,0,1780045240,60,60,60,60,0,shadow-pos-6bfc5f6e3776703d8e52a015,first_position_mark_amount_usd,200.0,medium,yes,,yes
0x4e962bb3889bf030368f56810a9c96b83cb3e778|base:0x4e962bb3889bf030368f56810a9c96b83cb3e778|0|494457,0x4e962bb3889bf030368f56810a9c96b83cb3e778,base:0x4e962bb3889bf030368f56810a9c96b83cb3e778,0,1780045240,60,60,60,60,0,shadow-pos-a7e60847b4f934b210634528,first_position_mark_amount_usd,200.0,medium,yes,,yes
0xb2cc224c1c9fee385f8ad6a55b4d94e92359dc59|base:0xb2cc224c1c9fee385f8ad6a55b4d94e92359dc59|0|494458,0xb2cc224c1c9fee385f8ad6a55b4d94e92359dc59,base:0xb2cc224c1c9fee385f8ad6a55b4d94e92359dc59,0,1780048840,60,60,60,60,0,shadow-pos-e727d909ca2ff30cc5c3183e,first_position_mark_amount_usd,1000.0,medium,yes,,yes
0x4e962bb3889bf030368f56810a9c96b83cb3e778|base:0x4e962bb3889bf030368f56810a9c96b83cb3e778|0|494458,0x4e962bb3889bf030368f56810a9c96b83cb3e778,base:0x4e962bb3889bf030368f56810a9c96b83cb3e778,0,1780048840,60,60,60,60,0,shadow-pos-a7e60847b4f934b210634528,first_position_mark_amount_usd,200.0,medium,yes,,yes
0x72ab388e2e2f6facef59e3c3fa2c4e29011c2d38|base:0x72ab388e2e2f6facef59e3c3fa2c4e29011c2d38|0|494458,0x72ab388e2e2f6facef59e3c3fa2c4e29011c2d38,base:0x72ab388e2e2f6facef59e3c3fa2c4e29011c2d38,0,1780048840,60,60,60,60,0,shadow-pos-6bfc5f6e3776703d8e52a015,first_position_mark_amount_usd,200.0,medium,yes,,yes
0xb2cc224c1c9fee385f8ad6a55b4d94e92359dc59|base:0xb2cc224c1c9fee385f8ad6a55b4d94e92359dc59|0|494459,0xb2cc224c1c9fee385f8ad6a55b4d94e92359dc59,base:0xb2cc224c1c9fee385f8ad6a55b4d94e92359dc59,0,1780052440,60,60,60,60,0,shadow-pos-e727d909ca2ff30cc5c3183e,first_position_mark_amount_usd,1000.0,medium,yes,,yes
0x72ab388e2e2f6facef59e3c3fa2c4e29011c2d38|base:0x72ab388e2e2f6facef59e3c3fa2c4e29011c2d38|0|494459,0x72ab388e2e2f6facef59e3c3fa2c4e29011c2d38,base:0x72ab388e2e2f6facef59e3c3fa2c4e29011c2d38,0,1780052440,60,60,60,60,0,shadow-pos-6bfc5f6e3776703d8e52a015,first_position_mark_amount_usd,200.0,medium,yes,,yes
0x4e962bb3889bf030368f56810a9c96b83cb3e778|base:0x4e962bb3889bf030368f56810a9c96b83cb3e778|0|494459,0x4e962bb3889bf030368f56810a9c96b83cb3e778,base:0x4e962bb3889bf030368f56810a9c96b83cb3e778,0,1780052440,60,60,60,60,0,shadow-pos-a7e60847b4f934b210634528,first_position_mark_amount_usd,200.0,medium,yes,,yes
0x4e962bb3889bf030368f56810a9c96b83cb3e778|base:0x4e962bb3889bf030368f56810a9c96b83cb3e778|0|494460,0x4e962bb3889bf030368f56810a9c96b83cb3e778,base:0x4e962bb3889bf030368f56810a9c96b83cb3e778,0,1780056039,60,60,60,60,0,shadow-pos-a7e60847b4f934b210634528,first_position_mark_amount_usd,200.0,medium,yes,,yes
0x72ab388e2e2f6facef59e3c3fa2c4e29011c2d38|base:0x72ab388e2e2f6facef59e3c3fa2c4e29011c2d38|0|494460,0x72ab388e2e2f6facef59e3c3fa2c4e29011c2d38,base:0x72ab388e2e2f6facef59e3c3fa2c4e29011c2d38,0,1780056039,60,60,60,59,1,shadow-pos-6bfc5f6e3776703d8e52a015,first_position_mark_amount_usd,200.0,medium,yes,,yes
0xb2cc224c1c9fee385f8ad6a55b4d94e92359dc59|base:0xb2cc224c1c9fee385f8ad6a55b4d94e92359dc59|0|494460,0xb2cc224c1c9fee385f8ad6a55b4d94e92359dc59,base:0xb2cc224c1c9fee385f8ad6a55b4d94e92359dc59,0,1780056039,60,60,60,60,0,shadow-pos-e727d909ca2ff30cc5c3183e,first_position_mark_amount_usd,1000.0,medium,yes,,yes
0x4e962bb3889bf030368f56810a9c96b83cb3e778|base:0x4e962bb3889bf030368f56810a9c96b83cb3e778|0|494461,0x4e962bb3889bf030368f56810a9c96b83cb3e778,base:0x4e962bb3889bf030368f56810a9c96b83cb3e778,0,1780059639,60,60,60,60,0,shadow-pos-a7e60847b4f934b210634528,first_position_mark_amount_usd,200.0,medium,yes,,yes
0x72ab388e2e2f6facef59e3c3fa2c4e29011c2d38|base:0x72ab388e2e2f6facef59e3c3fa2c4e29011c2d38|0|494461,0x72ab388e2e2f6facef59e3c3fa2c4e29011c2d38,base:0x72ab388e2e2f6facef59e3c3fa2c4e29011c2d38,0,1780059639,60,60,60,60,0,shadow-pos-3b1a247c6073bd4b9397a424,joined_position_amount_usd,200.0,medium,yes,,yes
0xb2cc224c1c9fee385f8ad6a55b4d94e92359dc59|base:0xb2cc224c1c9fee385f8ad6a55b4d94e92359dc59|0|494461,0xb2cc224c1c9fee385f8ad6a55b4d94e92359dc59,base:0xb2cc224c1c9fee385f8ad6a55b4d94e92359dc59,0,1780059639,60,60,60,60,0,shadow-pos-e727d909ca2ff30cc5c3183e,first_position_mark_amount_usd,1000.0,medium,yes,,yes
0x72ab388e2e2f6facef59e3c3fa2c4e29011c2d38|base:0x72ab388e2e2f6facef59e3c3fa2c4e29011c2d38|0|494462,0x72ab388e2e2f6facef59e3c3fa2c4e29011c2d38,base:0x72ab388e2e2f6facef59e3c3fa2c4e29011c2d38,0,1780063240,59,59,59,59,0,shadow-pos-3b1a247c6073bd4b9397a424,first_position_mark_amount_usd,200.0,medium,yes,,yes
0x4e962bb3889bf030368f56810a9c96b83cb3e778|base:0x4e962bb3889bf030368f56810a9c96b83cb3e778|0|494462,0x4e962bb3889bf030368f56810a9c96b83cb3e778,base:0x4e962bb3889bf030368f56810a9c96b83cb3e778,0,1780063240,59,59,59,59,0,shadow-pos-a7e60847b4f934b210634528,first_position_mark_amount_usd,200.0,medium,yes,,yes
0xb2cc224c1c9fee385f8ad6a55b4d94e92359dc59|base:0xb2cc224c1c9fee385f8ad6a55b4d94e92359dc59|0|494462,0xb2cc224c1c9fee385f8ad6a55b4d94e92359dc59,base:0xb2cc224c1c9fee385f8ad6a55b4d94e92359dc59,0,1780063240,59,59,59,59,0,shadow-pos-e727d909ca2ff30cc5c3183e,first_position_mark_amount_usd,1000.0,medium,yes,,yes
0x72ab388e2e2f6facef59e3c3fa2c4e29011c2d38|base:0x72ab388e2e2f6facef59e3c3fa2c4e29011c2d38|0|494463,0x72ab388e2e2f6facef59e3c3fa2c4e29011c2d38,base:0x72ab388e2e2f6facef59e3c3fa2c4e29011c2d38,0,1780066839,60,60,60,60,0,shadow-pos-3b1a247c6073bd4b9397a424,first_position_mark_amount_usd,200.0,medium,yes,,yes
0xb2cc224c1c9fee385f8ad6a55b4d94e92359dc59|base:0xb2cc224c1c9fee385f8ad6a55b4d94e92359dc59|0|494463,0xb2cc224c1c9fee385f8ad6a55b4d94e92359dc59,base:0xb2cc224c1c9fee385f8ad6a55b4d94e92359dc59,0,1780066839,60,60,60,59,1,shadow-pos-e727d909ca2ff30cc5c3183e,first_position_mark_amount_usd,1000.0,medium,yes,,yes
0x4e962bb3889bf030368f56810a9c96b83cb3e778|base:0x4e962bb3889bf030368f56810a9c96b83cb3e778|0|494463,0x4e962bb3889bf030368f56810a9c96b83cb3e778,base:0x4e962bb3889bf030368f56810a9c96b83cb3e778,0,1780066839,60,60,60,60,0,shadow-pos-a7e60847b4f934b210634528,first_position_mark_amount_usd,200.0,medium,yes,,yes
0x72ab388e2e2f6facef59e3c3fa2c4e29011c2d38|base:0x72ab388e2e2f6facef59e3c3fa2c4e29011c2d38|0|494464,0x72ab388e2e2f6facef59e3c3fa2c4e29011c2d38,base:0x72ab388e2e2f6facef59e3c3fa2c4e29011c2d38,0,1780070440,60,60,60,60,0,shadow-pos-3b1a247c6073bd4b9397a424,first_position_mark_amount_usd,200.0,medium,yes,,yes
0x4e962bb3889bf030368f56810a9c96b83cb3e778|base:0x4e962bb3889bf030368f56810a9c96b83cb3e778|0|494464,0x4e962bb3889bf030368f56810a9c96b83cb3e778,base:0x4e962bb3889bf030368f56810a9c96b83cb3e778,0,1780070440,60,60,60,60,0,shadow-pos-a7e60847b4f934b210634528,first_position_mark_amount_usd,200.0,medium,yes,,yes
0xb2cc224c1c9fee385f8ad6a55b4d94e92359dc59|base:0xb2cc224c1c9fee385f8ad6a55b4d94e92359dc59|0|494464,0xb2cc224c1c9fee385f8ad6a55b4d94e92359dc59,base:0xb2cc224c1c9fee385f8ad6a55b4d94e92359dc59,0,1780070440,60,60,60,60,0,shadow-pos-d285d5b909006067a9d0a578,joined_position_amount_usd,1000.0,high,yes,,yes
0x70acdf2ad0bf2402c957154f944c19ef4e1cbae1|base:0x70acdf2ad0bf2402c957154f944c19ef4e1cbae1|0|494464,0x70acdf2ad0bf2402c957154f944c19ef4e1cbae1,base:0x70acdf2ad0bf2402c957154f944c19ef4e1cbae1,0,1780073320,12,12,12,12,0,shadow-pos-58c0de6d8fde29c378bbc29c,first_position_mark_amount_usd,200.0,medium,yes,,yes
0x72ab388e2e2f6facef59e3c3fa2c4e29011c2d38|base:0x72ab388e2e2f6facef59e3c3fa2c4e29011c2d38|0|494465,0x72ab388e2e2f6facef59e3c3fa2c4e29011c2d38,base:0x72ab388e2e2f6facef59e3c3fa2c4e29011c2d38,0,1780074040,60,60,60,60,0,shadow-pos-3b1a247c6073bd4b9397a424,first_position_mark_amount_usd,200.0,medium,yes,,yes
0x4e962bb3889bf030368f56810a9c96b83cb3e778|base:0x4e962bb3889bf030368f56810a9c96b83cb3e778|0|494465,0x4e962bb3889bf030368f56810a9c96b83cb3e778,base:0x4e962bb3889bf030368f56810a9c96b83cb3e778,0,1780074040,60,60,60,60,0,shadow-pos-a7e60847b4f934b210634528,first_position_mark_amount_usd,200.0,medium,yes,,yes
0x70acdf2ad0bf2402c957154f944c19ef4e1cbae1|base:0x70acdf2ad0bf2402c957154f944c19ef4e1cbae1|0|494465,0x70acdf2ad0bf2402c957154f944c19ef4e1cbae1,base:0x70acdf2ad0bf2402c957154f944c19ef4e1cbae1,0,1780074040,60,60,60,60,0,shadow-pos-58c0de6d8fde29c378bbc29c,first_position_mark_amount_usd,200.0,medium,yes,,yes
0xb2cc224c1c9fee385f8ad6a55b4d94e92359dc59|base:0xb2cc224c1c9fee385f8ad6a55b4d94e92359dc59|0|494465,0xb2cc224c1c9fee385f8ad6a55b4d94e92359dc59,base:0xb2cc224c1c9fee385f8ad6a55b4d94e92359dc59,0,1780074040,60,60,60,60,0,shadow-pos-d285d5b909006067a9d0a578,first_position_mark_amount_usd,1000.0,medium,yes,,yes
0x72ab388e2e2f6facef59e3c3fa2c4e29011c2d38|base:0x72ab388e2e2f6facef59e3c3fa2c4e29011c2d38|0|494466,0x72ab388e2e2f6facef59e3c3fa2c4e29011c2d38,base:0x72ab388e2e2f6facef59e3c3fa2c4e29011c2d38,0,1780077639,60,60,60,60,0,shadow-pos-3b1a247c6073bd4b9397a424,first_position_mark_amount_usd,200.0,medium,yes,,yes
0x4e962bb3889bf030368f56810a9c96b83cb3e778|base:0x4e962bb3889bf030368f56810a9c96b83cb3e778|0|494466,0x4e962bb3889bf030368f56810a9c96b83cb3e778,base:0x4e962bb3889bf030368f56810a9c96b83cb3e778,0,1780077639,60,60,60,59,1,shadow-pos-a7e60847b4f934b210634528,first_position_mark_amount_usd,200.0,medium,yes,,yes
0x70acdf2ad0bf2402c957154f944c19ef4e1cbae1|base:0x70acdf2ad0bf2402c957154f944c19ef4e1cbae1|0|494466,0x70acdf2ad0bf2402c957154f944c19ef4e1cbae1,base:0x70acdf2ad0bf2402c957154f944c19ef4e1cbae1,0,1780077639,60,60,60,60,0,shadow-pos-58c0de6d8fde29c378bbc29c,first_position_mark_amount_usd,200.0,medium,yes,,yes
0xb2cc224c1c9fee385f8ad6a55b4d94e92359dc59|base:0xb2cc224c1c9fee385f8ad6a55b4d94e92359dc59|0|494466,0xb2cc224c1c9fee385f8ad6a55b4d94e92359dc59,base:0xb2cc224c1c9fee385f8ad6a55b4d94e92359dc59,0,1780077639,60,60,60,60,0,shadow-pos-d285d5b909006067a9d0a578,first_position_mark_amount_usd,1000.0,medium,yes,,yes
0x72ab388e2e2f6facef59e3c3fa2c4e29011c2d38|base:0x72ab388e2e2f6facef59e3c3fa2c4e29011c2d38|0|494467,0x72ab388e2e2f6facef59e3c3fa2c4e29011c2d38,base:0x72ab388e2e2f6facef59e3c3fa2c4e29011c2d38,0,1780081240,60,60,60,60,0,shadow-pos-3b1a247c6073bd4b9397a424,first_position_mark_amount_usd,200.0,medium,yes,,yes
0x4e962bb3889bf030368f56810a9c96b83cb3e778|base:0x4e962bb3889bf030368f56810a9c96b83cb3e778|0|494467,0x4e962bb3889bf030368f56810a9c96b83cb3e778,base:0x4e962bb3889bf030368f56810a9c96b83cb3e778,0,1780081240,60,60,60,60,0,shadow-pos-05332d81d39fa35f6eb93cb6,joined_position_amount_usd,200.0,high,yes,,yes
0x70acdf2ad0bf2402c957154f944c19ef4e1cbae1|base:0x70acdf2ad0bf2402c957154f944c19ef4e1cbae1|0|494467,0x70acdf2ad0bf2402c957154f944c19ef4e1cbae1,base:0x70acdf2ad0bf2402c957154f944c19ef4e1cbae1,0,1780081240,60,60,60,60,0,shadow-pos-58c0de6d8fde29c378bbc29c,first_position_mark_amount_usd,200.0,medium,yes,,yes
0xb2cc224c1c9fee385f8ad6a55b4d94e92359dc59|base:0xb2cc224c1c9fee385f8ad6a55b4d94e92359dc59|0|494467,0xb2cc224c1c9fee385f8ad6a55b4d94e92359dc59,base:0xb2cc224c1c9fee385f8ad6a55b4d94e92359dc59,0,1780081240,60,60,60,60,0,shadow-pos-d285d5b909006067a9d0a578,first_position_mark_amount_usd,1000.0,medium,yes,,yes
0x72ab388e2e2f6facef59e3c3fa2c4e29011c2d38|base:0x72ab388e2e2f6facef59e3c3fa2c4e29011c2d38|0|494468,0x72ab388e2e2f6facef59e3c3fa2c4e29011c2d38,base:0x72ab388e2e2f6facef59e3c3fa2c4e29011c2d38,0,1780084840,60,60,60,60,0,shadow-pos-3b1a247c6073bd4b9397a424,first_position_mark_amount_usd,200.0,medium,yes,,yes
0x4e962bb3889bf030368f56810a9c96b83cb3e778|base:0x4e962bb3889bf030368f56810a9c96b83cb3e778|0|494468,0x4e962bb3889bf030368f56810a9c96b83cb3e778,base:0x4e962bb3889bf030368f56810a9c96b83cb3e778,0,1780084840,60,60,60,60,0,shadow-pos-05332d81d39fa35f6eb93cb6,first_position_mark_amount_usd,200.0,medium,yes,,yes
0x70acdf2ad0bf2402c957154f944c19ef4e1cbae1|base:0x70acdf2ad0bf2402c957154f944c19ef4e1cbae1|0|494468,0x70acdf2ad0bf2402c957154f944c19ef4e1cbae1,base:0x70acdf2ad0bf2402c957154f944c19ef4e1cbae1,0,1780084840,60,60,60,60,0,shadow-pos-58c0de6d8fde29c378bbc29c,first_position_mark_amount_usd,200.0,medium,yes,,yes
0xb2cc224c1c9fee385f8ad6a55b4d94e92359dc59|base:0xb2cc224c1c9fee385f8ad6a55b4d94e92359dc59|0|494468,0xb2cc224c1c9fee385f8ad6a55b4d94e92359dc59,base:0xb2cc224c1c9fee385f8ad6a55b4d94e92359dc59,0,1780084840,60,60,60,60,0,shadow-pos-d285d5b909006067a9d0a578,first_position_mark_amount_usd,1000.0,medium,yes,,yes
0x72ab388e2e2f6facef59e3c3fa2c4e29011c2d38|base:0x72ab388e2e2f6facef59e3c3fa2c4e29011c2d38|0|494469,0x72ab388e2e2f6facef59e3c3fa2c4e29011c2d38,base:0x72ab388e2e2f6facef59e3c3fa2c4e29011c2d38,0,1780088440,60,60,60,60,0,shadow-pos-3b1a247c6073bd4b9397a424,first_position_mark_amount_usd,200.0,medium,yes,,yes
0x4e962bb3889bf030368f56810a9c96b83cb3e778|base:0x4e962bb3889bf030368f56810a9c96b83cb3e778|0|494469,0x4e962bb3889bf030368f56810a9c96b83cb3e778,base:0x4e962bb3889bf030368f56810a9c96b83cb3e778,0,1780088440,60,60,60,60,0,shadow-pos-05332d81d39fa35f6eb93cb6,first_position_mark_amount_usd,200.0,medium,yes,,yes
0x70acdf2ad0bf2402c957154f944c19ef4e1cbae1|base:0x70acdf2ad0bf2402c957154f944c19ef4e1cbae1|0|494469,0x70acdf2ad0bf2402c957154f944c19ef4e1cbae1,base:0x70acdf2ad0bf2402c957154f944c19ef4e1cbae1,0,1780088440,60,60,60,59,1,shadow-pos-58c0de6d8fde29c378bbc29c,first_position_mark_amount_usd,200.0,medium,yes,,yes
0xb2cc224c1c9fee385f8ad6a55b4d94e92359dc59|base:0xb2cc224c1c9fee385f8ad6a55b4d94e92359dc59|0|494469,0xb2cc224c1c9fee385f8ad6a55b4d94e92359dc59,base:0xb2cc224c1c9fee385f8ad6a55b4d94e92359dc59,0,1780088440,60,60,60,60,0,shadow-pos-d285d5b909006067a9d0a578,first_position_mark_amount_usd,1000.0,medium,yes,,yes
0x72ab388e2e2f6facef59e3c3fa2c4e29011c2d38|base:0x72ab388e2e2f6facef59e3c3fa2c4e29011c2d38|0|494470,0x72ab388e2e2f6facef59e3c3fa2c4e29011c2d38,base:0x72ab388e2e2f6facef59e3c3fa2c4e29011c2d38,0,1780092040,60,60,60,60,0,shadow-pos-3b1a247c6073bd4b9397a424,first_position_mark_amount_usd,200.0,medium,yes,,yes
0x4e962bb3889bf030368f56810a9c96b83cb3e778|base:0x4e962bb3889bf030368f56810a9c96b83cb3e778|0|494470,0x4e962bb3889bf030368f56810a9c96b83cb3e778,base:0x4e962bb3889bf030368f56810a9c96b83cb3e778,0,1780092040,60,60,60,60,0,shadow-pos-05332d81d39fa35f6eb93cb6,first_position_mark_amount_usd,200.0,medium,yes,,yes
0x70acdf2ad0bf2402c957154f944c19ef4e1cbae1|base:0x70acdf2ad0bf2402c957154f944c19ef4e1cbae1|0|494470,0x70acdf2ad0bf2402c957154f944c19ef4e1cbae1,base:0x70acdf2ad0bf2402c957154f944c19ef4e1cbae1,0,1780092040,60,60,60,60,0,shadow-pos-46950591f9141e70df2108ce,joined_position_amount_usd,200.0,medium,yes,,yes
0xb2cc224c1c9fee385f8ad6a55b4d94e92359dc59|base:0xb2cc224c1c9fee385f8ad6a55b4d94e92359dc59|0|494470,0xb2cc224c1c9fee385f8ad6a55b4d94e92359dc59,base:0xb2cc224c1c9fee385f8ad6a55b4d94e92359dc59,0,1780092040,60,60,60,60,0,shadow-pos-d285d5b909006067a9d0a578,first_position_mark_amount_usd,1000.0,medium,yes,,yes
0x72ab388e2e2f6facef59e3c3fa2c4e29011c2d38|base:0x72ab388e2e2f6facef59e3c3fa2c4e29011c2d38|0|494471,0x72ab388e2e2f6facef59e3c3fa2c4e29011c2d38,base:0x72ab388e2e2f6facef59e3c3fa2c4e29011c2d38,0,1780095640,60,60,60,60,0,shadow-pos-3b1a247c6073bd4b9397a424,first_position_mark_amount_usd,200.0,medium,yes,,yes
0x4e962bb3889bf030368f56810a9c96b83cb3e778|base:0x4e962bb3889bf030368f56810a9c96b83cb3e778|0|494471,0x4e962bb3889bf030368f56810a9c96b83cb3e778,base:0x4e962bb3889bf030368f56810a9c96b83cb3e778,0,1780095640,60,60,60,60,0,shadow-pos-05332d81d39fa35f6eb93cb6,first_position_mark_amount_usd,200.0,medium,yes,,yes
0x70acdf2ad0bf2402c957154f944c19ef4e1cbae1|base:0x70acdf2ad0bf2402c957154f944c19ef4e1cbae1|0|494471,0x70acdf2ad0bf2402c957154f944c19ef4e1cbae1,base:0x70acdf2ad0bf2402c957154f944c19ef4e1cbae1,0,1780095640,60,60,60,60,0,shadow-pos-46950591f9141e70df2108ce,first_position_mark_amount_usd,200.0,medium,yes,,yes
0xb2cc224c1c9fee385f8ad6a55b4d94e92359dc59|base:0xb2cc224c1c9fee385f8ad6a55b4d94e92359dc59|0|494471,0xb2cc224c1c9fee385f8ad6a55b4d94e92359dc59,base:0xb2cc224c1c9fee385f8ad6a55b4d94e92359dc59,0,1780095640,60,60,60,60,0,shadow-pos-d285d5b909006067a9d0a578,first_position_mark_amount_usd,1000.0,medium,yes,,yes
0x72ab388e2e2f6facef59e3c3fa2c4e29011c2d38|base:0x72ab388e2e2f6facef59e3c3fa2c4e29011c2d38|0|494472,0x72ab388e2e2f6facef59e3c3fa2c4e29011c2d38,base:0x72ab388e2e2f6facef59e3c3fa2c4e29011c2d38,0,1780099240,60,60,60,59,1,shadow-pos-3b1a247c6073bd4b9397a424,first_position_mark_amount_usd,200.0,medium,yes,,yes
0x4e962bb3889bf030368f56810a9c96b83cb3e778|base:0x4e962bb3889bf030368f56810a9c96b83cb3e778|0|494472,0x4e962bb3889bf030368f56810a9c96b83cb3e778,base:0x4e962bb3889bf030368f56810a9c96b83cb3e778,0,1780099240,60,60,60,60,0,shadow-pos-05332d81d39fa35f6eb93cb6,first_position_mark_amount_usd,200.0,medium,yes,,yes
0x70acdf2ad0bf2402c957154f944c19ef4e1cbae1|base:0x70acdf2ad0bf2402c957154f944c19ef4e1cbae1|0|494472,0x70acdf2ad0bf2402c957154f944c19ef4e1cbae1,base:0x70acdf2ad0bf2402c957154f944c19ef4e1cbae1,0,1780099240,60,60,60,60,0,shadow-pos-46950591f9141e70df2108ce,first_position_mark_amount_usd,200.0,medium,yes,,yes
0xb2cc224c1c9fee385f8ad6a55b4d94e92359dc59|base:0xb2cc224c1c9fee385f8ad6a55b4d94e92359dc59|0|494472,0xb2cc224c1c9fee385f8ad6a55b4d94e92359dc59,base:0xb2cc224c1c9fee385f8ad6a55b4d94e92359dc59,0,1780099240,60,60,60,60,0,shadow-pos-d285d5b909006067a9d0a578,first_position_mark_amount_usd,1000.0,medium,yes,,yes
0x72ab388e2e2f6facef59e3c3fa2c4e29011c2d38|base:0x72ab388e2e2f6facef59e3c3fa2c4e29011c2d38|0|494473,0x72ab388e2e2f6facef59e3c3fa2c4e29011c2d38,base:0x72ab388e2e2f6facef59e3c3fa2c4e29011c2d38,0,1780102840,60,60,60,60,0,shadow-pos-be9a6eabd2e675efc19537d7,joined_position_amount_usd,200.0,medium,yes,,yes
0x4e962bb3889bf030368f56810a9c96b83cb3e778|base:0x4e962bb3889bf030368f56810a9c96b83cb3e778|0|494473,0x4e962bb3889bf030368f56810a9c96b83cb3e778,base:0x4e962bb3889bf030368f56810a9c96b83cb3e778,0,1780102840,60,60,60,60,0,shadow-pos-05332d81d39fa35f6eb93cb6,first_position_mark_amount_usd,200.0,medium,yes,,yes
0x70acdf2ad0bf2402c957154f944c19ef4e1cbae1|base:0x70acdf2ad0bf2402c957154f944c19ef4e1cbae1|0|494473,0x70acdf2ad0bf2402c957154f944c19ef4e1cbae1,base:0x70acdf2ad0bf2402c957154f944c19ef4e1cbae1,0,1780102840,60,60,60,60,0,shadow-pos-46950591f9141e70df2108ce,first_position_mark_amount_usd,200.0,medium,yes,,yes
0xb2cc224c1c9fee385f8ad6a55b4d94e92359dc59|base:0xb2cc224c1c9fee385f8ad6a55b4d94e92359dc59|0|494473,0xb2cc224c1c9fee385f8ad6a55b4d94e92359dc59,base:0xb2cc224c1c9fee385f8ad6a55b4d94e92359dc59,0,1780102840,60,60,60,60,0,shadow-pos-d285d5b909006067a9d0a578,first_position_mark_amount_usd,1000.0,medium,yes,,yes
0x72ab388e2e2f6facef59e3c3fa2c4e29011c2d38|base:0x72ab388e2e2f6facef59e3c3fa2c4e29011c2d38|0|494474,0x72ab388e2e2f6facef59e3c3fa2c4e29011c2d38,base:0x72ab388e2e2f6facef59e3c3fa2c4e29011c2d38,0,1780106439,60,60,60,60,0,shadow-pos-be9a6eabd2e675efc19537d7,first_position_mark_amount_usd,200.0,medium,yes,,yes
0x4e962bb3889bf030368f56810a9c96b83cb3e778|base:0x4e962bb3889bf030368f56810a9c96b83cb3e778|0|494474,0x4e962bb3889bf030368f56810a9c96b83cb3e778,base:0x4e962bb3889bf030368f56810a9c96b83cb3e778,0,1780106439,60,60,60,60,0,shadow-pos-05332d81d39fa35f6eb93cb6,first_position_mark_amount_usd,200.0,medium,yes,,yes
0x70acdf2ad0bf2402c957154f944c19ef4e1cbae1|base:0x70acdf2ad0bf2402c957154f944c19ef4e1cbae1|0|494474,0x70acdf2ad0bf2402c957154f944c19ef4e1cbae1,base:0x70acdf2ad0bf2402c957154f944c19ef4e1cbae1,0,1780106439,60,60,60,60,0,shadow-pos-46950591f9141e70df2108ce,first_position_mark_amount_usd,200.0,medium,yes,,yes
0xb2cc224c1c9fee385f8ad6a55b4d94e92359dc59|base:0xb2cc224c1c9fee385f8ad6a55b4d94e92359dc59|0|494474,0xb2cc224c1c9fee385f8ad6a55b4d94e92359dc59,base:0xb2cc224c1c9fee385f8ad6a55b4d94e92359dc59,0,1780106439,60,60,60,60,0,shadow-pos-d285d5b909006067a9d0a578,first_position_mark_amount_usd,1000.0,medium,yes,,yes
0x72ab388e2e2f6facef59e3c3fa2c4e29011c2d38|base:0x72ab388e2e2f6facef59e3c3fa2c4e29011c2d38|0|494475,0x72ab388e2e2f6facef59e3c3fa2c4e29011c2d38,base:0x72ab388e2e2f6facef59e3c3fa2c4e29011c2d38,0,1780110040,60,60,60,60,0,shadow-pos-be9a6eabd2e675efc19537d7,first_position_mark_amount_usd,200.0,medium,yes,,yes
0x4e962bb3889bf030368f56810a9c96b83cb3e778|base:0x4e962bb3889bf030368f56810a9c96b83cb3e778|0|494475,0x4e962bb3889bf030368f56810a9c96b83cb3e778,base:0x4e962bb3889bf030368f56810a9c96b83cb3e778,0,1780110040,60,60,60,60,0,shadow-pos-05332d81d39fa35f6eb93cb6,first_position_mark_amount_usd,200.0,medium,yes,,yes
0xb2cc224c1c9fee385f8ad6a55b4d94e92359dc59|base:0xb2cc224c1c9fee385f8ad6a55b4d94e92359dc59|0|494475,0xb2cc224c1c9fee385f8ad6a55b4d94e92359dc59,base:0xb2cc224c1c9fee385f8ad6a55b4d94e92359dc59,0,1780110040,60,60,60,60,0,shadow-pos-d285d5b909006067a9d0a578,first_position_mark_amount_usd,1000.0,medium,yes,,yes
0x70acdf2ad0bf2402c957154f944c19ef4e1cbae1|base:0x70acdf2ad0bf2402c957154f944c19ef4e1cbae1|0|494475,0x70acdf2ad0bf2402c957154f944c19ef4e1cbae1,base:0x70acdf2ad0bf2402c957154f944c19ef4e1cbae1,0,1780110040,60,60,60,60,0,shadow-pos-46950591f9141e70df2108ce,first_position_mark_amount_usd,200.0,medium,yes,,yes
0x72ab388e2e2f6facef59e3c3fa2c4e29011c2d38|base:0x72ab388e2e2f6facef59e3c3fa2c4e29011c2d38|0|494476,0x72ab388e2e2f6facef59e3c3fa2c4e29011c2d38,base:0x72ab388e2e2f6facef59e3c3fa2c4e29011c2d38,0,1780113641,60,60,60,60,0,shadow-pos-be9a6eabd2e675efc19537d7,first_position_mark_amount_usd,200.0,medium,yes,,yes
0x4e962bb3889bf030368f56810a9c96b83cb3e778|base:0x4e962bb3889bf030368f56810a9c96b83cb3e778|0|494476,0x4e962bb3889bf030368f56810a9c96b83cb3e778,base:0x4e962bb3889bf030368f56810a9c96b83cb3e778,0,1780113641,60,60,60,60,0,shadow-pos-05332d81d39fa35f6eb93cb6,first_position_mark_amount_usd,200.0,medium,yes,,yes
0xb2cc224c1c9fee385f8ad6a55b4d94e92359dc59|base:0xb2cc224c1c9fee385f8ad6a55b4d94e92359dc59|0|494476,0xb2cc224c1c9fee385f8ad6a55b4d94e92359dc59,base:0xb2cc224c1c9fee385f8ad6a55b4d94e92359dc59,0,1780113641,60,60,60,59,1,shadow-pos-d285d5b909006067a9d0a578,first_position_mark_amount_usd,1000.0,medium,yes,,yes
0x70acdf2ad0bf2402c957154f944c19ef4e1cbae1|base:0x70acdf2ad0bf2402c957154f944c19ef4e1cbae1|0|494476,0x70acdf2ad0bf2402c957154f944c19ef4e1cbae1,base:0x70acdf2ad0bf2402c957154f944c19ef4e1cbae1,0,1780113641,60,60,60,60,0,shadow-pos-46950591f9141e70df2108ce,first_position_mark_amount_usd,200.0,medium,yes,,yes
0x72ab388e2e2f6facef59e3c3fa2c4e29011c2d38|base:0x72ab388e2e2f6facef59e3c3fa2c4e29011c2d38|0|494477,0x72ab388e2e2f6facef59e3c3fa2c4e29011c2d38,base:0x72ab388e2e2f6facef59e3c3fa2c4e29011c2d38,0,1780117243,60,60,60,60,0,shadow-pos-be9a6eabd2e675efc19537d7,first_position_mark_amount_usd,200.0,medium,yes,,yes
0x4e962bb3889bf030368f56810a9c96b83cb3e778|base:0x4e962bb3889bf030368f56810a9c96b83cb3e778|0|494477,0x4e962bb3889bf030368f56810a9c96b83cb3e778,base:0x4e962bb3889bf030368f56810a9c96b83cb3e778,0,1780117243,60,60,60,60,0,shadow-pos-05332d81d39fa35f6eb93cb6,first_position_mark_amount_usd,200.0,medium,yes,,yes
0xb2cc224c1c9fee385f8ad6a55b4d94e92359dc59|base:0xb2cc224c1c9fee385f8ad6a55b4d94e92359dc59|0|494477,0xb2cc224c1c9fee385f8ad6a55b4d94e92359dc59,base:0xb2cc224c1c9fee385f8ad6a55b4d94e92359dc59,0,1780117243,60,60,60,60,0,shadow-pos-d325eddfcd4750c01b3a64a6,joined_position_amount_usd,1000.0,medium,yes,,yes
0x70acdf2ad0bf2402c957154f944c19ef4e1cbae1|base:0x70acdf2ad0bf2402c957154f944c19ef4e1cbae1|0|494477,0x70acdf2ad0bf2402c957154f944c19ef4e1cbae1,base:0x70acdf2ad0bf2402c957154f944c19ef4e1cbae1,0,1780117243,60,60,60,60,0,shadow-pos-46950591f9141e70df2108ce,first_position_mark_amount_usd,200.0,medium,yes,,yes
0x72ab388e2e2f6facef59e3c3fa2c4e29011c2d38|base:0x72ab388e2e2f6facef59e3c3fa2c4e29011c2d38|0|494478,0x72ab388e2e2f6facef59e3c3fa2c4e29011c2d38,base:0x72ab388e2e2f6facef59e3c3fa2c4e29011c2d38,0,1780120841,60,60,60,60,0,shadow-pos-be9a6eabd2e675efc19537d7,first_position_mark_amount_usd,200.0,medium,yes,,yes
0x4e962bb3889bf030368f56810a9c96b83cb3e778|base:0x4e962bb3889bf030368f56810a9c96b83cb3e778|0|494478,0x4e962bb3889bf030368f56810a9c96b83cb3e778,base:0x4e962bb3889bf030368f56810a9c96b83cb3e778,0,1780120841,60,60,60,60,0,shadow-pos-05332d81d39fa35f6eb93cb6,first_position_mark_amount_usd,200.0,medium,yes,,yes
0xb2cc224c1c9fee385f8ad6a55b4d94e92359dc59|base:0xb2cc224c1c9fee385f8ad6a55b4d94e92359dc59|0|494478,0xb2cc224c1c9fee385f8ad6a55b4d94e92359dc59,base:0xb2cc224c1c9fee385f8ad6a55b4d94e92359dc59,0,1780120841,60,60,60,60,0,shadow-pos-d325eddfcd4750c01b3a64a6,first_position_mark_amount_usd,1000.0,medium,yes,,yes
0x70acdf2ad0bf2402c957154f944c19ef4e1cbae1|base:0x70acdf2ad0bf2402c957154f944c19ef4e1cbae1|0|494478,0x70acdf2ad0bf2402c957154f944c19ef4e1cbae1,base:0x70acdf2ad0bf2402c957154f944c19ef4e1cbae1,0,1780120841,60,60,60,60,0,shadow-pos-46950591f9141e70df2108ce,first_position_mark_amount_usd,200.0,medium,yes,,yes
0x72ab388e2e2f6facef59e3c3fa2c4e29011c2d38|base:0x72ab388e2e2f6facef59e3c3fa2c4e29011c2d38|0|494479,0x72ab388e2e2f6facef59e3c3fa2c4e29011c2d38,base:0x72ab388e2e2f6facef59e3c3fa2c4e29011c2d38,0,1780124443,60,60,60,60,0,shadow-pos-be9a6eabd2e675efc19537d7,first_position_mark_amount_usd,200.0,medium,yes,,yes
0x4e962bb3889bf030368f56810a9c96b83cb3e778|base:0x4e962bb3889bf030368f56810a9c96b83cb3e778|0|494479,0x4e962bb3889bf030368f56810a9c96b83cb3e778,base:0x4e962bb3889bf030368f56810a9c96b83cb3e778,0,1780124443,60,60,60,60,0,shadow-pos-05332d81d39fa35f6eb93cb6,first_position_mark_amount_usd,200.0,medium,yes,,yes
0xb2cc224c1c9fee385f8ad6a55b4d94e92359dc59|base:0xb2cc224c1c9fee385f8ad6a55b4d94e92359dc59|0|494479,0xb2cc224c1c9fee385f8ad6a55b4d94e92359dc59,base:0xb2cc224c1c9fee385f8ad6a55b4d94e92359dc59,0,1780124443,60,60,60,60,0,shadow-pos-d325eddfcd4750c01b3a64a6,first_position_mark_amount_usd,1000.0,medium,yes,,yes
0x70acdf2ad0bf2402c957154f944c19ef4e1cbae1|base:0x70acdf2ad0bf2402c957154f944c19ef4e1cbae1|0|494479,0x70acdf2ad0bf2402c957154f944c19ef4e1cbae1,base:0x70acdf2ad0bf2402c957154f944c19ef4e1cbae1,0,1780124443,60,60,60,60,0,shadow-pos-46950591f9141e70df2108ce,first_position_mark_amount_usd,200.0,medium,yes,,yes
0x72ab388e2e2f6facef59e3c3fa2c4e29011c2d38|base:0x72ab388e2e2f6facef59e3c3fa2c4e29011c2d38|0|494480,0x72ab388e2e2f6facef59e3c3fa2c4e29011c2d38,base:0x72ab388e2e2f6facef59e3c3fa2c4e29011c2d38,0,1780128041,60,60,60,60,0,shadow-pos-be9a6eabd2e675efc19537d7,first_position_mark_amount_usd,200.0,medium,yes,,yes
0x4e962bb3889bf030368f56810a9c96b83cb3e778|base:0x4e962bb3889bf030368f56810a9c96b83cb3e778|0|494480,0x4e962bb3889bf030368f56810a9c96b83cb3e778,base:0x4e962bb3889bf030368f56810a9c96b83cb3e778,0,1780128041,60,60,60,60,0,shadow-pos-05332d81d39fa35f6eb93cb6,first_position_mark_amount_usd,200.0,medium,yes,,yes
0xb2cc224c1c9fee385f8ad6a55b4d94e92359dc59|base:0xb2cc224c1c9fee385f8ad6a55b4d94e92359dc59|0|494480,0xb2cc224c1c9fee385f8ad6a55b4d94e92359dc59,base:0xb2cc224c1c9fee385f8ad6a55b4d94e92359dc59,0,1780128041,60,60,60,60,0,shadow-pos-d325eddfcd4750c01b3a64a6,first_position_mark_amount_usd,1000.0,medium,yes,,yes
0x70acdf2ad0bf2402c957154f944c19ef4e1cbae1|base:0x70acdf2ad0bf2402c957154f944c19ef4e1cbae1|0|494480,0x70acdf2ad0bf2402c957154f944c19ef4e1cbae1,base:0x70acdf2ad0bf2402c957154f944c19ef4e1cbae1,0,1780128041,60,60,60,60,0,shadow-pos-46950591f9141e70df2108ce,first_position_mark_amount_usd,200.0,medium,yes,,yes
0x72ab388e2e2f6facef59e3c3fa2c4e29011c2d38|base:0x72ab388e2e2f6facef59e3c3fa2c4e29011c2d38|0|494481,0x72ab388e2e2f6facef59e3c3fa2c4e29011c2d38,base:0x72ab388e2e2f6facef59e3c3fa2c4e29011c2d38,0,1780131639,60,60,60,60,0,shadow-pos-be9a6eabd2e675efc19537d7,first_position_mark_amount_usd,200.0,medium,yes,,yes
0x4e962bb3889bf030368f56810a9c96b83cb3e778|base:0x4e962bb3889bf030368f56810a9c96b83cb3e778|0|494481,0x4e962bb3889bf030368f56810a9c96b83cb3e778,base:0x4e962bb3889bf030368f56810a9c96b83cb3e778,0,1780131639,60,60,60,60,0,shadow-pos-05332d81d39fa35f6eb93cb6,first_position_mark_amount_usd,200.0,medium,yes,,yes
0xb2cc224c1c9fee385f8ad6a55b4d94e92359dc59|base:0xb2cc224c1c9fee385f8ad6a55b4d94e92359dc59|0|494481,0xb2cc224c1c9fee385f8ad6a55b4d94e92359dc59,base:0xb2cc224c1c9fee385f8ad6a55b4d94e92359dc59,0,1780131639,60,60,60,60,0,shadow-pos-d325eddfcd4750c01b3a64a6,first_position_mark_amount_usd,1000.0,medium,yes,,yes
0x70acdf2ad0bf2402c957154f944c19ef4e1cbae1|base:0x70acdf2ad0bf2402c957154f944c19ef4e1cbae1|0|494481,0x70acdf2ad0bf2402c957154f944c19ef4e1cbae1,base:0x70acdf2ad0bf2402c957154f944c19ef4e1cbae1,0,1780131639,60,60,60,60,0,shadow-pos-46950591f9141e70df2108ce,first_position_mark_amount_usd,200.0,medium,yes,,yes
0x72ab388e2e2f6facef59e3c3fa2c4e29011c2d38|base:0x72ab388e2e2f6facef59e3c3fa2c4e29011c2d38|0|494482,0x72ab388e2e2f6facef59e3c3fa2c4e29011c2d38,base:0x72ab388e2e2f6facef59e3c3fa2c4e29011c2d38,0,1780135239,60,60,60,60,0,shadow-pos-be9a6eabd2e675efc19537d7,first_position_mark_amount_usd,200.0,medium,yes,,yes
0x4e962bb3889bf030368f56810a9c96b83cb3e778|base:0x4e962bb3889bf030368f56810a9c96b83cb3e778|0|494482,0x4e962bb3889bf030368f56810a9c96b83cb3e778,base:0x4e962bb3889bf030368f56810a9c96b83cb3e778,0,1780135239,60,60,60,60,0,shadow-pos-05332d81d39fa35f6eb93cb6,first_position_mark_amount_usd,200.0,medium,yes,,yes
0xb2cc224c1c9fee385f8ad6a55b4d94e92359dc59|base:0xb2cc224c1c9fee385f8ad6a55b4d94e92359dc59|0|494482,0xb2cc224c1c9fee385f8ad6a55b4d94e92359dc59,base:0xb2cc224c1c9fee385f8ad6a55b4d94e92359dc59,0,1780135239,60,60,60,60,0,shadow-pos-d325eddfcd4750c01b3a64a6,first_position_mark_amount_usd,1000.0,medium,yes,,yes
0x70acdf2ad0bf2402c957154f944c19ef4e1cbae1|base:0x70acdf2ad0bf2402c957154f944c19ef4e1cbae1|0|494482,0x70acdf2ad0bf2402c957154f944c19ef4e1cbae1,base:0x70acdf2ad0bf2402c957154f944c19ef4e1cbae1,0,1780135239,60,60,60,60,0,shadow-pos-46950591f9141e70df2108ce,first_position_mark_amount_usd,200.0,medium,yes,,yes
0x72ab388e2e2f6facef59e3c3fa2c4e29011c2d38|base:0x72ab388e2e2f6facef59e3c3fa2c4e29011c2d38|0|494483,0x72ab388e2e2f6facef59e3c3fa2c4e29011c2d38,base:0x72ab388e2e2f6facef59e3c3fa2c4e29011c2d38,0,1780138839,60,60,60,60,0,shadow-pos-be9a6eabd2e675efc19537d7,first_position_mark_amount_usd,200.0,medium,yes,,yes
0x4e962bb3889bf030368f56810a9c96b83cb3e778|base:0x4e962bb3889bf030368f56810a9c96b83cb3e778|0|494483,0x4e962bb3889bf030368f56810a9c96b83cb3e778,base:0x4e962bb3889bf030368f56810a9c96b83cb3e778,0,1780138839,60,60,60,60,0,shadow-pos-05332d81d39fa35f6eb93cb6,first_position_mark_amount_usd,200.0,medium,yes,,yes
0xb2cc224c1c9fee385f8ad6a55b4d94e92359dc59|base:0xb2cc224c1c9fee385f8ad6a55b4d94e92359dc59|0|494483,0xb2cc224c1c9fee385f8ad6a55b4d94e92359dc59,base:0xb2cc224c1c9fee385f8ad6a55b4d94e92359dc59,0,1780138839,60,60,60,60,0,shadow-pos-d325eddfcd4750c01b3a64a6,first_position_mark_amount_usd,1000.0,medium,yes,,yes
0x70acdf2ad0bf2402c957154f944c19ef4e1cbae1|base:0x70acdf2ad0bf2402c957154f944c19ef4e1cbae1|0|494483,0x70acdf2ad0bf2402c957154f944c19ef4e1cbae1,base:0x70acdf2ad0bf2402c957154f944c19ef4e1cbae1,0,1780138839,60,60,60,60,0,shadow-pos-46950591f9141e70df2108ce,first_position_mark_amount_usd,200.0,medium,yes,,yes
0x72ab388e2e2f6facef59e3c3fa2c4e29011c2d38|base:0x72ab388e2e2f6facef59e3c3fa2c4e29011c2d38|0|494484,0x72ab388e2e2f6facef59e3c3fa2c4e29011c2d38,base:0x72ab388e2e2f6facef59e3c3fa2c4e29011c2d38,0,1780142439,60,60,60,59,1,shadow-pos-be9a6eabd2e675efc19537d7,first_position_mark_amount_usd,200.0,medium,yes,,yes
0x4e962bb3889bf030368f56810a9c96b83cb3e778|base:0x4e962bb3889bf030368f56810a9c96b83cb3e778|0|494484,0x4e962bb3889bf030368f56810a9c96b83cb3e778,base:0x4e962bb3889bf030368f56810a9c96b83cb3e778,0,1780142439,60,60,60,60,0,shadow-pos-05332d81d39fa35f6eb93cb6,first_position_mark_amount_usd,200.0,medium,yes,,yes
0xb2cc224c1c9fee385f8ad6a55b4d94e92359dc59|base:0xb2cc224c1c9fee385f8ad6a55b4d94e92359dc59|0|494484,0xb2cc224c1c9fee385f8ad6a55b4d94e92359dc59,base:0xb2cc224c1c9fee385f8ad6a55b4d94e92359dc59,0,1780142439,60,60,60,60,0,shadow-pos-d325eddfcd4750c01b3a64a6,first_position_mark_amount_usd,1000.0,medium,yes,,yes
0x70acdf2ad0bf2402c957154f944c19ef4e1cbae1|base:0x70acdf2ad0bf2402c957154f944c19ef4e1cbae1|0|494484,0x70acdf2ad0bf2402c957154f944c19ef4e1cbae1,base:0x70acdf2ad0bf2402c957154f944c19ef4e1cbae1,0,1780142439,60,60,60,60,0,shadow-pos-46950591f9141e70df2108ce,first_position_mark_amount_usd,200.0,medium,yes,,yes
0x72ab388e2e2f6facef59e3c3fa2c4e29011c2d38|base:0x72ab388e2e2f6facef59e3c3fa2c4e29011c2d38|0|494485,0x72ab388e2e2f6facef59e3c3fa2c4e29011c2d38,base:0x72ab388e2e2f6facef59e3c3fa2c4e29011c2d38,0,1780146039,60,60,60,60,0,shadow-pos-cb15043da11c7e25ca7f64a4,joined_position_amount_usd,200.0,medium,yes,,yes
0x4e962bb3889bf030368f56810a9c96b83cb3e778|base:0x4e962bb3889bf030368f56810a9c96b83cb3e778|0|494485,0x4e962bb3889bf030368f56810a9c96b83cb3e778,base:0x4e962bb3889bf030368f56810a9c96b83cb3e778,0,1780146039,60,60,60,60,0,shadow-pos-05332d81d39fa35f6eb93cb6,first_position_mark_amount_usd,200.0,medium,yes,,yes
0xb2cc224c1c9fee385f8ad6a55b4d94e92359dc59|base:0xb2cc224c1c9fee385f8ad6a55b4d94e92359dc59|0|494485,0xb2cc224c1c9fee385f8ad6a55b4d94e92359dc59,base:0xb2cc224c1c9fee385f8ad6a55b4d94e92359dc59,0,1780146039,60,60,60,60,0,shadow-pos-d325eddfcd4750c01b3a64a6,first_position_mark_amount_usd,1000.0,medium,yes,,yes
0x70acdf2ad0bf2402c957154f944c19ef4e1cbae1|base:0x70acdf2ad0bf2402c957154f944c19ef4e1cbae1|0|494485,0x70acdf2ad0bf2402c957154f944c19ef4e1cbae1,base:0x70acdf2ad0bf2402c957154f944c19ef4e1cbae1,0,1780146039,60,60,60,60,0,shadow-pos-46950591f9141e70df2108ce,first_position_mark_amount_usd,200.0,medium,yes,,yes
0x72ab388e2e2f6facef59e3c3fa2c4e29011c2d38|base:0x72ab388e2e2f6facef59e3c3fa2c4e29011c2d38|0|494486,0x72ab388e2e2f6facef59e3c3fa2c4e29011c2d38,base:0x72ab388e2e2f6facef59e3c3fa2c4e29011c2d38,0,1780149639,60,60,60,60,0,shadow-pos-cb15043da11c7e25ca7f64a4,first_position_mark_amount_usd,200.0,medium,yes,,yes
0x4e962bb3889bf030368f56810a9c96b83cb3e778|base:0x4e962bb3889bf030368f56810a9c96b83cb3e778|0|494486,0x4e962bb3889bf030368f56810a9c96b83cb3e778,base:0x4e962bb3889bf030368f56810a9c96b83cb3e778,0,1780149639,60,60,60,60,0,shadow-pos-05332d81d39fa35f6eb93cb6,first_position_mark_amount_usd,200.0,medium,yes,,yes
0xb2cc224c1c9fee385f8ad6a55b4d94e92359dc59|base:0xb2cc224c1c9fee385f8ad6a55b4d94e92359dc59|0|494486,0xb2cc224c1c9fee385f8ad6a55b4d94e92359dc59,base:0xb2cc224c1c9fee385f8ad6a55b4d94e92359dc59,0,1780149639,60,60,60,60,0,shadow-pos-d325eddfcd4750c01b3a64a6,first_position_mark_amount_usd,1000.0,medium,yes,,yes
0x70acdf2ad0bf2402c957154f944c19ef4e1cbae1|base:0x70acdf2ad0bf2402c957154f944c19ef4e1cbae1|0|494486,0x70acdf2ad0bf2402c957154f944c19ef4e1cbae1,base:0x70acdf2ad0bf2402c957154f944c19ef4e1cbae1,0,1780149639,60,60,60,60,0,shadow-pos-46950591f9141e70df2108ce,first_position_mark_amount_usd,200.0,medium,yes,,yes
0x72ab388e2e2f6facef59e3c3fa2c4e29011c2d38|base:0x72ab388e2e2f6facef59e3c3fa2c4e29011c2d38|0|494487,0x72ab388e2e2f6facef59e3c3fa2c4e29011c2d38,base:0x72ab388e2e2f6facef59e3c3fa2c4e29011c2d38,0,1780153239,60,60,60,60,0,shadow-pos-cb15043da11c7e25ca7f64a4,first_position_mark_amount_usd,200.0,medium,yes,,yes
0x4e962bb3889bf030368f56810a9c96b83cb3e778|base:0x4e962bb3889bf030368f56810a9c96b83cb3e778|0|494487,0x4e962bb3889bf030368f56810a9c96b83cb3e778,base:0x4e962bb3889bf030368f56810a9c96b83cb3e778,0,1780153239,60,60,60,60,0,shadow-pos-05332d81d39fa35f6eb93cb6,first_position_mark_amount_usd,200.0,medium,yes,,yes
0xb2cc224c1c9fee385f8ad6a55b4d94e92359dc59|base:0xb2cc224c1c9fee385f8ad6a55b4d94e92359dc59|0|494487,0xb2cc224c1c9fee385f8ad6a55b4d94e92359dc59,base:0xb2cc224c1c9fee385f8ad6a55b4d94e92359dc59,0,1780153239,60,60,60,60,0,shadow-pos-d325eddfcd4750c01b3a64a6,first_position_mark_amount_usd,1000.0,medium,yes,,yes
0x70acdf2ad0bf2402c957154f944c19ef4e1cbae1|base:0x70acdf2ad0bf2402c957154f944c19ef4e1cbae1|0|494487,0x70acdf2ad0bf2402c957154f944c19ef4e1cbae1,base:0x70acdf2ad0bf2402c957154f944c19ef4e1cbae1,0,1780153239,60,60,60,60,0,shadow-pos-46950591f9141e70df2108ce,first_position_mark_amount_usd,200.0,medium,yes,,yes
0x72ab388e2e2f6facef59e3c3fa2c4e29011c2d38|base:0x72ab388e2e2f6facef59e3c3fa2c4e29011c2d38|0|494488,0x72ab388e2e2f6facef59e3c3fa2c4e29011c2d38,base:0x72ab388e2e2f6facef59e3c3fa2c4e29011c2d38,0,1780156839,60,60,60,60,0,shadow-pos-cb15043da11c7e25ca7f64a4,first_position_mark_amount_usd,200.0,medium,yes,,yes
0x4e962bb3889bf030368f56810a9c96b83cb3e778|base:0x4e962bb3889bf030368f56810a9c96b83cb3e778|0|494488,0x4e962bb3889bf030368f56810a9c96b83cb3e778,base:0x4e962bb3889bf030368f56810a9c96b83cb3e778,0,1780156839,60,60,60,60,0,shadow-pos-05332d81d39fa35f6eb93cb6,first_position_mark_amount_usd,200.0,medium,yes,,yes
0xb2cc224c1c9fee385f8ad6a55b4d94e92359dc59|base:0xb2cc224c1c9fee385f8ad6a55b4d94e92359dc59|0|494488,0xb2cc224c1c9fee385f8ad6a55b4d94e92359dc59,base:0xb2cc224c1c9fee385f8ad6a55b4d94e92359dc59,0,1780156839,60,60,60,59,1,shadow-pos-d325eddfcd4750c01b3a64a6,first_position_mark_amount_usd,1000.0,medium,yes,,yes
0x70acdf2ad0bf2402c957154f944c19ef4e1cbae1|base:0x70acdf2ad0bf2402c957154f944c19ef4e1cbae1|0|494488,0x70acdf2ad0bf2402c957154f944c19ef4e1cbae1,base:0x70acdf2ad0bf2402c957154f944c19ef4e1cbae1,0,1780156839,60,60,60,60,0,shadow-pos-46950591f9141e70df2108ce,first_position_mark_amount_usd,200.0,medium,yes,,yes
0x72ab388e2e2f6facef59e3c3fa2c4e29011c2d38|base:0x72ab388e2e2f6facef59e3c3fa2c4e29011c2d38|0|494489,0x72ab388e2e2f6facef59e3c3fa2c4e29011c2d38,base:0x72ab388e2e2f6facef59e3c3fa2c4e29011c2d38,0,1780160439,60,60,60,60,0,shadow-pos-cb15043da11c7e25ca7f64a4,first_position_mark_amount_usd,200.0,medium,yes,,yes
0x4e962bb3889bf030368f56810a9c96b83cb3e778|base:0x4e962bb3889bf030368f56810a9c96b83cb3e778|0|494489,0x4e962bb3889bf030368f56810a9c96b83cb3e778,base:0x4e962bb3889bf030368f56810a9c96b83cb3e778,0,1780160439,60,60,60,60,0,shadow-pos-05332d81d39fa35f6eb93cb6,first_position_mark_amount_usd,200.0,medium,yes,,yes
0xb2cc224c1c9fee385f8ad6a55b4d94e92359dc59|base:0xb2cc224c1c9fee385f8ad6a55b4d94e92359dc59|0|494489,0xb2cc224c1c9fee385f8ad6a55b4d94e92359dc59,base:0xb2cc224c1c9fee385f8ad6a55b4d94e92359dc59,0,1780160439,60,60,60,60,0,shadow-pos-1c318eaf0499e8c45254819e,joined_position_amount_usd,1000.0,medium,yes,,yes
0x70acdf2ad0bf2402c957154f944c19ef4e1cbae1|base:0x70acdf2ad0bf2402c957154f944c19ef4e1cbae1|0|494489,0x70acdf2ad0bf2402c957154f944c19ef4e1cbae1,base:0x70acdf2ad0bf2402c957154f944c19ef4e1cbae1,0,1780160439,60,60,60,60,0,shadow-pos-46950591f9141e70df2108ce,first_position_mark_amount_usd,200.0,medium,yes,,yes
0x72ab388e2e2f6facef59e3c3fa2c4e29011c2d38|base:0x72ab388e2e2f6facef59e3c3fa2c4e29011c2d38|0|494490,0x72ab388e2e2f6facef59e3c3fa2c4e29011c2d38,base:0x72ab388e2e2f6facef59e3c3fa2c4e29011c2d38,0,1780164039,60,60,60,60,0,shadow-pos-cb15043da11c7e25ca7f64a4,first_position_mark_amount_usd,200.0,medium,yes,,yes
0x4e962bb3889bf030368f56810a9c96b83cb3e778|base:0x4e962bb3889bf030368f56810a9c96b83cb3e778|0|494490,0x4e962bb3889bf030368f56810a9c96b83cb3e778,base:0x4e962bb3889bf030368f56810a9c96b83cb3e778,0,1780164039,60,60,60,60,0,shadow-pos-05332d81d39fa35f6eb93cb6,first_position_mark_amount_usd,200.0,medium,yes,,yes
0xb2cc224c1c9fee385f8ad6a55b4d94e92359dc59|base:0xb2cc224c1c9fee385f8ad6a55b4d94e92359dc59|0|494490,0xb2cc224c1c9fee385f8ad6a55b4d94e92359dc59,base:0xb2cc224c1c9fee385f8ad6a55b4d94e92359dc59,0,1780164039,60,60,60,60,0,shadow-pos-1c318eaf0499e8c45254819e,first_position_mark_amount_usd,1000.0,medium,yes,,yes
0x70acdf2ad0bf2402c957154f944c19ef4e1cbae1|base:0x70acdf2ad0bf2402c957154f944c19ef4e1cbae1|0|494490,0x70acdf2ad0bf2402c957154f944c19ef4e1cbae1,base:0x70acdf2ad0bf2402c957154f944c19ef4e1cbae1,0,1780164039,60,60,60,60,0,shadow-pos-46950591f9141e70df2108ce,first_position_mark_amount_usd,200.0,medium,yes,,yes
0x72ab388e2e2f6facef59e3c3fa2c4e29011c2d38|base:0x72ab388e2e2f6facef59e3c3fa2c4e29011c2d38|0|494491,0x72ab388e2e2f6facef59e3c3fa2c4e29011c2d38,base:0x72ab388e2e2f6facef59e3c3fa2c4e29011c2d38,0,1780167639,60,60,60,60,0,shadow-pos-cb15043da11c7e25ca7f64a4,first_position_mark_amount_usd,200.0,medium,yes,,yes
0x4e962bb3889bf030368f56810a9c96b83cb3e778|base:0x4e962bb3889bf030368f56810a9c96b83cb3e778|0|494491,0x4e962bb3889bf030368f56810a9c96b83cb3e778,base:0x4e962bb3889bf030368f56810a9c96b83cb3e778,0,1780167639,60,60,60,60,0,shadow-pos-05332d81d39fa35f6eb93cb6,first_position_mark_amount_usd,200.0,medium,yes,,yes
0xb2cc224c1c9fee385f8ad6a55b4d94e92359dc59|base:0xb2cc224c1c9fee385f8ad6a55b4d94e92359dc59|0|494491,0xb2cc224c1c9fee385f8ad6a55b4d94e92359dc59,base:0xb2cc224c1c9fee385f8ad6a55b4d94e92359dc59,0,1780167639,60,60,60,60,0,shadow-pos-1c318eaf0499e8c45254819e,first_position_mark_amount_usd,1000.0,medium,yes,,yes
0x70acdf2ad0bf2402c957154f944c19ef4e1cbae1|base:0x70acdf2ad0bf2402c957154f944c19ef4e1cbae1|0|494491,0x70acdf2ad0bf2402c957154f944c19ef4e1cbae1,base:0x70acdf2ad0bf2402c957154f944c19ef4e1cbae1,0,1780167639,60,60,60,60,0,shadow-pos-46950591f9141e70df2108ce,first_position_mark_amount_usd,200.0,medium,yes,,yes
0x72ab388e2e2f6facef59e3c3fa2c4e29011c2d38|base:0x72ab388e2e2f6facef59e3c3fa2c4e29011c2d38|0|494492,0x72ab388e2e2f6facef59e3c3fa2c4e29011c2d38,base:0x72ab388e2e2f6facef59e3c3fa2c4e29011c2d38,0,1780171239,60,60,60,60,0,shadow-pos-cb15043da11c7e25ca7f64a4,first_position_mark_amount_usd,200.0,medium,yes,,yes
0x4e962bb3889bf030368f56810a9c96b83cb3e778|base:0x4e962bb3889bf030368f56810a9c96b83cb3e778|0|494492,0x4e962bb3889bf030368f56810a9c96b83cb3e778,base:0x4e962bb3889bf030368f56810a9c96b83cb3e778,0,1780171239,60,60,60,60,0,shadow-pos-05332d81d39fa35f6eb93cb6,first_position_mark_amount_usd,200.0,medium,yes,,yes
0xb2cc224c1c9fee385f8ad6a55b4d94e92359dc59|base:0xb2cc224c1c9fee385f8ad6a55b4d94e92359dc59|0|494492,0xb2cc224c1c9fee385f8ad6a55b4d94e92359dc59,base:0xb2cc224c1c9fee385f8ad6a55b4d94e92359dc59,0,1780171239,60,60,60,60,0,shadow-pos-1c318eaf0499e8c45254819e,first_position_mark_amount_usd,1000.0,medium,yes,,yes
0x70acdf2ad0bf2402c957154f944c19ef4e1cbae1|base:0x70acdf2ad0bf2402c957154f944c19ef4e1cbae1|0|494492,0x70acdf2ad0bf2402c957154f944c19ef4e1cbae1,base:0x70acdf2ad0bf2402c957154f944c19ef4e1cbae1,0,1780171239,60,60,60,60,0,shadow-pos-46950591f9141e70df2108ce,first_position_mark_amount_usd,200.0,medium,yes,,yes
0x72ab388e2e2f6facef59e3c3fa2c4e29011c2d38|base:0x72ab388e2e2f6facef59e3c3fa2c4e29011c2d38|0|494493,0x72ab388e2e2f6facef59e3c3fa2c4e29011c2d38,base:0x72ab388e2e2f6facef59e3c3fa2c4e29011c2d38,0,1780174839,60,60,60,60,0,shadow-pos-cb15043da11c7e25ca7f64a4,first_position_mark_amount_usd,200.0,medium,yes,,yes
0x4e962bb3889bf030368f56810a9c96b83cb3e778|base:0x4e962bb3889bf030368f56810a9c96b83cb3e778|0|494493,0x4e962bb3889bf030368f56810a9c96b83cb3e778,base:0x4e962bb3889bf030368f56810a9c96b83cb3e778,0,1780174839,60,60,60,60,0,shadow-pos-05332d81d39fa35f6eb93cb6,first_position_mark_amount_usd,200.0,medium,yes,,yes
0xb2cc224c1c9fee385f8ad6a55b4d94e92359dc59|base:0xb2cc224c1c9fee385f8ad6a55b4d94e92359dc59|0|494493,0xb2cc224c1c9fee385f8ad6a55b4d94e92359dc59,base:0xb2cc224c1c9fee385f8ad6a55b4d94e92359dc59,0,1780174839,60,60,60,60,0,shadow-pos-1c318eaf0499e8c45254819e,first_position_mark_amount_usd,1000.0,medium,yes,,yes
0x70acdf2ad0bf2402c957154f944c19ef4e1cbae1|base:0x70acdf2ad0bf2402c957154f944c19ef4e1cbae1|0|494493,0x70acdf2ad0bf2402c957154f944c19ef4e1cbae1,base:0x70acdf2ad0bf2402c957154f944c19ef4e1cbae1,0,1780174839,60,60,60,60,0,shadow-pos-46950591f9141e70df2108ce,first_position_mark_amount_usd,200.0,medium,yes,,yes
0x72ab388e2e2f6facef59e3c3fa2c4e29011c2d38|base:0x72ab388e2e2f6facef59e3c3fa2c4e29011c2d38|0|494494,0x72ab388e2e2f6facef59e3c3fa2c4e29011c2d38,base:0x72ab388e2e2f6facef59e3c3fa2c4e29011c2d38,0,1780178439,60,60,60,60,0,shadow-pos-cb15043da11c7e25ca7f64a4,first_position_mark_amount_usd,200.0,medium,yes,,yes
0x4e962bb3889bf030368f56810a9c96b83cb3e778|base:0x4e962bb3889bf030368f56810a9c96b83cb3e778|0|494494,0x4e962bb3889bf030368f56810a9c96b83cb3e778,base:0x4e962bb3889bf030368f56810a9c96b83cb3e778,0,1780178439,60,60,60,60,0,shadow-pos-05332d81d39fa35f6eb93cb6,first_position_mark_amount_usd,200.0,medium,yes,,yes
0xb2cc224c1c9fee385f8ad6a55b4d94e92359dc59|base:0xb2cc224c1c9fee385f8ad6a55b4d94e92359dc59|0|494494,0xb2cc224c1c9fee385f8ad6a55b4d94e92359dc59,base:0xb2cc224c1c9fee385f8ad6a55b4d94e92359dc59,0,1780178439,60,60,60,60,0,shadow-pos-1c318eaf0499e8c45254819e,first_position_mark_amount_usd,1000.0,medium,yes,,yes
0x70acdf2ad0bf2402c957154f944c19ef4e1cbae1|base:0x70acdf2ad0bf2402c957154f944c19ef4e1cbae1|0|494494,0x70acdf2ad0bf2402c957154f944c19ef4e1cbae1,base:0x70acdf2ad0bf2402c957154f944c19ef4e1cbae1,0,1780178439,60,60,60,60,0,shadow-pos-46950591f9141e70df2108ce,first_position_mark_amount_usd,200.0,medium,yes,,yes
0x72ab388e2e2f6facef59e3c3fa2c4e29011c2d38|base:0x72ab388e2e2f6facef59e3c3fa2c4e29011c2d38|0|494495,0x72ab388e2e2f6facef59e3c3fa2c4e29011c2d38,base:0x72ab388e2e2f6facef59e3c3fa2c4e29011c2d38,0,1780182039,60,60,60,60,0,shadow-pos-cb15043da11c7e25ca7f64a4,first_position_mark_amount_usd,200.0,medium,yes,,yes
0x4e962bb3889bf030368f56810a9c96b83cb3e778|base:0x4e962bb3889bf030368f56810a9c96b83cb3e778|0|494495,0x4e962bb3889bf030368f56810a9c96b83cb3e778,base:0x4e962bb3889bf030368f56810a9c96b83cb3e778,0,1780182039,60,60,60,60,0,shadow-pos-05332d81d39fa35f6eb93cb6,first_position_mark_amount_usd,200.0,medium,yes,,yes
0xb2cc224c1c9fee385f8ad6a55b4d94e92359dc59|base:0xb2cc224c1c9fee385f8ad6a55b4d94e92359dc59|0|494495,0xb2cc224c1c9fee385f8ad6a55b4d94e92359dc59,base:0xb2cc224c1c9fee385f8ad6a55b4d94e92359dc59,0,1780182039,60,60,60,60,0,shadow-pos-1c318eaf0499e8c45254819e,first_position_mark_amount_usd,1000.0,medium,yes,,yes
0x70acdf2ad0bf2402c957154f944c19ef4e1cbae1|base:0x70acdf2ad0bf2402c957154f944c19ef4e1cbae1|0|494495,0x70acdf2ad0bf2402c957154f944c19ef4e1cbae1,base:0x70acdf2ad0bf2402c957154f944c19ef4e1cbae1,0,1780182039,60,60,60,60,0,shadow-pos-46950591f9141e70df2108ce,first_position_mark_amount_usd,200.0,medium,yes,,yes
0x72ab388e2e2f6facef59e3c3fa2c4e29011c2d38|base:0x72ab388e2e2f6facef59e3c3fa2c4e29011c2d38|0|494496,0x72ab388e2e2f6facef59e3c3fa2c4e29011c2d38,base:0x72ab388e2e2f6facef59e3c3fa2c4e29011c2d38,0,1780185639,60,60,60,59,1,shadow-pos-cb15043da11c7e25ca7f64a4,first_position_mark_amount_usd,200.0,medium,yes,,yes
0x4e962bb3889bf030368f56810a9c96b83cb3e778|base:0x4e962bb3889bf030368f56810a9c96b83cb3e778|0|494496,0x4e962bb3889bf030368f56810a9c96b83cb3e778,base:0x4e962bb3889bf030368f56810a9c96b83cb3e778,0,1780185639,60,60,60,60,0,shadow-pos-05332d81d39fa35f6eb93cb6,first_position_mark_amount_usd,200.0,medium,yes,,yes
0xb2cc224c1c9fee385f8ad6a55b4d94e92359dc59|base:0xb2cc224c1c9fee385f8ad6a55b4d94e92359dc59|0|494496,0xb2cc224c1c9fee385f8ad6a55b4d94e92359dc59,base:0xb2cc224c1c9fee385f8ad6a55b4d94e92359dc59,0,1780185639,60,60,60,60,0,shadow-pos-1c318eaf0499e8c45254819e,first_position_mark_amount_usd,1000.0,medium,yes,,yes
0x70acdf2ad0bf2402c957154f944c19ef4e1cbae1|base:0x70acdf2ad0bf2402c957154f944c19ef4e1cbae1|0|494496,0x70acdf2ad0bf2402c957154f944c19ef4e1cbae1,base:0x70acdf2ad0bf2402c957154f944c19ef4e1cbae1,0,1780185639,60,60,60,60,0,shadow-pos-46950591f9141e70df2108ce,first_position_mark_amount_usd,200.0,medium,yes,,yes
0x72ab388e2e2f6facef59e3c3fa2c4e29011c2d38|base:0x72ab388e2e2f6facef59e3c3fa2c4e29011c2d38|0|494497,0x72ab388e2e2f6facef59e3c3fa2c4e29011c2d38,base:0x72ab388e2e2f6facef59e3c3fa2c4e29011c2d38,0,1780189239,60,60,60,60,0,shadow-pos-f87ddc9d56c28947c3d5bbb3,joined_position_amount_usd,200.0,medium,yes,,yes
0x4e962bb3889bf030368f56810a9c96b83cb3e778|base:0x4e962bb3889bf030368f56810a9c96b83cb3e778|0|494497,0x4e962bb3889bf030368f56810a9c96b83cb3e778,base:0x4e962bb3889bf030368f56810a9c96b83cb3e778,0,1780189239,60,60,60,60,0,shadow-pos-05332d81d39fa35f6eb93cb6,first_position_mark_amount_usd,200.0,medium,yes,,yes
0xb2cc224c1c9fee385f8ad6a55b4d94e92359dc59|base:0xb2cc224c1c9fee385f8ad6a55b4d94e92359dc59|0|494497,0xb2cc224c1c9fee385f8ad6a55b4d94e92359dc59,base:0xb2cc224c1c9fee385f8ad6a55b4d94e92359dc59,0,1780189239,60,60,60,60,0,shadow-pos-1c318eaf0499e8c45254819e,first_position_mark_amount_usd,1000.0,medium,yes,,yes
0x70acdf2ad0bf2402c957154f944c19ef4e1cbae1|base:0x70acdf2ad0bf2402c957154f944c19ef4e1cbae1|0|494497,0x70acdf2ad0bf2402c957154f944c19ef4e1cbae1,base:0x70acdf2ad0bf2402c957154f944c19ef4e1cbae1,0,1780189239,60,60,60,60,0,shadow-pos-46950591f9141e70df2108ce,first_position_mark_amount_usd,200.0,medium,yes,,yes
0x72ab388e2e2f6facef59e3c3fa2c4e29011c2d38|base:0x72ab388e2e2f6facef59e3c3fa2c4e29011c2d38|0|494498,0x72ab388e2e2f6facef59e3c3fa2c4e29011c2d38,base:0x72ab388e2e2f6facef59e3c3fa2c4e29011c2d38,0,1780192839,60,60,60,60,0,shadow-pos-f87ddc9d56c28947c3d5bbb3,first_position_mark_amount_usd,200.0,medium,yes,,yes
0x4e962bb3889bf030368f56810a9c96b83cb3e778|base:0x4e962bb3889bf030368f56810a9c96b83cb3e778|0|494498,0x4e962bb3889bf030368f56810a9c96b83cb3e778,base:0x4e962bb3889bf030368f56810a9c96b83cb3e778,0,1780192839,60,60,60,60,0,shadow-pos-05332d81d39fa35f6eb93cb6,first_position_mark_amount_usd,200.0,medium,yes,,yes
0xb2cc224c1c9fee385f8ad6a55b4d94e92359dc59|base:0xb2cc224c1c9fee385f8ad6a55b4d94e92359dc59|0|494498,0xb2cc224c1c9fee385f8ad6a55b4d94e92359dc59,base:0xb2cc224c1c9fee385f8ad6a55b4d94e92359dc59,0,1780192839,60,60,60,60,0,shadow-pos-1c318eaf0499e8c45254819e,first_position_mark_amount_usd,1000.0,medium,yes,,yes
0x70acdf2ad0bf2402c957154f944c19ef4e1cbae1|base:0x70acdf2ad0bf2402c957154f944c19ef4e1cbae1|0|494498,0x70acdf2ad0bf2402c957154f944c19ef4e1cbae1,base:0x70acdf2ad0bf2402c957154f944c19ef4e1cbae1,0,1780192839,60,60,60,60,0,shadow-pos-46950591f9141e70df2108ce,first_position_mark_amount_usd,200.0,medium,yes,,yes
0x72ab388e2e2f6facef59e3c3fa2c4e29011c2d38|base:0x72ab388e2e2f6facef59e3c3fa2c4e29011c2d38|0|494499,0x72ab388e2e2f6facef59e3c3fa2c4e29011c2d38,base:0x72ab388e2e2f6facef59e3c3fa2c4e29011c2d38,0,1780196439,60,60,60,60,0,shadow-pos-f87ddc9d56c28947c3d5bbb3,first_position_mark_amount_usd,200.0,medium,yes,,yes
0x4e962bb3889bf030368f56810a9c96b83cb3e778|base:0x4e962bb3889bf030368f56810a9c96b83cb3e778|0|494499,0x4e962bb3889bf030368f56810a9c96b83cb3e778,base:0x4e962bb3889bf030368f56810a9c96b83cb3e778,0,1780196439,60,60,60,60,0,shadow-pos-05332d81d39fa35f6eb93cb6,first_position_mark_amount_usd,200.0,medium,yes,,yes
0xb2cc224c1c9fee385f8ad6a55b4d94e92359dc59|base:0xb2cc224c1c9fee385f8ad6a55b4d94e92359dc59|0|494499,0xb2cc224c1c9fee385f8ad6a55b4d94e92359dc59,base:0xb2cc224c1c9fee385f8ad6a55b4d94e92359dc59,0,1780196439,60,60,60,60,0,shadow-pos-1c318eaf0499e8c45254819e,first_position_mark_amount_usd,1000.0,medium,yes,,yes
0x70acdf2ad0bf2402c957154f944c19ef4e1cbae1|base:0x70acdf2ad0bf2402c957154f944c19ef4e1cbae1|0|494499,0x70acdf2ad0bf2402c957154f944c19ef4e1cbae1,base:0x70acdf2ad0bf2402c957154f944c19ef4e1cbae1,0,1780196439,60,60,60,60,0,shadow-pos-46950591f9141e70df2108ce,first_position_mark_amount_usd,200.0,medium,yes,,yes
0x72ab388e2e2f6facef59e3c3fa2c4e29011c2d38|base:0x72ab388e2e2f6facef59e3c3fa2c4e29011c2d38|0|494500,0x72ab388e2e2f6facef59e3c3fa2c4e29011c2d38,base:0x72ab388e2e2f6facef59e3c3fa2c4e29011c2d38,0,1780200039,60,60,60,60,0,shadow-pos-f87ddc9d56c28947c3d5bbb3,first_position_mark_amount_usd,200.0,medium,yes,,yes
0x4e962bb3889bf030368f56810a9c96b83cb3e778|base:0x4e962bb3889bf030368f56810a9c96b83cb3e778|0|494500,0x4e962bb3889bf030368f56810a9c96b83cb3e778,base:0x4e962bb3889bf030368f56810a9c96b83cb3e778,0,1780200039,60,60,60,60,0,shadow-pos-05332d81d39fa35f6eb93cb6,first_position_mark_amount_usd,200.0,medium,yes,,yes
0xb2cc224c1c9fee385f8ad6a55b4d94e92359dc59|base:0xb2cc224c1c9fee385f8ad6a55b4d94e92359dc59|0|494500,0xb2cc224c1c9fee385f8ad6a55b4d94e92359dc59,base:0xb2cc224c1c9fee385f8ad6a55b4d94e92359dc59,0,1780200039,60,60,60,59,1,shadow-pos-1c318eaf0499e8c45254819e,first_position_mark_amount_usd,1000.0,medium,yes,,yes
0x70acdf2ad0bf2402c957154f944c19ef4e1cbae1|base:0x70acdf2ad0bf2402c957154f944c19ef4e1cbae1|0|494500,0x70acdf2ad0bf2402c957154f944c19ef4e1cbae1,base:0x70acdf2ad0bf2402c957154f944c19ef4e1cbae1,0,1780200039,60,60,60,60,0,shadow-pos-46950591f9141e70df2108ce,first_position_mark_amount_usd,200.0,medium,yes,,yes
0x72ab388e2e2f6facef59e3c3fa2c4e29011c2d38|base:0x72ab388e2e2f6facef59e3c3fa2c4e29011c2d38|0|494501,0x72ab388e2e2f6facef59e3c3fa2c4e29011c2d38,base:0x72ab388e2e2f6facef59e3c3fa2c4e29011c2d38,0,1780203639,60,60,60,60,0,shadow-pos-f87ddc9d56c28947c3d5bbb3,first_position_mark_amount_usd,200.0,medium,yes,,yes
0x4e962bb3889bf030368f56810a9c96b83cb3e778|base:0x4e962bb3889bf030368f56810a9c96b83cb3e778|0|494501,0x4e962bb3889bf030368f56810a9c96b83cb3e778,base:0x4e962bb3889bf030368f56810a9c96b83cb3e778,0,1780203639,60,60,60,60,0,shadow-pos-05332d81d39fa35f6eb93cb6,first_position_mark_amount_usd,200.0,medium,yes,,yes
0xb2cc224c1c9fee385f8ad6a55b4d94e92359dc59|base:0xb2cc224c1c9fee385f8ad6a55b4d94e92359dc59|0|494501,0xb2cc224c1c9fee385f8ad6a55b4d94e92359dc59,base:0xb2cc224c1c9fee385f8ad6a55b4d94e92359dc59,0,1780203639,60,60,60,60,0,shadow-pos-3c8be7914951f3fe48a76a4b,joined_position_amount_usd,1000.0,medium,yes,,yes
0x70acdf2ad0bf2402c957154f944c19ef4e1cbae1|base:0x70acdf2ad0bf2402c957154f944c19ef4e1cbae1|0|494501,0x70acdf2ad0bf2402c957154f944c19ef4e1cbae1,base:0x70acdf2ad0bf2402c957154f944c19ef4e1cbae1,0,1780203639,60,60,60,60,0,shadow-pos-46950591f9141e70df2108ce,first_position_mark_amount_usd,200.0,medium,yes,,yes
0xb2cc224c1c9fee385f8ad6a55b4d94e92359dc59|base:0xb2cc224c1c9fee385f8ad6a55b4d94e92359dc59|0|494502,0xb2cc224c1c9fee385f8ad6a55b4d94e92359dc59,base:0xb2cc224c1c9fee385f8ad6a55b4d94e92359dc59,0,1780207239,6,6,6,6,0,shadow-pos-3c8be7914951f3fe48a76a4b,first_position_mark_amount_usd,1000.0,medium,yes,,yes
0x70acdf2ad0bf2402c957154f944c19ef4e1cbae1|base:0x70acdf2ad0bf2402c957154f944c19ef4e1cbae1|0|494502,0x70acdf2ad0bf2402c957154f944c19ef4e1cbae1,base:0x70acdf2ad0bf2402c957154f944c19ef4e1cbae1,0,1780207239,6,6,6,6,0,shadow-pos-46950591f9141e70df2108ce,first_position_mark_amount_usd,200.0,medium,yes,,yes
0x72ab388e2e2f6facef59e3c3fa2c4e29011c2d38|base:0x72ab388e2e2f6facef59e3c3fa2c4e29011c2d38|0|494502,0x72ab388e2e2f6facef59e3c3fa2c4e29011c2d38,base:0x72ab388e2e2f6facef59e3c3fa2c4e29011c2d38,0,1780207239,6,6,6,6,0,shadow-pos-f87ddc9d56c28947c3d5bbb3,first_position_mark_amount_usd,200.0,medium,yes,,yes
0x4e962bb3889bf030368f56810a9c96b83cb3e778|base:0x4e962bb3889bf030368f56810a9c96b83cb3e778|0|494502,0x4e962bb3889bf030368f56810a9c96b83cb3e778,base:0x4e962bb3889bf030368f56810a9c96b83cb3e778,0,1780207239,6,6,6,6,0,shadow-pos-05332d81d39fa35f6eb93cb6,first_position_mark_amount_usd,200.0,medium,yes,,yes
