pool_address,coverage_arrays,bin_array_pubkey,bin_id,x_amount,y_amount,price,active_bin_distance,liquidity_available,decode_success,confidence,invalid_reason
5BKxfWMbmYBAEWvyPZS9esPducUba9GqyMjtLCfbaqyF,12,7cZeMDMH8YPF5YtgoWaCSw4eQVqjcqBcqCK9Fe2zih9n,-12390,0,0,,-142,false,true,0.85,
5BKxfWMbmYBAEWvyPZS9esPducUba9GqyMjtLCfbaqyF,12,7cZeMDMH8YPF5YtgoWaCSw4eQVqjcqBcqCK9Fe2zih9n,-12389,0,0,,-141,false,true,0.85,
5BKxfWMbmYBAEWvyPZS9esPducUba9GqyMjtLCfbaqyF,12,7cZeMDMH8YPF5YtgoWaCSw4eQVqjcqBcqCK9Fe2zih9n,-12388,0,0,,-140,false,true,0.85,
5BKxfWMbmYBAEWvyPZS9esPducUba9GqyMjtLCfbaqyF,12,7cZeMDMH8YPF5YtgoWaCSw4eQVqjcqBcqCK9Fe2zih9n,-12387,0,0,,-139,false,true,0.85,
5BKxfWMbmYBAEWvyPZS9esPducUba9GqyMjtLCfbaqyF,12,7cZeMDMH8YPF5YtgoWaCSw4eQVqjcqBcqCK9Fe2zih9n,-12386,0,0,,-138,false,true,0.85,
5BKxfWMbmYBAEWvyPZS9esPducUba9GqyMjtLCfbaqyF,12,7cZeMDMH8YPF5YtgoWaCSw4eQVqjcqBcqCK9Fe2zih9n,-12385,0,0,,-137,false,true,0.85,
5BKxfWMbmYBAEWvyPZS9esPducUba9GqyMjtLCfbaqyF,12,7cZeMDMH8YPF5YtgoWaCSw4eQVqjcqBcqCK9Fe2zih9n,-12384,0,0,,-136,false,true,0.85,
5BKxfWMbmYBAEWvyPZS9esPducUba9GqyMjtLCfbaqyF,12,7cZeMDMH8YPF5YtgoWaCSw4eQVqjcqBcqCK9Fe2zih9n,-12383,0,0,,-135,false,true,0.85,
5BKxfWMbmYBAEWvyPZS9esPducUba9GqyMjtLCfbaqyF,12,7cZeMDMH8YPF5YtgoWaCSw4eQVqjcqBcqCK9Fe2zih9n,-12382,0,0,,-134,false,true,0.85,
5BKxfWMbmYBAEWvyPZS9esPducUba9GqyMjtLCfbaqyF,12,7cZeMDMH8YPF5YtgoWaCSw4eQVqjcqBcqCK9Fe2zih9n,-12381,0,0,,-133,false,true,0.85,
5BKxfWMbmYBAEWvyPZS9esPducUba9GqyMjtLCfbaqyF,12,7cZeMDMH8YPF5YtgoWaCSw4eQVqjcqBcqCK9Fe2zih9n,-12380,0,0,,-132,false,true,0.85,
5BKxfWMbmYBAEWvyPZS9esPducUba9GqyMjtLCfbaqyF,12,7cZeMDMH8YPF5YtgoWaCSw4eQVqjcqBcqCK9Fe2zih9n,-12379,0,0,,-131,false,true,0.85,
5BKxfWMbmYBAEWvyPZS9esPducUba9GqyMjtLCfbaqyF,12,7cZeMDMH8YPF5YtgoWaCSw4eQVqjcqBcqCK9Fe2zih9n,-12378,0,0,,-130,false,true,0.85,
5BKxfWMbmYBAEWvyPZS9esPducUba9GqyMjtLCfbaqyF,12,7cZeMDMH8YPF5YtgoWaCSw4eQVqjcqBcqCK9Fe2zih9n,-12377,0,0,,-129,false,true,0.85,
5BKxfWMbmYBAEWvyPZS9esPducUba9GqyMjtLCfbaqyF,12,7cZeMDMH8YPF5YtgoWaCSw4eQVqjcqBcqCK9Fe2zih9n,-12376,0,0,,-128,false,true,0.85,
5BKxfWMbmYBAEWvyPZS9esPducUba9GqyMjtLCfbaqyF,12,7cZeMDMH8YPF5YtgoWaCSw4eQVqjcqBcqCK9Fe2zih9n,-12375,0,0,,-127,false,true,0.85,
5BKxfWMbmYBAEWvyPZS9esPducUba9GqyMjtLCfbaqyF,12,7cZeMDMH8YPF5YtgoWaCSw4eQVqjcqBcqCK9Fe2zih9n,-12374,0,0,,-126,false,true,0.85,
5BKxfWMbmYBAEWvyPZS9esPducUba9GqyMjtLCfbaqyF,12,7cZeMDMH8YPF5YtgoWaCSw4eQVqjcqBcqCK9Fe2zih9n,-12373,0,0,,-125,false,true,0.85,
5BKxfWMbmYBAEWvyPZS9esPducUba9GqyMjtLCfbaqyF,12,7cZeMDMH8YPF5YtgoWaCSw4eQVqjcqBcqCK9Fe2zih9n,-12372,0,0,,-124,false,true,0.85,
5BKxfWMbmYBAEWvyPZS9esPducUba9GqyMjtLCfbaqyF,12,7cZeMDMH8YPF5YtgoWaCSw4eQVqjcqBcqCK9Fe2zih9n,-12371,0,0,,-123,false,true,0.85,
5BKxfWMbmYBAEWvyPZS9esPducUba9GqyMjtLCfbaqyF,12,7cZeMDMH8YPF5YtgoWaCSw4eQVqjcqBcqCK9Fe2zih9n,-12370,0,0,,-122,false,true,0.85,
5BKxfWMbmYBAEWvyPZS9esPducUba9GqyMjtLCfbaqyF,12,7cZeMDMH8YPF5YtgoWaCSw4eQVqjcqBcqCK9Fe2zih9n,-12369,0,0,,-121,false,true,0.85,
5BKxfWMbmYBAEWvyPZS9esPducUba9GqyMjtLCfbaqyF,12,7cZeMDMH8YPF5YtgoWaCSw4eQVqjcqBcqCK9Fe2zih9n,-12368,0,0,,-120,false,true,0.85,
5BKxfWMbmYBAEWvyPZS9esPducUba9GqyMjtLCfbaqyF,12,7cZeMDMH8YPF5YtgoWaCSw4eQVqjcqBcqCK9Fe2zih9n,-12367,0,0,,-119,false,true,0.85,
5BKxfWMbmYBAEWvyPZS9esPducUba9GqyMjtLCfbaqyF,12,7cZeMDMH8YPF5YtgoWaCSw4eQVqjcqBcqCK9Fe2zih9n,-12366,0,0,,-118,false,true,0.85,
5BKxfWMbmYBAEWvyPZS9esPducUba9GqyMjtLCfbaqyF,12,7cZeMDMH8YPF5YtgoWaCSw4eQVqjcqBcqCK9Fe2zih9n,-12365,0,0,,-117,false,true,0.85,
5BKxfWMbmYBAEWvyPZS9esPducUba9GqyMjtLCfbaqyF,12,7cZeMDMH8YPF5YtgoWaCSw4eQVqjcqBcqCK9Fe2zih9n,-12364,0,0,,-116,false,true,0.85,
5BKxfWMbmYBAEWvyPZS9esPducUba9GqyMjtLCfbaqyF,12,7cZeMDMH8YPF5YtgoWaCSw4eQVqjcqBcqCK9Fe2zih9n,-12363,0,0,,-115,false,true,0.85,
5BKxfWMbmYBAEWvyPZS9esPducUba9GqyMjtLCfbaqyF,12,7cZeMDMH8YPF5YtgoWaCSw4eQVqjcqBcqCK9Fe2zih9n,-12362,0,0,,-114,false,true,0.85,
5BKxfWMbmYBAEWvyPZS9esPducUba9GqyMjtLCfbaqyF,12,7cZeMDMH8YPF5YtgoWaCSw4eQVqjcqBcqCK9Fe2zih9n,-12361,0,0,,-113,false,true,0.85,
5BKxfWMbmYBAEWvyPZS9esPducUba9GqyMjtLCfbaqyF,12,7cZeMDMH8YPF5YtgoWaCSw4eQVqjcqBcqCK9Fe2zih9n,-12360,0,0,,-112,false,true,0.85,
5BKxfWMbmYBAEWvyPZS9esPducUba9GqyMjtLCfbaqyF,12,7cZeMDMH8YPF5YtgoWaCSw4eQVqjcqBcqCK9Fe2zih9n,-12359,0,0,,-111,false,true,0.85,
5BKxfWMbmYBAEWvyPZS9esPducUba9GqyMjtLCfbaqyF,12,7cZeMDMH8YPF5YtgoWaCSw4eQVqjcqBcqCK9Fe2zih9n,-12358,0,0,,-110,false,true,0.85,
5BKxfWMbmYBAEWvyPZS9esPducUba9GqyMjtLCfbaqyF,12,7cZeMDMH8YPF5YtgoWaCSw4eQVqjcqBcqCK9Fe2zih9n,-12357,0,0,,-109,false,true,0.85,
5BKxfWMbmYBAEWvyPZS9esPducUba9GqyMjtLCfbaqyF,12,7cZeMDMH8YPF5YtgoWaCSw4eQVqjcqBcqCK9Fe2zih9n,-12356,0,0,,-108,false,true,0.85,
5BKxfWMbmYBAEWvyPZS9esPducUba9GqyMjtLCfbaqyF,12,7cZeMDMH8YPF5YtgoWaCSw4eQVqjcqBcqCK9Fe2zih9n,-12355,0,0,,-107,false,true,0.85,
5BKxfWMbmYBAEWvyPZS9esPducUba9GqyMjtLCfbaqyF,12,7cZeMDMH8YPF5YtgoWaCSw4eQVqjcqBcqCK9Fe2zih9n,-12354,0,0,,-106,false,true,0.85,
5BKxfWMbmYBAEWvyPZS9esPducUba9GqyMjtLCfbaqyF,12,7cZeMDMH8YPF5YtgoWaCSw4eQVqjcqBcqCK9Fe2zih9n,-12353,0,0,,-105,false,true,0.85,
5BKxfWMbmYBAEWvyPZS9esPducUba9GqyMjtLCfbaqyF,12,7cZeMDMH8YPF5YtgoWaCSw4eQVqjcqBcqCK9Fe2zih9n,-12352,0,0,,-104,false,true,0.85,
5BKxfWMbmYBAEWvyPZS9esPducUba9GqyMjtLCfbaqyF,12,7cZeMDMH8YPF5YtgoWaCSw4eQVqjcqBcqCK9Fe2zih9n,-12351,0,0,,-103,false,true,0.85,
5BKxfWMbmYBAEWvyPZS9esPducUba9GqyMjtLCfbaqyF,12,7cZeMDMH8YPF5YtgoWaCSw4eQVqjcqBcqCK9Fe2zih9n,-12350,0,0,,-102,false,true,0.85,
5BKxfWMbmYBAEWvyPZS9esPducUba9GqyMjtLCfbaqyF,12,7cZeMDMH8YPF5YtgoWaCSw4eQVqjcqBcqCK9Fe2zih9n,-12349,0,0,,-101,false,true,0.85,
5BKxfWMbmYBAEWvyPZS9esPducUba9GqyMjtLCfbaqyF,12,7cZeMDMH8YPF5YtgoWaCSw4eQVqjcqBcqCK9Fe2zih9n,-12348,0,0,,-100,false,true,0.85,
5BKxfWMbmYBAEWvyPZS9esPducUba9GqyMjtLCfbaqyF,12,7cZeMDMH8YPF5YtgoWaCSw4eQVqjcqBcqCK9Fe2zih9n,-12347,0,0,,-99,false,true,0.85,
5BKxfWMbmYBAEWvyPZS9esPducUba9GqyMjtLCfbaqyF,12,7cZeMDMH8YPF5YtgoWaCSw4eQVqjcqBcqCK9Fe2zih9n,-12346,0,0,,-98,false,true,0.85,
5BKxfWMbmYBAEWvyPZS9esPducUba9GqyMjtLCfbaqyF,12,7cZeMDMH8YPF5YtgoWaCSw4eQVqjcqBcqCK9Fe2zih9n,-12345,0,0,,-97,false,true,0.85,
5BKxfWMbmYBAEWvyPZS9esPducUba9GqyMjtLCfbaqyF,12,7cZeMDMH8YPF5YtgoWaCSw4eQVqjcqBcqCK9Fe2zih9n,-12344,0,0,,-96,false,true,0.85,
5BKxfWMbmYBAEWvyPZS9esPducUba9GqyMjtLCfbaqyF,12,7cZeMDMH8YPF5YtgoWaCSw4eQVqjcqBcqCK9Fe2zih9n,-12343,0,0,,-95,false,true,0.85,
5BKxfWMbmYBAEWvyPZS9esPducUba9GqyMjtLCfbaqyF,12,7cZeMDMH8YPF5YtgoWaCSw4eQVqjcqBcqCK9Fe2zih9n,-12342,0,0,,-94,false,true,0.85,
5BKxfWMbmYBAEWvyPZS9esPducUba9GqyMjtLCfbaqyF,12,7cZeMDMH8YPF5YtgoWaCSw4eQVqjcqBcqCK9Fe2zih9n,-12341,0,0,,-93,false,true,0.85,
5BKxfWMbmYBAEWvyPZS9esPducUba9GqyMjtLCfbaqyF,12,7cZeMDMH8YPF5YtgoWaCSw4eQVqjcqBcqCK9Fe2zih9n,-12340,0,0,,-92,false,true,0.85,
5BKxfWMbmYBAEWvyPZS9esPducUba9GqyMjtLCfbaqyF,12,7cZeMDMH8YPF5YtgoWaCSw4eQVqjcqBcqCK9Fe2zih9n,-12339,0,0,,-91,false,true,0.85,
5BKxfWMbmYBAEWvyPZS9esPducUba9GqyMjtLCfbaqyF,12,7cZeMDMH8YPF5YtgoWaCSw4eQVqjcqBcqCK9Fe2zih9n,-12338,0,0,,-90,false,true,0.85,
5BKxfWMbmYBAEWvyPZS9esPducUba9GqyMjtLCfbaqyF,12,7cZeMDMH8YPF5YtgoWaCSw4eQVqjcqBcqCK9Fe2zih9n,-12337,0,0,,-89,false,true,0.85,
5BKxfWMbmYBAEWvyPZS9esPducUba9GqyMjtLCfbaqyF,12,7cZeMDMH8YPF5YtgoWaCSw4eQVqjcqBcqCK9Fe2zih9n,-12336,0,0,,-88,false,true,0.85,
5BKxfWMbmYBAEWvyPZS9esPducUba9GqyMjtLCfbaqyF,12,7cZeMDMH8YPF5YtgoWaCSw4eQVqjcqBcqCK9Fe2zih9n,-12335,0,0,,-87,false,true,0.85,
5BKxfWMbmYBAEWvyPZS9esPducUba9GqyMjtLCfbaqyF,12,7cZeMDMH8YPF5YtgoWaCSw4eQVqjcqBcqCK9Fe2zih9n,-12334,0,0,,-86,false,true,0.85,
5BKxfWMbmYBAEWvyPZS9esPducUba9GqyMjtLCfbaqyF,12,7cZeMDMH8YPF5YtgoWaCSw4eQVqjcqBcqCK9Fe2zih9n,-12333,0,0,,-85,false,true,0.85,
5BKxfWMbmYBAEWvyPZS9esPducUba9GqyMjtLCfbaqyF,12,7cZeMDMH8YPF5YtgoWaCSw4eQVqjcqBcqCK9Fe2zih9n,-12332,0,0,,-84,false,true,0.85,
5BKxfWMbmYBAEWvyPZS9esPducUba9GqyMjtLCfbaqyF,12,7cZeMDMH8YPF5YtgoWaCSw4eQVqjcqBcqCK9Fe2zih9n,-12331,0,0,,-83,false,true,0.85,
5BKxfWMbmYBAEWvyPZS9esPducUba9GqyMjtLCfbaqyF,12,7cZeMDMH8YPF5YtgoWaCSw4eQVqjcqBcqCK9Fe2zih9n,-12330,0,0,,-82,false,true,0.85,
5BKxfWMbmYBAEWvyPZS9esPducUba9GqyMjtLCfbaqyF,12,7cZeMDMH8YPF5YtgoWaCSw4eQVqjcqBcqCK9Fe2zih9n,-12329,0,0,,-81,false,true,0.85,
5BKxfWMbmYBAEWvyPZS9esPducUba9GqyMjtLCfbaqyF,12,7cZeMDMH8YPF5YtgoWaCSw4eQVqjcqBcqCK9Fe2zih9n,-12328,0,0,,-80,false,true,0.85,
5BKxfWMbmYBAEWvyPZS9esPducUba9GqyMjtLCfbaqyF,12,7cZeMDMH8YPF5YtgoWaCSw4eQVqjcqBcqCK9Fe2zih9n,-12327,0,0,,-79,false,true,0.85,
5BKxfWMbmYBAEWvyPZS9esPducUba9GqyMjtLCfbaqyF,12,7cZeMDMH8YPF5YtgoWaCSw4eQVqjcqBcqCK9Fe2zih9n,-12326,0,0,,-78,false,true,0.85,
5BKxfWMbmYBAEWvyPZS9esPducUba9GqyMjtLCfbaqyF,12,7cZeMDMH8YPF5YtgoWaCSw4eQVqjcqBcqCK9Fe2zih9n,-12325,0,0,,-77,false,true,0.85,
5BKxfWMbmYBAEWvyPZS9esPducUba9GqyMjtLCfbaqyF,12,7cZeMDMH8YPF5YtgoWaCSw4eQVqjcqBcqCK9Fe2zih9n,-12324,0,0,,-76,false,true,0.85,
5BKxfWMbmYBAEWvyPZS9esPducUba9GqyMjtLCfbaqyF,12,7cZeMDMH8YPF5YtgoWaCSw4eQVqjcqBcqCK9Fe2zih9n,-12323,0,0,,-75,false,true,0.85,
5BKxfWMbmYBAEWvyPZS9esPducUba9GqyMjtLCfbaqyF,12,7cZeMDMH8YPF5YtgoWaCSw4eQVqjcqBcqCK9Fe2zih9n,-12322,0,0,,-74,false,true,0.85,
5BKxfWMbmYBAEWvyPZS9esPducUba9GqyMjtLCfbaqyF,12,7cZeMDMH8YPF5YtgoWaCSw4eQVqjcqBcqCK9Fe2zih9n,-12321,0,0,,-73,false,true,0.85,
5BKxfWMbmYBAEWvyPZS9esPducUba9GqyMjtLCfbaqyF,12,99daE4xkHTmziJZYh6XzfQ8mRqJD6kiYbDVtf8mRhoUL,-12320,0,0,,-72,false,true,0.85,
5BKxfWMbmYBAEWvyPZS9esPducUba9GqyMjtLCfbaqyF,12,99daE4xkHTmziJZYh6XzfQ8mRqJD6kiYbDVtf8mRhoUL,-12319,0,0,,-71,false,true,0.85,
5BKxfWMbmYBAEWvyPZS9esPducUba9GqyMjtLCfbaqyF,12,99daE4xkHTmziJZYh6XzfQ8mRqJD6kiYbDVtf8mRhoUL,-12318,0,0,,-70,false,true,0.85,
5BKxfWMbmYBAEWvyPZS9esPducUba9GqyMjtLCfbaqyF,12,99daE4xkHTmziJZYh6XzfQ8mRqJD6kiYbDVtf8mRhoUL,-12317,0,0,,-69,false,true,0.85,
5BKxfWMbmYBAEWvyPZS9esPducUba9GqyMjtLCfbaqyF,12,99daE4xkHTmziJZYh6XzfQ8mRqJD6kiYbDVtf8mRhoUL,-12316,0,0,,-68,false,true,0.85,
5BKxfWMbmYBAEWvyPZS9esPducUba9GqyMjtLCfbaqyF,12,99daE4xkHTmziJZYh6XzfQ8mRqJD6kiYbDVtf8mRhoUL,-12315,0,0,,-67,false,true,0.85,
5BKxfWMbmYBAEWvyPZS9esPducUba9GqyMjtLCfbaqyF,12,99daE4xkHTmziJZYh6XzfQ8mRqJD6kiYbDVtf8mRhoUL,-12314,0,0,,-66,false,true,0.85,
5BKxfWMbmYBAEWvyPZS9esPducUba9GqyMjtLCfbaqyF,12,99daE4xkHTmziJZYh6XzfQ8mRqJD6kiYbDVtf8mRhoUL,-12313,0,0,,-65,false,true,0.85,
5BKxfWMbmYBAEWvyPZS9esPducUba9GqyMjtLCfbaqyF,12,99daE4xkHTmziJZYh6XzfQ8mRqJD6kiYbDVtf8mRhoUL,-12312,0,0,,-64,false,true,0.85,
5BKxfWMbmYBAEWvyPZS9esPducUba9GqyMjtLCfbaqyF,12,99daE4xkHTmziJZYh6XzfQ8mRqJD6kiYbDVtf8mRhoUL,-12311,0,0,,-63,false,true,0.85,
5BKxfWMbmYBAEWvyPZS9esPducUba9GqyMjtLCfbaqyF,12,99daE4xkHTmziJZYh6XzfQ8mRqJD6kiYbDVtf8mRhoUL,-12310,0,0,,-62,false,true,0.85,
5BKxfWMbmYBAEWvyPZS9esPducUba9GqyMjtLCfbaqyF,12,99daE4xkHTmziJZYh6XzfQ8mRqJD6kiYbDVtf8mRhoUL,-12309,0,0,,-61,false,true,0.85,
5BKxfWMbmYBAEWvyPZS9esPducUba9GqyMjtLCfbaqyF,12,99daE4xkHTmziJZYh6XzfQ8mRqJD6kiYbDVtf8mRhoUL,-12308,0,0,,-60,false,true,0.85,
5BKxfWMbmYBAEWvyPZS9esPducUba9GqyMjtLCfbaqyF,12,99daE4xkHTmziJZYh6XzfQ8mRqJD6kiYbDVtf8mRhoUL,-12307,0,0,,-59,false,true,0.85,
5BKxfWMbmYBAEWvyPZS9esPducUba9GqyMjtLCfbaqyF,12,99daE4xkHTmziJZYh6XzfQ8mRqJD6kiYbDVtf8mRhoUL,-12306,0,0,,-58,false,true,0.85,
5BKxfWMbmYBAEWvyPZS9esPducUba9GqyMjtLCfbaqyF,12,99daE4xkHTmziJZYh6XzfQ8mRqJD6kiYbDVtf8mRhoUL,-12305,0,0,,-57,false,true,0.85,
5BKxfWMbmYBAEWvyPZS9esPducUba9GqyMjtLCfbaqyF,12,99daE4xkHTmziJZYh6XzfQ8mRqJD6kiYbDVtf8mRhoUL,-12304,0,0,,-56,false,true,0.85,
5BKxfWMbmYBAEWvyPZS9esPducUba9GqyMjtLCfbaqyF,12,99daE4xkHTmziJZYh6XzfQ8mRqJD6kiYbDVtf8mRhoUL,-12303,0,0,,-55,false,true,0.85,
5BKxfWMbmYBAEWvyPZS9esPducUba9GqyMjtLCfbaqyF,12,99daE4xkHTmziJZYh6XzfQ8mRqJD6kiYbDVtf8mRhoUL,-12302,0,0,,-54,false,true,0.85,
5BKxfWMbmYBAEWvyPZS9esPducUba9GqyMjtLCfbaqyF,12,99daE4xkHTmziJZYh6XzfQ8mRqJD6kiYbDVtf8mRhoUL,-12301,0,0,,-53,false,true,0.85,
5BKxfWMbmYBAEWvyPZS9esPducUba9GqyMjtLCfbaqyF,12,99daE4xkHTmziJZYh6XzfQ8mRqJD6kiYbDVtf8mRhoUL,-12300,0,0,,-52,false,true,0.85,
5BKxfWMbmYBAEWvyPZS9esPducUba9GqyMjtLCfbaqyF,12,99daE4xkHTmziJZYh6XzfQ8mRqJD6kiYbDVtf8mRhoUL,-12299,0,0,,-51,false,true,0.85,
5BKxfWMbmYBAEWvyPZS9esPducUba9GqyMjtLCfbaqyF,12,99daE4xkHTmziJZYh6XzfQ8mRqJD6kiYbDVtf8mRhoUL,-12298,0,0,,-50,false,true,0.85,
5BKxfWMbmYBAEWvyPZS9esPducUba9GqyMjtLCfbaqyF,12,99daE4xkHTmziJZYh6XzfQ8mRqJD6kiYbDVtf8mRhoUL,-12297,0,0,,-49,false,true,0.85,
5BKxfWMbmYBAEWvyPZS9esPducUba9GqyMjtLCfbaqyF,12,99daE4xkHTmziJZYh6XzfQ8mRqJD6kiYbDVtf8mRhoUL,-12296,0,0,,-48,false,true,0.85,
5BKxfWMbmYBAEWvyPZS9esPducUba9GqyMjtLCfbaqyF,12,99daE4xkHTmziJZYh6XzfQ8mRqJD6kiYbDVtf8mRhoUL,-12295,0,0,,-47,false,true,0.85,
5BKxfWMbmYBAEWvyPZS9esPducUba9GqyMjtLCfbaqyF,12,99daE4xkHTmziJZYh6XzfQ8mRqJD6kiYbDVtf8mRhoUL,-12294,0,0,,-46,false,true,0.85,
5BKxfWMbmYBAEWvyPZS9esPducUba9GqyMjtLCfbaqyF,12,99daE4xkHTmziJZYh6XzfQ8mRqJD6kiYbDVtf8mRhoUL,-12293,0,0,,-45,false,true,0.85,
5BKxfWMbmYBAEWvyPZS9esPducUba9GqyMjtLCfbaqyF,12,99daE4xkHTmziJZYh6XzfQ8mRqJD6kiYbDVtf8mRhoUL,-12292,0,0,,-44,false,true,0.85,
5BKxfWMbmYBAEWvyPZS9esPducUba9GqyMjtLCfbaqyF,12,99daE4xkHTmziJZYh6XzfQ8mRqJD6kiYbDVtf8mRhoUL,-12291,0,0,,-43,false,true,0.85,
5BKxfWMbmYBAEWvyPZS9esPducUba9GqyMjtLCfbaqyF,12,99daE4xkHTmziJZYh6XzfQ8mRqJD6kiYbDVtf8mRhoUL,-12290,0,0,,-42,false,true,0.85,
5BKxfWMbmYBAEWvyPZS9esPducUba9GqyMjtLCfbaqyF,12,99daE4xkHTmziJZYh6XzfQ8mRqJD6kiYbDVtf8mRhoUL,-12289,0,0,,-41,false,true,0.85,
5BKxfWMbmYBAEWvyPZS9esPducUba9GqyMjtLCfbaqyF,12,99daE4xkHTmziJZYh6XzfQ8mRqJD6kiYbDVtf8mRhoUL,-12288,0,0,,-40,false,true,0.85,
5BKxfWMbmYBAEWvyPZS9esPducUba9GqyMjtLCfbaqyF,12,99daE4xkHTmziJZYh6XzfQ8mRqJD6kiYbDVtf8mRhoUL,-12287,0,0,,-39,false,true,0.85,
5BKxfWMbmYBAEWvyPZS9esPducUba9GqyMjtLCfbaqyF,12,99daE4xkHTmziJZYh6XzfQ8mRqJD6kiYbDVtf8mRhoUL,-12286,0,0,,-38,false,true,0.85,
5BKxfWMbmYBAEWvyPZS9esPducUba9GqyMjtLCfbaqyF,12,99daE4xkHTmziJZYh6XzfQ8mRqJD6kiYbDVtf8mRhoUL,-12285,0,0,,-37,false,true,0.85,
5BKxfWMbmYBAEWvyPZS9esPducUba9GqyMjtLCfbaqyF,12,99daE4xkHTmziJZYh6XzfQ8mRqJD6kiYbDVtf8mRhoUL,-12284,0,0,,-36,false,true,0.85,
5BKxfWMbmYBAEWvyPZS9esPducUba9GqyMjtLCfbaqyF,12,99daE4xkHTmziJZYh6XzfQ8mRqJD6kiYbDVtf8mRhoUL,-12283,0,0,,-35,false,true,0.85,
5BKxfWMbmYBAEWvyPZS9esPducUba9GqyMjtLCfbaqyF,12,99daE4xkHTmziJZYh6XzfQ8mRqJD6kiYbDVtf8mRhoUL,-12282,0,0,,-34,false,true,0.85,
5BKxfWMbmYBAEWvyPZS9esPducUba9GqyMjtLCfbaqyF,12,99daE4xkHTmziJZYh6XzfQ8mRqJD6kiYbDVtf8mRhoUL,-12281,0,0,,-33,false,true,0.85,
5BKxfWMbmYBAEWvyPZS9esPducUba9GqyMjtLCfbaqyF,12,99daE4xkHTmziJZYh6XzfQ8mRqJD6kiYbDVtf8mRhoUL,-12280,0,0,,-32,false,true,0.85,
5BKxfWMbmYBAEWvyPZS9esPducUba9GqyMjtLCfbaqyF,12,99daE4xkHTmziJZYh6XzfQ8mRqJD6kiYbDVtf8mRhoUL,-12279,0,0,,-31,false,true,0.85,
5BKxfWMbmYBAEWvyPZS9esPducUba9GqyMjtLCfbaqyF,12,99daE4xkHTmziJZYh6XzfQ8mRqJD6kiYbDVtf8mRhoUL,-12278,0,0,,-30,false,true,0.85,
5BKxfWMbmYBAEWvyPZS9esPducUba9GqyMjtLCfbaqyF,12,99daE4xkHTmziJZYh6XzfQ8mRqJD6kiYbDVtf8mRhoUL,-12277,0,0,,-29,false,true,0.85,
5BKxfWMbmYBAEWvyPZS9esPducUba9GqyMjtLCfbaqyF,12,99daE4xkHTmziJZYh6XzfQ8mRqJD6kiYbDVtf8mRhoUL,-12276,0,0,,-28,false,true,0.85,
5BKxfWMbmYBAEWvyPZS9esPducUba9GqyMjtLCfbaqyF,12,99daE4xkHTmziJZYh6XzfQ8mRqJD6kiYbDVtf8mRhoUL,-12275,0,0,,-27,false,true,0.85,
5BKxfWMbmYBAEWvyPZS9esPducUba9GqyMjtLCfbaqyF,12,99daE4xkHTmziJZYh6XzfQ8mRqJD6kiYbDVtf8mRhoUL,-12274,0,0,,-26,false,true,0.85,
5BKxfWMbmYBAEWvyPZS9esPducUba9GqyMjtLCfbaqyF,12,99daE4xkHTmziJZYh6XzfQ8mRqJD6kiYbDVtf8mRhoUL,-12273,0,0,,-25,false,true,0.85,
5BKxfWMbmYBAEWvyPZS9esPducUba9GqyMjtLCfbaqyF,12,99daE4xkHTmziJZYh6XzfQ8mRqJD6kiYbDVtf8mRhoUL,-12272,0,0,,-24,false,true,0.85,
5BKxfWMbmYBAEWvyPZS9esPducUba9GqyMjtLCfbaqyF,12,99daE4xkHTmziJZYh6XzfQ8mRqJD6kiYbDVtf8mRhoUL,-12271,0,0,,-23,false,true,0.85,
5BKxfWMbmYBAEWvyPZS9esPducUba9GqyMjtLCfbaqyF,12,99daE4xkHTmziJZYh6XzfQ8mRqJD6kiYbDVtf8mRhoUL,-12270,0,0,,-22,false,true,0.85,
5BKxfWMbmYBAEWvyPZS9esPducUba9GqyMjtLCfbaqyF,12,99daE4xkHTmziJZYh6XzfQ8mRqJD6kiYbDVtf8mRhoUL,-12269,0,0,,-21,false,true,0.85,
5BKxfWMbmYBAEWvyPZS9esPducUba9GqyMjtLCfbaqyF,12,99daE4xkHTmziJZYh6XzfQ8mRqJD6kiYbDVtf8mRhoUL,-12268,0,0,,-20,false,true,0.85,
5BKxfWMbmYBAEWvyPZS9esPducUba9GqyMjtLCfbaqyF,12,99daE4xkHTmziJZYh6XzfQ8mRqJD6kiYbDVtf8mRhoUL,-12267,0,0,,-19,false,true,0.85,
5BKxfWMbmYBAEWvyPZS9esPducUba9GqyMjtLCfbaqyF,12,99daE4xkHTmziJZYh6XzfQ8mRqJD6kiYbDVtf8mRhoUL,-12266,0,0,,-18,false,true,0.85,
5BKxfWMbmYBAEWvyPZS9esPducUba9GqyMjtLCfbaqyF,12,99daE4xkHTmziJZYh6XzfQ8mRqJD6kiYbDVtf8mRhoUL,-12265,0,0,,-17,false,true,0.85,
5BKxfWMbmYBAEWvyPZS9esPducUba9GqyMjtLCfbaqyF,12,99daE4xkHTmziJZYh6XzfQ8mRqJD6kiYbDVtf8mRhoUL,-12264,0,0,,-16,false,true,0.85,
5BKxfWMbmYBAEWvyPZS9esPducUba9GqyMjtLCfbaqyF,12,99daE4xkHTmziJZYh6XzfQ8mRqJD6kiYbDVtf8mRhoUL,-12263,0,0,,-15,false,true,0.85,
5BKxfWMbmYBAEWvyPZS9esPducUba9GqyMjtLCfbaqyF,12,99daE4xkHTmziJZYh6XzfQ8mRqJD6kiYbDVtf8mRhoUL,-12262,0,0,,-14,false,true,0.85,
5BKxfWMbmYBAEWvyPZS9esPducUba9GqyMjtLCfbaqyF,12,99daE4xkHTmziJZYh6XzfQ8mRqJD6kiYbDVtf8mRhoUL,-12261,0,0,,-13,false,true,0.85,
5BKxfWMbmYBAEWvyPZS9esPducUba9GqyMjtLCfbaqyF,12,99daE4xkHTmziJZYh6XzfQ8mRqJD6kiYbDVtf8mRhoUL,-12260,0,0,,-12,false,true,0.85,
5BKxfWMbmYBAEWvyPZS9esPducUba9GqyMjtLCfbaqyF,12,99daE4xkHTmziJZYh6XzfQ8mRqJD6kiYbDVtf8mRhoUL,-12259,0,0,,-11,false,true,0.85,
5BKxfWMbmYBAEWvyPZS9esPducUba9GqyMjtLCfbaqyF,12,99daE4xkHTmziJZYh6XzfQ8mRqJD6kiYbDVtf8mRhoUL,-12258,0,0,,-10,false,true,0.85,
5BKxfWMbmYBAEWvyPZS9esPducUba9GqyMjtLCfbaqyF,12,99daE4xkHTmziJZYh6XzfQ8mRqJD6kiYbDVtf8mRhoUL,-12257,0,0,,-9,false,true,0.85,
5BKxfWMbmYBAEWvyPZS9esPducUba9GqyMjtLCfbaqyF,12,99daE4xkHTmziJZYh6XzfQ8mRqJD6kiYbDVtf8mRhoUL,-12256,0,0,,-8,false,true,0.85,
5BKxfWMbmYBAEWvyPZS9esPducUba9GqyMjtLCfbaqyF,12,99daE4xkHTmziJZYh6XzfQ8mRqJD6kiYbDVtf8mRhoUL,-12255,0,0,,-7,false,true,0.85,
5BKxfWMbmYBAEWvyPZS9esPducUba9GqyMjtLCfbaqyF,12,99daE4xkHTmziJZYh6XzfQ8mRqJD6kiYbDVtf8mRhoUL,-12254,0,0,,-6,false,true,0.85,
5BKxfWMbmYBAEWvyPZS9esPducUba9GqyMjtLCfbaqyF,12,99daE4xkHTmziJZYh6XzfQ8mRqJD6kiYbDVtf8mRhoUL,-12253,0,0,,-5,false,true,0.85,
5BKxfWMbmYBAEWvyPZS9esPducUba9GqyMjtLCfbaqyF,12,99daE4xkHTmziJZYh6XzfQ8mRqJD6kiYbDVtf8mRhoUL,-12252,0,0,,-4,false,true,0.85,
5BKxfWMbmYBAEWvyPZS9esPducUba9GqyMjtLCfbaqyF,12,99daE4xkHTmziJZYh6XzfQ8mRqJD6kiYbDVtf8mRhoUL,-12251,0,0,,-3,false,true,0.85,
5BKxfWMbmYBAEWvyPZS9esPducUba9GqyMjtLCfbaqyF,12,HEG2LuUaJNZNS7EYD5qXL8G3FAHEHKzWZaMPCu3osU1R,-12250,0,0,,-2,false,true,0.85,
5BKxfWMbmYBAEWvyPZS9esPducUba9GqyMjtLCfbaqyF,12,HEG2LuUaJNZNS7EYD5qXL8G3FAHEHKzWZaMPCu3osU1R,-12249,0,0,,-1,false,true,0.85,
5BKxfWMbmYBAEWvyPZS9esPducUba9GqyMjtLCfbaqyF,12,HEG2LuUaJNZNS7EYD5qXL8G3FAHEHKzWZaMPCu3osU1R,-12248,0,0,,0,false,true,0.85,
5BKxfWMbmYBAEWvyPZS9esPducUba9GqyMjtLCfbaqyF,12,HEG2LuUaJNZNS7EYD5qXL8G3FAHEHKzWZaMPCu3osU1R,-12247,0,0,,1,false,true,0.85,
5BKxfWMbmYBAEWvyPZS9esPducUba9GqyMjtLCfbaqyF,12,HEG2LuUaJNZNS7EYD5qXL8G3FAHEHKzWZaMPCu3osU1R,-12246,0,0,,2,false,true,0.85,
5BKxfWMbmYBAEWvyPZS9esPducUba9GqyMjtLCfbaqyF,12,HEG2LuUaJNZNS7EYD5qXL8G3FAHEHKzWZaMPCu3osU1R,-12245,0,0,,3,false,true,0.85,
5BKxfWMbmYBAEWvyPZS9esPducUba9GqyMjtLCfbaqyF,12,HEG2LuUaJNZNS7EYD5qXL8G3FAHEHKzWZaMPCu3osU1R,-12244,0,0,,4,false,true,0.85,
5BKxfWMbmYBAEWvyPZS9esPducUba9GqyMjtLCfbaqyF,12,HEG2LuUaJNZNS7EYD5qXL8G3FAHEHKzWZaMPCu3osU1R,-12243,0,0,,5,false,true,0.85,
5BKxfWMbmYBAEWvyPZS9esPducUba9GqyMjtLCfbaqyF,12,HEG2LuUaJNZNS7EYD5qXL8G3FAHEHKzWZaMPCu3osU1R,-12242,0,0,,6,false,true,0.85,
5BKxfWMbmYBAEWvyPZS9esPducUba9GqyMjtLCfbaqyF,12,HEG2LuUaJNZNS7EYD5qXL8G3FAHEHKzWZaMPCu3osU1R,-12241,0,0,,7,false,true,0.85,
5BKxfWMbmYBAEWvyPZS9esPducUba9GqyMjtLCfbaqyF,12,HEG2LuUaJNZNS7EYD5qXL8G3FAHEHKzWZaMPCu3osU1R,-12240,0,0,,8,false,true,0.85,
5BKxfWMbmYBAEWvyPZS9esPducUba9GqyMjtLCfbaqyF,12,HEG2LuUaJNZNS7EYD5qXL8G3FAHEHKzWZaMPCu3osU1R,-12239,0,0,,9,false,true,0.85,
5BKxfWMbmYBAEWvyPZS9esPducUba9GqyMjtLCfbaqyF,12,HEG2LuUaJNZNS7EYD5qXL8G3FAHEHKzWZaMPCu3osU1R,-12238,0,0,,10,false,true,0.85,
5BKxfWMbmYBAEWvyPZS9esPducUba9GqyMjtLCfbaqyF,12,HEG2LuUaJNZNS7EYD5qXL8G3FAHEHKzWZaMPCu3osU1R,-12237,0,0,,11,false,true,0.85,
5BKxfWMbmYBAEWvyPZS9esPducUba9GqyMjtLCfbaqyF,12,HEG2LuUaJNZNS7EYD5qXL8G3FAHEHKzWZaMPCu3osU1R,-12236,0,0,,12,false,true,0.85,
5BKxfWMbmYBAEWvyPZS9esPducUba9GqyMjtLCfbaqyF,12,HEG2LuUaJNZNS7EYD5qXL8G3FAHEHKzWZaMPCu3osU1R,-12235,0,0,,13,false,true,0.85,
5BKxfWMbmYBAEWvyPZS9esPducUba9GqyMjtLCfbaqyF,12,HEG2LuUaJNZNS7EYD5qXL8G3FAHEHKzWZaMPCu3osU1R,-12234,0,0,,14,false,true,0.85,
5BKxfWMbmYBAEWvyPZS9esPducUba9GqyMjtLCfbaqyF,12,HEG2LuUaJNZNS7EYD5qXL8G3FAHEHKzWZaMPCu3osU1R,-12233,0,0,,15,false,true,0.85,
5BKxfWMbmYBAEWvyPZS9esPducUba9GqyMjtLCfbaqyF,12,HEG2LuUaJNZNS7EYD5qXL8G3FAHEHKzWZaMPCu3osU1R,-12232,0,0,,16,false,true,0.85,
5BKxfWMbmYBAEWvyPZS9esPducUba9GqyMjtLCfbaqyF,12,HEG2LuUaJNZNS7EYD5qXL8G3FAHEHKzWZaMPCu3osU1R,-12231,0,0,,17,false,true,0.85,
5BKxfWMbmYBAEWvyPZS9esPducUba9GqyMjtLCfbaqyF,12,HEG2LuUaJNZNS7EYD5qXL8G3FAHEHKzWZaMPCu3osU1R,-12230,0,0,,18,false,true,0.85,
5BKxfWMbmYBAEWvyPZS9esPducUba9GqyMjtLCfbaqyF,12,HEG2LuUaJNZNS7EYD5qXL8G3FAHEHKzWZaMPCu3osU1R,-12229,0,0,,19,false,true,0.85,
5BKxfWMbmYBAEWvyPZS9esPducUba9GqyMjtLCfbaqyF,12,HEG2LuUaJNZNS7EYD5qXL8G3FAHEHKzWZaMPCu3osU1R,-12228,0,0,,20,false,true,0.85,
5BKxfWMbmYBAEWvyPZS9esPducUba9GqyMjtLCfbaqyF,12,HEG2LuUaJNZNS7EYD5qXL8G3FAHEHKzWZaMPCu3osU1R,-12227,0,0,,21,false,true,0.85,
5BKxfWMbmYBAEWvyPZS9esPducUba9GqyMjtLCfbaqyF,12,HEG2LuUaJNZNS7EYD5qXL8G3FAHEHKzWZaMPCu3osU1R,-12226,0,0,,22,false,true,0.85,
5BKxfWMbmYBAEWvyPZS9esPducUba9GqyMjtLCfbaqyF,12,HEG2LuUaJNZNS7EYD5qXL8G3FAHEHKzWZaMPCu3osU1R,-12225,0,0,,23,false,true,0.85,
5BKxfWMbmYBAEWvyPZS9esPducUba9GqyMjtLCfbaqyF,12,HEG2LuUaJNZNS7EYD5qXL8G3FAHEHKzWZaMPCu3osU1R,-12224,0,0,,24,false,true,0.85,
5BKxfWMbmYBAEWvyPZS9esPducUba9GqyMjtLCfbaqyF,12,HEG2LuUaJNZNS7EYD5qXL8G3FAHEHKzWZaMPCu3osU1R,-12223,0,0,,25,false,true,0.85,
5BKxfWMbmYBAEWvyPZS9esPducUba9GqyMjtLCfbaqyF,12,HEG2LuUaJNZNS7EYD5qXL8G3FAHEHKzWZaMPCu3osU1R,-12222,0,0,,26,false,true,0.85,
5BKxfWMbmYBAEWvyPZS9esPducUba9GqyMjtLCfbaqyF,12,HEG2LuUaJNZNS7EYD5qXL8G3FAHEHKzWZaMPCu3osU1R,-12221,0,0,,27,false,true,0.85,
5BKxfWMbmYBAEWvyPZS9esPducUba9GqyMjtLCfbaqyF,12,HEG2LuUaJNZNS7EYD5qXL8G3FAHEHKzWZaMPCu3osU1R,-12220,0,0,,28,false,true,0.85,
5BKxfWMbmYBAEWvyPZS9esPducUba9GqyMjtLCfbaqyF,12,HEG2LuUaJNZNS7EYD5qXL8G3FAHEHKzWZaMPCu3osU1R,-12219,0,0,,29,false,true,0.85,
5BKxfWMbmYBAEWvyPZS9esPducUba9GqyMjtLCfbaqyF,12,HEG2LuUaJNZNS7EYD5qXL8G3FAHEHKzWZaMPCu3osU1R,-12218,0,0,,30,false,true,0.85,
5BKxfWMbmYBAEWvyPZS9esPducUba9GqyMjtLCfbaqyF,12,HEG2LuUaJNZNS7EYD5qXL8G3FAHEHKzWZaMPCu3osU1R,-12217,0,0,,31,false,true,0.85,
5BKxfWMbmYBAEWvyPZS9esPducUba9GqyMjtLCfbaqyF,12,HEG2LuUaJNZNS7EYD5qXL8G3FAHEHKzWZaMPCu3osU1R,-12216,0,0,,32,false,true,0.85,
5BKxfWMbmYBAEWvyPZS9esPducUba9GqyMjtLCfbaqyF,12,HEG2LuUaJNZNS7EYD5qXL8G3FAHEHKzWZaMPCu3osU1R,-12215,0,0,,33,false,true,0.85,
5BKxfWMbmYBAEWvyPZS9esPducUba9GqyMjtLCfbaqyF,12,HEG2LuUaJNZNS7EYD5qXL8G3FAHEHKzWZaMPCu3osU1R,-12214,0,0,,34,false,true,0.85,
5BKxfWMbmYBAEWvyPZS9esPducUba9GqyMjtLCfbaqyF,12,HEG2LuUaJNZNS7EYD5qXL8G3FAHEHKzWZaMPCu3osU1R,-12213,0,0,,35,false,true,0.85,
5BKxfWMbmYBAEWvyPZS9esPducUba9GqyMjtLCfbaqyF,12,HEG2LuUaJNZNS7EYD5qXL8G3FAHEHKzWZaMPCu3osU1R,-12212,0,0,,36,false,true,0.85,
5BKxfWMbmYBAEWvyPZS9esPducUba9GqyMjtLCfbaqyF,12,HEG2LuUaJNZNS7EYD5qXL8G3FAHEHKzWZaMPCu3osU1R,-12211,0,0,,37,false,true,0.85,
5BKxfWMbmYBAEWvyPZS9esPducUba9GqyMjtLCfbaqyF,12,HEG2LuUaJNZNS7EYD5qXL8G3FAHEHKzWZaMPCu3osU1R,-12210,0,0,,38,false,true,0.85,
5BKxfWMbmYBAEWvyPZS9esPducUba9GqyMjtLCfbaqyF,12,HEG2LuUaJNZNS7EYD5qXL8G3FAHEHKzWZaMPCu3osU1R,-12209,0,0,,39,false,true,0.85,
5BKxfWMbmYBAEWvyPZS9esPducUba9GqyMjtLCfbaqyF,12,HEG2LuUaJNZNS7EYD5qXL8G3FAHEHKzWZaMPCu3osU1R,-12208,0,0,,40,false,true,0.85,
5BKxfWMbmYBAEWvyPZS9esPducUba9GqyMjtLCfbaqyF,12,HEG2LuUaJNZNS7EYD5qXL8G3FAHEHKzWZaMPCu3osU1R,-12207,0,0,,41,false,true,0.85,
5BKxfWMbmYBAEWvyPZS9esPducUba9GqyMjtLCfbaqyF,12,HEG2LuUaJNZNS7EYD5qXL8G3FAHEHKzWZaMPCu3osU1R,-12206,0,0,,42,false,true,0.85,
5BKxfWMbmYBAEWvyPZS9esPducUba9GqyMjtLCfbaqyF,12,HEG2LuUaJNZNS7EYD5qXL8G3FAHEHKzWZaMPCu3osU1R,-12205,0,0,,43,false,true,0.85,
5BKxfWMbmYBAEWvyPZS9esPducUba9GqyMjtLCfbaqyF,12,HEG2LuUaJNZNS7EYD5qXL8G3FAHEHKzWZaMPCu3osU1R,-12204,0,0,,44,false,true,0.85,
5BKxfWMbmYBAEWvyPZS9esPducUba9GqyMjtLCfbaqyF,12,HEG2LuUaJNZNS7EYD5qXL8G3FAHEHKzWZaMPCu3osU1R,-12203,0,0,,45,false,true,0.85,
5BKxfWMbmYBAEWvyPZS9esPducUba9GqyMjtLCfbaqyF,12,HEG2LuUaJNZNS7EYD5qXL8G3FAHEHKzWZaMPCu3osU1R,-12202,0,0,,46,false,true,0.85,
5BKxfWMbmYBAEWvyPZS9esPducUba9GqyMjtLCfbaqyF,12,HEG2LuUaJNZNS7EYD5qXL8G3FAHEHKzWZaMPCu3osU1R,-12201,0,0,,47,false,true,0.85,
5BKxfWMbmYBAEWvyPZS9esPducUba9GqyMjtLCfbaqyF,12,HEG2LuUaJNZNS7EYD5qXL8G3FAHEHKzWZaMPCu3osU1R,-12200,0,0,,48,false,true,0.85,
5BKxfWMbmYBAEWvyPZS9esPducUba9GqyMjtLCfbaqyF,12,HEG2LuUaJNZNS7EYD5qXL8G3FAHEHKzWZaMPCu3osU1R,-12199,0,0,,49,false,true,0.85,
5BKxfWMbmYBAEWvyPZS9esPducUba9GqyMjtLCfbaqyF,12,HEG2LuUaJNZNS7EYD5qXL8G3FAHEHKzWZaMPCu3osU1R,-12198,0,0,,50,false,true,0.85,
5BKxfWMbmYBAEWvyPZS9esPducUba9GqyMjtLCfbaqyF,12,HEG2LuUaJNZNS7EYD5qXL8G3FAHEHKzWZaMPCu3osU1R,-12197,0,0,,51,false,true,0.85,
5BKxfWMbmYBAEWvyPZS9esPducUba9GqyMjtLCfbaqyF,12,HEG2LuUaJNZNS7EYD5qXL8G3FAHEHKzWZaMPCu3osU1R,-12196,0,0,,52,false,true,0.85,
5BKxfWMbmYBAEWvyPZS9esPducUba9GqyMjtLCfbaqyF,12,HEG2LuUaJNZNS7EYD5qXL8G3FAHEHKzWZaMPCu3osU1R,-12195,0,0,,53,false,true,0.85,
5BKxfWMbmYBAEWvyPZS9esPducUba9GqyMjtLCfbaqyF,12,HEG2LuUaJNZNS7EYD5qXL8G3FAHEHKzWZaMPCu3osU1R,-12194,0,0,,54,false,true,0.85,
5BKxfWMbmYBAEWvyPZS9esPducUba9GqyMjtLCfbaqyF,12,HEG2LuUaJNZNS7EYD5qXL8G3FAHEHKzWZaMPCu3osU1R,-12193,0,0,,55,false,true,0.85,
5BKxfWMbmYBAEWvyPZS9esPducUba9GqyMjtLCfbaqyF,12,HEG2LuUaJNZNS7EYD5qXL8G3FAHEHKzWZaMPCu3osU1R,-12192,0,0,,56,false,true,0.85,
5BKxfWMbmYBAEWvyPZS9esPducUba9GqyMjtLCfbaqyF,12,HEG2LuUaJNZNS7EYD5qXL8G3FAHEHKzWZaMPCu3osU1R,-12191,0,0,,57,false,true,0.85,
5BKxfWMbmYBAEWvyPZS9esPducUba9GqyMjtLCfbaqyF,12,HEG2LuUaJNZNS7EYD5qXL8G3FAHEHKzWZaMPCu3osU1R,-12190,0,0,,58,false,true,0.85,
5BKxfWMbmYBAEWvyPZS9esPducUba9GqyMjtLCfbaqyF,12,HEG2LuUaJNZNS7EYD5qXL8G3FAHEHKzWZaMPCu3osU1R,-12189,0,0,,59,false,true,0.85,
5BKxfWMbmYBAEWvyPZS9esPducUba9GqyMjtLCfbaqyF,12,HEG2LuUaJNZNS7EYD5qXL8G3FAHEHKzWZaMPCu3osU1R,-12188,0,0,,60,false,true,0.85,
5BKxfWMbmYBAEWvyPZS9esPducUba9GqyMjtLCfbaqyF,12,HEG2LuUaJNZNS7EYD5qXL8G3FAHEHKzWZaMPCu3osU1R,-12187,0,0,,61,false,true,0.85,
5BKxfWMbmYBAEWvyPZS9esPducUba9GqyMjtLCfbaqyF,12,HEG2LuUaJNZNS7EYD5qXL8G3FAHEHKzWZaMPCu3osU1R,-12186,0,0,,62,false,true,0.85,
5BKxfWMbmYBAEWvyPZS9esPducUba9GqyMjtLCfbaqyF,12,HEG2LuUaJNZNS7EYD5qXL8G3FAHEHKzWZaMPCu3osU1R,-12185,0,0,,63,false,true,0.85,
5BKxfWMbmYBAEWvyPZS9esPducUba9GqyMjtLCfbaqyF,12,HEG2LuUaJNZNS7EYD5qXL8G3FAHEHKzWZaMPCu3osU1R,-12184,0,0,,64,false,true,0.85,
5BKxfWMbmYBAEWvyPZS9esPducUba9GqyMjtLCfbaqyF,12,HEG2LuUaJNZNS7EYD5qXL8G3FAHEHKzWZaMPCu3osU1R,-12183,0,0,,65,false,true,0.85,
5BKxfWMbmYBAEWvyPZS9esPducUba9GqyMjtLCfbaqyF,12,HEG2LuUaJNZNS7EYD5qXL8G3FAHEHKzWZaMPCu3osU1R,-12182,0,0,,66,false,true,0.85,
5BKxfWMbmYBAEWvyPZS9esPducUba9GqyMjtLCfbaqyF,12,HEG2LuUaJNZNS7EYD5qXL8G3FAHEHKzWZaMPCu3osU1R,-12181,0,0,,67,false,true,0.85,
5BKxfWMbmYBAEWvyPZS9esPducUba9GqyMjtLCfbaqyF,12,7tfRkX2QnictEJEZkdw85QVs3zTm21UTqPdz4Dk5fnvP,-12180,0,0,,68,false,true,0.85,
5BKxfWMbmYBAEWvyPZS9esPducUba9GqyMjtLCfbaqyF,12,7tfRkX2QnictEJEZkdw85QVs3zTm21UTqPdz4Dk5fnvP,-12179,0,0,,69,false,true,0.85,
5BKxfWMbmYBAEWvyPZS9esPducUba9GqyMjtLCfbaqyF,12,7tfRkX2QnictEJEZkdw85QVs3zTm21UTqPdz4Dk5fnvP,-12178,0,0,,70,false,true,0.85,
5BKxfWMbmYBAEWvyPZS9esPducUba9GqyMjtLCfbaqyF,12,7tfRkX2QnictEJEZkdw85QVs3zTm21UTqPdz4Dk5fnvP,-12177,0,0,,71,false,true,0.85,
5BKxfWMbmYBAEWvyPZS9esPducUba9GqyMjtLCfbaqyF,12,7tfRkX2QnictEJEZkdw85QVs3zTm21UTqPdz4Dk5fnvP,-12176,0,0,,72,false,true,0.85,
5BKxfWMbmYBAEWvyPZS9esPducUba9GqyMjtLCfbaqyF,12,7tfRkX2QnictEJEZkdw85QVs3zTm21UTqPdz4Dk5fnvP,-12175,0,0,,73,false,true,0.85,
5BKxfWMbmYBAEWvyPZS9esPducUba9GqyMjtLCfbaqyF,12,7tfRkX2QnictEJEZkdw85QVs3zTm21UTqPdz4Dk5fnvP,-12174,0,0,,74,false,true,0.85,
5BKxfWMbmYBAEWvyPZS9esPducUba9GqyMjtLCfbaqyF,12,7tfRkX2QnictEJEZkdw85QVs3zTm21UTqPdz4Dk5fnvP,-12173,0,0,,75,false,true,0.85,
5BKxfWMbmYBAEWvyPZS9esPducUba9GqyMjtLCfbaqyF,12,7tfRkX2QnictEJEZkdw85QVs3zTm21UTqPdz4Dk5fnvP,-12172,0,0,,76,false,true,0.85,
5BKxfWMbmYBAEWvyPZS9esPducUba9GqyMjtLCfbaqyF,12,7tfRkX2QnictEJEZkdw85QVs3zTm21UTqPdz4Dk5fnvP,-12171,0,0,,77,false,true,0.85,
5BKxfWMbmYBAEWvyPZS9esPducUba9GqyMjtLCfbaqyF,12,7tfRkX2QnictEJEZkdw85QVs3zTm21UTqPdz4Dk5fnvP,-12170,0,0,,78,false,true,0.85,
5BKxfWMbmYBAEWvyPZS9esPducUba9GqyMjtLCfbaqyF,12,7tfRkX2QnictEJEZkdw85QVs3zTm21UTqPdz4Dk5fnvP,-12169,0,0,,79,false,true,0.85,
5BKxfWMbmYBAEWvyPZS9esPducUba9GqyMjtLCfbaqyF,12,7tfRkX2QnictEJEZkdw85QVs3zTm21UTqPdz4Dk5fnvP,-12168,0,0,,80,false,true,0.85,
5BKxfWMbmYBAEWvyPZS9esPducUba9GqyMjtLCfbaqyF,12,7tfRkX2QnictEJEZkdw85QVs3zTm21UTqPdz4Dk5fnvP,-12167,0,0,,81,false,true,0.85,
5BKxfWMbmYBAEWvyPZS9esPducUba9GqyMjtLCfbaqyF,12,7tfRkX2QnictEJEZkdw85QVs3zTm21UTqPdz4Dk5fnvP,-12166,0,0,,82,false,true,0.85,
5BKxfWMbmYBAEWvyPZS9esPducUba9GqyMjtLCfbaqyF,12,7tfRkX2QnictEJEZkdw85QVs3zTm21UTqPdz4Dk5fnvP,-12165,0,0,,83,false,true,0.85,
5BKxfWMbmYBAEWvyPZS9esPducUba9GqyMjtLCfbaqyF,12,7tfRkX2QnictEJEZkdw85QVs3zTm21UTqPdz4Dk5fnvP,-12164,0,0,,84,false,true,0.85,
5BKxfWMbmYBAEWvyPZS9esPducUba9GqyMjtLCfbaqyF,12,7tfRkX2QnictEJEZkdw85QVs3zTm21UTqPdz4Dk5fnvP,-12163,0,0,,85,false,true,0.85,
5BKxfWMbmYBAEWvyPZS9esPducUba9GqyMjtLCfbaqyF,12,7tfRkX2QnictEJEZkdw85QVs3zTm21UTqPdz4Dk5fnvP,-12162,0,0,,86,false,true,0.85,
5BKxfWMbmYBAEWvyPZS9esPducUba9GqyMjtLCfbaqyF,12,7tfRkX2QnictEJEZkdw85QVs3zTm21UTqPdz4Dk5fnvP,-12161,0,0,,87,false,true,0.85,
5BKxfWMbmYBAEWvyPZS9esPducUba9GqyMjtLCfbaqyF,12,7tfRkX2QnictEJEZkdw85QVs3zTm21UTqPdz4Dk5fnvP,-12160,0,0,,88,false,true,0.85,
5BKxfWMbmYBAEWvyPZS9esPducUba9GqyMjtLCfbaqyF,12,7tfRkX2QnictEJEZkdw85QVs3zTm21UTqPdz4Dk5fnvP,-12159,0,0,,89,false,true,0.85,
5BKxfWMbmYBAEWvyPZS9esPducUba9GqyMjtLCfbaqyF,12,7tfRkX2QnictEJEZkdw85QVs3zTm21UTqPdz4Dk5fnvP,-12158,0,0,,90,false,true,0.85,
5BKxfWMbmYBAEWvyPZS9esPducUba9GqyMjtLCfbaqyF,12,7tfRkX2QnictEJEZkdw85QVs3zTm21UTqPdz4Dk5fnvP,-12157,0,0,,91,false,true,0.85,
5BKxfWMbmYBAEWvyPZS9esPducUba9GqyMjtLCfbaqyF,12,7tfRkX2QnictEJEZkdw85QVs3zTm21UTqPdz4Dk5fnvP,-12156,0,0,,92,false,true,0.85,
5BKxfWMbmYBAEWvyPZS9esPducUba9GqyMjtLCfbaqyF,12,7tfRkX2QnictEJEZkdw85QVs3zTm21UTqPdz4Dk5fnvP,-12155,0,0,,93,false,true,0.85,
5BKxfWMbmYBAEWvyPZS9esPducUba9GqyMjtLCfbaqyF,12,7tfRkX2QnictEJEZkdw85QVs3zTm21UTqPdz4Dk5fnvP,-12154,0,0,,94,false,true,0.85,
5BKxfWMbmYBAEWvyPZS9esPducUba9GqyMjtLCfbaqyF,12,7tfRkX2QnictEJEZkdw85QVs3zTm21UTqPdz4Dk5fnvP,-12153,0,0,,95,false,true,0.85,
5BKxfWMbmYBAEWvyPZS9esPducUba9GqyMjtLCfbaqyF,12,7tfRkX2QnictEJEZkdw85QVs3zTm21UTqPdz4Dk5fnvP,-12152,0,0,,96,false,true,0.85,
5BKxfWMbmYBAEWvyPZS9esPducUba9GqyMjtLCfbaqyF,12,7tfRkX2QnictEJEZkdw85QVs3zTm21UTqPdz4Dk5fnvP,-12151,0,0,,97,false,true,0.85,
5BKxfWMbmYBAEWvyPZS9esPducUba9GqyMjtLCfbaqyF,12,7tfRkX2QnictEJEZkdw85QVs3zTm21UTqPdz4Dk5fnvP,-12150,0,0,,98,false,true,0.85,
5BKxfWMbmYBAEWvyPZS9esPducUba9GqyMjtLCfbaqyF,12,7tfRkX2QnictEJEZkdw85QVs3zTm21UTqPdz4Dk5fnvP,-12149,0,0,,99,false,true,0.85,
5BKxfWMbmYBAEWvyPZS9esPducUba9GqyMjtLCfbaqyF,12,7tfRkX2QnictEJEZkdw85QVs3zTm21UTqPdz4Dk5fnvP,-12148,0,0,,100,false,true,0.85,
5BKxfWMbmYBAEWvyPZS9esPducUba9GqyMjtLCfbaqyF,12,7tfRkX2QnictEJEZkdw85QVs3zTm21UTqPdz4Dk5fnvP,-12147,0,0,,101,false,true,0.85,
5BKxfWMbmYBAEWvyPZS9esPducUba9GqyMjtLCfbaqyF,12,7tfRkX2QnictEJEZkdw85QVs3zTm21UTqPdz4Dk5fnvP,-12146,0,0,,102,false,true,0.85,
5BKxfWMbmYBAEWvyPZS9esPducUba9GqyMjtLCfbaqyF,12,7tfRkX2QnictEJEZkdw85QVs3zTm21UTqPdz4Dk5fnvP,-12145,0,0,,103,false,true,0.85,
5BKxfWMbmYBAEWvyPZS9esPducUba9GqyMjtLCfbaqyF,12,7tfRkX2QnictEJEZkdw85QVs3zTm21UTqPdz4Dk5fnvP,-12144,0,0,,104,false,true,0.85,
5BKxfWMbmYBAEWvyPZS9esPducUba9GqyMjtLCfbaqyF,12,7tfRkX2QnictEJEZkdw85QVs3zTm21UTqPdz4Dk5fnvP,-12143,0,0,,105,false,true,0.85,
5BKxfWMbmYBAEWvyPZS9esPducUba9GqyMjtLCfbaqyF,12,7tfRkX2QnictEJEZkdw85QVs3zTm21UTqPdz4Dk5fnvP,-12142,0,0,,106,false,true,0.85,
5BKxfWMbmYBAEWvyPZS9esPducUba9GqyMjtLCfbaqyF,12,7tfRkX2QnictEJEZkdw85QVs3zTm21UTqPdz4Dk5fnvP,-12141,0,0,,107,false,true,0.85,
5BKxfWMbmYBAEWvyPZS9esPducUba9GqyMjtLCfbaqyF,12,7tfRkX2QnictEJEZkdw85QVs3zTm21UTqPdz4Dk5fnvP,-12140,0,0,,108,false,true,0.85,
5BKxfWMbmYBAEWvyPZS9esPducUba9GqyMjtLCfbaqyF,12,7tfRkX2QnictEJEZkdw85QVs3zTm21UTqPdz4Dk5fnvP,-12139,0,0,,109,false,true,0.85,
5BKxfWMbmYBAEWvyPZS9esPducUba9GqyMjtLCfbaqyF,12,7tfRkX2QnictEJEZkdw85QVs3zTm21UTqPdz4Dk5fnvP,-12138,0,0,,110,false,true,0.85,
5BKxfWMbmYBAEWvyPZS9esPducUba9GqyMjtLCfbaqyF,12,7tfRkX2QnictEJEZkdw85QVs3zTm21UTqPdz4Dk5fnvP,-12137,0,0,,111,false,true,0.85,
5BKxfWMbmYBAEWvyPZS9esPducUba9GqyMjtLCfbaqyF,12,7tfRkX2QnictEJEZkdw85QVs3zTm21UTqPdz4Dk5fnvP,-12136,0,0,,112,false,true,0.85,
5BKxfWMbmYBAEWvyPZS9esPducUba9GqyMjtLCfbaqyF,12,7tfRkX2QnictEJEZkdw85QVs3zTm21UTqPdz4Dk5fnvP,-12135,0,0,,113,false,true,0.85,
5BKxfWMbmYBAEWvyPZS9esPducUba9GqyMjtLCfbaqyF,12,7tfRkX2QnictEJEZkdw85QVs3zTm21UTqPdz4Dk5fnvP,-12134,0,0,,114,false,true,0.85,
5BKxfWMbmYBAEWvyPZS9esPducUba9GqyMjtLCfbaqyF,12,7tfRkX2QnictEJEZkdw85QVs3zTm21UTqPdz4Dk5fnvP,-12133,0,0,,115,false,true,0.85,
5BKxfWMbmYBAEWvyPZS9esPducUba9GqyMjtLCfbaqyF,12,7tfRkX2QnictEJEZkdw85QVs3zTm21UTqPdz4Dk5fnvP,-12132,0,0,,116,false,true,0.85,
5BKxfWMbmYBAEWvyPZS9esPducUba9GqyMjtLCfbaqyF,12,7tfRkX2QnictEJEZkdw85QVs3zTm21UTqPdz4Dk5fnvP,-12131,0,0,,117,false,true,0.85,
5BKxfWMbmYBAEWvyPZS9esPducUba9GqyMjtLCfbaqyF,12,7tfRkX2QnictEJEZkdw85QVs3zTm21UTqPdz4Dk5fnvP,-12130,0,0,,118,false,true,0.85,
5BKxfWMbmYBAEWvyPZS9esPducUba9GqyMjtLCfbaqyF,12,7tfRkX2QnictEJEZkdw85QVs3zTm21UTqPdz4Dk5fnvP,-12129,0,0,,119,false,true,0.85,
5BKxfWMbmYBAEWvyPZS9esPducUba9GqyMjtLCfbaqyF,12,7tfRkX2QnictEJEZkdw85QVs3zTm21UTqPdz4Dk5fnvP,-12128,0,0,,120,false,true,0.85,
5BKxfWMbmYBAEWvyPZS9esPducUba9GqyMjtLCfbaqyF,12,7tfRkX2QnictEJEZkdw85QVs3zTm21UTqPdz4Dk5fnvP,-12127,0,0,,121,false,true,0.85,
5BKxfWMbmYBAEWvyPZS9esPducUba9GqyMjtLCfbaqyF,12,7tfRkX2QnictEJEZkdw85QVs3zTm21UTqPdz4Dk5fnvP,-12126,0,0,,122,false,true,0.85,
5BKxfWMbmYBAEWvyPZS9esPducUba9GqyMjtLCfbaqyF,12,7tfRkX2QnictEJEZkdw85QVs3zTm21UTqPdz4Dk5fnvP,-12125,0,0,,123,false,true,0.85,
5BKxfWMbmYBAEWvyPZS9esPducUba9GqyMjtLCfbaqyF,12,7tfRkX2QnictEJEZkdw85QVs3zTm21UTqPdz4Dk5fnvP,-12124,0,0,,124,false,true,0.85,
5BKxfWMbmYBAEWvyPZS9esPducUba9GqyMjtLCfbaqyF,12,7tfRkX2QnictEJEZkdw85QVs3zTm21UTqPdz4Dk5fnvP,-12123,0,0,,125,false,true,0.85,
5BKxfWMbmYBAEWvyPZS9esPducUba9GqyMjtLCfbaqyF,12,7tfRkX2QnictEJEZkdw85QVs3zTm21UTqPdz4Dk5fnvP,-12122,0,0,,126,false,true,0.85,
5BKxfWMbmYBAEWvyPZS9esPducUba9GqyMjtLCfbaqyF,12,7tfRkX2QnictEJEZkdw85QVs3zTm21UTqPdz4Dk5fnvP,-12121,0,0,,127,false,true,0.85,
5BKxfWMbmYBAEWvyPZS9esPducUba9GqyMjtLCfbaqyF,12,7tfRkX2QnictEJEZkdw85QVs3zTm21UTqPdz4Dk5fnvP,-12120,0,0,,128,false,true,0.85,
5BKxfWMbmYBAEWvyPZS9esPducUba9GqyMjtLCfbaqyF,12,7tfRkX2QnictEJEZkdw85QVs3zTm21UTqPdz4Dk5fnvP,-12119,0,0,,129,false,true,0.85,
5BKxfWMbmYBAEWvyPZS9esPducUba9GqyMjtLCfbaqyF,12,7tfRkX2QnictEJEZkdw85QVs3zTm21UTqPdz4Dk5fnvP,-12118,0,0,,130,false,true,0.85,
5BKxfWMbmYBAEWvyPZS9esPducUba9GqyMjtLCfbaqyF,12,7tfRkX2QnictEJEZkdw85QVs3zTm21UTqPdz4Dk5fnvP,-12117,0,0,,131,false,true,0.85,
5BKxfWMbmYBAEWvyPZS9esPducUba9GqyMjtLCfbaqyF,12,7tfRkX2QnictEJEZkdw85QVs3zTm21UTqPdz4Dk5fnvP,-12116,0,0,,132,false,true,0.85,
5BKxfWMbmYBAEWvyPZS9esPducUba9GqyMjtLCfbaqyF,12,7tfRkX2QnictEJEZkdw85QVs3zTm21UTqPdz4Dk5fnvP,-12115,0,0,,133,false,true,0.85,
5BKxfWMbmYBAEWvyPZS9esPducUba9GqyMjtLCfbaqyF,12,7tfRkX2QnictEJEZkdw85QVs3zTm21UTqPdz4Dk5fnvP,-12114,0,0,,134,false,true,0.85,
5BKxfWMbmYBAEWvyPZS9esPducUba9GqyMjtLCfbaqyF,12,7tfRkX2QnictEJEZkdw85QVs3zTm21UTqPdz4Dk5fnvP,-12113,0,0,,135,false,true,0.85,
5BKxfWMbmYBAEWvyPZS9esPducUba9GqyMjtLCfbaqyF,12,7tfRkX2QnictEJEZkdw85QVs3zTm21UTqPdz4Dk5fnvP,-12112,0,0,,136,false,true,0.85,
5BKxfWMbmYBAEWvyPZS9esPducUba9GqyMjtLCfbaqyF,12,7tfRkX2QnictEJEZkdw85QVs3zTm21UTqPdz4Dk5fnvP,-12111,0,0,,137,false,true,0.85,
5BKxfWMbmYBAEWvyPZS9esPducUba9GqyMjtLCfbaqyF,12,DC9tTtTmhDeewop2cfp8hSt2ytevZmgRoR97YA4vkJaT,-12110,0,0,,138,false,true,0.85,
5BKxfWMbmYBAEWvyPZS9esPducUba9GqyMjtLCfbaqyF,12,DC9tTtTmhDeewop2cfp8hSt2ytevZmgRoR97YA4vkJaT,-12109,0,0,,139,false,true,0.85,
5BKxfWMbmYBAEWvyPZS9esPducUba9GqyMjtLCfbaqyF,12,DC9tTtTmhDeewop2cfp8hSt2ytevZmgRoR97YA4vkJaT,-12108,0,0,,140,false,true,0.85,
5BKxfWMbmYBAEWvyPZS9esPducUba9GqyMjtLCfbaqyF,12,DC9tTtTmhDeewop2cfp8hSt2ytevZmgRoR97YA4vkJaT,-12107,0,0,,141,false,true,0.85,
5BKxfWMbmYBAEWvyPZS9esPducUba9GqyMjtLCfbaqyF,12,DC9tTtTmhDeewop2cfp8hSt2ytevZmgRoR97YA4vkJaT,-12106,0,0,,142,false,true,0.85,
5BKxfWMbmYBAEWvyPZS9esPducUba9GqyMjtLCfbaqyF,12,DC9tTtTmhDeewop2cfp8hSt2ytevZmgRoR97YA4vkJaT,-12105,0,0,,143,false,true,0.85,
5BKxfWMbmYBAEWvyPZS9esPducUba9GqyMjtLCfbaqyF,12,DC9tTtTmhDeewop2cfp8hSt2ytevZmgRoR97YA4vkJaT,-12104,0,0,,144,false,true,0.85,
5BKxfWMbmYBAEWvyPZS9esPducUba9GqyMjtLCfbaqyF,12,DC9tTtTmhDeewop2cfp8hSt2ytevZmgRoR97YA4vkJaT,-12103,0,0,,145,false,true,0.85,
5BKxfWMbmYBAEWvyPZS9esPducUba9GqyMjtLCfbaqyF,12,DC9tTtTmhDeewop2cfp8hSt2ytevZmgRoR97YA4vkJaT,-12102,0,0,,146,false,true,0.85,
5BKxfWMbmYBAEWvyPZS9esPducUba9GqyMjtLCfbaqyF,12,DC9tTtTmhDeewop2cfp8hSt2ytevZmgRoR97YA4vkJaT,-12101,0,0,,147,false,true,0.85,
5BKxfWMbmYBAEWvyPZS9esPducUba9GqyMjtLCfbaqyF,12,DC9tTtTmhDeewop2cfp8hSt2ytevZmgRoR97YA4vkJaT,-12100,0,0,,148,false,true,0.85,
5BKxfWMbmYBAEWvyPZS9esPducUba9GqyMjtLCfbaqyF,12,DC9tTtTmhDeewop2cfp8hSt2ytevZmgRoR97YA4vkJaT,-12099,0,0,,149,false,true,0.85,
5BKxfWMbmYBAEWvyPZS9esPducUba9GqyMjtLCfbaqyF,12,DC9tTtTmhDeewop2cfp8hSt2ytevZmgRoR97YA4vkJaT,-12098,0,0,,150,false,true,0.85,
5BKxfWMbmYBAEWvyPZS9esPducUba9GqyMjtLCfbaqyF,12,DC9tTtTmhDeewop2cfp8hSt2ytevZmgRoR97YA4vkJaT,-12097,0,0,,151,false,true,0.85,
5BKxfWMbmYBAEWvyPZS9esPducUba9GqyMjtLCfbaqyF,12,DC9tTtTmhDeewop2cfp8hSt2ytevZmgRoR97YA4vkJaT,-12096,0,0,,152,false,true,0.85,
5BKxfWMbmYBAEWvyPZS9esPducUba9GqyMjtLCfbaqyF,12,DC9tTtTmhDeewop2cfp8hSt2ytevZmgRoR97YA4vkJaT,-12095,0,0,,153,false,true,0.85,
5BKxfWMbmYBAEWvyPZS9esPducUba9GqyMjtLCfbaqyF,12,DC9tTtTmhDeewop2cfp8hSt2ytevZmgRoR97YA4vkJaT,-12094,0,0,,154,false,true,0.85,
5BKxfWMbmYBAEWvyPZS9esPducUba9GqyMjtLCfbaqyF,12,DC9tTtTmhDeewop2cfp8hSt2ytevZmgRoR97YA4vkJaT,-12093,0,0,,155,false,true,0.85,
5BKxfWMbmYBAEWvyPZS9esPducUba9GqyMjtLCfbaqyF,12,DC9tTtTmhDeewop2cfp8hSt2ytevZmgRoR97YA4vkJaT,-12092,0,0,,156,false,true,0.85,
5BKxfWMbmYBAEWvyPZS9esPducUba9GqyMjtLCfbaqyF,12,DC9tTtTmhDeewop2cfp8hSt2ytevZmgRoR97YA4vkJaT,-12091,0,0,,157,false,true,0.85,
5BKxfWMbmYBAEWvyPZS9esPducUba9GqyMjtLCfbaqyF,12,DC9tTtTmhDeewop2cfp8hSt2ytevZmgRoR97YA4vkJaT,-12090,0,0,,158,false,true,0.85,
5BKxfWMbmYBAEWvyPZS9esPducUba9GqyMjtLCfbaqyF,12,DC9tTtTmhDeewop2cfp8hSt2ytevZmgRoR97YA4vkJaT,-12089,0,0,,159,false,true,0.85,
5BKxfWMbmYBAEWvyPZS9esPducUba9GqyMjtLCfbaqyF,12,DC9tTtTmhDeewop2cfp8hSt2ytevZmgRoR97YA4vkJaT,-12088,0,0,,160,false,true,0.85,
5BKxfWMbmYBAEWvyPZS9esPducUba9GqyMjtLCfbaqyF,12,DC9tTtTmhDeewop2cfp8hSt2ytevZmgRoR97YA4vkJaT,-12087,0,0,,161,false,true,0.85,
5BKxfWMbmYBAEWvyPZS9esPducUba9GqyMjtLCfbaqyF,12,DC9tTtTmhDeewop2cfp8hSt2ytevZmgRoR97YA4vkJaT,-12086,0,0,,162,false,true,0.85,
5BKxfWMbmYBAEWvyPZS9esPducUba9GqyMjtLCfbaqyF,12,DC9tTtTmhDeewop2cfp8hSt2ytevZmgRoR97YA4vkJaT,-12085,0,0,,163,false,true,0.85,
5BKxfWMbmYBAEWvyPZS9esPducUba9GqyMjtLCfbaqyF,12,DC9tTtTmhDeewop2cfp8hSt2ytevZmgRoR97YA4vkJaT,-12084,0,0,,164,false,true,0.85,
5BKxfWMbmYBAEWvyPZS9esPducUba9GqyMjtLCfbaqyF,12,DC9tTtTmhDeewop2cfp8hSt2ytevZmgRoR97YA4vkJaT,-12083,0,0,,165,false,true,0.85,
5BKxfWMbmYBAEWvyPZS9esPducUba9GqyMjtLCfbaqyF,12,DC9tTtTmhDeewop2cfp8hSt2ytevZmgRoR97YA4vkJaT,-12082,0,0,,166,false,true,0.85,
5BKxfWMbmYBAEWvyPZS9esPducUba9GqyMjtLCfbaqyF,12,DC9tTtTmhDeewop2cfp8hSt2ytevZmgRoR97YA4vkJaT,-12081,0,0,,167,false,true,0.85,
5BKxfWMbmYBAEWvyPZS9esPducUba9GqyMjtLCfbaqyF,12,DC9tTtTmhDeewop2cfp8hSt2ytevZmgRoR97YA4vkJaT,-12080,0,0,,168,false,true,0.85,
5BKxfWMbmYBAEWvyPZS9esPducUba9GqyMjtLCfbaqyF,12,DC9tTtTmhDeewop2cfp8hSt2ytevZmgRoR97YA4vkJaT,-12079,0,0,,169,false,true,0.85,
5BKxfWMbmYBAEWvyPZS9esPducUba9GqyMjtLCfbaqyF,12,DC9tTtTmhDeewop2cfp8hSt2ytevZmgRoR97YA4vkJaT,-12078,0,0,,170,false,true,0.85,
5BKxfWMbmYBAEWvyPZS9esPducUba9GqyMjtLCfbaqyF,12,DC9tTtTmhDeewop2cfp8hSt2ytevZmgRoR97YA4vkJaT,-12077,0,0,,171,false,true,0.85,
5BKxfWMbmYBAEWvyPZS9esPducUba9GqyMjtLCfbaqyF,12,DC9tTtTmhDeewop2cfp8hSt2ytevZmgRoR97YA4vkJaT,-12076,0,0,,172,false,true,0.85,
5BKxfWMbmYBAEWvyPZS9esPducUba9GqyMjtLCfbaqyF,12,DC9tTtTmhDeewop2cfp8hSt2ytevZmgRoR97YA4vkJaT,-12075,0,0,,173,false,true,0.85,
5BKxfWMbmYBAEWvyPZS9esPducUba9GqyMjtLCfbaqyF,12,DC9tTtTmhDeewop2cfp8hSt2ytevZmgRoR97YA4vkJaT,-12074,0,0,,174,false,true,0.85,
5BKxfWMbmYBAEWvyPZS9esPducUba9GqyMjtLCfbaqyF,12,DC9tTtTmhDeewop2cfp8hSt2ytevZmgRoR97YA4vkJaT,-12073,0,0,,175,false,true,0.85,
5BKxfWMbmYBAEWvyPZS9esPducUba9GqyMjtLCfbaqyF,12,DC9tTtTmhDeewop2cfp8hSt2ytevZmgRoR97YA4vkJaT,-12072,0,0,,176,false,true,0.85,
5BKxfWMbmYBAEWvyPZS9esPducUba9GqyMjtLCfbaqyF,12,DC9tTtTmhDeewop2cfp8hSt2ytevZmgRoR97YA4vkJaT,-12071,0,0,,177,false,true,0.85,
5BKxfWMbmYBAEWvyPZS9esPducUba9GqyMjtLCfbaqyF,12,DC9tTtTmhDeewop2cfp8hSt2ytevZmgRoR97YA4vkJaT,-12070,0,0,,178,false,true,0.85,
5BKxfWMbmYBAEWvyPZS9esPducUba9GqyMjtLCfbaqyF,12,DC9tTtTmhDeewop2cfp8hSt2ytevZmgRoR97YA4vkJaT,-12069,0,0,,179,false,true,0.85,
5BKxfWMbmYBAEWvyPZS9esPducUba9GqyMjtLCfbaqyF,12,DC9tTtTmhDeewop2cfp8hSt2ytevZmgRoR97YA4vkJaT,-12068,0,0,,180,false,true,0.85,
5BKxfWMbmYBAEWvyPZS9esPducUba9GqyMjtLCfbaqyF,12,DC9tTtTmhDeewop2cfp8hSt2ytevZmgRoR97YA4vkJaT,-12067,0,0,,181,false,true,0.85,
5BKxfWMbmYBAEWvyPZS9esPducUba9GqyMjtLCfbaqyF,12,DC9tTtTmhDeewop2cfp8hSt2ytevZmgRoR97YA4vkJaT,-12066,0,0,,182,false,true,0.85,
5BKxfWMbmYBAEWvyPZS9esPducUba9GqyMjtLCfbaqyF,12,DC9tTtTmhDeewop2cfp8hSt2ytevZmgRoR97YA4vkJaT,-12065,0,0,,183,false,true,0.85,
5BKxfWMbmYBAEWvyPZS9esPducUba9GqyMjtLCfbaqyF,12,DC9tTtTmhDeewop2cfp8hSt2ytevZmgRoR97YA4vkJaT,-12064,0,0,,184,false,true,0.85,
5BKxfWMbmYBAEWvyPZS9esPducUba9GqyMjtLCfbaqyF,12,DC9tTtTmhDeewop2cfp8hSt2ytevZmgRoR97YA4vkJaT,-12063,0,0,,185,false,true,0.85,
5BKxfWMbmYBAEWvyPZS9esPducUba9GqyMjtLCfbaqyF,12,DC9tTtTmhDeewop2cfp8hSt2ytevZmgRoR97YA4vkJaT,-12062,0,0,,186,false,true,0.85,
5BKxfWMbmYBAEWvyPZS9esPducUba9GqyMjtLCfbaqyF,12,DC9tTtTmhDeewop2cfp8hSt2ytevZmgRoR97YA4vkJaT,-12061,0,0,,187,false,true,0.85,
5BKxfWMbmYBAEWvyPZS9esPducUba9GqyMjtLCfbaqyF,12,DC9tTtTmhDeewop2cfp8hSt2ytevZmgRoR97YA4vkJaT,-12060,0,0,,188,false,true,0.85,
5BKxfWMbmYBAEWvyPZS9esPducUba9GqyMjtLCfbaqyF,12,DC9tTtTmhDeewop2cfp8hSt2ytevZmgRoR97YA4vkJaT,-12059,0,0,,189,false,true,0.85,
5BKxfWMbmYBAEWvyPZS9esPducUba9GqyMjtLCfbaqyF,12,DC9tTtTmhDeewop2cfp8hSt2ytevZmgRoR97YA4vkJaT,-12058,0,0,,190,false,true,0.85,
5BKxfWMbmYBAEWvyPZS9esPducUba9GqyMjtLCfbaqyF,12,DC9tTtTmhDeewop2cfp8hSt2ytevZmgRoR97YA4vkJaT,-12057,0,0,,191,false,true,0.85,
5BKxfWMbmYBAEWvyPZS9esPducUba9GqyMjtLCfbaqyF,12,DC9tTtTmhDeewop2cfp8hSt2ytevZmgRoR97YA4vkJaT,-12056,0,0,,192,false,true,0.85,
5BKxfWMbmYBAEWvyPZS9esPducUba9GqyMjtLCfbaqyF,12,DC9tTtTmhDeewop2cfp8hSt2ytevZmgRoR97YA4vkJaT,-12055,0,0,,193,false,true,0.85,
5BKxfWMbmYBAEWvyPZS9esPducUba9GqyMjtLCfbaqyF,12,DC9tTtTmhDeewop2cfp8hSt2ytevZmgRoR97YA4vkJaT,-12054,0,0,,194,false,true,0.85,
5BKxfWMbmYBAEWvyPZS9esPducUba9GqyMjtLCfbaqyF,12,DC9tTtTmhDeewop2cfp8hSt2ytevZmgRoR97YA4vkJaT,-12053,0,0,,195,false,true,0.85,
5BKxfWMbmYBAEWvyPZS9esPducUba9GqyMjtLCfbaqyF,12,DC9tTtTmhDeewop2cfp8hSt2ytevZmgRoR97YA4vkJaT,-12052,0,0,,196,false,true,0.85,
5BKxfWMbmYBAEWvyPZS9esPducUba9GqyMjtLCfbaqyF,12,DC9tTtTmhDeewop2cfp8hSt2ytevZmgRoR97YA4vkJaT,-12051,0,0,,197,false,true,0.85,
5BKxfWMbmYBAEWvyPZS9esPducUba9GqyMjtLCfbaqyF,12,DC9tTtTmhDeewop2cfp8hSt2ytevZmgRoR97YA4vkJaT,-12050,0,0,,198,false,true,0.85,
5BKxfWMbmYBAEWvyPZS9esPducUba9GqyMjtLCfbaqyF,12,DC9tTtTmhDeewop2cfp8hSt2ytevZmgRoR97YA4vkJaT,-12049,0,0,,199,false,true,0.85,
5BKxfWMbmYBAEWvyPZS9esPducUba9GqyMjtLCfbaqyF,12,DC9tTtTmhDeewop2cfp8hSt2ytevZmgRoR97YA4vkJaT,-12048,0,0,,200,false,true,0.85,
5BKxfWMbmYBAEWvyPZS9esPducUba9GqyMjtLCfbaqyF,12,DC9tTtTmhDeewop2cfp8hSt2ytevZmgRoR97YA4vkJaT,-12047,0,0,,201,false,true,0.85,
5BKxfWMbmYBAEWvyPZS9esPducUba9GqyMjtLCfbaqyF,12,DC9tTtTmhDeewop2cfp8hSt2ytevZmgRoR97YA4vkJaT,-12046,0,0,,202,false,true,0.85,
5BKxfWMbmYBAEWvyPZS9esPducUba9GqyMjtLCfbaqyF,12,DC9tTtTmhDeewop2cfp8hSt2ytevZmgRoR97YA4vkJaT,-12045,0,0,,203,false,true,0.85,
5BKxfWMbmYBAEWvyPZS9esPducUba9GqyMjtLCfbaqyF,12,DC9tTtTmhDeewop2cfp8hSt2ytevZmgRoR97YA4vkJaT,-12044,0,0,,204,false,true,0.85,
5BKxfWMbmYBAEWvyPZS9esPducUba9GqyMjtLCfbaqyF,12,DC9tTtTmhDeewop2cfp8hSt2ytevZmgRoR97YA4vkJaT,-12043,0,0,,205,false,true,0.85,
5BKxfWMbmYBAEWvyPZS9esPducUba9GqyMjtLCfbaqyF,12,DC9tTtTmhDeewop2cfp8hSt2ytevZmgRoR97YA4vkJaT,-12042,0,0,,206,false,true,0.85,
5BKxfWMbmYBAEWvyPZS9esPducUba9GqyMjtLCfbaqyF,12,DC9tTtTmhDeewop2cfp8hSt2ytevZmgRoR97YA4vkJaT,-12041,0,0,,207,false,true,0.85,
5BKxfWMbmYBAEWvyPZS9esPducUba9GqyMjtLCfbaqyF,12,6eKePPT6Z5HNifUrv1WQ9joJgV33opcpf5NC7Zx5j4f6,-12040,0,0,,208,false,true,0.85,
5BKxfWMbmYBAEWvyPZS9esPducUba9GqyMjtLCfbaqyF,12,6eKePPT6Z5HNifUrv1WQ9joJgV33opcpf5NC7Zx5j4f6,-12039,0,0,,209,false,true,0.85,
5BKxfWMbmYBAEWvyPZS9esPducUba9GqyMjtLCfbaqyF,12,6eKePPT6Z5HNifUrv1WQ9joJgV33opcpf5NC7Zx5j4f6,-12038,0,0,,210,false,true,0.85,
5BKxfWMbmYBAEWvyPZS9esPducUba9GqyMjtLCfbaqyF,12,6eKePPT6Z5HNifUrv1WQ9joJgV33opcpf5NC7Zx5j4f6,-12037,0,0,,211,false,true,0.85,
5BKxfWMbmYBAEWvyPZS9esPducUba9GqyMjtLCfbaqyF,12,6eKePPT6Z5HNifUrv1WQ9joJgV33opcpf5NC7Zx5j4f6,-12036,0,0,,212,false,true,0.85,
5BKxfWMbmYBAEWvyPZS9esPducUba9GqyMjtLCfbaqyF,12,6eKePPT6Z5HNifUrv1WQ9joJgV33opcpf5NC7Zx5j4f6,-12035,0,0,,213,false,true,0.85,
5BKxfWMbmYBAEWvyPZS9esPducUba9GqyMjtLCfbaqyF,12,6eKePPT6Z5HNifUrv1WQ9joJgV33opcpf5NC7Zx5j4f6,-12034,0,0,,214,false,true,0.85,
5BKxfWMbmYBAEWvyPZS9esPducUba9GqyMjtLCfbaqyF,12,6eKePPT6Z5HNifUrv1WQ9joJgV33opcpf5NC7Zx5j4f6,-12033,0,0,,215,false,true,0.85,
5BKxfWMbmYBAEWvyPZS9esPducUba9GqyMjtLCfbaqyF,12,6eKePPT6Z5HNifUrv1WQ9joJgV33opcpf5NC7Zx5j4f6,-12032,0,0,,216,false,true,0.85,
5BKxfWMbmYBAEWvyPZS9esPducUba9GqyMjtLCfbaqyF,12,6eKePPT6Z5HNifUrv1WQ9joJgV33opcpf5NC7Zx5j4f6,-12031,0,0,,217,false,true,0.85,
5BKxfWMbmYBAEWvyPZS9esPducUba9GqyMjtLCfbaqyF,12,6eKePPT6Z5HNifUrv1WQ9joJgV33opcpf5NC7Zx5j4f6,-12030,0,0,,218,false,true,0.85,
5BKxfWMbmYBAEWvyPZS9esPducUba9GqyMjtLCfbaqyF,12,6eKePPT6Z5HNifUrv1WQ9joJgV33opcpf5NC7Zx5j4f6,-12029,0,0,,219,false,true,0.85,
5BKxfWMbmYBAEWvyPZS9esPducUba9GqyMjtLCfbaqyF,12,6eKePPT6Z5HNifUrv1WQ9joJgV33opcpf5NC7Zx5j4f6,-12028,0,0,,220,false,true,0.85,
5BKxfWMbmYBAEWvyPZS9esPducUba9GqyMjtLCfbaqyF,12,6eKePPT6Z5HNifUrv1WQ9joJgV33opcpf5NC7Zx5j4f6,-12027,0,0,,221,false,true,0.85,
5BKxfWMbmYBAEWvyPZS9esPducUba9GqyMjtLCfbaqyF,12,6eKePPT6Z5HNifUrv1WQ9joJgV33opcpf5NC7Zx5j4f6,-12026,0,0,,222,false,true,0.85,
5BKxfWMbmYBAEWvyPZS9esPducUba9GqyMjtLCfbaqyF,12,6eKePPT6Z5HNifUrv1WQ9joJgV33opcpf5NC7Zx5j4f6,-12025,0,0,,223,false,true,0.85,
5BKxfWMbmYBAEWvyPZS9esPducUba9GqyMjtLCfbaqyF,12,6eKePPT6Z5HNifUrv1WQ9joJgV33opcpf5NC7Zx5j4f6,-12024,0,0,,224,false,true,0.85,
5BKxfWMbmYBAEWvyPZS9esPducUba9GqyMjtLCfbaqyF,12,6eKePPT6Z5HNifUrv1WQ9joJgV33opcpf5NC7Zx5j4f6,-12023,0,0,,225,false,true,0.85,
5BKxfWMbmYBAEWvyPZS9esPducUba9GqyMjtLCfbaqyF,12,6eKePPT6Z5HNifUrv1WQ9joJgV33opcpf5NC7Zx5j4f6,-12022,0,0,,226,false,true,0.85,
5BKxfWMbmYBAEWvyPZS9esPducUba9GqyMjtLCfbaqyF,12,6eKePPT6Z5HNifUrv1WQ9joJgV33opcpf5NC7Zx5j4f6,-12021,0,0,,227,false,true,0.85,
5BKxfWMbmYBAEWvyPZS9esPducUba9GqyMjtLCfbaqyF,12,6eKePPT6Z5HNifUrv1WQ9joJgV33opcpf5NC7Zx5j4f6,-12020,0,0,,228,false,true,0.85,
5BKxfWMbmYBAEWvyPZS9esPducUba9GqyMjtLCfbaqyF,12,6eKePPT6Z5HNifUrv1WQ9joJgV33opcpf5NC7Zx5j4f6,-12019,0,0,,229,false,true,0.85,
5BKxfWMbmYBAEWvyPZS9esPducUba9GqyMjtLCfbaqyF,12,6eKePPT6Z5HNifUrv1WQ9joJgV33opcpf5NC7Zx5j4f6,-12018,0,0,,230,false,true,0.85,
5BKxfWMbmYBAEWvyPZS9esPducUba9GqyMjtLCfbaqyF,12,6eKePPT6Z5HNifUrv1WQ9joJgV33opcpf5NC7Zx5j4f6,-12017,0,0,,231,false,true,0.85,
5BKxfWMbmYBAEWvyPZS9esPducUba9GqyMjtLCfbaqyF,12,6eKePPT6Z5HNifUrv1WQ9joJgV33opcpf5NC7Zx5j4f6,-12016,0,0,,232,false,true,0.85,
5BKxfWMbmYBAEWvyPZS9esPducUba9GqyMjtLCfbaqyF,12,6eKePPT6Z5HNifUrv1WQ9joJgV33opcpf5NC7Zx5j4f6,-12015,0,0,,233,false,true,0.85,
5BKxfWMbmYBAEWvyPZS9esPducUba9GqyMjtLCfbaqyF,12,6eKePPT6Z5HNifUrv1WQ9joJgV33opcpf5NC7Zx5j4f6,-12014,0,0,,234,false,true,0.85,
5BKxfWMbmYBAEWvyPZS9esPducUba9GqyMjtLCfbaqyF,12,6eKePPT6Z5HNifUrv1WQ9joJgV33opcpf5NC7Zx5j4f6,-12013,0,0,,235,false,true,0.85,
5BKxfWMbmYBAEWvyPZS9esPducUba9GqyMjtLCfbaqyF,12,6eKePPT6Z5HNifUrv1WQ9joJgV33opcpf5NC7Zx5j4f6,-12012,0,0,,236,false,true,0.85,
5BKxfWMbmYBAEWvyPZS9esPducUba9GqyMjtLCfbaqyF,12,6eKePPT6Z5HNifUrv1WQ9joJgV33opcpf5NC7Zx5j4f6,-12011,0,0,,237,false,true,0.85,
5BKxfWMbmYBAEWvyPZS9esPducUba9GqyMjtLCfbaqyF,12,6eKePPT6Z5HNifUrv1WQ9joJgV33opcpf5NC7Zx5j4f6,-12010,0,0,,238,false,true,0.85,
5BKxfWMbmYBAEWvyPZS9esPducUba9GqyMjtLCfbaqyF,12,6eKePPT6Z5HNifUrv1WQ9joJgV33opcpf5NC7Zx5j4f6,-12009,0,0,,239,false,true,0.85,
5BKxfWMbmYBAEWvyPZS9esPducUba9GqyMjtLCfbaqyF,12,6eKePPT6Z5HNifUrv1WQ9joJgV33opcpf5NC7Zx5j4f6,-12008,0,0,,240,false,true,0.85,
5BKxfWMbmYBAEWvyPZS9esPducUba9GqyMjtLCfbaqyF,12,6eKePPT6Z5HNifUrv1WQ9joJgV33opcpf5NC7Zx5j4f6,-12007,0,0,,241,false,true,0.85,
5BKxfWMbmYBAEWvyPZS9esPducUba9GqyMjtLCfbaqyF,12,6eKePPT6Z5HNifUrv1WQ9joJgV33opcpf5NC7Zx5j4f6,-12006,0,0,,242,false,true,0.85,
5BKxfWMbmYBAEWvyPZS9esPducUba9GqyMjtLCfbaqyF,12,6eKePPT6Z5HNifUrv1WQ9joJgV33opcpf5NC7Zx5j4f6,-12005,0,0,,243,false,true,0.85,
5BKxfWMbmYBAEWvyPZS9esPducUba9GqyMjtLCfbaqyF,12,6eKePPT6Z5HNifUrv1WQ9joJgV33opcpf5NC7Zx5j4f6,-12004,0,0,,244,false,true,0.85,
5BKxfWMbmYBAEWvyPZS9esPducUba9GqyMjtLCfbaqyF,12,6eKePPT6Z5HNifUrv1WQ9joJgV33opcpf5NC7Zx5j4f6,-12003,0,0,,245,false,true,0.85,
5BKxfWMbmYBAEWvyPZS9esPducUba9GqyMjtLCfbaqyF,12,6eKePPT6Z5HNifUrv1WQ9joJgV33opcpf5NC7Zx5j4f6,-12002,0,0,,246,false,true,0.85,
5BKxfWMbmYBAEWvyPZS9esPducUba9GqyMjtLCfbaqyF,12,6eKePPT6Z5HNifUrv1WQ9joJgV33opcpf5NC7Zx5j4f6,-12001,0,0,,247,false,true,0.85,
5BKxfWMbmYBAEWvyPZS9esPducUba9GqyMjtLCfbaqyF,12,6eKePPT6Z5HNifUrv1WQ9joJgV33opcpf5NC7Zx5j4f6,-12000,0,0,,248,false,true,0.85,
5BKxfWMbmYBAEWvyPZS9esPducUba9GqyMjtLCfbaqyF,12,6eKePPT6Z5HNifUrv1WQ9joJgV33opcpf5NC7Zx5j4f6,-11999,0,0,,249,false,true,0.85,
5BKxfWMbmYBAEWvyPZS9esPducUba9GqyMjtLCfbaqyF,12,6eKePPT6Z5HNifUrv1WQ9joJgV33opcpf5NC7Zx5j4f6,-11998,0,0,,250,false,true,0.85,
5BKxfWMbmYBAEWvyPZS9esPducUba9GqyMjtLCfbaqyF,12,6eKePPT6Z5HNifUrv1WQ9joJgV33opcpf5NC7Zx5j4f6,-11997,0,0,,251,false,true,0.85,
5BKxfWMbmYBAEWvyPZS9esPducUba9GqyMjtLCfbaqyF,12,6eKePPT6Z5HNifUrv1WQ9joJgV33opcpf5NC7Zx5j4f6,-11996,0,0,,252,false,true,0.85,
5BKxfWMbmYBAEWvyPZS9esPducUba9GqyMjtLCfbaqyF,12,6eKePPT6Z5HNifUrv1WQ9joJgV33opcpf5NC7Zx5j4f6,-11995,0,0,,253,false,true,0.85,
5BKxfWMbmYBAEWvyPZS9esPducUba9GqyMjtLCfbaqyF,12,6eKePPT6Z5HNifUrv1WQ9joJgV33opcpf5NC7Zx5j4f6,-11994,0,0,,254,false,true,0.85,
5BKxfWMbmYBAEWvyPZS9esPducUba9GqyMjtLCfbaqyF,12,6eKePPT6Z5HNifUrv1WQ9joJgV33opcpf5NC7Zx5j4f6,-11993,0,0,,255,false,true,0.85,
5BKxfWMbmYBAEWvyPZS9esPducUba9GqyMjtLCfbaqyF,12,6eKePPT6Z5HNifUrv1WQ9joJgV33opcpf5NC7Zx5j4f6,-11992,0,0,,256,false,true,0.85,
5BKxfWMbmYBAEWvyPZS9esPducUba9GqyMjtLCfbaqyF,12,6eKePPT6Z5HNifUrv1WQ9joJgV33opcpf5NC7Zx5j4f6,-11991,0,0,,257,false,true,0.85,
5BKxfWMbmYBAEWvyPZS9esPducUba9GqyMjtLCfbaqyF,12,6eKePPT6Z5HNifUrv1WQ9joJgV33opcpf5NC7Zx5j4f6,-11990,0,0,,258,false,true,0.85,
5BKxfWMbmYBAEWvyPZS9esPducUba9GqyMjtLCfbaqyF,12,6eKePPT6Z5HNifUrv1WQ9joJgV33opcpf5NC7Zx5j4f6,-11989,0,0,,259,false,true,0.85,
5BKxfWMbmYBAEWvyPZS9esPducUba9GqyMjtLCfbaqyF,12,6eKePPT6Z5HNifUrv1WQ9joJgV33opcpf5NC7Zx5j4f6,-11988,0,0,,260,false,true,0.85,
5BKxfWMbmYBAEWvyPZS9esPducUba9GqyMjtLCfbaqyF,12,6eKePPT6Z5HNifUrv1WQ9joJgV33opcpf5NC7Zx5j4f6,-11987,0,0,,261,false,true,0.85,
5BKxfWMbmYBAEWvyPZS9esPducUba9GqyMjtLCfbaqyF,12,6eKePPT6Z5HNifUrv1WQ9joJgV33opcpf5NC7Zx5j4f6,-11986,0,0,,262,false,true,0.85,
5BKxfWMbmYBAEWvyPZS9esPducUba9GqyMjtLCfbaqyF,12,6eKePPT6Z5HNifUrv1WQ9joJgV33opcpf5NC7Zx5j4f6,-11985,0,0,,263,false,true,0.85,
5BKxfWMbmYBAEWvyPZS9esPducUba9GqyMjtLCfbaqyF,12,6eKePPT6Z5HNifUrv1WQ9joJgV33opcpf5NC7Zx5j4f6,-11984,0,0,,264,false,true,0.85,
5BKxfWMbmYBAEWvyPZS9esPducUba9GqyMjtLCfbaqyF,12,6eKePPT6Z5HNifUrv1WQ9joJgV33opcpf5NC7Zx5j4f6,-11983,0,0,,265,false,true,0.85,
5BKxfWMbmYBAEWvyPZS9esPducUba9GqyMjtLCfbaqyF,12,6eKePPT6Z5HNifUrv1WQ9joJgV33opcpf5NC7Zx5j4f6,-11982,0,0,,266,false,true,0.85,
5BKxfWMbmYBAEWvyPZS9esPducUba9GqyMjtLCfbaqyF,12,6eKePPT6Z5HNifUrv1WQ9joJgV33opcpf5NC7Zx5j4f6,-11981,0,0,,267,false,true,0.85,
5BKxfWMbmYBAEWvyPZS9esPducUba9GqyMjtLCfbaqyF,12,6eKePPT6Z5HNifUrv1WQ9joJgV33opcpf5NC7Zx5j4f6,-11980,0,0,,268,false,true,0.85,
5BKxfWMbmYBAEWvyPZS9esPducUba9GqyMjtLCfbaqyF,12,6eKePPT6Z5HNifUrv1WQ9joJgV33opcpf5NC7Zx5j4f6,-11979,0,0,,269,false,true,0.85,
5BKxfWMbmYBAEWvyPZS9esPducUba9GqyMjtLCfbaqyF,12,6eKePPT6Z5HNifUrv1WQ9joJgV33opcpf5NC7Zx5j4f6,-11978,0,0,,270,false,true,0.85,
5BKxfWMbmYBAEWvyPZS9esPducUba9GqyMjtLCfbaqyF,12,6eKePPT6Z5HNifUrv1WQ9joJgV33opcpf5NC7Zx5j4f6,-11977,0,0,,271,false,true,0.85,
5BKxfWMbmYBAEWvyPZS9esPducUba9GqyMjtLCfbaqyF,12,6eKePPT6Z5HNifUrv1WQ9joJgV33opcpf5NC7Zx5j4f6,-11976,0,0,,272,false,true,0.85,
5BKxfWMbmYBAEWvyPZS9esPducUba9GqyMjtLCfbaqyF,12,6eKePPT6Z5HNifUrv1WQ9joJgV33opcpf5NC7Zx5j4f6,-11975,0,0,,273,false,true,0.85,
5BKxfWMbmYBAEWvyPZS9esPducUba9GqyMjtLCfbaqyF,12,6eKePPT6Z5HNifUrv1WQ9joJgV33opcpf5NC7Zx5j4f6,-11974,0,0,,274,false,true,0.85,
5BKxfWMbmYBAEWvyPZS9esPducUba9GqyMjtLCfbaqyF,12,6eKePPT6Z5HNifUrv1WQ9joJgV33opcpf5NC7Zx5j4f6,-11973,0,0,,275,false,true,0.85,
5BKxfWMbmYBAEWvyPZS9esPducUba9GqyMjtLCfbaqyF,12,6eKePPT6Z5HNifUrv1WQ9joJgV33opcpf5NC7Zx5j4f6,-11972,0,0,,276,false,true,0.85,
5BKxfWMbmYBAEWvyPZS9esPducUba9GqyMjtLCfbaqyF,12,6eKePPT6Z5HNifUrv1WQ9joJgV33opcpf5NC7Zx5j4f6,-11971,0,0,,277,false,true,0.85,
5BKxfWMbmYBAEWvyPZS9esPducUba9GqyMjtLCfbaqyF,12,6YBVoTvd9AM6PWbqT4EZXcDcDEkDTvHiDMzy44HAnZvc,-11970,0,0,,278,false,true,0.85,
5BKxfWMbmYBAEWvyPZS9esPducUba9GqyMjtLCfbaqyF,12,6YBVoTvd9AM6PWbqT4EZXcDcDEkDTvHiDMzy44HAnZvc,-11969,0,0,,279,false,true,0.85,
5BKxfWMbmYBAEWvyPZS9esPducUba9GqyMjtLCfbaqyF,12,6YBVoTvd9AM6PWbqT4EZXcDcDEkDTvHiDMzy44HAnZvc,-11968,0,0,,280,false,true,0.85,
5BKxfWMbmYBAEWvyPZS9esPducUba9GqyMjtLCfbaqyF,12,6YBVoTvd9AM6PWbqT4EZXcDcDEkDTvHiDMzy44HAnZvc,-11967,0,0,,281,false,true,0.85,
5BKxfWMbmYBAEWvyPZS9esPducUba9GqyMjtLCfbaqyF,12,6YBVoTvd9AM6PWbqT4EZXcDcDEkDTvHiDMzy44HAnZvc,-11966,0,0,,282,false,true,0.85,
5BKxfWMbmYBAEWvyPZS9esPducUba9GqyMjtLCfbaqyF,12,6YBVoTvd9AM6PWbqT4EZXcDcDEkDTvHiDMzy44HAnZvc,-11965,0,0,,283,false,true,0.85,
5BKxfWMbmYBAEWvyPZS9esPducUba9GqyMjtLCfbaqyF,12,6YBVoTvd9AM6PWbqT4EZXcDcDEkDTvHiDMzy44HAnZvc,-11964,0,0,,284,false,true,0.85,
5BKxfWMbmYBAEWvyPZS9esPducUba9GqyMjtLCfbaqyF,12,6YBVoTvd9AM6PWbqT4EZXcDcDEkDTvHiDMzy44HAnZvc,-11963,0,0,,285,false,true,0.85,
5BKxfWMbmYBAEWvyPZS9esPducUba9GqyMjtLCfbaqyF,12,6YBVoTvd9AM6PWbqT4EZXcDcDEkDTvHiDMzy44HAnZvc,-11962,0,0,,286,false,true,0.85,
5BKxfWMbmYBAEWvyPZS9esPducUba9GqyMjtLCfbaqyF,12,6YBVoTvd9AM6PWbqT4EZXcDcDEkDTvHiDMzy44HAnZvc,-11961,0,0,,287,false,true,0.85,
5BKxfWMbmYBAEWvyPZS9esPducUba9GqyMjtLCfbaqyF,12,6YBVoTvd9AM6PWbqT4EZXcDcDEkDTvHiDMzy44HAnZvc,-11960,0,0,,288,false,true,0.85,
5BKxfWMbmYBAEWvyPZS9esPducUba9GqyMjtLCfbaqyF,12,6YBVoTvd9AM6PWbqT4EZXcDcDEkDTvHiDMzy44HAnZvc,-11959,0,0,,289,false,true,0.85,
5BKxfWMbmYBAEWvyPZS9esPducUba9GqyMjtLCfbaqyF,12,6YBVoTvd9AM6PWbqT4EZXcDcDEkDTvHiDMzy44HAnZvc,-11958,0,0,,290,false,true,0.85,
5BKxfWMbmYBAEWvyPZS9esPducUba9GqyMjtLCfbaqyF,12,6YBVoTvd9AM6PWbqT4EZXcDcDEkDTvHiDMzy44HAnZvc,-11957,0,0,,291,false,true,0.85,
5BKxfWMbmYBAEWvyPZS9esPducUba9GqyMjtLCfbaqyF,12,6YBVoTvd9AM6PWbqT4EZXcDcDEkDTvHiDMzy44HAnZvc,-11956,0,0,,292,false,true,0.85,
5BKxfWMbmYBAEWvyPZS9esPducUba9GqyMjtLCfbaqyF,12,6YBVoTvd9AM6PWbqT4EZXcDcDEkDTvHiDMzy44HAnZvc,-11955,0,0,,293,false,true,0.85,
5BKxfWMbmYBAEWvyPZS9esPducUba9GqyMjtLCfbaqyF,12,6YBVoTvd9AM6PWbqT4EZXcDcDEkDTvHiDMzy44HAnZvc,-11954,0,0,,294,false,true,0.85,
5BKxfWMbmYBAEWvyPZS9esPducUba9GqyMjtLCfbaqyF,12,6YBVoTvd9AM6PWbqT4EZXcDcDEkDTvHiDMzy44HAnZvc,-11953,0,0,,295,false,true,0.85,
5BKxfWMbmYBAEWvyPZS9esPducUba9GqyMjtLCfbaqyF,12,6YBVoTvd9AM6PWbqT4EZXcDcDEkDTvHiDMzy44HAnZvc,-11952,0,0,,296,false,true,0.85,
5BKxfWMbmYBAEWvyPZS9esPducUba9GqyMjtLCfbaqyF,12,6YBVoTvd9AM6PWbqT4EZXcDcDEkDTvHiDMzy44HAnZvc,-11951,0,0,,297,false,true,0.85,
5BKxfWMbmYBAEWvyPZS9esPducUba9GqyMjtLCfbaqyF,12,6YBVoTvd9AM6PWbqT4EZXcDcDEkDTvHiDMzy44HAnZvc,-11950,0,0,,298,false,true,0.85,
5BKxfWMbmYBAEWvyPZS9esPducUba9GqyMjtLCfbaqyF,12,6YBVoTvd9AM6PWbqT4EZXcDcDEkDTvHiDMzy44HAnZvc,-11949,0,0,,299,false,true,0.85,
5BKxfWMbmYBAEWvyPZS9esPducUba9GqyMjtLCfbaqyF,12,6YBVoTvd9AM6PWbqT4EZXcDcDEkDTvHiDMzy44HAnZvc,-11948,0,0,,300,false,true,0.85,
5BKxfWMbmYBAEWvyPZS9esPducUba9GqyMjtLCfbaqyF,12,6YBVoTvd9AM6PWbqT4EZXcDcDEkDTvHiDMzy44HAnZvc,-11947,0,0,,301,false,true,0.85,
5BKxfWMbmYBAEWvyPZS9esPducUba9GqyMjtLCfbaqyF,12,6YBVoTvd9AM6PWbqT4EZXcDcDEkDTvHiDMzy44HAnZvc,-11946,0,0,,302,false,true,0.85,
5BKxfWMbmYBAEWvyPZS9esPducUba9GqyMjtLCfbaqyF,12,6YBVoTvd9AM6PWbqT4EZXcDcDEkDTvHiDMzy44HAnZvc,-11945,0,0,,303,false,true,0.85,
5BKxfWMbmYBAEWvyPZS9esPducUba9GqyMjtLCfbaqyF,12,6YBVoTvd9AM6PWbqT4EZXcDcDEkDTvHiDMzy44HAnZvc,-11944,0,0,,304,false,true,0.85,
5BKxfWMbmYBAEWvyPZS9esPducUba9GqyMjtLCfbaqyF,12,6YBVoTvd9AM6PWbqT4EZXcDcDEkDTvHiDMzy44HAnZvc,-11943,0,0,,305,false,true,0.85,
5BKxfWMbmYBAEWvyPZS9esPducUba9GqyMjtLCfbaqyF,12,6YBVoTvd9AM6PWbqT4EZXcDcDEkDTvHiDMzy44HAnZvc,-11942,0,0,,306,false,true,0.85,
5BKxfWMbmYBAEWvyPZS9esPducUba9GqyMjtLCfbaqyF,12,6YBVoTvd9AM6PWbqT4EZXcDcDEkDTvHiDMzy44HAnZvc,-11941,0,0,,307,false,true,0.85,
5BKxfWMbmYBAEWvyPZS9esPducUba9GqyMjtLCfbaqyF,12,6YBVoTvd9AM6PWbqT4EZXcDcDEkDTvHiDMzy44HAnZvc,-11940,0,0,,308,false,true,0.85,
5BKxfWMbmYBAEWvyPZS9esPducUba9GqyMjtLCfbaqyF,12,6YBVoTvd9AM6PWbqT4EZXcDcDEkDTvHiDMzy44HAnZvc,-11939,0,0,,309,false,true,0.85,
5BKxfWMbmYBAEWvyPZS9esPducUba9GqyMjtLCfbaqyF,12,6YBVoTvd9AM6PWbqT4EZXcDcDEkDTvHiDMzy44HAnZvc,-11938,0,0,,310,false,true,0.85,
5BKxfWMbmYBAEWvyPZS9esPducUba9GqyMjtLCfbaqyF,12,6YBVoTvd9AM6PWbqT4EZXcDcDEkDTvHiDMzy44HAnZvc,-11937,0,0,,311,false,true,0.85,
5BKxfWMbmYBAEWvyPZS9esPducUba9GqyMjtLCfbaqyF,12,6YBVoTvd9AM6PWbqT4EZXcDcDEkDTvHiDMzy44HAnZvc,-11936,0,0,,312,false,true,0.85,
5BKxfWMbmYBAEWvyPZS9esPducUba9GqyMjtLCfbaqyF,12,6YBVoTvd9AM6PWbqT4EZXcDcDEkDTvHiDMzy44HAnZvc,-11935,0,0,,313,false,true,0.85,
5BKxfWMbmYBAEWvyPZS9esPducUba9GqyMjtLCfbaqyF,12,6YBVoTvd9AM6PWbqT4EZXcDcDEkDTvHiDMzy44HAnZvc,-11934,0,0,,314,false,true,0.85,
5BKxfWMbmYBAEWvyPZS9esPducUba9GqyMjtLCfbaqyF,12,6YBVoTvd9AM6PWbqT4EZXcDcDEkDTvHiDMzy44HAnZvc,-11933,0,0,,315,false,true,0.85,
5BKxfWMbmYBAEWvyPZS9esPducUba9GqyMjtLCfbaqyF,12,6YBVoTvd9AM6PWbqT4EZXcDcDEkDTvHiDMzy44HAnZvc,-11932,0,0,,316,false,true,0.85,
5BKxfWMbmYBAEWvyPZS9esPducUba9GqyMjtLCfbaqyF,12,6YBVoTvd9AM6PWbqT4EZXcDcDEkDTvHiDMzy44HAnZvc,-11931,0,0,,317,false,true,0.85,
5BKxfWMbmYBAEWvyPZS9esPducUba9GqyMjtLCfbaqyF,12,6YBVoTvd9AM6PWbqT4EZXcDcDEkDTvHiDMzy44HAnZvc,-11930,0,0,,318,false,true,0.85,
5BKxfWMbmYBAEWvyPZS9esPducUba9GqyMjtLCfbaqyF,12,6YBVoTvd9AM6PWbqT4EZXcDcDEkDTvHiDMzy44HAnZvc,-11929,0,0,,319,false,true,0.85,
5BKxfWMbmYBAEWvyPZS9esPducUba9GqyMjtLCfbaqyF,12,6YBVoTvd9AM6PWbqT4EZXcDcDEkDTvHiDMzy44HAnZvc,-11928,0,0,,320,false,true,0.85,
5BKxfWMbmYBAEWvyPZS9esPducUba9GqyMjtLCfbaqyF,12,6YBVoTvd9AM6PWbqT4EZXcDcDEkDTvHiDMzy44HAnZvc,-11927,0,0,,321,false,true,0.85,
5BKxfWMbmYBAEWvyPZS9esPducUba9GqyMjtLCfbaqyF,12,6YBVoTvd9AM6PWbqT4EZXcDcDEkDTvHiDMzy44HAnZvc,-11926,0,0,,322,false,true,0.85,
5BKxfWMbmYBAEWvyPZS9esPducUba9GqyMjtLCfbaqyF,12,6YBVoTvd9AM6PWbqT4EZXcDcDEkDTvHiDMzy44HAnZvc,-11925,0,0,,323,false,true,0.85,
5BKxfWMbmYBAEWvyPZS9esPducUba9GqyMjtLCfbaqyF,12,6YBVoTvd9AM6PWbqT4EZXcDcDEkDTvHiDMzy44HAnZvc,-11924,0,0,,324,false,true,0.85,
5BKxfWMbmYBAEWvyPZS9esPducUba9GqyMjtLCfbaqyF,12,6YBVoTvd9AM6PWbqT4EZXcDcDEkDTvHiDMzy44HAnZvc,-11923,0,0,,325,false,true,0.85,
5BKxfWMbmYBAEWvyPZS9esPducUba9GqyMjtLCfbaqyF,12,6YBVoTvd9AM6PWbqT4EZXcDcDEkDTvHiDMzy44HAnZvc,-11922,0,0,,326,false,true,0.85,
5BKxfWMbmYBAEWvyPZS9esPducUba9GqyMjtLCfbaqyF,12,6YBVoTvd9AM6PWbqT4EZXcDcDEkDTvHiDMzy44HAnZvc,-11921,0,0,,327,false,true,0.85,
5BKxfWMbmYBAEWvyPZS9esPducUba9GqyMjtLCfbaqyF,12,6YBVoTvd9AM6PWbqT4EZXcDcDEkDTvHiDMzy44HAnZvc,-11920,0,0,,328,false,true,0.85,
5BKxfWMbmYBAEWvyPZS9esPducUba9GqyMjtLCfbaqyF,12,6YBVoTvd9AM6PWbqT4EZXcDcDEkDTvHiDMzy44HAnZvc,-11919,0,0,,329,false,true,0.85,
5BKxfWMbmYBAEWvyPZS9esPducUba9GqyMjtLCfbaqyF,12,6YBVoTvd9AM6PWbqT4EZXcDcDEkDTvHiDMzy44HAnZvc,-11918,0,0,,330,false,true,0.85,
5BKxfWMbmYBAEWvyPZS9esPducUba9GqyMjtLCfbaqyF,12,6YBVoTvd9AM6PWbqT4EZXcDcDEkDTvHiDMzy44HAnZvc,-11917,0,0,,331,false,true,0.85,
5BKxfWMbmYBAEWvyPZS9esPducUba9GqyMjtLCfbaqyF,12,6YBVoTvd9AM6PWbqT4EZXcDcDEkDTvHiDMzy44HAnZvc,-11916,0,0,,332,false,true,0.85,
5BKxfWMbmYBAEWvyPZS9esPducUba9GqyMjtLCfbaqyF,12,6YBVoTvd9AM6PWbqT4EZXcDcDEkDTvHiDMzy44HAnZvc,-11915,0,0,,333,false,true,0.85,
5BKxfWMbmYBAEWvyPZS9esPducUba9GqyMjtLCfbaqyF,12,6YBVoTvd9AM6PWbqT4EZXcDcDEkDTvHiDMzy44HAnZvc,-11914,0,0,,334,false,true,0.85,
5BKxfWMbmYBAEWvyPZS9esPducUba9GqyMjtLCfbaqyF,12,6YBVoTvd9AM6PWbqT4EZXcDcDEkDTvHiDMzy44HAnZvc,-11913,0,0,,335,false,true,0.85,
5BKxfWMbmYBAEWvyPZS9esPducUba9GqyMjtLCfbaqyF,12,6YBVoTvd9AM6PWbqT4EZXcDcDEkDTvHiDMzy44HAnZvc,-11912,0,0,,336,false,true,0.85,
5BKxfWMbmYBAEWvyPZS9esPducUba9GqyMjtLCfbaqyF,12,6YBVoTvd9AM6PWbqT4EZXcDcDEkDTvHiDMzy44HAnZvc,-11911,0,0,,337,false,true,0.85,
5BKxfWMbmYBAEWvyPZS9esPducUba9GqyMjtLCfbaqyF,12,6YBVoTvd9AM6PWbqT4EZXcDcDEkDTvHiDMzy44HAnZvc,-11910,0,0,,338,false,true,0.85,
5BKxfWMbmYBAEWvyPZS9esPducUba9GqyMjtLCfbaqyF,12,6YBVoTvd9AM6PWbqT4EZXcDcDEkDTvHiDMzy44HAnZvc,-11909,0,0,,339,false,true,0.85,
5BKxfWMbmYBAEWvyPZS9esPducUba9GqyMjtLCfbaqyF,12,6YBVoTvd9AM6PWbqT4EZXcDcDEkDTvHiDMzy44HAnZvc,-11908,0,0,,340,false,true,0.85,
5BKxfWMbmYBAEWvyPZS9esPducUba9GqyMjtLCfbaqyF,12,6YBVoTvd9AM6PWbqT4EZXcDcDEkDTvHiDMzy44HAnZvc,-11907,0,0,,341,false,true,0.85,
5BKxfWMbmYBAEWvyPZS9esPducUba9GqyMjtLCfbaqyF,12,6YBVoTvd9AM6PWbqT4EZXcDcDEkDTvHiDMzy44HAnZvc,-11906,0,0,,342,false,true,0.85,
5BKxfWMbmYBAEWvyPZS9esPducUba9GqyMjtLCfbaqyF,12,6YBVoTvd9AM6PWbqT4EZXcDcDEkDTvHiDMzy44HAnZvc,-11905,0,0,,343,false,true,0.85,
5BKxfWMbmYBAEWvyPZS9esPducUba9GqyMjtLCfbaqyF,12,6YBVoTvd9AM6PWbqT4EZXcDcDEkDTvHiDMzy44HAnZvc,-11904,0,0,,344,false,true,0.85,
5BKxfWMbmYBAEWvyPZS9esPducUba9GqyMjtLCfbaqyF,12,6YBVoTvd9AM6PWbqT4EZXcDcDEkDTvHiDMzy44HAnZvc,-11903,0,0,,345,false,true,0.85,
5BKxfWMbmYBAEWvyPZS9esPducUba9GqyMjtLCfbaqyF,12,6YBVoTvd9AM6PWbqT4EZXcDcDEkDTvHiDMzy44HAnZvc,-11902,0,0,,346,false,true,0.85,
5BKxfWMbmYBAEWvyPZS9esPducUba9GqyMjtLCfbaqyF,12,6YBVoTvd9AM6PWbqT4EZXcDcDEkDTvHiDMzy44HAnZvc,-11901,0,0,,347,false,true,0.85,
5BKxfWMbmYBAEWvyPZS9esPducUba9GqyMjtLCfbaqyF,12,B1rvUUVQuGgEWDkT7Q1cDZPYkgm1cUtWGuuqMCRKsoLH,-11900,0,0,,348,false,true,0.85,
5BKxfWMbmYBAEWvyPZS9esPducUba9GqyMjtLCfbaqyF,12,B1rvUUVQuGgEWDkT7Q1cDZPYkgm1cUtWGuuqMCRKsoLH,-11899,0,0,,349,false,true,0.85,
5BKxfWMbmYBAEWvyPZS9esPducUba9GqyMjtLCfbaqyF,12,B1rvUUVQuGgEWDkT7Q1cDZPYkgm1cUtWGuuqMCRKsoLH,-11898,0,0,,350,false,true,0.85,
5BKxfWMbmYBAEWvyPZS9esPducUba9GqyMjtLCfbaqyF,12,B1rvUUVQuGgEWDkT7Q1cDZPYkgm1cUtWGuuqMCRKsoLH,-11897,0,0,,351,false,true,0.85,
5BKxfWMbmYBAEWvyPZS9esPducUba9GqyMjtLCfbaqyF,12,B1rvUUVQuGgEWDkT7Q1cDZPYkgm1cUtWGuuqMCRKsoLH,-11896,0,0,,352,false,true,0.85,
5BKxfWMbmYBAEWvyPZS9esPducUba9GqyMjtLCfbaqyF,12,B1rvUUVQuGgEWDkT7Q1cDZPYkgm1cUtWGuuqMCRKsoLH,-11895,0,0,,353,false,true,0.85,
5BKxfWMbmYBAEWvyPZS9esPducUba9GqyMjtLCfbaqyF,12,B1rvUUVQuGgEWDkT7Q1cDZPYkgm1cUtWGuuqMCRKsoLH,-11894,0,0,,354,false,true,0.85,
5BKxfWMbmYBAEWvyPZS9esPducUba9GqyMjtLCfbaqyF,12,B1rvUUVQuGgEWDkT7Q1cDZPYkgm1cUtWGuuqMCRKsoLH,-11893,0,0,,355,false,true,0.85,
5BKxfWMbmYBAEWvyPZS9esPducUba9GqyMjtLCfbaqyF,12,B1rvUUVQuGgEWDkT7Q1cDZPYkgm1cUtWGuuqMCRKsoLH,-11892,0,0,,356,false,true,0.85,
5BKxfWMbmYBAEWvyPZS9esPducUba9GqyMjtLCfbaqyF,12,B1rvUUVQuGgEWDkT7Q1cDZPYkgm1cUtWGuuqMCRKsoLH,-11891,0,0,,357,false,true,0.85,
5BKxfWMbmYBAEWvyPZS9esPducUba9GqyMjtLCfbaqyF,12,B1rvUUVQuGgEWDkT7Q1cDZPYkgm1cUtWGuuqMCRKsoLH,-11890,0,0,,358,false,true,0.85,
5BKxfWMbmYBAEWvyPZS9esPducUba9GqyMjtLCfbaqyF,12,B1rvUUVQuGgEWDkT7Q1cDZPYkgm1cUtWGuuqMCRKsoLH,-11889,0,0,,359,false,true,0.85,
5BKxfWMbmYBAEWvyPZS9esPducUba9GqyMjtLCfbaqyF,12,B1rvUUVQuGgEWDkT7Q1cDZPYkgm1cUtWGuuqMCRKsoLH,-11888,0,0,,360,false,true,0.85,
5BKxfWMbmYBAEWvyPZS9esPducUba9GqyMjtLCfbaqyF,12,B1rvUUVQuGgEWDkT7Q1cDZPYkgm1cUtWGuuqMCRKsoLH,-11887,0,0,,361,false,true,0.85,
5BKxfWMbmYBAEWvyPZS9esPducUba9GqyMjtLCfbaqyF,12,B1rvUUVQuGgEWDkT7Q1cDZPYkgm1cUtWGuuqMCRKsoLH,-11886,0,0,,362,false,true,0.85,
5BKxfWMbmYBAEWvyPZS9esPducUba9GqyMjtLCfbaqyF,12,B1rvUUVQuGgEWDkT7Q1cDZPYkgm1cUtWGuuqMCRKsoLH,-11885,0,0,,363,false,true,0.85,
5BKxfWMbmYBAEWvyPZS9esPducUba9GqyMjtLCfbaqyF,12,B1rvUUVQuGgEWDkT7Q1cDZPYkgm1cUtWGuuqMCRKsoLH,-11884,0,0,,364,false,true,0.85,
5BKxfWMbmYBAEWvyPZS9esPducUba9GqyMjtLCfbaqyF,12,B1rvUUVQuGgEWDkT7Q1cDZPYkgm1cUtWGuuqMCRKsoLH,-11883,0,0,,365,false,true,0.85,
5BKxfWMbmYBAEWvyPZS9esPducUba9GqyMjtLCfbaqyF,12,B1rvUUVQuGgEWDkT7Q1cDZPYkgm1cUtWGuuqMCRKsoLH,-11882,0,0,,366,false,true,0.85,
5BKxfWMbmYBAEWvyPZS9esPducUba9GqyMjtLCfbaqyF,12,B1rvUUVQuGgEWDkT7Q1cDZPYkgm1cUtWGuuqMCRKsoLH,-11881,0,0,,367,false,true,0.85,
5BKxfWMbmYBAEWvyPZS9esPducUba9GqyMjtLCfbaqyF,12,B1rvUUVQuGgEWDkT7Q1cDZPYkgm1cUtWGuuqMCRKsoLH,-11880,0,0,,368,false,true,0.85,
5BKxfWMbmYBAEWvyPZS9esPducUba9GqyMjtLCfbaqyF,12,B1rvUUVQuGgEWDkT7Q1cDZPYkgm1cUtWGuuqMCRKsoLH,-11879,0,0,,369,false,true,0.85,
5BKxfWMbmYBAEWvyPZS9esPducUba9GqyMjtLCfbaqyF,12,B1rvUUVQuGgEWDkT7Q1cDZPYkgm1cUtWGuuqMCRKsoLH,-11878,0,0,,370,false,true,0.85,
5BKxfWMbmYBAEWvyPZS9esPducUba9GqyMjtLCfbaqyF,12,B1rvUUVQuGgEWDkT7Q1cDZPYkgm1cUtWGuuqMCRKsoLH,-11877,0,0,,371,false,true,0.85,
5BKxfWMbmYBAEWvyPZS9esPducUba9GqyMjtLCfbaqyF,12,B1rvUUVQuGgEWDkT7Q1cDZPYkgm1cUtWGuuqMCRKsoLH,-11876,0,0,,372,false,true,0.85,
5BKxfWMbmYBAEWvyPZS9esPducUba9GqyMjtLCfbaqyF,12,B1rvUUVQuGgEWDkT7Q1cDZPYkgm1cUtWGuuqMCRKsoLH,-11875,0,0,,373,false,true,0.85,
5BKxfWMbmYBAEWvyPZS9esPducUba9GqyMjtLCfbaqyF,12,B1rvUUVQuGgEWDkT7Q1cDZPYkgm1cUtWGuuqMCRKsoLH,-11874,0,0,,374,false,true,0.85,
5BKxfWMbmYBAEWvyPZS9esPducUba9GqyMjtLCfbaqyF,12,B1rvUUVQuGgEWDkT7Q1cDZPYkgm1cUtWGuuqMCRKsoLH,-11873,0,0,,375,false,true,0.85,
5BKxfWMbmYBAEWvyPZS9esPducUba9GqyMjtLCfbaqyF,12,B1rvUUVQuGgEWDkT7Q1cDZPYkgm1cUtWGuuqMCRKsoLH,-11872,0,0,,376,false,true,0.85,
5BKxfWMbmYBAEWvyPZS9esPducUba9GqyMjtLCfbaqyF,12,B1rvUUVQuGgEWDkT7Q1cDZPYkgm1cUtWGuuqMCRKsoLH,-11871,0,0,,377,false,true,0.85,
5BKxfWMbmYBAEWvyPZS9esPducUba9GqyMjtLCfbaqyF,12,B1rvUUVQuGgEWDkT7Q1cDZPYkgm1cUtWGuuqMCRKsoLH,-11870,0,0,,378,false,true,0.85,
5BKxfWMbmYBAEWvyPZS9esPducUba9GqyMjtLCfbaqyF,12,B1rvUUVQuGgEWDkT7Q1cDZPYkgm1cUtWGuuqMCRKsoLH,-11869,0,0,,379,false,true,0.85,
5BKxfWMbmYBAEWvyPZS9esPducUba9GqyMjtLCfbaqyF,12,B1rvUUVQuGgEWDkT7Q1cDZPYkgm1cUtWGuuqMCRKsoLH,-11868,0,0,,380,false,true,0.85,
5BKxfWMbmYBAEWvyPZS9esPducUba9GqyMjtLCfbaqyF,12,B1rvUUVQuGgEWDkT7Q1cDZPYkgm1cUtWGuuqMCRKsoLH,-11867,0,0,,381,false,true,0.85,
5BKxfWMbmYBAEWvyPZS9esPducUba9GqyMjtLCfbaqyF,12,B1rvUUVQuGgEWDkT7Q1cDZPYkgm1cUtWGuuqMCRKsoLH,-11866,0,0,,382,false,true,0.85,
5BKxfWMbmYBAEWvyPZS9esPducUba9GqyMjtLCfbaqyF,12,B1rvUUVQuGgEWDkT7Q1cDZPYkgm1cUtWGuuqMCRKsoLH,-11865,0,0,,383,false,true,0.85,
5BKxfWMbmYBAEWvyPZS9esPducUba9GqyMjtLCfbaqyF,12,B1rvUUVQuGgEWDkT7Q1cDZPYkgm1cUtWGuuqMCRKsoLH,-11864,0,0,,384,false,true,0.85,
5BKxfWMbmYBAEWvyPZS9esPducUba9GqyMjtLCfbaqyF,12,B1rvUUVQuGgEWDkT7Q1cDZPYkgm1cUtWGuuqMCRKsoLH,-11863,0,0,,385,false,true,0.85,
5BKxfWMbmYBAEWvyPZS9esPducUba9GqyMjtLCfbaqyF,12,B1rvUUVQuGgEWDkT7Q1cDZPYkgm1cUtWGuuqMCRKsoLH,-11862,0,0,,386,false,true,0.85,
5BKxfWMbmYBAEWvyPZS9esPducUba9GqyMjtLCfbaqyF,12,B1rvUUVQuGgEWDkT7Q1cDZPYkgm1cUtWGuuqMCRKsoLH,-11861,0,0,,387,false,true,0.85,
5BKxfWMbmYBAEWvyPZS9esPducUba9GqyMjtLCfbaqyF,12,B1rvUUVQuGgEWDkT7Q1cDZPYkgm1cUtWGuuqMCRKsoLH,-11860,0,0,,388,false,true,0.85,
5BKxfWMbmYBAEWvyPZS9esPducUba9GqyMjtLCfbaqyF,12,B1rvUUVQuGgEWDkT7Q1cDZPYkgm1cUtWGuuqMCRKsoLH,-11859,0,0,,389,false,true,0.85,
5BKxfWMbmYBAEWvyPZS9esPducUba9GqyMjtLCfbaqyF,12,B1rvUUVQuGgEWDkT7Q1cDZPYkgm1cUtWGuuqMCRKsoLH,-11858,0,0,,390,false,true,0.85,
5BKxfWMbmYBAEWvyPZS9esPducUba9GqyMjtLCfbaqyF,12,B1rvUUVQuGgEWDkT7Q1cDZPYkgm1cUtWGuuqMCRKsoLH,-11857,0,0,,391,false,true,0.85,
5BKxfWMbmYBAEWvyPZS9esPducUba9GqyMjtLCfbaqyF,12,B1rvUUVQuGgEWDkT7Q1cDZPYkgm1cUtWGuuqMCRKsoLH,-11856,0,0,,392,false,true,0.85,
5BKxfWMbmYBAEWvyPZS9esPducUba9GqyMjtLCfbaqyF,12,B1rvUUVQuGgEWDkT7Q1cDZPYkgm1cUtWGuuqMCRKsoLH,-11855,0,0,,393,false,true,0.85,
5BKxfWMbmYBAEWvyPZS9esPducUba9GqyMjtLCfbaqyF,12,B1rvUUVQuGgEWDkT7Q1cDZPYkgm1cUtWGuuqMCRKsoLH,-11854,0,0,,394,false,true,0.85,
5BKxfWMbmYBAEWvyPZS9esPducUba9GqyMjtLCfbaqyF,12,B1rvUUVQuGgEWDkT7Q1cDZPYkgm1cUtWGuuqMCRKsoLH,-11853,0,0,,395,false,true,0.85,
5BKxfWMbmYBAEWvyPZS9esPducUba9GqyMjtLCfbaqyF,12,B1rvUUVQuGgEWDkT7Q1cDZPYkgm1cUtWGuuqMCRKsoLH,-11852,0,0,,396,false,true,0.85,
5BKxfWMbmYBAEWvyPZS9esPducUba9GqyMjtLCfbaqyF,12,B1rvUUVQuGgEWDkT7Q1cDZPYkgm1cUtWGuuqMCRKsoLH,-11851,0,0,,397,false,true,0.85,
5BKxfWMbmYBAEWvyPZS9esPducUba9GqyMjtLCfbaqyF,12,B1rvUUVQuGgEWDkT7Q1cDZPYkgm1cUtWGuuqMCRKsoLH,-11850,0,0,,398,false,true,0.85,
5BKxfWMbmYBAEWvyPZS9esPducUba9GqyMjtLCfbaqyF,12,B1rvUUVQuGgEWDkT7Q1cDZPYkgm1cUtWGuuqMCRKsoLH,-11849,0,0,,399,false,true,0.85,
5BKxfWMbmYBAEWvyPZS9esPducUba9GqyMjtLCfbaqyF,12,B1rvUUVQuGgEWDkT7Q1cDZPYkgm1cUtWGuuqMCRKsoLH,-11848,0,0,,400,false,true,0.85,
5BKxfWMbmYBAEWvyPZS9esPducUba9GqyMjtLCfbaqyF,12,B1rvUUVQuGgEWDkT7Q1cDZPYkgm1cUtWGuuqMCRKsoLH,-11847,0,0,,401,false,true,0.85,
5BKxfWMbmYBAEWvyPZS9esPducUba9GqyMjtLCfbaqyF,12,B1rvUUVQuGgEWDkT7Q1cDZPYkgm1cUtWGuuqMCRKsoLH,-11846,0,0,,402,false,true,0.85,
5BKxfWMbmYBAEWvyPZS9esPducUba9GqyMjtLCfbaqyF,12,B1rvUUVQuGgEWDkT7Q1cDZPYkgm1cUtWGuuqMCRKsoLH,-11845,0,0,,403,false,true,0.85,
5BKxfWMbmYBAEWvyPZS9esPducUba9GqyMjtLCfbaqyF,12,B1rvUUVQuGgEWDkT7Q1cDZPYkgm1cUtWGuuqMCRKsoLH,-11844,0,0,,404,false,true,0.85,
5BKxfWMbmYBAEWvyPZS9esPducUba9GqyMjtLCfbaqyF,12,B1rvUUVQuGgEWDkT7Q1cDZPYkgm1cUtWGuuqMCRKsoLH,-11843,0,0,,405,false,true,0.85,
5BKxfWMbmYBAEWvyPZS9esPducUba9GqyMjtLCfbaqyF,12,B1rvUUVQuGgEWDkT7Q1cDZPYkgm1cUtWGuuqMCRKsoLH,-11842,0,0,,406,false,true,0.85,
5BKxfWMbmYBAEWvyPZS9esPducUba9GqyMjtLCfbaqyF,12,B1rvUUVQuGgEWDkT7Q1cDZPYkgm1cUtWGuuqMCRKsoLH,-11841,0,0,,407,false,true,0.85,
5BKxfWMbmYBAEWvyPZS9esPducUba9GqyMjtLCfbaqyF,12,B1rvUUVQuGgEWDkT7Q1cDZPYkgm1cUtWGuuqMCRKsoLH,-11840,0,0,,408,false,true,0.85,
5BKxfWMbmYBAEWvyPZS9esPducUba9GqyMjtLCfbaqyF,12,B1rvUUVQuGgEWDkT7Q1cDZPYkgm1cUtWGuuqMCRKsoLH,-11839,0,0,,409,false,true,0.85,
5BKxfWMbmYBAEWvyPZS9esPducUba9GqyMjtLCfbaqyF,12,B1rvUUVQuGgEWDkT7Q1cDZPYkgm1cUtWGuuqMCRKsoLH,-11838,0,0,,410,false,true,0.85,
5BKxfWMbmYBAEWvyPZS9esPducUba9GqyMjtLCfbaqyF,12,B1rvUUVQuGgEWDkT7Q1cDZPYkgm1cUtWGuuqMCRKsoLH,-11837,0,0,,411,false,true,0.85,
5BKxfWMbmYBAEWvyPZS9esPducUba9GqyMjtLCfbaqyF,12,B1rvUUVQuGgEWDkT7Q1cDZPYkgm1cUtWGuuqMCRKsoLH,-11836,0,0,,412,false,true,0.85,
5BKxfWMbmYBAEWvyPZS9esPducUba9GqyMjtLCfbaqyF,12,B1rvUUVQuGgEWDkT7Q1cDZPYkgm1cUtWGuuqMCRKsoLH,-11835,0,0,,413,false,true,0.85,
5BKxfWMbmYBAEWvyPZS9esPducUba9GqyMjtLCfbaqyF,12,B1rvUUVQuGgEWDkT7Q1cDZPYkgm1cUtWGuuqMCRKsoLH,-11834,0,0,,414,false,true,0.85,
5BKxfWMbmYBAEWvyPZS9esPducUba9GqyMjtLCfbaqyF,12,B1rvUUVQuGgEWDkT7Q1cDZPYkgm1cUtWGuuqMCRKsoLH,-11833,0,0,,415,false,true,0.85,
5BKxfWMbmYBAEWvyPZS9esPducUba9GqyMjtLCfbaqyF,12,B1rvUUVQuGgEWDkT7Q1cDZPYkgm1cUtWGuuqMCRKsoLH,-11832,0,0,,416,false,true,0.85,
5BKxfWMbmYBAEWvyPZS9esPducUba9GqyMjtLCfbaqyF,12,B1rvUUVQuGgEWDkT7Q1cDZPYkgm1cUtWGuuqMCRKsoLH,-11831,0,0,,417,false,true,0.85,
5BKxfWMbmYBAEWvyPZS9esPducUba9GqyMjtLCfbaqyF,15,7cZeMDMH8YPF5YtgoWaCSw4eQVqjcqBcqCK9Fe2zih9n,-12390,0,0,,-142,false,true,0.85,
5BKxfWMbmYBAEWvyPZS9esPducUba9GqyMjtLCfbaqyF,15,7cZeMDMH8YPF5YtgoWaCSw4eQVqjcqBcqCK9Fe2zih9n,-12389,0,0,,-141,false,true,0.85,
5BKxfWMbmYBAEWvyPZS9esPducUba9GqyMjtLCfbaqyF,15,7cZeMDMH8YPF5YtgoWaCSw4eQVqjcqBcqCK9Fe2zih9n,-12388,0,0,,-140,false,true,0.85,
5BKxfWMbmYBAEWvyPZS9esPducUba9GqyMjtLCfbaqyF,15,7cZeMDMH8YPF5YtgoWaCSw4eQVqjcqBcqCK9Fe2zih9n,-12387,0,0,,-139,false,true,0.85,
5BKxfWMbmYBAEWvyPZS9esPducUba9GqyMjtLCfbaqyF,15,7cZeMDMH8YPF5YtgoWaCSw4eQVqjcqBcqCK9Fe2zih9n,-12386,0,0,,-138,false,true,0.85,
5BKxfWMbmYBAEWvyPZS9esPducUba9GqyMjtLCfbaqyF,15,7cZeMDMH8YPF5YtgoWaCSw4eQVqjcqBcqCK9Fe2zih9n,-12385,0,0,,-137,false,true,0.85,
5BKxfWMbmYBAEWvyPZS9esPducUba9GqyMjtLCfbaqyF,15,7cZeMDMH8YPF5YtgoWaCSw4eQVqjcqBcqCK9Fe2zih9n,-12384,0,0,,-136,false,true,0.85,
5BKxfWMbmYBAEWvyPZS9esPducUba9GqyMjtLCfbaqyF,15,7cZeMDMH8YPF5YtgoWaCSw4eQVqjcqBcqCK9Fe2zih9n,-12383,0,0,,-135,false,true,0.85,
5BKxfWMbmYBAEWvyPZS9esPducUba9GqyMjtLCfbaqyF,15,7cZeMDMH8YPF5YtgoWaCSw4eQVqjcqBcqCK9Fe2zih9n,-12382,0,0,,-134,false,true,0.85,
5BKxfWMbmYBAEWvyPZS9esPducUba9GqyMjtLCfbaqyF,15,7cZeMDMH8YPF5YtgoWaCSw4eQVqjcqBcqCK9Fe2zih9n,-12381,0,0,,-133,false,true,0.85,
5BKxfWMbmYBAEWvyPZS9esPducUba9GqyMjtLCfbaqyF,15,7cZeMDMH8YPF5YtgoWaCSw4eQVqjcqBcqCK9Fe2zih9n,-12380,0,0,,-132,false,true,0.85,
5BKxfWMbmYBAEWvyPZS9esPducUba9GqyMjtLCfbaqyF,15,7cZeMDMH8YPF5YtgoWaCSw4eQVqjcqBcqCK9Fe2zih9n,-12379,0,0,,-131,false,true,0.85,
5BKxfWMbmYBAEWvyPZS9esPducUba9GqyMjtLCfbaqyF,15,7cZeMDMH8YPF5YtgoWaCSw4eQVqjcqBcqCK9Fe2zih9n,-12378,0,0,,-130,false,true,0.85,
5BKxfWMbmYBAEWvyPZS9esPducUba9GqyMjtLCfbaqyF,15,7cZeMDMH8YPF5YtgoWaCSw4eQVqjcqBcqCK9Fe2zih9n,-12377,0,0,,-129,false,true,0.85,
5BKxfWMbmYBAEWvyPZS9esPducUba9GqyMjtLCfbaqyF,15,7cZeMDMH8YPF5YtgoWaCSw4eQVqjcqBcqCK9Fe2zih9n,-12376,0,0,,-128,false,true,0.85,
5BKxfWMbmYBAEWvyPZS9esPducUba9GqyMjtLCfbaqyF,15,7cZeMDMH8YPF5YtgoWaCSw4eQVqjcqBcqCK9Fe2zih9n,-12375,0,0,,-127,false,true,0.85,
5BKxfWMbmYBAEWvyPZS9esPducUba9GqyMjtLCfbaqyF,15,7cZeMDMH8YPF5YtgoWaCSw4eQVqjcqBcqCK9Fe2zih9n,-12374,0,0,,-126,false,true,0.85,
5BKxfWMbmYBAEWvyPZS9esPducUba9GqyMjtLCfbaqyF,15,7cZeMDMH8YPF5YtgoWaCSw4eQVqjcqBcqCK9Fe2zih9n,-12373,0,0,,-125,false,true,0.85,
5BKxfWMbmYBAEWvyPZS9esPducUba9GqyMjtLCfbaqyF,15,7cZeMDMH8YPF5YtgoWaCSw4eQVqjcqBcqCK9Fe2zih9n,-12372,0,0,,-124,false,true,0.85,
5BKxfWMbmYBAEWvyPZS9esPducUba9GqyMjtLCfbaqyF,15,7cZeMDMH8YPF5YtgoWaCSw4eQVqjcqBcqCK9Fe2zih9n,-12371,0,0,,-123,false,true,0.85,
5BKxfWMbmYBAEWvyPZS9esPducUba9GqyMjtLCfbaqyF,15,7cZeMDMH8YPF5YtgoWaCSw4eQVqjcqBcqCK9Fe2zih9n,-12370,0,0,,-122,false,true,0.85,
5BKxfWMbmYBAEWvyPZS9esPducUba9GqyMjtLCfbaqyF,15,7cZeMDMH8YPF5YtgoWaCSw4eQVqjcqBcqCK9Fe2zih9n,-12369,0,0,,-121,false,true,0.85,
5BKxfWMbmYBAEWvyPZS9esPducUba9GqyMjtLCfbaqyF,15,7cZeMDMH8YPF5YtgoWaCSw4eQVqjcqBcqCK9Fe2zih9n,-12368,0,0,,-120,false,true,0.85,
5BKxfWMbmYBAEWvyPZS9esPducUba9GqyMjtLCfbaqyF,15,7cZeMDMH8YPF5YtgoWaCSw4eQVqjcqBcqCK9Fe2zih9n,-12367,0,0,,-119,false,true,0.85,
5BKxfWMbmYBAEWvyPZS9esPducUba9GqyMjtLCfbaqyF,15,7cZeMDMH8YPF5YtgoWaCSw4eQVqjcqBcqCK9Fe2zih9n,-12366,0,0,,-118,false,true,0.85,
5BKxfWMbmYBAEWvyPZS9esPducUba9GqyMjtLCfbaqyF,15,7cZeMDMH8YPF5YtgoWaCSw4eQVqjcqBcqCK9Fe2zih9n,-12365,0,0,,-117,false,true,0.85,
5BKxfWMbmYBAEWvyPZS9esPducUba9GqyMjtLCfbaqyF,15,7cZeMDMH8YPF5YtgoWaCSw4eQVqjcqBcqCK9Fe2zih9n,-12364,0,0,,-116,false,true,0.85,
5BKxfWMbmYBAEWvyPZS9esPducUba9GqyMjtLCfbaqyF,15,7cZeMDMH8YPF5YtgoWaCSw4eQVqjcqBcqCK9Fe2zih9n,-12363,0,0,,-115,false,true,0.85,
5BKxfWMbmYBAEWvyPZS9esPducUba9GqyMjtLCfbaqyF,15,7cZeMDMH8YPF5YtgoWaCSw4eQVqjcqBcqCK9Fe2zih9n,-12362,0,0,,-114,false,true,0.85,
5BKxfWMbmYBAEWvyPZS9esPducUba9GqyMjtLCfbaqyF,15,7cZeMDMH8YPF5YtgoWaCSw4eQVqjcqBcqCK9Fe2zih9n,-12361,0,0,,-113,false,true,0.85,
5BKxfWMbmYBAEWvyPZS9esPducUba9GqyMjtLCfbaqyF,15,7cZeMDMH8YPF5YtgoWaCSw4eQVqjcqBcqCK9Fe2zih9n,-12360,0,0,,-112,false,true,0.85,
5BKxfWMbmYBAEWvyPZS9esPducUba9GqyMjtLCfbaqyF,15,7cZeMDMH8YPF5YtgoWaCSw4eQVqjcqBcqCK9Fe2zih9n,-12359,0,0,,-111,false,true,0.85,
5BKxfWMbmYBAEWvyPZS9esPducUba9GqyMjtLCfbaqyF,15,7cZeMDMH8YPF5YtgoWaCSw4eQVqjcqBcqCK9Fe2zih9n,-12358,0,0,,-110,false,true,0.85,
5BKxfWMbmYBAEWvyPZS9esPducUba9GqyMjtLCfbaqyF,15,7cZeMDMH8YPF5YtgoWaCSw4eQVqjcqBcqCK9Fe2zih9n,-12357,0,0,,-109,false,true,0.85,
5BKxfWMbmYBAEWvyPZS9esPducUba9GqyMjtLCfbaqyF,15,7cZeMDMH8YPF5YtgoWaCSw4eQVqjcqBcqCK9Fe2zih9n,-12356,0,0,,-108,false,true,0.85,
5BKxfWMbmYBAEWvyPZS9esPducUba9GqyMjtLCfbaqyF,15,7cZeMDMH8YPF5YtgoWaCSw4eQVqjcqBcqCK9Fe2zih9n,-12355,0,0,,-107,false,true,0.85,
5BKxfWMbmYBAEWvyPZS9esPducUba9GqyMjtLCfbaqyF,15,7cZeMDMH8YPF5YtgoWaCSw4eQVqjcqBcqCK9Fe2zih9n,-12354,0,0,,-106,false,true,0.85,
5BKxfWMbmYBAEWvyPZS9esPducUba9GqyMjtLCfbaqyF,15,7cZeMDMH8YPF5YtgoWaCSw4eQVqjcqBcqCK9Fe2zih9n,-12353,0,0,,-105,false,true,0.85,
5BKxfWMbmYBAEWvyPZS9esPducUba9GqyMjtLCfbaqyF,15,7cZeMDMH8YPF5YtgoWaCSw4eQVqjcqBcqCK9Fe2zih9n,-12352,0,0,,-104,false,true,0.85,
5BKxfWMbmYBAEWvyPZS9esPducUba9GqyMjtLCfbaqyF,15,7cZeMDMH8YPF5YtgoWaCSw4eQVqjcqBcqCK9Fe2zih9n,-12351,0,0,,-103,false,true,0.85,
5BKxfWMbmYBAEWvyPZS9esPducUba9GqyMjtLCfbaqyF,15,7cZeMDMH8YPF5YtgoWaCSw4eQVqjcqBcqCK9Fe2zih9n,-12350,0,0,,-102,false,true,0.85,
5BKxfWMbmYBAEWvyPZS9esPducUba9GqyMjtLCfbaqyF,15,7cZeMDMH8YPF5YtgoWaCSw4eQVqjcqBcqCK9Fe2zih9n,-12349,0,0,,-101,false,true,0.85,
5BKxfWMbmYBAEWvyPZS9esPducUba9GqyMjtLCfbaqyF,15,7cZeMDMH8YPF5YtgoWaCSw4eQVqjcqBcqCK9Fe2zih9n,-12348,0,0,,-100,false,true,0.85,
5BKxfWMbmYBAEWvyPZS9esPducUba9GqyMjtLCfbaqyF,15,7cZeMDMH8YPF5YtgoWaCSw4eQVqjcqBcqCK9Fe2zih9n,-12347,0,0,,-99,false,true,0.85,
5BKxfWMbmYBAEWvyPZS9esPducUba9GqyMjtLCfbaqyF,15,7cZeMDMH8YPF5YtgoWaCSw4eQVqjcqBcqCK9Fe2zih9n,-12346,0,0,,-98,false,true,0.85,
5BKxfWMbmYBAEWvyPZS9esPducUba9GqyMjtLCfbaqyF,15,7cZeMDMH8YPF5YtgoWaCSw4eQVqjcqBcqCK9Fe2zih9n,-12345,0,0,,-97,false,true,0.85,
5BKxfWMbmYBAEWvyPZS9esPducUba9GqyMjtLCfbaqyF,15,7cZeMDMH8YPF5YtgoWaCSw4eQVqjcqBcqCK9Fe2zih9n,-12344,0,0,,-96,false,true,0.85,
5BKxfWMbmYBAEWvyPZS9esPducUba9GqyMjtLCfbaqyF,15,7cZeMDMH8YPF5YtgoWaCSw4eQVqjcqBcqCK9Fe2zih9n,-12343,0,0,,-95,false,true,0.85,
5BKxfWMbmYBAEWvyPZS9esPducUba9GqyMjtLCfbaqyF,15,7cZeMDMH8YPF5YtgoWaCSw4eQVqjcqBcqCK9Fe2zih9n,-12342,0,0,,-94,false,true,0.85,
5BKxfWMbmYBAEWvyPZS9esPducUba9GqyMjtLCfbaqyF,15,7cZeMDMH8YPF5YtgoWaCSw4eQVqjcqBcqCK9Fe2zih9n,-12341,0,0,,-93,false,true,0.85,
5BKxfWMbmYBAEWvyPZS9esPducUba9GqyMjtLCfbaqyF,15,7cZeMDMH8YPF5YtgoWaCSw4eQVqjcqBcqCK9Fe2zih9n,-12340,0,0,,-92,false,true,0.85,
5BKxfWMbmYBAEWvyPZS9esPducUba9GqyMjtLCfbaqyF,15,7cZeMDMH8YPF5YtgoWaCSw4eQVqjcqBcqCK9Fe2zih9n,-12339,0,0,,-91,false,true,0.85,
5BKxfWMbmYBAEWvyPZS9esPducUba9GqyMjtLCfbaqyF,15,7cZeMDMH8YPF5YtgoWaCSw4eQVqjcqBcqCK9Fe2zih9n,-12338,0,0,,-90,false,true,0.85,
5BKxfWMbmYBAEWvyPZS9esPducUba9GqyMjtLCfbaqyF,15,7cZeMDMH8YPF5YtgoWaCSw4eQVqjcqBcqCK9Fe2zih9n,-12337,0,0,,-89,false,true,0.85,
5BKxfWMbmYBAEWvyPZS9esPducUba9GqyMjtLCfbaqyF,15,7cZeMDMH8YPF5YtgoWaCSw4eQVqjcqBcqCK9Fe2zih9n,-12336,0,0,,-88,false,true,0.85,
5BKxfWMbmYBAEWvyPZS9esPducUba9GqyMjtLCfbaqyF,15,7cZeMDMH8YPF5YtgoWaCSw4eQVqjcqBcqCK9Fe2zih9n,-12335,0,0,,-87,false,true,0.85,
5BKxfWMbmYBAEWvyPZS9esPducUba9GqyMjtLCfbaqyF,15,7cZeMDMH8YPF5YtgoWaCSw4eQVqjcqBcqCK9Fe2zih9n,-12334,0,0,,-86,false,true,0.85,
5BKxfWMbmYBAEWvyPZS9esPducUba9GqyMjtLCfbaqyF,15,7cZeMDMH8YPF5YtgoWaCSw4eQVqjcqBcqCK9Fe2zih9n,-12333,0,0,,-85,false,true,0.85,
5BKxfWMbmYBAEWvyPZS9esPducUba9GqyMjtLCfbaqyF,15,7cZeMDMH8YPF5YtgoWaCSw4eQVqjcqBcqCK9Fe2zih9n,-12332,0,0,,-84,false,true,0.85,
5BKxfWMbmYBAEWvyPZS9esPducUba9GqyMjtLCfbaqyF,15,7cZeMDMH8YPF5YtgoWaCSw4eQVqjcqBcqCK9Fe2zih9n,-12331,0,0,,-83,false,true,0.85,
5BKxfWMbmYBAEWvyPZS9esPducUba9GqyMjtLCfbaqyF,15,7cZeMDMH8YPF5YtgoWaCSw4eQVqjcqBcqCK9Fe2zih9n,-12330,0,0,,-82,false,true,0.85,
5BKxfWMbmYBAEWvyPZS9esPducUba9GqyMjtLCfbaqyF,15,7cZeMDMH8YPF5YtgoWaCSw4eQVqjcqBcqCK9Fe2zih9n,-12329,0,0,,-81,false,true,0.85,
5BKxfWMbmYBAEWvyPZS9esPducUba9GqyMjtLCfbaqyF,15,7cZeMDMH8YPF5YtgoWaCSw4eQVqjcqBcqCK9Fe2zih9n,-12328,0,0,,-80,false,true,0.85,
5BKxfWMbmYBAEWvyPZS9esPducUba9GqyMjtLCfbaqyF,15,7cZeMDMH8YPF5YtgoWaCSw4eQVqjcqBcqCK9Fe2zih9n,-12327,0,0,,-79,false,true,0.85,
5BKxfWMbmYBAEWvyPZS9esPducUba9GqyMjtLCfbaqyF,15,7cZeMDMH8YPF5YtgoWaCSw4eQVqjcqBcqCK9Fe2zih9n,-12326,0,0,,-78,false,true,0.85,
5BKxfWMbmYBAEWvyPZS9esPducUba9GqyMjtLCfbaqyF,15,7cZeMDMH8YPF5YtgoWaCSw4eQVqjcqBcqCK9Fe2zih9n,-12325,0,0,,-77,false,true,0.85,
5BKxfWMbmYBAEWvyPZS9esPducUba9GqyMjtLCfbaqyF,15,7cZeMDMH8YPF5YtgoWaCSw4eQVqjcqBcqCK9Fe2zih9n,-12324,0,0,,-76,false,true,0.85,
5BKxfWMbmYBAEWvyPZS9esPducUba9GqyMjtLCfbaqyF,15,7cZeMDMH8YPF5YtgoWaCSw4eQVqjcqBcqCK9Fe2zih9n,-12323,0,0,,-75,false,true,0.85,
5BKxfWMbmYBAEWvyPZS9esPducUba9GqyMjtLCfbaqyF,15,7cZeMDMH8YPF5YtgoWaCSw4eQVqjcqBcqCK9Fe2zih9n,-12322,0,0,,-74,false,true,0.85,
5BKxfWMbmYBAEWvyPZS9esPducUba9GqyMjtLCfbaqyF,15,7cZeMDMH8YPF5YtgoWaCSw4eQVqjcqBcqCK9Fe2zih9n,-12321,0,0,,-73,false,true,0.85,
5BKxfWMbmYBAEWvyPZS9esPducUba9GqyMjtLCfbaqyF,15,99daE4xkHTmziJZYh6XzfQ8mRqJD6kiYbDVtf8mRhoUL,-12320,0,0,,-72,false,true,0.85,
5BKxfWMbmYBAEWvyPZS9esPducUba9GqyMjtLCfbaqyF,15,99daE4xkHTmziJZYh6XzfQ8mRqJD6kiYbDVtf8mRhoUL,-12319,0,0,,-71,false,true,0.85,
5BKxfWMbmYBAEWvyPZS9esPducUba9GqyMjtLCfbaqyF,15,99daE4xkHTmziJZYh6XzfQ8mRqJD6kiYbDVtf8mRhoUL,-12318,0,0,,-70,false,true,0.85,
5BKxfWMbmYBAEWvyPZS9esPducUba9GqyMjtLCfbaqyF,15,99daE4xkHTmziJZYh6XzfQ8mRqJD6kiYbDVtf8mRhoUL,-12317,0,0,,-69,false,true,0.85,
5BKxfWMbmYBAEWvyPZS9esPducUba9GqyMjtLCfbaqyF,15,99daE4xkHTmziJZYh6XzfQ8mRqJD6kiYbDVtf8mRhoUL,-12316,0,0,,-68,false,true,0.85,
5BKxfWMbmYBAEWvyPZS9esPducUba9GqyMjtLCfbaqyF,15,99daE4xkHTmziJZYh6XzfQ8mRqJD6kiYbDVtf8mRhoUL,-12315,0,0,,-67,false,true,0.85,
5BKxfWMbmYBAEWvyPZS9esPducUba9GqyMjtLCfbaqyF,15,99daE4xkHTmziJZYh6XzfQ8mRqJD6kiYbDVtf8mRhoUL,-12314,0,0,,-66,false,true,0.85,
5BKxfWMbmYBAEWvyPZS9esPducUba9GqyMjtLCfbaqyF,15,99daE4xkHTmziJZYh6XzfQ8mRqJD6kiYbDVtf8mRhoUL,-12313,0,0,,-65,false,true,0.85,
5BKxfWMbmYBAEWvyPZS9esPducUba9GqyMjtLCfbaqyF,15,99daE4xkHTmziJZYh6XzfQ8mRqJD6kiYbDVtf8mRhoUL,-12312,0,0,,-64,false,true,0.85,
5BKxfWMbmYBAEWvyPZS9esPducUba9GqyMjtLCfbaqyF,15,99daE4xkHTmziJZYh6XzfQ8mRqJD6kiYbDVtf8mRhoUL,-12311,0,0,,-63,false,true,0.85,
5BKxfWMbmYBAEWvyPZS9esPducUba9GqyMjtLCfbaqyF,15,99daE4xkHTmziJZYh6XzfQ8mRqJD6kiYbDVtf8mRhoUL,-12310,0,0,,-62,false,true,0.85,
5BKxfWMbmYBAEWvyPZS9esPducUba9GqyMjtLCfbaqyF,15,99daE4xkHTmziJZYh6XzfQ8mRqJD6kiYbDVtf8mRhoUL,-12309,0,0,,-61,false,true,0.85,
5BKxfWMbmYBAEWvyPZS9esPducUba9GqyMjtLCfbaqyF,15,99daE4xkHTmziJZYh6XzfQ8mRqJD6kiYbDVtf8mRhoUL,-12308,0,0,,-60,false,true,0.85,
5BKxfWMbmYBAEWvyPZS9esPducUba9GqyMjtLCfbaqyF,15,99daE4xkHTmziJZYh6XzfQ8mRqJD6kiYbDVtf8mRhoUL,-12307,0,0,,-59,false,true,0.85,
5BKxfWMbmYBAEWvyPZS9esPducUba9GqyMjtLCfbaqyF,15,99daE4xkHTmziJZYh6XzfQ8mRqJD6kiYbDVtf8mRhoUL,-12306,0,0,,-58,false,true,0.85,
5BKxfWMbmYBAEWvyPZS9esPducUba9GqyMjtLCfbaqyF,15,99daE4xkHTmziJZYh6XzfQ8mRqJD6kiYbDVtf8mRhoUL,-12305,0,0,,-57,false,true,0.85,
5BKxfWMbmYBAEWvyPZS9esPducUba9GqyMjtLCfbaqyF,15,99daE4xkHTmziJZYh6XzfQ8mRqJD6kiYbDVtf8mRhoUL,-12304,0,0,,-56,false,true,0.85,
5BKxfWMbmYBAEWvyPZS9esPducUba9GqyMjtLCfbaqyF,15,99daE4xkHTmziJZYh6XzfQ8mRqJD6kiYbDVtf8mRhoUL,-12303,0,0,,-55,false,true,0.85,
5BKxfWMbmYBAEWvyPZS9esPducUba9GqyMjtLCfbaqyF,15,99daE4xkHTmziJZYh6XzfQ8mRqJD6kiYbDVtf8mRhoUL,-12302,0,0,,-54,false,true,0.85,
5BKxfWMbmYBAEWvyPZS9esPducUba9GqyMjtLCfbaqyF,15,99daE4xkHTmziJZYh6XzfQ8mRqJD6kiYbDVtf8mRhoUL,-12301,0,0,,-53,false,true,0.85,
5BKxfWMbmYBAEWvyPZS9esPducUba9GqyMjtLCfbaqyF,15,99daE4xkHTmziJZYh6XzfQ8mRqJD6kiYbDVtf8mRhoUL,-12300,0,0,,-52,false,true,0.85,
5BKxfWMbmYBAEWvyPZS9esPducUba9GqyMjtLCfbaqyF,15,99daE4xkHTmziJZYh6XzfQ8mRqJD6kiYbDVtf8mRhoUL,-12299,0,0,,-51,false,true,0.85,
5BKxfWMbmYBAEWvyPZS9esPducUba9GqyMjtLCfbaqyF,15,99daE4xkHTmziJZYh6XzfQ8mRqJD6kiYbDVtf8mRhoUL,-12298,0,0,,-50,false,true,0.85,
5BKxfWMbmYBAEWvyPZS9esPducUba9GqyMjtLCfbaqyF,15,99daE4xkHTmziJZYh6XzfQ8mRqJD6kiYbDVtf8mRhoUL,-12297,0,0,,-49,false,true,0.85,
5BKxfWMbmYBAEWvyPZS9esPducUba9GqyMjtLCfbaqyF,15,99daE4xkHTmziJZYh6XzfQ8mRqJD6kiYbDVtf8mRhoUL,-12296,0,0,,-48,false,true,0.85,
5BKxfWMbmYBAEWvyPZS9esPducUba9GqyMjtLCfbaqyF,15,99daE4xkHTmziJZYh6XzfQ8mRqJD6kiYbDVtf8mRhoUL,-12295,0,0,,-47,false,true,0.85,
5BKxfWMbmYBAEWvyPZS9esPducUba9GqyMjtLCfbaqyF,15,99daE4xkHTmziJZYh6XzfQ8mRqJD6kiYbDVtf8mRhoUL,-12294,0,0,,-46,false,true,0.85,
5BKxfWMbmYBAEWvyPZS9esPducUba9GqyMjtLCfbaqyF,15,99daE4xkHTmziJZYh6XzfQ8mRqJD6kiYbDVtf8mRhoUL,-12293,0,0,,-45,false,true,0.85,
5BKxfWMbmYBAEWvyPZS9esPducUba9GqyMjtLCfbaqyF,15,99daE4xkHTmziJZYh6XzfQ8mRqJD6kiYbDVtf8mRhoUL,-12292,0,0,,-44,false,true,0.85,
5BKxfWMbmYBAEWvyPZS9esPducUba9GqyMjtLCfbaqyF,15,99daE4xkHTmziJZYh6XzfQ8mRqJD6kiYbDVtf8mRhoUL,-12291,0,0,,-43,false,true,0.85,
5BKxfWMbmYBAEWvyPZS9esPducUba9GqyMjtLCfbaqyF,15,99daE4xkHTmziJZYh6XzfQ8mRqJD6kiYbDVtf8mRhoUL,-12290,0,0,,-42,false,true,0.85,
5BKxfWMbmYBAEWvyPZS9esPducUba9GqyMjtLCfbaqyF,15,99daE4xkHTmziJZYh6XzfQ8mRqJD6kiYbDVtf8mRhoUL,-12289,0,0,,-41,false,true,0.85,
5BKxfWMbmYBAEWvyPZS9esPducUba9GqyMjtLCfbaqyF,15,99daE4xkHTmziJZYh6XzfQ8mRqJD6kiYbDVtf8mRhoUL,-12288,0,0,,-40,false,true,0.85,
5BKxfWMbmYBAEWvyPZS9esPducUba9GqyMjtLCfbaqyF,15,99daE4xkHTmziJZYh6XzfQ8mRqJD6kiYbDVtf8mRhoUL,-12287,0,0,,-39,false,true,0.85,
5BKxfWMbmYBAEWvyPZS9esPducUba9GqyMjtLCfbaqyF,15,99daE4xkHTmziJZYh6XzfQ8mRqJD6kiYbDVtf8mRhoUL,-12286,0,0,,-38,false,true,0.85,
5BKxfWMbmYBAEWvyPZS9esPducUba9GqyMjtLCfbaqyF,15,99daE4xkHTmziJZYh6XzfQ8mRqJD6kiYbDVtf8mRhoUL,-12285,0,0,,-37,false,true,0.85,
5BKxfWMbmYBAEWvyPZS9esPducUba9GqyMjtLCfbaqyF,15,99daE4xkHTmziJZYh6XzfQ8mRqJD6kiYbDVtf8mRhoUL,-12284,0,0,,-36,false,true,0.85,
5BKxfWMbmYBAEWvyPZS9esPducUba9GqyMjtLCfbaqyF,15,99daE4xkHTmziJZYh6XzfQ8mRqJD6kiYbDVtf8mRhoUL,-12283,0,0,,-35,false,true,0.85,
5BKxfWMbmYBAEWvyPZS9esPducUba9GqyMjtLCfbaqyF,15,99daE4xkHTmziJZYh6XzfQ8mRqJD6kiYbDVtf8mRhoUL,-12282,0,0,,-34,false,true,0.85,
5BKxfWMbmYBAEWvyPZS9esPducUba9GqyMjtLCfbaqyF,15,99daE4xkHTmziJZYh6XzfQ8mRqJD6kiYbDVtf8mRhoUL,-12281,0,0,,-33,false,true,0.85,
5BKxfWMbmYBAEWvyPZS9esPducUba9GqyMjtLCfbaqyF,15,99daE4xkHTmziJZYh6XzfQ8mRqJD6kiYbDVtf8mRhoUL,-12280,0,0,,-32,false,true,0.85,
5BKxfWMbmYBAEWvyPZS9esPducUba9GqyMjtLCfbaqyF,15,99daE4xkHTmziJZYh6XzfQ8mRqJD6kiYbDVtf8mRhoUL,-12279,0,0,,-31,false,true,0.85,
5BKxfWMbmYBAEWvyPZS9esPducUba9GqyMjtLCfbaqyF,15,99daE4xkHTmziJZYh6XzfQ8mRqJD6kiYbDVtf8mRhoUL,-12278,0,0,,-30,false,true,0.85,
5BKxfWMbmYBAEWvyPZS9esPducUba9GqyMjtLCfbaqyF,15,99daE4xkHTmziJZYh6XzfQ8mRqJD6kiYbDVtf8mRhoUL,-12277,0,0,,-29,false,true,0.85,
5BKxfWMbmYBAEWvyPZS9esPducUba9GqyMjtLCfbaqyF,15,99daE4xkHTmziJZYh6XzfQ8mRqJD6kiYbDVtf8mRhoUL,-12276,0,0,,-28,false,true,0.85,
5BKxfWMbmYBAEWvyPZS9esPducUba9GqyMjtLCfbaqyF,15,99daE4xkHTmziJZYh6XzfQ8mRqJD6kiYbDVtf8mRhoUL,-12275,0,0,,-27,false,true,0.85,
5BKxfWMbmYBAEWvyPZS9esPducUba9GqyMjtLCfbaqyF,15,99daE4xkHTmziJZYh6XzfQ8mRqJD6kiYbDVtf8mRhoUL,-12274,0,0,,-26,false,true,0.85,
5BKxfWMbmYBAEWvyPZS9esPducUba9GqyMjtLCfbaqyF,15,99daE4xkHTmziJZYh6XzfQ8mRqJD6kiYbDVtf8mRhoUL,-12273,0,0,,-25,false,true,0.85,
5BKxfWMbmYBAEWvyPZS9esPducUba9GqyMjtLCfbaqyF,15,99daE4xkHTmziJZYh6XzfQ8mRqJD6kiYbDVtf8mRhoUL,-12272,0,0,,-24,false,true,0.85,
5BKxfWMbmYBAEWvyPZS9esPducUba9GqyMjtLCfbaqyF,15,99daE4xkHTmziJZYh6XzfQ8mRqJD6kiYbDVtf8mRhoUL,-12271,0,0,,-23,false,true,0.85,
5BKxfWMbmYBAEWvyPZS9esPducUba9GqyMjtLCfbaqyF,15,99daE4xkHTmziJZYh6XzfQ8mRqJD6kiYbDVtf8mRhoUL,-12270,0,0,,-22,false,true,0.85,
5BKxfWMbmYBAEWvyPZS9esPducUba9GqyMjtLCfbaqyF,15,99daE4xkHTmziJZYh6XzfQ8mRqJD6kiYbDVtf8mRhoUL,-12269,0,0,,-21,false,true,0.85,
5BKxfWMbmYBAEWvyPZS9esPducUba9GqyMjtLCfbaqyF,15,99daE4xkHTmziJZYh6XzfQ8mRqJD6kiYbDVtf8mRhoUL,-12268,0,0,,-20,false,true,0.85,
5BKxfWMbmYBAEWvyPZS9esPducUba9GqyMjtLCfbaqyF,15,99daE4xkHTmziJZYh6XzfQ8mRqJD6kiYbDVtf8mRhoUL,-12267,0,0,,-19,false,true,0.85,
5BKxfWMbmYBAEWvyPZS9esPducUba9GqyMjtLCfbaqyF,15,99daE4xkHTmziJZYh6XzfQ8mRqJD6kiYbDVtf8mRhoUL,-12266,0,0,,-18,false,true,0.85,
5BKxfWMbmYBAEWvyPZS9esPducUba9GqyMjtLCfbaqyF,15,99daE4xkHTmziJZYh6XzfQ8mRqJD6kiYbDVtf8mRhoUL,-12265,0,0,,-17,false,true,0.85,
5BKxfWMbmYBAEWvyPZS9esPducUba9GqyMjtLCfbaqyF,15,99daE4xkHTmziJZYh6XzfQ8mRqJD6kiYbDVtf8mRhoUL,-12264,0,0,,-16,false,true,0.85,
5BKxfWMbmYBAEWvyPZS9esPducUba9GqyMjtLCfbaqyF,15,99daE4xkHTmziJZYh6XzfQ8mRqJD6kiYbDVtf8mRhoUL,-12263,0,0,,-15,false,true,0.85,
5BKxfWMbmYBAEWvyPZS9esPducUba9GqyMjtLCfbaqyF,15,99daE4xkHTmziJZYh6XzfQ8mRqJD6kiYbDVtf8mRhoUL,-12262,0,0,,-14,false,true,0.85,
5BKxfWMbmYBAEWvyPZS9esPducUba9GqyMjtLCfbaqyF,15,99daE4xkHTmziJZYh6XzfQ8mRqJD6kiYbDVtf8mRhoUL,-12261,0,0,,-13,false,true,0.85,
5BKxfWMbmYBAEWvyPZS9esPducUba9GqyMjtLCfbaqyF,15,99daE4xkHTmziJZYh6XzfQ8mRqJD6kiYbDVtf8mRhoUL,-12260,0,0,,-12,false,true,0.85,
5BKxfWMbmYBAEWvyPZS9esPducUba9GqyMjtLCfbaqyF,15,99daE4xkHTmziJZYh6XzfQ8mRqJD6kiYbDVtf8mRhoUL,-12259,0,0,,-11,false,true,0.85,
5BKxfWMbmYBAEWvyPZS9esPducUba9GqyMjtLCfbaqyF,15,99daE4xkHTmziJZYh6XzfQ8mRqJD6kiYbDVtf8mRhoUL,-12258,0,0,,-10,false,true,0.85,
5BKxfWMbmYBAEWvyPZS9esPducUba9GqyMjtLCfbaqyF,15,99daE4xkHTmziJZYh6XzfQ8mRqJD6kiYbDVtf8mRhoUL,-12257,0,0,,-9,false,true,0.85,
5BKxfWMbmYBAEWvyPZS9esPducUba9GqyMjtLCfbaqyF,15,99daE4xkHTmziJZYh6XzfQ8mRqJD6kiYbDVtf8mRhoUL,-12256,0,0,,-8,false,true,0.85,
5BKxfWMbmYBAEWvyPZS9esPducUba9GqyMjtLCfbaqyF,15,99daE4xkHTmziJZYh6XzfQ8mRqJD6kiYbDVtf8mRhoUL,-12255,0,0,,-7,false,true,0.85,
5BKxfWMbmYBAEWvyPZS9esPducUba9GqyMjtLCfbaqyF,15,99daE4xkHTmziJZYh6XzfQ8mRqJD6kiYbDVtf8mRhoUL,-12254,0,0,,-6,false,true,0.85,
5BKxfWMbmYBAEWvyPZS9esPducUba9GqyMjtLCfbaqyF,15,99daE4xkHTmziJZYh6XzfQ8mRqJD6kiYbDVtf8mRhoUL,-12253,0,0,,-5,false,true,0.85,
5BKxfWMbmYBAEWvyPZS9esPducUba9GqyMjtLCfbaqyF,15,99daE4xkHTmziJZYh6XzfQ8mRqJD6kiYbDVtf8mRhoUL,-12252,0,0,,-4,false,true,0.85,
5BKxfWMbmYBAEWvyPZS9esPducUba9GqyMjtLCfbaqyF,15,99daE4xkHTmziJZYh6XzfQ8mRqJD6kiYbDVtf8mRhoUL,-12251,0,0,,-3,false,true,0.85,
5BKxfWMbmYBAEWvyPZS9esPducUba9GqyMjtLCfbaqyF,15,HEG2LuUaJNZNS7EYD5qXL8G3FAHEHKzWZaMPCu3osU1R,-12250,0,0,,-2,false,true,0.85,
5BKxfWMbmYBAEWvyPZS9esPducUba9GqyMjtLCfbaqyF,15,HEG2LuUaJNZNS7EYD5qXL8G3FAHEHKzWZaMPCu3osU1R,-12249,0,0,,-1,false,true,0.85,
5BKxfWMbmYBAEWvyPZS9esPducUba9GqyMjtLCfbaqyF,15,HEG2LuUaJNZNS7EYD5qXL8G3FAHEHKzWZaMPCu3osU1R,-12248,0,0,,0,false,true,0.85,
5BKxfWMbmYBAEWvyPZS9esPducUba9GqyMjtLCfbaqyF,15,HEG2LuUaJNZNS7EYD5qXL8G3FAHEHKzWZaMPCu3osU1R,-12247,0,0,,1,false,true,0.85,
5BKxfWMbmYBAEWvyPZS9esPducUba9GqyMjtLCfbaqyF,15,HEG2LuUaJNZNS7EYD5qXL8G3FAHEHKzWZaMPCu3osU1R,-12246,0,0,,2,false,true,0.85,
5BKxfWMbmYBAEWvyPZS9esPducUba9GqyMjtLCfbaqyF,15,HEG2LuUaJNZNS7EYD5qXL8G3FAHEHKzWZaMPCu3osU1R,-12245,0,0,,3,false,true,0.85,
5BKxfWMbmYBAEWvyPZS9esPducUba9GqyMjtLCfbaqyF,15,HEG2LuUaJNZNS7EYD5qXL8G3FAHEHKzWZaMPCu3osU1R,-12244,0,0,,4,false,true,0.85,
5BKxfWMbmYBAEWvyPZS9esPducUba9GqyMjtLCfbaqyF,15,HEG2LuUaJNZNS7EYD5qXL8G3FAHEHKzWZaMPCu3osU1R,-12243,0,0,,5,false,true,0.85,
5BKxfWMbmYBAEWvyPZS9esPducUba9GqyMjtLCfbaqyF,15,HEG2LuUaJNZNS7EYD5qXL8G3FAHEHKzWZaMPCu3osU1R,-12242,0,0,,6,false,true,0.85,
5BKxfWMbmYBAEWvyPZS9esPducUba9GqyMjtLCfbaqyF,15,HEG2LuUaJNZNS7EYD5qXL8G3FAHEHKzWZaMPCu3osU1R,-12241,0,0,,7,false,true,0.85,
5BKxfWMbmYBAEWvyPZS9esPducUba9GqyMjtLCfbaqyF,15,HEG2LuUaJNZNS7EYD5qXL8G3FAHEHKzWZaMPCu3osU1R,-12240,0,0,,8,false,true,0.85,
5BKxfWMbmYBAEWvyPZS9esPducUba9GqyMjtLCfbaqyF,15,HEG2LuUaJNZNS7EYD5qXL8G3FAHEHKzWZaMPCu3osU1R,-12239,0,0,,9,false,true,0.85,
5BKxfWMbmYBAEWvyPZS9esPducUba9GqyMjtLCfbaqyF,15,HEG2LuUaJNZNS7EYD5qXL8G3FAHEHKzWZaMPCu3osU1R,-12238,0,0,,10,false,true,0.85,
5BKxfWMbmYBAEWvyPZS9esPducUba9GqyMjtLCfbaqyF,15,HEG2LuUaJNZNS7EYD5qXL8G3FAHEHKzWZaMPCu3osU1R,-12237,0,0,,11,false,true,0.85,
5BKxfWMbmYBAEWvyPZS9esPducUba9GqyMjtLCfbaqyF,15,HEG2LuUaJNZNS7EYD5qXL8G3FAHEHKzWZaMPCu3osU1R,-12236,0,0,,12,false,true,0.85,
5BKxfWMbmYBAEWvyPZS9esPducUba9GqyMjtLCfbaqyF,15,HEG2LuUaJNZNS7EYD5qXL8G3FAHEHKzWZaMPCu3osU1R,-12235,0,0,,13,false,true,0.85,
5BKxfWMbmYBAEWvyPZS9esPducUba9GqyMjtLCfbaqyF,15,HEG2LuUaJNZNS7EYD5qXL8G3FAHEHKzWZaMPCu3osU1R,-12234,0,0,,14,false,true,0.85,
5BKxfWMbmYBAEWvyPZS9esPducUba9GqyMjtLCfbaqyF,15,HEG2LuUaJNZNS7EYD5qXL8G3FAHEHKzWZaMPCu3osU1R,-12233,0,0,,15,false,true,0.85,
5BKxfWMbmYBAEWvyPZS9esPducUba9GqyMjtLCfbaqyF,15,HEG2LuUaJNZNS7EYD5qXL8G3FAHEHKzWZaMPCu3osU1R,-12232,0,0,,16,false,true,0.85,
5BKxfWMbmYBAEWvyPZS9esPducUba9GqyMjtLCfbaqyF,15,HEG2LuUaJNZNS7EYD5qXL8G3FAHEHKzWZaMPCu3osU1R,-12231,0,0,,17,false,true,0.85,
5BKxfWMbmYBAEWvyPZS9esPducUba9GqyMjtLCfbaqyF,15,HEG2LuUaJNZNS7EYD5qXL8G3FAHEHKzWZaMPCu3osU1R,-12230,0,0,,18,false,true,0.85,
5BKxfWMbmYBAEWvyPZS9esPducUba9GqyMjtLCfbaqyF,15,HEG2LuUaJNZNS7EYD5qXL8G3FAHEHKzWZaMPCu3osU1R,-12229,0,0,,19,false,true,0.85,
5BKxfWMbmYBAEWvyPZS9esPducUba9GqyMjtLCfbaqyF,15,HEG2LuUaJNZNS7EYD5qXL8G3FAHEHKzWZaMPCu3osU1R,-12228,0,0,,20,false,true,0.85,
5BKxfWMbmYBAEWvyPZS9esPducUba9GqyMjtLCfbaqyF,15,HEG2LuUaJNZNS7EYD5qXL8G3FAHEHKzWZaMPCu3osU1R,-12227,0,0,,21,false,true,0.85,
5BKxfWMbmYBAEWvyPZS9esPducUba9GqyMjtLCfbaqyF,15,HEG2LuUaJNZNS7EYD5qXL8G3FAHEHKzWZaMPCu3osU1R,-12226,0,0,,22,false,true,0.85,
5BKxfWMbmYBAEWvyPZS9esPducUba9GqyMjtLCfbaqyF,15,HEG2LuUaJNZNS7EYD5qXL8G3FAHEHKzWZaMPCu3osU1R,-12225,0,0,,23,false,true,0.85,
5BKxfWMbmYBAEWvyPZS9esPducUba9GqyMjtLCfbaqyF,15,HEG2LuUaJNZNS7EYD5qXL8G3FAHEHKzWZaMPCu3osU1R,-12224,0,0,,24,false,true,0.85,
5BKxfWMbmYBAEWvyPZS9esPducUba9GqyMjtLCfbaqyF,15,HEG2LuUaJNZNS7EYD5qXL8G3FAHEHKzWZaMPCu3osU1R,-12223,0,0,,25,false,true,0.85,
5BKxfWMbmYBAEWvyPZS9esPducUba9GqyMjtLCfbaqyF,15,HEG2LuUaJNZNS7EYD5qXL8G3FAHEHKzWZaMPCu3osU1R,-12222,0,0,,26,false,true,0.85,
5BKxfWMbmYBAEWvyPZS9esPducUba9GqyMjtLCfbaqyF,15,HEG2LuUaJNZNS7EYD5qXL8G3FAHEHKzWZaMPCu3osU1R,-12221,0,0,,27,false,true,0.85,
5BKxfWMbmYBAEWvyPZS9esPducUba9GqyMjtLCfbaqyF,15,HEG2LuUaJNZNS7EYD5qXL8G3FAHEHKzWZaMPCu3osU1R,-12220,0,0,,28,false,true,0.85,
5BKxfWMbmYBAEWvyPZS9esPducUba9GqyMjtLCfbaqyF,15,HEG2LuUaJNZNS7EYD5qXL8G3FAHEHKzWZaMPCu3osU1R,-12219,0,0,,29,false,true,0.85,
5BKxfWMbmYBAEWvyPZS9esPducUba9GqyMjtLCfbaqyF,15,HEG2LuUaJNZNS7EYD5qXL8G3FAHEHKzWZaMPCu3osU1R,-12218,0,0,,30,false,true,0.85,
5BKxfWMbmYBAEWvyPZS9esPducUba9GqyMjtLCfbaqyF,15,HEG2LuUaJNZNS7EYD5qXL8G3FAHEHKzWZaMPCu3osU1R,-12217,0,0,,31,false,true,0.85,
5BKxfWMbmYBAEWvyPZS9esPducUba9GqyMjtLCfbaqyF,15,HEG2LuUaJNZNS7EYD5qXL8G3FAHEHKzWZaMPCu3osU1R,-12216,0,0,,32,false,true,0.85,
5BKxfWMbmYBAEWvyPZS9esPducUba9GqyMjtLCfbaqyF,15,HEG2LuUaJNZNS7EYD5qXL8G3FAHEHKzWZaMPCu3osU1R,-12215,0,0,,33,false,true,0.85,
5BKxfWMbmYBAEWvyPZS9esPducUba9GqyMjtLCfbaqyF,15,HEG2LuUaJNZNS7EYD5qXL8G3FAHEHKzWZaMPCu3osU1R,-12214,0,0,,34,false,true,0.85,
5BKxfWMbmYBAEWvyPZS9esPducUba9GqyMjtLCfbaqyF,15,HEG2LuUaJNZNS7EYD5qXL8G3FAHEHKzWZaMPCu3osU1R,-12213,0,0,,35,false,true,0.85,
5BKxfWMbmYBAEWvyPZS9esPducUba9GqyMjtLCfbaqyF,15,HEG2LuUaJNZNS7EYD5qXL8G3FAHEHKzWZaMPCu3osU1R,-12212,0,0,,36,false,true,0.85,
5BKxfWMbmYBAEWvyPZS9esPducUba9GqyMjtLCfbaqyF,15,HEG2LuUaJNZNS7EYD5qXL8G3FAHEHKzWZaMPCu3osU1R,-12211,0,0,,37,false,true,0.85,
5BKxfWMbmYBAEWvyPZS9esPducUba9GqyMjtLCfbaqyF,15,HEG2LuUaJNZNS7EYD5qXL8G3FAHEHKzWZaMPCu3osU1R,-12210,0,0,,38,false,true,0.85,
5BKxfWMbmYBAEWvyPZS9esPducUba9GqyMjtLCfbaqyF,15,HEG2LuUaJNZNS7EYD5qXL8G3FAHEHKzWZaMPCu3osU1R,-12209,0,0,,39,false,true,0.85,
5BKxfWMbmYBAEWvyPZS9esPducUba9GqyMjtLCfbaqyF,15,HEG2LuUaJNZNS7EYD5qXL8G3FAHEHKzWZaMPCu3osU1R,-12208,0,0,,40,false,true,0.85,
5BKxfWMbmYBAEWvyPZS9esPducUba9GqyMjtLCfbaqyF,15,HEG2LuUaJNZNS7EYD5qXL8G3FAHEHKzWZaMPCu3osU1R,-12207,0,0,,41,false,true,0.85,
5BKxfWMbmYBAEWvyPZS9esPducUba9GqyMjtLCfbaqyF,15,HEG2LuUaJNZNS7EYD5qXL8G3FAHEHKzWZaMPCu3osU1R,-12206,0,0,,42,false,true,0.85,
5BKxfWMbmYBAEWvyPZS9esPducUba9GqyMjtLCfbaqyF,15,HEG2LuUaJNZNS7EYD5qXL8G3FAHEHKzWZaMPCu3osU1R,-12205,0,0,,43,false,true,0.85,
5BKxfWMbmYBAEWvyPZS9esPducUba9GqyMjtLCfbaqyF,15,HEG2LuUaJNZNS7EYD5qXL8G3FAHEHKzWZaMPCu3osU1R,-12204,0,0,,44,false,true,0.85,
5BKxfWMbmYBAEWvyPZS9esPducUba9GqyMjtLCfbaqyF,15,HEG2LuUaJNZNS7EYD5qXL8G3FAHEHKzWZaMPCu3osU1R,-12203,0,0,,45,false,true,0.85,
5BKxfWMbmYBAEWvyPZS9esPducUba9GqyMjtLCfbaqyF,15,HEG2LuUaJNZNS7EYD5qXL8G3FAHEHKzWZaMPCu3osU1R,-12202,0,0,,46,false,true,0.85,
5BKxfWMbmYBAEWvyPZS9esPducUba9GqyMjtLCfbaqyF,15,HEG2LuUaJNZNS7EYD5qXL8G3FAHEHKzWZaMPCu3osU1R,-12201,0,0,,47,false,true,0.85,
5BKxfWMbmYBAEWvyPZS9esPducUba9GqyMjtLCfbaqyF,15,HEG2LuUaJNZNS7EYD5qXL8G3FAHEHKzWZaMPCu3osU1R,-12200,0,0,,48,false,true,0.85,
5BKxfWMbmYBAEWvyPZS9esPducUba9GqyMjtLCfbaqyF,15,HEG2LuUaJNZNS7EYD5qXL8G3FAHEHKzWZaMPCu3osU1R,-12199,0,0,,49,false,true,0.85,
5BKxfWMbmYBAEWvyPZS9esPducUba9GqyMjtLCfbaqyF,15,HEG2LuUaJNZNS7EYD5qXL8G3FAHEHKzWZaMPCu3osU1R,-12198,0,0,,50,false,true,0.85,
5BKxfWMbmYBAEWvyPZS9esPducUba9GqyMjtLCfbaqyF,15,HEG2LuUaJNZNS7EYD5qXL8G3FAHEHKzWZaMPCu3osU1R,-12197,0,0,,51,false,true,0.85,
5BKxfWMbmYBAEWvyPZS9esPducUba9GqyMjtLCfbaqyF,15,HEG2LuUaJNZNS7EYD5qXL8G3FAHEHKzWZaMPCu3osU1R,-12196,0,0,,52,false,true,0.85,
5BKxfWMbmYBAEWvyPZS9esPducUba9GqyMjtLCfbaqyF,15,HEG2LuUaJNZNS7EYD5qXL8G3FAHEHKzWZaMPCu3osU1R,-12195,0,0,,53,false,true,0.85,
5BKxfWMbmYBAEWvyPZS9esPducUba9GqyMjtLCfbaqyF,15,HEG2LuUaJNZNS7EYD5qXL8G3FAHEHKzWZaMPCu3osU1R,-12194,0,0,,54,false,true,0.85,
5BKxfWMbmYBAEWvyPZS9esPducUba9GqyMjtLCfbaqyF,15,HEG2LuUaJNZNS7EYD5qXL8G3FAHEHKzWZaMPCu3osU1R,-12193,0,0,,55,false,true,0.85,
5BKxfWMbmYBAEWvyPZS9esPducUba9GqyMjtLCfbaqyF,15,HEG2LuUaJNZNS7EYD5qXL8G3FAHEHKzWZaMPCu3osU1R,-12192,0,0,,56,false,true,0.85,
5BKxfWMbmYBAEWvyPZS9esPducUba9GqyMjtLCfbaqyF,15,HEG2LuUaJNZNS7EYD5qXL8G3FAHEHKzWZaMPCu3osU1R,-12191,0,0,,57,false,true,0.85,
5BKxfWMbmYBAEWvyPZS9esPducUba9GqyMjtLCfbaqyF,15,HEG2LuUaJNZNS7EYD5qXL8G3FAHEHKzWZaMPCu3osU1R,-12190,0,0,,58,false,true,0.85,
5BKxfWMbmYBAEWvyPZS9esPducUba9GqyMjtLCfbaqyF,15,HEG2LuUaJNZNS7EYD5qXL8G3FAHEHKzWZaMPCu3osU1R,-12189,0,0,,59,false,true,0.85,
5BKxfWMbmYBAEWvyPZS9esPducUba9GqyMjtLCfbaqyF,15,HEG2LuUaJNZNS7EYD5qXL8G3FAHEHKzWZaMPCu3osU1R,-12188,0,0,,60,false,true,0.85,
5BKxfWMbmYBAEWvyPZS9esPducUba9GqyMjtLCfbaqyF,15,HEG2LuUaJNZNS7EYD5qXL8G3FAHEHKzWZaMPCu3osU1R,-12187,0,0,,61,false,true,0.85,
5BKxfWMbmYBAEWvyPZS9esPducUba9GqyMjtLCfbaqyF,15,HEG2LuUaJNZNS7EYD5qXL8G3FAHEHKzWZaMPCu3osU1R,-12186,0,0,,62,false,true,0.85,
5BKxfWMbmYBAEWvyPZS9esPducUba9GqyMjtLCfbaqyF,15,HEG2LuUaJNZNS7EYD5qXL8G3FAHEHKzWZaMPCu3osU1R,-12185,0,0,,63,false,true,0.85,
5BKxfWMbmYBAEWvyPZS9esPducUba9GqyMjtLCfbaqyF,15,HEG2LuUaJNZNS7EYD5qXL8G3FAHEHKzWZaMPCu3osU1R,-12184,0,0,,64,false,true,0.85,
5BKxfWMbmYBAEWvyPZS9esPducUba9GqyMjtLCfbaqyF,15,HEG2LuUaJNZNS7EYD5qXL8G3FAHEHKzWZaMPCu3osU1R,-12183,0,0,,65,false,true,0.85,
5BKxfWMbmYBAEWvyPZS9esPducUba9GqyMjtLCfbaqyF,15,HEG2LuUaJNZNS7EYD5qXL8G3FAHEHKzWZaMPCu3osU1R,-12182,0,0,,66,false,true,0.85,
5BKxfWMbmYBAEWvyPZS9esPducUba9GqyMjtLCfbaqyF,15,HEG2LuUaJNZNS7EYD5qXL8G3FAHEHKzWZaMPCu3osU1R,-12181,0,0,,67,false,true,0.85,
5BKxfWMbmYBAEWvyPZS9esPducUba9GqyMjtLCfbaqyF,15,7tfRkX2QnictEJEZkdw85QVs3zTm21UTqPdz4Dk5fnvP,-12180,0,0,,68,false,true,0.85,
5BKxfWMbmYBAEWvyPZS9esPducUba9GqyMjtLCfbaqyF,15,7tfRkX2QnictEJEZkdw85QVs3zTm21UTqPdz4Dk5fnvP,-12179,0,0,,69,false,true,0.85,
5BKxfWMbmYBAEWvyPZS9esPducUba9GqyMjtLCfbaqyF,15,7tfRkX2QnictEJEZkdw85QVs3zTm21UTqPdz4Dk5fnvP,-12178,0,0,,70,false,true,0.85,
5BKxfWMbmYBAEWvyPZS9esPducUba9GqyMjtLCfbaqyF,15,7tfRkX2QnictEJEZkdw85QVs3zTm21UTqPdz4Dk5fnvP,-12177,0,0,,71,false,true,0.85,
5BKxfWMbmYBAEWvyPZS9esPducUba9GqyMjtLCfbaqyF,15,7tfRkX2QnictEJEZkdw85QVs3zTm21UTqPdz4Dk5fnvP,-12176,0,0,,72,false,true,0.85,
5BKxfWMbmYBAEWvyPZS9esPducUba9GqyMjtLCfbaqyF,15,7tfRkX2QnictEJEZkdw85QVs3zTm21UTqPdz4Dk5fnvP,-12175,0,0,,73,false,true,0.85,
5BKxfWMbmYBAEWvyPZS9esPducUba9GqyMjtLCfbaqyF,15,7tfRkX2QnictEJEZkdw85QVs3zTm21UTqPdz4Dk5fnvP,-12174,0,0,,74,false,true,0.85,
5BKxfWMbmYBAEWvyPZS9esPducUba9GqyMjtLCfbaqyF,15,7tfRkX2QnictEJEZkdw85QVs3zTm21UTqPdz4Dk5fnvP,-12173,0,0,,75,false,true,0.85,
5BKxfWMbmYBAEWvyPZS9esPducUba9GqyMjtLCfbaqyF,15,7tfRkX2QnictEJEZkdw85QVs3zTm21UTqPdz4Dk5fnvP,-12172,0,0,,76,false,true,0.85,
5BKxfWMbmYBAEWvyPZS9esPducUba9GqyMjtLCfbaqyF,15,7tfRkX2QnictEJEZkdw85QVs3zTm21UTqPdz4Dk5fnvP,-12171,0,0,,77,false,true,0.85,
5BKxfWMbmYBAEWvyPZS9esPducUba9GqyMjtLCfbaqyF,15,7tfRkX2QnictEJEZkdw85QVs3zTm21UTqPdz4Dk5fnvP,-12170,0,0,,78,false,true,0.85,
5BKxfWMbmYBAEWvyPZS9esPducUba9GqyMjtLCfbaqyF,15,7tfRkX2QnictEJEZkdw85QVs3zTm21UTqPdz4Dk5fnvP,-12169,0,0,,79,false,true,0.85,
5BKxfWMbmYBAEWvyPZS9esPducUba9GqyMjtLCfbaqyF,15,7tfRkX2QnictEJEZkdw85QVs3zTm21UTqPdz4Dk5fnvP,-12168,0,0,,80,false,true,0.85,
5BKxfWMbmYBAEWvyPZS9esPducUba9GqyMjtLCfbaqyF,15,7tfRkX2QnictEJEZkdw85QVs3zTm21UTqPdz4Dk5fnvP,-12167,0,0,,81,false,true,0.85,
5BKxfWMbmYBAEWvyPZS9esPducUba9GqyMjtLCfbaqyF,15,7tfRkX2QnictEJEZkdw85QVs3zTm21UTqPdz4Dk5fnvP,-12166,0,0,,82,false,true,0.85,
5BKxfWMbmYBAEWvyPZS9esPducUba9GqyMjtLCfbaqyF,15,7tfRkX2QnictEJEZkdw85QVs3zTm21UTqPdz4Dk5fnvP,-12165,0,0,,83,false,true,0.85,
5BKxfWMbmYBAEWvyPZS9esPducUba9GqyMjtLCfbaqyF,15,7tfRkX2QnictEJEZkdw85QVs3zTm21UTqPdz4Dk5fnvP,-12164,0,0,,84,false,true,0.85,
5BKxfWMbmYBAEWvyPZS9esPducUba9GqyMjtLCfbaqyF,15,7tfRkX2QnictEJEZkdw85QVs3zTm21UTqPdz4Dk5fnvP,-12163,0,0,,85,false,true,0.85,
5BKxfWMbmYBAEWvyPZS9esPducUba9GqyMjtLCfbaqyF,15,7tfRkX2QnictEJEZkdw85QVs3zTm21UTqPdz4Dk5fnvP,-12162,0,0,,86,false,true,0.85,
5BKxfWMbmYBAEWvyPZS9esPducUba9GqyMjtLCfbaqyF,15,7tfRkX2QnictEJEZkdw85QVs3zTm21UTqPdz4Dk5fnvP,-12161,0,0,,87,false,true,0.85,
5BKxfWMbmYBAEWvyPZS9esPducUba9GqyMjtLCfbaqyF,15,7tfRkX2QnictEJEZkdw85QVs3zTm21UTqPdz4Dk5fnvP,-12160,0,0,,88,false,true,0.85,
5BKxfWMbmYBAEWvyPZS9esPducUba9GqyMjtLCfbaqyF,15,7tfRkX2QnictEJEZkdw85QVs3zTm21UTqPdz4Dk5fnvP,-12159,0,0,,89,false,true,0.85,
5BKxfWMbmYBAEWvyPZS9esPducUba9GqyMjtLCfbaqyF,15,7tfRkX2QnictEJEZkdw85QVs3zTm21UTqPdz4Dk5fnvP,-12158,0,0,,90,false,true,0.85,
5BKxfWMbmYBAEWvyPZS9esPducUba9GqyMjtLCfbaqyF,15,7tfRkX2QnictEJEZkdw85QVs3zTm21UTqPdz4Dk5fnvP,-12157,0,0,,91,false,true,0.85,
5BKxfWMbmYBAEWvyPZS9esPducUba9GqyMjtLCfbaqyF,15,7tfRkX2QnictEJEZkdw85QVs3zTm21UTqPdz4Dk5fnvP,-12156,0,0,,92,false,true,0.85,
5BKxfWMbmYBAEWvyPZS9esPducUba9GqyMjtLCfbaqyF,15,7tfRkX2QnictEJEZkdw85QVs3zTm21UTqPdz4Dk5fnvP,-12155,0,0,,93,false,true,0.85,
5BKxfWMbmYBAEWvyPZS9esPducUba9GqyMjtLCfbaqyF,15,7tfRkX2QnictEJEZkdw85QVs3zTm21UTqPdz4Dk5fnvP,-12154,0,0,,94,false,true,0.85,
5BKxfWMbmYBAEWvyPZS9esPducUba9GqyMjtLCfbaqyF,15,7tfRkX2QnictEJEZkdw85QVs3zTm21UTqPdz4Dk5fnvP,-12153,0,0,,95,false,true,0.85,
5BKxfWMbmYBAEWvyPZS9esPducUba9GqyMjtLCfbaqyF,15,7tfRkX2QnictEJEZkdw85QVs3zTm21UTqPdz4Dk5fnvP,-12152,0,0,,96,false,true,0.85,
5BKxfWMbmYBAEWvyPZS9esPducUba9GqyMjtLCfbaqyF,15,7tfRkX2QnictEJEZkdw85QVs3zTm21UTqPdz4Dk5fnvP,-12151,0,0,,97,false,true,0.85,
5BKxfWMbmYBAEWvyPZS9esPducUba9GqyMjtLCfbaqyF,15,7tfRkX2QnictEJEZkdw85QVs3zTm21UTqPdz4Dk5fnvP,-12150,0,0,,98,false,true,0.85,
5BKxfWMbmYBAEWvyPZS9esPducUba9GqyMjtLCfbaqyF,15,7tfRkX2QnictEJEZkdw85QVs3zTm21UTqPdz4Dk5fnvP,-12149,0,0,,99,false,true,0.85,
5BKxfWMbmYBAEWvyPZS9esPducUba9GqyMjtLCfbaqyF,15,7tfRkX2QnictEJEZkdw85QVs3zTm21UTqPdz4Dk5fnvP,-12148,0,0,,100,false,true,0.85,
5BKxfWMbmYBAEWvyPZS9esPducUba9GqyMjtLCfbaqyF,15,7tfRkX2QnictEJEZkdw85QVs3zTm21UTqPdz4Dk5fnvP,-12147,0,0,,101,false,true,0.85,
5BKxfWMbmYBAEWvyPZS9esPducUba9GqyMjtLCfbaqyF,15,7tfRkX2QnictEJEZkdw85QVs3zTm21UTqPdz4Dk5fnvP,-12146,0,0,,102,false,true,0.85,
5BKxfWMbmYBAEWvyPZS9esPducUba9GqyMjtLCfbaqyF,15,7tfRkX2QnictEJEZkdw85QVs3zTm21UTqPdz4Dk5fnvP,-12145,0,0,,103,false,true,0.85,
5BKxfWMbmYBAEWvyPZS9esPducUba9GqyMjtLCfbaqyF,15,7tfRkX2QnictEJEZkdw85QVs3zTm21UTqPdz4Dk5fnvP,-12144,0,0,,104,false,true,0.85,
5BKxfWMbmYBAEWvyPZS9esPducUba9GqyMjtLCfbaqyF,15,7tfRkX2QnictEJEZkdw85QVs3zTm21UTqPdz4Dk5fnvP,-12143,0,0,,105,false,true,0.85,
5BKxfWMbmYBAEWvyPZS9esPducUba9GqyMjtLCfbaqyF,15,7tfRkX2QnictEJEZkdw85QVs3zTm21UTqPdz4Dk5fnvP,-12142,0,0,,106,false,true,0.85,
5BKxfWMbmYBAEWvyPZS9esPducUba9GqyMjtLCfbaqyF,15,7tfRkX2QnictEJEZkdw85QVs3zTm21UTqPdz4Dk5fnvP,-12141,0,0,,107,false,true,0.85,
5BKxfWMbmYBAEWvyPZS9esPducUba9GqyMjtLCfbaqyF,15,7tfRkX2QnictEJEZkdw85QVs3zTm21UTqPdz4Dk5fnvP,-12140,0,0,,108,false,true,0.85,
5BKxfWMbmYBAEWvyPZS9esPducUba9GqyMjtLCfbaqyF,15,7tfRkX2QnictEJEZkdw85QVs3zTm21UTqPdz4Dk5fnvP,-12139,0,0,,109,false,true,0.85,
5BKxfWMbmYBAEWvyPZS9esPducUba9GqyMjtLCfbaqyF,15,7tfRkX2QnictEJEZkdw85QVs3zTm21UTqPdz4Dk5fnvP,-12138,0,0,,110,false,true,0.85,
5BKxfWMbmYBAEWvyPZS9esPducUba9GqyMjtLCfbaqyF,15,7tfRkX2QnictEJEZkdw85QVs3zTm21UTqPdz4Dk5fnvP,-12137,0,0,,111,false,true,0.85,
5BKxfWMbmYBAEWvyPZS9esPducUba9GqyMjtLCfbaqyF,15,7tfRkX2QnictEJEZkdw85QVs3zTm21UTqPdz4Dk5fnvP,-12136,0,0,,112,false,true,0.85,
5BKxfWMbmYBAEWvyPZS9esPducUba9GqyMjtLCfbaqyF,15,7tfRkX2QnictEJEZkdw85QVs3zTm21UTqPdz4Dk5fnvP,-12135,0,0,,113,false,true,0.85,
5BKxfWMbmYBAEWvyPZS9esPducUba9GqyMjtLCfbaqyF,15,7tfRkX2QnictEJEZkdw85QVs3zTm21UTqPdz4Dk5fnvP,-12134,0,0,,114,false,true,0.85,
5BKxfWMbmYBAEWvyPZS9esPducUba9GqyMjtLCfbaqyF,15,7tfRkX2QnictEJEZkdw85QVs3zTm21UTqPdz4Dk5fnvP,-12133,0,0,,115,false,true,0.85,
5BKxfWMbmYBAEWvyPZS9esPducUba9GqyMjtLCfbaqyF,15,7tfRkX2QnictEJEZkdw85QVs3zTm21UTqPdz4Dk5fnvP,-12132,0,0,,116,false,true,0.85,
5BKxfWMbmYBAEWvyPZS9esPducUba9GqyMjtLCfbaqyF,15,7tfRkX2QnictEJEZkdw85QVs3zTm21UTqPdz4Dk5fnvP,-12131,0,0,,117,false,true,0.85,
5BKxfWMbmYBAEWvyPZS9esPducUba9GqyMjtLCfbaqyF,15,7tfRkX2QnictEJEZkdw85QVs3zTm21UTqPdz4Dk5fnvP,-12130,0,0,,118,false,true,0.85,
5BKxfWMbmYBAEWvyPZS9esPducUba9GqyMjtLCfbaqyF,15,7tfRkX2QnictEJEZkdw85QVs3zTm21UTqPdz4Dk5fnvP,-12129,0,0,,119,false,true,0.85,
5BKxfWMbmYBAEWvyPZS9esPducUba9GqyMjtLCfbaqyF,15,7tfRkX2QnictEJEZkdw85QVs3zTm21UTqPdz4Dk5fnvP,-12128,0,0,,120,false,true,0.85,
5BKxfWMbmYBAEWvyPZS9esPducUba9GqyMjtLCfbaqyF,15,7tfRkX2QnictEJEZkdw85QVs3zTm21UTqPdz4Dk5fnvP,-12127,0,0,,121,false,true,0.85,
5BKxfWMbmYBAEWvyPZS9esPducUba9GqyMjtLCfbaqyF,15,7tfRkX2QnictEJEZkdw85QVs3zTm21UTqPdz4Dk5fnvP,-12126,0,0,,122,false,true,0.85,
5BKxfWMbmYBAEWvyPZS9esPducUba9GqyMjtLCfbaqyF,15,7tfRkX2QnictEJEZkdw85QVs3zTm21UTqPdz4Dk5fnvP,-12125,0,0,,123,false,true,0.85,
5BKxfWMbmYBAEWvyPZS9esPducUba9GqyMjtLCfbaqyF,15,7tfRkX2QnictEJEZkdw85QVs3zTm21UTqPdz4Dk5fnvP,-12124,0,0,,124,false,true,0.85,
5BKxfWMbmYBAEWvyPZS9esPducUba9GqyMjtLCfbaqyF,15,7tfRkX2QnictEJEZkdw85QVs3zTm21UTqPdz4Dk5fnvP,-12123,0,0,,125,false,true,0.85,
5BKxfWMbmYBAEWvyPZS9esPducUba9GqyMjtLCfbaqyF,15,7tfRkX2QnictEJEZkdw85QVs3zTm21UTqPdz4Dk5fnvP,-12122,0,0,,126,false,true,0.85,
5BKxfWMbmYBAEWvyPZS9esPducUba9GqyMjtLCfbaqyF,15,7tfRkX2QnictEJEZkdw85QVs3zTm21UTqPdz4Dk5fnvP,-12121,0,0,,127,false,true,0.85,
5BKxfWMbmYBAEWvyPZS9esPducUba9GqyMjtLCfbaqyF,15,7tfRkX2QnictEJEZkdw85QVs3zTm21UTqPdz4Dk5fnvP,-12120,0,0,,128,false,true,0.85,
5BKxfWMbmYBAEWvyPZS9esPducUba9GqyMjtLCfbaqyF,15,7tfRkX2QnictEJEZkdw85QVs3zTm21UTqPdz4Dk5fnvP,-12119,0,0,,129,false,true,0.85,
5BKxfWMbmYBAEWvyPZS9esPducUba9GqyMjtLCfbaqyF,15,7tfRkX2QnictEJEZkdw85QVs3zTm21UTqPdz4Dk5fnvP,-12118,0,0,,130,false,true,0.85,
5BKxfWMbmYBAEWvyPZS9esPducUba9GqyMjtLCfbaqyF,15,7tfRkX2QnictEJEZkdw85QVs3zTm21UTqPdz4Dk5fnvP,-12117,0,0,,131,false,true,0.85,
5BKxfWMbmYBAEWvyPZS9esPducUba9GqyMjtLCfbaqyF,15,7tfRkX2QnictEJEZkdw85QVs3zTm21UTqPdz4Dk5fnvP,-12116,0,0,,132,false,true,0.85,
5BKxfWMbmYBAEWvyPZS9esPducUba9GqyMjtLCfbaqyF,15,7tfRkX2QnictEJEZkdw85QVs3zTm21UTqPdz4Dk5fnvP,-12115,0,0,,133,false,true,0.85,
5BKxfWMbmYBAEWvyPZS9esPducUba9GqyMjtLCfbaqyF,15,7tfRkX2QnictEJEZkdw85QVs3zTm21UTqPdz4Dk5fnvP,-12114,0,0,,134,false,true,0.85,
5BKxfWMbmYBAEWvyPZS9esPducUba9GqyMjtLCfbaqyF,15,7tfRkX2QnictEJEZkdw85QVs3zTm21UTqPdz4Dk5fnvP,-12113,0,0,,135,false,true,0.85,
5BKxfWMbmYBAEWvyPZS9esPducUba9GqyMjtLCfbaqyF,15,7tfRkX2QnictEJEZkdw85QVs3zTm21UTqPdz4Dk5fnvP,-12112,0,0,,136,false,true,0.85,
5BKxfWMbmYBAEWvyPZS9esPducUba9GqyMjtLCfbaqyF,15,7tfRkX2QnictEJEZkdw85QVs3zTm21UTqPdz4Dk5fnvP,-12111,0,0,,137,false,true,0.85,
5BKxfWMbmYBAEWvyPZS9esPducUba9GqyMjtLCfbaqyF,15,DC9tTtTmhDeewop2cfp8hSt2ytevZmgRoR97YA4vkJaT,-12110,0,0,,138,false,true,0.85,
5BKxfWMbmYBAEWvyPZS9esPducUba9GqyMjtLCfbaqyF,15,DC9tTtTmhDeewop2cfp8hSt2ytevZmgRoR97YA4vkJaT,-12109,0,0,,139,false,true,0.85,
5BKxfWMbmYBAEWvyPZS9esPducUba9GqyMjtLCfbaqyF,15,DC9tTtTmhDeewop2cfp8hSt2ytevZmgRoR97YA4vkJaT,-12108,0,0,,140,false,true,0.85,
5BKxfWMbmYBAEWvyPZS9esPducUba9GqyMjtLCfbaqyF,15,DC9tTtTmhDeewop2cfp8hSt2ytevZmgRoR97YA4vkJaT,-12107,0,0,,141,false,true,0.85,
5BKxfWMbmYBAEWvyPZS9esPducUba9GqyMjtLCfbaqyF,15,DC9tTtTmhDeewop2cfp8hSt2ytevZmgRoR97YA4vkJaT,-12106,0,0,,142,false,true,0.85,
5BKxfWMbmYBAEWvyPZS9esPducUba9GqyMjtLCfbaqyF,15,DC9tTtTmhDeewop2cfp8hSt2ytevZmgRoR97YA4vkJaT,-12105,0,0,,143,false,true,0.85,
5BKxfWMbmYBAEWvyPZS9esPducUba9GqyMjtLCfbaqyF,15,DC9tTtTmhDeewop2cfp8hSt2ytevZmgRoR97YA4vkJaT,-12104,0,0,,144,false,true,0.85,
5BKxfWMbmYBAEWvyPZS9esPducUba9GqyMjtLCfbaqyF,15,DC9tTtTmhDeewop2cfp8hSt2ytevZmgRoR97YA4vkJaT,-12103,0,0,,145,false,true,0.85,
5BKxfWMbmYBAEWvyPZS9esPducUba9GqyMjtLCfbaqyF,15,DC9tTtTmhDeewop2cfp8hSt2ytevZmgRoR97YA4vkJaT,-12102,0,0,,146,false,true,0.85,
5BKxfWMbmYBAEWvyPZS9esPducUba9GqyMjtLCfbaqyF,15,DC9tTtTmhDeewop2cfp8hSt2ytevZmgRoR97YA4vkJaT,-12101,0,0,,147,false,true,0.85,
5BKxfWMbmYBAEWvyPZS9esPducUba9GqyMjtLCfbaqyF,15,DC9tTtTmhDeewop2cfp8hSt2ytevZmgRoR97YA4vkJaT,-12100,0,0,,148,false,true,0.85,
5BKxfWMbmYBAEWvyPZS9esPducUba9GqyMjtLCfbaqyF,15,DC9tTtTmhDeewop2cfp8hSt2ytevZmgRoR97YA4vkJaT,-12099,0,0,,149,false,true,0.85,
5BKxfWMbmYBAEWvyPZS9esPducUba9GqyMjtLCfbaqyF,15,DC9tTtTmhDeewop2cfp8hSt2ytevZmgRoR97YA4vkJaT,-12098,0,0,,150,false,true,0.85,
5BKxfWMbmYBAEWvyPZS9esPducUba9GqyMjtLCfbaqyF,15,DC9tTtTmhDeewop2cfp8hSt2ytevZmgRoR97YA4vkJaT,-12097,0,0,,151,false,true,0.85,
5BKxfWMbmYBAEWvyPZS9esPducUba9GqyMjtLCfbaqyF,15,DC9tTtTmhDeewop2cfp8hSt2ytevZmgRoR97YA4vkJaT,-12096,0,0,,152,false,true,0.85,
5BKxfWMbmYBAEWvyPZS9esPducUba9GqyMjtLCfbaqyF,15,DC9tTtTmhDeewop2cfp8hSt2ytevZmgRoR97YA4vkJaT,-12095,0,0,,153,false,true,0.85,
5BKxfWMbmYBAEWvyPZS9esPducUba9GqyMjtLCfbaqyF,15,DC9tTtTmhDeewop2cfp8hSt2ytevZmgRoR97YA4vkJaT,-12094,0,0,,154,false,true,0.85,
5BKxfWMbmYBAEWvyPZS9esPducUba9GqyMjtLCfbaqyF,15,DC9tTtTmhDeewop2cfp8hSt2ytevZmgRoR97YA4vkJaT,-12093,0,0,,155,false,true,0.85,
5BKxfWMbmYBAEWvyPZS9esPducUba9GqyMjtLCfbaqyF,15,DC9tTtTmhDeewop2cfp8hSt2ytevZmgRoR97YA4vkJaT,-12092,0,0,,156,false,true,0.85,
5BKxfWMbmYBAEWvyPZS9esPducUba9GqyMjtLCfbaqyF,15,DC9tTtTmhDeewop2cfp8hSt2ytevZmgRoR97YA4vkJaT,-12091,0,0,,157,false,true,0.85,
5BKxfWMbmYBAEWvyPZS9esPducUba9GqyMjtLCfbaqyF,15,DC9tTtTmhDeewop2cfp8hSt2ytevZmgRoR97YA4vkJaT,-12090,0,0,,158,false,true,0.85,
5BKxfWMbmYBAEWvyPZS9esPducUba9GqyMjtLCfbaqyF,15,DC9tTtTmhDeewop2cfp8hSt2ytevZmgRoR97YA4vkJaT,-12089,0,0,,159,false,true,0.85,
5BKxfWMbmYBAEWvyPZS9esPducUba9GqyMjtLCfbaqyF,15,DC9tTtTmhDeewop2cfp8hSt2ytevZmgRoR97YA4vkJaT,-12088,0,0,,160,false,true,0.85,
5BKxfWMbmYBAEWvyPZS9esPducUba9GqyMjtLCfbaqyF,15,DC9tTtTmhDeewop2cfp8hSt2ytevZmgRoR97YA4vkJaT,-12087,0,0,,161,false,true,0.85,
5BKxfWMbmYBAEWvyPZS9esPducUba9GqyMjtLCfbaqyF,15,DC9tTtTmhDeewop2cfp8hSt2ytevZmgRoR97YA4vkJaT,-12086,0,0,,162,false,true,0.85,
5BKxfWMbmYBAEWvyPZS9esPducUba9GqyMjtLCfbaqyF,15,DC9tTtTmhDeewop2cfp8hSt2ytevZmgRoR97YA4vkJaT,-12085,0,0,,163,false,true,0.85,
5BKxfWMbmYBAEWvyPZS9esPducUba9GqyMjtLCfbaqyF,15,DC9tTtTmhDeewop2cfp8hSt2ytevZmgRoR97YA4vkJaT,-12084,0,0,,164,false,true,0.85,
5BKxfWMbmYBAEWvyPZS9esPducUba9GqyMjtLCfbaqyF,15,DC9tTtTmhDeewop2cfp8hSt2ytevZmgRoR97YA4vkJaT,-12083,0,0,,165,false,true,0.85,
5BKxfWMbmYBAEWvyPZS9esPducUba9GqyMjtLCfbaqyF,15,DC9tTtTmhDeewop2cfp8hSt2ytevZmgRoR97YA4vkJaT,-12082,0,0,,166,false,true,0.85,
5BKxfWMbmYBAEWvyPZS9esPducUba9GqyMjtLCfbaqyF,15,DC9tTtTmhDeewop2cfp8hSt2ytevZmgRoR97YA4vkJaT,-12081,0,0,,167,false,true,0.85,
5BKxfWMbmYBAEWvyPZS9esPducUba9GqyMjtLCfbaqyF,15,DC9tTtTmhDeewop2cfp8hSt2ytevZmgRoR97YA4vkJaT,-12080,0,0,,168,false,true,0.85,
5BKxfWMbmYBAEWvyPZS9esPducUba9GqyMjtLCfbaqyF,15,DC9tTtTmhDeewop2cfp8hSt2ytevZmgRoR97YA4vkJaT,-12079,0,0,,169,false,true,0.85,
5BKxfWMbmYBAEWvyPZS9esPducUba9GqyMjtLCfbaqyF,15,DC9tTtTmhDeewop2cfp8hSt2ytevZmgRoR97YA4vkJaT,-12078,0,0,,170,false,true,0.85,
5BKxfWMbmYBAEWvyPZS9esPducUba9GqyMjtLCfbaqyF,15,DC9tTtTmhDeewop2cfp8hSt2ytevZmgRoR97YA4vkJaT,-12077,0,0,,171,false,true,0.85,
5BKxfWMbmYBAEWvyPZS9esPducUba9GqyMjtLCfbaqyF,15,DC9tTtTmhDeewop2cfp8hSt2ytevZmgRoR97YA4vkJaT,-12076,0,0,,172,false,true,0.85,
5BKxfWMbmYBAEWvyPZS9esPducUba9GqyMjtLCfbaqyF,15,DC9tTtTmhDeewop2cfp8hSt2ytevZmgRoR97YA4vkJaT,-12075,0,0,,173,false,true,0.85,
5BKxfWMbmYBAEWvyPZS9esPducUba9GqyMjtLCfbaqyF,15,DC9tTtTmhDeewop2cfp8hSt2ytevZmgRoR97YA4vkJaT,-12074,0,0,,174,false,true,0.85,
5BKxfWMbmYBAEWvyPZS9esPducUba9GqyMjtLCfbaqyF,15,DC9tTtTmhDeewop2cfp8hSt2ytevZmgRoR97YA4vkJaT,-12073,0,0,,175,false,true,0.85,
5BKxfWMbmYBAEWvyPZS9esPducUba9GqyMjtLCfbaqyF,15,DC9tTtTmhDeewop2cfp8hSt2ytevZmgRoR97YA4vkJaT,-12072,0,0,,176,false,true,0.85,
5BKxfWMbmYBAEWvyPZS9esPducUba9GqyMjtLCfbaqyF,15,DC9tTtTmhDeewop2cfp8hSt2ytevZmgRoR97YA4vkJaT,-12071,0,0,,177,false,true,0.85,
5BKxfWMbmYBAEWvyPZS9esPducUba9GqyMjtLCfbaqyF,15,DC9tTtTmhDeewop2cfp8hSt2ytevZmgRoR97YA4vkJaT,-12070,0,0,,178,false,true,0.85,
5BKxfWMbmYBAEWvyPZS9esPducUba9GqyMjtLCfbaqyF,15,DC9tTtTmhDeewop2cfp8hSt2ytevZmgRoR97YA4vkJaT,-12069,0,0,,179,false,true,0.85,
5BKxfWMbmYBAEWvyPZS9esPducUba9GqyMjtLCfbaqyF,15,DC9tTtTmhDeewop2cfp8hSt2ytevZmgRoR97YA4vkJaT,-12068,0,0,,180,false,true,0.85,
5BKxfWMbmYBAEWvyPZS9esPducUba9GqyMjtLCfbaqyF,15,DC9tTtTmhDeewop2cfp8hSt2ytevZmgRoR97YA4vkJaT,-12067,0,0,,181,false,true,0.85,
5BKxfWMbmYBAEWvyPZS9esPducUba9GqyMjtLCfbaqyF,15,DC9tTtTmhDeewop2cfp8hSt2ytevZmgRoR97YA4vkJaT,-12066,0,0,,182,false,true,0.85,
5BKxfWMbmYBAEWvyPZS9esPducUba9GqyMjtLCfbaqyF,15,DC9tTtTmhDeewop2cfp8hSt2ytevZmgRoR97YA4vkJaT,-12065,0,0,,183,false,true,0.85,
5BKxfWMbmYBAEWvyPZS9esPducUba9GqyMjtLCfbaqyF,15,DC9tTtTmhDeewop2cfp8hSt2ytevZmgRoR97YA4vkJaT,-12064,0,0,,184,false,true,0.85,
5BKxfWMbmYBAEWvyPZS9esPducUba9GqyMjtLCfbaqyF,15,DC9tTtTmhDeewop2cfp8hSt2ytevZmgRoR97YA4vkJaT,-12063,0,0,,185,false,true,0.85,
5BKxfWMbmYBAEWvyPZS9esPducUba9GqyMjtLCfbaqyF,15,DC9tTtTmhDeewop2cfp8hSt2ytevZmgRoR97YA4vkJaT,-12062,0,0,,186,false,true,0.85,
5BKxfWMbmYBAEWvyPZS9esPducUba9GqyMjtLCfbaqyF,15,DC9tTtTmhDeewop2cfp8hSt2ytevZmgRoR97YA4vkJaT,-12061,0,0,,187,false,true,0.85,
5BKxfWMbmYBAEWvyPZS9esPducUba9GqyMjtLCfbaqyF,15,DC9tTtTmhDeewop2cfp8hSt2ytevZmgRoR97YA4vkJaT,-12060,0,0,,188,false,true,0.85,
5BKxfWMbmYBAEWvyPZS9esPducUba9GqyMjtLCfbaqyF,15,DC9tTtTmhDeewop2cfp8hSt2ytevZmgRoR97YA4vkJaT,-12059,0,0,,189,false,true,0.85,
5BKxfWMbmYBAEWvyPZS9esPducUba9GqyMjtLCfbaqyF,15,DC9tTtTmhDeewop2cfp8hSt2ytevZmgRoR97YA4vkJaT,-12058,0,0,,190,false,true,0.85,
5BKxfWMbmYBAEWvyPZS9esPducUba9GqyMjtLCfbaqyF,15,DC9tTtTmhDeewop2cfp8hSt2ytevZmgRoR97YA4vkJaT,-12057,0,0,,191,false,true,0.85,
5BKxfWMbmYBAEWvyPZS9esPducUba9GqyMjtLCfbaqyF,15,DC9tTtTmhDeewop2cfp8hSt2ytevZmgRoR97YA4vkJaT,-12056,0,0,,192,false,true,0.85,
5BKxfWMbmYBAEWvyPZS9esPducUba9GqyMjtLCfbaqyF,15,DC9tTtTmhDeewop2cfp8hSt2ytevZmgRoR97YA4vkJaT,-12055,0,0,,193,false,true,0.85,
5BKxfWMbmYBAEWvyPZS9esPducUba9GqyMjtLCfbaqyF,15,DC9tTtTmhDeewop2cfp8hSt2ytevZmgRoR97YA4vkJaT,-12054,0,0,,194,false,true,0.85,
5BKxfWMbmYBAEWvyPZS9esPducUba9GqyMjtLCfbaqyF,15,DC9tTtTmhDeewop2cfp8hSt2ytevZmgRoR97YA4vkJaT,-12053,0,0,,195,false,true,0.85,
5BKxfWMbmYBAEWvyPZS9esPducUba9GqyMjtLCfbaqyF,15,DC9tTtTmhDeewop2cfp8hSt2ytevZmgRoR97YA4vkJaT,-12052,0,0,,196,false,true,0.85,
5BKxfWMbmYBAEWvyPZS9esPducUba9GqyMjtLCfbaqyF,15,DC9tTtTmhDeewop2cfp8hSt2ytevZmgRoR97YA4vkJaT,-12051,0,0,,197,false,true,0.85,
5BKxfWMbmYBAEWvyPZS9esPducUba9GqyMjtLCfbaqyF,15,DC9tTtTmhDeewop2cfp8hSt2ytevZmgRoR97YA4vkJaT,-12050,0,0,,198,false,true,0.85,
5BKxfWMbmYBAEWvyPZS9esPducUba9GqyMjtLCfbaqyF,15,DC9tTtTmhDeewop2cfp8hSt2ytevZmgRoR97YA4vkJaT,-12049,0,0,,199,false,true,0.85,
5BKxfWMbmYBAEWvyPZS9esPducUba9GqyMjtLCfbaqyF,15,DC9tTtTmhDeewop2cfp8hSt2ytevZmgRoR97YA4vkJaT,-12048,0,0,,200,false,true,0.85,
5BKxfWMbmYBAEWvyPZS9esPducUba9GqyMjtLCfbaqyF,15,DC9tTtTmhDeewop2cfp8hSt2ytevZmgRoR97YA4vkJaT,-12047,0,0,,201,false,true,0.85,
5BKxfWMbmYBAEWvyPZS9esPducUba9GqyMjtLCfbaqyF,15,DC9tTtTmhDeewop2cfp8hSt2ytevZmgRoR97YA4vkJaT,-12046,0,0,,202,false,true,0.85,
5BKxfWMbmYBAEWvyPZS9esPducUba9GqyMjtLCfbaqyF,15,DC9tTtTmhDeewop2cfp8hSt2ytevZmgRoR97YA4vkJaT,-12045,0,0,,203,false,true,0.85,
5BKxfWMbmYBAEWvyPZS9esPducUba9GqyMjtLCfbaqyF,15,DC9tTtTmhDeewop2cfp8hSt2ytevZmgRoR97YA4vkJaT,-12044,0,0,,204,false,true,0.85,
5BKxfWMbmYBAEWvyPZS9esPducUba9GqyMjtLCfbaqyF,15,DC9tTtTmhDeewop2cfp8hSt2ytevZmgRoR97YA4vkJaT,-12043,0,0,,205,false,true,0.85,
5BKxfWMbmYBAEWvyPZS9esPducUba9GqyMjtLCfbaqyF,15,DC9tTtTmhDeewop2cfp8hSt2ytevZmgRoR97YA4vkJaT,-12042,0,0,,206,false,true,0.85,
5BKxfWMbmYBAEWvyPZS9esPducUba9GqyMjtLCfbaqyF,15,DC9tTtTmhDeewop2cfp8hSt2ytevZmgRoR97YA4vkJaT,-12041,0,0,,207,false,true,0.85,
5BKxfWMbmYBAEWvyPZS9esPducUba9GqyMjtLCfbaqyF,15,6eKePPT6Z5HNifUrv1WQ9joJgV33opcpf5NC7Zx5j4f6,-12040,0,0,,208,false,true,0.85,
5BKxfWMbmYBAEWvyPZS9esPducUba9GqyMjtLCfbaqyF,15,6eKePPT6Z5HNifUrv1WQ9joJgV33opcpf5NC7Zx5j4f6,-12039,0,0,,209,false,true,0.85,
5BKxfWMbmYBAEWvyPZS9esPducUba9GqyMjtLCfbaqyF,15,6eKePPT6Z5HNifUrv1WQ9joJgV33opcpf5NC7Zx5j4f6,-12038,0,0,,210,false,true,0.85,
5BKxfWMbmYBAEWvyPZS9esPducUba9GqyMjtLCfbaqyF,15,6eKePPT6Z5HNifUrv1WQ9joJgV33opcpf5NC7Zx5j4f6,-12037,0,0,,211,false,true,0.85,
5BKxfWMbmYBAEWvyPZS9esPducUba9GqyMjtLCfbaqyF,15,6eKePPT6Z5HNifUrv1WQ9joJgV33opcpf5NC7Zx5j4f6,-12036,0,0,,212,false,true,0.85,
5BKxfWMbmYBAEWvyPZS9esPducUba9GqyMjtLCfbaqyF,15,6eKePPT6Z5HNifUrv1WQ9joJgV33opcpf5NC7Zx5j4f6,-12035,0,0,,213,false,true,0.85,
5BKxfWMbmYBAEWvyPZS9esPducUba9GqyMjtLCfbaqyF,15,6eKePPT6Z5HNifUrv1WQ9joJgV33opcpf5NC7Zx5j4f6,-12034,0,0,,214,false,true,0.85,
5BKxfWMbmYBAEWvyPZS9esPducUba9GqyMjtLCfbaqyF,15,6eKePPT6Z5HNifUrv1WQ9joJgV33opcpf5NC7Zx5j4f6,-12033,0,0,,215,false,true,0.85,
5BKxfWMbmYBAEWvyPZS9esPducUba9GqyMjtLCfbaqyF,15,6eKePPT6Z5HNifUrv1WQ9joJgV33opcpf5NC7Zx5j4f6,-12032,0,0,,216,false,true,0.85,
5BKxfWMbmYBAEWvyPZS9esPducUba9GqyMjtLCfbaqyF,15,6eKePPT6Z5HNifUrv1WQ9joJgV33opcpf5NC7Zx5j4f6,-12031,0,0,,217,false,true,0.85,
5BKxfWMbmYBAEWvyPZS9esPducUba9GqyMjtLCfbaqyF,15,6eKePPT6Z5HNifUrv1WQ9joJgV33opcpf5NC7Zx5j4f6,-12030,0,0,,218,false,true,0.85,
5BKxfWMbmYBAEWvyPZS9esPducUba9GqyMjtLCfbaqyF,15,6eKePPT6Z5HNifUrv1WQ9joJgV33opcpf5NC7Zx5j4f6,-12029,0,0,,219,false,true,0.85,
5BKxfWMbmYBAEWvyPZS9esPducUba9GqyMjtLCfbaqyF,15,6eKePPT6Z5HNifUrv1WQ9joJgV33opcpf5NC7Zx5j4f6,-12028,0,0,,220,false,true,0.85,
5BKxfWMbmYBAEWvyPZS9esPducUba9GqyMjtLCfbaqyF,15,6eKePPT6Z5HNifUrv1WQ9joJgV33opcpf5NC7Zx5j4f6,-12027,0,0,,221,false,true,0.85,
5BKxfWMbmYBAEWvyPZS9esPducUba9GqyMjtLCfbaqyF,15,6eKePPT6Z5HNifUrv1WQ9joJgV33opcpf5NC7Zx5j4f6,-12026,0,0,,222,false,true,0.85,
5BKxfWMbmYBAEWvyPZS9esPducUba9GqyMjtLCfbaqyF,15,6eKePPT6Z5HNifUrv1WQ9joJgV33opcpf5NC7Zx5j4f6,-12025,0,0,,223,false,true,0.85,
5BKxfWMbmYBAEWvyPZS9esPducUba9GqyMjtLCfbaqyF,15,6eKePPT6Z5HNifUrv1WQ9joJgV33opcpf5NC7Zx5j4f6,-12024,0,0,,224,false,true,0.85,
5BKxfWMbmYBAEWvyPZS9esPducUba9GqyMjtLCfbaqyF,15,6eKePPT6Z5HNifUrv1WQ9joJgV33opcpf5NC7Zx5j4f6,-12023,0,0,,225,false,true,0.85,
5BKxfWMbmYBAEWvyPZS9esPducUba9GqyMjtLCfbaqyF,15,6eKePPT6Z5HNifUrv1WQ9joJgV33opcpf5NC7Zx5j4f6,-12022,0,0,,226,false,true,0.85,
5BKxfWMbmYBAEWvyPZS9esPducUba9GqyMjtLCfbaqyF,15,6eKePPT6Z5HNifUrv1WQ9joJgV33opcpf5NC7Zx5j4f6,-12021,0,0,,227,false,true,0.85,
5BKxfWMbmYBAEWvyPZS9esPducUba9GqyMjtLCfbaqyF,15,6eKePPT6Z5HNifUrv1WQ9joJgV33opcpf5NC7Zx5j4f6,-12020,0,0,,228,false,true,0.85,
5BKxfWMbmYBAEWvyPZS9esPducUba9GqyMjtLCfbaqyF,15,6eKePPT6Z5HNifUrv1WQ9joJgV33opcpf5NC7Zx5j4f6,-12019,0,0,,229,false,true,0.85,
5BKxfWMbmYBAEWvyPZS9esPducUba9GqyMjtLCfbaqyF,15,6eKePPT6Z5HNifUrv1WQ9joJgV33opcpf5NC7Zx5j4f6,-12018,0,0,,230,false,true,0.85,
5BKxfWMbmYBAEWvyPZS9esPducUba9GqyMjtLCfbaqyF,15,6eKePPT6Z5HNifUrv1WQ9joJgV33opcpf5NC7Zx5j4f6,-12017,0,0,,231,false,true,0.85,
5BKxfWMbmYBAEWvyPZS9esPducUba9GqyMjtLCfbaqyF,15,6eKePPT6Z5HNifUrv1WQ9joJgV33opcpf5NC7Zx5j4f6,-12016,0,0,,232,false,true,0.85,
5BKxfWMbmYBAEWvyPZS9esPducUba9GqyMjtLCfbaqyF,15,6eKePPT6Z5HNifUrv1WQ9joJgV33opcpf5NC7Zx5j4f6,-12015,0,0,,233,false,true,0.85,
5BKxfWMbmYBAEWvyPZS9esPducUba9GqyMjtLCfbaqyF,15,6eKePPT6Z5HNifUrv1WQ9joJgV33opcpf5NC7Zx5j4f6,-12014,0,0,,234,false,true,0.85,
5BKxfWMbmYBAEWvyPZS9esPducUba9GqyMjtLCfbaqyF,15,6eKePPT6Z5HNifUrv1WQ9joJgV33opcpf5NC7Zx5j4f6,-12013,0,0,,235,false,true,0.85,
5BKxfWMbmYBAEWvyPZS9esPducUba9GqyMjtLCfbaqyF,15,6eKePPT6Z5HNifUrv1WQ9joJgV33opcpf5NC7Zx5j4f6,-12012,0,0,,236,false,true,0.85,
5BKxfWMbmYBAEWvyPZS9esPducUba9GqyMjtLCfbaqyF,15,6eKePPT6Z5HNifUrv1WQ9joJgV33opcpf5NC7Zx5j4f6,-12011,0,0,,237,false,true,0.85,
5BKxfWMbmYBAEWvyPZS9esPducUba9GqyMjtLCfbaqyF,15,6eKePPT6Z5HNifUrv1WQ9joJgV33opcpf5NC7Zx5j4f6,-12010,0,0,,238,false,true,0.85,
5BKxfWMbmYBAEWvyPZS9esPducUba9GqyMjtLCfbaqyF,15,6eKePPT6Z5HNifUrv1WQ9joJgV33opcpf5NC7Zx5j4f6,-12009,0,0,,239,false,true,0.85,
5BKxfWMbmYBAEWvyPZS9esPducUba9GqyMjtLCfbaqyF,15,6eKePPT6Z5HNifUrv1WQ9joJgV33opcpf5NC7Zx5j4f6,-12008,0,0,,240,false,true,0.85,
5BKxfWMbmYBAEWvyPZS9esPducUba9GqyMjtLCfbaqyF,15,6eKePPT6Z5HNifUrv1WQ9joJgV33opcpf5NC7Zx5j4f6,-12007,0,0,,241,false,true,0.85,
5BKxfWMbmYBAEWvyPZS9esPducUba9GqyMjtLCfbaqyF,15,6eKePPT6Z5HNifUrv1WQ9joJgV33opcpf5NC7Zx5j4f6,-12006,0,0,,242,false,true,0.85,
5BKxfWMbmYBAEWvyPZS9esPducUba9GqyMjtLCfbaqyF,15,6eKePPT6Z5HNifUrv1WQ9joJgV33opcpf5NC7Zx5j4f6,-12005,0,0,,243,false,true,0.85,
5BKxfWMbmYBAEWvyPZS9esPducUba9GqyMjtLCfbaqyF,15,6eKePPT6Z5HNifUrv1WQ9joJgV33opcpf5NC7Zx5j4f6,-12004,0,0,,244,false,true,0.85,
5BKxfWMbmYBAEWvyPZS9esPducUba9GqyMjtLCfbaqyF,15,6eKePPT6Z5HNifUrv1WQ9joJgV33opcpf5NC7Zx5j4f6,-12003,0,0,,245,false,true,0.85,
5BKxfWMbmYBAEWvyPZS9esPducUba9GqyMjtLCfbaqyF,15,6eKePPT6Z5HNifUrv1WQ9joJgV33opcpf5NC7Zx5j4f6,-12002,0,0,,246,false,true,0.85,
5BKxfWMbmYBAEWvyPZS9esPducUba9GqyMjtLCfbaqyF,15,6eKePPT6Z5HNifUrv1WQ9joJgV33opcpf5NC7Zx5j4f6,-12001,0,0,,247,false,true,0.85,
5BKxfWMbmYBAEWvyPZS9esPducUba9GqyMjtLCfbaqyF,15,6eKePPT6Z5HNifUrv1WQ9joJgV33opcpf5NC7Zx5j4f6,-12000,0,0,,248,false,true,0.85,
5BKxfWMbmYBAEWvyPZS9esPducUba9GqyMjtLCfbaqyF,15,6eKePPT6Z5HNifUrv1WQ9joJgV33opcpf5NC7Zx5j4f6,-11999,0,0,,249,false,true,0.85,
5BKxfWMbmYBAEWvyPZS9esPducUba9GqyMjtLCfbaqyF,15,6eKePPT6Z5HNifUrv1WQ9joJgV33opcpf5NC7Zx5j4f6,-11998,0,0,,250,false,true,0.85,
5BKxfWMbmYBAEWvyPZS9esPducUba9GqyMjtLCfbaqyF,15,6eKePPT6Z5HNifUrv1WQ9joJgV33opcpf5NC7Zx5j4f6,-11997,0,0,,251,false,true,0.85,
5BKxfWMbmYBAEWvyPZS9esPducUba9GqyMjtLCfbaqyF,15,6eKePPT6Z5HNifUrv1WQ9joJgV33opcpf5NC7Zx5j4f6,-11996,0,0,,252,false,true,0.85,
5BKxfWMbmYBAEWvyPZS9esPducUba9GqyMjtLCfbaqyF,15,6eKePPT6Z5HNifUrv1WQ9joJgV33opcpf5NC7Zx5j4f6,-11995,0,0,,253,false,true,0.85,
5BKxfWMbmYBAEWvyPZS9esPducUba9GqyMjtLCfbaqyF,15,6eKePPT6Z5HNifUrv1WQ9joJgV33opcpf5NC7Zx5j4f6,-11994,0,0,,254,false,true,0.85,
5BKxfWMbmYBAEWvyPZS9esPducUba9GqyMjtLCfbaqyF,15,6eKePPT6Z5HNifUrv1WQ9joJgV33opcpf5NC7Zx5j4f6,-11993,0,0,,255,false,true,0.85,
5BKxfWMbmYBAEWvyPZS9esPducUba9GqyMjtLCfbaqyF,15,6eKePPT6Z5HNifUrv1WQ9joJgV33opcpf5NC7Zx5j4f6,-11992,0,0,,256,false,true,0.85,
5BKxfWMbmYBAEWvyPZS9esPducUba9GqyMjtLCfbaqyF,15,6eKePPT6Z5HNifUrv1WQ9joJgV33opcpf5NC7Zx5j4f6,-11991,0,0,,257,false,true,0.85,
5BKxfWMbmYBAEWvyPZS9esPducUba9GqyMjtLCfbaqyF,15,6eKePPT6Z5HNifUrv1WQ9joJgV33opcpf5NC7Zx5j4f6,-11990,0,0,,258,false,true,0.85,
5BKxfWMbmYBAEWvyPZS9esPducUba9GqyMjtLCfbaqyF,15,6eKePPT6Z5HNifUrv1WQ9joJgV33opcpf5NC7Zx5j4f6,-11989,0,0,,259,false,true,0.85,
5BKxfWMbmYBAEWvyPZS9esPducUba9GqyMjtLCfbaqyF,15,6eKePPT6Z5HNifUrv1WQ9joJgV33opcpf5NC7Zx5j4f6,-11988,0,0,,260,false,true,0.85,
5BKxfWMbmYBAEWvyPZS9esPducUba9GqyMjtLCfbaqyF,15,6eKePPT6Z5HNifUrv1WQ9joJgV33opcpf5NC7Zx5j4f6,-11987,0,0,,261,false,true,0.85,
5BKxfWMbmYBAEWvyPZS9esPducUba9GqyMjtLCfbaqyF,15,6eKePPT6Z5HNifUrv1WQ9joJgV33opcpf5NC7Zx5j4f6,-11986,0,0,,262,false,true,0.85,
5BKxfWMbmYBAEWvyPZS9esPducUba9GqyMjtLCfbaqyF,15,6eKePPT6Z5HNifUrv1WQ9joJgV33opcpf5NC7Zx5j4f6,-11985,0,0,,263,false,true,0.85,
5BKxfWMbmYBAEWvyPZS9esPducUba9GqyMjtLCfbaqyF,15,6eKePPT6Z5HNifUrv1WQ9joJgV33opcpf5NC7Zx5j4f6,-11984,0,0,,264,false,true,0.85,
5BKxfWMbmYBAEWvyPZS9esPducUba9GqyMjtLCfbaqyF,15,6eKePPT6Z5HNifUrv1WQ9joJgV33opcpf5NC7Zx5j4f6,-11983,0,0,,265,false,true,0.85,
5BKxfWMbmYBAEWvyPZS9esPducUba9GqyMjtLCfbaqyF,15,6eKePPT6Z5HNifUrv1WQ9joJgV33opcpf5NC7Zx5j4f6,-11982,0,0,,266,false,true,0.85,
5BKxfWMbmYBAEWvyPZS9esPducUba9GqyMjtLCfbaqyF,15,6eKePPT6Z5HNifUrv1WQ9joJgV33opcpf5NC7Zx5j4f6,-11981,0,0,,267,false,true,0.85,
5BKxfWMbmYBAEWvyPZS9esPducUba9GqyMjtLCfbaqyF,15,6eKePPT6Z5HNifUrv1WQ9joJgV33opcpf5NC7Zx5j4f6,-11980,0,0,,268,false,true,0.85,
5BKxfWMbmYBAEWvyPZS9esPducUba9GqyMjtLCfbaqyF,15,6eKePPT6Z5HNifUrv1WQ9joJgV33opcpf5NC7Zx5j4f6,-11979,0,0,,269,false,true,0.85,
5BKxfWMbmYBAEWvyPZS9esPducUba9GqyMjtLCfbaqyF,15,6eKePPT6Z5HNifUrv1WQ9joJgV33opcpf5NC7Zx5j4f6,-11978,0,0,,270,false,true,0.85,
5BKxfWMbmYBAEWvyPZS9esPducUba9GqyMjtLCfbaqyF,15,6eKePPT6Z5HNifUrv1WQ9joJgV33opcpf5NC7Zx5j4f6,-11977,0,0,,271,false,true,0.85,
5BKxfWMbmYBAEWvyPZS9esPducUba9GqyMjtLCfbaqyF,15,6eKePPT6Z5HNifUrv1WQ9joJgV33opcpf5NC7Zx5j4f6,-11976,0,0,,272,false,true,0.85,
5BKxfWMbmYBAEWvyPZS9esPducUba9GqyMjtLCfbaqyF,15,6eKePPT6Z5HNifUrv1WQ9joJgV33opcpf5NC7Zx5j4f6,-11975,0,0,,273,false,true,0.85,
5BKxfWMbmYBAEWvyPZS9esPducUba9GqyMjtLCfbaqyF,15,6eKePPT6Z5HNifUrv1WQ9joJgV33opcpf5NC7Zx5j4f6,-11974,0,0,,274,false,true,0.85,
5BKxfWMbmYBAEWvyPZS9esPducUba9GqyMjtLCfbaqyF,15,6eKePPT6Z5HNifUrv1WQ9joJgV33opcpf5NC7Zx5j4f6,-11973,0,0,,275,false,true,0.85,
5BKxfWMbmYBAEWvyPZS9esPducUba9GqyMjtLCfbaqyF,15,6eKePPT6Z5HNifUrv1WQ9joJgV33opcpf5NC7Zx5j4f6,-11972,0,0,,276,false,true,0.85,
5BKxfWMbmYBAEWvyPZS9esPducUba9GqyMjtLCfbaqyF,15,6eKePPT6Z5HNifUrv1WQ9joJgV33opcpf5NC7Zx5j4f6,-11971,0,0,,277,false,true,0.85,
5BKxfWMbmYBAEWvyPZS9esPducUba9GqyMjtLCfbaqyF,15,6YBVoTvd9AM6PWbqT4EZXcDcDEkDTvHiDMzy44HAnZvc,-11970,0,0,,278,false,true,0.85,
5BKxfWMbmYBAEWvyPZS9esPducUba9GqyMjtLCfbaqyF,15,6YBVoTvd9AM6PWbqT4EZXcDcDEkDTvHiDMzy44HAnZvc,-11969,0,0,,279,false,true,0.85,
5BKxfWMbmYBAEWvyPZS9esPducUba9GqyMjtLCfbaqyF,15,6YBVoTvd9AM6PWbqT4EZXcDcDEkDTvHiDMzy44HAnZvc,-11968,0,0,,280,false,true,0.85,
5BKxfWMbmYBAEWvyPZS9esPducUba9GqyMjtLCfbaqyF,15,6YBVoTvd9AM6PWbqT4EZXcDcDEkDTvHiDMzy44HAnZvc,-11967,0,0,,281,false,true,0.85,
5BKxfWMbmYBAEWvyPZS9esPducUba9GqyMjtLCfbaqyF,15,6YBVoTvd9AM6PWbqT4EZXcDcDEkDTvHiDMzy44HAnZvc,-11966,0,0,,282,false,true,0.85,
5BKxfWMbmYBAEWvyPZS9esPducUba9GqyMjtLCfbaqyF,15,6YBVoTvd9AM6PWbqT4EZXcDcDEkDTvHiDMzy44HAnZvc,-11965,0,0,,283,false,true,0.85,
5BKxfWMbmYBAEWvyPZS9esPducUba9GqyMjtLCfbaqyF,15,6YBVoTvd9AM6PWbqT4EZXcDcDEkDTvHiDMzy44HAnZvc,-11964,0,0,,284,false,true,0.85,
5BKxfWMbmYBAEWvyPZS9esPducUba9GqyMjtLCfbaqyF,15,6YBVoTvd9AM6PWbqT4EZXcDcDEkDTvHiDMzy44HAnZvc,-11963,0,0,,285,false,true,0.85,
5BKxfWMbmYBAEWvyPZS9esPducUba9GqyMjtLCfbaqyF,15,6YBVoTvd9AM6PWbqT4EZXcDcDEkDTvHiDMzy44HAnZvc,-11962,0,0,,286,false,true,0.85,
5BKxfWMbmYBAEWvyPZS9esPducUba9GqyMjtLCfbaqyF,15,6YBVoTvd9AM6PWbqT4EZXcDcDEkDTvHiDMzy44HAnZvc,-11961,0,0,,287,false,true,0.85,
5BKxfWMbmYBAEWvyPZS9esPducUba9GqyMjtLCfbaqyF,15,6YBVoTvd9AM6PWbqT4EZXcDcDEkDTvHiDMzy44HAnZvc,-11960,0,0,,288,false,true,0.85,
5BKxfWMbmYBAEWvyPZS9esPducUba9GqyMjtLCfbaqyF,15,6YBVoTvd9AM6PWbqT4EZXcDcDEkDTvHiDMzy44HAnZvc,-11959,0,0,,289,false,true,0.85,
5BKxfWMbmYBAEWvyPZS9esPducUba9GqyMjtLCfbaqyF,15,6YBVoTvd9AM6PWbqT4EZXcDcDEkDTvHiDMzy44HAnZvc,-11958,0,0,,290,false,true,0.85,
5BKxfWMbmYBAEWvyPZS9esPducUba9GqyMjtLCfbaqyF,15,6YBVoTvd9AM6PWbqT4EZXcDcDEkDTvHiDMzy44HAnZvc,-11957,0,0,,291,false,true,0.85,
5BKxfWMbmYBAEWvyPZS9esPducUba9GqyMjtLCfbaqyF,15,6YBVoTvd9AM6PWbqT4EZXcDcDEkDTvHiDMzy44HAnZvc,-11956,0,0,,292,false,true,0.85,
5BKxfWMbmYBAEWvyPZS9esPducUba9GqyMjtLCfbaqyF,15,6YBVoTvd9AM6PWbqT4EZXcDcDEkDTvHiDMzy44HAnZvc,-11955,0,0,,293,false,true,0.85,
5BKxfWMbmYBAEWvyPZS9esPducUba9GqyMjtLCfbaqyF,15,6YBVoTvd9AM6PWbqT4EZXcDcDEkDTvHiDMzy44HAnZvc,-11954,0,0,,294,false,true,0.85,
5BKxfWMbmYBAEWvyPZS9esPducUba9GqyMjtLCfbaqyF,15,6YBVoTvd9AM6PWbqT4EZXcDcDEkDTvHiDMzy44HAnZvc,-11953,0,0,,295,false,true,0.85,
5BKxfWMbmYBAEWvyPZS9esPducUba9GqyMjtLCfbaqyF,15,6YBVoTvd9AM6PWbqT4EZXcDcDEkDTvHiDMzy44HAnZvc,-11952,0,0,,296,false,true,0.85,
5BKxfWMbmYBAEWvyPZS9esPducUba9GqyMjtLCfbaqyF,15,6YBVoTvd9AM6PWbqT4EZXcDcDEkDTvHiDMzy44HAnZvc,-11951,0,0,,297,false,true,0.85,
5BKxfWMbmYBAEWvyPZS9esPducUba9GqyMjtLCfbaqyF,15,6YBVoTvd9AM6PWbqT4EZXcDcDEkDTvHiDMzy44HAnZvc,-11950,0,0,,298,false,true,0.85,
5BKxfWMbmYBAEWvyPZS9esPducUba9GqyMjtLCfbaqyF,15,6YBVoTvd9AM6PWbqT4EZXcDcDEkDTvHiDMzy44HAnZvc,-11949,0,0,,299,false,true,0.85,
5BKxfWMbmYBAEWvyPZS9esPducUba9GqyMjtLCfbaqyF,15,6YBVoTvd9AM6PWbqT4EZXcDcDEkDTvHiDMzy44HAnZvc,-11948,0,0,,300,false,true,0.85,
5BKxfWMbmYBAEWvyPZS9esPducUba9GqyMjtLCfbaqyF,15,6YBVoTvd9AM6PWbqT4EZXcDcDEkDTvHiDMzy44HAnZvc,-11947,0,0,,301,false,true,0.85,
5BKxfWMbmYBAEWvyPZS9esPducUba9GqyMjtLCfbaqyF,15,6YBVoTvd9AM6PWbqT4EZXcDcDEkDTvHiDMzy44HAnZvc,-11946,0,0,,302,false,true,0.85,
5BKxfWMbmYBAEWvyPZS9esPducUba9GqyMjtLCfbaqyF,15,6YBVoTvd9AM6PWbqT4EZXcDcDEkDTvHiDMzy44HAnZvc,-11945,0,0,,303,false,true,0.85,
5BKxfWMbmYBAEWvyPZS9esPducUba9GqyMjtLCfbaqyF,15,6YBVoTvd9AM6PWbqT4EZXcDcDEkDTvHiDMzy44HAnZvc,-11944,0,0,,304,false,true,0.85,
5BKxfWMbmYBAEWvyPZS9esPducUba9GqyMjtLCfbaqyF,15,6YBVoTvd9AM6PWbqT4EZXcDcDEkDTvHiDMzy44HAnZvc,-11943,0,0,,305,false,true,0.85,
5BKxfWMbmYBAEWvyPZS9esPducUba9GqyMjtLCfbaqyF,15,6YBVoTvd9AM6PWbqT4EZXcDcDEkDTvHiDMzy44HAnZvc,-11942,0,0,,306,false,true,0.85,
5BKxfWMbmYBAEWvyPZS9esPducUba9GqyMjtLCfbaqyF,15,6YBVoTvd9AM6PWbqT4EZXcDcDEkDTvHiDMzy44HAnZvc,-11941,0,0,,307,false,true,0.85,
5BKxfWMbmYBAEWvyPZS9esPducUba9GqyMjtLCfbaqyF,15,6YBVoTvd9AM6PWbqT4EZXcDcDEkDTvHiDMzy44HAnZvc,-11940,0,0,,308,false,true,0.85,
5BKxfWMbmYBAEWvyPZS9esPducUba9GqyMjtLCfbaqyF,15,6YBVoTvd9AM6PWbqT4EZXcDcDEkDTvHiDMzy44HAnZvc,-11939,0,0,,309,false,true,0.85,
5BKxfWMbmYBAEWvyPZS9esPducUba9GqyMjtLCfbaqyF,15,6YBVoTvd9AM6PWbqT4EZXcDcDEkDTvHiDMzy44HAnZvc,-11938,0,0,,310,false,true,0.85,
5BKxfWMbmYBAEWvyPZS9esPducUba9GqyMjtLCfbaqyF,15,6YBVoTvd9AM6PWbqT4EZXcDcDEkDTvHiDMzy44HAnZvc,-11937,0,0,,311,false,true,0.85,
5BKxfWMbmYBAEWvyPZS9esPducUba9GqyMjtLCfbaqyF,15,6YBVoTvd9AM6PWbqT4EZXcDcDEkDTvHiDMzy44HAnZvc,-11936,0,0,,312,false,true,0.85,
5BKxfWMbmYBAEWvyPZS9esPducUba9GqyMjtLCfbaqyF,15,6YBVoTvd9AM6PWbqT4EZXcDcDEkDTvHiDMzy44HAnZvc,-11935,0,0,,313,false,true,0.85,
5BKxfWMbmYBAEWvyPZS9esPducUba9GqyMjtLCfbaqyF,15,6YBVoTvd9AM6PWbqT4EZXcDcDEkDTvHiDMzy44HAnZvc,-11934,0,0,,314,false,true,0.85,
5BKxfWMbmYBAEWvyPZS9esPducUba9GqyMjtLCfbaqyF,15,6YBVoTvd9AM6PWbqT4EZXcDcDEkDTvHiDMzy44HAnZvc,-11933,0,0,,315,false,true,0.85,
5BKxfWMbmYBAEWvyPZS9esPducUba9GqyMjtLCfbaqyF,15,6YBVoTvd9AM6PWbqT4EZXcDcDEkDTvHiDMzy44HAnZvc,-11932,0,0,,316,false,true,0.85,
5BKxfWMbmYBAEWvyPZS9esPducUba9GqyMjtLCfbaqyF,15,6YBVoTvd9AM6PWbqT4EZXcDcDEkDTvHiDMzy44HAnZvc,-11931,0,0,,317,false,true,0.85,
5BKxfWMbmYBAEWvyPZS9esPducUba9GqyMjtLCfbaqyF,15,6YBVoTvd9AM6PWbqT4EZXcDcDEkDTvHiDMzy44HAnZvc,-11930,0,0,,318,false,true,0.85,
5BKxfWMbmYBAEWvyPZS9esPducUba9GqyMjtLCfbaqyF,15,6YBVoTvd9AM6PWbqT4EZXcDcDEkDTvHiDMzy44HAnZvc,-11929,0,0,,319,false,true,0.85,
5BKxfWMbmYBAEWvyPZS9esPducUba9GqyMjtLCfbaqyF,15,6YBVoTvd9AM6PWbqT4EZXcDcDEkDTvHiDMzy44HAnZvc,-11928,0,0,,320,false,true,0.85,
5BKxfWMbmYBAEWvyPZS9esPducUba9GqyMjtLCfbaqyF,15,6YBVoTvd9AM6PWbqT4EZXcDcDEkDTvHiDMzy44HAnZvc,-11927,0,0,,321,false,true,0.85,
5BKxfWMbmYBAEWvyPZS9esPducUba9GqyMjtLCfbaqyF,15,6YBVoTvd9AM6PWbqT4EZXcDcDEkDTvHiDMzy44HAnZvc,-11926,0,0,,322,false,true,0.85,
5BKxfWMbmYBAEWvyPZS9esPducUba9GqyMjtLCfbaqyF,15,6YBVoTvd9AM6PWbqT4EZXcDcDEkDTvHiDMzy44HAnZvc,-11925,0,0,,323,false,true,0.85,
5BKxfWMbmYBAEWvyPZS9esPducUba9GqyMjtLCfbaqyF,15,6YBVoTvd9AM6PWbqT4EZXcDcDEkDTvHiDMzy44HAnZvc,-11924,0,0,,324,false,true,0.85,
5BKxfWMbmYBAEWvyPZS9esPducUba9GqyMjtLCfbaqyF,15,6YBVoTvd9AM6PWbqT4EZXcDcDEkDTvHiDMzy44HAnZvc,-11923,0,0,,325,false,true,0.85,
5BKxfWMbmYBAEWvyPZS9esPducUba9GqyMjtLCfbaqyF,15,6YBVoTvd9AM6PWbqT4EZXcDcDEkDTvHiDMzy44HAnZvc,-11922,0,0,,326,false,true,0.85,
5BKxfWMbmYBAEWvyPZS9esPducUba9GqyMjtLCfbaqyF,15,6YBVoTvd9AM6PWbqT4EZXcDcDEkDTvHiDMzy44HAnZvc,-11921,0,0,,327,false,true,0.85,
5BKxfWMbmYBAEWvyPZS9esPducUba9GqyMjtLCfbaqyF,15,6YBVoTvd9AM6PWbqT4EZXcDcDEkDTvHiDMzy44HAnZvc,-11920,0,0,,328,false,true,0.85,
5BKxfWMbmYBAEWvyPZS9esPducUba9GqyMjtLCfbaqyF,15,6YBVoTvd9AM6PWbqT4EZXcDcDEkDTvHiDMzy44HAnZvc,-11919,0,0,,329,false,true,0.85,
5BKxfWMbmYBAEWvyPZS9esPducUba9GqyMjtLCfbaqyF,15,6YBVoTvd9AM6PWbqT4EZXcDcDEkDTvHiDMzy44HAnZvc,-11918,0,0,,330,false,true,0.85,
5BKxfWMbmYBAEWvyPZS9esPducUba9GqyMjtLCfbaqyF,15,6YBVoTvd9AM6PWbqT4EZXcDcDEkDTvHiDMzy44HAnZvc,-11917,0,0,,331,false,true,0.85,
5BKxfWMbmYBAEWvyPZS9esPducUba9GqyMjtLCfbaqyF,15,6YBVoTvd9AM6PWbqT4EZXcDcDEkDTvHiDMzy44HAnZvc,-11916,0,0,,332,false,true,0.85,
5BKxfWMbmYBAEWvyPZS9esPducUba9GqyMjtLCfbaqyF,15,6YBVoTvd9AM6PWbqT4EZXcDcDEkDTvHiDMzy44HAnZvc,-11915,0,0,,333,false,true,0.85,
5BKxfWMbmYBAEWvyPZS9esPducUba9GqyMjtLCfbaqyF,15,6YBVoTvd9AM6PWbqT4EZXcDcDEkDTvHiDMzy44HAnZvc,-11914,0,0,,334,false,true,0.85,
5BKxfWMbmYBAEWvyPZS9esPducUba9GqyMjtLCfbaqyF,15,6YBVoTvd9AM6PWbqT4EZXcDcDEkDTvHiDMzy44HAnZvc,-11913,0,0,,335,false,true,0.85,
5BKxfWMbmYBAEWvyPZS9esPducUba9GqyMjtLCfbaqyF,15,6YBVoTvd9AM6PWbqT4EZXcDcDEkDTvHiDMzy44HAnZvc,-11912,0,0,,336,false,true,0.85,
5BKxfWMbmYBAEWvyPZS9esPducUba9GqyMjtLCfbaqyF,15,6YBVoTvd9AM6PWbqT4EZXcDcDEkDTvHiDMzy44HAnZvc,-11911,0,0,,337,false,true,0.85,
5BKxfWMbmYBAEWvyPZS9esPducUba9GqyMjtLCfbaqyF,15,6YBVoTvd9AM6PWbqT4EZXcDcDEkDTvHiDMzy44HAnZvc,-11910,0,0,,338,false,true,0.85,
5BKxfWMbmYBAEWvyPZS9esPducUba9GqyMjtLCfbaqyF,15,6YBVoTvd9AM6PWbqT4EZXcDcDEkDTvHiDMzy44HAnZvc,-11909,0,0,,339,false,true,0.85,
5BKxfWMbmYBAEWvyPZS9esPducUba9GqyMjtLCfbaqyF,15,6YBVoTvd9AM6PWbqT4EZXcDcDEkDTvHiDMzy44HAnZvc,-11908,0,0,,340,false,true,0.85,
5BKxfWMbmYBAEWvyPZS9esPducUba9GqyMjtLCfbaqyF,15,6YBVoTvd9AM6PWbqT4EZXcDcDEkDTvHiDMzy44HAnZvc,-11907,0,0,,341,false,true,0.85,
5BKxfWMbmYBAEWvyPZS9esPducUba9GqyMjtLCfbaqyF,15,6YBVoTvd9AM6PWbqT4EZXcDcDEkDTvHiDMzy44HAnZvc,-11906,0,0,,342,false,true,0.85,
5BKxfWMbmYBAEWvyPZS9esPducUba9GqyMjtLCfbaqyF,15,6YBVoTvd9AM6PWbqT4EZXcDcDEkDTvHiDMzy44HAnZvc,-11905,0,0,,343,false,true,0.85,
5BKxfWMbmYBAEWvyPZS9esPducUba9GqyMjtLCfbaqyF,15,6YBVoTvd9AM6PWbqT4EZXcDcDEkDTvHiDMzy44HAnZvc,-11904,0,0,,344,false,true,0.85,
5BKxfWMbmYBAEWvyPZS9esPducUba9GqyMjtLCfbaqyF,15,6YBVoTvd9AM6PWbqT4EZXcDcDEkDTvHiDMzy44HAnZvc,-11903,0,0,,345,false,true,0.85,
5BKxfWMbmYBAEWvyPZS9esPducUba9GqyMjtLCfbaqyF,15,6YBVoTvd9AM6PWbqT4EZXcDcDEkDTvHiDMzy44HAnZvc,-11902,0,0,,346,false,true,0.85,
5BKxfWMbmYBAEWvyPZS9esPducUba9GqyMjtLCfbaqyF,15,6YBVoTvd9AM6PWbqT4EZXcDcDEkDTvHiDMzy44HAnZvc,-11901,0,0,,347,false,true,0.85,
5BKxfWMbmYBAEWvyPZS9esPducUba9GqyMjtLCfbaqyF,15,B1rvUUVQuGgEWDkT7Q1cDZPYkgm1cUtWGuuqMCRKsoLH,-11900,0,0,,348,false,true,0.85,
5BKxfWMbmYBAEWvyPZS9esPducUba9GqyMjtLCfbaqyF,15,B1rvUUVQuGgEWDkT7Q1cDZPYkgm1cUtWGuuqMCRKsoLH,-11899,0,0,,349,false,true,0.85,
5BKxfWMbmYBAEWvyPZS9esPducUba9GqyMjtLCfbaqyF,15,B1rvUUVQuGgEWDkT7Q1cDZPYkgm1cUtWGuuqMCRKsoLH,-11898,0,0,,350,false,true,0.85,
5BKxfWMbmYBAEWvyPZS9esPducUba9GqyMjtLCfbaqyF,15,B1rvUUVQuGgEWDkT7Q1cDZPYkgm1cUtWGuuqMCRKsoLH,-11897,0,0,,351,false,true,0.85,
5BKxfWMbmYBAEWvyPZS9esPducUba9GqyMjtLCfbaqyF,15,B1rvUUVQuGgEWDkT7Q1cDZPYkgm1cUtWGuuqMCRKsoLH,-11896,0,0,,352,false,true,0.85,
5BKxfWMbmYBAEWvyPZS9esPducUba9GqyMjtLCfbaqyF,15,B1rvUUVQuGgEWDkT7Q1cDZPYkgm1cUtWGuuqMCRKsoLH,-11895,0,0,,353,false,true,0.85,
5BKxfWMbmYBAEWvyPZS9esPducUba9GqyMjtLCfbaqyF,15,B1rvUUVQuGgEWDkT7Q1cDZPYkgm1cUtWGuuqMCRKsoLH,-11894,0,0,,354,false,true,0.85,
5BKxfWMbmYBAEWvyPZS9esPducUba9GqyMjtLCfbaqyF,15,B1rvUUVQuGgEWDkT7Q1cDZPYkgm1cUtWGuuqMCRKsoLH,-11893,0,0,,355,false,true,0.85,
5BKxfWMbmYBAEWvyPZS9esPducUba9GqyMjtLCfbaqyF,15,B1rvUUVQuGgEWDkT7Q1cDZPYkgm1cUtWGuuqMCRKsoLH,-11892,0,0,,356,false,true,0.85,
5BKxfWMbmYBAEWvyPZS9esPducUba9GqyMjtLCfbaqyF,15,B1rvUUVQuGgEWDkT7Q1cDZPYkgm1cUtWGuuqMCRKsoLH,-11891,0,0,,357,false,true,0.85,
5BKxfWMbmYBAEWvyPZS9esPducUba9GqyMjtLCfbaqyF,15,B1rvUUVQuGgEWDkT7Q1cDZPYkgm1cUtWGuuqMCRKsoLH,-11890,0,0,,358,false,true,0.85,
5BKxfWMbmYBAEWvyPZS9esPducUba9GqyMjtLCfbaqyF,15,B1rvUUVQuGgEWDkT7Q1cDZPYkgm1cUtWGuuqMCRKsoLH,-11889,0,0,,359,false,true,0.85,
5BKxfWMbmYBAEWvyPZS9esPducUba9GqyMjtLCfbaqyF,15,B1rvUUVQuGgEWDkT7Q1cDZPYkgm1cUtWGuuqMCRKsoLH,-11888,0,0,,360,false,true,0.85,
5BKxfWMbmYBAEWvyPZS9esPducUba9GqyMjtLCfbaqyF,15,B1rvUUVQuGgEWDkT7Q1cDZPYkgm1cUtWGuuqMCRKsoLH,-11887,0,0,,361,false,true,0.85,
5BKxfWMbmYBAEWvyPZS9esPducUba9GqyMjtLCfbaqyF,15,B1rvUUVQuGgEWDkT7Q1cDZPYkgm1cUtWGuuqMCRKsoLH,-11886,0,0,,362,false,true,0.85,
5BKxfWMbmYBAEWvyPZS9esPducUba9GqyMjtLCfbaqyF,15,B1rvUUVQuGgEWDkT7Q1cDZPYkgm1cUtWGuuqMCRKsoLH,-11885,0,0,,363,false,true,0.85,
5BKxfWMbmYBAEWvyPZS9esPducUba9GqyMjtLCfbaqyF,15,B1rvUUVQuGgEWDkT7Q1cDZPYkgm1cUtWGuuqMCRKsoLH,-11884,0,0,,364,false,true,0.85,
5BKxfWMbmYBAEWvyPZS9esPducUba9GqyMjtLCfbaqyF,15,B1rvUUVQuGgEWDkT7Q1cDZPYkgm1cUtWGuuqMCRKsoLH,-11883,0,0,,365,false,true,0.85,
5BKxfWMbmYBAEWvyPZS9esPducUba9GqyMjtLCfbaqyF,15,B1rvUUVQuGgEWDkT7Q1cDZPYkgm1cUtWGuuqMCRKsoLH,-11882,0,0,,366,false,true,0.85,
5BKxfWMbmYBAEWvyPZS9esPducUba9GqyMjtLCfbaqyF,15,B1rvUUVQuGgEWDkT7Q1cDZPYkgm1cUtWGuuqMCRKsoLH,-11881,0,0,,367,false,true,0.85,
5BKxfWMbmYBAEWvyPZS9esPducUba9GqyMjtLCfbaqyF,15,B1rvUUVQuGgEWDkT7Q1cDZPYkgm1cUtWGuuqMCRKsoLH,-11880,0,0,,368,false,true,0.85,
5BKxfWMbmYBAEWvyPZS9esPducUba9GqyMjtLCfbaqyF,15,B1rvUUVQuGgEWDkT7Q1cDZPYkgm1cUtWGuuqMCRKsoLH,-11879,0,0,,369,false,true,0.85,
5BKxfWMbmYBAEWvyPZS9esPducUba9GqyMjtLCfbaqyF,15,B1rvUUVQuGgEWDkT7Q1cDZPYkgm1cUtWGuuqMCRKsoLH,-11878,0,0,,370,false,true,0.85,
5BKxfWMbmYBAEWvyPZS9esPducUba9GqyMjtLCfbaqyF,15,B1rvUUVQuGgEWDkT7Q1cDZPYkgm1cUtWGuuqMCRKsoLH,-11877,0,0,,371,false,true,0.85,
5BKxfWMbmYBAEWvyPZS9esPducUba9GqyMjtLCfbaqyF,15,B1rvUUVQuGgEWDkT7Q1cDZPYkgm1cUtWGuuqMCRKsoLH,-11876,0,0,,372,false,true,0.85,
5BKxfWMbmYBAEWvyPZS9esPducUba9GqyMjtLCfbaqyF,15,B1rvUUVQuGgEWDkT7Q1cDZPYkgm1cUtWGuuqMCRKsoLH,-11875,0,0,,373,false,true,0.85,
5BKxfWMbmYBAEWvyPZS9esPducUba9GqyMjtLCfbaqyF,15,B1rvUUVQuGgEWDkT7Q1cDZPYkgm1cUtWGuuqMCRKsoLH,-11874,0,0,,374,false,true,0.85,
5BKxfWMbmYBAEWvyPZS9esPducUba9GqyMjtLCfbaqyF,15,B1rvUUVQuGgEWDkT7Q1cDZPYkgm1cUtWGuuqMCRKsoLH,-11873,0,0,,375,false,true,0.85,
5BKxfWMbmYBAEWvyPZS9esPducUba9GqyMjtLCfbaqyF,15,B1rvUUVQuGgEWDkT7Q1cDZPYkgm1cUtWGuuqMCRKsoLH,-11872,0,0,,376,false,true,0.85,
5BKxfWMbmYBAEWvyPZS9esPducUba9GqyMjtLCfbaqyF,15,B1rvUUVQuGgEWDkT7Q1cDZPYkgm1cUtWGuuqMCRKsoLH,-11871,0,0,,377,false,true,0.85,
5BKxfWMbmYBAEWvyPZS9esPducUba9GqyMjtLCfbaqyF,15,B1rvUUVQuGgEWDkT7Q1cDZPYkgm1cUtWGuuqMCRKsoLH,-11870,0,0,,378,false,true,0.85,
5BKxfWMbmYBAEWvyPZS9esPducUba9GqyMjtLCfbaqyF,15,B1rvUUVQuGgEWDkT7Q1cDZPYkgm1cUtWGuuqMCRKsoLH,-11869,0,0,,379,false,true,0.85,
5BKxfWMbmYBAEWvyPZS9esPducUba9GqyMjtLCfbaqyF,15,B1rvUUVQuGgEWDkT7Q1cDZPYkgm1cUtWGuuqMCRKsoLH,-11868,0,0,,380,false,true,0.85,
5BKxfWMbmYBAEWvyPZS9esPducUba9GqyMjtLCfbaqyF,15,B1rvUUVQuGgEWDkT7Q1cDZPYkgm1cUtWGuuqMCRKsoLH,-11867,0,0,,381,false,true,0.85,
5BKxfWMbmYBAEWvyPZS9esPducUba9GqyMjtLCfbaqyF,15,B1rvUUVQuGgEWDkT7Q1cDZPYkgm1cUtWGuuqMCRKsoLH,-11866,0,0,,382,false,true,0.85,
5BKxfWMbmYBAEWvyPZS9esPducUba9GqyMjtLCfbaqyF,15,B1rvUUVQuGgEWDkT7Q1cDZPYkgm1cUtWGuuqMCRKsoLH,-11865,0,0,,383,false,true,0.85,
5BKxfWMbmYBAEWvyPZS9esPducUba9GqyMjtLCfbaqyF,15,B1rvUUVQuGgEWDkT7Q1cDZPYkgm1cUtWGuuqMCRKsoLH,-11864,0,0,,384,false,true,0.85,
5BKxfWMbmYBAEWvyPZS9esPducUba9GqyMjtLCfbaqyF,15,B1rvUUVQuGgEWDkT7Q1cDZPYkgm1cUtWGuuqMCRKsoLH,-11863,0,0,,385,false,true,0.85,
5BKxfWMbmYBAEWvyPZS9esPducUba9GqyMjtLCfbaqyF,15,B1rvUUVQuGgEWDkT7Q1cDZPYkgm1cUtWGuuqMCRKsoLH,-11862,0,0,,386,false,true,0.85,
5BKxfWMbmYBAEWvyPZS9esPducUba9GqyMjtLCfbaqyF,15,B1rvUUVQuGgEWDkT7Q1cDZPYkgm1cUtWGuuqMCRKsoLH,-11861,0,0,,387,false,true,0.85,
5BKxfWMbmYBAEWvyPZS9esPducUba9GqyMjtLCfbaqyF,15,B1rvUUVQuGgEWDkT7Q1cDZPYkgm1cUtWGuuqMCRKsoLH,-11860,0,0,,388,false,true,0.85,
5BKxfWMbmYBAEWvyPZS9esPducUba9GqyMjtLCfbaqyF,15,B1rvUUVQuGgEWDkT7Q1cDZPYkgm1cUtWGuuqMCRKsoLH,-11859,0,0,,389,false,true,0.85,
5BKxfWMbmYBAEWvyPZS9esPducUba9GqyMjtLCfbaqyF,15,B1rvUUVQuGgEWDkT7Q1cDZPYkgm1cUtWGuuqMCRKsoLH,-11858,0,0,,390,false,true,0.85,
5BKxfWMbmYBAEWvyPZS9esPducUba9GqyMjtLCfbaqyF,15,B1rvUUVQuGgEWDkT7Q1cDZPYkgm1cUtWGuuqMCRKsoLH,-11857,0,0,,391,false,true,0.85,
5BKxfWMbmYBAEWvyPZS9esPducUba9GqyMjtLCfbaqyF,15,B1rvUUVQuGgEWDkT7Q1cDZPYkgm1cUtWGuuqMCRKsoLH,-11856,0,0,,392,false,true,0.85,
5BKxfWMbmYBAEWvyPZS9esPducUba9GqyMjtLCfbaqyF,15,B1rvUUVQuGgEWDkT7Q1cDZPYkgm1cUtWGuuqMCRKsoLH,-11855,0,0,,393,false,true,0.85,
5BKxfWMbmYBAEWvyPZS9esPducUba9GqyMjtLCfbaqyF,15,B1rvUUVQuGgEWDkT7Q1cDZPYkgm1cUtWGuuqMCRKsoLH,-11854,0,0,,394,false,true,0.85,
5BKxfWMbmYBAEWvyPZS9esPducUba9GqyMjtLCfbaqyF,15,B1rvUUVQuGgEWDkT7Q1cDZPYkgm1cUtWGuuqMCRKsoLH,-11853,0,0,,395,false,true,0.85,
5BKxfWMbmYBAEWvyPZS9esPducUba9GqyMjtLCfbaqyF,15,B1rvUUVQuGgEWDkT7Q1cDZPYkgm1cUtWGuuqMCRKsoLH,-11852,0,0,,396,false,true,0.85,
5BKxfWMbmYBAEWvyPZS9esPducUba9GqyMjtLCfbaqyF,15,B1rvUUVQuGgEWDkT7Q1cDZPYkgm1cUtWGuuqMCRKsoLH,-11851,0,0,,397,false,true,0.85,
5BKxfWMbmYBAEWvyPZS9esPducUba9GqyMjtLCfbaqyF,15,B1rvUUVQuGgEWDkT7Q1cDZPYkgm1cUtWGuuqMCRKsoLH,-11850,0,0,,398,false,true,0.85,
5BKxfWMbmYBAEWvyPZS9esPducUba9GqyMjtLCfbaqyF,15,B1rvUUVQuGgEWDkT7Q1cDZPYkgm1cUtWGuuqMCRKsoLH,-11849,0,0,,399,false,true,0.85,
5BKxfWMbmYBAEWvyPZS9esPducUba9GqyMjtLCfbaqyF,15,B1rvUUVQuGgEWDkT7Q1cDZPYkgm1cUtWGuuqMCRKsoLH,-11848,0,0,,400,false,true,0.85,
5BKxfWMbmYBAEWvyPZS9esPducUba9GqyMjtLCfbaqyF,15,B1rvUUVQuGgEWDkT7Q1cDZPYkgm1cUtWGuuqMCRKsoLH,-11847,0,0,,401,false,true,0.85,
5BKxfWMbmYBAEWvyPZS9esPducUba9GqyMjtLCfbaqyF,15,B1rvUUVQuGgEWDkT7Q1cDZPYkgm1cUtWGuuqMCRKsoLH,-11846,0,0,,402,false,true,0.85,
5BKxfWMbmYBAEWvyPZS9esPducUba9GqyMjtLCfbaqyF,15,B1rvUUVQuGgEWDkT7Q1cDZPYkgm1cUtWGuuqMCRKsoLH,-11845,0,0,,403,false,true,0.85,
5BKxfWMbmYBAEWvyPZS9esPducUba9GqyMjtLCfbaqyF,15,B1rvUUVQuGgEWDkT7Q1cDZPYkgm1cUtWGuuqMCRKsoLH,-11844,0,0,,404,false,true,0.85,
5BKxfWMbmYBAEWvyPZS9esPducUba9GqyMjtLCfbaqyF,15,B1rvUUVQuGgEWDkT7Q1cDZPYkgm1cUtWGuuqMCRKsoLH,-11843,0,0,,405,false,true,0.85,
5BKxfWMbmYBAEWvyPZS9esPducUba9GqyMjtLCfbaqyF,15,B1rvUUVQuGgEWDkT7Q1cDZPYkgm1cUtWGuuqMCRKsoLH,-11842,0,0,,406,false,true,0.85,
5BKxfWMbmYBAEWvyPZS9esPducUba9GqyMjtLCfbaqyF,15,B1rvUUVQuGgEWDkT7Q1cDZPYkgm1cUtWGuuqMCRKsoLH,-11841,0,0,,407,false,true,0.85,
5BKxfWMbmYBAEWvyPZS9esPducUba9GqyMjtLCfbaqyF,15,B1rvUUVQuGgEWDkT7Q1cDZPYkgm1cUtWGuuqMCRKsoLH,-11840,0,0,,408,false,true,0.85,
5BKxfWMbmYBAEWvyPZS9esPducUba9GqyMjtLCfbaqyF,15,B1rvUUVQuGgEWDkT7Q1cDZPYkgm1cUtWGuuqMCRKsoLH,-11839,0,0,,409,false,true,0.85,
5BKxfWMbmYBAEWvyPZS9esPducUba9GqyMjtLCfbaqyF,15,B1rvUUVQuGgEWDkT7Q1cDZPYkgm1cUtWGuuqMCRKsoLH,-11838,0,0,,410,false,true,0.85,
5BKxfWMbmYBAEWvyPZS9esPducUba9GqyMjtLCfbaqyF,15,B1rvUUVQuGgEWDkT7Q1cDZPYkgm1cUtWGuuqMCRKsoLH,-11837,0,0,,411,false,true,0.85,
5BKxfWMbmYBAEWvyPZS9esPducUba9GqyMjtLCfbaqyF,15,B1rvUUVQuGgEWDkT7Q1cDZPYkgm1cUtWGuuqMCRKsoLH,-11836,0,0,,412,false,true,0.85,
5BKxfWMbmYBAEWvyPZS9esPducUba9GqyMjtLCfbaqyF,15,B1rvUUVQuGgEWDkT7Q1cDZPYkgm1cUtWGuuqMCRKsoLH,-11835,0,0,,413,false,true,0.85,
5BKxfWMbmYBAEWvyPZS9esPducUba9GqyMjtLCfbaqyF,15,B1rvUUVQuGgEWDkT7Q1cDZPYkgm1cUtWGuuqMCRKsoLH,-11834,0,0,,414,false,true,0.85,
5BKxfWMbmYBAEWvyPZS9esPducUba9GqyMjtLCfbaqyF,15,B1rvUUVQuGgEWDkT7Q1cDZPYkgm1cUtWGuuqMCRKsoLH,-11833,0,0,,415,false,true,0.85,
5BKxfWMbmYBAEWvyPZS9esPducUba9GqyMjtLCfbaqyF,15,B1rvUUVQuGgEWDkT7Q1cDZPYkgm1cUtWGuuqMCRKsoLH,-11832,0,0,,416,false,true,0.85,
5BKxfWMbmYBAEWvyPZS9esPducUba9GqyMjtLCfbaqyF,15,B1rvUUVQuGgEWDkT7Q1cDZPYkgm1cUtWGuuqMCRKsoLH,-11831,0,0,,417,false,true,0.85,
5BKxfWMbmYBAEWvyPZS9esPducUba9GqyMjtLCfbaqyF,15,FXCqmBgE9nZGn5fw3whDCvPbqek7oqwkqHgCCy7A2P8W,-11830,0,0,,418,false,true,0.85,
5BKxfWMbmYBAEWvyPZS9esPducUba9GqyMjtLCfbaqyF,15,FXCqmBgE9nZGn5fw3whDCvPbqek7oqwkqHgCCy7A2P8W,-11829,0,0,,419,false,true,0.85,
5BKxfWMbmYBAEWvyPZS9esPducUba9GqyMjtLCfbaqyF,15,FXCqmBgE9nZGn5fw3whDCvPbqek7oqwkqHgCCy7A2P8W,-11828,0,0,,420,false,true,0.85,
5BKxfWMbmYBAEWvyPZS9esPducUba9GqyMjtLCfbaqyF,15,FXCqmBgE9nZGn5fw3whDCvPbqek7oqwkqHgCCy7A2P8W,-11827,0,0,,421,false,true,0.85,
5BKxfWMbmYBAEWvyPZS9esPducUba9GqyMjtLCfbaqyF,15,FXCqmBgE9nZGn5fw3whDCvPbqek7oqwkqHgCCy7A2P8W,-11826,0,0,,422,false,true,0.85,
5BKxfWMbmYBAEWvyPZS9esPducUba9GqyMjtLCfbaqyF,15,FXCqmBgE9nZGn5fw3whDCvPbqek7oqwkqHgCCy7A2P8W,-11825,0,0,,423,false,true,0.85,
5BKxfWMbmYBAEWvyPZS9esPducUba9GqyMjtLCfbaqyF,15,FXCqmBgE9nZGn5fw3whDCvPbqek7oqwkqHgCCy7A2P8W,-11824,0,0,,424,false,true,0.85,
5BKxfWMbmYBAEWvyPZS9esPducUba9GqyMjtLCfbaqyF,15,FXCqmBgE9nZGn5fw3whDCvPbqek7oqwkqHgCCy7A2P8W,-11823,0,0,,425,false,true,0.85,
5BKxfWMbmYBAEWvyPZS9esPducUba9GqyMjtLCfbaqyF,15,FXCqmBgE9nZGn5fw3whDCvPbqek7oqwkqHgCCy7A2P8W,-11822,0,0,,426,false,true,0.85,
5BKxfWMbmYBAEWvyPZS9esPducUba9GqyMjtLCfbaqyF,15,FXCqmBgE9nZGn5fw3whDCvPbqek7oqwkqHgCCy7A2P8W,-11821,0,0,,427,false,true,0.85,
5BKxfWMbmYBAEWvyPZS9esPducUba9GqyMjtLCfbaqyF,15,FXCqmBgE9nZGn5fw3whDCvPbqek7oqwkqHgCCy7A2P8W,-11820,0,0,,428,false,true,0.85,
5BKxfWMbmYBAEWvyPZS9esPducUba9GqyMjtLCfbaqyF,15,FXCqmBgE9nZGn5fw3whDCvPbqek7oqwkqHgCCy7A2P8W,-11819,0,0,,429,false,true,0.85,
5BKxfWMbmYBAEWvyPZS9esPducUba9GqyMjtLCfbaqyF,15,FXCqmBgE9nZGn5fw3whDCvPbqek7oqwkqHgCCy7A2P8W,-11818,0,0,,430,false,true,0.85,
5BKxfWMbmYBAEWvyPZS9esPducUba9GqyMjtLCfbaqyF,15,FXCqmBgE9nZGn5fw3whDCvPbqek7oqwkqHgCCy7A2P8W,-11817,0,0,,431,false,true,0.85,
5BKxfWMbmYBAEWvyPZS9esPducUba9GqyMjtLCfbaqyF,15,FXCqmBgE9nZGn5fw3whDCvPbqek7oqwkqHgCCy7A2P8W,-11816,0,0,,432,false,true,0.85,
5BKxfWMbmYBAEWvyPZS9esPducUba9GqyMjtLCfbaqyF,15,FXCqmBgE9nZGn5fw3whDCvPbqek7oqwkqHgCCy7A2P8W,-11815,0,0,,433,false,true,0.85,
5BKxfWMbmYBAEWvyPZS9esPducUba9GqyMjtLCfbaqyF,15,FXCqmBgE9nZGn5fw3whDCvPbqek7oqwkqHgCCy7A2P8W,-11814,0,0,,434,false,true,0.85,
5BKxfWMbmYBAEWvyPZS9esPducUba9GqyMjtLCfbaqyF,15,FXCqmBgE9nZGn5fw3whDCvPbqek7oqwkqHgCCy7A2P8W,-11813,0,0,,435,false,true,0.85,
5BKxfWMbmYBAEWvyPZS9esPducUba9GqyMjtLCfbaqyF,15,FXCqmBgE9nZGn5fw3whDCvPbqek7oqwkqHgCCy7A2P8W,-11812,0,0,,436,false,true,0.85,
5BKxfWMbmYBAEWvyPZS9esPducUba9GqyMjtLCfbaqyF,15,FXCqmBgE9nZGn5fw3whDCvPbqek7oqwkqHgCCy7A2P8W,-11811,0,0,,437,false,true,0.85,
5BKxfWMbmYBAEWvyPZS9esPducUba9GqyMjtLCfbaqyF,15,FXCqmBgE9nZGn5fw3whDCvPbqek7oqwkqHgCCy7A2P8W,-11810,0,0,,438,false,true,0.85,
5BKxfWMbmYBAEWvyPZS9esPducUba9GqyMjtLCfbaqyF,15,FXCqmBgE9nZGn5fw3whDCvPbqek7oqwkqHgCCy7A2P8W,-11809,0,0,,439,false,true,0.85,
5BKxfWMbmYBAEWvyPZS9esPducUba9GqyMjtLCfbaqyF,15,FXCqmBgE9nZGn5fw3whDCvPbqek7oqwkqHgCCy7A2P8W,-11808,0,0,,440,false,true,0.85,
5BKxfWMbmYBAEWvyPZS9esPducUba9GqyMjtLCfbaqyF,15,FXCqmBgE9nZGn5fw3whDCvPbqek7oqwkqHgCCy7A2P8W,-11807,0,0,,441,false,true,0.85,
5BKxfWMbmYBAEWvyPZS9esPducUba9GqyMjtLCfbaqyF,15,FXCqmBgE9nZGn5fw3whDCvPbqek7oqwkqHgCCy7A2P8W,-11806,0,0,,442,false,true,0.85,
5BKxfWMbmYBAEWvyPZS9esPducUba9GqyMjtLCfbaqyF,15,FXCqmBgE9nZGn5fw3whDCvPbqek7oqwkqHgCCy7A2P8W,-11805,0,0,,443,false,true,0.85,
5BKxfWMbmYBAEWvyPZS9esPducUba9GqyMjtLCfbaqyF,15,FXCqmBgE9nZGn5fw3whDCvPbqek7oqwkqHgCCy7A2P8W,-11804,0,0,,444,false,true,0.85,
5BKxfWMbmYBAEWvyPZS9esPducUba9GqyMjtLCfbaqyF,15,FXCqmBgE9nZGn5fw3whDCvPbqek7oqwkqHgCCy7A2P8W,-11803,0,0,,445,false,true,0.85,
5BKxfWMbmYBAEWvyPZS9esPducUba9GqyMjtLCfbaqyF,15,FXCqmBgE9nZGn5fw3whDCvPbqek7oqwkqHgCCy7A2P8W,-11802,0,0,,446,false,true,0.85,
5BKxfWMbmYBAEWvyPZS9esPducUba9GqyMjtLCfbaqyF,15,FXCqmBgE9nZGn5fw3whDCvPbqek7oqwkqHgCCy7A2P8W,-11801,0,0,,447,false,true,0.85,
5BKxfWMbmYBAEWvyPZS9esPducUba9GqyMjtLCfbaqyF,15,FXCqmBgE9nZGn5fw3whDCvPbqek7oqwkqHgCCy7A2P8W,-11800,0,0,,448,false,true,0.85,
5BKxfWMbmYBAEWvyPZS9esPducUba9GqyMjtLCfbaqyF,15,FXCqmBgE9nZGn5fw3whDCvPbqek7oqwkqHgCCy7A2P8W,-11799,0,0,,449,false,true,0.85,
5BKxfWMbmYBAEWvyPZS9esPducUba9GqyMjtLCfbaqyF,15,FXCqmBgE9nZGn5fw3whDCvPbqek7oqwkqHgCCy7A2P8W,-11798,0,0,,450,false,true,0.85,
5BKxfWMbmYBAEWvyPZS9esPducUba9GqyMjtLCfbaqyF,15,FXCqmBgE9nZGn5fw3whDCvPbqek7oqwkqHgCCy7A2P8W,-11797,0,0,,451,false,true,0.85,
5BKxfWMbmYBAEWvyPZS9esPducUba9GqyMjtLCfbaqyF,15,FXCqmBgE9nZGn5fw3whDCvPbqek7oqwkqHgCCy7A2P8W,-11796,0,0,,452,false,true,0.85,
5BKxfWMbmYBAEWvyPZS9esPducUba9GqyMjtLCfbaqyF,15,FXCqmBgE9nZGn5fw3whDCvPbqek7oqwkqHgCCy7A2P8W,-11795,0,0,,453,false,true,0.85,
5BKxfWMbmYBAEWvyPZS9esPducUba9GqyMjtLCfbaqyF,15,FXCqmBgE9nZGn5fw3whDCvPbqek7oqwkqHgCCy7A2P8W,-11794,0,0,,454,false,true,0.85,
5BKxfWMbmYBAEWvyPZS9esPducUba9GqyMjtLCfbaqyF,15,FXCqmBgE9nZGn5fw3whDCvPbqek7oqwkqHgCCy7A2P8W,-11793,0,0,,455,false,true,0.85,
5BKxfWMbmYBAEWvyPZS9esPducUba9GqyMjtLCfbaqyF,15,FXCqmBgE9nZGn5fw3whDCvPbqek7oqwkqHgCCy7A2P8W,-11792,0,0,,456,false,true,0.85,
5BKxfWMbmYBAEWvyPZS9esPducUba9GqyMjtLCfbaqyF,15,FXCqmBgE9nZGn5fw3whDCvPbqek7oqwkqHgCCy7A2P8W,-11791,0,0,,457,false,true,0.85,
5BKxfWMbmYBAEWvyPZS9esPducUba9GqyMjtLCfbaqyF,15,FXCqmBgE9nZGn5fw3whDCvPbqek7oqwkqHgCCy7A2P8W,-11790,0,0,,458,false,true,0.85,
5BKxfWMbmYBAEWvyPZS9esPducUba9GqyMjtLCfbaqyF,15,FXCqmBgE9nZGn5fw3whDCvPbqek7oqwkqHgCCy7A2P8W,-11789,0,0,,459,false,true,0.85,
5BKxfWMbmYBAEWvyPZS9esPducUba9GqyMjtLCfbaqyF,15,FXCqmBgE9nZGn5fw3whDCvPbqek7oqwkqHgCCy7A2P8W,-11788,0,0,,460,false,true,0.85,
5BKxfWMbmYBAEWvyPZS9esPducUba9GqyMjtLCfbaqyF,15,FXCqmBgE9nZGn5fw3whDCvPbqek7oqwkqHgCCy7A2P8W,-11787,0,0,,461,false,true,0.85,
5BKxfWMbmYBAEWvyPZS9esPducUba9GqyMjtLCfbaqyF,15,FXCqmBgE9nZGn5fw3whDCvPbqek7oqwkqHgCCy7A2P8W,-11786,0,0,,462,false,true,0.85,
5BKxfWMbmYBAEWvyPZS9esPducUba9GqyMjtLCfbaqyF,15,FXCqmBgE9nZGn5fw3whDCvPbqek7oqwkqHgCCy7A2P8W,-11785,0,0,,463,false,true,0.85,
5BKxfWMbmYBAEWvyPZS9esPducUba9GqyMjtLCfbaqyF,15,FXCqmBgE9nZGn5fw3whDCvPbqek7oqwkqHgCCy7A2P8W,-11784,0,0,,464,false,true,0.85,
5BKxfWMbmYBAEWvyPZS9esPducUba9GqyMjtLCfbaqyF,15,FXCqmBgE9nZGn5fw3whDCvPbqek7oqwkqHgCCy7A2P8W,-11783,0,0,,465,false,true,0.85,
5BKxfWMbmYBAEWvyPZS9esPducUba9GqyMjtLCfbaqyF,15,FXCqmBgE9nZGn5fw3whDCvPbqek7oqwkqHgCCy7A2P8W,-11782,0,0,,466,false,true,0.85,
5BKxfWMbmYBAEWvyPZS9esPducUba9GqyMjtLCfbaqyF,15,FXCqmBgE9nZGn5fw3whDCvPbqek7oqwkqHgCCy7A2P8W,-11781,0,0,,467,false,true,0.85,
5BKxfWMbmYBAEWvyPZS9esPducUba9GqyMjtLCfbaqyF,15,FXCqmBgE9nZGn5fw3whDCvPbqek7oqwkqHgCCy7A2P8W,-11780,0,0,,468,false,true,0.85,
5BKxfWMbmYBAEWvyPZS9esPducUba9GqyMjtLCfbaqyF,15,FXCqmBgE9nZGn5fw3whDCvPbqek7oqwkqHgCCy7A2P8W,-11779,0,0,,469,false,true,0.85,
5BKxfWMbmYBAEWvyPZS9esPducUba9GqyMjtLCfbaqyF,15,FXCqmBgE9nZGn5fw3whDCvPbqek7oqwkqHgCCy7A2P8W,-11778,0,0,,470,false,true,0.85,
5BKxfWMbmYBAEWvyPZS9esPducUba9GqyMjtLCfbaqyF,15,FXCqmBgE9nZGn5fw3whDCvPbqek7oqwkqHgCCy7A2P8W,-11777,0,0,,471,false,true,0.85,
5BKxfWMbmYBAEWvyPZS9esPducUba9GqyMjtLCfbaqyF,15,FXCqmBgE9nZGn5fw3whDCvPbqek7oqwkqHgCCy7A2P8W,-11776,0,0,,472,false,true,0.85,
5BKxfWMbmYBAEWvyPZS9esPducUba9GqyMjtLCfbaqyF,15,FXCqmBgE9nZGn5fw3whDCvPbqek7oqwkqHgCCy7A2P8W,-11775,0,0,,473,false,true,0.85,
5BKxfWMbmYBAEWvyPZS9esPducUba9GqyMjtLCfbaqyF,15,FXCqmBgE9nZGn5fw3whDCvPbqek7oqwkqHgCCy7A2P8W,-11774,0,0,,474,false,true,0.85,
5BKxfWMbmYBAEWvyPZS9esPducUba9GqyMjtLCfbaqyF,15,FXCqmBgE9nZGn5fw3whDCvPbqek7oqwkqHgCCy7A2P8W,-11773,0,0,,475,false,true,0.85,
5BKxfWMbmYBAEWvyPZS9esPducUba9GqyMjtLCfbaqyF,15,FXCqmBgE9nZGn5fw3whDCvPbqek7oqwkqHgCCy7A2P8W,-11772,0,0,,476,false,true,0.85,
5BKxfWMbmYBAEWvyPZS9esPducUba9GqyMjtLCfbaqyF,15,FXCqmBgE9nZGn5fw3whDCvPbqek7oqwkqHgCCy7A2P8W,-11771,0,0,,477,false,true,0.85,
5BKxfWMbmYBAEWvyPZS9esPducUba9GqyMjtLCfbaqyF,15,FXCqmBgE9nZGn5fw3whDCvPbqek7oqwkqHgCCy7A2P8W,-11770,0,0,,478,false,true,0.85,
5BKxfWMbmYBAEWvyPZS9esPducUba9GqyMjtLCfbaqyF,15,FXCqmBgE9nZGn5fw3whDCvPbqek7oqwkqHgCCy7A2P8W,-11769,0,0,,479,false,true,0.85,
5BKxfWMbmYBAEWvyPZS9esPducUba9GqyMjtLCfbaqyF,15,FXCqmBgE9nZGn5fw3whDCvPbqek7oqwkqHgCCy7A2P8W,-11768,0,0,,480,false,true,0.85,
5BKxfWMbmYBAEWvyPZS9esPducUba9GqyMjtLCfbaqyF,15,FXCqmBgE9nZGn5fw3whDCvPbqek7oqwkqHgCCy7A2P8W,-11767,0,0,,481,false,true,0.85,
5BKxfWMbmYBAEWvyPZS9esPducUba9GqyMjtLCfbaqyF,15,FXCqmBgE9nZGn5fw3whDCvPbqek7oqwkqHgCCy7A2P8W,-11766,0,0,,482,false,true,0.85,
5BKxfWMbmYBAEWvyPZS9esPducUba9GqyMjtLCfbaqyF,15,FXCqmBgE9nZGn5fw3whDCvPbqek7oqwkqHgCCy7A2P8W,-11765,0,0,,483,false,true,0.85,
5BKxfWMbmYBAEWvyPZS9esPducUba9GqyMjtLCfbaqyF,15,FXCqmBgE9nZGn5fw3whDCvPbqek7oqwkqHgCCy7A2P8W,-11764,0,0,,484,false,true,0.85,
5BKxfWMbmYBAEWvyPZS9esPducUba9GqyMjtLCfbaqyF,15,FXCqmBgE9nZGn5fw3whDCvPbqek7oqwkqHgCCy7A2P8W,-11763,0,0,,485,false,true,0.85,
5BKxfWMbmYBAEWvyPZS9esPducUba9GqyMjtLCfbaqyF,15,FXCqmBgE9nZGn5fw3whDCvPbqek7oqwkqHgCCy7A2P8W,-11762,0,0,,486,false,true,0.85,
5BKxfWMbmYBAEWvyPZS9esPducUba9GqyMjtLCfbaqyF,15,FXCqmBgE9nZGn5fw3whDCvPbqek7oqwkqHgCCy7A2P8W,-11761,0,0,,487,false,true,0.85,
5BKxfWMbmYBAEWvyPZS9esPducUba9GqyMjtLCfbaqyF,15,DvkVN8zQX6aE3DpSVQgGMPcAsohUEcAgbxBKahpVnAhp,-11760,0,0,,488,false,true,0.85,
5BKxfWMbmYBAEWvyPZS9esPducUba9GqyMjtLCfbaqyF,15,DvkVN8zQX6aE3DpSVQgGMPcAsohUEcAgbxBKahpVnAhp,-11759,0,0,,489,false,true,0.85,
5BKxfWMbmYBAEWvyPZS9esPducUba9GqyMjtLCfbaqyF,15,DvkVN8zQX6aE3DpSVQgGMPcAsohUEcAgbxBKahpVnAhp,-11758,0,0,,490,false,true,0.85,
5BKxfWMbmYBAEWvyPZS9esPducUba9GqyMjtLCfbaqyF,15,DvkVN8zQX6aE3DpSVQgGMPcAsohUEcAgbxBKahpVnAhp,-11757,0,0,,491,false,true,0.85,
5BKxfWMbmYBAEWvyPZS9esPducUba9GqyMjtLCfbaqyF,15,DvkVN8zQX6aE3DpSVQgGMPcAsohUEcAgbxBKahpVnAhp,-11756,0,0,,492,false,true,0.85,
5BKxfWMbmYBAEWvyPZS9esPducUba9GqyMjtLCfbaqyF,15,DvkVN8zQX6aE3DpSVQgGMPcAsohUEcAgbxBKahpVnAhp,-11755,0,0,,493,false,true,0.85,
5BKxfWMbmYBAEWvyPZS9esPducUba9GqyMjtLCfbaqyF,15,DvkVN8zQX6aE3DpSVQgGMPcAsohUEcAgbxBKahpVnAhp,-11754,0,0,,494,false,true,0.85,
5BKxfWMbmYBAEWvyPZS9esPducUba9GqyMjtLCfbaqyF,15,DvkVN8zQX6aE3DpSVQgGMPcAsohUEcAgbxBKahpVnAhp,-11753,0,0,,495,false,true,0.85,
5BKxfWMbmYBAEWvyPZS9esPducUba9GqyMjtLCfbaqyF,15,DvkVN8zQX6aE3DpSVQgGMPcAsohUEcAgbxBKahpVnAhp,-11752,0,0,,496,false,true,0.85,
5BKxfWMbmYBAEWvyPZS9esPducUba9GqyMjtLCfbaqyF,15,DvkVN8zQX6aE3DpSVQgGMPcAsohUEcAgbxBKahpVnAhp,-11751,0,0,,497,false,true,0.85,
5BKxfWMbmYBAEWvyPZS9esPducUba9GqyMjtLCfbaqyF,15,DvkVN8zQX6aE3DpSVQgGMPcAsohUEcAgbxBKahpVnAhp,-11750,0,0,,498,false,true,0.85,
5BKxfWMbmYBAEWvyPZS9esPducUba9GqyMjtLCfbaqyF,15,DvkVN8zQX6aE3DpSVQgGMPcAsohUEcAgbxBKahpVnAhp,-11749,0,0,,499,false,true,0.85,
5BKxfWMbmYBAEWvyPZS9esPducUba9GqyMjtLCfbaqyF,15,DvkVN8zQX6aE3DpSVQgGMPcAsohUEcAgbxBKahpVnAhp,-11748,0,0,,500,false,true,0.85,
5BKxfWMbmYBAEWvyPZS9esPducUba9GqyMjtLCfbaqyF,15,DvkVN8zQX6aE3DpSVQgGMPcAsohUEcAgbxBKahpVnAhp,-11747,0,0,,501,false,true,0.85,
5BKxfWMbmYBAEWvyPZS9esPducUba9GqyMjtLCfbaqyF,15,DvkVN8zQX6aE3DpSVQgGMPcAsohUEcAgbxBKahpVnAhp,-11746,0,0,,502,false,true,0.85,
5BKxfWMbmYBAEWvyPZS9esPducUba9GqyMjtLCfbaqyF,15,DvkVN8zQX6aE3DpSVQgGMPcAsohUEcAgbxBKahpVnAhp,-11745,0,0,,503,false,true,0.85,
5BKxfWMbmYBAEWvyPZS9esPducUba9GqyMjtLCfbaqyF,15,DvkVN8zQX6aE3DpSVQgGMPcAsohUEcAgbxBKahpVnAhp,-11744,0,0,,504,false,true,0.85,
5BKxfWMbmYBAEWvyPZS9esPducUba9GqyMjtLCfbaqyF,15,DvkVN8zQX6aE3DpSVQgGMPcAsohUEcAgbxBKahpVnAhp,-11743,0,0,,505,false,true,0.85,
5BKxfWMbmYBAEWvyPZS9esPducUba9GqyMjtLCfbaqyF,15,DvkVN8zQX6aE3DpSVQgGMPcAsohUEcAgbxBKahpVnAhp,-11742,0,0,,506,false,true,0.85,
5BKxfWMbmYBAEWvyPZS9esPducUba9GqyMjtLCfbaqyF,15,DvkVN8zQX6aE3DpSVQgGMPcAsohUEcAgbxBKahpVnAhp,-11741,0,0,,507,false,true,0.85,
5BKxfWMbmYBAEWvyPZS9esPducUba9GqyMjtLCfbaqyF,15,DvkVN8zQX6aE3DpSVQgGMPcAsohUEcAgbxBKahpVnAhp,-11740,0,0,,508,false,true,0.85,
5BKxfWMbmYBAEWvyPZS9esPducUba9GqyMjtLCfbaqyF,15,DvkVN8zQX6aE3DpSVQgGMPcAsohUEcAgbxBKahpVnAhp,-11739,0,0,,509,false,true,0.85,
5BKxfWMbmYBAEWvyPZS9esPducUba9GqyMjtLCfbaqyF,15,DvkVN8zQX6aE3DpSVQgGMPcAsohUEcAgbxBKahpVnAhp,-11738,0,0,,510,false,true,0.85,
5BKxfWMbmYBAEWvyPZS9esPducUba9GqyMjtLCfbaqyF,15,DvkVN8zQX6aE3DpSVQgGMPcAsohUEcAgbxBKahpVnAhp,-11737,0,0,,511,false,true,0.85,
5BKxfWMbmYBAEWvyPZS9esPducUba9GqyMjtLCfbaqyF,15,DvkVN8zQX6aE3DpSVQgGMPcAsohUEcAgbxBKahpVnAhp,-11736,0,0,,512,false,true,0.85,
5BKxfWMbmYBAEWvyPZS9esPducUba9GqyMjtLCfbaqyF,15,DvkVN8zQX6aE3DpSVQgGMPcAsohUEcAgbxBKahpVnAhp,-11735,0,0,,513,false,true,0.85,
5BKxfWMbmYBAEWvyPZS9esPducUba9GqyMjtLCfbaqyF,15,DvkVN8zQX6aE3DpSVQgGMPcAsohUEcAgbxBKahpVnAhp,-11734,0,0,,514,false,true,0.85,
5BKxfWMbmYBAEWvyPZS9esPducUba9GqyMjtLCfbaqyF,15,DvkVN8zQX6aE3DpSVQgGMPcAsohUEcAgbxBKahpVnAhp,-11733,0,0,,515,false,true,0.85,
5BKxfWMbmYBAEWvyPZS9esPducUba9GqyMjtLCfbaqyF,15,DvkVN8zQX6aE3DpSVQgGMPcAsohUEcAgbxBKahpVnAhp,-11732,0,0,,516,false,true,0.85,
5BKxfWMbmYBAEWvyPZS9esPducUba9GqyMjtLCfbaqyF,15,DvkVN8zQX6aE3DpSVQgGMPcAsohUEcAgbxBKahpVnAhp,-11731,0,0,,517,false,true,0.85,
5BKxfWMbmYBAEWvyPZS9esPducUba9GqyMjtLCfbaqyF,15,DvkVN8zQX6aE3DpSVQgGMPcAsohUEcAgbxBKahpVnAhp,-11730,0,0,,518,false,true,0.85,
5BKxfWMbmYBAEWvyPZS9esPducUba9GqyMjtLCfbaqyF,15,DvkVN8zQX6aE3DpSVQgGMPcAsohUEcAgbxBKahpVnAhp,-11729,0,0,,519,false,true,0.85,
5BKxfWMbmYBAEWvyPZS9esPducUba9GqyMjtLCfbaqyF,15,DvkVN8zQX6aE3DpSVQgGMPcAsohUEcAgbxBKahpVnAhp,-11728,0,0,,520,false,true,0.85,
5BKxfWMbmYBAEWvyPZS9esPducUba9GqyMjtLCfbaqyF,15,DvkVN8zQX6aE3DpSVQgGMPcAsohUEcAgbxBKahpVnAhp,-11727,0,0,,521,false,true,0.85,
5BKxfWMbmYBAEWvyPZS9esPducUba9GqyMjtLCfbaqyF,15,DvkVN8zQX6aE3DpSVQgGMPcAsohUEcAgbxBKahpVnAhp,-11726,0,0,,522,false,true,0.85,
5BKxfWMbmYBAEWvyPZS9esPducUba9GqyMjtLCfbaqyF,15,DvkVN8zQX6aE3DpSVQgGMPcAsohUEcAgbxBKahpVnAhp,-11725,0,0,,523,false,true,0.85,
5BKxfWMbmYBAEWvyPZS9esPducUba9GqyMjtLCfbaqyF,15,DvkVN8zQX6aE3DpSVQgGMPcAsohUEcAgbxBKahpVnAhp,-11724,0,0,,524,false,true,0.85,
5BKxfWMbmYBAEWvyPZS9esPducUba9GqyMjtLCfbaqyF,15,DvkVN8zQX6aE3DpSVQgGMPcAsohUEcAgbxBKahpVnAhp,-11723,0,0,,525,false,true,0.85,
5BKxfWMbmYBAEWvyPZS9esPducUba9GqyMjtLCfbaqyF,15,DvkVN8zQX6aE3DpSVQgGMPcAsohUEcAgbxBKahpVnAhp,-11722,0,0,,526,false,true,0.85,
5BKxfWMbmYBAEWvyPZS9esPducUba9GqyMjtLCfbaqyF,15,DvkVN8zQX6aE3DpSVQgGMPcAsohUEcAgbxBKahpVnAhp,-11721,0,0,,527,false,true,0.85,
5BKxfWMbmYBAEWvyPZS9esPducUba9GqyMjtLCfbaqyF,15,DvkVN8zQX6aE3DpSVQgGMPcAsohUEcAgbxBKahpVnAhp,-11720,0,0,,528,false,true,0.85,
5BKxfWMbmYBAEWvyPZS9esPducUba9GqyMjtLCfbaqyF,15,DvkVN8zQX6aE3DpSVQgGMPcAsohUEcAgbxBKahpVnAhp,-11719,0,0,,529,false,true,0.85,
5BKxfWMbmYBAEWvyPZS9esPducUba9GqyMjtLCfbaqyF,15,DvkVN8zQX6aE3DpSVQgGMPcAsohUEcAgbxBKahpVnAhp,-11718,0,0,,530,false,true,0.85,
5BKxfWMbmYBAEWvyPZS9esPducUba9GqyMjtLCfbaqyF,15,DvkVN8zQX6aE3DpSVQgGMPcAsohUEcAgbxBKahpVnAhp,-11717,0,0,,531,false,true,0.85,
5BKxfWMbmYBAEWvyPZS9esPducUba9GqyMjtLCfbaqyF,15,DvkVN8zQX6aE3DpSVQgGMPcAsohUEcAgbxBKahpVnAhp,-11716,0,0,,532,false,true,0.85,
5BKxfWMbmYBAEWvyPZS9esPducUba9GqyMjtLCfbaqyF,15,DvkVN8zQX6aE3DpSVQgGMPcAsohUEcAgbxBKahpVnAhp,-11715,0,0,,533,false,true,0.85,
5BKxfWMbmYBAEWvyPZS9esPducUba9GqyMjtLCfbaqyF,15,DvkVN8zQX6aE3DpSVQgGMPcAsohUEcAgbxBKahpVnAhp,-11714,0,0,,534,false,true,0.85,
5BKxfWMbmYBAEWvyPZS9esPducUba9GqyMjtLCfbaqyF,15,DvkVN8zQX6aE3DpSVQgGMPcAsohUEcAgbxBKahpVnAhp,-11713,0,0,,535,false,true,0.85,
5BKxfWMbmYBAEWvyPZS9esPducUba9GqyMjtLCfbaqyF,15,DvkVN8zQX6aE3DpSVQgGMPcAsohUEcAgbxBKahpVnAhp,-11712,0,0,,536,false,true,0.85,
5BKxfWMbmYBAEWvyPZS9esPducUba9GqyMjtLCfbaqyF,15,DvkVN8zQX6aE3DpSVQgGMPcAsohUEcAgbxBKahpVnAhp,-11711,0,0,,537,false,true,0.85,
5BKxfWMbmYBAEWvyPZS9esPducUba9GqyMjtLCfbaqyF,15,DvkVN8zQX6aE3DpSVQgGMPcAsohUEcAgbxBKahpVnAhp,-11710,0,0,,538,false,true,0.85,
5BKxfWMbmYBAEWvyPZS9esPducUba9GqyMjtLCfbaqyF,15,DvkVN8zQX6aE3DpSVQgGMPcAsohUEcAgbxBKahpVnAhp,-11709,0,0,,539,false,true,0.85,
5BKxfWMbmYBAEWvyPZS9esPducUba9GqyMjtLCfbaqyF,15,DvkVN8zQX6aE3DpSVQgGMPcAsohUEcAgbxBKahpVnAhp,-11708,0,0,,540,false,true,0.85,
5BKxfWMbmYBAEWvyPZS9esPducUba9GqyMjtLCfbaqyF,15,DvkVN8zQX6aE3DpSVQgGMPcAsohUEcAgbxBKahpVnAhp,-11707,0,0,,541,false,true,0.85,
5BKxfWMbmYBAEWvyPZS9esPducUba9GqyMjtLCfbaqyF,15,DvkVN8zQX6aE3DpSVQgGMPcAsohUEcAgbxBKahpVnAhp,-11706,0,0,,542,false,true,0.85,
5BKxfWMbmYBAEWvyPZS9esPducUba9GqyMjtLCfbaqyF,15,DvkVN8zQX6aE3DpSVQgGMPcAsohUEcAgbxBKahpVnAhp,-11705,0,0,,543,false,true,0.85,
5BKxfWMbmYBAEWvyPZS9esPducUba9GqyMjtLCfbaqyF,15,DvkVN8zQX6aE3DpSVQgGMPcAsohUEcAgbxBKahpVnAhp,-11704,0,0,,544,false,true,0.85,
5BKxfWMbmYBAEWvyPZS9esPducUba9GqyMjtLCfbaqyF,15,DvkVN8zQX6aE3DpSVQgGMPcAsohUEcAgbxBKahpVnAhp,-11703,0,0,,545,false,true,0.85,
5BKxfWMbmYBAEWvyPZS9esPducUba9GqyMjtLCfbaqyF,15,DvkVN8zQX6aE3DpSVQgGMPcAsohUEcAgbxBKahpVnAhp,-11702,0,0,,546,false,true,0.85,
5BKxfWMbmYBAEWvyPZS9esPducUba9GqyMjtLCfbaqyF,15,DvkVN8zQX6aE3DpSVQgGMPcAsohUEcAgbxBKahpVnAhp,-11701,0,0,,547,false,true,0.85,
5BKxfWMbmYBAEWvyPZS9esPducUba9GqyMjtLCfbaqyF,15,DvkVN8zQX6aE3DpSVQgGMPcAsohUEcAgbxBKahpVnAhp,-11700,0,0,,548,false,true,0.85,
5BKxfWMbmYBAEWvyPZS9esPducUba9GqyMjtLCfbaqyF,15,DvkVN8zQX6aE3DpSVQgGMPcAsohUEcAgbxBKahpVnAhp,-11699,0,0,,549,false,true,0.85,
5BKxfWMbmYBAEWvyPZS9esPducUba9GqyMjtLCfbaqyF,15,DvkVN8zQX6aE3DpSVQgGMPcAsohUEcAgbxBKahpVnAhp,-11698,0,0,,550,false,true,0.85,
5BKxfWMbmYBAEWvyPZS9esPducUba9GqyMjtLCfbaqyF,15,DvkVN8zQX6aE3DpSVQgGMPcAsohUEcAgbxBKahpVnAhp,-11697,0,0,,551,false,true,0.85,
5BKxfWMbmYBAEWvyPZS9esPducUba9GqyMjtLCfbaqyF,15,DvkVN8zQX6aE3DpSVQgGMPcAsohUEcAgbxBKahpVnAhp,-11696,0,0,,552,false,true,0.85,
5BKxfWMbmYBAEWvyPZS9esPducUba9GqyMjtLCfbaqyF,15,DvkVN8zQX6aE3DpSVQgGMPcAsohUEcAgbxBKahpVnAhp,-11695,0,0,,553,false,true,0.85,
5BKxfWMbmYBAEWvyPZS9esPducUba9GqyMjtLCfbaqyF,15,DvkVN8zQX6aE3DpSVQgGMPcAsohUEcAgbxBKahpVnAhp,-11694,0,0,,554,false,true,0.85,
5BKxfWMbmYBAEWvyPZS9esPducUba9GqyMjtLCfbaqyF,15,DvkVN8zQX6aE3DpSVQgGMPcAsohUEcAgbxBKahpVnAhp,-11693,0,0,,555,false,true,0.85,
5BKxfWMbmYBAEWvyPZS9esPducUba9GqyMjtLCfbaqyF,15,DvkVN8zQX6aE3DpSVQgGMPcAsohUEcAgbxBKahpVnAhp,-11692,0,0,,556,false,true,0.85,
5BKxfWMbmYBAEWvyPZS9esPducUba9GqyMjtLCfbaqyF,15,DvkVN8zQX6aE3DpSVQgGMPcAsohUEcAgbxBKahpVnAhp,-11691,0,0,,557,false,true,0.85,
9DiruRpjnAnzhn6ts5HGLouHtJrT1JGsPbXNYCrFz2ad,5,yhkw7F4xFVLWmF775cfj56gMQhNZchrmdpSBALC6Z5j,-350,0,0,,-114,false,true,0.85,
9DiruRpjnAnzhn6ts5HGLouHtJrT1JGsPbXNYCrFz2ad,5,yhkw7F4xFVLWmF775cfj56gMQhNZchrmdpSBALC6Z5j,-349,0,0,,-113,false,true,0.85,
9DiruRpjnAnzhn6ts5HGLouHtJrT1JGsPbXNYCrFz2ad,5,yhkw7F4xFVLWmF775cfj56gMQhNZchrmdpSBALC6Z5j,-348,0,0,,-112,false,true,0.85,
9DiruRpjnAnzhn6ts5HGLouHtJrT1JGsPbXNYCrFz2ad,5,yhkw7F4xFVLWmF775cfj56gMQhNZchrmdpSBALC6Z5j,-347,0,0,,-111,false,true,0.85,
9DiruRpjnAnzhn6ts5HGLouHtJrT1JGsPbXNYCrFz2ad,5,yhkw7F4xFVLWmF775cfj56gMQhNZchrmdpSBALC6Z5j,-346,0,0,,-110,false,true,0.85,
9DiruRpjnAnzhn6ts5HGLouHtJrT1JGsPbXNYCrFz2ad,5,yhkw7F4xFVLWmF775cfj56gMQhNZchrmdpSBALC6Z5j,-345,0,0,,-109,false,true,0.85,
9DiruRpjnAnzhn6ts5HGLouHtJrT1JGsPbXNYCrFz2ad,5,yhkw7F4xFVLWmF775cfj56gMQhNZchrmdpSBALC6Z5j,-344,0,0,,-108,false,true,0.85,
9DiruRpjnAnzhn6ts5HGLouHtJrT1JGsPbXNYCrFz2ad,5,yhkw7F4xFVLWmF775cfj56gMQhNZchrmdpSBALC6Z5j,-343,0,0,,-107,false,true,0.85,
9DiruRpjnAnzhn6ts5HGLouHtJrT1JGsPbXNYCrFz2ad,5,yhkw7F4xFVLWmF775cfj56gMQhNZchrmdpSBALC6Z5j,-342,0,0,,-106,false,true,0.85,
9DiruRpjnAnzhn6ts5HGLouHtJrT1JGsPbXNYCrFz2ad,5,yhkw7F4xFVLWmF775cfj56gMQhNZchrmdpSBALC6Z5j,-341,0,0,,-105,false,true,0.85,
9DiruRpjnAnzhn6ts5HGLouHtJrT1JGsPbXNYCrFz2ad,5,yhkw7F4xFVLWmF775cfj56gMQhNZchrmdpSBALC6Z5j,-340,0,0,,-104,false,true,0.85,
9DiruRpjnAnzhn6ts5HGLouHtJrT1JGsPbXNYCrFz2ad,5,yhkw7F4xFVLWmF775cfj56gMQhNZchrmdpSBALC6Z5j,-339,0,0,,-103,false,true,0.85,
9DiruRpjnAnzhn6ts5HGLouHtJrT1JGsPbXNYCrFz2ad,5,yhkw7F4xFVLWmF775cfj56gMQhNZchrmdpSBALC6Z5j,-338,0,0,,-102,false,true,0.85,
9DiruRpjnAnzhn6ts5HGLouHtJrT1JGsPbXNYCrFz2ad,5,yhkw7F4xFVLWmF775cfj56gMQhNZchrmdpSBALC6Z5j,-337,0,0,,-101,false,true,0.85,
9DiruRpjnAnzhn6ts5HGLouHtJrT1JGsPbXNYCrFz2ad,5,yhkw7F4xFVLWmF775cfj56gMQhNZchrmdpSBALC6Z5j,-336,0,0,,-100,false,true,0.85,
9DiruRpjnAnzhn6ts5HGLouHtJrT1JGsPbXNYCrFz2ad,5,yhkw7F4xFVLWmF775cfj56gMQhNZchrmdpSBALC6Z5j,-335,0,0,,-99,false,true,0.85,
9DiruRpjnAnzhn6ts5HGLouHtJrT1JGsPbXNYCrFz2ad,5,yhkw7F4xFVLWmF775cfj56gMQhNZchrmdpSBALC6Z5j,-334,0,0,,-98,false,true,0.85,
9DiruRpjnAnzhn6ts5HGLouHtJrT1JGsPbXNYCrFz2ad,5,yhkw7F4xFVLWmF775cfj56gMQhNZchrmdpSBALC6Z5j,-333,0,0,,-97,false,true,0.85,
9DiruRpjnAnzhn6ts5HGLouHtJrT1JGsPbXNYCrFz2ad,5,yhkw7F4xFVLWmF775cfj56gMQhNZchrmdpSBALC6Z5j,-332,0,0,,-96,false,true,0.85,
9DiruRpjnAnzhn6ts5HGLouHtJrT1JGsPbXNYCrFz2ad,5,yhkw7F4xFVLWmF775cfj56gMQhNZchrmdpSBALC6Z5j,-331,0,0,,-95,false,true,0.85,
9DiruRpjnAnzhn6ts5HGLouHtJrT1JGsPbXNYCrFz2ad,5,yhkw7F4xFVLWmF775cfj56gMQhNZchrmdpSBALC6Z5j,-330,0,0,,-94,false,true,0.85,
9DiruRpjnAnzhn6ts5HGLouHtJrT1JGsPbXNYCrFz2ad,5,yhkw7F4xFVLWmF775cfj56gMQhNZchrmdpSBALC6Z5j,-329,0,0,,-93,false,true,0.85,
9DiruRpjnAnzhn6ts5HGLouHtJrT1JGsPbXNYCrFz2ad,5,yhkw7F4xFVLWmF775cfj56gMQhNZchrmdpSBALC6Z5j,-328,0,0,,-92,false,true,0.85,
9DiruRpjnAnzhn6ts5HGLouHtJrT1JGsPbXNYCrFz2ad,5,yhkw7F4xFVLWmF775cfj56gMQhNZchrmdpSBALC6Z5j,-327,0,0,,-91,false,true,0.85,
9DiruRpjnAnzhn6ts5HGLouHtJrT1JGsPbXNYCrFz2ad,5,yhkw7F4xFVLWmF775cfj56gMQhNZchrmdpSBALC6Z5j,-326,0,0,,-90,false,true,0.85,
9DiruRpjnAnzhn6ts5HGLouHtJrT1JGsPbXNYCrFz2ad,5,yhkw7F4xFVLWmF775cfj56gMQhNZchrmdpSBALC6Z5j,-325,0,0,,-89,false,true,0.85,
9DiruRpjnAnzhn6ts5HGLouHtJrT1JGsPbXNYCrFz2ad,5,yhkw7F4xFVLWmF775cfj56gMQhNZchrmdpSBALC6Z5j,-324,0,0,,-88,false,true,0.85,
9DiruRpjnAnzhn6ts5HGLouHtJrT1JGsPbXNYCrFz2ad,5,yhkw7F4xFVLWmF775cfj56gMQhNZchrmdpSBALC6Z5j,-323,0,0,,-87,false,true,0.85,
9DiruRpjnAnzhn6ts5HGLouHtJrT1JGsPbXNYCrFz2ad,5,yhkw7F4xFVLWmF775cfj56gMQhNZchrmdpSBALC6Z5j,-322,0,0,,-86,false,true,0.85,
9DiruRpjnAnzhn6ts5HGLouHtJrT1JGsPbXNYCrFz2ad,5,yhkw7F4xFVLWmF775cfj56gMQhNZchrmdpSBALC6Z5j,-321,0,0,,-85,false,true,0.85,
9DiruRpjnAnzhn6ts5HGLouHtJrT1JGsPbXNYCrFz2ad,5,yhkw7F4xFVLWmF775cfj56gMQhNZchrmdpSBALC6Z5j,-320,0,0,,-84,false,true,0.85,
9DiruRpjnAnzhn6ts5HGLouHtJrT1JGsPbXNYCrFz2ad,5,yhkw7F4xFVLWmF775cfj56gMQhNZchrmdpSBALC6Z5j,-319,0,0,,-83,false,true,0.85,
9DiruRpjnAnzhn6ts5HGLouHtJrT1JGsPbXNYCrFz2ad,5,yhkw7F4xFVLWmF775cfj56gMQhNZchrmdpSBALC6Z5j,-318,0,0,,-82,false,true,0.85,
9DiruRpjnAnzhn6ts5HGLouHtJrT1JGsPbXNYCrFz2ad,5,yhkw7F4xFVLWmF775cfj56gMQhNZchrmdpSBALC6Z5j,-317,0,0,,-81,false,true,0.85,
9DiruRpjnAnzhn6ts5HGLouHtJrT1JGsPbXNYCrFz2ad,5,yhkw7F4xFVLWmF775cfj56gMQhNZchrmdpSBALC6Z5j,-316,0,0,,-80,false,true,0.85,
9DiruRpjnAnzhn6ts5HGLouHtJrT1JGsPbXNYCrFz2ad,5,yhkw7F4xFVLWmF775cfj56gMQhNZchrmdpSBALC6Z5j,-315,0,0,,-79,false,true,0.85,
9DiruRpjnAnzhn6ts5HGLouHtJrT1JGsPbXNYCrFz2ad,5,yhkw7F4xFVLWmF775cfj56gMQhNZchrmdpSBALC6Z5j,-314,0,0,,-78,false,true,0.85,
9DiruRpjnAnzhn6ts5HGLouHtJrT1JGsPbXNYCrFz2ad,5,yhkw7F4xFVLWmF775cfj56gMQhNZchrmdpSBALC6Z5j,-313,0,0,,-77,false,true,0.85,
9DiruRpjnAnzhn6ts5HGLouHtJrT1JGsPbXNYCrFz2ad,5,yhkw7F4xFVLWmF775cfj56gMQhNZchrmdpSBALC6Z5j,-312,0,0,,-76,false,true,0.85,
9DiruRpjnAnzhn6ts5HGLouHtJrT1JGsPbXNYCrFz2ad,5,yhkw7F4xFVLWmF775cfj56gMQhNZchrmdpSBALC6Z5j,-311,0,0,,-75,false,true,0.85,
9DiruRpjnAnzhn6ts5HGLouHtJrT1JGsPbXNYCrFz2ad,5,yhkw7F4xFVLWmF775cfj56gMQhNZchrmdpSBALC6Z5j,-310,0,0,,-74,false,true,0.85,
9DiruRpjnAnzhn6ts5HGLouHtJrT1JGsPbXNYCrFz2ad,5,yhkw7F4xFVLWmF775cfj56gMQhNZchrmdpSBALC6Z5j,-309,0,0,,-73,false,true,0.85,
9DiruRpjnAnzhn6ts5HGLouHtJrT1JGsPbXNYCrFz2ad,5,yhkw7F4xFVLWmF775cfj56gMQhNZchrmdpSBALC6Z5j,-308,0,0,,-72,false,true,0.85,
9DiruRpjnAnzhn6ts5HGLouHtJrT1JGsPbXNYCrFz2ad,5,yhkw7F4xFVLWmF775cfj56gMQhNZchrmdpSBALC6Z5j,-307,0,0,,-71,false,true,0.85,
9DiruRpjnAnzhn6ts5HGLouHtJrT1JGsPbXNYCrFz2ad,5,yhkw7F4xFVLWmF775cfj56gMQhNZchrmdpSBALC6Z5j,-306,0,0,,-70,false,true,0.85,
9DiruRpjnAnzhn6ts5HGLouHtJrT1JGsPbXNYCrFz2ad,5,yhkw7F4xFVLWmF775cfj56gMQhNZchrmdpSBALC6Z5j,-305,0,0,,-69,false,true,0.85,
9DiruRpjnAnzhn6ts5HGLouHtJrT1JGsPbXNYCrFz2ad,5,yhkw7F4xFVLWmF775cfj56gMQhNZchrmdpSBALC6Z5j,-304,0,0,,-68,false,true,0.85,
9DiruRpjnAnzhn6ts5HGLouHtJrT1JGsPbXNYCrFz2ad,5,yhkw7F4xFVLWmF775cfj56gMQhNZchrmdpSBALC6Z5j,-303,0,0,,-67,false,true,0.85,
9DiruRpjnAnzhn6ts5HGLouHtJrT1JGsPbXNYCrFz2ad,5,yhkw7F4xFVLWmF775cfj56gMQhNZchrmdpSBALC6Z5j,-302,0,0,,-66,false,true,0.85,
9DiruRpjnAnzhn6ts5HGLouHtJrT1JGsPbXNYCrFz2ad,5,yhkw7F4xFVLWmF775cfj56gMQhNZchrmdpSBALC6Z5j,-301,0,5121595254,,-65,true,true,0.85,
9DiruRpjnAnzhn6ts5HGLouHtJrT1JGsPbXNYCrFz2ad,5,yhkw7F4xFVLWmF775cfj56gMQhNZchrmdpSBALC6Z5j,-300,0,4082479105,,-64,true,true,0.85,
9DiruRpjnAnzhn6ts5HGLouHtJrT1JGsPbXNYCrFz2ad,5,yhkw7F4xFVLWmF775cfj56gMQhNZchrmdpSBALC6Z5j,-299,0,3812318197,,-63,true,true,0.85,
9DiruRpjnAnzhn6ts5HGLouHtJrT1JGsPbXNYCrFz2ad,5,yhkw7F4xFVLWmF775cfj56gMQhNZchrmdpSBALC6Z5j,-298,0,3671510529,,-62,true,true,0.85,
9DiruRpjnAnzhn6ts5HGLouHtJrT1JGsPbXNYCrFz2ad,5,yhkw7F4xFVLWmF775cfj56gMQhNZchrmdpSBALC6Z5j,-297,0,3587745528,,-61,true,true,0.85,
9DiruRpjnAnzhn6ts5HGLouHtJrT1JGsPbXNYCrFz2ad,5,yhkw7F4xFVLWmF775cfj56gMQhNZchrmdpSBALC6Z5j,-296,0,3536066643,,-60,true,true,0.85,
9DiruRpjnAnzhn6ts5HGLouHtJrT1JGsPbXNYCrFz2ad,5,yhkw7F4xFVLWmF775cfj56gMQhNZchrmdpSBALC6Z5j,-295,0,3504877655,,-59,true,true,0.85,
9DiruRpjnAnzhn6ts5HGLouHtJrT1JGsPbXNYCrFz2ad,5,yhkw7F4xFVLWmF775cfj56gMQhNZchrmdpSBALC6Z5j,-294,0,3487999643,,-58,true,true,0.85,
9DiruRpjnAnzhn6ts5HGLouHtJrT1JGsPbXNYCrFz2ad,5,yhkw7F4xFVLWmF775cfj56gMQhNZchrmdpSBALC6Z5j,-293,0,3481594624,,-57,true,true,0.85,
9DiruRpjnAnzhn6ts5HGLouHtJrT1JGsPbXNYCrFz2ad,5,yhkw7F4xFVLWmF775cfj56gMQhNZchrmdpSBALC6Z5j,-292,0,3483358719,,-56,true,true,0.85,
9DiruRpjnAnzhn6ts5HGLouHtJrT1JGsPbXNYCrFz2ad,5,yhkw7F4xFVLWmF775cfj56gMQhNZchrmdpSBALC6Z5j,-291,0,3491608002,,-55,true,true,0.85,
9DiruRpjnAnzhn6ts5HGLouHtJrT1JGsPbXNYCrFz2ad,5,yhkw7F4xFVLWmF775cfj56gMQhNZchrmdpSBALC6Z5j,-290,0,3505200264,,-54,true,true,0.85,
9DiruRpjnAnzhn6ts5HGLouHtJrT1JGsPbXNYCrFz2ad,5,yhkw7F4xFVLWmF775cfj56gMQhNZchrmdpSBALC6Z5j,-289,0,3523281969,,-53,true,true,0.85,
9DiruRpjnAnzhn6ts5HGLouHtJrT1JGsPbXNYCrFz2ad,5,yhkw7F4xFVLWmF775cfj56gMQhNZchrmdpSBALC6Z5j,-288,0,3545246947,,-52,true,true,0.85,
9DiruRpjnAnzhn6ts5HGLouHtJrT1JGsPbXNYCrFz2ad,5,yhkw7F4xFVLWmF775cfj56gMQhNZchrmdpSBALC6Z5j,-287,0,3570634648,,-51,true,true,0.85,
9DiruRpjnAnzhn6ts5HGLouHtJrT1JGsPbXNYCrFz2ad,5,yhkw7F4xFVLWmF775cfj56gMQhNZchrmdpSBALC6Z5j,-286,0,3599079984,,-50,true,true,0.85,
9DiruRpjnAnzhn6ts5HGLouHtJrT1JGsPbXNYCrFz2ad,5,yhkw7F4xFVLWmF775cfj56gMQhNZchrmdpSBALC6Z5j,-285,0,3630259928,,-49,true,true,0.85,
9DiruRpjnAnzhn6ts5HGLouHtJrT1JGsPbXNYCrFz2ad,5,yhkw7F4xFVLWmF775cfj56gMQhNZchrmdpSBALC6Z5j,-284,0,3663955278,,-48,true,true,0.85,
9DiruRpjnAnzhn6ts5HGLouHtJrT1JGsPbXNYCrFz2ad,5,yhkw7F4xFVLWmF775cfj56gMQhNZchrmdpSBALC6Z5j,-283,0,3699996348,,-47,true,true,0.85,
9DiruRpjnAnzhn6ts5HGLouHtJrT1JGsPbXNYCrFz2ad,5,yhkw7F4xFVLWmF775cfj56gMQhNZchrmdpSBALC6Z5j,-282,0,3738144799,,-46,true,true,0.85,
9DiruRpjnAnzhn6ts5HGLouHtJrT1JGsPbXNYCrFz2ad,5,yhkw7F4xFVLWmF775cfj56gMQhNZchrmdpSBALC6Z5j,-281,0,3778395652,,-45,true,true,0.85,
9DiruRpjnAnzhn6ts5HGLouHtJrT1JGsPbXNYCrFz2ad,5,29JynFXae8M6FLSmNPpDbTsEfXhxhxmSCQFGnBnFsU2N,-280,0,3820619249,,-44,true,true,0.85,
9DiruRpjnAnzhn6ts5HGLouHtJrT1JGsPbXNYCrFz2ad,5,29JynFXae8M6FLSmNPpDbTsEfXhxhxmSCQFGnBnFsU2N,-279,0,3864617323,,-43,true,true,0.85,
9DiruRpjnAnzhn6ts5HGLouHtJrT1JGsPbXNYCrFz2ad,5,29JynFXae8M6FLSmNPpDbTsEfXhxhxmSCQFGnBnFsU2N,-278,0,3910497120,,-42,true,true,0.85,
9DiruRpjnAnzhn6ts5HGLouHtJrT1JGsPbXNYCrFz2ad,5,29JynFXae8M6FLSmNPpDbTsEfXhxhxmSCQFGnBnFsU2N,-277,0,3958051593,,-41,true,true,0.85,
9DiruRpjnAnzhn6ts5HGLouHtJrT1JGsPbXNYCrFz2ad,5,29JynFXae8M6FLSmNPpDbTsEfXhxhxmSCQFGnBnFsU2N,-276,0,4007321083,,-40,true,true,0.85,
9DiruRpjnAnzhn6ts5HGLouHtJrT1JGsPbXNYCrFz2ad,5,29JynFXae8M6FLSmNPpDbTsEfXhxhxmSCQFGnBnFsU2N,-275,0,4058217070,,-39,true,true,0.85,
9DiruRpjnAnzhn6ts5HGLouHtJrT1JGsPbXNYCrFz2ad,5,29JynFXae8M6FLSmNPpDbTsEfXhxhxmSCQFGnBnFsU2N,-274,0,4110777527,,-38,true,true,0.85,
9DiruRpjnAnzhn6ts5HGLouHtJrT1JGsPbXNYCrFz2ad,5,29JynFXae8M6FLSmNPpDbTsEfXhxhxmSCQFGnBnFsU2N,-273,0,4164869533,,-37,true,true,0.85,
9DiruRpjnAnzhn6ts5HGLouHtJrT1JGsPbXNYCrFz2ad,5,29JynFXae8M6FLSmNPpDbTsEfXhxhxmSCQFGnBnFsU2N,-272,0,4220633329,,-36,true,true,0.85,
9DiruRpjnAnzhn6ts5HGLouHtJrT1JGsPbXNYCrFz2ad,5,29JynFXae8M6FLSmNPpDbTsEfXhxhxmSCQFGnBnFsU2N,-271,0,4277904643,,-35,true,true,0.85,
9DiruRpjnAnzhn6ts5HGLouHtJrT1JGsPbXNYCrFz2ad,5,29JynFXae8M6FLSmNPpDbTsEfXhxhxmSCQFGnBnFsU2N,-270,0,4336716145,,-34,true,true,0.85,
9DiruRpjnAnzhn6ts5HGLouHtJrT1JGsPbXNYCrFz2ad,5,29JynFXae8M6FLSmNPpDbTsEfXhxhxmSCQFGnBnFsU2N,-269,0,4397101088,,-33,true,true,0.85,
9DiruRpjnAnzhn6ts5HGLouHtJrT1JGsPbXNYCrFz2ad,5,29JynFXae8M6FLSmNPpDbTsEfXhxhxmSCQFGnBnFsU2N,-268,0,4459023835,,-32,true,true,0.85,
9DiruRpjnAnzhn6ts5HGLouHtJrT1JGsPbXNYCrFz2ad,5,29JynFXae8M6FLSmNPpDbTsEfXhxhxmSCQFGnBnFsU2N,-267,0,4522446573,,-31,true,true,0.85,
9DiruRpjnAnzhn6ts5HGLouHtJrT1JGsPbXNYCrFz2ad,5,29JynFXae8M6FLSmNPpDbTsEfXhxhxmSCQFGnBnFsU2N,-266,0,4587400130,,-30,true,true,0.85,
9DiruRpjnAnzhn6ts5HGLouHtJrT1JGsPbXNYCrFz2ad,5,29JynFXae8M6FLSmNPpDbTsEfXhxhxmSCQFGnBnFsU2N,-265,0,4653915871,,-29,true,true,0.85,
9DiruRpjnAnzhn6ts5HGLouHtJrT1JGsPbXNYCrFz2ad,5,29JynFXae8M6FLSmNPpDbTsEfXhxhxmSCQFGnBnFsU2N,-264,0,4722025705,,-28,true,true,0.85,
9DiruRpjnAnzhn6ts5HGLouHtJrT1JGsPbXNYCrFz2ad,5,29JynFXae8M6FLSmNPpDbTsEfXhxhxmSCQFGnBnFsU2N,-263,0,4791616042,,-27,true,true,0.85,
9DiruRpjnAnzhn6ts5HGLouHtJrT1JGsPbXNYCrFz2ad,5,29JynFXae8M6FLSmNPpDbTsEfXhxhxmSCQFGnBnFsU2N,-262,0,4862863040,,-26,true,true,0.85,
9DiruRpjnAnzhn6ts5HGLouHtJrT1JGsPbXNYCrFz2ad,5,29JynFXae8M6FLSmNPpDbTsEfXhxhxmSCQFGnBnFsU2N,-261,0,4935576769,,-25,true,true,0.85,
9DiruRpjnAnzhn6ts5HGLouHtJrT1JGsPbXNYCrFz2ad,5,29JynFXae8M6FLSmNPpDbTsEfXhxhxmSCQFGnBnFsU2N,-260,0,5009935134,,-24,true,true,0.85,
9DiruRpjnAnzhn6ts5HGLouHtJrT1JGsPbXNYCrFz2ad,5,29JynFXae8M6FLSmNPpDbTsEfXhxhxmSCQFGnBnFsU2N,-259,0,5085970533,,-23,true,true,0.85,
9DiruRpjnAnzhn6ts5HGLouHtJrT1JGsPbXNYCrFz2ad,5,29JynFXae8M6FLSmNPpDbTsEfXhxhxmSCQFGnBnFsU2N,-258,0,5163562406,,-22,true,true,0.85,
9DiruRpjnAnzhn6ts5HGLouHtJrT1JGsPbXNYCrFz2ad,5,29JynFXae8M6FLSmNPpDbTsEfXhxhxmSCQFGnBnFsU2N,-257,0,5242739656,,-21,true,true,0.85,
9DiruRpjnAnzhn6ts5HGLouHtJrT1JGsPbXNYCrFz2ad,5,29JynFXae8M6FLSmNPpDbTsEfXhxhxmSCQFGnBnFsU2N,-256,0,5323752812,,-20,true,true,0.85,
9DiruRpjnAnzhn6ts5HGLouHtJrT1JGsPbXNYCrFz2ad,5,29JynFXae8M6FLSmNPpDbTsEfXhxhxmSCQFGnBnFsU2N,-255,0,5407348371,,-19,true,true,0.85,
9DiruRpjnAnzhn6ts5HGLouHtJrT1JGsPbXNYCrFz2ad,5,29JynFXae8M6FLSmNPpDbTsEfXhxhxmSCQFGnBnFsU2N,-254,0,5491622066,,-18,true,true,0.85,
9DiruRpjnAnzhn6ts5HGLouHtJrT1JGsPbXNYCrFz2ad,5,29JynFXae8M6FLSmNPpDbTsEfXhxhxmSCQFGnBnFsU2N,-253,0,5577524129,,-17,true,true,0.85,
9DiruRpjnAnzhn6ts5HGLouHtJrT1JGsPbXNYCrFz2ad,5,29JynFXae8M6FLSmNPpDbTsEfXhxhxmSCQFGnBnFsU2N,-252,0,5665246487,,-16,true,true,0.85,
9DiruRpjnAnzhn6ts5HGLouHtJrT1JGsPbXNYCrFz2ad,5,29JynFXae8M6FLSmNPpDbTsEfXhxhxmSCQFGnBnFsU2N,-251,0,5754741190,,-15,true,true,0.85,
9DiruRpjnAnzhn6ts5HGLouHtJrT1JGsPbXNYCrFz2ad,5,29JynFXae8M6FLSmNPpDbTsEfXhxhxmSCQFGnBnFsU2N,-250,0,5845957564,,-14,true,true,0.85,
9DiruRpjnAnzhn6ts5HGLouHtJrT1JGsPbXNYCrFz2ad,5,29JynFXae8M6FLSmNPpDbTsEfXhxhxmSCQFGnBnFsU2N,-249,0,5939093968,,-13,true,true,0.85,
9DiruRpjnAnzhn6ts5HGLouHtJrT1JGsPbXNYCrFz2ad,5,29JynFXae8M6FLSmNPpDbTsEfXhxhxmSCQFGnBnFsU2N,-248,0,6033932052,,-12,true,true,0.85,
9DiruRpjnAnzhn6ts5HGLouHtJrT1JGsPbXNYCrFz2ad,5,29JynFXae8M6FLSmNPpDbTsEfXhxhxmSCQFGnBnFsU2N,-247,0,6130757668,,-11,true,true,0.85,
9DiruRpjnAnzhn6ts5HGLouHtJrT1JGsPbXNYCrFz2ad,5,29JynFXae8M6FLSmNPpDbTsEfXhxhxmSCQFGnBnFsU2N,-246,0,6229434966,,-10,true,true,0.85,
9DiruRpjnAnzhn6ts5HGLouHtJrT1JGsPbXNYCrFz2ad,5,29JynFXae8M6FLSmNPpDbTsEfXhxhxmSCQFGnBnFsU2N,-245,0,6329996511,,-9,true,true,0.85,
9DiruRpjnAnzhn6ts5HGLouHtJrT1JGsPbXNYCrFz2ad,5,29JynFXae8M6FLSmNPpDbTsEfXhxhxmSCQFGnBnFsU2N,-244,0,6432563527,,-8,true,true,0.85,
9DiruRpjnAnzhn6ts5HGLouHtJrT1JGsPbXNYCrFz2ad,5,29JynFXae8M6FLSmNPpDbTsEfXhxhxmSCQFGnBnFsU2N,-243,0,6537083181,,-7,true,true,0.85,
9DiruRpjnAnzhn6ts5HGLouHtJrT1JGsPbXNYCrFz2ad,5,29JynFXae8M6FLSmNPpDbTsEfXhxhxmSCQFGnBnFsU2N,-242,0,6643593724,,-6,true,true,0.85,
9DiruRpjnAnzhn6ts5HGLouHtJrT1JGsPbXNYCrFz2ad,5,29JynFXae8M6FLSmNPpDbTsEfXhxhxmSCQFGnBnFsU2N,-241,0,6752140347,,-5,true,true,0.85,
9DiruRpjnAnzhn6ts5HGLouHtJrT1JGsPbXNYCrFz2ad,5,29JynFXae8M6FLSmNPpDbTsEfXhxhxmSCQFGnBnFsU2N,-240,0,6862855079,,-4,true,true,0.85,
9DiruRpjnAnzhn6ts5HGLouHtJrT1JGsPbXNYCrFz2ad,5,29JynFXae8M6FLSmNPpDbTsEfXhxhxmSCQFGnBnFsU2N,-239,0,6975571354,,-3,true,true,0.85,
9DiruRpjnAnzhn6ts5HGLouHtJrT1JGsPbXNYCrFz2ad,5,29JynFXae8M6FLSmNPpDbTsEfXhxhxmSCQFGnBnFsU2N,-238,0,7090418278,,-2,true,true,0.85,
9DiruRpjnAnzhn6ts5HGLouHtJrT1JGsPbXNYCrFz2ad,5,29JynFXae8M6FLSmNPpDbTsEfXhxhxmSCQFGnBnFsU2N,-237,0,7207432773,,-1,true,true,0.85,
9DiruRpjnAnzhn6ts5HGLouHtJrT1JGsPbXNYCrFz2ad,5,29JynFXae8M6FLSmNPpDbTsEfXhxhxmSCQFGnBnFsU2N,-236,71023360363,541757235,,0,true,true,0.85,
9DiruRpjnAnzhn6ts5HGLouHtJrT1JGsPbXNYCrFz2ad,5,29JynFXae8M6FLSmNPpDbTsEfXhxhxmSCQFGnBnFsU2N,-235,77192458387,0,,1,true,true,0.85,
9DiruRpjnAnzhn6ts5HGLouHtJrT1JGsPbXNYCrFz2ad,5,29JynFXae8M6FLSmNPpDbTsEfXhxhxmSCQFGnBnFsU2N,-234,77698969928,0,,2,true,true,0.85,
9DiruRpjnAnzhn6ts5HGLouHtJrT1JGsPbXNYCrFz2ad,5,29JynFXae8M6FLSmNPpDbTsEfXhxhxmSCQFGnBnFsU2N,-233,78210488288,0,,3,true,true,0.85,
9DiruRpjnAnzhn6ts5HGLouHtJrT1JGsPbXNYCrFz2ad,5,29JynFXae8M6FLSmNPpDbTsEfXhxhxmSCQFGnBnFsU2N,-232,78729015269,0,,4,true,true,0.85,
9DiruRpjnAnzhn6ts5HGLouHtJrT1JGsPbXNYCrFz2ad,5,29JynFXae8M6FLSmNPpDbTsEfXhxhxmSCQFGnBnFsU2N,-231,79253653075,0,,5,true,true,0.85,
9DiruRpjnAnzhn6ts5HGLouHtJrT1JGsPbXNYCrFz2ad,5,29JynFXae8M6FLSmNPpDbTsEfXhxhxmSCQFGnBnFsU2N,-230,79783091576,0,,6,true,true,0.85,
9DiruRpjnAnzhn6ts5HGLouHtJrT1JGsPbXNYCrFz2ad,5,29JynFXae8M6FLSmNPpDbTsEfXhxhxmSCQFGnBnFsU2N,-229,80319641268,0,,7,true,true,0.85,
9DiruRpjnAnzhn6ts5HGLouHtJrT1JGsPbXNYCrFz2ad,5,29JynFXae8M6FLSmNPpDbTsEfXhxhxmSCQFGnBnFsU2N,-228,80862297868,0,,8,true,true,0.85,
9DiruRpjnAnzhn6ts5HGLouHtJrT1JGsPbXNYCrFz2ad,5,29JynFXae8M6FLSmNPpDbTsEfXhxhxmSCQFGnBnFsU2N,-227,81410871711,0,,9,true,true,0.85,
9DiruRpjnAnzhn6ts5HGLouHtJrT1JGsPbXNYCrFz2ad,5,29JynFXae8M6FLSmNPpDbTsEfXhxhxmSCQFGnBnFsU2N,-226,81968651652,0,,10,true,true,0.85,
9DiruRpjnAnzhn6ts5HGLouHtJrT1JGsPbXNYCrFz2ad,5,29JynFXae8M6FLSmNPpDbTsEfXhxhxmSCQFGnBnFsU2N,-225,82529393709,0,,11,true,true,0.85,
9DiruRpjnAnzhn6ts5HGLouHtJrT1JGsPbXNYCrFz2ad,5,29JynFXae8M6FLSmNPpDbTsEfXhxhxmSCQFGnBnFsU2N,-224,83093492315,0,,12,true,true,0.85,
9DiruRpjnAnzhn6ts5HGLouHtJrT1JGsPbXNYCrFz2ad,5,29JynFXae8M6FLSmNPpDbTsEfXhxhxmSCQFGnBnFsU2N,-223,83666084173,0,,13,true,true,0.85,
9DiruRpjnAnzhn6ts5HGLouHtJrT1JGsPbXNYCrFz2ad,5,29JynFXae8M6FLSmNPpDbTsEfXhxhxmSCQFGnBnFsU2N,-222,84325264620,0,,14,true,true,0.85,
9DiruRpjnAnzhn6ts5HGLouHtJrT1JGsPbXNYCrFz2ad,5,29JynFXae8M6FLSmNPpDbTsEfXhxhxmSCQFGnBnFsU2N,-221,84830829106,0,,15,true,true,0.85,
9DiruRpjnAnzhn6ts5HGLouHtJrT1JGsPbXNYCrFz2ad,5,29JynFXae8M6FLSmNPpDbTsEfXhxhxmSCQFGnBnFsU2N,-220,85428023332,0,,16,true,true,0.85,
9DiruRpjnAnzhn6ts5HGLouHtJrT1JGsPbXNYCrFz2ad,5,29JynFXae8M6FLSmNPpDbTsEfXhxhxmSCQFGnBnFsU2N,-219,86025579296,0,,17,true,true,0.85,
9DiruRpjnAnzhn6ts5HGLouHtJrT1JGsPbXNYCrFz2ad,5,29JynFXae8M6FLSmNPpDbTsEfXhxhxmSCQFGnBnFsU2N,-218,86629142378,0,,18,true,true,0.85,
9DiruRpjnAnzhn6ts5HGLouHtJrT1JGsPbXNYCrFz2ad,5,29JynFXae8M6FLSmNPpDbTsEfXhxhxmSCQFGnBnFsU2N,-217,87239712981,0,,19,true,true,0.85,
9DiruRpjnAnzhn6ts5HGLouHtJrT1JGsPbXNYCrFz2ad,5,29JynFXae8M6FLSmNPpDbTsEfXhxhxmSCQFGnBnFsU2N,-216,87855287871,0,,20,true,true,0.85,
9DiruRpjnAnzhn6ts5HGLouHtJrT1JGsPbXNYCrFz2ad,5,29JynFXae8M6FLSmNPpDbTsEfXhxhxmSCQFGnBnFsU2N,-215,88478509222,0,,21,true,true,0.85,
9DiruRpjnAnzhn6ts5HGLouHtJrT1JGsPbXNYCrFz2ad,5,29JynFXae8M6FLSmNPpDbTsEfXhxhxmSCQFGnBnFsU2N,-214,89106458518,0,,22,true,true,0.85,
9DiruRpjnAnzhn6ts5HGLouHtJrT1JGsPbXNYCrFz2ad,5,29JynFXae8M6FLSmNPpDbTsEfXhxhxmSCQFGnBnFsU2N,-213,89742053518,0,,23,true,true,0.85,
9DiruRpjnAnzhn6ts5HGLouHtJrT1JGsPbXNYCrFz2ad,5,29JynFXae8M6FLSmNPpDbTsEfXhxhxmSCQFGnBnFsU2N,-212,90383654088,0,,24,true,true,0.85,
9DiruRpjnAnzhn6ts5HGLouHtJrT1JGsPbXNYCrFz2ad,5,29JynFXae8M6FLSmNPpDbTsEfXhxhxmSCQFGnBnFsU2N,-211,91031261962,0,,25,true,true,0.85,
9DiruRpjnAnzhn6ts5HGLouHtJrT1JGsPbXNYCrFz2ad,5,G1BHyB19ozazdUtAdHJbHW8KXoJqsWq4XMiH64WNRHFz,-210,91684875253,0,,26,true,true,0.85,
9DiruRpjnAnzhn6ts5HGLouHtJrT1JGsPbXNYCrFz2ad,5,G1BHyB19ozazdUtAdHJbHW8KXoJqsWq4XMiH64WNRHFz,-209,92345495147,0,,27,true,true,0.85,
9DiruRpjnAnzhn6ts5HGLouHtJrT1JGsPbXNYCrFz2ad,5,G1BHyB19ozazdUtAdHJbHW8KXoJqsWq4XMiH64WNRHFz,-208,93013174228,0,,28,true,true,0.85,
9DiruRpjnAnzhn6ts5HGLouHtJrT1JGsPbXNYCrFz2ad,5,G1BHyB19ozazdUtAdHJbHW8KXoJqsWq4XMiH64WNRHFz,-207,93686752032,0,,29,true,true,0.85,
9DiruRpjnAnzhn6ts5HGLouHtJrT1JGsPbXNYCrFz2ad,5,G1BHyB19ozazdUtAdHJbHW8KXoJqsWq4XMiH64WNRHFz,-206,94366273249,0,,30,true,true,0.85,
9DiruRpjnAnzhn6ts5HGLouHtJrT1JGsPbXNYCrFz2ad,5,G1BHyB19ozazdUtAdHJbHW8KXoJqsWq4XMiH64WNRHFz,-205,95053121978,0,,31,true,true,0.85,
9DiruRpjnAnzhn6ts5HGLouHtJrT1JGsPbXNYCrFz2ad,5,G1BHyB19ozazdUtAdHJbHW8KXoJqsWq4XMiH64WNRHFz,-204,95753597868,0,,32,true,true,0.85,
9DiruRpjnAnzhn6ts5HGLouHtJrT1JGsPbXNYCrFz2ad,5,G1BHyB19ozazdUtAdHJbHW8KXoJqsWq4XMiH64WNRHFz,-203,96446842370,0,,33,true,true,0.85,
9DiruRpjnAnzhn6ts5HGLouHtJrT1JGsPbXNYCrFz2ad,5,G1BHyB19ozazdUtAdHJbHW8KXoJqsWq4XMiH64WNRHFz,-202,97153704976,0,,34,true,true,0.85,
9DiruRpjnAnzhn6ts5HGLouHtJrT1JGsPbXNYCrFz2ad,5,G1BHyB19ozazdUtAdHJbHW8KXoJqsWq4XMiH64WNRHFz,-201,97867568983,0,,35,true,true,0.85,
9DiruRpjnAnzhn6ts5HGLouHtJrT1JGsPbXNYCrFz2ad,5,G1BHyB19ozazdUtAdHJbHW8KXoJqsWq4XMiH64WNRHFz,-200,98587450937,0,,36,true,true,0.85,
9DiruRpjnAnzhn6ts5HGLouHtJrT1JGsPbXNYCrFz2ad,5,G1BHyB19ozazdUtAdHJbHW8KXoJqsWq4XMiH64WNRHFz,-199,99314300867,0,,37,true,true,0.85,
9DiruRpjnAnzhn6ts5HGLouHtJrT1JGsPbXNYCrFz2ad,5,G1BHyB19ozazdUtAdHJbHW8KXoJqsWq4XMiH64WNRHFz,-198,100048168925,0,,38,true,true,0.85,
9DiruRpjnAnzhn6ts5HGLouHtJrT1JGsPbXNYCrFz2ad,5,G1BHyB19ozazdUtAdHJbHW8KXoJqsWq4XMiH64WNRHFz,-197,100789065474,0,,39,true,true,0.85,
9DiruRpjnAnzhn6ts5HGLouHtJrT1JGsPbXNYCrFz2ad,5,G1BHyB19ozazdUtAdHJbHW8KXoJqsWq4XMiH64WNRHFz,-196,101535944075,0,,40,true,true,0.85,
9DiruRpjnAnzhn6ts5HGLouHtJrT1JGsPbXNYCrFz2ad,5,G1BHyB19ozazdUtAdHJbHW8KXoJqsWq4XMiH64WNRHFz,-195,102290782893,0,,41,true,true,0.85,
9DiruRpjnAnzhn6ts5HGLouHtJrT1JGsPbXNYCrFz2ad,5,G1BHyB19ozazdUtAdHJbHW8KXoJqsWq4XMiH64WNRHFz,-194,103052656488,0,,42,true,true,0.85,
9DiruRpjnAnzhn6ts5HGLouHtJrT1JGsPbXNYCrFz2ad,5,G1BHyB19ozazdUtAdHJbHW8KXoJqsWq4XMiH64WNRHFz,-193,103820531335,0,,43,true,true,0.85,
9DiruRpjnAnzhn6ts5HGLouHtJrT1JGsPbXNYCrFz2ad,5,G1BHyB19ozazdUtAdHJbHW8KXoJqsWq4XMiH64WNRHFz,-192,104596417586,0,,44,true,true,0.85,
9DiruRpjnAnzhn6ts5HGLouHtJrT1JGsPbXNYCrFz2ad,5,G1BHyB19ozazdUtAdHJbHW8KXoJqsWq4XMiH64WNRHFz,-191,105379284278,0,,45,true,true,0.85,
9DiruRpjnAnzhn6ts5HGLouHtJrT1JGsPbXNYCrFz2ad,5,G1BHyB19ozazdUtAdHJbHW8KXoJqsWq4XMiH64WNRHFz,-190,106169162803,0,,46,true,true,0.85,
9DiruRpjnAnzhn6ts5HGLouHtJrT1JGsPbXNYCrFz2ad,5,G1BHyB19ozazdUtAdHJbHW8KXoJqsWq4XMiH64WNRHFz,-189,106966042810,0,,47,true,true,0.85,
9DiruRpjnAnzhn6ts5HGLouHtJrT1JGsPbXNYCrFz2ad,5,G1BHyB19ozazdUtAdHJbHW8KXoJqsWq4XMiH64WNRHFz,-188,107770923293,0,,48,true,true,0.85,
9DiruRpjnAnzhn6ts5HGLouHtJrT1JGsPbXNYCrFz2ad,5,G1BHyB19ozazdUtAdHJbHW8KXoJqsWq4XMiH64WNRHFz,-187,108581827262,0,,49,true,true,0.85,
9DiruRpjnAnzhn6ts5HGLouHtJrT1JGsPbXNYCrFz2ad,5,G1BHyB19ozazdUtAdHJbHW8KXoJqsWq4XMiH64WNRHFz,-186,109392772461,0,,50,true,true,0.85,
9DiruRpjnAnzhn6ts5HGLouHtJrT1JGsPbXNYCrFz2ad,5,G1BHyB19ozazdUtAdHJbHW8KXoJqsWq4XMiH64WNRHFz,-185,110246186560,0,,51,true,true,0.85,
9DiruRpjnAnzhn6ts5HGLouHtJrT1JGsPbXNYCrFz2ad,5,G1BHyB19ozazdUtAdHJbHW8KXoJqsWq4XMiH64WNRHFz,-184,111079898292,0,,52,true,true,0.85,
9DiruRpjnAnzhn6ts5HGLouHtJrT1JGsPbXNYCrFz2ad,5,G1BHyB19ozazdUtAdHJbHW8KXoJqsWq4XMiH64WNRHFz,-183,111920612357,0,,53,true,true,0.85,
9DiruRpjnAnzhn6ts5HGLouHtJrT1JGsPbXNYCrFz2ad,5,G1BHyB19ozazdUtAdHJbHW8KXoJqsWq4XMiH64WNRHFz,-182,112769329092,0,,54,true,true,0.85,
9DiruRpjnAnzhn6ts5HGLouHtJrT1JGsPbXNYCrFz2ad,5,G1BHyB19ozazdUtAdHJbHW8KXoJqsWq4XMiH64WNRHFz,-181,113626048204,0,,55,true,true,0.85,
9DiruRpjnAnzhn6ts5HGLouHtJrT1JGsPbXNYCrFz2ad,5,G1BHyB19ozazdUtAdHJbHW8KXoJqsWq4XMiH64WNRHFz,-180,114491023687,0,,56,true,true,0.85,
9DiruRpjnAnzhn6ts5HGLouHtJrT1JGsPbXNYCrFz2ad,5,G1BHyB19ozazdUtAdHJbHW8KXoJqsWq4XMiH64WNRHFz,-179,115364295302,0,,57,true,true,0.85,
9DiruRpjnAnzhn6ts5HGLouHtJrT1JGsPbXNYCrFz2ad,5,G1BHyB19ozazdUtAdHJbHW8KXoJqsWq4XMiH64WNRHFz,-178,116242244318,0,,58,true,true,0.85,
9DiruRpjnAnzhn6ts5HGLouHtJrT1JGsPbXNYCrFz2ad,5,G1BHyB19ozazdUtAdHJbHW8KXoJqsWq4XMiH64WNRHFz,-177,117131236147,0,,59,true,true,0.85,
9DiruRpjnAnzhn6ts5HGLouHtJrT1JGsPbXNYCrFz2ad,5,G1BHyB19ozazdUtAdHJbHW8KXoJqsWq4XMiH64WNRHFz,-176,118025753055,0,,60,true,true,0.85,
9DiruRpjnAnzhn6ts5HGLouHtJrT1JGsPbXNYCrFz2ad,5,G1BHyB19ozazdUtAdHJbHW8KXoJqsWq4XMiH64WNRHFz,-175,118969416644,0,,61,true,true,0.85,
9DiruRpjnAnzhn6ts5HGLouHtJrT1JGsPbXNYCrFz2ad,5,G1BHyB19ozazdUtAdHJbHW8KXoJqsWq4XMiH64WNRHFz,-174,119843124113,0,,62,true,true,0.85,
9DiruRpjnAnzhn6ts5HGLouHtJrT1JGsPbXNYCrFz2ad,5,G1BHyB19ozazdUtAdHJbHW8KXoJqsWq4XMiH64WNRHFz,-173,120759900884,0,,63,true,true,0.85,
9DiruRpjnAnzhn6ts5HGLouHtJrT1JGsPbXNYCrFz2ad,5,G1BHyB19ozazdUtAdHJbHW8KXoJqsWq4XMiH64WNRHFz,-172,121688285835,0,,64,true,true,0.85,
9DiruRpjnAnzhn6ts5HGLouHtJrT1JGsPbXNYCrFz2ad,5,G1BHyB19ozazdUtAdHJbHW8KXoJqsWq4XMiH64WNRHFz,-171,122627184761,0,,65,true,true,0.85,
9DiruRpjnAnzhn6ts5HGLouHtJrT1JGsPbXNYCrFz2ad,5,G1BHyB19ozazdUtAdHJbHW8KXoJqsWq4XMiH64WNRHFz,-170,123567103455,0,,66,true,true,0.85,
9DiruRpjnAnzhn6ts5HGLouHtJrT1JGsPbXNYCrFz2ad,5,G1BHyB19ozazdUtAdHJbHW8KXoJqsWq4XMiH64WNRHFz,-169,124519855534,0,,67,true,true,0.85,
9DiruRpjnAnzhn6ts5HGLouHtJrT1JGsPbXNYCrFz2ad,5,G1BHyB19ozazdUtAdHJbHW8KXoJqsWq4XMiH64WNRHFz,-168,125481217899,0,,68,true,true,0.85,
9DiruRpjnAnzhn6ts5HGLouHtJrT1JGsPbXNYCrFz2ad,5,G1BHyB19ozazdUtAdHJbHW8KXoJqsWq4XMiH64WNRHFz,-167,126453142632,0,,69,true,true,0.85,
9DiruRpjnAnzhn6ts5HGLouHtJrT1JGsPbXNYCrFz2ad,5,G1BHyB19ozazdUtAdHJbHW8KXoJqsWq4XMiH64WNRHFz,-166,127428741315,0,,70,true,true,0.85,
9DiruRpjnAnzhn6ts5HGLouHtJrT1JGsPbXNYCrFz2ad,5,G1BHyB19ozazdUtAdHJbHW8KXoJqsWq4XMiH64WNRHFz,-165,128414476820,0,,71,true,true,0.85,
9DiruRpjnAnzhn6ts5HGLouHtJrT1JGsPbXNYCrFz2ad,5,G1BHyB19ozazdUtAdHJbHW8KXoJqsWq4XMiH64WNRHFz,-164,129412094231,0,,72,true,true,0.85,
9DiruRpjnAnzhn6ts5HGLouHtJrT1JGsPbXNYCrFz2ad,5,G1BHyB19ozazdUtAdHJbHW8KXoJqsWq4XMiH64WNRHFz,-163,130413996887,0,,73,true,true,0.85,
9DiruRpjnAnzhn6ts5HGLouHtJrT1JGsPbXNYCrFz2ad,5,G1BHyB19ozazdUtAdHJbHW8KXoJqsWq4XMiH64WNRHFz,-162,131425757432,0,,74,true,true,0.85,
9DiruRpjnAnzhn6ts5HGLouHtJrT1JGsPbXNYCrFz2ad,5,G1BHyB19ozazdUtAdHJbHW8KXoJqsWq4XMiH64WNRHFz,-161,132447898930,0,,75,true,true,0.85,
9DiruRpjnAnzhn6ts5HGLouHtJrT1JGsPbXNYCrFz2ad,5,G1BHyB19ozazdUtAdHJbHW8KXoJqsWq4XMiH64WNRHFz,-160,133477329470,0,,76,true,true,0.85,
9DiruRpjnAnzhn6ts5HGLouHtJrT1JGsPbXNYCrFz2ad,5,G1BHyB19ozazdUtAdHJbHW8KXoJqsWq4XMiH64WNRHFz,-159,134517118027,0,,77,true,true,0.85,
9DiruRpjnAnzhn6ts5HGLouHtJrT1JGsPbXNYCrFz2ad,5,G1BHyB19ozazdUtAdHJbHW8KXoJqsWq4XMiH64WNRHFz,-158,135564893139,0,,78,true,true,0.85,
9DiruRpjnAnzhn6ts5HGLouHtJrT1JGsPbXNYCrFz2ad,5,G1BHyB19ozazdUtAdHJbHW8KXoJqsWq4XMiH64WNRHFz,-157,136623616067,0,,79,true,true,0.85,
9DiruRpjnAnzhn6ts5HGLouHtJrT1JGsPbXNYCrFz2ad,5,G1BHyB19ozazdUtAdHJbHW8KXoJqsWq4XMiH64WNRHFz,-156,137688565161,0,,80,true,true,0.85,
9DiruRpjnAnzhn6ts5HGLouHtJrT1JGsPbXNYCrFz2ad,5,G1BHyB19ozazdUtAdHJbHW8KXoJqsWq4XMiH64WNRHFz,-155,138764158562,0,,81,true,true,0.85,
9DiruRpjnAnzhn6ts5HGLouHtJrT1JGsPbXNYCrFz2ad,5,G1BHyB19ozazdUtAdHJbHW8KXoJqsWq4XMiH64WNRHFz,-154,139849938741,0,,82,true,true,0.85,
9DiruRpjnAnzhn6ts5HGLouHtJrT1JGsPbXNYCrFz2ad,5,G1BHyB19ozazdUtAdHJbHW8KXoJqsWq4XMiH64WNRHFz,-153,140943759818,0,,83,true,true,0.85,
9DiruRpjnAnzhn6ts5HGLouHtJrT1JGsPbXNYCrFz2ad,5,G1BHyB19ozazdUtAdHJbHW8KXoJqsWq4XMiH64WNRHFz,-152,142048505845,0,,84,true,true,0.85,
9DiruRpjnAnzhn6ts5HGLouHtJrT1JGsPbXNYCrFz2ad,5,G1BHyB19ozazdUtAdHJbHW8KXoJqsWq4XMiH64WNRHFz,-151,143159415463,0,,85,true,true,0.85,
9DiruRpjnAnzhn6ts5HGLouHtJrT1JGsPbXNYCrFz2ad,5,G1BHyB19ozazdUtAdHJbHW8KXoJqsWq4XMiH64WNRHFz,-150,144283271546,0,,86,true,true,0.85,
9DiruRpjnAnzhn6ts5HGLouHtJrT1JGsPbXNYCrFz2ad,5,G1BHyB19ozazdUtAdHJbHW8KXoJqsWq4XMiH64WNRHFz,-149,145416128091,0,,87,true,true,0.85,
9DiruRpjnAnzhn6ts5HGLouHtJrT1JGsPbXNYCrFz2ad,5,G1BHyB19ozazdUtAdHJbHW8KXoJqsWq4XMiH64WNRHFz,-148,146557992634,0,,88,true,true,0.85,
9DiruRpjnAnzhn6ts5HGLouHtJrT1JGsPbXNYCrFz2ad,5,G1BHyB19ozazdUtAdHJbHW8KXoJqsWq4XMiH64WNRHFz,-147,147710847241,0,,89,true,true,0.85,
9DiruRpjnAnzhn6ts5HGLouHtJrT1JGsPbXNYCrFz2ad,5,G1BHyB19ozazdUtAdHJbHW8KXoJqsWq4XMiH64WNRHFz,-146,148873702787,0,,90,true,true,0.85,
9DiruRpjnAnzhn6ts5HGLouHtJrT1JGsPbXNYCrFz2ad,5,G1BHyB19ozazdUtAdHJbHW8KXoJqsWq4XMiH64WNRHFz,-145,150045563611,0,,91,true,true,0.85,
9DiruRpjnAnzhn6ts5HGLouHtJrT1JGsPbXNYCrFz2ad,5,G1BHyB19ozazdUtAdHJbHW8KXoJqsWq4XMiH64WNRHFz,-144,151228424590,0,,92,true,true,0.85,
9DiruRpjnAnzhn6ts5HGLouHtJrT1JGsPbXNYCrFz2ad,5,G1BHyB19ozazdUtAdHJbHW8KXoJqsWq4XMiH64WNRHFz,-143,152421289752,0,,93,true,true,0.85,
9DiruRpjnAnzhn6ts5HGLouHtJrT1JGsPbXNYCrFz2ad,5,G1BHyB19ozazdUtAdHJbHW8KXoJqsWq4XMiH64WNRHFz,-142,153624150689,0,,94,true,true,0.85,
9DiruRpjnAnzhn6ts5HGLouHtJrT1JGsPbXNYCrFz2ad,5,G1BHyB19ozazdUtAdHJbHW8KXoJqsWq4XMiH64WNRHFz,-141,154837048694,0,,95,true,true,0.85,
9DiruRpjnAnzhn6ts5HGLouHtJrT1JGsPbXNYCrFz2ad,5,3vRwQLkGVtwEApqwnnAFkZCCefS29tKdcwe53eJG1XQX,-140,156060879651,0,,96,true,true,0.85,
9DiruRpjnAnzhn6ts5HGLouHtJrT1JGsPbXNYCrFz2ad,5,3vRwQLkGVtwEApqwnnAFkZCCefS29tKdcwe53eJG1XQX,-139,157294745472,0,,97,true,true,0.85,
9DiruRpjnAnzhn6ts5HGLouHtJrT1JGsPbXNYCrFz2ad,5,3vRwQLkGVtwEApqwnnAFkZCCefS29tKdcwe53eJG1XQX,-138,158539612378,0,,98,true,true,0.85,
9DiruRpjnAnzhn6ts5HGLouHtJrT1JGsPbXNYCrFz2ad,5,3vRwQLkGVtwEApqwnnAFkZCCefS29tKdcwe53eJG1XQX,-137,159795480229,0,,99,true,true,0.85,
9DiruRpjnAnzhn6ts5HGLouHtJrT1JGsPbXNYCrFz2ad,5,3vRwQLkGVtwEApqwnnAFkZCCefS29tKdcwe53eJG1XQX,-136,161061348509,0,,100,true,true,0.85,
9DiruRpjnAnzhn6ts5HGLouHtJrT1JGsPbXNYCrFz2ad,5,3vRwQLkGVtwEApqwnnAFkZCCefS29tKdcwe53eJG1XQX,-135,162338220449,0,,101,true,true,0.85,
9DiruRpjnAnzhn6ts5HGLouHtJrT1JGsPbXNYCrFz2ad,5,3vRwQLkGVtwEApqwnnAFkZCCefS29tKdcwe53eJG1XQX,-134,163626086308,0,,102,true,true,0.85,
9DiruRpjnAnzhn6ts5HGLouHtJrT1JGsPbXNYCrFz2ad,5,3vRwQLkGVtwEApqwnnAFkZCCefS29tKdcwe53eJG1XQX,-133,164924874636,0,,103,true,true,0.85,
9DiruRpjnAnzhn6ts5HGLouHtJrT1JGsPbXNYCrFz2ad,5,3vRwQLkGVtwEApqwnnAFkZCCefS29tKdcwe53eJG1XQX,-132,166234748132,0,,104,true,true,0.85,
9DiruRpjnAnzhn6ts5HGLouHtJrT1JGsPbXNYCrFz2ad,5,3vRwQLkGVtwEApqwnnAFkZCCefS29tKdcwe53eJG1XQX,-131,167555621199,0,,105,true,true,0.85,
9DiruRpjnAnzhn6ts5HGLouHtJrT1JGsPbXNYCrFz2ad,5,3vRwQLkGVtwEApqwnnAFkZCCefS29tKdcwe53eJG1XQX,-130,168888495721,0,,106,true,true,0.85,
9DiruRpjnAnzhn6ts5HGLouHtJrT1JGsPbXNYCrFz2ad,5,3vRwQLkGVtwEApqwnnAFkZCCefS29tKdcwe53eJG1XQX,-129,170231371254,0,,107,true,true,0.85,
9DiruRpjnAnzhn6ts5HGLouHtJrT1JGsPbXNYCrFz2ad,5,3vRwQLkGVtwEApqwnnAFkZCCefS29tKdcwe53eJG1XQX,-128,171587247547,0,,108,true,true,0.85,
9DiruRpjnAnzhn6ts5HGLouHtJrT1JGsPbXNYCrFz2ad,5,3vRwQLkGVtwEApqwnnAFkZCCefS29tKdcwe53eJG1XQX,-127,172954124651,0,,109,true,true,0.85,
9DiruRpjnAnzhn6ts5HGLouHtJrT1JGsPbXNYCrFz2ad,5,3vRwQLkGVtwEApqwnnAFkZCCefS29tKdcwe53eJG1XQX,-126,174332002679,0,,110,true,true,0.85,
9DiruRpjnAnzhn6ts5HGLouHtJrT1JGsPbXNYCrFz2ad,5,3vRwQLkGVtwEApqwnnAFkZCCefS29tKdcwe53eJG1XQX,-125,175721881641,0,,111,true,true,0.85,
9DiruRpjnAnzhn6ts5HGLouHtJrT1JGsPbXNYCrFz2ad,5,3vRwQLkGVtwEApqwnnAFkZCCefS29tKdcwe53eJG1XQX,-124,177123761547,0,,112,true,true,0.85,
9DiruRpjnAnzhn6ts5HGLouHtJrT1JGsPbXNYCrFz2ad,5,3vRwQLkGVtwEApqwnnAFkZCCefS29tKdcwe53eJG1XQX,-123,178537642073,0,,113,true,true,0.85,
9DiruRpjnAnzhn6ts5HGLouHtJrT1JGsPbXNYCrFz2ad,5,3vRwQLkGVtwEApqwnnAFkZCCefS29tKdcwe53eJG1XQX,-122,179963523461,0,,114,true,true,0.85,
9DiruRpjnAnzhn6ts5HGLouHtJrT1JGsPbXNYCrFz2ad,5,3vRwQLkGVtwEApqwnnAFkZCCefS29tKdcwe53eJG1XQX,-121,181401405911,0,,115,true,true,0.85,
9DiruRpjnAnzhn6ts5HGLouHtJrT1JGsPbXNYCrFz2ad,5,3vRwQLkGVtwEApqwnnAFkZCCefS29tKdcwe53eJG1XQX,-120,182852288768,0,,116,true,true,0.85,
9DiruRpjnAnzhn6ts5HGLouHtJrT1JGsPbXNYCrFz2ad,5,3vRwQLkGVtwEApqwnnAFkZCCefS29tKdcwe53eJG1XQX,-119,184314172575,0,,117,true,true,0.85,
9DiruRpjnAnzhn6ts5HGLouHtJrT1JGsPbXNYCrFz2ad,5,3vRwQLkGVtwEApqwnnAFkZCCefS29tKdcwe53eJG1XQX,-118,185789057249,0,,118,true,true,0.85,
9DiruRpjnAnzhn6ts5HGLouHtJrT1JGsPbXNYCrFz2ad,5,3vRwQLkGVtwEApqwnnAFkZCCefS29tKdcwe53eJG1XQX,-117,187279442502,0,,119,true,true,0.85,
9DiruRpjnAnzhn6ts5HGLouHtJrT1JGsPbXNYCrFz2ad,5,3vRwQLkGVtwEApqwnnAFkZCCefS29tKdcwe53eJG1XQX,-116,188763520360,0,,120,true,true,0.85,
9DiruRpjnAnzhn6ts5HGLouHtJrT1JGsPbXNYCrFz2ad,5,3vRwQLkGVtwEApqwnnAFkZCCefS29tKdcwe53eJG1XQX,-115,190276540044,0,,121,true,true,0.85,
9DiruRpjnAnzhn6ts5HGLouHtJrT1JGsPbXNYCrFz2ad,5,3vRwQLkGVtwEApqwnnAFkZCCefS29tKdcwe53eJG1XQX,-114,191802602443,0,,122,true,true,0.85,
9DiruRpjnAnzhn6ts5HGLouHtJrT1JGsPbXNYCrFz2ad,5,3vRwQLkGVtwEApqwnnAFkZCCefS29tKdcwe53eJG1XQX,-113,193340575346,0,,123,true,true,0.85,
9DiruRpjnAnzhn6ts5HGLouHtJrT1JGsPbXNYCrFz2ad,5,3vRwQLkGVtwEApqwnnAFkZCCefS29tKdcwe53eJG1XQX,-112,194892592523,0,,124,true,true,0.85,
9DiruRpjnAnzhn6ts5HGLouHtJrT1JGsPbXNYCrFz2ad,5,3vRwQLkGVtwEApqwnnAFkZCCefS29tKdcwe53eJG1XQX,-111,196457609690,0,,125,true,true,0.85,
9DiruRpjnAnzhn6ts5HGLouHtJrT1JGsPbXNYCrFz2ad,5,3vRwQLkGVtwEApqwnnAFkZCCefS29tKdcwe53eJG1XQX,-110,198035626095,0,,126,true,true,0.85,
9DiruRpjnAnzhn6ts5HGLouHtJrT1JGsPbXNYCrFz2ad,5,3vRwQLkGVtwEApqwnnAFkZCCefS29tKdcwe53eJG1XQX,-109,199626641695,0,,127,true,true,0.85,
9DiruRpjnAnzhn6ts5HGLouHtJrT1JGsPbXNYCrFz2ad,5,3vRwQLkGVtwEApqwnnAFkZCCefS29tKdcwe53eJG1XQX,-108,201231656831,0,,128,true,true,0.85,
9DiruRpjnAnzhn6ts5HGLouHtJrT1JGsPbXNYCrFz2ad,5,3vRwQLkGVtwEApqwnnAFkZCCefS29tKdcwe53eJG1XQX,-107,202850680152,0,,129,true,true,0.85,
9DiruRpjnAnzhn6ts5HGLouHtJrT1JGsPbXNYCrFz2ad,5,3vRwQLkGVtwEApqwnnAFkZCCefS29tKdcwe53eJG1XQX,-106,204482743445,0,,130,true,true,0.85,
9DiruRpjnAnzhn6ts5HGLouHtJrT1JGsPbXNYCrFz2ad,5,3vRwQLkGVtwEApqwnnAFkZCCefS29tKdcwe53eJG1XQX,-105,206128710177,0,,131,true,true,0.85,
9DiruRpjnAnzhn6ts5HGLouHtJrT1JGsPbXNYCrFz2ad,5,3vRwQLkGVtwEApqwnnAFkZCCefS29tKdcwe53eJG1XQX,-104,207787713183,0,,132,true,true,0.85,
9DiruRpjnAnzhn6ts5HGLouHtJrT1JGsPbXNYCrFz2ad,5,3vRwQLkGVtwEApqwnnAFkZCCefS29tKdcwe53eJG1XQX,-103,209461726880,0,,133,true,true,0.85,
9DiruRpjnAnzhn6ts5HGLouHtJrT1JGsPbXNYCrFz2ad,5,3vRwQLkGVtwEApqwnnAFkZCCefS29tKdcwe53eJG1XQX,-102,211149739108,0,,134,true,true,0.85,
9DiruRpjnAnzhn6ts5HGLouHtJrT1JGsPbXNYCrFz2ad,5,3vRwQLkGVtwEApqwnnAFkZCCefS29tKdcwe53eJG1XQX,-101,212851751617,0,,135,true,true,0.85,
9DiruRpjnAnzhn6ts5HGLouHtJrT1JGsPbXNYCrFz2ad,5,3vRwQLkGVtwEApqwnnAFkZCCefS29tKdcwe53eJG1XQX,-100,214568763465,0,,136,true,true,0.85,
9DiruRpjnAnzhn6ts5HGLouHtJrT1JGsPbXNYCrFz2ad,5,3vRwQLkGVtwEApqwnnAFkZCCefS29tKdcwe53eJG1XQX,-99,216302966137,0,,137,true,true,0.85,
9DiruRpjnAnzhn6ts5HGLouHtJrT1JGsPbXNYCrFz2ad,5,3vRwQLkGVtwEApqwnnAFkZCCefS29tKdcwe53eJG1XQX,-98,218045543277,0,,138,true,true,0.85,
9DiruRpjnAnzhn6ts5HGLouHtJrT1JGsPbXNYCrFz2ad,5,3vRwQLkGVtwEApqwnnAFkZCCefS29tKdcwe53eJG1XQX,-97,219805555330,0,,139,true,true,0.85,
9DiruRpjnAnzhn6ts5HGLouHtJrT1JGsPbXNYCrFz2ad,5,3vRwQLkGVtwEApqwnnAFkZCCefS29tKdcwe53eJG1XQX,-96,221580592477,0,,140,true,true,0.85,
9DiruRpjnAnzhn6ts5HGLouHtJrT1JGsPbXNYCrFz2ad,5,3vRwQLkGVtwEApqwnnAFkZCCefS29tKdcwe53eJG1XQX,-95,223371592004,0,,141,true,true,0.85,
9DiruRpjnAnzhn6ts5HGLouHtJrT1JGsPbXNYCrFz2ad,5,3vRwQLkGVtwEApqwnnAFkZCCefS29tKdcwe53eJG1XQX,-94,225196409742,0,,142,true,true,0.85,
9DiruRpjnAnzhn6ts5HGLouHtJrT1JGsPbXNYCrFz2ad,5,3vRwQLkGVtwEApqwnnAFkZCCefS29tKdcwe53eJG1XQX,-93,227029945027,0,,143,true,true,0.85,
9DiruRpjnAnzhn6ts5HGLouHtJrT1JGsPbXNYCrFz2ad,5,3vRwQLkGVtwEApqwnnAFkZCCefS29tKdcwe53eJG1XQX,-92,228864777850,0,,144,true,true,0.85,
9DiruRpjnAnzhn6ts5HGLouHtJrT1JGsPbXNYCrFz2ad,5,3vRwQLkGVtwEApqwnnAFkZCCefS29tKdcwe53eJG1XQX,-91,230715630056,0,,145,true,true,0.85,
9DiruRpjnAnzhn6ts5HGLouHtJrT1JGsPbXNYCrFz2ad,5,3vRwQLkGVtwEApqwnnAFkZCCefS29tKdcwe53eJG1XQX,-90,232581503557,0,,146,true,true,0.85,
9DiruRpjnAnzhn6ts5HGLouHtJrT1JGsPbXNYCrFz2ad,5,3vRwQLkGVtwEApqwnnAFkZCCefS29tKdcwe53eJG1XQX,-89,234462392310,0,,147,true,true,0.85,
9DiruRpjnAnzhn6ts5HGLouHtJrT1JGsPbXNYCrFz2ad,5,3vRwQLkGVtwEApqwnnAFkZCCefS29tKdcwe53eJG1XQX,-88,236360301879,0,,148,true,true,0.85,
9DiruRpjnAnzhn6ts5HGLouHtJrT1JGsPbXNYCrFz2ad,5,3vRwQLkGVtwEApqwnnAFkZCCefS29tKdcwe53eJG1XQX,-87,238273231118,0,,149,true,true,0.85,
9DiruRpjnAnzhn6ts5HGLouHtJrT1JGsPbXNYCrFz2ad,5,3vRwQLkGVtwEApqwnnAFkZCCefS29tKdcwe53eJG1XQX,-86,240203177075,0,,150,true,true,0.85,
9DiruRpjnAnzhn6ts5HGLouHtJrT1JGsPbXNYCrFz2ad,5,3vRwQLkGVtwEApqwnnAFkZCCefS29tKdcwe53eJG1XQX,-85,242148257498,0,,151,true,true,0.85,
9DiruRpjnAnzhn6ts5HGLouHtJrT1JGsPbXNYCrFz2ad,5,3vRwQLkGVtwEApqwnnAFkZCCefS29tKdcwe53eJG1XQX,-84,244111137908,0,,152,true,true,0.85,
9DiruRpjnAnzhn6ts5HGLouHtJrT1JGsPbXNYCrFz2ad,5,3vRwQLkGVtwEApqwnnAFkZCCefS29tKdcwe53eJG1XQX,-83,246093017697,0,,153,true,true,0.85,
9DiruRpjnAnzhn6ts5HGLouHtJrT1JGsPbXNYCrFz2ad,5,3vRwQLkGVtwEApqwnnAFkZCCefS29tKdcwe53eJG1XQX,-82,248087183532,0,,154,true,true,0.85,
9DiruRpjnAnzhn6ts5HGLouHtJrT1JGsPbXNYCrFz2ad,5,3vRwQLkGVtwEApqwnnAFkZCCefS29tKdcwe53eJG1XQX,-81,250099064655,0,,155,true,true,0.85,
9DiruRpjnAnzhn6ts5HGLouHtJrT1JGsPbXNYCrFz2ad,5,3vRwQLkGVtwEApqwnnAFkZCCefS29tKdcwe53eJG1XQX,-80,252127965696,0,,156,true,true,0.85,
9DiruRpjnAnzhn6ts5HGLouHtJrT1JGsPbXNYCrFz2ad,5,3vRwQLkGVtwEApqwnnAFkZCCefS29tKdcwe53eJG1XQX,-79,254173885789,0,,157,true,true,0.85,
9DiruRpjnAnzhn6ts5HGLouHtJrT1JGsPbXNYCrFz2ad,5,3vRwQLkGVtwEApqwnnAFkZCCefS29tKdcwe53eJG1XQX,-78,256236825453,0,,158,true,true,0.85,
9DiruRpjnAnzhn6ts5HGLouHtJrT1JGsPbXNYCrFz2ad,5,3vRwQLkGVtwEApqwnnAFkZCCefS29tKdcwe53eJG1XQX,-77,258317783750,0,,159,true,true,0.85,
9DiruRpjnAnzhn6ts5HGLouHtJrT1JGsPbXNYCrFz2ad,5,3vRwQLkGVtwEApqwnnAFkZCCefS29tKdcwe53eJG1XQX,-76,260415760240,0,,160,true,true,0.85,
9DiruRpjnAnzhn6ts5HGLouHtJrT1JGsPbXNYCrFz2ad,5,3vRwQLkGVtwEApqwnnAFkZCCefS29tKdcwe53eJG1XQX,-75,262531755988,0,,161,true,true,0.85,
9DiruRpjnAnzhn6ts5HGLouHtJrT1JGsPbXNYCrFz2ad,5,3vRwQLkGVtwEApqwnnAFkZCCefS29tKdcwe53eJG1XQX,-74,264665768867,0,,162,true,true,0.85,
9DiruRpjnAnzhn6ts5HGLouHtJrT1JGsPbXNYCrFz2ad,5,3vRwQLkGVtwEApqwnnAFkZCCefS29tKdcwe53eJG1XQX,-73,266816799697,0,,163,true,true,0.85,
9DiruRpjnAnzhn6ts5HGLouHtJrT1JGsPbXNYCrFz2ad,5,3vRwQLkGVtwEApqwnnAFkZCCefS29tKdcwe53eJG1XQX,-72,268986848838,0,,164,true,true,0.85,
9DiruRpjnAnzhn6ts5HGLouHtJrT1JGsPbXNYCrFz2ad,5,3vRwQLkGVtwEApqwnnAFkZCCefS29tKdcwe53eJG1XQX,-71,271174914371,0,,165,true,true,0.85,
