pool_id,token_pair,fee_tier_raw,notional_usd,hold_window,hold_seconds,fee_velocity_window_used,scenario,fee_proxy_usd,fixed_cost_usd,il_lvr_proxy_usd,net_ev_proxy_usd,net_ev_proxy_pct,confidence,fee_ready
0xf2688fb5b81049dfb7703ada5e770543770612c4,USDC/WBNB,100,20,15m,900,72h,zero_il_lvr,0.000054,0.015255,0.000000,-0.015202,-0.0760,low,True
0xf2688fb5b81049dfb7703ada5e770543770612c4,USDC/WBNB,100,20,15m,900,72h,optimistic,0.000054,0.015255,0.000104,-0.015306,-0.0765,low,True
0xf2688fb5b81049dfb7703ada5e770543770612c4,USDC/WBNB,100,20,15m,900,72h,realistic,0.000054,0.015255,0.000417,-0.015618,-0.0781,medium,True
0xf2688fb5b81049dfb7703ada5e770543770612c4,USDC/WBNB,100,20,15m,900,72h,conservative,0.000054,0.015255,0.001042,-0.016243,-0.0812,medium,True
0xf2688fb5b81049dfb7703ada5e770543770612c4,USDC/WBNB,100,100,15m,900,72h,zero_il_lvr,0.000269,0.015255,0.000000,-0.014986,-0.0150,low,True
0xf2688fb5b81049dfb7703ada5e770543770612c4,USDC/WBNB,100,100,15m,900,72h,optimistic,0.000269,0.015255,0.000521,-0.015507,-0.0155,low,True
0xf2688fb5b81049dfb7703ada5e770543770612c4,USDC/WBNB,100,100,15m,900,72h,realistic,0.000269,0.015255,0.002083,-0.017069,-0.0171,medium,True
0xf2688fb5b81049dfb7703ada5e770543770612c4,USDC/WBNB,100,100,15m,900,72h,conservative,0.000269,0.015255,0.005208,-0.020194,-0.0202,medium,True
0xf2688fb5b81049dfb7703ada5e770543770612c4,USDC/WBNB,100,500,15m,900,72h,zero_il_lvr,0.001347,0.015255,0.000000,-0.013909,-0.0028,low,True
0xf2688fb5b81049dfb7703ada5e770543770612c4,USDC/WBNB,100,500,15m,900,72h,optimistic,0.001347,0.015255,0.002604,-0.016513,-0.0033,low,True
0xf2688fb5b81049dfb7703ada5e770543770612c4,USDC/WBNB,100,500,15m,900,72h,realistic,0.001347,0.015255,0.010417,-0.024325,-0.0049,medium,True
0xf2688fb5b81049dfb7703ada5e770543770612c4,USDC/WBNB,100,500,15m,900,72h,conservative,0.001347,0.015255,0.026042,-0.039950,-0.0080,medium,True
0xf2688fb5b81049dfb7703ada5e770543770612c4,USDC/WBNB,100,1000,15m,900,72h,zero_il_lvr,0.002693,0.015255,0.000000,-0.012562,-0.0013,low,True
0xf2688fb5b81049dfb7703ada5e770543770612c4,USDC/WBNB,100,1000,15m,900,72h,optimistic,0.002693,0.015255,0.005208,-0.017770,-0.0018,low,True
0xf2688fb5b81049dfb7703ada5e770543770612c4,USDC/WBNB,100,1000,15m,900,72h,realistic,0.002693,0.015255,0.020833,-0.033395,-0.0033,medium,True
0xf2688fb5b81049dfb7703ada5e770543770612c4,USDC/WBNB,100,1000,15m,900,72h,conservative,0.002693,0.015255,0.052083,-0.064645,-0.0065,medium,True
0xf2688fb5b81049dfb7703ada5e770543770612c4,USDC/WBNB,100,2000,15m,900,72h,zero_il_lvr,0.005387,0.015255,0.000000,-0.009869,-0.0005,low,True
0xf2688fb5b81049dfb7703ada5e770543770612c4,USDC/WBNB,100,2000,15m,900,72h,optimistic,0.005387,0.015255,0.010417,-0.020285,-0.0010,low,True
0xf2688fb5b81049dfb7703ada5e770543770612c4,USDC/WBNB,100,2000,15m,900,72h,realistic,0.005387,0.015255,0.041667,-0.051535,-0.0026,medium,True
0xf2688fb5b81049dfb7703ada5e770543770612c4,USDC/WBNB,100,2000,15m,900,72h,conservative,0.005387,0.015255,0.104167,-0.114035,-0.0057,medium,True
0xf2688fb5b81049dfb7703ada5e770543770612c4,USDC/WBNB,100,20,30m,1800,72h,zero_il_lvr,0.000108,0.015255,0.000000,-0.015148,-0.0757,low,True
0xf2688fb5b81049dfb7703ada5e770543770612c4,USDC/WBNB,100,20,30m,1800,72h,optimistic,0.000108,0.015255,0.000208,-0.015356,-0.0768,low,True
0xf2688fb5b81049dfb7703ada5e770543770612c4,USDC/WBNB,100,20,30m,1800,72h,realistic,0.000108,0.015255,0.000833,-0.015981,-0.0799,medium,True
0xf2688fb5b81049dfb7703ada5e770543770612c4,USDC/WBNB,100,20,30m,1800,72h,conservative,0.000108,0.015255,0.002083,-0.017231,-0.0862,medium,True
0xf2688fb5b81049dfb7703ada5e770543770612c4,USDC/WBNB,100,100,30m,1800,72h,zero_il_lvr,0.000539,0.015255,0.000000,-0.014717,-0.0147,low,True
0xf2688fb5b81049dfb7703ada5e770543770612c4,USDC/WBNB,100,100,30m,1800,72h,optimistic,0.000539,0.015255,0.001042,-0.015758,-0.0158,low,True
0xf2688fb5b81049dfb7703ada5e770543770612c4,USDC/WBNB,100,100,30m,1800,72h,realistic,0.000539,0.015255,0.004167,-0.018883,-0.0189,medium,True
0xf2688fb5b81049dfb7703ada5e770543770612c4,USDC/WBNB,100,100,30m,1800,72h,conservative,0.000539,0.015255,0.010417,-0.025133,-0.0251,medium,True
0xf2688fb5b81049dfb7703ada5e770543770612c4,USDC/WBNB,100,500,30m,1800,72h,zero_il_lvr,0.002693,0.015255,0.000000,-0.012562,-0.0025,low,True
0xf2688fb5b81049dfb7703ada5e770543770612c4,USDC/WBNB,100,500,30m,1800,72h,optimistic,0.002693,0.015255,0.005208,-0.017770,-0.0036,low,True
0xf2688fb5b81049dfb7703ada5e770543770612c4,USDC/WBNB,100,500,30m,1800,72h,realistic,0.002693,0.015255,0.020833,-0.033395,-0.0067,medium,True
0xf2688fb5b81049dfb7703ada5e770543770612c4,USDC/WBNB,100,500,30m,1800,72h,conservative,0.002693,0.015255,0.052083,-0.064645,-0.0129,medium,True
0xf2688fb5b81049dfb7703ada5e770543770612c4,USDC/WBNB,100,1000,30m,1800,72h,zero_il_lvr,0.005387,0.015255,0.000000,-0.009869,-0.0010,low,True
0xf2688fb5b81049dfb7703ada5e770543770612c4,USDC/WBNB,100,1000,30m,1800,72h,optimistic,0.005387,0.015255,0.010417,-0.020285,-0.0020,low,True
0xf2688fb5b81049dfb7703ada5e770543770612c4,USDC/WBNB,100,1000,30m,1800,72h,realistic,0.005387,0.015255,0.041667,-0.051535,-0.0052,medium,True
0xf2688fb5b81049dfb7703ada5e770543770612c4,USDC/WBNB,100,1000,30m,1800,72h,conservative,0.005387,0.015255,0.104167,-0.114035,-0.0114,medium,True
0xf2688fb5b81049dfb7703ada5e770543770612c4,USDC/WBNB,100,2000,30m,1800,72h,zero_il_lvr,0.010773,0.015255,0.000000,-0.004482,-0.0002,low,True
0xf2688fb5b81049dfb7703ada5e770543770612c4,USDC/WBNB,100,2000,30m,1800,72h,optimistic,0.010773,0.015255,0.020833,-0.025315,-0.0013,low,True
0xf2688fb5b81049dfb7703ada5e770543770612c4,USDC/WBNB,100,2000,30m,1800,72h,realistic,0.010773,0.015255,0.083333,-0.087815,-0.0044,medium,True
0xf2688fb5b81049dfb7703ada5e770543770612c4,USDC/WBNB,100,2000,30m,1800,72h,conservative,0.010773,0.015255,0.208333,-0.212815,-0.0106,medium,True
0xf2688fb5b81049dfb7703ada5e770543770612c4,USDC/WBNB,100,20,1h,3600,72h,zero_il_lvr,0.000215,0.015255,0.000000,-0.015040,-0.0752,low,True
0xf2688fb5b81049dfb7703ada5e770543770612c4,USDC/WBNB,100,20,1h,3600,72h,optimistic,0.000215,0.015255,0.000417,-0.015457,-0.0773,low,True
0xf2688fb5b81049dfb7703ada5e770543770612c4,USDC/WBNB,100,20,1h,3600,72h,realistic,0.000215,0.015255,0.001667,-0.016707,-0.0835,medium,True
0xf2688fb5b81049dfb7703ada5e770543770612c4,USDC/WBNB,100,20,1h,3600,72h,conservative,0.000215,0.015255,0.004167,-0.019207,-0.0960,medium,True
0xf2688fb5b81049dfb7703ada5e770543770612c4,USDC/WBNB,100,100,1h,3600,72h,zero_il_lvr,0.001077,0.015255,0.000000,-0.014178,-0.0142,low,True
0xf2688fb5b81049dfb7703ada5e770543770612c4,USDC/WBNB,100,100,1h,3600,72h,optimistic,0.001077,0.015255,0.002083,-0.016261,-0.0163,low,True
0xf2688fb5b81049dfb7703ada5e770543770612c4,USDC/WBNB,100,100,1h,3600,72h,realistic,0.001077,0.015255,0.008333,-0.022511,-0.0225,medium,True
0xf2688fb5b81049dfb7703ada5e770543770612c4,USDC/WBNB,100,100,1h,3600,72h,conservative,0.001077,0.015255,0.020833,-0.035011,-0.0350,medium,True
0xf2688fb5b81049dfb7703ada5e770543770612c4,USDC/WBNB,100,500,1h,3600,72h,zero_il_lvr,0.005387,0.015255,0.000000,-0.009869,-0.0020,low,True
0xf2688fb5b81049dfb7703ada5e770543770612c4,USDC/WBNB,100,500,1h,3600,72h,optimistic,0.005387,0.015255,0.010417,-0.020285,-0.0041,low,True
0xf2688fb5b81049dfb7703ada5e770543770612c4,USDC/WBNB,100,500,1h,3600,72h,realistic,0.005387,0.015255,0.041667,-0.051535,-0.0103,medium,True
0xf2688fb5b81049dfb7703ada5e770543770612c4,USDC/WBNB,100,500,1h,3600,72h,conservative,0.005387,0.015255,0.104167,-0.114035,-0.0228,medium,True
0xf2688fb5b81049dfb7703ada5e770543770612c4,USDC/WBNB,100,1000,1h,3600,72h,zero_il_lvr,0.010773,0.015255,0.000000,-0.004482,-0.0004,low,True
0xf2688fb5b81049dfb7703ada5e770543770612c4,USDC/WBNB,100,1000,1h,3600,72h,optimistic,0.010773,0.015255,0.020833,-0.025315,-0.0025,low,True
0xf2688fb5b81049dfb7703ada5e770543770612c4,USDC/WBNB,100,1000,1h,3600,72h,realistic,0.010773,0.015255,0.083333,-0.087815,-0.0088,medium,True
0xf2688fb5b81049dfb7703ada5e770543770612c4,USDC/WBNB,100,1000,1h,3600,72h,conservative,0.010773,0.015255,0.208333,-0.212815,-0.0213,medium,True
0xf2688fb5b81049dfb7703ada5e770543770612c4,USDC/WBNB,100,2000,1h,3600,72h,zero_il_lvr,0.021547,0.015255,0.000000,0.006291,0.0003,low,True
0xf2688fb5b81049dfb7703ada5e770543770612c4,USDC/WBNB,100,2000,1h,3600,72h,optimistic,0.021547,0.015255,0.041667,-0.035375,-0.0018,low,True
0xf2688fb5b81049dfb7703ada5e770543770612c4,USDC/WBNB,100,2000,1h,3600,72h,realistic,0.021547,0.015255,0.166667,-0.160375,-0.0080,medium,True
0xf2688fb5b81049dfb7703ada5e770543770612c4,USDC/WBNB,100,2000,1h,3600,72h,conservative,0.021547,0.015255,0.416667,-0.410375,-0.0205,medium,True
0xf2688fb5b81049dfb7703ada5e770543770612c4,USDC/WBNB,100,20,2h,7200,72h,zero_il_lvr,0.000431,0.015255,0.000000,-0.014825,-0.0741,low,True
0xf2688fb5b81049dfb7703ada5e770543770612c4,USDC/WBNB,100,20,2h,7200,72h,optimistic,0.000431,0.015255,0.000833,-0.015658,-0.0783,low,True
0xf2688fb5b81049dfb7703ada5e770543770612c4,USDC/WBNB,100,20,2h,7200,72h,realistic,0.000431,0.015255,0.003333,-0.018158,-0.0908,medium,True
0xf2688fb5b81049dfb7703ada5e770543770612c4,USDC/WBNB,100,20,2h,7200,72h,conservative,0.000431,0.015255,0.008333,-0.023158,-0.1158,medium,True
0xf2688fb5b81049dfb7703ada5e770543770612c4,USDC/WBNB,100,100,2h,7200,72h,zero_il_lvr,0.002155,0.015255,0.000000,-0.013101,-0.0131,low,True
0xf2688fb5b81049dfb7703ada5e770543770612c4,USDC/WBNB,100,100,2h,7200,72h,optimistic,0.002155,0.015255,0.004167,-0.017267,-0.0173,low,True
0xf2688fb5b81049dfb7703ada5e770543770612c4,USDC/WBNB,100,100,2h,7200,72h,realistic,0.002155,0.015255,0.016667,-0.029767,-0.0298,medium,True
0xf2688fb5b81049dfb7703ada5e770543770612c4,USDC/WBNB,100,100,2h,7200,72h,conservative,0.002155,0.015255,0.041667,-0.054767,-0.0548,medium,True
0xf2688fb5b81049dfb7703ada5e770543770612c4,USDC/WBNB,100,500,2h,7200,72h,zero_il_lvr,0.010773,0.015255,0.000000,-0.004482,-0.0009,low,True
0xf2688fb5b81049dfb7703ada5e770543770612c4,USDC/WBNB,100,500,2h,7200,72h,optimistic,0.010773,0.015255,0.020833,-0.025315,-0.0051,low,True
0xf2688fb5b81049dfb7703ada5e770543770612c4,USDC/WBNB,100,500,2h,7200,72h,realistic,0.010773,0.015255,0.083333,-0.087815,-0.0176,medium,True
0xf2688fb5b81049dfb7703ada5e770543770612c4,USDC/WBNB,100,500,2h,7200,72h,conservative,0.010773,0.015255,0.208333,-0.212815,-0.0426,medium,True
0xf2688fb5b81049dfb7703ada5e770543770612c4,USDC/WBNB,100,1000,2h,7200,72h,zero_il_lvr,0.021547,0.015255,0.000000,0.006291,0.0006,low,True
0xf2688fb5b81049dfb7703ada5e770543770612c4,USDC/WBNB,100,1000,2h,7200,72h,optimistic,0.021547,0.015255,0.041667,-0.035375,-0.0035,low,True
0xf2688fb5b81049dfb7703ada5e770543770612c4,USDC/WBNB,100,1000,2h,7200,72h,realistic,0.021547,0.015255,0.166667,-0.160375,-0.0160,medium,True
0xf2688fb5b81049dfb7703ada5e770543770612c4,USDC/WBNB,100,1000,2h,7200,72h,conservative,0.021547,0.015255,0.416667,-0.410375,-0.0410,medium,True
0xf2688fb5b81049dfb7703ada5e770543770612c4,USDC/WBNB,100,2000,2h,7200,72h,zero_il_lvr,0.043094,0.015255,0.000000,0.027838,0.0014,low,True
0xf2688fb5b81049dfb7703ada5e770543770612c4,USDC/WBNB,100,2000,2h,7200,72h,optimistic,0.043094,0.015255,0.083333,-0.055495,-0.0028,low,True
0xf2688fb5b81049dfb7703ada5e770543770612c4,USDC/WBNB,100,2000,2h,7200,72h,realistic,0.043094,0.015255,0.333333,-0.305495,-0.0153,medium,True
0xf2688fb5b81049dfb7703ada5e770543770612c4,USDC/WBNB,100,2000,2h,7200,72h,conservative,0.043094,0.015255,0.833333,-0.805495,-0.0403,medium,True
0xf2688fb5b81049dfb7703ada5e770543770612c4,USDC/WBNB,100,20,6h,21600,72h,zero_il_lvr,0.001293,0.015255,0.000000,-0.013963,-0.0698,low,True
0xf2688fb5b81049dfb7703ada5e770543770612c4,USDC/WBNB,100,20,6h,21600,72h,optimistic,0.001293,0.015255,0.002500,-0.016463,-0.0823,low,True
0xf2688fb5b81049dfb7703ada5e770543770612c4,USDC/WBNB,100,20,6h,21600,72h,realistic,0.001293,0.015255,0.010000,-0.023963,-0.1198,medium,True
0xf2688fb5b81049dfb7703ada5e770543770612c4,USDC/WBNB,100,20,6h,21600,72h,conservative,0.001293,0.015255,0.025000,-0.038963,-0.1948,medium,True
0xf2688fb5b81049dfb7703ada5e770543770612c4,USDC/WBNB,100,100,6h,21600,72h,zero_il_lvr,0.006464,0.015255,0.000000,-0.008791,-0.0088,low,True
0xf2688fb5b81049dfb7703ada5e770543770612c4,USDC/WBNB,100,100,6h,21600,72h,optimistic,0.006464,0.015255,0.012500,-0.021291,-0.0213,low,True
0xf2688fb5b81049dfb7703ada5e770543770612c4,USDC/WBNB,100,100,6h,21600,72h,realistic,0.006464,0.015255,0.050000,-0.058791,-0.0588,medium,True
0xf2688fb5b81049dfb7703ada5e770543770612c4,USDC/WBNB,100,100,6h,21600,72h,conservative,0.006464,0.015255,0.125000,-0.133791,-0.1338,medium,True
0xf2688fb5b81049dfb7703ada5e770543770612c4,USDC/WBNB,100,500,6h,21600,72h,zero_il_lvr,0.032320,0.015255,0.000000,0.017065,0.0034,low,True
0xf2688fb5b81049dfb7703ada5e770543770612c4,USDC/WBNB,100,500,6h,21600,72h,optimistic,0.032320,0.015255,0.062500,-0.045435,-0.0091,low,True
0xf2688fb5b81049dfb7703ada5e770543770612c4,USDC/WBNB,100,500,6h,21600,72h,realistic,0.032320,0.015255,0.250000,-0.232935,-0.0466,medium,True
0xf2688fb5b81049dfb7703ada5e770543770612c4,USDC/WBNB,100,500,6h,21600,72h,conservative,0.032320,0.015255,0.625000,-0.607935,-0.1216,medium,True
0xf2688fb5b81049dfb7703ada5e770543770612c4,USDC/WBNB,100,1000,6h,21600,72h,zero_il_lvr,0.064640,0.015255,0.000000,0.049385,0.0049,low,True
0xf2688fb5b81049dfb7703ada5e770543770612c4,USDC/WBNB,100,1000,6h,21600,72h,optimistic,0.064640,0.015255,0.125000,-0.075615,-0.0076,low,True
0xf2688fb5b81049dfb7703ada5e770543770612c4,USDC/WBNB,100,1000,6h,21600,72h,realistic,0.064640,0.015255,0.500000,-0.450615,-0.0451,medium,True
0xf2688fb5b81049dfb7703ada5e770543770612c4,USDC/WBNB,100,1000,6h,21600,72h,conservative,0.064640,0.015255,1.250000,-1.200615,-0.1201,medium,True
0xf2688fb5b81049dfb7703ada5e770543770612c4,USDC/WBNB,100,2000,6h,21600,72h,zero_il_lvr,0.129281,0.015255,0.000000,0.114025,0.0057,low,True
0xf2688fb5b81049dfb7703ada5e770543770612c4,USDC/WBNB,100,2000,6h,21600,72h,optimistic,0.129281,0.015255,0.250000,-0.135975,-0.0068,low,True
0xf2688fb5b81049dfb7703ada5e770543770612c4,USDC/WBNB,100,2000,6h,21600,72h,realistic,0.129281,0.015255,1.000000,-0.885975,-0.0443,medium,True
0xf2688fb5b81049dfb7703ada5e770543770612c4,USDC/WBNB,100,2000,6h,21600,72h,conservative,0.129281,0.015255,2.500000,-2.385975,-0.1193,medium,True
0xf2688fb5b81049dfb7703ada5e770543770612c4,USDC/WBNB,100,20,24h,86400,72h,zero_il_lvr,0.005171,0.015255,0.000000,-0.010084,-0.0504,low,True
0xf2688fb5b81049dfb7703ada5e770543770612c4,USDC/WBNB,100,20,24h,86400,72h,optimistic,0.005171,0.015255,0.010000,-0.020084,-0.1004,low,True
0xf2688fb5b81049dfb7703ada5e770543770612c4,USDC/WBNB,100,20,24h,86400,72h,realistic,0.005171,0.015255,0.040000,-0.050084,-0.2504,medium,True
0xf2688fb5b81049dfb7703ada5e770543770612c4,USDC/WBNB,100,20,24h,86400,72h,conservative,0.005171,0.015255,0.100000,-0.110084,-0.5504,medium,True
0xf2688fb5b81049dfb7703ada5e770543770612c4,USDC/WBNB,100,100,24h,86400,72h,zero_il_lvr,0.025856,0.015255,0.000000,0.010601,0.0106,low,True
0xf2688fb5b81049dfb7703ada5e770543770612c4,USDC/WBNB,100,100,24h,86400,72h,optimistic,0.025856,0.015255,0.050000,-0.039399,-0.0394,low,True
0xf2688fb5b81049dfb7703ada5e770543770612c4,USDC/WBNB,100,100,24h,86400,72h,realistic,0.025856,0.015255,0.200000,-0.189399,-0.1894,medium,True
0xf2688fb5b81049dfb7703ada5e770543770612c4,USDC/WBNB,100,100,24h,86400,72h,conservative,0.025856,0.015255,0.500000,-0.489399,-0.4894,medium,True
0xf2688fb5b81049dfb7703ada5e770543770612c4,USDC/WBNB,100,500,24h,86400,72h,zero_il_lvr,0.129281,0.015255,0.000000,0.114025,0.0228,low,True
0xf2688fb5b81049dfb7703ada5e770543770612c4,USDC/WBNB,100,500,24h,86400,72h,optimistic,0.129281,0.015255,0.250000,-0.135975,-0.0272,low,True
0xf2688fb5b81049dfb7703ada5e770543770612c4,USDC/WBNB,100,500,24h,86400,72h,realistic,0.129281,0.015255,1.000000,-0.885975,-0.1772,medium,True
0xf2688fb5b81049dfb7703ada5e770543770612c4,USDC/WBNB,100,500,24h,86400,72h,conservative,0.129281,0.015255,2.500000,-2.385975,-0.4772,medium,True
0xf2688fb5b81049dfb7703ada5e770543770612c4,USDC/WBNB,100,1000,24h,86400,72h,zero_il_lvr,0.258561,0.015255,0.000000,0.243306,0.0243,low,True
0xf2688fb5b81049dfb7703ada5e770543770612c4,USDC/WBNB,100,1000,24h,86400,72h,optimistic,0.258561,0.015255,0.500000,-0.256694,-0.0257,low,True
0xf2688fb5b81049dfb7703ada5e770543770612c4,USDC/WBNB,100,1000,24h,86400,72h,realistic,0.258561,0.015255,2.000000,-1.756694,-0.1757,medium,True
0xf2688fb5b81049dfb7703ada5e770543770612c4,USDC/WBNB,100,1000,24h,86400,72h,conservative,0.258561,0.015255,5.000000,-4.756694,-0.4757,medium,True
0xf2688fb5b81049dfb7703ada5e770543770612c4,USDC/WBNB,100,2000,24h,86400,72h,zero_il_lvr,0.517122,0.015255,0.000000,0.501867,0.0251,low,True
0xf2688fb5b81049dfb7703ada5e770543770612c4,USDC/WBNB,100,2000,24h,86400,72h,optimistic,0.517122,0.015255,1.000000,-0.498133,-0.0249,low,True
0xf2688fb5b81049dfb7703ada5e770543770612c4,USDC/WBNB,100,2000,24h,86400,72h,realistic,0.517122,0.015255,4.000000,-3.498133,-0.1749,medium,True
0xf2688fb5b81049dfb7703ada5e770543770612c4,USDC/WBNB,100,2000,24h,86400,72h,conservative,0.517122,0.015255,10.000000,-9.498133,-0.4749,medium,True
0x81a9b5f18179ce2bf8f001b8a634db80771f1824,USDC/WBNB,500,20,15m,900,72h,zero_il_lvr,0.000001,0.015255,0.000000,-0.015255,-0.0763,low,True
0x81a9b5f18179ce2bf8f001b8a634db80771f1824,USDC/WBNB,500,20,15m,900,72h,optimistic,0.000001,0.015255,0.000104,-0.015359,-0.0768,low,True
0x81a9b5f18179ce2bf8f001b8a634db80771f1824,USDC/WBNB,500,20,15m,900,72h,realistic,0.000001,0.015255,0.000417,-0.015672,-0.0784,medium,True
0x81a9b5f18179ce2bf8f001b8a634db80771f1824,USDC/WBNB,500,20,15m,900,72h,conservative,0.000001,0.015255,0.001042,-0.016297,-0.0815,medium,True
0x81a9b5f18179ce2bf8f001b8a634db80771f1824,USDC/WBNB,500,100,15m,900,72h,zero_il_lvr,0.000003,0.015255,0.000000,-0.015252,-0.0153,low,True
0x81a9b5f18179ce2bf8f001b8a634db80771f1824,USDC/WBNB,500,100,15m,900,72h,optimistic,0.000003,0.015255,0.000521,-0.015773,-0.0158,low,True
0x81a9b5f18179ce2bf8f001b8a634db80771f1824,USDC/WBNB,500,100,15m,900,72h,realistic,0.000003,0.015255,0.002083,-0.017336,-0.0173,medium,True
0x81a9b5f18179ce2bf8f001b8a634db80771f1824,USDC/WBNB,500,100,15m,900,72h,conservative,0.000003,0.015255,0.005208,-0.020461,-0.0205,medium,True
0x81a9b5f18179ce2bf8f001b8a634db80771f1824,USDC/WBNB,500,500,15m,900,72h,zero_il_lvr,0.000015,0.015255,0.000000,-0.015241,-0.0030,low,True
0x81a9b5f18179ce2bf8f001b8a634db80771f1824,USDC/WBNB,500,500,15m,900,72h,optimistic,0.000015,0.015255,0.002604,-0.017845,-0.0036,low,True
0x81a9b5f18179ce2bf8f001b8a634db80771f1824,USDC/WBNB,500,500,15m,900,72h,realistic,0.000015,0.015255,0.010417,-0.025657,-0.0051,medium,True
0x81a9b5f18179ce2bf8f001b8a634db80771f1824,USDC/WBNB,500,500,15m,900,72h,conservative,0.000015,0.015255,0.026042,-0.041282,-0.0083,medium,True
0x81a9b5f18179ce2bf8f001b8a634db80771f1824,USDC/WBNB,500,1000,15m,900,72h,zero_il_lvr,0.000030,0.015255,0.000000,-0.015226,-0.0015,low,True
0x81a9b5f18179ce2bf8f001b8a634db80771f1824,USDC/WBNB,500,1000,15m,900,72h,optimistic,0.000030,0.015255,0.005208,-0.020434,-0.0020,low,True
0x81a9b5f18179ce2bf8f001b8a634db80771f1824,USDC/WBNB,500,1000,15m,900,72h,realistic,0.000030,0.015255,0.020833,-0.036059,-0.0036,medium,True
0x81a9b5f18179ce2bf8f001b8a634db80771f1824,USDC/WBNB,500,1000,15m,900,72h,conservative,0.000030,0.015255,0.052083,-0.067309,-0.0067,medium,True
0x81a9b5f18179ce2bf8f001b8a634db80771f1824,USDC/WBNB,500,2000,15m,900,72h,zero_il_lvr,0.000060,0.015255,0.000000,-0.015196,-0.0008,low,True
0x81a9b5f18179ce2bf8f001b8a634db80771f1824,USDC/WBNB,500,2000,15m,900,72h,optimistic,0.000060,0.015255,0.010417,-0.025612,-0.0013,low,True
0x81a9b5f18179ce2bf8f001b8a634db80771f1824,USDC/WBNB,500,2000,15m,900,72h,realistic,0.000060,0.015255,0.041667,-0.056862,-0.0028,medium,True
0x81a9b5f18179ce2bf8f001b8a634db80771f1824,USDC/WBNB,500,2000,15m,900,72h,conservative,0.000060,0.015255,0.104167,-0.119362,-0.0060,medium,True
0x81a9b5f18179ce2bf8f001b8a634db80771f1824,USDC/WBNB,500,20,30m,1800,72h,zero_il_lvr,0.000001,0.015255,0.000000,-0.015254,-0.0763,low,True
0x81a9b5f18179ce2bf8f001b8a634db80771f1824,USDC/WBNB,500,20,30m,1800,72h,optimistic,0.000001,0.015255,0.000208,-0.015463,-0.0773,low,True
0x81a9b5f18179ce2bf8f001b8a634db80771f1824,USDC/WBNB,500,20,30m,1800,72h,realistic,0.000001,0.015255,0.000833,-0.016088,-0.0804,medium,True
0x81a9b5f18179ce2bf8f001b8a634db80771f1824,USDC/WBNB,500,20,30m,1800,72h,conservative,0.000001,0.015255,0.002083,-0.017338,-0.0867,medium,True
0x81a9b5f18179ce2bf8f001b8a634db80771f1824,USDC/WBNB,500,100,30m,1800,72h,zero_il_lvr,0.000006,0.015255,0.000000,-0.015249,-0.0152,low,True
0x81a9b5f18179ce2bf8f001b8a634db80771f1824,USDC/WBNB,500,100,30m,1800,72h,optimistic,0.000006,0.015255,0.001042,-0.016291,-0.0163,low,True
0x81a9b5f18179ce2bf8f001b8a634db80771f1824,USDC/WBNB,500,100,30m,1800,72h,realistic,0.000006,0.015255,0.004167,-0.019416,-0.0194,medium,True
0x81a9b5f18179ce2bf8f001b8a634db80771f1824,USDC/WBNB,500,100,30m,1800,72h,conservative,0.000006,0.015255,0.010417,-0.025666,-0.0257,medium,True
0x81a9b5f18179ce2bf8f001b8a634db80771f1824,USDC/WBNB,500,500,30m,1800,72h,zero_il_lvr,0.000030,0.015255,0.000000,-0.015226,-0.0030,low,True
0x81a9b5f18179ce2bf8f001b8a634db80771f1824,USDC/WBNB,500,500,30m,1800,72h,optimistic,0.000030,0.015255,0.005208,-0.020434,-0.0041,low,True
0x81a9b5f18179ce2bf8f001b8a634db80771f1824,USDC/WBNB,500,500,30m,1800,72h,realistic,0.000030,0.015255,0.020833,-0.036059,-0.0072,medium,True
0x81a9b5f18179ce2bf8f001b8a634db80771f1824,USDC/WBNB,500,500,30m,1800,72h,conservative,0.000030,0.015255,0.052083,-0.067309,-0.0135,medium,True
0x81a9b5f18179ce2bf8f001b8a634db80771f1824,USDC/WBNB,500,1000,30m,1800,72h,zero_il_lvr,0.000060,0.015255,0.000000,-0.015196,-0.0015,low,True
0x81a9b5f18179ce2bf8f001b8a634db80771f1824,USDC/WBNB,500,1000,30m,1800,72h,optimistic,0.000060,0.015255,0.010417,-0.025612,-0.0026,low,True
0x81a9b5f18179ce2bf8f001b8a634db80771f1824,USDC/WBNB,500,1000,30m,1800,72h,realistic,0.000060,0.015255,0.041667,-0.056862,-0.0057,medium,True
0x81a9b5f18179ce2bf8f001b8a634db80771f1824,USDC/WBNB,500,1000,30m,1800,72h,conservative,0.000060,0.015255,0.104167,-0.119362,-0.0119,medium,True
0x81a9b5f18179ce2bf8f001b8a634db80771f1824,USDC/WBNB,500,2000,30m,1800,72h,zero_il_lvr,0.000120,0.015255,0.000000,-0.015136,-0.0008,low,True
0x81a9b5f18179ce2bf8f001b8a634db80771f1824,USDC/WBNB,500,2000,30m,1800,72h,optimistic,0.000120,0.015255,0.020833,-0.035969,-0.0018,low,True
0x81a9b5f18179ce2bf8f001b8a634db80771f1824,USDC/WBNB,500,2000,30m,1800,72h,realistic,0.000120,0.015255,0.083333,-0.098469,-0.0049,medium,True
0x81a9b5f18179ce2bf8f001b8a634db80771f1824,USDC/WBNB,500,2000,30m,1800,72h,conservative,0.000120,0.015255,0.208333,-0.223469,-0.0112,medium,True
0x81a9b5f18179ce2bf8f001b8a634db80771f1824,USDC/WBNB,500,20,1h,3600,72h,zero_il_lvr,0.000002,0.015255,0.000000,-0.015253,-0.0763,low,True
0x81a9b5f18179ce2bf8f001b8a634db80771f1824,USDC/WBNB,500,20,1h,3600,72h,optimistic,0.000002,0.015255,0.000417,-0.015670,-0.0783,low,True
0x81a9b5f18179ce2bf8f001b8a634db80771f1824,USDC/WBNB,500,20,1h,3600,72h,realistic,0.000002,0.015255,0.001667,-0.016920,-0.0846,medium,True
0x81a9b5f18179ce2bf8f001b8a634db80771f1824,USDC/WBNB,500,20,1h,3600,72h,conservative,0.000002,0.015255,0.004167,-0.019420,-0.0971,medium,True
0x81a9b5f18179ce2bf8f001b8a634db80771f1824,USDC/WBNB,500,100,1h,3600,72h,zero_il_lvr,0.000012,0.015255,0.000000,-0.015244,-0.0152,low,True
0x81a9b5f18179ce2bf8f001b8a634db80771f1824,USDC/WBNB,500,100,1h,3600,72h,optimistic,0.000012,0.015255,0.002083,-0.017327,-0.0173,low,True
0x81a9b5f18179ce2bf8f001b8a634db80771f1824,USDC/WBNB,500,100,1h,3600,72h,realistic,0.000012,0.015255,0.008333,-0.023577,-0.0236,medium,True
0x81a9b5f18179ce2bf8f001b8a634db80771f1824,USDC/WBNB,500,100,1h,3600,72h,conservative,0.000012,0.015255,0.020833,-0.036077,-0.0361,medium,True
0x81a9b5f18179ce2bf8f001b8a634db80771f1824,USDC/WBNB,500,500,1h,3600,72h,zero_il_lvr,0.000060,0.015255,0.000000,-0.015196,-0.0030,low,True
0x81a9b5f18179ce2bf8f001b8a634db80771f1824,USDC/WBNB,500,500,1h,3600,72h,optimistic,0.000060,0.015255,0.010417,-0.025612,-0.0051,low,True
0x81a9b5f18179ce2bf8f001b8a634db80771f1824,USDC/WBNB,500,500,1h,3600,72h,realistic,0.000060,0.015255,0.041667,-0.056862,-0.0114,medium,True
0x81a9b5f18179ce2bf8f001b8a634db80771f1824,USDC/WBNB,500,500,1h,3600,72h,conservative,0.000060,0.015255,0.104167,-0.119362,-0.0239,medium,True
0x81a9b5f18179ce2bf8f001b8a634db80771f1824,USDC/WBNB,500,1000,1h,3600,72h,zero_il_lvr,0.000120,0.015255,0.000000,-0.015136,-0.0015,low,True
0x81a9b5f18179ce2bf8f001b8a634db80771f1824,USDC/WBNB,500,1000,1h,3600,72h,optimistic,0.000120,0.015255,0.020833,-0.035969,-0.0036,low,True
0x81a9b5f18179ce2bf8f001b8a634db80771f1824,USDC/WBNB,500,1000,1h,3600,72h,realistic,0.000120,0.015255,0.083333,-0.098469,-0.0098,medium,True
0x81a9b5f18179ce2bf8f001b8a634db80771f1824,USDC/WBNB,500,1000,1h,3600,72h,conservative,0.000120,0.015255,0.208333,-0.223469,-0.0223,medium,True
0x81a9b5f18179ce2bf8f001b8a634db80771f1824,USDC/WBNB,500,2000,1h,3600,72h,zero_il_lvr,0.000240,0.015255,0.000000,-0.015016,-0.0008,low,True
0x81a9b5f18179ce2bf8f001b8a634db80771f1824,USDC/WBNB,500,2000,1h,3600,72h,optimistic,0.000240,0.015255,0.041667,-0.056683,-0.0028,low,True
0x81a9b5f18179ce2bf8f001b8a634db80771f1824,USDC/WBNB,500,2000,1h,3600,72h,realistic,0.000240,0.015255,0.166667,-0.181683,-0.0091,medium,True
0x81a9b5f18179ce2bf8f001b8a634db80771f1824,USDC/WBNB,500,2000,1h,3600,72h,conservative,0.000240,0.015255,0.416667,-0.431683,-0.0216,medium,True
0x81a9b5f18179ce2bf8f001b8a634db80771f1824,USDC/WBNB,500,20,2h,7200,72h,zero_il_lvr,0.000005,0.015255,0.000000,-0.015251,-0.0763,low,True
0x81a9b5f18179ce2bf8f001b8a634db80771f1824,USDC/WBNB,500,20,2h,7200,72h,optimistic,0.000005,0.015255,0.000833,-0.016084,-0.0804,low,True
0x81a9b5f18179ce2bf8f001b8a634db80771f1824,USDC/WBNB,500,20,2h,7200,72h,realistic,0.000005,0.015255,0.003333,-0.018584,-0.0929,medium,True
0x81a9b5f18179ce2bf8f001b8a634db80771f1824,USDC/WBNB,500,20,2h,7200,72h,conservative,0.000005,0.015255,0.008333,-0.023584,-0.1179,medium,True
0x81a9b5f18179ce2bf8f001b8a634db80771f1824,USDC/WBNB,500,100,2h,7200,72h,zero_il_lvr,0.000024,0.015255,0.000000,-0.015232,-0.0152,low,True
0x81a9b5f18179ce2bf8f001b8a634db80771f1824,USDC/WBNB,500,100,2h,7200,72h,optimistic,0.000024,0.015255,0.004167,-0.019398,-0.0194,low,True
0x81a9b5f18179ce2bf8f001b8a634db80771f1824,USDC/WBNB,500,100,2h,7200,72h,realistic,0.000024,0.015255,0.016667,-0.031898,-0.0319,medium,True
0x81a9b5f18179ce2bf8f001b8a634db80771f1824,USDC/WBNB,500,100,2h,7200,72h,conservative,0.000024,0.015255,0.041667,-0.056898,-0.0569,medium,True
0x81a9b5f18179ce2bf8f001b8a634db80771f1824,USDC/WBNB,500,500,2h,7200,72h,zero_il_lvr,0.000120,0.015255,0.000000,-0.015136,-0.0030,low,True
0x81a9b5f18179ce2bf8f001b8a634db80771f1824,USDC/WBNB,500,500,2h,7200,72h,optimistic,0.000120,0.015255,0.020833,-0.035969,-0.0072,low,True
0x81a9b5f18179ce2bf8f001b8a634db80771f1824,USDC/WBNB,500,500,2h,7200,72h,realistic,0.000120,0.015255,0.083333,-0.098469,-0.0197,medium,True
0x81a9b5f18179ce2bf8f001b8a634db80771f1824,USDC/WBNB,500,500,2h,7200,72h,conservative,0.000120,0.015255,0.208333,-0.223469,-0.0447,medium,True
0x81a9b5f18179ce2bf8f001b8a634db80771f1824,USDC/WBNB,500,1000,2h,7200,72h,zero_il_lvr,0.000240,0.015255,0.000000,-0.015016,-0.0015,low,True
0x81a9b5f18179ce2bf8f001b8a634db80771f1824,USDC/WBNB,500,1000,2h,7200,72h,optimistic,0.000240,0.015255,0.041667,-0.056683,-0.0057,low,True
0x81a9b5f18179ce2bf8f001b8a634db80771f1824,USDC/WBNB,500,1000,2h,7200,72h,realistic,0.000240,0.015255,0.166667,-0.181683,-0.0182,medium,True
0x81a9b5f18179ce2bf8f001b8a634db80771f1824,USDC/WBNB,500,1000,2h,7200,72h,conservative,0.000240,0.015255,0.416667,-0.431683,-0.0432,medium,True
0x81a9b5f18179ce2bf8f001b8a634db80771f1824,USDC/WBNB,500,2000,2h,7200,72h,zero_il_lvr,0.000479,0.015255,0.000000,-0.014776,-0.0007,low,True
0x81a9b5f18179ce2bf8f001b8a634db80771f1824,USDC/WBNB,500,2000,2h,7200,72h,optimistic,0.000479,0.015255,0.083333,-0.098110,-0.0049,low,True
0x81a9b5f18179ce2bf8f001b8a634db80771f1824,USDC/WBNB,500,2000,2h,7200,72h,realistic,0.000479,0.015255,0.333333,-0.348110,-0.0174,medium,True
0x81a9b5f18179ce2bf8f001b8a634db80771f1824,USDC/WBNB,500,2000,2h,7200,72h,conservative,0.000479,0.015255,0.833333,-0.848110,-0.0424,medium,True
0x81a9b5f18179ce2bf8f001b8a634db80771f1824,USDC/WBNB,500,20,6h,21600,72h,zero_il_lvr,0.000014,0.015255,0.000000,-0.015241,-0.0762,low,True
0x81a9b5f18179ce2bf8f001b8a634db80771f1824,USDC/WBNB,500,20,6h,21600,72h,optimistic,0.000014,0.015255,0.002500,-0.017741,-0.0887,low,True
0x81a9b5f18179ce2bf8f001b8a634db80771f1824,USDC/WBNB,500,20,6h,21600,72h,realistic,0.000014,0.015255,0.010000,-0.025241,-0.1262,medium,True
0x81a9b5f18179ce2bf8f001b8a634db80771f1824,USDC/WBNB,500,20,6h,21600,72h,conservative,0.000014,0.015255,0.025000,-0.040241,-0.2012,medium,True
0x81a9b5f18179ce2bf8f001b8a634db80771f1824,USDC/WBNB,500,100,6h,21600,72h,zero_il_lvr,0.000072,0.015255,0.000000,-0.015184,-0.0152,low,True
0x81a9b5f18179ce2bf8f001b8a634db80771f1824,USDC/WBNB,500,100,6h,21600,72h,optimistic,0.000072,0.015255,0.012500,-0.027684,-0.0277,low,True
0x81a9b5f18179ce2bf8f001b8a634db80771f1824,USDC/WBNB,500,100,6h,21600,72h,realistic,0.000072,0.015255,0.050000,-0.065184,-0.0652,medium,True
0x81a9b5f18179ce2bf8f001b8a634db80771f1824,USDC/WBNB,500,100,6h,21600,72h,conservative,0.000072,0.015255,0.125000,-0.140184,-0.1402,medium,True
0x81a9b5f18179ce2bf8f001b8a634db80771f1824,USDC/WBNB,500,500,6h,21600,72h,zero_il_lvr,0.000359,0.015255,0.000000,-0.014896,-0.0030,low,True
0x81a9b5f18179ce2bf8f001b8a634db80771f1824,USDC/WBNB,500,500,6h,21600,72h,optimistic,0.000359,0.015255,0.062500,-0.077396,-0.0155,low,True
0x81a9b5f18179ce2bf8f001b8a634db80771f1824,USDC/WBNB,500,500,6h,21600,72h,realistic,0.000359,0.015255,0.250000,-0.264896,-0.0530,medium,True
0x81a9b5f18179ce2bf8f001b8a634db80771f1824,USDC/WBNB,500,500,6h,21600,72h,conservative,0.000359,0.015255,0.625000,-0.639896,-0.1280,medium,True
0x81a9b5f18179ce2bf8f001b8a634db80771f1824,USDC/WBNB,500,1000,6h,21600,72h,zero_il_lvr,0.000719,0.015255,0.000000,-0.014537,-0.0015,low,True
0x81a9b5f18179ce2bf8f001b8a634db80771f1824,USDC/WBNB,500,1000,6h,21600,72h,optimistic,0.000719,0.015255,0.125000,-0.139537,-0.0140,low,True
0x81a9b5f18179ce2bf8f001b8a634db80771f1824,USDC/WBNB,500,1000,6h,21600,72h,realistic,0.000719,0.015255,0.500000,-0.514537,-0.0515,medium,True
0x81a9b5f18179ce2bf8f001b8a634db80771f1824,USDC/WBNB,500,1000,6h,21600,72h,conservative,0.000719,0.015255,1.250000,-1.264537,-0.1265,medium,True
0x81a9b5f18179ce2bf8f001b8a634db80771f1824,USDC/WBNB,500,2000,6h,21600,72h,zero_il_lvr,0.001437,0.015255,0.000000,-0.013818,-0.0007,low,True
0x81a9b5f18179ce2bf8f001b8a634db80771f1824,USDC/WBNB,500,2000,6h,21600,72h,optimistic,0.001437,0.015255,0.250000,-0.263818,-0.0132,low,True
0x81a9b5f18179ce2bf8f001b8a634db80771f1824,USDC/WBNB,500,2000,6h,21600,72h,realistic,0.001437,0.015255,1.000000,-1.013818,-0.0507,medium,True
0x81a9b5f18179ce2bf8f001b8a634db80771f1824,USDC/WBNB,500,2000,6h,21600,72h,conservative,0.001437,0.015255,2.500000,-2.513818,-0.1257,medium,True
0x81a9b5f18179ce2bf8f001b8a634db80771f1824,USDC/WBNB,500,20,24h,86400,72h,zero_il_lvr,0.000057,0.015255,0.000000,-0.015198,-0.0760,low,True
0x81a9b5f18179ce2bf8f001b8a634db80771f1824,USDC/WBNB,500,20,24h,86400,72h,optimistic,0.000057,0.015255,0.010000,-0.025198,-0.1260,low,True
0x81a9b5f18179ce2bf8f001b8a634db80771f1824,USDC/WBNB,500,20,24h,86400,72h,realistic,0.000057,0.015255,0.040000,-0.055198,-0.2760,medium,True
0x81a9b5f18179ce2bf8f001b8a634db80771f1824,USDC/WBNB,500,20,24h,86400,72h,conservative,0.000057,0.015255,0.100000,-0.115198,-0.5760,medium,True
0x81a9b5f18179ce2bf8f001b8a634db80771f1824,USDC/WBNB,500,100,24h,86400,72h,zero_il_lvr,0.000287,0.015255,0.000000,-0.014968,-0.0150,low,True
0x81a9b5f18179ce2bf8f001b8a634db80771f1824,USDC/WBNB,500,100,24h,86400,72h,optimistic,0.000287,0.015255,0.050000,-0.064968,-0.0650,low,True
0x81a9b5f18179ce2bf8f001b8a634db80771f1824,USDC/WBNB,500,100,24h,86400,72h,realistic,0.000287,0.015255,0.200000,-0.214968,-0.2150,medium,True
0x81a9b5f18179ce2bf8f001b8a634db80771f1824,USDC/WBNB,500,100,24h,86400,72h,conservative,0.000287,0.015255,0.500000,-0.514968,-0.5150,medium,True
0x81a9b5f18179ce2bf8f001b8a634db80771f1824,USDC/WBNB,500,500,24h,86400,72h,zero_il_lvr,0.001437,0.015255,0.000000,-0.013818,-0.0028,low,True
0x81a9b5f18179ce2bf8f001b8a634db80771f1824,USDC/WBNB,500,500,24h,86400,72h,optimistic,0.001437,0.015255,0.250000,-0.263818,-0.0528,low,True
0x81a9b5f18179ce2bf8f001b8a634db80771f1824,USDC/WBNB,500,500,24h,86400,72h,realistic,0.001437,0.015255,1.000000,-1.013818,-0.2028,medium,True
0x81a9b5f18179ce2bf8f001b8a634db80771f1824,USDC/WBNB,500,500,24h,86400,72h,conservative,0.001437,0.015255,2.500000,-2.513818,-0.5028,medium,True
0x81a9b5f18179ce2bf8f001b8a634db80771f1824,USDC/WBNB,500,1000,24h,86400,72h,zero_il_lvr,0.002875,0.015255,0.000000,-0.012381,-0.0012,low,True
0x81a9b5f18179ce2bf8f001b8a634db80771f1824,USDC/WBNB,500,1000,24h,86400,72h,optimistic,0.002875,0.015255,0.500000,-0.512381,-0.0512,low,True
0x81a9b5f18179ce2bf8f001b8a634db80771f1824,USDC/WBNB,500,1000,24h,86400,72h,realistic,0.002875,0.015255,2.000000,-2.012381,-0.2012,medium,True
0x81a9b5f18179ce2bf8f001b8a634db80771f1824,USDC/WBNB,500,1000,24h,86400,72h,conservative,0.002875,0.015255,5.000000,-5.012381,-0.5012,medium,True
0x81a9b5f18179ce2bf8f001b8a634db80771f1824,USDC/WBNB,500,2000,24h,86400,72h,zero_il_lvr,0.005750,0.015255,0.000000,-0.009506,-0.0005,low,True
0x81a9b5f18179ce2bf8f001b8a634db80771f1824,USDC/WBNB,500,2000,24h,86400,72h,optimistic,0.005750,0.015255,1.000000,-1.009506,-0.0505,low,True
0x81a9b5f18179ce2bf8f001b8a634db80771f1824,USDC/WBNB,500,2000,24h,86400,72h,realistic,0.005750,0.015255,4.000000,-4.009506,-0.2005,medium,True
0x81a9b5f18179ce2bf8f001b8a634db80771f1824,USDC/WBNB,500,2000,24h,86400,72h,conservative,0.005750,0.015255,10.000000,-10.009506,-0.5005,medium,True
0xc721deccd986d54b39e8c29428a1f06155c3671e,USDC/WBNB,2500,20,15m,900,72h,zero_il_lvr,0.000000,0.015255,0.000000,-0.015255,-0.0763,low,True
0xc721deccd986d54b39e8c29428a1f06155c3671e,USDC/WBNB,2500,20,15m,900,72h,optimistic,0.000000,0.015255,0.000104,-0.015360,-0.0768,low,True
0xc721deccd986d54b39e8c29428a1f06155c3671e,USDC/WBNB,2500,20,15m,900,72h,realistic,0.000000,0.015255,0.000417,-0.015672,-0.0784,medium,True
0xc721deccd986d54b39e8c29428a1f06155c3671e,USDC/WBNB,2500,20,15m,900,72h,conservative,0.000000,0.015255,0.001042,-0.016297,-0.0815,medium,True
0xc721deccd986d54b39e8c29428a1f06155c3671e,USDC/WBNB,2500,100,15m,900,72h,zero_il_lvr,0.000000,0.015255,0.000000,-0.015255,-0.0153,low,True
0xc721deccd986d54b39e8c29428a1f06155c3671e,USDC/WBNB,2500,100,15m,900,72h,optimistic,0.000000,0.015255,0.000521,-0.015776,-0.0158,low,True
0xc721deccd986d54b39e8c29428a1f06155c3671e,USDC/WBNB,2500,100,15m,900,72h,realistic,0.000000,0.015255,0.002083,-0.017339,-0.0173,medium,True
0xc721deccd986d54b39e8c29428a1f06155c3671e,USDC/WBNB,2500,100,15m,900,72h,conservative,0.000000,0.015255,0.005208,-0.020464,-0.0205,medium,True
0xc721deccd986d54b39e8c29428a1f06155c3671e,USDC/WBNB,2500,500,15m,900,72h,zero_il_lvr,0.000001,0.015255,0.000000,-0.015255,-0.0031,low,True
0xc721deccd986d54b39e8c29428a1f06155c3671e,USDC/WBNB,2500,500,15m,900,72h,optimistic,0.000001,0.015255,0.002604,-0.017859,-0.0036,low,True
0xc721deccd986d54b39e8c29428a1f06155c3671e,USDC/WBNB,2500,500,15m,900,72h,realistic,0.000001,0.015255,0.010417,-0.025672,-0.0051,medium,True
0xc721deccd986d54b39e8c29428a1f06155c3671e,USDC/WBNB,2500,500,15m,900,72h,conservative,0.000001,0.015255,0.026042,-0.041297,-0.0083,medium,True
0xc721deccd986d54b39e8c29428a1f06155c3671e,USDC/WBNB,2500,1000,15m,900,72h,zero_il_lvr,0.000001,0.015255,0.000000,-0.015254,-0.0015,low,True
0xc721deccd986d54b39e8c29428a1f06155c3671e,USDC/WBNB,2500,1000,15m,900,72h,optimistic,0.000001,0.015255,0.005208,-0.020463,-0.0020,low,True
0xc721deccd986d54b39e8c29428a1f06155c3671e,USDC/WBNB,2500,1000,15m,900,72h,realistic,0.000001,0.015255,0.020833,-0.036088,-0.0036,medium,True
0xc721deccd986d54b39e8c29428a1f06155c3671e,USDC/WBNB,2500,1000,15m,900,72h,conservative,0.000001,0.015255,0.052083,-0.067338,-0.0067,medium,True
0xc721deccd986d54b39e8c29428a1f06155c3671e,USDC/WBNB,2500,2000,15m,900,72h,zero_il_lvr,0.000002,0.015255,0.000000,-0.015253,-0.0008,low,True
0xc721deccd986d54b39e8c29428a1f06155c3671e,USDC/WBNB,2500,2000,15m,900,72h,optimistic,0.000002,0.015255,0.010417,-0.025670,-0.0013,low,True
0xc721deccd986d54b39e8c29428a1f06155c3671e,USDC/WBNB,2500,2000,15m,900,72h,realistic,0.000002,0.015255,0.041667,-0.056920,-0.0028,medium,True
0xc721deccd986d54b39e8c29428a1f06155c3671e,USDC/WBNB,2500,2000,15m,900,72h,conservative,0.000002,0.015255,0.104167,-0.119420,-0.0060,medium,True
0xc721deccd986d54b39e8c29428a1f06155c3671e,USDC/WBNB,2500,20,30m,1800,72h,zero_il_lvr,0.000000,0.015255,0.000000,-0.015255,-0.0763,low,True
0xc721deccd986d54b39e8c29428a1f06155c3671e,USDC/WBNB,2500,20,30m,1800,72h,optimistic,0.000000,0.015255,0.000208,-0.015464,-0.0773,low,True
0xc721deccd986d54b39e8c29428a1f06155c3671e,USDC/WBNB,2500,20,30m,1800,72h,realistic,0.000000,0.015255,0.000833,-0.016089,-0.0804,medium,True
0xc721deccd986d54b39e8c29428a1f06155c3671e,USDC/WBNB,2500,20,30m,1800,72h,conservative,0.000000,0.015255,0.002083,-0.017339,-0.0867,medium,True
0xc721deccd986d54b39e8c29428a1f06155c3671e,USDC/WBNB,2500,100,30m,1800,72h,zero_il_lvr,0.000000,0.015255,0.000000,-0.015255,-0.0153,low,True
0xc721deccd986d54b39e8c29428a1f06155c3671e,USDC/WBNB,2500,100,30m,1800,72h,optimistic,0.000000,0.015255,0.001042,-0.016297,-0.0163,low,True
0xc721deccd986d54b39e8c29428a1f06155c3671e,USDC/WBNB,2500,100,30m,1800,72h,realistic,0.000000,0.015255,0.004167,-0.019422,-0.0194,medium,True
0xc721deccd986d54b39e8c29428a1f06155c3671e,USDC/WBNB,2500,100,30m,1800,72h,conservative,0.000000,0.015255,0.010417,-0.025672,-0.0257,medium,True
0xc721deccd986d54b39e8c29428a1f06155c3671e,USDC/WBNB,2500,500,30m,1800,72h,zero_il_lvr,0.000001,0.015255,0.000000,-0.015254,-0.0031,low,True
0xc721deccd986d54b39e8c29428a1f06155c3671e,USDC/WBNB,2500,500,30m,1800,72h,optimistic,0.000001,0.015255,0.005208,-0.020463,-0.0041,low,True
0xc721deccd986d54b39e8c29428a1f06155c3671e,USDC/WBNB,2500,500,30m,1800,72h,realistic,0.000001,0.015255,0.020833,-0.036088,-0.0072,medium,True
0xc721deccd986d54b39e8c29428a1f06155c3671e,USDC/WBNB,2500,500,30m,1800,72h,conservative,0.000001,0.015255,0.052083,-0.067338,-0.0135,medium,True
0xc721deccd986d54b39e8c29428a1f06155c3671e,USDC/WBNB,2500,1000,30m,1800,72h,zero_il_lvr,0.000002,0.015255,0.000000,-0.015253,-0.0015,low,True
0xc721deccd986d54b39e8c29428a1f06155c3671e,USDC/WBNB,2500,1000,30m,1800,72h,optimistic,0.000002,0.015255,0.010417,-0.025670,-0.0026,low,True
0xc721deccd986d54b39e8c29428a1f06155c3671e,USDC/WBNB,2500,1000,30m,1800,72h,realistic,0.000002,0.015255,0.041667,-0.056920,-0.0057,medium,True
0xc721deccd986d54b39e8c29428a1f06155c3671e,USDC/WBNB,2500,1000,30m,1800,72h,conservative,0.000002,0.015255,0.104167,-0.119420,-0.0119,medium,True
0xc721deccd986d54b39e8c29428a1f06155c3671e,USDC/WBNB,2500,2000,30m,1800,72h,zero_il_lvr,0.000005,0.015255,0.000000,-0.015251,-0.0008,low,True
0xc721deccd986d54b39e8c29428a1f06155c3671e,USDC/WBNB,2500,2000,30m,1800,72h,optimistic,0.000005,0.015255,0.020833,-0.036084,-0.0018,low,True
0xc721deccd986d54b39e8c29428a1f06155c3671e,USDC/WBNB,2500,2000,30m,1800,72h,realistic,0.000005,0.015255,0.083333,-0.098584,-0.0049,medium,True
0xc721deccd986d54b39e8c29428a1f06155c3671e,USDC/WBNB,2500,2000,30m,1800,72h,conservative,0.000005,0.015255,0.208333,-0.223584,-0.0112,medium,True
0xc721deccd986d54b39e8c29428a1f06155c3671e,USDC/WBNB,2500,20,1h,3600,72h,zero_il_lvr,0.000000,0.015255,0.000000,-0.015255,-0.0763,low,True
0xc721deccd986d54b39e8c29428a1f06155c3671e,USDC/WBNB,2500,20,1h,3600,72h,optimistic,0.000000,0.015255,0.000417,-0.015672,-0.0784,low,True
0xc721deccd986d54b39e8c29428a1f06155c3671e,USDC/WBNB,2500,20,1h,3600,72h,realistic,0.000000,0.015255,0.001667,-0.016922,-0.0846,medium,True
0xc721deccd986d54b39e8c29428a1f06155c3671e,USDC/WBNB,2500,20,1h,3600,72h,conservative,0.000000,0.015255,0.004167,-0.019422,-0.0971,medium,True
0xc721deccd986d54b39e8c29428a1f06155c3671e,USDC/WBNB,2500,100,1h,3600,72h,zero_il_lvr,0.000000,0.015255,0.000000,-0.015255,-0.0153,low,True
0xc721deccd986d54b39e8c29428a1f06155c3671e,USDC/WBNB,2500,100,1h,3600,72h,optimistic,0.000000,0.015255,0.002083,-0.017338,-0.0173,low,True
0xc721deccd986d54b39e8c29428a1f06155c3671e,USDC/WBNB,2500,100,1h,3600,72h,realistic,0.000000,0.015255,0.008333,-0.023588,-0.0236,medium,True
0xc721deccd986d54b39e8c29428a1f06155c3671e,USDC/WBNB,2500,100,1h,3600,72h,conservative,0.000000,0.015255,0.020833,-0.036088,-0.0361,medium,True
0xc721deccd986d54b39e8c29428a1f06155c3671e,USDC/WBNB,2500,500,1h,3600,72h,zero_il_lvr,0.000002,0.015255,0.000000,-0.015253,-0.0031,low,True
0xc721deccd986d54b39e8c29428a1f06155c3671e,USDC/WBNB,2500,500,1h,3600,72h,optimistic,0.000002,0.015255,0.010417,-0.025670,-0.0051,low,True
0xc721deccd986d54b39e8c29428a1f06155c3671e,USDC/WBNB,2500,500,1h,3600,72h,realistic,0.000002,0.015255,0.041667,-0.056920,-0.0114,medium,True
0xc721deccd986d54b39e8c29428a1f06155c3671e,USDC/WBNB,2500,500,1h,3600,72h,conservative,0.000002,0.015255,0.104167,-0.119420,-0.0239,medium,True
0xc721deccd986d54b39e8c29428a1f06155c3671e,USDC/WBNB,2500,1000,1h,3600,72h,zero_il_lvr,0.000005,0.015255,0.000000,-0.015251,-0.0015,low,True
0xc721deccd986d54b39e8c29428a1f06155c3671e,USDC/WBNB,2500,1000,1h,3600,72h,optimistic,0.000005,0.015255,0.020833,-0.036084,-0.0036,low,True
0xc721deccd986d54b39e8c29428a1f06155c3671e,USDC/WBNB,2500,1000,1h,3600,72h,realistic,0.000005,0.015255,0.083333,-0.098584,-0.0099,medium,True
0xc721deccd986d54b39e8c29428a1f06155c3671e,USDC/WBNB,2500,1000,1h,3600,72h,conservative,0.000005,0.015255,0.208333,-0.223584,-0.0224,medium,True
0xc721deccd986d54b39e8c29428a1f06155c3671e,USDC/WBNB,2500,2000,1h,3600,72h,zero_il_lvr,0.000009,0.015255,0.000000,-0.015246,-0.0008,low,True
0xc721deccd986d54b39e8c29428a1f06155c3671e,USDC/WBNB,2500,2000,1h,3600,72h,optimistic,0.000009,0.015255,0.041667,-0.056913,-0.0028,low,True
0xc721deccd986d54b39e8c29428a1f06155c3671e,USDC/WBNB,2500,2000,1h,3600,72h,realistic,0.000009,0.015255,0.166667,-0.181913,-0.0091,medium,True
0xc721deccd986d54b39e8c29428a1f06155c3671e,USDC/WBNB,2500,2000,1h,3600,72h,conservative,0.000009,0.015255,0.416667,-0.431913,-0.0216,medium,True
0xc721deccd986d54b39e8c29428a1f06155c3671e,USDC/WBNB,2500,20,2h,7200,72h,zero_il_lvr,0.000000,0.015255,0.000000,-0.015255,-0.0763,low,True
0xc721deccd986d54b39e8c29428a1f06155c3671e,USDC/WBNB,2500,20,2h,7200,72h,optimistic,0.000000,0.015255,0.000833,-0.016089,-0.0804,low,True
0xc721deccd986d54b39e8c29428a1f06155c3671e,USDC/WBNB,2500,20,2h,7200,72h,realistic,0.000000,0.015255,0.003333,-0.018589,-0.0929,medium,True
0xc721deccd986d54b39e8c29428a1f06155c3671e,USDC/WBNB,2500,20,2h,7200,72h,conservative,0.000000,0.015255,0.008333,-0.023589,-0.1179,medium,True
0xc721deccd986d54b39e8c29428a1f06155c3671e,USDC/WBNB,2500,100,2h,7200,72h,zero_il_lvr,0.000001,0.015255,0.000000,-0.015255,-0.0153,low,True
0xc721deccd986d54b39e8c29428a1f06155c3671e,USDC/WBNB,2500,100,2h,7200,72h,optimistic,0.000001,0.015255,0.004167,-0.019421,-0.0194,low,True
0xc721deccd986d54b39e8c29428a1f06155c3671e,USDC/WBNB,2500,100,2h,7200,72h,realistic,0.000001,0.015255,0.016667,-0.031921,-0.0319,medium,True
0xc721deccd986d54b39e8c29428a1f06155c3671e,USDC/WBNB,2500,100,2h,7200,72h,conservative,0.000001,0.015255,0.041667,-0.056921,-0.0569,medium,True
0xc721deccd986d54b39e8c29428a1f06155c3671e,USDC/WBNB,2500,500,2h,7200,72h,zero_il_lvr,0.000005,0.015255,0.000000,-0.015251,-0.0031,low,True
0xc721deccd986d54b39e8c29428a1f06155c3671e,USDC/WBNB,2500,500,2h,7200,72h,optimistic,0.000005,0.015255,0.020833,-0.036084,-0.0072,low,True
0xc721deccd986d54b39e8c29428a1f06155c3671e,USDC/WBNB,2500,500,2h,7200,72h,realistic,0.000005,0.015255,0.083333,-0.098584,-0.0197,medium,True
0xc721deccd986d54b39e8c29428a1f06155c3671e,USDC/WBNB,2500,500,2h,7200,72h,conservative,0.000005,0.015255,0.208333,-0.223584,-0.0447,medium,True
0xc721deccd986d54b39e8c29428a1f06155c3671e,USDC/WBNB,2500,1000,2h,7200,72h,zero_il_lvr,0.000009,0.015255,0.000000,-0.015246,-0.0015,low,True
0xc721deccd986d54b39e8c29428a1f06155c3671e,USDC/WBNB,2500,1000,2h,7200,72h,optimistic,0.000009,0.015255,0.041667,-0.056913,-0.0057,low,True
0xc721deccd986d54b39e8c29428a1f06155c3671e,USDC/WBNB,2500,1000,2h,7200,72h,realistic,0.000009,0.015255,0.166667,-0.181913,-0.0182,medium,True
0xc721deccd986d54b39e8c29428a1f06155c3671e,USDC/WBNB,2500,1000,2h,7200,72h,conservative,0.000009,0.015255,0.416667,-0.431913,-0.0432,medium,True
0xc721deccd986d54b39e8c29428a1f06155c3671e,USDC/WBNB,2500,2000,2h,7200,72h,zero_il_lvr,0.000019,0.015255,0.000000,-0.015237,-0.0008,low,True
0xc721deccd986d54b39e8c29428a1f06155c3671e,USDC/WBNB,2500,2000,2h,7200,72h,optimistic,0.000019,0.015255,0.083333,-0.098570,-0.0049,low,True
0xc721deccd986d54b39e8c29428a1f06155c3671e,USDC/WBNB,2500,2000,2h,7200,72h,realistic,0.000019,0.015255,0.333333,-0.348570,-0.0174,medium,True
0xc721deccd986d54b39e8c29428a1f06155c3671e,USDC/WBNB,2500,2000,2h,7200,72h,conservative,0.000019,0.015255,0.833333,-0.848570,-0.0424,medium,True
0xc721deccd986d54b39e8c29428a1f06155c3671e,USDC/WBNB,2500,20,6h,21600,72h,zero_il_lvr,0.000001,0.015255,0.000000,-0.015255,-0.0763,low,True
0xc721deccd986d54b39e8c29428a1f06155c3671e,USDC/WBNB,2500,20,6h,21600,72h,optimistic,0.000001,0.015255,0.002500,-0.017755,-0.0888,low,True
0xc721deccd986d54b39e8c29428a1f06155c3671e,USDC/WBNB,2500,20,6h,21600,72h,realistic,0.000001,0.015255,0.010000,-0.025255,-0.1263,medium,True
0xc721deccd986d54b39e8c29428a1f06155c3671e,USDC/WBNB,2500,20,6h,21600,72h,conservative,0.000001,0.015255,0.025000,-0.040255,-0.2013,medium,True
0xc721deccd986d54b39e8c29428a1f06155c3671e,USDC/WBNB,2500,100,6h,21600,72h,zero_il_lvr,0.000003,0.015255,0.000000,-0.015253,-0.0153,low,True
0xc721deccd986d54b39e8c29428a1f06155c3671e,USDC/WBNB,2500,100,6h,21600,72h,optimistic,0.000003,0.015255,0.012500,-0.027753,-0.0278,low,True
0xc721deccd986d54b39e8c29428a1f06155c3671e,USDC/WBNB,2500,100,6h,21600,72h,realistic,0.000003,0.015255,0.050000,-0.065253,-0.0653,medium,True
0xc721deccd986d54b39e8c29428a1f06155c3671e,USDC/WBNB,2500,100,6h,21600,72h,conservative,0.000003,0.015255,0.125000,-0.140253,-0.1403,medium,True
0xc721deccd986d54b39e8c29428a1f06155c3671e,USDC/WBNB,2500,500,6h,21600,72h,zero_il_lvr,0.000014,0.015255,0.000000,-0.015242,-0.0030,low,True
0xc721deccd986d54b39e8c29428a1f06155c3671e,USDC/WBNB,2500,500,6h,21600,72h,optimistic,0.000014,0.015255,0.062500,-0.077742,-0.0155,low,True
0xc721deccd986d54b39e8c29428a1f06155c3671e,USDC/WBNB,2500,500,6h,21600,72h,realistic,0.000014,0.015255,0.250000,-0.265242,-0.0530,medium,True
0xc721deccd986d54b39e8c29428a1f06155c3671e,USDC/WBNB,2500,500,6h,21600,72h,conservative,0.000014,0.015255,0.625000,-0.640242,-0.1280,medium,True
0xc721deccd986d54b39e8c29428a1f06155c3671e,USDC/WBNB,2500,1000,6h,21600,72h,zero_il_lvr,0.000028,0.015255,0.000000,-0.015228,-0.0015,low,True
0xc721deccd986d54b39e8c29428a1f06155c3671e,USDC/WBNB,2500,1000,6h,21600,72h,optimistic,0.000028,0.015255,0.125000,-0.140228,-0.0140,low,True
0xc721deccd986d54b39e8c29428a1f06155c3671e,USDC/WBNB,2500,1000,6h,21600,72h,realistic,0.000028,0.015255,0.500000,-0.515228,-0.0515,medium,True
0xc721deccd986d54b39e8c29428a1f06155c3671e,USDC/WBNB,2500,1000,6h,21600,72h,conservative,0.000028,0.015255,1.250000,-1.265228,-0.1265,medium,True
0xc721deccd986d54b39e8c29428a1f06155c3671e,USDC/WBNB,2500,2000,6h,21600,72h,zero_il_lvr,0.000056,0.015255,0.000000,-0.015200,-0.0008,low,True
0xc721deccd986d54b39e8c29428a1f06155c3671e,USDC/WBNB,2500,2000,6h,21600,72h,optimistic,0.000056,0.015255,0.250000,-0.265200,-0.0133,low,True
0xc721deccd986d54b39e8c29428a1f06155c3671e,USDC/WBNB,2500,2000,6h,21600,72h,realistic,0.000056,0.015255,1.000000,-1.015200,-0.0508,medium,True
0xc721deccd986d54b39e8c29428a1f06155c3671e,USDC/WBNB,2500,2000,6h,21600,72h,conservative,0.000056,0.015255,2.500000,-2.515200,-0.1258,medium,True
0xc721deccd986d54b39e8c29428a1f06155c3671e,USDC/WBNB,2500,20,24h,86400,72h,zero_il_lvr,0.000002,0.015255,0.000000,-0.015253,-0.0763,low,True
0xc721deccd986d54b39e8c29428a1f06155c3671e,USDC/WBNB,2500,20,24h,86400,72h,optimistic,0.000002,0.015255,0.010000,-0.025253,-0.1263,low,True
0xc721deccd986d54b39e8c29428a1f06155c3671e,USDC/WBNB,2500,20,24h,86400,72h,realistic,0.000002,0.015255,0.040000,-0.055253,-0.2763,medium,True
0xc721deccd986d54b39e8c29428a1f06155c3671e,USDC/WBNB,2500,20,24h,86400,72h,conservative,0.000002,0.015255,0.100000,-0.115253,-0.5763,medium,True
0xc721deccd986d54b39e8c29428a1f06155c3671e,USDC/WBNB,2500,100,24h,86400,72h,zero_il_lvr,0.000011,0.015255,0.000000,-0.015244,-0.0152,low,True
0xc721deccd986d54b39e8c29428a1f06155c3671e,USDC/WBNB,2500,100,24h,86400,72h,optimistic,0.000011,0.015255,0.050000,-0.065244,-0.0652,low,True
0xc721deccd986d54b39e8c29428a1f06155c3671e,USDC/WBNB,2500,100,24h,86400,72h,realistic,0.000011,0.015255,0.200000,-0.215244,-0.2152,medium,True
0xc721deccd986d54b39e8c29428a1f06155c3671e,USDC/WBNB,2500,100,24h,86400,72h,conservative,0.000011,0.015255,0.500000,-0.515244,-0.5152,medium,True
0xc721deccd986d54b39e8c29428a1f06155c3671e,USDC/WBNB,2500,500,24h,86400,72h,zero_il_lvr,0.000056,0.015255,0.000000,-0.015200,-0.0030,low,True
0xc721deccd986d54b39e8c29428a1f06155c3671e,USDC/WBNB,2500,500,24h,86400,72h,optimistic,0.000056,0.015255,0.250000,-0.265200,-0.0530,low,True
0xc721deccd986d54b39e8c29428a1f06155c3671e,USDC/WBNB,2500,500,24h,86400,72h,realistic,0.000056,0.015255,1.000000,-1.015200,-0.2030,medium,True
0xc721deccd986d54b39e8c29428a1f06155c3671e,USDC/WBNB,2500,500,24h,86400,72h,conservative,0.000056,0.015255,2.500000,-2.515200,-0.5030,medium,True
0xc721deccd986d54b39e8c29428a1f06155c3671e,USDC/WBNB,2500,1000,24h,86400,72h,zero_il_lvr,0.000111,0.015255,0.000000,-0.015144,-0.0015,low,True
0xc721deccd986d54b39e8c29428a1f06155c3671e,USDC/WBNB,2500,1000,24h,86400,72h,optimistic,0.000111,0.015255,0.500000,-0.515144,-0.0515,low,True
0xc721deccd986d54b39e8c29428a1f06155c3671e,USDC/WBNB,2500,1000,24h,86400,72h,realistic,0.000111,0.015255,2.000000,-2.015144,-0.2015,medium,True
0xc721deccd986d54b39e8c29428a1f06155c3671e,USDC/WBNB,2500,1000,24h,86400,72h,conservative,0.000111,0.015255,5.000000,-5.015144,-0.5015,medium,True
0xc721deccd986d54b39e8c29428a1f06155c3671e,USDC/WBNB,2500,2000,24h,86400,72h,zero_il_lvr,0.000223,0.015255,0.000000,-0.015032,-0.0008,low,True
0xc721deccd986d54b39e8c29428a1f06155c3671e,USDC/WBNB,2500,2000,24h,86400,72h,optimistic,0.000223,0.015255,1.000000,-1.015032,-0.0508,low,True
0xc721deccd986d54b39e8c29428a1f06155c3671e,USDC/WBNB,2500,2000,24h,86400,72h,realistic,0.000223,0.015255,4.000000,-4.015032,-0.2008,medium,True
0xc721deccd986d54b39e8c29428a1f06155c3671e,USDC/WBNB,2500,2000,24h,86400,72h,conservative,0.000223,0.015255,10.000000,-10.015032,-0.5008,medium,True
0x18c5affa481e7edbf37405ade553827d6387899f,USDC/WBNB,10000,20,15m,900,72h,zero_il_lvr,0.000000,0.015255,0.000000,-0.015255,-0.0763,low,False
0x18c5affa481e7edbf37405ade553827d6387899f,USDC/WBNB,10000,20,15m,900,72h,optimistic,0.000000,0.015255,0.000104,-0.015360,-0.0768,low,False
0x18c5affa481e7edbf37405ade553827d6387899f,USDC/WBNB,10000,20,15m,900,72h,realistic,0.000000,0.015255,0.000417,-0.015672,-0.0784,low,False
0x18c5affa481e7edbf37405ade553827d6387899f,USDC/WBNB,10000,20,15m,900,72h,conservative,0.000000,0.015255,0.001042,-0.016297,-0.0815,low,False
0x18c5affa481e7edbf37405ade553827d6387899f,USDC/WBNB,10000,100,15m,900,72h,zero_il_lvr,0.000000,0.015255,0.000000,-0.015255,-0.0153,low,False
0x18c5affa481e7edbf37405ade553827d6387899f,USDC/WBNB,10000,100,15m,900,72h,optimistic,0.000000,0.015255,0.000521,-0.015776,-0.0158,low,False
0x18c5affa481e7edbf37405ade553827d6387899f,USDC/WBNB,10000,100,15m,900,72h,realistic,0.000000,0.015255,0.002083,-0.017339,-0.0173,low,False
0x18c5affa481e7edbf37405ade553827d6387899f,USDC/WBNB,10000,100,15m,900,72h,conservative,0.000000,0.015255,0.005208,-0.020464,-0.0205,low,False
0x18c5affa481e7edbf37405ade553827d6387899f,USDC/WBNB,10000,500,15m,900,72h,zero_il_lvr,0.000000,0.015255,0.000000,-0.015255,-0.0031,low,False
0x18c5affa481e7edbf37405ade553827d6387899f,USDC/WBNB,10000,500,15m,900,72h,optimistic,0.000000,0.015255,0.002604,-0.017860,-0.0036,low,False
0x18c5affa481e7edbf37405ade553827d6387899f,USDC/WBNB,10000,500,15m,900,72h,realistic,0.000000,0.015255,0.010417,-0.025672,-0.0051,low,False
0x18c5affa481e7edbf37405ade553827d6387899f,USDC/WBNB,10000,500,15m,900,72h,conservative,0.000000,0.015255,0.026042,-0.041297,-0.0083,low,False
0x18c5affa481e7edbf37405ade553827d6387899f,USDC/WBNB,10000,1000,15m,900,72h,zero_il_lvr,0.000000,0.015255,0.000000,-0.015255,-0.0015,low,False
0x18c5affa481e7edbf37405ade553827d6387899f,USDC/WBNB,10000,1000,15m,900,72h,optimistic,0.000000,0.015255,0.005208,-0.020464,-0.0020,low,False
0x18c5affa481e7edbf37405ade553827d6387899f,USDC/WBNB,10000,1000,15m,900,72h,realistic,0.000000,0.015255,0.020833,-0.036089,-0.0036,low,False
0x18c5affa481e7edbf37405ade553827d6387899f,USDC/WBNB,10000,1000,15m,900,72h,conservative,0.000000,0.015255,0.052083,-0.067339,-0.0067,low,False
0x18c5affa481e7edbf37405ade553827d6387899f,USDC/WBNB,10000,2000,15m,900,72h,zero_il_lvr,0.000000,0.015255,0.000000,-0.015255,-0.0008,low,False
0x18c5affa481e7edbf37405ade553827d6387899f,USDC/WBNB,10000,2000,15m,900,72h,optimistic,0.000000,0.015255,0.010417,-0.025672,-0.0013,low,False
0x18c5affa481e7edbf37405ade553827d6387899f,USDC/WBNB,10000,2000,15m,900,72h,realistic,0.000000,0.015255,0.041667,-0.056922,-0.0028,low,False
0x18c5affa481e7edbf37405ade553827d6387899f,USDC/WBNB,10000,2000,15m,900,72h,conservative,0.000000,0.015255,0.104167,-0.119422,-0.0060,low,False
0x18c5affa481e7edbf37405ade553827d6387899f,USDC/WBNB,10000,20,30m,1800,72h,zero_il_lvr,0.000000,0.015255,0.000000,-0.015255,-0.0763,low,False
0x18c5affa481e7edbf37405ade553827d6387899f,USDC/WBNB,10000,20,30m,1800,72h,optimistic,0.000000,0.015255,0.000208,-0.015464,-0.0773,low,False
0x18c5affa481e7edbf37405ade553827d6387899f,USDC/WBNB,10000,20,30m,1800,72h,realistic,0.000000,0.015255,0.000833,-0.016089,-0.0804,low,False
0x18c5affa481e7edbf37405ade553827d6387899f,USDC/WBNB,10000,20,30m,1800,72h,conservative,0.000000,0.015255,0.002083,-0.017339,-0.0867,low,False
0x18c5affa481e7edbf37405ade553827d6387899f,USDC/WBNB,10000,100,30m,1800,72h,zero_il_lvr,0.000000,0.015255,0.000000,-0.015255,-0.0153,low,False
0x18c5affa481e7edbf37405ade553827d6387899f,USDC/WBNB,10000,100,30m,1800,72h,optimistic,0.000000,0.015255,0.001042,-0.016297,-0.0163,low,False
0x18c5affa481e7edbf37405ade553827d6387899f,USDC/WBNB,10000,100,30m,1800,72h,realistic,0.000000,0.015255,0.004167,-0.019422,-0.0194,low,False
0x18c5affa481e7edbf37405ade553827d6387899f,USDC/WBNB,10000,100,30m,1800,72h,conservative,0.000000,0.015255,0.010417,-0.025672,-0.0257,low,False
0x18c5affa481e7edbf37405ade553827d6387899f,USDC/WBNB,10000,500,30m,1800,72h,zero_il_lvr,0.000000,0.015255,0.000000,-0.015255,-0.0031,low,False
0x18c5affa481e7edbf37405ade553827d6387899f,USDC/WBNB,10000,500,30m,1800,72h,optimistic,0.000000,0.015255,0.005208,-0.020464,-0.0041,low,False
0x18c5affa481e7edbf37405ade553827d6387899f,USDC/WBNB,10000,500,30m,1800,72h,realistic,0.000000,0.015255,0.020833,-0.036089,-0.0072,low,False
0x18c5affa481e7edbf37405ade553827d6387899f,USDC/WBNB,10000,500,30m,1800,72h,conservative,0.000000,0.015255,0.052083,-0.067339,-0.0135,low,False
0x18c5affa481e7edbf37405ade553827d6387899f,USDC/WBNB,10000,1000,30m,1800,72h,zero_il_lvr,0.000000,0.015255,0.000000,-0.015255,-0.0015,low,False
0x18c5affa481e7edbf37405ade553827d6387899f,USDC/WBNB,10000,1000,30m,1800,72h,optimistic,0.000000,0.015255,0.010417,-0.025672,-0.0026,low,False
0x18c5affa481e7edbf37405ade553827d6387899f,USDC/WBNB,10000,1000,30m,1800,72h,realistic,0.000000,0.015255,0.041667,-0.056922,-0.0057,low,False
0x18c5affa481e7edbf37405ade553827d6387899f,USDC/WBNB,10000,1000,30m,1800,72h,conservative,0.000000,0.015255,0.104167,-0.119422,-0.0119,low,False
0x18c5affa481e7edbf37405ade553827d6387899f,USDC/WBNB,10000,2000,30m,1800,72h,zero_il_lvr,0.000000,0.015255,0.000000,-0.015255,-0.0008,low,False
0x18c5affa481e7edbf37405ade553827d6387899f,USDC/WBNB,10000,2000,30m,1800,72h,optimistic,0.000000,0.015255,0.020833,-0.036089,-0.0018,low,False
0x18c5affa481e7edbf37405ade553827d6387899f,USDC/WBNB,10000,2000,30m,1800,72h,realistic,0.000000,0.015255,0.083333,-0.098589,-0.0049,low,False
0x18c5affa481e7edbf37405ade553827d6387899f,USDC/WBNB,10000,2000,30m,1800,72h,conservative,0.000000,0.015255,0.208333,-0.223589,-0.0112,low,False
0x18c5affa481e7edbf37405ade553827d6387899f,USDC/WBNB,10000,20,1h,3600,72h,zero_il_lvr,0.000000,0.015255,0.000000,-0.015255,-0.0763,low,False
0x18c5affa481e7edbf37405ade553827d6387899f,USDC/WBNB,10000,20,1h,3600,72h,optimistic,0.000000,0.015255,0.000417,-0.015672,-0.0784,low,False
0x18c5affa481e7edbf37405ade553827d6387899f,USDC/WBNB,10000,20,1h,3600,72h,realistic,0.000000,0.015255,0.001667,-0.016922,-0.0846,low,False
0x18c5affa481e7edbf37405ade553827d6387899f,USDC/WBNB,10000,20,1h,3600,72h,conservative,0.000000,0.015255,0.004167,-0.019422,-0.0971,low,False
0x18c5affa481e7edbf37405ade553827d6387899f,USDC/WBNB,10000,100,1h,3600,72h,zero_il_lvr,0.000000,0.015255,0.000000,-0.015255,-0.0153,low,False
0x18c5affa481e7edbf37405ade553827d6387899f,USDC/WBNB,10000,100,1h,3600,72h,optimistic,0.000000,0.015255,0.002083,-0.017339,-0.0173,low,False
0x18c5affa481e7edbf37405ade553827d6387899f,USDC/WBNB,10000,100,1h,3600,72h,realistic,0.000000,0.015255,0.008333,-0.023589,-0.0236,low,False
0x18c5affa481e7edbf37405ade553827d6387899f,USDC/WBNB,10000,100,1h,3600,72h,conservative,0.000000,0.015255,0.020833,-0.036089,-0.0361,low,False
0x18c5affa481e7edbf37405ade553827d6387899f,USDC/WBNB,10000,500,1h,3600,72h,zero_il_lvr,0.000000,0.015255,0.000000,-0.015255,-0.0031,low,False
0x18c5affa481e7edbf37405ade553827d6387899f,USDC/WBNB,10000,500,1h,3600,72h,optimistic,0.000000,0.015255,0.010417,-0.025672,-0.0051,low,False
0x18c5affa481e7edbf37405ade553827d6387899f,USDC/WBNB,10000,500,1h,3600,72h,realistic,0.000000,0.015255,0.041667,-0.056922,-0.0114,low,False
0x18c5affa481e7edbf37405ade553827d6387899f,USDC/WBNB,10000,500,1h,3600,72h,conservative,0.000000,0.015255,0.104167,-0.119422,-0.0239,low,False
0x18c5affa481e7edbf37405ade553827d6387899f,USDC/WBNB,10000,1000,1h,3600,72h,zero_il_lvr,0.000000,0.015255,0.000000,-0.015255,-0.0015,low,False
0x18c5affa481e7edbf37405ade553827d6387899f,USDC/WBNB,10000,1000,1h,3600,72h,optimistic,0.000000,0.015255,0.020833,-0.036089,-0.0036,low,False
0x18c5affa481e7edbf37405ade553827d6387899f,USDC/WBNB,10000,1000,1h,3600,72h,realistic,0.000000,0.015255,0.083333,-0.098589,-0.0099,low,False
0x18c5affa481e7edbf37405ade553827d6387899f,USDC/WBNB,10000,1000,1h,3600,72h,conservative,0.000000,0.015255,0.208333,-0.223589,-0.0224,low,False
0x18c5affa481e7edbf37405ade553827d6387899f,USDC/WBNB,10000,2000,1h,3600,72h,zero_il_lvr,0.000000,0.015255,0.000000,-0.015255,-0.0008,low,False
0x18c5affa481e7edbf37405ade553827d6387899f,USDC/WBNB,10000,2000,1h,3600,72h,optimistic,0.000000,0.015255,0.041667,-0.056922,-0.0028,low,False
0x18c5affa481e7edbf37405ade553827d6387899f,USDC/WBNB,10000,2000,1h,3600,72h,realistic,0.000000,0.015255,0.166667,-0.181922,-0.0091,low,False
0x18c5affa481e7edbf37405ade553827d6387899f,USDC/WBNB,10000,2000,1h,3600,72h,conservative,0.000000,0.015255,0.416667,-0.431922,-0.0216,low,False
0x18c5affa481e7edbf37405ade553827d6387899f,USDC/WBNB,10000,20,2h,7200,72h,zero_il_lvr,0.000000,0.015255,0.000000,-0.015255,-0.0763,low,False
0x18c5affa481e7edbf37405ade553827d6387899f,USDC/WBNB,10000,20,2h,7200,72h,optimistic,0.000000,0.015255,0.000833,-0.016089,-0.0804,low,False
0x18c5affa481e7edbf37405ade553827d6387899f,USDC/WBNB,10000,20,2h,7200,72h,realistic,0.000000,0.015255,0.003333,-0.018589,-0.0929,low,False
0x18c5affa481e7edbf37405ade553827d6387899f,USDC/WBNB,10000,20,2h,7200,72h,conservative,0.000000,0.015255,0.008333,-0.023589,-0.1179,low,False
0x18c5affa481e7edbf37405ade553827d6387899f,USDC/WBNB,10000,100,2h,7200,72h,zero_il_lvr,0.000000,0.015255,0.000000,-0.015255,-0.0153,low,False
0x18c5affa481e7edbf37405ade553827d6387899f,USDC/WBNB,10000,100,2h,7200,72h,optimistic,0.000000,0.015255,0.004167,-0.019422,-0.0194,low,False
0x18c5affa481e7edbf37405ade553827d6387899f,USDC/WBNB,10000,100,2h,7200,72h,realistic,0.000000,0.015255,0.016667,-0.031922,-0.0319,low,False
0x18c5affa481e7edbf37405ade553827d6387899f,USDC/WBNB,10000,100,2h,7200,72h,conservative,0.000000,0.015255,0.041667,-0.056922,-0.0569,low,False
0x18c5affa481e7edbf37405ade553827d6387899f,USDC/WBNB,10000,500,2h,7200,72h,zero_il_lvr,0.000000,0.015255,0.000000,-0.015255,-0.0031,low,False
0x18c5affa481e7edbf37405ade553827d6387899f,USDC/WBNB,10000,500,2h,7200,72h,optimistic,0.000000,0.015255,0.020833,-0.036089,-0.0072,low,False
0x18c5affa481e7edbf37405ade553827d6387899f,USDC/WBNB,10000,500,2h,7200,72h,realistic,0.000000,0.015255,0.083333,-0.098589,-0.0197,low,False
0x18c5affa481e7edbf37405ade553827d6387899f,USDC/WBNB,10000,500,2h,7200,72h,conservative,0.000000,0.015255,0.208333,-0.223589,-0.0447,low,False
0x18c5affa481e7edbf37405ade553827d6387899f,USDC/WBNB,10000,1000,2h,7200,72h,zero_il_lvr,0.000000,0.015255,0.000000,-0.015255,-0.0015,low,False
0x18c5affa481e7edbf37405ade553827d6387899f,USDC/WBNB,10000,1000,2h,7200,72h,optimistic,0.000000,0.015255,0.041667,-0.056922,-0.0057,low,False
0x18c5affa481e7edbf37405ade553827d6387899f,USDC/WBNB,10000,1000,2h,7200,72h,realistic,0.000000,0.015255,0.166667,-0.181922,-0.0182,low,False
0x18c5affa481e7edbf37405ade553827d6387899f,USDC/WBNB,10000,1000,2h,7200,72h,conservative,0.000000,0.015255,0.416667,-0.431922,-0.0432,low,False
0x18c5affa481e7edbf37405ade553827d6387899f,USDC/WBNB,10000,2000,2h,7200,72h,zero_il_lvr,0.000000,0.015255,0.000000,-0.015255,-0.0008,low,False
0x18c5affa481e7edbf37405ade553827d6387899f,USDC/WBNB,10000,2000,2h,7200,72h,optimistic,0.000000,0.015255,0.083333,-0.098589,-0.0049,low,False
0x18c5affa481e7edbf37405ade553827d6387899f,USDC/WBNB,10000,2000,2h,7200,72h,realistic,0.000000,0.015255,0.333333,-0.348589,-0.0174,low,False
0x18c5affa481e7edbf37405ade553827d6387899f,USDC/WBNB,10000,2000,2h,7200,72h,conservative,0.000000,0.015255,0.833333,-0.848589,-0.0424,low,False
0x18c5affa481e7edbf37405ade553827d6387899f,USDC/WBNB,10000,20,6h,21600,72h,zero_il_lvr,0.000000,0.015255,0.000000,-0.015255,-0.0763,low,False
0x18c5affa481e7edbf37405ade553827d6387899f,USDC/WBNB,10000,20,6h,21600,72h,optimistic,0.000000,0.015255,0.002500,-0.017755,-0.0888,low,False
0x18c5affa481e7edbf37405ade553827d6387899f,USDC/WBNB,10000,20,6h,21600,72h,realistic,0.000000,0.015255,0.010000,-0.025255,-0.1263,low,False
0x18c5affa481e7edbf37405ade553827d6387899f,USDC/WBNB,10000,20,6h,21600,72h,conservative,0.000000,0.015255,0.025000,-0.040255,-0.2013,low,False
0x18c5affa481e7edbf37405ade553827d6387899f,USDC/WBNB,10000,100,6h,21600,72h,zero_il_lvr,0.000000,0.015255,0.000000,-0.015255,-0.0153,low,False
0x18c5affa481e7edbf37405ade553827d6387899f,USDC/WBNB,10000,100,6h,21600,72h,optimistic,0.000000,0.015255,0.012500,-0.027755,-0.0278,low,False
0x18c5affa481e7edbf37405ade553827d6387899f,USDC/WBNB,10000,100,6h,21600,72h,realistic,0.000000,0.015255,0.050000,-0.065255,-0.0653,low,False
0x18c5affa481e7edbf37405ade553827d6387899f,USDC/WBNB,10000,100,6h,21600,72h,conservative,0.000000,0.015255,0.125000,-0.140255,-0.1403,low,False
0x18c5affa481e7edbf37405ade553827d6387899f,USDC/WBNB,10000,500,6h,21600,72h,zero_il_lvr,0.000000,0.015255,0.000000,-0.015255,-0.0031,low,False
0x18c5affa481e7edbf37405ade553827d6387899f,USDC/WBNB,10000,500,6h,21600,72h,optimistic,0.000000,0.015255,0.062500,-0.077755,-0.0156,low,False
0x18c5affa481e7edbf37405ade553827d6387899f,USDC/WBNB,10000,500,6h,21600,72h,realistic,0.000000,0.015255,0.250000,-0.265255,-0.0531,low,False
0x18c5affa481e7edbf37405ade553827d6387899f,USDC/WBNB,10000,500,6h,21600,72h,conservative,0.000000,0.015255,0.625000,-0.640255,-0.1281,low,False
0x18c5affa481e7edbf37405ade553827d6387899f,USDC/WBNB,10000,1000,6h,21600,72h,zero_il_lvr,0.000000,0.015255,0.000000,-0.015255,-0.0015,low,False
0x18c5affa481e7edbf37405ade553827d6387899f,USDC/WBNB,10000,1000,6h,21600,72h,optimistic,0.000000,0.015255,0.125000,-0.140255,-0.0140,low,False
0x18c5affa481e7edbf37405ade553827d6387899f,USDC/WBNB,10000,1000,6h,21600,72h,realistic,0.000000,0.015255,0.500000,-0.515255,-0.0515,low,False
0x18c5affa481e7edbf37405ade553827d6387899f,USDC/WBNB,10000,1000,6h,21600,72h,conservative,0.000000,0.015255,1.250000,-1.265255,-0.1265,low,False
0x18c5affa481e7edbf37405ade553827d6387899f,USDC/WBNB,10000,2000,6h,21600,72h,zero_il_lvr,0.000000,0.015255,0.000000,-0.015255,-0.0008,low,False
0x18c5affa481e7edbf37405ade553827d6387899f,USDC/WBNB,10000,2000,6h,21600,72h,optimistic,0.000000,0.015255,0.250000,-0.265255,-0.0133,low,False
0x18c5affa481e7edbf37405ade553827d6387899f,USDC/WBNB,10000,2000,6h,21600,72h,realistic,0.000000,0.015255,1.000000,-1.015255,-0.0508,low,False
0x18c5affa481e7edbf37405ade553827d6387899f,USDC/WBNB,10000,2000,6h,21600,72h,conservative,0.000000,0.015255,2.500000,-2.515255,-0.1258,low,False
0x18c5affa481e7edbf37405ade553827d6387899f,USDC/WBNB,10000,20,24h,86400,72h,zero_il_lvr,0.000000,0.015255,0.000000,-0.015255,-0.0763,low,False
0x18c5affa481e7edbf37405ade553827d6387899f,USDC/WBNB,10000,20,24h,86400,72h,optimistic,0.000000,0.015255,0.010000,-0.025255,-0.1263,low,False
0x18c5affa481e7edbf37405ade553827d6387899f,USDC/WBNB,10000,20,24h,86400,72h,realistic,0.000000,0.015255,0.040000,-0.055255,-0.2763,low,False
0x18c5affa481e7edbf37405ade553827d6387899f,USDC/WBNB,10000,20,24h,86400,72h,conservative,0.000000,0.015255,0.100000,-0.115255,-0.5763,low,False
0x18c5affa481e7edbf37405ade553827d6387899f,USDC/WBNB,10000,100,24h,86400,72h,zero_il_lvr,0.000000,0.015255,0.000000,-0.015255,-0.0153,low,False
0x18c5affa481e7edbf37405ade553827d6387899f,USDC/WBNB,10000,100,24h,86400,72h,optimistic,0.000000,0.015255,0.050000,-0.065255,-0.0653,low,False
0x18c5affa481e7edbf37405ade553827d6387899f,USDC/WBNB,10000,100,24h,86400,72h,realistic,0.000000,0.015255,0.200000,-0.215255,-0.2153,low,False
0x18c5affa481e7edbf37405ade553827d6387899f,USDC/WBNB,10000,100,24h,86400,72h,conservative,0.000000,0.015255,0.500000,-0.515255,-0.5153,low,False
0x18c5affa481e7edbf37405ade553827d6387899f,USDC/WBNB,10000,500,24h,86400,72h,zero_il_lvr,0.000000,0.015255,0.000000,-0.015255,-0.0031,low,False
0x18c5affa481e7edbf37405ade553827d6387899f,USDC/WBNB,10000,500,24h,86400,72h,optimistic,0.000000,0.015255,0.250000,-0.265255,-0.0531,low,False
0x18c5affa481e7edbf37405ade553827d6387899f,USDC/WBNB,10000,500,24h,86400,72h,realistic,0.000000,0.015255,1.000000,-1.015255,-0.2031,low,False
0x18c5affa481e7edbf37405ade553827d6387899f,USDC/WBNB,10000,500,24h,86400,72h,conservative,0.000000,0.015255,2.500000,-2.515255,-0.5031,low,False
0x18c5affa481e7edbf37405ade553827d6387899f,USDC/WBNB,10000,1000,24h,86400,72h,zero_il_lvr,0.000000,0.015255,0.000000,-0.015255,-0.0015,low,False
0x18c5affa481e7edbf37405ade553827d6387899f,USDC/WBNB,10000,1000,24h,86400,72h,optimistic,0.000000,0.015255,0.500000,-0.515255,-0.0515,low,False
0x18c5affa481e7edbf37405ade553827d6387899f,USDC/WBNB,10000,1000,24h,86400,72h,realistic,0.000000,0.015255,2.000000,-2.015255,-0.2015,low,False
0x18c5affa481e7edbf37405ade553827d6387899f,USDC/WBNB,10000,1000,24h,86400,72h,conservative,0.000000,0.015255,5.000000,-5.015255,-0.5015,low,False
0x18c5affa481e7edbf37405ade553827d6387899f,USDC/WBNB,10000,2000,24h,86400,72h,zero_il_lvr,0.000000,0.015255,0.000000,-0.015255,-0.0008,low,False
0x18c5affa481e7edbf37405ade553827d6387899f,USDC/WBNB,10000,2000,24h,86400,72h,optimistic,0.000000,0.015255,1.000000,-1.015255,-0.0508,low,False
0x18c5affa481e7edbf37405ade553827d6387899f,USDC/WBNB,10000,2000,24h,86400,72h,realistic,0.000000,0.015255,4.000000,-4.015255,-0.2008,low,False
0x18c5affa481e7edbf37405ade553827d6387899f,USDC/WBNB,10000,2000,24h,86400,72h,conservative,0.000000,0.015255,10.000000,-10.015255,-0.5008,low,False
0x172fcd41e0913e95784454622d1c3724f546f849,USDT/WBNB,100,20,15m,900,72h,zero_il_lvr,0.000112,0.015255,0.000000,-0.015144,-0.0757,low,True
0x172fcd41e0913e95784454622d1c3724f546f849,USDT/WBNB,100,20,15m,900,72h,optimistic,0.000112,0.015255,0.000104,-0.015248,-0.0762,low,True
0x172fcd41e0913e95784454622d1c3724f546f849,USDT/WBNB,100,20,15m,900,72h,realistic,0.000112,0.015255,0.000417,-0.015560,-0.0778,medium,True
0x172fcd41e0913e95784454622d1c3724f546f849,USDT/WBNB,100,20,15m,900,72h,conservative,0.000112,0.015255,0.001042,-0.016185,-0.0809,medium,True
0x172fcd41e0913e95784454622d1c3724f546f849,USDT/WBNB,100,100,15m,900,72h,zero_il_lvr,0.000559,0.015255,0.000000,-0.014696,-0.0147,low,True
0x172fcd41e0913e95784454622d1c3724f546f849,USDT/WBNB,100,100,15m,900,72h,optimistic,0.000559,0.015255,0.000521,-0.015217,-0.0152,low,True
0x172fcd41e0913e95784454622d1c3724f546f849,USDT/WBNB,100,100,15m,900,72h,realistic,0.000559,0.015255,0.002083,-0.016779,-0.0168,medium,True
0x172fcd41e0913e95784454622d1c3724f546f849,USDT/WBNB,100,100,15m,900,72h,conservative,0.000559,0.015255,0.005208,-0.019904,-0.0199,medium,True
0x172fcd41e0913e95784454622d1c3724f546f849,USDT/WBNB,100,500,15m,900,72h,zero_il_lvr,0.002797,0.015255,0.000000,-0.012459,-0.0025,low,True
0x172fcd41e0913e95784454622d1c3724f546f849,USDT/WBNB,100,500,15m,900,72h,optimistic,0.002797,0.015255,0.002604,-0.015063,-0.0030,low,True
0x172fcd41e0913e95784454622d1c3724f546f849,USDT/WBNB,100,500,15m,900,72h,realistic,0.002797,0.015255,0.010417,-0.022875,-0.0046,medium,True
0x172fcd41e0913e95784454622d1c3724f546f849,USDT/WBNB,100,500,15m,900,72h,conservative,0.002797,0.015255,0.026042,-0.038500,-0.0077,medium,True
0x172fcd41e0913e95784454622d1c3724f546f849,USDT/WBNB,100,1000,15m,900,72h,zero_il_lvr,0.005594,0.015255,0.000000,-0.009662,-0.0010,low,True
0x172fcd41e0913e95784454622d1c3724f546f849,USDT/WBNB,100,1000,15m,900,72h,optimistic,0.005594,0.015255,0.005208,-0.014870,-0.0015,low,True
0x172fcd41e0913e95784454622d1c3724f546f849,USDT/WBNB,100,1000,15m,900,72h,realistic,0.005594,0.015255,0.020833,-0.030495,-0.0030,medium,True
0x172fcd41e0913e95784454622d1c3724f546f849,USDT/WBNB,100,1000,15m,900,72h,conservative,0.005594,0.015255,0.052083,-0.061745,-0.0062,medium,True
0x172fcd41e0913e95784454622d1c3724f546f849,USDT/WBNB,100,2000,15m,900,72h,zero_il_lvr,0.011188,0.015255,0.000000,-0.004068,-0.0002,low,True
0x172fcd41e0913e95784454622d1c3724f546f849,USDT/WBNB,100,2000,15m,900,72h,optimistic,0.011188,0.015255,0.010417,-0.014485,-0.0007,low,True
0x172fcd41e0913e95784454622d1c3724f546f849,USDT/WBNB,100,2000,15m,900,72h,realistic,0.011188,0.015255,0.041667,-0.045735,-0.0023,medium,True
0x172fcd41e0913e95784454622d1c3724f546f849,USDT/WBNB,100,2000,15m,900,72h,conservative,0.011188,0.015255,0.104167,-0.108235,-0.0054,medium,True
0x172fcd41e0913e95784454622d1c3724f546f849,USDT/WBNB,100,20,30m,1800,72h,zero_il_lvr,0.000224,0.015255,0.000000,-0.015032,-0.0752,low,True
0x172fcd41e0913e95784454622d1c3724f546f849,USDT/WBNB,100,20,30m,1800,72h,optimistic,0.000224,0.015255,0.000208,-0.015240,-0.0762,low,True
0x172fcd41e0913e95784454622d1c3724f546f849,USDT/WBNB,100,20,30m,1800,72h,realistic,0.000224,0.015255,0.000833,-0.015865,-0.0793,medium,True
0x172fcd41e0913e95784454622d1c3724f546f849,USDT/WBNB,100,20,30m,1800,72h,conservative,0.000224,0.015255,0.002083,-0.017115,-0.0856,medium,True
0x172fcd41e0913e95784454622d1c3724f546f849,USDT/WBNB,100,100,30m,1800,72h,zero_il_lvr,0.001119,0.015255,0.000000,-0.014137,-0.0141,low,True
0x172fcd41e0913e95784454622d1c3724f546f849,USDT/WBNB,100,100,30m,1800,72h,optimistic,0.001119,0.015255,0.001042,-0.015178,-0.0152,low,True
0x172fcd41e0913e95784454622d1c3724f546f849,USDT/WBNB,100,100,30m,1800,72h,realistic,0.001119,0.015255,0.004167,-0.018303,-0.0183,medium,True
0x172fcd41e0913e95784454622d1c3724f546f849,USDT/WBNB,100,100,30m,1800,72h,conservative,0.001119,0.015255,0.010417,-0.024553,-0.0246,medium,True
0x172fcd41e0913e95784454622d1c3724f546f849,USDT/WBNB,100,500,30m,1800,72h,zero_il_lvr,0.005594,0.015255,0.000000,-0.009662,-0.0019,low,True
0x172fcd41e0913e95784454622d1c3724f546f849,USDT/WBNB,100,500,30m,1800,72h,optimistic,0.005594,0.015255,0.005208,-0.014870,-0.0030,low,True
0x172fcd41e0913e95784454622d1c3724f546f849,USDT/WBNB,100,500,30m,1800,72h,realistic,0.005594,0.015255,0.020833,-0.030495,-0.0061,medium,True
0x172fcd41e0913e95784454622d1c3724f546f849,USDT/WBNB,100,500,30m,1800,72h,conservative,0.005594,0.015255,0.052083,-0.061745,-0.0123,medium,True
0x172fcd41e0913e95784454622d1c3724f546f849,USDT/WBNB,100,1000,30m,1800,72h,zero_il_lvr,0.011188,0.015255,0.000000,-0.004068,-0.0004,low,True
0x172fcd41e0913e95784454622d1c3724f546f849,USDT/WBNB,100,1000,30m,1800,72h,optimistic,0.011188,0.015255,0.010417,-0.014485,-0.0014,low,True
0x172fcd41e0913e95784454622d1c3724f546f849,USDT/WBNB,100,1000,30m,1800,72h,realistic,0.011188,0.015255,0.041667,-0.045735,-0.0046,medium,True
0x172fcd41e0913e95784454622d1c3724f546f849,USDT/WBNB,100,1000,30m,1800,72h,conservative,0.011188,0.015255,0.104167,-0.108235,-0.0108,medium,True
0x172fcd41e0913e95784454622d1c3724f546f849,USDT/WBNB,100,2000,30m,1800,72h,zero_il_lvr,0.022375,0.015255,0.000000,0.007120,0.0004,low,True
0x172fcd41e0913e95784454622d1c3724f546f849,USDT/WBNB,100,2000,30m,1800,72h,optimistic,0.022375,0.015255,0.020833,-0.013714,-0.0007,low,True
0x172fcd41e0913e95784454622d1c3724f546f849,USDT/WBNB,100,2000,30m,1800,72h,realistic,0.022375,0.015255,0.083333,-0.076214,-0.0038,medium,True
0x172fcd41e0913e95784454622d1c3724f546f849,USDT/WBNB,100,2000,30m,1800,72h,conservative,0.022375,0.015255,0.208333,-0.201214,-0.0101,medium,True
0x172fcd41e0913e95784454622d1c3724f546f849,USDT/WBNB,100,20,1h,3600,72h,zero_il_lvr,0.000448,0.015255,0.000000,-0.014808,-0.0740,low,True
0x172fcd41e0913e95784454622d1c3724f546f849,USDT/WBNB,100,20,1h,3600,72h,optimistic,0.000448,0.015255,0.000417,-0.015225,-0.0761,low,True
0x172fcd41e0913e95784454622d1c3724f546f849,USDT/WBNB,100,20,1h,3600,72h,realistic,0.000448,0.015255,0.001667,-0.016475,-0.0824,medium,True
0x172fcd41e0913e95784454622d1c3724f546f849,USDT/WBNB,100,20,1h,3600,72h,conservative,0.000448,0.015255,0.004167,-0.018975,-0.0949,medium,True
0x172fcd41e0913e95784454622d1c3724f546f849,USDT/WBNB,100,100,1h,3600,72h,zero_il_lvr,0.002238,0.015255,0.000000,-0.013018,-0.0130,low,True
0x172fcd41e0913e95784454622d1c3724f546f849,USDT/WBNB,100,100,1h,3600,72h,optimistic,0.002238,0.015255,0.002083,-0.015101,-0.0151,low,True
0x172fcd41e0913e95784454622d1c3724f546f849,USDT/WBNB,100,100,1h,3600,72h,realistic,0.002238,0.015255,0.008333,-0.021351,-0.0214,medium,True
0x172fcd41e0913e95784454622d1c3724f546f849,USDT/WBNB,100,100,1h,3600,72h,conservative,0.002238,0.015255,0.020833,-0.033851,-0.0339,medium,True
0x172fcd41e0913e95784454622d1c3724f546f849,USDT/WBNB,100,500,1h,3600,72h,zero_il_lvr,0.011188,0.015255,0.000000,-0.004068,-0.0008,low,True
0x172fcd41e0913e95784454622d1c3724f546f849,USDT/WBNB,100,500,1h,3600,72h,optimistic,0.011188,0.015255,0.010417,-0.014485,-0.0029,low,True
0x172fcd41e0913e95784454622d1c3724f546f849,USDT/WBNB,100,500,1h,3600,72h,realistic,0.011188,0.015255,0.041667,-0.045735,-0.0091,medium,True
0x172fcd41e0913e95784454622d1c3724f546f849,USDT/WBNB,100,500,1h,3600,72h,conservative,0.011188,0.015255,0.104167,-0.108235,-0.0216,medium,True
0x172fcd41e0913e95784454622d1c3724f546f849,USDT/WBNB,100,1000,1h,3600,72h,zero_il_lvr,0.022375,0.015255,0.000000,0.007120,0.0007,low,True
0x172fcd41e0913e95784454622d1c3724f546f849,USDT/WBNB,100,1000,1h,3600,72h,optimistic,0.022375,0.015255,0.020833,-0.013714,-0.0014,low,True
0x172fcd41e0913e95784454622d1c3724f546f849,USDT/WBNB,100,1000,1h,3600,72h,realistic,0.022375,0.015255,0.083333,-0.076214,-0.0076,medium,True
0x172fcd41e0913e95784454622d1c3724f546f849,USDT/WBNB,100,1000,1h,3600,72h,conservative,0.022375,0.015255,0.208333,-0.201214,-0.0201,medium,True
0x172fcd41e0913e95784454622d1c3724f546f849,USDT/WBNB,100,2000,1h,3600,72h,zero_il_lvr,0.044750,0.015255,0.000000,0.029495,0.0015,low,True
0x172fcd41e0913e95784454622d1c3724f546f849,USDT/WBNB,100,2000,1h,3600,72h,optimistic,0.044750,0.015255,0.041667,-0.012172,-0.0006,low,True
0x172fcd41e0913e95784454622d1c3724f546f849,USDT/WBNB,100,2000,1h,3600,72h,realistic,0.044750,0.015255,0.166667,-0.137172,-0.0069,medium,True
0x172fcd41e0913e95784454622d1c3724f546f849,USDT/WBNB,100,2000,1h,3600,72h,conservative,0.044750,0.015255,0.416667,-0.387172,-0.0194,medium,True
0x172fcd41e0913e95784454622d1c3724f546f849,USDT/WBNB,100,20,2h,7200,72h,zero_il_lvr,0.000895,0.015255,0.000000,-0.014360,-0.0718,low,True
0x172fcd41e0913e95784454622d1c3724f546f849,USDT/WBNB,100,20,2h,7200,72h,optimistic,0.000895,0.015255,0.000833,-0.015194,-0.0760,low,True
0x172fcd41e0913e95784454622d1c3724f546f849,USDT/WBNB,100,20,2h,7200,72h,realistic,0.000895,0.015255,0.003333,-0.017694,-0.0885,medium,True
0x172fcd41e0913e95784454622d1c3724f546f849,USDT/WBNB,100,20,2h,7200,72h,conservative,0.000895,0.015255,0.008333,-0.022694,-0.1135,medium,True
0x172fcd41e0913e95784454622d1c3724f546f849,USDT/WBNB,100,100,2h,7200,72h,zero_il_lvr,0.004475,0.015255,0.000000,-0.010780,-0.0108,low,True
0x172fcd41e0913e95784454622d1c3724f546f849,USDT/WBNB,100,100,2h,7200,72h,optimistic,0.004475,0.015255,0.004167,-0.014947,-0.0149,low,True
0x172fcd41e0913e95784454622d1c3724f546f849,USDT/WBNB,100,100,2h,7200,72h,realistic,0.004475,0.015255,0.016667,-0.027447,-0.0274,medium,True
0x172fcd41e0913e95784454622d1c3724f546f849,USDT/WBNB,100,100,2h,7200,72h,conservative,0.004475,0.015255,0.041667,-0.052447,-0.0524,medium,True
0x172fcd41e0913e95784454622d1c3724f546f849,USDT/WBNB,100,500,2h,7200,72h,zero_il_lvr,0.022375,0.015255,0.000000,0.007120,0.0014,low,True
0x172fcd41e0913e95784454622d1c3724f546f849,USDT/WBNB,100,500,2h,7200,72h,optimistic,0.022375,0.015255,0.020833,-0.013714,-0.0027,low,True
0x172fcd41e0913e95784454622d1c3724f546f849,USDT/WBNB,100,500,2h,7200,72h,realistic,0.022375,0.015255,0.083333,-0.076214,-0.0152,medium,True
0x172fcd41e0913e95784454622d1c3724f546f849,USDT/WBNB,100,500,2h,7200,72h,conservative,0.022375,0.015255,0.208333,-0.201214,-0.0402,medium,True
0x172fcd41e0913e95784454622d1c3724f546f849,USDT/WBNB,100,1000,2h,7200,72h,zero_il_lvr,0.044750,0.015255,0.000000,0.029495,0.0029,low,True
0x172fcd41e0913e95784454622d1c3724f546f849,USDT/WBNB,100,1000,2h,7200,72h,optimistic,0.044750,0.015255,0.041667,-0.012172,-0.0012,low,True
0x172fcd41e0913e95784454622d1c3724f546f849,USDT/WBNB,100,1000,2h,7200,72h,realistic,0.044750,0.015255,0.166667,-0.137172,-0.0137,medium,True
0x172fcd41e0913e95784454622d1c3724f546f849,USDT/WBNB,100,1000,2h,7200,72h,conservative,0.044750,0.015255,0.416667,-0.387172,-0.0387,medium,True
0x172fcd41e0913e95784454622d1c3724f546f849,USDT/WBNB,100,2000,2h,7200,72h,zero_il_lvr,0.089501,0.015255,0.000000,0.074245,0.0037,low,True
0x172fcd41e0913e95784454622d1c3724f546f849,USDT/WBNB,100,2000,2h,7200,72h,optimistic,0.089501,0.015255,0.083333,-0.009088,-0.0005,low,True
0x172fcd41e0913e95784454622d1c3724f546f849,USDT/WBNB,100,2000,2h,7200,72h,realistic,0.089501,0.015255,0.333333,-0.259088,-0.0130,medium,True
0x172fcd41e0913e95784454622d1c3724f546f849,USDT/WBNB,100,2000,2h,7200,72h,conservative,0.089501,0.015255,0.833333,-0.759088,-0.0380,medium,True
0x172fcd41e0913e95784454622d1c3724f546f849,USDT/WBNB,100,20,6h,21600,72h,zero_il_lvr,0.002685,0.015255,0.000000,-0.012570,-0.0629,low,True
0x172fcd41e0913e95784454622d1c3724f546f849,USDT/WBNB,100,20,6h,21600,72h,optimistic,0.002685,0.015255,0.002500,-0.015070,-0.0754,low,True
0x172fcd41e0913e95784454622d1c3724f546f849,USDT/WBNB,100,20,6h,21600,72h,realistic,0.002685,0.015255,0.010000,-0.022570,-0.1129,medium,True
0x172fcd41e0913e95784454622d1c3724f546f849,USDT/WBNB,100,20,6h,21600,72h,conservative,0.002685,0.015255,0.025000,-0.037570,-0.1879,medium,True
0x172fcd41e0913e95784454622d1c3724f546f849,USDT/WBNB,100,100,6h,21600,72h,zero_il_lvr,0.013425,0.015255,0.000000,-0.001830,-0.0018,low,True
0x172fcd41e0913e95784454622d1c3724f546f849,USDT/WBNB,100,100,6h,21600,72h,optimistic,0.013425,0.015255,0.012500,-0.014330,-0.0143,low,True
0x172fcd41e0913e95784454622d1c3724f546f849,USDT/WBNB,100,100,6h,21600,72h,realistic,0.013425,0.015255,0.050000,-0.051830,-0.0518,medium,True
0x172fcd41e0913e95784454622d1c3724f546f849,USDT/WBNB,100,100,6h,21600,72h,conservative,0.013425,0.015255,0.125000,-0.126830,-0.1268,medium,True
0x172fcd41e0913e95784454622d1c3724f546f849,USDT/WBNB,100,500,6h,21600,72h,zero_il_lvr,0.067125,0.015255,0.000000,0.051870,0.0104,low,True
0x172fcd41e0913e95784454622d1c3724f546f849,USDT/WBNB,100,500,6h,21600,72h,optimistic,0.067125,0.015255,0.062500,-0.010630,-0.0021,low,True
0x172fcd41e0913e95784454622d1c3724f546f849,USDT/WBNB,100,500,6h,21600,72h,realistic,0.067125,0.015255,0.250000,-0.198130,-0.0396,medium,True
0x172fcd41e0913e95784454622d1c3724f546f849,USDT/WBNB,100,500,6h,21600,72h,conservative,0.067125,0.015255,0.625000,-0.573130,-0.1146,medium,True
0x172fcd41e0913e95784454622d1c3724f546f849,USDT/WBNB,100,1000,6h,21600,72h,zero_il_lvr,0.134251,0.015255,0.000000,0.118995,0.0119,low,True
0x172fcd41e0913e95784454622d1c3724f546f849,USDT/WBNB,100,1000,6h,21600,72h,optimistic,0.134251,0.015255,0.125000,-0.006005,-0.0006,low,True
0x172fcd41e0913e95784454622d1c3724f546f849,USDT/WBNB,100,1000,6h,21600,72h,realistic,0.134251,0.015255,0.500000,-0.381005,-0.0381,medium,True
0x172fcd41e0913e95784454622d1c3724f546f849,USDT/WBNB,100,1000,6h,21600,72h,conservative,0.134251,0.015255,1.250000,-1.131005,-0.1131,medium,True
0x172fcd41e0913e95784454622d1c3724f546f849,USDT/WBNB,100,2000,6h,21600,72h,zero_il_lvr,0.268502,0.015255,0.000000,0.253246,0.0127,low,True
0x172fcd41e0913e95784454622d1c3724f546f849,USDT/WBNB,100,2000,6h,21600,72h,optimistic,0.268502,0.015255,0.250000,0.003246,0.0002,low,True
0x172fcd41e0913e95784454622d1c3724f546f849,USDT/WBNB,100,2000,6h,21600,72h,realistic,0.268502,0.015255,1.000000,-0.746754,-0.0373,medium,True
0x172fcd41e0913e95784454622d1c3724f546f849,USDT/WBNB,100,2000,6h,21600,72h,conservative,0.268502,0.015255,2.500000,-2.246754,-0.1123,medium,True
0x172fcd41e0913e95784454622d1c3724f546f849,USDT/WBNB,100,20,24h,86400,72h,zero_il_lvr,0.010740,0.015255,0.000000,-0.004515,-0.0226,low,True
0x172fcd41e0913e95784454622d1c3724f546f849,USDT/WBNB,100,20,24h,86400,72h,optimistic,0.010740,0.015255,0.010000,-0.014515,-0.0726,low,True
0x172fcd41e0913e95784454622d1c3724f546f849,USDT/WBNB,100,20,24h,86400,72h,realistic,0.010740,0.015255,0.040000,-0.044515,-0.2226,medium,True
0x172fcd41e0913e95784454622d1c3724f546f849,USDT/WBNB,100,20,24h,86400,72h,conservative,0.010740,0.015255,0.100000,-0.104515,-0.5226,medium,True
0x172fcd41e0913e95784454622d1c3724f546f849,USDT/WBNB,100,100,24h,86400,72h,zero_il_lvr,0.053700,0.015255,0.000000,0.038445,0.0384,low,True
0x172fcd41e0913e95784454622d1c3724f546f849,USDT/WBNB,100,100,24h,86400,72h,optimistic,0.053700,0.015255,0.050000,-0.011555,-0.0116,low,True
0x172fcd41e0913e95784454622d1c3724f546f849,USDT/WBNB,100,100,24h,86400,72h,realistic,0.053700,0.015255,0.200000,-0.161555,-0.1616,medium,True
0x172fcd41e0913e95784454622d1c3724f546f849,USDT/WBNB,100,100,24h,86400,72h,conservative,0.053700,0.015255,0.500000,-0.461555,-0.4616,medium,True
0x172fcd41e0913e95784454622d1c3724f546f849,USDT/WBNB,100,500,24h,86400,72h,zero_il_lvr,0.268502,0.015255,0.000000,0.253246,0.0506,low,True
0x172fcd41e0913e95784454622d1c3724f546f849,USDT/WBNB,100,500,24h,86400,72h,optimistic,0.268502,0.015255,0.250000,0.003246,0.0006,low,True
0x172fcd41e0913e95784454622d1c3724f546f849,USDT/WBNB,100,500,24h,86400,72h,realistic,0.268502,0.015255,1.000000,-0.746754,-0.1494,medium,True
0x172fcd41e0913e95784454622d1c3724f546f849,USDT/WBNB,100,500,24h,86400,72h,conservative,0.268502,0.015255,2.500000,-2.246754,-0.4494,medium,True
0x172fcd41e0913e95784454622d1c3724f546f849,USDT/WBNB,100,1000,24h,86400,72h,zero_il_lvr,0.537003,0.015255,0.000000,0.521748,0.0522,low,True
0x172fcd41e0913e95784454622d1c3724f546f849,USDT/WBNB,100,1000,24h,86400,72h,optimistic,0.537003,0.015255,0.500000,0.021748,0.0022,low,True
0x172fcd41e0913e95784454622d1c3724f546f849,USDT/WBNB,100,1000,24h,86400,72h,realistic,0.537003,0.015255,2.000000,-1.478252,-0.1478,medium,True
0x172fcd41e0913e95784454622d1c3724f546f849,USDT/WBNB,100,1000,24h,86400,72h,conservative,0.537003,0.015255,5.000000,-4.478252,-0.4478,medium,True
0x172fcd41e0913e95784454622d1c3724f546f849,USDT/WBNB,100,2000,24h,86400,72h,zero_il_lvr,1.074006,0.015255,0.000000,1.058751,0.0529,low,True
0x172fcd41e0913e95784454622d1c3724f546f849,USDT/WBNB,100,2000,24h,86400,72h,optimistic,1.074006,0.015255,1.000000,0.058751,0.0029,low,True
0x172fcd41e0913e95784454622d1c3724f546f849,USDT/WBNB,100,2000,24h,86400,72h,realistic,1.074006,0.015255,4.000000,-2.941249,-0.1471,medium,True
0x172fcd41e0913e95784454622d1c3724f546f849,USDT/WBNB,100,2000,24h,86400,72h,conservative,1.074006,0.015255,10.000000,-8.941249,-0.4471,medium,True
0x36696169c63e42cd08ce11f5deebbcebae652050,USDT/WBNB,500,20,15m,900,72h,zero_il_lvr,0.000031,0.015255,0.000000,-0.015225,-0.0761,low,True
0x36696169c63e42cd08ce11f5deebbcebae652050,USDT/WBNB,500,20,15m,900,72h,optimistic,0.000031,0.015255,0.000104,-0.015329,-0.0766,low,True
0x36696169c63e42cd08ce11f5deebbcebae652050,USDT/WBNB,500,20,15m,900,72h,realistic,0.000031,0.015255,0.000417,-0.015641,-0.0782,medium,True
0x36696169c63e42cd08ce11f5deebbcebae652050,USDT/WBNB,500,20,15m,900,72h,conservative,0.000031,0.015255,0.001042,-0.016266,-0.0813,medium,True
0x36696169c63e42cd08ce11f5deebbcebae652050,USDT/WBNB,500,100,15m,900,72h,zero_il_lvr,0.000154,0.015255,0.000000,-0.015101,-0.0151,low,True
0x36696169c63e42cd08ce11f5deebbcebae652050,USDT/WBNB,500,100,15m,900,72h,optimistic,0.000154,0.015255,0.000521,-0.015622,-0.0156,low,True
0x36696169c63e42cd08ce11f5deebbcebae652050,USDT/WBNB,500,100,15m,900,72h,realistic,0.000154,0.015255,0.002083,-0.017184,-0.0172,medium,True
0x36696169c63e42cd08ce11f5deebbcebae652050,USDT/WBNB,500,100,15m,900,72h,conservative,0.000154,0.015255,0.005208,-0.020309,-0.0203,medium,True
0x36696169c63e42cd08ce11f5deebbcebae652050,USDT/WBNB,500,500,15m,900,72h,zero_il_lvr,0.000772,0.015255,0.000000,-0.014483,-0.0029,low,True
0x36696169c63e42cd08ce11f5deebbcebae652050,USDT/WBNB,500,500,15m,900,72h,optimistic,0.000772,0.015255,0.002604,-0.017087,-0.0034,low,True
0x36696169c63e42cd08ce11f5deebbcebae652050,USDT/WBNB,500,500,15m,900,72h,realistic,0.000772,0.015255,0.010417,-0.024900,-0.0050,medium,True
0x36696169c63e42cd08ce11f5deebbcebae652050,USDT/WBNB,500,500,15m,900,72h,conservative,0.000772,0.015255,0.026042,-0.040525,-0.0081,medium,True
0x36696169c63e42cd08ce11f5deebbcebae652050,USDT/WBNB,500,1000,15m,900,72h,zero_il_lvr,0.001545,0.015255,0.000000,-0.013711,-0.0014,low,True
0x36696169c63e42cd08ce11f5deebbcebae652050,USDT/WBNB,500,1000,15m,900,72h,optimistic,0.001545,0.015255,0.005208,-0.018919,-0.0019,low,True
0x36696169c63e42cd08ce11f5deebbcebae652050,USDT/WBNB,500,1000,15m,900,72h,realistic,0.001545,0.015255,0.020833,-0.034544,-0.0035,medium,True
0x36696169c63e42cd08ce11f5deebbcebae652050,USDT/WBNB,500,1000,15m,900,72h,conservative,0.001545,0.015255,0.052083,-0.065794,-0.0066,medium,True
0x36696169c63e42cd08ce11f5deebbcebae652050,USDT/WBNB,500,2000,15m,900,72h,zero_il_lvr,0.003090,0.015255,0.000000,-0.012166,-0.0006,low,True
0x36696169c63e42cd08ce11f5deebbcebae652050,USDT/WBNB,500,2000,15m,900,72h,optimistic,0.003090,0.015255,0.010417,-0.022582,-0.0011,low,True
0x36696169c63e42cd08ce11f5deebbcebae652050,USDT/WBNB,500,2000,15m,900,72h,realistic,0.003090,0.015255,0.041667,-0.053832,-0.0027,medium,True
0x36696169c63e42cd08ce11f5deebbcebae652050,USDT/WBNB,500,2000,15m,900,72h,conservative,0.003090,0.015255,0.104167,-0.116332,-0.0058,medium,True
0x36696169c63e42cd08ce11f5deebbcebae652050,USDT/WBNB,500,20,30m,1800,72h,zero_il_lvr,0.000062,0.015255,0.000000,-0.015194,-0.0760,low,True
0x36696169c63e42cd08ce11f5deebbcebae652050,USDT/WBNB,500,20,30m,1800,72h,optimistic,0.000062,0.015255,0.000208,-0.015402,-0.0770,low,True
0x36696169c63e42cd08ce11f5deebbcebae652050,USDT/WBNB,500,20,30m,1800,72h,realistic,0.000062,0.015255,0.000833,-0.016027,-0.0801,medium,True
0x36696169c63e42cd08ce11f5deebbcebae652050,USDT/WBNB,500,20,30m,1800,72h,conservative,0.000062,0.015255,0.002083,-0.017277,-0.0864,medium,True
0x36696169c63e42cd08ce11f5deebbcebae652050,USDT/WBNB,500,100,30m,1800,72h,zero_il_lvr,0.000309,0.015255,0.000000,-0.014947,-0.0149,low,True
0x36696169c63e42cd08ce11f5deebbcebae652050,USDT/WBNB,500,100,30m,1800,72h,optimistic,0.000309,0.015255,0.001042,-0.015988,-0.0160,low,True
0x36696169c63e42cd08ce11f5deebbcebae652050,USDT/WBNB,500,100,30m,1800,72h,realistic,0.000309,0.015255,0.004167,-0.019113,-0.0191,medium,True
0x36696169c63e42cd08ce11f5deebbcebae652050,USDT/WBNB,500,100,30m,1800,72h,conservative,0.000309,0.015255,0.010417,-0.025363,-0.0254,medium,True
0x36696169c63e42cd08ce11f5deebbcebae652050,USDT/WBNB,500,500,30m,1800,72h,zero_il_lvr,0.001545,0.015255,0.000000,-0.013711,-0.0027,low,True
0x36696169c63e42cd08ce11f5deebbcebae652050,USDT/WBNB,500,500,30m,1800,72h,optimistic,0.001545,0.015255,0.005208,-0.018919,-0.0038,low,True
0x36696169c63e42cd08ce11f5deebbcebae652050,USDT/WBNB,500,500,30m,1800,72h,realistic,0.001545,0.015255,0.020833,-0.034544,-0.0069,medium,True
0x36696169c63e42cd08ce11f5deebbcebae652050,USDT/WBNB,500,500,30m,1800,72h,conservative,0.001545,0.015255,0.052083,-0.065794,-0.0132,medium,True
0x36696169c63e42cd08ce11f5deebbcebae652050,USDT/WBNB,500,1000,30m,1800,72h,zero_il_lvr,0.003090,0.015255,0.000000,-0.012166,-0.0012,low,True
0x36696169c63e42cd08ce11f5deebbcebae652050,USDT/WBNB,500,1000,30m,1800,72h,optimistic,0.003090,0.015255,0.010417,-0.022582,-0.0023,low,True
0x36696169c63e42cd08ce11f5deebbcebae652050,USDT/WBNB,500,1000,30m,1800,72h,realistic,0.003090,0.015255,0.041667,-0.053832,-0.0054,medium,True
0x36696169c63e42cd08ce11f5deebbcebae652050,USDT/WBNB,500,1000,30m,1800,72h,conservative,0.003090,0.015255,0.104167,-0.116332,-0.0116,medium,True
0x36696169c63e42cd08ce11f5deebbcebae652050,USDT/WBNB,500,2000,30m,1800,72h,zero_il_lvr,0.006180,0.015255,0.000000,-0.009076,-0.0005,low,True
0x36696169c63e42cd08ce11f5deebbcebae652050,USDT/WBNB,500,2000,30m,1800,72h,optimistic,0.006180,0.015255,0.020833,-0.029909,-0.0015,low,True
0x36696169c63e42cd08ce11f5deebbcebae652050,USDT/WBNB,500,2000,30m,1800,72h,realistic,0.006180,0.015255,0.083333,-0.092409,-0.0046,medium,True
0x36696169c63e42cd08ce11f5deebbcebae652050,USDT/WBNB,500,2000,30m,1800,72h,conservative,0.006180,0.015255,0.208333,-0.217409,-0.0109,medium,True
0x36696169c63e42cd08ce11f5deebbcebae652050,USDT/WBNB,500,20,1h,3600,72h,zero_il_lvr,0.000124,0.015255,0.000000,-0.015132,-0.0757,low,True
0x36696169c63e42cd08ce11f5deebbcebae652050,USDT/WBNB,500,20,1h,3600,72h,optimistic,0.000124,0.015255,0.000417,-0.015549,-0.0777,low,True
0x36696169c63e42cd08ce11f5deebbcebae652050,USDT/WBNB,500,20,1h,3600,72h,realistic,0.000124,0.015255,0.001667,-0.016799,-0.0840,medium,True
0x36696169c63e42cd08ce11f5deebbcebae652050,USDT/WBNB,500,20,1h,3600,72h,conservative,0.000124,0.015255,0.004167,-0.019299,-0.0965,medium,True
0x36696169c63e42cd08ce11f5deebbcebae652050,USDT/WBNB,500,100,1h,3600,72h,zero_il_lvr,0.000618,0.015255,0.000000,-0.014638,-0.0146,low,True
0x36696169c63e42cd08ce11f5deebbcebae652050,USDT/WBNB,500,100,1h,3600,72h,optimistic,0.000618,0.015255,0.002083,-0.016721,-0.0167,low,True
0x36696169c63e42cd08ce11f5deebbcebae652050,USDT/WBNB,500,100,1h,3600,72h,realistic,0.000618,0.015255,0.008333,-0.022971,-0.0230,medium,True
0x36696169c63e42cd08ce11f5deebbcebae652050,USDT/WBNB,500,100,1h,3600,72h,conservative,0.000618,0.015255,0.020833,-0.035471,-0.0355,medium,True
0x36696169c63e42cd08ce11f5deebbcebae652050,USDT/WBNB,500,500,1h,3600,72h,zero_il_lvr,0.003090,0.015255,0.000000,-0.012166,-0.0024,low,True
0x36696169c63e42cd08ce11f5deebbcebae652050,USDT/WBNB,500,500,1h,3600,72h,optimistic,0.003090,0.015255,0.010417,-0.022582,-0.0045,low,True
0x36696169c63e42cd08ce11f5deebbcebae652050,USDT/WBNB,500,500,1h,3600,72h,realistic,0.003090,0.015255,0.041667,-0.053832,-0.0108,medium,True
0x36696169c63e42cd08ce11f5deebbcebae652050,USDT/WBNB,500,500,1h,3600,72h,conservative,0.003090,0.015255,0.104167,-0.116332,-0.0233,medium,True
0x36696169c63e42cd08ce11f5deebbcebae652050,USDT/WBNB,500,1000,1h,3600,72h,zero_il_lvr,0.006180,0.015255,0.000000,-0.009076,-0.0009,low,True
0x36696169c63e42cd08ce11f5deebbcebae652050,USDT/WBNB,500,1000,1h,3600,72h,optimistic,0.006180,0.015255,0.020833,-0.029909,-0.0030,low,True
0x36696169c63e42cd08ce11f5deebbcebae652050,USDT/WBNB,500,1000,1h,3600,72h,realistic,0.006180,0.015255,0.083333,-0.092409,-0.0092,medium,True
0x36696169c63e42cd08ce11f5deebbcebae652050,USDT/WBNB,500,1000,1h,3600,72h,conservative,0.006180,0.015255,0.208333,-0.217409,-0.0217,medium,True
0x36696169c63e42cd08ce11f5deebbcebae652050,USDT/WBNB,500,2000,1h,3600,72h,zero_il_lvr,0.012359,0.015255,0.000000,-0.002896,-0.0001,low,True
0x36696169c63e42cd08ce11f5deebbcebae652050,USDT/WBNB,500,2000,1h,3600,72h,optimistic,0.012359,0.015255,0.041667,-0.044563,-0.0022,low,True
0x36696169c63e42cd08ce11f5deebbcebae652050,USDT/WBNB,500,2000,1h,3600,72h,realistic,0.012359,0.015255,0.166667,-0.169563,-0.0085,medium,True
0x36696169c63e42cd08ce11f5deebbcebae652050,USDT/WBNB,500,2000,1h,3600,72h,conservative,0.012359,0.015255,0.416667,-0.419563,-0.0210,medium,True
0x36696169c63e42cd08ce11f5deebbcebae652050,USDT/WBNB,500,20,2h,7200,72h,zero_il_lvr,0.000247,0.015255,0.000000,-0.015008,-0.0750,low,True
0x36696169c63e42cd08ce11f5deebbcebae652050,USDT/WBNB,500,20,2h,7200,72h,optimistic,0.000247,0.015255,0.000833,-0.015842,-0.0792,low,True
0x36696169c63e42cd08ce11f5deebbcebae652050,USDT/WBNB,500,20,2h,7200,72h,realistic,0.000247,0.015255,0.003333,-0.018342,-0.0917,medium,True
0x36696169c63e42cd08ce11f5deebbcebae652050,USDT/WBNB,500,20,2h,7200,72h,conservative,0.000247,0.015255,0.008333,-0.023342,-0.1167,medium,True
0x36696169c63e42cd08ce11f5deebbcebae652050,USDT/WBNB,500,100,2h,7200,72h,zero_il_lvr,0.001236,0.015255,0.000000,-0.014020,-0.0140,low,True
0x36696169c63e42cd08ce11f5deebbcebae652050,USDT/WBNB,500,100,2h,7200,72h,optimistic,0.001236,0.015255,0.004167,-0.018186,-0.0182,low,True
0x36696169c63e42cd08ce11f5deebbcebae652050,USDT/WBNB,500,100,2h,7200,72h,realistic,0.001236,0.015255,0.016667,-0.030686,-0.0307,medium,True
0x36696169c63e42cd08ce11f5deebbcebae652050,USDT/WBNB,500,100,2h,7200,72h,conservative,0.001236,0.015255,0.041667,-0.055686,-0.0557,medium,True
0x36696169c63e42cd08ce11f5deebbcebae652050,USDT/WBNB,500,500,2h,7200,72h,zero_il_lvr,0.006180,0.015255,0.000000,-0.009076,-0.0018,low,True
0x36696169c63e42cd08ce11f5deebbcebae652050,USDT/WBNB,500,500,2h,7200,72h,optimistic,0.006180,0.015255,0.020833,-0.029909,-0.0060,low,True
0x36696169c63e42cd08ce11f5deebbcebae652050,USDT/WBNB,500,500,2h,7200,72h,realistic,0.006180,0.015255,0.083333,-0.092409,-0.0185,medium,True
0x36696169c63e42cd08ce11f5deebbcebae652050,USDT/WBNB,500,500,2h,7200,72h,conservative,0.006180,0.015255,0.208333,-0.217409,-0.0435,medium,True
0x36696169c63e42cd08ce11f5deebbcebae652050,USDT/WBNB,500,1000,2h,7200,72h,zero_il_lvr,0.012359,0.015255,0.000000,-0.002896,-0.0003,low,True
0x36696169c63e42cd08ce11f5deebbcebae652050,USDT/WBNB,500,1000,2h,7200,72h,optimistic,0.012359,0.015255,0.041667,-0.044563,-0.0045,low,True
0x36696169c63e42cd08ce11f5deebbcebae652050,USDT/WBNB,500,1000,2h,7200,72h,realistic,0.012359,0.015255,0.166667,-0.169563,-0.0170,medium,True
0x36696169c63e42cd08ce11f5deebbcebae652050,USDT/WBNB,500,1000,2h,7200,72h,conservative,0.012359,0.015255,0.416667,-0.419563,-0.0420,medium,True
0x36696169c63e42cd08ce11f5deebbcebae652050,USDT/WBNB,500,2000,2h,7200,72h,zero_il_lvr,0.024719,0.015255,0.000000,0.009463,0.0005,low,True
0x36696169c63e42cd08ce11f5deebbcebae652050,USDT/WBNB,500,2000,2h,7200,72h,optimistic,0.024719,0.015255,0.083333,-0.073870,-0.0037,low,True
0x36696169c63e42cd08ce11f5deebbcebae652050,USDT/WBNB,500,2000,2h,7200,72h,realistic,0.024719,0.015255,0.333333,-0.323870,-0.0162,medium,True
0x36696169c63e42cd08ce11f5deebbcebae652050,USDT/WBNB,500,2000,2h,7200,72h,conservative,0.024719,0.015255,0.833333,-0.823870,-0.0412,medium,True
0x36696169c63e42cd08ce11f5deebbcebae652050,USDT/WBNB,500,20,6h,21600,72h,zero_il_lvr,0.000742,0.015255,0.000000,-0.014514,-0.0726,low,True
0x36696169c63e42cd08ce11f5deebbcebae652050,USDT/WBNB,500,20,6h,21600,72h,optimistic,0.000742,0.015255,0.002500,-0.017014,-0.0851,low,True
0x36696169c63e42cd08ce11f5deebbcebae652050,USDT/WBNB,500,20,6h,21600,72h,realistic,0.000742,0.015255,0.010000,-0.024514,-0.1226,medium,True
0x36696169c63e42cd08ce11f5deebbcebae652050,USDT/WBNB,500,20,6h,21600,72h,conservative,0.000742,0.015255,0.025000,-0.039514,-0.1976,medium,True
0x36696169c63e42cd08ce11f5deebbcebae652050,USDT/WBNB,500,100,6h,21600,72h,zero_il_lvr,0.003708,0.015255,0.000000,-0.011548,-0.0115,low,True
0x36696169c63e42cd08ce11f5deebbcebae652050,USDT/WBNB,500,100,6h,21600,72h,optimistic,0.003708,0.015255,0.012500,-0.024048,-0.0240,low,True
0x36696169c63e42cd08ce11f5deebbcebae652050,USDT/WBNB,500,100,6h,21600,72h,realistic,0.003708,0.015255,0.050000,-0.061548,-0.0615,medium,True
0x36696169c63e42cd08ce11f5deebbcebae652050,USDT/WBNB,500,100,6h,21600,72h,conservative,0.003708,0.015255,0.125000,-0.136548,-0.1365,medium,True
0x36696169c63e42cd08ce11f5deebbcebae652050,USDT/WBNB,500,500,6h,21600,72h,zero_il_lvr,0.018539,0.015255,0.000000,0.003284,0.0007,low,True
0x36696169c63e42cd08ce11f5deebbcebae652050,USDT/WBNB,500,500,6h,21600,72h,optimistic,0.018539,0.015255,0.062500,-0.059216,-0.0118,low,True
0x36696169c63e42cd08ce11f5deebbcebae652050,USDT/WBNB,500,500,6h,21600,72h,realistic,0.018539,0.015255,0.250000,-0.246716,-0.0493,medium,True
0x36696169c63e42cd08ce11f5deebbcebae652050,USDT/WBNB,500,500,6h,21600,72h,conservative,0.018539,0.015255,0.625000,-0.621716,-0.1243,medium,True
0x36696169c63e42cd08ce11f5deebbcebae652050,USDT/WBNB,500,1000,6h,21600,72h,zero_il_lvr,0.037078,0.015255,0.000000,0.021823,0.0022,low,True
0x36696169c63e42cd08ce11f5deebbcebae652050,USDT/WBNB,500,1000,6h,21600,72h,optimistic,0.037078,0.015255,0.125000,-0.103177,-0.0103,low,True
0x36696169c63e42cd08ce11f5deebbcebae652050,USDT/WBNB,500,1000,6h,21600,72h,realistic,0.037078,0.015255,0.500000,-0.478177,-0.0478,medium,True
0x36696169c63e42cd08ce11f5deebbcebae652050,USDT/WBNB,500,1000,6h,21600,72h,conservative,0.037078,0.015255,1.250000,-1.228177,-0.1228,medium,True
0x36696169c63e42cd08ce11f5deebbcebae652050,USDT/WBNB,500,2000,6h,21600,72h,zero_il_lvr,0.074156,0.015255,0.000000,0.058901,0.0029,low,True
0x36696169c63e42cd08ce11f5deebbcebae652050,USDT/WBNB,500,2000,6h,21600,72h,optimistic,0.074156,0.015255,0.250000,-0.191099,-0.0096,low,True
0x36696169c63e42cd08ce11f5deebbcebae652050,USDT/WBNB,500,2000,6h,21600,72h,realistic,0.074156,0.015255,1.000000,-0.941099,-0.0471,medium,True
0x36696169c63e42cd08ce11f5deebbcebae652050,USDT/WBNB,500,2000,6h,21600,72h,conservative,0.074156,0.015255,2.500000,-2.441099,-0.1221,medium,True
0x36696169c63e42cd08ce11f5deebbcebae652050,USDT/WBNB,500,20,24h,86400,72h,zero_il_lvr,0.002966,0.015255,0.000000,-0.012289,-0.0614,low,True
0x36696169c63e42cd08ce11f5deebbcebae652050,USDT/WBNB,500,20,24h,86400,72h,optimistic,0.002966,0.015255,0.010000,-0.022289,-0.1114,low,True
0x36696169c63e42cd08ce11f5deebbcebae652050,USDT/WBNB,500,20,24h,86400,72h,realistic,0.002966,0.015255,0.040000,-0.052289,-0.2614,medium,True
0x36696169c63e42cd08ce11f5deebbcebae652050,USDT/WBNB,500,20,24h,86400,72h,conservative,0.002966,0.015255,0.100000,-0.112289,-0.5614,medium,True
0x36696169c63e42cd08ce11f5deebbcebae652050,USDT/WBNB,500,100,24h,86400,72h,zero_il_lvr,0.014831,0.015255,0.000000,-0.000424,-0.0004,low,True
0x36696169c63e42cd08ce11f5deebbcebae652050,USDT/WBNB,500,100,24h,86400,72h,optimistic,0.014831,0.015255,0.050000,-0.050424,-0.0504,low,True
0x36696169c63e42cd08ce11f5deebbcebae652050,USDT/WBNB,500,100,24h,86400,72h,realistic,0.014831,0.015255,0.200000,-0.200424,-0.2004,medium,True
0x36696169c63e42cd08ce11f5deebbcebae652050,USDT/WBNB,500,100,24h,86400,72h,conservative,0.014831,0.015255,0.500000,-0.500424,-0.5004,medium,True
0x36696169c63e42cd08ce11f5deebbcebae652050,USDT/WBNB,500,500,24h,86400,72h,zero_il_lvr,0.074156,0.015255,0.000000,0.058901,0.0118,low,True
0x36696169c63e42cd08ce11f5deebbcebae652050,USDT/WBNB,500,500,24h,86400,72h,optimistic,0.074156,0.015255,0.250000,-0.191099,-0.0382,low,True
0x36696169c63e42cd08ce11f5deebbcebae652050,USDT/WBNB,500,500,24h,86400,72h,realistic,0.074156,0.015255,1.000000,-0.941099,-0.1882,medium,True
0x36696169c63e42cd08ce11f5deebbcebae652050,USDT/WBNB,500,500,24h,86400,72h,conservative,0.074156,0.015255,2.500000,-2.441099,-0.4882,medium,True
0x36696169c63e42cd08ce11f5deebbcebae652050,USDT/WBNB,500,1000,24h,86400,72h,zero_il_lvr,0.148313,0.015255,0.000000,0.133057,0.0133,low,True
0x36696169c63e42cd08ce11f5deebbcebae652050,USDT/WBNB,500,1000,24h,86400,72h,optimistic,0.148313,0.015255,0.500000,-0.366943,-0.0367,low,True
0x36696169c63e42cd08ce11f5deebbcebae652050,USDT/WBNB,500,1000,24h,86400,72h,realistic,0.148313,0.015255,2.000000,-1.866943,-0.1867,medium,True
0x36696169c63e42cd08ce11f5deebbcebae652050,USDT/WBNB,500,1000,24h,86400,72h,conservative,0.148313,0.015255,5.000000,-4.866943,-0.4867,medium,True
0x36696169c63e42cd08ce11f5deebbcebae652050,USDT/WBNB,500,2000,24h,86400,72h,zero_il_lvr,0.296626,0.015255,0.000000,0.281370,0.0141,low,True
0x36696169c63e42cd08ce11f5deebbcebae652050,USDT/WBNB,500,2000,24h,86400,72h,optimistic,0.296626,0.015255,1.000000,-0.718630,-0.0359,low,True
0x36696169c63e42cd08ce11f5deebbcebae652050,USDT/WBNB,500,2000,24h,86400,72h,realistic,0.296626,0.015255,4.000000,-3.718630,-0.1859,medium,True
0x36696169c63e42cd08ce11f5deebbcebae652050,USDT/WBNB,500,2000,24h,86400,72h,conservative,0.296626,0.015255,10.000000,-9.718630,-0.4859,medium,True
0x1401ff943d08a7e098328c1d3a9d388923b115d2,USDT/WBNB,2500,20,15m,900,72h,zero_il_lvr,0.000000,0.015255,0.000000,-0.015255,-0.0763,low,True
0x1401ff943d08a7e098328c1d3a9d388923b115d2,USDT/WBNB,2500,20,15m,900,72h,optimistic,0.000000,0.015255,0.000104,-0.015359,-0.0768,low,True
0x1401ff943d08a7e098328c1d3a9d388923b115d2,USDT/WBNB,2500,20,15m,900,72h,realistic,0.000000,0.015255,0.000417,-0.015672,-0.0784,medium,True
0x1401ff943d08a7e098328c1d3a9d388923b115d2,USDT/WBNB,2500,20,15m,900,72h,conservative,0.000000,0.015255,0.001042,-0.016297,-0.0815,medium,True
0x1401ff943d08a7e098328c1d3a9d388923b115d2,USDT/WBNB,2500,100,15m,900,72h,zero_il_lvr,0.000002,0.015255,0.000000,-0.015254,-0.0153,low,True
0x1401ff943d08a7e098328c1d3a9d388923b115d2,USDT/WBNB,2500,100,15m,900,72h,optimistic,0.000002,0.015255,0.000521,-0.015775,-0.0158,low,True
0x1401ff943d08a7e098328c1d3a9d388923b115d2,USDT/WBNB,2500,100,15m,900,72h,realistic,0.000002,0.015255,0.002083,-0.017337,-0.0173,medium,True
0x1401ff943d08a7e098328c1d3a9d388923b115d2,USDT/WBNB,2500,100,15m,900,72h,conservative,0.000002,0.015255,0.005208,-0.020462,-0.0205,medium,True
0x1401ff943d08a7e098328c1d3a9d388923b115d2,USDT/WBNB,2500,500,15m,900,72h,zero_il_lvr,0.000008,0.015255,0.000000,-0.015248,-0.0030,low,True
0x1401ff943d08a7e098328c1d3a9d388923b115d2,USDT/WBNB,2500,500,15m,900,72h,optimistic,0.000008,0.015255,0.002604,-0.017852,-0.0036,low,True
0x1401ff943d08a7e098328c1d3a9d388923b115d2,USDT/WBNB,2500,500,15m,900,72h,realistic,0.000008,0.015255,0.010417,-0.025664,-0.0051,medium,True
0x1401ff943d08a7e098328c1d3a9d388923b115d2,USDT/WBNB,2500,500,15m,900,72h,conservative,0.000008,0.015255,0.026042,-0.041289,-0.0083,medium,True
0x1401ff943d08a7e098328c1d3a9d388923b115d2,USDT/WBNB,2500,1000,15m,900,72h,zero_il_lvr,0.000016,0.015255,0.000000,-0.015240,-0.0015,low,True
0x1401ff943d08a7e098328c1d3a9d388923b115d2,USDT/WBNB,2500,1000,15m,900,72h,optimistic,0.000016,0.015255,0.005208,-0.020448,-0.0020,low,True
0x1401ff943d08a7e098328c1d3a9d388923b115d2,USDT/WBNB,2500,1000,15m,900,72h,realistic,0.000016,0.015255,0.020833,-0.036073,-0.0036,medium,True
0x1401ff943d08a7e098328c1d3a9d388923b115d2,USDT/WBNB,2500,1000,15m,900,72h,conservative,0.000016,0.015255,0.052083,-0.067323,-0.0067,medium,True
0x1401ff943d08a7e098328c1d3a9d388923b115d2,USDT/WBNB,2500,2000,15m,900,72h,zero_il_lvr,0.000031,0.015255,0.000000,-0.015224,-0.0008,low,True
0x1401ff943d08a7e098328c1d3a9d388923b115d2,USDT/WBNB,2500,2000,15m,900,72h,optimistic,0.000031,0.015255,0.010417,-0.025641,-0.0013,low,True
0x1401ff943d08a7e098328c1d3a9d388923b115d2,USDT/WBNB,2500,2000,15m,900,72h,realistic,0.000031,0.015255,0.041667,-0.056891,-0.0028,medium,True
0x1401ff943d08a7e098328c1d3a9d388923b115d2,USDT/WBNB,2500,2000,15m,900,72h,conservative,0.000031,0.015255,0.104167,-0.119391,-0.0060,medium,True
0x1401ff943d08a7e098328c1d3a9d388923b115d2,USDT/WBNB,2500,20,30m,1800,72h,zero_il_lvr,0.000001,0.015255,0.000000,-0.015255,-0.0763,low,True
0x1401ff943d08a7e098328c1d3a9d388923b115d2,USDT/WBNB,2500,20,30m,1800,72h,optimistic,0.000001,0.015255,0.000208,-0.015463,-0.0773,low,True
0x1401ff943d08a7e098328c1d3a9d388923b115d2,USDT/WBNB,2500,20,30m,1800,72h,realistic,0.000001,0.015255,0.000833,-0.016088,-0.0804,medium,True
0x1401ff943d08a7e098328c1d3a9d388923b115d2,USDT/WBNB,2500,20,30m,1800,72h,conservative,0.000001,0.015255,0.002083,-0.017338,-0.0867,medium,True
0x1401ff943d08a7e098328c1d3a9d388923b115d2,USDT/WBNB,2500,100,30m,1800,72h,zero_il_lvr,0.000003,0.015255,0.000000,-0.015252,-0.0153,low,True
0x1401ff943d08a7e098328c1d3a9d388923b115d2,USDT/WBNB,2500,100,30m,1800,72h,optimistic,0.000003,0.015255,0.001042,-0.016294,-0.0163,low,True
0x1401ff943d08a7e098328c1d3a9d388923b115d2,USDT/WBNB,2500,100,30m,1800,72h,realistic,0.000003,0.015255,0.004167,-0.019419,-0.0194,medium,True
0x1401ff943d08a7e098328c1d3a9d388923b115d2,USDT/WBNB,2500,100,30m,1800,72h,conservative,0.000003,0.015255,0.010417,-0.025669,-0.0257,medium,True
0x1401ff943d08a7e098328c1d3a9d388923b115d2,USDT/WBNB,2500,500,30m,1800,72h,zero_il_lvr,0.000016,0.015255,0.000000,-0.015240,-0.0030,low,True
0x1401ff943d08a7e098328c1d3a9d388923b115d2,USDT/WBNB,2500,500,30m,1800,72h,optimistic,0.000016,0.015255,0.005208,-0.020448,-0.0041,low,True
0x1401ff943d08a7e098328c1d3a9d388923b115d2,USDT/WBNB,2500,500,30m,1800,72h,realistic,0.000016,0.015255,0.020833,-0.036073,-0.0072,medium,True
0x1401ff943d08a7e098328c1d3a9d388923b115d2,USDT/WBNB,2500,500,30m,1800,72h,conservative,0.000016,0.015255,0.052083,-0.067323,-0.0135,medium,True
0x1401ff943d08a7e098328c1d3a9d388923b115d2,USDT/WBNB,2500,1000,30m,1800,72h,zero_il_lvr,0.000031,0.015255,0.000000,-0.015224,-0.0015,low,True
0x1401ff943d08a7e098328c1d3a9d388923b115d2,USDT/WBNB,2500,1000,30m,1800,72h,optimistic,0.000031,0.015255,0.010417,-0.025641,-0.0026,low,True
0x1401ff943d08a7e098328c1d3a9d388923b115d2,USDT/WBNB,2500,1000,30m,1800,72h,realistic,0.000031,0.015255,0.041667,-0.056891,-0.0057,medium,True
0x1401ff943d08a7e098328c1d3a9d388923b115d2,USDT/WBNB,2500,1000,30m,1800,72h,conservative,0.000031,0.015255,0.104167,-0.119391,-0.0119,medium,True
0x1401ff943d08a7e098328c1d3a9d388923b115d2,USDT/WBNB,2500,2000,30m,1800,72h,zero_il_lvr,0.000062,0.015255,0.000000,-0.015193,-0.0008,low,True
0x1401ff943d08a7e098328c1d3a9d388923b115d2,USDT/WBNB,2500,2000,30m,1800,72h,optimistic,0.000062,0.015255,0.020833,-0.036027,-0.0018,low,True
0x1401ff943d08a7e098328c1d3a9d388923b115d2,USDT/WBNB,2500,2000,30m,1800,72h,realistic,0.000062,0.015255,0.083333,-0.098527,-0.0049,medium,True
0x1401ff943d08a7e098328c1d3a9d388923b115d2,USDT/WBNB,2500,2000,30m,1800,72h,conservative,0.000062,0.015255,0.208333,-0.223527,-0.0112,medium,True
0x1401ff943d08a7e098328c1d3a9d388923b115d2,USDT/WBNB,2500,20,1h,3600,72h,zero_il_lvr,0.000001,0.015255,0.000000,-0.015254,-0.0763,low,True
0x1401ff943d08a7e098328c1d3a9d388923b115d2,USDT/WBNB,2500,20,1h,3600,72h,optimistic,0.000001,0.015255,0.000417,-0.015671,-0.0784,low,True
0x1401ff943d08a7e098328c1d3a9d388923b115d2,USDT/WBNB,2500,20,1h,3600,72h,realistic,0.000001,0.015255,0.001667,-0.016921,-0.0846,medium,True
0x1401ff943d08a7e098328c1d3a9d388923b115d2,USDT/WBNB,2500,20,1h,3600,72h,conservative,0.000001,0.015255,0.004167,-0.019421,-0.0971,medium,True
0x1401ff943d08a7e098328c1d3a9d388923b115d2,USDT/WBNB,2500,100,1h,3600,72h,zero_il_lvr,0.000006,0.015255,0.000000,-0.015249,-0.0152,low,True
0x1401ff943d08a7e098328c1d3a9d388923b115d2,USDT/WBNB,2500,100,1h,3600,72h,optimistic,0.000006,0.015255,0.002083,-0.017333,-0.0173,low,True
0x1401ff943d08a7e098328c1d3a9d388923b115d2,USDT/WBNB,2500,100,1h,3600,72h,realistic,0.000006,0.015255,0.008333,-0.023583,-0.0236,medium,True
0x1401ff943d08a7e098328c1d3a9d388923b115d2,USDT/WBNB,2500,100,1h,3600,72h,conservative,0.000006,0.015255,0.020833,-0.036083,-0.0361,medium,True
0x1401ff943d08a7e098328c1d3a9d388923b115d2,USDT/WBNB,2500,500,1h,3600,72h,zero_il_lvr,0.000031,0.015255,0.000000,-0.015224,-0.0030,low,True
0x1401ff943d08a7e098328c1d3a9d388923b115d2,USDT/WBNB,2500,500,1h,3600,72h,optimistic,0.000031,0.015255,0.010417,-0.025641,-0.0051,low,True
0x1401ff943d08a7e098328c1d3a9d388923b115d2,USDT/WBNB,2500,500,1h,3600,72h,realistic,0.000031,0.015255,0.041667,-0.056891,-0.0114,medium,True
0x1401ff943d08a7e098328c1d3a9d388923b115d2,USDT/WBNB,2500,500,1h,3600,72h,conservative,0.000031,0.015255,0.104167,-0.119391,-0.0239,medium,True
0x1401ff943d08a7e098328c1d3a9d388923b115d2,USDT/WBNB,2500,1000,1h,3600,72h,zero_il_lvr,0.000062,0.015255,0.000000,-0.015193,-0.0015,low,True
0x1401ff943d08a7e098328c1d3a9d388923b115d2,USDT/WBNB,2500,1000,1h,3600,72h,optimistic,0.000062,0.015255,0.020833,-0.036027,-0.0036,low,True
0x1401ff943d08a7e098328c1d3a9d388923b115d2,USDT/WBNB,2500,1000,1h,3600,72h,realistic,0.000062,0.015255,0.083333,-0.098527,-0.0099,medium,True
0x1401ff943d08a7e098328c1d3a9d388923b115d2,USDT/WBNB,2500,1000,1h,3600,72h,conservative,0.000062,0.015255,0.208333,-0.223527,-0.0224,medium,True
0x1401ff943d08a7e098328c1d3a9d388923b115d2,USDT/WBNB,2500,2000,1h,3600,72h,zero_il_lvr,0.000125,0.015255,0.000000,-0.015131,-0.0008,low,True
0x1401ff943d08a7e098328c1d3a9d388923b115d2,USDT/WBNB,2500,2000,1h,3600,72h,optimistic,0.000125,0.015255,0.041667,-0.056798,-0.0028,low,True
0x1401ff943d08a7e098328c1d3a9d388923b115d2,USDT/WBNB,2500,2000,1h,3600,72h,realistic,0.000125,0.015255,0.166667,-0.181798,-0.0091,medium,True
0x1401ff943d08a7e098328c1d3a9d388923b115d2,USDT/WBNB,2500,2000,1h,3600,72h,conservative,0.000125,0.015255,0.416667,-0.431798,-0.0216,medium,True
0x1401ff943d08a7e098328c1d3a9d388923b115d2,USDT/WBNB,2500,20,2h,7200,72h,zero_il_lvr,0.000002,0.015255,0.000000,-0.015253,-0.0763,low,True
0x1401ff943d08a7e098328c1d3a9d388923b115d2,USDT/WBNB,2500,20,2h,7200,72h,optimistic,0.000002,0.015255,0.000833,-0.016086,-0.0804,low,True
0x1401ff943d08a7e098328c1d3a9d388923b115d2,USDT/WBNB,2500,20,2h,7200,72h,realistic,0.000002,0.015255,0.003333,-0.018586,-0.0929,medium,True
0x1401ff943d08a7e098328c1d3a9d388923b115d2,USDT/WBNB,2500,20,2h,7200,72h,conservative,0.000002,0.015255,0.008333,-0.023586,-0.1179,medium,True
0x1401ff943d08a7e098328c1d3a9d388923b115d2,USDT/WBNB,2500,100,2h,7200,72h,zero_il_lvr,0.000012,0.015255,0.000000,-0.015243,-0.0152,low,True
0x1401ff943d08a7e098328c1d3a9d388923b115d2,USDT/WBNB,2500,100,2h,7200,72h,optimistic,0.000012,0.015255,0.004167,-0.019410,-0.0194,low,True
0x1401ff943d08a7e098328c1d3a9d388923b115d2,USDT/WBNB,2500,100,2h,7200,72h,realistic,0.000012,0.015255,0.016667,-0.031910,-0.0319,medium,True
0x1401ff943d08a7e098328c1d3a9d388923b115d2,USDT/WBNB,2500,100,2h,7200,72h,conservative,0.000012,0.015255,0.041667,-0.056910,-0.0569,medium,True
0x1401ff943d08a7e098328c1d3a9d388923b115d2,USDT/WBNB,2500,500,2h,7200,72h,zero_il_lvr,0.000062,0.015255,0.000000,-0.015193,-0.0030,low,True
0x1401ff943d08a7e098328c1d3a9d388923b115d2,USDT/WBNB,2500,500,2h,7200,72h,optimistic,0.000062,0.015255,0.020833,-0.036027,-0.0072,low,True
0x1401ff943d08a7e098328c1d3a9d388923b115d2,USDT/WBNB,2500,500,2h,7200,72h,realistic,0.000062,0.015255,0.083333,-0.098527,-0.0197,medium,True
0x1401ff943d08a7e098328c1d3a9d388923b115d2,USDT/WBNB,2500,500,2h,7200,72h,conservative,0.000062,0.015255,0.208333,-0.223527,-0.0447,medium,True
0x1401ff943d08a7e098328c1d3a9d388923b115d2,USDT/WBNB,2500,1000,2h,7200,72h,zero_il_lvr,0.000125,0.015255,0.000000,-0.015131,-0.0015,low,True
0x1401ff943d08a7e098328c1d3a9d388923b115d2,USDT/WBNB,2500,1000,2h,7200,72h,optimistic,0.000125,0.015255,0.041667,-0.056798,-0.0057,low,True
0x1401ff943d08a7e098328c1d3a9d388923b115d2,USDT/WBNB,2500,1000,2h,7200,72h,realistic,0.000125,0.015255,0.166667,-0.181798,-0.0182,medium,True
0x1401ff943d08a7e098328c1d3a9d388923b115d2,USDT/WBNB,2500,1000,2h,7200,72h,conservative,0.000125,0.015255,0.416667,-0.431798,-0.0432,medium,True
0x1401ff943d08a7e098328c1d3a9d388923b115d2,USDT/WBNB,2500,2000,2h,7200,72h,zero_il_lvr,0.000249,0.015255,0.000000,-0.015006,-0.0008,low,True
0x1401ff943d08a7e098328c1d3a9d388923b115d2,USDT/WBNB,2500,2000,2h,7200,72h,optimistic,0.000249,0.015255,0.083333,-0.098340,-0.0049,low,True
0x1401ff943d08a7e098328c1d3a9d388923b115d2,USDT/WBNB,2500,2000,2h,7200,72h,realistic,0.000249,0.015255,0.333333,-0.348340,-0.0174,medium,True
0x1401ff943d08a7e098328c1d3a9d388923b115d2,USDT/WBNB,2500,2000,2h,7200,72h,conservative,0.000249,0.015255,0.833333,-0.848340,-0.0424,medium,True
0x1401ff943d08a7e098328c1d3a9d388923b115d2,USDT/WBNB,2500,20,6h,21600,72h,zero_il_lvr,0.000007,0.015255,0.000000,-0.015248,-0.0762,low,True
0x1401ff943d08a7e098328c1d3a9d388923b115d2,USDT/WBNB,2500,20,6h,21600,72h,optimistic,0.000007,0.015255,0.002500,-0.017748,-0.0887,low,True
0x1401ff943d08a7e098328c1d3a9d388923b115d2,USDT/WBNB,2500,20,6h,21600,72h,realistic,0.000007,0.015255,0.010000,-0.025248,-0.1262,medium,True
0x1401ff943d08a7e098328c1d3a9d388923b115d2,USDT/WBNB,2500,20,6h,21600,72h,conservative,0.000007,0.015255,0.025000,-0.040248,-0.2012,medium,True
0x1401ff943d08a7e098328c1d3a9d388923b115d2,USDT/WBNB,2500,100,6h,21600,72h,zero_il_lvr,0.000037,0.015255,0.000000,-0.015218,-0.0152,low,True
0x1401ff943d08a7e098328c1d3a9d388923b115d2,USDT/WBNB,2500,100,6h,21600,72h,optimistic,0.000037,0.015255,0.012500,-0.027718,-0.0277,low,True
0x1401ff943d08a7e098328c1d3a9d388923b115d2,USDT/WBNB,2500,100,6h,21600,72h,realistic,0.000037,0.015255,0.050000,-0.065218,-0.0652,medium,True
0x1401ff943d08a7e098328c1d3a9d388923b115d2,USDT/WBNB,2500,100,6h,21600,72h,conservative,0.000037,0.015255,0.125000,-0.140218,-0.1402,medium,True
0x1401ff943d08a7e098328c1d3a9d388923b115d2,USDT/WBNB,2500,500,6h,21600,72h,zero_il_lvr,0.000187,0.015255,0.000000,-0.015069,-0.0030,low,True
0x1401ff943d08a7e098328c1d3a9d388923b115d2,USDT/WBNB,2500,500,6h,21600,72h,optimistic,0.000187,0.015255,0.062500,-0.077569,-0.0155,low,True
0x1401ff943d08a7e098328c1d3a9d388923b115d2,USDT/WBNB,2500,500,6h,21600,72h,realistic,0.000187,0.015255,0.250000,-0.265069,-0.0530,medium,True
0x1401ff943d08a7e098328c1d3a9d388923b115d2,USDT/WBNB,2500,500,6h,21600,72h,conservative,0.000187,0.015255,0.625000,-0.640069,-0.1280,medium,True
0x1401ff943d08a7e098328c1d3a9d388923b115d2,USDT/WBNB,2500,1000,6h,21600,72h,zero_il_lvr,0.000374,0.015255,0.000000,-0.014882,-0.0015,low,True
0x1401ff943d08a7e098328c1d3a9d388923b115d2,USDT/WBNB,2500,1000,6h,21600,72h,optimistic,0.000374,0.015255,0.125000,-0.139882,-0.0140,low,True
0x1401ff943d08a7e098328c1d3a9d388923b115d2,USDT/WBNB,2500,1000,6h,21600,72h,realistic,0.000374,0.015255,0.500000,-0.514882,-0.0515,medium,True
0x1401ff943d08a7e098328c1d3a9d388923b115d2,USDT/WBNB,2500,1000,6h,21600,72h,conservative,0.000374,0.015255,1.250000,-1.264882,-0.1265,medium,True
0x1401ff943d08a7e098328c1d3a9d388923b115d2,USDT/WBNB,2500,2000,6h,21600,72h,zero_il_lvr,0.000748,0.015255,0.000000,-0.014508,-0.0007,low,True
0x1401ff943d08a7e098328c1d3a9d388923b115d2,USDT/WBNB,2500,2000,6h,21600,72h,optimistic,0.000748,0.015255,0.250000,-0.264508,-0.0132,low,True
0x1401ff943d08a7e098328c1d3a9d388923b115d2,USDT/WBNB,2500,2000,6h,21600,72h,realistic,0.000748,0.015255,1.000000,-1.014508,-0.0507,medium,True
0x1401ff943d08a7e098328c1d3a9d388923b115d2,USDT/WBNB,2500,2000,6h,21600,72h,conservative,0.000748,0.015255,2.500000,-2.514508,-0.1257,medium,True
0x1401ff943d08a7e098328c1d3a9d388923b115d2,USDT/WBNB,2500,20,24h,86400,72h,zero_il_lvr,0.000030,0.015255,0.000000,-0.015226,-0.0761,low,True
0x1401ff943d08a7e098328c1d3a9d388923b115d2,USDT/WBNB,2500,20,24h,86400,72h,optimistic,0.000030,0.015255,0.010000,-0.025226,-0.1261,low,True
0x1401ff943d08a7e098328c1d3a9d388923b115d2,USDT/WBNB,2500,20,24h,86400,72h,realistic,0.000030,0.015255,0.040000,-0.055226,-0.2761,medium,True
0x1401ff943d08a7e098328c1d3a9d388923b115d2,USDT/WBNB,2500,20,24h,86400,72h,conservative,0.000030,0.015255,0.100000,-0.115226,-0.5761,medium,True
0x1401ff943d08a7e098328c1d3a9d388923b115d2,USDT/WBNB,2500,100,24h,86400,72h,zero_il_lvr,0.000150,0.015255,0.000000,-0.015106,-0.0151,low,True
0x1401ff943d08a7e098328c1d3a9d388923b115d2,USDT/WBNB,2500,100,24h,86400,72h,optimistic,0.000150,0.015255,0.050000,-0.065106,-0.0651,low,True
0x1401ff943d08a7e098328c1d3a9d388923b115d2,USDT/WBNB,2500,100,24h,86400,72h,realistic,0.000150,0.015255,0.200000,-0.215106,-0.2151,medium,True
0x1401ff943d08a7e098328c1d3a9d388923b115d2,USDT/WBNB,2500,100,24h,86400,72h,conservative,0.000150,0.015255,0.500000,-0.515106,-0.5151,medium,True
0x1401ff943d08a7e098328c1d3a9d388923b115d2,USDT/WBNB,2500,500,24h,86400,72h,zero_il_lvr,0.000748,0.015255,0.000000,-0.014508,-0.0029,low,True
0x1401ff943d08a7e098328c1d3a9d388923b115d2,USDT/WBNB,2500,500,24h,86400,72h,optimistic,0.000748,0.015255,0.250000,-0.264508,-0.0529,low,True
0x1401ff943d08a7e098328c1d3a9d388923b115d2,USDT/WBNB,2500,500,24h,86400,72h,realistic,0.000748,0.015255,1.000000,-1.014508,-0.2029,medium,True
0x1401ff943d08a7e098328c1d3a9d388923b115d2,USDT/WBNB,2500,500,24h,86400,72h,conservative,0.000748,0.015255,2.500000,-2.514508,-0.5029,medium,True
0x1401ff943d08a7e098328c1d3a9d388923b115d2,USDT/WBNB,2500,1000,24h,86400,72h,zero_il_lvr,0.001495,0.015255,0.000000,-0.013760,-0.0014,low,True
0x1401ff943d08a7e098328c1d3a9d388923b115d2,USDT/WBNB,2500,1000,24h,86400,72h,optimistic,0.001495,0.015255,0.500000,-0.513760,-0.0514,low,True
0x1401ff943d08a7e098328c1d3a9d388923b115d2,USDT/WBNB,2500,1000,24h,86400,72h,realistic,0.001495,0.015255,2.000000,-2.013760,-0.2014,medium,True
0x1401ff943d08a7e098328c1d3a9d388923b115d2,USDT/WBNB,2500,1000,24h,86400,72h,conservative,0.001495,0.015255,5.000000,-5.013760,-0.5014,medium,True
0x1401ff943d08a7e098328c1d3a9d388923b115d2,USDT/WBNB,2500,2000,24h,86400,72h,zero_il_lvr,0.002991,0.015255,0.000000,-0.012265,-0.0006,low,True
0x1401ff943d08a7e098328c1d3a9d388923b115d2,USDT/WBNB,2500,2000,24h,86400,72h,optimistic,0.002991,0.015255,1.000000,-1.012265,-0.0506,low,True
0x1401ff943d08a7e098328c1d3a9d388923b115d2,USDT/WBNB,2500,2000,24h,86400,72h,realistic,0.002991,0.015255,4.000000,-4.012265,-0.2006,medium,True
0x1401ff943d08a7e098328c1d3a9d388923b115d2,USDT/WBNB,2500,2000,24h,86400,72h,conservative,0.002991,0.015255,10.000000,-10.012265,-0.5006,medium,True
0x6805e0e5333c5c3accf2930be4734e2b98f4ce06,USDT/WBNB,10000,20,15m,900,72h,zero_il_lvr,0.000000,0.015255,0.000000,-0.015255,-0.0763,low,True
0x6805e0e5333c5c3accf2930be4734e2b98f4ce06,USDT/WBNB,10000,20,15m,900,72h,optimistic,0.000000,0.015255,0.000104,-0.015360,-0.0768,low,True
0x6805e0e5333c5c3accf2930be4734e2b98f4ce06,USDT/WBNB,10000,20,15m,900,72h,realistic,0.000000,0.015255,0.000417,-0.015672,-0.0784,medium,True
0x6805e0e5333c5c3accf2930be4734e2b98f4ce06,USDT/WBNB,10000,20,15m,900,72h,conservative,0.000000,0.015255,0.001042,-0.016297,-0.0815,medium,True
0x6805e0e5333c5c3accf2930be4734e2b98f4ce06,USDT/WBNB,10000,100,15m,900,72h,zero_il_lvr,0.000000,0.015255,0.000000,-0.015255,-0.0153,low,True
0x6805e0e5333c5c3accf2930be4734e2b98f4ce06,USDT/WBNB,10000,100,15m,900,72h,optimistic,0.000000,0.015255,0.000521,-0.015776,-0.0158,low,True
0x6805e0e5333c5c3accf2930be4734e2b98f4ce06,USDT/WBNB,10000,100,15m,900,72h,realistic,0.000000,0.015255,0.002083,-0.017339,-0.0173,medium,True
0x6805e0e5333c5c3accf2930be4734e2b98f4ce06,USDT/WBNB,10000,100,15m,900,72h,conservative,0.000000,0.015255,0.005208,-0.020464,-0.0205,medium,True
0x6805e0e5333c5c3accf2930be4734e2b98f4ce06,USDT/WBNB,10000,500,15m,900,72h,zero_il_lvr,0.000000,0.015255,0.000000,-0.015255,-0.0031,low,True
0x6805e0e5333c5c3accf2930be4734e2b98f4ce06,USDT/WBNB,10000,500,15m,900,72h,optimistic,0.000000,0.015255,0.002604,-0.017859,-0.0036,low,True
0x6805e0e5333c5c3accf2930be4734e2b98f4ce06,USDT/WBNB,10000,500,15m,900,72h,realistic,0.000000,0.015255,0.010417,-0.025672,-0.0051,medium,True
0x6805e0e5333c5c3accf2930be4734e2b98f4ce06,USDT/WBNB,10000,500,15m,900,72h,conservative,0.000000,0.015255,0.026042,-0.041297,-0.0083,medium,True
0x6805e0e5333c5c3accf2930be4734e2b98f4ce06,USDT/WBNB,10000,1000,15m,900,72h,zero_il_lvr,0.000001,0.015255,0.000000,-0.015255,-0.0015,low,True
0x6805e0e5333c5c3accf2930be4734e2b98f4ce06,USDT/WBNB,10000,1000,15m,900,72h,optimistic,0.000001,0.015255,0.005208,-0.020463,-0.0020,low,True
0x6805e0e5333c5c3accf2930be4734e2b98f4ce06,USDT/WBNB,10000,1000,15m,900,72h,realistic,0.000001,0.015255,0.020833,-0.036088,-0.0036,medium,True
0x6805e0e5333c5c3accf2930be4734e2b98f4ce06,USDT/WBNB,10000,1000,15m,900,72h,conservative,0.000001,0.015255,0.052083,-0.067338,-0.0067,medium,True
0x6805e0e5333c5c3accf2930be4734e2b98f4ce06,USDT/WBNB,10000,2000,15m,900,72h,zero_il_lvr,0.000001,0.015255,0.000000,-0.015254,-0.0008,low,True
0x6805e0e5333c5c3accf2930be4734e2b98f4ce06,USDT/WBNB,10000,2000,15m,900,72h,optimistic,0.000001,0.015255,0.010417,-0.025671,-0.0013,low,True
0x6805e0e5333c5c3accf2930be4734e2b98f4ce06,USDT/WBNB,10000,2000,15m,900,72h,realistic,0.000001,0.015255,0.041667,-0.056921,-0.0028,medium,True
0x6805e0e5333c5c3accf2930be4734e2b98f4ce06,USDT/WBNB,10000,2000,15m,900,72h,conservative,0.000001,0.015255,0.104167,-0.119421,-0.0060,medium,True
0x6805e0e5333c5c3accf2930be4734e2b98f4ce06,USDT/WBNB,10000,20,30m,1800,72h,zero_il_lvr,0.000000,0.015255,0.000000,-0.015255,-0.0763,low,True
0x6805e0e5333c5c3accf2930be4734e2b98f4ce06,USDT/WBNB,10000,20,30m,1800,72h,optimistic,0.000000,0.015255,0.000208,-0.015464,-0.0773,low,True
0x6805e0e5333c5c3accf2930be4734e2b98f4ce06,USDT/WBNB,10000,20,30m,1800,72h,realistic,0.000000,0.015255,0.000833,-0.016089,-0.0804,medium,True
0x6805e0e5333c5c3accf2930be4734e2b98f4ce06,USDT/WBNB,10000,20,30m,1800,72h,conservative,0.000000,0.015255,0.002083,-0.017339,-0.0867,medium,True
0x6805e0e5333c5c3accf2930be4734e2b98f4ce06,USDT/WBNB,10000,100,30m,1800,72h,zero_il_lvr,0.000000,0.015255,0.000000,-0.015255,-0.0153,low,True
0x6805e0e5333c5c3accf2930be4734e2b98f4ce06,USDT/WBNB,10000,100,30m,1800,72h,optimistic,0.000000,0.015255,0.001042,-0.016297,-0.0163,low,True
0x6805e0e5333c5c3accf2930be4734e2b98f4ce06,USDT/WBNB,10000,100,30m,1800,72h,realistic,0.000000,0.015255,0.004167,-0.019422,-0.0194,medium,True
0x6805e0e5333c5c3accf2930be4734e2b98f4ce06,USDT/WBNB,10000,100,30m,1800,72h,conservative,0.000000,0.015255,0.010417,-0.025672,-0.0257,medium,True
0x6805e0e5333c5c3accf2930be4734e2b98f4ce06,USDT/WBNB,10000,500,30m,1800,72h,zero_il_lvr,0.000001,0.015255,0.000000,-0.015255,-0.0031,low,True
0x6805e0e5333c5c3accf2930be4734e2b98f4ce06,USDT/WBNB,10000,500,30m,1800,72h,optimistic,0.000001,0.015255,0.005208,-0.020463,-0.0041,low,True
0x6805e0e5333c5c3accf2930be4734e2b98f4ce06,USDT/WBNB,10000,500,30m,1800,72h,realistic,0.000001,0.015255,0.020833,-0.036088,-0.0072,medium,True
0x6805e0e5333c5c3accf2930be4734e2b98f4ce06,USDT/WBNB,10000,500,30m,1800,72h,conservative,0.000001,0.015255,0.052083,-0.067338,-0.0135,medium,True
0x6805e0e5333c5c3accf2930be4734e2b98f4ce06,USDT/WBNB,10000,1000,30m,1800,72h,zero_il_lvr,0.000001,0.015255,0.000000,-0.015254,-0.0015,low,True
0x6805e0e5333c5c3accf2930be4734e2b98f4ce06,USDT/WBNB,10000,1000,30m,1800,72h,optimistic,0.000001,0.015255,0.010417,-0.025671,-0.0026,low,True
0x6805e0e5333c5c3accf2930be4734e2b98f4ce06,USDT/WBNB,10000,1000,30m,1800,72h,realistic,0.000001,0.015255,0.041667,-0.056921,-0.0057,medium,True
0x6805e0e5333c5c3accf2930be4734e2b98f4ce06,USDT/WBNB,10000,1000,30m,1800,72h,conservative,0.000001,0.015255,0.104167,-0.119421,-0.0119,medium,True
0x6805e0e5333c5c3accf2930be4734e2b98f4ce06,USDT/WBNB,10000,2000,30m,1800,72h,zero_il_lvr,0.000002,0.015255,0.000000,-0.015253,-0.0008,low,True
0x6805e0e5333c5c3accf2930be4734e2b98f4ce06,USDT/WBNB,10000,2000,30m,1800,72h,optimistic,0.000002,0.015255,0.020833,-0.036086,-0.0018,low,True
0x6805e0e5333c5c3accf2930be4734e2b98f4ce06,USDT/WBNB,10000,2000,30m,1800,72h,realistic,0.000002,0.015255,0.083333,-0.098586,-0.0049,medium,True
0x6805e0e5333c5c3accf2930be4734e2b98f4ce06,USDT/WBNB,10000,2000,30m,1800,72h,conservative,0.000002,0.015255,0.208333,-0.223586,-0.0112,medium,True
0x6805e0e5333c5c3accf2930be4734e2b98f4ce06,USDT/WBNB,10000,20,1h,3600,72h,zero_il_lvr,0.000000,0.015255,0.000000,-0.015255,-0.0763,low,True
0x6805e0e5333c5c3accf2930be4734e2b98f4ce06,USDT/WBNB,10000,20,1h,3600,72h,optimistic,0.000000,0.015255,0.000417,-0.015672,-0.0784,low,True
0x6805e0e5333c5c3accf2930be4734e2b98f4ce06,USDT/WBNB,10000,20,1h,3600,72h,realistic,0.000000,0.015255,0.001667,-0.016922,-0.0846,medium,True
0x6805e0e5333c5c3accf2930be4734e2b98f4ce06,USDT/WBNB,10000,20,1h,3600,72h,conservative,0.000000,0.015255,0.004167,-0.019422,-0.0971,medium,True
0x6805e0e5333c5c3accf2930be4734e2b98f4ce06,USDT/WBNB,10000,100,1h,3600,72h,zero_il_lvr,0.000000,0.015255,0.000000,-0.015255,-0.0153,low,True
0x6805e0e5333c5c3accf2930be4734e2b98f4ce06,USDT/WBNB,10000,100,1h,3600,72h,optimistic,0.000000,0.015255,0.002083,-0.017339,-0.0173,low,True
0x6805e0e5333c5c3accf2930be4734e2b98f4ce06,USDT/WBNB,10000,100,1h,3600,72h,realistic,0.000000,0.015255,0.008333,-0.023589,-0.0236,medium,True
0x6805e0e5333c5c3accf2930be4734e2b98f4ce06,USDT/WBNB,10000,100,1h,3600,72h,conservative,0.000000,0.015255,0.020833,-0.036089,-0.0361,medium,True
0x6805e0e5333c5c3accf2930be4734e2b98f4ce06,USDT/WBNB,10000,500,1h,3600,72h,zero_il_lvr,0.000001,0.015255,0.000000,-0.015254,-0.0031,low,True
0x6805e0e5333c5c3accf2930be4734e2b98f4ce06,USDT/WBNB,10000,500,1h,3600,72h,optimistic,0.000001,0.015255,0.010417,-0.025671,-0.0051,low,True
0x6805e0e5333c5c3accf2930be4734e2b98f4ce06,USDT/WBNB,10000,500,1h,3600,72h,realistic,0.000001,0.015255,0.041667,-0.056921,-0.0114,medium,True
0x6805e0e5333c5c3accf2930be4734e2b98f4ce06,USDT/WBNB,10000,500,1h,3600,72h,conservative,0.000001,0.015255,0.104167,-0.119421,-0.0239,medium,True
0x6805e0e5333c5c3accf2930be4734e2b98f4ce06,USDT/WBNB,10000,1000,1h,3600,72h,zero_il_lvr,0.000002,0.015255,0.000000,-0.015253,-0.0015,low,True
0x6805e0e5333c5c3accf2930be4734e2b98f4ce06,USDT/WBNB,10000,1000,1h,3600,72h,optimistic,0.000002,0.015255,0.020833,-0.036086,-0.0036,low,True
0x6805e0e5333c5c3accf2930be4734e2b98f4ce06,USDT/WBNB,10000,1000,1h,3600,72h,realistic,0.000002,0.015255,0.083333,-0.098586,-0.0099,medium,True
0x6805e0e5333c5c3accf2930be4734e2b98f4ce06,USDT/WBNB,10000,1000,1h,3600,72h,conservative,0.000002,0.015255,0.208333,-0.223586,-0.0224,medium,True
0x6805e0e5333c5c3accf2930be4734e2b98f4ce06,USDT/WBNB,10000,2000,1h,3600,72h,zero_il_lvr,0.000005,0.015255,0.000000,-0.015251,-0.0008,low,True
0x6805e0e5333c5c3accf2930be4734e2b98f4ce06,USDT/WBNB,10000,2000,1h,3600,72h,optimistic,0.000005,0.015255,0.041667,-0.056917,-0.0028,low,True
0x6805e0e5333c5c3accf2930be4734e2b98f4ce06,USDT/WBNB,10000,2000,1h,3600,72h,realistic,0.000005,0.015255,0.166667,-0.181917,-0.0091,medium,True
0x6805e0e5333c5c3accf2930be4734e2b98f4ce06,USDT/WBNB,10000,2000,1h,3600,72h,conservative,0.000005,0.015255,0.416667,-0.431917,-0.0216,medium,True
0x6805e0e5333c5c3accf2930be4734e2b98f4ce06,USDT/WBNB,10000,20,2h,7200,72h,zero_il_lvr,0.000000,0.015255,0.000000,-0.015255,-0.0763,low,True
0x6805e0e5333c5c3accf2930be4734e2b98f4ce06,USDT/WBNB,10000,20,2h,7200,72h,optimistic,0.000000,0.015255,0.000833,-0.016089,-0.0804,low,True
0x6805e0e5333c5c3accf2930be4734e2b98f4ce06,USDT/WBNB,10000,20,2h,7200,72h,realistic,0.000000,0.015255,0.003333,-0.018589,-0.0929,medium,True
0x6805e0e5333c5c3accf2930be4734e2b98f4ce06,USDT/WBNB,10000,20,2h,7200,72h,conservative,0.000000,0.015255,0.008333,-0.023589,-0.1179,medium,True
0x6805e0e5333c5c3accf2930be4734e2b98f4ce06,USDT/WBNB,10000,100,2h,7200,72h,zero_il_lvr,0.000000,0.015255,0.000000,-0.015255,-0.0153,low,True
0x6805e0e5333c5c3accf2930be4734e2b98f4ce06,USDT/WBNB,10000,100,2h,7200,72h,optimistic,0.000000,0.015255,0.004167,-0.019422,-0.0194,low,True
0x6805e0e5333c5c3accf2930be4734e2b98f4ce06,USDT/WBNB,10000,100,2h,7200,72h,realistic,0.000000,0.015255,0.016667,-0.031922,-0.0319,medium,True
0x6805e0e5333c5c3accf2930be4734e2b98f4ce06,USDT/WBNB,10000,100,2h,7200,72h,conservative,0.000000,0.015255,0.041667,-0.056922,-0.0569,medium,True
0x6805e0e5333c5c3accf2930be4734e2b98f4ce06,USDT/WBNB,10000,500,2h,7200,72h,zero_il_lvr,0.000002,0.015255,0.000000,-0.015253,-0.0031,low,True
0x6805e0e5333c5c3accf2930be4734e2b98f4ce06,USDT/WBNB,10000,500,2h,7200,72h,optimistic,0.000002,0.015255,0.020833,-0.036086,-0.0072,low,True
0x6805e0e5333c5c3accf2930be4734e2b98f4ce06,USDT/WBNB,10000,500,2h,7200,72h,realistic,0.000002,0.015255,0.083333,-0.098586,-0.0197,medium,True
0x6805e0e5333c5c3accf2930be4734e2b98f4ce06,USDT/WBNB,10000,500,2h,7200,72h,conservative,0.000002,0.015255,0.208333,-0.223586,-0.0447,medium,True
0x6805e0e5333c5c3accf2930be4734e2b98f4ce06,USDT/WBNB,10000,1000,2h,7200,72h,zero_il_lvr,0.000005,0.015255,0.000000,-0.015251,-0.0015,low,True
0x6805e0e5333c5c3accf2930be4734e2b98f4ce06,USDT/WBNB,10000,1000,2h,7200,72h,optimistic,0.000005,0.015255,0.041667,-0.056917,-0.0057,low,True
0x6805e0e5333c5c3accf2930be4734e2b98f4ce06,USDT/WBNB,10000,1000,2h,7200,72h,realistic,0.000005,0.015255,0.166667,-0.181917,-0.0182,medium,True
0x6805e0e5333c5c3accf2930be4734e2b98f4ce06,USDT/WBNB,10000,1000,2h,7200,72h,conservative,0.000005,0.015255,0.416667,-0.431917,-0.0432,medium,True
0x6805e0e5333c5c3accf2930be4734e2b98f4ce06,USDT/WBNB,10000,2000,2h,7200,72h,zero_il_lvr,0.000010,0.015255,0.000000,-0.015246,-0.0008,low,True
0x6805e0e5333c5c3accf2930be4734e2b98f4ce06,USDT/WBNB,10000,2000,2h,7200,72h,optimistic,0.000010,0.015255,0.083333,-0.098579,-0.0049,low,True
0x6805e0e5333c5c3accf2930be4734e2b98f4ce06,USDT/WBNB,10000,2000,2h,7200,72h,realistic,0.000010,0.015255,0.333333,-0.348579,-0.0174,medium,True
0x6805e0e5333c5c3accf2930be4734e2b98f4ce06,USDT/WBNB,10000,2000,2h,7200,72h,conservative,0.000010,0.015255,0.833333,-0.848579,-0.0424,medium,True
0x6805e0e5333c5c3accf2930be4734e2b98f4ce06,USDT/WBNB,10000,20,6h,21600,72h,zero_il_lvr,0.000000,0.015255,0.000000,-0.015255,-0.0763,low,True
0x6805e0e5333c5c3accf2930be4734e2b98f4ce06,USDT/WBNB,10000,20,6h,21600,72h,optimistic,0.000000,0.015255,0.002500,-0.017755,-0.0888,low,True
0x6805e0e5333c5c3accf2930be4734e2b98f4ce06,USDT/WBNB,10000,20,6h,21600,72h,realistic,0.000000,0.015255,0.010000,-0.025255,-0.1263,medium,True
0x6805e0e5333c5c3accf2930be4734e2b98f4ce06,USDT/WBNB,10000,20,6h,21600,72h,conservative,0.000000,0.015255,0.025000,-0.040255,-0.2013,medium,True
0x6805e0e5333c5c3accf2930be4734e2b98f4ce06,USDT/WBNB,10000,100,6h,21600,72h,zero_il_lvr,0.000001,0.015255,0.000000,-0.015254,-0.0153,low,True
0x6805e0e5333c5c3accf2930be4734e2b98f4ce06,USDT/WBNB,10000,100,6h,21600,72h,optimistic,0.000001,0.015255,0.012500,-0.027754,-0.0278,low,True
0x6805e0e5333c5c3accf2930be4734e2b98f4ce06,USDT/WBNB,10000,100,6h,21600,72h,realistic,0.000001,0.015255,0.050000,-0.065254,-0.0653,medium,True
0x6805e0e5333c5c3accf2930be4734e2b98f4ce06,USDT/WBNB,10000,100,6h,21600,72h,conservative,0.000001,0.015255,0.125000,-0.140254,-0.1403,medium,True
0x6805e0e5333c5c3accf2930be4734e2b98f4ce06,USDT/WBNB,10000,500,6h,21600,72h,zero_il_lvr,0.000007,0.015255,0.000000,-0.015248,-0.0030,low,True
0x6805e0e5333c5c3accf2930be4734e2b98f4ce06,USDT/WBNB,10000,500,6h,21600,72h,optimistic,0.000007,0.015255,0.062500,-0.077748,-0.0155,low,True
0x6805e0e5333c5c3accf2930be4734e2b98f4ce06,USDT/WBNB,10000,500,6h,21600,72h,realistic,0.000007,0.015255,0.250000,-0.265248,-0.0530,medium,True
0x6805e0e5333c5c3accf2930be4734e2b98f4ce06,USDT/WBNB,10000,500,6h,21600,72h,conservative,0.000007,0.015255,0.625000,-0.640248,-0.1280,medium,True
0x6805e0e5333c5c3accf2930be4734e2b98f4ce06,USDT/WBNB,10000,1000,6h,21600,72h,zero_il_lvr,0.000015,0.015255,0.000000,-0.015241,-0.0015,low,True
0x6805e0e5333c5c3accf2930be4734e2b98f4ce06,USDT/WBNB,10000,1000,6h,21600,72h,optimistic,0.000015,0.015255,0.125000,-0.140241,-0.0140,low,True
0x6805e0e5333c5c3accf2930be4734e2b98f4ce06,USDT/WBNB,10000,1000,6h,21600,72h,realistic,0.000015,0.015255,0.500000,-0.515241,-0.0515,medium,True
0x6805e0e5333c5c3accf2930be4734e2b98f4ce06,USDT/WBNB,10000,1000,6h,21600,72h,conservative,0.000015,0.015255,1.250000,-1.265241,-0.1265,medium,True
0x6805e0e5333c5c3accf2930be4734e2b98f4ce06,USDT/WBNB,10000,2000,6h,21600,72h,zero_il_lvr,0.000029,0.015255,0.000000,-0.015226,-0.0008,low,True
0x6805e0e5333c5c3accf2930be4734e2b98f4ce06,USDT/WBNB,10000,2000,6h,21600,72h,optimistic,0.000029,0.015255,0.250000,-0.265226,-0.0133,low,True
0x6805e0e5333c5c3accf2930be4734e2b98f4ce06,USDT/WBNB,10000,2000,6h,21600,72h,realistic,0.000029,0.015255,1.000000,-1.015226,-0.0508,medium,True
0x6805e0e5333c5c3accf2930be4734e2b98f4ce06,USDT/WBNB,10000,2000,6h,21600,72h,conservative,0.000029,0.015255,2.500000,-2.515226,-0.1258,medium,True
0x6805e0e5333c5c3accf2930be4734e2b98f4ce06,USDT/WBNB,10000,20,24h,86400,72h,zero_il_lvr,0.000001,0.015255,0.000000,-0.015254,-0.0763,low,True
0x6805e0e5333c5c3accf2930be4734e2b98f4ce06,USDT/WBNB,10000,20,24h,86400,72h,optimistic,0.000001,0.015255,0.010000,-0.025254,-0.1263,low,True
0x6805e0e5333c5c3accf2930be4734e2b98f4ce06,USDT/WBNB,10000,20,24h,86400,72h,realistic,0.000001,0.015255,0.040000,-0.055254,-0.2763,medium,True
0x6805e0e5333c5c3accf2930be4734e2b98f4ce06,USDT/WBNB,10000,20,24h,86400,72h,conservative,0.000001,0.015255,0.100000,-0.115254,-0.5763,medium,True
0x6805e0e5333c5c3accf2930be4734e2b98f4ce06,USDT/WBNB,10000,100,24h,86400,72h,zero_il_lvr,0.000006,0.015255,0.000000,-0.015250,-0.0152,low,True
0x6805e0e5333c5c3accf2930be4734e2b98f4ce06,USDT/WBNB,10000,100,24h,86400,72h,optimistic,0.000006,0.015255,0.050000,-0.065250,-0.0652,low,True
0x6805e0e5333c5c3accf2930be4734e2b98f4ce06,USDT/WBNB,10000,100,24h,86400,72h,realistic,0.000006,0.015255,0.200000,-0.215250,-0.2152,medium,True
0x6805e0e5333c5c3accf2930be4734e2b98f4ce06,USDT/WBNB,10000,100,24h,86400,72h,conservative,0.000006,0.015255,0.500000,-0.515250,-0.5152,medium,True
0x6805e0e5333c5c3accf2930be4734e2b98f4ce06,USDT/WBNB,10000,500,24h,86400,72h,zero_il_lvr,0.000029,0.015255,0.000000,-0.015226,-0.0030,low,True
0x6805e0e5333c5c3accf2930be4734e2b98f4ce06,USDT/WBNB,10000,500,24h,86400,72h,optimistic,0.000029,0.015255,0.250000,-0.265226,-0.0530,low,True
0x6805e0e5333c5c3accf2930be4734e2b98f4ce06,USDT/WBNB,10000,500,24h,86400,72h,realistic,0.000029,0.015255,1.000000,-1.015226,-0.2030,medium,True
0x6805e0e5333c5c3accf2930be4734e2b98f4ce06,USDT/WBNB,10000,500,24h,86400,72h,conservative,0.000029,0.015255,2.500000,-2.515226,-0.5030,medium,True
0x6805e0e5333c5c3accf2930be4734e2b98f4ce06,USDT/WBNB,10000,1000,24h,86400,72h,zero_il_lvr,0.000059,0.015255,0.000000,-0.015197,-0.0015,low,True
0x6805e0e5333c5c3accf2930be4734e2b98f4ce06,USDT/WBNB,10000,1000,24h,86400,72h,optimistic,0.000059,0.015255,0.500000,-0.515197,-0.0515,low,True
0x6805e0e5333c5c3accf2930be4734e2b98f4ce06,USDT/WBNB,10000,1000,24h,86400,72h,realistic,0.000059,0.015255,2.000000,-2.015197,-0.2015,medium,True
0x6805e0e5333c5c3accf2930be4734e2b98f4ce06,USDT/WBNB,10000,1000,24h,86400,72h,conservative,0.000059,0.015255,5.000000,-5.015197,-0.5015,medium,True
0x6805e0e5333c5c3accf2930be4734e2b98f4ce06,USDT/WBNB,10000,2000,24h,86400,72h,zero_il_lvr,0.000118,0.015255,0.000000,-0.015138,-0.0008,low,True
0x6805e0e5333c5c3accf2930be4734e2b98f4ce06,USDT/WBNB,10000,2000,24h,86400,72h,optimistic,0.000118,0.015255,1.000000,-1.015138,-0.0508,low,True
0x6805e0e5333c5c3accf2930be4734e2b98f4ce06,USDT/WBNB,10000,2000,24h,86400,72h,realistic,0.000118,0.015255,4.000000,-4.015138,-0.2008,medium,True
0x6805e0e5333c5c3accf2930be4734e2b98f4ce06,USDT/WBNB,10000,2000,24h,86400,72h,conservative,0.000118,0.015255,10.000000,-10.015138,-0.5008,medium,True
