variant_name,capacity_usd,window,horizon,retained_sample_count,opportunity_retention_rate,false_filter_rate,missed_profit_rate,fee_minus_exit_cost_median,fee_minus_exit_cost_p10,tail_improvement_p10,tail_improvement_p5,tail_improvement_p1,primary_failure_reason
retention_floor_30pct,10,recent_7d,30m,200,0.09671052631578947,0.9032894736842105,0.9990360308291719,-0.030193414422714,-0.030228980479771,0.09044310311764701,0.7105143481098878,3.418253615398523,over_filtering
retention_floor_50pct,10,recent_7d,30m,697,0.35,0.65,0.7636489426383778,-0.0516599436315923,-0.0662633680407129,0.0452163703475362,0.177958103649566,1.8026081302546602,fee_minus_exit_cost_negative
false_filter_cap_50pct,10,recent_7d,30m,1422,0.7578947368421053,0.24210526315789474,0.3671147556271861,-0.0700187362032056,-0.082265934717877,0.0388741207426775,0.10964799148496795,0.7475147751904601,fee_minus_exit_cost_negative
missed_profit_cap_30pct,10,recent_7d,30m,622,0.3157894736842105,0.6842105263157895,0.7941150214829276,-0.0515432050726768,-0.0660222059690675,0.047418367597842695,0.20915549385528198,1.9004142225799403,fee_minus_exit_cost_negative
fee_cost_nonnegative_median,10,recent_7d,30m,0,0.0,1.0,1.0,,,,,,over_filtering
fee_cost_nonnegative_p10,10,recent_7d,30m,0,0.0,1.0,1.0,,,,,,over_filtering
exit_depth_soft_10usd,10,recent_7d,30m,200,0.09671052631578947,0.9032894736842105,0.9990360308291719,-0.030193414422714,-0.030228980479771,0.09044310311764701,0.7105143481098878,3.418253615398523,over_filtering
exit_depth_soft_20usd,10,recent_7d,30m,0,0.0,1.0,1.0,,,,,,over_filtering
fee_velocity_rank_top30,10,recent_7d,30m,537,0.3059210526315789,0.694078947368421,0.7106097669063148,-0.0836541106229357,-0.0994002677297983,0.016122166143334393,0.017492674377919015,-1.2587416902921293,fee_minus_exit_cost_negative
fee_velocity_rank_top50,10,recent_7d,30m,944,0.5263157894736842,0.47368421052631576,0.44180972460256895,-0.078334981232635,-0.0974843671856233,-0.049072817200582805,-0.23479053543878303,0.0,fee_minus_exit_cost_negative
fee_depth_balanced_score,10,recent_7d,30m,874,0.4888157894736842,0.5111842105263158,0.4772155236563736,-0.0793677016173343,-0.097529664270129,-0.020582928510333803,-0.079680536246441,-1.14170795538968,fee_minus_exit_cost_negative
fee_depth_tail_guard,10,recent_7d,30m,697,0.35,0.65,0.7636489426383778,-0.0516599436315923,-0.0662633680407129,0.0452163703475362,0.177958103649566,1.8026081302546602,fee_minus_exit_cost_negative
small_cap_10usd_lenient,10,recent_7d,30m,226,0.10789473684210527,0.8921052631578947,0.9990326237842815,-0.0301933013351391,-0.030227775661294,0.09036297695924622,0.7125266864049238,3.424620876061015,over_filtering
small_cap_20usd_lenient,10,recent_7d,30m,0,0.0,1.0,1.0,,,,,,over_filtering
hybrid_fee_depth_plus_data_freshness,10,recent_7d,30m,0,0.0,1.0,1.0,,,,,,over_filtering
hybrid_fee_depth_plus_regime_soft,10,recent_7d,30m,182,0.09671052631578947,0.9032894736842105,0.8878561304812705,-0.0611864003462043,-0.0671745567081074,-0.027559779246415797,-0.4335215792215671,0.7475147751904601,over_filtering
retention_floor_30pct,50,recent_7d,30m,277,0.1355263157894737,0.8644736842105263,0.9680223047504724,-0.239038264422399,-0.646793678817309,0.08609698379557486,0.7005177744723453,2.35951477837267,over_filtering
retention_floor_50pct,50,recent_7d,30m,1263,0.6631578947368421,0.3368421052631579,0.43008815968582964,-0.971395192432468,-1.23265222357026,0.013470151832921495,0.08091147308013191,0.4276184064589903,fee_minus_exit_cost_negative
false_filter_cap_50pct,50,recent_7d,30m,1777,0.9473684210526315,0.05263157894736842,0.1832328994985139,-1.13312136391952,-1.47976488968211,0.013504255271994503,0.017492674377919015,0.6395752232987801,fee_minus_exit_cost_negative
missed_profit_cap_30pct,50,recent_7d,30m,1137,0.5993421052631579,0.4006578947368421,0.4674319923116132,-0.971759874716945,-1.23600374688246,0.013470151832921495,0.08082799417633091,0.17976973966847032,fee_minus_exit_cost_negative
fee_cost_nonnegative_median,50,recent_7d,30m,0,0.0,1.0,1.0,,,,,,over_filtering
fee_cost_nonnegative_p10,50,recent_7d,30m,0,0.0,1.0,1.0,,,,,,over_filtering
exit_depth_soft_10usd,50,recent_7d,30m,0,0.0,1.0,1.0,,,,,,over_filtering
exit_depth_soft_20usd,50,recent_7d,30m,0,0.0,1.0,1.0,,,,,,over_filtering
fee_velocity_rank_top30,50,recent_7d,30m,537,0.3059210526315789,0.694078947368421,0.7106097669063148,-1.32512465140378,-1.64507341980431,0.016122166143334393,0.017492674377919015,-1.2587416902921293,fee_minus_exit_cost_negative
fee_velocity_rank_top50,50,recent_7d,30m,944,0.5263157894736842,0.47368421052631576,0.44180972460256895,-1.21704487069206,-1.60614368088242,-0.049072817200582805,-0.23479053543878303,0.0,fee_minus_exit_cost_negative
fee_depth_balanced_score,50,recent_7d,30m,877,0.49144736842105263,0.5085526315789474,0.47587350533800693,-1.23600374688246,-1.6070644318399,-0.01685241636903881,0.017492674377919015,-1.14170795538968,fee_minus_exit_cost_negative
fee_depth_tail_guard,50,recent_7d,30m,1263,0.6631578947368421,0.3368421052631579,0.43008815968582964,-0.971395192432468,-1.23265222357026,0.013470151832921495,0.08091147308013191,0.4276184064589903,fee_minus_exit_cost_negative
small_cap_10usd_lenient,50,recent_7d,30m,0,0.0,1.0,1.0,,,,,,over_filtering
small_cap_20usd_lenient,50,recent_7d,30m,0,0.0,1.0,1.0,,,,,,over_filtering
hybrid_fee_depth_plus_data_freshness,50,recent_7d,30m,273,0.15657894736842104,0.843421052631579,0.8033945991064158,-1.19446058933365,-1.25949127319754,0.006362114178961903,0.1730350086003719,-1.3081872860235895,over_filtering
hybrid_fee_depth_plus_regime_soft,50,recent_7d,30m,520,0.2868421052631579,0.7131578947368421,0.6343310543986769,-1.10883467393403,-1.25534438178593,-0.047795003070967804,-0.079680536246441,-1.2056770106161294,over_filtering
retention_floor_30pct,10,recent_7d,2h,199,0.08714596949891068,0.9128540305010894,0.999352765394994,-0.0301916266127154,-0.0302267462185031,0.6127315304863937,1.3416535389414557,4.696286001545496,over_filtering
retention_floor_50pct,10,recent_7d,2h,691,0.35802469135802467,0.6419753086419753,0.7380315561187484,-0.0503278733151228,-0.0639648652601755,0.09399818643806002,0.444387386463994,1.8674115826278501,fee_minus_exit_cost_negative
false_filter_cap_50pct,10,recent_7d,2h,1415,0.766158315177923,0.23384168482207698,0.2760626650475184,-0.0674805765178934,-0.0790095211181489,0.06113066718690596,0.2589025429049401,0.11522256805294973,fee_minus_exit_cost_negative
missed_profit_cap_30pct,10,recent_7d,2h,621,0.3282498184458969,0.6717501815541032,0.7530611808234211,-0.0501842600980017,-0.0639648652601755,0.14319061463704297,0.517533459926422,1.8674115826278501,fee_minus_exit_cost_negative
fee_cost_nonnegative_median,10,recent_7d,2h,0,0.0,1.0,1.0,,,,,,over_filtering
fee_cost_nonnegative_p10,10,recent_7d,2h,0,0.0,1.0,1.0,,,,,,over_filtering
exit_depth_soft_10usd,10,recent_7d,2h,199,0.08714596949891068,0.9128540305010894,0.999352765394994,-0.0301916266127154,-0.0302267462185031,0.6127315304863937,1.3416535389414557,4.696286001545496,over_filtering
exit_depth_soft_20usd,10,recent_7d,2h,0,0.0,1.0,1.0,,,,,,over_filtering
fee_velocity_rank_top30,10,recent_7d,2h,537,0.307915758896151,0.6920842411038489,0.6150504762887089,-0.0802456228339228,-0.0949866546881304,0.32239887190246297,-0.84924534961536,-3.07087879796088,fee_minus_exit_cost_negative
fee_velocity_rank_top50,10,recent_7d,2h,944,0.533042846768337,0.46695715323166304,0.348081483691843,-0.075265932024763,-0.0931930997516322,-0.3643060162685411,-0.81450925790414,-2.32807935906363,fee_minus_exit_cost_negative
fee_depth_balanced_score,10,recent_7d,2h,874,0.4974582425562818,0.5025417574437182,0.36764970821295534,-0.0762327370554018,-0.0932354349826649,-0.19728602292017305,-0.87894016507575,-2.9905160474739603,fee_minus_exit_cost_negative
fee_depth_tail_guard,10,recent_7d,2h,691,0.35802469135802467,0.6419753086419753,0.7380315561187484,-0.0503278733151228,-0.0639648652601755,0.09399818643806002,0.444387386463994,1.8674115826278501,fee_minus_exit_cost_negative
small_cap_10usd_lenient,10,recent_7d,2h,220,0.09586056644880174,0.9041394335511983,0.9993396666482526,-0.0301916266127154,-0.0302267462185031,0.6136355995844137,1.3417539761886572,4.697793198926697,over_filtering
small_cap_20usd_lenient,10,recent_7d,2h,0,0.0,1.0,1.0,,,,,,over_filtering
hybrid_fee_depth_plus_data_freshness,10,recent_7d,2h,0,0.0,1.0,1.0,,,,,,over_filtering
hybrid_fee_depth_plus_regime_soft,10,recent_7d,2h,182,0.10675381263616558,0.8932461873638344,0.8478062904864869,-0.0592119407322283,-0.0648179428678541,-0.21512497193194402,0.1618681627346399,0.8725316707064699,over_filtering
retention_floor_30pct,10,recent_7d,1h,200,0.08910212474297464,0.9108978752570254,0.9991781739659641,-0.0301928184860478,-0.030228235726015,0.25163909655686,1.0555062448565538,4.3907866417039685,over_filtering
retention_floor_50pct,10,recent_7d,1h,695,0.3591501028101439,0.6408498971898561,0.7553529207547413,-0.0512044777523197,-0.0654972004472004,0.201945959756438,0.19551442706727795,1.76078081751835,fee_minus_exit_cost_negative
false_filter_cap_50pct,10,recent_7d,1h,1420,0.7642220699108979,0.2357779300891021,0.3139786708583866,-0.0691726829747682,-0.0811593078786118,0.038191072612040994,0.1797746279730289,0.6121620071004701,fee_minus_exit_cost_negative
missed_profit_cap_30pct,10,recent_7d,1h,622,0.32625085675119947,0.6737491432488005,0.7741098487042347,-0.0510902234144518,-0.0654972004472004,0.21982153364245172,0.4054725741414579,1.76078081751835,fee_minus_exit_cost_negative
fee_cost_nonnegative_median,10,recent_7d,1h,0,0.0,1.0,1.0,,,,,,over_filtering
fee_cost_nonnegative_p10,10,recent_7d,1h,0,0.0,1.0,1.0,,,,,,over_filtering
exit_depth_soft_10usd,10,recent_7d,1h,200,0.08910212474297464,0.9108978752570254,0.9991781739659641,-0.0301928184860478,-0.030228235726015,0.25163909655686,1.0555062448565538,4.3907866417039685,over_filtering
exit_depth_soft_20usd,10,recent_7d,1h,0,0.0,1.0,1.0,,,,,,over_filtering
fee_velocity_rank_top30,10,recent_7d,1h,537,0.3132282385195339,0.686771761480466,0.6747412281748763,-0.0825179480265981,-0.0979290633825757,0.02933078808384401,-0.2173545055858901,-2.8417446702378903,fee_minus_exit_cost_negative
fee_velocity_rank_top50,10,recent_7d,1h,944,0.5325565455791638,0.4674434544208362,0.38631955531952045,-0.077311964830011,-0.0960539447076262,-0.027582205169248974,-0.31538876999370014,-0.30702196459291997,fee_minus_exit_cost_negative
fee_depth_balanced_score,10,recent_7d,1h,874,0.4962302947224126,0.5037697052775874,0.4073553730813091,-0.0783227134300235,-0.096098254507641,0.0,-0.16074219131918,-2.2212998270369404,fee_minus_exit_cost_negative
fee_depth_tail_guard,10,recent_7d,1h,695,0.3591501028101439,0.6408498971898561,0.7553529207547413,-0.0512044777523197,-0.0654972004472004,0.201945959756438,0.19551442706727795,1.76078081751835,fee_minus_exit_cost_negative
small_cap_10usd_lenient,10,recent_7d,1h,224,0.10006854009595613,0.8999314599040439,0.9991515163508846,-0.0301927058658229,-0.0302270359494516,0.25208269841900627,1.0565172953858653,4.392263825920321,over_filtering
small_cap_20usd_lenient,10,recent_7d,1h,0,0.0,1.0,1.0,,,,,,over_filtering
hybrid_fee_depth_plus_data_freshness,10,recent_7d,1h,0,0.0,1.0,1.0,,,,,,over_filtering
hybrid_fee_depth_plus_regime_soft,10,recent_7d,1h,182,0.0993831391363948,0.9006168608636053,0.8651946667518515,-0.0605282471415456,-0.0663890187613563,-0.028144899065856988,-0.12616398182453015,0.6060163672119998,over_filtering
retention_floor_30pct,20,recent_7d,1h,200,0.08910212474297464,0.9108978752570254,0.9991781739659641,-0.0616960535471038,-0.0618240318256731,0.25163909655686,1.0555062448565538,4.3907866417039685,over_filtering
retention_floor_50pct,20,recent_7d,1h,930,0.48046607265250174,0.5195339273474983,0.5913079546248035,-0.146788250512676,-0.216860003539547,0.003976018247981994,0.06688636261887981,0.6244169458327802,fee_minus_exit_cost_negative
false_filter_cap_50pct,20,recent_7d,1h,1632,0.8711446196024675,0.12885538039753255,0.2286186230992359,-0.215470136063763,-0.269436858573688,0.04302043419731699,0.08510421531185786,0.6100627650810302,fee_minus_exit_cost_negative
missed_profit_cap_30pct,20,recent_7d,1h,844,0.4407128169979438,0.5592871830020562,0.6109911699168648,-0.14542650969715,-0.217263716504722,0.054527347421258004,0.20450717081314096,0.6129935614487798,fee_minus_exit_cost_negative
fee_cost_nonnegative_median,20,recent_7d,1h,0,0.0,1.0,1.0,,,,,,over_filtering
fee_cost_nonnegative_p10,20,recent_7d,1h,0,0.0,1.0,1.0,,,,,,over_filtering
exit_depth_soft_10usd,20,recent_7d,1h,0,0.0,1.0,1.0,,,,,,over_filtering
exit_depth_soft_20usd,20,recent_7d,1h,200,0.08910212474297464,0.9108978752570254,0.9991781739659641,-0.0616960535471038,-0.0618240318256731,0.25163909655686,1.0555062448565538,4.3907866417039685,over_filtering
fee_velocity_rank_top30,20,recent_7d,1h,537,0.3132282385195339,0.686771761480466,0.6747412281748763,-0.253700333204033,-0.310252482088385,0.02933078808384401,-0.2173545055858901,-2.8417446702378903,fee_minus_exit_cost_negative
fee_velocity_rank_top50,20,recent_7d,1h,944,0.5325565455791638,0.4674434544208362,0.38631955531952045,-0.234596725876437,-0.303371552877045,-0.027582205169248974,-0.31538876999370014,-0.30702196459291997,fee_minus_exit_cost_negative
fee_depth_balanced_score,20,recent_7d,1h,873,0.49554489376285127,0.5044551062371487,0.4075305354265057,-0.238305730547479,-0.303534227467469,0.0,-0.12616398182453015,-2.2212998270369404,fee_minus_exit_cost_negative
fee_depth_tail_guard,20,recent_7d,1h,930,0.48046607265250174,0.5195339273474983,0.5913079546248035,-0.146788250512676,-0.216860003539547,0.003976018247981994,0.06688636261887981,0.6244169458327802,fee_minus_exit_cost_negative
small_cap_10usd_lenient,20,recent_7d,1h,0,0.0,1.0,1.0,,,,,,over_filtering
small_cap_20usd_lenient,20,recent_7d,1h,224,0.10006854009595613,0.8999314599040439,0.9991515163508846,-0.0616956466187744,-0.0618196964959214,0.25208269841900627,1.0565172953858653,4.392263825920321,over_filtering
hybrid_fee_depth_plus_data_freshness,20,recent_7d,1h,54,0.029472241261137764,0.9705277587388622,0.9492642426546889,-0.214421046893955,-0.220838499291159,-0.26389644991658295,0.35665132509335096,3.3152007939366097,over_filtering
hybrid_fee_depth_plus_regime_soft,20,recent_7d,1h,281,0.1514736120630569,0.8485263879369431,0.7520211527833808,-0.190045127844005,-0.215470136063763,-0.26142388977540604,-0.006659145784680076,-0.2160608751597204,over_filtering
retention_floor_30pct,20,recent_7d,2h,199,0.08714596949891068,0.9128540305010894,0.999352765394994,-0.061693669800439,-0.0618210528106493,0.6127315304863937,1.3416535389414557,4.696286001545496,over_filtering
retention_floor_50pct,20,recent_7d,2h,926,0.49019607843137253,0.5098039215686274,0.6015361956089386,-0.144776946389918,-0.215898781914412,0.07607435728984191,0.33462520698253995,0.9175471517588001,fee_minus_exit_cost_negative
false_filter_cap_50pct,20,recent_7d,2h,1627,0.8634713144517067,0.1365286855482934,0.195218119460905,-0.212433743077775,-0.264519311976569,0.023794843665720933,0.13938464559388009,-1.8158934628696404,fee_minus_exit_cost_negative
missed_profit_cap_30pct,20,recent_7d,2h,843,0.4524328249818446,0.5475671750181554,0.6188786210249277,-0.143447455615945,-0.216136055623012,0.09278584293900294,0.36002212570416703,0.9168031709860598,fee_minus_exit_cost_negative
fee_cost_nonnegative_median,20,recent_7d,2h,0,0.0,1.0,1.0,,,,,,over_filtering
fee_cost_nonnegative_p10,20,recent_7d,2h,0,0.0,1.0,1.0,,,,,,over_filtering
exit_depth_soft_10usd,20,recent_7d,2h,0,0.0,1.0,1.0,,,,,,over_filtering
exit_depth_soft_20usd,20,recent_7d,2h,199,0.08714596949891068,0.9128540305010894,0.999352765394994,-0.061693669800439,-0.0618210528106493,0.6127315304863937,1.3416535389414557,4.696286001545496,over_filtering
fee_velocity_rank_top30,20,recent_7d,2h,537,0.307915758896151,0.6920842411038489,0.6150504762887089,-0.249155682818683,-0.304367664699494,0.32239887190246297,-0.84924534961536,-3.07087879796088,fee_minus_exit_cost_negative
fee_velocity_rank_top50,20,recent_7d,2h,944,0.533042846768337,0.46695715323166304,0.348081483691843,-0.23050466026594,-0.297649862965057,-0.3643060162685411,-0.81450925790414,-2.32807935906363,fee_minus_exit_cost_negative
fee_depth_balanced_score,20,recent_7d,2h,873,0.49673202614379086,0.5032679738562091,0.3679078462808441,-0.234125777798236,-0.297808588417517,-0.179608069059624,-0.84924534961536,-2.9905160474739603,fee_minus_exit_cost_negative
fee_depth_tail_guard,20,recent_7d,2h,926,0.49019607843137253,0.5098039215686274,0.6015361956089386,-0.144776946389918,-0.215898781914412,0.07607435728984191,0.33462520698253995,0.9175471517588001,fee_minus_exit_cost_negative
small_cap_10usd_lenient,20,recent_7d,2h,0,0.0,1.0,1.0,,,,,,over_filtering
small_cap_20usd_lenient,20,recent_7d,2h,220,0.09586056644880174,0.9041394335511983,0.9993396666482526,-0.061693669800439,-0.0618210528106493,0.6136355995844137,1.3417539761886572,4.697793198926697,over_filtering
hybrid_fee_depth_plus_data_freshness,20,recent_7d,2h,54,0.02832244008714597,0.971677559912854,0.9731625340238861,-0.210807065425433,-0.217072414725156,0.14525786917427796,0.828786891268544,3.71388989721299,over_filtering
hybrid_fee_depth_plus_regime_soft,20,recent_7d,2h,281,0.16194625998547568,0.8380537400145244,0.7681979276849854,-0.18700883804203,-0.211831290587165,-0.03933486807534903,0.16897046812017003,0.10483330770350996,over_filtering
retention_floor_30pct,50,recent_7d,1h,277,0.13708019191226867,0.8629198080877313,0.9683994499615654,-0.239035116735135,-0.644664186873213,0.2517226351666214,1.055170926163791,3.3608026821788197,over_filtering
retention_floor_50pct,50,recent_7d,1h,1261,0.6655243317340644,0.33447566826593556,0.4017741742728742,-0.967929036749383,-1.2274554396356,0.003976018247981994,0.06167723920529,0.6105037161082398,fee_minus_exit_cost_negative
false_filter_cap_50pct,50,recent_7d,1h,1775,0.9479095270733379,0.0520904729266621,0.15735067829392244,-1.13121686524703,-1.47846813576976,0.009227637883596984,0.024034571177279807,0.6105037161082398,fee_minus_exit_cost_negative
missed_profit_cap_30pct,50,recent_7d,1h,1137,0.6065798492117889,0.3934201507882111,0.4264625332861344,-0.967929036749383,-1.23078949152607,0.007944994706615027,0.13296874744027787,0.6100627650810302,fee_minus_exit_cost_negative
fee_cost_nonnegative_median,50,recent_7d,1h,0,0.0,1.0,1.0,,,,,,over_filtering
fee_cost_nonnegative_p10,50,recent_7d,1h,0,0.0,1.0,1.0,,,,,,over_filtering
exit_depth_soft_10usd,50,recent_7d,1h,0,0.0,1.0,1.0,,,,,,over_filtering
exit_depth_soft_20usd,50,recent_7d,1h,0,0.0,1.0,1.0,,,,,,over_filtering
fee_velocity_rank_top30,50,recent_7d,1h,537,0.3132282385195339,0.686771761480466,0.6747412281748763,-1.31944383842209,-1.63771739806819,0.02933078808384401,-0.2173545055858901,-2.8417446702378903,fee_minus_exit_cost_negative
fee_velocity_rank_top50,50,recent_7d,1h,944,0.5325565455791638,0.4674434544208362,0.38631955531952045,-1.21192978867894,-1.59899156849244,-0.027582205169248974,-0.31538876999370014,-0.30702196459291997,fee_minus_exit_cost_negative
fee_depth_balanced_score,50,recent_7d,1h,877,0.5003427004797807,0.4996572995202193,0.4074390929938536,-1.23078949152607,-1.59990738302746,0.003976018247981994,-0.08413066929440016,-2.2212998270369404,fee_minus_exit_cost_negative
fee_depth_tail_guard,50,recent_7d,1h,1261,0.6655243317340644,0.33447566826593556,0.4017741742728742,-0.967929036749383,-1.2274554396356,0.003976018247981994,0.06167723920529,0.6105037161082398,fee_minus_exit_cost_negative
small_cap_10usd_lenient,50,recent_7d,1h,0,0.0,1.0,1.0,,,,,,over_filtering
small_cap_20usd_lenient,50,recent_7d,1h,0,0.0,1.0,1.0,,,,,,over_filtering
hybrid_fee_depth_plus_data_freshness,50,recent_7d,1h,273,0.16106922549691569,0.8389307745030843,0.7868656729221798,-1.18946374633762,-1.25415407839703,0.009227637883596984,-0.026784366392110126,-2.24209000719837,over_filtering
hybrid_fee_depth_plus_regime_soft,50,recent_7d,1h,520,0.29472241261137766,0.7052775873886223,0.5874613434121095,-1.10428611708829,-1.25002889484488,-0.034817845470833,-0.11827261074887008,-0.2833480220507001,over_filtering
retention_floor_30pct,50,recent_7d,2h,276,0.13725490196078433,0.8627450980392157,0.9669917727585057,-0.239034823356256,-0.640405202985021,0.6127315304863937,1.33696349702828,3.767012088684068,over_filtering
retention_floor_50pct,50,recent_7d,2h,1256,0.6659404502541757,0.33405954974582425,0.38594022054035276,-0.963003872819194,-1.21706187176628,-0.006176255537464037,0.16645572226032002,0.0447656898521096,fee_minus_exit_cost_negative
false_filter_cap_50pct,50,recent_7d,2h,1770,0.9426289034132171,0.05737109658678286,0.10906507232396707,-1.125083931932,-1.47587462794504,-0.009465202381609084,0.0,0.0,fee_minus_exit_cost_negative
missed_profit_cap_30pct,50,recent_7d,2h,1135,0.6085693536673928,0.3914306463326071,0.4100833051003164,-0.960267360814258,-1.22036098081328,-0.0023308825220760276,0.20682450113728001,0.04088589694514955,fee_minus_exit_cost_negative
fee_cost_nonnegative_median,50,recent_7d,2h,0,0.0,1.0,1.0,,,,,,over_filtering
fee_cost_nonnegative_p10,50,recent_7d,2h,0,0.0,1.0,1.0,,,,,,over_filtering
exit_depth_soft_10usd,50,recent_7d,2h,0,0.0,1.0,1.0,,,,,,over_filtering
exit_depth_soft_20usd,50,recent_7d,2h,0,0.0,1.0,1.0,,,,,,over_filtering
fee_velocity_rank_top30,50,recent_7d,2h,537,0.307915758896151,0.6920842411038489,0.6150504762887089,-1.30808221245871,-1.62300535459597,0.32239887190246297,-0.84924534961536,-3.07087879796088,fee_minus_exit_cost_negative
fee_velocity_rank_top50,50,recent_7d,2h,944,0.533042846768337,0.46695715323166304,0.348081483691843,-1.2016996246527,-1.58468734371247,-0.3643060162685411,-0.81450925790414,-2.32807935906363,fee_minus_exit_cost_negative
fee_depth_balanced_score,50,recent_7d,2h,877,0.5010893246187363,0.4989106753812636,0.36724518080585605,-1.22036098081328,-1.58559328540258,-0.153061213939215,-0.7930737845609799,-2.9905160474739603,fee_minus_exit_cost_negative
fee_depth_tail_guard,50,recent_7d,2h,1256,0.6659404502541757,0.33405954974582425,0.38594022054035276,-0.963003872819194,-1.21706187176628,-0.006176255537464037,0.16645572226032002,0.0447656898521096,fee_minus_exit_cost_negative
small_cap_10usd_lenient,50,recent_7d,2h,0,0.0,1.0,1.0,,,,,,over_filtering
small_cap_20usd_lenient,50,recent_7d,2h,0,0.0,1.0,1.0,,,,,,over_filtering
hybrid_fee_depth_plus_data_freshness,50,recent_7d,2h,273,0.1539578794480755,0.8460421205519245,0.7827680971075203,-1.17947006034555,-1.24347968879601,0.11440389800615491,-0.95294578614413,-1.9204832833418601,over_filtering
hybrid_fee_depth_plus_regime_soft,50,recent_7d,2h,520,0.2970225127087872,0.7029774872912128,0.5761937740326671,-1.09518900339679,-1.23939792096277,-0.21512497193194402,-0.8979158061559702,-1.8566832488208203,over_filtering
retention_floor_30pct,20,recent_7d,30m,200,0.09671052631578947,0.9032894736842105,0.9990360308291719,-0.0616972454204361,-0.061825521333185,0.09044310311764701,0.7105143481098878,3.418253615398523,over_filtering
retention_floor_50pct,20,recent_7d,30m,932,0.4776315789473684,0.5223684210526316,0.6111987281369959,-0.147793902574055,-0.217626628683415,0.016746870917103793,0.08535539110670098,1.7887474324836803,fee_minus_exit_cost_negative
false_filter_cap_50pct,20,recent_7d,30m,1634,0.8690789473684211,0.13092105263157894,0.2695266637769408,-0.216608451239696,-0.271895631872247,0.022142475147718402,0.08091147308013191,0.7475147751904601,fee_minus_exit_cost_negative
missed_profit_cap_30pct,20,recent_7d,30m,844,0.4355263157894737,0.5644736842105263,0.6443699506264668,-0.146416036737753,-0.218121575743173,0.018234474910126003,0.09263102143616697,1.7887474324836803,fee_minus_exit_cost_negative
fee_cost_nonnegative_median,20,recent_7d,30m,0,0.0,1.0,1.0,,,,,,over_filtering
fee_cost_nonnegative_p10,20,recent_7d,30m,0,0.0,1.0,1.0,,,,,,over_filtering
exit_depth_soft_10usd,20,recent_7d,30m,0,0.0,1.0,1.0,,,,,,over_filtering
exit_depth_soft_20usd,20,recent_7d,30m,200,0.09671052631578947,0.9032894736842105,0.9990360308291719,-0.0616972454204361,-0.061825521333185,0.09044310311764701,0.7105143481098878,3.418253615398523,over_filtering
fee_velocity_rank_top30,20,recent_7d,30m,537,0.3059210526315789,0.694078947368421,0.7106097669063148,-0.255972658396709,-0.31319489078283,0.016122166143334393,0.017492674377919015,-1.2587416902921293,fee_minus_exit_cost_negative
fee_velocity_rank_top50,20,recent_7d,30m,944,0.5263157894736842,0.47368421052631576,0.44180972460256895,-0.236642758681685,-0.306232397833039,-0.049072817200582805,-0.23479053543878303,0.0,fee_minus_exit_cost_negative
fee_depth_balanced_score,20,recent_7d,30m,873,0.4881578947368421,0.5118421052631579,0.47734401022602657,-0.240395706922101,-0.306397046992445,-0.020582928510333803,0.0,-1.14170795538968,fee_minus_exit_cost_negative
fee_depth_tail_guard,20,recent_7d,30m,932,0.4776315789473684,0.5223684210526316,0.6111987281369959,-0.147793902574055,-0.217626628683415,0.016746870917103793,0.08535539110670098,1.7887474324836803,fee_minus_exit_cost_negative
small_cap_10usd_lenient,20,recent_7d,30m,0,0.0,1.0,1.0,,,,,,over_filtering
small_cap_20usd_lenient,20,recent_7d,30m,226,0.10789473684210527,0.8921052631578947,0.9990326237842815,-0.0616968375574069,-0.0618211759196062,0.09036297695924622,0.7125266864049238,3.424620876061015,over_filtering
hybrid_fee_depth_plus_data_freshness,20,recent_7d,30m,54,0.029605263157894735,0.9703947368421053,0.9540806537444779,-0.216228037628217,-0.222721541574161,-0.4284835746099418,0.14934886745874,2.33797441507589,over_filtering
hybrid_fee_depth_plus_regime_soft,20,recent_7d,30m,281,0.15,0.85,0.7878011807680807,-0.191563272744993,-0.217289558802062,-0.1043723943611178,-0.079680536246441,0.7475147751904601,over_filtering
retention_floor_30pct,10,recent_7d,15m,201,0.10025706940874037,0.8997429305912596,0.9990182282725086,-0.030193712391047,-0.0302281455172152,0.013575019858767677,0.4141089027903357,2.7122864879579818,over_filtering
retention_floor_50pct,10,recent_7d,15m,698,0.34897172236503854,0.6510282776349614,0.7142203741909234,-0.0518876765712286,-0.0666464518374691,-0.009123872305482601,0.0,1.16120503506008,fee_minus_exit_cost_negative
false_filter_cap_50pct,10,recent_7d,15m,1423,0.7577120822622108,0.2422879177377892,0.37489915967681536,-0.0704116619804884,-0.0828192481375097,0.003039049510613099,0.025460555183874967,0.6605548955454599,fee_minus_exit_cost_negative
missed_profit_cap_30pct,10,recent_7d,15m,623,0.31876606683804626,0.6812339331619537,0.7614048814751485,-0.0517262906372682,-0.0663097464541922,0.0004826607505410991,0.14522052160892696,1.5681305481471601,fee_minus_exit_cost_negative
fee_cost_nonnegative_median,10,recent_7d,15m,0,0.0,1.0,1.0,,,,,,over_filtering
fee_cost_nonnegative_p10,10,recent_7d,15m,0,0.0,1.0,1.0,,,,,,over_filtering
exit_depth_soft_10usd,10,recent_7d,15m,201,0.10025706940874037,0.8997429305912596,0.9990182282725086,-0.030193712391047,-0.0302281455172152,0.013575019858767677,0.4141089027903357,2.7122864879579818,over_filtering
exit_depth_soft_20usd,10,recent_7d,15m,0,0.0,1.0,1.0,,,,,,over_filtering
fee_velocity_rank_top30,10,recent_7d,15m,537,0.3033419023136247,0.6966580976863753,0.7646135584074574,-0.0842221919211045,-0.10013586990341,0.01043911721074285,0.19447860894976798,-0.02101155561028989,fee_minus_exit_cost_negative
fee_velocity_rank_top50,10,recent_7d,15m,944,0.5199228791773779,0.4800771208226221,0.4535927443613177,-0.0788464894339471,-0.0981995784246218,-0.012712433165557301,-0.041901533884539044,-0.02101155561028989,fee_minus_exit_cost_negative
fee_depth_balanced_score,10,recent_7d,15m,874,0.487146529562982,0.512853470437018,0.5070672395832765,-0.0798901957109897,-0.098245369151373,0.00680138024273332,0.12458842141543597,-0.02101155561028989,fee_minus_exit_cost_negative
fee_depth_tail_guard,10,recent_7d,15m,698,0.34897172236503854,0.6510282776349614,0.7142203741909234,-0.0518876765712286,-0.0666464518374691,-0.009123872305482601,0.0,1.16120503506008,fee_minus_exit_cost_negative
small_cap_10usd_lenient,10,recent_7d,15m,227,0.11053984575835475,0.8894601542416453,0.9989739441754515,-0.030193567861128,-0.0302281455172152,0.013417920321965694,0.4107715380890008,2.7122864879579818,over_filtering
small_cap_20usd_lenient,10,recent_7d,15m,0,0.0,1.0,1.0,,,,,,over_filtering
hybrid_fee_depth_plus_data_freshness,10,recent_7d,15m,0,0.0,1.0,1.0,,,,,,over_filtering
hybrid_fee_depth_plus_regime_soft,10,recent_7d,15m,182,0.09768637532133675,0.9023136246786633,0.8658194366862355,-0.0615154769485337,-0.0675673256814829,-0.0385574010403963,0.14522052160892696,1.06716352623767,over_filtering
retention_floor_30pct,20,recent_7d,15m,201,0.10025706940874037,0.8997429305912596,0.9990182282725086,-0.0616978413571023,-0.0618219156314486,0.013575019858767677,0.4141089027903357,2.7122864879579818,over_filtering
retention_floor_50pct,20,recent_7d,15m,933,0.4787917737789203,0.5212082262210797,0.567476386378884,-0.148204471835699,-0.218303606564997,-0.012172955558041902,-0.09998030432316907,1.09205561488152,fee_minus_exit_cost_negative
false_filter_cap_50pct,20,recent_7d,15m,1635,0.865681233933162,0.13431876606683804,0.2996097348776114,-0.216855326575084,-0.273125018521526,0.0027476592088426996,0.07955410969158999,0.4307760843508599,fee_minus_exit_cost_negative
missed_profit_cap_30pct,20,recent_7d,15m,845,0.44151670951156813,0.5584832904884319,0.6155994035866644,-0.146492246311598,-0.218597942945638,-0.0024414177428438,0.0,1.50266453281076,fee_minus_exit_cost_negative
fee_cost_nonnegative_median,20,recent_7d,15m,0,0.0,1.0,1.0,,,,,,over_filtering
fee_cost_nonnegative_p10,20,recent_7d,15m,0,0.0,1.0,1.0,,,,,,over_filtering
exit_depth_soft_10usd,20,recent_7d,15m,0,0.0,1.0,1.0,,,,,,over_filtering
exit_depth_soft_20usd,20,recent_7d,15m,201,0.10025706940874037,0.8997429305912596,0.9990182282725086,-0.0616978413571023,-0.0618219156314486,0.013575019858767677,0.4141089027903357,2.7122864879579818,over_filtering
fee_velocity_rank_top30,20,recent_7d,15m,537,0.3033419023136247,0.6966580976863753,0.7646135584074574,-0.257108820993046,-0.314666095130053,0.01043911721074285,0.19447860894976798,-0.02101155561028989,fee_minus_exit_cost_negative
fee_velocity_rank_top50,20,recent_7d,15m,944,0.5199228791773779,0.4800771208226221,0.4535927443613177,-0.237665775084309,-0.307662820311036,-0.012712433165557301,-0.041901533884539044,-0.02101155561028989,fee_minus_exit_cost_negative
fee_depth_balanced_score,20,recent_7d,15m,873,0.4865038560411311,0.5134961439588689,0.5071496982633031,-0.241440695109411,-0.307828456754933,0.00680138024273332,0.12356101137293896,-0.02101155561028989,fee_minus_exit_cost_negative
fee_depth_tail_guard,20,recent_7d,15m,933,0.4787917737789203,0.5212082262210797,0.567476386378884,-0.148204471835699,-0.218303606564997,-0.012172955558041902,-0.09998030432316907,1.09205561488152,fee_minus_exit_cost_negative
small_cap_10usd_lenient,20,recent_7d,15m,0,0.0,1.0,1.0,,,,,,over_filtering
small_cap_20usd_lenient,20,recent_7d,15m,227,0.11053984575835475,0.8894601542416453,0.9989739441754515,-0.0616973205705994,-0.0618219156314486,0.013417920321965694,0.4107715380890008,2.7122864879579818,over_filtering
hybrid_fee_depth_plus_data_freshness,20,recent_7d,15m,54,0.030848329048843187,0.9691516709511568,0.9327290076823417,-0.217131532995347,-0.223663062715662,-0.3038400748660897,-0.12454612952129407,2.009922992904587,over_filtering
hybrid_fee_depth_plus_regime_soft,20,recent_7d,15m,281,0.15167095115681234,0.8483290488431876,0.7598965031371513,-0.192322345195487,-0.218199270171211,-0.08295600236187631,-0.154068350456956,0.0,over_filtering
retention_floor_30pct,50,recent_7d,15m,278,0.13946015424164523,0.8605398457583547,0.9709488454123985,-0.239039838266031,-0.647858424789357,0.012453661892429729,0.4043356472296988,2.024200474312482,over_filtering
retention_floor_50pct,50,recent_7d,15m,1264,0.6658097686375322,0.3341902313624679,0.40392171524488757,-0.971778517887074,-1.23525061553758,0.0,-0.036886885078044995,0.4307760843508599,fee_minus_exit_cost_negative
false_filter_cap_50pct,50,recent_7d,15m,1778,0.9460154241645244,0.05398457583547558,0.21658983798512166,-1.13358900918099,-1.48041326663829,0.0009916679682666994,0.025460555183874967,0.25653039854475024,fee_minus_exit_cost_negative
missed_profit_cap_30pct,50,recent_7d,15m,1138,0.609254498714653,0.390745501285347,0.455278719100186,-0.973675293700726,-1.23861087456066,0.003039049510613099,0.025460555183874967,0.3663008022848899,fee_minus_exit_cost_negative
fee_cost_nonnegative_median,50,recent_7d,15m,0,0.0,1.0,1.0,,,,,,over_filtering
fee_cost_nonnegative_p10,50,recent_7d,15m,0,0.0,1.0,1.0,,,,,,over_filtering
exit_depth_soft_10usd,50,recent_7d,15m,0,0.0,1.0,1.0,,,,,,over_filtering
exit_depth_soft_20usd,50,recent_7d,15m,0,0.0,1.0,1.0,,,,,,over_filtering
fee_velocity_rank_top30,50,recent_7d,15m,537,0.3033419023136247,0.6966580976863753,0.7646135584074574,-1.32796505789462,-1.64875143067236,0.01043911721074285,0.19447860894976798,-0.02101155561028989,fee_minus_exit_cost_negative
fee_velocity_rank_top50,50,recent_7d,15m,944,0.5199228791773779,0.4800771208226221,0.4535927443613177,-1.21960241169862,-1.60971973707741,-0.012712433165557301,-0.041901533884539044,-0.02101155561028989,fee_minus_exit_cost_negative
fee_depth_balanced_score,50,recent_7d,15m,877,0.4897172236503856,0.5102827763496144,0.5069346378134743,-1.23861087456066,-1.61064295624612,0.0068830257927138695,0.12861596200417896,-0.02101155561028989,fee_minus_exit_cost_negative
fee_depth_tail_guard,50,recent_7d,15m,1264,0.6658097686375322,0.3341902313624679,0.40392171524488757,-0.971778517887074,-1.23525061553758,0.0,-0.036886885078044995,0.4307760843508599,fee_minus_exit_cost_negative
small_cap_10usd_lenient,50,recent_7d,15m,0,0.0,1.0,1.0,,,,,,over_filtering
small_cap_20usd_lenient,50,recent_7d,15m,0,0.0,1.0,1.0,,,,,,over_filtering
hybrid_fee_depth_plus_data_freshness,50,recent_7d,15m,273,0.15809768637532134,0.8419023136246787,0.7959522884476,-1.19695901083167,-1.26215987059779,0.014617916954705186,0.10001291161306797,-1.99810612523634,over_filtering
hybrid_fee_depth_plus_regime_soft,50,recent_7d,15m,520,0.288560411311054,0.711439588688946,0.6216629800761707,-1.11110895235691,-1.25800212525646,0.00572394313346403,-0.041901533884539044,-0.7132022181135902,over_filtering
retention_floor_30pct,10,recent_72h,1h,0,0.0,1.0,1.0,,,,,,over_filtering
retention_floor_50pct,10,recent_72h,1h,109,0.2462686567164179,0.753731343283582,0.8456852408517509,-0.0569027863314248,-0.0646917263019687,-0.130412091454234,-0.30703678083186015,7.9861356660597504,over_filtering
false_filter_cap_50pct,10,recent_72h,1h,215,0.5335820895522388,0.4664179104477612,0.7116409210627407,-0.0668078327786765,-0.0820021608131274,-0.0010937983000339768,1.462023143762546,8.30479961529557,fee_minus_exit_cost_negative
missed_profit_cap_30pct,10,recent_72h,1h,103,0.22388059701492538,0.7761194029850746,0.8534880560234869,-0.0569097042003631,-0.0646062863402989,-0.130412091454234,-0.30703678083186015,7.9861356660597504,over_filtering
fee_cost_nonnegative_median,10,recent_72h,1h,0,0.0,1.0,1.0,,,,,,over_filtering
fee_cost_nonnegative_p10,10,recent_72h,1h,0,0.0,1.0,1.0,,,,,,over_filtering
exit_depth_soft_10usd,10,recent_72h,1h,0,0.0,1.0,1.0,,,,,,over_filtering
exit_depth_soft_20usd,10,recent_72h,1h,0,0.0,1.0,1.0,,,,,,over_filtering
fee_velocity_rank_top30,10,recent_72h,1h,116,0.291044776119403,0.7089552238805971,0.2922705555858576,-0.0946543816892749,-0.0999690355471305,-9.478644951085904,-8.69986755530284,-0.07019260452590004,over_filtering
fee_velocity_rank_top50,10,recent_72h,1h,193,0.5186567164179104,0.48134328358208955,0.17235007313923517,-0.0878520276936645,-0.0993420733085036,0.07141775934075201,-8.38552269311274,-0.07019260452590004,fee_minus_exit_cost_negative
fee_depth_balanced_score,10,recent_72h,1h,185,0.5,0.5,0.35869039449013873,-0.0872444151451595,-0.0991725941293567,0.10551211267565902,1.1518528765893998,0.02715783034349961,fee_minus_exit_cost_negative
fee_depth_tail_guard,10,recent_72h,1h,109,0.2462686567164179,0.753731343283582,0.8456852408517509,-0.0569027863314248,-0.0646917263019687,-0.130412091454234,-0.30703678083186015,7.9861356660597504,over_filtering
small_cap_10usd_lenient,10,recent_72h,1h,0,0.0,1.0,1.0,,,,,,over_filtering
small_cap_20usd_lenient,10,recent_72h,1h,0,0.0,1.0,1.0,,,,,,over_filtering
hybrid_fee_depth_plus_data_freshness,10,recent_72h,1h,0,0.0,1.0,1.0,,,,,,over_filtering
hybrid_fee_depth_plus_regime_soft,10,recent_72h,1h,27,0.0708955223880597,0.9291044776119403,0.9786133985176945,-0.0600148068711442,-0.0664534290090872,-0.0010937983000339768,-0.30703678083186015,8.35250440239062,over_filtering
retention_floor_30pct,20,recent_72h,1h,0,0.0,1.0,1.0,,,,,,over_filtering
retention_floor_50pct,20,recent_72h,1h,153,0.35447761194029853,0.6455223880597015,0.8094685493292005,-0.169662562410959,-0.21845215731318,-0.130412091454234,0.0,7.9861356660597504,fee_minus_exit_cost_negative
false_filter_cap_50pct,20,recent_72h,1h,264,0.6828358208955224,0.31716417910447764,0.6985604640491485,-0.21783911842772,-0.271044412389209,0.0,1.445922290304928,7.888839963618061,fee_minus_exit_cost_negative
missed_profit_cap_30pct,20,recent_72h,1h,141,0.3208955223880597,0.6791044776119403,0.818440976829638,-0.169517406667759,-0.218407157027427,-0.18867980530092393,0.0,7.9861356660597504,fee_minus_exit_cost_negative
fee_cost_nonnegative_median,20,recent_72h,1h,0,0.0,1.0,1.0,,,,,,over_filtering
fee_cost_nonnegative_p10,20,recent_72h,1h,0,0.0,1.0,1.0,,,,,,over_filtering
exit_depth_soft_10usd,20,recent_72h,1h,0,0.0,1.0,1.0,,,,,,over_filtering
exit_depth_soft_20usd,20,recent_72h,1h,0,0.0,1.0,1.0,,,,,,over_filtering
fee_velocity_rank_top30,20,recent_72h,1h,116,0.291044776119403,0.7089552238805971,0.2922705555858576,-0.298235774028739,-0.317738232185964,-9.478644951085904,-8.69986755530284,-0.07019260452590004,over_filtering
fee_velocity_rank_top50,20,recent_72h,1h,193,0.5186567164179104,0.48134328358208955,0.17235007313923517,-0.273274134017591,-0.315437554093896,0.07141775934075201,-8.38552269311274,-0.07019260452590004,fee_minus_exit_cost_negative
fee_depth_balanced_score,20,recent_72h,1h,185,0.503731343283582,0.4962686567164179,0.3324958785801394,-0.271044412389209,-0.314815641010269,0.10551211267565902,1.1518528765893998,0.02715783034349961,fee_minus_exit_cost_negative
fee_depth_tail_guard,20,recent_72h,1h,153,0.35447761194029853,0.6455223880597015,0.8094685493292005,-0.169662562410959,-0.21845215731318,-0.130412091454234,0.0,7.9861356660597504,fee_minus_exit_cost_negative
small_cap_10usd_lenient,20,recent_72h,1h,0,0.0,1.0,1.0,,,,,,over_filtering
small_cap_20usd_lenient,20,recent_72h,1h,0,0.0,1.0,1.0,,,,,,over_filtering
hybrid_fee_depth_plus_data_freshness,20,recent_72h,1h,1,0.0037313432835820895,0.996268656716418,0.999853992758427,-0.21640048476479,-0.21640048476479,0.3826036384918746,2.4642020831730087,11.196369906773349,over_filtering
hybrid_fee_depth_plus_regime_soft,20,recent_72h,1h,43,0.11567164179104478,0.8843283582089553,0.9399966137159432,-0.188285950172951,-0.21640048476479,0.178675891530812,2.0805046463811,8.35250440239062,over_filtering
retention_floor_30pct,50,recent_72h,1h,23,0.05223880597014925,0.9477611940298507,0.99331688368293,-0.622218293267108,-0.645595497299165,0.19749877966160503,2.2626711208814068,10.692871861533359,over_filtering
retention_floor_50pct,50,recent_72h,1h,190,0.4626865671641791,0.5373134328358209,0.7862569367206315,-0.859641666902766,-1.21304646718172,-0.12089440674811597,1.445922290304928,7.9861356660597504,fee_minus_exit_cost_negative
false_filter_cap_50pct,50,recent_72h,1h,370,0.9552238805970149,0.04477611940298507,0.0013263847318472834,-1.25848176404995,-1.63000351029374,-0.029896414880797972,-0.07888048696879002,0.0,fee_minus_exit_cost_negative
missed_profit_cap_30pct,50,recent_72h,1h,176,0.4253731343283582,0.5746268656716418,0.7954080491925787,-0.857016396418173,-1.21855868339275,-0.130412091454234,0.007476443842060032,7.9861356660597504,fee_minus_exit_cost_negative
fee_cost_nonnegative_median,50,recent_72h,1h,0,0.0,1.0,1.0,,,,,,over_filtering
fee_cost_nonnegative_p10,50,recent_72h,1h,0,0.0,1.0,1.0,,,,,,over_filtering
exit_depth_soft_10usd,50,recent_72h,1h,0,0.0,1.0,1.0,,,,,,over_filtering
exit_depth_soft_20usd,50,recent_72h,1h,0,0.0,1.0,1.0,,,,,,over_filtering
fee_velocity_rank_top30,50,recent_72h,1h,116,0.291044776119403,0.7089552238805971,0.2922705555858576,-1.5700876332919,-1.67984668797036,-9.478644951085904,-8.69986755530284,-0.07019260452590004,over_filtering
fee_velocity_rank_top50,50,recent_72h,1h,193,0.5186567164179104,0.48134328358208955,0.17235007313923517,-1.42960462562703,-1.66689856163835,0.07141775934075201,-8.38552269311274,-0.07019260452590004,fee_minus_exit_cost_negative
fee_depth_balanced_score,50,recent_72h,1h,185,0.5074626865671642,0.4925373134328358,0.4286470747412525,-1.39317459838621,-1.6555323637656,0.11869835484883903,2.0805046463811,0.03626147934479995,fee_minus_exit_cost_negative
fee_depth_tail_guard,50,recent_72h,1h,190,0.4626865671641791,0.5373134328358209,0.7862569367206315,-0.859641666902766,-1.21304646718172,-0.12089440674811597,1.445922290304928,7.9861356660597504,fee_minus_exit_cost_negative
small_cap_10usd_lenient,50,recent_72h,1h,0,0.0,1.0,1.0,,,,,,over_filtering
small_cap_20usd_lenient,50,recent_72h,1h,0,0.0,1.0,1.0,,,,,,over_filtering
hybrid_fee_depth_plus_data_freshness,50,recent_72h,1h,27,0.08955223880597014,0.9104477611940298,0.987337495311718,-1.23282102259275,-1.26011608489023,0.3431781511758405,2.42028740845254,11.091752982005953,over_filtering
hybrid_fee_depth_plus_regime_soft,50,recent_72h,1h,76,0.208955223880597,0.7910447761194029,0.9319112681692125,-1.09794653828808,-1.25408609855249,0.27406109144242274,2.17321000673474,8.35250440239062,over_filtering
retention_floor_30pct,10,recent_72h,30m,0,0.0,1.0,1.0,,,,,,over_filtering
retention_floor_50pct,10,recent_72h,30m,109,0.26181818181818184,0.7381818181818182,0.8981050220459207,-0.0574821248284502,-0.0654403936413012,0.04787937688649202,-1.1405296762143,8.006481162784699,over_filtering
false_filter_cap_50pct,10,recent_72h,30m,215,0.5563636363636364,0.44363636363636366,0.8548404974639436,-0.0676024990276492,-0.0823405483991197,0.04039870680278901,0.7852758582761049,8.352946246033799,fee_minus_exit_cost_negative
missed_profit_cap_30pct,10,recent_72h,30m,103,0.24,0.76,0.9019298296282889,-0.0574891931913568,-0.0653530961267133,0.04787937688649202,-1.1405296762143,8.006481162784699,over_filtering
fee_cost_nonnegative_median,10,recent_72h,30m,0,0.0,1.0,1.0,,,,,,over_filtering
fee_cost_nonnegative_p10,10,recent_72h,30m,0,0.0,1.0,1.0,,,,,,over_filtering
exit_depth_soft_10usd,10,recent_72h,30m,0,0.0,1.0,1.0,,,,,,over_filtering
exit_depth_soft_20usd,10,recent_72h,30m,0,0.0,1.0,1.0,,,,,,over_filtering
fee_velocity_rank_top30,10,recent_72h,30m,116,0.2872727272727273,0.7127272727272728,0.23329699916528152,-0.0960543816728217,-0.101484568114722,-9.83582393338285,-9.874162107648269,-0.05635471940340153,over_filtering
fee_velocity_rank_top50,10,recent_72h,30m,193,0.5018181818181818,0.49818181818181817,0.11548234329115332,-0.0891041634187892,-0.10084397649078,-0.03338675255474799,-9.49486296090377,-0.05635471940340153,fee_minus_exit_cost_negative
fee_depth_balanced_score,10,recent_72h,30m,185,0.5054545454545455,0.49454545454545457,0.1768836040492374,-0.088483326978483,-0.10067081354954,0.13829934654891063,0.9041350357587139,-0.05635471940340153,fee_minus_exit_cost_negative
fee_depth_tail_guard,10,recent_72h,30m,109,0.26181818181818184,0.7381818181818182,0.8981050220459207,-0.0574821248284502,-0.0654403936413012,0.04787937688649202,-1.1405296762143,8.006481162784699,over_filtering
small_cap_10usd_lenient,10,recent_72h,30m,0,0.0,1.0,1.0,,,,,,over_filtering
small_cap_20usd_lenient,10,recent_72h,30m,0,0.0,1.0,1.0,,,,,,over_filtering
hybrid_fee_depth_plus_data_freshness,10,recent_72h,30m,0,0.0,1.0,1.0,,,,,,over_filtering
hybrid_fee_depth_plus_regime_soft,10,recent_72h,30m,27,0.08,0.92,0.9694920202509351,-0.0606617989459862,-0.0672403905185371,0.143967401069857,0.9918799336228419,10.801321211223584,over_filtering
retention_floor_30pct,20,recent_72h,30m,0,0.0,1.0,1.0,,,,,,over_filtering
retention_floor_50pct,20,recent_72h,30m,153,0.3709090909090909,0.6290909090909091,0.8762835805964496,-0.170939233070044,-0.219782085570545,-0.07270239760383701,0.31413075143382496,8.006481162784699,fee_minus_exit_cost_negative
false_filter_cap_50pct,20,recent_72h,30m,264,0.6981818181818182,0.3018181818181818,0.6981187798334016,-0.218230932192496,-0.273522236055856,0.04039870680278901,0.7852758582761049,7.904254686062119,fee_minus_exit_cost_negative
missed_profit_cap_30pct,20,recent_72h,30m,141,0.3381818181818182,0.6618181818181819,0.8801539428217192,-0.170792357972414,-0.219764630064119,-0.07270239760383701,0.31413075143382496,8.006481162784699,fee_minus_exit_cost_negative
fee_cost_nonnegative_median,20,recent_72h,30m,0,0.0,1.0,1.0,,,,,,over_filtering
fee_cost_nonnegative_p10,20,recent_72h,30m,0,0.0,1.0,1.0,,,,,,over_filtering
exit_depth_soft_10usd,20,recent_72h,30m,0,0.0,1.0,1.0,,,,,,over_filtering
exit_depth_soft_20usd,20,recent_72h,30m,0,0.0,1.0,1.0,,,,,,over_filtering
fee_velocity_rank_top30,20,recent_72h,30m,116,0.2872727272727273,0.7127272727272728,0.23329699916528152,-0.301035773995833,-0.320769297321147,-9.83582393338285,-9.874162107648269,-0.05635471940340153,over_filtering
fee_velocity_rank_top50,20,recent_72h,30m,193,0.5018181818181818,0.49818181818181817,0.11548234329115332,-0.275778405467841,-0.318441360458448,-0.03338675255474799,-9.49486296090377,-0.05635471940340153,fee_minus_exit_cost_negative
fee_depth_balanced_score,20,recent_72h,30m,185,0.5054545454545455,0.49454545454545457,0.17688114669798025,-0.273522236055856,-0.317812079850635,0.13829934654891063,0.9041350357587139,-0.05635471940340153,fee_minus_exit_cost_negative
fee_depth_tail_guard,20,recent_72h,30m,153,0.3709090909090909,0.6290909090909091,0.8762835805964496,-0.170939233070044,-0.219782085570545,-0.07270239760383701,0.31413075143382496,8.006481162784699,fee_minus_exit_cost_negative
small_cap_10usd_lenient,20,recent_72h,30m,0,0.0,1.0,1.0,,,,,,over_filtering
small_cap_20usd_lenient,20,recent_72h,30m,0,0.0,1.0,1.0,,,,,,over_filtering
hybrid_fee_depth_plus_data_freshness,20,recent_72h,30m,1,0.0036363636363636364,0.9963636363636363,0.9999933347192255,-0.218230932192496,-0.218230932192496,0.23536995449961004,1.299952285726289,11.197138461191159,over_filtering
hybrid_fee_depth_plus_regime_soft,20,recent_72h,30m,43,0.11636363636363636,0.8836363636363637,0.9617600779479538,-0.189783284851616,-0.218230932192496,0.04039870680278901,0.9918799336228419,10.752855706932984,over_filtering
retention_floor_30pct,50,recent_72h,30m,23,0.05818181818181818,0.9418181818181818,0.9986880004959635,-0.624229647039938,-0.647729887764956,0.06416210770032102,1.112461708113171,10.688101615024783,over_filtering
retention_floor_50pct,50,recent_72h,30m,190,0.48,0.52,0.8569926480176827,-0.862902605090329,-1.21816740739149,-0.05967330685357097,0.7272550038263239,8.006481162784699,fee_minus_exit_cost_negative
false_filter_cap_50pct,50,recent_72h,30m,370,0.9672727272727273,0.03272727272727273,0.0004512902577313094,-1.26384186747597,-1.63731890847891,-0.026773985170322978,-1.0505347736483701,0.0,fee_minus_exit_cost_negative
missed_profit_cap_30pct,50,recent_72h,30m,176,0.44,0.56,0.8633690526189761,-0.860263514886531,-1.2195841065603,0.03992664751054101,0.34968384490719995,8.006481162784699,fee_minus_exit_cost_negative
fee_cost_nonnegative_median,50,recent_72h,30m,0,0.0,1.0,1.0,,,,,,over_filtering
fee_cost_nonnegative_p10,50,recent_72h,30m,0,0.0,1.0,1.0,,,,,,over_filtering
exit_depth_soft_10usd,50,recent_72h,30m,0,0.0,1.0,1.0,,,,,,over_filtering
exit_depth_soft_20usd,50,recent_72h,30m,0,0.0,1.0,1.0,,,,,,over_filtering
fee_velocity_rank_top30,50,recent_72h,30m,116,0.2872727272727273,0.7127272727272728,0.23329699916528152,-1.57708763320964,-1.68742435080832,-9.83582393338285,-9.874162107648269,-0.05635471940340153,over_filtering
fee_velocity_rank_top50,50,recent_72h,30m,193,0.5018181818181818,0.49818181818181817,0.11548234329115332,-1.43586530425265,-1.67440807754973,-0.03338675255474799,-9.49486296090377,-0.05635471940340153,fee_minus_exit_cost_negative
fee_depth_balanced_score,50,recent_72h,30m,185,0.5018181818181818,0.49818181818181817,0.3261175806787354,-1.39924347782596,-1.66298206113126,0.143967401069857,0.96181275737932,-0.0022935610599006395,fee_minus_exit_cost_negative
fee_depth_tail_guard,50,recent_72h,30m,190,0.48,0.52,0.8569926480176827,-0.862902605090329,-1.21816740739149,-0.05967330685357097,0.7272550038263239,8.006481162784699,fee_minus_exit_cost_negative
small_cap_10usd_lenient,50,recent_72h,30m,0,0.0,1.0,1.0,,,,,,over_filtering
small_cap_20usd_lenient,50,recent_72h,30m,0,0.0,1.0,1.0,,,,,,over_filtering
hybrid_fee_depth_plus_data_freshness,50,recent_72h,30m,27,0.07636363636363637,0.9236363636363636,0.992599637336743,-1.23804606976625,-1.26548471763744,0.22969980295227282,1.2028816777755895,10.752855706932984,over_filtering
hybrid_fee_depth_plus_regime_soft,50,recent_72h,30m,76,0.20727272727272728,0.7927272727272727,0.9537481349612211,-1.10246165540214,-1.2594230098187,0.14439339745862673,1.10450897873722,10.752855706932984,over_filtering
retention_floor_30pct,10,recent_72h,15m,0,0.0,1.0,1.0,,,,,,over_filtering
retention_floor_50pct,10,recent_72h,15m,109,0.2593856655290102,0.7406143344709898,0.9235695027716633,-0.0577717940769629,-0.0658147273109674,-0.016919997291905395,-1.880580760620466,7.96636027049097,over_filtering
false_filter_cap_50pct,10,recent_72h,15m,215,0.5597269624573379,0.4402730375426621,0.8153973960599534,-0.0679998321521356,-0.0828122648365891,-0.002585700553145498,0.08401252702827905,8.2975767294513,fee_minus_exit_cost_negative
missed_profit_cap_30pct,10,recent_72h,15m,103,0.24232081911262798,0.757679180887372,0.9247703689528255,-0.0577789376868537,-0.0657265010199206,-0.016919997291905395,-1.880580760620466,7.96636027049097,over_filtering
fee_cost_nonnegative_median,10,recent_72h,15m,0,0.0,1.0,1.0,,,,,,over_filtering
fee_cost_nonnegative_p10,10,recent_72h,15m,0,0.0,1.0,1.0,,,,,,over_filtering
exit_depth_soft_10usd,10,recent_72h,15m,0,0.0,1.0,1.0,,,,,,over_filtering
exit_depth_soft_20usd,10,recent_72h,15m,0,0.0,1.0,1.0,,,,,,over_filtering
fee_velocity_rank_top30,10,recent_72h,15m,116,0.28668941979522183,0.7133105802047781,0.18756385873613357,-0.0967543816645951,-0.102242334398518,-0.19118651121960809,-10.531589210095065,-0.06308184817529927,over_filtering
fee_velocity_rank_top50,10,recent_72h,15m,193,0.49829351535836175,0.5017064846416383,0.08105183105892111,-0.0897302312813515,-0.101594928081918,-0.003158373769412401,-0.735879334539786,-0.06308184817529927,fee_minus_exit_cost_negative
fee_depth_balanced_score,10,recent_72h,15m,185,0.4880546075085324,0.5119453924914675,0.30751516765387066,-0.0891027828951448,-0.101419923259631,0.015453195484850905,0.37282238186368105,-0.04102059463719954,fee_minus_exit_cost_negative
fee_depth_tail_guard,10,recent_72h,15m,109,0.2593856655290102,0.7406143344709898,0.9235695027716633,-0.0577717940769629,-0.0658147273109674,-0.016919997291905395,-1.880580760620466,7.96636027049097,over_filtering
small_cap_10usd_lenient,10,recent_72h,15m,0,0.0,1.0,1.0,,,,,,over_filtering
small_cap_20usd_lenient,10,recent_72h,15m,0,0.0,1.0,1.0,,,,,,over_filtering
hybrid_fee_depth_plus_data_freshness,10,recent_72h,15m,0,0.0,1.0,1.0,,,,,,over_filtering
hybrid_fee_depth_plus_regime_soft,10,recent_72h,15m,27,0.07508532423208192,0.9249146757679181,0.9734268430344796,-0.0609852949834072,-0.0676338712732621,-0.0010737265278737973,0.4962766265595696,10.871496210665075,over_filtering
retention_floor_30pct,20,recent_72h,15m,0,0.0,1.0,1.0,,,,,,over_filtering
retention_floor_50pct,20,recent_72h,15m,153,0.3822525597269625,0.6177474402730375,0.9114056093449873,-0.171577568399587,-0.219966036675213,-0.09964413139794409,-0.41380716371916193,7.96636027049097,fee_minus_exit_cost_negative
false_filter_cap_50pct,20,recent_72h,15m,264,0.6996587030716723,0.3003412969283277,0.743206363229144,-0.218838951019812,-0.27476114788918,0.015453195484850905,0.251614264693286,7.862580287259321,fee_minus_exit_cost_negative
missed_profit_cap_30pct,20,recent_72h,15m,141,0.34812286689419797,0.6518771331058021,0.9128238176589649,-0.171429833624741,-0.219948560937063,-0.09964413139794409,-0.41380716371916193,7.96636027049097,fee_minus_exit_cost_negative
fee_cost_nonnegative_median,20,recent_72h,15m,0,0.0,1.0,1.0,,,,,,over_filtering
fee_cost_nonnegative_p10,20,recent_72h,15m,0,0.0,1.0,1.0,,,,,,over_filtering
exit_depth_soft_10usd,20,recent_72h,15m,0,0.0,1.0,1.0,,,,,,over_filtering
exit_depth_soft_20usd,20,recent_72h,15m,0,0.0,1.0,1.0,,,,,,over_filtering
fee_velocity_rank_top30,20,recent_72h,15m,116,0.28668941979522183,0.7133105802047781,0.18756385873613357,-0.30243577397938,-0.322284829888739,-0.19118651121960809,-10.531589210095065,-0.06308184817529927,over_filtering
fee_velocity_rank_top50,20,recent_72h,15m,193,0.49829351535836175,0.5017064846416383,0.08105183105892111,-0.277030541192965,-0.319943263640724,-0.003158373769412401,-0.735879334539786,-0.06308184817529927,fee_minus_exit_cost_negative
fee_depth_balanced_score,20,recent_72h,15m,185,0.4880546075085324,0.5119453924914675,0.30754647137004554,-0.27476114788918,-0.319310299270818,0.015453195484850905,0.37282238186368105,-0.04102059463719954,fee_minus_exit_cost_negative
fee_depth_tail_guard,20,recent_72h,15m,153,0.3822525597269625,0.6177474402730375,0.9114056093449873,-0.171577568399587,-0.219966036675213,-0.09964413139794409,-0.41380716371916193,7.96636027049097,fee_minus_exit_cost_negative
small_cap_10usd_lenient,20,recent_72h,15m,0,0.0,1.0,1.0,,,,,,over_filtering
small_cap_20usd_lenient,20,recent_72h,15m,0,0.0,1.0,1.0,,,,,,over_filtering
hybrid_fee_depth_plus_data_freshness,20,recent_72h,15m,1,0.0034129692832764505,0.9965870307167235,0.9999212672354177,-0.219146155906348,-0.219146155906348,0.0842072917924445,0.5830696189051596,11.202030595943926,over_filtering
hybrid_fee_depth_plus_regime_soft,20,recent_72h,15m,43,0.11604095563139932,0.8839590443686007,0.9689209369318912,-0.190531952190949,-0.219146155906348,-0.002585700553145498,0.373294419147275,10.871496210665075,over_filtering
retention_floor_30pct,50,recent_72h,15m,23,0.05802047781569966,0.9419795221843004,0.997873851037996,-0.625235323926354,-0.648797082997851,0.022498805420269406,0.399218195714771,11.002241330746692,over_filtering
retention_floor_50pct,50,recent_72h,15m,190,0.49146757679180886,0.5085324232081911,0.9031697045943438,-0.864533074184111,-1.22009681814408,-0.023014048201621493,0.05824245941160899,7.96636027049097,fee_minus_exit_cost_negative
false_filter_cap_50pct,50,recent_72h,15m,370,0.9658703071672355,0.034129692832764506,0.00023354670109403393,-1.26652191918898,-1.64097660757149,-0.002585700553145498,-0.41380716371916193,0.0,fee_minus_exit_cost_negative
missed_profit_cap_30pct,50,recent_72h,15m,176,0.45051194539249145,0.5494880546075085,0.9068425424041079,-0.86188707412071,-1.22072787749638,-0.023014048201621493,0.0,7.96636027049097,fee_minus_exit_cost_negative
fee_cost_nonnegative_median,50,recent_72h,15m,0,0.0,1.0,1.0,,,,,,over_filtering
fee_cost_nonnegative_p10,50,recent_72h,15m,0,0.0,1.0,1.0,,,,,,over_filtering
exit_depth_soft_10usd,50,recent_72h,15m,0,0.0,1.0,1.0,,,,,,over_filtering
exit_depth_soft_20usd,50,recent_72h,15m,0,0.0,1.0,1.0,,,,,,over_filtering
fee_velocity_rank_top30,50,recent_72h,15m,116,0.28668941979522183,0.7133105802047781,0.18756385873613357,-1.5805876331685,-1.6912131822273,-0.19118651121960809,-10.531589210095065,-0.06308184817529927,over_filtering
fee_velocity_rank_top50,50,recent_72h,15m,193,0.49829351535836175,0.5017064846416383,0.08105183105892111,-1.43899564356547,-1.67816283550542,-0.003158373769412401,-0.735879334539786,-0.06308184817529927,fee_minus_exit_cost_negative
fee_depth_balanced_score,50,recent_72h,15m,185,0.4880546075085324,0.5119453924914675,0.30759044907741706,-1.40227791754583,-1.66670690981409,0.014930768527753803,0.37282238186368105,-0.04102059463719954,fee_minus_exit_cost_negative
fee_depth_tail_guard,50,recent_72h,15m,190,0.49146757679180886,0.5085324232081911,0.9031697045943438,-0.864533074184111,-1.22009681814408,-0.023014048201621493,0.05824245941160899,7.96636027049097,fee_minus_exit_cost_negative
small_cap_10usd_lenient,50,recent_72h,15m,0,0.0,1.0,1.0,,,,,,over_filtering
small_cap_20usd_lenient,50,recent_72h,15m,0,0.0,1.0,1.0,,,,,,over_filtering
hybrid_fee_depth_plus_data_freshness,50,recent_72h,15m,27,0.07849829351535836,0.9215017064846417,0.9947540944644776,-1.24065859335299,-1.26816903401105,0.07066207436790277,0.5639316051255161,11.09480925594986,over_filtering
hybrid_fee_depth_plus_regime_soft,50,recent_72h,15m,76,0.20819112627986347,0.7918088737201365,0.9645541732362981,-1.10471921395918,-1.26209146545181,-0.0010737265278737973,0.47382635610773494,10.871496210665075,over_filtering
retention_floor_30pct,10,recent_72h,2h,0,0.0,1.0,1.0,,,,,,over_filtering
retention_floor_50pct,10,recent_72h,2h,109,0.2595419847328244,0.7404580152671756,0.9071815733769204,-0.0557441093373739,-0.0631943916233038,-1.8538419802397499,-0.013202684296099942,8.13665976577172,over_filtering
false_filter_cap_50pct,10,recent_72h,2h,215,0.5419847328244275,0.4580152671755725,0.8465254405339643,-0.0652185002807311,-0.0799940365952497,0.05535201389052302,0.36128579545379,8.48980936707053,fee_minus_exit_cost_negative
missed_profit_cap_30pct,10,recent_72h,2h,103,0.2366412213740458,0.7633587786259542,0.9138407697662512,-0.0557507262183756,-0.0631126667674701,-1.8538419802397499,-0.013202684296099942,8.13665976577172,over_filtering
fee_cost_nonnegative_median,10,recent_72h,2h,0,0.0,1.0,1.0,,,,,,over_filtering
fee_cost_nonnegative_p10,10,recent_72h,2h,0,0.0,1.0,1.0,,,,,,over_filtering
exit_depth_soft_10usd,10,recent_72h,2h,0,0.0,1.0,1.0,,,,,,over_filtering
exit_depth_soft_20usd,10,recent_72h,2h,0,0.0,1.0,1.0,,,,,,over_filtering
fee_velocity_rank_top30,10,recent_72h,2h,116,0.29389312977099236,0.7061068702290076,0.1571984883463467,-0.0918543817221814,-0.0969379704119469,-9.866650975648241,-8.4394415846287,-0.029397188162400667,over_filtering
fee_velocity_rank_top50,10,recent_72h,2h,193,0.5229007633587787,0.4770992366412214,0.10679119093913064,-0.0853477562434151,-0.0963382669439517,-0.97752867692698,-8.1187061735271,-0.029397188162400667,fee_minus_exit_cost_negative
fee_depth_balanced_score,10,recent_72h,2h,185,0.5,0.5,0.2499211528026479,-0.0847665914785125,-0.0961761552889909,0.271383662695493,0.0,-0.019509500421401427,fee_minus_exit_cost_negative
fee_depth_tail_guard,10,recent_72h,2h,109,0.2595419847328244,0.7404580152671756,0.9071815733769204,-0.0557441093373739,-0.0631943916233038,-1.8538419802397499,-0.013202684296099942,8.13665976577172,over_filtering
small_cap_10usd_lenient,10,recent_72h,2h,0,0.0,1.0,1.0,,,,,,over_filtering
small_cap_20usd_lenient,10,recent_72h,2h,0,0.0,1.0,1.0,,,,,,over_filtering
hybrid_fee_depth_plus_data_freshness,10,recent_72h,2h,0,0.0,1.0,1.0,,,,,,over_filtering
hybrid_fee_depth_plus_regime_soft,10,recent_72h,2h,27,0.06870229007633588,0.9312977099236641,0.9823141629818372,-0.0587208227214603,-0.0648795059901873,-2.21512777569354,-0.022598044623519886,8.62085441940933,over_filtering
retention_floor_30pct,20,recent_72h,2h,0,0.0,1.0,1.0,,,,,,over_filtering
retention_floor_50pct,20,recent_72h,2h,153,0.36259541984732824,0.6374045801526718,0.8730094132837873,-0.167109221092787,-0.217466557624117,-0.10266995836941495,0.021111363532269944,8.13665976577172,fee_minus_exit_cost_negative
false_filter_cap_50pct,20,recent_72h,2h,264,0.6755725190839694,0.3244274809160305,0.7691189079978842,-0.214666959373732,-0.266088765055915,0.05535201389052302,0.44938712052001994,8.064663520615879,fee_minus_exit_cost_negative
missed_profit_cap_30pct,20,recent_72h,2h,141,0.3244274809160305,0.6755725190839694,0.8935752011901387,-0.166967504058449,-0.217110639375102,-0.35409229589733193,0.021111363532269944,8.13665976577172,fee_minus_exit_cost_negative
fee_cost_nonnegative_median,20,recent_72h,2h,0,0.0,1.0,1.0,,,,,,over_filtering
fee_cost_nonnegative_p10,20,recent_72h,2h,0,0.0,1.0,1.0,,,,,,over_filtering
exit_depth_soft_10usd,20,recent_72h,2h,0,0.0,1.0,1.0,,,,,,over_filtering
exit_depth_soft_20usd,20,recent_72h,2h,0,0.0,1.0,1.0,,,,,,over_filtering
fee_velocity_rank_top30,20,recent_72h,2h,116,0.29389312977099236,0.7061068702290076,0.1571984883463467,-0.292635774094552,-0.311676101915597,-9.866650975648241,-8.4394415846287,-0.029397188162400667,over_filtering
fee_velocity_rank_top50,20,recent_72h,2h,193,0.5229007633587787,0.4770992366412214,0.10679119093913064,-0.268265591117092,-0.309429941364792,-0.97752867692698,-8.1187061735271,-0.029397188162400667,fee_minus_exit_cost_negative
fee_depth_balanced_score,20,recent_72h,2h,185,0.5,0.5,0.2499482180993409,-0.266088765055915,-0.308822763329538,0.271383662695493,0.0,-0.019509500421401427,fee_minus_exit_cost_negative
fee_depth_tail_guard,20,recent_72h,2h,153,0.36259541984732824,0.6374045801526718,0.8730094132837873,-0.167109221092787,-0.217466557624117,-0.10266995836941495,0.021111363532269944,8.13665976577172,fee_minus_exit_cost_negative
small_cap_10usd_lenient,20,recent_72h,2h,0,0.0,1.0,1.0,,,,,,over_filtering
small_cap_20usd_lenient,20,recent_72h,2h,0,0.0,1.0,1.0,,,,,,over_filtering
hybrid_fee_depth_plus_data_freshness,20,recent_72h,2h,1,0.003816793893129771,0.9961832061068703,0.9998542635868737,-0.212739589909379,-0.212739589909379,0.5899787809087756,2.8051065566023157,11.465223772217314,over_filtering
hybrid_fee_depth_plus_regime_soft,20,recent_72h,2h,43,0.11450381679389313,0.8854961832061069,0.9678511916010143,-0.185291280815621,-0.212739589909379,-2.17047944201238,0.0,8.62085441940933,over_filtering
retention_floor_30pct,50,recent_72h,2h,23,0.05725190839694656,0.9427480916030534,0.9886411735528524,-0.618195585721446,-0.641326716367583,0.40593306974167903,2.604608250675766,10.942895402050082,over_filtering
retention_floor_50pct,50,recent_72h,2h,190,0.4732824427480916,0.5267175572519084,0.856964385688623,-0.85311979052764,-1.20280458676218,0.0,0.2592851179010798,8.13665976577172,fee_minus_exit_cost_negative
false_filter_cap_50pct,50,recent_72h,2h,370,0.950381679389313,0.04961832061068702,0.0703928680135358,-1.24776155719791,-1.61537271392341,-0.001754328291210916,-0.013202684296099942,0.0,fee_minus_exit_cost_negative
missed_profit_cap_30pct,50,recent_72h,2h,176,0.4312977099236641,0.5687022900763359,0.880420307541457,-0.850522159481458,-1.21650783705765,-0.0009209862739919528,0.04464833368116006,8.13665976577172,fee_minus_exit_cost_negative
fee_cost_nonnegative_median,50,recent_72h,2h,0,0.0,1.0,1.0,,,,,,over_filtering
fee_cost_nonnegative_p10,50,recent_72h,2h,0,0.0,1.0,1.0,,,,,,over_filtering
exit_depth_soft_10usd,50,recent_72h,2h,0,0.0,1.0,1.0,,,,,,over_filtering
exit_depth_soft_20usd,50,recent_72h,2h,0,0.0,1.0,1.0,,,,,,over_filtering
fee_velocity_rank_top30,50,recent_72h,2h,116,0.29389312977099236,0.7061068702290076,0.1571984883463467,-1.55608763345643,-1.66469136229445,-9.866650975648241,-8.4394415846287,-0.029397188162400667,over_filtering
fee_velocity_rank_top50,50,recent_72h,2h,193,0.5229007633587787,0.4770992366412214,0.10679119093913064,-1.41708326837578,-1.65187952981559,-0.97752867692698,-8.1187061735271,-0.029397188162400667,fee_minus_exit_cost_negative
fee_depth_balanced_score,50,recent_72h,2h,185,0.5076335877862596,0.49236641221374045,0.23373012182593164,-1.38103683950671,-1.64063296903428,0.299355313188425,0.021111363532269944,-0.019509500421401427,fee_minus_exit_cost_negative
fee_depth_tail_guard,50,recent_72h,2h,190,0.4732824427480916,0.5267175572519084,0.856964385688623,-0.85311979052764,-1.20280458676218,0.0,0.2592851179010798,8.13665976577172,fee_minus_exit_cost_negative
small_cap_10usd_lenient,50,recent_72h,2h,0,0.0,1.0,1.0,,,,,,over_filtering
small_cap_20usd_lenient,50,recent_72h,2h,0,0.0,1.0,1.0,,,,,,over_filtering
hybrid_fee_depth_plus_data_freshness,50,recent_72h,2h,27,0.08778625954198473,0.9122137404580153,0.9892119712878873,-1.22237092824576,-1.2493788193958,0.37471152987155604,2.569470023517093,11.22935479084981,over_filtering
hybrid_fee_depth_plus_regime_soft,50,recent_72h,2h,76,0.21374045801526717,0.7862595419847328,0.9387482899503552,-1.08891630405995,-1.24341227602005,0.35410979954127103,0.021111363532269944,8.62085441940933,over_filtering
retention_floor_30pct,10,recent_48h,30m,0,0.0,1.0,1.0,,,,,,over_filtering
retention_floor_50pct,10,recent_48h,30m,104,0.26331360946745563,0.7366863905325444,0.7995351472747377,-0.0503775095907624,-0.0517896901335449,-0.30084596975645717,-0.018287883929334003,0.594716637308101,over_filtering
false_filter_cap_50pct,10,recent_48h,30m,264,0.6834319526627219,0.3165680473372781,0.5675725011166496,-0.0773854368649089,-0.0828827210936747,0.0,0.07005966104682804,0.594016629455354,fee_minus_exit_cost_negative
missed_profit_cap_30pct,10,recent_48h,30m,87,0.22189349112426035,0.7781065088757396,0.8444810356553523,-0.0503775095907624,-0.0517324161988101,0.0,-0.03962732931216195,0.594016629455354,over_filtering
fee_cost_nonnegative_median,10,recent_48h,30m,0,0.0,1.0,1.0,,,,,,over_filtering
fee_cost_nonnegative_p10,10,recent_48h,30m,0,0.0,1.0,1.0,,,,,,over_filtering
exit_depth_soft_10usd,10,recent_48h,30m,0,0.0,1.0,1.0,,,,,,over_filtering
exit_depth_soft_20usd,10,recent_48h,30m,0,0.0,1.0,1.0,,,,,,over_filtering
fee_velocity_rank_top30,10,recent_48h,30m,108,0.2869822485207101,0.7130177514792899,0.5272902489018737,-0.0976367498810188,-0.101384175979428,0.011638010505393297,-0.3535417893038829,-0.6471103455315199,over_filtering
fee_velocity_rank_top50,10,recent_48h,30m,196,0.5088757396449705,0.4911242603550296,0.3549733277174421,-0.0864710153328393,-0.101384175979428,-0.0834996395545442,-0.19602620986929098,-0.6471103455315199,fee_minus_exit_cost_negative
fee_depth_balanced_score,10,recent_48h,30m,169,0.4467455621301775,0.5532544378698225,0.46071219953176346,-0.0874718415273896,-0.101384175979428,0.017402479221557698,-0.19602620986929098,-0.6471103455315199,fee_minus_exit_cost_negative
fee_depth_tail_guard,10,recent_48h,30m,104,0.26331360946745563,0.7366863905325444,0.7995351472747377,-0.0503775095907624,-0.0517896901335449,-0.30084596975645717,-0.018287883929334003,0.594716637308101,over_filtering
small_cap_10usd_lenient,10,recent_48h,30m,0,0.0,1.0,1.0,,,,,,over_filtering
small_cap_20usd_lenient,10,recent_48h,30m,0,0.0,1.0,1.0,,,,,,over_filtering
hybrid_fee_depth_plus_data_freshness,10,recent_48h,30m,0,0.0,1.0,1.0,,,,,,over_filtering
hybrid_fee_depth_plus_regime_soft,10,recent_48h,30m,4,0.005917159763313609,0.9940828402366864,0.9967934496499026,-0.0669249833964801,-0.0669249833964801,-0.7235056272368022,-0.21266830875700593,0.648734615918726,over_filtering
retention_floor_30pct,20,recent_48h,30m,0,0.0,1.0,1.0,,,,,,over_filtering
retention_floor_50pct,20,recent_48h,30m,127,0.3106508875739645,0.6893491124260355,0.7955030860037003,-0.135809090349815,-0.216857686228478,-0.1735489974114432,0.046176682274436054,0.594716637308101,fee_minus_exit_cost_negative
false_filter_cap_50pct,20,recent_48h,30m,312,0.8106508875739645,0.1893491124260355,0.3130967119270188,-0.239840717339765,-0.266033957105206,0.009560161331413398,0.046176682274436054,0.30560038826063995,fee_minus_exit_cost_negative
missed_profit_cap_30pct,20,recent_48h,30m,99,0.2514792899408284,0.7485207100591716,0.8407165147740954,-0.135584764657881,-0.214122094374609,-0.1735489974114432,-0.03962732931216195,0.594016629455354,over_filtering
fee_cost_nonnegative_median,20,recent_48h,30m,0,0.0,1.0,1.0,,,,,,over_filtering
fee_cost_nonnegative_p10,20,recent_48h,30m,0,0.0,1.0,1.0,,,,,,over_filtering
exit_depth_soft_10usd,20,recent_48h,30m,0,0.0,1.0,1.0,,,,,,over_filtering
exit_depth_soft_20usd,20,recent_48h,30m,0,0.0,1.0,1.0,,,,,,over_filtering
fee_velocity_rank_top30,20,recent_48h,30m,108,0.2869822485207101,0.7130177514792899,0.5272902489018737,-0.306786172381973,-0.320404469943929,0.011638010505393297,-0.3535417893038829,-0.6471103455315199,over_filtering
fee_velocity_rank_top50,20,recent_48h,30m,196,0.5088757396449705,0.4911242603550296,0.3549733277174421,-0.266209430797937,-0.320404469943929,-0.0834996395545442,-0.19602620986929098,-0.6471103455315199,fee_minus_exit_cost_negative
fee_depth_balanced_score,20,recent_48h,30m,169,0.4467455621301775,0.5532544378698225,0.46071219953176346,-0.269846466698233,-0.320404469943929,0.017402479221557698,-0.19602620986929098,-0.6471103455315199,fee_minus_exit_cost_negative
fee_depth_tail_guard,20,recent_48h,30m,127,0.3106508875739645,0.6893491124260355,0.7955030860037003,-0.135809090349815,-0.216857686228478,-0.1735489974114432,0.046176682274436054,0.594716637308101,fee_minus_exit_cost_negative
small_cap_10usd_lenient,20,recent_48h,30m,0,0.0,1.0,1.0,,,,,,over_filtering
small_cap_20usd_lenient,20,recent_48h,30m,0,0.0,1.0,1.0,,,,,,over_filtering
hybrid_fee_depth_plus_data_freshness,20,recent_48h,30m,0,0.0,1.0,1.0,,,,,,over_filtering
hybrid_fee_depth_plus_regime_soft,20,recent_48h,30m,15,0.03254437869822485,0.9674556213017751,0.9930720039470249,-0.214122094374609,-0.216857686228478,-0.7068635283490873,-0.21266830875700593,0.648734615918726,over_filtering
retention_floor_30pct,50,recent_48h,30m,54,0.13609467455621302,0.863905325443787,0.9512026381940302,-0.64883036535126,-0.651995801968457,-0.4290906789475162,-0.03962732931216195,0.594016629455354,over_filtering
retention_floor_50pct,50,recent_48h,30m,216,0.5591715976331361,0.4408284023668639,0.612734289230152,-1.09112433854104,-1.26185768269971,0.009560161331413398,0.08174663953228006,0.648734615918726,fee_minus_exit_cost_negative
false_filter_cap_50pct,50,recent_48h,30m,384,1.0,0.0,0.0,-1.26185768269971,-1.67469956765583,0.0,0.0,0.0,fee_minus_exit_cost_negative
missed_profit_cap_30pct,50,recent_48h,30m,178,0.47633136094674555,0.5236686390532544,0.6608133661065598,-1.09112433854104,-1.26185768269971,0.030690615459779122,0.08174663953228006,0.594716637308101,fee_minus_exit_cost_negative
fee_cost_nonnegative_median,50,recent_48h,30m,0,0.0,1.0,1.0,,,,,,over_filtering
fee_cost_nonnegative_p10,50,recent_48h,30m,0,0.0,1.0,1.0,,,,,,over_filtering
exit_depth_soft_10usd,50,recent_48h,30m,0,0.0,1.0,1.0,,,,,,over_filtering
exit_depth_soft_20usd,50,recent_48h,30m,0,0.0,1.0,1.0,,,,,,over_filtering
fee_velocity_rank_top30,50,recent_48h,30m,108,0.2869822485207101,0.7130177514792899,0.5272902489018737,-1.60924005521699,-1.68538448600721,0.011638010505393297,-0.3535417893038829,-0.6471103455315199,over_filtering
fee_velocity_rank_top50,50,recent_48h,30m,196,0.5088757396449705,0.4911242603550296,0.3549733277174421,-1.38236195290412,-1.68538448600721,-0.0834996395545442,-0.19602620986929098,-0.6471103455315199,fee_minus_exit_cost_negative
fee_depth_balanced_score,50,recent_48h,30m,169,0.4467455621301775,0.5532544378698225,0.46071219953176346,-1.40269780429433,-1.68538448600721,0.017402479221557698,-0.19602620986929098,-0.6471103455315199,fee_minus_exit_cost_negative
fee_depth_tail_guard,50,recent_48h,30m,216,0.5591715976331361,0.4408284023668639,0.612734289230152,-1.09112433854104,-1.26185768269971,0.009560161331413398,0.08174663953228006,0.648734615918726,fee_minus_exit_cost_negative
small_cap_10usd_lenient,50,recent_48h,30m,0,0.0,1.0,1.0,,,,,,over_filtering
small_cap_20usd_lenient,50,recent_48h,30m,0,0.0,1.0,1.0,,,,,,over_filtering
hybrid_fee_depth_plus_data_freshness,50,recent_48h,30m,11,0.03254437869822485,0.9674556213017751,0.9533510716117292,-1.26185768269971,-1.26185768269971,0.0404180045373253,0.5509681311074266,1.4123710557831586,over_filtering
hybrid_fee_depth_plus_regime_soft,50,recent_48h,30m,51,0.13313609467455623,0.8668639053254438,0.9385686542122803,-1.19775094555946,-1.26185768269971,0.020404243463500428,0.329831168836327,0.648734615918726,over_filtering
retention_floor_30pct,10,recent_48h,1h,0,0.0,1.0,1.0,,,,,,over_filtering
retention_floor_50pct,10,recent_48h,1h,104,0.2532467532467532,0.7467532467532467,0.8060009193026991,-0.0499493300417476,-0.0513314674251444,-0.10181340650754095,0.03053498281179401,1.019495047630908,over_filtering
false_filter_cap_50pct,10,recent_48h,1h,264,0.6753246753246753,0.3246753246753247,0.5665042255389303,-0.076382622980823,-0.0826617052155031,0.0,0.08523808491326501,0.45817781627463994,fee_minus_exit_cost_negative
missed_profit_cap_30pct,10,recent_48h,1h,87,0.21428571428571427,0.7857142857142857,0.8383407648997718,-0.0499493300417476,-0.0512754118907106,-0.10181340650754095,0.0,1.0143086954151719,over_filtering
fee_cost_nonnegative_median,10,recent_48h,1h,0,0.0,1.0,1.0,,,,,,over_filtering
fee_cost_nonnegative_p10,10,recent_48h,1h,0,0.0,1.0,1.0,,,,,,over_filtering
exit_depth_soft_10usd,10,recent_48h,1h,0,0.0,1.0,1.0,,,,,,over_filtering
exit_depth_soft_20usd,10,recent_48h,1h,0,0.0,1.0,1.0,,,,,,over_filtering
fee_velocity_rank_top30,10,recent_48h,1h,108,0.288961038961039,0.711038961038961,0.5038449161077566,-0.0962030793745776,-0.0998707782181837,-0.21579410546181094,-0.615008686789316,-0.17469619541942993,over_filtering
fee_velocity_rank_top50,10,recent_48h,1h,196,0.5032467532467533,0.4967532467532468,0.3346478352046764,-0.0852749055830169,-0.0998707782181837,0.212540114101743,-0.108968871223039,-0.17469619541942993,fee_minus_exit_cost_negative
fee_depth_balanced_score,10,recent_48h,1h,169,0.4448051948051948,0.5551948051948052,0.40981293545268016,-0.0862544432776203,-0.0998707782181837,0.212540114101743,-0.108968871223039,-0.17469619541942993,fee_minus_exit_cost_negative
fee_depth_tail_guard,10,recent_48h,1h,104,0.2532467532467532,0.7467532467532467,0.8060009193026991,-0.0499493300417476,-0.0513314674251444,-0.10181340650754095,0.03053498281179401,1.019495047630908,over_filtering
small_cap_10usd_lenient,10,recent_48h,1h,0,0.0,1.0,1.0,,,,,,over_filtering
small_cap_20usd_lenient,10,recent_48h,1h,0,0.0,1.0,1.0,,,,,,over_filtering
hybrid_fee_depth_plus_data_freshness,10,recent_48h,1h,0,0.0,1.0,1.0,,,,,,over_filtering
hybrid_fee_depth_plus_regime_soft,10,recent_48h,1h,4,0.003246753246753247,0.9967532467532467,0.9990743372182082,-0.0661447300394655,-0.0661447300394655,-0.289869004374856,0.03053498281179401,1.0574671753913498,over_filtering
retention_floor_30pct,20,recent_48h,1h,0,0.0,1.0,1.0,,,,,,over_filtering
retention_floor_50pct,20,recent_48h,1h,127,0.30194805194805197,0.698051948051948,0.8020350954190913,-0.134943773623977,-0.215043315699009,-0.080143515057091,0.0520088010671671,1.019495047630908,fee_minus_exit_cost_negative
false_filter_cap_50pct,20,recent_48h,1h,312,0.7987012987012987,0.2012987012987013,0.30434429979267885,-0.238317814816135,-0.263643790932758,-0.011152791929327,0.03053498281179401,0.41192350579023995,fee_minus_exit_cost_negative
missed_profit_cap_30pct,20,recent_48h,1h,99,0.24025974025974026,0.7597402597402597,0.8348230104563108,-0.134722074300714,-0.212339755169558,-0.10172447855302497,0.0,1.0143086954151719,over_filtering
fee_cost_nonnegative_median,20,recent_48h,1h,0,0.0,1.0,1.0,,,,,,over_filtering
fee_cost_nonnegative_p10,20,recent_48h,1h,0,0.0,1.0,1.0,,,,,,over_filtering
exit_depth_soft_10usd,20,recent_48h,1h,0,0.0,1.0,1.0,,,,,,over_filtering
exit_depth_soft_20usd,20,recent_48h,1h,0,0.0,1.0,1.0,,,,,,over_filtering
fee_velocity_rank_top30,20,recent_48h,1h,108,0.288961038961039,0.711038961038961,0.5038449161077566,-0.303918831369091,-0.317377674421442,-0.21579410546181094,-0.615008686789316,-0.17469619541942993,over_filtering
fee_velocity_rank_top50,20,recent_48h,1h,196,0.5032467532467533,0.4967532467532468,0.3346478352046764,-0.263817211298292,-0.317377674421442,0.212540114101743,-0.108968871223039,-0.17469619541942993,fee_minus_exit_cost_negative
fee_depth_balanced_score,20,recent_48h,1h,169,0.4448051948051948,0.5551948051948052,0.40981293545268016,-0.267411670198695,-0.317377674421442,0.212540114101743,-0.108968871223039,-0.17469619541942993,fee_minus_exit_cost_negative
fee_depth_tail_guard,20,recent_48h,1h,127,0.30194805194805197,0.698051948051948,0.8020350954190913,-0.134943773623977,-0.215043315699009,-0.080143515057091,0.0520088010671671,1.019495047630908,fee_minus_exit_cost_negative
small_cap_10usd_lenient,20,recent_48h,1h,0,0.0,1.0,1.0,,,,,,over_filtering
small_cap_20usd_lenient,20,recent_48h,1h,0,0.0,1.0,1.0,,,,,,over_filtering
hybrid_fee_depth_plus_data_freshness,20,recent_48h,1h,0,0.0,1.0,1.0,,,,,,over_filtering
hybrid_fee_depth_plus_regime_soft,20,recent_48h,1h,15,0.025974025974025976,0.974025974025974,0.9956659472499352,-0.212339755169558,-0.215043315699009,-0.26839518611948293,0.03053498281179401,1.0574671753913498,over_filtering
retention_floor_30pct,50,recent_48h,1h,54,0.1266233766233766,0.8733766233766234,0.9470559053030022,-0.646690213497053,-0.64983907607554,-0.10181340650754095,-0.00718056918020793,1.0143086954151719,over_filtering
retention_floor_50pct,50,recent_48h,1h,216,0.551948051948052,0.44805194805194803,0.6007972651387974,-1.08666849052841,-1.25650804483082,0.03699603360890302,0.21859058067910908,1.019751623399348,fee_minus_exit_cost_negative
false_filter_cap_50pct,50,recent_48h,1h,384,1.0,0.0,0.0,-1.25650804483082,-1.6671885216719,0.0,0.0,0.0,fee_minus_exit_cost_negative
missed_profit_cap_30pct,50,recent_48h,1h,178,0.474025974025974,0.525974025974026,0.6449342894092127,-1.08666849052841,-1.25650804483082,0.047035609482877994,0.21859058067910908,1.019495047630908,fee_minus_exit_cost_negative
fee_cost_nonnegative_median,50,recent_48h,1h,0,0.0,1.0,1.0,,,,,,over_filtering
fee_cost_nonnegative_p10,50,recent_48h,1h,0,0.0,1.0,1.0,,,,,,over_filtering
exit_depth_soft_10usd,50,recent_48h,1h,0,0.0,1.0,1.0,,,,,,over_filtering
exit_depth_soft_20usd,50,recent_48h,1h,0,0.0,1.0,1.0,,,,,,over_filtering
fee_velocity_rank_top30,50,recent_48h,1h,108,0.288961038961039,0.711038961038961,0.5038449161077566,-1.60207170268479,-1.67781749720099,-0.21579410546181094,-0.615008686789316,-0.17469619541942993,over_filtering
fee_velocity_rank_top50,50,recent_48h,1h,196,0.5032467532467533,0.4967532467532468,0.3346478352046764,-1.37638140415501,-1.67781749720099,0.212540114101743,-0.108968871223039,-0.17469619541942993,fee_minus_exit_cost_negative
fee_depth_balanced_score,50,recent_48h,1h,169,0.4448051948051948,0.5551948051948052,0.40981293545268016,-1.39661081304548,-1.67781749720099,0.212540114101743,-0.108968871223039,-0.17469619541942993,fee_minus_exit_cost_negative
fee_depth_tail_guard,50,recent_48h,1h,216,0.551948051948052,0.44805194805194803,0.6007972651387974,-1.08666849052841,-1.25650804483082,0.03699603360890302,0.21859058067910908,1.019751623399348,fee_minus_exit_cost_negative
small_cap_10usd_lenient,50,recent_48h,1h,0,0.0,1.0,1.0,,,,,,over_filtering
small_cap_20usd_lenient,50,recent_48h,1h,0,0.0,1.0,1.0,,,,,,over_filtering
hybrid_fee_depth_plus_data_freshness,50,recent_48h,1h,11,0.03571428571428571,0.9642857142857143,0.9274393678963357,-1.25650804483082,-1.25650804483082,0.47625630479767994,0.7965649976683896,1.8234971902479455,over_filtering
hybrid_fee_depth_plus_regime_soft,50,recent_48h,1h,51,0.12337662337662338,0.8766233766233766,0.915280149668858,-1.19273687613904,-1.25650804483082,0.25300112296673505,0.10779395795672209,1.0574671753913498,over_filtering
retention_floor_30pct,10,recent_48h,2h,0,0.0,1.0,1.0,,,,,,over_filtering
retention_floor_50pct,10,recent_48h,2h,104,0.2482758620689655,0.7517241379310344,0.8148295257215221,-0.0490929709437179,-0.0504150220083434,-0.06599449528537893,0.14942611569505704,0.8649596229812511,over_filtering
false_filter_cap_50pct,10,recent_48h,2h,264,0.6793103448275862,0.32068965517241377,0.5132546905064538,-0.0743769952126513,-0.0822196734591599,0.10597180473393197,0.14942611569505704,0.4240744411659001,fee_minus_exit_cost_negative
missed_profit_cap_30pct,10,recent_48h,2h,87,0.21379310344827587,0.7862068965517242,0.8408660664202416,-0.0490929709437179,-0.0503614032745116,-0.06613936170812695,0.14942611569505704,0.8435352890579381,over_filtering
fee_cost_nonnegative_median,10,recent_48h,2h,0,0.0,1.0,1.0,,,,,,over_filtering
fee_cost_nonnegative_p10,10,recent_48h,2h,0,0.0,1.0,1.0,,,,,,over_filtering
exit_depth_soft_10usd,10,recent_48h,2h,0,0.0,1.0,1.0,,,,,,over_filtering
exit_depth_soft_20usd,10,recent_48h,2h,0,0.0,1.0,1.0,,,,,,over_filtering
fee_velocity_rank_top30,10,recent_48h,2h,108,0.2896551724137931,0.7103448275862069,0.5422888879292668,-0.0933357383616952,-0.0968439826956961,-0.18031580208114095,-0.828129419089785,-0.6338807752468798,over_filtering
fee_velocity_rank_top50,10,recent_48h,2h,196,0.5103448275862069,0.4896551724137931,0.37293041691815615,-0.0828826860833722,-0.0968439826956961,-0.0070754658975109574,-0.034894801844597034,-0.6338807752468798,fee_minus_exit_cost_negative
fee_depth_balanced_score,10,recent_48h,2h,169,0.44482758620689655,0.5551724137931034,0.45318057090019365,-0.0838196467780817,-0.0968439826956961,-0.0070754658975109574,-0.034894801844597034,-0.6338807752468798,fee_minus_exit_cost_negative
fee_depth_tail_guard,10,recent_48h,2h,104,0.2482758620689655,0.7517241379310344,0.8148295257215221,-0.0490929709437179,-0.0504150220083434,-0.06599449528537893,0.14942611569505704,0.8649596229812511,over_filtering
small_cap_10usd_lenient,10,recent_48h,2h,0,0.0,1.0,1.0,,,,,,over_filtering
small_cap_20usd_lenient,10,recent_48h,2h,0,0.0,1.0,1.0,,,,,,over_filtering
hybrid_fee_depth_plus_data_freshness,10,recent_48h,2h,0,0.0,1.0,1.0,,,,,,over_filtering
hybrid_fee_depth_plus_regime_soft,10,recent_48h,2h,4,0.0,1.0,1.0,-0.0645842233254363,-0.0645842233254363,-0.302447550176823,-0.034894801844597034,0.8435352890579381,over_filtering
retention_floor_30pct,20,recent_48h,2h,0,0.0,1.0,1.0,,,,,,over_filtering
retention_floor_50pct,20,recent_48h,2h,127,0.296551724137931,0.7034482758620689,0.810373442539486,-0.133213140172301,-0.211414574640073,0.0,0.15556532081947094,0.8649596229812511,over_filtering
false_filter_cap_50pct,20,recent_48h,2h,312,0.7965517241379311,0.20344827586206896,0.37269542650090554,-0.234137641194184,-0.258863458587862,0.0,0.07429004399698103,0.36791548182465017,fee_minus_exit_cost_negative
missed_profit_cap_30pct,20,recent_48h,2h,99,0.23103448275862068,0.7689655172413793,0.8378781823567988,-0.132996693586381,-0.208775076759457,-0.06599449528537893,0.14942611569505704,0.8435352890579381,over_filtering
fee_cost_nonnegative_median,20,recent_48h,2h,0,0.0,1.0,1.0,,,,,,over_filtering
fee_cost_nonnegative_p10,20,recent_48h,2h,0,0.0,1.0,1.0,,,,,,over_filtering
exit_depth_soft_10usd,20,recent_48h,2h,0,0.0,1.0,1.0,,,,,,over_filtering
exit_depth_soft_20usd,20,recent_48h,2h,0,0.0,1.0,1.0,,,,,,over_filtering
fee_velocity_rank_top30,20,recent_48h,2h,108,0.2896551724137931,0.7103448275862069,0.5422888879292668,-0.298184149343326,-0.311324083376466,-0.18031580208114095,-0.828129419089785,-0.6338807752468798,over_filtering
fee_velocity_rank_top50,20,recent_48h,2h,196,0.5103448275862069,0.4896551724137931,0.37293041691815615,-0.259032772299003,-0.311324083376466,-0.0070754658975109574,-0.034894801844597034,-0.6338807752468798,fee_minus_exit_cost_negative
fee_depth_balanced_score,20,recent_48h,2h,169,0.44482758620689655,0.5551724137931034,0.45318057090019365,-0.262542077199618,-0.311324083376466,-0.0070754658975109574,-0.034894801844597034,-0.6338807752468798,fee_minus_exit_cost_negative
fee_depth_tail_guard,20,recent_48h,2h,127,0.296551724137931,0.7034482758620689,0.810373442539486,-0.133213140172301,-0.211414574640073,0.0,0.15556532081947094,0.8649596229812511,over_filtering
small_cap_10usd_lenient,20,recent_48h,2h,0,0.0,1.0,1.0,,,,,,over_filtering
small_cap_20usd_lenient,20,recent_48h,2h,0,0.0,1.0,1.0,,,,,,over_filtering
hybrid_fee_depth_plus_data_freshness,20,recent_48h,2h,0,0.0,1.0,1.0,,,,,,over_filtering
hybrid_fee_depth_plus_regime_soft,20,recent_48h,2h,15,0.013793103448275862,0.9862068965517241,0.9971445873745097,-0.208775076759457,-0.211414574640073,-0.28102321625351,-0.034894801844597034,0.8435352890579381,over_filtering
retention_floor_30pct,50,recent_48h,2h,54,0.12413793103448276,0.8758620689655172,0.9523384039654867,-0.642409909788639,-0.645525624289707,-0.06623769663060297,0.14942611569505704,1.0068236857361352,over_filtering
retention_floor_50pct,50,recent_48h,2h,216,0.5620689655172414,0.4379310344827586,0.5427588073658443,-1.07775679450316,-1.24713005521195,0.229575028613422,0.20141338662409902,0.8784300909025351,fee_minus_exit_cost_negative
false_filter_cap_50pct,50,recent_48h,2h,384,1.0,0.0,0.0,-1.24580876909305,-1.65216642970405,0.0,0.0,0.0,fee_minus_exit_cost_negative
missed_profit_cap_30pct,50,recent_48h,2h,178,0.47586206896551725,0.5241379310344828,0.5717583551708506,-1.07775679450316,-1.24713005521195,0.24168576699677002,0.20141338662409902,0.8649596229812511,fee_minus_exit_cost_negative
fee_cost_nonnegative_median,50,recent_48h,2h,0,0.0,1.0,1.0,,,,,,over_filtering
fee_cost_nonnegative_p10,50,recent_48h,2h,0,0.0,1.0,1.0,,,,,,over_filtering
exit_depth_soft_10usd,50,recent_48h,2h,0,0.0,1.0,1.0,,,,,,over_filtering
exit_depth_soft_20usd,50,recent_48h,2h,0,0.0,1.0,1.0,,,,,,over_filtering
fee_velocity_rank_top30,50,recent_48h,2h,108,0.2896551724137931,0.7103448275862069,0.5422888879292668,-1.58773499762037,-1.66268351958855,-0.18031580208114095,-0.828129419089785,-0.6338807752468798,over_filtering
fee_velocity_rank_top50,50,recent_48h,2h,196,0.5103448275862069,0.4896551724137931,0.37293041691815615,-1.36442030665679,-1.66268351958855,-0.0070754658975109574,-0.034894801844597034,-0.6338807752468798,fee_minus_exit_cost_negative
fee_depth_balanced_score,50,recent_48h,2h,169,0.44482758620689655,0.5551724137931034,0.45318057090019365,-1.38443683054779,-1.66268351958855,-0.0070754658975109574,-0.034894801844597034,-0.6338807752468798,fee_minus_exit_cost_negative
fee_depth_tail_guard,50,recent_48h,2h,216,0.5620689655172414,0.4379310344827586,0.5427588073658443,-1.07775679450316,-1.24713005521195,0.229575028613422,0.20141338662409902,0.8784300909025351,fee_minus_exit_cost_negative
small_cap_10usd_lenient,50,recent_48h,2h,0,0.0,1.0,1.0,,,,,,over_filtering
small_cap_20usd_lenient,50,recent_48h,2h,0,0.0,1.0,1.0,,,,,,over_filtering
hybrid_fee_depth_plus_data_freshness,50,recent_48h,2h,11,0.03793103448275862,0.9620689655172414,0.9298415295411926,-1.24580876909305,-1.24580876909305,0.7142668350481409,0.9817920807422068,1.8602221716447418,over_filtering
hybrid_fee_depth_plus_regime_soft,50,recent_48h,2h,51,0.12758620689655173,0.8724137931034482,0.9166427087185799,-1.18270873729818,-1.24580876909305,0.461203354195484,0.290112941717637,0.8435352890579381,over_filtering
retention_floor_30pct,10,recent_48h,15m,0,0.0,1.0,1.0,,,,,,over_filtering
retention_floor_50pct,10,recent_48h,15m,104,0.2668621700879765,0.7331378299120235,0.8462353562425945,-0.0505915993652699,-0.0520188014877451,-0.013611998061874651,-0.019948188478831008,0.5149032643708521,over_filtering
false_filter_cap_50pct,10,recent_48h,15m,264,0.6862170087976539,0.31378299120234604,0.6679768882605295,-0.0776723402084128,-0.0829932290327605,0.000107054948145094,0.408916381742458,0.5149032643708521,fee_minus_exit_cost_negative
missed_profit_cap_30pct,10,recent_48h,15m,87,0.22287390029325513,0.7771260997067448,0.8905795653523471,-0.0505915993652699,-0.0519609183528598,-0.013611998061874651,-0.035569170949523055,0.4522585802515111,over_filtering
fee_cost_nonnegative_median,10,recent_48h,15m,0,0.0,1.0,1.0,,,,,,over_filtering
fee_cost_nonnegative_p10,10,recent_48h,15m,0,0.0,1.0,1.0,,,,,,over_filtering
exit_depth_soft_10usd,10,recent_48h,15m,0,0.0,1.0,1.0,,,,,,over_filtering
exit_depth_soft_20usd,10,recent_48h,15m,0,0.0,1.0,1.0,,,,,,over_filtering
fee_velocity_rank_top30,10,recent_48h,15m,108,0.2873900293255132,0.7126099706744868,0.4493271885789278,-0.0983535851342393,-0.102140874860049,0.004504941737968358,-0.321515654592187,-0.24596007522205987,over_filtering
fee_velocity_rank_top50,10,recent_48h,15m,196,0.5131964809384164,0.4868035190615836,0.2697256560715562,-0.0870690702077505,-0.102140874860049,-5.466943100590797e-05,-0.27557240813166506,-0.24596007522205987,fee_minus_exit_cost_negative
fee_depth_balanced_score,10,recent_48h,15m,169,0.44868035190615835,0.5513196480938416,0.3982858363228926,-0.0880805406522742,-0.102140874860049,0.0036939574401351977,-0.08677515130902203,-0.24596007522205987,fee_minus_exit_cost_negative
fee_depth_tail_guard,10,recent_48h,15m,104,0.2668621700879765,0.7331378299120235,0.8462353562425945,-0.0505915993652699,-0.0520188014877451,-0.013611998061874651,-0.019948188478831008,0.5149032643708521,over_filtering
small_cap_10usd_lenient,10,recent_48h,15m,0,0.0,1.0,1.0,,,,,,over_filtering
small_cap_20usd_lenient,10,recent_48h,15m,0,0.0,1.0,1.0,,,,,,over_filtering
hybrid_fee_depth_plus_data_freshness,10,recent_48h,15m,0,0.0,1.0,1.0,,,,,,over_filtering
hybrid_fee_depth_plus_regime_soft,10,recent_48h,15m,4,0.005865102639296188,0.9941348973607038,0.9967380902584978,-0.0673151100749874,-0.0673151100749874,-0.7579094262311797,-0.297043344895884,0.5149032643708521,over_filtering
retention_floor_30pct,20,recent_48h,15m,0,0.0,1.0,1.0,,,,,,over_filtering
retention_floor_50pct,20,recent_48h,15m,127,0.3225806451612903,0.6774193548387096,0.8389060529607467,-0.136241748712734,-0.217764871493212,-0.013664561277839651,0.0,0.5149032643708521,fee_minus_exit_cost_negative
false_filter_cap_50pct,20,recent_48h,15m,312,0.8064516129032258,0.1935483870967742,0.25286327538448033,-0.24004793870432,-0.26722904019143,-5.466943100590797e-05,0.22198584379278197,0.1704079198217201,fee_minus_exit_cost_negative
missed_profit_cap_30pct,20,recent_48h,15m,99,0.25513196480938416,0.7448680351906158,0.8867153397600528,-0.136016109836464,-0.215013263977134,-0.013611998061874651,-0.035569170949523055,0.4522585802515111,over_filtering
fee_cost_nonnegative_median,20,recent_48h,15m,0,0.0,1.0,1.0,,,,,,over_filtering
fee_cost_nonnegative_p10,20,recent_48h,15m,0,0.0,1.0,1.0,,,,,,over_filtering
exit_depth_soft_10usd,20,recent_48h,15m,0,0.0,1.0,1.0,,,,,,over_filtering
exit_depth_soft_20usd,20,recent_48h,15m,0,0.0,1.0,1.0,,,,,,over_filtering
fee_velocity_rank_top30,20,recent_48h,15m,108,0.2873900293255132,0.7126099706744868,0.4493271885789278,-0.308219842888415,-0.321917867705173,0.004504941737968358,-0.321515654592187,-0.24596007522205987,over_filtering
fee_velocity_rank_top50,20,recent_48h,15m,196,0.5131964809384164,0.4868035190615836,0.2697256560715562,-0.26740554054776,-0.321917867705173,-5.466943100590797e-05,-0.27557240813166506,-0.24596007522205987,fee_minus_exit_cost_negative
fee_depth_balanced_score,20,recent_48h,15m,169,0.44868035190615835,0.5513196480938416,0.3982858363228926,-0.271063864948003,-0.321917867705173,0.0036939574401351977,-0.08677515130902203,-0.24596007522205987,fee_minus_exit_cost_negative
fee_depth_tail_guard,20,recent_48h,15m,127,0.3225806451612903,0.6774193548387096,0.8389060529607467,-0.136241748712734,-0.217764871493212,-0.013664561277839651,0.0,0.5149032643708521,fee_minus_exit_cost_negative
small_cap_10usd_lenient,20,recent_48h,15m,0,0.0,1.0,1.0,,,,,,over_filtering
small_cap_20usd_lenient,20,recent_48h,15m,0,0.0,1.0,1.0,,,,,,over_filtering
hybrid_fee_depth_plus_data_freshness,20,recent_48h,15m,0,0.0,1.0,1.0,,,,,,over_filtering
hybrid_fee_depth_plus_regime_soft,20,recent_48h,15m,15,0.03519061583577713,0.9648093841642229,0.9929679730793202,-0.215013263977134,-0.217764871493212,-0.7364384894669608,-0.297043344895884,0.5149032643708521,over_filtering
retention_floor_30pct,50,recent_48h,15m,54,0.1378299120234604,0.8621700879765396,0.965304935658746,-0.649900441278363,-0.653074164914915,-0.008871187696188032,-0.035569170949523055,0.4522585802515111,over_filtering
retention_floor_50pct,50,recent_48h,15m,216,0.5601173020527859,0.4398826979472141,0.7187522105280888,-1.09335226254735,-1.26453250163415,0.0,0.325243922487037,0.5363742011350711,fee_minus_exit_cost_negative
false_filter_cap_50pct,50,recent_48h,15m,384,1.0,0.0,0.0,-1.26453250163415,-1.67845509064779,0.0,0.0,0.0,fee_minus_exit_cost_negative
missed_profit_cap_30pct,50,recent_48h,15m,178,0.4662756598240469,0.533724340175953,0.7689063317775016,-1.09335226254735,-1.26453250163415,0.00014451482363693404,0.4279839359251574,0.5149032643708521,fee_minus_exit_cost_negative
fee_cost_nonnegative_median,50,recent_48h,15m,0,0.0,1.0,1.0,,,,,,over_filtering
fee_cost_nonnegative_p10,50,recent_48h,15m,0,0.0,1.0,1.0,,,,,,over_filtering
exit_depth_soft_10usd,50,recent_48h,15m,0,0.0,1.0,1.0,,,,,,over_filtering
exit_depth_soft_20usd,50,recent_48h,15m,0,0.0,1.0,1.0,,,,,,over_filtering
fee_velocity_rank_top30,50,recent_48h,15m,108,0.2873900293255132,0.7126099706744868,0.4493271885789278,-1.6128242314831,-1.68916798041032,0.004504941737968358,-0.321515654592187,-0.24596007522205987,over_filtering
fee_velocity_rank_top50,50,recent_48h,15m,196,0.5131964809384164,0.4868035190615836,0.2697256560715562,-1.38535222727868,-1.68916798041032,-5.466943100590797e-05,-0.27557240813166506,-0.24596007522205987,fee_minus_exit_cost_negative
fee_depth_balanced_score,50,recent_48h,15m,169,0.44868035190615835,0.5513196480938416,0.3982858363228926,-1.40574129991875,-1.68916798041032,0.0036939574401351977,-0.08677515130902203,-0.24596007522205987,fee_minus_exit_cost_negative
fee_depth_tail_guard,50,recent_48h,15m,216,0.5601173020527859,0.4398826979472141,0.7187522105280888,-1.09335226254735,-1.26453250163415,0.0,0.325243922487037,0.5363742011350711,fee_minus_exit_cost_negative
small_cap_10usd_lenient,50,recent_48h,15m,0,0.0,1.0,1.0,,,,,,over_filtering
small_cap_20usd_lenient,50,recent_48h,15m,0,0.0,1.0,1.0,,,,,,over_filtering
hybrid_fee_depth_plus_data_freshness,50,recent_48h,15m,11,0.03225806451612903,0.967741935483871,0.967059183946579,-1.26453250163415,-1.26453250163415,0.005815596204552208,0.46628448076030854,1.2782310900270446,over_filtering
hybrid_fee_depth_plus_regime_soft,50,recent_48h,15m,51,0.1348973607038123,0.8651026392961877,0.9541900911475528,-1.20025798026968,-1.26453250163415,0.0036939574401351977,0.24733197643003396,0.5149032643708521,over_filtering
retention_floor_30pct,10,recent_24h,2h,50,0.1650943396226415,0.8349056603773585,0.7562184687601436,-0.0407102512750413,-0.0427335145459456,-0.37676561635781597,-0.009128149523182971,2.049638705597178,over_filtering
retention_floor_50pct,10,recent_24h,2h,123,0.41037735849056606,0.589622641509434,0.5345834782848699,-0.0468894612100091,-0.0566753108699196,0.1518836166361845,0.0,2.049638705597178,fee_minus_exit_cost_negative
false_filter_cap_50pct,10,recent_24h,2h,253,0.9245283018867925,0.07547169811320754,0.3423732287511492,-0.0695717341624672,-0.0773845631985851,0.11261226685526511,0.36988155395264,2.048007554278337,fee_minus_exit_cost_negative
missed_profit_cap_30pct,10,recent_24h,2h,123,0.41037735849056606,0.589622641509434,0.5345834782848699,-0.0468894612100091,-0.0566753108699196,0.1518836166361845,0.0,2.049638705597178,fee_minus_exit_cost_negative
fee_cost_nonnegative_median,10,recent_24h,2h,0,0.0,1.0,1.0,,,,,,over_filtering
fee_cost_nonnegative_p10,10,recent_24h,2h,0,0.0,1.0,1.0,,,,,,over_filtering
exit_depth_soft_10usd,10,recent_24h,2h,0,0.0,1.0,1.0,,,,,,over_filtering
exit_depth_soft_20usd,10,recent_24h,2h,0,0.0,1.0,1.0,,,,,,over_filtering
fee_velocity_rank_top30,10,recent_24h,2h,135,0.5,0.5,0.4773485423093156,-0.0743644501895087,-0.0909704247811877,-0.006778895502159987,-2.0066553568695227,-0.03434729139198023,fee_minus_exit_cost_negative
fee_velocity_rank_top50,10,recent_24h,2h,143,0.5188679245283019,0.4811320754716981,0.43373742964841583,-0.0743644501895087,-0.0909704247811877,-0.006778895502159987,-1.9676192487990731,-0.03434729139198023,fee_minus_exit_cost_negative
fee_depth_balanced_score,10,recent_24h,2h,143,0.5141509433962265,0.4858490566037736,0.4699171370634985,-0.0743644501895087,-0.0909704247811877,-0.006843387154895991,-1.9676192487990731,-0.03434729139198023,fee_minus_exit_cost_negative
fee_depth_tail_guard,10,recent_24h,2h,123,0.41037735849056606,0.589622641509434,0.5345834782848699,-0.0468894612100091,-0.0566753108699196,0.1518836166361845,0.0,2.049638705597178,fee_minus_exit_cost_negative
small_cap_10usd_lenient,10,recent_24h,2h,0,0.0,1.0,1.0,,,,,,over_filtering
small_cap_20usd_lenient,10,recent_24h,2h,0,0.0,1.0,1.0,,,,,,over_filtering
hybrid_fee_depth_plus_data_freshness,10,recent_24h,2h,0,0.0,1.0,1.0,,,,,,over_filtering
hybrid_fee_depth_plus_regime_soft,10,recent_24h,2h,1,0.0,1.0,1.0,-0.0482404786603815,-0.0482404786603815,-0.40706366181680503,-0.030298045458989065,2.052492749174954,over_filtering
retention_floor_30pct,20,recent_24h,2h,57,0.1650943396226415,0.8349056603773585,0.7562184687601436,-0.103483268054606,-0.113196711106468,0.1301308430970943,-0.009128149523182971,2.049638705597178,over_filtering
retention_floor_50pct,20,recent_24h,2h,185,0.6367924528301887,0.3632075471698113,0.4313266624978268,-0.146001267866293,-0.215200416967504,-0.00150191342879899,0.36988155395264,2.049638705597178,fee_minus_exit_cost_negative
false_filter_cap_50pct,20,recent_24h,2h,257,0.9292452830188679,0.07075471698113207,0.34171645829759917,-0.209395859621831,-0.236600658178055,0.11261226685526511,0.36988155395264,2.048007554278337,fee_minus_exit_cost_negative
missed_profit_cap_30pct,20,recent_24h,2h,185,0.6367924528301887,0.3632075471698113,0.4313266624978268,-0.146001267866293,-0.215200416967504,-0.00150191342879899,0.36988155395264,2.049638705597178,fee_minus_exit_cost_negative
fee_cost_nonnegative_median,20,recent_24h,2h,0,0.0,1.0,1.0,,,,,,over_filtering
fee_cost_nonnegative_p10,20,recent_24h,2h,0,0.0,1.0,1.0,,,,,,over_filtering
exit_depth_soft_10usd,20,recent_24h,2h,0,0.0,1.0,1.0,,,,,,over_filtering
exit_depth_soft_20usd,20,recent_24h,2h,0,0.0,1.0,1.0,,,,,,over_filtering
fee_velocity_rank_top30,20,recent_24h,2h,135,0.5,0.5,0.4773485423093156,-0.227128020532154,-0.289324941494802,-0.006778895502159987,-2.0066553568695227,-0.03434729139198023,fee_minus_exit_cost_negative
fee_velocity_rank_top50,20,recent_24h,2h,143,0.5188679245283019,0.4811320754716981,0.43373742964841583,-0.227128020532154,-0.289324941494802,-0.006778895502159987,-1.9676192487990731,-0.03434729139198023,fee_minus_exit_cost_negative
fee_depth_balanced_score,20,recent_24h,2h,143,0.5141509433962265,0.4858490566037736,0.4699171370634985,-0.227128020532154,-0.289324941494802,-0.006843387154895991,-1.9676192487990731,-0.03434729139198023,fee_minus_exit_cost_negative
fee_depth_tail_guard,20,recent_24h,2h,185,0.6367924528301887,0.3632075471698113,0.4313266624978268,-0.146001267866293,-0.215200416967504,-0.00150191342879899,0.36988155395264,2.049638705597178,fee_minus_exit_cost_negative
small_cap_10usd_lenient,20,recent_24h,2h,0,0.0,1.0,1.0,,,,,,over_filtering
small_cap_20usd_lenient,20,recent_24h,2h,27,0.09433962264150944,0.9056603773584906,0.9421208586153617,-0.100120470927453,-0.10097303256811,0.15767034601808722,0.53017896561386,2.6114400276279435,over_filtering
hybrid_fee_depth_plus_data_freshness,20,recent_24h,2h,29,0.10849056603773585,0.8915094339622641,0.9512000962084134,-0.215200416967504,-0.215200416967504,-0.006778895502159987,0.36989180957742296,2.452369493995703,over_filtering
hybrid_fee_depth_plus_regime_soft,20,recent_24h,2h,63,0.22641509433962265,0.7735849056603774,0.8967431842129571,-0.215200416967504,-0.215200416967504,-0.006778895502159987,0.36988155395264,2.052492749174954,over_filtering
retention_floor_30pct,50,recent_24h,2h,71,0.2028301886792453,0.7971698113207547,0.5432382142384573,-0.479432233474233,-0.601698288939755,0.11261226685526511,-0.021369821443586012,2.048007554278337,over_filtering
retention_floor_50pct,50,recent_24h,2h,249,0.9150943396226415,0.08490566037735849,0.3438453301722604,-1.05411687062486,-1.2141665104137,0.11865656925002221,0.36992222920291995,2.052492749174954,fee_minus_exit_cost_negative
false_filter_cap_50pct,50,recent_24h,2h,284,1.0,0.0,0.0,-1.11440564012862,-1.36345457870693,0.0,0.0,0.0,fee_minus_exit_cost_negative
missed_profit_cap_30pct,50,recent_24h,2h,249,0.9150943396226415,0.08490566037735849,0.3438453301722604,-1.05411687062486,-1.2141665104137,0.11865656925002221,0.36992222920291995,2.052492749174954,fee_minus_exit_cost_negative
fee_cost_nonnegative_median,50,recent_24h,2h,0,0.0,1.0,1.0,,,,,,over_filtering
fee_cost_nonnegative_p10,50,recent_24h,2h,0,0.0,1.0,1.0,,,,,,over_filtering
exit_depth_soft_10usd,50,recent_24h,2h,0,0.0,1.0,1.0,,,,,,over_filtering
exit_depth_soft_20usd,50,recent_24h,2h,0,0.0,1.0,1.0,,,,,,over_filtering
fee_velocity_rank_top30,50,recent_24h,2h,135,0.5,0.5,0.4773485423093156,-1.18243900238319,-1.53720298577244,-0.006778895502159987,-2.0066553568695227,-0.03434729139198023,fee_minus_exit_cost_negative
fee_velocity_rank_top50,50,recent_24h,2h,143,0.5188679245283019,0.4811320754716981,0.43373742964841583,-1.18243900238319,-1.53720298577244,-0.006778895502159987,-1.9676192487990731,-0.03434729139198023,fee_minus_exit_cost_negative
fee_depth_balanced_score,50,recent_24h,2h,143,0.5141509433962265,0.4858490566037736,0.4699171370634985,-1.18243900238319,-1.53720298577244,-0.006843387154895991,-1.9676192487990731,-0.03434729139198023,fee_minus_exit_cost_negative
fee_depth_tail_guard,50,recent_24h,2h,249,0.9150943396226415,0.08490566037735849,0.3438453301722604,-1.05411687062486,-1.2141665104137,0.11865656925002221,0.36992222920291995,2.052492749174954,fee_minus_exit_cost_negative
small_cap_10usd_lenient,50,recent_24h,2h,0,0.0,1.0,1.0,,,,,,over_filtering
small_cap_20usd_lenient,50,recent_24h,2h,0,0.0,1.0,1.0,,,,,,over_filtering
hybrid_fee_depth_plus_data_freshness,50,recent_24h,2h,70,0.3018867924528302,0.6981132075471698,0.8701928416479368,-1.18243900238319,-1.2141665104137,0.18521634769137116,0.370443974940197,2.452369493995703,fee_minus_exit_cost_negative
hybrid_fee_depth_plus_regime_soft,50,recent_24h,2h,108,0.42924528301886794,0.5707547169811321,0.8137624672357588,-1.11440564012862,-1.2141665104137,-0.006203655417994003,0.36989180957742296,2.442575624815717,fee_minus_exit_cost_negative
retention_floor_30pct,10,recent_24h,1h,54,0.1581196581196581,0.8418803418803419,0.7475321326480451,-0.0411562928989894,-0.0429769105127624,-0.003613360204074899,-0.37382837352786097,2.064247614816507,over_filtering
retention_floor_50pct,10,recent_24h,1h,131,0.41452991452991456,0.5854700854700855,0.531980007990943,-0.0476456628654131,-0.0569008665739003,0.0005147622066551047,-0.36942008653975095,2.0547623573646248,fee_minus_exit_cost_negative
false_filter_cap_50pct,10,recent_24h,1h,269,0.9102564102564102,0.08974358974358974,0.40005163641285857,-0.0713589387996841,-0.0786571210194101,0.003125745758250205,6.211510741899184e-05,2.0424484936930547,fee_minus_exit_cost_negative
missed_profit_cap_30pct,10,recent_24h,1h,131,0.41452991452991456,0.5854700854700855,0.531980007990943,-0.0476456628654131,-0.0569008665739003,0.0005147622066551047,-0.36942008653975095,2.0547623573646248,fee_minus_exit_cost_negative
fee_cost_nonnegative_median,10,recent_24h,1h,0,0.0,1.0,1.0,,,,,,over_filtering
fee_cost_nonnegative_p10,10,recent_24h,1h,0,0.0,1.0,1.0,,,,,,over_filtering
exit_depth_soft_10usd,10,recent_24h,1h,0,0.0,1.0,1.0,,,,,,over_filtering
exit_depth_soft_20usd,10,recent_24h,1h,0,0.0,1.0,1.0,,,,,,over_filtering
fee_velocity_rank_top30,10,recent_24h,1h,143,0.5085470085470085,0.49145299145299143,0.4791066739811984,-0.0763694501426094,-0.0937302411194771,0.007173836632587603,5.071932946601465e-05,-0.03466691538400024,fee_minus_exit_cost_negative
fee_velocity_rank_top50,10,recent_24h,1h,151,0.5341880341880342,0.4658119658119658,0.4711166325436245,-0.0763694501426094,-0.0937302411194771,-0.0550918790363384,2.324127610800475e-05,-0.03466691538400024,fee_minus_exit_cost_negative
fee_depth_balanced_score,10,recent_24h,1h,151,0.5299145299145299,0.4700854700854701,0.4713198031893579,-0.0763694501426094,-0.0937302411194771,-0.0814923809138213,0.0,-0.03466691538400024,fee_minus_exit_cost_negative
fee_depth_tail_guard,10,recent_24h,1h,131,0.41452991452991456,0.5854700854700855,0.531980007990943,-0.0476456628654131,-0.0569008665739003,0.0005147622066551047,-0.36942008653975095,2.0547623573646248,fee_minus_exit_cost_negative
small_cap_10usd_lenient,10,recent_24h,1h,0,0.0,1.0,1.0,,,,,,over_filtering
small_cap_20usd_lenient,10,recent_24h,1h,0,0.0,1.0,1.0,,,,,,over_filtering
hybrid_fee_depth_plus_data_freshness,10,recent_24h,1h,0,0.0,1.0,1.0,,,,,,over_filtering
hybrid_fee_depth_plus_regime_soft,10,recent_24h,1h,1,0.0,1.0,1.0,-0.0490580881894419,-0.0490580881894419,-0.5512120920723123,-0.384692752119775,2.0709600467077167,over_filtering
retention_floor_30pct,20,recent_24h,1h,61,0.1581196581196581,0.8418803418803419,0.7475321326480451,-0.102158920817753,-0.114441510419506,-0.008293999460503,-0.36942008653975095,2.064247614816507,over_filtering
retention_floor_50pct,20,recent_24h,1h,197,0.6623931623931624,0.33760683760683763,0.4585006675761229,-0.146397465764788,-0.218920960836274,0.0,2.324127610800475e-05,2.0547623573646248,fee_minus_exit_cost_negative
false_filter_cap_50pct,20,recent_24h,1h,273,0.9102564102564102,0.08974358974358974,0.40005163641285857,-0.212975566585309,-0.237420213893822,0.007173836632587603,6.211510741899184e-05,2.0424484936930547,fee_minus_exit_cost_negative
missed_profit_cap_30pct,20,recent_24h,1h,197,0.6623931623931624,0.33760683760683763,0.4585006675761229,-0.146397465764788,-0.218920960836274,0.0,2.324127610800475e-05,2.0547623573646248,fee_minus_exit_cost_negative
fee_cost_nonnegative_median,20,recent_24h,1h,0,0.0,1.0,1.0,,,,,,over_filtering
fee_cost_nonnegative_p10,20,recent_24h,1h,0,0.0,1.0,1.0,,,,,,over_filtering
exit_depth_soft_10usd,20,recent_24h,1h,0,0.0,1.0,1.0,,,,,,over_filtering
exit_depth_soft_20usd,20,recent_24h,1h,0,0.0,1.0,1.0,,,,,,over_filtering
fee_velocity_rank_top30,20,recent_24h,1h,143,0.5085470085470085,0.49145299145299143,0.4791066739811984,-0.231138020438355,-0.294844574171381,0.007173836632587603,5.071932946601465e-05,-0.03466691538400024,fee_minus_exit_cost_negative
fee_velocity_rank_top50,20,recent_24h,1h,151,0.5341880341880342,0.4658119658119658,0.4711166325436245,-0.231138020438355,-0.294844574171381,-0.0550918790363384,2.324127610800475e-05,-0.03466691538400024,fee_minus_exit_cost_negative
fee_depth_balanced_score,20,recent_24h,1h,151,0.5299145299145299,0.4700854700854701,0.4713198031893579,-0.231138020438355,-0.294844574171381,-0.0814923809138213,0.0,-0.03466691538400024,fee_minus_exit_cost_negative
fee_depth_tail_guard,20,recent_24h,1h,197,0.6623931623931624,0.33760683760683763,0.4585006675761229,-0.146397465764788,-0.218920960836274,0.0,2.324127610800475e-05,2.0547623573646248,fee_minus_exit_cost_negative
small_cap_10usd_lenient,20,recent_24h,1h,0,0.0,1.0,1.0,,,,,,over_filtering
small_cap_20usd_lenient,20,recent_24h,1h,31,0.10683760683760683,0.8931623931623932,0.9560954440608919,-0.101047886726967,-0.101921141909367,0.003125745758250205,0.1665202793301801,2.618558778575954,over_filtering
hybrid_fee_depth_plus_data_freshness,20,recent_24h,1h,30,0.1111111111111111,0.8888888888888888,0.9679777808966327,-0.218920960836274,-0.218920960836274,-0.1662728218141603,6.211510741899184e-05,2.4556760401036,over_filtering
hybrid_fee_depth_plus_regime_soft,20,recent_24h,1h,67,0.24786324786324787,0.7521367521367521,0.9265206595851798,-0.218920960836274,-0.218920960836274,-0.1657929621914463,5.071932946601465e-05,2.0709600467077167,over_filtering
retention_floor_30pct,50,recent_24h,1h,75,0.19230769230769232,0.8076923076923077,0.5380211482853462,-0.479707082285787,-0.605545495711555,-0.5328146361430333,-0.384692752119775,2.0424484936930547,over_filtering
retention_floor_50pct,50,recent_24h,1h,265,0.905982905982906,0.09401709401709402,0.4002277572890085,-1.06277695474746,-1.21761649743052,0.015576448683057301,0.0007263777610909961,2.064247614816507,fee_minus_exit_cost_negative
false_filter_cap_50pct,50,recent_24h,1h,300,1.0,0.0,0.0,-1.12370699980055,-1.37540540956917,0.0,0.0,0.0,fee_minus_exit_cost_negative
missed_profit_cap_30pct,50,recent_24h,1h,265,0.905982905982906,0.09401709401709402,0.4002277572890085,-1.06277695474746,-1.21761649743052,0.015576448683057301,0.0007263777610909961,2.064247614816507,fee_minus_exit_cost_negative
fee_cost_nonnegative_median,50,recent_24h,1h,0,0.0,1.0,1.0,,,,,,over_filtering
fee_cost_nonnegative_p10,50,recent_24h,1h,0,0.0,1.0,1.0,,,,,,over_filtering
exit_depth_soft_10usd,50,recent_24h,1h,0,0.0,1.0,1.0,,,,,,over_filtering
exit_depth_soft_20usd,50,recent_24h,1h,0,0.0,1.0,1.0,,,,,,over_filtering
fee_velocity_rank_top30,50,recent_24h,1h,143,0.5085470085470085,0.49145299145299143,0.4791066739811984,-1.1924640021487,-1.55100206746388,0.007173836632587603,5.071932946601465e-05,-0.03466691538400024,fee_minus_exit_cost_negative
fee_velocity_rank_top50,50,recent_24h,1h,151,0.5341880341880342,0.4658119658119658,0.4711166325436245,-1.1924640021487,-1.55100206746388,-0.0550918790363384,2.324127610800475e-05,-0.03466691538400024,fee_minus_exit_cost_negative
fee_depth_balanced_score,50,recent_24h,1h,151,0.5299145299145299,0.4700854700854701,0.4713198031893579,-1.1924640021487,-1.55100206746388,-0.0814923809138213,0.0,-0.03466691538400024,fee_minus_exit_cost_negative
fee_depth_tail_guard,50,recent_24h,1h,265,0.905982905982906,0.09401709401709402,0.4002277572890085,-1.06277695474746,-1.21761649743052,0.015576448683057301,0.0007263777610909961,2.064247614816507,fee_minus_exit_cost_negative
small_cap_10usd_lenient,50,recent_24h,1h,0,0.0,1.0,1.0,,,,,,over_filtering
small_cap_20usd_lenient,50,recent_24h,1h,0,0.0,1.0,1.0,,,,,,over_filtering
hybrid_fee_depth_plus_data_freshness,50,recent_24h,1h,75,0.28205128205128205,0.717948717948718,0.916373600946334,-1.1924640021487,-1.2245290602413,0.03738167525743574,0.0007263777610909961,2.4556760401036,over_filtering
hybrid_fee_depth_plus_regime_soft,50,recent_24h,1h,116,0.4358974358974359,0.5641025641025641,0.8715475604783665,-1.12370699980055,-1.2245290602413,0.036241448353638524,0.0002465181383770054,2.455652798827492,fee_minus_exit_cost_negative
retention_floor_30pct,10,recent_24h,30m,56,0.1541501976284585,0.8458498023715415,0.7820280243124523,-0.0413933202343035,-0.0432535129106551,-0.0250976839703915,-0.462439531733389,2.022053045282568,over_filtering
retention_floor_50pct,10,recent_24h,30m,135,0.40711462450592883,0.5928853754940712,0.5370291784335189,-0.0480237636931151,-0.0570136444258907,-0.0075668237481846,-0.458855910133294,2.015858163716215,fee_minus_exit_cost_negative
false_filter_cap_50pct,10,recent_24h,30m,277,0.9011857707509882,0.09881422924901186,0.24561045595914668,-0.0722525411182926,-0.0790283804070551,0.0,0.0586320693305676,1.996748059876492,fee_minus_exit_cost_negative
missed_profit_cap_30pct,10,recent_24h,30m,135,0.40711462450592883,0.5928853754940712,0.5370291784335189,-0.0480237636931151,-0.0570136444258907,-0.0075668237481846,-0.458855910133294,2.015858163716215,fee_minus_exit_cost_negative
fee_cost_nonnegative_median,10,recent_24h,30m,0,0.0,1.0,1.0,,,,,,over_filtering
fee_cost_nonnegative_p10,10,recent_24h,30m,0,0.0,1.0,1.0,,,,,,over_filtering
exit_depth_soft_10usd,10,recent_24h,30m,0,0.0,1.0,1.0,,,,,,over_filtering
exit_depth_soft_20usd,10,recent_24h,30m,0,0.0,1.0,1.0,,,,,,over_filtering
fee_velocity_rank_top30,10,recent_24h,30m,147,0.5059288537549407,0.49407114624505927,0.47051097142680903,-0.0773719501191597,-0.0951101492886219,0.0047986796786765006,-0.10497596214785698,-0.08503944261659013,fee_minus_exit_cost_negative
fee_velocity_rank_top50,10,recent_24h,30m,155,0.5375494071146245,0.4624505928853755,0.4650940702940167,-0.0773719501191597,-0.0951101492886219,0.00694875758144013,-0.10497596214785698,-0.08503944261659013,fee_minus_exit_cost_negative
fee_depth_balanced_score,10,recent_24h,30m,155,0.5375494071146245,0.4624505928853755,0.4638442419958635,-0.0773719501191597,-0.0951101492886219,0.00694875758144013,-0.10497596214785698,-0.08503944261659013,fee_minus_exit_cost_negative
fee_depth_tail_guard,10,recent_24h,30m,135,0.40711462450592883,0.5928853754940712,0.5370291784335189,-0.0480237636931151,-0.0570136444258907,-0.0075668237481846,-0.458855910133294,2.015858163716215,fee_minus_exit_cost_negative
small_cap_10usd_lenient,10,recent_24h,30m,0,0.0,1.0,1.0,,,,,,over_filtering
small_cap_20usd_lenient,10,recent_24h,30m,0,0.0,1.0,1.0,,,,,,over_filtering
hybrid_fee_depth_plus_data_freshness,10,recent_24h,30m,0,0.0,1.0,1.0,,,,,,over_filtering
hybrid_fee_depth_plus_regime_soft,10,recent_24h,30m,1,0.003952569169960474,0.9960474308300395,0.9986688749509592,-0.0494668929539721,-0.0494668929539721,0.0326533959250108,0.1246553136997359,2.639596648372249,over_filtering
retention_floor_30pct,20,recent_24h,30m,63,0.16205533596837945,0.8379446640316206,0.7804909752361008,-0.102503932235437,-0.115063910076024,-0.012224402732715198,-0.458855910133294,2.022053045282568,over_filtering
retention_floor_50pct,20,recent_24h,30m,203,0.6600790513833992,0.33992094861660077,0.4910497634595746,-0.146595564714036,-0.22078123277066,-0.0033995898649291003,-0.10497596214785698,2.022053045282568,fee_minus_exit_cost_negative
false_filter_cap_50pct,20,recent_24h,30m,281,0.9090909090909091,0.09090909090909091,0.24414387855696507,-0.214765420067048,-0.237829991751705,0.00021711750760530085,0.06012837723803981,1.996748059876492,fee_minus_exit_cost_negative
missed_profit_cap_30pct,20,recent_24h,30m,203,0.6600790513833992,0.33992094861660077,0.4910497634595746,-0.146595564714036,-0.22078123277066,-0.0033995898649291003,-0.10497596214785698,2.022053045282568,fee_minus_exit_cost_negative
fee_cost_nonnegative_median,20,recent_24h,30m,0,0.0,1.0,1.0,,,,,,over_filtering
fee_cost_nonnegative_p10,20,recent_24h,30m,0,0.0,1.0,1.0,,,,,,over_filtering
exit_depth_soft_10usd,20,recent_24h,30m,0,0.0,1.0,1.0,,,,,,over_filtering
exit_depth_soft_20usd,20,recent_24h,30m,0,0.0,1.0,1.0,,,,,,over_filtering
fee_velocity_rank_top30,20,recent_24h,30m,147,0.5059288537549407,0.49407114624505927,0.47051097142680903,-0.233143020391456,-0.29760439050967,0.0047986796786765006,-0.10497596214785698,-0.08503944261659013,fee_minus_exit_cost_negative
fee_velocity_rank_top50,20,recent_24h,30m,155,0.5375494071146245,0.4624505928853755,0.4650940702940167,-0.233143020391456,-0.29760439050967,0.00694875758144013,-0.10497596214785698,-0.08503944261659013,fee_minus_exit_cost_negative
fee_depth_balanced_score,20,recent_24h,30m,155,0.5375494071146245,0.4624505928853755,0.4638442419958635,-0.233143020391456,-0.29760439050967,0.00694875758144013,-0.10497596214785698,-0.08503944261659013,fee_minus_exit_cost_negative
fee_depth_tail_guard,20,recent_24h,30m,203,0.6600790513833992,0.33992094861660077,0.4910497634595746,-0.146595564714036,-0.22078123277066,-0.0033995898649291003,-0.10497596214785698,2.022053045282568,fee_minus_exit_cost_negative
small_cap_10usd_lenient,20,recent_24h,30m,0,0.0,1.0,1.0,,,,,,over_filtering
small_cap_20usd_lenient,20,recent_24h,30m,33,0.1067193675889328,0.8932806324110671,0.9693138294414848,-0.101511594626725,-0.102395196579995,0.0044777404381079,0.06690423380433361,2.5735734040030804,over_filtering
hybrid_fee_depth_plus_data_freshness,20,recent_24h,30m,30,0.11067193675889328,0.8893280632411067,0.9802149821587751,-0.22078123277066,-0.22078123277066,0.0235266073210539,-0.10593489861277,2.4087132963295677,over_filtering
hybrid_fee_depth_plus_regime_soft,20,recent_24h,30m,69,0.25691699604743085,0.7430830039525692,0.9526894599770149,-0.22078123277066,-0.22078123277066,0.02315036333681885,-0.10497596214785698,2.40826034195451,over_filtering
retention_floor_30pct,50,recent_24h,30m,77,0.1976284584980237,0.8023715415019763,0.54081375000948,-0.480968378057429,-0.607469099097455,-0.0333698484441575,-0.486377411081468,1.996748059876492,over_filtering
retention_floor_50pct,50,recent_24h,30m,273,0.8932806324110671,0.1067193675889328,0.4548005487345428,-1.06710699680876,-1.21864094207523,0.0011380411091654,0.060600771235105405,2.022053045282568,fee_minus_exit_cost_negative
false_filter_cap_50pct,50,recent_24h,30m,308,1.0,0.0,0.0,-1.12835767963651,-1.38138082500029,0.0,0.0,0.0,fee_minus_exit_cost_negative
missed_profit_cap_30pct,50,recent_24h,30m,273,0.8932806324110671,0.1067193675889328,0.4548005487345428,-1.06710699680876,-1.21864094207523,0.0011380411091654,0.060600771235105405,2.022053045282568,fee_minus_exit_cost_negative
fee_cost_nonnegative_median,50,recent_24h,30m,0,0.0,1.0,1.0,,,,,,over_filtering
fee_cost_nonnegative_p10,50,recent_24h,30m,0,0.0,1.0,1.0,,,,,,over_filtering
exit_depth_soft_10usd,50,recent_24h,30m,0,0.0,1.0,1.0,,,,,,over_filtering
exit_depth_soft_20usd,50,recent_24h,30m,0,0.0,1.0,1.0,,,,,,over_filtering
fee_velocity_rank_top30,50,recent_24h,30m,147,0.5059288537549407,0.49407114624505927,0.47051097142680903,-1.19747650203145,-1.55790160830961,0.0047986796786765006,-0.10497596214785698,-0.08503944261659013,fee_minus_exit_cost_negative
fee_velocity_rank_top50,50,recent_24h,30m,155,0.5375494071146245,0.4624505928853755,0.4650940702940167,-1.19747650203145,-1.55790160830961,0.00694875758144013,-0.10497596214785698,-0.08503944261659013,fee_minus_exit_cost_negative
fee_depth_balanced_score,50,recent_24h,30m,155,0.5375494071146245,0.4624505928853755,0.4638442419958635,-1.19747650203145,-1.55790160830961,0.00694875758144013,-0.10497596214785698,-0.08503944261659013,fee_minus_exit_cost_negative
fee_depth_tail_guard,50,recent_24h,30m,273,0.8932806324110671,0.1067193675889328,0.4548005487345428,-1.06710699680876,-1.21864094207523,0.0011380411091654,0.060600771235105405,2.022053045282568,fee_minus_exit_cost_negative
small_cap_10usd_lenient,50,recent_24h,30m,0,0.0,1.0,1.0,,,,,,over_filtering
small_cap_20usd_lenient,50,recent_24h,30m,0,0.0,1.0,1.0,,,,,,over_filtering
hybrid_fee_depth_plus_data_freshness,50,recent_24h,30m,77,0.28063241106719367,0.7193675889328063,0.947864017866533,-1.19747650203145,-1.2297103351551,0.02278916697666063,0.0920019177747251,2.4087132963295677,over_filtering
hybrid_fee_depth_plus_regime_soft,50,recent_24h,30m,120,0.4308300395256917,0.5691699604743083,0.9186447907304063,-1.12835767963651,-1.2297103351551,0.01716018810406133,0.0920019177747251,2.4087132963295677,fee_minus_exit_cost_negative
retention_floor_30pct,10,recent_24h,15m,57,0.15298507462686567,0.8470149253731343,0.8108651124789781,-0.0415118339019606,-0.0433918141096014,-0.008246682545729841,-0.0278040367588826,0.0,over_filtering
retention_floor_50pct,10,recent_24h,15m,137,0.39925373134328357,0.6007462686567164,0.4773557181186598,-0.0482128141069661,-0.0570700333518859,-0.0036085319145855296,-0.013890842461837298,0.0,fee_minus_exit_cost_negative
false_filter_cap_50pct,10,recent_24h,15m,281,0.8992537313432836,0.10074626865671642,0.04965559234265207,-0.0726993422775968,-0.079130824871526,0.00023184794126857033,0.0009539460496204993,0.0,fee_minus_exit_cost_negative
missed_profit_cap_30pct,10,recent_24h,15m,137,0.39925373134328357,0.6007462686567164,0.4773557181186598,-0.0482128141069661,-0.0570700333518859,-0.0036085319145855296,-0.013890842461837298,0.0,fee_minus_exit_cost_negative
fee_cost_nonnegative_median,10,recent_24h,15m,0,0.0,1.0,1.0,,,,,,over_filtering
fee_cost_nonnegative_p10,10,recent_24h,15m,0,0.0,1.0,1.0,,,,,,over_filtering
exit_depth_soft_10usd,10,recent_24h,15m,0,0.0,1.0,1.0,,,,,,over_filtering
exit_depth_soft_20usd,10,recent_24h,15m,0,0.0,1.0,1.0,,,,,,over_filtering
fee_velocity_rank_top30,10,recent_24h,15m,149,0.5111940298507462,0.48880597014925375,0.535656462466002,-0.0778732001074349,-0.0958001033731942,0.00432279546087214,0.0009539460496204993,-2.052827353501457,fee_minus_exit_cost_negative
fee_velocity_rank_top50,10,recent_24h,15m,157,0.5410447761194029,0.458955223880597,0.4446256404719806,-0.0778732001074349,-0.0958001033731942,0.00452097216641633,0.0009539460496204993,-2.052827353501457,fee_minus_exit_cost_negative
fee_depth_balanced_score,10,recent_24h,15m,157,0.5410447761194029,0.458955223880597,0.5243274467694943,-0.0778732001074349,-0.0958001033731942,0.00452097216641633,0.0009539460496204993,-2.052827353501457,fee_minus_exit_cost_negative
fee_depth_tail_guard,10,recent_24h,15m,137,0.39925373134328357,0.6007462686567164,0.4773557181186598,-0.0482128141069661,-0.0570700333518859,-0.0036085319145855296,-0.013890842461837298,0.0,fee_minus_exit_cost_negative
small_cap_10usd_lenient,10,recent_24h,15m,0,0.0,1.0,1.0,,,,,,over_filtering
small_cap_20usd_lenient,10,recent_24h,15m,0,0.0,1.0,1.0,,,,,,over_filtering
hybrid_fee_depth_plus_data_freshness,10,recent_24h,15m,0,0.0,1.0,1.0,,,,,,over_filtering
hybrid_fee_depth_plus_regime_soft,10,recent_24h,15m,1,0.0037313432835820895,0.996268656716418,0.9993818889169781,-0.0496712953362371,-0.0496712953362371,0.007901684043240001,0.02401619359899474,0.6056729842954857,over_filtering
retention_floor_30pct,20,recent_24h,15m,64,0.16417910447761194,0.835820895522388,0.8076279354208848,-0.102741595755218,-0.115375109904284,-0.011526316864673938,-0.0139614529265965,0.0,over_filtering
retention_floor_50pct,20,recent_24h,15m,206,0.6492537313432836,0.35074626865671643,0.4309769264349735,-0.14669461418866,-0.221711368737852,0.0,-0.003917047921431601,0.0011439105178119302,fee_minus_exit_cost_negative
false_filter_cap_50pct,20,recent_24h,15m,285,0.9104477611940298,0.08955223880597014,0.047355617318572164,-0.215660346807917,-0.238034880680647,0.0,0.0005230424721477979,0.0,fee_minus_exit_cost_negative
missed_profit_cap_30pct,20,recent_24h,15m,206,0.6492537313432836,0.35074626865671643,0.4309769264349735,-0.14669461418866,-0.221711368737852,0.0,-0.003917047921431601,0.0011439105178119302,fee_minus_exit_cost_negative
fee_cost_nonnegative_median,20,recent_24h,15m,0,0.0,1.0,1.0,,,,,,over_filtering
fee_cost_nonnegative_p10,20,recent_24h,15m,0,0.0,1.0,1.0,,,,,,over_filtering
exit_depth_soft_10usd,20,recent_24h,15m,0,0.0,1.0,1.0,,,,,,over_filtering
exit_depth_soft_20usd,20,recent_24h,15m,0,0.0,1.0,1.0,,,,,,over_filtering
fee_velocity_rank_top30,20,recent_24h,15m,149,0.5111940298507462,0.48880597014925375,0.535656462466002,-0.234145520368006,-0.298984298678815,0.00432279546087214,0.0009539460496204993,-2.052827353501457,fee_minus_exit_cost_negative
fee_velocity_rank_top50,20,recent_24h,15m,157,0.5410447761194029,0.458955223880597,0.4446256404719806,-0.234145520368006,-0.298984298678815,0.00452097216641633,0.0009539460496204993,-2.052827353501457,fee_minus_exit_cost_negative
fee_depth_balanced_score,20,recent_24h,15m,157,0.5410447761194029,0.458955223880597,0.5243274467694943,-0.234145520368006,-0.298984298678815,0.00452097216641633,0.0009539460496204993,-2.052827353501457,fee_minus_exit_cost_negative
fee_depth_tail_guard,20,recent_24h,15m,206,0.6492537313432836,0.35074626865671643,0.4309769264349735,-0.14669461418866,-0.221711368737852,0.0,-0.003917047921431601,0.0011439105178119302,fee_minus_exit_cost_negative
small_cap_10usd_lenient,20,recent_24h,15m,0,0.0,1.0,1.0,,,,,,over_filtering
small_cap_20usd_lenient,20,recent_24h,15m,34,0.1044776119402985,0.8955223880597015,0.9704031398069646,-0.101743448576603,-0.102632223915309,0.00143727763177018,-0.009265370673308102,0.5538527539376082,over_filtering
hybrid_fee_depth_plus_data_freshness,20,recent_24h,15m,30,0.10820895522388059,0.8917910447761194,0.982791753414383,-0.221711368737852,-0.221711368737852,0.00735669191797793,0.02315409695560278,0.383083295690362,over_filtering
hybrid_fee_depth_plus_regime_soft,20,recent_24h,15m,70,0.2537313432835821,0.746268656716418,0.9530030972332919,-0.221711368737852,-0.221711368737852,0.00735669191797793,0.02315409695560278,0.383083295690362,over_filtering
retention_floor_30pct,50,recent_24h,15m,78,0.19402985074626866,0.8059701492537313,0.4807854837631444,-0.481599025943249,-0.608430900790405,-0.025379880229062842,-0.547455109251958,-0.019048273933010007,over_filtering
retention_floor_50pct,50,recent_24h,15m,277,0.8880597014925373,0.11194029850746269,0.3994334521642812,-1.06927201783941,-1.21915316439758,0.00023184794126857033,0.0009539460496204993,0.0011439105178119302,fee_minus_exit_cost_negative
false_filter_cap_50pct,50,recent_24h,15m,312,1.0,0.0,0.0,-1.13068301955449,-1.31459400318487,0.0,0.0,0.0,fee_minus_exit_cost_negative
missed_profit_cap_30pct,50,recent_24h,15m,277,0.8880597014925373,0.11194029850746269,0.3994334521642812,-1.06927201783941,-1.21915316439758,0.00023184794126857033,0.0009539460496204993,0.0011439105178119302,fee_minus_exit_cost_negative
fee_cost_nonnegative_median,50,recent_24h,15m,0,0.0,1.0,1.0,,,,,,over_filtering
fee_cost_nonnegative_p10,50,recent_24h,15m,0,0.0,1.0,1.0,,,,,,over_filtering
exit_depth_soft_10usd,50,recent_24h,15m,0,0.0,1.0,1.0,,,,,,over_filtering
exit_depth_soft_20usd,50,recent_24h,15m,0,0.0,1.0,1.0,,,,,,over_filtering
fee_velocity_rank_top30,50,recent_24h,15m,149,0.5111940298507462,0.48880597014925375,0.535656462466002,-1.19998275197283,-1.56135137873247,0.00432279546087214,0.0009539460496204993,-2.052827353501457,fee_minus_exit_cost_negative
fee_velocity_rank_top50,50,recent_24h,15m,157,0.5410447761194029,0.458955223880597,0.4446256404719806,-1.19998275197283,-1.56135137873247,0.00452097216641633,0.0009539460496204993,-2.052827353501457,fee_minus_exit_cost_negative
fee_depth_balanced_score,50,recent_24h,15m,157,0.5410447761194029,0.458955223880597,0.5243274467694943,-1.19998275197283,-1.56135137873247,0.00452097216641633,0.0009539460496204993,-2.052827353501457,fee_minus_exit_cost_negative
fee_depth_tail_guard,50,recent_24h,15m,277,0.8880597014925373,0.11194029850746269,0.3994334521642812,-1.06927201783941,-1.21915316439758,0.00023184794126857033,0.0009539460496204993,0.0011439105178119302,fee_minus_exit_cost_negative
small_cap_10usd_lenient,50,recent_24h,15m,0,0.0,1.0,1.0,,,,,,over_filtering
small_cap_20usd_lenient,50,recent_24h,15m,0,0.0,1.0,1.0,,,,,,over_filtering
hybrid_fee_depth_plus_data_freshness,50,recent_24h,15m,78,0.27611940298507465,0.7238805970149254,0.9546871302854663,-1.19998275197283,-1.232300972612,0.00482888536480779,0.018983166351051954,0.383083295690362,over_filtering
hybrid_fee_depth_plus_regime_soft,50,recent_24h,15m,122,0.4291044776119403,0.5708955223880597,0.9237608989337757,-1.13068301955449,-1.21865815563838,0.00575190298211486,0.018983166351051954,0.38359830050113897,fee_minus_exit_cost_negative
