run_id,research_position_id,pool_id,entry_size_usd,horizon,entry_time,target_time,exit_time,simulated_entry_value_usd,simulated_exit_value_usd,fee_estimate_usd,price_loss_or_il_usd,exit_slippage_estimate_usd,net_pnl_usd,net_pnl_pct,exit_depth_status,data_quality_status,invalid_reason,price_spike_down_flag,volume_collapse_flag,quarantine_trigger_flag
20260529_162852,tierc-rp-b0b5492cd8c452e253bb,0x7cb770d0513c30e0cb45e4899e4a2cbeed6f9830,10.00,15m,1779870700,1779871600,1779871800,10.00,9.683900,0.000240,-0.316150,0.000190,-0.316100,-0.031610,sufficient,ok,missing,0,0,0
20260529_162852,tierc-rp-b0b5492cd8c452e253bb,0x7cb770d0513c30e0cb45e4899e4a2cbeed6f9830,10.00,30m,1779870700,1779872500,1779872700,10.00,9.656683,0.000479,-0.343607,0.000190,-0.343317,-0.034332,sufficient,ok,missing,0,0,0
20260529_162852,tierc-rp-b0b5492cd8c452e253bb,0x7cb770d0513c30e0cb45e4899e4a2cbeed6f9830,10.00,1h,1779870700,1779874300,1779874500,10.00,9.850603,0.000959,-0.150166,0.000190,-0.149397,-0.014940,sufficient,ok,missing,0,0,0
20260529_162852,tierc-rp-b0b5492cd8c452e253bb,0x7cb770d0513c30e0cb45e4899e4a2cbeed6f9830,10.00,2h,1779870700,1779877900,1779878100,10.00,9.843018,0.001917,-0.158709,0.000190,-0.156982,-0.015698,sufficient,ok,missing,0,0,0
20260529_162852,tierc-rp-b0b5492cd8c452e253bb,0x7cb770d0513c30e0cb45e4899e4a2cbeed6f9830,10.00,6h,1779870700,1779892300,1779892500,10.00,9.667419,0.005752,-0.338142,0.000190,-0.332581,-0.033258,sufficient,ok,missing,0,0,0
20260529_162852,tierc-rp-1e7bdd1c769c3d9098a4,0x7cb770d0513c30e0cb45e4899e4a2cbeed6f9830,20.00,15m,1779870700,1779871600,1779871800,20.00,19.367421,0.000479,-0.632299,0.000759,-0.632579,-0.031629,sufficient,ok,missing,0,0,0
20260529_162852,tierc-rp-1e7bdd1c769c3d9098a4,0x7cb770d0513c30e0cb45e4899e4a2cbeed6f9830,20.00,30m,1779870700,1779872500,1779872700,20.00,19.312986,0.000959,-0.687214,0.000759,-0.687014,-0.034351,sufficient,ok,missing,0,0,0
20260529_162852,tierc-rp-1e7bdd1c769c3d9098a4,0x7cb770d0513c30e0cb45e4899e4a2cbeed6f9830,20.00,1h,1779870700,1779874300,1779874500,20.00,19.700826,0.001917,-0.300332,0.000759,-0.299174,-0.014959,sufficient,ok,missing,0,0,0
20260529_162852,tierc-rp-1e7bdd1c769c3d9098a4,0x7cb770d0513c30e0cb45e4899e4a2cbeed6f9830,20.00,2h,1779870700,1779877900,1779878100,20.00,19.685657,0.003834,-0.317419,0.000759,-0.314343,-0.015717,sufficient,ok,missing,0,0,0
20260529_162852,tierc-rp-1e7bdd1c769c3d9098a4,0x7cb770d0513c30e0cb45e4899e4a2cbeed6f9830,20.00,6h,1779870700,1779892300,1779892500,20.00,19.334460,0.011503,-0.676285,0.000759,-0.665540,-0.033277,sufficient,ok,missing,0,0,0
20260529_162852,tierc-rp-5552e644e66830caba54,0x7cb770d0513c30e0cb45e4899e4a2cbeed6f9830,50.00,15m,1779870700,1779871600,1779871800,50.00,48.415708,0.001198,-1.580748,0.004742,-1.584292,-0.031686,sufficient,ok,missing,0,0,0
20260529_162852,tierc-rp-5552e644e66830caba54,0x7cb770d0513c30e0cb45e4899e4a2cbeed6f9830,50.00,30m,1779870700,1779872500,1779872700,50.00,48.279621,0.002397,-1.718034,0.004742,-1.720379,-0.034408,sufficient,ok,missing,0,0,0
20260529_162852,tierc-rp-5552e644e66830caba54,0x7cb770d0513c30e0cb45e4899e4a2cbeed6f9830,50.00,1h,1779870700,1779874300,1779874500,50.00,49.249221,0.004793,-0.750831,0.004742,-0.750779,-0.015016,sufficient,ok,missing,0,0,0
20260529_162852,tierc-rp-5552e644e66830caba54,0x7cb770d0513c30e0cb45e4899e4a2cbeed6f9830,50.00,2h,1779870700,1779877900,1779878100,50.00,49.211298,0.009586,-0.793547,0.004742,-0.788702,-0.015774,sufficient,ok,missing,0,0,0
20260529_162852,tierc-rp-5552e644e66830caba54,0x7cb770d0513c30e0cb45e4899e4a2cbeed6f9830,50.00,6h,1779870700,1779892300,1779892500,50.00,48.333304,0.028758,-1.690712,0.004742,-1.666696,-0.033334,sufficient,ok,missing,0,0,0
20260529_162852,tierc-rp-5e2e7409901ceda32e7a,0x7cb770d0513c30e0cb45e4899e4a2cbeed6f9830,10.00,15m,1779872440,1779873340,1779873600,10.00,9.989169,0.000240,-0.010881,0.000190,-0.010831,-0.001083,sufficient,ok,missing,0,0,0
20260529_162852,tierc-rp-5e2e7409901ceda32e7a,0x7cb770d0513c30e0cb45e4899e4a2cbeed6f9830,10.00,30m,1779872440,1779874240,1779874500,10.00,10.200172,0.000479,0.199882,0.000190,0.200172,0.020017,sufficient,ok,missing,0,0,0
20260529_162852,tierc-rp-5e2e7409901ceda32e7a,0x7cb770d0513c30e0cb45e4899e4a2cbeed6f9830,10.00,1h,1779872440,1779876040,1779876300,10.00,10.192328,0.000959,0.191559,0.000190,0.192328,0.019233,sufficient,ok,missing,0,0,0
20260529_162852,tierc-rp-5e2e7409901ceda32e7a,0x7cb770d0513c30e0cb45e4899e4a2cbeed6f9830,10.00,2h,1779872440,1779879640,1779879900,10.00,10.186101,0.001917,0.184374,0.000190,0.186101,0.018610,sufficient,ok,missing,0,0,0
20260529_162852,tierc-rp-5e2e7409901ceda32e7a,0x7cb770d0513c30e0cb45e4899e4a2cbeed6f9830,10.00,6h,1779872440,1779894040,1779894300,10.00,9.733610,0.005752,-0.271952,0.000190,-0.266390,-0.026639,sufficient,ok,missing,0,0,0
20260529_162852,tierc-rp-55a2a0ff781077567fd1,0x7cb770d0513c30e0cb45e4899e4a2cbeed6f9830,20.00,15m,1779872440,1779873340,1779873600,20.00,19.977960,0.000479,-0.021761,0.000759,-0.022040,-0.001102,sufficient,ok,missing,0,0,0
20260529_162852,tierc-rp-55a2a0ff781077567fd1,0x7cb770d0513c30e0cb45e4899e4a2cbeed6f9830,20.00,30m,1779872440,1779874240,1779874500,20.00,20.399964,0.000959,0.399765,0.000759,0.399964,0.019998,sufficient,ok,missing,0,0,0
20260529_162852,tierc-rp-55a2a0ff781077567fd1,0x7cb770d0513c30e0cb45e4899e4a2cbeed6f9830,20.00,1h,1779872440,1779876040,1779876300,20.00,20.384276,0.001917,0.383117,0.000759,0.384276,0.019214,sufficient,ok,missing,0,0,0
20260529_162852,tierc-rp-55a2a0ff781077567fd1,0x7cb770d0513c30e0cb45e4899e4a2cbeed6f9830,20.00,2h,1779872440,1779879640,1779879900,20.00,20.371823,0.003834,0.368747,0.000759,0.371823,0.018591,sufficient,ok,missing,0,0,0
20260529_162852,tierc-rp-55a2a0ff781077567fd1,0x7cb770d0513c30e0cb45e4899e4a2cbeed6f9830,20.00,6h,1779872440,1779894040,1779894300,20.00,19.466841,0.011503,-0.543903,0.000759,-0.533159,-0.026658,sufficient,ok,missing,0,0,0
20260529_162852,tierc-rp-baf23ed99429fd331b4e,0x7cb770d0513c30e0cb45e4899e4a2cbeed6f9830,50.00,15m,1779872440,1779873340,1779873600,50.00,49.942054,0.001198,-0.054403,0.004742,-0.057946,-0.001159,sufficient,ok,missing,0,0,0
20260529_162852,tierc-rp-baf23ed99429fd331b4e,0x7cb770d0513c30e0cb45e4899e4a2cbeed6f9830,50.00,30m,1779872440,1779874240,1779874500,50.00,50.997066,0.002397,0.999411,0.004742,0.997066,0.019941,sufficient,ok,missing,0,0,0
20260529_162852,tierc-rp-baf23ed99429fd331b4e,0x7cb770d0513c30e0cb45e4899e4a2cbeed6f9830,50.00,1h,1779872440,1779876040,1779876300,50.00,50.957845,0.004793,0.957794,0.004742,0.957845,0.019157,sufficient,ok,missing,0,0,0
20260529_162852,tierc-rp-baf23ed99429fd331b4e,0x7cb770d0513c30e0cb45e4899e4a2cbeed6f9830,50.00,2h,1779872440,1779879640,1779879900,50.00,50.926712,0.009586,0.921868,0.004742,0.926712,0.018534,sufficient,ok,missing,0,0,0
20260529_162852,tierc-rp-baf23ed99429fd331b4e,0x7cb770d0513c30e0cb45e4899e4a2cbeed6f9830,50.00,6h,1779872440,1779894040,1779894300,50.00,48.664258,0.028758,-1.359758,0.004742,-1.335742,-0.026715,sufficient,ok,missing,0,0,0
20260529_162852,tierc-rp-2ec3d4566ec733565c27,0x7cb770d0513c30e0cb45e4899e4a2cbeed6f9830,10.00,15m,1779876040,1779876940,1779877200,10.00,10.017319,0.000240,0.017269,0.000190,0.017319,0.001732,sufficient,ok,missing,0,0,0
20260529_162852,tierc-rp-2ec3d4566ec733565c27,0x7cb770d0513c30e0cb45e4899e4a2cbeed6f9830,10.00,30m,1779876040,1779877840,1779878100,10.00,10.007857,0.000479,0.007567,0.000190,0.007857,0.000786,sufficient,ok,missing,0,0,0
20260529_162852,tierc-rp-2ec3d4566ec733565c27,0x7cb770d0513c30e0cb45e4899e4a2cbeed6f9830,10.00,1h,1779876040,1779879640,1779879900,10.00,10.001794,0.000959,0.001025,0.000190,0.001794,0.000179,sufficient,ok,missing,0,0,0
20260529_162852,tierc-rp-2ec3d4566ec733565c27,0x7cb770d0513c30e0cb45e4899e4a2cbeed6f9830,10.00,2h,1779876040,1779883240,1779883500,10.00,9.790738,0.001917,-0.210989,0.000190,-0.209262,-0.020926,sufficient,ok,missing,0,0,0
20260529_162852,tierc-rp-2ec3d4566ec733565c27,0x7cb770d0513c30e0cb45e4899e4a2cbeed6f9830,10.00,6h,1779876040,1779897640,1779897900,10.00,9.806122,0.005752,-0.199440,0.000190,-0.193878,-0.019388,sufficient,ok,missing,0,0,0
20260529_162852,tierc-rp-9deb4dee153a11499819,0x7cb770d0513c30e0cb45e4899e4a2cbeed6f9830,20.00,15m,1779876040,1779876940,1779877200,20.00,20.034258,0.000479,0.034537,0.000759,0.034258,0.001713,sufficient,ok,missing,0,0,0
20260529_162852,tierc-rp-9deb4dee153a11499819,0x7cb770d0513c30e0cb45e4899e4a2cbeed6f9830,20.00,30m,1779876040,1779877840,1779878100,20.00,20.015335,0.000959,0.015135,0.000759,0.015335,0.000767,sufficient,ok,missing,0,0,0
20260529_162852,tierc-rp-9deb4dee153a11499819,0x7cb770d0513c30e0cb45e4899e4a2cbeed6f9830,20.00,1h,1779876040,1779879640,1779879900,20.00,20.003209,0.001917,0.002051,0.000759,0.003209,0.000160,sufficient,ok,missing,0,0,0
20260529_162852,tierc-rp-9deb4dee153a11499819,0x7cb770d0513c30e0cb45e4899e4a2cbeed6f9830,20.00,2h,1779876040,1779883240,1779883500,20.00,19.581097,0.003834,-0.421979,0.000759,-0.418903,-0.020945,sufficient,ok,missing,0,0,0
20260529_162852,tierc-rp-9deb4dee153a11499819,0x7cb770d0513c30e0cb45e4899e4a2cbeed6f9830,20.00,6h,1779876040,1779897640,1779897900,20.00,19.611865,0.011503,-0.398880,0.000759,-0.388135,-0.019407,sufficient,ok,missing,0,0,0
20260529_162852,tierc-rp-ebba115cbff4bb900c15,0x7cb770d0513c30e0cb45e4899e4a2cbeed6f9830,50.00,15m,1779876040,1779876940,1779877200,50.00,50.082799,0.001198,0.086343,0.004742,0.082799,0.001656,sufficient,ok,missing,0,0,0
20260529_162852,tierc-rp-ebba115cbff4bb900c15,0x7cb770d0513c30e0cb45e4899e4a2cbeed6f9830,50.00,30m,1779876040,1779877840,1779878100,50.00,50.035491,0.002397,0.037837,0.004742,0.035491,0.000710,sufficient,ok,missing,0,0,0
20260529_162852,tierc-rp-ebba115cbff4bb900c15,0x7cb770d0513c30e0cb45e4899e4a2cbeed6f9830,50.00,1h,1779876040,1779879640,1779879900,50.00,50.005178,0.004793,0.005127,0.004742,0.005178,0.000104,sufficient,ok,missing,0,0,0
20260529_162852,tierc-rp-ebba115cbff4bb900c15,0x7cb770d0513c30e0cb45e4899e4a2cbeed6f9830,50.00,2h,1779876040,1779883240,1779883500,50.00,48.949898,0.009586,-1.054946,0.004742,-1.050102,-0.021002,sufficient,ok,missing,0,0,0
20260529_162852,tierc-rp-ebba115cbff4bb900c15,0x7cb770d0513c30e0cb45e4899e4a2cbeed6f9830,50.00,6h,1779876040,1779897640,1779897900,50.00,49.026817,0.028758,-0.997200,0.004742,-0.973183,-0.019464,sufficient,ok,missing,0,0,0
20260529_162852,tierc-rp-c49f458bd85c96afcf1f,0x7cb770d0513c30e0cb45e4899e4a2cbeed6f9830,10.00,15m,1779879640,1779880540,1779880800,10.00,10.009789,0.000240,0.009739,0.000190,0.009789,0.000979,sufficient,ok,missing,0,1,0
20260529_162852,tierc-rp-c49f458bd85c96afcf1f,0x7cb770d0513c30e0cb45e4899e4a2cbeed6f9830,10.00,30m,1779879640,1779881440,1779881700,10.00,10.005220,0.000479,0.004930,0.000190,0.005220,0.000522,sufficient,ok,missing,0,0,0
20260529_162852,tierc-rp-c49f458bd85c96afcf1f,0x7cb770d0513c30e0cb45e4899e4a2cbeed6f9830,10.00,1h,1779879640,1779883240,1779883500,10.00,9.786376,0.000959,-0.214393,0.000190,-0.213624,-0.021362,sufficient,ok,missing,0,0,0
20260529_162852,tierc-rp-c49f458bd85c96afcf1f,0x7cb770d0513c30e0cb45e4899e4a2cbeed6f9830,10.00,2h,1779879640,1779886840,1779887100,10.00,10.009290,0.001917,0.007562,0.000190,0.009290,0.000929,sufficient,ok,missing,0,0,0
20260529_162852,tierc-rp-c49f458bd85c96afcf1f,0x7cb770d0513c30e0cb45e4899e4a2cbeed6f9830,10.00,6h,1779879640,1779901240,1779901500,10.00,9.785730,0.005752,-0.219832,0.000190,-0.214270,-0.021427,sufficient,ok,missing,0,0,0
20260529_162852,tierc-rp-5413eaee296cecf126e2,0x7cb770d0513c30e0cb45e4899e4a2cbeed6f9830,20.00,15m,1779879640,1779880540,1779880800,20.00,20.019198,0.000479,0.019478,0.000759,0.019198,0.000960,sufficient,ok,missing,0,1,0
20260529_162852,tierc-rp-5413eaee296cecf126e2,0x7cb770d0513c30e0cb45e4899e4a2cbeed6f9830,20.00,30m,1779879640,1779881440,1779881700,20.00,20.010060,0.000959,0.009860,0.000759,0.010060,0.000503,sufficient,ok,missing,0,0,0
20260529_162852,tierc-rp-5413eaee296cecf126e2,0x7cb770d0513c30e0cb45e4899e4a2cbeed6f9830,20.00,1h,1779879640,1779883240,1779883500,20.00,19.572372,0.001917,-0.428787,0.000759,-0.427628,-0.021381,sufficient,ok,missing,0,0,0
20260529_162852,tierc-rp-5413eaee296cecf126e2,0x7cb770d0513c30e0cb45e4899e4a2cbeed6f9830,20.00,2h,1779879640,1779886840,1779887100,20.00,20.018200,0.003834,0.015124,0.000759,0.018200,0.000910,sufficient,ok,missing,0,0,0
20260529_162852,tierc-rp-5413eaee296cecf126e2,0x7cb770d0513c30e0cb45e4899e4a2cbeed6f9830,20.00,6h,1779879640,1779901240,1779901500,20.00,19.571081,0.011503,-0.439663,0.000759,-0.428919,-0.021446,sufficient,ok,missing,0,0,0
20260529_162852,tierc-rp-99fb4380f7f24a73c24d,0x7cb770d0513c30e0cb45e4899e4a2cbeed6f9830,50.00,15m,1779879640,1779880540,1779880800,50.00,50.045150,0.001198,0.048694,0.004742,0.045150,0.000903,sufficient,ok,missing,0,1,0
20260529_162852,tierc-rp-99fb4380f7f24a73c24d,0x7cb770d0513c30e0cb45e4899e4a2cbeed6f9830,50.00,30m,1779879640,1779881440,1779881700,50.00,50.022305,0.002397,0.024651,0.004742,0.022305,0.000446,sufficient,ok,missing,0,0,0
20260529_162852,tierc-rp-99fb4380f7f24a73c24d,0x7cb770d0513c30e0cb45e4899e4a2cbeed6f9830,50.00,1h,1779879640,1779883240,1779883500,50.00,48.928085,0.004793,-1.071966,0.004742,-1.071915,-0.021438,sufficient,ok,missing,0,0,0
20260529_162852,tierc-rp-99fb4380f7f24a73c24d,0x7cb770d0513c30e0cb45e4899e4a2cbeed6f9830,50.00,2h,1779879640,1779886840,1779887100,50.00,50.042655,0.009586,0.037811,0.004742,0.042655,0.000853,sufficient,ok,missing,0,0,0
20260529_162852,tierc-rp-99fb4380f7f24a73c24d,0x7cb770d0513c30e0cb45e4899e4a2cbeed6f9830,50.00,6h,1779879640,1779901240,1779901500,50.00,48.924858,0.028758,-1.099158,0.004742,-1.075142,-0.021503,sufficient,ok,missing,0,0,0
20260529_162852,tierc-rp-e1cf2f00e2ee271052f2,0x7cb770d0513c30e0cb45e4899e4a2cbeed6f9830,10.00,15m,1779883239,1779884139,1779884400,10.00,10.149499,0.000240,0.149449,0.000190,0.149499,0.014950,sufficient,ok,missing,0,0,0
20260529_162852,tierc-rp-e1cf2f00e2ee271052f2,0x7cb770d0513c30e0cb45e4899e4a2cbeed6f9830,10.00,30m,1779883239,1779885039,1779885300,10.00,10.216106,0.000479,0.215817,0.000190,0.216106,0.021611,sufficient,ok,missing,0,0,0
20260529_162852,tierc-rp-e1cf2f00e2ee271052f2,0x7cb770d0513c30e0cb45e4899e4a2cbeed6f9830,10.00,1h,1779883239,1779886839,1779887100,10.00,10.016396,0.000959,0.015627,0.000190,0.016396,0.001640,sufficient,ok,missing,0,0,0
20260529_162852,tierc-rp-e1cf2f00e2ee271052f2,0x7cb770d0513c30e0cb45e4899e4a2cbeed6f9830,10.00,2h,1779883239,1779890439,1779890700,10.00,9.744922,0.001917,-0.256806,0.000190,-0.255078,-0.025508,sufficient,ok,missing,0,0,0
20260529_162852,tierc-rp-e1cf2f00e2ee271052f2,0x7cb770d0513c30e0cb45e4899e4a2cbeed6f9830,10.00,6h,1779883239,1779904839,1779905100,10.00,9.412102,0.005752,-0.593460,0.000190,-0.587898,-0.058790,sufficient,ok,missing,1,0,0
20260529_162852,tierc-rp-a7032a47c2e0d476444d,0x7cb770d0513c30e0cb45e4899e4a2cbeed6f9830,20.00,15m,1779883239,1779884139,1779884400,20.00,20.298618,0.000479,0.298898,0.000759,0.298618,0.014931,sufficient,ok,missing,0,0,0
20260529_162852,tierc-rp-a7032a47c2e0d476444d,0x7cb770d0513c30e0cb45e4899e4a2cbeed6f9830,20.00,30m,1779883239,1779885039,1779885300,20.00,20.431833,0.000959,0.431633,0.000759,0.431833,0.021592,sufficient,ok,missing,0,0,0
20260529_162852,tierc-rp-a7032a47c2e0d476444d,0x7cb770d0513c30e0cb45e4899e4a2cbeed6f9830,20.00,1h,1779883239,1779886839,1779887100,20.00,20.032412,0.001917,0.031253,0.000759,0.032412,0.001621,sufficient,ok,missing,0,0,0
20260529_162852,tierc-rp-a7032a47c2e0d476444d,0x7cb770d0513c30e0cb45e4899e4a2cbeed6f9830,20.00,2h,1779883239,1779890439,1779890700,20.00,19.489465,0.003834,-0.513611,0.000759,-0.510535,-0.025527,sufficient,ok,missing,0,0,0
20260529_162852,tierc-rp-a7032a47c2e0d476444d,0x7cb770d0513c30e0cb45e4899e4a2cbeed6f9830,20.00,6h,1779883239,1779904839,1779905100,20.00,18.823825,0.011503,-1.186919,0.000759,-1.176175,-0.058809,sufficient,ok,missing,1,0,0
20260529_162852,tierc-rp-34fd266a096cb0f54320,0x7cb770d0513c30e0cb45e4899e4a2cbeed6f9830,50.00,15m,1779883239,1779884139,1779884400,50.00,50.743700,0.001198,0.747244,0.004742,0.743700,0.014874,sufficient,ok,missing,0,0,0
20260529_162852,tierc-rp-34fd266a096cb0f54320,0x7cb770d0513c30e0cb45e4899e4a2cbeed6f9830,50.00,30m,1779883239,1779885039,1779885300,50.00,51.076738,0.002397,1.079083,0.004742,1.076738,0.021535,sufficient,ok,missing,0,0,0
20260529_162852,tierc-rp-34fd266a096cb0f54320,0x7cb770d0513c30e0cb45e4899e4a2cbeed6f9830,50.00,1h,1779883239,1779886839,1779887100,50.00,50.078184,0.004793,0.078133,0.004742,0.078184,0.001564,sufficient,ok,missing,0,0,0
20260529_162852,tierc-rp-34fd266a096cb0f54320,0x7cb770d0513c30e0cb45e4899e4a2cbeed6f9830,50.00,2h,1779883239,1779890439,1779890700,50.00,48.720816,0.009586,-1.284028,0.004742,-1.279184,-0.025584,sufficient,ok,missing,0,0,0
20260529_162852,tierc-rp-34fd266a096cb0f54320,0x7cb770d0513c30e0cb45e4899e4a2cbeed6f9830,50.00,6h,1779883239,1779904839,1779905100,50.00,47.056718,0.028758,-2.967298,0.004742,-2.943282,-0.058866,sufficient,ok,missing,1,0,0
20260529_162852,tierc-rp-e5e76761d3ade3f17f49,0x7cb770d0513c30e0cb45e4899e4a2cbeed6f9830,10.00,15m,1779886842,1779887742,1779888000,10.00,10.078143,0.000240,0.078093,0.000190,0.078143,0.007814,sufficient,ok,missing,0,0,0
20260529_162852,tierc-rp-e5e76761d3ade3f17f49,0x7cb770d0513c30e0cb45e4899e4a2cbeed6f9830,10.00,30m,1779886842,1779888642,1779888900,10.00,9.797003,0.000479,-0.203287,0.000190,-0.202997,-0.020300,sufficient,ok,missing,0,0,0
20260529_162852,tierc-rp-e5e76761d3ade3f17f49,0x7cb770d0513c30e0cb45e4899e4a2cbeed6f9830,10.00,1h,1779886842,1779890442,1779890700,10.00,9.621221,0.000959,-0.379548,0.000190,-0.378779,-0.037878,sufficient,ok,missing,0,1,0
20260529_162852,tierc-rp-e5e76761d3ade3f17f49,0x7cb770d0513c30e0cb45e4899e4a2cbeed6f9830,10.00,2h,1779886842,1779894042,1779894300,10.00,9.438616,0.001917,-0.563112,0.000190,-0.561384,-0.056138,sufficient,ok,missing,1,1,0
20260529_162852,tierc-rp-e5e76761d3ade3f17f49,0x7cb770d0513c30e0cb45e4899e4a2cbeed6f9830,10.00,6h,1779886842,1779908442,1779908700,10.00,9.519665,0.005752,-0.485897,0.000190,-0.480335,-0.048034,sufficient,ok,missing,0,1,0
20260529_162852,tierc-rp-97bc5fa2d33928887e36,0x7cb770d0513c30e0cb45e4899e4a2cbeed6f9830,20.00,15m,1779886842,1779887742,1779888000,20.00,20.155907,0.000479,0.156187,0.000759,0.155907,0.007795,sufficient,ok,missing,0,0,0
20260529_162852,tierc-rp-97bc5fa2d33928887e36,0x7cb770d0513c30e0cb45e4899e4a2cbeed6f9830,20.00,30m,1779886842,1779888642,1779888900,20.00,19.593626,0.000959,-0.406574,0.000759,-0.406374,-0.020319,sufficient,ok,missing,0,0,0
20260529_162852,tierc-rp-97bc5fa2d33928887e36,0x7cb770d0513c30e0cb45e4899e4a2cbeed6f9830,20.00,1h,1779886842,1779890442,1779890700,20.00,19.242063,0.001917,-0.759096,0.000759,-0.757937,-0.037897,sufficient,ok,missing,0,1,0
20260529_162852,tierc-rp-97bc5fa2d33928887e36,0x7cb770d0513c30e0cb45e4899e4a2cbeed6f9830,20.00,2h,1779886842,1779894042,1779894300,20.00,18.876853,0.003834,-1.126223,0.000759,-1.123147,-0.056157,sufficient,ok,missing,1,1,0
20260529_162852,tierc-rp-97bc5fa2d33928887e36,0x7cb770d0513c30e0cb45e4899e4a2cbeed6f9830,20.00,6h,1779886842,1779908442,1779908700,20.00,19.038950,0.011503,-0.971794,0.000759,-0.961050,-0.048052,sufficient,ok,missing,0,1,0
20260529_162852,tierc-rp-93975eb4b9566576b011,0x7cb770d0513c30e0cb45e4899e4a2cbeed6f9830,50.00,15m,1779886842,1779887742,1779888000,50.00,50.386923,0.001198,0.390467,0.004742,0.386923,0.007738,sufficient,ok,missing,0,0,0
20260529_162852,tierc-rp-93975eb4b9566576b011,0x7cb770d0513c30e0cb45e4899e4a2cbeed6f9830,50.00,30m,1779886842,1779888642,1779888900,50.00,48.981219,0.002397,-1.016435,0.004742,-1.018781,-0.020376,sufficient,ok,missing,0,0,0
20260529_162852,tierc-rp-93975eb4b9566576b011,0x7cb770d0513c30e0cb45e4899e4a2cbeed6f9830,50.00,1h,1779886842,1779890442,1779890700,50.00,48.102312,0.004793,-1.897740,0.004742,-1.897688,-0.037954,sufficient,ok,missing,0,1,0
20260529_162852,tierc-rp-93975eb4b9566576b011,0x7cb770d0513c30e0cb45e4899e4a2cbeed6f9830,50.00,2h,1779886842,1779894042,1779894300,50.00,47.189287,0.009586,-2.815558,0.004742,-2.810713,-0.056214,sufficient,ok,missing,1,1,0
20260529_162852,tierc-rp-93975eb4b9566576b011,0x7cb770d0513c30e0cb45e4899e4a2cbeed6f9830,50.00,6h,1779886842,1779908442,1779908700,50.00,47.594531,0.028758,-2.429485,0.004742,-2.405469,-0.048109,sufficient,ok,missing,0,1,0
20260529_162852,tierc-rp-adad6d3cc74ce5f7b80d,0x7cb770d0513c30e0cb45e4899e4a2cbeed6f9830,10.00,15m,1779890441,1779891341,1779891600,10.00,9.703737,0.000240,-0.296313,0.000190,-0.296263,-0.029626,sufficient,ok,missing,0,0,0
20260529_162852,tierc-rp-adad6d3cc74ce5f7b80d,0x7cb770d0513c30e0cb45e4899e4a2cbeed6f9830,10.00,30m,1779890441,1779892241,1779892500,10.00,9.860921,0.000479,-0.139369,0.000190,-0.139079,-0.013908,sufficient,ok,missing,0,0,0
20260529_162852,tierc-rp-adad6d3cc74ce5f7b80d,0x7cb770d0513c30e0cb45e4899e4a2cbeed6f9830,10.00,1h,1779890441,1779894041,1779894300,10.00,9.588229,0.000959,-0.412540,0.000190,-0.411771,-0.041177,sufficient,ok,missing,0,0,0
20260529_162852,tierc-rp-adad6d3cc74ce5f7b80d,0x7cb770d0513c30e0cb45e4899e4a2cbeed6f9830,10.00,2h,1779890441,1779897641,1779897900,10.00,9.837728,0.001917,-0.164000,0.000190,-0.162272,-0.016227,sufficient,ok,missing,0,0,0
20260529_162852,tierc-rp-adad6d3cc74ce5f7b80d,0x7cb770d0513c30e0cb45e4899e4a2cbeed6f9830,10.00,6h,1779890441,1779912041,1779912300,10.00,9.491622,0.005752,-0.513940,0.000190,-0.508378,-0.050838,sufficient,ok,missing,1,0,0
20260529_162852,tierc-rp-9ae95805af462a65e625,0x7cb770d0513c30e0cb45e4899e4a2cbeed6f9830,20.00,15m,1779890441,1779891341,1779891600,20.00,19.407095,0.000479,-0.592626,0.000759,-0.592905,-0.029645,sufficient,ok,missing,0,0,0
20260529_162852,tierc-rp-9ae95805af462a65e625,0x7cb770d0513c30e0cb45e4899e4a2cbeed6f9830,20.00,30m,1779890441,1779892241,1779892500,20.00,19.721462,0.000959,-0.278738,0.000759,-0.278538,-0.013927,sufficient,ok,missing,0,0,0
20260529_162852,tierc-rp-9ae95805af462a65e625,0x7cb770d0513c30e0cb45e4899e4a2cbeed6f9830,20.00,1h,1779890441,1779894041,1779894300,20.00,19.176078,0.001917,-0.825081,0.000759,-0.823922,-0.041196,sufficient,ok,missing,0,0,0
20260529_162852,tierc-rp-9ae95805af462a65e625,0x7cb770d0513c30e0cb45e4899e4a2cbeed6f9830,20.00,2h,1779890441,1779897641,1779897900,20.00,19.675076,0.003834,-0.328000,0.000759,-0.324924,-0.016246,sufficient,ok,missing,0,0,0
20260529_162852,tierc-rp-9ae95805af462a65e625,0x7cb770d0513c30e0cb45e4899e4a2cbeed6f9830,20.00,6h,1779890441,1779912041,1779912300,20.00,18.982864,0.011503,-1.027881,0.000759,-1.017136,-0.050857,sufficient,ok,missing,1,0,0
20260529_162852,tierc-rp-bbd88c60b9cbfe9cd55d,0x7cb770d0513c30e0cb45e4899e4a2cbeed6f9830,50.00,15m,1779890441,1779891341,1779891600,50.00,48.514891,0.001198,-1.481565,0.004742,-1.485109,-0.029702,sufficient,ok,missing,0,0,0
20260529_162852,tierc-rp-bbd88c60b9cbfe9cd55d,0x7cb770d0513c30e0cb45e4899e4a2cbeed6f9830,50.00,30m,1779890441,1779892241,1779892500,50.00,49.300810,0.002397,-0.696844,0.004742,-0.699190,-0.013984,sufficient,ok,missing,0,0,0
20260529_162852,tierc-rp-bbd88c60b9cbfe9cd55d,0x7cb770d0513c30e0cb45e4899e4a2cbeed6f9830,50.00,1h,1779890441,1779894041,1779894300,50.00,47.937350,0.004793,-2.062701,0.004742,-2.062650,-0.041253,sufficient,ok,missing,0,0,0
20260529_162852,tierc-rp-bbd88c60b9cbfe9cd55d,0x7cb770d0513c30e0cb45e4899e4a2cbeed6f9830,50.00,2h,1779890441,1779897641,1779897900,50.00,49.184844,0.009586,-0.820000,0.004742,-0.815156,-0.016303,sufficient,ok,missing,0,0,0
20260529_162852,tierc-rp-bbd88c60b9cbfe9cd55d,0x7cb770d0513c30e0cb45e4899e4a2cbeed6f9830,50.00,6h,1779890441,1779912041,1779912300,50.00,47.454314,0.028758,-2.569702,0.004742,-2.545686,-0.050914,sufficient,ok,missing,1,0,0
20260529_162852,tierc-rp-f295221b46a830c77a4d,0x7cb770d0513c30e0cb45e4899e4a2cbeed6f9830,10.00,15m,1779894039,1779894939,1779895200,10.00,10.207679,0.000240,0.207629,0.000190,0.207679,0.020768,sufficient,ok,missing,0,0,0
20260529_162852,tierc-rp-f295221b46a830c77a4d,0x7cb770d0513c30e0cb45e4899e4a2cbeed6f9830,10.00,30m,1779894039,1779895839,1779896100,10.00,10.231965,0.000479,0.231675,0.000190,0.231965,0.023196,sufficient,ok,missing,0,0,0
20260529_162852,tierc-rp-f295221b46a830c77a4d,0x7cb770d0513c30e0cb45e4899e4a2cbeed6f9830,10.00,1h,1779894039,1779897639,1779897900,10.00,10.231507,0.000959,0.230738,0.000190,0.231507,0.023151,sufficient,ok,missing,0,0,0
20260529_162852,tierc-rp-f295221b46a830c77a4d,0x7cb770d0513c30e0cb45e4899e4a2cbeed6f9830,10.00,2h,1779894039,1779901239,1779901500,10.00,10.214731,0.001917,0.213003,0.000190,0.214731,0.021473,sufficient,ok,missing,0,1,0
20260529_162852,tierc-rp-f295221b46a830c77a4d,0x7cb770d0513c30e0cb45e4899e4a2cbeed6f9830,10.00,6h,1779894039,1779915639,1779915900,10.00,10.072664,0.005752,0.067102,0.000190,0.072664,0.007266,sufficient,ok,missing,0,1,0
20260529_162852,tierc-rp-f7005ee1ce66533c432c,0x7cb770d0513c30e0cb45e4899e4a2cbeed6f9830,20.00,15m,1779894039,1779894939,1779895200,20.00,20.414979,0.000479,0.415259,0.000759,0.414979,0.020749,sufficient,ok,missing,0,0,0
20260529_162852,tierc-rp-f7005ee1ce66533c432c,0x7cb770d0513c30e0cb45e4899e4a2cbeed6f9830,20.00,30m,1779894039,1779895839,1779896100,20.00,20.463551,0.000959,0.463351,0.000759,0.463551,0.023178,sufficient,ok,missing,0,0,0
20260529_162852,tierc-rp-f7005ee1ce66533c432c,0x7cb770d0513c30e0cb45e4899e4a2cbeed6f9830,20.00,1h,1779894039,1779897639,1779897900,20.00,20.462635,0.001917,0.461477,0.000759,0.462635,0.023132,sufficient,ok,missing,0,0,0
20260529_162852,tierc-rp-f7005ee1ce66533c432c,0x7cb770d0513c30e0cb45e4899e4a2cbeed6f9830,20.00,2h,1779894039,1779901239,1779901500,20.00,20.429082,0.003834,0.426006,0.000759,0.429082,0.021454,sufficient,ok,missing,0,1,0
20260529_162852,tierc-rp-f7005ee1ce66533c432c,0x7cb770d0513c30e0cb45e4899e4a2cbeed6f9830,20.00,6h,1779894039,1779915639,1779915900,20.00,20.144949,0.011503,0.134205,0.000759,0.144949,0.007247,sufficient,ok,missing,0,1,0
20260529_162852,tierc-rp-4c836eedc4ec652746c6,0x7cb770d0513c30e0cb45e4899e4a2cbeed6f9830,50.00,15m,1779894039,1779894939,1779895200,50.00,51.034603,0.001198,1.038147,0.004742,1.034603,0.020692,sufficient,ok,missing,0,0,0
20260529_162852,tierc-rp-4c836eedc4ec652746c6,0x7cb770d0513c30e0cb45e4899e4a2cbeed6f9830,50.00,30m,1779894039,1779895839,1779896100,50.00,51.156032,0.002397,1.158377,0.004742,1.156032,0.023121,sufficient,ok,missing,0,0,0
20260529_162852,tierc-rp-4c836eedc4ec652746c6,0x7cb770d0513c30e0cb45e4899e4a2cbeed6f9830,50.00,1h,1779894039,1779897639,1779897900,50.00,51.153743,0.004793,1.153692,0.004742,1.153743,0.023075,sufficient,ok,missing,0,0,0
20260529_162852,tierc-rp-4c836eedc4ec652746c6,0x7cb770d0513c30e0cb45e4899e4a2cbeed6f9830,50.00,2h,1779894039,1779901239,1779901500,50.00,51.069859,0.009586,1.065015,0.004742,1.069859,0.021397,sufficient,ok,missing,0,1,0
20260529_162852,tierc-rp-4c836eedc4ec652746c6,0x7cb770d0513c30e0cb45e4899e4a2cbeed6f9830,50.00,6h,1779894039,1779915639,1779915900,50.00,50.359528,0.028758,0.335511,0.004742,0.359528,0.007191,sufficient,ok,missing,0,1,0
20260529_162852,tierc-rp-3449757d3e0aff5bad11,0x7cb770d0513c30e0cb45e4899e4a2cbeed6f9830,10.00,15m,1779897640,1779898540,1779898800,10.00,9.965606,0.000240,-0.034444,0.000190,-0.034394,-0.003439,sufficient,ok,missing,0,0,0
20260529_162852,tierc-rp-3449757d3e0aff5bad11,0x7cb770d0513c30e0cb45e4899e4a2cbeed6f9830,10.00,30m,1779897640,1779899440,1779899700,10.00,9.765004,0.000479,-0.235286,0.000190,-0.234996,-0.023500,sufficient,ok,missing,0,0,0
20260529_162852,tierc-rp-3449757d3e0aff5bad11,0x7cb770d0513c30e0cb45e4899e4a2cbeed6f9830,10.00,1h,1779897640,1779901240,1779901500,10.00,9.976773,0.000959,-0.023996,0.000190,-0.023227,-0.002323,sufficient,ok,missing,0,0,0
20260529_162852,tierc-rp-3449757d3e0aff5bad11,0x7cb770d0513c30e0cb45e4899e4a2cbeed6f9830,10.00,2h,1779897640,1779904840,1779905100,10.00,9.588897,0.001917,-0.412831,0.000190,-0.411103,-0.041110,sufficient,ok,missing,0,0,0
20260529_162852,tierc-rp-3449757d3e0aff5bad11,0x7cb770d0513c30e0cb45e4899e4a2cbeed6f9830,10.00,6h,1779897640,1779919240,1779919500,10.00,9.611706,0.005752,-0.393856,0.000190,-0.388294,-0.038829,sufficient,ok,missing,0,0,0
20260529_162852,tierc-rp-676e2dfb0ee40331d021,0x7cb770d0513c30e0cb45e4899e4a2cbeed6f9830,20.00,15m,1779897640,1779898540,1779898800,20.00,19.930833,0.000479,-0.068887,0.000759,-0.069167,-0.003458,sufficient,ok,missing,0,0,0
20260529_162852,tierc-rp-676e2dfb0ee40331d021,0x7cb770d0513c30e0cb45e4899e4a2cbeed6f9830,20.00,30m,1779897640,1779899440,1779899700,20.00,19.529628,0.000959,-0.470572,0.000759,-0.470372,-0.023519,sufficient,ok,missing,0,0,0
20260529_162852,tierc-rp-676e2dfb0ee40331d021,0x7cb770d0513c30e0cb45e4899e4a2cbeed6f9830,20.00,1h,1779897640,1779901240,1779901500,20.00,19.953167,0.001917,-0.047992,0.000759,-0.046833,-0.002342,sufficient,ok,missing,0,0,0
20260529_162852,tierc-rp-676e2dfb0ee40331d021,0x7cb770d0513c30e0cb45e4899e4a2cbeed6f9830,20.00,2h,1779897640,1779904840,1779905100,20.00,19.177414,0.003834,-0.825662,0.000759,-0.822586,-0.041129,sufficient,ok,missing,0,0,0
20260529_162852,tierc-rp-676e2dfb0ee40331d021,0x7cb770d0513c30e0cb45e4899e4a2cbeed6f9830,20.00,6h,1779897640,1779919240,1779919500,20.00,19.223032,0.011503,-0.787712,0.000759,-0.776968,-0.038848,sufficient,ok,missing,0,0,0
20260529_162852,tierc-rp-f094ce7a75d8250bfefb,0x7cb770d0513c30e0cb45e4899e4a2cbeed6f9830,50.00,15m,1779897640,1779898540,1779898800,50.00,49.824238,0.001198,-0.172219,0.004742,-0.175762,-0.003515,sufficient,ok,missing,0,0,0
20260529_162852,tierc-rp-f094ce7a75d8250bfefb,0x7cb770d0513c30e0cb45e4899e4a2cbeed6f9830,50.00,30m,1779897640,1779899440,1779899700,50.00,48.821225,0.002397,-1.176430,0.004742,-1.178775,-0.023575,sufficient,ok,missing,0,0,0
20260529_162852,tierc-rp-f094ce7a75d8250bfefb,0x7cb770d0513c30e0cb45e4899e4a2cbeed6f9830,50.00,1h,1779897640,1779901240,1779901500,50.00,49.880072,0.004793,-0.119980,0.004742,-0.119928,-0.002399,sufficient,ok,missing,0,0,0
20260529_162852,tierc-rp-f094ce7a75d8250bfefb,0x7cb770d0513c30e0cb45e4899e4a2cbeed6f9830,50.00,2h,1779897640,1779904840,1779905100,50.00,47.940689,0.009586,-2.064155,0.004742,-2.059311,-0.041186,sufficient,ok,missing,0,0,0
20260529_162852,tierc-rp-f094ce7a75d8250bfefb,0x7cb770d0513c30e0cb45e4899e4a2cbeed6f9830,50.00,6h,1779897640,1779919240,1779919500,50.00,48.054736,0.028758,-1.969280,0.004742,-1.945264,-0.038905,sufficient,ok,missing,0,0,0
20260529_162852,tierc-rp-1e4335fa35c7061fcb4a,0x7cb770d0513c30e0cb45e4899e4a2cbeed6f9830,10.00,15m,1779901239,1779902139,1779902400,10.00,9.733181,0.000240,-0.266869,0.000190,-0.266819,-0.026682,sufficient,ok,missing,0,0,0
20260529_162852,tierc-rp-1e4335fa35c7061fcb4a,0x7cb770d0513c30e0cb45e4899e4a2cbeed6f9830,10.00,30m,1779901239,1779903039,1779903300,10.00,9.923319,0.000479,-0.076971,0.000190,-0.076681,-0.007668,sufficient,ok,missing,0,0,0
20260529_162852,tierc-rp-1e4335fa35c7061fcb4a,0x7cb770d0513c30e0cb45e4899e4a2cbeed6f9830,10.00,1h,1779901239,1779904839,1779905100,10.00,9.595083,0.000959,-0.405686,0.000190,-0.404917,-0.040492,sufficient,ok,missing,0,0,0
20260529_162852,tierc-rp-1e4335fa35c7061fcb4a,0x7cb770d0513c30e0cb45e4899e4a2cbeed6f9830,10.00,2h,1779901239,1779908439,1779908700,10.00,9.829560,0.001917,-0.172168,0.000190,-0.170440,-0.017044,sufficient,ok,missing,0,0,0
20260529_162852,tierc-rp-1e4335fa35c7061fcb4a,0x7cb770d0513c30e0cb45e4899e4a2cbeed6f9830,10.00,6h,1779901239,1779922839,1779923100,10.00,9.370047,0.005752,-0.635515,0.000190,-0.629953,-0.062995,sufficient,ok,missing,1,0,0
20260529_162852,tierc-rp-769f5b1b2a164054eacd,0x7cb770d0513c30e0cb45e4899e4a2cbeed6f9830,20.00,15m,1779901239,1779902139,1779902400,20.00,19.465983,0.000479,-0.533738,0.000759,-0.534017,-0.026701,sufficient,ok,missing,0,0,0
20260529_162852,tierc-rp-769f5b1b2a164054eacd,0x7cb770d0513c30e0cb45e4899e4a2cbeed6f9830,20.00,30m,1779901239,1779903039,1779903300,20.00,19.846259,0.000959,-0.153941,0.000759,-0.153741,-0.007687,sufficient,ok,missing,0,0,0
20260529_162852,tierc-rp-769f5b1b2a164054eacd,0x7cb770d0513c30e0cb45e4899e4a2cbeed6f9830,20.00,1h,1779901239,1779904839,1779905100,20.00,19.189786,0.001917,-0.811372,0.000759,-0.810214,-0.040511,sufficient,ok,missing,0,0,0
20260529_162852,tierc-rp-769f5b1b2a164054eacd,0x7cb770d0513c30e0cb45e4899e4a2cbeed6f9830,20.00,2h,1779901239,1779908439,1779908700,20.00,19.658740,0.003834,-0.344336,0.000759,-0.341260,-0.017063,sufficient,ok,missing,0,0,0
20260529_162852,tierc-rp-769f5b1b2a164054eacd,0x7cb770d0513c30e0cb45e4899e4a2cbeed6f9830,20.00,6h,1779901239,1779922839,1779923100,20.00,18.739715,0.011503,-1.271030,0.000759,-1.260285,-0.063014,sufficient,ok,missing,1,0,0
20260529_162852,tierc-rp-4b07da63e86f964101fa,0x7cb770d0513c30e0cb45e4899e4a2cbeed6f9830,50.00,15m,1779901239,1779902139,1779902400,50.00,48.662111,0.001198,-1.334345,0.004742,-1.337889,-0.026758,sufficient,ok,missing,0,0,0
20260529_162852,tierc-rp-4b07da63e86f964101fa,0x7cb770d0513c30e0cb45e4899e4a2cbeed6f9830,50.00,30m,1779901239,1779903039,1779903300,50.00,49.612802,0.002397,-0.384853,0.004742,-0.387198,-0.007744,sufficient,ok,missing,0,0,0
20260529_162852,tierc-rp-4b07da63e86f964101fa,0x7cb770d0513c30e0cb45e4899e4a2cbeed6f9830,50.00,1h,1779901239,1779904839,1779905100,50.00,47.971620,0.004793,-2.028431,0.004742,-2.028380,-0.040568,sufficient,ok,missing,0,0,0
20260529_162852,tierc-rp-4b07da63e86f964101fa,0x7cb770d0513c30e0cb45e4899e4a2cbeed6f9830,50.00,2h,1779901239,1779908439,1779908700,50.00,49.144005,0.009586,-0.860839,0.004742,-0.855995,-0.017120,sufficient,ok,missing,0,0,0
20260529_162852,tierc-rp-4b07da63e86f964101fa,0x7cb770d0513c30e0cb45e4899e4a2cbeed6f9830,50.00,6h,1779901239,1779922839,1779923100,50.00,46.846442,0.028758,-3.177574,0.004742,-3.153558,-0.063071,sufficient,ok,missing,1,0,0
20260529_162852,tierc-rp-1d21d1d7bd5765cce5c6,0x7cb770d0513c30e0cb45e4899e4a2cbeed6f9830,10.00,15m,1779904839,1779905739,1779906000,10.00,9.991460,0.000240,-0.008590,0.000190,-0.008540,-0.000854,sufficient,ok,missing,0,0,0
20260529_162852,tierc-rp-1d21d1d7bd5765cce5c6,0x7cb770d0513c30e0cb45e4899e4a2cbeed6f9830,10.00,30m,1779904839,1779906639,1779906900,10.00,10.207247,0.000479,0.206957,0.000190,0.207247,0.020725,sufficient,ok,missing,0,0,0
20260529_162852,tierc-rp-1d21d1d7bd5765cce5c6,0x7cb770d0513c30e0cb45e4899e4a2cbeed6f9830,10.00,1h,1779904839,1779908439,1779908700,10.00,10.239162,0.000959,0.238393,0.000190,0.239162,0.023916,sufficient,ok,missing,0,0,0
20260529_162852,tierc-rp-1d21d1d7bd5765cce5c6,0x7cb770d0513c30e0cb45e4899e4a2cbeed6f9830,10.00,2h,1779904839,1779912039,1779912300,10.00,10.049622,0.001917,0.047894,0.000190,0.049622,0.004962,sufficient,ok,missing,0,0,0
20260529_162852,tierc-rp-1d21d1d7bd5765cce5c6,0x7cb770d0513c30e0cb45e4899e4a2cbeed6f9830,10.00,6h,1779904839,1779926439,1779926700,10.00,9.873570,0.005752,-0.131992,0.000190,-0.126430,-0.012643,sufficient,ok,missing,0,0,0
20260529_162852,tierc-rp-0eff8dc0b2949dea3ed7,0x7cb770d0513c30e0cb45e4899e4a2cbeed6f9830,20.00,15m,1779904839,1779905739,1779906000,20.00,19.982541,0.000479,-0.017180,0.000759,-0.017459,-0.000873,sufficient,ok,missing,0,0,0
20260529_162852,tierc-rp-0eff8dc0b2949dea3ed7,0x7cb770d0513c30e0cb45e4899e4a2cbeed6f9830,20.00,30m,1779904839,1779906639,1779906900,20.00,20.414115,0.000959,0.413915,0.000759,0.414115,0.020706,sufficient,ok,missing,0,0,0
20260529_162852,tierc-rp-0eff8dc0b2949dea3ed7,0x7cb770d0513c30e0cb45e4899e4a2cbeed6f9830,20.00,1h,1779904839,1779908439,1779908700,20.00,20.477944,0.001917,0.476786,0.000759,0.477944,0.023897,sufficient,ok,missing,0,0,0
20260529_162852,tierc-rp-0eff8dc0b2949dea3ed7,0x7cb770d0513c30e0cb45e4899e4a2cbeed6f9830,20.00,2h,1779904839,1779912039,1779912300,20.00,20.098865,0.003834,0.095789,0.000759,0.098865,0.004943,sufficient,ok,missing,0,0,0
20260529_162852,tierc-rp-0eff8dc0b2949dea3ed7,0x7cb770d0513c30e0cb45e4899e4a2cbeed6f9830,20.00,6h,1779904839,1779926439,1779926700,20.00,19.746760,0.011503,-0.263985,0.000759,-0.253240,-0.012662,sufficient,ok,missing,0,0,0
20260529_162852,tierc-rp-9ac25f6c61caad93a674,0x7cb770d0513c30e0cb45e4899e4a2cbeed6f9830,50.00,15m,1779904839,1779905739,1779906000,50.00,49.953507,0.001198,-0.042950,0.004742,-0.046493,-0.000930,sufficient,ok,missing,0,0,0
20260529_162852,tierc-rp-9ac25f6c61caad93a674,0x7cb770d0513c30e0cb45e4899e4a2cbeed6f9830,50.00,30m,1779904839,1779906639,1779906900,50.00,51.032442,0.002397,1.034787,0.004742,1.032442,0.020649,sufficient,ok,missing,0,0,0
20260529_162852,tierc-rp-9ac25f6c61caad93a674,0x7cb770d0513c30e0cb45e4899e4a2cbeed6f9830,50.00,1h,1779904839,1779908439,1779908700,50.00,51.192016,0.004793,1.191965,0.004742,1.192016,0.023840,sufficient,ok,missing,0,0,0
20260529_162852,tierc-rp-9ac25f6c61caad93a674,0x7cb770d0513c30e0cb45e4899e4a2cbeed6f9830,50.00,2h,1779904839,1779912039,1779912300,50.00,50.244317,0.009586,0.239472,0.004742,0.244317,0.004886,sufficient,ok,missing,0,0,0
20260529_162852,tierc-rp-9ac25f6c61caad93a674,0x7cb770d0513c30e0cb45e4899e4a2cbeed6f9830,50.00,6h,1779904839,1779926439,1779926700,50.00,49.364054,0.028758,-0.659962,0.004742,-0.635946,-0.012719,sufficient,ok,missing,0,0,0
20260529_162852,tierc-rp-d069767206332e124e24,0x7cb770d0513c30e0cb45e4899e4a2cbeed6f9830,10.00,15m,1779908440,1779909340,1779909600,10.00,9.999660,0.000240,-0.000390,0.000190,-0.000340,-0.000034,sufficient,ok,missing,0,0,0
20260529_162852,tierc-rp-d069767206332e124e24,0x7cb770d0513c30e0cb45e4899e4a2cbeed6f9830,10.00,30m,1779908440,1779910240,1779910500,10.00,10.015464,0.000479,0.015174,0.000190,0.015464,0.001546,sufficient,ok,missing,0,0,0
20260529_162852,tierc-rp-d069767206332e124e24,0x7cb770d0513c30e0cb45e4899e4a2cbeed6f9830,10.00,1h,1779908440,1779912040,1779912300,10.00,9.807060,0.000959,-0.193709,0.000190,-0.192940,-0.019294,sufficient,ok,missing,0,0,0
20260529_162852,tierc-rp-d069767206332e124e24,0x7cb770d0513c30e0cb45e4899e4a2cbeed6f9830,10.00,2h,1779908440,1779915640,1779915900,10.00,10.007139,0.001917,0.005412,0.000190,0.007139,0.000714,sufficient,ok,missing,0,0,0
20260529_162852,tierc-rp-d069767206332e124e24,0x7cb770d0513c30e0cb45e4899e4a2cbeed6f9830,10.00,6h,1779908440,1779930040,1779930300,10.00,9.402390,0.005752,-0.603172,0.000190,-0.597610,-0.059761,sufficient,ok,missing,1,0,0
20260529_162852,tierc-rp-52d51743c4482c1330a1,0x7cb770d0513c30e0cb45e4899e4a2cbeed6f9830,20.00,15m,1779908440,1779909340,1779909600,20.00,19.998942,0.000479,-0.000779,0.000759,-0.001058,-0.000053,sufficient,ok,missing,0,0,0
20260529_162852,tierc-rp-52d51743c4482c1330a1,0x7cb770d0513c30e0cb45e4899e4a2cbeed6f9830,20.00,30m,1779908440,1779910240,1779910500,20.00,20.030549,0.000959,0.030349,0.000759,0.030549,0.001527,sufficient,ok,missing,0,0,0
20260529_162852,tierc-rp-52d51743c4482c1330a1,0x7cb770d0513c30e0cb45e4899e4a2cbeed6f9830,20.00,1h,1779908440,1779912040,1779912300,20.00,19.613741,0.001917,-0.387418,0.000759,-0.386259,-0.019313,sufficient,ok,missing,0,0,0
20260529_162852,tierc-rp-52d51743c4482c1330a1,0x7cb770d0513c30e0cb45e4899e4a2cbeed6f9830,20.00,2h,1779908440,1779915640,1779915900,20.00,20.013899,0.003834,0.010823,0.000759,0.013899,0.000695,sufficient,ok,missing,0,0,0
20260529_162852,tierc-rp-52d51743c4482c1330a1,0x7cb770d0513c30e0cb45e4899e4a2cbeed6f9830,20.00,6h,1779908440,1779930040,1779930300,20.00,18.804400,0.011503,-1.206344,0.000759,-1.195600,-0.059780,sufficient,ok,missing,1,0,0
20260529_162852,tierc-rp-34cc0c22a7320847be76,0x7cb770d0513c30e0cb45e4899e4a2cbeed6f9830,50.00,15m,1779908440,1779909340,1779909600,50.00,49.994509,0.001198,-0.001948,0.004742,-0.005491,-0.000110,sufficient,ok,missing,0,0,0
20260529_162852,tierc-rp-34cc0c22a7320847be76,0x7cb770d0513c30e0cb45e4899e4a2cbeed6f9830,50.00,30m,1779908440,1779910240,1779910500,50.00,50.073527,0.002397,0.075872,0.004742,0.073527,0.001471,sufficient,ok,missing,0,0,0
20260529_162852,tierc-rp-34cc0c22a7320847be76,0x7cb770d0513c30e0cb45e4899e4a2cbeed6f9830,50.00,1h,1779908440,1779912040,1779912300,50.00,49.031507,0.004793,-0.968544,0.004742,-0.968493,-0.019370,sufficient,ok,missing,0,0,0
20260529_162852,tierc-rp-34cc0c22a7320847be76,0x7cb770d0513c30e0cb45e4899e4a2cbeed6f9830,50.00,2h,1779908440,1779915640,1779915900,50.00,50.031902,0.009586,0.027058,0.004742,0.031902,0.000638,sufficient,ok,missing,0,0,0
20260529_162852,tierc-rp-34cc0c22a7320847be76,0x7cb770d0513c30e0cb45e4899e4a2cbeed6f9830,50.00,6h,1779908440,1779930040,1779930300,50.00,47.008156,0.028758,-3.015861,0.004742,-2.991844,-0.059837,sufficient,ok,missing,1,0,0
20260529_162852,tierc-rp-11cc81f4413c66af60e6,0x7cb770d0513c30e0cb45e4899e4a2cbeed6f9830,10.00,15m,1779912040,1779912940,1779913200,10.00,10.008533,0.000240,0.008483,0.000190,0.008533,0.000853,sufficient,ok,missing,0,1,0
20260529_162852,tierc-rp-11cc81f4413c66af60e6,0x7cb770d0513c30e0cb45e4899e4a2cbeed6f9830,10.00,30m,1779912040,1779913840,1779914100,10.00,10.202052,0.000479,0.201762,0.000190,0.202052,0.020205,sufficient,ok,missing,0,1,0
20260529_162852,tierc-rp-11cc81f4413c66af60e6,0x7cb770d0513c30e0cb45e4899e4a2cbeed6f9830,10.00,1h,1779912040,1779915640,1779915900,10.00,10.215685,0.000959,0.214916,0.000190,0.215685,0.021569,sufficient,ok,missing,0,1,0
20260529_162852,tierc-rp-11cc81f4413c66af60e6,0x7cb770d0513c30e0cb45e4899e4a2cbeed6f9830,10.00,2h,1779912040,1779919240,1779919500,10.00,9.980480,0.001917,-0.021247,0.000190,-0.019520,-0.001952,sufficient,ok,missing,0,1,0
20260529_162852,tierc-rp-11cc81f4413c66af60e6,0x7cb770d0513c30e0cb45e4899e4a2cbeed6f9830,10.00,6h,1779912040,1779933640,1779933900,10.00,9.450535,0.005752,-0.555027,0.000190,-0.549465,-0.054947,sufficient,ok,missing,1,1,0
20260529_162852,tierc-rp-14ebd0f61fcccc0842a2,0x7cb770d0513c30e0cb45e4899e4a2cbeed6f9830,20.00,15m,1779912040,1779912940,1779913200,20.00,20.016687,0.000479,0.016966,0.000759,0.016687,0.000834,sufficient,ok,missing,0,1,0
20260529_162852,tierc-rp-14ebd0f61fcccc0842a2,0x7cb770d0513c30e0cb45e4899e4a2cbeed6f9830,20.00,30m,1779912040,1779913840,1779914100,20.00,20.403724,0.000959,0.403524,0.000759,0.403724,0.020186,sufficient,ok,missing,0,1,0
20260529_162852,tierc-rp-14ebd0f61fcccc0842a2,0x7cb770d0513c30e0cb45e4899e4a2cbeed6f9830,20.00,1h,1779912040,1779915640,1779915900,20.00,20.430991,0.001917,0.429832,0.000759,0.430991,0.021550,sufficient,ok,missing,0,1,0
20260529_162852,tierc-rp-14ebd0f61fcccc0842a2,0x7cb770d0513c30e0cb45e4899e4a2cbeed6f9830,20.00,2h,1779912040,1779919240,1779919500,20.00,19.960581,0.003834,-0.042494,0.000759,-0.039419,-0.001971,sufficient,ok,missing,0,1,0
20260529_162852,tierc-rp-14ebd0f61fcccc0842a2,0x7cb770d0513c30e0cb45e4899e4a2cbeed6f9830,20.00,6h,1779912040,1779933640,1779933900,20.00,18.900690,0.011503,-1.110055,0.000759,-1.099310,-0.054966,sufficient,ok,missing,1,1,0
20260529_162852,tierc-rp-5c8b11c1f6245ea8624c,0x7cb770d0513c30e0cb45e4899e4a2cbeed6f9830,50.00,15m,1779912040,1779912940,1779913200,50.00,50.038871,0.001198,0.042415,0.004742,0.038871,0.000777,sufficient,ok,missing,0,1,0
20260529_162852,tierc-rp-5c8b11c1f6245ea8624c,0x7cb770d0513c30e0cb45e4899e4a2cbeed6f9830,50.00,30m,1779912040,1779913840,1779914100,50.00,51.006466,0.002397,1.008811,0.004742,1.006466,0.020129,sufficient,ok,missing,0,1,0
20260529_162852,tierc-rp-5c8b11c1f6245ea8624c,0x7cb770d0513c30e0cb45e4899e4a2cbeed6f9830,50.00,1h,1779912040,1779915640,1779915900,50.00,51.074633,0.004793,1.074581,0.004742,1.074633,0.021493,sufficient,ok,missing,0,1,0
20260529_162852,tierc-rp-5c8b11c1f6245ea8624c,0x7cb770d0513c30e0cb45e4899e4a2cbeed6f9830,50.00,2h,1779912040,1779919240,1779919500,50.00,49.898608,0.009586,-0.106236,0.004742,-0.101392,-0.002028,sufficient,ok,missing,0,1,0
20260529_162852,tierc-rp-5c8b11c1f6245ea8624c,0x7cb770d0513c30e0cb45e4899e4a2cbeed6f9830,50.00,6h,1779912040,1779933640,1779933900,50.00,47.248880,0.028758,-2.775136,0.004742,-2.751120,-0.055022,sufficient,ok,missing,1,1,0
20260529_162852,tierc-rp-d64bf67183389dffbd9d,0x7cb770d0513c30e0cb45e4899e4a2cbeed6f9830,10.00,15m,1779915639,1779916539,1779916800,10.00,10.012455,0.000240,0.012405,0.000190,0.012455,0.001246,sufficient,ok,missing,0,0,0
20260529_162852,tierc-rp-d64bf67183389dffbd9d,0x7cb770d0513c30e0cb45e4899e4a2cbeed6f9830,10.00,30m,1779915639,1779917439,1779917700,10.00,9.971888,0.000479,-0.028401,0.000190,-0.028112,-0.002811,sufficient,ok,missing,0,0,0
20260529_162852,tierc-rp-d64bf67183389dffbd9d,0x7cb770d0513c30e0cb45e4899e4a2cbeed6f9830,10.00,1h,1779915639,1779919239,1779919500,10.00,9.783941,0.000959,-0.216828,0.000190,-0.216059,-0.021606,sufficient,ok,missing,0,0,0
20260529_162852,tierc-rp-d64bf67183389dffbd9d,0x7cb770d0513c30e0cb45e4899e4a2cbeed6f9830,10.00,2h,1779915639,1779922839,1779923100,10.00,9.531685,0.001917,-0.470043,0.000190,-0.468315,-0.046832,sufficient,ok,missing,0,0,0
20260529_162852,tierc-rp-d64bf67183389dffbd9d,0x7cb770d0513c30e0cb45e4899e4a2cbeed6f9830,10.00,6h,1779915639,1779937239,1779937500,10.00,9.251416,0.005752,-0.754146,0.000190,-0.748584,-0.074858,sufficient,ok,missing,1,0,0
20260529_162852,tierc-rp-dad2884e2554a8396eb8,0x7cb770d0513c30e0cb45e4899e4a2cbeed6f9830,20.00,15m,1779915639,1779916539,1779916800,20.00,20.024532,0.000479,0.024811,0.000759,0.024532,0.001227,sufficient,ok,missing,0,0,0
20260529_162852,tierc-rp-dad2884e2554a8396eb8,0x7cb770d0513c30e0cb45e4899e4a2cbeed6f9830,20.00,30m,1779915639,1779917439,1779917700,20.00,19.943397,0.000959,-0.056803,0.000759,-0.056603,-0.002830,sufficient,ok,missing,0,0,0
20260529_162852,tierc-rp-dad2884e2554a8396eb8,0x7cb770d0513c30e0cb45e4899e4a2cbeed6f9830,20.00,1h,1779915639,1779919239,1779919500,20.00,19.567502,0.001917,-0.433657,0.000759,-0.432498,-0.021625,sufficient,ok,missing,0,0,0
20260529_162852,tierc-rp-dad2884e2554a8396eb8,0x7cb770d0513c30e0cb45e4899e4a2cbeed6f9830,20.00,2h,1779915639,1779922839,1779923100,20.00,19.062990,0.003834,-0.940085,0.000759,-0.937010,-0.046850,sufficient,ok,missing,0,0,0
20260529_162852,tierc-rp-dad2884e2554a8396eb8,0x7cb770d0513c30e0cb45e4899e4a2cbeed6f9830,20.00,6h,1779915639,1779937239,1779937500,20.00,18.502453,0.011503,-1.508292,0.000759,-1.497547,-0.074877,sufficient,ok,missing,1,0,0
20260529_162852,tierc-rp-0575718646903eb19510,0x7cb770d0513c30e0cb45e4899e4a2cbeed6f9830,50.00,15m,1779915639,1779916539,1779916800,50.00,50.058484,0.001198,0.062027,0.004742,0.058484,0.001170,sufficient,ok,missing,0,0,0
20260529_162852,tierc-rp-0575718646903eb19510,0x7cb770d0513c30e0cb45e4899e4a2cbeed6f9830,50.00,30m,1779915639,1779917439,1779917700,50.00,49.855647,0.002397,-0.142007,0.004742,-0.144353,-0.002887,sufficient,ok,missing,0,0,0
20260529_162852,tierc-rp-0575718646903eb19510,0x7cb770d0513c30e0cb45e4899e4a2cbeed6f9830,50.00,1h,1779915639,1779919239,1779919500,50.00,48.915909,0.004793,-1.084142,0.004742,-1.084091,-0.021682,sufficient,ok,missing,0,0,0
20260529_162852,tierc-rp-0575718646903eb19510,0x7cb770d0513c30e0cb45e4899e4a2cbeed6f9830,50.00,2h,1779915639,1779922839,1779923100,50.00,47.654631,0.009586,-2.350214,0.004742,-2.345369,-0.046907,sufficient,ok,missing,0,0,0
20260529_162852,tierc-rp-0575718646903eb19510,0x7cb770d0513c30e0cb45e4899e4a2cbeed6f9830,50.00,6h,1779915639,1779937239,1779937500,50.00,46.253287,0.028758,-3.770729,0.004742,-3.746713,-0.074934,sufficient,ok,missing,1,0,0
20260529_162852,tierc-rp-f1e93b396cc05888708e,0x7cb770d0513c30e0cb45e4899e4a2cbeed6f9830,10.00,15m,1779919241,1779920141,1779920400,10.00,9.998567,0.000240,-0.001483,0.000190,-0.001433,-0.000143,sufficient,ok,missing,0,0,0
20260529_162852,tierc-rp-f1e93b396cc05888708e,0x7cb770d0513c30e0cb45e4899e4a2cbeed6f9830,10.00,30m,1779919241,1779921041,1779921300,10.00,10.023034,0.000479,0.022744,0.000190,0.023034,0.002303,sufficient,ok,missing,0,0,0
20260529_162852,tierc-rp-f1e93b396cc05888708e,0x7cb770d0513c30e0cb45e4899e4a2cbeed6f9830,10.00,1h,1779919241,1779922841,1779923100,10.00,9.758366,0.000959,-0.242402,0.000190,-0.241634,-0.024163,sufficient,ok,missing,0,0,0
20260529_162852,tierc-rp-f1e93b396cc05888708e,0x7cb770d0513c30e0cb45e4899e4a2cbeed6f9830,10.00,2h,1779919241,1779926441,1779926700,10.00,9.871665,0.001917,-0.130062,0.000190,-0.128335,-0.012833,sufficient,ok,missing,0,0,0
20260529_162852,tierc-rp-f1e93b396cc05888708e,0x7cb770d0513c30e0cb45e4899e4a2cbeed6f9830,10.00,6h,1779919241,1779940841,1779941100,10.00,9.076608,0.005752,-0.928954,0.000190,-0.923392,-0.092339,sufficient,ok,missing,1,0,0
20260529_162852,tierc-rp-fce6d232a52e8061df63,0x7cb770d0513c30e0cb45e4899e4a2cbeed6f9830,20.00,15m,1779919241,1779920141,1779920400,20.00,19.996754,0.000479,-0.002967,0.000759,-0.003246,-0.000162,sufficient,ok,missing,0,0,0
20260529_162852,tierc-rp-fce6d232a52e8061df63,0x7cb770d0513c30e0cb45e4899e4a2cbeed6f9830,20.00,30m,1779919241,1779921041,1779921300,20.00,20.045688,0.000959,0.045488,0.000759,0.045688,0.002284,sufficient,ok,missing,0,0,0
20260529_162852,tierc-rp-fce6d232a52e8061df63,0x7cb770d0513c30e0cb45e4899e4a2cbeed6f9830,20.00,1h,1779919241,1779922841,1779923100,20.00,19.516354,0.001917,-0.484805,0.000759,-0.483646,-0.024182,sufficient,ok,missing,0,0,0
20260529_162852,tierc-rp-fce6d232a52e8061df63,0x7cb770d0513c30e0cb45e4899e4a2cbeed6f9830,20.00,2h,1779919241,1779926441,1779926700,20.00,19.742951,0.003834,-0.260125,0.000759,-0.257049,-0.012852,sufficient,ok,missing,0,0,0
20260529_162852,tierc-rp-fce6d232a52e8061df63,0x7cb770d0513c30e0cb45e4899e4a2cbeed6f9830,20.00,6h,1779919241,1779940841,1779941100,20.00,18.152837,0.011503,-1.857908,0.000759,-1.847163,-0.092358,sufficient,ok,missing,1,0,0
20260529_162852,tierc-rp-2b0275c7b98fffb3209e,0x7cb770d0513c30e0cb45e4899e4a2cbeed6f9830,50.00,15m,1779919241,1779920141,1779920400,50.00,49.989040,0.001198,-0.007417,0.004742,-0.010960,-0.000219,sufficient,ok,missing,0,0,0
20260529_162852,tierc-rp-2b0275c7b98fffb3209e,0x7cb770d0513c30e0cb45e4899e4a2cbeed6f9830,50.00,30m,1779919241,1779921041,1779921300,50.00,50.111376,0.002397,0.113721,0.004742,0.111376,0.002228,sufficient,ok,missing,0,0,0
20260529_162852,tierc-rp-2b0275c7b98fffb3209e,0x7cb770d0513c30e0cb45e4899e4a2cbeed6f9830,50.00,1h,1779919241,1779922841,1779923100,50.00,48.788039,0.004793,-1.212012,0.004742,-1.211961,-0.024239,sufficient,ok,missing,0,0,0
20260529_162852,tierc-rp-2b0275c7b98fffb3209e,0x7cb770d0513c30e0cb45e4899e4a2cbeed6f9830,50.00,2h,1779919241,1779926441,1779926700,50.00,49.354532,0.009586,-0.650312,0.004742,-0.645468,-0.012909,sufficient,ok,missing,0,0,0
20260529_162852,tierc-rp-2b0275c7b98fffb3209e,0x7cb770d0513c30e0cb45e4899e4a2cbeed6f9830,50.00,6h,1779919241,1779940841,1779941100,50.00,45.379247,0.028758,-4.644769,0.004742,-4.620753,-0.092415,sufficient,ok,missing,1,0,0
20260529_162852,tierc-rp-beb41c9f5153c88f7720,0x7cb770d0513c30e0cb45e4899e4a2cbeed6f9830,10.00,15m,1779922840,1779923740,1779924000,10.00,9.923261,0.000240,-0.076789,0.000190,-0.076739,-0.007674,sufficient,ok,missing,0,0,0
20260529_162852,tierc-rp-beb41c9f5153c88f7720,0x7cb770d0513c30e0cb45e4899e4a2cbeed6f9830,10.00,30m,1779922840,1779924640,1779924900,10.00,9.874576,0.000479,-0.125714,0.000190,-0.125424,-0.012542,sufficient,ok,missing,0,0,0
20260529_162852,tierc-rp-beb41c9f5153c88f7720,0x7cb770d0513c30e0cb45e4899e4a2cbeed6f9830,10.00,1h,1779922840,1779926440,1779926700,10.00,10.078230,0.000959,0.077461,0.000190,0.078230,0.007823,sufficient,ok,missing,0,0,0
20260529_162852,tierc-rp-beb41c9f5153c88f7720,0x7cb770d0513c30e0cb45e4899e4a2cbeed6f9830,10.00,2h,1779922840,1779930040,1779930300,10.00,9.834437,0.001917,-0.167290,0.000190,-0.165563,-0.016556,sufficient,ok,missing,0,1,0
20260529_162852,tierc-rp-beb41c9f5153c88f7720,0x7cb770d0513c30e0cb45e4899e4a2cbeed6f9830,10.00,6h,1779922840,1779944440,1779944700,10.00,9.422284,0.005752,-0.583278,0.000190,-0.577716,-0.057772,sufficient,ok,missing,1,0,0
20260529_162852,tierc-rp-5d3191d44a7f018d7ec2,0x7cb770d0513c30e0cb45e4899e4a2cbeed6f9830,20.00,15m,1779922840,1779923740,1779924000,20.00,19.846143,0.000479,-0.153578,0.000759,-0.153857,-0.007693,sufficient,ok,missing,0,0,0
20260529_162852,tierc-rp-5d3191d44a7f018d7ec2,0x7cb770d0513c30e0cb45e4899e4a2cbeed6f9830,20.00,30m,1779922840,1779924640,1779924900,20.00,19.748772,0.000959,-0.251427,0.000759,-0.251228,-0.012561,sufficient,ok,missing,0,0,0
20260529_162852,tierc-rp-5d3191d44a7f018d7ec2,0x7cb770d0513c30e0cb45e4899e4a2cbeed6f9830,20.00,1h,1779922840,1779926440,1779926700,20.00,20.156081,0.001917,0.154923,0.000759,0.156081,0.007804,sufficient,ok,missing,0,0,0
20260529_162852,tierc-rp-5d3191d44a7f018d7ec2,0x7cb770d0513c30e0cb45e4899e4a2cbeed6f9830,20.00,2h,1779922840,1779930040,1779930300,20.00,19.668495,0.003834,-0.334581,0.000759,-0.331505,-0.016575,sufficient,ok,missing,0,1,0
20260529_162852,tierc-rp-5d3191d44a7f018d7ec2,0x7cb770d0513c30e0cb45e4899e4a2cbeed6f9830,20.00,6h,1779922840,1779944440,1779944700,20.00,18.844188,0.011503,-1.166556,0.000759,-1.155812,-0.057791,sufficient,ok,missing,1,0,0
20260529_162852,tierc-rp-ddcf754e3a6112876cee,0x7cb770d0513c30e0cb45e4899e4a2cbeed6f9830,50.00,15m,1779922840,1779923740,1779924000,50.00,49.612511,0.001198,-0.383945,0.004742,-0.387489,-0.007750,sufficient,ok,missing,0,0,0
20260529_162852,tierc-rp-ddcf754e3a6112876cee,0x7cb770d0513c30e0cb45e4899e4a2cbeed6f9830,50.00,30m,1779922840,1779924640,1779924900,50.00,49.369086,0.002397,-0.628569,0.004742,-0.630914,-0.012618,sufficient,ok,missing,0,0,0
20260529_162852,tierc-rp-ddcf754e3a6112876cee,0x7cb770d0513c30e0cb45e4899e4a2cbeed6f9830,50.00,1h,1779922840,1779926440,1779926700,50.00,50.387358,0.004793,0.387307,0.004742,0.387358,0.007747,sufficient,ok,missing,0,0,0
20260529_162852,tierc-rp-ddcf754e3a6112876cee,0x7cb770d0513c30e0cb45e4899e4a2cbeed6f9830,50.00,2h,1779922840,1779930040,1779930300,50.00,49.168393,0.009586,-0.836452,0.004742,-0.831607,-0.016632,sufficient,ok,missing,0,1,0
20260529_162852,tierc-rp-ddcf754e3a6112876cee,0x7cb770d0513c30e0cb45e4899e4a2cbeed6f9830,50.00,6h,1779922840,1779944440,1779944700,50.00,47.107626,0.028758,-2.916390,0.004742,-2.892374,-0.057847,sufficient,ok,missing,1,0,0
20260529_162852,tierc-rp-b64dc4a0259406dade26,0x7cb770d0513c30e0cb45e4899e4a2cbeed6f9830,10.00,15m,1779926440,1779927340,1779927600,10.00,10.003556,0.000240,0.003506,0.000190,0.003556,0.000356,sufficient,ok,missing,0,0,0
20260529_162852,tierc-rp-b64dc4a0259406dade26,0x7cb770d0513c30e0cb45e4899e4a2cbeed6f9830,10.00,30m,1779926440,1779928240,1779928500,10.00,9.804569,0.000479,-0.195721,0.000190,-0.195431,-0.019543,sufficient,ok,missing,0,0,0
20260529_162852,tierc-rp-b64dc4a0259406dade26,0x7cb770d0513c30e0cb45e4899e4a2cbeed6f9830,10.00,1h,1779926440,1779930040,1779930300,10.00,9.755486,0.000959,-0.245283,0.000190,-0.244514,-0.024451,sufficient,ok,missing,0,1,0
20260529_162852,tierc-rp-b64dc4a0259406dade26,0x7cb770d0513c30e0cb45e4899e4a2cbeed6f9830,10.00,2h,1779926440,1779933640,1779933900,10.00,9.605332,0.001917,-0.396395,0.000190,-0.394668,-0.039467,sufficient,ok,missing,0,0,0
20260529_162852,tierc-rp-b64dc4a0259406dade26,0x7cb770d0513c30e0cb45e4899e4a2cbeed6f9830,10.00,6h,1779926440,1779948040,1779948300,10.00,9.259026,0.005752,-0.746535,0.000190,-0.740974,-0.074097,sufficient,ok,missing,1,0,0
20260529_162852,tierc-rp-33dd1d0f321ee474421f,0x7cb770d0513c30e0cb45e4899e4a2cbeed6f9830,20.00,15m,1779926440,1779927340,1779927600,20.00,20.006733,0.000479,0.007012,0.000759,0.006733,0.000337,sufficient,ok,missing,0,0,0
20260529_162852,tierc-rp-33dd1d0f321ee474421f,0x7cb770d0513c30e0cb45e4899e4a2cbeed6f9830,20.00,30m,1779926440,1779928240,1779928500,20.00,19.608758,0.000959,-0.391442,0.000759,-0.391242,-0.019562,sufficient,ok,missing,0,0,0
20260529_162852,tierc-rp-33dd1d0f321ee474421f,0x7cb770d0513c30e0cb45e4899e4a2cbeed6f9830,20.00,1h,1779926440,1779930040,1779930300,20.00,19.510593,0.001917,-0.490565,0.000759,-0.489407,-0.024470,sufficient,ok,missing,0,1,0
20260529_162852,tierc-rp-33dd1d0f321ee474421f,0x7cb770d0513c30e0cb45e4899e4a2cbeed6f9830,20.00,2h,1779926440,1779933640,1779933900,20.00,19.210285,0.003834,-0.792791,0.000759,-0.789715,-0.039486,sufficient,ok,missing,0,0,0
20260529_162852,tierc-rp-33dd1d0f321ee474421f,0x7cb770d0513c30e0cb45e4899e4a2cbeed6f9830,20.00,6h,1779926440,1779948040,1779948300,20.00,18.517674,0.011503,-1.493071,0.000759,-1.482326,-0.074116,sufficient,ok,missing,1,0,0
20260529_162852,tierc-rp-18974f5cca74967570cb,0x7cb770d0513c30e0cb45e4899e4a2cbeed6f9830,50.00,15m,1779926440,1779927340,1779927600,50.00,50.013988,0.001198,0.017531,0.004742,0.013988,0.000280,sufficient,ok,missing,0,0,0
20260529_162852,tierc-rp-18974f5cca74967570cb,0x7cb770d0513c30e0cb45e4899e4a2cbeed6f9830,50.00,30m,1779926440,1779928240,1779928500,50.00,49.019051,0.002397,-0.978604,0.004742,-0.980949,-0.019619,sufficient,ok,missing,0,0,0
20260529_162852,tierc-rp-18974f5cca74967570cb,0x7cb770d0513c30e0cb45e4899e4a2cbeed6f9830,50.00,1h,1779926440,1779930040,1779930300,50.00,48.773638,0.004793,-1.226413,0.004742,-1.226362,-0.024527,sufficient,ok,missing,0,1,0
20260529_162852,tierc-rp-18974f5cca74967570cb,0x7cb770d0513c30e0cb45e4899e4a2cbeed6f9830,50.00,2h,1779926440,1779933640,1779933900,50.00,48.022868,0.009586,-1.981976,0.004742,-1.977132,-0.039543,sufficient,ok,missing,0,0,0
20260529_162852,tierc-rp-18974f5cca74967570cb,0x7cb770d0513c30e0cb45e4899e4a2cbeed6f9830,50.00,6h,1779926440,1779948040,1779948300,50.00,46.291339,0.028758,-3.732677,0.004742,-3.708661,-0.074173,sufficient,ok,missing,1,0,0
20260529_162852,tierc-rp-37e14bf344e791b5226a,0x7cb770d0513c30e0cb45e4899e4a2cbeed6f9830,10.00,15m,1779930040,1779930940,1779931200,10.00,9.901225,0.000240,-0.098825,0.000190,-0.098775,-0.009878,sufficient,ok,missing,0,0,0
20260529_162852,tierc-rp-37e14bf344e791b5226a,0x7cb770d0513c30e0cb45e4899e4a2cbeed6f9830,10.00,30m,1779930040,1779931840,1779932100,10.00,10.057995,0.000479,0.057706,0.000190,0.057995,0.005800,sufficient,ok,missing,0,0,0
20260529_162852,tierc-rp-37e14bf344e791b5226a,0x7cb770d0513c30e0cb45e4899e4a2cbeed6f9830,10.00,1h,1779930040,1779933640,1779933900,10.00,9.841287,0.000959,-0.159482,0.000190,-0.158713,-0.015871,sufficient,ok,missing,0,0,0
20260529_162852,tierc-rp-37e14bf344e791b5226a,0x7cb770d0513c30e0cb45e4899e4a2cbeed6f9830,10.00,2h,1779930040,1779937240,1779937500,10.00,9.827369,0.001917,-0.174359,0.000190,-0.172631,-0.017263,sufficient,ok,missing,0,0,0
20260529_162852,tierc-rp-37e14bf344e791b5226a,0x7cb770d0513c30e0cb45e4899e4a2cbeed6f9830,10.00,6h,1779930040,1779951640,1779951900,10.00,9.733475,0.005752,-0.272087,0.000190,-0.266525,-0.026652,sufficient,ok,missing,0,0,0
20260529_162852,tierc-rp-33fb2fd9ef39a75e4899,0x7cb770d0513c30e0cb45e4899e4a2cbeed6f9830,20.00,15m,1779930040,1779930940,1779931200,20.00,19.802071,0.000479,-0.197650,0.000759,-0.197929,-0.009896,sufficient,ok,missing,0,0,0
20260529_162852,tierc-rp-33fb2fd9ef39a75e4899,0x7cb770d0513c30e0cb45e4899e4a2cbeed6f9830,20.00,30m,1779930040,1779931840,1779932100,20.00,20.115611,0.000959,0.115411,0.000759,0.115611,0.005781,sufficient,ok,missing,0,0,0
20260529_162852,tierc-rp-33fb2fd9ef39a75e4899,0x7cb770d0513c30e0cb45e4899e4a2cbeed6f9830,20.00,1h,1779930040,1779933640,1779933900,20.00,19.682195,0.001917,-0.318963,0.000759,-0.317805,-0.015890,sufficient,ok,missing,0,0,0
20260529_162852,tierc-rp-33fb2fd9ef39a75e4899,0x7cb770d0513c30e0cb45e4899e4a2cbeed6f9830,20.00,2h,1779930040,1779937240,1779937500,20.00,19.654358,0.003834,-0.348718,0.000759,-0.345642,-0.017282,sufficient,ok,missing,0,0,0
20260529_162852,tierc-rp-33fb2fd9ef39a75e4899,0x7cb770d0513c30e0cb45e4899e4a2cbeed6f9830,20.00,6h,1779930040,1779951640,1779951900,20.00,19.466571,0.011503,-0.544173,0.000759,-0.533429,-0.026671,sufficient,ok,missing,0,0,0
20260529_162852,tierc-rp-17c40cc436ccefb4cb3e,0x7cb770d0513c30e0cb45e4899e4a2cbeed6f9830,50.00,15m,1779930040,1779930940,1779931200,50.00,49.502331,0.001198,-0.494125,0.004742,-0.497669,-0.009953,sufficient,ok,missing,0,0,0
20260529_162852,tierc-rp-17c40cc436ccefb4cb3e,0x7cb770d0513c30e0cb45e4899e4a2cbeed6f9830,50.00,30m,1779930040,1779931840,1779932100,50.00,50.286183,0.002397,0.288528,0.004742,0.286183,0.005724,sufficient,ok,missing,0,0,0
20260529_162852,tierc-rp-17c40cc436ccefb4cb3e,0x7cb770d0513c30e0cb45e4899e4a2cbeed6f9830,50.00,1h,1779930040,1779933640,1779933900,50.00,49.202643,0.004793,-0.797408,0.004742,-0.797357,-0.015947,sufficient,ok,missing,0,0,0
20260529_162852,tierc-rp-17c40cc436ccefb4cb3e,0x7cb770d0513c30e0cb45e4899e4a2cbeed6f9830,50.00,2h,1779930040,1779937240,1779937500,50.00,49.133050,0.009586,-0.871794,0.004742,-0.866950,-0.017339,sufficient,ok,missing,0,0,0
20260529_162852,tierc-rp-17c40cc436ccefb4cb3e,0x7cb770d0513c30e0cb45e4899e4a2cbeed6f9830,50.00,6h,1779930040,1779951640,1779951900,50.00,48.663583,0.028758,-1.360433,0.004742,-1.336417,-0.026728,sufficient,ok,missing,0,0,0
20260529_162852,tierc-rp-15e79c9f065d30153402,0x7cb770d0513c30e0cb45e4899e4a2cbeed6f9830,10.00,15m,1779933640,1779934540,1779934800,10.00,10.195907,0.000240,0.195857,0.000190,0.195907,0.019591,sufficient,ok,missing,0,0,0
20260529_162852,tierc-rp-15e79c9f065d30153402,0x7cb770d0513c30e0cb45e4899e4a2cbeed6f9830,10.00,30m,1779933640,1779935440,1779935700,10.00,10.194931,0.000479,0.194641,0.000190,0.194931,0.019493,sufficient,ok,missing,0,0,0
20260529_162852,tierc-rp-15e79c9f065d30153402,0x7cb770d0513c30e0cb45e4899e4a2cbeed6f9830,10.00,1h,1779933640,1779937240,1779937500,10.00,9.990803,0.000959,-0.009966,0.000190,-0.009197,-0.000920,sufficient,ok,missing,0,0,0
20260529_162852,tierc-rp-15e79c9f065d30153402,0x7cb770d0513c30e0cb45e4899e4a2cbeed6f9830,10.00,2h,1779933640,1779940840,1779941100,10.00,9.574227,0.001917,-0.427501,0.000190,-0.425773,-0.042577,sufficient,ok,missing,0,0,0
20260529_162852,tierc-rp-15e79c9f065d30153402,0x7cb770d0513c30e0cb45e4899e4a2cbeed6f9830,10.00,6h,1779933640,1779955240,1779955500,10.00,9.969600,0.005752,-0.035962,0.000190,-0.030400,-0.003040,sufficient,ok,missing,0,0,0
20260529_162852,tierc-rp-808223756355bf2eddba,0x7cb770d0513c30e0cb45e4899e4a2cbeed6f9830,20.00,15m,1779933640,1779934540,1779934800,20.00,20.391434,0.000479,0.391713,0.000759,0.391434,0.019572,sufficient,ok,missing,0,0,0
20260529_162852,tierc-rp-808223756355bf2eddba,0x7cb770d0513c30e0cb45e4899e4a2cbeed6f9830,20.00,30m,1779933640,1779935440,1779935700,20.00,20.389483,0.000959,0.389283,0.000759,0.389483,0.019474,sufficient,ok,missing,0,0,0
20260529_162852,tierc-rp-808223756355bf2eddba,0x7cb770d0513c30e0cb45e4899e4a2cbeed6f9830,20.00,1h,1779933640,1779937240,1779937500,20.00,19.981226,0.001917,-0.019933,0.000759,-0.018774,-0.000939,sufficient,ok,missing,0,0,0
20260529_162852,tierc-rp-808223756355bf2eddba,0x7cb770d0513c30e0cb45e4899e4a2cbeed6f9830,20.00,2h,1779933640,1779940840,1779941100,20.00,19.148074,0.003834,-0.855002,0.000759,-0.851926,-0.042596,sufficient,ok,missing,0,0,0
20260529_162852,tierc-rp-808223756355bf2eddba,0x7cb770d0513c30e0cb45e4899e4a2cbeed6f9830,20.00,6h,1779933640,1779955240,1779955500,20.00,19.938820,0.011503,-0.071924,0.000759,-0.061180,-0.003059,sufficient,ok,missing,0,0,0
20260529_162852,tierc-rp-8fbdb1c3685c4e5527cc,0x7cb770d0513c30e0cb45e4899e4a2cbeed6f9830,50.00,15m,1779933640,1779934540,1779934800,50.00,50.975739,0.001198,0.979283,0.004742,0.975739,0.019515,sufficient,ok,missing,0,0,0
20260529_162852,tierc-rp-8fbdb1c3685c4e5527cc,0x7cb770d0513c30e0cb45e4899e4a2cbeed6f9830,50.00,30m,1779933640,1779935440,1779935700,50.00,50.970862,0.002397,0.973207,0.004742,0.970862,0.019417,sufficient,ok,missing,0,0,0
20260529_162852,tierc-rp-8fbdb1c3685c4e5527cc,0x7cb770d0513c30e0cb45e4899e4a2cbeed6f9830,50.00,1h,1779933640,1779937240,1779937500,50.00,49.950219,0.004793,-0.049832,0.004742,-0.049781,-0.000996,sufficient,ok,missing,0,0,0
20260529_162852,tierc-rp-8fbdb1c3685c4e5527cc,0x7cb770d0513c30e0cb45e4899e4a2cbeed6f9830,50.00,2h,1779933640,1779940840,1779941100,50.00,47.867340,0.009586,-2.137504,0.004742,-2.132660,-0.042653,sufficient,ok,missing,0,0,0
20260529_162852,tierc-rp-8fbdb1c3685c4e5527cc,0x7cb770d0513c30e0cb45e4899e4a2cbeed6f9830,50.00,6h,1779933640,1779955240,1779955500,50.00,49.844205,0.028758,-0.179811,0.004742,-0.155795,-0.003116,sufficient,ok,missing,0,0,0
20260529_162852,tierc-rp-09fbda31740514497a01,0x7cb770d0513c30e0cb45e4899e4a2cbeed6f9830,10.00,15m,1779937240,1779938140,1779938400,10.00,10.017894,0.000240,0.017844,0.000190,0.017894,0.001789,sufficient,ok,missing,0,0,0
20260529_162852,tierc-rp-09fbda31740514497a01,0x7cb770d0513c30e0cb45e4899e4a2cbeed6f9830,10.00,30m,1779937240,1779939040,1779939300,10.00,9.782693,0.000479,-0.217596,0.000190,-0.217307,-0.021731,sufficient,ok,missing,0,0,0
20260529_162852,tierc-rp-09fbda31740514497a01,0x7cb770d0513c30e0cb45e4899e4a2cbeed6f9830,10.00,1h,1779937240,1779940840,1779941100,10.00,9.581301,0.000959,-0.419468,0.000190,-0.418699,-0.041870,sufficient,ok,missing,0,0,0
20260529_162852,tierc-rp-09fbda31740514497a01,0x7cb770d0513c30e0cb45e4899e4a2cbeed6f9830,10.00,2h,1779937240,1779944440,1779944700,10.00,9.742541,0.001917,-0.259186,0.000190,-0.257459,-0.025746,sufficient,ok,missing,0,0,0
20260529_162852,tierc-rp-09fbda31740514497a01,0x7cb770d0513c30e0cb45e4899e4a2cbeed6f9830,10.00,6h,1779937240,1779958840,1779959100,10.00,9.819324,0.005752,-0.186238,0.000190,-0.180676,-0.018068,sufficient,ok,missing,0,0,0
20260529_162852,tierc-rp-8f474d4505464e22a50d,0x7cb770d0513c30e0cb45e4899e4a2cbeed6f9830,20.00,15m,1779937240,1779938140,1779938400,20.00,20.035409,0.000479,0.035688,0.000759,0.035409,0.001770,sufficient,ok,missing,0,0,0
20260529_162852,tierc-rp-8f474d4505464e22a50d,0x7cb770d0513c30e0cb45e4899e4a2cbeed6f9830,20.00,30m,1779937240,1779939040,1779939300,20.00,19.565007,0.000959,-0.435193,0.000759,-0.434993,-0.021750,sufficient,ok,missing,0,0,0
20260529_162852,tierc-rp-8f474d4505464e22a50d,0x7cb770d0513c30e0cb45e4899e4a2cbeed6f9830,20.00,1h,1779937240,1779940840,1779941100,20.00,19.162222,0.001917,-0.838937,0.000759,-0.837778,-0.041889,sufficient,ok,missing,0,0,0
20260529_162852,tierc-rp-8f474d4505464e22a50d,0x7cb770d0513c30e0cb45e4899e4a2cbeed6f9830,20.00,2h,1779937240,1779944440,1779944700,20.00,19.484703,0.003834,-0.518372,0.000759,-0.515297,-0.025765,sufficient,ok,missing,0,0,0
20260529_162852,tierc-rp-8f474d4505464e22a50d,0x7cb770d0513c30e0cb45e4899e4a2cbeed6f9830,20.00,6h,1779937240,1779958840,1779959100,20.00,19.638268,0.011503,-0.372477,0.000759,-0.361732,-0.018087,sufficient,ok,missing,0,0,0
20260529_162852,tierc-rp-6489a39a7e97ab9cb8ec,0x7cb770d0513c30e0cb45e4899e4a2cbeed6f9830,50.00,15m,1779937240,1779938140,1779938400,50.00,50.085677,0.001198,0.089220,0.004742,0.085677,0.001714,sufficient,ok,missing,0,0,0
20260529_162852,tierc-rp-6489a39a7e97ab9cb8ec,0x7cb770d0513c30e0cb45e4899e4a2cbeed6f9830,50.00,30m,1779937240,1779939040,1779939300,50.00,48.909673,0.002397,-1.087982,0.004742,-1.090327,-0.021807,sufficient,ok,missing,0,0,0
20260529_162852,tierc-rp-6489a39a7e97ab9cb8ec,0x7cb770d0513c30e0cb45e4899e4a2cbeed6f9830,50.00,1h,1779937240,1779940840,1779941100,50.00,47.902709,0.004793,-2.097342,0.004742,-2.097291,-0.041946,sufficient,ok,missing,0,0,0
20260529_162852,tierc-rp-6489a39a7e97ab9cb8ec,0x7cb770d0513c30e0cb45e4899e4a2cbeed6f9830,50.00,2h,1779937240,1779944440,1779944700,50.00,48.708913,0.009586,-1.295931,0.004742,-1.291087,-0.025822,sufficient,ok,missing,0,0,0
20260529_162852,tierc-rp-6489a39a7e97ab9cb8ec,0x7cb770d0513c30e0cb45e4899e4a2cbeed6f9830,50.00,6h,1779937240,1779958840,1779959100,50.00,49.092825,0.028758,-0.931192,0.004742,-0.907175,-0.018144,sufficient,ok,missing,0,0,0
20260529_162852,tierc-rp-7fbd86d179c6b0f4e5d7,0x7cb770d0513c30e0cb45e4899e4a2cbeed6f9830,10.00,15m,1779940840,1779941740,1779942000,10.00,9.973849,0.000240,-0.026201,0.000190,-0.026151,-0.002615,sufficient,ok,missing,0,0,0
20260529_162852,tierc-rp-7fbd86d179c6b0f4e5d7,0x7cb770d0513c30e0cb45e4899e4a2cbeed6f9830,10.00,30m,1779940840,1779942640,1779942900,10.00,10.165193,0.000479,0.164903,0.000190,0.165193,0.016519,sufficient,ok,missing,0,0,0
20260529_162852,tierc-rp-7fbd86d179c6b0f4e5d7,0x7cb770d0513c30e0cb45e4899e4a2cbeed6f9830,10.00,1h,1779940840,1779944440,1779944700,10.00,10.189269,0.000959,0.188501,0.000190,0.189269,0.018927,sufficient,ok,missing,0,0,0
20260529_162852,tierc-rp-7fbd86d179c6b0f4e5d7,0x7cb770d0513c30e0cb45e4899e4a2cbeed6f9830,10.00,2h,1779940840,1779948040,1779948300,10.00,10.093639,0.001917,0.091911,0.000190,0.093639,0.009364,sufficient,ok,missing,0,1,0
20260529_162852,tierc-rp-7fbd86d179c6b0f4e5d7,0x7cb770d0513c30e0cb45e4899e4a2cbeed6f9830,10.00,6h,1779940840,1779962440,1779962700,10.00,10.507375,0.005752,0.501813,0.000190,0.507375,0.050737,sufficient,ok,missing,0,0,0
20260529_162852,tierc-rp-b1fae844f77d92058319,0x7cb770d0513c30e0cb45e4899e4a2cbeed6f9830,20.00,15m,1779940840,1779941740,1779942000,20.00,19.947319,0.000479,-0.052401,0.000759,-0.052681,-0.002634,sufficient,ok,missing,0,0,0
20260529_162852,tierc-rp-b1fae844f77d92058319,0x7cb770d0513c30e0cb45e4899e4a2cbeed6f9830,20.00,30m,1779940840,1779942640,1779942900,20.00,20.330006,0.000959,0.329806,0.000759,0.330006,0.016500,sufficient,ok,missing,0,0,0
20260529_162852,tierc-rp-b1fae844f77d92058319,0x7cb770d0513c30e0cb45e4899e4a2cbeed6f9830,20.00,1h,1779940840,1779944440,1779944700,20.00,20.378160,0.001917,0.377001,0.000759,0.378160,0.018908,sufficient,ok,missing,0,0,0
20260529_162852,tierc-rp-b1fae844f77d92058319,0x7cb770d0513c30e0cb45e4899e4a2cbeed6f9830,20.00,2h,1779940840,1779948040,1779948300,20.00,20.186898,0.003834,0.183822,0.000759,0.186898,0.009345,sufficient,ok,missing,0,1,0
20260529_162852,tierc-rp-b1fae844f77d92058319,0x7cb770d0513c30e0cb45e4899e4a2cbeed6f9830,20.00,6h,1779940840,1779962440,1779962700,20.00,21.014370,0.011503,1.003626,0.000759,1.014370,0.050719,sufficient,ok,missing,0,0,0
20260529_162852,tierc-rp-48864987886ac938146f,0x7cb770d0513c30e0cb45e4899e4a2cbeed6f9830,50.00,15m,1779940840,1779941740,1779942000,50.00,49.865453,0.001198,-0.131003,0.004742,-0.134547,-0.002691,sufficient,ok,missing,0,0,0
20260529_162852,tierc-rp-48864987886ac938146f,0x7cb770d0513c30e0cb45e4899e4a2cbeed6f9830,50.00,30m,1779940840,1779942640,1779942900,50.00,50.822169,0.002397,0.824515,0.004742,0.822169,0.016443,sufficient,ok,missing,0,0,0
20260529_162852,tierc-rp-48864987886ac938146f,0x7cb770d0513c30e0cb45e4899e4a2cbeed6f9830,50.00,1h,1779940840,1779944440,1779944700,50.00,50.942554,0.004793,0.942503,0.004742,0.942554,0.018851,sufficient,ok,missing,0,0,0
20260529_162852,tierc-rp-48864987886ac938146f,0x7cb770d0513c30e0cb45e4899e4a2cbeed6f9830,50.00,2h,1779940840,1779948040,1779948300,50.00,50.464399,0.009586,0.459555,0.004742,0.464399,0.009288,sufficient,ok,missing,0,1,0
20260529_162852,tierc-rp-48864987886ac938146f,0x7cb770d0513c30e0cb45e4899e4a2cbeed6f9830,50.00,6h,1779940840,1779962440,1779962700,50.00,52.533081,0.028758,2.509064,0.004742,2.533081,0.050662,sufficient,ok,missing,0,0,0
20260529_162852,tierc-rp-8a24f97c563593946775,0x7cb770d0513c30e0cb45e4899e4a2cbeed6f9830,10.00,15m,1779944439,1779945339,1779945600,10.00,10.000181,0.000240,0.000131,0.000190,0.000181,0.000018,sufficient,ok,missing,0,0,0
20260529_162852,tierc-rp-8a24f97c563593946775,0x7cb770d0513c30e0cb45e4899e4a2cbeed6f9830,10.00,30m,1779944439,1779946239,1779946500,10.00,10.062462,0.000479,0.062172,0.000190,0.062462,0.006246,sufficient,ok,missing,0,0,0
20260529_162852,tierc-rp-8a24f97c563593946775,0x7cb770d0513c30e0cb45e4899e4a2cbeed6f9830,10.00,1h,1779944439,1779948039,1779948300,10.00,9.902243,0.000959,-0.098526,0.000190,-0.097757,-0.009776,sufficient,ok,missing,0,0,0
20260529_162852,tierc-rp-8a24f97c563593946775,0x7cb770d0513c30e0cb45e4899e4a2cbeed6f9830,10.00,2h,1779944439,1779951639,1779951900,10.00,10.160272,0.001917,0.158545,0.000190,0.160272,0.016027,sufficient,ok,missing,0,0,0
20260529_162852,tierc-rp-8a24f97c563593946775,0x7cb770d0513c30e0cb45e4899e4a2cbeed6f9830,10.00,6h,1779944439,1779966039,1779966300,10.00,10.157353,0.005752,0.151791,0.000190,0.157353,0.015735,sufficient,ok,missing,0,1,0
20260529_162852,tierc-rp-0b4b25e8b49a58e052ab,0x7cb770d0513c30e0cb45e4899e4a2cbeed6f9830,20.00,15m,1779944439,1779945339,1779945600,20.00,19.999982,0.000479,0.000262,0.000759,-0.000018,-0.000001,sufficient,ok,missing,0,0,0
20260529_162852,tierc-rp-0b4b25e8b49a58e052ab,0x7cb770d0513c30e0cb45e4899e4a2cbeed6f9830,20.00,30m,1779944439,1779946239,1779946500,20.00,20.124544,0.000959,0.124344,0.000759,0.124544,0.006227,sufficient,ok,missing,0,0,0
20260529_162852,tierc-rp-0b4b25e8b49a58e052ab,0x7cb770d0513c30e0cb45e4899e4a2cbeed6f9830,20.00,1h,1779944439,1779948039,1779948300,20.00,19.804107,0.001917,-0.197051,0.000759,-0.195893,-0.009795,sufficient,ok,missing,0,0,0
20260529_162852,tierc-rp-0b4b25e8b49a58e052ab,0x7cb770d0513c30e0cb45e4899e4a2cbeed6f9830,20.00,2h,1779944439,1779951639,1779951900,20.00,20.320165,0.003834,0.317089,0.000759,0.320165,0.016008,sufficient,ok,missing,0,0,0
20260529_162852,tierc-rp-0b4b25e8b49a58e052ab,0x7cb770d0513c30e0cb45e4899e4a2cbeed6f9830,20.00,6h,1779944439,1779966039,1779966300,20.00,20.314326,0.011503,0.303582,0.000759,0.314326,0.015716,sufficient,ok,missing,0,1,0
20260529_162852,tierc-rp-40e623dec08d0edd763d,0x7cb770d0513c30e0cb45e4899e4a2cbeed6f9830,50.00,15m,1779944439,1779945339,1779945600,50.00,49.997111,0.001198,0.000655,0.004742,-0.002889,-0.000058,sufficient,ok,missing,0,0,0
20260529_162852,tierc-rp-40e623dec08d0edd763d,0x7cb770d0513c30e0cb45e4899e4a2cbeed6f9830,50.00,30m,1779944439,1779946239,1779946500,50.00,50.308515,0.002397,0.310860,0.004742,0.308515,0.006170,sufficient,ok,missing,0,0,0
20260529_162852,tierc-rp-40e623dec08d0edd763d,0x7cb770d0513c30e0cb45e4899e4a2cbeed6f9830,50.00,1h,1779944439,1779948039,1779948300,50.00,49.507423,0.004793,-0.492629,0.004742,-0.492577,-0.009852,sufficient,ok,missing,0,0,0
20260529_162852,tierc-rp-40e623dec08d0edd763d,0x7cb770d0513c30e0cb45e4899e4a2cbeed6f9830,50.00,2h,1779944439,1779951639,1779951900,50.00,50.797568,0.009586,0.792723,0.004742,0.797568,0.015951,sufficient,ok,missing,0,0,0
20260529_162852,tierc-rp-40e623dec08d0edd763d,0x7cb770d0513c30e0cb45e4899e4a2cbeed6f9830,50.00,6h,1779944439,1779966039,1779966300,50.00,50.782971,0.028758,0.758955,0.004742,0.782971,0.015659,sufficient,ok,missing,0,1,0
20260529_162852,tierc-rp-d2352fe5e23657dbef35,0x7cb770d0513c30e0cb45e4899e4a2cbeed6f9830,10.00,15m,1779948039,1779948939,1779949200,10.00,9.988579,0.000240,-0.011471,0.000190,-0.011421,-0.001142,sufficient,ok,missing,0,0,0
20260529_162852,tierc-rp-d2352fe5e23657dbef35,0x7cb770d0513c30e0cb45e4899e4a2cbeed6f9830,10.00,30m,1779948039,1779949839,1779950100,10.00,10.170710,0.000479,0.170420,0.000190,0.170710,0.017071,sufficient,ok,missing,0,0,0
20260529_162852,tierc-rp-d2352fe5e23657dbef35,0x7cb770d0513c30e0cb45e4899e4a2cbeed6f9830,10.00,1h,1779948039,1779951639,1779951900,10.00,10.260086,0.000959,0.259317,0.000190,0.260086,0.026009,sufficient,ok,missing,0,0,0
20260529_162852,tierc-rp-d2352fe5e23657dbef35,0x7cb770d0513c30e0cb45e4899e4a2cbeed6f9830,10.00,2h,1779948039,1779955239,1779955500,10.00,10.337146,0.001917,0.335419,0.000190,0.337146,0.033715,sufficient,ok,missing,0,0,0
20260529_162852,tierc-rp-d2352fe5e23657dbef35,0x7cb770d0513c30e0cb45e4899e4a2cbeed6f9830,10.00,6h,1779948039,1779969639,1779969900,10.00,10.051760,0.005752,0.046198,0.000190,0.051760,0.005176,sufficient,ok,missing,0,0,0
20260529_162852,tierc-rp-91dc4e2e35d52ee1f083,0x7cb770d0513c30e0cb45e4899e4a2cbeed6f9830,20.00,15m,1779948039,1779948939,1779949200,20.00,19.976779,0.000479,-0.022942,0.000759,-0.023221,-0.001161,sufficient,ok,missing,0,0,0
20260529_162852,tierc-rp-91dc4e2e35d52ee1f083,0x7cb770d0513c30e0cb45e4899e4a2cbeed6f9830,20.00,30m,1779948039,1779949839,1779950100,20.00,20.341041,0.000959,0.340841,0.000759,0.341041,0.017052,sufficient,ok,missing,0,0,0
20260529_162852,tierc-rp-91dc4e2e35d52ee1f083,0x7cb770d0513c30e0cb45e4899e4a2cbeed6f9830,20.00,1h,1779948039,1779951639,1779951900,20.00,20.519792,0.001917,0.518634,0.000759,0.519792,0.025990,sufficient,ok,missing,0,0,0
20260529_162852,tierc-rp-91dc4e2e35d52ee1f083,0x7cb770d0513c30e0cb45e4899e4a2cbeed6f9830,20.00,2h,1779948039,1779955239,1779955500,20.00,20.673913,0.003834,0.670837,0.000759,0.673913,0.033696,sufficient,ok,missing,0,0,0
20260529_162852,tierc-rp-91dc4e2e35d52ee1f083,0x7cb770d0513c30e0cb45e4899e4a2cbeed6f9830,20.00,6h,1779948039,1779969639,1779969900,20.00,20.103140,0.011503,0.092395,0.000759,0.103140,0.005157,sufficient,ok,missing,0,0,0
20260529_162852,tierc-rp-c86b96cae4406559751c,0x7cb770d0513c30e0cb45e4899e4a2cbeed6f9830,50.00,15m,1779948039,1779948939,1779949200,50.00,49.939101,0.001198,-0.057355,0.004742,-0.060899,-0.001218,sufficient,ok,missing,0,0,0
20260529_162852,tierc-rp-c86b96cae4406559751c,0x7cb770d0513c30e0cb45e4899e4a2cbeed6f9830,50.00,30m,1779948039,1779949839,1779950100,50.00,50.849757,0.002397,0.852102,0.004742,0.849757,0.016995,sufficient,ok,missing,0,0,0
20260529_162852,tierc-rp-c86b96cae4406559751c,0x7cb770d0513c30e0cb45e4899e4a2cbeed6f9830,50.00,1h,1779948039,1779951639,1779951900,50.00,51.296635,0.004793,1.296584,0.004742,1.296635,0.025933,sufficient,ok,missing,0,0,0
20260529_162852,tierc-rp-c86b96cae4406559751c,0x7cb770d0513c30e0cb45e4899e4a2cbeed6f9830,50.00,2h,1779948039,1779955239,1779955500,50.00,51.681937,0.009586,1.677093,0.004742,1.681937,0.033639,sufficient,ok,missing,0,0,0
20260529_162852,tierc-rp-c86b96cae4406559751c,0x7cb770d0513c30e0cb45e4899e4a2cbeed6f9830,50.00,6h,1779948039,1779969639,1779969900,50.00,50.255005,0.028758,0.230988,0.004742,0.255005,0.005100,sufficient,ok,missing,0,0,0
20260529_162852,tierc-rp-3879f538a7be523d3183,0x7cb770d0513c30e0cb45e4899e4a2cbeed6f9830,10.00,15m,1779951640,1779952540,1779952800,10.00,10.038609,0.000240,0.038559,0.000190,0.038609,0.003861,sufficient,ok,missing,0,0,0
20260529_162852,tierc-rp-3879f538a7be523d3183,0x7cb770d0513c30e0cb45e4899e4a2cbeed6f9830,10.00,30m,1779951640,1779953440,1779953700,10.00,10.082540,0.000479,0.082251,0.000190,0.082540,0.008254,sufficient,ok,missing,0,0,0
20260529_162852,tierc-rp-3879f538a7be523d3183,0x7cb770d0513c30e0cb45e4899e4a2cbeed6f9830,10.00,1h,1779951640,1779955240,1779955500,10.00,10.089131,0.000959,0.088362,0.000190,0.089131,0.008913,sufficient,ok,missing,0,0,0
20260529_162852,tierc-rp-3879f538a7be523d3183,0x7cb770d0513c30e0cb45e4899e4a2cbeed6f9830,10.00,2h,1779951640,1779958840,1779959100,10.00,9.929607,0.001917,-0.072120,0.000190,-0.070393,-0.007039,sufficient,ok,missing,0,0,0
20260529_162852,tierc-rp-3879f538a7be523d3183,0x7cb770d0513c30e0cb45e4899e4a2cbeed6f9830,10.00,6h,1779951640,1779973240,1779973500,10.00,9.991722,0.005752,-0.013840,0.000190,-0.008278,-0.000828,sufficient,ok,missing,0,0,0
20260529_162852,tierc-rp-727d89d848d5a9369a48,0x7cb770d0513c30e0cb45e4899e4a2cbeed6f9830,20.00,15m,1779951640,1779952540,1779952800,20.00,20.076838,0.000479,0.077118,0.000759,0.076838,0.003842,sufficient,ok,missing,0,0,0
20260529_162852,tierc-rp-727d89d848d5a9369a48,0x7cb770d0513c30e0cb45e4899e4a2cbeed6f9830,20.00,30m,1779951640,1779953440,1779953700,20.00,20.164701,0.000959,0.164502,0.000759,0.164701,0.008235,sufficient,ok,missing,0,0,0
20260529_162852,tierc-rp-727d89d848d5a9369a48,0x7cb770d0513c30e0cb45e4899e4a2cbeed6f9830,20.00,1h,1779951640,1779955240,1779955500,20.00,20.177882,0.001917,0.176723,0.000759,0.177882,0.008894,sufficient,ok,missing,0,0,0
20260529_162852,tierc-rp-727d89d848d5a9369a48,0x7cb770d0513c30e0cb45e4899e4a2cbeed6f9830,20.00,2h,1779951640,1779958840,1779959100,20.00,19.858836,0.003834,-0.144240,0.000759,-0.141164,-0.007058,sufficient,ok,missing,0,0,0
20260529_162852,tierc-rp-727d89d848d5a9369a48,0x7cb770d0513c30e0cb45e4899e4a2cbeed6f9830,20.00,6h,1779951640,1779973240,1779973500,20.00,19.983065,0.011503,-0.027680,0.000759,-0.016935,-0.000847,sufficient,ok,missing,0,0,0
20260529_162852,tierc-rp-7aa5fa02e12811de9ee2,0x7cb770d0513c30e0cb45e4899e4a2cbeed6f9830,50.00,15m,1779951640,1779952540,1779952800,50.00,50.189251,0.001198,0.192794,0.004742,0.189251,0.003785,sufficient,ok,missing,0,0,0
20260529_162852,tierc-rp-7aa5fa02e12811de9ee2,0x7cb770d0513c30e0cb45e4899e4a2cbeed6f9830,50.00,30m,1779951640,1779953440,1779953700,50.00,50.408909,0.002397,0.411254,0.004742,0.408909,0.008178,sufficient,ok,missing,0,0,0
20260529_162852,tierc-rp-7aa5fa02e12811de9ee2,0x7cb770d0513c30e0cb45e4899e4a2cbeed6f9830,50.00,1h,1779951640,1779955240,1779955500,50.00,50.441860,0.004793,0.441809,0.004742,0.441860,0.008837,sufficient,ok,missing,0,0,0
20260529_162852,tierc-rp-7aa5fa02e12811de9ee2,0x7cb770d0513c30e0cb45e4899e4a2cbeed6f9830,50.00,2h,1779951640,1779958840,1779959100,50.00,49.644244,0.009586,-0.360601,0.004742,-0.355756,-0.007115,sufficient,ok,missing,0,0,0
20260529_162852,tierc-rp-7aa5fa02e12811de9ee2,0x7cb770d0513c30e0cb45e4899e4a2cbeed6f9830,50.00,6h,1779951640,1779973240,1779973500,50.00,49.954817,0.028758,-0.069199,0.004742,-0.045183,-0.000904,sufficient,ok,missing,0,0,0
20260529_162852,tierc-rp-ce5864225a6da94b4e1b,0x7cb770d0513c30e0cb45e4899e4a2cbeed6f9830,10.00,15m,1779955240,1779956140,1779956400,10.00,10.005939,0.000240,0.005889,0.000190,0.005939,0.000594,sufficient,ok,missing,0,0,0
20260529_162852,tierc-rp-ce5864225a6da94b4e1b,0x7cb770d0513c30e0cb45e4899e4a2cbeed6f9830,10.00,30m,1779955240,1779957040,1779957300,10.00,9.993972,0.000479,-0.006318,0.000190,-0.006028,-0.000603,sufficient,ok,missing,0,1,0
20260529_162852,tierc-rp-ce5864225a6da94b4e1b,0x7cb770d0513c30e0cb45e4899e4a2cbeed6f9830,10.00,1h,1779955240,1779958840,1779959100,10.00,9.859282,0.000959,-0.141487,0.000190,-0.140718,-0.014072,sufficient,ok,missing,0,0,0
20260529_162852,tierc-rp-ce5864225a6da94b4e1b,0x7cb770d0513c30e0cb45e4899e4a2cbeed6f9830,10.00,2h,1779955240,1779962440,1779962700,10.00,10.087871,0.001917,0.086144,0.000190,0.087871,0.008787,sufficient,ok,missing,0,0,0
20260529_162852,tierc-rp-ce5864225a6da94b4e1b,0x7cb770d0513c30e0cb45e4899e4a2cbeed6f9830,10.00,6h,1779955240,1779976840,1779977100,10.00,9.621062,0.005752,-0.384500,0.000190,-0.378938,-0.037894,sufficient,ok,missing,0,0,0
20260529_162852,tierc-rp-6cda2026db0bab72f2b8,0x7cb770d0513c30e0cb45e4899e4a2cbeed6f9830,20.00,15m,1779955240,1779956140,1779956400,20.00,20.011499,0.000479,0.011779,0.000759,0.011499,0.000575,sufficient,ok,missing,0,0,0
20260529_162852,tierc-rp-6cda2026db0bab72f2b8,0x7cb770d0513c30e0cb45e4899e4a2cbeed6f9830,20.00,30m,1779955240,1779957040,1779957300,20.00,19.987564,0.000959,-0.012636,0.000759,-0.012436,-0.000622,sufficient,ok,missing,0,1,0
20260529_162852,tierc-rp-6cda2026db0bab72f2b8,0x7cb770d0513c30e0cb45e4899e4a2cbeed6f9830,20.00,1h,1779955240,1779958840,1779959100,20.00,19.718184,0.001917,-0.282974,0.000759,-0.281816,-0.014091,sufficient,ok,missing,0,0,0
20260529_162852,tierc-rp-6cda2026db0bab72f2b8,0x7cb770d0513c30e0cb45e4899e4a2cbeed6f9830,20.00,2h,1779955240,1779962440,1779962700,20.00,20.175363,0.003834,0.172287,0.000759,0.175363,0.008768,sufficient,ok,missing,0,0,0
20260529_162852,tierc-rp-6cda2026db0bab72f2b8,0x7cb770d0513c30e0cb45e4899e4a2cbeed6f9830,20.00,6h,1779955240,1779976840,1779977100,20.00,19.241745,0.011503,-0.769000,0.000759,-0.758255,-0.037913,sufficient,ok,missing,0,0,0
20260529_162852,tierc-rp-b87136f4e700457d86fd,0x7cb770d0513c30e0cb45e4899e4a2cbeed6f9830,50.00,15m,1779955240,1779956140,1779956400,50.00,50.025903,0.001198,0.029447,0.004742,0.025903,0.000518,sufficient,ok,missing,0,0,0
20260529_162852,tierc-rp-b87136f4e700457d86fd,0x7cb770d0513c30e0cb45e4899e4a2cbeed6f9830,50.00,30m,1779955240,1779957040,1779957300,50.00,49.966065,0.002397,-0.031590,0.004742,-0.033935,-0.000679,sufficient,ok,missing,0,1,0
20260529_162852,tierc-rp-b87136f4e700457d86fd,0x7cb770d0513c30e0cb45e4899e4a2cbeed6f9830,50.00,1h,1779955240,1779958840,1779959100,50.00,49.292616,0.004793,-0.707435,0.004742,-0.707384,-0.014148,sufficient,ok,missing,0,0,0
20260529_162852,tierc-rp-b87136f4e700457d86fd,0x7cb770d0513c30e0cb45e4899e4a2cbeed6f9830,50.00,2h,1779955240,1779962440,1779962700,50.00,50.435563,0.009586,0.430718,0.004742,0.435563,0.008711,sufficient,ok,missing,0,0,0
20260529_162852,tierc-rp-b87136f4e700457d86fd,0x7cb770d0513c30e0cb45e4899e4a2cbeed6f9830,50.00,6h,1779955240,1779976840,1779977100,50.00,48.101517,0.028758,-1.922499,0.004742,-1.898483,-0.037970,sufficient,ok,missing,0,0,0
20260529_162852,tierc-rp-0bef19b3888caf0c4140,0x7cb770d0513c30e0cb45e4899e4a2cbeed6f9830,10.00,15m,1779958840,1779959740,1779960000,10.00,9.828747,0.000240,-0.171303,0.000190,-0.171253,-0.017125,sufficient,ok,missing,0,0,0
20260529_162852,tierc-rp-0bef19b3888caf0c4140,0x7cb770d0513c30e0cb45e4899e4a2cbeed6f9830,10.00,30m,1779958840,1779960640,1779960900,10.00,9.822797,0.000479,-0.177493,0.000190,-0.177203,-0.017720,sufficient,ok,missing,0,0,0
20260529_162852,tierc-rp-0bef19b3888caf0c4140,0x7cb770d0513c30e0cb45e4899e4a2cbeed6f9830,10.00,1h,1779958840,1779962440,1779962700,10.00,10.021825,0.000959,0.021056,0.000190,0.021825,0.002183,sufficient,ok,missing,0,0,0
20260529_162852,tierc-rp-0bef19b3888caf0c4140,0x7cb770d0513c30e0cb45e4899e4a2cbeed6f9830,10.00,2h,1779958840,1779966040,1779966300,10.00,9.875098,0.001917,-0.126629,0.000190,-0.124902,-0.012490,sufficient,ok,missing,0,0,0
20260529_162852,tierc-rp-0bef19b3888caf0c4140,0x7cb770d0513c30e0cb45e4899e4a2cbeed6f9830,10.00,6h,1779958840,1779980440,1779980700,10.00,9.943256,0.005752,-0.062306,0.000190,-0.056744,-0.005674,sufficient,ok,missing,0,0,0
20260529_162852,tierc-rp-5b30e4bf47e4f188b3ce,0x7cb770d0513c30e0cb45e4899e4a2cbeed6f9830,20.00,15m,1779958840,1779959740,1779960000,20.00,19.657115,0.000479,-0.342606,0.000759,-0.342885,-0.017144,sufficient,ok,missing,0,0,0
20260529_162852,tierc-rp-5b30e4bf47e4f188b3ce,0x7cb770d0513c30e0cb45e4899e4a2cbeed6f9830,20.00,30m,1779958840,1779960640,1779960900,20.00,19.645215,0.000959,-0.354985,0.000759,-0.354785,-0.017739,sufficient,ok,missing,0,0,0
20260529_162852,tierc-rp-5b30e4bf47e4f188b3ce,0x7cb770d0513c30e0cb45e4899e4a2cbeed6f9830,20.00,1h,1779958840,1779962440,1779962700,20.00,20.043271,0.001917,0.042113,0.000759,0.043271,0.002164,sufficient,ok,missing,0,0,0
20260529_162852,tierc-rp-5b30e4bf47e4f188b3ce,0x7cb770d0513c30e0cb45e4899e4a2cbeed6f9830,20.00,2h,1779958840,1779966040,1779966300,20.00,19.749817,0.003834,-0.253259,0.000759,-0.250183,-0.012509,sufficient,ok,missing,0,0,0
20260529_162852,tierc-rp-5b30e4bf47e4f188b3ce,0x7cb770d0513c30e0cb45e4899e4a2cbeed6f9830,20.00,6h,1779958840,1779980440,1779980700,20.00,19.886133,0.011503,-0.124611,0.000759,-0.113867,-0.005693,sufficient,ok,missing,0,0,0
20260529_162852,tierc-rp-ee656f43741f1b1b0275,0x7cb770d0513c30e0cb45e4899e4a2cbeed6f9830,50.00,15m,1779958840,1779959740,1779960000,50.00,49.139943,0.001198,-0.856514,0.004742,-0.860057,-0.017201,sufficient,ok,missing,0,0,0
20260529_162852,tierc-rp-ee656f43741f1b1b0275,0x7cb770d0513c30e0cb45e4899e4a2cbeed6f9830,50.00,30m,1779958840,1779960640,1779960900,50.00,49.110191,0.002397,-0.887463,0.004742,-0.889809,-0.017796,sufficient,ok,missing,0,0,0
20260529_162852,tierc-rp-ee656f43741f1b1b0275,0x7cb770d0513c30e0cb45e4899e4a2cbeed6f9830,50.00,1h,1779958840,1779962440,1779962700,50.00,50.105333,0.004793,0.105282,0.004742,0.105333,0.002107,sufficient,ok,missing,0,0,0
20260529_162852,tierc-rp-ee656f43741f1b1b0275,0x7cb770d0513c30e0cb45e4899e4a2cbeed6f9830,50.00,2h,1779958840,1779966040,1779966300,50.00,49.371698,0.009586,-0.633146,0.004742,-0.628302,-0.012566,sufficient,ok,missing,0,0,0
20260529_162852,tierc-rp-ee656f43741f1b1b0275,0x7cb770d0513c30e0cb45e4899e4a2cbeed6f9830,50.00,6h,1779958840,1779980440,1779980700,50.00,49.712488,0.028758,-0.311528,0.004742,-0.287512,-0.005750,sufficient,ok,missing,0,0,0
20260529_162852,tierc-rp-20a0b382ecc4f1274849,0x7cb770d0513c30e0cb45e4899e4a2cbeed6f9830,10.00,15m,1779962440,1779963340,1779963600,10.00,9.930856,0.000240,-0.069194,0.000190,-0.069144,-0.006914,sufficient,ok,missing,0,0,0
20260529_162852,tierc-rp-20a0b382ecc4f1274849,0x7cb770d0513c30e0cb45e4899e4a2cbeed6f9830,10.00,30m,1779962440,1779964240,1779964500,10.00,10.144221,0.000479,0.143931,0.000190,0.144221,0.014422,sufficient,ok,missing,0,0,0
20260529_162852,tierc-rp-20a0b382ecc4f1274849,0x7cb770d0513c30e0cb45e4899e4a2cbeed6f9830,10.00,1h,1779962440,1779966040,1779966300,10.00,10.052795,0.000959,0.052026,0.000190,0.052795,0.005279,sufficient,ok,missing,0,0,0
20260529_162852,tierc-rp-20a0b382ecc4f1274849,0x7cb770d0513c30e0cb45e4899e4a2cbeed6f9830,10.00,2h,1779962440,1779969640,1779969900,10.00,9.851489,0.001917,-0.150239,0.000190,-0.148511,-0.014851,sufficient,ok,missing,0,0,0
20260529_162852,tierc-rp-20a0b382ecc4f1274849,0x7cb770d0513c30e0cb45e4899e4a2cbeed6f9830,10.00,6h,1779962440,1779984040,1779984300,10.00,9.728910,0.005752,-0.276652,0.000190,-0.271090,-0.027109,sufficient,ok,missing,0,0,0
20260529_162852,tierc-rp-da298ac9eb63a9491885,0x7cb770d0513c30e0cb45e4899e4a2cbeed6f9830,20.00,15m,1779962440,1779963340,1779963600,20.00,19.861332,0.000479,-0.138388,0.000759,-0.138668,-0.006933,sufficient,ok,missing,0,0,0
20260529_162852,tierc-rp-da298ac9eb63a9491885,0x7cb770d0513c30e0cb45e4899e4a2cbeed6f9830,20.00,30m,1779962440,1779964240,1779964500,20.00,20.288062,0.000959,0.287862,0.000759,0.288062,0.014403,sufficient,ok,missing,0,0,0
20260529_162852,tierc-rp-da298ac9eb63a9491885,0x7cb770d0513c30e0cb45e4899e4a2cbeed6f9830,20.00,1h,1779962440,1779966040,1779966300,20.00,20.105210,0.001917,0.104052,0.000759,0.105210,0.005261,sufficient,ok,missing,0,0,0
20260529_162852,tierc-rp-da298ac9eb63a9491885,0x7cb770d0513c30e0cb45e4899e4a2cbeed6f9830,20.00,2h,1779962440,1779969640,1779969900,20.00,19.702598,0.003834,-0.300477,0.000759,-0.297402,-0.014870,sufficient,ok,missing,0,0,0
20260529_162852,tierc-rp-da298ac9eb63a9491885,0x7cb770d0513c30e0cb45e4899e4a2cbeed6f9830,20.00,6h,1779962440,1779984040,1779984300,20.00,19.457440,0.011503,-0.553305,0.000759,-0.542560,-0.027128,sufficient,ok,missing,0,0,0
20260529_162852,tierc-rp-20e0fc31968eff69d243,0x7cb770d0513c30e0cb45e4899e4a2cbeed6f9830,50.00,15m,1779962440,1779963340,1779963600,50.00,49.650486,0.001198,-0.345971,0.004742,-0.349514,-0.006990,sufficient,ok,missing,0,0,0
20260529_162852,tierc-rp-20e0fc31968eff69d243,0x7cb770d0513c30e0cb45e4899e4a2cbeed6f9830,50.00,30m,1779962440,1779964240,1779964500,50.00,50.717310,0.002397,0.719655,0.004742,0.717310,0.014346,sufficient,ok,missing,0,0,0
20260529_162852,tierc-rp-20e0fc31968eff69d243,0x7cb770d0513c30e0cb45e4899e4a2cbeed6f9830,50.00,1h,1779962440,1779966040,1779966300,50.00,50.260181,0.004793,0.260130,0.004742,0.260181,0.005204,sufficient,ok,missing,0,0,0
20260529_162852,tierc-rp-20e0fc31968eff69d243,0x7cb770d0513c30e0cb45e4899e4a2cbeed6f9830,50.00,2h,1779962440,1779969640,1779969900,50.00,49.253651,0.009586,-0.751193,0.004742,-0.746349,-0.014927,sufficient,ok,missing,0,0,0
20260529_162852,tierc-rp-20e0fc31968eff69d243,0x7cb770d0513c30e0cb45e4899e4a2cbeed6f9830,50.00,6h,1779962440,1779984040,1779984300,50.00,48.640755,0.028758,-1.383261,0.004742,-1.359245,-0.027185,sufficient,ok,missing,0,0,0
20260529_162852,tierc-rp-5e4e032ae957fec753f1,0x7cb770d0513c30e0cb45e4899e4a2cbeed6f9830,10.00,15m,1779966041,1779966941,1779967200,10.00,9.985572,0.000240,-0.014478,0.000190,-0.014428,-0.001443,sufficient,ok,missing,0,0,0
20260529_162852,tierc-rp-5e4e032ae957fec753f1,0x7cb770d0513c30e0cb45e4899e4a2cbeed6f9830,10.00,30m,1779966041,1779967841,1779968100,10.00,9.988042,0.000479,-0.012247,0.000190,-0.011958,-0.001196,sufficient,ok,missing,0,0,0
20260529_162852,tierc-rp-5e4e032ae957fec753f1,0x7cb770d0513c30e0cb45e4899e4a2cbeed6f9830,10.00,1h,1779966041,1779969641,1779969900,10.00,9.785187,0.000959,-0.215582,0.000190,-0.214813,-0.021481,sufficient,ok,missing,0,0,0
20260529_162852,tierc-rp-5e4e032ae957fec753f1,0x7cb770d0513c30e0cb45e4899e4a2cbeed6f9830,10.00,2h,1779966041,1779973241,1779973500,10.00,9.965854,0.001917,-0.035874,0.000190,-0.034146,-0.003415,sufficient,ok,missing,0,0,0
20260529_162852,tierc-rp-5e4e032ae957fec753f1,0x7cb770d0513c30e0cb45e4899e4a2cbeed6f9830,10.00,6h,1779966041,1779987641,1779987900,10.00,9.882386,0.005752,-0.123175,0.000190,-0.117614,-0.011761,sufficient,ok,missing,0,0,0
20260529_162852,tierc-rp-9f8062b66a9ce2acfca7,0x7cb770d0513c30e0cb45e4899e4a2cbeed6f9830,20.00,15m,1779966041,1779966941,1779967200,20.00,19.970765,0.000479,-0.028956,0.000759,-0.029235,-0.001462,sufficient,ok,missing,0,0,0
20260529_162852,tierc-rp-9f8062b66a9ce2acfca7,0x7cb770d0513c30e0cb45e4899e4a2cbeed6f9830,20.00,30m,1779966041,1779967841,1779968100,20.00,19.975706,0.000959,-0.024494,0.000759,-0.024294,-0.001215,sufficient,ok,missing,0,0,0
20260529_162852,tierc-rp-9f8062b66a9ce2acfca7,0x7cb770d0513c30e0cb45e4899e4a2cbeed6f9830,20.00,1h,1779966041,1779969641,1779969900,20.00,19.569995,0.001917,-0.431164,0.000759,-0.430005,-0.021500,sufficient,ok,missing,0,0,0
20260529_162852,tierc-rp-9f8062b66a9ce2acfca7,0x7cb770d0513c30e0cb45e4899e4a2cbeed6f9830,20.00,2h,1779966041,1779973241,1779973500,20.00,19.931329,0.003834,-0.071747,0.000759,-0.068671,-0.003434,sufficient,ok,missing,0,0,0
20260529_162852,tierc-rp-9f8062b66a9ce2acfca7,0x7cb770d0513c30e0cb45e4899e4a2cbeed6f9830,20.00,6h,1779966041,1779987641,1779987900,20.00,19.764394,0.011503,-0.246351,0.000759,-0.235606,-0.011780,sufficient,ok,missing,0,0,0
20260529_162852,tierc-rp-0f82bce01afd67d3992e,0x7cb770d0513c30e0cb45e4899e4a2cbeed6f9830,50.00,15m,1779966041,1779966941,1779967200,50.00,49.924068,0.001198,-0.072389,0.004742,-0.075932,-0.001519,sufficient,ok,missing,0,0,0
20260529_162852,tierc-rp-0f82bce01afd67d3992e,0x7cb770d0513c30e0cb45e4899e4a2cbeed6f9830,50.00,30m,1779966041,1779967841,1779968100,50.00,49.936419,0.002397,-0.061236,0.004742,-0.063581,-0.001272,sufficient,ok,missing,0,0,0
20260529_162852,tierc-rp-0f82bce01afd67d3992e,0x7cb770d0513c30e0cb45e4899e4a2cbeed6f9830,50.00,1h,1779966041,1779969641,1779969900,50.00,48.922142,0.004793,-1.077910,0.004742,-1.077858,-0.021557,sufficient,ok,missing,0,0,0
20260529_162852,tierc-rp-0f82bce01afd67d3992e,0x7cb770d0513c30e0cb45e4899e4a2cbeed6f9830,50.00,2h,1779966041,1779973241,1779973500,50.00,49.825477,0.009586,-0.179368,0.004742,-0.174523,-0.003490,sufficient,ok,missing,0,0,0
20260529_162852,tierc-rp-0f82bce01afd67d3992e,0x7cb770d0513c30e0cb45e4899e4a2cbeed6f9830,50.00,6h,1779966041,1779987641,1779987900,50.00,49.408139,0.028758,-0.615877,0.004742,-0.591861,-0.011837,sufficient,ok,missing,0,0,0
20260529_162852,tierc-rp-5c55b6e5730545938f48,0x7cb770d0513c30e0cb45e4899e4a2cbeed6f9830,10.00,15m,1779969640,1779970540,1779970800,10.00,9.973491,0.000240,-0.026559,0.000190,-0.026509,-0.002651,sufficient,ok,missing,0,0,0
20260529_162852,tierc-rp-5c55b6e5730545938f48,0x7cb770d0513c30e0cb45e4899e4a2cbeed6f9830,10.00,30m,1779969640,1779971440,1779971700,10.00,9.994792,0.000479,-0.005497,0.000190,-0.005208,-0.000521,sufficient,ok,missing,0,0,0
20260529_162852,tierc-rp-5c55b6e5730545938f48,0x7cb770d0513c30e0cb45e4899e4a2cbeed6f9830,10.00,1h,1779969640,1779973240,1779973500,10.00,10.187515,0.000959,0.186746,0.000190,0.187515,0.018752,sufficient,ok,missing,0,0,0
20260529_162852,tierc-rp-5c55b6e5730545938f48,0x7cb770d0513c30e0cb45e4899e4a2cbeed6f9830,10.00,2h,1779969640,1779976840,1779977100,10.00,9.879385,0.001917,-0.122343,0.000190,-0.120615,-0.012062,sufficient,ok,missing,0,0,0
20260529_162852,tierc-rp-5c55b6e5730545938f48,0x7cb770d0513c30e0cb45e4899e4a2cbeed6f9830,10.00,6h,1779969640,1779991240,1779991500,10.00,10.428567,0.005752,0.423005,0.000190,0.428567,0.042857,sufficient,ok,missing,0,0,0
20260529_162852,tierc-rp-ce7d4cac57979bc68d5a,0x7cb770d0513c30e0cb45e4899e4a2cbeed6f9830,20.00,15m,1779969640,1779970540,1779970800,20.00,19.946602,0.000479,-0.053119,0.000759,-0.053398,-0.002670,sufficient,ok,missing,0,0,0
20260529_162852,tierc-rp-ce7d4cac57979bc68d5a,0x7cb770d0513c30e0cb45e4899e4a2cbeed6f9830,20.00,30m,1779969640,1779971440,1779971700,20.00,19.989206,0.000959,-0.010994,0.000759,-0.010794,-0.000540,sufficient,ok,missing,0,0,0
20260529_162852,tierc-rp-ce7d4cac57979bc68d5a,0x7cb770d0513c30e0cb45e4899e4a2cbeed6f9830,20.00,1h,1779969640,1779973240,1779973500,20.00,20.374651,0.001917,0.373492,0.000759,0.374651,0.018733,sufficient,ok,missing,0,0,0
20260529_162852,tierc-rp-ce7d4cac57979bc68d5a,0x7cb770d0513c30e0cb45e4899e4a2cbeed6f9830,20.00,2h,1779969640,1779976840,1779977100,20.00,19.758390,0.003834,-0.244686,0.000759,-0.241610,-0.012081,sufficient,ok,missing,0,0,0
20260529_162852,tierc-rp-ce7d4cac57979bc68d5a,0x7cb770d0513c30e0cb45e4899e4a2cbeed6f9830,20.00,6h,1779969640,1779991240,1779991500,20.00,20.856754,0.011503,0.846010,0.000759,0.856754,0.042838,sufficient,ok,missing,0,0,0
20260529_162852,tierc-rp-b6f32f531618e50524e0,0x7cb770d0513c30e0cb45e4899e4a2cbeed6f9830,50.00,15m,1779969640,1779970540,1779970800,50.00,49.863660,0.001198,-0.132797,0.004742,-0.136340,-0.002727,sufficient,ok,missing,0,0,0
20260529_162852,tierc-rp-b6f32f531618e50524e0,0x7cb770d0513c30e0cb45e4899e4a2cbeed6f9830,50.00,30m,1779969640,1779971440,1779971700,50.00,49.970169,0.002397,-0.027486,0.004742,-0.029831,-0.000597,sufficient,ok,missing,0,0,0
20260529_162852,tierc-rp-b6f32f531618e50524e0,0x7cb770d0513c30e0cb45e4899e4a2cbeed6f9830,50.00,1h,1779969640,1779973240,1779973500,50.00,50.933782,0.004793,0.933731,0.004742,0.933782,0.018676,sufficient,ok,missing,0,0,0
20260529_162852,tierc-rp-b6f32f531618e50524e0,0x7cb770d0513c30e0cb45e4899e4a2cbeed6f9830,50.00,2h,1779969640,1779976840,1779977100,50.00,49.393129,0.009586,-0.611715,0.004742,-0.606871,-0.012137,sufficient,ok,missing,0,0,0
20260529_162852,tierc-rp-b6f32f531618e50524e0,0x7cb770d0513c30e0cb45e4899e4a2cbeed6f9830,50.00,6h,1779969640,1779991240,1779991500,50.00,52.139040,0.028758,2.115024,0.004742,2.139040,0.042781,sufficient,ok,missing,0,0,0
20260529_162852,tierc-rp-157c8f774af8bcc77379,0x7cb770d0513c30e0cb45e4899e4a2cbeed6f9830,10.00,15m,1779973240,1779974140,1779974400,10.00,10.210643,0.000240,0.210593,0.000190,0.210643,0.021064,sufficient,ok,missing,0,0,0
20260529_162852,tierc-rp-157c8f774af8bcc77379,0x7cb770d0513c30e0cb45e4899e4a2cbeed6f9830,10.00,30m,1779973240,1779975040,1779975300,10.00,10.190121,0.000479,0.189832,0.000190,0.190121,0.019012,sufficient,ok,missing,0,0,0
20260529_162852,tierc-rp-157c8f774af8bcc77379,0x7cb770d0513c30e0cb45e4899e4a2cbeed6f9830,10.00,1h,1779973240,1779976840,1779977100,10.00,9.872918,0.000959,-0.127851,0.000190,-0.127082,-0.012708,sufficient,ok,missing,0,0,0
20260529_162852,tierc-rp-157c8f774af8bcc77379,0x7cb770d0513c30e0cb45e4899e4a2cbeed6f9830,10.00,2h,1779973240,1779980440,1779980700,10.00,10.270939,0.001917,0.269212,0.000190,0.270939,0.027094,sufficient,ok,missing,0,0,0
20260529_162852,tierc-rp-157c8f774af8bcc77379,0x7cb770d0513c30e0cb45e4899e4a2cbeed6f9830,10.00,6h,1779973240,1779994840,1779995100,10.00,10.181307,0.005752,0.175745,0.000190,0.181307,0.018131,sufficient,ok,missing,0,0,0
20260529_162852,tierc-rp-30709f37755a661cdd09,0x7cb770d0513c30e0cb45e4899e4a2cbeed6f9830,20.00,15m,1779973240,1779974140,1779974400,20.00,20.420907,0.000479,0.421186,0.000759,0.420907,0.021045,sufficient,ok,missing,0,0,0
20260529_162852,tierc-rp-30709f37755a661cdd09,0x7cb770d0513c30e0cb45e4899e4a2cbeed6f9830,20.00,30m,1779973240,1779975040,1779975300,20.00,20.379863,0.000959,0.379664,0.000759,0.379863,0.018993,sufficient,ok,missing,0,0,0
20260529_162852,tierc-rp-30709f37755a661cdd09,0x7cb770d0513c30e0cb45e4899e4a2cbeed6f9830,20.00,1h,1779973240,1779976840,1779977100,20.00,19.745457,0.001917,-0.255701,0.000759,-0.254543,-0.012727,sufficient,ok,missing,0,0,0
20260529_162852,tierc-rp-30709f37755a661cdd09,0x7cb770d0513c30e0cb45e4899e4a2cbeed6f9830,20.00,2h,1779973240,1779980440,1779980700,20.00,20.541499,0.003834,0.538424,0.000759,0.541499,0.027075,sufficient,ok,missing,0,0,0
20260529_162852,tierc-rp-30709f37755a661cdd09,0x7cb770d0513c30e0cb45e4899e4a2cbeed6f9830,20.00,6h,1779973240,1779994840,1779995100,20.00,20.362235,0.011503,0.351490,0.000759,0.362235,0.018112,sufficient,ok,missing,0,0,0
20260529_162852,tierc-rp-3b5c4b0bfcaf9e479cc4,0x7cb770d0513c30e0cb45e4899e4a2cbeed6f9830,50.00,15m,1779973240,1779974140,1779974400,50.00,51.049422,0.001198,1.052966,0.004742,1.049422,0.020988,sufficient,ok,missing,0,0,0
20260529_162852,tierc-rp-3b5c4b0bfcaf9e479cc4,0x7cb770d0513c30e0cb45e4899e4a2cbeed6f9830,50.00,30m,1779973240,1779975040,1779975300,50.00,50.946814,0.002397,0.949159,0.004742,0.946814,0.018936,sufficient,ok,missing,0,0,0
20260529_162852,tierc-rp-3b5c4b0bfcaf9e479cc4,0x7cb770d0513c30e0cb45e4899e4a2cbeed6f9830,50.00,1h,1779973240,1779976840,1779977100,50.00,49.360798,0.004793,-0.639254,0.004742,-0.639202,-0.012784,sufficient,ok,missing,0,0,0
20260529_162852,tierc-rp-3b5c4b0bfcaf9e479cc4,0x7cb770d0513c30e0cb45e4899e4a2cbeed6f9830,50.00,2h,1779973240,1779980440,1779980700,50.00,51.350904,0.009586,1.346059,0.004742,1.350904,0.027018,sufficient,ok,missing,0,0,0
20260529_162852,tierc-rp-3b5c4b0bfcaf9e479cc4,0x7cb770d0513c30e0cb45e4899e4a2cbeed6f9830,50.00,6h,1779973240,1779994840,1779995100,50.00,50.902742,0.028758,0.878725,0.004742,0.902742,0.018055,sufficient,ok,missing,0,0,0
20260529_162852,tierc-rp-f18125b2acb1751ff1c8,0x7cb770d0513c30e0cb45e4899e4a2cbeed6f9830,10.00,15m,1779976841,1779977741,1779978000,10.00,10.289972,0.000240,0.289922,0.000190,0.289972,0.028997,sufficient,ok,missing,0,0,0
20260529_162852,tierc-rp-f18125b2acb1751ff1c8,0x7cb770d0513c30e0cb45e4899e4a2cbeed6f9830,10.00,30m,1779976841,1779978641,1779978900,10.00,10.298390,0.000479,0.298101,0.000190,0.298390,0.029839,sufficient,ok,missing,0,0,0
20260529_162852,tierc-rp-f18125b2acb1751ff1c8,0x7cb770d0513c30e0cb45e4899e4a2cbeed6f9830,10.00,1h,1779976841,1779980441,1779980700,10.00,10.391010,0.000959,0.390241,0.000190,0.391010,0.039101,sufficient,ok,missing,0,0,0
20260529_162852,tierc-rp-f18125b2acb1751ff1c8,0x7cb770d0513c30e0cb45e4899e4a2cbeed6f9830,10.00,2h,1779976841,1779984041,1779984300,10.00,9.987177,0.001917,-0.014550,0.000190,-0.012823,-0.001282,sufficient,ok,missing,0,0,0
20260529_162852,tierc-rp-f18125b2acb1751ff1c8,0x7cb770d0513c30e0cb45e4899e4a2cbeed6f9830,10.00,6h,1779976841,1779998441,1779998700,10.00,10.419230,0.005752,0.413668,0.000190,0.419230,0.041923,sufficient,ok,missing,0,1,0
20260529_162852,tierc-rp-2a5d195978a2b214aba8,0x7cb770d0513c30e0cb45e4899e4a2cbeed6f9830,20.00,15m,1779976841,1779977741,1779978000,20.00,20.579565,0.000479,0.579844,0.000759,0.579565,0.028978,sufficient,ok,missing,0,0,0
20260529_162852,tierc-rp-2a5d195978a2b214aba8,0x7cb770d0513c30e0cb45e4899e4a2cbeed6f9830,20.00,30m,1779976841,1779978641,1779978900,20.00,20.596402,0.000959,0.596202,0.000759,0.596402,0.029820,sufficient,ok,missing,0,0,0
20260529_162852,tierc-rp-2a5d195978a2b214aba8,0x7cb770d0513c30e0cb45e4899e4a2cbeed6f9830,20.00,1h,1779976841,1779980441,1779980700,20.00,20.781640,0.001917,0.780482,0.000759,0.781640,0.039082,sufficient,ok,missing,0,0,0
20260529_162852,tierc-rp-2a5d195978a2b214aba8,0x7cb770d0513c30e0cb45e4899e4a2cbeed6f9830,20.00,2h,1779976841,1779984041,1779984300,20.00,19.973976,0.003834,-0.029100,0.000759,-0.026024,-0.001301,sufficient,ok,missing,0,0,0
20260529_162852,tierc-rp-2a5d195978a2b214aba8,0x7cb770d0513c30e0cb45e4899e4a2cbeed6f9830,20.00,6h,1779976841,1779998441,1779998700,20.00,20.838081,0.011503,0.827336,0.000759,0.838081,0.041904,sufficient,ok,missing,0,1,0
20260529_162852,tierc-rp-b96ab93537c9f9ea2f54,0x7cb770d0513c30e0cb45e4899e4a2cbeed6f9830,50.00,15m,1779976841,1779977741,1779978000,50.00,51.446068,0.001198,1.449611,0.004742,1.446068,0.028921,sufficient,ok,missing,0,0,0
20260529_162852,tierc-rp-b96ab93537c9f9ea2f54,0x7cb770d0513c30e0cb45e4899e4a2cbeed6f9830,50.00,30m,1779976841,1779978641,1779978900,50.00,51.488159,0.002397,1.490504,0.004742,1.488159,0.029763,sufficient,ok,missing,0,0,0
20260529_162852,tierc-rp-b96ab93537c9f9ea2f54,0x7cb770d0513c30e0cb45e4899e4a2cbeed6f9830,50.00,1h,1779976841,1779980441,1779980700,50.00,51.951256,0.004793,1.951204,0.004742,1.951256,0.039025,sufficient,ok,missing,0,0,0
20260529_162852,tierc-rp-b96ab93537c9f9ea2f54,0x7cb770d0513c30e0cb45e4899e4a2cbeed6f9830,50.00,2h,1779976841,1779984041,1779984300,50.00,49.932094,0.009586,-0.072750,0.004742,-0.067906,-0.001358,sufficient,ok,missing,0,0,0
20260529_162852,tierc-rp-b96ab93537c9f9ea2f54,0x7cb770d0513c30e0cb45e4899e4a2cbeed6f9830,50.00,6h,1779976841,1779998441,1779998700,50.00,52.092357,0.028758,2.068340,0.004742,2.092357,0.041847,sufficient,ok,missing,0,1,0
20260529_162852,tierc-rp-9cb921d161a0ed78cdf5,0x7cb770d0513c30e0cb45e4899e4a2cbeed6f9830,10.00,15m,1779981341,1779982241,1779982500,10.00,10.075499,0.000240,0.075449,0.000190,0.075499,0.007550,sufficient,ok,missing,0,0,0
20260529_162852,tierc-rp-9cb921d161a0ed78cdf5,0x7cb770d0513c30e0cb45e4899e4a2cbeed6f9830,10.00,30m,1779981341,1779983141,1779983400,10.00,10.010301,0.000479,0.010011,0.000190,0.010301,0.001030,sufficient,ok,missing,0,0,0
20260529_162852,tierc-rp-9cb921d161a0ed78cdf5,0x7cb770d0513c30e0cb45e4899e4a2cbeed6f9830,10.00,1h,1779981341,1779984941,1779985200,10.00,10.092387,0.000959,0.091618,0.000190,0.092387,0.009239,sufficient,ok,missing,0,0,0
20260529_162852,tierc-rp-9cb921d161a0ed78cdf5,0x7cb770d0513c30e0cb45e4899e4a2cbeed6f9830,10.00,2h,1779981341,1779988541,1779988800,10.00,10.283152,0.001917,0.281424,0.000190,0.283152,0.028315,sufficient,ok,missing,0,0,0
20260529_162852,tierc-rp-9cb921d161a0ed78cdf5,0x7cb770d0513c30e0cb45e4899e4a2cbeed6f9830,10.00,6h,1779981341,1780002941,1780003200,10.00,10.123586,0.005752,0.118025,0.000190,0.123586,0.012359,sufficient,ok,missing,0,1,0
20260529_162852,tierc-rp-5d98b52d65235b4fdff6,0x7cb770d0513c30e0cb45e4899e4a2cbeed6f9830,20.00,15m,1779981341,1779982241,1779982500,20.00,20.150618,0.000479,0.150897,0.000759,0.150618,0.007531,sufficient,ok,missing,0,0,0
20260529_162852,tierc-rp-5d98b52d65235b4fdff6,0x7cb770d0513c30e0cb45e4899e4a2cbeed6f9830,20.00,30m,1779981341,1779983141,1779983400,20.00,20.020223,0.000959,0.020023,0.000759,0.020223,0.001011,sufficient,ok,missing,0,0,0
20260529_162852,tierc-rp-5d98b52d65235b4fdff6,0x7cb770d0513c30e0cb45e4899e4a2cbeed6f9830,20.00,1h,1779981341,1779984941,1779985200,20.00,20.184395,0.001917,0.183237,0.000759,0.184395,0.009220,sufficient,ok,missing,0,0,0
20260529_162852,tierc-rp-5d98b52d65235b4fdff6,0x7cb770d0513c30e0cb45e4899e4a2cbeed6f9830,20.00,2h,1779981341,1779988541,1779988800,20.00,20.565924,0.003834,0.562849,0.000759,0.565924,0.028296,sufficient,ok,missing,0,0,0
20260529_162852,tierc-rp-5d98b52d65235b4fdff6,0x7cb770d0513c30e0cb45e4899e4a2cbeed6f9830,20.00,6h,1779981341,1780002941,1780003200,20.00,20.246794,0.011503,0.236049,0.000759,0.246794,0.012340,sufficient,ok,missing,0,1,0
20260529_162852,tierc-rp-c0da90831cfa896fa5be,0x7cb770d0513c30e0cb45e4899e4a2cbeed6f9830,50.00,15m,1779981341,1779982241,1779982500,50.00,50.373700,0.001198,0.377244,0.004742,0.373700,0.007474,sufficient,ok,missing,0,0,0
20260529_162852,tierc-rp-c0da90831cfa896fa5be,0x7cb770d0513c30e0cb45e4899e4a2cbeed6f9830,50.00,30m,1779981341,1779983141,1779983400,50.00,50.047712,0.002397,0.050057,0.004742,0.047712,0.000954,sufficient,ok,missing,0,0,0
20260529_162852,tierc-rp-c0da90831cfa896fa5be,0x7cb770d0513c30e0cb45e4899e4a2cbeed6f9830,50.00,1h,1779981341,1779984941,1779985200,50.00,50.458143,0.004793,0.458092,0.004742,0.458143,0.009163,sufficient,ok,missing,0,0,0
20260529_162852,tierc-rp-c0da90831cfa896fa5be,0x7cb770d0513c30e0cb45e4899e4a2cbeed6f9830,50.00,2h,1779981341,1779988541,1779988800,50.00,51.411966,0.009586,1.407121,0.004742,1.411966,0.028239,sufficient,ok,missing,0,0,0
20260529_162852,tierc-rp-c0da90831cfa896fa5be,0x7cb770d0513c30e0cb45e4899e4a2cbeed6f9830,50.00,6h,1779981341,1780002941,1780003200,50.00,50.614139,0.028758,0.590123,0.004742,0.614139,0.012283,sufficient,ok,missing,0,1,0
20260529_162852,tierc-rp-f13d63c3c3776b07b99c,0x7cb770d0513c30e0cb45e4899e4a2cbeed6f9830,10.00,15m,1779986860,1779987760,1779987900,10.00,9.856578,0.000240,-0.143472,0.000190,-0.143422,-0.014342,sufficient,ok,missing,0,0,0
20260529_162852,tierc-rp-f13d63c3c3776b07b99c,0x7cb770d0513c30e0cb45e4899e4a2cbeed6f9830,10.00,30m,1779986860,1779988660,1779988800,10.00,10.067897,0.000479,0.067607,0.000190,0.067897,0.006790,sufficient,ok,missing,0,0,0
20260529_162852,tierc-rp-f13d63c3c3776b07b99c,0x7cb770d0513c30e0cb45e4899e4a2cbeed6f9830,10.00,1h,1779986860,1779990460,1779990600,10.00,10.129530,0.000959,0.128762,0.000190,0.129530,0.012953,sufficient,ok,missing,0,1,0
20260529_162852,tierc-rp-f13d63c3c3776b07b99c,0x7cb770d0513c30e0cb45e4899e4a2cbeed6f9830,10.00,2h,1779986860,1779994060,1779994200,10.00,9.969045,0.001917,-0.032682,0.000190,-0.030955,-0.003095,sufficient,ok,missing,0,0,0
20260529_162852,tierc-rp-f13d63c3c3776b07b99c,0x7cb770d0513c30e0cb45e4899e4a2cbeed6f9830,10.00,6h,1779986860,1780008460,1780008600,10.00,9.832046,0.005752,-0.173516,0.000190,-0.167954,-0.016795,sufficient,ok,missing,0,0,0
20260529_162852,tierc-rp-8037f483b9324474747e,0x7cb770d0513c30e0cb45e4899e4a2cbeed6f9830,20.00,15m,1779986860,1779987760,1779987900,20.00,19.712777,0.000479,-0.286943,0.000759,-0.287223,-0.014361,sufficient,ok,missing,0,0,0
20260529_162852,tierc-rp-8037f483b9324474747e,0x7cb770d0513c30e0cb45e4899e4a2cbeed6f9830,20.00,30m,1779986860,1779988660,1779988800,20.00,20.135414,0.000959,0.135214,0.000759,0.135414,0.006771,sufficient,ok,missing,0,0,0
20260529_162852,tierc-rp-8037f483b9324474747e,0x7cb770d0513c30e0cb45e4899e4a2cbeed6f9830,20.00,1h,1779986860,1779990460,1779990600,20.00,20.258682,0.001917,0.257523,0.000759,0.258682,0.012934,sufficient,ok,missing,0,1,0
20260529_162852,tierc-rp-8037f483b9324474747e,0x7cb770d0513c30e0cb45e4899e4a2cbeed6f9830,20.00,2h,1779986860,1779994060,1779994200,20.00,19.937711,0.003834,-0.065365,0.000759,-0.062289,-0.003114,sufficient,ok,missing,0,0,0
20260529_162852,tierc-rp-8037f483b9324474747e,0x7cb770d0513c30e0cb45e4899e4a2cbeed6f9830,20.00,6h,1779986860,1780008460,1780008600,20.00,19.663712,0.011503,-0.347033,0.000759,-0.336288,-0.016814,sufficient,ok,missing,0,0,0
20260529_162852,tierc-rp-9d99ac29a61094797dad,0x7cb770d0513c30e0cb45e4899e4a2cbeed6f9830,50.00,15m,1779986860,1779987760,1779987900,50.00,49.279098,0.001198,-0.717358,0.004742,-0.720902,-0.014418,sufficient,ok,missing,0,0,0
20260529_162852,tierc-rp-9d99ac29a61094797dad,0x7cb770d0513c30e0cb45e4899e4a2cbeed6f9830,50.00,30m,1779986860,1779988660,1779988800,50.00,50.335689,0.002397,0.338034,0.004742,0.335689,0.006714,sufficient,ok,missing,0,0,0
20260529_162852,tierc-rp-9d99ac29a61094797dad,0x7cb770d0513c30e0cb45e4899e4a2cbeed6f9830,50.00,1h,1779986860,1779990460,1779990600,50.00,50.643859,0.004793,0.643808,0.004742,0.643859,0.012877,sufficient,ok,missing,0,1,0
20260529_162852,tierc-rp-9d99ac29a61094797dad,0x7cb770d0513c30e0cb45e4899e4a2cbeed6f9830,50.00,2h,1779986860,1779994060,1779994200,50.00,49.841433,0.009586,-0.163412,0.004742,-0.158567,-0.003171,sufficient,ok,missing,0,0,0
20260529_162852,tierc-rp-9d99ac29a61094797dad,0x7cb770d0513c30e0cb45e4899e4a2cbeed6f9830,50.00,6h,1779986860,1780008460,1780008600,50.00,49.156435,0.028758,-0.867582,0.004742,-0.843565,-0.016871,sufficient,ok,missing,0,0,0
20260529_162852,tierc-rp-769779a335174eb4a447,0x7cb770d0513c30e0cb45e4899e4a2cbeed6f9830,10.00,15m,1779988300,1779989200,1779989400,10.00,9.805920,0.000240,-0.194130,0.000190,-0.194080,-0.019408,sufficient,ok,missing,0,0,0
20260529_162852,tierc-rp-769779a335174eb4a447,0x7cb770d0513c30e0cb45e4899e4a2cbeed6f9830,10.00,30m,1779988300,1779990100,1779990300,10.00,10.041439,0.000479,0.041149,0.000190,0.041439,0.004144,sufficient,ok,missing,0,0,0
20260529_162852,tierc-rp-769779a335174eb4a447,0x7cb770d0513c30e0cb45e4899e4a2cbeed6f9830,10.00,1h,1779988300,1779991900,1779992100,10.00,10.079513,0.000959,0.078744,0.000190,0.079513,0.007951,sufficient,ok,missing,0,0,0
20260529_162852,tierc-rp-769779a335174eb4a447,0x7cb770d0513c30e0cb45e4899e4a2cbeed6f9830,10.00,2h,1779988300,1779995500,1779995700,10.00,10.039355,0.001917,0.037628,0.000190,0.039355,0.003936,sufficient,ok,missing,0,1,0
20260529_162852,tierc-rp-769779a335174eb4a447,0x7cb770d0513c30e0cb45e4899e4a2cbeed6f9830,10.00,6h,1779988300,1780009900,1780010100,10.00,9.958482,0.005752,-0.047080,0.000190,-0.041518,-0.004152,sufficient,ok,missing,0,0,0
20260529_162852,tierc-rp-bf278143578f614eacf8,0x7cb770d0513c30e0cb45e4899e4a2cbeed6f9830,20.00,15m,1779988300,1779989200,1779989400,20.00,19.611460,0.000479,-0.388261,0.000759,-0.388540,-0.019427,sufficient,ok,missing,0,0,0
20260529_162852,tierc-rp-bf278143578f614eacf8,0x7cb770d0513c30e0cb45e4899e4a2cbeed6f9830,20.00,30m,1779988300,1779990100,1779990300,20.00,20.082498,0.000959,0.082298,0.000759,0.082498,0.004125,sufficient,ok,missing,0,0,0
20260529_162852,tierc-rp-bf278143578f614eacf8,0x7cb770d0513c30e0cb45e4899e4a2cbeed6f9830,20.00,1h,1779988300,1779991900,1779992100,20.00,20.158647,0.001917,0.157488,0.000759,0.158647,0.007932,sufficient,ok,missing,0,0,0
20260529_162852,tierc-rp-bf278143578f614eacf8,0x7cb770d0513c30e0cb45e4899e4a2cbeed6f9830,20.00,2h,1779988300,1779995500,1779995700,20.00,20.078331,0.003834,0.075256,0.000759,0.078331,0.003917,sufficient,ok,missing,0,1,0
20260529_162852,tierc-rp-bf278143578f614eacf8,0x7cb770d0513c30e0cb45e4899e4a2cbeed6f9830,20.00,6h,1779988300,1780009900,1780010100,20.00,19.916584,0.011503,-0.094161,0.000759,-0.083416,-0.004171,sufficient,ok,missing,0,0,0
20260529_162852,tierc-rp-62a9db294dbaa95f8e64,0x7cb770d0513c30e0cb45e4899e4a2cbeed6f9830,50.00,15m,1779988300,1779989200,1779989400,50.00,49.025805,0.001198,-0.970652,0.004742,-0.974195,-0.019484,sufficient,ok,missing,0,0,0
20260529_162852,tierc-rp-62a9db294dbaa95f8e64,0x7cb770d0513c30e0cb45e4899e4a2cbeed6f9830,50.00,30m,1779988300,1779990100,1779990300,50.00,50.203401,0.002397,0.205746,0.004742,0.203401,0.004068,sufficient,ok,missing,0,0,0
20260529_162852,tierc-rp-62a9db294dbaa95f8e64,0x7cb770d0513c30e0cb45e4899e4a2cbeed6f9830,50.00,1h,1779988300,1779991900,1779992100,50.00,50.393771,0.004793,0.393720,0.004742,0.393771,0.007875,sufficient,ok,missing,0,0,0
20260529_162852,tierc-rp-62a9db294dbaa95f8e64,0x7cb770d0513c30e0cb45e4899e4a2cbeed6f9830,50.00,2h,1779988300,1779995500,1779995700,50.00,50.192983,0.009586,0.188139,0.004742,0.192983,0.003860,sufficient,ok,missing,0,1,0
20260529_162852,tierc-rp-62a9db294dbaa95f8e64,0x7cb770d0513c30e0cb45e4899e4a2cbeed6f9830,50.00,6h,1779988300,1780009900,1780010100,50.00,49.788615,0.028758,-0.235402,0.004742,-0.211385,-0.004228,sufficient,ok,missing,0,0,0
20260529_162852,tierc-rp-6b66f8fd46648ad7f3ce,0x7cb770d0513c30e0cb45e4899e4a2cbeed6f9830,10.00,15m,1779991241,1779992141,1779992400,10.00,10.027631,0.000240,0.027581,0.000190,0.027631,0.002763,sufficient,ok,missing,0,0,0
20260529_162852,tierc-rp-6b66f8fd46648ad7f3ce,0x7cb770d0513c30e0cb45e4899e4a2cbeed6f9830,10.00,30m,1779991241,1779993041,1779993300,10.00,9.824640,0.000479,-0.175650,0.000190,-0.175360,-0.017536,sufficient,ok,missing,0,0,0
20260529_162852,tierc-rp-6b66f8fd46648ad7f3ce,0x7cb770d0513c30e0cb45e4899e4a2cbeed6f9830,10.00,1h,1779991241,1779994841,1779995100,10.00,9.820876,0.000959,-0.179893,0.000190,-0.179124,-0.017912,sufficient,ok,missing,0,0,0
20260529_162852,tierc-rp-6b66f8fd46648ad7f3ce,0x7cb770d0513c30e0cb45e4899e4a2cbeed6f9830,10.00,2h,1779991241,1779998441,1779998700,10.00,9.934379,0.001917,-0.067348,0.000190,-0.065621,-0.006562,sufficient,ok,missing,0,0,0
20260529_162852,tierc-rp-6b66f8fd46648ad7f3ce,0x7cb770d0513c30e0cb45e4899e4a2cbeed6f9830,10.00,6h,1779991241,1780012841,1780013100,10.00,9.736153,0.005752,-0.269409,0.000190,-0.263847,-0.026385,sufficient,ok,missing,0,1,0
20260529_162852,tierc-rp-c7ba369cede009b672ef,0x7cb770d0513c30e0cb45e4899e4a2cbeed6f9830,20.00,15m,1779991241,1779992141,1779992400,20.00,20.054883,0.000479,0.055162,0.000759,0.054883,0.002744,sufficient,ok,missing,0,0,0
20260529_162852,tierc-rp-c7ba369cede009b672ef,0x7cb770d0513c30e0cb45e4899e4a2cbeed6f9830,20.00,30m,1779991241,1779993041,1779993300,20.00,19.648900,0.000959,-0.351300,0.000759,-0.351100,-0.017555,sufficient,ok,missing,0,0,0
20260529_162852,tierc-rp-c7ba369cede009b672ef,0x7cb770d0513c30e0cb45e4899e4a2cbeed6f9830,20.00,1h,1779991241,1779994841,1779995100,20.00,19.641372,0.001917,-0.359787,0.000759,-0.358628,-0.017931,sufficient,ok,missing,0,0,0
20260529_162852,tierc-rp-c7ba369cede009b672ef,0x7cb770d0513c30e0cb45e4899e4a2cbeed6f9830,20.00,2h,1779991241,1779998441,1779998700,20.00,19.868379,0.003834,-0.134696,0.000759,-0.131621,-0.006581,sufficient,ok,missing,0,0,0
20260529_162852,tierc-rp-c7ba369cede009b672ef,0x7cb770d0513c30e0cb45e4899e4a2cbeed6f9830,20.00,6h,1779991241,1780012841,1780013100,20.00,19.471926,0.011503,-0.538819,0.000759,-0.528074,-0.026404,sufficient,ok,missing,0,1,0
20260529_162852,tierc-rp-e46ed73359c0d86f24ec,0x7cb770d0513c30e0cb45e4899e4a2cbeed6f9830,50.00,15m,1779991241,1779992141,1779992400,50.00,50.134362,0.001198,0.137906,0.004742,0.134362,0.002687,sufficient,ok,missing,0,0,0
20260529_162852,tierc-rp-e46ed73359c0d86f24ec,0x7cb770d0513c30e0cb45e4899e4a2cbeed6f9830,50.00,30m,1779991241,1779993041,1779993300,50.00,49.119404,0.002397,-0.878251,0.004742,-0.880596,-0.017612,sufficient,ok,missing,0,0,0
20260529_162852,tierc-rp-e46ed73359c0d86f24ec,0x7cb770d0513c30e0cb45e4899e4a2cbeed6f9830,50.00,1h,1779991241,1779994841,1779995100,50.00,49.100584,0.004793,-0.899467,0.004742,-0.899416,-0.017988,sufficient,ok,missing,0,0,0
20260529_162852,tierc-rp-e46ed73359c0d86f24ec,0x7cb770d0513c30e0cb45e4899e4a2cbeed6f9830,50.00,2h,1779991241,1779998441,1779998700,50.00,49.668103,0.009586,-0.336741,0.004742,-0.331897,-0.006638,sufficient,ok,missing,0,0,0
20260529_162852,tierc-rp-e46ed73359c0d86f24ec,0x7cb770d0513c30e0cb45e4899e4a2cbeed6f9830,50.00,6h,1779991241,1780012841,1780013100,50.00,48.676970,0.028758,-1.347046,0.004742,-1.323030,-0.026461,sufficient,ok,missing,0,1,0
20260529_162852,tierc-rp-15989e6839404ddbfaf1,0x7cb770d0513c30e0cb45e4899e4a2cbeed6f9830,10.00,15m,1779998320,1779999220,1779999300,10.00,9.809315,0.000240,-0.190735,0.000190,-0.190685,-0.019068,sufficient,ok,missing,0,0,0
20260529_162852,tierc-rp-15989e6839404ddbfaf1,0x7cb770d0513c30e0cb45e4899e4a2cbeed6f9830,10.00,30m,1779998320,1780000120,1780000200,10.00,10.027223,0.000479,0.026934,0.000190,0.027223,0.002722,sufficient,ok,missing,0,0,0
20260529_162852,tierc-rp-15989e6839404ddbfaf1,0x7cb770d0513c30e0cb45e4899e4a2cbeed6f9830,10.00,1h,1779998320,1780001920,1780002000,10.00,9.780649,0.000959,-0.220120,0.000190,-0.219351,-0.021935,sufficient,ok,missing,0,0,0
20260529_162852,tierc-rp-15989e6839404ddbfaf1,0x7cb770d0513c30e0cb45e4899e4a2cbeed6f9830,10.00,2h,1779998320,1780005520,1780005600,10.00,10.027279,0.001917,0.025552,0.000190,0.027279,0.002728,sufficient,ok,missing,0,0,0
20260529_162852,tierc-rp-15989e6839404ddbfaf1,0x7cb770d0513c30e0cb45e4899e4a2cbeed6f9830,10.00,6h,1779998320,1780019920,1780020000,10.00,10.140082,0.005752,0.134520,0.000190,0.140082,0.014008,sufficient,ok,missing,0,0,0
20260529_162852,tierc-rp-bc3ac66c389d295f7a1f,0x7cb770d0513c30e0cb45e4899e4a2cbeed6f9830,20.00,15m,1779998320,1779999220,1779999300,20.00,19.618252,0.000479,-0.381469,0.000759,-0.381748,-0.019087,sufficient,ok,missing,0,0,0
20260529_162852,tierc-rp-bc3ac66c389d295f7a1f,0x7cb770d0513c30e0cb45e4899e4a2cbeed6f9830,20.00,30m,1779998320,1780000120,1780000200,20.00,20.054068,0.000959,0.053868,0.000759,0.054068,0.002703,sufficient,ok,missing,0,0,0
20260529_162852,tierc-rp-bc3ac66c389d295f7a1f,0x7cb770d0513c30e0cb45e4899e4a2cbeed6f9830,20.00,1h,1779998320,1780001920,1780002000,20.00,19.560919,0.001917,-0.440239,0.000759,-0.439081,-0.021954,sufficient,ok,missing,0,0,0
20260529_162852,tierc-rp-bc3ac66c389d295f7a1f,0x7cb770d0513c30e0cb45e4899e4a2cbeed6f9830,20.00,2h,1779998320,1780005520,1780005600,20.00,20.054180,0.003834,0.051104,0.000759,0.054180,0.002709,sufficient,ok,missing,0,0,0
20260529_162852,tierc-rp-bc3ac66c389d295f7a1f,0x7cb770d0513c30e0cb45e4899e4a2cbeed6f9830,20.00,6h,1779998320,1780019920,1780020000,20.00,20.279784,0.011503,0.269039,0.000759,0.279784,0.013989,sufficient,ok,missing,0,0,0
20260529_162852,tierc-rp-3cf974662f5895e9fc22,0x7cb770d0513c30e0cb45e4899e4a2cbeed6f9830,50.00,15m,1779998320,1779999220,1779999300,50.00,49.042784,0.001198,-0.953673,0.004742,-0.957216,-0.019144,sufficient,ok,missing,0,0,0
20260529_162852,tierc-rp-3cf974662f5895e9fc22,0x7cb770d0513c30e0cb45e4899e4a2cbeed6f9830,50.00,30m,1779998320,1780000120,1780000200,50.00,50.132324,0.002397,0.134669,0.004742,0.132324,0.002646,sufficient,ok,missing,0,0,0
20260529_162852,tierc-rp-3cf974662f5895e9fc22,0x7cb770d0513c30e0cb45e4899e4a2cbeed6f9830,50.00,1h,1779998320,1780001920,1780002000,50.00,48.899454,0.004793,-1.100598,0.004742,-1.100546,-0.022011,sufficient,ok,missing,0,0,0
20260529_162852,tierc-rp-3cf974662f5895e9fc22,0x7cb770d0513c30e0cb45e4899e4a2cbeed6f9830,50.00,2h,1779998320,1780005520,1780005600,50.00,50.132604,0.009586,0.127760,0.004742,0.132604,0.002652,sufficient,ok,missing,0,0,0
20260529_162852,tierc-rp-3cf974662f5895e9fc22,0x7cb770d0513c30e0cb45e4899e4a2cbeed6f9830,50.00,6h,1779998320,1780019920,1780020000,50.00,50.696614,0.028758,0.672598,0.004742,0.696614,0.013932,sufficient,ok,missing,0,0,0
20260529_162852,tierc-rp-b9cd29557393dfff50df,0x7cb770d0513c30e0cb45e4899e4a2cbeed6f9830,10.00,15m,1779998740,1779999640,1779999900,10.00,9.860034,0.000240,-0.140016,0.000190,-0.139966,-0.013997,sufficient,ok,missing,0,0,0
20260529_162852,tierc-rp-b9cd29557393dfff50df,0x7cb770d0513c30e0cb45e4899e4a2cbeed6f9830,10.00,30m,1779998740,1780000540,1780000800,10.00,10.054054,0.000479,0.053765,0.000190,0.054054,0.005405,sufficient,ok,missing,0,0,0
20260529_162852,tierc-rp-b9cd29557393dfff50df,0x7cb770d0513c30e0cb45e4899e4a2cbeed6f9830,10.00,1h,1779998740,1780002340,1780002600,10.00,9.845884,0.000959,-0.154885,0.000190,-0.154116,-0.015412,sufficient,ok,missing,0,0,0
20260529_162852,tierc-rp-b9cd29557393dfff50df,0x7cb770d0513c30e0cb45e4899e4a2cbeed6f9830,10.00,2h,1779998740,1780005940,1780006200,10.00,9.816569,0.001917,-0.185158,0.000190,-0.183431,-0.018343,sufficient,ok,missing,0,0,0
20260529_162852,tierc-rp-b9cd29557393dfff50df,0x7cb770d0513c30e0cb45e4899e4a2cbeed6f9830,10.00,6h,1779998740,1780020340,1780020600,10.00,10.175568,0.005752,0.170006,0.000190,0.175568,0.017557,sufficient,ok,missing,0,0,0
20260529_162852,tierc-rp-8c7bc67432c93554a4d0,0x7cb770d0513c30e0cb45e4899e4a2cbeed6f9830,20.00,15m,1779998740,1779999640,1779999900,20.00,19.719689,0.000479,-0.280032,0.000759,-0.280311,-0.014016,sufficient,ok,missing,0,0,0
20260529_162852,tierc-rp-8c7bc67432c93554a4d0,0x7cb770d0513c30e0cb45e4899e4a2cbeed6f9830,20.00,30m,1779998740,1780000540,1780000800,20.00,20.107729,0.000959,0.107529,0.000759,0.107729,0.005386,sufficient,ok,missing,0,0,0
20260529_162852,tierc-rp-8c7bc67432c93554a4d0,0x7cb770d0513c30e0cb45e4899e4a2cbeed6f9830,20.00,1h,1779998740,1780002340,1780002600,20.00,19.691389,0.001917,-0.309770,0.000759,-0.308611,-0.015431,sufficient,ok,missing,0,0,0
20260529_162852,tierc-rp-8c7bc67432c93554a4d0,0x7cb770d0513c30e0cb45e4899e4a2cbeed6f9830,20.00,2h,1779998740,1780005940,1780006200,20.00,19.632759,0.003834,-0.370316,0.000759,-0.367241,-0.018362,sufficient,ok,missing,0,0,0
20260529_162852,tierc-rp-8c7bc67432c93554a4d0,0x7cb770d0513c30e0cb45e4899e4a2cbeed6f9830,20.00,6h,1779998740,1780020340,1780020600,20.00,20.350756,0.011503,0.340012,0.000759,0.350756,0.017538,sufficient,ok,missing,0,0,0
20260529_162852,tierc-rp-1d864f4e847f7a20b9c5,0x7cb770d0513c30e0cb45e4899e4a2cbeed6f9830,50.00,15m,1779998740,1779999640,1779999900,50.00,49.296377,0.001198,-0.700080,0.004742,-0.703623,-0.014072,sufficient,ok,missing,0,0,0
20260529_162852,tierc-rp-1d864f4e847f7a20b9c5,0x7cb770d0513c30e0cb45e4899e4a2cbeed6f9830,50.00,30m,1779998740,1780000540,1780000800,50.00,50.266478,0.002397,0.268824,0.004742,0.266478,0.005330,sufficient,ok,missing,0,0,0
20260529_162852,tierc-rp-1d864f4e847f7a20b9c5,0x7cb770d0513c30e0cb45e4899e4a2cbeed6f9830,50.00,1h,1779998740,1780002340,1780002600,50.00,49.225627,0.004793,-0.774424,0.004742,-0.774373,-0.015487,sufficient,ok,missing,0,0,0
20260529_162852,tierc-rp-1d864f4e847f7a20b9c5,0x7cb770d0513c30e0cb45e4899e4a2cbeed6f9830,50.00,2h,1779998740,1780005940,1780006200,50.00,49.079054,0.009586,-0.925791,0.004742,-0.920946,-0.018419,sufficient,ok,missing,0,0,0
20260529_162852,tierc-rp-1d864f4e847f7a20b9c5,0x7cb770d0513c30e0cb45e4899e4a2cbeed6f9830,50.00,6h,1779998740,1780020340,1780020600,50.00,50.874045,0.028758,0.850029,0.004742,0.874045,0.017481,sufficient,ok,missing,0,0,0
20260529_162852,tierc-rp-c6d92bf169cca5d88efa,0x7cb770d0513c30e0cb45e4899e4a2cbeed6f9830,10.00,15m,1780002280,1780003180,1780003200,10.00,10.046772,0.000240,0.046722,0.000190,0.046772,0.004677,sufficient,ok,missing,0,0,0
20260529_162852,tierc-rp-c6d92bf169cca5d88efa,0x7cb770d0513c30e0cb45e4899e4a2cbeed6f9830,10.00,30m,1780002280,1780004080,1780004100,10.00,10.255059,0.000479,0.254769,0.000190,0.255059,0.025506,sufficient,ok,missing,0,0,0
20260529_162852,tierc-rp-c6d92bf169cca5d88efa,0x7cb770d0513c30e0cb45e4899e4a2cbeed6f9830,10.00,1h,1780002280,1780005880,1780005900,10.00,10.020901,0.000959,0.020132,0.000190,0.020901,0.002090,sufficient,ok,missing,0,0,0
20260529_162852,tierc-rp-c6d92bf169cca5d88efa,0x7cb770d0513c30e0cb45e4899e4a2cbeed6f9830,10.00,2h,1780002280,1780009480,1780009500,10.00,10.170126,0.001917,0.168399,0.000190,0.170126,0.017013,sufficient,ok,missing,0,0,0
20260529_162852,tierc-rp-c6d92bf169cca5d88efa,0x7cb770d0513c30e0cb45e4899e4a2cbeed6f9830,10.00,6h,1780002280,1780023880,1780023900,10.00,10.352654,0.005752,0.347092,0.000190,0.352654,0.035265,sufficient,ok,missing,0,0,0
20260529_162852,tierc-rp-d6315c28bf0c013f6886,0x7cb770d0513c30e0cb45e4899e4a2cbeed6f9830,20.00,15m,1780002280,1780003180,1780003200,20.00,20.093164,0.000479,0.093444,0.000759,0.093164,0.004658,sufficient,ok,missing,0,0,0
20260529_162852,tierc-rp-d6315c28bf0c013f6886,0x7cb770d0513c30e0cb45e4899e4a2cbeed6f9830,20.00,30m,1780002280,1780004080,1780004100,20.00,20.509739,0.000959,0.509539,0.000759,0.509739,0.025487,sufficient,ok,missing,0,0,0
20260529_162852,tierc-rp-d6315c28bf0c013f6886,0x7cb770d0513c30e0cb45e4899e4a2cbeed6f9830,20.00,1h,1780002280,1780005880,1780005900,20.00,20.041423,0.001917,0.040265,0.000759,0.041423,0.002071,sufficient,ok,missing,0,0,0
20260529_162852,tierc-rp-d6315c28bf0c013f6886,0x7cb770d0513c30e0cb45e4899e4a2cbeed6f9830,20.00,2h,1780002280,1780009480,1780009500,20.00,20.339873,0.003834,0.336797,0.000759,0.339873,0.016994,sufficient,ok,missing,0,0,0
20260529_162852,tierc-rp-d6315c28bf0c013f6886,0x7cb770d0513c30e0cb45e4899e4a2cbeed6f9830,20.00,6h,1780002280,1780023880,1780023900,20.00,20.704929,0.011503,0.694184,0.000759,0.704929,0.035246,sufficient,ok,missing,0,0,0
20260529_162852,tierc-rp-85d00bc1614832aaab43,0x7cb770d0513c30e0cb45e4899e4a2cbeed6f9830,50.00,15m,1780002280,1780003180,1780003200,50.00,50.230065,0.001198,0.233609,0.004742,0.230065,0.004601,sufficient,ok,missing,0,0,0
20260529_162852,tierc-rp-85d00bc1614832aaab43,0x7cb770d0513c30e0cb45e4899e4a2cbeed6f9830,50.00,30m,1780002280,1780004080,1780004100,50.00,51.271502,0.002397,1.273847,0.004742,1.271502,0.025430,sufficient,ok,missing,0,0,0
20260529_162852,tierc-rp-85d00bc1614832aaab43,0x7cb770d0513c30e0cb45e4899e4a2cbeed6f9830,50.00,1h,1780002280,1780005880,1780005900,50.00,50.100713,0.004793,0.100662,0.004742,0.100713,0.002014,sufficient,ok,missing,0,0,0
20260529_162852,tierc-rp-85d00bc1614832aaab43,0x7cb770d0513c30e0cb45e4899e4a2cbeed6f9830,50.00,2h,1780002280,1780009480,1780009500,50.00,50.846838,0.009586,0.841993,0.004742,0.846838,0.016937,sufficient,ok,missing,0,0,0
20260529_162852,tierc-rp-85d00bc1614832aaab43,0x7cb770d0513c30e0cb45e4899e4a2cbeed6f9830,50.00,6h,1780002280,1780023880,1780023900,50.00,51.759476,0.028758,1.735460,0.004742,1.759476,0.035190,sufficient,ok,missing,0,0,0
20260529_162852,tierc-rp-1c4df1276b8cd1bc0575,0x7cb770d0513c30e0cb45e4899e4a2cbeed6f9830,10.00,15m,1780006480,1780007380,1780007400,10.00,9.971490,0.000240,-0.028560,0.000190,-0.028510,-0.002851,sufficient,ok,missing,0,0,0
20260529_162852,tierc-rp-1c4df1276b8cd1bc0575,0x7cb770d0513c30e0cb45e4899e4a2cbeed6f9830,10.00,30m,1780006480,1780008280,1780008300,10.00,9.958004,0.000479,-0.042285,0.000190,-0.041996,-0.004200,sufficient,ok,missing,0,0,0
20260529_162852,tierc-rp-1c4df1276b8cd1bc0575,0x7cb770d0513c30e0cb45e4899e4a2cbeed6f9830,10.00,1h,1780006480,1780010080,1780010100,10.00,10.166354,0.000959,0.165585,0.000190,0.166354,0.016635,sufficient,ok,missing,0,0,0
20260529_162852,tierc-rp-1c4df1276b8cd1bc0575,0x7cb770d0513c30e0cb45e4899e4a2cbeed6f9830,10.00,2h,1780006480,1780013680,1780013700,10.00,9.997292,0.001917,-0.004436,0.000190,-0.002708,-0.000271,sufficient,ok,missing,0,0,0
20260529_162852,tierc-rp-1c4df1276b8cd1bc0575,0x7cb770d0513c30e0cb45e4899e4a2cbeed6f9830,10.00,6h,1780006480,1780028080,1780028100,10.00,10.010173,0.005752,0.004611,0.000190,0.010173,0.001017,sufficient,ok,missing,0,0,0
20260529_162852,tierc-rp-6dd8c7c73573e8d36d10,0x7cb770d0513c30e0cb45e4899e4a2cbeed6f9830,20.00,15m,1780006480,1780007380,1780007400,20.00,19.942600,0.000479,-0.057121,0.000759,-0.057400,-0.002870,sufficient,ok,missing,0,0,0
20260529_162852,tierc-rp-6dd8c7c73573e8d36d10,0x7cb770d0513c30e0cb45e4899e4a2cbeed6f9830,20.00,30m,1780006480,1780008280,1780008300,20.00,19.915629,0.000959,-0.084570,0.000759,-0.084371,-0.004219,sufficient,ok,missing,0,0,0
20260529_162852,tierc-rp-6dd8c7c73573e8d36d10,0x7cb770d0513c30e0cb45e4899e4a2cbeed6f9830,20.00,1h,1780006480,1780010080,1780010100,20.00,20.332328,0.001917,0.331169,0.000759,0.332328,0.016616,sufficient,ok,missing,0,0,0
20260529_162852,tierc-rp-6dd8c7c73573e8d36d10,0x7cb770d0513c30e0cb45e4899e4a2cbeed6f9830,20.00,2h,1780006480,1780013680,1780013700,20.00,19.994204,0.003834,-0.008872,0.000759,-0.005796,-0.000290,sufficient,ok,missing,0,0,0
20260529_162852,tierc-rp-6dd8c7c73573e8d36d10,0x7cb770d0513c30e0cb45e4899e4a2cbeed6f9830,20.00,6h,1780006480,1780028080,1780028100,20.00,20.019967,0.011503,0.009223,0.000759,0.019967,0.000998,sufficient,ok,missing,0,0,0
20260529_162852,tierc-rp-1411c0b14439f910067f,0x7cb770d0513c30e0cb45e4899e4a2cbeed6f9830,50.00,15m,1780006480,1780007380,1780007400,50.00,49.853655,0.001198,-0.142802,0.004742,-0.146345,-0.002927,sufficient,ok,missing,0,0,0
20260529_162852,tierc-rp-1411c0b14439f910067f,0x7cb770d0513c30e0cb45e4899e4a2cbeed6f9830,50.00,30m,1780006480,1780008280,1780008300,50.00,49.786229,0.002397,-0.211426,0.004742,-0.213771,-0.004275,sufficient,ok,missing,0,0,0
20260529_162852,tierc-rp-1411c0b14439f910067f,0x7cb770d0513c30e0cb45e4899e4a2cbeed6f9830,50.00,1h,1780006480,1780010080,1780010100,50.00,50.827975,0.004793,0.827923,0.004742,0.827975,0.016559,sufficient,ok,missing,0,0,0
20260529_162852,tierc-rp-1411c0b14439f910067f,0x7cb770d0513c30e0cb45e4899e4a2cbeed6f9830,50.00,2h,1780006480,1780013680,1780013700,50.00,49.982665,0.009586,-0.022179,0.004742,-0.017335,-0.000347,sufficient,ok,missing,0,0,0
20260529_162852,tierc-rp-1411c0b14439f910067f,0x7cb770d0513c30e0cb45e4899e4a2cbeed6f9830,50.00,6h,1780006480,1780028080,1780028100,50.00,50.047073,0.028758,0.023056,0.004742,0.047073,0.000941,sufficient,ok,missing,0,0,0
20260529_162852,tierc-rp-67860bf4698270022410,0x7cb770d0513c30e0cb45e4899e4a2cbeed6f9830,10.00,15m,1780009241,1780010141,1780010400,10.00,10.002238,0.000240,0.002189,0.000190,0.002238,0.000224,sufficient,ok,missing,0,0,0
20260529_162852,tierc-rp-67860bf4698270022410,0x7cb770d0513c30e0cb45e4899e4a2cbeed6f9830,10.00,30m,1780009241,1780011041,1780011300,10.00,9.811757,0.000479,-0.188533,0.000190,-0.188243,-0.018824,sufficient,ok,missing,0,0,0
20260529_162852,tierc-rp-67860bf4698270022410,0x7cb770d0513c30e0cb45e4899e4a2cbeed6f9830,10.00,1h,1780009241,1780012841,1780013100,10.00,9.825984,0.000959,-0.174785,0.000190,-0.174016,-0.017402,sufficient,ok,missing,0,0,0
20260529_162852,tierc-rp-67860bf4698270022410,0x7cb770d0513c30e0cb45e4899e4a2cbeed6f9830,10.00,2h,1780009241,1780016441,1780016700,10.00,10.085403,0.001917,0.083675,0.000190,0.085403,0.008540,sufficient,ok,missing,0,0,0
20260529_162852,tierc-rp-67860bf4698270022410,0x7cb770d0513c30e0cb45e4899e4a2cbeed6f9830,10.00,6h,1780009241,1780030841,1780031100,10.00,10.138869,0.005752,0.133307,0.000190,0.138869,0.013887,sufficient,ok,missing,0,0,0
20260529_162852,tierc-rp-8b2cc7fa1acfbe2405cb,0x7cb770d0513c30e0cb45e4899e4a2cbeed6f9830,20.00,15m,1780009241,1780010141,1780010400,20.00,20.004098,0.000479,0.004377,0.000759,0.004098,0.000205,sufficient,ok,missing,0,0,0
20260529_162852,tierc-rp-8b2cc7fa1acfbe2405cb,0x7cb770d0513c30e0cb45e4899e4a2cbeed6f9830,20.00,30m,1780009241,1780011041,1780011300,20.00,19.623134,0.000959,-0.377065,0.000759,-0.376866,-0.018843,sufficient,ok,missing,0,0,0
20260529_162852,tierc-rp-8b2cc7fa1acfbe2405cb,0x7cb770d0513c30e0cb45e4899e4a2cbeed6f9830,20.00,1h,1780009241,1780012841,1780013100,20.00,19.651589,0.001917,-0.349570,0.000759,-0.348411,-0.017421,sufficient,ok,missing,0,0,0
20260529_162852,tierc-rp-8b2cc7fa1acfbe2405cb,0x7cb770d0513c30e0cb45e4899e4a2cbeed6f9830,20.00,2h,1780009241,1780016441,1780016700,20.00,20.170426,0.003834,0.167350,0.000759,0.170426,0.008521,sufficient,ok,missing,0,0,0
20260529_162852,tierc-rp-8b2cc7fa1acfbe2405cb,0x7cb770d0513c30e0cb45e4899e4a2cbeed6f9830,20.00,6h,1780009241,1780030841,1780031100,20.00,20.277359,0.011503,0.266615,0.000759,0.277359,0.013868,sufficient,ok,missing,0,0,0
20260529_162852,tierc-rp-1ca9e1cec43ffe10878b,0x7cb770d0513c30e0cb45e4899e4a2cbeed6f9830,50.00,15m,1780009241,1780010141,1780010400,50.00,50.007399,0.001198,0.010943,0.004742,0.007399,0.000148,sufficient,ok,missing,0,0,0
20260529_162852,tierc-rp-1ca9e1cec43ffe10878b,0x7cb770d0513c30e0cb45e4899e4a2cbeed6f9830,50.00,30m,1780009241,1780011041,1780011300,50.00,49.054991,0.002397,-0.942664,0.004742,-0.945009,-0.018900,sufficient,ok,missing,0,0,0
20260529_162852,tierc-rp-1ca9e1cec43ffe10878b,0x7cb770d0513c30e0cb45e4899e4a2cbeed6f9830,50.00,1h,1780009241,1780012841,1780013100,50.00,49.126127,0.004793,-0.873924,0.004742,-0.873873,-0.017477,sufficient,ok,missing,0,0,0
20260529_162852,tierc-rp-1ca9e1cec43ffe10878b,0x7cb770d0513c30e0cb45e4899e4a2cbeed6f9830,50.00,2h,1780009241,1780016441,1780016700,50.00,50.423220,0.009586,0.418375,0.004742,0.423220,0.008464,sufficient,ok,missing,0,0,0
20260529_162852,tierc-rp-1ca9e1cec43ffe10878b,0x7cb770d0513c30e0cb45e4899e4a2cbeed6f9830,50.00,6h,1780009241,1780030841,1780031100,50.00,50.690553,0.028758,0.666537,0.004742,0.690553,0.013811,sufficient,ok,missing,0,0,0
20260529_162852,tierc-rp-ef790765e5faf581c947,0x7cb770d0513c30e0cb45e4899e4a2cbeed6f9830,10.00,15m,1780014340,1780015240,1780015500,10.00,10.229821,0.000240,0.229771,0.000190,0.229821,0.022982,sufficient,ok,missing,0,0,0
20260529_162852,tierc-rp-ef790765e5faf581c947,0x7cb770d0513c30e0cb45e4899e4a2cbeed6f9830,10.00,30m,1780014340,1780016140,1780016400,10.00,10.244283,0.000479,0.243993,0.000190,0.244283,0.024428,sufficient,ok,missing,0,0,0
20260529_162852,tierc-rp-ef790765e5faf581c947,0x7cb770d0513c30e0cb45e4899e4a2cbeed6f9830,10.00,1h,1780014340,1780017940,1780018200,10.00,10.014105,0.000959,0.013336,0.000190,0.014105,0.001411,sufficient,ok,missing,0,0,0
20260529_162852,tierc-rp-ef790765e5faf581c947,0x7cb770d0513c30e0cb45e4899e4a2cbeed6f9830,10.00,2h,1780014340,1780021540,1780021800,10.00,10.155337,0.001917,0.153610,0.000190,0.155337,0.015534,sufficient,ok,missing,0,0,0
20260529_162852,tierc-rp-ef790765e5faf581c947,0x7cb770d0513c30e0cb45e4899e4a2cbeed6f9830,10.00,6h,1780014340,1780035940,1780036200,10.00,10.335543,0.005752,0.329981,0.000190,0.335543,0.033554,sufficient,ok,missing,0,0,0
20260529_162852,tierc-rp-9c840dcbddf02aeab480,0x7cb770d0513c30e0cb45e4899e4a2cbeed6f9830,20.00,15m,1780014340,1780015240,1780015500,20.00,20.459263,0.000479,0.459542,0.000759,0.459263,0.022963,sufficient,ok,missing,0,0,0
20260529_162852,tierc-rp-9c840dcbddf02aeab480,0x7cb770d0513c30e0cb45e4899e4a2cbeed6f9830,20.00,30m,1780014340,1780016140,1780016400,20.00,20.488186,0.000959,0.487986,0.000759,0.488186,0.024409,sufficient,ok,missing,0,0,0
20260529_162852,tierc-rp-9c840dcbddf02aeab480,0x7cb770d0513c30e0cb45e4899e4a2cbeed6f9830,20.00,1h,1780014340,1780017940,1780018200,20.00,20.027831,0.001917,0.026673,0.000759,0.027831,0.001392,sufficient,ok,missing,0,0,0
20260529_162852,tierc-rp-9c840dcbddf02aeab480,0x7cb770d0513c30e0cb45e4899e4a2cbeed6f9830,20.00,2h,1780014340,1780021540,1780021800,20.00,20.310296,0.003834,0.307220,0.000759,0.310296,0.015515,sufficient,ok,missing,0,0,0
20260529_162852,tierc-rp-9c840dcbddf02aeab480,0x7cb770d0513c30e0cb45e4899e4a2cbeed6f9830,20.00,6h,1780014340,1780035940,1780036200,20.00,20.670707,0.011503,0.659962,0.000759,0.670707,0.033535,sufficient,ok,missing,0,0,0
20260529_162852,tierc-rp-f9fcd0bd83c134127122,0x7cb770d0513c30e0cb45e4899e4a2cbeed6f9830,50.00,15m,1780014340,1780015240,1780015500,50.00,51.145313,0.001198,1.148856,0.004742,1.145313,0.022906,sufficient,ok,missing,0,0,0
20260529_162852,tierc-rp-f9fcd0bd83c134127122,0x7cb770d0513c30e0cb45e4899e4a2cbeed6f9830,50.00,30m,1780014340,1780016140,1780016400,50.00,51.217619,0.002397,1.219964,0.004742,1.217619,0.024352,sufficient,ok,missing,0,0,0
20260529_162852,tierc-rp-f9fcd0bd83c134127122,0x7cb770d0513c30e0cb45e4899e4a2cbeed6f9830,50.00,1h,1780014340,1780017940,1780018200,50.00,50.066733,0.004793,0.066681,0.004742,0.066733,0.001335,sufficient,ok,missing,0,0,0
20260529_162852,tierc-rp-f9fcd0bd83c134127122,0x7cb770d0513c30e0cb45e4899e4a2cbeed6f9830,50.00,2h,1780014340,1780021540,1780021800,50.00,50.772894,0.009586,0.768049,0.004742,0.772894,0.015458,sufficient,ok,missing,0,0,0
20260529_162852,tierc-rp-f9fcd0bd83c134127122,0x7cb770d0513c30e0cb45e4899e4a2cbeed6f9830,50.00,6h,1780014340,1780035940,1780036200,50.00,51.673922,0.028758,1.649906,0.004742,1.673922,0.033478,sufficient,ok,missing,0,0,0
20260529_162852,tierc-rp-4aced5de1b4806a0ede9,0x7cb770d0513c30e0cb45e4899e4a2cbeed6f9830,10.00,15m,1780016441,1780017341,1780017600,10.00,9.986359,0.000240,-0.013691,0.000190,-0.013641,-0.001364,sufficient,ok,missing,0,0,0
20260529_162852,tierc-rp-4aced5de1b4806a0ede9,0x7cb770d0513c30e0cb45e4899e4a2cbeed6f9830,10.00,30m,1780016441,1780018241,1780018500,10.00,9.972087,0.000479,-0.028203,0.000190,-0.027913,-0.002791,sufficient,ok,missing,0,0,0
20260529_162852,tierc-rp-4aced5de1b4806a0ede9,0x7cb770d0513c30e0cb45e4899e4a2cbeed6f9830,10.00,1h,1780016441,1780020041,1780020300,10.00,10.121489,0.000959,0.120720,0.000190,0.121489,0.012149,sufficient,ok,missing,0,0,0
20260529_162852,tierc-rp-4aced5de1b4806a0ede9,0x7cb770d0513c30e0cb45e4899e4a2cbeed6f9830,10.00,2h,1780016441,1780023641,1780023900,10.00,10.108799,0.001917,0.107072,0.000190,0.108799,0.010880,sufficient,ok,missing,0,0,0
20260529_162852,tierc-rp-4aced5de1b4806a0ede9,0x7cb770d0513c30e0cb45e4899e4a2cbeed6f9830,10.00,6h,1780016441,1780038041,1780038300,10.00,10.104629,0.005752,0.099067,0.000190,0.104629,0.010463,sufficient,ok,missing,0,0,0
20260529_162852,tierc-rp-46d3eb543bd2d5e3f986,0x7cb770d0513c30e0cb45e4899e4a2cbeed6f9830,20.00,15m,1780016441,1780017341,1780017600,20.00,19.972338,0.000479,-0.027383,0.000759,-0.027662,-0.001383,sufficient,ok,missing,0,0,0
20260529_162852,tierc-rp-46d3eb543bd2d5e3f986,0x7cb770d0513c30e0cb45e4899e4a2cbeed6f9830,20.00,30m,1780016441,1780018241,1780018500,20.00,19.943794,0.000959,-0.056406,0.000759,-0.056206,-0.002810,sufficient,ok,missing,0,0,0
20260529_162852,tierc-rp-46d3eb543bd2d5e3f986,0x7cb770d0513c30e0cb45e4899e4a2cbeed6f9830,20.00,1h,1780016441,1780020041,1780020300,20.00,20.242598,0.001917,0.241440,0.000759,0.242598,0.012130,sufficient,ok,missing,0,0,0
20260529_162852,tierc-rp-46d3eb543bd2d5e3f986,0x7cb770d0513c30e0cb45e4899e4a2cbeed6f9830,20.00,2h,1780016441,1780023641,1780023900,20.00,20.217219,0.003834,0.214143,0.000759,0.217219,0.010861,sufficient,ok,missing,0,0,0
20260529_162852,tierc-rp-46d3eb543bd2d5e3f986,0x7cb770d0513c30e0cb45e4899e4a2cbeed6f9830,20.00,6h,1780016441,1780038041,1780038300,20.00,20.208879,0.011503,0.198134,0.000759,0.208879,0.010444,sufficient,ok,missing,0,0,0
20260529_162852,tierc-rp-fc1635fdcdbaf564b506,0x7cb770d0513c30e0cb45e4899e4a2cbeed6f9830,50.00,15m,1780016441,1780017341,1780017600,50.00,49.928000,0.001198,-0.068457,0.004742,-0.072000,-0.001440,sufficient,ok,missing,0,0,0
20260529_162852,tierc-rp-fc1635fdcdbaf564b506,0x7cb770d0513c30e0cb45e4899e4a2cbeed6f9830,50.00,30m,1780016441,1780018241,1780018500,50.00,49.856641,0.002397,-0.141014,0.004742,-0.143359,-0.002867,sufficient,ok,missing,0,0,0
20260529_162852,tierc-rp-fc1635fdcdbaf564b506,0x7cb770d0513c30e0cb45e4899e4a2cbeed6f9830,50.00,1h,1780016441,1780020041,1780020300,50.00,50.603651,0.004793,0.603600,0.004742,0.603651,0.012073,sufficient,ok,missing,0,0,0
20260529_162852,tierc-rp-fc1635fdcdbaf564b506,0x7cb770d0513c30e0cb45e4899e4a2cbeed6f9830,50.00,2h,1780016441,1780023641,1780023900,50.00,50.540203,0.009586,0.535358,0.004742,0.540203,0.010804,sufficient,ok,missing,0,0,0
20260529_162852,tierc-rp-fc1635fdcdbaf564b506,0x7cb770d0513c30e0cb45e4899e4a2cbeed6f9830,50.00,6h,1780016441,1780038041,1780038300,50.00,50.519352,0.028758,0.495336,0.004742,0.519352,0.010387,sufficient,ok,missing,0,0,0
20260529_162852,tierc-rp-58f3cad2b4399cf0daf7,0x7cb770d0513c30e0cb45e4899e4a2cbeed6f9830,10.00,15m,1780023340,1780024240,1780024500,10.00,10.030577,0.000240,0.030527,0.000190,0.030577,0.003058,sufficient,ok,missing,0,0,0
20260529_162852,tierc-rp-58f3cad2b4399cf0daf7,0x7cb770d0513c30e0cb45e4899e4a2cbeed6f9830,10.00,30m,1780023340,1780025140,1780025400,10.00,10.232660,0.000479,0.232371,0.000190,0.232660,0.023266,sufficient,ok,missing,0,0,0
20260529_162852,tierc-rp-58f3cad2b4399cf0daf7,0x7cb770d0513c30e0cb45e4899e4a2cbeed6f9830,10.00,1h,1780023340,1780026940,1780027200,10.00,9.988429,0.000959,-0.012340,0.000190,-0.011571,-0.001157,sufficient,ok,missing,0,0,0
20260529_162852,tierc-rp-58f3cad2b4399cf0daf7,0x7cb770d0513c30e0cb45e4899e4a2cbeed6f9830,10.00,2h,1780023340,1780030540,1780030800,10.00,10.179769,0.001917,0.178042,0.000190,0.179769,0.017977,sufficient,ok,missing,0,0,0
20260529_162852,tierc-rp-58f3cad2b4399cf0daf7,0x7cb770d0513c30e0cb45e4899e4a2cbeed6f9830,10.00,6h,1780023340,1780044940,,10.00,missing,0.005752,missing,0.000190,missing,missing,unknown,missing_exit_data,missing_exit_candle,0,0,0
20260529_162852,tierc-rp-7321f8ad8f28d767fc8c,0x7cb770d0513c30e0cb45e4899e4a2cbeed6f9830,20.00,15m,1780023340,1780024240,1780024500,20.00,20.060776,0.000479,0.061055,0.000759,0.060776,0.003039,sufficient,ok,missing,0,0,0
20260529_162852,tierc-rp-7321f8ad8f28d767fc8c,0x7cb770d0513c30e0cb45e4899e4a2cbeed6f9830,20.00,30m,1780023340,1780025140,1780025400,20.00,20.464941,0.000959,0.464741,0.000759,0.464941,0.023247,sufficient,ok,missing,0,0,0
20260529_162852,tierc-rp-7321f8ad8f28d767fc8c,0x7cb770d0513c30e0cb45e4899e4a2cbeed6f9830,20.00,1h,1780023340,1780026940,1780027200,20.00,19.976478,0.001917,-0.024681,0.000759,-0.023522,-0.001176,sufficient,ok,missing,0,0,0
20260529_162852,tierc-rp-7321f8ad8f28d767fc8c,0x7cb770d0513c30e0cb45e4899e4a2cbeed6f9830,20.00,2h,1780023340,1780030540,1780030800,20.00,20.359159,0.003834,0.356083,0.000759,0.359159,0.017958,sufficient,ok,missing,0,0,0
20260529_162852,tierc-rp-7321f8ad8f28d767fc8c,0x7cb770d0513c30e0cb45e4899e4a2cbeed6f9830,20.00,6h,1780023340,1780044940,,20.00,missing,0.011503,missing,0.000759,missing,missing,unknown,missing_exit_data,missing_exit_candle,0,0,0
20260529_162852,tierc-rp-f3865060b1a47cd73ed9,0x7cb770d0513c30e0cb45e4899e4a2cbeed6f9830,50.00,15m,1780023340,1780024240,1780024500,50.00,50.149094,0.001198,0.152637,0.004742,0.149094,0.002982,sufficient,ok,missing,0,0,0
20260529_162852,tierc-rp-f3865060b1a47cd73ed9,0x7cb770d0513c30e0cb45e4899e4a2cbeed6f9830,50.00,30m,1780023340,1780025140,1780025400,50.00,51.159508,0.002397,1.161854,0.004742,1.159508,0.023190,sufficient,ok,missing,0,0,0
20260529_162852,tierc-rp-f3865060b1a47cd73ed9,0x7cb770d0513c30e0cb45e4899e4a2cbeed6f9830,50.00,1h,1780023340,1780026940,1780027200,50.00,49.938350,0.004793,-0.061702,0.004742,-0.061650,-0.001233,sufficient,ok,missing,0,0,0
20260529_162852,tierc-rp-f3865060b1a47cd73ed9,0x7cb770d0513c30e0cb45e4899e4a2cbeed6f9830,50.00,2h,1780023340,1780030540,1780030800,50.00,50.895052,0.009586,0.890208,0.004742,0.895052,0.017901,sufficient,ok,missing,0,0,0
20260529_162852,tierc-rp-f3865060b1a47cd73ed9,0x7cb770d0513c30e0cb45e4899e4a2cbeed6f9830,50.00,6h,1780023340,1780044940,,50.00,missing,0.028758,missing,0.004742,missing,missing,unknown,missing_exit_data,missing_exit_candle,0,0,0
20260529_162852,tierc-rp-185404bb9e29725b1511,0x7cb770d0513c30e0cb45e4899e4a2cbeed6f9830,10.00,15m,1780023640,1780024540,1780024800,10.00,10.018189,0.000240,0.018139,0.000190,0.018189,0.001819,sufficient,ok,missing,0,0,0
20260529_162852,tierc-rp-185404bb9e29725b1511,0x7cb770d0513c30e0cb45e4899e4a2cbeed6f9830,10.00,30m,1780023640,1780025440,1780025700,10.00,10.008510,0.000479,0.008220,0.000190,0.008510,0.000851,sufficient,ok,missing,0,0,0
20260529_162852,tierc-rp-185404bb9e29725b1511,0x7cb770d0513c30e0cb45e4899e4a2cbeed6f9830,10.00,1h,1780023640,1780027240,1780027500,10.00,9.891295,0.000959,-0.109474,0.000190,-0.108705,-0.010870,sufficient,ok,missing,0,0,0
20260529_162852,tierc-rp-185404bb9e29725b1511,0x7cb770d0513c30e0cb45e4899e4a2cbeed6f9830,10.00,2h,1780023640,1780030840,1780031100,10.00,10.181817,0.001917,0.180090,0.000190,0.181817,0.018182,sufficient,ok,missing,0,0,0
20260529_162852,tierc-rp-185404bb9e29725b1511,0x7cb770d0513c30e0cb45e4899e4a2cbeed6f9830,10.00,6h,1780023640,1780045240,,10.00,missing,0.005752,missing,0.000190,missing,missing,unknown,missing_exit_data,missing_exit_candle,0,0,0
20260529_162852,tierc-rp-3a3046f489df80dd1888,0x7cb770d0513c30e0cb45e4899e4a2cbeed6f9830,20.00,15m,1780023640,1780024540,1780024800,20.00,20.035999,0.000479,0.036278,0.000759,0.035999,0.001800,sufficient,ok,missing,0,0,0
20260529_162852,tierc-rp-3a3046f489df80dd1888,0x7cb770d0513c30e0cb45e4899e4a2cbeed6f9830,20.00,30m,1780023640,1780025440,1780025700,20.00,20.016641,0.000959,0.016441,0.000759,0.016641,0.000832,sufficient,ok,missing,0,0,0
20260529_162852,tierc-rp-3a3046f489df80dd1888,0x7cb770d0513c30e0cb45e4899e4a2cbeed6f9830,20.00,1h,1780023640,1780027240,1780027500,20.00,19.782211,0.001917,-0.218947,0.000759,-0.217789,-0.010889,sufficient,ok,missing,0,0,0
20260529_162852,tierc-rp-3a3046f489df80dd1888,0x7cb770d0513c30e0cb45e4899e4a2cbeed6f9830,20.00,2h,1780023640,1780030840,1780031100,20.00,20.363256,0.003834,0.360180,0.000759,0.363256,0.018163,sufficient,ok,missing,0,0,0
20260529_162852,tierc-rp-3a3046f489df80dd1888,0x7cb770d0513c30e0cb45e4899e4a2cbeed6f9830,20.00,6h,1780023640,1780045240,,20.00,missing,0.011503,missing,0.000759,missing,missing,unknown,missing_exit_data,missing_exit_candle,0,0,0
20260529_162852,tierc-rp-c3b20357a0fa8e78ea26,0x7cb770d0513c30e0cb45e4899e4a2cbeed6f9830,50.00,15m,1780023640,1780024540,1780024800,50.00,50.087152,0.001198,0.090695,0.004742,0.087152,0.001743,sufficient,ok,missing,0,0,0
20260529_162852,tierc-rp-c3b20357a0fa8e78ea26,0x7cb770d0513c30e0cb45e4899e4a2cbeed6f9830,50.00,30m,1780023640,1780025440,1780025700,50.00,50.038756,0.002397,0.041101,0.004742,0.038756,0.000775,sufficient,ok,missing,0,0,0
20260529_162852,tierc-rp-c3b20357a0fa8e78ea26,0x7cb770d0513c30e0cb45e4899e4a2cbeed6f9830,50.00,1h,1780023640,1780027240,1780027500,50.00,49.452683,0.004793,-0.547369,0.004742,-0.547317,-0.010946,sufficient,ok,missing,0,0,0
20260529_162852,tierc-rp-c3b20357a0fa8e78ea26,0x7cb770d0513c30e0cb45e4899e4a2cbeed6f9830,50.00,2h,1780023640,1780030840,1780031100,50.00,50.905294,0.009586,0.900449,0.004742,0.905294,0.018106,sufficient,ok,missing,0,0,0
20260529_162852,tierc-rp-c3b20357a0fa8e78ea26,0x7cb770d0513c30e0cb45e4899e4a2cbeed6f9830,50.00,6h,1780023640,1780045240,,50.00,missing,0.028758,missing,0.004742,missing,missing,unknown,missing_exit_data,missing_exit_candle,0,0,0
20260529_162852,tierc-rp-a824b6df7f2a1a9e76e9,0x7cb770d0513c30e0cb45e4899e4a2cbeed6f9830,10.00,15m,1780027240,1780028140,1780028400,10.00,9.916687,0.000240,-0.083363,0.000190,-0.083313,-0.008331,sufficient,ok,missing,0,1,0
20260529_162852,tierc-rp-a824b6df7f2a1a9e76e9,0x7cb770d0513c30e0cb45e4899e4a2cbeed6f9830,10.00,30m,1780027240,1780029040,1780029300,10.00,9.977879,0.000479,-0.022410,0.000190,-0.022121,-0.002212,sufficient,ok,missing,0,1,0
20260529_162852,tierc-rp-a824b6df7f2a1a9e76e9,0x7cb770d0513c30e0cb45e4899e4a2cbeed6f9830,10.00,1h,1780027240,1780030840,1780031100,10.00,10.202525,0.000959,0.201756,0.000190,0.202525,0.020252,sufficient,ok,missing,0,1,0
20260529_162852,tierc-rp-a824b6df7f2a1a9e76e9,0x7cb770d0513c30e0cb45e4899e4a2cbeed6f9830,10.00,2h,1780027240,1780034440,1780034700,10.00,10.200164,0.001917,0.198436,0.000190,0.200164,0.020016,sufficient,ok,missing,0,1,0
20260529_162852,tierc-rp-a824b6df7f2a1a9e76e9,0x7cb770d0513c30e0cb45e4899e4a2cbeed6f9830,10.00,6h,1780027240,1780048840,,10.00,missing,0.005752,missing,0.000190,missing,missing,unknown,missing_exit_data,missing_exit_candle,0,0,0
20260529_162852,tierc-rp-43a0c47b713d144628f6,0x7cb770d0513c30e0cb45e4899e4a2cbeed6f9830,20.00,15m,1780027240,1780028140,1780028400,20.00,19.832995,0.000479,-0.166726,0.000759,-0.167005,-0.008350,sufficient,ok,missing,0,1,0
20260529_162852,tierc-rp-43a0c47b713d144628f6,0x7cb770d0513c30e0cb45e4899e4a2cbeed6f9830,20.00,30m,1780027240,1780029040,1780029300,20.00,19.955380,0.000959,-0.044820,0.000759,-0.044620,-0.002231,sufficient,ok,missing,0,1,0
20260529_162852,tierc-rp-43a0c47b713d144628f6,0x7cb770d0513c30e0cb45e4899e4a2cbeed6f9830,20.00,1h,1780027240,1780030840,1780031100,20.00,20.404670,0.001917,0.403512,0.000759,0.404670,0.020234,sufficient,ok,missing,0,1,0
20260529_162852,tierc-rp-43a0c47b713d144628f6,0x7cb770d0513c30e0cb45e4899e4a2cbeed6f9830,20.00,2h,1780027240,1780034440,1780034700,20.00,20.399949,0.003834,0.396873,0.000759,0.399949,0.019997,sufficient,ok,missing,0,1,0
20260529_162852,tierc-rp-43a0c47b713d144628f6,0x7cb770d0513c30e0cb45e4899e4a2cbeed6f9830,20.00,6h,1780027240,1780048840,,20.00,missing,0.011503,missing,0.000759,missing,missing,unknown,missing_exit_data,missing_exit_candle,0,0,0
20260529_162852,tierc-rp-607ca3a41c02d07be429,0x7cb770d0513c30e0cb45e4899e4a2cbeed6f9830,50.00,15m,1780027240,1780028140,1780028400,50.00,49.579642,0.001198,-0.416814,0.004742,-0.420358,-0.008407,sufficient,ok,missing,0,1,0
20260529_162852,tierc-rp-607ca3a41c02d07be429,0x7cb770d0513c30e0cb45e4899e4a2cbeed6f9830,50.00,30m,1780027240,1780029040,1780029300,50.00,49.885604,0.002397,-0.112051,0.004742,-0.114396,-0.002288,sufficient,ok,missing,0,1,0
20260529_162852,tierc-rp-607ca3a41c02d07be429,0x7cb770d0513c30e0cb45e4899e4a2cbeed6f9830,50.00,1h,1780027240,1780030840,1780031100,50.00,51.008831,0.004793,1.008779,0.004742,1.008831,0.020177,sufficient,ok,missing,0,1,0
20260529_162852,tierc-rp-607ca3a41c02d07be429,0x7cb770d0513c30e0cb45e4899e4a2cbeed6f9830,50.00,2h,1780027240,1780034440,1780034700,50.00,50.997026,0.009586,0.992182,0.004742,0.997026,0.019941,sufficient,ok,missing,0,1,0
20260529_162852,tierc-rp-607ca3a41c02d07be429,0x7cb770d0513c30e0cb45e4899e4a2cbeed6f9830,50.00,6h,1780027240,1780048840,,50.00,missing,0.028758,missing,0.004742,missing,missing,unknown,missing_exit_data,missing_exit_candle,0,0,0
20260529_162852,tierc-rp-be806b4a485afe6e0170,0x7cb770d0513c30e0cb45e4899e4a2cbeed6f9830,10.00,15m,1780031200,1780032100,1780032300,10.00,9.991456,0.000240,-0.008594,0.000190,-0.008544,-0.000854,sufficient,ok,missing,0,1,0
20260529_162852,tierc-rp-be806b4a485afe6e0170,0x7cb770d0513c30e0cb45e4899e4a2cbeed6f9830,10.00,30m,1780031200,1780033000,1780033200,10.00,9.982822,0.000479,-0.017467,0.000190,-0.017178,-0.001718,sufficient,ok,missing,0,0,0
20260529_162852,tierc-rp-be806b4a485afe6e0170,0x7cb770d0513c30e0cb45e4899e4a2cbeed6f9830,10.00,1h,1780031200,1780034800,1780035000,10.00,10.016723,0.000959,0.015954,0.000190,0.016723,0.001672,sufficient,ok,missing,0,0,0
20260529_162852,tierc-rp-be806b4a485afe6e0170,0x7cb770d0513c30e0cb45e4899e4a2cbeed6f9830,10.00,2h,1780031200,1780038400,1780038600,10.00,10.042326,0.001917,0.040598,0.000190,0.042326,0.004233,sufficient,ok,missing,0,0,0
20260529_162852,tierc-rp-be806b4a485afe6e0170,0x7cb770d0513c30e0cb45e4899e4a2cbeed6f9830,10.00,6h,1780031200,1780052800,,10.00,missing,0.005752,missing,0.000190,missing,missing,unknown,missing_exit_data,missing_exit_candle,0,0,0
20260529_162852,tierc-rp-a5bdfa588369140ec655,0x7cb770d0513c30e0cb45e4899e4a2cbeed6f9830,20.00,15m,1780031200,1780032100,1780032300,20.00,19.982534,0.000479,-0.017187,0.000759,-0.017466,-0.000873,sufficient,ok,missing,0,1,0
20260529_162852,tierc-rp-a5bdfa588369140ec655,0x7cb770d0513c30e0cb45e4899e4a2cbeed6f9830,20.00,30m,1780031200,1780033000,1780033200,20.00,19.965265,0.000959,-0.034935,0.000759,-0.034735,-0.001737,sufficient,ok,missing,0,0,0
20260529_162852,tierc-rp-a5bdfa588369140ec655,0x7cb770d0513c30e0cb45e4899e4a2cbeed6f9830,20.00,1h,1780031200,1780034800,1780035000,20.00,20.033066,0.001917,0.031908,0.000759,0.033066,0.001653,sufficient,ok,missing,0,0,0
20260529_162852,tierc-rp-a5bdfa588369140ec655,0x7cb770d0513c30e0cb45e4899e4a2cbeed6f9830,20.00,2h,1780031200,1780038400,1780038600,20.00,20.084272,0.003834,0.081197,0.000759,0.084272,0.004214,sufficient,ok,missing,0,0,0
20260529_162852,tierc-rp-a5bdfa588369140ec655,0x7cb770d0513c30e0cb45e4899e4a2cbeed6f9830,20.00,6h,1780031200,1780052800,,20.00,missing,0.011503,missing,0.000759,missing,missing,unknown,missing_exit_data,missing_exit_candle,0,0,0
20260529_162852,tierc-rp-338e5a61b39cc51eccb0,0x7cb770d0513c30e0cb45e4899e4a2cbeed6f9830,50.00,15m,1780031200,1780032100,1780032300,50.00,49.953489,0.001198,-0.042968,0.004742,-0.046511,-0.000930,sufficient,ok,missing,0,1,0
20260529_162852,tierc-rp-338e5a61b39cc51eccb0,0x7cb770d0513c30e0cb45e4899e4a2cbeed6f9830,50.00,30m,1780031200,1780033000,1780033200,50.00,49.910318,0.002397,-0.087337,0.004742,-0.089682,-0.001794,sufficient,ok,missing,0,0,0
20260529_162852,tierc-rp-338e5a61b39cc51eccb0,0x7cb770d0513c30e0cb45e4899e4a2cbeed6f9830,50.00,1h,1780031200,1780034800,1780035000,50.00,50.079820,0.004793,0.079769,0.004742,0.079820,0.001596,sufficient,ok,missing,0,0,0
20260529_162852,tierc-rp-338e5a61b39cc51eccb0,0x7cb770d0513c30e0cb45e4899e4a2cbeed6f9830,50.00,2h,1780031200,1780038400,1780038600,50.00,50.207836,0.009586,0.202991,0.004742,0.207836,0.004157,sufficient,ok,missing,0,0,0
20260529_162852,tierc-rp-338e5a61b39cc51eccb0,0x7cb770d0513c30e0cb45e4899e4a2cbeed6f9830,50.00,6h,1780031200,1780052800,,50.00,missing,0.028758,missing,0.004742,missing,missing,unknown,missing_exit_data,missing_exit_candle,0,0,0
20260529_162852,tierc-rp-226e31fdc8ea25a4019b,0x7cb770d0513c30e0cb45e4899e4a2cbeed6f9830,10.00,15m,1780037348,1780038248,1780038300,10.00,10.217144,0.000240,0.217094,0.000190,0.217144,0.021714,sufficient,ok,missing,0,0,0
20260529_162852,tierc-rp-226e31fdc8ea25a4019b,0x7cb770d0513c30e0cb45e4899e4a2cbeed6f9830,10.00,30m,1780037348,1780039148,1780039200,10.00,10.253313,0.000479,0.253023,0.000190,0.253313,0.025331,sufficient,ok,missing,0,0,0
20260529_162852,tierc-rp-226e31fdc8ea25a4019b,0x7cb770d0513c30e0cb45e4899e4a2cbeed6f9830,10.00,1h,1780037348,1780040948,1780041000,10.00,10.220788,0.000959,0.220019,0.000190,0.220788,0.022079,sufficient,ok,missing,0,0,0
20260529_162852,tierc-rp-226e31fdc8ea25a4019b,0x7cb770d0513c30e0cb45e4899e4a2cbeed6f9830,10.00,2h,1780037348,1780044548,,10.00,missing,0.001917,missing,0.000190,missing,missing,unknown,missing_exit_data,missing_exit_candle,0,0,0
20260529_162852,tierc-rp-226e31fdc8ea25a4019b,0x7cb770d0513c30e0cb45e4899e4a2cbeed6f9830,10.00,6h,1780037348,1780058948,,10.00,missing,0.005752,missing,0.000190,missing,missing,unknown,missing_exit_data,missing_exit_candle,0,0,0
20260529_162852,tierc-rp-0bba1e6ff210d8cec061,0x7cb770d0513c30e0cb45e4899e4a2cbeed6f9830,20.00,15m,1780037348,1780038248,1780038300,20.00,20.433908,0.000479,0.434187,0.000759,0.433908,0.021695,sufficient,ok,missing,0,0,0
20260529_162852,tierc-rp-0bba1e6ff210d8cec061,0x7cb770d0513c30e0cb45e4899e4a2cbeed6f9830,20.00,30m,1780037348,1780039148,1780039200,20.00,20.506246,0.000959,0.506046,0.000759,0.506246,0.025312,sufficient,ok,missing,0,0,0
20260529_162852,tierc-rp-0bba1e6ff210d8cec061,0x7cb770d0513c30e0cb45e4899e4a2cbeed6f9830,20.00,1h,1780037348,1780040948,1780041000,20.00,20.441196,0.001917,0.440038,0.000759,0.441196,0.022060,sufficient,ok,missing,0,0,0
20260529_162852,tierc-rp-0bba1e6ff210d8cec061,0x7cb770d0513c30e0cb45e4899e4a2cbeed6f9830,20.00,2h,1780037348,1780044548,,20.00,missing,0.003834,missing,0.000759,missing,missing,unknown,missing_exit_data,missing_exit_candle,0,0,0
20260529_162852,tierc-rp-0bba1e6ff210d8cec061,0x7cb770d0513c30e0cb45e4899e4a2cbeed6f9830,20.00,6h,1780037348,1780058948,,20.00,missing,0.011503,missing,0.000759,missing,missing,unknown,missing_exit_data,missing_exit_candle,0,0,0
20260529_162852,tierc-rp-ac550e91009ef46fa866,0x7cb770d0513c30e0cb45e4899e4a2cbeed6f9830,50.00,15m,1780037348,1780038248,1780038300,50.00,51.081924,0.001198,1.085468,0.004742,1.081924,0.021638,sufficient,ok,missing,0,0,0
20260529_162852,tierc-rp-ac550e91009ef46fa866,0x7cb770d0513c30e0cb45e4899e4a2cbeed6f9830,50.00,30m,1780037348,1780039148,1780039200,50.00,51.262770,0.002397,1.265115,0.004742,1.262770,0.025255,sufficient,ok,missing,0,0,0
20260529_162852,tierc-rp-ac550e91009ef46fa866,0x7cb770d0513c30e0cb45e4899e4a2cbeed6f9830,50.00,1h,1780037348,1780040948,1780041000,50.00,51.100146,0.004793,1.100094,0.004742,1.100146,0.022003,sufficient,ok,missing,0,0,0
20260529_162852,tierc-rp-ac550e91009ef46fa866,0x7cb770d0513c30e0cb45e4899e4a2cbeed6f9830,50.00,2h,1780037348,1780044548,,50.00,missing,0.009586,missing,0.004742,missing,missing,unknown,missing_exit_data,missing_exit_candle,0,0,0
20260529_162852,tierc-rp-ac550e91009ef46fa866,0x7cb770d0513c30e0cb45e4899e4a2cbeed6f9830,50.00,6h,1780037348,1780058948,,50.00,missing,0.028758,missing,0.004742,missing,missing,unknown,missing_exit_data,missing_exit_candle,0,0,0
20260529_162852,tierc-rp-76213a89cf6484863cc4,0x7cb770d0513c30e0cb45e4899e4a2cbeed6f9830,10.00,15m,1780038040,1780038940,1780039200,10.00,10.243862,0.000240,0.243812,0.000190,0.243862,0.024386,sufficient,ok,missing,0,0,0
20260529_162852,tierc-rp-76213a89cf6484863cc4,0x7cb770d0513c30e0cb45e4899e4a2cbeed6f9830,10.00,30m,1780038040,1780039840,1780040100,10.00,10.192282,0.000479,0.191993,0.000190,0.192282,0.019228,sufficient,ok,missing,0,0,0
20260529_162852,tierc-rp-76213a89cf6484863cc4,0x7cb770d0513c30e0cb45e4899e4a2cbeed6f9830,10.00,1h,1780038040,1780041640,1780041900,10.00,10.025681,0.000959,0.024912,0.000190,0.025681,0.002568,sufficient,ok,missing,0,0,0
20260529_162852,tierc-rp-76213a89cf6484863cc4,0x7cb770d0513c30e0cb45e4899e4a2cbeed6f9830,10.00,2h,1780038040,1780045240,,10.00,missing,0.001917,missing,0.000190,missing,missing,unknown,missing_exit_data,missing_exit_candle,0,0,0
20260529_162852,tierc-rp-76213a89cf6484863cc4,0x7cb770d0513c30e0cb45e4899e4a2cbeed6f9830,10.00,6h,1780038040,1780059640,,10.00,missing,0.005752,missing,0.000190,missing,missing,unknown,missing_exit_data,missing_exit_candle,0,0,0
20260529_162852,tierc-rp-c6e4ffadfdbe7ba582a1,0x7cb770d0513c30e0cb45e4899e4a2cbeed6f9830,20.00,15m,1780038040,1780038940,1780039200,20.00,20.487345,0.000479,0.487624,0.000759,0.487345,0.024367,sufficient,ok,missing,0,0,0
20260529_162852,tierc-rp-c6e4ffadfdbe7ba582a1,0x7cb770d0513c30e0cb45e4899e4a2cbeed6f9830,20.00,30m,1780038040,1780039840,1780040100,20.00,20.384185,0.000959,0.383985,0.000759,0.384185,0.019209,sufficient,ok,missing,0,0,0
20260529_162852,tierc-rp-c6e4ffadfdbe7ba582a1,0x7cb770d0513c30e0cb45e4899e4a2cbeed6f9830,20.00,1h,1780038040,1780041640,1780041900,20.00,20.050983,0.001917,0.049824,0.000759,0.050983,0.002549,sufficient,ok,missing,0,0,0
20260529_162852,tierc-rp-c6e4ffadfdbe7ba582a1,0x7cb770d0513c30e0cb45e4899e4a2cbeed6f9830,20.00,2h,1780038040,1780045240,,20.00,missing,0.003834,missing,0.000759,missing,missing,unknown,missing_exit_data,missing_exit_candle,0,0,0
20260529_162852,tierc-rp-c6e4ffadfdbe7ba582a1,0x7cb770d0513c30e0cb45e4899e4a2cbeed6f9830,20.00,6h,1780038040,1780059640,,20.00,missing,0.011503,missing,0.000759,missing,missing,unknown,missing_exit_data,missing_exit_candle,0,0,0
20260529_162852,tierc-rp-867c89ffc7da5532557e,0x7cb770d0513c30e0cb45e4899e4a2cbeed6f9830,50.00,15m,1780038040,1780038940,1780039200,50.00,51.215516,0.001198,1.219060,0.004742,1.215516,0.024310,sufficient,ok,missing,0,0,0
20260529_162852,tierc-rp-867c89ffc7da5532557e,0x7cb770d0513c30e0cb45e4899e4a2cbeed6f9830,50.00,30m,1780038040,1780039840,1780040100,50.00,50.957618,0.002397,0.959963,0.004742,0.957618,0.019152,sufficient,ok,missing,0,0,0
20260529_162852,tierc-rp-867c89ffc7da5532557e,0x7cb770d0513c30e0cb45e4899e4a2cbeed6f9830,50.00,1h,1780038040,1780041640,1780041900,50.00,50.124613,0.004793,0.124561,0.004742,0.124613,0.002492,sufficient,ok,missing,0,0,0
20260529_162852,tierc-rp-867c89ffc7da5532557e,0x7cb770d0513c30e0cb45e4899e4a2cbeed6f9830,50.00,2h,1780038040,1780045240,,50.00,missing,0.009586,missing,0.004742,missing,missing,unknown,missing_exit_data,missing_exit_candle,0,0,0
20260529_162852,tierc-rp-867c89ffc7da5532557e,0x7cb770d0513c30e0cb45e4899e4a2cbeed6f9830,50.00,6h,1780038040,1780059640,,50.00,missing,0.028758,missing,0.004742,missing,missing,unknown,missing_exit_data,missing_exit_candle,0,0,0
20260529_162852,tierc-rp-f6111d5832aa118399a4,0x7cb770d0513c30e0cb45e4899e4a2cbeed6f9830,10.00,15m,1780041640,1780042540,1780042800,10.00,10.214763,0.000240,0.214713,0.000190,0.214763,0.021476,sufficient,ok,missing,0,0,0
20260529_162852,tierc-rp-f6111d5832aa118399a4,0x7cb770d0513c30e0cb45e4899e4a2cbeed6f9830,10.00,30m,1780041640,1780043440,,10.00,missing,0.000479,missing,0.000190,missing,missing,unknown,missing_exit_data,missing_exit_candle,0,0,0
20260529_162852,tierc-rp-f6111d5832aa118399a4,0x7cb770d0513c30e0cb45e4899e4a2cbeed6f9830,10.00,1h,1780041640,1780045240,,10.00,missing,0.000959,missing,0.000190,missing,missing,unknown,missing_exit_data,missing_exit_candle,0,0,0
20260529_162852,tierc-rp-f6111d5832aa118399a4,0x7cb770d0513c30e0cb45e4899e4a2cbeed6f9830,10.00,2h,1780041640,1780048840,,10.00,missing,0.001917,missing,0.000190,missing,missing,unknown,missing_exit_data,missing_exit_candle,0,0,0
20260529_162852,tierc-rp-f6111d5832aa118399a4,0x7cb770d0513c30e0cb45e4899e4a2cbeed6f9830,10.00,6h,1780041640,1780063240,,10.00,missing,0.005752,missing,0.000190,missing,missing,unknown,missing_exit_data,missing_exit_candle,0,0,0
20260529_162852,tierc-rp-8bbc8d4ab74ce8230eac,0x7cb770d0513c30e0cb45e4899e4a2cbeed6f9830,20.00,15m,1780041640,1780042540,1780042800,20.00,20.429146,0.000479,0.429425,0.000759,0.429146,0.021457,sufficient,ok,missing,0,0,0
20260529_162852,tierc-rp-8bbc8d4ab74ce8230eac,0x7cb770d0513c30e0cb45e4899e4a2cbeed6f9830,20.00,30m,1780041640,1780043440,,20.00,missing,0.000959,missing,0.000759,missing,missing,unknown,missing_exit_data,missing_exit_candle,0,0,0
20260529_162852,tierc-rp-8bbc8d4ab74ce8230eac,0x7cb770d0513c30e0cb45e4899e4a2cbeed6f9830,20.00,1h,1780041640,1780045240,,20.00,missing,0.001917,missing,0.000759,missing,missing,unknown,missing_exit_data,missing_exit_candle,0,0,0
20260529_162852,tierc-rp-8bbc8d4ab74ce8230eac,0x7cb770d0513c30e0cb45e4899e4a2cbeed6f9830,20.00,2h,1780041640,1780048840,,20.00,missing,0.003834,missing,0.000759,missing,missing,unknown,missing_exit_data,missing_exit_candle,0,0,0
20260529_162852,tierc-rp-8bbc8d4ab74ce8230eac,0x7cb770d0513c30e0cb45e4899e4a2cbeed6f9830,20.00,6h,1780041640,1780063240,,20.00,missing,0.011503,missing,0.000759,missing,missing,unknown,missing_exit_data,missing_exit_candle,0,0,0
20260529_162852,tierc-rp-34a7bc58ccb057ccd88d,0x7cb770d0513c30e0cb45e4899e4a2cbeed6f9830,50.00,15m,1780041640,1780042540,1780042800,50.00,51.070020,0.001198,1.073563,0.004742,1.070020,0.021400,sufficient,ok,missing,0,0,0
20260529_162852,tierc-rp-34a7bc58ccb057ccd88d,0x7cb770d0513c30e0cb45e4899e4a2cbeed6f9830,50.00,30m,1780041640,1780043440,,50.00,missing,0.002397,missing,0.004742,missing,missing,unknown,missing_exit_data,missing_exit_candle,0,0,0
20260529_162852,tierc-rp-34a7bc58ccb057ccd88d,0x7cb770d0513c30e0cb45e4899e4a2cbeed6f9830,50.00,1h,1780041640,1780045240,,50.00,missing,0.004793,missing,0.004742,missing,missing,unknown,missing_exit_data,missing_exit_candle,0,0,0
20260529_162852,tierc-rp-34a7bc58ccb057ccd88d,0x7cb770d0513c30e0cb45e4899e4a2cbeed6f9830,50.00,2h,1780041640,1780048840,,50.00,missing,0.009586,missing,0.004742,missing,missing,unknown,missing_exit_data,missing_exit_candle,0,0,0
20260529_162852,tierc-rp-34a7bc58ccb057ccd88d,0x7cb770d0513c30e0cb45e4899e4a2cbeed6f9830,50.00,6h,1780041640,1780063240,,50.00,missing,0.028758,missing,0.004742,missing,missing,unknown,missing_exit_data,missing_exit_candle,0,0,0
20260529_162852,tierc-rp-0311b2ba58265f1a48b6,0x82dbe18346a8656dbb5e76f74bf3ae279cc16b29,10.00,15m,1779886842,1779887742,1779888000,10.00,9.968986,0.000359,-0.031254,0.000120,-0.031014,-0.003101,sufficient,partial_market_quality,missing,0,1,1
20260529_162852,tierc-rp-0311b2ba58265f1a48b6,0x82dbe18346a8656dbb5e76f74bf3ae279cc16b29,10.00,30m,1779886842,1779888642,1779888900,10.00,9.915024,0.000718,-0.085574,0.000120,-0.084976,-0.008498,sufficient,partial_market_quality,missing,0,0,1
20260529_162852,tierc-rp-0311b2ba58265f1a48b6,0x82dbe18346a8656dbb5e76f74bf3ae279cc16b29,10.00,1h,1779886842,1779890442,1779890700,10.00,9.934571,0.001436,-0.066745,0.000120,-0.065429,-0.006543,sufficient,partial_market_quality,missing,0,0,1
20260529_162852,tierc-rp-0311b2ba58265f1a48b6,0x82dbe18346a8656dbb5e76f74bf3ae279cc16b29,10.00,2h,1779886842,1779894042,1779894300,10.00,9.931046,0.002871,-0.071705,0.000120,-0.068954,-0.006895,sufficient,partial_market_quality,missing,0,0,1
20260529_162852,tierc-rp-0311b2ba58265f1a48b6,0x82dbe18346a8656dbb5e76f74bf3ae279cc16b29,10.00,6h,1779886842,1779908442,1779908700,10.00,9.890559,0.008614,-0.117935,0.000120,-0.109441,-0.010944,sufficient,partial_market_quality,missing,0,0,1
20260529_162852,tierc-rp-a6da035907d47284e2a4,0x82dbe18346a8656dbb5e76f74bf3ae279cc16b29,20.00,15m,1779886842,1779887742,1779888000,20.00,19.937732,0.000718,-0.062507,0.000479,-0.062268,-0.003113,sufficient,partial_market_quality,missing,0,1,1
20260529_162852,tierc-rp-a6da035907d47284e2a4,0x82dbe18346a8656dbb5e76f74bf3ae279cc16b29,20.00,30m,1779886842,1779888642,1779888900,20.00,19.829808,0.001436,-0.171148,0.000479,-0.170192,-0.008510,sufficient,partial_market_quality,missing,0,0,1
20260529_162852,tierc-rp-a6da035907d47284e2a4,0x82dbe18346a8656dbb5e76f74bf3ae279cc16b29,20.00,1h,1779886842,1779890442,1779890700,20.00,19.868902,0.002871,-0.133490,0.000479,-0.131098,-0.006555,sufficient,partial_market_quality,missing,0,0,1
20260529_162852,tierc-rp-a6da035907d47284e2a4,0x82dbe18346a8656dbb5e76f74bf3ae279cc16b29,20.00,2h,1779886842,1779894042,1779894300,20.00,19.861853,0.005742,-0.143410,0.000479,-0.138147,-0.006907,sufficient,partial_market_quality,missing,0,0,1
20260529_162852,tierc-rp-a6da035907d47284e2a4,0x82dbe18346a8656dbb5e76f74bf3ae279cc16b29,20.00,6h,1779886842,1779908442,1779908700,20.00,19.780878,0.017227,-0.235871,0.000479,-0.219122,-0.010956,sufficient,partial_market_quality,missing,0,0,1
20260529_162852,tierc-rp-4e86989c85096f414a86,0x82dbe18346a8656dbb5e76f74bf3ae279cc16b29,50.00,15m,1779886842,1779887742,1779888000,50.00,49.842534,0.001795,-0.156268,0.002992,-0.157466,-0.003149,sufficient,partial_market_quality,missing,0,1,1
20260529_162852,tierc-rp-4e86989c85096f414a86,0x82dbe18346a8656dbb5e76f74bf3ae279cc16b29,50.00,30m,1779886842,1779888642,1779888900,50.00,49.572726,0.003589,-0.427871,0.002992,-0.427274,-0.008545,sufficient,partial_market_quality,missing,0,0,1
20260529_162852,tierc-rp-4e86989c85096f414a86,0x82dbe18346a8656dbb5e76f74bf3ae279cc16b29,50.00,1h,1779886842,1779890442,1779890700,50.00,49.670461,0.007178,-0.333725,0.002992,-0.329539,-0.006591,sufficient,partial_market_quality,missing,0,0,1
20260529_162852,tierc-rp-4e86989c85096f414a86,0x82dbe18346a8656dbb5e76f74bf3ae279cc16b29,50.00,2h,1779886842,1779894042,1779894300,50.00,49.652838,0.014356,-0.358526,0.002992,-0.347162,-0.006943,sufficient,partial_market_quality,missing,0,0,1
20260529_162852,tierc-rp-4e86989c85096f414a86,0x82dbe18346a8656dbb5e76f74bf3ae279cc16b29,50.00,6h,1779886842,1779908442,1779908700,50.00,49.450399,0.043069,-0.589677,0.002992,-0.549601,-0.010992,sufficient,partial_market_quality,missing,0,0,1
20260529_162852,tierc-rp-08b64b087f022ee78c20,0x82dbe18346a8656dbb5e76f74bf3ae279cc16b29,10.00,15m,1779890441,1779891341,1779891600,10.00,9.956041,0.000359,-0.044198,0.000120,-0.043959,-0.004396,sufficient,partial_market_quality,missing,0,0,1
20260529_162852,tierc-rp-08b64b087f022ee78c20,0x82dbe18346a8656dbb5e76f74bf3ae279cc16b29,10.00,30m,1779890441,1779892241,1779892500,10.00,9.963855,0.000718,-0.036743,0.000120,-0.036145,-0.003614,sufficient,partial_market_quality,missing,0,0,1
20260529_162852,tierc-rp-08b64b087f022ee78c20,0x82dbe18346a8656dbb5e76f74bf3ae279cc16b29,10.00,1h,1779890441,1779894041,1779894300,10.00,9.981758,0.001436,-0.019557,0.000120,-0.018242,-0.001824,sufficient,partial_market_quality,missing,0,0,1
20260529_162852,tierc-rp-08b64b087f022ee78c20,0x82dbe18346a8656dbb5e76f74bf3ae279cc16b29,10.00,2h,1779890441,1779897641,1779897900,10.00,10.005172,0.002871,0.002420,0.000120,0.005172,0.000517,sufficient,partial_market_quality,missing,0,1,1
20260529_162852,tierc-rp-08b64b087f022ee78c20,0x82dbe18346a8656dbb5e76f74bf3ae279cc16b29,10.00,6h,1779890441,1779912041,1779912300,10.00,9.971412,0.008614,-0.037082,0.000120,-0.028588,-0.002859,sufficient,partial_market_quality,missing,0,1,1
20260529_162852,tierc-rp-45835db35984244c4a64,0x82dbe18346a8656dbb5e76f74bf3ae279cc16b29,20.00,15m,1779890441,1779891341,1779891600,20.00,19.911843,0.000718,-0.088396,0.000479,-0.088157,-0.004408,sufficient,partial_market_quality,missing,0,0,1
20260529_162852,tierc-rp-45835db35984244c4a64,0x82dbe18346a8656dbb5e76f74bf3ae279cc16b29,20.00,30m,1779890441,1779892241,1779892500,20.00,19.927471,0.001436,-0.073486,0.000479,-0.072529,-0.003626,sufficient,partial_market_quality,missing,0,0,1
20260529_162852,tierc-rp-45835db35984244c4a64,0x82dbe18346a8656dbb5e76f74bf3ae279cc16b29,20.00,1h,1779890441,1779894041,1779894300,20.00,19.963278,0.002871,-0.039115,0.000479,-0.036722,-0.001836,sufficient,partial_market_quality,missing,0,0,1
20260529_162852,tierc-rp-45835db35984244c4a64,0x82dbe18346a8656dbb5e76f74bf3ae279cc16b29,20.00,2h,1779890441,1779897641,1779897900,20.00,20.010105,0.005742,0.004841,0.000479,0.010105,0.000505,sufficient,partial_market_quality,missing,0,1,1
20260529_162852,tierc-rp-45835db35984244c4a64,0x82dbe18346a8656dbb5e76f74bf3ae279cc16b29,20.00,6h,1779890441,1779912041,1779912300,20.00,19.942585,0.017227,-0.074163,0.000479,-0.057415,-0.002871,sufficient,partial_market_quality,missing,0,1,1
20260529_162852,tierc-rp-73dcbaa15632d59917b4,0x82dbe18346a8656dbb5e76f74bf3ae279cc16b29,50.00,15m,1779890441,1779891341,1779891600,50.00,49.777813,0.001795,-0.220989,0.002992,-0.222187,-0.004444,sufficient,partial_market_quality,missing,0,0,1
20260529_162852,tierc-rp-73dcbaa15632d59917b4,0x82dbe18346a8656dbb5e76f74bf3ae279cc16b29,50.00,30m,1779890441,1779892241,1779892500,50.00,49.816883,0.003589,-0.183714,0.002992,-0.183117,-0.003662,sufficient,partial_market_quality,missing,0,0,1
20260529_162852,tierc-rp-73dcbaa15632d59917b4,0x82dbe18346a8656dbb5e76f74bf3ae279cc16b29,50.00,1h,1779890441,1779894041,1779894300,50.00,49.906399,0.007178,-0.097787,0.002992,-0.093601,-0.001872,sufficient,partial_market_quality,missing,0,0,1
20260529_162852,tierc-rp-73dcbaa15632d59917b4,0x82dbe18346a8656dbb5e76f74bf3ae279cc16b29,50.00,2h,1779890441,1779897641,1779897900,50.00,50.023466,0.014356,0.012102,0.002992,0.023466,0.000469,sufficient,partial_market_quality,missing,0,1,1
20260529_162852,tierc-rp-73dcbaa15632d59917b4,0x82dbe18346a8656dbb5e76f74bf3ae279cc16b29,50.00,6h,1779890441,1779912041,1779912300,50.00,49.854668,0.043069,-0.185408,0.002992,-0.145332,-0.002907,sufficient,partial_market_quality,missing,0,1,1
20260529_162852,tierc-rp-0b724bafe15bf3f9722b,0x82dbe18346a8656dbb5e76f74bf3ae279cc16b29,10.00,15m,1779894039,1779894939,1779895200,10.00,10.034981,0.000359,0.034742,0.000120,0.034981,0.003498,sufficient,partial_market_quality,missing,0,0,1
20260529_162852,tierc-rp-0b724bafe15bf3f9722b,0x82dbe18346a8656dbb5e76f74bf3ae279cc16b29,10.00,30m,1779894039,1779895839,1779896100,10.00,10.060426,0.000718,0.059828,0.000120,0.060426,0.006043,sufficient,partial_market_quality,missing,0,0,1
20260529_162852,tierc-rp-0b724bafe15bf3f9722b,0x82dbe18346a8656dbb5e76f74bf3ae279cc16b29,10.00,1h,1779894039,1779897639,1779897900,10.00,10.027033,0.001436,0.025717,0.000120,0.027033,0.002703,sufficient,partial_market_quality,missing,0,0,1
20260529_162852,tierc-rp-0b724bafe15bf3f9722b,0x82dbe18346a8656dbb5e76f74bf3ae279cc16b29,10.00,2h,1779894039,1779901239,1779901500,10.00,10.003576,0.002871,0.000825,0.000120,0.003576,0.000358,sufficient,partial_market_quality,missing,0,0,1
20260529_162852,tierc-rp-0b724bafe15bf3f9722b,0x82dbe18346a8656dbb5e76f74bf3ae279cc16b29,10.00,6h,1779894039,1779915639,1779915900,10.00,9.990444,0.008614,-0.018050,0.000120,-0.009556,-0.000956,sufficient,partial_market_quality,missing,0,1,1
20260529_162852,tierc-rp-be37dbaf9d91e6e117f3,0x82dbe18346a8656dbb5e76f74bf3ae279cc16b29,20.00,15m,1779894039,1779894939,1779895200,20.00,20.069723,0.000718,0.069484,0.000479,0.069723,0.003486,sufficient,partial_market_quality,missing,0,0,1
20260529_162852,tierc-rp-be37dbaf9d91e6e117f3,0x82dbe18346a8656dbb5e76f74bf3ae279cc16b29,20.00,30m,1779894039,1779895839,1779896100,20.00,20.120613,0.001436,0.119656,0.000479,0.120613,0.006031,sufficient,partial_market_quality,missing,0,0,1
20260529_162852,tierc-rp-be37dbaf9d91e6e117f3,0x82dbe18346a8656dbb5e76f74bf3ae279cc16b29,20.00,1h,1779894039,1779897639,1779897900,20.00,20.053826,0.002871,0.051434,0.000479,0.053826,0.002691,sufficient,partial_market_quality,missing,0,0,1
20260529_162852,tierc-rp-be37dbaf9d91e6e117f3,0x82dbe18346a8656dbb5e76f74bf3ae279cc16b29,20.00,2h,1779894039,1779901239,1779901500,20.00,20.006913,0.005742,0.001650,0.000479,0.006913,0.000346,sufficient,partial_market_quality,missing,0,0,1
20260529_162852,tierc-rp-be37dbaf9d91e6e117f3,0x82dbe18346a8656dbb5e76f74bf3ae279cc16b29,20.00,6h,1779894039,1779915639,1779915900,20.00,19.980648,0.017227,-0.036101,0.000479,-0.019352,-0.000968,sufficient,partial_market_quality,missing,0,1,1
20260529_162852,tierc-rp-ccc4a50ed069ff75b6cc,0x82dbe18346a8656dbb5e76f74bf3ae279cc16b29,50.00,15m,1779894039,1779894939,1779895200,50.00,50.172512,0.001795,0.173710,0.002992,0.172512,0.003450,sufficient,partial_market_quality,missing,0,0,1
20260529_162852,tierc-rp-ccc4a50ed069ff75b6cc,0x82dbe18346a8656dbb5e76f74bf3ae279cc16b29,50.00,30m,1779894039,1779895839,1779896100,50.00,50.299737,0.003589,0.299140,0.002992,0.299737,0.005995,sufficient,partial_market_quality,missing,0,0,1
20260529_162852,tierc-rp-ccc4a50ed069ff75b6cc,0x82dbe18346a8656dbb5e76f74bf3ae279cc16b29,50.00,1h,1779894039,1779897639,1779897900,50.00,50.132770,0.007178,0.128584,0.002992,0.132770,0.002655,sufficient,partial_market_quality,missing,0,0,1
20260529_162852,tierc-rp-ccc4a50ed069ff75b6cc,0x82dbe18346a8656dbb5e76f74bf3ae279cc16b29,50.00,2h,1779894039,1779901239,1779901500,50.00,50.015488,0.014356,0.004124,0.002992,0.015488,0.000310,sufficient,partial_market_quality,missing,0,0,1
20260529_162852,tierc-rp-ccc4a50ed069ff75b6cc,0x82dbe18346a8656dbb5e76f74bf3ae279cc16b29,50.00,6h,1779894039,1779915639,1779915900,50.00,49.949825,0.043069,-0.090251,0.002992,-0.050175,-0.001003,sufficient,partial_market_quality,missing,0,1,1
20260529_162852,tierc-rp-058d1f66f9021143abba,0x82dbe18346a8656dbb5e76f74bf3ae279cc16b29,10.00,15m,1779897640,1779898540,1779898800,10.00,9.962957,0.000359,-0.037282,0.000120,-0.037043,-0.003704,sufficient,partial_market_quality,missing,0,0,1
20260529_162852,tierc-rp-058d1f66f9021143abba,0x82dbe18346a8656dbb5e76f74bf3ae279cc16b29,10.00,30m,1779897640,1779899440,1779899700,10.00,9.957803,0.000718,-0.042795,0.000120,-0.042197,-0.004220,sufficient,partial_market_quality,missing,0,0,1
20260529_162852,tierc-rp-058d1f66f9021143abba,0x82dbe18346a8656dbb5e76f74bf3ae279cc16b29,10.00,1h,1779897640,1779901240,1779901500,10.00,9.967854,0.001436,-0.033462,0.000120,-0.032146,-0.003215,sufficient,partial_market_quality,missing,0,0,1
20260529_162852,tierc-rp-058d1f66f9021143abba,0x82dbe18346a8656dbb5e76f74bf3ae279cc16b29,10.00,2h,1779897640,1779904840,1779905100,10.00,9.905605,0.002871,-0.097147,0.000120,-0.094395,-0.009440,sufficient,partial_market_quality,missing,0,0,1
20260529_162852,tierc-rp-058d1f66f9021143abba,0x82dbe18346a8656dbb5e76f74bf3ae279cc16b29,10.00,6h,1779897640,1779919240,1779919500,10.00,9.804916,0.008614,-0.203578,0.000120,-0.195084,-0.019508,sufficient,partial_market_quality,missing,0,0,1
20260529_162852,tierc-rp-fe3b4e8d40cc2687f81b,0x82dbe18346a8656dbb5e76f74bf3ae279cc16b29,20.00,15m,1779897640,1779898540,1779898800,20.00,19.925674,0.000718,-0.074565,0.000479,-0.074326,-0.003716,sufficient,partial_market_quality,missing,0,0,1
20260529_162852,tierc-rp-fe3b4e8d40cc2687f81b,0x82dbe18346a8656dbb5e76f74bf3ae279cc16b29,20.00,30m,1779897640,1779899440,1779899700,20.00,19.915367,0.001436,-0.085590,0.000479,-0.084633,-0.004232,sufficient,partial_market_quality,missing,0,0,1
20260529_162852,tierc-rp-fe3b4e8d40cc2687f81b,0x82dbe18346a8656dbb5e76f74bf3ae279cc16b29,20.00,1h,1779897640,1779901240,1779901500,20.00,19.935468,0.002871,-0.066925,0.000479,-0.064532,-0.003227,sufficient,partial_market_quality,missing,0,0,1
20260529_162852,tierc-rp-fe3b4e8d40cc2687f81b,0x82dbe18346a8656dbb5e76f74bf3ae279cc16b29,20.00,2h,1779897640,1779904840,1779905100,20.00,19.810970,0.005742,-0.194294,0.000479,-0.189030,-0.009452,sufficient,partial_market_quality,missing,0,0,1
20260529_162852,tierc-rp-fe3b4e8d40cc2687f81b,0x82dbe18346a8656dbb5e76f74bf3ae279cc16b29,20.00,6h,1779897640,1779919240,1779919500,20.00,19.609592,0.017227,-0.407157,0.000479,-0.390408,-0.019520,sufficient,partial_market_quality,missing,0,0,1
20260529_162852,tierc-rp-0f30ea72e196ba0e057d,0x82dbe18346a8656dbb5e76f74bf3ae279cc16b29,50.00,15m,1779897640,1779898540,1779898800,50.00,49.812390,0.001795,-0.186412,0.002992,-0.187610,-0.003752,sufficient,partial_market_quality,missing,0,0,1
20260529_162852,tierc-rp-0f30ea72e196ba0e057d,0x82dbe18346a8656dbb5e76f74bf3ae279cc16b29,50.00,30m,1779897640,1779899440,1779899700,50.00,49.786622,0.003589,-0.213975,0.002992,-0.213378,-0.004268,sufficient,partial_market_quality,missing,0,0,1
20260529_162852,tierc-rp-0f30ea72e196ba0e057d,0x82dbe18346a8656dbb5e76f74bf3ae279cc16b29,50.00,1h,1779897640,1779901240,1779901500,50.00,49.836874,0.007178,-0.167311,0.002992,-0.163126,-0.003263,sufficient,partial_market_quality,missing,0,0,1
20260529_162852,tierc-rp-0f30ea72e196ba0e057d,0x82dbe18346a8656dbb5e76f74bf3ae279cc16b29,50.00,2h,1779897640,1779904840,1779905100,50.00,49.525629,0.014356,-0.485735,0.002992,-0.474371,-0.009487,sufficient,partial_market_quality,missing,0,0,1
20260529_162852,tierc-rp-0f30ea72e196ba0e057d,0x82dbe18346a8656dbb5e76f74bf3ae279cc16b29,50.00,6h,1779897640,1779919240,1779919500,50.00,49.022185,0.043069,-1.017892,0.002992,-0.977815,-0.019556,sufficient,partial_market_quality,missing,0,0,1
20260529_162852,tierc-rp-2e47353130ee8f4cec6a,0x82dbe18346a8656dbb5e76f74bf3ae279cc16b29,10.00,15m,1779901239,1779902139,1779902400,10.00,9.961257,0.000359,-0.038982,0.000120,-0.038743,-0.003874,sufficient,partial_market_quality,missing,0,0,1
20260529_162852,tierc-rp-2e47353130ee8f4cec6a,0x82dbe18346a8656dbb5e76f74bf3ae279cc16b29,10.00,30m,1779901239,1779903039,1779903300,10.00,9.953674,0.000718,-0.046924,0.000120,-0.046326,-0.004633,sufficient,partial_market_quality,missing,0,0,1
20260529_162852,tierc-rp-2e47353130ee8f4cec6a,0x82dbe18346a8656dbb5e76f74bf3ae279cc16b29,10.00,1h,1779901239,1779904839,1779905100,10.00,9.918316,0.001436,-0.083000,0.000120,-0.081684,-0.008168,sufficient,partial_market_quality,missing,0,0,1
20260529_162852,tierc-rp-2e47353130ee8f4cec6a,0x82dbe18346a8656dbb5e76f74bf3ae279cc16b29,10.00,2h,1779901239,1779908439,1779908700,10.00,9.939896,0.002871,-0.062856,0.000120,-0.060104,-0.006010,sufficient,partial_market_quality,missing,0,0,1
20260529_162852,tierc-rp-2e47353130ee8f4cec6a,0x82dbe18346a8656dbb5e76f74bf3ae279cc16b29,10.00,6h,1779901239,1779922839,1779923100,10.00,9.799637,0.008614,-0.208857,0.000120,-0.200363,-0.020036,sufficient,partial_market_quality,missing,0,0,1
20260529_162852,tierc-rp-4566d39f1f090a1becdc,0x82dbe18346a8656dbb5e76f74bf3ae279cc16b29,20.00,15m,1779901239,1779902139,1779902400,20.00,19.922275,0.000718,-0.077964,0.000479,-0.077725,-0.003886,sufficient,partial_market_quality,missing,0,0,1
20260529_162852,tierc-rp-4566d39f1f090a1becdc,0x82dbe18346a8656dbb5e76f74bf3ae279cc16b29,20.00,30m,1779901239,1779903039,1779903300,20.00,19.907109,0.001436,-0.093848,0.000479,-0.092891,-0.004645,sufficient,partial_market_quality,missing,0,0,1
20260529_162852,tierc-rp-4566d39f1f090a1becdc,0x82dbe18346a8656dbb5e76f74bf3ae279cc16b29,20.00,1h,1779901239,1779904839,1779905100,20.00,19.836392,0.002871,-0.166001,0.000479,-0.163608,-0.008180,sufficient,partial_market_quality,missing,0,0,1
20260529_162852,tierc-rp-4566d39f1f090a1becdc,0x82dbe18346a8656dbb5e76f74bf3ae279cc16b29,20.00,2h,1779901239,1779908439,1779908700,20.00,19.879552,0.005742,-0.125711,0.000479,-0.120448,-0.006022,sufficient,partial_market_quality,missing,0,0,1
20260529_162852,tierc-rp-4566d39f1f090a1becdc,0x82dbe18346a8656dbb5e76f74bf3ae279cc16b29,20.00,6h,1779901239,1779922839,1779923100,20.00,19.599035,0.017227,-0.417714,0.000479,-0.400965,-0.020048,sufficient,partial_market_quality,missing,0,0,1
20260529_162852,tierc-rp-33efb3a5db710a1a9d6b,0x82dbe18346a8656dbb5e76f74bf3ae279cc16b29,50.00,15m,1779901239,1779902139,1779902400,50.00,49.803892,0.001795,-0.194911,0.002992,-0.196108,-0.003922,sufficient,partial_market_quality,missing,0,0,1
20260529_162852,tierc-rp-33efb3a5db710a1a9d6b,0x82dbe18346a8656dbb5e76f74bf3ae279cc16b29,50.00,30m,1779901239,1779903039,1779903300,50.00,49.765978,0.003589,-0.234619,0.002992,-0.234022,-0.004680,sufficient,partial_market_quality,missing,0,0,1
20260529_162852,tierc-rp-33efb3a5db710a1a9d6b,0x82dbe18346a8656dbb5e76f74bf3ae279cc16b29,50.00,1h,1779901239,1779904839,1779905100,50.00,49.589184,0.007178,-0.415002,0.002992,-0.410816,-0.008216,sufficient,partial_market_quality,missing,0,0,1
20260529_162852,tierc-rp-33efb3a5db710a1a9d6b,0x82dbe18346a8656dbb5e76f74bf3ae279cc16b29,50.00,2h,1779901239,1779908439,1779908700,50.00,49.697086,0.014356,-0.314278,0.002992,-0.302914,-0.006058,sufficient,partial_market_quality,missing,0,0,1
20260529_162852,tierc-rp-33efb3a5db710a1a9d6b,0x82dbe18346a8656dbb5e76f74bf3ae279cc16b29,50.00,6h,1779901239,1779922839,1779923100,50.00,48.995792,0.043069,-1.044285,0.002992,-1.004208,-0.020084,sufficient,partial_market_quality,missing,0,0,1
20260529_162852,tierc-rp-b1c6639c4f840fb24538,0x82dbe18346a8656dbb5e76f74bf3ae279cc16b29,10.00,15m,1779904839,1779905739,1779906000,10.00,9.992674,0.000359,-0.007565,0.000120,-0.007326,-0.000733,sufficient,partial_market_quality,missing,0,0,1
20260529_162852,tierc-rp-b1c6639c4f840fb24538,0x82dbe18346a8656dbb5e76f74bf3ae279cc16b29,10.00,30m,1779904839,1779906639,1779906900,10.00,9.998109,0.000718,-0.002489,0.000120,-0.001891,-0.000189,sufficient,partial_market_quality,missing,0,0,1
20260529_162852,tierc-rp-b1c6639c4f840fb24538,0x82dbe18346a8656dbb5e76f74bf3ae279cc16b29,10.00,1h,1779904839,1779908439,1779908700,10.00,10.016983,0.001436,0.015667,0.000120,0.016983,0.001698,sufficient,partial_market_quality,missing,0,1,1
20260529_162852,tierc-rp-b1c6639c4f840fb24538,0x82dbe18346a8656dbb5e76f74bf3ae279cc16b29,10.00,2h,1779904839,1779912039,1779912300,10.00,10.047606,0.002871,0.044854,0.000120,0.047606,0.004761,sufficient,partial_market_quality,missing,0,1,1
20260529_162852,tierc-rp-b1c6639c4f840fb24538,0x82dbe18346a8656dbb5e76f74bf3ae279cc16b29,10.00,6h,1779904839,1779926439,1779926700,10.00,9.877592,0.008614,-0.130902,0.000120,-0.122408,-0.012241,sufficient,partial_market_quality,missing,0,0,1
20260529_162852,tierc-rp-daa48307995115a30d6e,0x82dbe18346a8656dbb5e76f74bf3ae279cc16b29,20.00,15m,1779904839,1779905739,1779906000,20.00,19.985109,0.000718,-0.015130,0.000479,-0.014891,-0.000745,sufficient,partial_market_quality,missing,0,0,1
20260529_162852,tierc-rp-daa48307995115a30d6e,0x82dbe18346a8656dbb5e76f74bf3ae279cc16b29,20.00,30m,1779904839,1779906639,1779906900,20.00,19.995978,0.001436,-0.004978,0.000479,-0.004022,-0.000201,sufficient,partial_market_quality,missing,0,0,1
20260529_162852,tierc-rp-daa48307995115a30d6e,0x82dbe18346a8656dbb5e76f74bf3ae279cc16b29,20.00,1h,1779904839,1779908439,1779908700,20.00,20.033727,0.002871,0.031334,0.000479,0.033727,0.001686,sufficient,partial_market_quality,missing,0,1,1
20260529_162852,tierc-rp-daa48307995115a30d6e,0x82dbe18346a8656dbb5e76f74bf3ae279cc16b29,20.00,2h,1779904839,1779912039,1779912300,20.00,20.094972,0.005742,0.089708,0.000479,0.094972,0.004749,sufficient,partial_market_quality,missing,0,1,1
20260529_162852,tierc-rp-daa48307995115a30d6e,0x82dbe18346a8656dbb5e76f74bf3ae279cc16b29,20.00,6h,1779904839,1779926439,1779926700,20.00,19.754945,0.017227,-0.261804,0.000479,-0.245055,-0.012253,sufficient,partial_market_quality,missing,0,0,1
20260529_162852,tierc-rp-9f1b0c418c4d5d4fbcec,0x82dbe18346a8656dbb5e76f74bf3ae279cc16b29,50.00,15m,1779904839,1779905739,1779906000,50.00,49.960976,0.001795,-0.037826,0.002992,-0.039024,-0.000780,sufficient,partial_market_quality,missing,0,0,1
20260529_162852,tierc-rp-9f1b0c418c4d5d4fbcec,0x82dbe18346a8656dbb5e76f74bf3ae279cc16b29,50.00,30m,1779904839,1779906639,1779906900,50.00,49.988151,0.003589,-0.012446,0.002992,-0.011849,-0.000237,sufficient,partial_market_quality,missing,0,0,1
20260529_162852,tierc-rp-9f1b0c418c4d5d4fbcec,0x82dbe18346a8656dbb5e76f74bf3ae279cc16b29,50.00,1h,1779904839,1779908439,1779908700,50.00,50.082522,0.007178,0.078336,0.002992,0.082522,0.001650,sufficient,partial_market_quality,missing,0,1,1
20260529_162852,tierc-rp-9f1b0c418c4d5d4fbcec,0x82dbe18346a8656dbb5e76f74bf3ae279cc16b29,50.00,2h,1779904839,1779912039,1779912300,50.00,50.235635,0.014356,0.224271,0.002992,0.235635,0.004713,sufficient,partial_market_quality,missing,0,1,1
20260529_162852,tierc-rp-9f1b0c418c4d5d4fbcec,0x82dbe18346a8656dbb5e76f74bf3ae279cc16b29,50.00,6h,1779904839,1779926439,1779926700,50.00,49.385566,0.043069,-0.654510,0.002992,-0.614434,-0.012289,sufficient,partial_market_quality,missing,0,0,1
20260529_162852,tierc-rp-c6f3832d808a1e783591,0x82dbe18346a8656dbb5e76f74bf3ae279cc16b29,10.00,15m,1779908440,1779909340,1779909600,10.00,9.999071,0.000359,-0.001169,0.000120,-0.000929,-0.000093,sufficient,partial_market_quality,missing,0,0,1
20260529_162852,tierc-rp-c6f3832d808a1e783591,0x82dbe18346a8656dbb5e76f74bf3ae279cc16b29,10.00,30m,1779908440,1779910240,1779910500,10.00,10.015644,0.000718,0.015046,0.000120,0.015644,0.001564,sufficient,partial_market_quality,missing,0,1,1
20260529_162852,tierc-rp-c6f3832d808a1e783591,0x82dbe18346a8656dbb5e76f74bf3ae279cc16b29,10.00,1h,1779908440,1779912040,1779912300,10.00,10.022644,0.001436,0.021328,0.000120,0.022644,0.002264,sufficient,partial_market_quality,missing,0,0,1
20260529_162852,tierc-rp-c6f3832d808a1e783591,0x82dbe18346a8656dbb5e76f74bf3ae279cc16b29,10.00,2h,1779908440,1779915640,1779915900,10.00,10.019892,0.002871,0.017140,0.000120,0.019892,0.001989,sufficient,partial_market_quality,missing,0,0,1
20260529_162852,tierc-rp-c6f3832d808a1e783591,0x82dbe18346a8656dbb5e76f74bf3ae279cc16b29,10.00,6h,1779908440,1779930040,1779930300,10.00,9.866115,0.008614,-0.142379,0.000120,-0.133885,-0.013389,sufficient,partial_market_quality,missing,0,0,1
20260529_162852,tierc-rp-0b0b86be4070b9bb3aac,0x82dbe18346a8656dbb5e76f74bf3ae279cc16b29,20.00,15m,1779908440,1779909340,1779909600,20.00,19.997902,0.000718,-0.002337,0.000479,-0.002098,-0.000105,sufficient,partial_market_quality,missing,0,0,1
20260529_162852,tierc-rp-0b0b86be4070b9bb3aac,0x82dbe18346a8656dbb5e76f74bf3ae279cc16b29,20.00,30m,1779908440,1779910240,1779910500,20.00,20.031049,0.001436,0.030092,0.000479,0.031049,0.001552,sufficient,partial_market_quality,missing,0,1,1
20260529_162852,tierc-rp-0b0b86be4070b9bb3aac,0x82dbe18346a8656dbb5e76f74bf3ae279cc16b29,20.00,1h,1779908440,1779912040,1779912300,20.00,20.045048,0.002871,0.042655,0.000479,0.045048,0.002252,sufficient,partial_market_quality,missing,0,0,1
20260529_162852,tierc-rp-0b0b86be4070b9bb3aac,0x82dbe18346a8656dbb5e76f74bf3ae279cc16b29,20.00,2h,1779908440,1779915640,1779915900,20.00,20.039544,0.005742,0.034280,0.000479,0.039544,0.001977,sufficient,partial_market_quality,missing,0,0,1
20260529_162852,tierc-rp-0b0b86be4070b9bb3aac,0x82dbe18346a8656dbb5e76f74bf3ae279cc16b29,20.00,6h,1779908440,1779930040,1779930300,20.00,19.731990,0.017227,-0.284759,0.000479,-0.268010,-0.013400,sufficient,partial_market_quality,missing,0,0,1
20260529_162852,tierc-rp-34bb519d56fc14c1f05d,0x82dbe18346a8656dbb5e76f74bf3ae279cc16b29,50.00,15m,1779908440,1779909340,1779909600,50.00,49.992959,0.001795,-0.005843,0.002992,-0.007041,-0.000141,sufficient,partial_market_quality,missing,0,0,1
20260529_162852,tierc-rp-34bb519d56fc14c1f05d,0x82dbe18346a8656dbb5e76f74bf3ae279cc16b29,50.00,30m,1779908440,1779910240,1779910500,50.00,50.075828,0.003589,0.075231,0.002992,0.075828,0.001517,sufficient,partial_market_quality,missing,0,1,1
20260529_162852,tierc-rp-34bb519d56fc14c1f05d,0x82dbe18346a8656dbb5e76f74bf3ae279cc16b29,50.00,1h,1779908440,1779912040,1779912300,50.00,50.110824,0.007178,0.106638,0.002992,0.110824,0.002216,sufficient,partial_market_quality,missing,0,0,1
20260529_162852,tierc-rp-34bb519d56fc14c1f05d,0x82dbe18346a8656dbb5e76f74bf3ae279cc16b29,50.00,2h,1779908440,1779915640,1779915900,50.00,50.097064,0.014356,0.085700,0.002992,0.097064,0.001941,sufficient,partial_market_quality,missing,0,0,1
20260529_162852,tierc-rp-34bb519d56fc14c1f05d,0x82dbe18346a8656dbb5e76f74bf3ae279cc16b29,50.00,6h,1779908440,1779930040,1779930300,50.00,49.328180,0.043069,-0.711896,0.002992,-0.671820,-0.013436,sufficient,partial_market_quality,missing,0,0,1
20260529_162852,tierc-rp-2bab5ee51dfe0a4c0140,0x82dbe18346a8656dbb5e76f74bf3ae279cc16b29,10.00,15m,1779912040,1779912940,1779913200,10.00,10.014882,0.000359,0.014642,0.000120,0.014882,0.001488,sufficient,partial_market_quality,missing,0,0,1
20260529_162852,tierc-rp-2bab5ee51dfe0a4c0140,0x82dbe18346a8656dbb5e76f74bf3ae279cc16b29,10.00,30m,1779912040,1779913840,1779914100,10.00,10.009111,0.000718,0.008513,0.000120,0.009111,0.000911,sufficient,partial_market_quality,missing,0,1,1
20260529_162852,tierc-rp-2bab5ee51dfe0a4c0140,0x82dbe18346a8656dbb5e76f74bf3ae279cc16b29,10.00,1h,1779912040,1779915640,1779915900,10.00,10.008759,0.001436,0.007443,0.000120,0.008759,0.000876,sufficient,partial_market_quality,missing,0,0,1
20260529_162852,tierc-rp-2bab5ee51dfe0a4c0140,0x82dbe18346a8656dbb5e76f74bf3ae279cc16b29,10.00,2h,1779912040,1779919240,1779919500,10.00,9.857981,0.002871,-0.144771,0.000120,-0.142019,-0.014202,sufficient,partial_market_quality,missing,0,0,1
20260529_162852,tierc-rp-2bab5ee51dfe0a4c0140,0x82dbe18346a8656dbb5e76f74bf3ae279cc16b29,10.00,6h,1779912040,1779933640,1779933900,10.00,9.817850,0.008614,-0.190644,0.000120,-0.182150,-0.018215,sufficient,partial_market_quality,missing,0,0,1
20260529_162852,tierc-rp-0ba634d981567937c9c4,0x82dbe18346a8656dbb5e76f74bf3ae279cc16b29,20.00,15m,1779912040,1779912940,1779913200,20.00,20.029524,0.000718,0.029285,0.000479,0.029524,0.001476,sufficient,partial_market_quality,missing,0,0,1
20260529_162852,tierc-rp-0ba634d981567937c9c4,0x82dbe18346a8656dbb5e76f74bf3ae279cc16b29,20.00,30m,1779912040,1779913840,1779914100,20.00,20.017983,0.001436,0.017026,0.000479,0.017983,0.000899,sufficient,partial_market_quality,missing,0,1,1
20260529_162852,tierc-rp-0ba634d981567937c9c4,0x82dbe18346a8656dbb5e76f74bf3ae279cc16b29,20.00,1h,1779912040,1779915640,1779915900,20.00,20.017278,0.002871,0.014886,0.000479,0.017278,0.000864,sufficient,partial_market_quality,missing,0,0,1
20260529_162852,tierc-rp-0ba634d981567937c9c4,0x82dbe18346a8656dbb5e76f74bf3ae279cc16b29,20.00,2h,1779912040,1779919240,1779919500,20.00,19.715722,0.005742,-0.289542,0.000479,-0.284278,-0.014214,sufficient,partial_market_quality,missing,0,0,1
20260529_162852,tierc-rp-0ba634d981567937c9c4,0x82dbe18346a8656dbb5e76f74bf3ae279cc16b29,20.00,6h,1779912040,1779933640,1779933900,20.00,19.635460,0.017227,-0.381289,0.000479,-0.364540,-0.018227,sufficient,partial_market_quality,missing,0,0,1
20260529_162852,tierc-rp-ba5b55384914cc998d98,0x82dbe18346a8656dbb5e76f74bf3ae279cc16b29,50.00,15m,1779912040,1779912940,1779913200,50.00,50.072015,0.001795,0.073212,0.002992,0.072015,0.001440,sufficient,partial_market_quality,missing,0,0,1
20260529_162852,tierc-rp-ba5b55384914cc998d98,0x82dbe18346a8656dbb5e76f74bf3ae279cc16b29,50.00,30m,1779912040,1779913840,1779914100,50.00,50.043162,0.003589,0.042565,0.002992,0.043162,0.000863,sufficient,partial_market_quality,missing,0,1,1
20260529_162852,tierc-rp-ba5b55384914cc998d98,0x82dbe18346a8656dbb5e76f74bf3ae279cc16b29,50.00,1h,1779912040,1779915640,1779915900,50.00,50.041400,0.007178,0.037214,0.002992,0.041400,0.000828,sufficient,partial_market_quality,missing,0,0,1
20260529_162852,tierc-rp-ba5b55384914cc998d98,0x82dbe18346a8656dbb5e76f74bf3ae279cc16b29,50.00,2h,1779912040,1779919240,1779919500,50.00,49.287509,0.014356,-0.723855,0.002992,-0.712491,-0.014250,sufficient,partial_market_quality,missing,0,0,1
20260529_162852,tierc-rp-ba5b55384914cc998d98,0x82dbe18346a8656dbb5e76f74bf3ae279cc16b29,50.00,6h,1779912040,1779933640,1779933900,50.00,49.086855,0.043069,-0.953222,0.002992,-0.913145,-0.018263,sufficient,partial_market_quality,missing,0,0,1
20260529_162852,tierc-rp-f1663e55ace4473cc1ce,0x82dbe18346a8656dbb5e76f74bf3ae279cc16b29,10.00,15m,1779915639,1779916539,1779916800,10.00,9.995184,0.000359,-0.005056,0.000120,-0.004816,-0.000482,sufficient,partial_market_quality,missing,0,1,1
20260529_162852,tierc-rp-f1663e55ace4473cc1ce,0x82dbe18346a8656dbb5e76f74bf3ae279cc16b29,10.00,30m,1779915639,1779917439,1779917700,10.00,9.954807,0.000718,-0.045791,0.000120,-0.045193,-0.004519,sufficient,partial_market_quality,missing,0,0,1
20260529_162852,tierc-rp-f1663e55ace4473cc1ce,0x82dbe18346a8656dbb5e76f74bf3ae279cc16b29,10.00,1h,1779915639,1779919239,1779919500,10.00,9.849359,0.001436,-0.151957,0.000120,-0.150641,-0.015064,sufficient,partial_market_quality,missing,0,0,1
20260529_162852,tierc-rp-f1663e55ace4473cc1ce,0x82dbe18346a8656dbb5e76f74bf3ae279cc16b29,10.00,2h,1779915639,1779922839,1779923100,10.00,9.831447,0.002871,-0.171304,0.000120,-0.168553,-0.016855,sufficient,partial_market_quality,missing,0,0,1
20260529_162852,tierc-rp-f1663e55ace4473cc1ce,0x82dbe18346a8656dbb5e76f74bf3ae279cc16b29,10.00,6h,1779915639,1779937239,1779937500,10.00,9.809968,0.008614,-0.198526,0.000120,-0.190032,-0.019003,sufficient,partial_market_quality,missing,0,0,1
20260529_162852,tierc-rp-249d29ab0c546490a1c6,0x82dbe18346a8656dbb5e76f74bf3ae279cc16b29,20.00,15m,1779915639,1779916539,1779916800,20.00,19.990128,0.000718,-0.010111,0.000479,-0.009872,-0.000494,sufficient,partial_market_quality,missing,0,1,1
20260529_162852,tierc-rp-249d29ab0c546490a1c6,0x82dbe18346a8656dbb5e76f74bf3ae279cc16b29,20.00,30m,1779915639,1779917439,1779917700,20.00,19.909374,0.001436,-0.091583,0.000479,-0.090626,-0.004531,sufficient,partial_market_quality,missing,0,0,1
20260529_162852,tierc-rp-249d29ab0c546490a1c6,0x82dbe18346a8656dbb5e76f74bf3ae279cc16b29,20.00,1h,1779915639,1779919239,1779919500,20.00,19.698478,0.002871,-0.303914,0.000479,-0.301522,-0.015076,sufficient,partial_market_quality,missing,0,0,1
20260529_162852,tierc-rp-249d29ab0c546490a1c6,0x82dbe18346a8656dbb5e76f74bf3ae279cc16b29,20.00,2h,1779915639,1779922839,1779923100,20.00,19.662655,0.005742,-0.342608,0.000479,-0.337345,-0.016867,sufficient,partial_market_quality,missing,0,0,1
20260529_162852,tierc-rp-249d29ab0c546490a1c6,0x82dbe18346a8656dbb5e76f74bf3ae279cc16b29,20.00,6h,1779915639,1779937239,1779937500,20.00,19.619696,0.017227,-0.397052,0.000479,-0.380304,-0.019015,sufficient,partial_market_quality,missing,0,0,1
20260529_162852,tierc-rp-cb8ebb17500832d0433b,0x82dbe18346a8656dbb5e76f74bf3ae279cc16b29,50.00,15m,1779915639,1779916539,1779916800,50.00,49.973525,0.001795,-0.025278,0.002992,-0.026475,-0.000530,sufficient,partial_market_quality,missing,0,1,1
20260529_162852,tierc-rp-cb8ebb17500832d0433b,0x82dbe18346a8656dbb5e76f74bf3ae279cc16b29,50.00,30m,1779915639,1779917439,1779917700,50.00,49.771640,0.003589,-0.228956,0.002992,-0.228360,-0.004567,sufficient,partial_market_quality,missing,0,0,1
20260529_162852,tierc-rp-cb8ebb17500832d0433b,0x82dbe18346a8656dbb5e76f74bf3ae279cc16b29,50.00,1h,1779915639,1779919239,1779919500,50.00,49.244401,0.007178,-0.759785,0.002992,-0.755599,-0.015112,sufficient,partial_market_quality,missing,0,0,1
20260529_162852,tierc-rp-cb8ebb17500832d0433b,0x82dbe18346a8656dbb5e76f74bf3ae279cc16b29,50.00,2h,1779915639,1779922839,1779923100,50.00,49.154843,0.014356,-0.856521,0.002992,-0.845157,-0.016903,sufficient,partial_market_quality,missing,0,0,1
20260529_162852,tierc-rp-cb8ebb17500832d0433b,0x82dbe18346a8656dbb5e76f74bf3ae279cc16b29,50.00,6h,1779915639,1779937239,1779937500,50.00,49.047446,0.043069,-0.992631,0.002992,-0.952554,-0.019051,sufficient,partial_market_quality,missing,0,0,1
20260529_162852,tierc-rp-fc0cdb51f5b3e5596bc7,0x82dbe18346a8656dbb5e76f74bf3ae279cc16b29,10.00,15m,1779919241,1779920141,1779920400,10.00,9.995741,0.000359,-0.004498,0.000120,-0.004259,-0.000426,sufficient,partial_market_quality,missing,0,1,1
20260529_162852,tierc-rp-fc0cdb51f5b3e5596bc7,0x82dbe18346a8656dbb5e76f74bf3ae279cc16b29,10.00,30m,1779919241,1779921041,1779921300,10.00,10.020123,0.000718,0.019524,0.000120,0.020123,0.002012,sufficient,partial_market_quality,missing,0,1,1
20260529_162852,tierc-rp-fc0cdb51f5b3e5596bc7,0x82dbe18346a8656dbb5e76f74bf3ae279cc16b29,10.00,1h,1779919241,1779922841,1779923100,10.00,9.995483,0.001436,-0.005833,0.000120,-0.004517,-0.000452,sufficient,partial_market_quality,missing,0,0,1
20260529_162852,tierc-rp-fc0cdb51f5b3e5596bc7,0x82dbe18346a8656dbb5e76f74bf3ae279cc16b29,10.00,2h,1779919241,1779926441,1779926700,10.00,9.997512,0.002871,-0.005239,0.000120,-0.002488,-0.000249,sufficient,partial_market_quality,missing,0,0,1
20260529_162852,tierc-rp-fc0cdb51f5b3e5596bc7,0x82dbe18346a8656dbb5e76f74bf3ae279cc16b29,10.00,6h,1779919241,1779940841,1779941100,10.00,9.795306,0.008614,-0.213188,0.000120,-0.204694,-0.020469,sufficient,partial_market_quality,missing,0,0,1
20260529_162852,tierc-rp-8bb4c2700b094462a9fb,0x82dbe18346a8656dbb5e76f74bf3ae279cc16b29,20.00,15m,1779919241,1779920141,1779920400,20.00,19.991243,0.000718,-0.008996,0.000479,-0.008757,-0.000438,sufficient,partial_market_quality,missing,0,1,1
20260529_162852,tierc-rp-8bb4c2700b094462a9fb,0x82dbe18346a8656dbb5e76f74bf3ae279cc16b29,20.00,30m,1779919241,1779921041,1779921300,20.00,20.040006,0.001436,0.039049,0.000479,0.040006,0.002000,sufficient,partial_market_quality,missing,0,1,1
20260529_162852,tierc-rp-8bb4c2700b094462a9fb,0x82dbe18346a8656dbb5e76f74bf3ae279cc16b29,20.00,1h,1779919241,1779922841,1779923100,20.00,19.990727,0.002871,-0.011665,0.000479,-0.009273,-0.000464,sufficient,partial_market_quality,missing,0,0,1
20260529_162852,tierc-rp-8bb4c2700b094462a9fb,0x82dbe18346a8656dbb5e76f74bf3ae279cc16b29,20.00,2h,1779919241,1779926441,1779926700,20.00,19.994785,0.005742,-0.010479,0.000479,-0.005215,-0.000261,sufficient,partial_market_quality,missing,0,0,1
20260529_162852,tierc-rp-8bb4c2700b094462a9fb,0x82dbe18346a8656dbb5e76f74bf3ae279cc16b29,20.00,6h,1779919241,1779940841,1779941100,20.00,19.590373,0.017227,-0.426375,0.000479,-0.409627,-0.020481,sufficient,partial_market_quality,missing,0,0,1
20260529_162852,tierc-rp-0ed744b13c0ab7e26c60,0x82dbe18346a8656dbb5e76f74bf3ae279cc16b29,50.00,15m,1779919241,1779920141,1779920400,50.00,49.976312,0.001795,-0.022490,0.002992,-0.023688,-0.000474,sufficient,partial_market_quality,missing,0,1,1
20260529_162852,tierc-rp-0ed744b13c0ab7e26c60,0x82dbe18346a8656dbb5e76f74bf3ae279cc16b29,50.00,30m,1779919241,1779921041,1779921300,50.00,50.098219,0.003589,0.097622,0.002992,0.098219,0.001964,sufficient,partial_market_quality,missing,0,1,1
20260529_162852,tierc-rp-0ed744b13c0ab7e26c60,0x82dbe18346a8656dbb5e76f74bf3ae279cc16b29,50.00,1h,1779919241,1779922841,1779923100,50.00,49.975023,0.007178,-0.029163,0.002992,-0.024977,-0.000500,sufficient,partial_market_quality,missing,0,0,1
20260529_162852,tierc-rp-0ed744b13c0ab7e26c60,0x82dbe18346a8656dbb5e76f74bf3ae279cc16b29,50.00,2h,1779919241,1779926441,1779926700,50.00,49.985167,0.014356,-0.026197,0.002992,-0.014833,-0.000297,sufficient,partial_market_quality,missing,0,0,1
20260529_162852,tierc-rp-0ed744b13c0ab7e26c60,0x82dbe18346a8656dbb5e76f74bf3ae279cc16b29,50.00,6h,1779919241,1779940841,1779941100,50.00,48.974138,0.043069,-1.065938,0.002992,-1.025862,-0.020517,sufficient,partial_market_quality,missing,0,0,1
20260529_162852,tierc-rp-63ebc4fe1fbbfaeca6bc,0x82dbe18346a8656dbb5e76f74bf3ae279cc16b29,10.00,15m,1779922840,1779923740,1779924000,10.00,9.990503,0.000359,-0.009736,0.000120,-0.009497,-0.000950,sufficient,partial_market_quality,missing,0,0,1
20260529_162852,tierc-rp-63ebc4fe1fbbfaeca6bc,0x82dbe18346a8656dbb5e76f74bf3ae279cc16b29,10.00,30m,1779922840,1779924640,1779924900,10.00,9.973415,0.000718,-0.027183,0.000120,-0.026585,-0.002658,sufficient,partial_market_quality,missing,0,0,1
20260529_162852,tierc-rp-63ebc4fe1fbbfaeca6bc,0x82dbe18346a8656dbb5e76f74bf3ae279cc16b29,10.00,1h,1779922840,1779926440,1779926700,10.00,9.994891,0.001436,-0.006425,0.000120,-0.005109,-0.000511,sufficient,partial_market_quality,missing,0,0,1
20260529_162852,tierc-rp-63ebc4fe1fbbfaeca6bc,0x82dbe18346a8656dbb5e76f74bf3ae279cc16b29,10.00,2h,1779922840,1779930040,1779930300,10.00,10.008139,0.002871,0.005387,0.000120,0.008139,0.000814,sufficient,partial_market_quality,missing,0,0,1
20260529_162852,tierc-rp-63ebc4fe1fbbfaeca6bc,0x82dbe18346a8656dbb5e76f74bf3ae279cc16b29,10.00,6h,1779922840,1779944440,1779944700,10.00,9.781345,0.008614,-0.227149,0.000120,-0.218655,-0.021866,sufficient,partial_market_quality,missing,0,0,1
20260529_162852,tierc-rp-5635b4e1d5da76666f18,0x82dbe18346a8656dbb5e76f74bf3ae279cc16b29,20.00,15m,1779922840,1779923740,1779924000,20.00,19.980766,0.000718,-0.019473,0.000479,-0.019234,-0.000962,sufficient,partial_market_quality,missing,0,0,1
20260529_162852,tierc-rp-5635b4e1d5da76666f18,0x82dbe18346a8656dbb5e76f74bf3ae279cc16b29,20.00,30m,1779922840,1779924640,1779924900,20.00,19.946591,0.001436,-0.054366,0.000479,-0.053409,-0.002670,sufficient,partial_market_quality,missing,0,0,1
20260529_162852,tierc-rp-5635b4e1d5da76666f18,0x82dbe18346a8656dbb5e76f74bf3ae279cc16b29,20.00,1h,1779922840,1779926440,1779926700,20.00,19.989542,0.002871,-0.012850,0.000479,-0.010458,-0.000523,sufficient,partial_market_quality,missing,0,0,1
20260529_162852,tierc-rp-5635b4e1d5da76666f18,0x82dbe18346a8656dbb5e76f74bf3ae279cc16b29,20.00,2h,1779922840,1779930040,1779930300,20.00,20.016038,0.005742,0.010774,0.000479,0.016038,0.000802,sufficient,partial_market_quality,missing,0,0,1
20260529_162852,tierc-rp-5635b4e1d5da76666f18,0x82dbe18346a8656dbb5e76f74bf3ae279cc16b29,20.00,6h,1779922840,1779944440,1779944700,20.00,19.562450,0.017227,-0.454298,0.000479,-0.437550,-0.021877,sufficient,partial_market_quality,missing,0,0,1
20260529_162852,tierc-rp-da9c5c3fcf8b6a4fd950,0x82dbe18346a8656dbb5e76f74bf3ae279cc16b29,50.00,15m,1779922840,1779923740,1779924000,50.00,49.950120,0.001795,-0.048682,0.002992,-0.049880,-0.000998,sufficient,partial_market_quality,missing,0,0,1
20260529_162852,tierc-rp-da9c5c3fcf8b6a4fd950,0x82dbe18346a8656dbb5e76f74bf3ae279cc16b29,50.00,30m,1779922840,1779924640,1779924900,50.00,49.864683,0.003589,-0.135914,0.002992,-0.135317,-0.002706,sufficient,partial_market_quality,missing,0,0,1
20260529_162852,tierc-rp-da9c5c3fcf8b6a4fd950,0x82dbe18346a8656dbb5e76f74bf3ae279cc16b29,50.00,1h,1779922840,1779926440,1779926700,50.00,49.972061,0.007178,-0.032125,0.002992,-0.027939,-0.000559,sufficient,partial_market_quality,missing,0,0,1
20260529_162852,tierc-rp-da9c5c3fcf8b6a4fd950,0x82dbe18346a8656dbb5e76f74bf3ae279cc16b29,50.00,2h,1779922840,1779930040,1779930300,50.00,50.038300,0.014356,0.026936,0.002992,0.038300,0.000766,sufficient,partial_market_quality,missing,0,0,1
20260529_162852,tierc-rp-da9c5c3fcf8b6a4fd950,0x82dbe18346a8656dbb5e76f74bf3ae279cc16b29,50.00,6h,1779922840,1779944440,1779944700,50.00,48.904331,0.043069,-1.135746,0.002992,-1.095669,-0.021913,sufficient,partial_market_quality,missing,0,0,1
20260529_162852,tierc-rp-7f81b5024286e1c6fa99,0x82dbe18346a8656dbb5e76f74bf3ae279cc16b29,10.00,15m,1779926440,1779927340,1779927600,10.00,10.003700,0.000359,0.003461,0.000120,0.003700,0.000370,sufficient,partial_market_quality,missing,0,0,1
20260529_162852,tierc-rp-7f81b5024286e1c6fa99,0x82dbe18346a8656dbb5e76f74bf3ae279cc16b29,10.00,30m,1779926440,1779928240,1779928500,10.00,10.006334,0.000718,0.005736,0.000120,0.006334,0.000633,sufficient,partial_market_quality,missing,0,0,1
20260529_162852,tierc-rp-7f81b5024286e1c6fa99,0x82dbe18346a8656dbb5e76f74bf3ae279cc16b29,10.00,1h,1779926440,1779930040,1779930300,10.00,10.011255,0.001436,0.009939,0.000120,0.011255,0.001125,sufficient,partial_market_quality,missing,0,0,1
20260529_162852,tierc-rp-7f81b5024286e1c6fa99,0x82dbe18346a8656dbb5e76f74bf3ae279cc16b29,10.00,2h,1779926440,1779933640,1779933900,10.00,9.973331,0.002871,-0.029420,0.000120,-0.026669,-0.002667,sufficient,partial_market_quality,missing,0,0,1
20260529_162852,tierc-rp-7f81b5024286e1c6fa99,0x82dbe18346a8656dbb5e76f74bf3ae279cc16b29,10.00,6h,1779926440,1779948040,1779948300,10.00,9.774220,0.008614,-0.234274,0.000120,-0.225780,-0.022578,sufficient,partial_market_quality,missing,0,1,1
20260529_162852,tierc-rp-0602745006e534816277,0x82dbe18346a8656dbb5e76f74bf3ae279cc16b29,20.00,15m,1779926440,1779927340,1779927600,20.00,20.007161,0.000718,0.006922,0.000479,0.007161,0.000358,sufficient,partial_market_quality,missing,0,0,1
20260529_162852,tierc-rp-0602745006e534816277,0x82dbe18346a8656dbb5e76f74bf3ae279cc16b29,20.00,30m,1779926440,1779928240,1779928500,20.00,20.012428,0.001436,0.011471,0.000479,0.012428,0.000621,sufficient,partial_market_quality,missing,0,0,1
20260529_162852,tierc-rp-0602745006e534816277,0x82dbe18346a8656dbb5e76f74bf3ae279cc16b29,20.00,1h,1779926440,1779930040,1779930300,20.00,20.022270,0.002871,0.019877,0.000479,0.022270,0.001113,sufficient,partial_market_quality,missing,0,0,1
20260529_162852,tierc-rp-0602745006e534816277,0x82dbe18346a8656dbb5e76f74bf3ae279cc16b29,20.00,2h,1779926440,1779933640,1779933900,20.00,19.946423,0.005742,-0.058840,0.000479,-0.053577,-0.002679,sufficient,partial_market_quality,missing,0,0,1
20260529_162852,tierc-rp-0602745006e534816277,0x82dbe18346a8656dbb5e76f74bf3ae279cc16b29,20.00,6h,1779926440,1779948040,1779948300,20.00,19.548201,0.017227,-0.468548,0.000479,-0.451799,-0.022590,sufficient,partial_market_quality,missing,0,1,1
20260529_162852,tierc-rp-79fc8ba3590b06e382c0,0x82dbe18346a8656dbb5e76f74bf3ae279cc16b29,50.00,15m,1779926440,1779927340,1779927600,50.00,50.016108,0.001795,0.017306,0.002992,0.016108,0.000322,sufficient,partial_market_quality,missing,0,0,1
20260529_162852,tierc-rp-79fc8ba3590b06e382c0,0x82dbe18346a8656dbb5e76f74bf3ae279cc16b29,50.00,30m,1779926440,1779928240,1779928500,50.00,50.029275,0.003589,0.028679,0.002992,0.029275,0.000586,sufficient,partial_market_quality,missing,0,0,1
20260529_162852,tierc-rp-79fc8ba3590b06e382c0,0x82dbe18346a8656dbb5e76f74bf3ae279cc16b29,50.00,1h,1779926440,1779930040,1779930300,50.00,50.053879,0.007178,0.049693,0.002992,0.053879,0.001078,sufficient,partial_market_quality,missing,0,0,1
20260529_162852,tierc-rp-79fc8ba3590b06e382c0,0x82dbe18346a8656dbb5e76f74bf3ae279cc16b29,50.00,2h,1779926440,1779933640,1779933900,50.00,49.864263,0.014356,-0.147101,0.002992,-0.135737,-0.002715,sufficient,partial_market_quality,missing,0,0,1
20260529_162852,tierc-rp-79fc8ba3590b06e382c0,0x82dbe18346a8656dbb5e76f74bf3ae279cc16b29,50.00,6h,1779926440,1779948040,1779948300,50.00,48.868707,0.043069,-1.171369,0.002992,-1.131293,-0.022626,sufficient,partial_market_quality,missing,0,1,1
20260529_162852,tierc-rp-d87434fedac6e00a274b,0x82dbe18346a8656dbb5e76f74bf3ae279cc16b29,10.00,15m,1779930040,1779930940,1779931200,10.00,9.983255,0.000359,-0.016984,0.000120,-0.016745,-0.001675,sufficient,partial_market_quality,missing,0,0,1
20260529_162852,tierc-rp-d87434fedac6e00a274b,0x82dbe18346a8656dbb5e76f74bf3ae279cc16b29,10.00,30m,1779930040,1779931840,1779932100,10.00,9.957890,0.000718,-0.042708,0.000120,-0.042110,-0.004211,sufficient,partial_market_quality,missing,0,0,1
20260529_162852,tierc-rp-d87434fedac6e00a274b,0x82dbe18346a8656dbb5e76f74bf3ae279cc16b29,10.00,1h,1779930040,1779933640,1779933900,10.00,9.957324,0.001436,-0.043992,0.000120,-0.042676,-0.004268,sufficient,partial_market_quality,missing,0,0,1
20260529_162852,tierc-rp-d87434fedac6e00a274b,0x82dbe18346a8656dbb5e76f74bf3ae279cc16b29,10.00,2h,1779930040,1779937240,1779937500,10.00,9.958019,0.002871,-0.044732,0.000120,-0.041981,-0.004198,sufficient,partial_market_quality,missing,0,0,1
20260529_162852,tierc-rp-d87434fedac6e00a274b,0x82dbe18346a8656dbb5e76f74bf3ae279cc16b29,10.00,6h,1779930040,1779951640,1779951900,10.00,9.797176,0.008614,-0.211318,0.000120,-0.202824,-0.020282,sufficient,partial_market_quality,missing,0,1,1
20260529_162852,tierc-rp-742876af9a9ae32f3d78,0x82dbe18346a8656dbb5e76f74bf3ae279cc16b29,20.00,15m,1779930040,1779930940,1779931200,20.00,19.966270,0.000718,-0.033969,0.000479,-0.033730,-0.001686,sufficient,partial_market_quality,missing,0,0,1
20260529_162852,tierc-rp-742876af9a9ae32f3d78,0x82dbe18346a8656dbb5e76f74bf3ae279cc16b29,20.00,30m,1779930040,1779931840,1779932100,20.00,19.915541,0.001436,-0.085416,0.000479,-0.084459,-0.004223,sufficient,partial_market_quality,missing,0,0,1
20260529_162852,tierc-rp-742876af9a9ae32f3d78,0x82dbe18346a8656dbb5e76f74bf3ae279cc16b29,20.00,1h,1779930040,1779933640,1779933900,20.00,19.914409,0.002871,-0.087983,0.000479,-0.085591,-0.004280,sufficient,partial_market_quality,missing,0,0,1
20260529_162852,tierc-rp-742876af9a9ae32f3d78,0x82dbe18346a8656dbb5e76f74bf3ae279cc16b29,20.00,2h,1779930040,1779937240,1779937500,20.00,19.915799,0.005742,-0.089465,0.000479,-0.084201,-0.004210,sufficient,partial_market_quality,missing,0,0,1
20260529_162852,tierc-rp-742876af9a9ae32f3d78,0x82dbe18346a8656dbb5e76f74bf3ae279cc16b29,20.00,6h,1779930040,1779951640,1779951900,20.00,19.594112,0.017227,-0.422637,0.000479,-0.405888,-0.020294,sufficient,partial_market_quality,missing,0,1,1
20260529_162852,tierc-rp-cffb4f45ede84369ea4f,0x82dbe18346a8656dbb5e76f74bf3ae279cc16b29,50.00,15m,1779930040,1779930940,1779931200,50.00,49.913880,0.001795,-0.084922,0.002992,-0.086120,-0.001722,sufficient,partial_market_quality,missing,0,0,1
20260529_162852,tierc-rp-cffb4f45ede84369ea4f,0x82dbe18346a8656dbb5e76f74bf3ae279cc16b29,50.00,30m,1779930040,1779931840,1779932100,50.00,49.787057,0.003589,-0.213540,0.002992,-0.212943,-0.004259,sufficient,partial_market_quality,missing,0,0,1
20260529_162852,tierc-rp-cffb4f45ede84369ea4f,0x82dbe18346a8656dbb5e76f74bf3ae279cc16b29,50.00,1h,1779930040,1779933640,1779933900,50.00,49.784227,0.007178,-0.219959,0.002992,-0.215773,-0.004315,sufficient,partial_market_quality,missing,0,0,1
20260529_162852,tierc-rp-cffb4f45ede84369ea4f,0x82dbe18346a8656dbb5e76f74bf3ae279cc16b29,50.00,2h,1779930040,1779937240,1779937500,50.00,49.787702,0.014356,-0.223662,0.002992,-0.212298,-0.004246,sufficient,partial_market_quality,missing,0,0,1
20260529_162852,tierc-rp-cffb4f45ede84369ea4f,0x82dbe18346a8656dbb5e76f74bf3ae279cc16b29,50.00,6h,1779930040,1779951640,1779951900,50.00,48.983485,0.043069,-1.056592,0.002992,-1.016515,-0.020330,sufficient,partial_market_quality,missing,0,1,1
20260529_162852,tierc-rp-a3c193eb5384d747ffd8,0x82dbe18346a8656dbb5e76f74bf3ae279cc16b29,10.00,15m,1779933640,1779934540,1779934800,10.00,9.991706,0.000359,-0.008533,0.000120,-0.008294,-0.000829,sufficient,partial_market_quality,missing,0,0,1
20260529_162852,tierc-rp-a3c193eb5384d747ffd8,0x82dbe18346a8656dbb5e76f74bf3ae279cc16b29,10.00,30m,1779933640,1779935440,1779935700,10.00,9.990725,0.000718,-0.009873,0.000120,-0.009275,-0.000927,sufficient,partial_market_quality,missing,0,0,1
20260529_162852,tierc-rp-a3c193eb5384d747ffd8,0x82dbe18346a8656dbb5e76f74bf3ae279cc16b29,10.00,1h,1779933640,1779937240,1779937500,10.00,10.004739,0.001436,0.003423,0.000120,0.004739,0.000474,sufficient,partial_market_quality,missing,0,0,1
20260529_162852,tierc-rp-a3c193eb5384d747ffd8,0x82dbe18346a8656dbb5e76f74bf3ae279cc16b29,10.00,2h,1779933640,1779940840,1779941100,10.00,9.825834,0.002871,-0.176917,0.000120,-0.174166,-0.017417,sufficient,partial_market_quality,missing,0,0,1
20260529_162852,tierc-rp-a3c193eb5384d747ffd8,0x82dbe18346a8656dbb5e76f74bf3ae279cc16b29,10.00,6h,1779933640,1779955240,1779955500,10.00,9.879056,0.008614,-0.129438,0.000120,-0.120944,-0.012094,sufficient,partial_market_quality,missing,0,0,1
20260529_162852,tierc-rp-b5b2c82e0d5517db2626,0x82dbe18346a8656dbb5e76f74bf3ae279cc16b29,20.00,15m,1779933640,1779934540,1779934800,20.00,19.983172,0.000718,-0.017067,0.000479,-0.016828,-0.000841,sufficient,partial_market_quality,missing,0,0,1
20260529_162852,tierc-rp-b5b2c82e0d5517db2626,0x82dbe18346a8656dbb5e76f74bf3ae279cc16b29,20.00,30m,1779933640,1779935440,1779935700,20.00,19.981211,0.001436,-0.019746,0.000479,-0.018789,-0.000939,sufficient,partial_market_quality,missing,0,0,1
20260529_162852,tierc-rp-b5b2c82e0d5517db2626,0x82dbe18346a8656dbb5e76f74bf3ae279cc16b29,20.00,1h,1779933640,1779937240,1779937500,20.00,20.009239,0.002871,0.006846,0.000479,0.009239,0.000462,sufficient,partial_market_quality,missing,0,0,1
20260529_162852,tierc-rp-b5b2c82e0d5517db2626,0x82dbe18346a8656dbb5e76f74bf3ae279cc16b29,20.00,2h,1779933640,1779940840,1779941100,20.00,19.651429,0.005742,-0.353835,0.000479,-0.348571,-0.017429,sufficient,partial_market_quality,missing,0,0,1
20260529_162852,tierc-rp-b5b2c82e0d5517db2626,0x82dbe18346a8656dbb5e76f74bf3ae279cc16b29,20.00,6h,1779933640,1779955240,1779955500,20.00,19.757872,0.017227,-0.258877,0.000479,-0.242128,-0.012106,sufficient,partial_market_quality,missing,0,0,1
20260529_162852,tierc-rp-b140ee280d6cd0668a6b,0x82dbe18346a8656dbb5e76f74bf3ae279cc16b29,50.00,15m,1779933640,1779934540,1779934800,50.00,49.956136,0.001795,-0.042667,0.002992,-0.043864,-0.000877,sufficient,partial_market_quality,missing,0,0,1
20260529_162852,tierc-rp-b140ee280d6cd0668a6b,0x82dbe18346a8656dbb5e76f74bf3ae279cc16b29,50.00,30m,1779933640,1779935440,1779935700,50.00,49.951233,0.003589,-0.049364,0.002992,-0.048767,-0.000975,sufficient,partial_market_quality,missing,0,0,1
20260529_162852,tierc-rp-b140ee280d6cd0668a6b,0x82dbe18346a8656dbb5e76f74bf3ae279cc16b29,50.00,1h,1779933640,1779937240,1779937500,50.00,50.021302,0.007178,0.017116,0.002992,0.021302,0.000426,sufficient,partial_market_quality,missing,0,0,1
20260529_162852,tierc-rp-b140ee280d6cd0668a6b,0x82dbe18346a8656dbb5e76f74bf3ae279cc16b29,50.00,2h,1779933640,1779940840,1779941100,50.00,49.126777,0.014356,-0.884587,0.002992,-0.873223,-0.017464,sufficient,partial_market_quality,missing,0,0,1
20260529_162852,tierc-rp-b140ee280d6cd0668a6b,0x82dbe18346a8656dbb5e76f74bf3ae279cc16b29,50.00,6h,1779933640,1779955240,1779955500,50.00,49.392884,0.043069,-0.647192,0.002992,-0.607116,-0.012142,sufficient,partial_market_quality,missing,0,0,1
20260529_162852,tierc-rp-88253878c67b834f87dc,0x82dbe18346a8656dbb5e76f74bf3ae279cc16b29,10.00,15m,1779937240,1779938140,1779938400,10.00,9.880520,0.000359,-0.119719,0.000120,-0.119480,-0.011948,sufficient,partial_market_quality,missing,0,0,1
20260529_162852,tierc-rp-88253878c67b834f87dc,0x82dbe18346a8656dbb5e76f74bf3ae279cc16b29,10.00,30m,1779937240,1779939040,1779939300,10.00,9.842015,0.000718,-0.158583,0.000120,-0.157985,-0.015798,sufficient,partial_market_quality,missing,0,0,1
20260529_162852,tierc-rp-88253878c67b834f87dc,0x82dbe18346a8656dbb5e76f74bf3ae279cc16b29,10.00,1h,1779937240,1779940840,1779941100,10.00,9.828835,0.001436,-0.172481,0.000120,-0.171165,-0.017116,sufficient,partial_market_quality,missing,0,0,1
20260529_162852,tierc-rp-88253878c67b834f87dc,0x82dbe18346a8656dbb5e76f74bf3ae279cc16b29,10.00,2h,1779937240,1779944440,1779944700,10.00,9.817416,0.002871,-0.185336,0.000120,-0.182584,-0.018258,sufficient,partial_market_quality,missing,0,0,1
20260529_162852,tierc-rp-88253878c67b834f87dc,0x82dbe18346a8656dbb5e76f74bf3ae279cc16b29,10.00,6h,1779937240,1779958840,1779959100,10.00,9.861178,0.008614,-0.147316,0.000120,-0.138822,-0.013882,sufficient,partial_market_quality,missing,0,0,1
20260529_162852,tierc-rp-04e7046b7e3741481fef,0x82dbe18346a8656dbb5e76f74bf3ae279cc16b29,20.00,15m,1779937240,1779938140,1779938400,20.00,19.760801,0.000718,-0.239438,0.000479,-0.239199,-0.011960,sufficient,partial_market_quality,missing,0,0,1
20260529_162852,tierc-rp-04e7046b7e3741481fef,0x82dbe18346a8656dbb5e76f74bf3ae279cc16b29,20.00,30m,1779937240,1779939040,1779939300,20.00,19.683791,0.001436,-0.317166,0.000479,-0.316209,-0.015810,sufficient,partial_market_quality,missing,0,0,1
20260529_162852,tierc-rp-04e7046b7e3741481fef,0x82dbe18346a8656dbb5e76f74bf3ae279cc16b29,20.00,1h,1779937240,1779940840,1779941100,20.00,19.657431,0.002871,-0.344961,0.000479,-0.342569,-0.017128,sufficient,partial_market_quality,missing,0,0,1
20260529_162852,tierc-rp-04e7046b7e3741481fef,0x82dbe18346a8656dbb5e76f74bf3ae279cc16b29,20.00,2h,1779937240,1779944440,1779944700,20.00,19.634592,0.005742,-0.370672,0.000479,-0.365408,-0.018270,sufficient,partial_market_quality,missing,0,0,1
20260529_162852,tierc-rp-04e7046b7e3741481fef,0x82dbe18346a8656dbb5e76f74bf3ae279cc16b29,20.00,6h,1779937240,1779958840,1779959100,20.00,19.722117,0.017227,-0.294632,0.000479,-0.277883,-0.013894,sufficient,partial_market_quality,missing,0,0,1
20260529_162852,tierc-rp-75a0346e7526fea8e4f2,0x82dbe18346a8656dbb5e76f74bf3ae279cc16b29,50.00,15m,1779937240,1779938140,1779938400,50.00,49.400208,0.001795,-0.598594,0.002992,-0.599792,-0.011996,sufficient,partial_market_quality,missing,0,0,1
20260529_162852,tierc-rp-75a0346e7526fea8e4f2,0x82dbe18346a8656dbb5e76f74bf3ae279cc16b29,50.00,30m,1779937240,1779939040,1779939300,50.00,49.207683,0.003589,-0.792914,0.002992,-0.792317,-0.015846,sufficient,partial_market_quality,missing,0,0,1
20260529_162852,tierc-rp-75a0346e7526fea8e4f2,0x82dbe18346a8656dbb5e76f74bf3ae279cc16b29,50.00,1h,1779937240,1779940840,1779941100,50.00,49.141783,0.007178,-0.862403,0.002992,-0.858217,-0.017164,sufficient,partial_market_quality,missing,0,0,1
20260529_162852,tierc-rp-75a0346e7526fea8e4f2,0x82dbe18346a8656dbb5e76f74bf3ae279cc16b29,50.00,2h,1779937240,1779944440,1779944700,50.00,49.084684,0.014356,-0.926680,0.002992,-0.915316,-0.018306,sufficient,partial_market_quality,missing,0,0,1
20260529_162852,tierc-rp-75a0346e7526fea8e4f2,0x82dbe18346a8656dbb5e76f74bf3ae279cc16b29,50.00,6h,1779937240,1779958840,1779959100,50.00,49.303498,0.043069,-0.736579,0.002992,-0.696502,-0.013930,sufficient,partial_market_quality,missing,0,0,1
20260529_162852,tierc-rp-59a23f742cb1e8eb1128,0x82dbe18346a8656dbb5e76f74bf3ae279cc16b29,10.00,15m,1779940840,1779941740,1779942000,10.00,9.980653,0.000359,-0.019587,0.000120,-0.019347,-0.001935,sufficient,partial_market_quality,missing,0,0,1
20260529_162852,tierc-rp-59a23f742cb1e8eb1128,0x82dbe18346a8656dbb5e76f74bf3ae279cc16b29,10.00,30m,1779940840,1779942640,1779942900,10.00,10.013352,0.000718,0.012754,0.000120,0.013352,0.001335,sufficient,partial_market_quality,missing,0,0,1
20260529_162852,tierc-rp-59a23f742cb1e8eb1128,0x82dbe18346a8656dbb5e76f74bf3ae279cc16b29,10.00,1h,1779940840,1779944440,1779944700,10.00,10.009059,0.001436,0.007744,0.000120,0.009059,0.000906,sufficient,partial_market_quality,missing,0,1,1
20260529_162852,tierc-rp-59a23f742cb1e8eb1128,0x82dbe18346a8656dbb5e76f74bf3ae279cc16b29,10.00,2h,1779940840,1779948040,1779948300,10.00,9.998652,0.002871,-0.004100,0.000120,-0.001348,-0.000135,sufficient,partial_market_quality,missing,0,1,1
20260529_162852,tierc-rp-59a23f742cb1e8eb1128,0x82dbe18346a8656dbb5e76f74bf3ae279cc16b29,10.00,6h,1779940840,1779962440,1779962700,10.00,10.089118,0.008614,0.080624,0.000120,0.089118,0.008912,sufficient,partial_market_quality,missing,0,1,1
20260529_162852,tierc-rp-f2c1dfb6bfabc97700e3,0x82dbe18346a8656dbb5e76f74bf3ae279cc16b29,20.00,15m,1779940840,1779941740,1779942000,20.00,19.961066,0.000718,-0.039173,0.000479,-0.038934,-0.001947,sufficient,partial_market_quality,missing,0,0,1
20260529_162852,tierc-rp-f2c1dfb6bfabc97700e3,0x82dbe18346a8656dbb5e76f74bf3ae279cc16b29,20.00,30m,1779940840,1779942640,1779942900,20.00,20.026465,0.001436,0.025508,0.000479,0.026465,0.001323,sufficient,partial_market_quality,missing,0,0,1
20260529_162852,tierc-rp-f2c1dfb6bfabc97700e3,0x82dbe18346a8656dbb5e76f74bf3ae279cc16b29,20.00,1h,1779940840,1779944440,1779944700,20.00,20.017879,0.002871,0.015487,0.000479,0.017879,0.000894,sufficient,partial_market_quality,missing,0,1,1
20260529_162852,tierc-rp-f2c1dfb6bfabc97700e3,0x82dbe18346a8656dbb5e76f74bf3ae279cc16b29,20.00,2h,1779940840,1779948040,1779948300,20.00,19.997065,0.005742,-0.008199,0.000479,-0.002935,-0.000147,sufficient,partial_market_quality,missing,0,1,1
20260529_162852,tierc-rp-f2c1dfb6bfabc97700e3,0x82dbe18346a8656dbb5e76f74bf3ae279cc16b29,20.00,6h,1779940840,1779962440,1779962700,20.00,20.177996,0.017227,0.161247,0.000479,0.177996,0.008900,sufficient,partial_market_quality,missing,0,1,1
20260529_162852,tierc-rp-79643104bc03d51a182c,0x82dbe18346a8656dbb5e76f74bf3ae279cc16b29,50.00,15m,1779940840,1779941740,1779942000,50.00,49.900870,0.001795,-0.097933,0.002992,-0.099130,-0.001983,sufficient,partial_market_quality,missing,0,0,1
20260529_162852,tierc-rp-79643104bc03d51a182c,0x82dbe18346a8656dbb5e76f74bf3ae279cc16b29,50.00,30m,1779940840,1779942640,1779942900,50.00,50.064367,0.003589,0.063770,0.002992,0.064367,0.001287,sufficient,partial_market_quality,missing,0,0,1
20260529_162852,tierc-rp-79643104bc03d51a182c,0x82dbe18346a8656dbb5e76f74bf3ae279cc16b29,50.00,1h,1779940840,1779944440,1779944700,50.00,50.042903,0.007178,0.038718,0.002992,0.042903,0.000858,sufficient,partial_market_quality,missing,0,1,1
20260529_162852,tierc-rp-79643104bc03d51a182c,0x82dbe18346a8656dbb5e76f74bf3ae279cc16b29,50.00,2h,1779940840,1779948040,1779948300,50.00,49.990866,0.014356,-0.020498,0.002992,-0.009134,-0.000183,sufficient,partial_market_quality,missing,0,1,1
20260529_162852,tierc-rp-79643104bc03d51a182c,0x82dbe18346a8656dbb5e76f74bf3ae279cc16b29,50.00,6h,1779940840,1779962440,1779962700,50.00,50.443194,0.043069,0.403118,0.002992,0.443194,0.008864,sufficient,partial_market_quality,missing,0,1,1
20260529_162852,tierc-rp-498946dc28859c210ba5,0x82dbe18346a8656dbb5e76f74bf3ae279cc16b29,10.00,15m,1779944439,1779945339,1779945600,10.00,9.977751,0.000359,-0.022488,0.000120,-0.022249,-0.002225,sufficient,partial_market_quality,missing,0,0,1
20260529_162852,tierc-rp-498946dc28859c210ba5,0x82dbe18346a8656dbb5e76f74bf3ae279cc16b29,10.00,30m,1779944439,1779946239,1779946500,10.00,9.982810,0.000718,-0.017788,0.000120,-0.017190,-0.001719,sufficient,partial_market_quality,missing,0,0,1
20260529_162852,tierc-rp-498946dc28859c210ba5,0x82dbe18346a8656dbb5e76f74bf3ae279cc16b29,10.00,1h,1779944439,1779948039,1779948300,10.00,9.982214,0.001436,-0.019102,0.000120,-0.017786,-0.001779,sufficient,partial_market_quality,missing,0,1,1
20260529_162852,tierc-rp-498946dc28859c210ba5,0x82dbe18346a8656dbb5e76f74bf3ae279cc16b29,10.00,2h,1779944439,1779951639,1779951900,10.00,10.021753,0.002871,0.019001,0.000120,0.021753,0.002175,sufficient,partial_market_quality,missing,0,1,1
20260529_162852,tierc-rp-498946dc28859c210ba5,0x82dbe18346a8656dbb5e76f74bf3ae279cc16b29,10.00,6h,1779944439,1779966039,1779966300,10.00,10.044576,0.008614,0.036082,0.000120,0.044576,0.004458,sufficient,partial_market_quality,missing,0,1,1
20260529_162852,tierc-rp-dd331d171c2a82ba9c7d,0x82dbe18346a8656dbb5e76f74bf3ae279cc16b29,20.00,15m,1779944439,1779945339,1779945600,20.00,19.955263,0.000718,-0.044976,0.000479,-0.044737,-0.002237,sufficient,partial_market_quality,missing,0,0,1
20260529_162852,tierc-rp-dd331d171c2a82ba9c7d,0x82dbe18346a8656dbb5e76f74bf3ae279cc16b29,20.00,30m,1779944439,1779946239,1779946500,20.00,19.965380,0.001436,-0.035577,0.000479,-0.034620,-0.001731,sufficient,partial_market_quality,missing,0,0,1
20260529_162852,tierc-rp-dd331d171c2a82ba9c7d,0x82dbe18346a8656dbb5e76f74bf3ae279cc16b29,20.00,1h,1779944439,1779948039,1779948300,20.00,19.964188,0.002871,-0.038205,0.000479,-0.035812,-0.001791,sufficient,partial_market_quality,missing,0,1,1
20260529_162852,tierc-rp-dd331d171c2a82ba9c7d,0x82dbe18346a8656dbb5e76f74bf3ae279cc16b29,20.00,2h,1779944439,1779951639,1779951900,20.00,20.043266,0.005742,0.038002,0.000479,0.043266,0.002163,sufficient,partial_market_quality,missing,0,1,1
20260529_162852,tierc-rp-dd331d171c2a82ba9c7d,0x82dbe18346a8656dbb5e76f74bf3ae279cc16b29,20.00,6h,1779944439,1779966039,1779966300,20.00,20.088913,0.017227,0.072164,0.000479,0.088913,0.004446,sufficient,partial_market_quality,missing,0,1,1
20260529_162852,tierc-rp-505b179a5932823601b0,0x82dbe18346a8656dbb5e76f74bf3ae279cc16b29,50.00,15m,1779944439,1779945339,1779945600,50.00,49.886362,0.001795,-0.112441,0.002992,-0.113638,-0.002273,sufficient,partial_market_quality,missing,0,0,1
20260529_162852,tierc-rp-505b179a5932823601b0,0x82dbe18346a8656dbb5e76f74bf3ae279cc16b29,50.00,30m,1779944439,1779946239,1779946500,50.00,49.911655,0.003589,-0.088942,0.002992,-0.088345,-0.001767,sufficient,partial_market_quality,missing,0,0,1
20260529_162852,tierc-rp-505b179a5932823601b0,0x82dbe18346a8656dbb5e76f74bf3ae279cc16b29,50.00,1h,1779944439,1779948039,1779948300,50.00,49.908674,0.007178,-0.095511,0.002992,-0.091326,-0.001827,sufficient,partial_market_quality,missing,0,1,1
20260529_162852,tierc-rp-505b179a5932823601b0,0x82dbe18346a8656dbb5e76f74bf3ae279cc16b29,50.00,2h,1779944439,1779951639,1779951900,50.00,50.106370,0.014356,0.095006,0.002992,0.106370,0.002127,sufficient,partial_market_quality,missing,0,1,1
20260529_162852,tierc-rp-505b179a5932823601b0,0x82dbe18346a8656dbb5e76f74bf3ae279cc16b29,50.00,6h,1779944439,1779966039,1779966300,50.00,50.220487,0.043069,0.180411,0.002992,0.220487,0.004410,sufficient,partial_market_quality,missing,0,1,1
20260529_162852,tierc-rp-42ec18b88e296fba8a88,0x82dbe18346a8656dbb5e76f74bf3ae279cc16b29,10.00,15m,1779948039,1779948939,1779949200,10.00,10.001707,0.000359,0.001468,0.000120,0.001707,0.000171,sufficient,partial_market_quality,missing,0,0,1
20260529_162852,tierc-rp-42ec18b88e296fba8a88,0x82dbe18346a8656dbb5e76f74bf3ae279cc16b29,10.00,30m,1779948039,1779949839,1779950100,10.00,9.975947,0.000718,-0.024651,0.000120,-0.024053,-0.002405,sufficient,partial_market_quality,missing,0,0,1
20260529_162852,tierc-rp-42ec18b88e296fba8a88,0x82dbe18346a8656dbb5e76f74bf3ae279cc16b29,10.00,1h,1779948039,1779951639,1779951900,10.00,10.036850,0.001436,0.035534,0.000120,0.036850,0.003685,sufficient,partial_market_quality,missing,0,0,1
20260529_162852,tierc-rp-42ec18b88e296fba8a88,0x82dbe18346a8656dbb5e76f74bf3ae279cc16b29,10.00,2h,1779948039,1779955239,1779955500,10.00,10.073516,0.002871,0.070765,0.000120,0.073516,0.007352,sufficient,partial_market_quality,missing,0,0,1
20260529_162852,tierc-rp-42ec18b88e296fba8a88,0x82dbe18346a8656dbb5e76f74bf3ae279cc16b29,10.00,6h,1779948039,1779969639,1779969900,10.00,10.060327,0.008614,0.051833,0.000120,0.060327,0.006033,sufficient,partial_market_quality,missing,0,0,1
20260529_162852,tierc-rp-aebb83f4de2c45058a24,0x82dbe18346a8656dbb5e76f74bf3ae279cc16b29,20.00,15m,1779948039,1779948939,1779949200,20.00,20.003175,0.000718,0.002936,0.000479,0.003175,0.000159,sufficient,partial_market_quality,missing,0,0,1
20260529_162852,tierc-rp-aebb83f4de2c45058a24,0x82dbe18346a8656dbb5e76f74bf3ae279cc16b29,20.00,30m,1779948039,1779949839,1779950100,20.00,19.951654,0.001436,-0.049302,0.000479,-0.048346,-0.002417,sufficient,partial_market_quality,missing,0,0,1
20260529_162852,tierc-rp-aebb83f4de2c45058a24,0x82dbe18346a8656dbb5e76f74bf3ae279cc16b29,20.00,1h,1779948039,1779951639,1779951900,20.00,20.073461,0.002871,0.071068,0.000479,0.073461,0.003673,sufficient,partial_market_quality,missing,0,0,1
20260529_162852,tierc-rp-aebb83f4de2c45058a24,0x82dbe18346a8656dbb5e76f74bf3ae279cc16b29,20.00,2h,1779948039,1779955239,1779955500,20.00,20.146793,0.005742,0.141529,0.000479,0.146793,0.007340,sufficient,partial_market_quality,missing,0,0,1
20260529_162852,tierc-rp-aebb83f4de2c45058a24,0x82dbe18346a8656dbb5e76f74bf3ae279cc16b29,20.00,6h,1779948039,1779969639,1779969900,20.00,20.120416,0.017227,0.103667,0.000479,0.120416,0.006021,sufficient,partial_market_quality,missing,0,0,1
20260529_162852,tierc-rp-9b6af0a4a4ef27e1dbdc,0x82dbe18346a8656dbb5e76f74bf3ae279cc16b29,50.00,15m,1779948039,1779948939,1779949200,50.00,50.006142,0.001795,0.007340,0.002992,0.006142,0.000123,sufficient,partial_market_quality,missing,0,0,1
20260529_162852,tierc-rp-9b6af0a4a4ef27e1dbdc,0x82dbe18346a8656dbb5e76f74bf3ae279cc16b29,50.00,30m,1779948039,1779949839,1779950100,50.00,49.877341,0.003589,-0.123256,0.002992,-0.122659,-0.002453,sufficient,partial_market_quality,missing,0,0,1
20260529_162852,tierc-rp-9b6af0a4a4ef27e1dbdc,0x82dbe18346a8656dbb5e76f74bf3ae279cc16b29,50.00,1h,1779948039,1779951639,1779951900,50.00,50.181857,0.007178,0.177671,0.002992,0.181857,0.003637,sufficient,partial_market_quality,missing,0,0,1
20260529_162852,tierc-rp-9b6af0a4a4ef27e1dbdc,0x82dbe18346a8656dbb5e76f74bf3ae279cc16b29,50.00,2h,1779948039,1779955239,1779955500,50.00,50.365188,0.014356,0.353824,0.002992,0.365188,0.007304,sufficient,partial_market_quality,missing,0,0,1
20260529_162852,tierc-rp-9b6af0a4a4ef27e1dbdc,0x82dbe18346a8656dbb5e76f74bf3ae279cc16b29,50.00,6h,1779948039,1779969639,1779969900,50.00,50.299243,0.043069,0.259167,0.002992,0.299243,0.005985,sufficient,partial_market_quality,missing,0,0,1
20260529_162852,tierc-rp-da508b1e5a1a49538318,0x82dbe18346a8656dbb5e76f74bf3ae279cc16b29,10.00,15m,1779951640,1779952540,1779952800,10.00,10.036797,0.000359,0.036558,0.000120,0.036797,0.003680,sufficient,partial_market_quality,missing,0,0,1
20260529_162852,tierc-rp-da508b1e5a1a49538318,0x82dbe18346a8656dbb5e76f74bf3ae279cc16b29,10.00,30m,1779951640,1779953440,1779953700,10.00,10.057707,0.000718,0.057109,0.000120,0.057707,0.005771,sufficient,partial_market_quality,missing,0,0,1
20260529_162852,tierc-rp-da508b1e5a1a49538318,0x82dbe18346a8656dbb5e76f74bf3ae279cc16b29,10.00,1h,1779951640,1779955240,1779955500,10.00,10.047316,0.001436,0.046000,0.000120,0.047316,0.004732,sufficient,partial_market_quality,missing,0,0,1
20260529_162852,tierc-rp-da508b1e5a1a49538318,0x82dbe18346a8656dbb5e76f74bf3ae279cc16b29,10.00,2h,1779951640,1779958840,1779959100,10.00,10.026029,0.002871,0.023278,0.000120,0.026029,0.002603,sufficient,partial_market_quality,missing,0,0,1
20260529_162852,tierc-rp-da508b1e5a1a49538318,0x82dbe18346a8656dbb5e76f74bf3ae279cc16b29,10.00,6h,1779951640,1779973240,1779973500,10.00,10.032630,0.008614,0.024136,0.000120,0.032630,0.003263,sufficient,partial_market_quality,missing,0,0,1
20260529_162852,tierc-rp-549f750b9a490aa175ba,0x82dbe18346a8656dbb5e76f74bf3ae279cc16b29,20.00,15m,1779951640,1779952540,1779952800,20.00,20.073354,0.000718,0.073115,0.000479,0.073354,0.003668,sufficient,partial_market_quality,missing,0,0,1
20260529_162852,tierc-rp-549f750b9a490aa175ba,0x82dbe18346a8656dbb5e76f74bf3ae279cc16b29,20.00,30m,1779951640,1779953440,1779953700,20.00,20.115174,0.001436,0.114218,0.000479,0.115174,0.005759,sufficient,partial_market_quality,missing,0,0,1
20260529_162852,tierc-rp-549f750b9a490aa175ba,0x82dbe18346a8656dbb5e76f74bf3ae279cc16b29,20.00,1h,1779951640,1779955240,1779955500,20.00,20.094393,0.002871,0.092000,0.000479,0.094393,0.004720,sufficient,partial_market_quality,missing,0,0,1
20260529_162852,tierc-rp-549f750b9a490aa175ba,0x82dbe18346a8656dbb5e76f74bf3ae279cc16b29,20.00,2h,1779951640,1779958840,1779959100,20.00,20.051819,0.005742,0.046556,0.000479,0.051819,0.002591,sufficient,partial_market_quality,missing,0,0,1
20260529_162852,tierc-rp-549f750b9a490aa175ba,0x82dbe18346a8656dbb5e76f74bf3ae279cc16b29,20.00,6h,1779951640,1779973240,1779973500,20.00,20.065021,0.017227,0.048272,0.000479,0.065021,0.003251,sufficient,partial_market_quality,missing,0,0,1
20260529_162852,tierc-rp-14a940e5a7fe8077c754,0x82dbe18346a8656dbb5e76f74bf3ae279cc16b29,50.00,15m,1779951640,1779952540,1779952800,50.00,50.181591,0.001795,0.182789,0.002992,0.181591,0.003632,sufficient,partial_market_quality,missing,0,0,1
20260529_162852,tierc-rp-14a940e5a7fe8077c754,0x82dbe18346a8656dbb5e76f74bf3ae279cc16b29,50.00,30m,1779951640,1779953440,1779953700,50.00,50.286141,0.003589,0.285544,0.002992,0.286141,0.005723,sufficient,partial_market_quality,missing,0,0,1
20260529_162852,tierc-rp-14a940e5a7fe8077c754,0x82dbe18346a8656dbb5e76f74bf3ae279cc16b29,50.00,1h,1779951640,1779955240,1779955500,50.00,50.234186,0.007178,0.230001,0.002992,0.234186,0.004684,sufficient,partial_market_quality,missing,0,0,1
20260529_162852,tierc-rp-14a940e5a7fe8077c754,0x82dbe18346a8656dbb5e76f74bf3ae279cc16b29,50.00,2h,1779951640,1779958840,1779959100,50.00,50.127753,0.014356,0.116389,0.002992,0.127753,0.002555,sufficient,partial_market_quality,missing,0,0,1
20260529_162852,tierc-rp-14a940e5a7fe8077c754,0x82dbe18346a8656dbb5e76f74bf3ae279cc16b29,50.00,6h,1779951640,1779973240,1779973500,50.00,50.160757,0.043069,0.120681,0.002992,0.160757,0.003215,sufficient,partial_market_quality,missing,0,0,1
20260529_162852,tierc-rp-3ec7f4b79e0f06c7df48,0x82dbe18346a8656dbb5e76f74bf3ae279cc16b29,10.00,15m,1779955240,1779956140,1779956400,10.00,9.988266,0.000359,-0.011973,0.000120,-0.011734,-0.001173,sufficient,partial_market_quality,missing,0,0,1
20260529_162852,tierc-rp-3ec7f4b79e0f06c7df48,0x82dbe18346a8656dbb5e76f74bf3ae279cc16b29,10.00,30m,1779955240,1779957040,1779957300,10.00,9.993404,0.000718,-0.007194,0.000120,-0.006596,-0.000660,sufficient,partial_market_quality,missing,0,0,1
20260529_162852,tierc-rp-3ec7f4b79e0f06c7df48,0x82dbe18346a8656dbb5e76f74bf3ae279cc16b29,10.00,1h,1779955240,1779958840,1779959100,10.00,9.987180,0.001436,-0.014136,0.000120,-0.012820,-0.001282,sufficient,partial_market_quality,missing,0,0,1
20260529_162852,tierc-rp-3ec7f4b79e0f06c7df48,0x82dbe18346a8656dbb5e76f74bf3ae279cc16b29,10.00,2h,1779955240,1779962440,1779962700,10.00,10.022522,0.002871,0.019770,0.000120,0.022522,0.002252,sufficient,partial_market_quality,missing,0,0,1
20260529_162852,tierc-rp-3ec7f4b79e0f06c7df48,0x82dbe18346a8656dbb5e76f74bf3ae279cc16b29,10.00,6h,1779955240,1779976840,1779977100,10.00,9.928609,0.008614,-0.079885,0.000120,-0.071391,-0.007139,sufficient,partial_market_quality,missing,0,1,1
20260529_162852,tierc-rp-32b0111a2be0b52779a5,0x82dbe18346a8656dbb5e76f74bf3ae279cc16b29,20.00,15m,1779955240,1779956140,1779956400,20.00,19.976294,0.000718,-0.023945,0.000479,-0.023706,-0.001185,sufficient,partial_market_quality,missing,0,0,1
20260529_162852,tierc-rp-32b0111a2be0b52779a5,0x82dbe18346a8656dbb5e76f74bf3ae279cc16b29,20.00,30m,1779955240,1779957040,1779957300,20.00,19.986569,0.001436,-0.014387,0.000479,-0.013431,-0.000672,sufficient,partial_market_quality,missing,0,0,1
20260529_162852,tierc-rp-32b0111a2be0b52779a5,0x82dbe18346a8656dbb5e76f74bf3ae279cc16b29,20.00,1h,1779955240,1779958840,1779959100,20.00,19.974121,0.002871,-0.028272,0.000479,-0.025879,-0.001294,sufficient,partial_market_quality,missing,0,0,1
20260529_162852,tierc-rp-32b0111a2be0b52779a5,0x82dbe18346a8656dbb5e76f74bf3ae279cc16b29,20.00,2h,1779955240,1779962440,1779962700,20.00,20.044804,0.005742,0.039540,0.000479,0.044804,0.002240,sufficient,partial_market_quality,missing,0,0,1
20260529_162852,tierc-rp-32b0111a2be0b52779a5,0x82dbe18346a8656dbb5e76f74bf3ae279cc16b29,20.00,6h,1779955240,1779976840,1779977100,20.00,19.856978,0.017227,-0.159771,0.000479,-0.143022,-0.007151,sufficient,partial_market_quality,missing,0,1,1
20260529_162852,tierc-rp-04b0003ea83c1c5fa748,0x82dbe18346a8656dbb5e76f74bf3ae279cc16b29,50.00,15m,1779955240,1779956140,1779956400,50.00,49.938939,0.001795,-0.059864,0.002992,-0.061061,-0.001221,sufficient,partial_market_quality,missing,0,0,1
20260529_162852,tierc-rp-04b0003ea83c1c5fa748,0x82dbe18346a8656dbb5e76f74bf3ae279cc16b29,50.00,30m,1779955240,1779957040,1779957300,50.00,49.964628,0.003589,-0.035969,0.002992,-0.035372,-0.000707,sufficient,partial_market_quality,missing,0,0,1
20260529_162852,tierc-rp-04b0003ea83c1c5fa748,0x82dbe18346a8656dbb5e76f74bf3ae279cc16b29,50.00,1h,1779955240,1779958840,1779959100,50.00,49.933506,0.007178,-0.070679,0.002992,-0.066494,-0.001330,sufficient,partial_market_quality,missing,0,0,1
20260529_162852,tierc-rp-04b0003ea83c1c5fa748,0x82dbe18346a8656dbb5e76f74bf3ae279cc16b29,50.00,2h,1779955240,1779962440,1779962700,50.00,50.110215,0.014356,0.098851,0.002992,0.110215,0.002204,sufficient,partial_market_quality,missing,0,0,1
20260529_162852,tierc-rp-04b0003ea83c1c5fa748,0x82dbe18346a8656dbb5e76f74bf3ae279cc16b29,50.00,6h,1779955240,1779976840,1779977100,50.00,49.640650,0.043069,-0.399427,0.002992,-0.359350,-0.007187,sufficient,partial_market_quality,missing,0,1,1
20260529_162852,tierc-rp-d2e69188988d255f28ed,0x82dbe18346a8656dbb5e76f74bf3ae279cc16b29,10.00,15m,1779958840,1779959740,1779960000,10.00,10.002353,0.000359,0.002114,0.000120,0.002353,0.000235,sufficient,partial_market_quality,missing,0,0,1
20260529_162852,tierc-rp-d2e69188988d255f28ed,0x82dbe18346a8656dbb5e76f74bf3ae279cc16b29,10.00,30m,1779958840,1779960640,1779960900,10.00,10.006285,0.000718,0.005687,0.000120,0.006285,0.000628,sufficient,partial_market_quality,missing,0,0,1
20260529_162852,tierc-rp-d2e69188988d255f28ed,0x82dbe18346a8656dbb5e76f74bf3ae279cc16b29,10.00,1h,1779958840,1779962440,1779962700,10.00,10.025120,0.001436,0.023804,0.000120,0.025120,0.002512,sufficient,partial_market_quality,missing,0,0,1
20260529_162852,tierc-rp-d2e69188988d255f28ed,0x82dbe18346a8656dbb5e76f74bf3ae279cc16b29,10.00,2h,1779958840,1779966040,1779966300,10.00,9.997266,0.002871,-0.005486,0.000120,-0.002734,-0.000273,sufficient,partial_market_quality,missing,0,1,1
20260529_162852,tierc-rp-d2e69188988d255f28ed,0x82dbe18346a8656dbb5e76f74bf3ae279cc16b29,10.00,6h,1779958840,1779980440,1779980700,10.00,10.027869,0.008614,0.019375,0.000120,0.027869,0.002787,sufficient,partial_market_quality,missing,0,0,1
20260529_162852,tierc-rp-6080b7686e85b817b6a9,0x82dbe18346a8656dbb5e76f74bf3ae279cc16b29,20.00,15m,1779958840,1779959740,1779960000,20.00,20.004466,0.000718,0.004227,0.000479,0.004466,0.000223,sufficient,partial_market_quality,missing,0,0,1
20260529_162852,tierc-rp-6080b7686e85b817b6a9,0x82dbe18346a8656dbb5e76f74bf3ae279cc16b29,20.00,30m,1779958840,1779960640,1779960900,20.00,20.012331,0.001436,0.011374,0.000479,0.012331,0.000617,sufficient,partial_market_quality,missing,0,0,1
20260529_162852,tierc-rp-6080b7686e85b817b6a9,0x82dbe18346a8656dbb5e76f74bf3ae279cc16b29,20.00,1h,1779958840,1779962440,1779962700,20.00,20.050001,0.002871,0.047608,0.000479,0.050001,0.002500,sufficient,partial_market_quality,missing,0,0,1
20260529_162852,tierc-rp-6080b7686e85b817b6a9,0x82dbe18346a8656dbb5e76f74bf3ae279cc16b29,20.00,2h,1779958840,1779966040,1779966300,20.00,19.994293,0.005742,-0.010971,0.000479,-0.005707,-0.000285,sufficient,partial_market_quality,missing,0,1,1
20260529_162852,tierc-rp-6080b7686e85b817b6a9,0x82dbe18346a8656dbb5e76f74bf3ae279cc16b29,20.00,6h,1779958840,1779980440,1779980700,20.00,20.055500,0.017227,0.038751,0.000479,0.055500,0.002775,sufficient,partial_market_quality,missing,0,0,1
20260529_162852,tierc-rp-3ff637648d755d47c84e,0x82dbe18346a8656dbb5e76f74bf3ae279cc16b29,50.00,15m,1779958840,1779959740,1779960000,50.00,50.009371,0.001795,0.010568,0.002992,0.009371,0.000187,sufficient,partial_market_quality,missing,0,0,1
20260529_162852,tierc-rp-3ff637648d755d47c84e,0x82dbe18346a8656dbb5e76f74bf3ae279cc16b29,50.00,30m,1779958840,1779960640,1779960900,50.00,50.029031,0.003589,0.028434,0.002992,0.029031,0.000581,sufficient,partial_market_quality,missing,0,0,1
20260529_162852,tierc-rp-3ff637648d755d47c84e,0x82dbe18346a8656dbb5e76f74bf3ae279cc16b29,50.00,1h,1779958840,1779962440,1779962700,50.00,50.123207,0.007178,0.119021,0.002992,0.123207,0.002464,sufficient,partial_market_quality,missing,0,0,1
20260529_162852,tierc-rp-3ff637648d755d47c84e,0x82dbe18346a8656dbb5e76f74bf3ae279cc16b29,50.00,2h,1779958840,1779966040,1779966300,50.00,49.983936,0.014356,-0.027428,0.002992,-0.016064,-0.000321,sufficient,partial_market_quality,missing,0,1,1
20260529_162852,tierc-rp-3ff637648d755d47c84e,0x82dbe18346a8656dbb5e76f74bf3ae279cc16b29,50.00,6h,1779958840,1779980440,1779980700,50.00,50.136954,0.043069,0.096877,0.002992,0.136954,0.002739,sufficient,partial_market_quality,missing,0,0,1
20260529_162852,tierc-rp-d0f854cbcac744cd82ec,0x82dbe18346a8656dbb5e76f74bf3ae279cc16b29,10.00,15m,1779962440,1779963340,1779963600,10.00,9.985630,0.000359,-0.014609,0.000120,-0.014370,-0.001437,sufficient,partial_market_quality,missing,0,1,1
20260529_162852,tierc-rp-d0f854cbcac744cd82ec,0x82dbe18346a8656dbb5e76f74bf3ae279cc16b29,10.00,30m,1779962440,1779964240,1779964500,10.00,9.997034,0.000718,-0.003565,0.000120,-0.002966,-0.000297,sufficient,partial_market_quality,missing,0,1,1
20260529_162852,tierc-rp-d0f854cbcac744cd82ec,0x82dbe18346a8656dbb5e76f74bf3ae279cc16b29,10.00,1h,1779962440,1779966040,1779966300,10.00,9.971695,0.001436,-0.029621,0.000120,-0.028305,-0.002830,sufficient,partial_market_quality,missing,0,1,1
20260529_162852,tierc-rp-d0f854cbcac744cd82ec,0x82dbe18346a8656dbb5e76f74bf3ae279cc16b29,10.00,2h,1779962440,1779969640,1779969900,10.00,9.972328,0.002871,-0.030424,0.000120,-0.027672,-0.002767,sufficient,partial_market_quality,missing,0,1,1
20260529_162852,tierc-rp-d0f854cbcac744cd82ec,0x82dbe18346a8656dbb5e76f74bf3ae279cc16b29,10.00,6h,1779962440,1779984040,1779984300,10.00,9.979777,0.008614,-0.028717,0.000120,-0.020223,-0.002022,sufficient,partial_market_quality,missing,0,0,1
20260529_162852,tierc-rp-1e5da244bdb96d5e5d49,0x82dbe18346a8656dbb5e76f74bf3ae279cc16b29,20.00,15m,1779962440,1779963340,1779963600,20.00,19.971020,0.000718,-0.029219,0.000479,-0.028980,-0.001449,sufficient,partial_market_quality,missing,0,1,1
20260529_162852,tierc-rp-1e5da244bdb96d5e5d49,0x82dbe18346a8656dbb5e76f74bf3ae279cc16b29,20.00,30m,1779962440,1779964240,1779964500,20.00,19.993828,0.001436,-0.007129,0.000479,-0.006172,-0.000309,sufficient,partial_market_quality,missing,0,1,1
20260529_162852,tierc-rp-1e5da244bdb96d5e5d49,0x82dbe18346a8656dbb5e76f74bf3ae279cc16b29,20.00,1h,1779962440,1779966040,1779966300,20.00,19.943151,0.002871,-0.059241,0.000479,-0.056849,-0.002842,sufficient,partial_market_quality,missing,0,1,1
20260529_162852,tierc-rp-1e5da244bdb96d5e5d49,0x82dbe18346a8656dbb5e76f74bf3ae279cc16b29,20.00,2h,1779962440,1779969640,1779969900,20.00,19.944416,0.005742,-0.060848,0.000479,-0.055584,-0.002779,sufficient,partial_market_quality,missing,0,1,1
20260529_162852,tierc-rp-1e5da244bdb96d5e5d49,0x82dbe18346a8656dbb5e76f74bf3ae279cc16b29,20.00,6h,1779962440,1779984040,1779984300,20.00,19.959315,0.017227,-0.057434,0.000479,-0.040685,-0.002034,sufficient,partial_market_quality,missing,0,0,1
20260529_162852,tierc-rp-03fa9ae6256266b9dd1d,0x82dbe18346a8656dbb5e76f74bf3ae279cc16b29,50.00,15m,1779962440,1779963340,1779963600,50.00,49.925755,0.001795,-0.073047,0.002992,-0.074245,-0.001485,sufficient,partial_market_quality,missing,0,1,1
20260529_162852,tierc-rp-03fa9ae6256266b9dd1d,0x82dbe18346a8656dbb5e76f74bf3ae279cc16b29,50.00,30m,1779962440,1779964240,1779964500,50.00,49.982774,0.003589,-0.017823,0.002992,-0.017226,-0.000345,sufficient,partial_market_quality,missing,0,1,1
20260529_162852,tierc-rp-03fa9ae6256266b9dd1d,0x82dbe18346a8656dbb5e76f74bf3ae279cc16b29,50.00,1h,1779962440,1779966040,1779966300,50.00,49.856083,0.007178,-0.148103,0.002992,-0.143917,-0.002878,sufficient,partial_market_quality,missing,0,1,1
20260529_162852,tierc-rp-03fa9ae6256266b9dd1d,0x82dbe18346a8656dbb5e76f74bf3ae279cc16b29,50.00,2h,1779962440,1779969640,1779969900,50.00,49.859245,0.014356,-0.152119,0.002992,-0.140755,-0.002815,sufficient,partial_market_quality,missing,0,1,1
20260529_162852,tierc-rp-03fa9ae6256266b9dd1d,0x82dbe18346a8656dbb5e76f74bf3ae279cc16b29,50.00,6h,1779962440,1779984040,1779984300,50.00,49.896492,0.043069,-0.143584,0.002992,-0.103508,-0.002070,sufficient,partial_market_quality,missing,0,0,1
20260529_162852,tierc-rp-acdb2bc99d8fcf94cf37,0x82dbe18346a8656dbb5e76f74bf3ae279cc16b29,10.00,15m,1779966041,1779966941,1779967200,10.00,9.985356,0.000359,-0.014883,0.000120,-0.014644,-0.001464,sufficient,partial_market_quality,missing,0,0,1
20260529_162852,tierc-rp-acdb2bc99d8fcf94cf37,0x82dbe18346a8656dbb5e76f74bf3ae279cc16b29,10.00,30m,1779966041,1779967841,1779968100,10.00,9.986720,0.000718,-0.013878,0.000120,-0.013280,-0.001328,sufficient,partial_market_quality,missing,0,0,1
20260529_162852,tierc-rp-acdb2bc99d8fcf94cf37,0x82dbe18346a8656dbb5e76f74bf3ae279cc16b29,10.00,1h,1779966041,1779969641,1779969900,10.00,9.986231,0.001436,-0.015084,0.000120,-0.013769,-0.001377,sufficient,partial_market_quality,missing,0,0,1
20260529_162852,tierc-rp-acdb2bc99d8fcf94cf37,0x82dbe18346a8656dbb5e76f74bf3ae279cc16b29,10.00,2h,1779966041,1779973241,1779973500,10.00,9.984700,0.002871,-0.018051,0.000120,-0.015300,-0.001530,sufficient,partial_market_quality,missing,0,0,1
20260529_162852,tierc-rp-acdb2bc99d8fcf94cf37,0x82dbe18346a8656dbb5e76f74bf3ae279cc16b29,10.00,6h,1779966041,1779987641,1779987900,10.00,10.112677,0.008614,0.104183,0.000120,0.112677,0.011268,sufficient,partial_market_quality,missing,0,0,1
20260529_162852,tierc-rp-ad1ede360bc31a15629b,0x82dbe18346a8656dbb5e76f74bf3ae279cc16b29,20.00,15m,1779966041,1779966941,1779967200,20.00,19.970472,0.000718,-0.029767,0.000479,-0.029528,-0.001476,sufficient,partial_market_quality,missing,0,0,1
20260529_162852,tierc-rp-ad1ede360bc31a15629b,0x82dbe18346a8656dbb5e76f74bf3ae279cc16b29,20.00,30m,1779966041,1779967841,1779968100,20.00,19.973201,0.001436,-0.027755,0.000479,-0.026799,-0.001340,sufficient,partial_market_quality,missing,0,0,1
20260529_162852,tierc-rp-ad1ede360bc31a15629b,0x82dbe18346a8656dbb5e76f74bf3ae279cc16b29,20.00,1h,1779966041,1779969641,1779969900,20.00,19.972224,0.002871,-0.030169,0.000479,-0.027776,-0.001389,sufficient,partial_market_quality,missing,0,0,1
20260529_162852,tierc-rp-ad1ede360bc31a15629b,0x82dbe18346a8656dbb5e76f74bf3ae279cc16b29,20.00,2h,1779966041,1779973241,1779973500,20.00,19.969162,0.005742,-0.036102,0.000479,-0.030838,-0.001542,sufficient,partial_market_quality,missing,0,0,1
20260529_162852,tierc-rp-ad1ede360bc31a15629b,0x82dbe18346a8656dbb5e76f74bf3ae279cc16b29,20.00,6h,1779966041,1779987641,1779987900,20.00,20.225116,0.017227,0.208367,0.000479,0.225116,0.011256,sufficient,partial_market_quality,missing,0,0,1
20260529_162852,tierc-rp-47133ca3990d4f3e9832,0x82dbe18346a8656dbb5e76f74bf3ae279cc16b29,50.00,15m,1779966041,1779966941,1779967200,50.00,49.924386,0.001795,-0.074417,0.002992,-0.075614,-0.001512,sufficient,partial_market_quality,missing,0,0,1
20260529_162852,tierc-rp-47133ca3990d4f3e9832,0x82dbe18346a8656dbb5e76f74bf3ae279cc16b29,50.00,30m,1779966041,1779967841,1779968100,50.00,49.931208,0.003589,-0.069389,0.002992,-0.068792,-0.001376,sufficient,partial_market_quality,missing,0,0,1
20260529_162852,tierc-rp-47133ca3990d4f3e9832,0x82dbe18346a8656dbb5e76f74bf3ae279cc16b29,50.00,1h,1779966041,1779969641,1779969900,50.00,49.928764,0.007178,-0.075422,0.002992,-0.071236,-0.001425,sufficient,partial_market_quality,missing,0,0,1
20260529_162852,tierc-rp-47133ca3990d4f3e9832,0x82dbe18346a8656dbb5e76f74bf3ae279cc16b29,50.00,2h,1779966041,1779973241,1779973500,50.00,49.921109,0.014356,-0.090255,0.002992,-0.078891,-0.001578,sufficient,partial_market_quality,missing,0,0,1
20260529_162852,tierc-rp-47133ca3990d4f3e9832,0x82dbe18346a8656dbb5e76f74bf3ae279cc16b29,50.00,6h,1779966041,1779987641,1779987900,50.00,50.560994,0.043069,0.520917,0.002992,0.560994,0.011220,sufficient,partial_market_quality,missing,0,0,1
20260529_162852,tierc-rp-1f86ace7de1f0aef6201,0x82dbe18346a8656dbb5e76f74bf3ae279cc16b29,10.00,15m,1779969640,1779970540,1779970800,10.00,9.978073,0.000359,-0.022166,0.000120,-0.021927,-0.002193,sufficient,partial_market_quality,missing,0,0,1
20260529_162852,tierc-rp-1f86ace7de1f0aef6201,0x82dbe18346a8656dbb5e76f74bf3ae279cc16b29,10.00,30m,1779969640,1779971440,1779971700,10.00,10.010472,0.000718,0.009874,0.000120,0.010472,0.001047,sufficient,partial_market_quality,missing,0,0,1
20260529_162852,tierc-rp-1f86ace7de1f0aef6201,0x82dbe18346a8656dbb5e76f74bf3ae279cc16b29,10.00,1h,1779969640,1779973240,1779973500,10.00,10.002475,0.001436,0.001159,0.000120,0.002475,0.000247,sufficient,partial_market_quality,missing,0,0,1
20260529_162852,tierc-rp-1f86ace7de1f0aef6201,0x82dbe18346a8656dbb5e76f74bf3ae279cc16b29,10.00,2h,1779969640,1779976840,1779977100,10.00,9.937209,0.002871,-0.065542,0.000120,-0.062791,-0.006279,sufficient,partial_market_quality,missing,0,0,1
20260529_162852,tierc-rp-1f86ace7de1f0aef6201,0x82dbe18346a8656dbb5e76f74bf3ae279cc16b29,10.00,6h,1779969640,1779991240,1779991500,10.00,10.192274,0.008614,0.183780,0.000120,0.192274,0.019227,sufficient,partial_market_quality,missing,0,0,1
20260529_162852,tierc-rp-5939e35f36bbb71f0181,0x82dbe18346a8656dbb5e76f74bf3ae279cc16b29,20.00,15m,1779969640,1779970540,1779970800,20.00,19.955906,0.000718,-0.044333,0.000479,-0.044094,-0.002205,sufficient,partial_market_quality,missing,0,0,1
20260529_162852,tierc-rp-5939e35f36bbb71f0181,0x82dbe18346a8656dbb5e76f74bf3ae279cc16b29,20.00,30m,1779969640,1779971440,1779971700,20.00,20.020705,0.001436,0.019748,0.000479,0.020705,0.001035,sufficient,partial_market_quality,missing,0,0,1
20260529_162852,tierc-rp-5939e35f36bbb71f0181,0x82dbe18346a8656dbb5e76f74bf3ae279cc16b29,20.00,1h,1779969640,1779973240,1779973500,20.00,20.004710,0.002871,0.002317,0.000479,0.004710,0.000235,sufficient,partial_market_quality,missing,0,0,1
20260529_162852,tierc-rp-5939e35f36bbb71f0181,0x82dbe18346a8656dbb5e76f74bf3ae279cc16b29,20.00,2h,1779969640,1779976840,1779977100,20.00,19.874179,0.005742,-0.131084,0.000479,-0.125821,-0.006291,sufficient,partial_market_quality,missing,0,0,1
20260529_162852,tierc-rp-5939e35f36bbb71f0181,0x82dbe18346a8656dbb5e76f74bf3ae279cc16b29,20.00,6h,1779969640,1779991240,1779991500,20.00,20.384309,0.017227,0.367560,0.000479,0.384309,0.019215,sufficient,partial_market_quality,missing,0,0,1
20260529_162852,tierc-rp-3374af4837090c8ad96b,0x82dbe18346a8656dbb5e76f74bf3ae279cc16b29,50.00,15m,1779969640,1779970540,1779970800,50.00,49.887970,0.001795,-0.110832,0.002992,-0.112030,-0.002241,sufficient,partial_market_quality,missing,0,0,1
20260529_162852,tierc-rp-3374af4837090c8ad96b,0x82dbe18346a8656dbb5e76f74bf3ae279cc16b29,50.00,30m,1779969640,1779971440,1779971700,50.00,50.049968,0.003589,0.049371,0.002992,0.049968,0.000999,sufficient,partial_market_quality,missing,0,0,1
20260529_162852,tierc-rp-3374af4837090c8ad96b,0x82dbe18346a8656dbb5e76f74bf3ae279cc16b29,50.00,1h,1779969640,1779973240,1779973500,50.00,50.009979,0.007178,0.005794,0.002992,0.009979,0.000200,sufficient,partial_market_quality,missing,0,0,1
20260529_162852,tierc-rp-3374af4837090c8ad96b,0x82dbe18346a8656dbb5e76f74bf3ae279cc16b29,50.00,2h,1779969640,1779976840,1779977100,50.00,49.683653,0.014356,-0.327711,0.002992,-0.316347,-0.006327,sufficient,partial_market_quality,missing,0,0,1
20260529_162852,tierc-rp-3374af4837090c8ad96b,0x82dbe18346a8656dbb5e76f74bf3ae279cc16b29,50.00,6h,1779969640,1779991240,1779991500,50.00,50.958977,0.043069,0.918901,0.002992,0.958977,0.019180,sufficient,partial_market_quality,missing,0,0,1
20260529_162852,tierc-rp-6bb1506f8b7a0cc034d0,0x82dbe18346a8656dbb5e76f74bf3ae279cc16b29,10.00,15m,1779973240,1779974140,1779974400,10.00,9.960022,0.000359,-0.040217,0.000120,-0.039978,-0.003998,sufficient,partial_market_quality,missing,0,0,1
20260529_162852,tierc-rp-6bb1506f8b7a0cc034d0,0x82dbe18346a8656dbb5e76f74bf3ae279cc16b29,10.00,30m,1779973240,1779975040,1779975300,10.00,9.941629,0.000718,-0.058969,0.000120,-0.058371,-0.005837,sufficient,partial_market_quality,missing,0,0,1
20260529_162852,tierc-rp-6bb1506f8b7a0cc034d0,0x82dbe18346a8656dbb5e76f74bf3ae279cc16b29,10.00,1h,1779973240,1779976840,1779977100,10.00,9.914748,0.001436,-0.086568,0.000120,-0.085252,-0.008525,sufficient,partial_market_quality,missing,0,0,1
20260529_162852,tierc-rp-6bb1506f8b7a0cc034d0,0x82dbe18346a8656dbb5e76f74bf3ae279cc16b29,10.00,2h,1779973240,1779980440,1779980700,10.00,10.011348,0.002871,0.008596,0.000120,0.011348,0.001135,sufficient,partial_market_quality,missing,0,0,1
20260529_162852,tierc-rp-6bb1506f8b7a0cc034d0,0x82dbe18346a8656dbb5e76f74bf3ae279cc16b29,10.00,6h,1779973240,1779994840,1779995100,10.00,10.154734,0.008614,0.146240,0.000120,0.154734,0.015473,sufficient,partial_market_quality,missing,0,0,1
20260529_162852,tierc-rp-e4f6a6d7252f784d4f5d,0x82dbe18346a8656dbb5e76f74bf3ae279cc16b29,20.00,15m,1779973240,1779974140,1779974400,20.00,19.919804,0.000718,-0.080435,0.000479,-0.080196,-0.004010,sufficient,partial_market_quality,missing,0,0,1
20260529_162852,tierc-rp-e4f6a6d7252f784d4f5d,0x82dbe18346a8656dbb5e76f74bf3ae279cc16b29,20.00,30m,1779973240,1779975040,1779975300,20.00,19.883019,0.001436,-0.117937,0.000479,-0.116981,-0.005849,sufficient,partial_market_quality,missing,0,0,1
20260529_162852,tierc-rp-e4f6a6d7252f784d4f5d,0x82dbe18346a8656dbb5e76f74bf3ae279cc16b29,20.00,1h,1779973240,1779976840,1779977100,20.00,19.829257,0.002871,-0.173136,0.000479,-0.170743,-0.008537,sufficient,partial_market_quality,missing,0,0,1
20260529_162852,tierc-rp-e4f6a6d7252f784d4f5d,0x82dbe18346a8656dbb5e76f74bf3ae279cc16b29,20.00,2h,1779973240,1779980440,1779980700,20.00,20.022457,0.005742,0.017193,0.000479,0.022457,0.001123,sufficient,partial_market_quality,missing,0,0,1
20260529_162852,tierc-rp-e4f6a6d7252f784d4f5d,0x82dbe18346a8656dbb5e76f74bf3ae279cc16b29,20.00,6h,1779973240,1779994840,1779995100,20.00,20.309230,0.017227,0.292481,0.000479,0.309230,0.015461,sufficient,partial_market_quality,missing,0,0,1
20260529_162852,tierc-rp-2c94e5f088f8ffa8274a,0x82dbe18346a8656dbb5e76f74bf3ae279cc16b29,50.00,15m,1779973240,1779974140,1779974400,50.00,49.797715,0.001795,-0.201087,0.002992,-0.202285,-0.004046,sufficient,partial_market_quality,missing,0,0,1
20260529_162852,tierc-rp-2c94e5f088f8ffa8274a,0x82dbe18346a8656dbb5e76f74bf3ae279cc16b29,50.00,30m,1779973240,1779975040,1779975300,50.00,49.705753,0.003589,-0.294844,0.002992,-0.294247,-0.005885,sufficient,partial_market_quality,missing,0,0,1
20260529_162852,tierc-rp-2c94e5f088f8ffa8274a,0x82dbe18346a8656dbb5e76f74bf3ae279cc16b29,50.00,1h,1779973240,1779976840,1779977100,50.00,49.571346,0.007178,-0.432839,0.002992,-0.428654,-0.008573,sufficient,partial_market_quality,missing,0,0,1
20260529_162852,tierc-rp-2c94e5f088f8ffa8274a,0x82dbe18346a8656dbb5e76f74bf3ae279cc16b29,50.00,2h,1779973240,1779980440,1779980700,50.00,50.054346,0.014356,0.042982,0.002992,0.054346,0.001087,sufficient,partial_market_quality,missing,0,0,1
20260529_162852,tierc-rp-2c94e5f088f8ffa8274a,0x82dbe18346a8656dbb5e76f74bf3ae279cc16b29,50.00,6h,1779973240,1779994840,1779995100,50.00,50.771279,0.043069,0.731202,0.002992,0.771279,0.015426,sufficient,partial_market_quality,missing,0,0,1
20260529_162852,tierc-rp-a2208b1ea1e139e04622,0x82dbe18346a8656dbb5e76f74bf3ae279cc16b29,10.00,15m,1779980381,1779981281,1779981300,10.00,9.981187,0.000359,-0.019053,0.000120,-0.018813,-0.001881,sufficient,partial_market_quality,missing,0,0,1
20260529_162852,tierc-rp-a2208b1ea1e139e04622,0x82dbe18346a8656dbb5e76f74bf3ae279cc16b29,10.00,30m,1779980381,1779982181,1779982200,10.00,9.982601,0.000718,-0.017997,0.000120,-0.017399,-0.001740,sufficient,partial_market_quality,missing,0,0,1
20260529_162852,tierc-rp-a2208b1ea1e139e04622,0x82dbe18346a8656dbb5e76f74bf3ae279cc16b29,10.00,1h,1779980381,1779983981,1779984000,10.00,9.977035,0.001436,-0.024281,0.000120,-0.022965,-0.002296,sufficient,partial_market_quality,missing,0,0,1
20260529_162852,tierc-rp-a2208b1ea1e139e04622,0x82dbe18346a8656dbb5e76f74bf3ae279cc16b29,10.00,2h,1779980381,1779987581,1779987600,10.00,10.092183,0.002871,0.089432,0.000120,0.092183,0.009218,sufficient,partial_market_quality,missing,0,0,1
20260529_162852,tierc-rp-a2208b1ea1e139e04622,0x82dbe18346a8656dbb5e76f74bf3ae279cc16b29,10.00,6h,1779980381,1780001981,1780002000,10.00,10.122609,0.008614,0.114115,0.000120,0.122609,0.012261,sufficient,partial_market_quality,missing,0,0,1
20260529_162852,tierc-rp-28b28fa2126d4a62a0ad,0x82dbe18346a8656dbb5e76f74bf3ae279cc16b29,20.00,15m,1779980381,1779981281,1779981300,20.00,19.962134,0.000718,-0.038105,0.000479,-0.037866,-0.001893,sufficient,partial_market_quality,missing,0,0,1
20260529_162852,tierc-rp-28b28fa2126d4a62a0ad,0x82dbe18346a8656dbb5e76f74bf3ae279cc16b29,20.00,30m,1779980381,1779982181,1779982200,20.00,19.964963,0.001436,-0.035994,0.000479,-0.035037,-0.001752,sufficient,partial_market_quality,missing,0,0,1
20260529_162852,tierc-rp-28b28fa2126d4a62a0ad,0x82dbe18346a8656dbb5e76f74bf3ae279cc16b29,20.00,1h,1779980381,1779983981,1779984000,20.00,19.953831,0.002871,-0.048562,0.000479,-0.046169,-0.002308,sufficient,partial_market_quality,missing,0,0,1
20260529_162852,tierc-rp-28b28fa2126d4a62a0ad,0x82dbe18346a8656dbb5e76f74bf3ae279cc16b29,20.00,2h,1779980381,1779987581,1779987600,20.00,20.184127,0.005742,0.178863,0.000479,0.184127,0.009206,sufficient,partial_market_quality,missing,0,0,1
20260529_162852,tierc-rp-28b28fa2126d4a62a0ad,0x82dbe18346a8656dbb5e76f74bf3ae279cc16b29,20.00,6h,1779980381,1780001981,1780002000,20.00,20.244978,0.017227,0.228229,0.000479,0.244978,0.012249,sufficient,partial_market_quality,missing,0,0,1
20260529_162852,tierc-rp-5c8e8be837e4cc872162,0x82dbe18346a8656dbb5e76f74bf3ae279cc16b29,50.00,15m,1779980381,1779981281,1779981300,50.00,49.903539,0.001795,-0.095263,0.002992,-0.096461,-0.001929,sufficient,partial_market_quality,missing,0,0,1
20260529_162852,tierc-rp-5c8e8be837e4cc872162,0x82dbe18346a8656dbb5e76f74bf3ae279cc16b29,50.00,30m,1779980381,1779982181,1779982200,50.00,49.910612,0.003589,-0.089985,0.002992,-0.089388,-0.001788,sufficient,partial_market_quality,missing,0,0,1
20260529_162852,tierc-rp-5c8e8be837e4cc872162,0x82dbe18346a8656dbb5e76f74bf3ae279cc16b29,50.00,1h,1779980381,1779983981,1779984000,50.00,49.882782,0.007178,-0.121404,0.002992,-0.117218,-0.002344,sufficient,partial_market_quality,missing,0,0,1
20260529_162852,tierc-rp-5c8e8be837e4cc872162,0x82dbe18346a8656dbb5e76f74bf3ae279cc16b29,50.00,2h,1779980381,1779987581,1779987600,50.00,50.458522,0.014356,0.447158,0.002992,0.458522,0.009170,sufficient,partial_market_quality,missing,0,0,1
20260529_162852,tierc-rp-5c8e8be837e4cc872162,0x82dbe18346a8656dbb5e76f74bf3ae279cc16b29,50.00,6h,1779980381,1780001981,1780002000,50.00,50.610649,0.043069,0.570573,0.002992,0.610649,0.012213,sufficient,partial_market_quality,missing,0,0,1
20260529_162852,tierc-rp-26994233658dfb03ac8e,0x82dbe18346a8656dbb5e76f74bf3ae279cc16b29,10.00,15m,1779983980,1779984880,1779984900,10.00,10.028223,0.000359,0.027984,0.000120,0.028223,0.002822,sufficient,partial_market_quality,missing,0,0,1
20260529_162852,tierc-rp-26994233658dfb03ac8e,0x82dbe18346a8656dbb5e76f74bf3ae279cc16b29,10.00,30m,1779983980,1779985780,1779985800,10.00,10.053496,0.000718,0.052898,0.000120,0.053496,0.005350,sufficient,partial_market_quality,missing,0,0,1
20260529_162852,tierc-rp-26994233658dfb03ac8e,0x82dbe18346a8656dbb5e76f74bf3ae279cc16b29,10.00,1h,1779983980,1779987580,1779987600,10.00,10.102935,0.001436,0.101619,0.000120,0.102935,0.010294,sufficient,partial_market_quality,missing,0,0,1
20260529_162852,tierc-rp-26994233658dfb03ac8e,0x82dbe18346a8656dbb5e76f74bf3ae279cc16b29,10.00,2h,1779983980,1779991180,1779991200,10.00,10.167386,0.002871,0.164634,0.000120,0.167386,0.016739,sufficient,partial_market_quality,missing,0,0,1
20260529_162852,tierc-rp-26994233658dfb03ac8e,0x82dbe18346a8656dbb5e76f74bf3ae279cc16b29,10.00,6h,1779983980,1780005580,1780005600,10.00,10.157727,0.008614,0.149233,0.000120,0.157727,0.015773,sufficient,partial_market_quality,missing,0,0,1
20260529_162852,tierc-rp-beb9825d22dd89b46fa8,0x82dbe18346a8656dbb5e76f74bf3ae279cc16b29,20.00,15m,1779983980,1779984880,1779984900,20.00,20.056208,0.000718,0.055969,0.000479,0.056208,0.002810,sufficient,partial_market_quality,missing,0,0,1
20260529_162852,tierc-rp-beb9825d22dd89b46fa8,0x82dbe18346a8656dbb5e76f74bf3ae279cc16b29,20.00,30m,1779983980,1779985780,1779985800,20.00,20.106754,0.001436,0.105797,0.000479,0.106754,0.005338,sufficient,partial_market_quality,missing,0,0,1
20260529_162852,tierc-rp-beb9825d22dd89b46fa8,0x82dbe18346a8656dbb5e76f74bf3ae279cc16b29,20.00,1h,1779983980,1779987580,1779987600,20.00,20.205631,0.002871,0.203238,0.000479,0.205631,0.010282,sufficient,partial_market_quality,missing,0,0,1
20260529_162852,tierc-rp-beb9825d22dd89b46fa8,0x82dbe18346a8656dbb5e76f74bf3ae279cc16b29,20.00,2h,1779983980,1779991180,1779991200,20.00,20.334532,0.005742,0.329268,0.000479,0.334532,0.016727,sufficient,partial_market_quality,missing,0,0,1
20260529_162852,tierc-rp-beb9825d22dd89b46fa8,0x82dbe18346a8656dbb5e76f74bf3ae279cc16b29,20.00,6h,1779983980,1780005580,1780005600,20.00,20.315214,0.017227,0.298465,0.000479,0.315214,0.015761,sufficient,partial_market_quality,missing,0,0,1
20260529_162852,tierc-rp-b2c62d2b509f438f9e78,0x82dbe18346a8656dbb5e76f74bf3ae279cc16b29,50.00,15m,1779983980,1779984880,1779984900,50.00,50.138724,0.001795,0.139921,0.002992,0.138724,0.002774,sufficient,partial_market_quality,missing,0,0,1
20260529_162852,tierc-rp-b2c62d2b509f438f9e78,0x82dbe18346a8656dbb5e76f74bf3ae279cc16b29,50.00,30m,1779983980,1779985780,1779985800,50.00,50.265088,0.003589,0.264492,0.002992,0.265088,0.005302,sufficient,partial_market_quality,missing,0,0,1
20260529_162852,tierc-rp-b2c62d2b509f438f9e78,0x82dbe18346a8656dbb5e76f74bf3ae279cc16b29,50.00,1h,1779983980,1779987580,1779987600,50.00,50.512282,0.007178,0.508096,0.002992,0.512282,0.010246,sufficient,partial_market_quality,missing,0,0,1
20260529_162852,tierc-rp-b2c62d2b509f438f9e78,0x82dbe18346a8656dbb5e76f74bf3ae279cc16b29,50.00,2h,1779983980,1779991180,1779991200,50.00,50.834535,0.014356,0.823171,0.002992,0.834535,0.016691,sufficient,partial_market_quality,missing,0,0,1
20260529_162852,tierc-rp-b2c62d2b509f438f9e78,0x82dbe18346a8656dbb5e76f74bf3ae279cc16b29,50.00,6h,1779983980,1780005580,1780005600,50.00,50.786240,0.043069,0.746163,0.002992,0.786240,0.015725,sufficient,partial_market_quality,missing,0,0,1
20260529_162852,tierc-rp-430c2e02323f780ef2e2,0x82dbe18346a8656dbb5e76f74bf3ae279cc16b29,10.00,15m,1779987580,1779988480,1779988500,10.00,9.999891,0.000359,-0.000348,0.000120,-0.000109,-0.000011,sufficient,partial_market_quality,missing,0,0,1
20260529_162852,tierc-rp-430c2e02323f780ef2e2,0x82dbe18346a8656dbb5e76f74bf3ae279cc16b29,10.00,30m,1779987580,1779989380,1779989400,10.00,10.021739,0.000718,0.021141,0.000120,0.021739,0.002174,sufficient,partial_market_quality,missing,0,0,1
20260529_162852,tierc-rp-430c2e02323f780ef2e2,0x82dbe18346a8656dbb5e76f74bf3ae279cc16b29,10.00,1h,1779987580,1779991180,1779991200,10.00,10.047229,0.001436,0.045913,0.000120,0.047229,0.004723,sufficient,partial_market_quality,missing,0,0,1
20260529_162852,tierc-rp-430c2e02323f780ef2e2,0x82dbe18346a8656dbb5e76f74bf3ae279cc16b29,10.00,2h,1779987580,1779994780,1779994800,10.00,10.052445,0.002871,0.049694,0.000120,0.052445,0.005245,sufficient,partial_market_quality,missing,0,0,1
20260529_162852,tierc-rp-430c2e02323f780ef2e2,0x82dbe18346a8656dbb5e76f74bf3ae279cc16b29,10.00,6h,1779987580,1780009180,1780009200,10.00,9.978051,0.008614,-0.030443,0.000120,-0.021949,-0.002195,sufficient,partial_market_quality,missing,0,1,1
20260529_162852,tierc-rp-944be4447250634e9329,0x82dbe18346a8656dbb5e76f74bf3ae279cc16b29,20.00,15m,1779987580,1779988480,1779988500,20.00,19.999543,0.000718,-0.000696,0.000479,-0.000457,-0.000023,sufficient,partial_market_quality,missing,0,0,1
20260529_162852,tierc-rp-944be4447250634e9329,0x82dbe18346a8656dbb5e76f74bf3ae279cc16b29,20.00,30m,1779987580,1779989380,1779989400,20.00,20.043239,0.001436,0.042282,0.000479,0.043239,0.002162,sufficient,partial_market_quality,missing,0,0,1
20260529_162852,tierc-rp-944be4447250634e9329,0x82dbe18346a8656dbb5e76f74bf3ae279cc16b29,20.00,1h,1779987580,1779991180,1779991200,20.00,20.094219,0.002871,0.091827,0.000479,0.094219,0.004711,sufficient,partial_market_quality,missing,0,0,1
20260529_162852,tierc-rp-944be4447250634e9329,0x82dbe18346a8656dbb5e76f74bf3ae279cc16b29,20.00,2h,1779987580,1779994780,1779994800,20.00,20.104651,0.005742,0.099388,0.000479,0.104651,0.005233,sufficient,partial_market_quality,missing,0,0,1
20260529_162852,tierc-rp-944be4447250634e9329,0x82dbe18346a8656dbb5e76f74bf3ae279cc16b29,20.00,6h,1779987580,1780009180,1780009200,20.00,19.955863,0.017227,-0.060886,0.000479,-0.044137,-0.002207,sufficient,partial_market_quality,missing,0,1,1
20260529_162852,tierc-rp-7f68c8eb92efea1b5c81,0x82dbe18346a8656dbb5e76f74bf3ae279cc16b29,50.00,15m,1779987580,1779988480,1779988500,50.00,49.997061,0.001795,-0.001741,0.002992,-0.002939,-0.000059,sufficient,partial_market_quality,missing,0,0,1
20260529_162852,tierc-rp-7f68c8eb92efea1b5c81,0x82dbe18346a8656dbb5e76f74bf3ae279cc16b29,50.00,30m,1779987580,1779989380,1779989400,50.00,50.106302,0.003589,0.105705,0.002992,0.106302,0.002126,sufficient,partial_market_quality,missing,0,0,1
20260529_162852,tierc-rp-7f68c8eb92efea1b5c81,0x82dbe18346a8656dbb5e76f74bf3ae279cc16b29,50.00,1h,1779987580,1779991180,1779991200,50.00,50.233752,0.007178,0.229567,0.002992,0.233752,0.004675,sufficient,partial_market_quality,missing,0,0,1
20260529_162852,tierc-rp-7f68c8eb92efea1b5c81,0x82dbe18346a8656dbb5e76f74bf3ae279cc16b29,50.00,2h,1779987580,1779994780,1779994800,50.00,50.259833,0.014356,0.248469,0.002992,0.259833,0.005197,sufficient,partial_market_quality,missing,0,0,1
20260529_162852,tierc-rp-7f68c8eb92efea1b5c81,0x82dbe18346a8656dbb5e76f74bf3ae279cc16b29,50.00,6h,1779987580,1780009180,1780009200,50.00,49.887861,0.043069,-0.152215,0.002992,-0.112139,-0.002243,sufficient,partial_market_quality,missing,0,1,1
20260529_162852,tierc-rp-26457f2a94526e31d9aa,0x82dbe18346a8656dbb5e76f74bf3ae279cc16b29,10.00,15m,1779988300,1779989200,1779989400,10.00,10.013510,0.000359,0.013271,0.000120,0.013510,0.001351,sufficient,partial_market_quality,missing,0,0,1
20260529_162852,tierc-rp-26457f2a94526e31d9aa,0x82dbe18346a8656dbb5e76f74bf3ae279cc16b29,10.00,30m,1779988300,1779990100,1779990300,10.00,10.044686,0.000718,0.044088,0.000120,0.044686,0.004469,sufficient,partial_market_quality,missing,0,0,1
20260529_162852,tierc-rp-26457f2a94526e31d9aa,0x82dbe18346a8656dbb5e76f74bf3ae279cc16b29,10.00,1h,1779988300,1779991900,1779992100,10.00,10.041030,0.001436,0.039714,0.000120,0.041030,0.004103,sufficient,partial_market_quality,missing,0,0,1
20260529_162852,tierc-rp-26457f2a94526e31d9aa,0x82dbe18346a8656dbb5e76f74bf3ae279cc16b29,10.00,2h,1779988300,1779995500,1779995700,10.00,10.024075,0.002871,0.021323,0.000120,0.024075,0.002407,sufficient,partial_market_quality,missing,0,0,1
20260529_162852,tierc-rp-26457f2a94526e31d9aa,0x82dbe18346a8656dbb5e76f74bf3ae279cc16b29,10.00,6h,1779988300,1780009900,1780010100,10.00,9.977329,0.008614,-0.031165,0.000120,-0.022671,-0.002267,sufficient,partial_market_quality,missing,0,1,1
20260529_162852,tierc-rp-c0832480f6cb300da663,0x82dbe18346a8656dbb5e76f74bf3ae279cc16b29,20.00,15m,1779988300,1779989200,1779989400,20.00,20.026781,0.000718,0.026542,0.000479,0.026781,0.001339,sufficient,partial_market_quality,missing,0,0,1
20260529_162852,tierc-rp-c0832480f6cb300da663,0x82dbe18346a8656dbb5e76f74bf3ae279cc16b29,20.00,30m,1779988300,1779990100,1779990300,20.00,20.089133,0.001436,0.088176,0.000479,0.089133,0.004457,sufficient,partial_market_quality,missing,0,0,1
20260529_162852,tierc-rp-c0832480f6cb300da663,0x82dbe18346a8656dbb5e76f74bf3ae279cc16b29,20.00,1h,1779988300,1779991900,1779992100,20.00,20.081820,0.002871,0.079428,0.000479,0.081820,0.004091,sufficient,partial_market_quality,missing,0,0,1
20260529_162852,tierc-rp-c0832480f6cb300da663,0x82dbe18346a8656dbb5e76f74bf3ae279cc16b29,20.00,2h,1779988300,1779995500,1779995700,20.00,20.047910,0.005742,0.042646,0.000479,0.047910,0.002396,sufficient,partial_market_quality,missing,0,0,1
20260529_162852,tierc-rp-c0832480f6cb300da663,0x82dbe18346a8656dbb5e76f74bf3ae279cc16b29,20.00,6h,1779988300,1780009900,1780010100,20.00,19.954419,0.017227,-0.062329,0.000479,-0.045581,-0.002279,sufficient,partial_market_quality,missing,0,1,1
20260529_162852,tierc-rp-fe3c4d7376b744d359f9,0x82dbe18346a8656dbb5e76f74bf3ae279cc16b29,50.00,15m,1779988300,1779989200,1779989400,50.00,50.065158,0.001795,0.066356,0.002992,0.065158,0.001303,sufficient,partial_market_quality,missing,0,0,1
20260529_162852,tierc-rp-fe3c4d7376b744d359f9,0x82dbe18346a8656dbb5e76f74bf3ae279cc16b29,50.00,30m,1779988300,1779990100,1779990300,50.00,50.221036,0.003589,0.220439,0.002992,0.221036,0.004421,sufficient,partial_market_quality,missing,0,0,1
20260529_162852,tierc-rp-fe3c4d7376b744d359f9,0x82dbe18346a8656dbb5e76f74bf3ae279cc16b29,50.00,1h,1779988300,1779991900,1779992100,50.00,50.202755,0.007178,0.198570,0.002992,0.202755,0.004055,sufficient,partial_market_quality,missing,0,0,1
20260529_162852,tierc-rp-fe3c4d7376b744d359f9,0x82dbe18346a8656dbb5e76f74bf3ae279cc16b29,50.00,2h,1779988300,1779995500,1779995700,50.00,50.117980,0.014356,0.106616,0.002992,0.117980,0.002360,sufficient,partial_market_quality,missing,0,0,1
20260529_162852,tierc-rp-fe3c4d7376b744d359f9,0x82dbe18346a8656dbb5e76f74bf3ae279cc16b29,50.00,6h,1779988300,1780009900,1780010100,50.00,49.884253,0.043069,-0.155824,0.002992,-0.115747,-0.002315,sufficient,partial_market_quality,missing,0,1,1
20260529_162852,tierc-rp-1ad646c140a45a0cc0df,0x82dbe18346a8656dbb5e76f74bf3ae279cc16b29,10.00,15m,1779992021,1779992921,1779993000,10.00,9.995985,0.000359,-0.004254,0.000120,-0.004015,-0.000402,sufficient,partial_market_quality,missing,0,0,1
20260529_162852,tierc-rp-1ad646c140a45a0cc0df,0x82dbe18346a8656dbb5e76f74bf3ae279cc16b29,10.00,30m,1779992021,1779993821,1779993900,10.00,10.000944,0.000718,0.000346,0.000120,0.000944,0.000094,sufficient,partial_market_quality,missing,0,0,1
20260529_162852,tierc-rp-1ad646c140a45a0cc0df,0x82dbe18346a8656dbb5e76f74bf3ae279cc16b29,10.00,1h,1779992021,1779995621,1779995700,10.00,9.974900,0.001436,-0.026416,0.000120,-0.025100,-0.002510,sufficient,partial_market_quality,missing,0,0,1
20260529_162852,tierc-rp-1ad646c140a45a0cc0df,0x82dbe18346a8656dbb5e76f74bf3ae279cc16b29,10.00,2h,1779992021,1779999221,1779999300,10.00,9.963919,0.002871,-0.038832,0.000120,-0.036081,-0.003608,sufficient,partial_market_quality,missing,0,0,1
20260529_162852,tierc-rp-1ad646c140a45a0cc0df,0x82dbe18346a8656dbb5e76f74bf3ae279cc16b29,10.00,6h,1779992021,1780013621,1780013700,10.00,9.967040,0.008614,-0.041454,0.000120,-0.032960,-0.003296,sufficient,partial_market_quality,missing,0,0,1
20260529_162852,tierc-rp-04a09f065fa64d677bb3,0x82dbe18346a8656dbb5e76f74bf3ae279cc16b29,20.00,15m,1779992021,1779992921,1779993000,20.00,19.991731,0.000718,-0.008508,0.000479,-0.008269,-0.000413,sufficient,partial_market_quality,missing,0,0,1
20260529_162852,tierc-rp-04a09f065fa64d677bb3,0x82dbe18346a8656dbb5e76f74bf3ae279cc16b29,20.00,30m,1779992021,1779993821,1779993900,20.00,20.001649,0.001436,0.000693,0.000479,0.001649,0.000082,sufficient,partial_market_quality,missing,0,0,1
20260529_162852,tierc-rp-04a09f065fa64d677bb3,0x82dbe18346a8656dbb5e76f74bf3ae279cc16b29,20.00,1h,1779992021,1779995621,1779995700,20.00,19.949561,0.002871,-0.052832,0.000479,-0.050439,-0.002522,sufficient,partial_market_quality,missing,0,0,1
20260529_162852,tierc-rp-04a09f065fa64d677bb3,0x82dbe18346a8656dbb5e76f74bf3ae279cc16b29,20.00,2h,1779992021,1779999221,1779999300,20.00,19.927599,0.005742,-0.077664,0.000479,-0.072401,-0.003620,sufficient,partial_market_quality,missing,0,0,1
20260529_162852,tierc-rp-04a09f065fa64d677bb3,0x82dbe18346a8656dbb5e76f74bf3ae279cc16b29,20.00,6h,1779992021,1780013621,1780013700,20.00,19.933841,0.017227,-0.082908,0.000479,-0.066159,-0.003308,sufficient,partial_market_quality,missing,0,0,1
20260529_162852,tierc-rp-226413ab530fa331662c,0x82dbe18346a8656dbb5e76f74bf3ae279cc16b29,50.00,15m,1779992021,1779992921,1779993000,50.00,49.977531,0.001795,-0.021271,0.002992,-0.022469,-0.000449,sufficient,partial_market_quality,missing,0,0,1
20260529_162852,tierc-rp-226413ab530fa331662c,0x82dbe18346a8656dbb5e76f74bf3ae279cc16b29,50.00,30m,1779992021,1779993821,1779993900,50.00,50.002328,0.003589,0.001731,0.002992,0.002328,0.000047,sufficient,partial_market_quality,missing,0,0,1
20260529_162852,tierc-rp-226413ab530fa331662c,0x82dbe18346a8656dbb5e76f74bf3ae279cc16b29,50.00,1h,1779992021,1779995621,1779995700,50.00,49.872107,0.007178,-0.132079,0.002992,-0.127893,-0.002558,sufficient,partial_market_quality,missing,0,0,1
20260529_162852,tierc-rp-226413ab530fa331662c,0x82dbe18346a8656dbb5e76f74bf3ae279cc16b29,50.00,2h,1779992021,1779999221,1779999300,50.00,49.817203,0.014356,-0.194161,0.002992,-0.182797,-0.003656,sufficient,partial_market_quality,missing,0,0,1
20260529_162852,tierc-rp-226413ab530fa331662c,0x82dbe18346a8656dbb5e76f74bf3ae279cc16b29,50.00,6h,1779992021,1780013621,1780013700,50.00,49.832807,0.043069,-0.207270,0.002992,-0.167193,-0.003344,sufficient,partial_market_quality,missing,0,0,1
20260529_162852,tierc-rp-cfe0852dc00f7af628ed,0x82dbe18346a8656dbb5e76f74bf3ae279cc16b29,10.00,15m,1779994840,1779995740,1779996000,10.00,9.991775,0.000359,-0.008464,0.000120,-0.008225,-0.000822,sufficient,partial_market_quality,missing,0,0,1
20260529_162852,tierc-rp-cfe0852dc00f7af628ed,0x82dbe18346a8656dbb5e76f74bf3ae279cc16b29,10.00,30m,1779994840,1779996640,1779996900,10.00,9.983224,0.000718,-0.017374,0.000120,-0.016776,-0.001678,sufficient,partial_market_quality,missing,0,0,1
20260529_162852,tierc-rp-cfe0852dc00f7af628ed,0x82dbe18346a8656dbb5e76f74bf3ae279cc16b29,10.00,1h,1779994840,1779998440,1779998700,10.00,9.927367,0.001436,-0.073949,0.000120,-0.072633,-0.007263,sufficient,partial_market_quality,missing,0,0,1
20260529_162852,tierc-rp-cfe0852dc00f7af628ed,0x82dbe18346a8656dbb5e76f74bf3ae279cc16b29,10.00,2h,1779994840,1780002040,1780002300,10.00,9.978844,0.002871,-0.023907,0.000120,-0.021156,-0.002116,sufficient,partial_market_quality,missing,0,0,1
20260529_162852,tierc-rp-cfe0852dc00f7af628ed,0x82dbe18346a8656dbb5e76f74bf3ae279cc16b29,10.00,6h,1779994840,1780016440,1780016700,10.00,9.968252,0.008614,-0.040242,0.000120,-0.031748,-0.003175,sufficient,partial_market_quality,missing,0,0,1
20260529_162852,tierc-rp-63123347d8e6f9c4d931,0x82dbe18346a8656dbb5e76f74bf3ae279cc16b29,20.00,15m,1779994840,1779995740,1779996000,20.00,19.983311,0.000718,-0.016928,0.000479,-0.016689,-0.000834,sufficient,partial_market_quality,missing,0,0,1
20260529_162852,tierc-rp-63123347d8e6f9c4d931,0x82dbe18346a8656dbb5e76f74bf3ae279cc16b29,20.00,30m,1779994840,1779996640,1779996900,20.00,19.966210,0.001436,-0.034747,0.000479,-0.033790,-0.001690,sufficient,partial_market_quality,missing,0,0,1
20260529_162852,tierc-rp-63123347d8e6f9c4d931,0x82dbe18346a8656dbb5e76f74bf3ae279cc16b29,20.00,1h,1779994840,1779998440,1779998700,20.00,19.854494,0.002871,-0.147899,0.000479,-0.145506,-0.007275,sufficient,partial_market_quality,missing,0,0,1
20260529_162852,tierc-rp-63123347d8e6f9c4d931,0x82dbe18346a8656dbb5e76f74bf3ae279cc16b29,20.00,2h,1779994840,1780002040,1780002300,20.00,19.957449,0.005742,-0.047815,0.000479,-0.042551,-0.002128,sufficient,partial_market_quality,missing,0,0,1
20260529_162852,tierc-rp-63123347d8e6f9c4d931,0x82dbe18346a8656dbb5e76f74bf3ae279cc16b29,20.00,6h,1779994840,1780016440,1780016700,20.00,19.936266,0.017227,-0.080483,0.000479,-0.063734,-0.003187,sufficient,partial_market_quality,missing,0,0,1
20260529_162852,tierc-rp-fd8262a4487848afede6,0x82dbe18346a8656dbb5e76f74bf3ae279cc16b29,50.00,15m,1779994840,1779995740,1779996000,50.00,49.956482,0.001795,-0.042320,0.002992,-0.043518,-0.000870,sufficient,partial_market_quality,missing,0,0,1
20260529_162852,tierc-rp-fd8262a4487848afede6,0x82dbe18346a8656dbb5e76f74bf3ae279cc16b29,50.00,30m,1779994840,1779996640,1779996900,50.00,49.913729,0.003589,-0.086868,0.002992,-0.086271,-0.001725,sufficient,partial_market_quality,missing,0,0,1
20260529_162852,tierc-rp-fd8262a4487848afede6,0x82dbe18346a8656dbb5e76f74bf3ae279cc16b29,50.00,1h,1779994840,1779998440,1779998700,50.00,49.634439,0.007178,-0.369747,0.002992,-0.365561,-0.007311,sufficient,partial_market_quality,missing,0,0,1
20260529_162852,tierc-rp-fd8262a4487848afede6,0x82dbe18346a8656dbb5e76f74bf3ae279cc16b29,50.00,2h,1779994840,1780002040,1780002300,50.00,49.891827,0.014356,-0.119537,0.002992,-0.108173,-0.002163,sufficient,partial_market_quality,missing,0,0,1
20260529_162852,tierc-rp-fd8262a4487848afede6,0x82dbe18346a8656dbb5e76f74bf3ae279cc16b29,50.00,6h,1779994840,1780016440,1780016700,50.00,49.838869,0.043069,-0.201208,0.002992,-0.161131,-0.003223,sufficient,partial_market_quality,missing,0,0,1
20260529_162852,tierc-rp-3b1fbd15b00bb09b9ced,0x82dbe18346a8656dbb5e76f74bf3ae279cc16b29,10.00,15m,1780001921,1780002821,1780002900,10.00,10.029768,0.000359,0.029529,0.000120,0.029768,0.002977,sufficient,partial_market_quality,missing,0,0,1
20260529_162852,tierc-rp-3b1fbd15b00bb09b9ced,0x82dbe18346a8656dbb5e76f74bf3ae279cc16b29,10.00,30m,1780001921,1780003721,1780003800,10.00,10.035346,0.000718,0.034748,0.000120,0.035346,0.003535,sufficient,partial_market_quality,missing,0,1,1
20260529_162852,tierc-rp-3b1fbd15b00bb09b9ced,0x82dbe18346a8656dbb5e76f74bf3ae279cc16b29,10.00,1h,1780001921,1780005521,1780005600,10.00,10.025525,0.001436,0.024209,0.000120,0.025525,0.002553,sufficient,partial_market_quality,missing,0,0,1
20260529_162852,tierc-rp-3b1fbd15b00bb09b9ced,0x82dbe18346a8656dbb5e76f74bf3ae279cc16b29,10.00,2h,1780001921,1780009121,1780009200,10.00,9.965866,0.002871,-0.036886,0.000120,-0.034134,-0.003413,sufficient,partial_market_quality,missing,0,0,1
20260529_162852,tierc-rp-3b1fbd15b00bb09b9ced,0x82dbe18346a8656dbb5e76f74bf3ae279cc16b29,10.00,6h,1780001921,1780023521,1780023600,10.00,9.941732,0.008614,-0.066762,0.000120,-0.058268,-0.005827,sufficient,partial_market_quality,missing,0,0,1
20260529_162852,tierc-rp-8c18155683a606c26180,0x82dbe18346a8656dbb5e76f74bf3ae279cc16b29,20.00,15m,1780001921,1780002821,1780002900,20.00,20.059296,0.000718,0.059057,0.000479,0.059296,0.002965,sufficient,partial_market_quality,missing,0,0,1
20260529_162852,tierc-rp-8c18155683a606c26180,0x82dbe18346a8656dbb5e76f74bf3ae279cc16b29,20.00,30m,1780001921,1780003721,1780003800,20.00,20.070453,0.001436,0.069497,0.000479,0.070453,0.003523,sufficient,partial_market_quality,missing,0,1,1
20260529_162852,tierc-rp-8c18155683a606c26180,0x82dbe18346a8656dbb5e76f74bf3ae279cc16b29,20.00,1h,1780001921,1780005521,1780005600,20.00,20.050811,0.002871,0.048419,0.000479,0.050811,0.002541,sufficient,partial_market_quality,missing,0,0,1
20260529_162852,tierc-rp-8c18155683a606c26180,0x82dbe18346a8656dbb5e76f74bf3ae279cc16b29,20.00,2h,1780001921,1780009121,1780009200,20.00,19.931492,0.005742,-0.073772,0.000479,-0.068508,-0.003425,sufficient,partial_market_quality,missing,0,0,1
20260529_162852,tierc-rp-8c18155683a606c26180,0x82dbe18346a8656dbb5e76f74bf3ae279cc16b29,20.00,6h,1780001921,1780023521,1780023600,20.00,19.883224,0.017227,-0.133525,0.000479,-0.116776,-0.005839,sufficient,partial_market_quality,missing,0,0,1
20260529_162852,tierc-rp-91b072172cc0e8fbcbb6,0x82dbe18346a8656dbb5e76f74bf3ae279cc16b29,50.00,15m,1780001921,1780002821,1780002900,50.00,50.146445,0.001795,0.147643,0.002992,0.146445,0.002929,sufficient,partial_market_quality,missing,0,0,1
20260529_162852,tierc-rp-91b072172cc0e8fbcbb6,0x82dbe18346a8656dbb5e76f74bf3ae279cc16b29,50.00,30m,1780001921,1780003721,1780003800,50.00,50.174338,0.003589,0.173741,0.002992,0.174338,0.003487,sufficient,partial_market_quality,missing,0,1,1
20260529_162852,tierc-rp-91b072172cc0e8fbcbb6,0x82dbe18346a8656dbb5e76f74bf3ae279cc16b29,50.00,1h,1780001921,1780005521,1780005600,50.00,50.125233,0.007178,0.121047,0.002992,0.125233,0.002505,sufficient,partial_market_quality,missing,0,0,1
20260529_162852,tierc-rp-91b072172cc0e8fbcbb6,0x82dbe18346a8656dbb5e76f74bf3ae279cc16b29,50.00,2h,1780001921,1780009121,1780009200,50.00,49.826935,0.014356,-0.184429,0.002992,-0.173065,-0.003461,sufficient,partial_market_quality,missing,0,0,1
20260529_162852,tierc-rp-91b072172cc0e8fbcbb6,0x82dbe18346a8656dbb5e76f74bf3ae279cc16b29,50.00,6h,1780001921,1780023521,1780023600,50.00,49.706264,0.043069,-0.333812,0.002992,-0.293736,-0.005875,sufficient,partial_market_quality,missing,0,0,1
20260529_162852,tierc-rp-3786cb9f6cdeb5346f2a,0x82dbe18346a8656dbb5e76f74bf3ae279cc16b29,10.00,15m,1780004800,1780005700,1780005900,10.00,9.979880,0.000359,-0.020360,0.000120,-0.020120,-0.002012,sufficient,partial_market_quality,missing,0,0,1
20260529_162852,tierc-rp-3786cb9f6cdeb5346f2a,0x82dbe18346a8656dbb5e76f74bf3ae279cc16b29,10.00,30m,1780004800,1780006600,1780006800,10.00,9.964337,0.000718,-0.036261,0.000120,-0.035663,-0.003566,sufficient,partial_market_quality,missing,0,0,1
20260529_162852,tierc-rp-3786cb9f6cdeb5346f2a,0x82dbe18346a8656dbb5e76f74bf3ae279cc16b29,10.00,1h,1780004800,1780008400,1780008600,10.00,9.934194,0.001436,-0.067122,0.000120,-0.065806,-0.006581,sufficient,partial_market_quality,missing,0,0,1
20260529_162852,tierc-rp-3786cb9f6cdeb5346f2a,0x82dbe18346a8656dbb5e76f74bf3ae279cc16b29,10.00,2h,1780004800,1780012000,1780012200,10.00,9.935877,0.002871,-0.066874,0.000120,-0.064123,-0.006412,sufficient,partial_market_quality,missing,0,0,1
20260529_162852,tierc-rp-3786cb9f6cdeb5346f2a,0x82dbe18346a8656dbb5e76f74bf3ae279cc16b29,10.00,6h,1780004800,1780026400,1780026600,10.00,9.915910,0.008614,-0.092584,0.000120,-0.084090,-0.008409,sufficient,partial_market_quality,missing,0,0,1
20260529_162852,tierc-rp-96f6faa6952f8ed74049,0x82dbe18346a8656dbb5e76f74bf3ae279cc16b29,20.00,15m,1780004800,1780005700,1780005900,20.00,19.959520,0.000718,-0.040719,0.000479,-0.040480,-0.002024,sufficient,partial_market_quality,missing,0,0,1
20260529_162852,tierc-rp-96f6faa6952f8ed74049,0x82dbe18346a8656dbb5e76f74bf3ae279cc16b29,20.00,30m,1780004800,1780006600,1780006800,20.00,19.928435,0.001436,-0.072522,0.000479,-0.071565,-0.003578,sufficient,partial_market_quality,missing,0,0,1
20260529_162852,tierc-rp-96f6faa6952f8ed74049,0x82dbe18346a8656dbb5e76f74bf3ae279cc16b29,20.00,1h,1780004800,1780008400,1780008600,20.00,19.868148,0.002871,-0.134244,0.000479,-0.131852,-0.006593,sufficient,partial_market_quality,missing,0,0,1
20260529_162852,tierc-rp-96f6faa6952f8ed74049,0x82dbe18346a8656dbb5e76f74bf3ae279cc16b29,20.00,2h,1780004800,1780012000,1780012200,20.00,19.871515,0.005742,-0.133749,0.000479,-0.128485,-0.006424,sufficient,partial_market_quality,missing,0,0,1
20260529_162852,tierc-rp-96f6faa6952f8ed74049,0x82dbe18346a8656dbb5e76f74bf3ae279cc16b29,20.00,6h,1780004800,1780026400,1780026600,20.00,19.831581,0.017227,-0.185168,0.000479,-0.168419,-0.008421,sufficient,partial_market_quality,missing,0,0,1
20260529_162852,tierc-rp-f6c01e98cd296078eb84,0x82dbe18346a8656dbb5e76f74bf3ae279cc16b29,50.00,15m,1780004800,1780005700,1780005900,50.00,49.897005,0.001795,-0.101798,0.002992,-0.102995,-0.002060,sufficient,partial_market_quality,missing,0,0,1
20260529_162852,tierc-rp-f6c01e98cd296078eb84,0x82dbe18346a8656dbb5e76f74bf3ae279cc16b29,50.00,30m,1780004800,1780006600,1780006800,50.00,49.819293,0.003589,-0.181304,0.002992,-0.180707,-0.003614,sufficient,partial_market_quality,missing,0,0,1
20260529_162852,tierc-rp-f6c01e98cd296078eb84,0x82dbe18346a8656dbb5e76f74bf3ae279cc16b29,50.00,1h,1780004800,1780008400,1780008600,50.00,49.668576,0.007178,-0.335610,0.002992,-0.331424,-0.006628,sufficient,partial_market_quality,missing,0,0,1
20260529_162852,tierc-rp-f6c01e98cd296078eb84,0x82dbe18346a8656dbb5e76f74bf3ae279cc16b29,50.00,2h,1780004800,1780012000,1780012200,50.00,49.676992,0.014356,-0.334372,0.002992,-0.323008,-0.006460,sufficient,partial_market_quality,missing,0,0,1
20260529_162852,tierc-rp-f6c01e98cd296078eb84,0x82dbe18346a8656dbb5e76f74bf3ae279cc16b29,50.00,6h,1780004800,1780026400,1780026600,50.00,49.577157,0.043069,-0.462919,0.002992,-0.422843,-0.008457,sufficient,partial_market_quality,missing,0,0,1
20260529_162852,tierc-rp-d40e9e6aae836385f487,0x82dbe18346a8656dbb5e76f74bf3ae279cc16b29,10.00,15m,1780005820,1780006720,1780006800,10.00,9.974997,0.000359,-0.025242,0.000120,-0.025003,-0.002500,sufficient,partial_market_quality,missing,0,1,1
20260529_162852,tierc-rp-d40e9e6aae836385f487,0x82dbe18346a8656dbb5e76f74bf3ae279cc16b29,10.00,30m,1780005820,1780007620,1780007700,10.00,9.947188,0.000718,-0.053410,0.000120,-0.052812,-0.005281,sufficient,partial_market_quality,missing,0,0,1
20260529_162852,tierc-rp-d40e9e6aae836385f487,0x82dbe18346a8656dbb5e76f74bf3ae279cc16b29,10.00,1h,1780005820,1780009420,1780009500,10.00,9.944286,0.001436,-0.057030,0.000120,-0.055714,-0.005571,sufficient,partial_market_quality,missing,0,1,1
20260529_162852,tierc-rp-d40e9e6aae836385f487,0x82dbe18346a8656dbb5e76f74bf3ae279cc16b29,10.00,2h,1780005820,1780013020,1780013100,10.00,9.969277,0.002871,-0.033474,0.000120,-0.030723,-0.003072,sufficient,partial_market_quality,missing,0,0,1
20260529_162852,tierc-rp-d40e9e6aae836385f487,0x82dbe18346a8656dbb5e76f74bf3ae279cc16b29,10.00,6h,1780005820,1780027420,1780027500,10.00,9.914469,0.008614,-0.094025,0.000120,-0.085531,-0.008553,sufficient,partial_market_quality,missing,0,0,1
20260529_162852,tierc-rp-b4c2b096911921653062,0x82dbe18346a8656dbb5e76f74bf3ae279cc16b29,20.00,15m,1780005820,1780006720,1780006800,20.00,19.949755,0.000718,-0.050484,0.000479,-0.050245,-0.002512,sufficient,partial_market_quality,missing,0,1,1
20260529_162852,tierc-rp-b4c2b096911921653062,0x82dbe18346a8656dbb5e76f74bf3ae279cc16b29,20.00,30m,1780005820,1780007620,1780007700,20.00,19.894137,0.001436,-0.106820,0.000479,-0.105863,-0.005293,sufficient,partial_market_quality,missing,0,0,1
20260529_162852,tierc-rp-b4c2b096911921653062,0x82dbe18346a8656dbb5e76f74bf3ae279cc16b29,20.00,1h,1780005820,1780009420,1780009500,20.00,19.888332,0.002871,-0.114060,0.000479,-0.111668,-0.005583,sufficient,partial_market_quality,missing,0,1,1
20260529_162852,tierc-rp-b4c2b096911921653062,0x82dbe18346a8656dbb5e76f74bf3ae279cc16b29,20.00,2h,1780005820,1780013020,1780013100,20.00,19.938315,0.005742,-0.066948,0.000479,-0.061685,-0.003084,sufficient,partial_market_quality,missing,0,0,1
20260529_162852,tierc-rp-b4c2b096911921653062,0x82dbe18346a8656dbb5e76f74bf3ae279cc16b29,20.00,6h,1780005820,1780027420,1780027500,20.00,19.828698,0.017227,-0.188050,0.000479,-0.171302,-0.008565,sufficient,partial_market_quality,missing,0,0,1
20260529_162852,tierc-rp-0f551ad931f23a681d09,0x82dbe18346a8656dbb5e76f74bf3ae279cc16b29,50.00,15m,1780005820,1780006720,1780006800,50.00,49.872592,0.001795,-0.126210,0.002992,-0.127408,-0.002548,sufficient,partial_market_quality,missing,0,1,1
20260529_162852,tierc-rp-0f551ad931f23a681d09,0x82dbe18346a8656dbb5e76f74bf3ae279cc16b29,50.00,30m,1780005820,1780007620,1780007700,50.00,49.733547,0.003589,-0.267050,0.002992,-0.266453,-0.005329,sufficient,partial_market_quality,missing,0,0,1
20260529_162852,tierc-rp-0f551ad931f23a681d09,0x82dbe18346a8656dbb5e76f74bf3ae279cc16b29,50.00,1h,1780005820,1780009420,1780009500,50.00,49.719036,0.007178,-0.285150,0.002992,-0.280964,-0.005619,sufficient,partial_market_quality,missing,0,1,1
20260529_162852,tierc-rp-0f551ad931f23a681d09,0x82dbe18346a8656dbb5e76f74bf3ae279cc16b29,50.00,2h,1780005820,1780013020,1780013100,50.00,49.843993,0.014356,-0.167371,0.002992,-0.156007,-0.003120,sufficient,partial_market_quality,missing,0,0,1
20260529_162852,tierc-rp-0f551ad931f23a681d09,0x82dbe18346a8656dbb5e76f74bf3ae279cc16b29,50.00,6h,1780005820,1780027420,1780027500,50.00,49.569950,0.043069,-0.470126,0.002992,-0.430050,-0.008601,sufficient,partial_market_quality,missing,0,0,1
20260529_162852,tierc-rp-dc0c264907fded633e61,0x82dbe18346a8656dbb5e76f74bf3ae279cc16b29,10.00,15m,1780009241,1780010141,1780010400,10.00,10.002485,0.000359,0.002245,0.000120,0.002485,0.000248,sufficient,partial_market_quality,missing,0,0,1
20260529_162852,tierc-rp-dc0c264907fded633e61,0x82dbe18346a8656dbb5e76f74bf3ae279cc16b29,10.00,30m,1780009241,1780011041,1780011300,10.00,10.013870,0.000718,0.013272,0.000120,0.013870,0.001387,sufficient,partial_market_quality,missing,0,0,1
20260529_162852,tierc-rp-dc0c264907fded633e61,0x82dbe18346a8656dbb5e76f74bf3ae279cc16b29,10.00,1h,1780009241,1780012841,1780013100,10.00,10.028958,0.001436,0.027642,0.000120,0.028958,0.002896,sufficient,partial_market_quality,missing,0,0,1
20260529_162852,tierc-rp-dc0c264907fded633e61,0x82dbe18346a8656dbb5e76f74bf3ae279cc16b29,10.00,2h,1780009241,1780016441,1780016700,10.00,10.042568,0.002871,0.039817,0.000120,0.042568,0.004257,sufficient,partial_market_quality,missing,0,0,1
20260529_162852,tierc-rp-dc0c264907fded633e61,0x82dbe18346a8656dbb5e76f74bf3ae279cc16b29,10.00,6h,1780009241,1780030841,1780031100,10.00,10.039729,0.008614,0.031235,0.000120,0.039729,0.003973,sufficient,partial_market_quality,missing,0,0,1
20260529_162852,tierc-rp-fe57e369fee371744226,0x82dbe18346a8656dbb5e76f74bf3ae279cc16b29,20.00,15m,1780009241,1780010141,1780010400,20.00,20.004730,0.000718,0.004491,0.000479,0.004730,0.000236,sufficient,partial_market_quality,missing,0,0,1
20260529_162852,tierc-rp-fe57e369fee371744226,0x82dbe18346a8656dbb5e76f74bf3ae279cc16b29,20.00,30m,1780009241,1780011041,1780011300,20.00,20.027501,0.001436,0.026544,0.000479,0.027501,0.001375,sufficient,partial_market_quality,missing,0,0,1
20260529_162852,tierc-rp-fe57e369fee371744226,0x82dbe18346a8656dbb5e76f74bf3ae279cc16b29,20.00,1h,1780009241,1780012841,1780013100,20.00,20.057677,0.002871,0.055284,0.000479,0.057677,0.002884,sufficient,partial_market_quality,missing,0,0,1
20260529_162852,tierc-rp-fe57e369fee371744226,0x82dbe18346a8656dbb5e76f74bf3ae279cc16b29,20.00,2h,1780009241,1780016441,1780016700,20.00,20.084897,0.005742,0.079633,0.000479,0.084897,0.004245,sufficient,partial_market_quality,missing,0,0,1
20260529_162852,tierc-rp-fe57e369fee371744226,0x82dbe18346a8656dbb5e76f74bf3ae279cc16b29,20.00,6h,1780009241,1780030841,1780031100,20.00,20.079218,0.017227,0.062469,0.000479,0.079218,0.003961,sufficient,partial_market_quality,missing,0,0,1
20260529_162852,tierc-rp-addea7b46019077cd4e9,0x82dbe18346a8656dbb5e76f74bf3ae279cc16b29,50.00,15m,1780009241,1780010141,1780010400,50.00,50.010029,0.001795,0.011226,0.002992,0.010029,0.000201,sufficient,partial_market_quality,missing,0,0,1
20260529_162852,tierc-rp-addea7b46019077cd4e9,0x82dbe18346a8656dbb5e76f74bf3ae279cc16b29,50.00,30m,1780009241,1780011041,1780011300,50.00,50.066958,0.003589,0.066361,0.002992,0.066958,0.001339,sufficient,partial_market_quality,missing,0,0,1
20260529_162852,tierc-rp-addea7b46019077cd4e9,0x82dbe18346a8656dbb5e76f74bf3ae279cc16b29,50.00,1h,1780009241,1780012841,1780013100,50.00,50.142396,0.007178,0.138210,0.002992,0.142396,0.002848,sufficient,partial_market_quality,missing,0,0,1
20260529_162852,tierc-rp-addea7b46019077cd4e9,0x82dbe18346a8656dbb5e76f74bf3ae279cc16b29,50.00,2h,1780009241,1780016441,1780016700,50.00,50.210447,0.014356,0.199083,0.002992,0.210447,0.004209,sufficient,partial_market_quality,missing,0,0,1
20260529_162852,tierc-rp-addea7b46019077cd4e9,0x82dbe18346a8656dbb5e76f74bf3ae279cc16b29,50.00,6h,1780009241,1780030841,1780031100,50.00,50.196249,0.043069,0.156173,0.002992,0.196249,0.003925,sufficient,partial_market_quality,missing,0,0,1
20260529_162852,tierc-rp-6fb958ca4e072b8726a3,0x82dbe18346a8656dbb5e76f74bf3ae279cc16b29,10.00,15m,1780012840,1780013740,1780014000,10.00,10.022842,0.000359,0.022603,0.000120,0.022842,0.002284,sufficient,partial_market_quality,missing,0,0,1
20260529_162852,tierc-rp-6fb958ca4e072b8726a3,0x82dbe18346a8656dbb5e76f74bf3ae279cc16b29,10.00,30m,1780012840,1780014640,1780014900,10.00,10.022753,0.000718,0.022155,0.000120,0.022753,0.002275,sufficient,partial_market_quality,missing,0,0,1
20260529_162852,tierc-rp-6fb958ca4e072b8726a3,0x82dbe18346a8656dbb5e76f74bf3ae279cc16b29,10.00,1h,1780012840,1780016440,1780016700,10.00,10.019189,0.001436,0.017873,0.000120,0.019189,0.001919,sufficient,partial_market_quality,missing,0,0,1
20260529_162852,tierc-rp-6fb958ca4e072b8726a3,0x82dbe18346a8656dbb5e76f74bf3ae279cc16b29,10.00,2h,1780012840,1780020040,1780020300,10.00,9.990006,0.002871,-0.012745,0.000120,-0.009994,-0.000999,sufficient,partial_market_quality,missing,0,0,1
20260529_162852,tierc-rp-6fb958ca4e072b8726a3,0x82dbe18346a8656dbb5e76f74bf3ae279cc16b29,10.00,6h,1780012840,1780034440,1780034700,10.00,10.014717,0.008614,0.006223,0.000120,0.014717,0.001472,sufficient,partial_market_quality,missing,0,0,1
20260529_162852,tierc-rp-49f9185d8c8140b8e7af,0x82dbe18346a8656dbb5e76f74bf3ae279cc16b29,20.00,15m,1780012840,1780013740,1780014000,20.00,20.045445,0.000718,0.045206,0.000479,0.045445,0.002272,sufficient,partial_market_quality,missing,0,0,1
20260529_162852,tierc-rp-49f9185d8c8140b8e7af,0x82dbe18346a8656dbb5e76f74bf3ae279cc16b29,20.00,30m,1780012840,1780014640,1780014900,20.00,20.045267,0.001436,0.044310,0.000479,0.045267,0.002263,sufficient,partial_market_quality,missing,0,0,1
20260529_162852,tierc-rp-49f9185d8c8140b8e7af,0x82dbe18346a8656dbb5e76f74bf3ae279cc16b29,20.00,1h,1780012840,1780016440,1780016700,20.00,20.038139,0.002871,0.035747,0.000479,0.038139,0.001907,sufficient,partial_market_quality,missing,0,0,1
20260529_162852,tierc-rp-49f9185d8c8140b8e7af,0x82dbe18346a8656dbb5e76f74bf3ae279cc16b29,20.00,2h,1780012840,1780020040,1780020300,20.00,19.979773,0.005742,-0.025491,0.000479,-0.020227,-0.001011,sufficient,partial_market_quality,missing,0,0,1
20260529_162852,tierc-rp-49f9185d8c8140b8e7af,0x82dbe18346a8656dbb5e76f74bf3ae279cc16b29,20.00,6h,1780012840,1780034440,1780034700,20.00,20.029195,0.017227,0.012447,0.000479,0.029195,0.001460,sufficient,partial_market_quality,missing,0,0,1
20260529_162852,tierc-rp-162d050140a27b86fa73,0x82dbe18346a8656dbb5e76f74bf3ae279cc16b29,50.00,15m,1780012840,1780013740,1780014000,50.00,50.111817,0.001795,0.113015,0.002992,0.111817,0.002236,sufficient,partial_market_quality,missing,0,0,1
20260529_162852,tierc-rp-162d050140a27b86fa73,0x82dbe18346a8656dbb5e76f74bf3ae279cc16b29,50.00,30m,1780012840,1780014640,1780014900,50.00,50.111372,0.003589,0.110775,0.002992,0.111372,0.002227,sufficient,partial_market_quality,missing,0,0,1
20260529_162852,tierc-rp-162d050140a27b86fa73,0x82dbe18346a8656dbb5e76f74bf3ae279cc16b29,50.00,1h,1780012840,1780016440,1780016700,50.00,50.093552,0.007178,0.089367,0.002992,0.093552,0.001871,sufficient,partial_market_quality,missing,0,0,1
20260529_162852,tierc-rp-162d050140a27b86fa73,0x82dbe18346a8656dbb5e76f74bf3ae279cc16b29,50.00,2h,1780012840,1780020040,1780020300,50.00,49.947637,0.014356,-0.063727,0.002992,-0.052363,-0.001047,sufficient,partial_market_quality,missing,0,0,1
20260529_162852,tierc-rp-162d050140a27b86fa73,0x82dbe18346a8656dbb5e76f74bf3ae279cc16b29,50.00,6h,1780012840,1780034440,1780034700,50.00,50.071193,0.043069,0.031117,0.002992,0.071193,0.001424,sufficient,partial_market_quality,missing,0,0,1
20260529_162852,tierc-rp-35708d522438d62be1fd,0x82dbe18346a8656dbb5e76f74bf3ae279cc16b29,10.00,15m,1780016441,1780017341,1780017600,10.00,9.979754,0.000359,-0.020485,0.000120,-0.020246,-0.002025,sufficient,partial_market_quality,missing,0,0,1
20260529_162852,tierc-rp-35708d522438d62be1fd,0x82dbe18346a8656dbb5e76f74bf3ae279cc16b29,10.00,30m,1780016441,1780018241,1780018500,10.00,9.965495,0.000718,-0.035103,0.000120,-0.034505,-0.003450,sufficient,partial_market_quality,missing,0,0,1
20260529_162852,tierc-rp-35708d522438d62be1fd,0x82dbe18346a8656dbb5e76f74bf3ae279cc16b29,10.00,1h,1780016441,1780020041,1780020300,10.00,9.975461,0.001436,-0.025855,0.000120,-0.024539,-0.002454,sufficient,partial_market_quality,missing,0,0,1
20260529_162852,tierc-rp-35708d522438d62be1fd,0x82dbe18346a8656dbb5e76f74bf3ae279cc16b29,10.00,2h,1780016441,1780023641,1780023900,10.00,9.961533,0.002871,-0.041219,0.000120,-0.038467,-0.003847,sufficient,partial_market_quality,missing,0,0,1
20260529_162852,tierc-rp-35708d522438d62be1fd,0x82dbe18346a8656dbb5e76f74bf3ae279cc16b29,10.00,6h,1780016441,1780038041,1780038300,10.00,10.030869,0.008614,0.022374,0.000120,0.030869,0.003087,sufficient,partial_market_quality,missing,0,1,1
20260529_162852,tierc-rp-5e116264bc47e63a33a3,0x82dbe18346a8656dbb5e76f74bf3ae279cc16b29,20.00,15m,1780016441,1780017341,1780017600,20.00,19.959269,0.000718,-0.040970,0.000479,-0.040731,-0.002037,sufficient,partial_market_quality,missing,0,0,1
20260529_162852,tierc-rp-5e116264bc47e63a33a3,0x82dbe18346a8656dbb5e76f74bf3ae279cc16b29,20.00,30m,1780016441,1780018241,1780018500,20.00,19.930751,0.001436,-0.070206,0.000479,-0.069249,-0.003462,sufficient,partial_market_quality,missing,0,0,1
20260529_162852,tierc-rp-5e116264bc47e63a33a3,0x82dbe18346a8656dbb5e76f74bf3ae279cc16b29,20.00,1h,1780016441,1780020041,1780020300,20.00,19.950683,0.002871,-0.051710,0.000479,-0.049317,-0.002466,sufficient,partial_market_quality,missing,0,0,1
20260529_162852,tierc-rp-5e116264bc47e63a33a3,0x82dbe18346a8656dbb5e76f74bf3ae279cc16b29,20.00,2h,1780016441,1780023641,1780023900,20.00,19.922826,0.005742,-0.082438,0.000479,-0.077174,-0.003859,sufficient,partial_market_quality,missing,0,0,1
20260529_162852,tierc-rp-5e116264bc47e63a33a3,0x82dbe18346a8656dbb5e76f74bf3ae279cc16b29,20.00,6h,1780016441,1780038041,1780038300,20.00,20.061498,0.017227,0.044749,0.000479,0.061498,0.003075,sufficient,partial_market_quality,missing,0,1,1
20260529_162852,tierc-rp-aa931822e6c3cdadce2e,0x82dbe18346a8656dbb5e76f74bf3ae279cc16b29,50.00,15m,1780016441,1780017341,1780017600,50.00,49.896377,0.001795,-0.102425,0.002992,-0.103623,-0.002072,sufficient,partial_market_quality,missing,0,0,1
20260529_162852,tierc-rp-aa931822e6c3cdadce2e,0x82dbe18346a8656dbb5e76f74bf3ae279cc16b29,50.00,30m,1780016441,1780018241,1780018500,50.00,49.825081,0.003589,-0.175515,0.002992,-0.174919,-0.003498,sufficient,partial_market_quality,missing,0,0,1
20260529_162852,tierc-rp-aa931822e6c3cdadce2e,0x82dbe18346a8656dbb5e76f74bf3ae279cc16b29,50.00,1h,1780016441,1780020041,1780020300,50.00,49.874911,0.007178,-0.129275,0.002992,-0.125089,-0.002502,sufficient,partial_market_quality,missing,0,0,1
20260529_162852,tierc-rp-aa931822e6c3cdadce2e,0x82dbe18346a8656dbb5e76f74bf3ae279cc16b29,50.00,2h,1780016441,1780023641,1780023900,50.00,49.805270,0.014356,-0.206094,0.002992,-0.194730,-0.003895,sufficient,partial_market_quality,missing,0,0,1
20260529_162852,tierc-rp-aa931822e6c3cdadce2e,0x82dbe18346a8656dbb5e76f74bf3ae279cc16b29,50.00,6h,1780016441,1780038041,1780038300,50.00,50.151949,0.043069,0.111872,0.002992,0.151949,0.003039,sufficient,partial_market_quality,missing,0,1,1
20260529_162852,tierc-rp-0f614ea36ddf66a41294,0x82dbe18346a8656dbb5e76f74bf3ae279cc16b29,10.00,15m,1780020040,1780020940,1780021200,10.00,9.980158,0.000359,-0.020082,0.000120,-0.019842,-0.001984,sufficient,partial_market_quality,missing,0,0,1
20260529_162852,tierc-rp-0f614ea36ddf66a41294,0x82dbe18346a8656dbb5e76f74bf3ae279cc16b29,10.00,30m,1780020040,1780021840,1780022100,10.00,9.979719,0.000718,-0.020879,0.000120,-0.020281,-0.002028,sufficient,partial_market_quality,missing,0,0,1
20260529_162852,tierc-rp-0f614ea36ddf66a41294,0x82dbe18346a8656dbb5e76f74bf3ae279cc16b29,10.00,1h,1780020040,1780023640,1780023900,10.00,9.981932,0.001436,-0.019384,0.000120,-0.018068,-0.001807,sufficient,partial_market_quality,missing,0,0,1
20260529_162852,tierc-rp-0f614ea36ddf66a41294,0x82dbe18346a8656dbb5e76f74bf3ae279cc16b29,10.00,2h,1780020040,1780027240,1780027500,10.00,9.956410,0.002871,-0.046342,0.000120,-0.043590,-0.004359,sufficient,partial_market_quality,missing,0,0,1
20260529_162852,tierc-rp-0f614ea36ddf66a41294,0x82dbe18346a8656dbb5e76f74bf3ae279cc16b29,10.00,6h,1780020040,1780041640,1780041900,10.00,10.005305,0.008614,-0.003189,0.000120,0.005305,0.000530,sufficient,partial_market_quality,missing,0,0,1
20260529_162852,tierc-rp-c5e206ee1977fcbe1e2a,0x82dbe18346a8656dbb5e76f74bf3ae279cc16b29,20.00,15m,1780020040,1780020940,1780021200,20.00,19.960076,0.000718,-0.040163,0.000479,-0.039924,-0.001996,sufficient,partial_market_quality,missing,0,0,1
20260529_162852,tierc-rp-c5e206ee1977fcbe1e2a,0x82dbe18346a8656dbb5e76f74bf3ae279cc16b29,20.00,30m,1780020040,1780021840,1780022100,20.00,19.959199,0.001436,-0.041758,0.000479,-0.040801,-0.002040,sufficient,partial_market_quality,missing,0,0,1
20260529_162852,tierc-rp-c5e206ee1977fcbe1e2a,0x82dbe18346a8656dbb5e76f74bf3ae279cc16b29,20.00,1h,1780020040,1780023640,1780023900,20.00,19.963625,0.002871,-0.038768,0.000479,-0.036375,-0.001819,sufficient,partial_market_quality,missing,0,0,1
20260529_162852,tierc-rp-c5e206ee1977fcbe1e2a,0x82dbe18346a8656dbb5e76f74bf3ae279cc16b29,20.00,2h,1780020040,1780027240,1780027500,20.00,19.912580,0.005742,-0.092684,0.000479,-0.087420,-0.004371,sufficient,partial_market_quality,missing,0,0,1
20260529_162852,tierc-rp-c5e206ee1977fcbe1e2a,0x82dbe18346a8656dbb5e76f74bf3ae279cc16b29,20.00,6h,1780020040,1780041640,1780041900,20.00,20.010370,0.017227,-0.006378,0.000479,0.010370,0.000519,sufficient,partial_market_quality,missing,0,0,1
20260529_162852,tierc-rp-e1f9fbb8613130d3563e,0x82dbe18346a8656dbb5e76f74bf3ae279cc16b29,50.00,15m,1780020040,1780020940,1780021200,50.00,49.898395,0.001795,-0.100408,0.002992,-0.101605,-0.002032,sufficient,partial_market_quality,missing,0,0,1
20260529_162852,tierc-rp-e1f9fbb8613130d3563e,0x82dbe18346a8656dbb5e76f74bf3ae279cc16b29,50.00,30m,1780020040,1780021840,1780022100,50.00,49.896203,0.003589,-0.104394,0.002992,-0.103797,-0.002076,sufficient,partial_market_quality,missing,0,0,1
20260529_162852,tierc-rp-e1f9fbb8613130d3563e,0x82dbe18346a8656dbb5e76f74bf3ae279cc16b29,50.00,1h,1780020040,1780023640,1780023900,50.00,49.907266,0.007178,-0.096920,0.002992,-0.092734,-0.001855,sufficient,partial_market_quality,missing,0,0,1
20260529_162852,tierc-rp-e1f9fbb8613130d3563e,0x82dbe18346a8656dbb5e76f74bf3ae279cc16b29,50.00,2h,1780020040,1780027240,1780027500,50.00,49.779654,0.014356,-0.231710,0.002992,-0.220346,-0.004407,sufficient,partial_market_quality,missing,0,0,1
20260529_162852,tierc-rp-e1f9fbb8613130d3563e,0x82dbe18346a8656dbb5e76f74bf3ae279cc16b29,50.00,6h,1780020040,1780041640,1780041900,50.00,50.024131,0.043069,-0.015946,0.002992,0.024131,0.000483,sufficient,partial_market_quality,missing,0,0,1
20260529_162852,tierc-rp-6b2ecdb220b6ce797980,0x82dbe18346a8656dbb5e76f74bf3ae279cc16b29,10.00,15m,1780023640,1780024540,1780024800,10.00,10.017655,0.000359,0.017416,0.000120,0.017655,0.001766,sufficient,partial_market_quality,missing,0,0,1
20260529_162852,tierc-rp-6b2ecdb220b6ce797980,0x82dbe18346a8656dbb5e76f74bf3ae279cc16b29,10.00,30m,1780023640,1780025440,1780025700,10.00,10.009656,0.000718,0.009058,0.000120,0.009656,0.000966,sufficient,partial_market_quality,missing,0,0,1
20260529_162852,tierc-rp-6b2ecdb220b6ce797980,0x82dbe18346a8656dbb5e76f74bf3ae279cc16b29,10.00,1h,1780023640,1780027240,1780027500,10.00,9.998013,0.001436,-0.003303,0.000120,-0.001987,-0.000199,sufficient,partial_market_quality,missing,0,0,1
20260529_162852,tierc-rp-6b2ecdb220b6ce797980,0x82dbe18346a8656dbb5e76f74bf3ae279cc16b29,10.00,2h,1780023640,1780030840,1780031100,10.00,10.064157,0.002871,0.061406,0.000120,0.064157,0.006416,sufficient,partial_market_quality,missing,0,0,1
20260529_162852,tierc-rp-6b2ecdb220b6ce797980,0x82dbe18346a8656dbb5e76f74bf3ae279cc16b29,10.00,6h,1780023640,1780045240,,10.00,missing,0.008614,missing,0.000120,missing,missing,unknown,missing_exit_data,missing_exit_candle,0,0,1
20260529_162852,tierc-rp-c52e5b23307d8f216aa1,0x82dbe18346a8656dbb5e76f74bf3ae279cc16b29,20.00,15m,1780023640,1780024540,1780024800,20.00,20.035071,0.000718,0.034832,0.000479,0.035071,0.001754,sufficient,partial_market_quality,missing,0,0,1
20260529_162852,tierc-rp-c52e5b23307d8f216aa1,0x82dbe18346a8656dbb5e76f74bf3ae279cc16b29,20.00,30m,1780023640,1780025440,1780025700,20.00,20.019073,0.001436,0.018116,0.000479,0.019073,0.000954,sufficient,partial_market_quality,missing,0,0,1
20260529_162852,tierc-rp-c52e5b23307d8f216aa1,0x82dbe18346a8656dbb5e76f74bf3ae279cc16b29,20.00,1h,1780023640,1780027240,1780027500,20.00,19.995786,0.002871,-0.006606,0.000479,-0.004214,-0.000211,sufficient,partial_market_quality,missing,0,0,1
20260529_162852,tierc-rp-c52e5b23307d8f216aa1,0x82dbe18346a8656dbb5e76f74bf3ae279cc16b29,20.00,2h,1780023640,1780030840,1780031100,20.00,20.128075,0.005742,0.122812,0.000479,0.128075,0.006404,sufficient,partial_market_quality,missing,0,0,1
20260529_162852,tierc-rp-c52e5b23307d8f216aa1,0x82dbe18346a8656dbb5e76f74bf3ae279cc16b29,20.00,6h,1780023640,1780045240,,20.00,missing,0.017227,missing,0.000479,missing,missing,unknown,missing_exit_data,missing_exit_candle,0,0,1
20260529_162852,tierc-rp-02321fa20eefd99c4bda,0x82dbe18346a8656dbb5e76f74bf3ae279cc16b29,50.00,15m,1780023640,1780024540,1780024800,50.00,50.085882,0.001795,0.087079,0.002992,0.085882,0.001718,sufficient,partial_market_quality,missing,0,0,1
20260529_162852,tierc-rp-02321fa20eefd99c4bda,0x82dbe18346a8656dbb5e76f74bf3ae279cc16b29,50.00,30m,1780023640,1780025440,1780025700,50.00,50.045888,0.003589,0.045291,0.002992,0.045888,0.000918,sufficient,partial_market_quality,missing,0,0,1
20260529_162852,tierc-rp-02321fa20eefd99c4bda,0x82dbe18346a8656dbb5e76f74bf3ae279cc16b29,50.00,1h,1780023640,1780027240,1780027500,50.00,49.987671,0.007178,-0.016515,0.002992,-0.012329,-0.000247,sufficient,partial_market_quality,missing,0,0,1
20260529_162852,tierc-rp-02321fa20eefd99c4bda,0x82dbe18346a8656dbb5e76f74bf3ae279cc16b29,50.00,2h,1780023640,1780030840,1780031100,50.00,50.318393,0.014356,0.307029,0.002992,0.318393,0.006368,sufficient,partial_market_quality,missing,0,0,1
20260529_162852,tierc-rp-02321fa20eefd99c4bda,0x82dbe18346a8656dbb5e76f74bf3ae279cc16b29,50.00,6h,1780023640,1780045240,,50.00,missing,0.043069,missing,0.002992,missing,missing,unknown,missing_exit_data,missing_exit_candle,0,0,1
20260529_162852,tierc-rp-af933e2222446162c170,0x82dbe18346a8656dbb5e76f74bf3ae279cc16b29,10.00,15m,1780027240,1780028140,1780028400,10.00,9.986846,0.000359,-0.013394,0.000120,-0.013154,-0.001315,sufficient,partial_market_quality,missing,0,1,1
20260529_162852,tierc-rp-af933e2222446162c170,0x82dbe18346a8656dbb5e76f74bf3ae279cc16b29,10.00,30m,1780027240,1780029040,1780029300,10.00,10.013192,0.000718,0.012594,0.000120,0.013192,0.001319,sufficient,partial_market_quality,missing,0,1,1
20260529_162852,tierc-rp-af933e2222446162c170,0x82dbe18346a8656dbb5e76f74bf3ae279cc16b29,10.00,1h,1780027240,1780030840,1780031100,10.00,10.048743,0.001436,0.047427,0.000120,0.048743,0.004874,sufficient,partial_market_quality,missing,0,0,1
20260529_162852,tierc-rp-af933e2222446162c170,0x82dbe18346a8656dbb5e76f74bf3ae279cc16b29,10.00,2h,1780027240,1780034440,1780034700,10.00,10.047080,0.002871,0.044329,0.000120,0.047080,0.004708,sufficient,partial_market_quality,missing,0,0,1
20260529_162852,tierc-rp-af933e2222446162c170,0x82dbe18346a8656dbb5e76f74bf3ae279cc16b29,10.00,6h,1780027240,1780048840,,10.00,missing,0.008614,missing,0.000120,missing,missing,unknown,missing_exit_data,missing_exit_candle,0,0,1
20260529_162852,tierc-rp-0921a6993d6a026551ed,0x82dbe18346a8656dbb5e76f74bf3ae279cc16b29,20.00,15m,1780027240,1780028140,1780028400,20.00,19.973452,0.000718,-0.026787,0.000479,-0.026548,-0.001327,sufficient,partial_market_quality,missing,0,1,1
20260529_162852,tierc-rp-0921a6993d6a026551ed,0x82dbe18346a8656dbb5e76f74bf3ae279cc16b29,20.00,30m,1780027240,1780029040,1780029300,20.00,20.026145,0.001436,0.025188,0.000479,0.026145,0.001307,sufficient,partial_market_quality,missing,0,1,1
20260529_162852,tierc-rp-0921a6993d6a026551ed,0x82dbe18346a8656dbb5e76f74bf3ae279cc16b29,20.00,1h,1780027240,1780030840,1780031100,20.00,20.097247,0.002871,0.094854,0.000479,0.097247,0.004862,sufficient,partial_market_quality,missing,0,0,1
20260529_162852,tierc-rp-0921a6993d6a026551ed,0x82dbe18346a8656dbb5e76f74bf3ae279cc16b29,20.00,2h,1780027240,1780034440,1780034700,20.00,20.093921,0.005742,0.088657,0.000479,0.093921,0.004696,sufficient,partial_market_quality,missing,0,0,1
20260529_162852,tierc-rp-0921a6993d6a026551ed,0x82dbe18346a8656dbb5e76f74bf3ae279cc16b29,20.00,6h,1780027240,1780048840,,20.00,missing,0.017227,missing,0.000479,missing,missing,unknown,missing_exit_data,missing_exit_candle,0,0,1
20260529_162852,tierc-rp-8cc46e59134ecb1140c0,0x82dbe18346a8656dbb5e76f74bf3ae279cc16b29,50.00,15m,1780027240,1780028140,1780028400,50.00,49.931834,0.001795,-0.066968,0.002992,-0.068166,-0.001363,sufficient,partial_market_quality,missing,0,1,1
20260529_162852,tierc-rp-8cc46e59134ecb1140c0,0x82dbe18346a8656dbb5e76f74bf3ae279cc16b29,50.00,30m,1780027240,1780029040,1780029300,50.00,50.063567,0.003589,0.062970,0.002992,0.063567,0.001271,sufficient,partial_market_quality,missing,0,1,1
20260529_162852,tierc-rp-8cc46e59134ecb1140c0,0x82dbe18346a8656dbb5e76f74bf3ae279cc16b29,50.00,1h,1780027240,1780030840,1780031100,50.00,50.241322,0.007178,0.237136,0.002992,0.241322,0.004826,sufficient,partial_market_quality,missing,0,0,1
20260529_162852,tierc-rp-8cc46e59134ecb1140c0,0x82dbe18346a8656dbb5e76f74bf3ae279cc16b29,50.00,2h,1780027240,1780034440,1780034700,50.00,50.233008,0.014356,0.221644,0.002992,0.233008,0.004660,sufficient,partial_market_quality,missing,0,0,1
20260529_162852,tierc-rp-8cc46e59134ecb1140c0,0x82dbe18346a8656dbb5e76f74bf3ae279cc16b29,50.00,6h,1780027240,1780048840,,50.00,missing,0.043069,missing,0.002992,missing,missing,unknown,missing_exit_data,missing_exit_candle,0,0,1
20260529_162852,tierc-rp-4f82e63551ea5af8db83,0x82dbe18346a8656dbb5e76f74bf3ae279cc16b29,10.00,15m,1780030840,1780031740,1780032000,10.00,10.000737,0.000359,0.000498,0.000120,0.000737,0.000074,sufficient,partial_market_quality,missing,0,0,1
20260529_162852,tierc-rp-4f82e63551ea5af8db83,0x82dbe18346a8656dbb5e76f74bf3ae279cc16b29,10.00,30m,1780030840,1780032640,1780032900,10.00,9.992382,0.000718,-0.008216,0.000120,-0.007618,-0.000762,sufficient,partial_market_quality,missing,0,1,1
20260529_162852,tierc-rp-4f82e63551ea5af8db83,0x82dbe18346a8656dbb5e76f74bf3ae279cc16b29,10.00,1h,1780030840,1780034440,1780034700,10.00,10.009134,0.001436,0.007818,0.000120,0.009134,0.000913,sufficient,partial_market_quality,missing,0,0,1
20260529_162852,tierc-rp-4f82e63551ea5af8db83,0x82dbe18346a8656dbb5e76f74bf3ae279cc16b29,10.00,2h,1780030840,1780038040,1780038300,10.00,10.039898,0.002871,0.037147,0.000120,0.039898,0.003990,sufficient,partial_market_quality,missing,0,1,1
20260529_162852,tierc-rp-4f82e63551ea5af8db83,0x82dbe18346a8656dbb5e76f74bf3ae279cc16b29,10.00,6h,1780030840,1780052440,,10.00,missing,0.008614,missing,0.000120,missing,missing,unknown,missing_exit_data,missing_exit_candle,0,0,1
20260529_162852,tierc-rp-5a32b9cc72c768bfd3ae,0x82dbe18346a8656dbb5e76f74bf3ae279cc16b29,20.00,15m,1780030840,1780031740,1780032000,20.00,20.001235,0.000718,0.000996,0.000479,0.001235,0.000062,sufficient,partial_market_quality,missing,0,0,1
20260529_162852,tierc-rp-5a32b9cc72c768bfd3ae,0x82dbe18346a8656dbb5e76f74bf3ae279cc16b29,20.00,30m,1780030840,1780032640,1780032900,20.00,19.984525,0.001436,-0.016432,0.000479,-0.015475,-0.000774,sufficient,partial_market_quality,missing,0,1,1
20260529_162852,tierc-rp-5a32b9cc72c768bfd3ae,0x82dbe18346a8656dbb5e76f74bf3ae279cc16b29,20.00,1h,1780030840,1780034440,1780034700,20.00,20.018028,0.002871,0.015635,0.000479,0.018028,0.000901,sufficient,partial_market_quality,missing,0,0,1
20260529_162852,tierc-rp-5a32b9cc72c768bfd3ae,0x82dbe18346a8656dbb5e76f74bf3ae279cc16b29,20.00,2h,1780030840,1780038040,1780038300,20.00,20.079557,0.005742,0.074293,0.000479,0.079557,0.003978,sufficient,partial_market_quality,missing,0,1,1
20260529_162852,tierc-rp-5a32b9cc72c768bfd3ae,0x82dbe18346a8656dbb5e76f74bf3ae279cc16b29,20.00,6h,1780030840,1780052440,,20.00,missing,0.017227,missing,0.000479,missing,missing,unknown,missing_exit_data,missing_exit_candle,0,0,1
20260529_162852,tierc-rp-bb90ba58c1cd21965796,0x82dbe18346a8656dbb5e76f74bf3ae279cc16b29,50.00,15m,1780030840,1780031740,1780032000,50.00,50.001292,0.001795,0.002490,0.002992,0.001292,0.000026,sufficient,partial_market_quality,missing,0,0,1
20260529_162852,tierc-rp-bb90ba58c1cd21965796,0x82dbe18346a8656dbb5e76f74bf3ae279cc16b29,50.00,30m,1780030840,1780032640,1780032900,50.00,49.959516,0.003589,-0.041080,0.002992,-0.040484,-0.000810,sufficient,partial_market_quality,missing,0,1,1
20260529_162852,tierc-rp-bb90ba58c1cd21965796,0x82dbe18346a8656dbb5e76f74bf3ae279cc16b29,50.00,1h,1780030840,1780034440,1780034700,50.00,50.043274,0.007178,0.039089,0.002992,0.043274,0.000865,sufficient,partial_market_quality,missing,0,0,1
20260529_162852,tierc-rp-bb90ba58c1cd21965796,0x82dbe18346a8656dbb5e76f74bf3ae279cc16b29,50.00,2h,1780030840,1780038040,1780038300,50.00,50.197097,0.014356,0.185733,0.002992,0.197097,0.003942,sufficient,partial_market_quality,missing,0,1,1
20260529_162852,tierc-rp-bb90ba58c1cd21965796,0x82dbe18346a8656dbb5e76f74bf3ae279cc16b29,50.00,6h,1780030840,1780052440,,50.00,missing,0.043069,missing,0.002992,missing,missing,unknown,missing_exit_data,missing_exit_candle,0,0,1
20260529_162852,tierc-rp-e650dd40bb251f7ce426,0x82dbe18346a8656dbb5e76f74bf3ae279cc16b29,10.00,15m,1780037348,1780038248,1780038300,10.00,10.014896,0.000359,0.014656,0.000120,0.014896,0.001490,sufficient,partial_market_quality,missing,0,1,1
20260529_162852,tierc-rp-e650dd40bb251f7ce426,0x82dbe18346a8656dbb5e76f74bf3ae279cc16b29,10.00,30m,1780037348,1780039148,1780039200,10.00,10.014211,0.000718,0.013613,0.000120,0.014211,0.001421,sufficient,partial_market_quality,missing,0,0,1
20260529_162852,tierc-rp-e650dd40bb251f7ce426,0x82dbe18346a8656dbb5e76f74bf3ae279cc16b29,10.00,1h,1780037348,1780040948,1780041000,10.00,9.952031,0.001436,-0.049285,0.000120,-0.047969,-0.004797,sufficient,partial_market_quality,missing,0,0,1
20260529_162852,tierc-rp-e650dd40bb251f7ce426,0x82dbe18346a8656dbb5e76f74bf3ae279cc16b29,10.00,2h,1780037348,1780044548,,10.00,missing,0.002871,missing,0.000120,missing,missing,unknown,missing_exit_data,missing_exit_candle,0,0,1
20260529_162852,tierc-rp-e650dd40bb251f7ce426,0x82dbe18346a8656dbb5e76f74bf3ae279cc16b29,10.00,6h,1780037348,1780058948,,10.00,missing,0.008614,missing,0.000120,missing,missing,unknown,missing_exit_data,missing_exit_candle,0,0,1
20260529_162852,tierc-rp-60a8e711564f0ba463ae,0x82dbe18346a8656dbb5e76f74bf3ae279cc16b29,20.00,15m,1780037348,1780038248,1780038300,20.00,20.029552,0.000718,0.029313,0.000479,0.029552,0.001478,sufficient,partial_market_quality,missing,0,1,1
20260529_162852,tierc-rp-60a8e711564f0ba463ae,0x82dbe18346a8656dbb5e76f74bf3ae279cc16b29,20.00,30m,1780037348,1780039148,1780039200,20.00,20.028183,0.001436,0.027226,0.000479,0.028183,0.001409,sufficient,partial_market_quality,missing,0,0,1
20260529_162852,tierc-rp-60a8e711564f0ba463ae,0x82dbe18346a8656dbb5e76f74bf3ae279cc16b29,20.00,1h,1780037348,1780040948,1780041000,20.00,19.903822,0.002871,-0.098571,0.000479,-0.096178,-0.004809,sufficient,partial_market_quality,missing,0,0,1
20260529_162852,tierc-rp-60a8e711564f0ba463ae,0x82dbe18346a8656dbb5e76f74bf3ae279cc16b29,20.00,2h,1780037348,1780044548,,20.00,missing,0.005742,missing,0.000479,missing,missing,unknown,missing_exit_data,missing_exit_candle,0,0,1
20260529_162852,tierc-rp-60a8e711564f0ba463ae,0x82dbe18346a8656dbb5e76f74bf3ae279cc16b29,20.00,6h,1780037348,1780058948,,20.00,missing,0.017227,missing,0.000479,missing,missing,unknown,missing_exit_data,missing_exit_candle,0,0,1
20260529_162852,tierc-rp-9d19447ac0fefe4efaf1,0x82dbe18346a8656dbb5e76f74bf3ae279cc16b29,50.00,15m,1780037348,1780038248,1780038300,50.00,50.072084,0.001795,0.073282,0.002992,0.072084,0.001442,sufficient,partial_market_quality,missing,0,1,1
20260529_162852,tierc-rp-9d19447ac0fefe4efaf1,0x82dbe18346a8656dbb5e76f74bf3ae279cc16b29,50.00,30m,1780037348,1780039148,1780039200,50.00,50.068662,0.003589,0.068065,0.002992,0.068662,0.001373,sufficient,partial_market_quality,missing,0,0,1
20260529_162852,tierc-rp-9d19447ac0fefe4efaf1,0x82dbe18346a8656dbb5e76f74bf3ae279cc16b29,50.00,1h,1780037348,1780040948,1780041000,50.00,49.757759,0.007178,-0.246427,0.002992,-0.242241,-0.004845,sufficient,partial_market_quality,missing,0,0,1
20260529_162852,tierc-rp-9d19447ac0fefe4efaf1,0x82dbe18346a8656dbb5e76f74bf3ae279cc16b29,50.00,2h,1780037348,1780044548,,50.00,missing,0.014356,missing,0.002992,missing,missing,unknown,missing_exit_data,missing_exit_candle,0,0,1
20260529_162852,tierc-rp-9d19447ac0fefe4efaf1,0x82dbe18346a8656dbb5e76f74bf3ae279cc16b29,50.00,6h,1780037348,1780058948,,50.00,missing,0.043069,missing,0.002992,missing,missing,unknown,missing_exit_data,missing_exit_candle,0,0,1
20260529_162852,tierc-rp-6c709bbbf690d154ffe8,0x82dbe18346a8656dbb5e76f74bf3ae279cc16b29,10.00,15m,1780038040,1780038940,1780039200,10.00,10.005154,0.000359,0.004914,0.000120,0.005154,0.000515,sufficient,partial_market_quality,missing,0,0,1
20260529_162852,tierc-rp-6c709bbbf690d154ffe8,0x82dbe18346a8656dbb5e76f74bf3ae279cc16b29,10.00,30m,1780038040,1780039840,1780040100,10.00,9.945895,0.000718,-0.054703,0.000120,-0.054105,-0.005410,sufficient,partial_market_quality,missing,0,0,1
20260529_162852,tierc-rp-6c709bbbf690d154ffe8,0x82dbe18346a8656dbb5e76f74bf3ae279cc16b29,10.00,1h,1780038040,1780041640,1780041900,10.00,9.959916,0.001436,-0.041399,0.000120,-0.040084,-0.004008,sufficient,partial_market_quality,missing,0,0,1
20260529_162852,tierc-rp-6c709bbbf690d154ffe8,0x82dbe18346a8656dbb5e76f74bf3ae279cc16b29,10.00,2h,1780038040,1780045240,,10.00,missing,0.002871,missing,0.000120,missing,missing,unknown,missing_exit_data,missing_exit_candle,0,0,1
20260529_162852,tierc-rp-6c709bbbf690d154ffe8,0x82dbe18346a8656dbb5e76f74bf3ae279cc16b29,10.00,6h,1780038040,1780059640,,10.00,missing,0.008614,missing,0.000120,missing,missing,unknown,missing_exit_data,missing_exit_candle,0,0,1
20260529_162852,tierc-rp-f87664aca1533e22cd98,0x82dbe18346a8656dbb5e76f74bf3ae279cc16b29,20.00,15m,1780038040,1780038940,1780039200,20.00,20.010068,0.000718,0.009829,0.000479,0.010068,0.000503,sufficient,partial_market_quality,missing,0,0,1
20260529_162852,tierc-rp-f87664aca1533e22cd98,0x82dbe18346a8656dbb5e76f74bf3ae279cc16b29,20.00,30m,1780038040,1780039840,1780040100,20.00,19.891551,0.001436,-0.109406,0.000479,-0.108449,-0.005422,sufficient,partial_market_quality,missing,0,0,1
20260529_162852,tierc-rp-f87664aca1533e22cd98,0x82dbe18346a8656dbb5e76f74bf3ae279cc16b29,20.00,1h,1780038040,1780041640,1780041900,20.00,19.919594,0.002871,-0.082799,0.000479,-0.080406,-0.004020,sufficient,partial_market_quality,missing,0,0,1
20260529_162852,tierc-rp-f87664aca1533e22cd98,0x82dbe18346a8656dbb5e76f74bf3ae279cc16b29,20.00,2h,1780038040,1780045240,,20.00,missing,0.005742,missing,0.000479,missing,missing,unknown,missing_exit_data,missing_exit_candle,0,0,1
20260529_162852,tierc-rp-f87664aca1533e22cd98,0x82dbe18346a8656dbb5e76f74bf3ae279cc16b29,20.00,6h,1780038040,1780059640,,20.00,missing,0.017227,missing,0.000479,missing,missing,unknown,missing_exit_data,missing_exit_candle,0,0,1
20260529_162852,tierc-rp-837c8635ff14675daeec,0x82dbe18346a8656dbb5e76f74bf3ae279cc16b29,50.00,15m,1780038040,1780038940,1780039200,50.00,50.023374,0.001795,0.024572,0.002992,0.023374,0.000467,sufficient,partial_market_quality,missing,0,0,1
20260529_162852,tierc-rp-837c8635ff14675daeec,0x82dbe18346a8656dbb5e76f74bf3ae279cc16b29,50.00,30m,1780038040,1780039840,1780040100,50.00,49.727083,0.003589,-0.273514,0.002992,-0.272917,-0.005458,sufficient,partial_market_quality,missing,0,0,1
20260529_162852,tierc-rp-837c8635ff14675daeec,0x82dbe18346a8656dbb5e76f74bf3ae279cc16b29,50.00,1h,1780038040,1780041640,1780041900,50.00,49.797189,0.007178,-0.206997,0.002992,-0.202811,-0.004056,sufficient,partial_market_quality,missing,0,0,1
20260529_162852,tierc-rp-837c8635ff14675daeec,0x82dbe18346a8656dbb5e76f74bf3ae279cc16b29,50.00,2h,1780038040,1780045240,,50.00,missing,0.014356,missing,0.002992,missing,missing,unknown,missing_exit_data,missing_exit_candle,0,0,1
20260529_162852,tierc-rp-837c8635ff14675daeec,0x82dbe18346a8656dbb5e76f74bf3ae279cc16b29,50.00,6h,1780038040,1780059640,,50.00,missing,0.043069,missing,0.002992,missing,missing,unknown,missing_exit_data,missing_exit_candle,0,0,1
20260529_162852,tierc-rp-da738994b72c2b8abb1b,0x82dbe18346a8656dbb5e76f74bf3ae279cc16b29,10.00,15m,1780041640,1780042540,1780042800,10.00,10.010154,0.000359,0.009915,0.000120,0.010154,0.001015,sufficient,partial_market_quality,missing,0,0,1
20260529_162852,tierc-rp-da738994b72c2b8abb1b,0x82dbe18346a8656dbb5e76f74bf3ae279cc16b29,10.00,30m,1780041640,1780043440,,10.00,missing,0.000718,missing,0.000120,missing,missing,unknown,missing_exit_data,missing_exit_candle,0,0,1
20260529_162852,tierc-rp-da738994b72c2b8abb1b,0x82dbe18346a8656dbb5e76f74bf3ae279cc16b29,10.00,1h,1780041640,1780045240,,10.00,missing,0.001436,missing,0.000120,missing,missing,unknown,missing_exit_data,missing_exit_candle,0,0,1
20260529_162852,tierc-rp-da738994b72c2b8abb1b,0x82dbe18346a8656dbb5e76f74bf3ae279cc16b29,10.00,2h,1780041640,1780048840,,10.00,missing,0.002871,missing,0.000120,missing,missing,unknown,missing_exit_data,missing_exit_candle,0,0,1
20260529_162852,tierc-rp-da738994b72c2b8abb1b,0x82dbe18346a8656dbb5e76f74bf3ae279cc16b29,10.00,6h,1780041640,1780063240,,10.00,missing,0.008614,missing,0.000120,missing,missing,unknown,missing_exit_data,missing_exit_candle,0,0,1
20260529_162852,tierc-rp-475a5cc3d29d8877e2c6,0x82dbe18346a8656dbb5e76f74bf3ae279cc16b29,20.00,15m,1780041640,1780042540,1780042800,20.00,20.020070,0.000718,0.019830,0.000479,0.020070,0.001003,sufficient,partial_market_quality,missing,0,0,1
20260529_162852,tierc-rp-475a5cc3d29d8877e2c6,0x82dbe18346a8656dbb5e76f74bf3ae279cc16b29,20.00,30m,1780041640,1780043440,,20.00,missing,0.001436,missing,0.000479,missing,missing,unknown,missing_exit_data,missing_exit_candle,0,0,1
20260529_162852,tierc-rp-475a5cc3d29d8877e2c6,0x82dbe18346a8656dbb5e76f74bf3ae279cc16b29,20.00,1h,1780041640,1780045240,,20.00,missing,0.002871,missing,0.000479,missing,missing,unknown,missing_exit_data,missing_exit_candle,0,0,1
20260529_162852,tierc-rp-475a5cc3d29d8877e2c6,0x82dbe18346a8656dbb5e76f74bf3ae279cc16b29,20.00,2h,1780041640,1780048840,,20.00,missing,0.005742,missing,0.000479,missing,missing,unknown,missing_exit_data,missing_exit_candle,0,0,1
20260529_162852,tierc-rp-475a5cc3d29d8877e2c6,0x82dbe18346a8656dbb5e76f74bf3ae279cc16b29,20.00,6h,1780041640,1780063240,,20.00,missing,0.017227,missing,0.000479,missing,missing,unknown,missing_exit_data,missing_exit_candle,0,0,1
20260529_162852,tierc-rp-947f4547377bad9bf11b,0x82dbe18346a8656dbb5e76f74bf3ae279cc16b29,50.00,15m,1780041640,1780042540,1780042800,50.00,50.048379,0.001795,0.049576,0.002992,0.048379,0.000968,sufficient,partial_market_quality,missing,0,0,1
20260529_162852,tierc-rp-947f4547377bad9bf11b,0x82dbe18346a8656dbb5e76f74bf3ae279cc16b29,50.00,30m,1780041640,1780043440,,50.00,missing,0.003589,missing,0.002992,missing,missing,unknown,missing_exit_data,missing_exit_candle,0,0,1
20260529_162852,tierc-rp-947f4547377bad9bf11b,0x82dbe18346a8656dbb5e76f74bf3ae279cc16b29,50.00,1h,1780041640,1780045240,,50.00,missing,0.007178,missing,0.002992,missing,missing,unknown,missing_exit_data,missing_exit_candle,0,0,1
20260529_162852,tierc-rp-947f4547377bad9bf11b,0x82dbe18346a8656dbb5e76f74bf3ae279cc16b29,50.00,2h,1780041640,1780048840,,50.00,missing,0.014356,missing,0.002992,missing,missing,unknown,missing_exit_data,missing_exit_candle,0,0,1
20260529_162852,tierc-rp-947f4547377bad9bf11b,0x82dbe18346a8656dbb5e76f74bf3ae279cc16b29,50.00,6h,1780041640,1780063240,,50.00,missing,0.043069,missing,0.002992,missing,missing,unknown,missing_exit_data,missing_exit_candle,0,0,1
20260529_162852,tierc-rp-c8c8956c955dabc7b410,0xc9034c3e7f58003e6ae0c8438e7c8f4598d5acaa,10.00,15m,1780005520,1780006420,1780006800,10.00,9.838184,0.000967,-0.162731,0.000052,-0.161816,-0.016182,sufficient,partial_market_quality,missing,0,0,1
20260529_162852,tierc-rp-c8c8956c955dabc7b410,0xc9034c3e7f58003e6ae0c8438e7c8f4598d5acaa,10.00,30m,1780005520,1780007320,1780007400,10.00,9.752034,0.001935,-0.249849,0.000052,-0.247966,-0.024797,sufficient,partial_market_quality,missing,0,0,1
20260529_162852,tierc-rp-c8c8956c955dabc7b410,0xc9034c3e7f58003e6ae0c8438e7c8f4598d5acaa,10.00,1h,1780005520,1780009120,1780009200,10.00,9.755813,0.003870,-0.248005,0.000052,-0.244187,-0.024419,sufficient,partial_market_quality,missing,0,0,1
20260529_162852,tierc-rp-c8c8956c955dabc7b410,0xc9034c3e7f58003e6ae0c8438e7c8f4598d5acaa,10.00,2h,1780005520,1780012720,1780012800,10.00,9.884376,0.007739,-0.123312,0.000052,-0.115624,-0.011562,sufficient,partial_market_quality,missing,0,0,1
20260529_162852,tierc-rp-c8c8956c955dabc7b410,0xc9034c3e7f58003e6ae0c8438e7c8f4598d5acaa,10.00,6h,1780005520,1780027120,1780027200,10.00,10.370445,0.023217,0.347280,0.000052,0.370445,0.037044,sufficient,partial_market_quality,missing,0,0,1
20260529_162852,tierc-rp-63dc33a673ca70b5b4fe,0xc9034c3e7f58003e6ae0c8438e7c8f4598d5acaa,20.00,15m,1780005520,1780006420,1780006800,20.00,19.676265,0.001935,-0.325462,0.000207,-0.323735,-0.016187,sufficient,partial_market_quality,missing,0,0,1
20260529_162852,tierc-rp-63dc33a673ca70b5b4fe,0xc9034c3e7f58003e6ae0c8438e7c8f4598d5acaa,20.00,30m,1780005520,1780007320,1780007400,20.00,19.503965,0.003870,-0.499698,0.000207,-0.496035,-0.024802,sufficient,partial_market_quality,missing,0,0,1
20260529_162852,tierc-rp-63dc33a673ca70b5b4fe,0xc9034c3e7f58003e6ae0c8438e7c8f4598d5acaa,20.00,1h,1780005520,1780009120,1780009200,20.00,19.511522,0.007739,-0.496010,0.000207,-0.488478,-0.024424,sufficient,partial_market_quality,missing,0,0,1
20260529_162852,tierc-rp-63dc33a673ca70b5b4fe,0xc9034c3e7f58003e6ae0c8438e7c8f4598d5acaa,20.00,2h,1780005520,1780012720,1780012800,20.00,19.768648,0.015478,-0.246623,0.000207,-0.231352,-0.011568,sufficient,partial_market_quality,missing,0,0,1
20260529_162852,tierc-rp-63dc33a673ca70b5b4fe,0xc9034c3e7f58003e6ae0c8438e7c8f4598d5acaa,20.00,6h,1780005520,1780027120,1780027200,20.00,20.740786,0.046434,0.694559,0.000207,0.740786,0.037039,sufficient,partial_market_quality,missing,0,0,1
20260529_162852,tierc-rp-fdbca944420d0e065960,0xc9034c3e7f58003e6ae0c8438e7c8f4598d5acaa,50.00,15m,1780005520,1780006420,1780006800,50.00,49.189885,0.004837,-0.813656,0.001295,-0.810115,-0.016202,sufficient,partial_market_quality,missing,0,0,1
20260529_162852,tierc-rp-fdbca944420d0e065960,0xc9034c3e7f58003e6ae0c8438e7c8f4598d5acaa,50.00,30m,1780005520,1780007320,1780007400,50.00,48.759134,0.009674,-1.249244,0.001295,-1.240866,-0.024817,sufficient,partial_market_quality,missing,0,0,1
20260529_162852,tierc-rp-fdbca944420d0e065960,0xc9034c3e7f58003e6ae0c8438e7c8f4598d5acaa,50.00,1h,1780005520,1780009120,1780009200,50.00,48.778028,0.019348,-1.240024,0.001295,-1.221972,-0.024439,sufficient,partial_market_quality,missing,0,0,1
20260529_162852,tierc-rp-fdbca944420d0e065960,0xc9034c3e7f58003e6ae0c8438e7c8f4598d5acaa,50.00,2h,1780005520,1780012720,1780012800,50.00,49.420842,0.038695,-0.616558,0.001295,-0.579158,-0.011583,sufficient,partial_market_quality,missing,0,0,1
20260529_162852,tierc-rp-fdbca944420d0e065960,0xc9034c3e7f58003e6ae0c8438e7c8f4598d5acaa,50.00,6h,1780005520,1780027120,1780027200,50.00,51.851187,0.116085,1.736398,0.001295,1.851187,0.037024,sufficient,partial_market_quality,missing,0,0,1
20260529_162852,tierc-rp-cd55cc68e78ac2151a68,0xc9034c3e7f58003e6ae0c8438e7c8f4598d5acaa,10.00,15m,1780008280,1780009180,1780009200,10.00,10.156379,0.000967,0.155464,0.000052,0.156379,0.015638,sufficient,partial_market_quality,missing,0,1,1
20260529_162852,tierc-rp-cd55cc68e78ac2151a68,0xc9034c3e7f58003e6ae0c8438e7c8f4598d5acaa,10.00,30m,1780008280,1780010080,1780010100,10.00,10.308850,0.001935,0.306967,0.000052,0.308850,0.030885,sufficient,partial_market_quality,missing,0,0,1
20260529_162852,tierc-rp-cd55cc68e78ac2151a68,0xc9034c3e7f58003e6ae0c8438e7c8f4598d5acaa,10.00,1h,1780008280,1780011880,1780011900,10.00,10.363045,0.003870,0.359227,0.000052,0.363045,0.036304,sufficient,partial_market_quality,missing,0,0,1
20260529_162852,tierc-rp-cd55cc68e78ac2151a68,0xc9034c3e7f58003e6ae0c8438e7c8f4598d5acaa,10.00,2h,1780008280,1780015480,1780015500,10.00,9.980342,0.007739,-0.027345,0.000052,-0.019658,-0.001966,sufficient,partial_market_quality,missing,0,0,1
20260529_162852,tierc-rp-cd55cc68e78ac2151a68,0xc9034c3e7f58003e6ae0c8438e7c8f4598d5acaa,10.00,6h,1780008280,1780029880,1780029900,10.00,10.710011,0.023217,0.686846,0.000052,0.710011,0.071001,sufficient,partial_market_quality,missing,0,0,1
20260529_162852,tierc-rp-c8263d084512ea8f283c,0xc9034c3e7f58003e6ae0c8438e7c8f4598d5acaa,20.00,15m,1780008280,1780009180,1780009200,20.00,20.312655,0.001935,0.310927,0.000207,0.312655,0.015633,sufficient,partial_market_quality,missing,0,1,1
20260529_162852,tierc-rp-c8263d084512ea8f283c,0xc9034c3e7f58003e6ae0c8438e7c8f4598d5acaa,20.00,30m,1780008280,1780010080,1780010100,20.00,20.617595,0.003870,0.613933,0.000207,0.617595,0.030880,sufficient,partial_market_quality,missing,0,0,1
20260529_162852,tierc-rp-c8263d084512ea8f283c,0xc9034c3e7f58003e6ae0c8438e7c8f4598d5acaa,20.00,1h,1780008280,1780011880,1780011900,20.00,20.725986,0.007739,0.718454,0.000207,0.725986,0.036299,sufficient,partial_market_quality,missing,0,0,1
20260529_162852,tierc-rp-c8263d084512ea8f283c,0xc9034c3e7f58003e6ae0c8438e7c8f4598d5acaa,20.00,2h,1780008280,1780015480,1780015500,20.00,19.960581,0.015478,-0.054689,0.000207,-0.039419,-0.001971,sufficient,partial_market_quality,missing,0,0,1
20260529_162852,tierc-rp-c8263d084512ea8f283c,0xc9034c3e7f58003e6ae0c8438e7c8f4598d5acaa,20.00,6h,1780008280,1780029880,1780029900,20.00,21.419918,0.046434,1.373691,0.000207,1.419918,0.070996,sufficient,partial_market_quality,missing,0,0,1
20260529_162852,tierc-rp-a4b69e1fb1fb6c75f0ec,0xc9034c3e7f58003e6ae0c8438e7c8f4598d5acaa,50.00,15m,1780008280,1780009180,1780009200,50.00,50.780859,0.004837,0.777318,0.001295,0.780859,0.015617,sufficient,partial_market_quality,missing,0,1,1
20260529_162852,tierc-rp-a4b69e1fb1fb6c75f0ec,0xc9034c3e7f58003e6ae0c8438e7c8f4598d5acaa,50.00,30m,1780008280,1780010080,1780010100,50.00,51.543211,0.009674,1.534833,0.001295,1.543211,0.030864,sufficient,partial_market_quality,missing,0,0,1
20260529_162852,tierc-rp-a4b69e1fb1fb6c75f0ec,0xc9034c3e7f58003e6ae0c8438e7c8f4598d5acaa,50.00,1h,1780008280,1780011880,1780011900,50.00,51.814188,0.019348,1.796135,0.001295,1.814188,0.036284,sufficient,partial_market_quality,missing,0,0,1
20260529_162852,tierc-rp-a4b69e1fb1fb6c75f0ec,0xc9034c3e7f58003e6ae0c8438e7c8f4598d5acaa,50.00,2h,1780008280,1780015480,1780015500,50.00,49.900676,0.038695,-0.136724,0.001295,-0.099324,-0.001986,sufficient,partial_market_quality,missing,0,0,1
20260529_162852,tierc-rp-a4b69e1fb1fb6c75f0ec,0xc9034c3e7f58003e6ae0c8438e7c8f4598d5acaa,50.00,6h,1780008280,1780029880,1780029900,50.00,53.549018,0.116085,3.434229,0.001295,3.549018,0.070980,sufficient,partial_market_quality,missing,0,0,1
20260529_162852,tierc-rp-248321b7384f38bae741,0xc9034c3e7f58003e6ae0c8438e7c8f4598d5acaa,10.00,15m,1780012481,1780013381,1780013400,10.00,9.815168,0.000967,-0.185748,0.000052,-0.184832,-0.018483,sufficient,partial_market_quality,missing,0,0,1
20260529_162852,tierc-rp-248321b7384f38bae741,0xc9034c3e7f58003e6ae0c8438e7c8f4598d5acaa,10.00,30m,1780012481,1780014281,1780014300,10.00,9.927839,0.001935,-0.074044,0.000052,-0.072161,-0.007216,sufficient,partial_market_quality,missing,0,0,1
20260529_162852,tierc-rp-248321b7384f38bae741,0xc9034c3e7f58003e6ae0c8438e7c8f4598d5acaa,10.00,1h,1780012481,1780016081,1780016100,10.00,9.632131,0.003870,-0.371687,0.000052,-0.367869,-0.036787,sufficient,partial_market_quality,missing,0,1,1
20260529_162852,tierc-rp-248321b7384f38bae741,0xc9034c3e7f58003e6ae0c8438e7c8f4598d5acaa,10.00,2h,1780012481,1780019681,1780019700,10.00,10.836206,0.007739,0.828518,0.000052,0.836206,0.083621,sufficient,partial_market_quality,missing,0,0,1
20260529_162852,tierc-rp-248321b7384f38bae741,0xc9034c3e7f58003e6ae0c8438e7c8f4598d5acaa,10.00,6h,1780012481,1780034081,1780034100,10.00,9.884656,0.023217,-0.138510,0.000052,-0.115344,-0.011534,sufficient,partial_market_quality,missing,0,1,1
20260529_162852,tierc-rp-c5a8ace8c9e4b0b439d2,0xc9034c3e7f58003e6ae0c8438e7c8f4598d5acaa,20.00,15m,1780012481,1780013381,1780013400,20.00,19.630232,0.001935,-0.371495,0.000207,-0.369768,-0.018488,sufficient,partial_market_quality,missing,0,0,1
20260529_162852,tierc-rp-c5a8ace8c9e4b0b439d2,0xc9034c3e7f58003e6ae0c8438e7c8f4598d5acaa,20.00,30m,1780012481,1780014281,1780014300,20.00,19.855575,0.003870,-0.148087,0.000207,-0.144425,-0.007221,sufficient,partial_market_quality,missing,0,0,1
20260529_162852,tierc-rp-c5a8ace8c9e4b0b439d2,0xc9034c3e7f58003e6ae0c8438e7c8f4598d5acaa,20.00,1h,1780012481,1780016081,1780016100,20.00,19.264158,0.007739,-0.743374,0.000207,-0.735842,-0.036792,sufficient,partial_market_quality,missing,0,1,1
20260529_162852,tierc-rp-c5a8ace8c9e4b0b439d2,0xc9034c3e7f58003e6ae0c8438e7c8f4598d5acaa,20.00,2h,1780012481,1780019681,1780019700,20.00,21.672307,0.015478,1.657037,0.000207,1.672307,0.083615,sufficient,partial_market_quality,missing,0,0,1
20260529_162852,tierc-rp-c5a8ace8c9e4b0b439d2,0xc9034c3e7f58003e6ae0c8438e7c8f4598d5acaa,20.00,6h,1780012481,1780034081,1780034100,20.00,19.769207,0.046434,-0.277019,0.000207,-0.230793,-0.011540,sufficient,partial_market_quality,missing,0,1,1
20260529_162852,tierc-rp-d606beb3d83a949cbd46,0xc9034c3e7f58003e6ae0c8438e7c8f4598d5acaa,50.00,15m,1780012481,1780013381,1780013400,50.00,49.074803,0.004837,-0.928738,0.001295,-0.925197,-0.018504,sufficient,partial_market_quality,missing,0,0,1
20260529_162852,tierc-rp-d606beb3d83a949cbd46,0xc9034c3e7f58003e6ae0c8438e7c8f4598d5acaa,50.00,30m,1780012481,1780014281,1780014300,50.00,49.638160,0.009674,-0.370219,0.001295,-0.361840,-0.007237,sufficient,partial_market_quality,missing,0,0,1
20260529_162852,tierc-rp-d606beb3d83a949cbd46,0xc9034c3e7f58003e6ae0c8438e7c8f4598d5acaa,50.00,1h,1780012481,1780016081,1780016100,50.00,48.159618,0.019348,-1.858434,0.001295,-1.840382,-0.036808,sufficient,partial_market_quality,missing,0,1,1
20260529_162852,tierc-rp-d606beb3d83a949cbd46,0xc9034c3e7f58003e6ae0c8438e7c8f4598d5acaa,50.00,2h,1780012481,1780019681,1780019700,50.00,54.179991,0.038695,4.142592,0.001295,4.179991,0.083600,sufficient,partial_market_quality,missing,0,0,1
20260529_162852,tierc-rp-d606beb3d83a949cbd46,0xc9034c3e7f58003e6ae0c8438e7c8f4598d5acaa,50.00,6h,1780012481,1780034081,1780034100,50.00,49.422242,0.116085,-0.692548,0.001295,-0.577758,-0.011555,sufficient,partial_market_quality,missing,0,1,1
20260529_162852,tierc-rp-57b8795afdc8fc0ddc14,0xc9034c3e7f58003e6ae0c8438e7c8f4598d5acaa,10.00,15m,1780016081,1780016981,1780017000,10.00,10.419239,0.000967,0.418323,0.000052,0.419239,0.041924,sufficient,partial_market_quality,missing,0,0,1
20260529_162852,tierc-rp-57b8795afdc8fc0ddc14,0xc9034c3e7f58003e6ae0c8438e7c8f4598d5acaa,10.00,30m,1780016081,1780017881,1780017900,10.00,10.667188,0.001935,0.665305,0.000052,0.667188,0.066719,sufficient,partial_market_quality,missing,0,0,1
20260529_162852,tierc-rp-57b8795afdc8fc0ddc14,0xc9034c3e7f58003e6ae0c8438e7c8f4598d5acaa,10.00,1h,1780016081,1780019681,1780019700,10.00,11.284960,0.003870,1.281143,0.000052,1.284960,0.128496,sufficient,partial_market_quality,missing,0,0,1
20260529_162852,tierc-rp-57b8795afdc8fc0ddc14,0xc9034c3e7f58003e6ae0c8438e7c8f4598d5acaa,10.00,2h,1780016081,1780023281,1780023300,10.00,10.828007,0.007739,0.820320,0.000052,0.828007,0.082801,sufficient,partial_market_quality,missing,0,0,1
20260529_162852,tierc-rp-57b8795afdc8fc0ddc14,0xc9034c3e7f58003e6ae0c8438e7c8f4598d5acaa,10.00,6h,1780016081,1780037681,1780037700,10.00,11.004942,0.023217,0.981777,0.000052,1.004942,0.100494,sufficient,partial_market_quality,missing,0,0,1
20260529_162852,tierc-rp-bfbc27dcf3bbc67622b3,0xc9034c3e7f58003e6ae0c8438e7c8f4598d5acaa,20.00,15m,1780016081,1780016981,1780017000,20.00,20.838374,0.001935,0.836647,0.000207,0.838374,0.041919,sufficient,partial_market_quality,missing,0,0,1
20260529_162852,tierc-rp-bfbc27dcf3bbc67622b3,0xc9034c3e7f58003e6ae0c8438e7c8f4598d5acaa,20.00,30m,1780016081,1780017881,1780017900,20.00,21.334273,0.003870,1.330611,0.000207,1.334273,0.066714,sufficient,partial_market_quality,missing,0,0,1
20260529_162852,tierc-rp-bfbc27dcf3bbc67622b3,0xc9034c3e7f58003e6ae0c8438e7c8f4598d5acaa,20.00,1h,1780016081,1780019681,1780019700,20.00,22.569817,0.007739,2.562286,0.000207,2.569817,0.128491,sufficient,partial_market_quality,missing,0,0,1
20260529_162852,tierc-rp-bfbc27dcf3bbc67622b3,0xc9034c3e7f58003e6ae0c8438e7c8f4598d5acaa,20.00,2h,1780016081,1780023281,1780023300,20.00,21.655910,0.015478,1.640639,0.000207,1.655910,0.082795,sufficient,partial_market_quality,missing,0,0,1
20260529_162852,tierc-rp-bfbc27dcf3bbc67622b3,0xc9034c3e7f58003e6ae0c8438e7c8f4598d5acaa,20.00,6h,1780016081,1780037681,1780037700,20.00,22.009780,0.046434,1.963553,0.000207,2.009780,0.100489,sufficient,partial_market_quality,missing,0,0,1
20260529_162852,tierc-rp-81448fd8778d941eb8e5,0xc9034c3e7f58003e6ae0c8438e7c8f4598d5acaa,50.00,15m,1780016081,1780016981,1780017000,50.00,52.095158,0.004837,2.091617,0.001295,2.095158,0.041903,sufficient,partial_market_quality,missing,0,0,1
20260529_162852,tierc-rp-81448fd8778d941eb8e5,0xc9034c3e7f58003e6ae0c8438e7c8f4598d5acaa,50.00,30m,1780016081,1780017881,1780017900,50.00,53.334905,0.009674,3.326527,0.001295,3.334905,0.066698,sufficient,partial_market_quality,missing,0,0,1
20260529_162852,tierc-rp-81448fd8778d941eb8e5,0xc9034c3e7f58003e6ae0c8438e7c8f4598d5acaa,50.00,1h,1780016081,1780019681,1780019700,50.00,56.423766,0.019348,6.405714,0.001295,6.423766,0.128475,sufficient,partial_market_quality,missing,0,0,1
20260529_162852,tierc-rp-81448fd8778d941eb8e5,0xc9034c3e7f58003e6ae0c8438e7c8f4598d5acaa,50.00,2h,1780016081,1780023281,1780023300,50.00,54.138997,0.038695,4.101598,0.001295,4.138997,0.082780,sufficient,partial_market_quality,missing,0,0,1
20260529_162852,tierc-rp-81448fd8778d941eb8e5,0xc9034c3e7f58003e6ae0c8438e7c8f4598d5acaa,50.00,6h,1780016081,1780037681,1780037700,50.00,55.023673,0.116085,4.908883,0.001295,5.023673,0.100473,sufficient,partial_market_quality,missing,0,0,1
20260529_162852,tierc-rp-c47057a9559beb55c2c5,0xc9034c3e7f58003e6ae0c8438e7c8f4598d5acaa,10.00,15m,1780019680,1780020580,1780020600,10.00,9.701517,0.000967,-0.299398,0.000052,-0.298483,-0.029848,sufficient,partial_market_quality,missing,0,0,1
20260529_162852,tierc-rp-c47057a9559beb55c2c5,0xc9034c3e7f58003e6ae0c8438e7c8f4598d5acaa,10.00,30m,1780019680,1780021480,1780021500,10.00,9.841395,0.001935,-0.160488,0.000052,-0.158605,-0.015861,sufficient,partial_market_quality,missing,0,0,1
20260529_162852,tierc-rp-c47057a9559beb55c2c5,0xc9034c3e7f58003e6ae0c8438e7c8f4598d5acaa,10.00,1h,1780019680,1780023280,1780023300,10.00,9.593988,0.003870,-0.409830,0.000052,-0.406012,-0.040601,sufficient,partial_market_quality,missing,0,0,1
20260529_162852,tierc-rp-c47057a9559beb55c2c5,0xc9034c3e7f58003e6ae0c8438e7c8f4598d5acaa,10.00,2h,1780019680,1780026880,1780026900,10.00,9.549375,0.007739,-0.458312,0.000052,-0.450625,-0.045062,sufficient,partial_market_quality,missing,0,1,1
20260529_162852,tierc-rp-c47057a9559beb55c2c5,0xc9034c3e7f58003e6ae0c8438e7c8f4598d5acaa,10.00,6h,1780019680,1780041280,1780041300,10.00,9.167664,0.023217,-0.855501,0.000052,-0.832336,-0.083234,sufficient,partial_market_quality,missing,1,1,1
20260529_162852,tierc-rp-fbbf1314e78468231578,0xc9034c3e7f58003e6ae0c8438e7c8f4598d5acaa,20.00,15m,1780019680,1780020580,1780020600,20.00,19.402931,0.001935,-0.598796,0.000207,-0.597069,-0.029853,sufficient,partial_market_quality,missing,0,0,1
20260529_162852,tierc-rp-fbbf1314e78468231578,0xc9034c3e7f58003e6ae0c8438e7c8f4598d5acaa,20.00,30m,1780019680,1780021480,1780021500,20.00,19.682685,0.003870,-0.320977,0.000207,-0.317315,-0.015866,sufficient,partial_market_quality,missing,0,0,1
20260529_162852,tierc-rp-fbbf1314e78468231578,0xc9034c3e7f58003e6ae0c8438e7c8f4598d5acaa,20.00,1h,1780019680,1780023280,1780023300,20.00,19.187872,0.007739,-0.819659,0.000207,-0.812128,-0.040606,sufficient,partial_market_quality,missing,0,0,1
20260529_162852,tierc-rp-fbbf1314e78468231578,0xc9034c3e7f58003e6ae0c8438e7c8f4598d5acaa,20.00,2h,1780019680,1780026880,1780026900,20.00,19.098647,0.015478,-0.916624,0.000207,-0.901353,-0.045068,sufficient,partial_market_quality,missing,0,1,1
20260529_162852,tierc-rp-fbbf1314e78468231578,0xc9034c3e7f58003e6ae0c8438e7c8f4598d5acaa,20.00,6h,1780019680,1780041280,1780041300,20.00,18.335225,0.046434,-1.711001,0.000207,-1.664775,-0.083239,sufficient,partial_market_quality,missing,1,1,1
20260529_162852,tierc-rp-c6935299f9fe7beb1c49,0xc9034c3e7f58003e6ae0c8438e7c8f4598d5acaa,50.00,15m,1780019680,1780020580,1780020600,50.00,48.506551,0.004837,-1.496991,0.001295,-1.493449,-0.029869,sufficient,partial_market_quality,missing,0,0,1
20260529_162852,tierc-rp-c6935299f9fe7beb1c49,0xc9034c3e7f58003e6ae0c8438e7c8f4598d5acaa,50.00,30m,1780019680,1780021480,1780021500,50.00,49.205936,0.009674,-0.802442,0.001295,-0.794064,-0.015881,sufficient,partial_market_quality,missing,0,0,1
20260529_162852,tierc-rp-c6935299f9fe7beb1c49,0xc9034c3e7f58003e6ae0c8438e7c8f4598d5acaa,50.00,1h,1780019680,1780023280,1780023300,50.00,47.968904,0.019348,-2.049148,0.001295,-2.031096,-0.040622,sufficient,partial_market_quality,missing,0,0,1
20260529_162852,tierc-rp-c6935299f9fe7beb1c49,0xc9034c3e7f58003e6ae0c8438e7c8f4598d5acaa,50.00,2h,1780019680,1780026880,1780026900,50.00,47.745841,0.038695,-2.291559,0.001295,-2.254159,-0.045083,sufficient,partial_market_quality,missing,0,1,1
20260529_162852,tierc-rp-c6935299f9fe7beb1c49,0xc9034c3e7f58003e6ae0c8438e7c8f4598d5acaa,50.00,6h,1780019680,1780041280,1780041300,50.00,45.837286,0.116085,-4.277504,0.001295,-4.162714,-0.083254,sufficient,partial_market_quality,missing,1,1,1
20260529_162852,tierc-rp-08cfcc6223ef15aaca55,0xc9034c3e7f58003e6ae0c8438e7c8f4598d5acaa,10.00,15m,1780023340,1780024240,1780024500,10.00,10.001122,0.000967,0.000206,0.000052,0.001122,0.000112,sufficient,partial_market_quality,missing,0,1,1
20260529_162852,tierc-rp-08cfcc6223ef15aaca55,0xc9034c3e7f58003e6ae0c8438e7c8f4598d5acaa,10.00,30m,1780023340,1780025140,1780025400,10.00,9.839399,0.001935,-0.162484,0.000052,-0.160601,-0.016060,sufficient,partial_market_quality,missing,0,0,1
20260529_162852,tierc-rp-08cfcc6223ef15aaca55,0xc9034c3e7f58003e6ae0c8438e7c8f4598d5acaa,10.00,1h,1780023340,1780026940,1780027200,10.00,9.950427,0.003870,-0.053390,0.000052,-0.049573,-0.004957,sufficient,partial_market_quality,missing,0,1,1
20260529_162852,tierc-rp-08cfcc6223ef15aaca55,0xc9034c3e7f58003e6ae0c8438e7c8f4598d5acaa,10.00,2h,1780023340,1780030540,1780030800,10.00,9.852145,0.007739,-0.155542,0.000052,-0.147855,-0.014786,sufficient,partial_market_quality,missing,0,1,1
20260529_162852,tierc-rp-08cfcc6223ef15aaca55,0xc9034c3e7f58003e6ae0c8438e7c8f4598d5acaa,10.00,6h,1780023340,1780044940,,10.00,missing,0.023217,missing,0.000052,missing,missing,unknown,missing_exit_data,missing_exit_candle,0,0,1
20260529_162852,tierc-rp-0a8e752de0c703c8b6e6,0xc9034c3e7f58003e6ae0c8438e7c8f4598d5acaa,20.00,15m,1780023340,1780024240,1780024500,20.00,20.002140,0.001935,0.000413,0.000207,0.002140,0.000107,sufficient,partial_market_quality,missing,0,1,1
20260529_162852,tierc-rp-0a8e752de0c703c8b6e6,0xc9034c3e7f58003e6ae0c8438e7c8f4598d5acaa,20.00,30m,1780023340,1780025140,1780025400,20.00,19.678694,0.003870,-0.324968,0.000207,-0.321306,-0.016065,sufficient,partial_market_quality,missing,0,0,1
20260529_162852,tierc-rp-0a8e752de0c703c8b6e6,0xc9034c3e7f58003e6ae0c8438e7c8f4598d5acaa,20.00,1h,1780023340,1780026940,1780027200,20.00,19.900751,0.007739,-0.106780,0.000207,-0.099249,-0.004962,sufficient,partial_market_quality,missing,0,1,1
20260529_162852,tierc-rp-0a8e752de0c703c8b6e6,0xc9034c3e7f58003e6ae0c8438e7c8f4598d5acaa,20.00,2h,1780023340,1780030540,1780030800,20.00,19.704186,0.015478,-0.311085,0.000207,-0.295814,-0.014791,sufficient,partial_market_quality,missing,0,1,1
20260529_162852,tierc-rp-0a8e752de0c703c8b6e6,0xc9034c3e7f58003e6ae0c8438e7c8f4598d5acaa,20.00,6h,1780023340,1780044940,,20.00,missing,0.046434,missing,0.000207,missing,missing,unknown,missing_exit_data,missing_exit_candle,0,0,1
20260529_162852,tierc-rp-6d4c410b7cde541266b2,0xc9034c3e7f58003e6ae0c8438e7c8f4598d5acaa,50.00,15m,1780023340,1780024240,1780024500,50.00,50.004573,0.004837,0.001031,0.001295,0.004573,0.000091,sufficient,partial_market_quality,missing,0,1,1
20260529_162852,tierc-rp-6d4c410b7cde541266b2,0xc9034c3e7f58003e6ae0c8438e7c8f4598d5acaa,50.00,30m,1780023340,1780025140,1780025400,50.00,49.195958,0.009674,-0.812420,0.001295,-0.804042,-0.016081,sufficient,partial_market_quality,missing,0,0,1
20260529_162852,tierc-rp-6d4c410b7cde541266b2,0xc9034c3e7f58003e6ae0c8438e7c8f4598d5acaa,50.00,1h,1780023340,1780026940,1780027200,50.00,49.751101,0.019348,-0.266951,0.001295,-0.248899,-0.004978,sufficient,partial_market_quality,missing,0,1,1
20260529_162852,tierc-rp-6d4c410b7cde541266b2,0xc9034c3e7f58003e6ae0c8438e7c8f4598d5acaa,50.00,2h,1780023340,1780030540,1780030800,50.00,49.259687,0.038695,-0.777712,0.001295,-0.740313,-0.014806,sufficient,partial_market_quality,missing,0,1,1
20260529_162852,tierc-rp-6d4c410b7cde541266b2,0xc9034c3e7f58003e6ae0c8438e7c8f4598d5acaa,50.00,6h,1780023340,1780044940,,50.00,missing,0.116085,missing,0.001295,missing,missing,unknown,missing_exit_data,missing_exit_candle,0,0,1
20260529_162852,tierc-rp-ac85794ce0801e0a8af3,0xc9034c3e7f58003e6ae0c8438e7c8f4598d5acaa,10.00,15m,1780026821,1780027721,1780027800,10.00,10.172814,0.000967,0.171899,0.000052,0.172814,0.017281,sufficient,partial_market_quality,missing,0,0,1
20260529_162852,tierc-rp-ac85794ce0801e0a8af3,0xc9034c3e7f58003e6ae0c8438e7c8f4598d5acaa,10.00,30m,1780026821,1780028621,1780028700,10.00,9.963430,0.001935,-0.038453,0.000052,-0.036570,-0.003657,sufficient,partial_market_quality,missing,0,0,1
20260529_162852,tierc-rp-ac85794ce0801e0a8af3,0xc9034c3e7f58003e6ae0c8438e7c8f4598d5acaa,10.00,1h,1780026821,1780030421,1780030500,10.00,9.788587,0.003870,-0.215231,0.000052,-0.211413,-0.021141,sufficient,partial_market_quality,missing,0,0,1
20260529_162852,tierc-rp-ac85794ce0801e0a8af3,0xc9034c3e7f58003e6ae0c8438e7c8f4598d5acaa,10.00,2h,1780026821,1780034021,1780034100,10.00,9.506097,0.007739,-0.501590,0.000052,-0.493903,-0.049390,sufficient,partial_market_quality,missing,1,0,1
20260529_162852,tierc-rp-ac85794ce0801e0a8af3,0xc9034c3e7f58003e6ae0c8438e7c8f4598d5acaa,10.00,6h,1780026821,1780048421,,10.00,missing,0.023217,missing,0.000052,missing,missing,unknown,missing_exit_data,missing_exit_candle,0,0,1
20260529_162852,tierc-rp-1d802a27abf94935fe17,0xc9034c3e7f58003e6ae0c8438e7c8f4598d5acaa,20.00,15m,1780026821,1780027721,1780027800,20.00,20.345525,0.001935,0.343798,0.000207,0.345525,0.017276,sufficient,partial_market_quality,missing,0,0,1
20260529_162852,tierc-rp-1d802a27abf94935fe17,0xc9034c3e7f58003e6ae0c8438e7c8f4598d5acaa,20.00,30m,1780026821,1780028621,1780028700,20.00,19.926756,0.003870,-0.076906,0.000207,-0.073244,-0.003662,sufficient,partial_market_quality,missing,0,0,1
20260529_162852,tierc-rp-1d802a27abf94935fe17,0xc9034c3e7f58003e6ae0c8438e7c8f4598d5acaa,20.00,1h,1780026821,1780030421,1780030500,20.00,19.577070,0.007739,-0.430462,0.000207,-0.422930,-0.021147,sufficient,partial_market_quality,missing,0,0,1
20260529_162852,tierc-rp-1d802a27abf94935fe17,0xc9034c3e7f58003e6ae0c8438e7c8f4598d5acaa,20.00,2h,1780026821,1780034021,1780034100,20.00,19.012090,0.015478,-1.003180,0.000207,-0.987910,-0.049395,sufficient,partial_market_quality,missing,1,0,1
20260529_162852,tierc-rp-1d802a27abf94935fe17,0xc9034c3e7f58003e6ae0c8438e7c8f4598d5acaa,20.00,6h,1780026821,1780048421,,20.00,missing,0.046434,missing,0.000207,missing,missing,unknown,missing_exit_data,missing_exit_candle,0,0,1
20260529_162852,tierc-rp-45f8732070ccf9d831bf,0xc9034c3e7f58003e6ae0c8438e7c8f4598d5acaa,50.00,15m,1780026821,1780027721,1780027800,50.00,50.863036,0.004837,0.859495,0.001295,0.863036,0.017261,sufficient,partial_market_quality,missing,0,0,1
20260529_162852,tierc-rp-45f8732070ccf9d831bf,0xc9034c3e7f58003e6ae0c8438e7c8f4598d5acaa,50.00,30m,1780026821,1780028621,1780028700,50.00,49.816112,0.009674,-0.192266,0.001295,-0.183888,-0.003678,sufficient,partial_market_quality,missing,0,0,1
20260529_162852,tierc-rp-45f8732070ccf9d831bf,0xc9034c3e7f58003e6ae0c8438e7c8f4598d5acaa,50.00,1h,1780026821,1780030421,1780030500,50.00,48.941897,0.019348,-1.076156,0.001295,-1.058103,-0.021162,sufficient,partial_market_quality,missing,0,0,1
20260529_162852,tierc-rp-45f8732070ccf9d831bf,0xc9034c3e7f58003e6ae0c8438e7c8f4598d5acaa,50.00,2h,1780026821,1780034021,1780034100,50.00,47.529449,0.038695,-2.507951,0.001295,-2.470551,-0.049411,sufficient,partial_market_quality,missing,1,0,1
20260529_162852,tierc-rp-45f8732070ccf9d831bf,0xc9034c3e7f58003e6ae0c8438e7c8f4598d5acaa,50.00,6h,1780026821,1780048421,,50.00,missing,0.116085,missing,0.001295,missing,missing,unknown,missing_exit_data,missing_exit_candle,0,0,1
20260529_162852,tierc-rp-55734548f550961fc68c,0xc9034c3e7f58003e6ae0c8438e7c8f4598d5acaa,10.00,15m,1780030480,1780031380,1780031400,10.00,10.032984,0.000967,0.032069,0.000052,0.032984,0.003298,sufficient,partial_market_quality,missing,0,0,1
20260529_162852,tierc-rp-55734548f550961fc68c,0xc9034c3e7f58003e6ae0c8438e7c8f4598d5acaa,10.00,30m,1780030480,1780032280,1780032300,10.00,9.842349,0.001935,-0.159534,0.000052,-0.157651,-0.015765,sufficient,partial_market_quality,missing,0,0,1
20260529_162852,tierc-rp-55734548f550961fc68c,0xc9034c3e7f58003e6ae0c8438e7c8f4598d5acaa,10.00,1h,1780030480,1780034080,1780034100,10.00,9.727955,0.003870,-0.275862,0.000052,-0.272045,-0.027204,sufficient,partial_market_quality,missing,0,0,1
20260529_162852,tierc-rp-55734548f550961fc68c,0xc9034c3e7f58003e6ae0c8438e7c8f4598d5acaa,10.00,2h,1780030480,1780037680,1780037700,10.00,10.402031,0.007739,0.394344,0.000052,0.402031,0.040203,sufficient,partial_market_quality,missing,0,0,1
20260529_162852,tierc-rp-55734548f550961fc68c,0xc9034c3e7f58003e6ae0c8438e7c8f4598d5acaa,10.00,6h,1780030480,1780052080,,10.00,missing,0.023217,missing,0.000052,missing,missing,unknown,missing_exit_data,missing_exit_candle,0,0,1
20260529_162852,tierc-rp-b0bde967432dc7704aba,0xc9034c3e7f58003e6ae0c8438e7c8f4598d5acaa,20.00,15m,1780030480,1780031380,1780031400,20.00,20.065865,0.001935,0.064138,0.000207,0.065865,0.003293,sufficient,partial_market_quality,missing,0,0,1
20260529_162852,tierc-rp-b0bde967432dc7704aba,0xc9034c3e7f58003e6ae0c8438e7c8f4598d5acaa,20.00,30m,1780030480,1780032280,1780032300,20.00,19.684594,0.003870,-0.319068,0.000207,-0.315406,-0.015770,sufficient,partial_market_quality,missing,0,0,1
20260529_162852,tierc-rp-b0bde967432dc7704aba,0xc9034c3e7f58003e6ae0c8438e7c8f4598d5acaa,20.00,1h,1780030480,1780034080,1780034100,20.00,19.455807,0.007739,-0.551724,0.000207,-0.544193,-0.027210,sufficient,partial_market_quality,missing,0,0,1
20260529_162852,tierc-rp-b0bde967432dc7704aba,0xc9034c3e7f58003e6ae0c8438e7c8f4598d5acaa,20.00,2h,1780030480,1780037680,1780037700,20.00,20.803959,0.015478,0.788688,0.000207,0.803959,0.040198,sufficient,partial_market_quality,missing,0,0,1
20260529_162852,tierc-rp-b0bde967432dc7704aba,0xc9034c3e7f58003e6ae0c8438e7c8f4598d5acaa,20.00,6h,1780030480,1780052080,,20.00,missing,0.046434,missing,0.000207,missing,missing,unknown,missing_exit_data,missing_exit_candle,0,0,1
20260529_162852,tierc-rp-e91c4d87e5adb43a4bad,0xc9034c3e7f58003e6ae0c8438e7c8f4598d5acaa,50.00,15m,1780030480,1780031380,1780031400,50.00,50.163886,0.004837,0.160344,0.001295,0.163886,0.003278,sufficient,partial_market_quality,missing,0,0,1
20260529_162852,tierc-rp-e91c4d87e5adb43a4bad,0xc9034c3e7f58003e6ae0c8438e7c8f4598d5acaa,50.00,30m,1780030480,1780032280,1780032300,50.00,49.210707,0.009674,-0.797671,0.001295,-0.789293,-0.015786,sufficient,partial_market_quality,missing,0,0,1
20260529_162852,tierc-rp-e91c4d87e5adb43a4bad,0xc9034c3e7f58003e6ae0c8438e7c8f4598d5acaa,50.00,1h,1780030480,1780034080,1780034100,50.00,48.638741,0.019348,-1.379311,0.001295,-1.361259,-0.027225,sufficient,partial_market_quality,missing,0,0,1
20260529_162852,tierc-rp-e91c4d87e5adb43a4bad,0xc9034c3e7f58003e6ae0c8438e7c8f4598d5acaa,50.00,2h,1780030480,1780037680,1780037700,50.00,52.009121,0.038695,1.971721,0.001295,2.009121,0.040182,sufficient,partial_market_quality,missing,0,0,1
20260529_162852,tierc-rp-e91c4d87e5adb43a4bad,0xc9034c3e7f58003e6ae0c8438e7c8f4598d5acaa,50.00,6h,1780030480,1780052080,,50.00,missing,0.116085,missing,0.001295,missing,missing,unknown,missing_exit_data,missing_exit_candle,0,0,1
20260529_162852,tierc-rp-1d698640f58f1c0649af,0xc9034c3e7f58003e6ae0c8438e7c8f4598d5acaa,10.00,15m,1780034260,1780035160,1780035300,10.00,9.931049,0.000967,-0.069867,0.000052,-0.068951,-0.006895,sufficient,partial_market_quality,missing,0,0,1
20260529_162852,tierc-rp-1d698640f58f1c0649af,0xc9034c3e7f58003e6ae0c8438e7c8f4598d5acaa,10.00,30m,1780034260,1780036060,1780036200,10.00,9.927105,0.001935,-0.074778,0.000052,-0.072895,-0.007290,sufficient,partial_market_quality,missing,0,0,1
20260529_162852,tierc-rp-1d698640f58f1c0649af,0xc9034c3e7f58003e6ae0c8438e7c8f4598d5acaa,10.00,1h,1780034260,1780037860,1780038000,10.00,10.303986,0.003870,0.300169,0.000052,0.303986,0.030399,sufficient,partial_market_quality,missing,0,0,1
20260529_162852,tierc-rp-1d698640f58f1c0649af,0xc9034c3e7f58003e6ae0c8438e7c8f4598d5acaa,10.00,2h,1780034260,1780041460,1780041600,10.00,10.038484,0.007739,0.030797,0.000052,0.038484,0.003848,sufficient,partial_market_quality,missing,0,0,1
20260529_162852,tierc-rp-1d698640f58f1c0649af,0xc9034c3e7f58003e6ae0c8438e7c8f4598d5acaa,10.00,6h,1780034260,1780055860,,10.00,missing,0.023217,missing,0.000052,missing,missing,unknown,missing_exit_data,missing_exit_candle,0,0,1
20260529_162852,tierc-rp-b6b32d53b650465a7b73,0xc9034c3e7f58003e6ae0c8438e7c8f4598d5acaa,20.00,15m,1780034260,1780035160,1780035300,20.00,19.861994,0.001935,-0.139734,0.000207,-0.138006,-0.006900,sufficient,partial_market_quality,missing,0,0,1
20260529_162852,tierc-rp-b6b32d53b650465a7b73,0xc9034c3e7f58003e6ae0c8438e7c8f4598d5acaa,20.00,30m,1780034260,1780036060,1780036200,20.00,19.854106,0.003870,-0.149556,0.000207,-0.145894,-0.007295,sufficient,partial_market_quality,missing,0,0,1
20260529_162852,tierc-rp-b6b32d53b650465a7b73,0xc9034c3e7f58003e6ae0c8438e7c8f4598d5acaa,20.00,1h,1780034260,1780037860,1780038000,20.00,20.607869,0.007739,0.600337,0.000207,0.607869,0.030393,sufficient,partial_market_quality,missing,0,0,1
20260529_162852,tierc-rp-b6b32d53b650465a7b73,0xc9034c3e7f58003e6ae0c8438e7c8f4598d5acaa,20.00,2h,1780034260,1780041460,1780041600,20.00,20.076865,0.015478,0.061594,0.000207,0.076865,0.003843,sufficient,partial_market_quality,missing,0,0,1
20260529_162852,tierc-rp-b6b32d53b650465a7b73,0xc9034c3e7f58003e6ae0c8438e7c8f4598d5acaa,20.00,6h,1780034260,1780055860,,20.00,missing,0.046434,missing,0.000207,missing,missing,unknown,missing_exit_data,missing_exit_candle,0,0,1
20260529_162852,tierc-rp-425ba90692b0a305cbb1,0xc9034c3e7f58003e6ae0c8438e7c8f4598d5acaa,50.00,15m,1780034260,1780035160,1780035300,50.00,49.654207,0.004837,-0.349334,0.001295,-0.345793,-0.006916,sufficient,partial_market_quality,missing,0,0,1
20260529_162852,tierc-rp-425ba90692b0a305cbb1,0xc9034c3e7f58003e6ae0c8438e7c8f4598d5acaa,50.00,30m,1780034260,1780036060,1780036200,50.00,49.634488,0.009674,-0.373890,0.001295,-0.365512,-0.007310,sufficient,partial_market_quality,missing,0,0,1
20260529_162852,tierc-rp-425ba90692b0a305cbb1,0xc9034c3e7f58003e6ae0c8438e7c8f4598d5acaa,50.00,1h,1780034260,1780037860,1780038000,50.00,51.518896,0.019348,1.500843,0.001295,1.518896,0.030378,sufficient,partial_market_quality,missing,0,0,1
20260529_162852,tierc-rp-425ba90692b0a305cbb1,0xc9034c3e7f58003e6ae0c8438e7c8f4598d5acaa,50.00,2h,1780034260,1780041460,1780041600,50.00,50.191384,0.038695,0.153985,0.001295,0.191384,0.003828,sufficient,partial_market_quality,missing,0,0,1
20260529_162852,tierc-rp-425ba90692b0a305cbb1,0xc9034c3e7f58003e6ae0c8438e7c8f4598d5acaa,50.00,6h,1780034260,1780055860,,50.00,missing,0.116085,missing,0.001295,missing,missing,unknown,missing_exit_data,missing_exit_candle,0,0,1
20260529_162852,tierc-rp-9898e4673c112aede0a5,0xc9034c3e7f58003e6ae0c8438e7c8f4598d5acaa,10.00,15m,1780036480,1780037380,1780037400,10.00,10.992483,0.000967,0.991567,0.000052,0.992483,0.099248,sufficient,partial_market_quality,missing,0,0,1
20260529_162852,tierc-rp-9898e4673c112aede0a5,0xc9034c3e7f58003e6ae0c8438e7c8f4598d5acaa,10.00,30m,1780036480,1780038280,1780038300,10.00,10.293458,0.001935,0.291575,0.000052,0.293458,0.029346,sufficient,partial_market_quality,missing,0,0,1
20260529_162852,tierc-rp-9898e4673c112aede0a5,0xc9034c3e7f58003e6ae0c8438e7c8f4598d5acaa,10.00,1h,1780036480,1780040080,1780040100,10.00,10.106757,0.003870,0.102940,0.000052,0.106757,0.010676,sufficient,partial_market_quality,missing,0,1,1
20260529_162852,tierc-rp-9898e4673c112aede0a5,0xc9034c3e7f58003e6ae0c8438e7c8f4598d5acaa,10.00,2h,1780036480,1780043680,,10.00,missing,0.007739,missing,0.000052,missing,missing,unknown,missing_exit_data,missing_exit_candle,0,0,1
20260529_162852,tierc-rp-9898e4673c112aede0a5,0xc9034c3e7f58003e6ae0c8438e7c8f4598d5acaa,10.00,6h,1780036480,1780058080,,10.00,missing,0.023217,missing,0.000052,missing,missing,unknown,missing_exit_data,missing_exit_candle,0,0,1
20260529_162852,tierc-rp-31c49379fb34a5ad9f41,0xc9034c3e7f58003e6ae0c8438e7c8f4598d5acaa,20.00,15m,1780036480,1780037380,1780037400,20.00,21.984861,0.001935,1.983134,0.000207,1.984861,0.099243,sufficient,partial_market_quality,missing,0,0,1
20260529_162852,tierc-rp-31c49379fb34a5ad9f41,0xc9034c3e7f58003e6ae0c8438e7c8f4598d5acaa,20.00,30m,1780036480,1780038280,1780038300,20.00,20.586813,0.003870,0.583151,0.000207,0.586813,0.029341,sufficient,partial_market_quality,missing,0,0,1
20260529_162852,tierc-rp-31c49379fb34a5ad9f41,0xc9034c3e7f58003e6ae0c8438e7c8f4598d5acaa,20.00,1h,1780036480,1780040080,1780040100,20.00,20.213411,0.007739,0.205879,0.000207,0.213411,0.010671,sufficient,partial_market_quality,missing,0,1,1
20260529_162852,tierc-rp-31c49379fb34a5ad9f41,0xc9034c3e7f58003e6ae0c8438e7c8f4598d5acaa,20.00,2h,1780036480,1780043680,,20.00,missing,0.015478,missing,0.000207,missing,missing,unknown,missing_exit_data,missing_exit_candle,0,0,1
20260529_162852,tierc-rp-31c49379fb34a5ad9f41,0xc9034c3e7f58003e6ae0c8438e7c8f4598d5acaa,20.00,6h,1780036480,1780058080,,20.00,missing,0.046434,missing,0.000207,missing,missing,unknown,missing_exit_data,missing_exit_candle,0,0,1
20260529_162852,tierc-rp-10b56d2b5ecb42af517b,0xc9034c3e7f58003e6ae0c8438e7c8f4598d5acaa,50.00,15m,1780036480,1780037380,1780037400,50.00,54.961376,0.004837,4.957835,0.001295,4.961376,0.099228,sufficient,partial_market_quality,missing,0,0,1
20260529_162852,tierc-rp-10b56d2b5ecb42af517b,0xc9034c3e7f58003e6ae0c8438e7c8f4598d5acaa,50.00,30m,1780036480,1780038280,1780038300,50.00,51.466255,0.009674,1.457877,0.001295,1.466255,0.029325,sufficient,partial_market_quality,missing,0,0,1
20260529_162852,tierc-rp-10b56d2b5ecb42af517b,0xc9034c3e7f58003e6ae0c8438e7c8f4598d5acaa,50.00,1h,1780036480,1780040080,1780040100,50.00,50.532750,0.019348,0.514698,0.001295,0.532750,0.010655,sufficient,partial_market_quality,missing,0,1,1
20260529_162852,tierc-rp-10b56d2b5ecb42af517b,0xc9034c3e7f58003e6ae0c8438e7c8f4598d5acaa,50.00,2h,1780036480,1780043680,,50.00,missing,0.038695,missing,0.001295,missing,missing,unknown,missing_exit_data,missing_exit_candle,0,0,1
20260529_162852,tierc-rp-10b56d2b5ecb42af517b,0xc9034c3e7f58003e6ae0c8438e7c8f4598d5acaa,50.00,6h,1780036480,1780058080,,50.00,missing,0.116085,missing,0.001295,missing,missing,unknown,missing_exit_data,missing_exit_candle,0,0,1
20260529_162852,tierc-rp-e87178e765eceb2d0b85,0xc9034c3e7f58003e6ae0c8438e7c8f4598d5acaa,10.00,15m,1780038040,1780038940,1780039200,10.00,9.700795,0.000967,-0.300121,0.000052,-0.299205,-0.029921,sufficient,partial_market_quality,missing,0,1,1
20260529_162852,tierc-rp-e87178e765eceb2d0b85,0xc9034c3e7f58003e6ae0c8438e7c8f4598d5acaa,10.00,30m,1780038040,1780039840,1780040100,10.00,9.737055,0.001935,-0.264828,0.000052,-0.262945,-0.026294,sufficient,partial_market_quality,missing,0,1,1
20260529_162852,tierc-rp-e87178e765eceb2d0b85,0xc9034c3e7f58003e6ae0c8438e7c8f4598d5acaa,10.00,1h,1780038040,1780041640,1780041900,10.00,9.823139,0.003870,-0.180679,0.000052,-0.176861,-0.017686,sufficient,partial_market_quality,missing,0,1,1
20260529_162852,tierc-rp-e87178e765eceb2d0b85,0xc9034c3e7f58003e6ae0c8438e7c8f4598d5acaa,10.00,2h,1780038040,1780045240,,10.00,missing,0.007739,missing,0.000052,missing,missing,unknown,missing_exit_data,missing_exit_candle,0,0,1
20260529_162852,tierc-rp-e87178e765eceb2d0b85,0xc9034c3e7f58003e6ae0c8438e7c8f4598d5acaa,10.00,6h,1780038040,1780059640,,10.00,missing,0.023217,missing,0.000052,missing,missing,unknown,missing_exit_data,missing_exit_candle,0,0,1
20260529_162852,tierc-rp-9f596c51bb628bdd80be,0xc9034c3e7f58003e6ae0c8438e7c8f4598d5acaa,20.00,15m,1780038040,1780038940,1780039200,20.00,19.401485,0.001935,-0.600242,0.000207,-0.598515,-0.029926,sufficient,partial_market_quality,missing,0,1,1
20260529_162852,tierc-rp-9f596c51bb628bdd80be,0xc9034c3e7f58003e6ae0c8438e7c8f4598d5acaa,20.00,30m,1780038040,1780039840,1780040100,20.00,19.474007,0.003870,-0.529655,0.000207,-0.525993,-0.026300,sufficient,partial_market_quality,missing,0,1,1
20260529_162852,tierc-rp-9f596c51bb628bdd80be,0xc9034c3e7f58003e6ae0c8438e7c8f4598d5acaa,20.00,1h,1780038040,1780041640,1780041900,20.00,19.646175,0.007739,-0.361357,0.000207,-0.353825,-0.017691,sufficient,partial_market_quality,missing,0,1,1
20260529_162852,tierc-rp-9f596c51bb628bdd80be,0xc9034c3e7f58003e6ae0c8438e7c8f4598d5acaa,20.00,2h,1780038040,1780045240,,20.00,missing,0.015478,missing,0.000207,missing,missing,unknown,missing_exit_data,missing_exit_candle,0,0,1
20260529_162852,tierc-rp-9f596c51bb628bdd80be,0xc9034c3e7f58003e6ae0c8438e7c8f4598d5acaa,20.00,6h,1780038040,1780059640,,20.00,missing,0.046434,missing,0.000207,missing,missing,unknown,missing_exit_data,missing_exit_candle,0,0,1
20260529_162852,tierc-rp-d80eb41db42877e8feef,0xc9034c3e7f58003e6ae0c8438e7c8f4598d5acaa,50.00,15m,1780038040,1780038940,1780039200,50.00,48.502936,0.004837,-1.500605,0.001295,-1.497064,-0.029941,sufficient,partial_market_quality,missing,0,1,1
20260529_162852,tierc-rp-d80eb41db42877e8feef,0xc9034c3e7f58003e6ae0c8438e7c8f4598d5acaa,50.00,30m,1780038040,1780039840,1780040100,50.00,48.684240,0.009674,-1.324138,0.001295,-1.315760,-0.026315,sufficient,partial_market_quality,missing,0,1,1
20260529_162852,tierc-rp-d80eb41db42877e8feef,0xc9034c3e7f58003e6ae0c8438e7c8f4598d5acaa,50.00,1h,1780038040,1780041640,1780041900,50.00,49.114659,0.019348,-0.903393,0.001295,-0.885341,-0.017707,sufficient,partial_market_quality,missing,0,1,1
20260529_162852,tierc-rp-d80eb41db42877e8feef,0xc9034c3e7f58003e6ae0c8438e7c8f4598d5acaa,50.00,2h,1780038040,1780045240,,50.00,missing,0.038695,missing,0.001295,missing,missing,unknown,missing_exit_data,missing_exit_candle,0,0,1
20260529_162852,tierc-rp-d80eb41db42877e8feef,0xc9034c3e7f58003e6ae0c8438e7c8f4598d5acaa,50.00,6h,1780038040,1780059640,,50.00,missing,0.116085,missing,0.001295,missing,missing,unknown,missing_exit_data,missing_exit_candle,0,0,1
20260529_162852,tierc-rp-2a87185e1544defd5d82,0xc9034c3e7f58003e6ae0c8438e7c8f4598d5acaa,10.00,15m,1780041640,1780042540,1780042800,10.00,9.931885,0.000967,-0.069031,0.000052,-0.068115,-0.006812,sufficient,partial_market_quality,missing,0,1,1
20260529_162852,tierc-rp-2a87185e1544defd5d82,0xc9034c3e7f58003e6ae0c8438e7c8f4598d5acaa,10.00,30m,1780041640,1780043440,,10.00,missing,0.001935,missing,0.000052,missing,missing,unknown,missing_exit_data,missing_exit_candle,0,0,1
20260529_162852,tierc-rp-2a87185e1544defd5d82,0xc9034c3e7f58003e6ae0c8438e7c8f4598d5acaa,10.00,1h,1780041640,1780045240,,10.00,missing,0.003870,missing,0.000052,missing,missing,unknown,missing_exit_data,missing_exit_candle,0,0,1
20260529_162852,tierc-rp-2a87185e1544defd5d82,0xc9034c3e7f58003e6ae0c8438e7c8f4598d5acaa,10.00,2h,1780041640,1780048840,,10.00,missing,0.007739,missing,0.000052,missing,missing,unknown,missing_exit_data,missing_exit_candle,0,0,1
20260529_162852,tierc-rp-2a87185e1544defd5d82,0xc9034c3e7f58003e6ae0c8438e7c8f4598d5acaa,10.00,6h,1780041640,1780063240,,10.00,missing,0.023217,missing,0.000052,missing,missing,unknown,missing_exit_data,missing_exit_candle,0,0,1
20260529_162852,tierc-rp-b8be55c0839c81b0a4ca,0xc9034c3e7f58003e6ae0c8438e7c8f4598d5acaa,20.00,15m,1780041640,1780042540,1780042800,20.00,19.863666,0.001935,-0.138062,0.000207,-0.136334,-0.006817,sufficient,partial_market_quality,missing,0,1,1
20260529_162852,tierc-rp-b8be55c0839c81b0a4ca,0xc9034c3e7f58003e6ae0c8438e7c8f4598d5acaa,20.00,30m,1780041640,1780043440,,20.00,missing,0.003870,missing,0.000207,missing,missing,unknown,missing_exit_data,missing_exit_candle,0,0,1
20260529_162852,tierc-rp-b8be55c0839c81b0a4ca,0xc9034c3e7f58003e6ae0c8438e7c8f4598d5acaa,20.00,1h,1780041640,1780045240,,20.00,missing,0.007739,missing,0.000207,missing,missing,unknown,missing_exit_data,missing_exit_candle,0,0,1
20260529_162852,tierc-rp-b8be55c0839c81b0a4ca,0xc9034c3e7f58003e6ae0c8438e7c8f4598d5acaa,20.00,2h,1780041640,1780048840,,20.00,missing,0.015478,missing,0.000207,missing,missing,unknown,missing_exit_data,missing_exit_candle,0,0,1
20260529_162852,tierc-rp-b8be55c0839c81b0a4ca,0xc9034c3e7f58003e6ae0c8438e7c8f4598d5acaa,20.00,6h,1780041640,1780063240,,20.00,missing,0.046434,missing,0.000207,missing,missing,unknown,missing_exit_data,missing_exit_candle,0,0,1
20260529_162852,tierc-rp-88547661a4d8fd198732,0xc9034c3e7f58003e6ae0c8438e7c8f4598d5acaa,50.00,15m,1780041640,1780042540,1780042800,50.00,49.658387,0.004837,-0.345154,0.001295,-0.341613,-0.006832,sufficient,partial_market_quality,missing,0,1,1
20260529_162852,tierc-rp-88547661a4d8fd198732,0xc9034c3e7f58003e6ae0c8438e7c8f4598d5acaa,50.00,30m,1780041640,1780043440,,50.00,missing,0.009674,missing,0.001295,missing,missing,unknown,missing_exit_data,missing_exit_candle,0,0,1
20260529_162852,tierc-rp-88547661a4d8fd198732,0xc9034c3e7f58003e6ae0c8438e7c8f4598d5acaa,50.00,1h,1780041640,1780045240,,50.00,missing,0.019348,missing,0.001295,missing,missing,unknown,missing_exit_data,missing_exit_candle,0,0,1
20260529_162852,tierc-rp-88547661a4d8fd198732,0xc9034c3e7f58003e6ae0c8438e7c8f4598d5acaa,50.00,2h,1780041640,1780048840,,50.00,missing,0.038695,missing,0.001295,missing,missing,unknown,missing_exit_data,missing_exit_candle,0,0,1
20260529_162852,tierc-rp-88547661a4d8fd198732,0xc9034c3e7f58003e6ae0c8438e7c8f4598d5acaa,50.00,6h,1780041640,1780063240,,50.00,missing,0.116085,missing,0.001295,missing,missing,unknown,missing_exit_data,missing_exit_candle,0,0,1
20260529_162852,tierc-rp-29b1a237681375f81825,0xe47f7dba68a00dc1a6f11458bcdfca810e1cfebf,10.00,15m,1779980381,1779981281,1779981300,10.00,10.203311,0.004729,0.200284,0.001703,0.203311,0.020331,sufficient,partial_market_quality,missing,0,0,1
20260529_162852,tierc-rp-29b1a237681375f81825,0xe47f7dba68a00dc1a6f11458bcdfca810e1cfebf,10.00,30m,1779980381,1779982181,1779982200,10.00,9.951240,0.009458,-0.056515,0.001703,-0.048760,-0.004876,sufficient,partial_market_quality,missing,0,1,1
20260529_162852,tierc-rp-29b1a237681375f81825,0xe47f7dba68a00dc1a6f11458bcdfca810e1cfebf,10.00,1h,1779980381,1779983981,1779984000,10.00,11.380492,0.018916,1.363279,0.001703,1.380492,0.138049,sufficient,partial_market_quality,missing,0,0,1
20260529_162852,tierc-rp-29b1a237681375f81825,0xe47f7dba68a00dc1a6f11458bcdfca810e1cfebf,10.00,2h,1779980381,1779987581,1779987600,10.00,11.613254,0.037832,1.577125,0.001703,1.613254,0.161325,sufficient,partial_market_quality,missing,0,0,1
20260529_162852,tierc-rp-29b1a237681375f81825,0xe47f7dba68a00dc1a6f11458bcdfca810e1cfebf,10.00,6h,1779980381,1780001981,1780002000,10.00,11.829053,0.113496,1.717259,0.001703,1.829053,0.182905,sufficient,partial_market_quality,missing,0,1,1
20260529_162852,tierc-rp-03f8928f251a25ade52f,0xe47f7dba68a00dc1a6f11458bcdfca810e1cfebf,20.00,15m,1779980381,1779981281,1779981300,20.00,20.403215,0.009458,0.400569,0.006812,0.403215,0.020161,sufficient,partial_market_quality,missing,0,0,1
20260529_162852,tierc-rp-03f8928f251a25ade52f,0xe47f7dba68a00dc1a6f11458bcdfca810e1cfebf,20.00,30m,1779980381,1779982181,1779982200,20.00,19.899075,0.018916,-0.113030,0.006812,-0.100925,-0.005046,sufficient,partial_market_quality,missing,0,1,1
20260529_162852,tierc-rp-03f8928f251a25ade52f,0xe47f7dba68a00dc1a6f11458bcdfca810e1cfebf,20.00,1h,1779980381,1779983981,1779984000,20.00,22.757578,0.037832,2.726557,0.006812,2.757578,0.137879,sufficient,partial_market_quality,missing,0,0,1
20260529_162852,tierc-rp-03f8928f251a25ade52f,0xe47f7dba68a00dc1a6f11458bcdfca810e1cfebf,20.00,2h,1779980381,1779987581,1779987600,20.00,23.223103,0.075664,3.154250,0.006812,3.223103,0.161155,sufficient,partial_market_quality,missing,0,0,1
20260529_162852,tierc-rp-03f8928f251a25ade52f,0xe47f7dba68a00dc1a6f11458bcdfca810e1cfebf,20.00,6h,1779980381,1780001981,1780002000,20.00,23.654699,0.226992,3.434519,0.006812,3.654699,0.182735,sufficient,partial_market_quality,missing,0,1,1
20260529_162852,tierc-rp-413b426d5cd772e074ae,0xe47f7dba68a00dc1a6f11458bcdfca810e1cfebf,50.00,15m,1779980381,1779981281,1779981300,50.00,50.982495,0.023645,1.001422,0.042572,0.982495,0.019650,sufficient,partial_market_quality,missing,0,0,1
20260529_162852,tierc-rp-413b426d5cd772e074ae,0xe47f7dba68a00dc1a6f11458bcdfca810e1cfebf,50.00,30m,1779980381,1779982181,1779982200,50.00,49.722143,0.047290,-0.282575,0.042572,-0.277857,-0.005557,sufficient,partial_market_quality,missing,0,1,1
20260529_162852,tierc-rp-413b426d5cd772e074ae,0xe47f7dba68a00dc1a6f11458bcdfca810e1cfebf,50.00,1h,1779980381,1779983981,1779984000,50.00,56.868402,0.094580,6.816393,0.042572,6.868402,0.137368,sufficient,partial_market_quality,missing,0,0,1
20260529_162852,tierc-rp-413b426d5cd772e074ae,0xe47f7dba68a00dc1a6f11458bcdfca810e1cfebf,50.00,2h,1779980381,1779987581,1779987600,50.00,58.032214,0.189160,7.885625,0.042572,8.032214,0.160644,sufficient,partial_market_quality,missing,0,0,1
20260529_162852,tierc-rp-413b426d5cd772e074ae,0xe47f7dba68a00dc1a6f11458bcdfca810e1cfebf,50.00,6h,1779980381,1780001981,1780002000,50.00,59.111205,0.567481,8.586297,0.042572,9.111205,0.182224,sufficient,partial_market_quality,missing,0,1,1
20260529_162852,tierc-rp-f4b6f8a5d10ba181245a,0xe47f7dba68a00dc1a6f11458bcdfca810e1cfebf,10.00,15m,1779983980,1779984880,1779984900,10.00,9.932091,0.004729,-0.070935,0.001703,-0.067909,-0.006791,sufficient,partial_market_quality,missing,0,0,1
20260529_162852,tierc-rp-f4b6f8a5d10ba181245a,0xe47f7dba68a00dc1a6f11458bcdfca810e1cfebf,10.00,30m,1779983980,1779985780,1779985800,10.00,10.253289,0.009458,0.245534,0.001703,0.253289,0.025329,sufficient,partial_market_quality,missing,0,0,1
20260529_162852,tierc-rp-f4b6f8a5d10ba181245a,0xe47f7dba68a00dc1a6f11458bcdfca810e1cfebf,10.00,1h,1779983980,1779987580,1779987600,10.00,10.369339,0.018916,0.352126,0.001703,0.369339,0.036934,sufficient,partial_market_quality,missing,0,0,1
20260529_162852,tierc-rp-f4b6f8a5d10ba181245a,0xe47f7dba68a00dc1a6f11458bcdfca810e1cfebf,10.00,2h,1779983980,1779991180,1779991200,10.00,10.915884,0.037832,0.879754,0.001703,0.915884,0.091588,sufficient,partial_market_quality,missing,0,1,1
20260529_162852,tierc-rp-f4b6f8a5d10ba181245a,0xe47f7dba68a00dc1a6f11458bcdfca810e1cfebf,10.00,6h,1779983980,1780005580,1780005600,10.00,10.451196,0.113496,0.339403,0.001703,0.451196,0.045120,sufficient,partial_market_quality,missing,0,1,1
20260529_162852,tierc-rp-fbbefb1080b32346ca1f,0xe47f7dba68a00dc1a6f11458bcdfca810e1cfebf,20.00,15m,1779983980,1779984880,1779984900,20.00,19.860776,0.009458,-0.141871,0.006812,-0.139224,-0.006961,sufficient,partial_market_quality,missing,0,0,1
20260529_162852,tierc-rp-fbbefb1080b32346ca1f,0xe47f7dba68a00dc1a6f11458bcdfca810e1cfebf,20.00,30m,1779983980,1779985780,1779985800,20.00,20.503172,0.018916,0.491067,0.006812,0.503172,0.025159,sufficient,partial_market_quality,missing,0,0,1
20260529_162852,tierc-rp-fbbefb1080b32346ca1f,0xe47f7dba68a00dc1a6f11458bcdfca810e1cfebf,20.00,1h,1779983980,1779987580,1779987600,20.00,20.735273,0.037832,0.704252,0.006812,0.735273,0.036764,sufficient,partial_market_quality,missing,0,0,1
20260529_162852,tierc-rp-fbbefb1080b32346ca1f,0xe47f7dba68a00dc1a6f11458bcdfca810e1cfebf,20.00,2h,1779983980,1779991180,1779991200,20.00,21.828361,0.075664,1.759509,0.006812,1.828361,0.091418,sufficient,partial_market_quality,missing,0,1,1
20260529_162852,tierc-rp-fbbefb1080b32346ca1f,0xe47f7dba68a00dc1a6f11458bcdfca810e1cfebf,20.00,6h,1779983980,1780005580,1780005600,20.00,20.898986,0.226992,0.678805,0.006812,0.898986,0.044949,sufficient,partial_market_quality,missing,0,1,1
20260529_162852,tierc-rp-8298700c553574071a2e,0xe47f7dba68a00dc1a6f11458bcdfca810e1cfebf,50.00,15m,1779983980,1779984880,1779984900,50.00,49.626396,0.023645,-0.354677,0.042572,-0.373604,-0.007472,sufficient,partial_market_quality,missing,0,0,1
20260529_162852,tierc-rp-8298700c553574071a2e,0xe47f7dba68a00dc1a6f11458bcdfca810e1cfebf,50.00,30m,1779983980,1779985780,1779985800,50.00,51.232386,0.047290,1.227668,0.042572,1.232386,0.024648,sufficient,partial_market_quality,missing,0,0,1
20260529_162852,tierc-rp-8298700c553574071a2e,0xe47f7dba68a00dc1a6f11458bcdfca810e1cfebf,50.00,1h,1779983980,1779987580,1779987600,50.00,51.812638,0.094580,1.760630,0.042572,1.812638,0.036253,sufficient,partial_market_quality,missing,0,0,1
20260529_162852,tierc-rp-8298700c553574071a2e,0xe47f7dba68a00dc1a6f11458bcdfca810e1cfebf,50.00,2h,1779983980,1779991180,1779991200,50.00,54.545360,0.189160,4.398772,0.042572,4.545360,0.090907,sufficient,partial_market_quality,missing,0,1,1
20260529_162852,tierc-rp-8298700c553574071a2e,0xe47f7dba68a00dc1a6f11458bcdfca810e1cfebf,50.00,6h,1779983980,1780005580,1780005600,50.00,52.221921,0.567481,1.697013,0.042572,2.221921,0.044438,sufficient,partial_market_quality,missing,0,1,1
20260529_162852,tierc-rp-826c23969e99d4ae6092,0xe47f7dba68a00dc1a6f11458bcdfca810e1cfebf,10.00,15m,1779986500,1779987400,1779987600,10.00,10.087208,0.004729,0.084182,0.001703,0.087208,0.008721,sufficient,partial_market_quality,missing,0,0,1
20260529_162852,tierc-rp-826c23969e99d4ae6092,0xe47f7dba68a00dc1a6f11458bcdfca810e1cfebf,10.00,30m,1779986500,1779988300,1779988500,10.00,9.848128,0.009458,-0.159627,0.001703,-0.151872,-0.015187,sufficient,partial_market_quality,missing,0,0,1
20260529_162852,tierc-rp-826c23969e99d4ae6092,0xe47f7dba68a00dc1a6f11458bcdfca810e1cfebf,10.00,1h,1779986500,1779990100,1779990300,10.00,10.494756,0.018916,0.477543,0.001703,0.494756,0.049476,sufficient,partial_market_quality,missing,0,0,1
20260529_162852,tierc-rp-826c23969e99d4ae6092,0xe47f7dba68a00dc1a6f11458bcdfca810e1cfebf,10.00,2h,1779986500,1779993700,1779993900,10.00,9.663416,0.037832,-0.372713,0.001703,-0.336584,-0.033658,sufficient,partial_market_quality,missing,0,0,1
20260529_162852,tierc-rp-826c23969e99d4ae6092,0xe47f7dba68a00dc1a6f11458bcdfca810e1cfebf,10.00,6h,1779986500,1780008100,1780008600,10.00,10.121469,0.113496,0.009676,0.001703,0.121469,0.012147,sufficient,partial_market_quality,missing,0,1,1
20260529_162852,tierc-rp-9344e5217b9daa1dcdfd,0xe47f7dba68a00dc1a6f11458bcdfca810e1cfebf,20.00,15m,1779986500,1779987400,1779987600,20.00,20.171010,0.009458,0.168364,0.006812,0.171010,0.008551,sufficient,partial_market_quality,missing,0,0,1
20260529_162852,tierc-rp-9344e5217b9daa1dcdfd,0xe47f7dba68a00dc1a6f11458bcdfca810e1cfebf,20.00,30m,1779986500,1779988300,1779988500,20.00,19.692851,0.018916,-0.319254,0.006812,-0.307149,-0.015357,sufficient,partial_market_quality,missing,0,0,1
20260529_162852,tierc-rp-9344e5217b9daa1dcdfd,0xe47f7dba68a00dc1a6f11458bcdfca810e1cfebf,20.00,1h,1779986500,1779990100,1779990300,20.00,20.986107,0.037832,0.955087,0.006812,0.986107,0.049305,sufficient,partial_market_quality,missing,0,0,1
20260529_162852,tierc-rp-9344e5217b9daa1dcdfd,0xe47f7dba68a00dc1a6f11458bcdfca810e1cfebf,20.00,2h,1779986500,1779993700,1779993900,20.00,19.323427,0.075664,-0.745426,0.006812,-0.676573,-0.033829,sufficient,partial_market_quality,missing,0,0,1
20260529_162852,tierc-rp-9344e5217b9daa1dcdfd,0xe47f7dba68a00dc1a6f11458bcdfca810e1cfebf,20.00,6h,1779986500,1780008100,1780008600,20.00,20.239532,0.226992,0.019351,0.006812,0.239532,0.011977,sufficient,partial_market_quality,missing,0,1,1
20260529_162852,tierc-rp-ff0521feee0ba74e81d2,0xe47f7dba68a00dc1a6f11458bcdfca810e1cfebf,50.00,15m,1779986500,1779987400,1779987600,50.00,50.401982,0.023645,0.420909,0.042572,0.401982,0.008040,sufficient,partial_market_quality,missing,0,0,1
20260529_162852,tierc-rp-ff0521feee0ba74e81d2,0xe47f7dba68a00dc1a6f11458bcdfca810e1cfebf,50.00,30m,1779986500,1779988300,1779988500,50.00,49.206583,0.047290,-0.798135,0.042572,-0.793417,-0.015868,sufficient,partial_market_quality,missing,0,0,1
20260529_162852,tierc-rp-ff0521feee0ba74e81d2,0xe47f7dba68a00dc1a6f11458bcdfca810e1cfebf,50.00,1h,1779986500,1779990100,1779990300,50.00,52.439724,0.094580,2.387716,0.042572,2.439724,0.048794,sufficient,partial_market_quality,missing,0,0,1
20260529_162852,tierc-rp-ff0521feee0ba74e81d2,0xe47f7dba68a00dc1a6f11458bcdfca810e1cfebf,50.00,2h,1779986500,1779993700,1779993900,50.00,48.283023,0.189160,-1.863565,0.042572,-1.716977,-0.034340,sufficient,partial_market_quality,missing,0,0,1
20260529_162852,tierc-rp-ff0521feee0ba74e81d2,0xe47f7dba68a00dc1a6f11458bcdfca810e1cfebf,50.00,6h,1779986500,1780008100,1780008600,50.00,50.573286,0.567481,0.048378,0.042572,0.573286,0.011466,sufficient,partial_market_quality,missing,0,1,1
20260529_162852,tierc-rp-37075416e635292af3ba,0xe47f7dba68a00dc1a6f11458bcdfca810e1cfebf,10.00,15m,1779987641,1779988541,1779988800,10.00,10.021449,0.004729,0.018423,0.001703,0.021449,0.002145,sufficient,partial_market_quality,missing,0,0,1
20260529_162852,tierc-rp-37075416e635292af3ba,0xe47f7dba68a00dc1a6f11458bcdfca810e1cfebf,10.00,30m,1779987641,1779989441,1779989700,10.00,10.113492,0.009458,0.105737,0.001703,0.113492,0.011349,sufficient,partial_market_quality,missing,0,0,1
20260529_162852,tierc-rp-37075416e635292af3ba,0xe47f7dba68a00dc1a6f11458bcdfca810e1cfebf,10.00,1h,1779987641,1779991241,1779991500,10.00,10.510515,0.018916,0.493302,0.001703,0.510515,0.051052,sufficient,partial_market_quality,missing,0,0,1
20260529_162852,tierc-rp-37075416e635292af3ba,0xe47f7dba68a00dc1a6f11458bcdfca810e1cfebf,10.00,2h,1779987641,1779994841,1779995100,10.00,9.299909,0.037832,-0.736220,0.001703,-0.700091,-0.070009,sufficient,partial_market_quality,missing,1,0,1
20260529_162852,tierc-rp-37075416e635292af3ba,0xe47f7dba68a00dc1a6f11458bcdfca810e1cfebf,10.00,6h,1779987641,1780009241,1780009500,10.00,10.330385,0.113496,0.218592,0.001703,0.330385,0.033038,sufficient,partial_market_quality,missing,0,0,1
20260529_162852,tierc-rp-2043bcfb80e51de0f977,0xe47f7dba68a00dc1a6f11458bcdfca810e1cfebf,20.00,15m,1779987641,1779988541,1779988800,20.00,20.039492,0.009458,0.036845,0.006812,0.039492,0.001975,sufficient,partial_market_quality,missing,0,0,1
20260529_162852,tierc-rp-2043bcfb80e51de0f977,0xe47f7dba68a00dc1a6f11458bcdfca810e1cfebf,20.00,30m,1779987641,1779989441,1779989700,20.00,20.223578,0.018916,0.211473,0.006812,0.223578,0.011179,sufficient,partial_market_quality,missing,0,0,1
20260529_162852,tierc-rp-2043bcfb80e51de0f977,0xe47f7dba68a00dc1a6f11458bcdfca810e1cfebf,20.00,1h,1779987641,1779991241,1779991500,20.00,21.017624,0.037832,0.986604,0.006812,1.017624,0.050881,sufficient,partial_market_quality,missing,0,0,1
20260529_162852,tierc-rp-2043bcfb80e51de0f977,0xe47f7dba68a00dc1a6f11458bcdfca810e1cfebf,20.00,2h,1779987641,1779994841,1779995100,20.00,18.596412,0.075664,-1.472441,0.006812,-1.403588,-0.070179,sufficient,partial_market_quality,missing,1,0,1
20260529_162852,tierc-rp-2043bcfb80e51de0f977,0xe47f7dba68a00dc1a6f11458bcdfca810e1cfebf,20.00,6h,1779987641,1780009241,1780009500,20.00,20.657364,0.226992,0.437183,0.006812,0.657364,0.032868,sufficient,partial_market_quality,missing,0,0,1
20260529_162852,tierc-rp-2a5f87677ac558739aec,0xe47f7dba68a00dc1a6f11458bcdfca810e1cfebf,50.00,15m,1779987641,1779988541,1779988800,50.00,50.073186,0.023645,0.092113,0.042572,0.073186,0.001464,sufficient,partial_market_quality,missing,0,0,1
20260529_162852,tierc-rp-2a5f87677ac558739aec,0xe47f7dba68a00dc1a6f11458bcdfca810e1cfebf,50.00,30m,1779987641,1779989441,1779989700,50.00,50.533401,0.047290,0.528683,0.042572,0.533401,0.010668,sufficient,partial_market_quality,missing,0,0,1
20260529_162852,tierc-rp-2a5f87677ac558739aec,0xe47f7dba68a00dc1a6f11458bcdfca810e1cfebf,50.00,1h,1779987641,1779991241,1779991500,50.00,52.518517,0.094580,2.466509,0.042572,2.518517,0.050370,sufficient,partial_market_quality,missing,0,0,1
20260529_162852,tierc-rp-2a5f87677ac558739aec,0xe47f7dba68a00dc1a6f11458bcdfca810e1cfebf,50.00,2h,1779987641,1779994841,1779995100,50.00,46.465487,0.189160,-3.681101,0.042572,-3.534513,-0.070690,sufficient,partial_market_quality,missing,1,0,1
20260529_162852,tierc-rp-2a5f87677ac558739aec,0xe47f7dba68a00dc1a6f11458bcdfca810e1cfebf,50.00,6h,1779987641,1780009241,1780009500,50.00,51.617867,0.567481,1.092958,0.042572,1.617867,0.032357,sufficient,partial_market_quality,missing,0,0,1
20260529_162852,tierc-rp-8f05c42611da0e537f8d,0xe47f7dba68a00dc1a6f11458bcdfca810e1cfebf,10.00,15m,1779991241,1779992141,1779992400,10.00,9.864636,0.004729,-0.138390,0.001703,-0.135364,-0.013536,sufficient,partial_market_quality,missing,0,1,1
20260529_162852,tierc-rp-8f05c42611da0e537f8d,0xe47f7dba68a00dc1a6f11458bcdfca810e1cfebf,10.00,30m,1779991241,1779993041,1779993300,10.00,9.499681,0.009458,-0.508075,0.001703,-0.500319,-0.050032,sufficient,partial_market_quality,missing,1,1,1
20260529_162852,tierc-rp-8f05c42611da0e537f8d,0xe47f7dba68a00dc1a6f11458bcdfca810e1cfebf,10.00,1h,1779991241,1779994841,1779995100,10.00,8.831733,0.018916,-1.185480,0.001703,-1.168267,-0.116827,sufficient,partial_market_quality,missing,1,0,1
20260529_162852,tierc-rp-8f05c42611da0e537f8d,0xe47f7dba68a00dc1a6f11458bcdfca810e1cfebf,10.00,2h,1779991241,1779998441,1779998700,10.00,9.194367,0.037832,-0.841762,0.001703,-0.805633,-0.080563,sufficient,partial_market_quality,missing,1,0,1
20260529_162852,tierc-rp-8f05c42611da0e537f8d,0xe47f7dba68a00dc1a6f11458bcdfca810e1cfebf,10.00,6h,1779991241,1780012841,1780013400,10.00,9.650202,0.113496,-0.461591,0.001703,-0.349798,-0.034980,sufficient,partial_market_quality,missing,0,1,1
20260529_162852,tierc-rp-d578a327725e9e1842fb,0xe47f7dba68a00dc1a6f11458bcdfca810e1cfebf,20.00,15m,1779991241,1779992141,1779992400,20.00,19.725867,0.009458,-0.276780,0.006812,-0.274133,-0.013707,sufficient,partial_market_quality,missing,0,1,1
20260529_162852,tierc-rp-d578a327725e9e1842fb,0xe47f7dba68a00dc1a6f11458bcdfca810e1cfebf,20.00,30m,1779991241,1779993041,1779993300,20.00,18.995955,0.018916,-1.016149,0.006812,-1.004045,-0.050202,sufficient,partial_market_quality,missing,1,1,1
20260529_162852,tierc-rp-d578a327725e9e1842fb,0xe47f7dba68a00dc1a6f11458bcdfca810e1cfebf,20.00,1h,1779991241,1779994841,1779995100,20.00,17.660061,0.037832,-2.370960,0.006812,-2.339939,-0.116997,sufficient,partial_market_quality,missing,1,0,1
20260529_162852,tierc-rp-d578a327725e9e1842fb,0xe47f7dba68a00dc1a6f11458bcdfca810e1cfebf,20.00,2h,1779991241,1779998441,1779998700,20.00,18.385328,0.075664,-1.683525,0.006812,-1.614672,-0.080734,sufficient,partial_market_quality,missing,1,0,1
20260529_162852,tierc-rp-d578a327725e9e1842fb,0xe47f7dba68a00dc1a6f11458bcdfca810e1cfebf,20.00,6h,1779991241,1780012841,1780013400,20.00,19.296999,0.226992,-0.923182,0.006812,-0.703001,-0.035150,sufficient,partial_market_quality,missing,0,1,1
20260529_162852,tierc-rp-7e7307bbede319deec73,0xe47f7dba68a00dc1a6f11458bcdfca810e1cfebf,50.00,15m,1779991241,1779992141,1779992400,50.00,49.289123,0.023645,-0.691949,0.042572,-0.710877,-0.014218,sufficient,partial_market_quality,missing,0,1,1
20260529_162852,tierc-rp-7e7307bbede319deec73,0xe47f7dba68a00dc1a6f11458bcdfca810e1cfebf,50.00,30m,1779991241,1779993041,1779993300,50.00,47.464345,0.047290,-2.540373,0.042572,-2.535655,-0.050713,sufficient,partial_market_quality,missing,1,1,1
20260529_162852,tierc-rp-7e7307bbede319deec73,0xe47f7dba68a00dc1a6f11458bcdfca810e1cfebf,50.00,1h,1779991241,1779994841,1779995100,50.00,44.124609,0.094580,-5.927399,0.042572,-5.875391,-0.117508,sufficient,partial_market_quality,missing,1,0,1
20260529_162852,tierc-rp-7e7307bbede319deec73,0xe47f7dba68a00dc1a6f11458bcdfca810e1cfebf,50.00,2h,1779991241,1779998441,1779998700,50.00,45.937776,0.189160,-4.208812,0.042572,-4.062224,-0.081244,sufficient,partial_market_quality,missing,1,0,1
20260529_162852,tierc-rp-7e7307bbede319deec73,0xe47f7dba68a00dc1a6f11458bcdfca810e1cfebf,50.00,6h,1779991241,1780012841,1780013400,50.00,48.216954,0.567481,-2.307955,0.042572,-1.783046,-0.035661,sufficient,partial_market_quality,missing,0,1,1
20260529_162852,tierc-rp-844044916c3c5231887d,0xe47f7dba68a00dc1a6f11458bcdfca810e1cfebf,10.00,15m,1779994840,1779995740,1779996000,10.00,10.494513,0.004729,0.491487,0.001703,0.494513,0.049451,sufficient,partial_market_quality,missing,0,0,1
20260529_162852,tierc-rp-844044916c3c5231887d,0xe47f7dba68a00dc1a6f11458bcdfca810e1cfebf,10.00,30m,1779994840,1779996640,1779996900,10.00,10.030567,0.009458,0.022812,0.001703,0.030567,0.003057,sufficient,partial_market_quality,missing,0,1,1
20260529_162852,tierc-rp-844044916c3c5231887d,0xe47f7dba68a00dc1a6f11458bcdfca810e1cfebf,10.00,1h,1779994840,1779998440,1779998700,10.00,10.307451,0.018916,0.290238,0.001703,0.307451,0.030745,sufficient,partial_market_quality,missing,0,1,1
20260529_162852,tierc-rp-844044916c3c5231887d,0xe47f7dba68a00dc1a6f11458bcdfca810e1cfebf,10.00,2h,1779994840,1780002040,1780002300,10.00,10.842452,0.037832,0.806323,0.001703,0.842452,0.084245,sufficient,partial_market_quality,missing,0,1,1
20260529_162852,tierc-rp-844044916c3c5231887d,0xe47f7dba68a00dc1a6f11458bcdfca810e1cfebf,10.00,6h,1779994840,1780016440,1780016700,10.00,10.849467,0.113496,0.737674,0.001703,0.849467,0.084947,sufficient,partial_market_quality,missing,0,0,1
20260529_162852,tierc-rp-acedec1f14b6e3f5384f,0xe47f7dba68a00dc1a6f11458bcdfca810e1cfebf,20.00,15m,1779994840,1779995740,1779996000,20.00,20.985620,0.009458,0.982973,0.006812,0.985620,0.049281,sufficient,partial_market_quality,missing,0,0,1
20260529_162852,tierc-rp-acedec1f14b6e3f5384f,0xe47f7dba68a00dc1a6f11458bcdfca810e1cfebf,20.00,30m,1779994840,1779996640,1779996900,20.00,20.057728,0.018916,0.045624,0.006812,0.057728,0.002886,sufficient,partial_market_quality,missing,0,1,1
20260529_162852,tierc-rp-acedec1f14b6e3f5384f,0xe47f7dba68a00dc1a6f11458bcdfca810e1cfebf,20.00,1h,1779994840,1779998440,1779998700,20.00,20.611496,0.037832,0.580475,0.006812,0.611496,0.030575,sufficient,partial_market_quality,missing,0,1,1
20260529_162852,tierc-rp-acedec1f14b6e3f5384f,0xe47f7dba68a00dc1a6f11458bcdfca810e1cfebf,20.00,2h,1779994840,1780002040,1780002300,20.00,21.681498,0.075664,1.612645,0.006812,1.681498,0.084075,sufficient,partial_market_quality,missing,0,1,1
20260529_162852,tierc-rp-acedec1f14b6e3f5384f,0xe47f7dba68a00dc1a6f11458bcdfca810e1cfebf,20.00,6h,1779994840,1780016440,1780016700,20.00,21.695528,0.226992,1.475348,0.006812,1.695528,0.084776,sufficient,partial_market_quality,missing,0,0,1
20260529_162852,tierc-rp-fc5adfadc22c93ffd4d2,0xe47f7dba68a00dc1a6f11458bcdfca810e1cfebf,50.00,15m,1779994840,1779995740,1779996000,50.00,52.438506,0.023645,2.457433,0.042572,2.438506,0.048770,sufficient,partial_market_quality,missing,0,0,1
20260529_162852,tierc-rp-fc5adfadc22c93ffd4d2,0xe47f7dba68a00dc1a6f11458bcdfca810e1cfebf,50.00,30m,1779994840,1779996640,1779996900,50.00,50.118778,0.047290,0.114060,0.042572,0.118778,0.002376,sufficient,partial_market_quality,missing,0,1,1
20260529_162852,tierc-rp-fc5adfadc22c93ffd4d2,0xe47f7dba68a00dc1a6f11458bcdfca810e1cfebf,50.00,1h,1779994840,1779998440,1779998700,50.00,51.503196,0.094580,1.451188,0.042572,1.503196,0.030064,sufficient,partial_market_quality,missing,0,1,1
20260529_162852,tierc-rp-fc5adfadc22c93ffd4d2,0xe47f7dba68a00dc1a6f11458bcdfca810e1cfebf,50.00,2h,1779994840,1780002040,1780002300,50.00,54.178202,0.189160,4.031613,0.042572,4.178202,0.083564,sufficient,partial_market_quality,missing,0,1,1
20260529_162852,tierc-rp-fc5adfadc22c93ffd4d2,0xe47f7dba68a00dc1a6f11458bcdfca810e1cfebf,50.00,6h,1779994840,1780016440,1780016700,50.00,54.213278,0.567481,3.688369,0.042572,4.213278,0.084266,sufficient,partial_market_quality,missing,0,0,1
20260529_162852,tierc-rp-8b292e0955206ee8ccbb,0xe47f7dba68a00dc1a6f11458bcdfca810e1cfebf,10.00,15m,1779998440,1779999340,1779999600,10.00,10.230923,0.004729,0.227897,0.001703,0.230923,0.023092,sufficient,partial_market_quality,missing,0,0,1
20260529_162852,tierc-rp-8b292e0955206ee8ccbb,0xe47f7dba68a00dc1a6f11458bcdfca810e1cfebf,10.00,30m,1779998440,1780000240,1780000500,10.00,10.560676,0.009458,0.552921,0.001703,0.560676,0.056068,sufficient,partial_market_quality,missing,0,0,1
20260529_162852,tierc-rp-8b292e0955206ee8ccbb,0xe47f7dba68a00dc1a6f11458bcdfca810e1cfebf,10.00,1h,1779998440,1780002040,1780002300,10.00,10.380322,0.018916,0.363109,0.001703,0.380322,0.038032,sufficient,partial_market_quality,missing,0,1,1
20260529_162852,tierc-rp-8b292e0955206ee8ccbb,0xe47f7dba68a00dc1a6f11458bcdfca810e1cfebf,10.00,2h,1779998440,1780005640,1780005900,10.00,10.215342,0.037832,0.179213,0.001703,0.215342,0.021534,sufficient,partial_market_quality,missing,0,0,1
20260529_162852,tierc-rp-8b292e0955206ee8ccbb,0xe47f7dba68a00dc1a6f11458bcdfca810e1cfebf,10.00,6h,1779998440,1780020040,1780020300,10.00,10.874635,0.113496,0.762841,0.001703,0.874635,0.087463,sufficient,partial_market_quality,missing,0,0,1
20260529_162852,tierc-rp-2922e13c227d6aa22a84,0xe47f7dba68a00dc1a6f11458bcdfca810e1cfebf,20.00,15m,1779998440,1779999340,1779999600,20.00,20.458441,0.009458,0.455795,0.006812,0.458441,0.022922,sufficient,partial_market_quality,missing,0,0,1
20260529_162852,tierc-rp-2922e13c227d6aa22a84,0xe47f7dba68a00dc1a6f11458bcdfca810e1cfebf,20.00,30m,1779998440,1780000240,1780000500,20.00,21.117947,0.018916,1.105842,0.006812,1.117947,0.055897,sufficient,partial_market_quality,missing,0,0,1
20260529_162852,tierc-rp-2922e13c227d6aa22a84,0xe47f7dba68a00dc1a6f11458bcdfca810e1cfebf,20.00,1h,1779998440,1780002040,1780002300,20.00,20.757238,0.037832,0.726217,0.006812,0.757238,0.037862,sufficient,partial_market_quality,missing,0,1,1
20260529_162852,tierc-rp-2922e13c227d6aa22a84,0xe47f7dba68a00dc1a6f11458bcdfca810e1cfebf,20.00,2h,1779998440,1780005640,1780005900,20.00,20.427278,0.075664,0.358426,0.006812,0.427278,0.021364,sufficient,partial_market_quality,missing,0,0,1
20260529_162852,tierc-rp-2922e13c227d6aa22a84,0xe47f7dba68a00dc1a6f11458bcdfca810e1cfebf,20.00,6h,1779998440,1780020040,1780020300,20.00,21.745863,0.226992,1.525683,0.006812,1.745863,0.087293,sufficient,partial_market_quality,missing,0,0,1
20260529_162852,tierc-rp-d1a5100e06bbdc14bdcd,0xe47f7dba68a00dc1a6f11458bcdfca810e1cfebf,50.00,15m,1779998440,1779999340,1779999600,50.00,51.120560,0.023645,1.139487,0.042572,1.120560,0.022411,sufficient,partial_market_quality,missing,0,0,1
20260529_162852,tierc-rp-d1a5100e06bbdc14bdcd,0xe47f7dba68a00dc1a6f11458bcdfca810e1cfebf,50.00,30m,1779998440,1780000240,1780000500,50.00,52.769324,0.047290,2.764606,0.042572,2.769324,0.055386,sufficient,partial_market_quality,missing,0,0,1
20260529_162852,tierc-rp-d1a5100e06bbdc14bdcd,0xe47f7dba68a00dc1a6f11458bcdfca810e1cfebf,50.00,1h,1779998440,1780002040,1780002300,50.00,51.867551,0.094580,1.815543,0.042572,1.867551,0.037351,sufficient,partial_market_quality,missing,0,1,1
20260529_162852,tierc-rp-d1a5100e06bbdc14bdcd,0xe47f7dba68a00dc1a6f11458bcdfca810e1cfebf,50.00,2h,1779998440,1780005640,1780005900,50.00,51.042652,0.189160,0.896064,0.042572,1.042652,0.020853,sufficient,partial_market_quality,missing,0,0,1
20260529_162852,tierc-rp-d1a5100e06bbdc14bdcd,0xe47f7dba68a00dc1a6f11458bcdfca810e1cfebf,50.00,6h,1779998440,1780020040,1780020300,50.00,54.339115,0.567481,3.814207,0.042572,4.339115,0.086782,sufficient,partial_market_quality,missing,0,0,1
20260529_162852,tierc-rp-fdd05f1fac2cb259e21a,0xe47f7dba68a00dc1a6f11458bcdfca810e1cfebf,10.00,15m,1780002040,1780002940,1780003200,10.00,10.036124,0.004729,0.033098,0.001703,0.036124,0.003612,sufficient,partial_market_quality,missing,0,0,1
20260529_162852,tierc-rp-fdd05f1fac2cb259e21a,0xe47f7dba68a00dc1a6f11458bcdfca810e1cfebf,10.00,30m,1780002040,1780003840,1780004100,10.00,9.891077,0.009458,-0.116678,0.001703,-0.108923,-0.010892,sufficient,partial_market_quality,missing,0,0,1
20260529_162852,tierc-rp-fdd05f1fac2cb259e21a,0xe47f7dba68a00dc1a6f11458bcdfca810e1cfebf,10.00,1h,1780002040,1780005640,1780005900,10.00,9.826847,0.018916,-0.190366,0.001703,-0.173153,-0.017315,sufficient,partial_market_quality,missing,0,0,1
20260529_162852,tierc-rp-fdd05f1fac2cb259e21a,0xe47f7dba68a00dc1a6f11458bcdfca810e1cfebf,10.00,2h,1780002040,1780009240,1780009500,10.00,10.132510,0.037832,0.096381,0.001703,0.132510,0.013251,sufficient,partial_market_quality,missing,0,0,1
20260529_162852,tierc-rp-fdd05f1fac2cb259e21a,0xe47f7dba68a00dc1a6f11458bcdfca810e1cfebf,10.00,6h,1780002040,1780023640,1780023900,10.00,9.901051,0.113496,-0.210742,0.001703,-0.098949,-0.009895,sufficient,partial_market_quality,missing,0,0,1
20260529_162852,tierc-rp-8522f833f8d478ead538,0xe47f7dba68a00dc1a6f11458bcdfca810e1cfebf,20.00,15m,1780002040,1780002940,1780003200,20.00,20.068843,0.009458,0.066197,0.006812,0.068843,0.003442,sufficient,partial_market_quality,missing,0,0,1
20260529_162852,tierc-rp-8522f833f8d478ead538,0xe47f7dba68a00dc1a6f11458bcdfca810e1cfebf,20.00,30m,1780002040,1780003840,1780004100,20.00,19.778748,0.018916,-0.233356,0.006812,-0.221252,-0.011063,sufficient,partial_market_quality,missing,0,0,1
20260529_162852,tierc-rp-8522f833f8d478ead538,0xe47f7dba68a00dc1a6f11458bcdfca810e1cfebf,20.00,1h,1780002040,1780005640,1780005900,20.00,19.650289,0.037832,-0.380732,0.006812,-0.349711,-0.017486,sufficient,partial_market_quality,missing,0,0,1
20260529_162852,tierc-rp-8522f833f8d478ead538,0xe47f7dba68a00dc1a6f11458bcdfca810e1cfebf,20.00,2h,1780002040,1780009240,1780009500,20.00,20.261614,0.075664,0.192762,0.006812,0.261614,0.013081,sufficient,partial_market_quality,missing,0,0,1
20260529_162852,tierc-rp-8522f833f8d478ead538,0xe47f7dba68a00dc1a6f11458bcdfca810e1cfebf,20.00,6h,1780002040,1780023640,1780023900,20.00,19.798697,0.226992,-0.421484,0.006812,-0.201303,-0.010065,sufficient,partial_market_quality,missing,0,0,1
20260529_162852,tierc-rp-6aa9913293b6b08aa468,0xe47f7dba68a00dc1a6f11458bcdfca810e1cfebf,50.00,15m,1780002040,1780002940,1780003200,50.00,50.146565,0.023645,0.165492,0.042572,0.146565,0.002931,sufficient,partial_market_quality,missing,0,0,1
20260529_162852,tierc-rp-6aa9913293b6b08aa468,0xe47f7dba68a00dc1a6f11458bcdfca810e1cfebf,50.00,30m,1780002040,1780003840,1780004100,50.00,49.421327,0.047290,-0.583391,0.042572,-0.578673,-0.011573,sufficient,partial_market_quality,missing,0,0,1
20260529_162852,tierc-rp-6aa9913293b6b08aa468,0xe47f7dba68a00dc1a6f11458bcdfca810e1cfebf,50.00,1h,1780002040,1780005640,1780005900,50.00,49.100178,0.094580,-0.951830,0.042572,-0.899822,-0.017996,sufficient,partial_market_quality,missing,0,0,1
20260529_162852,tierc-rp-6aa9913293b6b08aa468,0xe47f7dba68a00dc1a6f11458bcdfca810e1cfebf,50.00,2h,1780002040,1780009240,1780009500,50.00,50.628493,0.189160,0.481905,0.042572,0.628493,0.012570,sufficient,partial_market_quality,missing,0,0,1
20260529_162852,tierc-rp-6aa9913293b6b08aa468,0xe47f7dba68a00dc1a6f11458bcdfca810e1cfebf,50.00,6h,1780002040,1780023640,1780023900,50.00,49.471199,0.567481,-1.053709,0.042572,-0.528801,-0.010576,sufficient,partial_market_quality,missing,0,0,1
20260529_162852,tierc-rp-a8a6722e44354f664a1d,0xe47f7dba68a00dc1a6f11458bcdfca810e1cfebf,10.00,15m,1780006121,1780007021,1780007400,10.00,9.858100,0.004729,-0.144926,0.001703,-0.141900,-0.014190,sufficient,partial_market_quality,missing,0,0,1
20260529_162852,tierc-rp-a8a6722e44354f664a1d,0xe47f7dba68a00dc1a6f11458bcdfca810e1cfebf,10.00,30m,1780006121,1780007921,1780008000,10.00,9.760234,0.009458,-0.247521,0.001703,-0.239766,-0.023977,sufficient,partial_market_quality,missing,0,0,1
20260529_162852,tierc-rp-a8a6722e44354f664a1d,0xe47f7dba68a00dc1a6f11458bcdfca810e1cfebf,10.00,1h,1780006121,1780009721,1780009800,10.00,10.287457,0.018916,0.270243,0.001703,0.287457,0.028746,sufficient,partial_market_quality,missing,0,0,1
20260529_162852,tierc-rp-a8a6722e44354f664a1d,0xe47f7dba68a00dc1a6f11458bcdfca810e1cfebf,10.00,2h,1780006121,1780013321,1780013400,10.00,10.133013,0.037832,0.096884,0.001703,0.133013,0.013301,sufficient,partial_market_quality,missing,0,0,1
20260529_162852,tierc-rp-a8a6722e44354f664a1d,0xe47f7dba68a00dc1a6f11458bcdfca810e1cfebf,10.00,6h,1780006121,1780027721,1780027800,10.00,10.692832,0.113496,0.581039,0.001703,0.692832,0.069283,sufficient,partial_market_quality,missing,0,0,1
20260529_162852,tierc-rp-2f03ad1c05b1dd4304ae,0xe47f7dba68a00dc1a6f11458bcdfca810e1cfebf,20.00,15m,1780006121,1780007021,1780007400,20.00,19.712795,0.009458,-0.289851,0.006812,-0.287205,-0.014360,sufficient,partial_market_quality,missing,0,0,1
20260529_162852,tierc-rp-2f03ad1c05b1dd4304ae,0xe47f7dba68a00dc1a6f11458bcdfca810e1cfebf,20.00,30m,1780006121,1780007921,1780008000,20.00,19.517062,0.018916,-0.495042,0.006812,-0.482938,-0.024147,sufficient,partial_market_quality,missing,0,0,1
20260529_162852,tierc-rp-2f03ad1c05b1dd4304ae,0xe47f7dba68a00dc1a6f11458bcdfca810e1cfebf,20.00,1h,1780006121,1780009721,1780009800,20.00,20.571507,0.037832,0.540487,0.006812,0.571507,0.028575,sufficient,partial_market_quality,missing,0,0,1
20260529_162852,tierc-rp-2f03ad1c05b1dd4304ae,0xe47f7dba68a00dc1a6f11458bcdfca810e1cfebf,20.00,2h,1780006121,1780013321,1780013400,20.00,20.262620,0.075664,0.193768,0.006812,0.262620,0.013131,sufficient,partial_market_quality,missing,0,0,1
20260529_162852,tierc-rp-2f03ad1c05b1dd4304ae,0xe47f7dba68a00dc1a6f11458bcdfca810e1cfebf,20.00,6h,1780006121,1780027721,1780027800,20.00,21.382258,0.226992,1.162078,0.006812,1.382258,0.069113,sufficient,partial_market_quality,missing,0,0,1
20260529_162852,tierc-rp-4502c4a04cc616b56f0b,0xe47f7dba68a00dc1a6f11458bcdfca810e1cfebf,50.00,15m,1780006121,1780007021,1780007400,50.00,49.256445,0.023645,-0.724628,0.042572,-0.743555,-0.014871,sufficient,partial_market_quality,missing,0,0,1
20260529_162852,tierc-rp-4502c4a04cc616b56f0b,0xe47f7dba68a00dc1a6f11458bcdfca810e1cfebf,50.00,30m,1780006121,1780007921,1780008000,50.00,48.767112,0.047290,-1.237606,0.042572,-1.232888,-0.024658,sufficient,partial_market_quality,missing,0,0,1
20260529_162852,tierc-rp-4502c4a04cc616b56f0b,0xe47f7dba68a00dc1a6f11458bcdfca810e1cfebf,50.00,1h,1780006121,1780009721,1780009800,50.00,51.403225,0.094580,1.351217,0.042572,1.403225,0.028065,sufficient,partial_market_quality,missing,0,0,1
20260529_162852,tierc-rp-4502c4a04cc616b56f0b,0xe47f7dba68a00dc1a6f11458bcdfca810e1cfebf,50.00,2h,1780006121,1780013321,1780013400,50.00,50.631008,0.189160,0.484419,0.042572,0.631008,0.012620,sufficient,partial_market_quality,missing,0,0,1
20260529_162852,tierc-rp-4502c4a04cc616b56f0b,0xe47f7dba68a00dc1a6f11458bcdfca810e1cfebf,50.00,6h,1780006121,1780027721,1780027800,50.00,53.430103,0.567481,2.905194,0.042572,3.430103,0.068602,sufficient,partial_market_quality,missing,0,0,1
20260529_162852,tierc-rp-204ba07de1b3b35256c3,0xe47f7dba68a00dc1a6f11458bcdfca810e1cfebf,10.00,15m,1780010501,1780011401,1780011600,10.00,9.987906,0.004729,-0.015120,0.001703,-0.012094,-0.001209,sufficient,partial_market_quality,missing,0,0,1
20260529_162852,tierc-rp-204ba07de1b3b35256c3,0xe47f7dba68a00dc1a6f11458bcdfca810e1cfebf,10.00,30m,1780010501,1780012301,1780012500,10.00,9.947963,0.009458,-0.059792,0.001703,-0.052037,-0.005204,sufficient,partial_market_quality,missing,0,0,1
20260529_162852,tierc-rp-204ba07de1b3b35256c3,0xe47f7dba68a00dc1a6f11458bcdfca810e1cfebf,10.00,1h,1780010501,1780014101,1780014300,10.00,9.642161,0.018916,-0.375052,0.001703,-0.357839,-0.035784,sufficient,partial_market_quality,missing,0,0,1
20260529_162852,tierc-rp-204ba07de1b3b35256c3,0xe47f7dba68a00dc1a6f11458bcdfca810e1cfebf,10.00,2h,1780010501,1780017701,1780017900,10.00,10.132482,0.037832,0.096352,0.001703,0.132482,0.013248,sufficient,partial_market_quality,missing,0,0,1
20260529_162852,tierc-rp-204ba07de1b3b35256c3,0xe47f7dba68a00dc1a6f11458bcdfca810e1cfebf,10.00,6h,1780010501,1780032101,1780032300,10.00,10.194605,0.113496,0.082811,0.001703,0.194605,0.019460,sufficient,partial_market_quality,missing,0,1,1
20260529_162852,tierc-rp-3b61e28798097f859c76,0xe47f7dba68a00dc1a6f11458bcdfca810e1cfebf,20.00,15m,1780010501,1780011401,1780011600,20.00,19.972407,0.009458,-0.030239,0.006812,-0.027593,-0.001380,sufficient,partial_market_quality,missing,0,0,1
20260529_162852,tierc-rp-3b61e28798097f859c76,0xe47f7dba68a00dc1a6f11458bcdfca810e1cfebf,20.00,30m,1780010501,1780012301,1780012500,20.00,19.892520,0.018916,-0.119584,0.006812,-0.107480,-0.005374,sufficient,partial_market_quality,missing,0,0,1
20260529_162852,tierc-rp-3b61e28798097f859c76,0xe47f7dba68a00dc1a6f11458bcdfca810e1cfebf,20.00,1h,1780010501,1780014101,1780014300,20.00,19.280916,0.037832,-0.750104,0.006812,-0.719084,-0.035954,sufficient,partial_market_quality,missing,0,0,1
20260529_162852,tierc-rp-3b61e28798097f859c76,0xe47f7dba68a00dc1a6f11458bcdfca810e1cfebf,20.00,2h,1780010501,1780017701,1780017900,20.00,20.261558,0.075664,0.192705,0.006812,0.261558,0.013078,sufficient,partial_market_quality,missing,0,0,1
20260529_162852,tierc-rp-3b61e28798097f859c76,0xe47f7dba68a00dc1a6f11458bcdfca810e1cfebf,20.00,6h,1780010501,1780032101,1780032300,20.00,20.385803,0.226992,0.165623,0.006812,0.385803,0.019290,sufficient,partial_market_quality,missing,0,1,1
20260529_162852,tierc-rp-86c3c09de548e508085b,0xe47f7dba68a00dc1a6f11458bcdfca810e1cfebf,50.00,15m,1780010501,1780011401,1780011600,50.00,49.905474,0.023645,-0.075599,0.042572,-0.094526,-0.001891,sufficient,partial_market_quality,missing,0,0,1
20260529_162852,tierc-rp-86c3c09de548e508085b,0xe47f7dba68a00dc1a6f11458bcdfca810e1cfebf,50.00,30m,1780010501,1780012301,1780012500,50.00,49.705758,0.047290,-0.298960,0.042572,-0.294242,-0.005885,sufficient,partial_market_quality,missing,0,0,1
20260529_162852,tierc-rp-86c3c09de548e508085b,0xe47f7dba68a00dc1a6f11458bcdfca810e1cfebf,50.00,1h,1780010501,1780014101,1780014300,50.00,48.176747,0.094580,-1.875261,0.042572,-1.823253,-0.036465,sufficient,partial_market_quality,missing,0,0,1
20260529_162852,tierc-rp-86c3c09de548e508085b,0xe47f7dba68a00dc1a6f11458bcdfca810e1cfebf,50.00,2h,1780010501,1780017701,1780017900,50.00,50.628351,0.189160,0.481762,0.042572,0.628351,0.012567,sufficient,partial_market_quality,missing,0,0,1
20260529_162852,tierc-rp-86c3c09de548e508085b,0xe47f7dba68a00dc1a6f11458bcdfca810e1cfebf,50.00,6h,1780010501,1780032101,1780032300,50.00,50.938965,0.567481,0.414056,0.042572,0.938965,0.018779,sufficient,partial_market_quality,missing,0,1,1
20260529_162852,tierc-rp-547cad3ee2a7c97e813c,0xe47f7dba68a00dc1a6f11458bcdfca810e1cfebf,10.00,15m,1780016081,1780016981,1780017000,10.00,10.432698,0.004729,0.429672,0.001703,0.432698,0.043270,sufficient,partial_market_quality,missing,0,0,1
20260529_162852,tierc-rp-547cad3ee2a7c97e813c,0xe47f7dba68a00dc1a6f11458bcdfca810e1cfebf,10.00,30m,1780016081,1780017881,1780017900,10.00,10.480164,0.009458,0.472409,0.001703,0.480164,0.048016,sufficient,partial_market_quality,missing,0,0,1
20260529_162852,tierc-rp-547cad3ee2a7c97e813c,0xe47f7dba68a00dc1a6f11458bcdfca810e1cfebf,10.00,1h,1780016081,1780019681,1780019700,10.00,10.999437,0.018916,0.982224,0.001703,0.999437,0.099944,sufficient,partial_market_quality,missing,0,0,1
20260529_162852,tierc-rp-547cad3ee2a7c97e813c,0xe47f7dba68a00dc1a6f11458bcdfca810e1cfebf,10.00,2h,1780016081,1780023281,1780023300,10.00,10.209528,0.037832,0.173399,0.001703,0.209528,0.020953,sufficient,partial_market_quality,missing,0,1,1
20260529_162852,tierc-rp-547cad3ee2a7c97e813c,0xe47f7dba68a00dc1a6f11458bcdfca810e1cfebf,10.00,6h,1780016081,1780037681,1780037700,10.00,10.445855,0.113496,0.334062,0.001703,0.445855,0.044586,sufficient,partial_market_quality,missing,0,0,1
20260529_162852,tierc-rp-3f8fb48a3d83183b7aae,0xe47f7dba68a00dc1a6f11458bcdfca810e1cfebf,20.00,15m,1780016081,1780016981,1780017000,20.00,20.861991,0.009458,0.859344,0.006812,0.861991,0.043100,sufficient,partial_market_quality,missing,0,0,1
20260529_162852,tierc-rp-3f8fb48a3d83183b7aae,0xe47f7dba68a00dc1a6f11458bcdfca810e1cfebf,20.00,30m,1780016081,1780017881,1780017900,20.00,20.956922,0.018916,0.944818,0.006812,0.956922,0.047846,sufficient,partial_market_quality,missing,0,0,1
20260529_162852,tierc-rp-3f8fb48a3d83183b7aae,0xe47f7dba68a00dc1a6f11458bcdfca810e1cfebf,20.00,1h,1780016081,1780019681,1780019700,20.00,21.995469,0.037832,1.964448,0.006812,1.995469,0.099773,sufficient,partial_market_quality,missing,0,0,1
20260529_162852,tierc-rp-3f8fb48a3d83183b7aae,0xe47f7dba68a00dc1a6f11458bcdfca810e1cfebf,20.00,2h,1780016081,1780023281,1780023300,20.00,20.415650,0.075664,0.346797,0.006812,0.415650,0.020783,sufficient,partial_market_quality,missing,0,1,1
20260529_162852,tierc-rp-3f8fb48a3d83183b7aae,0xe47f7dba68a00dc1a6f11458bcdfca810e1cfebf,20.00,6h,1780016081,1780037681,1780037700,20.00,20.888305,0.226992,0.668124,0.006812,0.888305,0.044415,sufficient,partial_market_quality,missing,0,0,1
20260529_162852,tierc-rp-1f107eae5144b846b10c,0xe47f7dba68a00dc1a6f11458bcdfca810e1cfebf,50.00,15m,1780016081,1780016981,1780017000,50.00,52.129433,0.023645,2.148360,0.042572,2.129433,0.042589,sufficient,partial_market_quality,missing,0,0,1
20260529_162852,tierc-rp-1f107eae5144b846b10c,0xe47f7dba68a00dc1a6f11458bcdfca810e1cfebf,50.00,30m,1780016081,1780017881,1780017900,50.00,52.366763,0.047290,2.362045,0.042572,2.366763,0.047335,sufficient,partial_market_quality,missing,0,0,1
20260529_162852,tierc-rp-1f107eae5144b846b10c,0xe47f7dba68a00dc1a6f11458bcdfca810e1cfebf,50.00,1h,1780016081,1780019681,1780019700,50.00,54.963129,0.094580,4.911121,0.042572,4.963129,0.099263,sufficient,partial_market_quality,missing,0,0,1
20260529_162852,tierc-rp-1f107eae5144b846b10c,0xe47f7dba68a00dc1a6f11458bcdfca810e1cfebf,50.00,2h,1780016081,1780023281,1780023300,50.00,51.013582,0.189160,0.866994,0.042572,1.013582,0.020272,sufficient,partial_market_quality,missing,0,1,1
20260529_162852,tierc-rp-1f107eae5144b846b10c,0xe47f7dba68a00dc1a6f11458bcdfca810e1cfebf,50.00,6h,1780016081,1780037681,1780037700,50.00,52.195219,0.567481,1.670310,0.042572,2.195219,0.043904,sufficient,partial_market_quality,missing,0,0,1
20260529_162852,tierc-rp-47eb6afa9139f767c128,0xe47f7dba68a00dc1a6f11458bcdfca810e1cfebf,10.00,15m,1780019680,1780020580,1780020600,10.00,10.072337,0.004729,0.069311,0.001703,0.072337,0.007234,sufficient,partial_market_quality,missing,0,1,1
20260529_162852,tierc-rp-47eb6afa9139f767c128,0xe47f7dba68a00dc1a6f11458bcdfca810e1cfebf,10.00,30m,1780019680,1780021480,1780021500,10.00,9.852433,0.009458,-0.155322,0.001703,-0.147567,-0.014757,sufficient,partial_market_quality,missing,0,0,1
20260529_162852,tierc-rp-47eb6afa9139f767c128,0xe47f7dba68a00dc1a6f11458bcdfca810e1cfebf,10.00,1h,1780019680,1780023280,1780023300,10.00,9.756780,0.018916,-0.260433,0.001703,-0.243220,-0.024322,sufficient,partial_market_quality,missing,0,1,1
20260529_162852,tierc-rp-47eb6afa9139f767c128,0xe47f7dba68a00dc1a6f11458bcdfca810e1cfebf,10.00,2h,1780019680,1780026880,1780026900,10.00,10.042993,0.037832,0.006864,0.001703,0.042993,0.004299,sufficient,partial_market_quality,missing,0,1,1
20260529_162852,tierc-rp-47eb6afa9139f767c128,0xe47f7dba68a00dc1a6f11458bcdfca810e1cfebf,10.00,6h,1780019680,1780041280,1780041300,10.00,10.113651,0.113496,0.001857,0.001703,0.113651,0.011365,sufficient,partial_market_quality,missing,0,0,1
20260529_162852,tierc-rp-ebff0f0a8449c622de81,0xe47f7dba68a00dc1a6f11458bcdfca810e1cfebf,20.00,15m,1780019680,1780020580,1780020600,20.00,20.141269,0.009458,0.138622,0.006812,0.141269,0.007063,sufficient,partial_market_quality,missing,0,1,1
20260529_162852,tierc-rp-ebff0f0a8449c622de81,0xe47f7dba68a00dc1a6f11458bcdfca810e1cfebf,20.00,30m,1780019680,1780021480,1780021500,20.00,19.701461,0.018916,-0.310644,0.006812,-0.298539,-0.014927,sufficient,partial_market_quality,missing,0,0,1
20260529_162852,tierc-rp-ebff0f0a8449c622de81,0xe47f7dba68a00dc1a6f11458bcdfca810e1cfebf,20.00,1h,1780019680,1780023280,1780023300,20.00,19.510155,0.037832,-0.520866,0.006812,-0.489845,-0.024492,sufficient,partial_market_quality,missing,0,1,1
20260529_162852,tierc-rp-ebff0f0a8449c622de81,0xe47f7dba68a00dc1a6f11458bcdfca810e1cfebf,20.00,2h,1780019680,1780026880,1780026900,20.00,20.082581,0.075664,0.013728,0.006812,0.082581,0.004129,sufficient,partial_market_quality,missing,0,1,1
20260529_162852,tierc-rp-ebff0f0a8449c622de81,0xe47f7dba68a00dc1a6f11458bcdfca810e1cfebf,20.00,6h,1780019680,1780041280,1780041300,20.00,20.223896,0.226992,0.003715,0.006812,0.223896,0.011195,sufficient,partial_market_quality,missing,0,0,1
20260529_162852,tierc-rp-2b8a974c4354915b801d,0xe47f7dba68a00dc1a6f11458bcdfca810e1cfebf,50.00,15m,1780019680,1780020580,1780020600,50.00,50.327628,0.023645,0.346555,0.042572,0.327628,0.006553,sufficient,partial_market_quality,missing,0,1,1
20260529_162852,tierc-rp-2b8a974c4354915b801d,0xe47f7dba68a00dc1a6f11458bcdfca810e1cfebf,50.00,30m,1780019680,1780021480,1780021500,50.00,49.228108,0.047290,-0.776610,0.042572,-0.771892,-0.015438,sufficient,partial_market_quality,missing,0,0,1
20260529_162852,tierc-rp-2b8a974c4354915b801d,0xe47f7dba68a00dc1a6f11458bcdfca810e1cfebf,50.00,1h,1780019680,1780023280,1780023300,50.00,48.749843,0.094580,-1.302165,0.042572,-1.250157,-0.025003,sufficient,partial_market_quality,missing,0,1,1
20260529_162852,tierc-rp-2b8a974c4354915b801d,0xe47f7dba68a00dc1a6f11458bcdfca810e1cfebf,50.00,2h,1780019680,1780026880,1780026900,50.00,50.180909,0.189160,0.034321,0.042572,0.180909,0.003618,sufficient,partial_market_quality,missing,0,1,1
20260529_162852,tierc-rp-2b8a974c4354915b801d,0xe47f7dba68a00dc1a6f11458bcdfca810e1cfebf,50.00,6h,1780019680,1780041280,1780041300,50.00,50.534196,0.567481,0.009287,0.042572,0.534196,0.010684,sufficient,partial_market_quality,missing,0,0,1
20260529_162852,tierc-rp-29756f28a5158b894811,0xe47f7dba68a00dc1a6f11458bcdfca810e1cfebf,10.00,15m,1780022981,1780023881,1780023900,10.00,9.881957,0.004729,-0.121069,0.001703,-0.118043,-0.011804,sufficient,partial_market_quality,missing,0,0,1
20260529_162852,tierc-rp-29756f28a5158b894811,0xe47f7dba68a00dc1a6f11458bcdfca810e1cfebf,10.00,30m,1780022981,1780024781,1780024800,10.00,9.790678,0.009458,-0.217077,0.001703,-0.209322,-0.020932,sufficient,partial_market_quality,missing,0,0,1
20260529_162852,tierc-rp-29756f28a5158b894811,0xe47f7dba68a00dc1a6f11458bcdfca810e1cfebf,10.00,1h,1780022981,1780026581,1780026600,10.00,10.235531,0.018916,0.218318,0.001703,0.235531,0.023553,sufficient,partial_market_quality,missing,0,0,1
20260529_162852,tierc-rp-29756f28a5158b894811,0xe47f7dba68a00dc1a6f11458bcdfca810e1cfebf,10.00,2h,1780022981,1780030181,1780030200,10.00,10.567466,0.037832,0.531337,0.001703,0.567466,0.056747,sufficient,partial_market_quality,missing,0,0,1
20260529_162852,tierc-rp-29756f28a5158b894811,0xe47f7dba68a00dc1a6f11458bcdfca810e1cfebf,10.00,6h,1780022981,1780044581,,10.00,missing,0.113496,missing,0.001703,missing,missing,unknown,missing_exit_data,missing_exit_candle,0,0,1
20260529_162852,tierc-rp-bf5e504033b34528b6a1,0xe47f7dba68a00dc1a6f11458bcdfca810e1cfebf,20.00,15m,1780022981,1780023881,1780023900,20.00,19.760509,0.009458,-0.242138,0.006812,-0.239491,-0.011975,sufficient,partial_market_quality,missing,0,0,1
20260529_162852,tierc-rp-bf5e504033b34528b6a1,0xe47f7dba68a00dc1a6f11458bcdfca810e1cfebf,20.00,30m,1780022981,1780024781,1780024800,20.00,19.577951,0.018916,-0.434153,0.006812,-0.422049,-0.021102,sufficient,partial_market_quality,missing,0,0,1
20260529_162852,tierc-rp-bf5e504033b34528b6a1,0xe47f7dba68a00dc1a6f11458bcdfca810e1cfebf,20.00,1h,1780022981,1780026581,1780026600,20.00,20.467656,0.037832,0.436636,0.006812,0.467656,0.023383,sufficient,partial_market_quality,missing,0,0,1
20260529_162852,tierc-rp-bf5e504033b34528b6a1,0xe47f7dba68a00dc1a6f11458bcdfca810e1cfebf,20.00,2h,1780022981,1780030181,1780030200,20.00,21.131527,0.075664,1.062675,0.006812,1.131527,0.056576,sufficient,partial_market_quality,missing,0,0,1
20260529_162852,tierc-rp-bf5e504033b34528b6a1,0xe47f7dba68a00dc1a6f11458bcdfca810e1cfebf,20.00,6h,1780022981,1780044581,,20.00,missing,0.226992,missing,0.006812,missing,missing,unknown,missing_exit_data,missing_exit_candle,0,0,1
20260529_162852,tierc-rp-247d0a96d8cd13a54cf9,0xe47f7dba68a00dc1a6f11458bcdfca810e1cfebf,50.00,15m,1780022981,1780023881,1780023900,50.00,49.375729,0.023645,-0.605344,0.042572,-0.624271,-0.012485,sufficient,partial_market_quality,missing,0,0,1
20260529_162852,tierc-rp-247d0a96d8cd13a54cf9,0xe47f7dba68a00dc1a6f11458bcdfca810e1cfebf,50.00,30m,1780022981,1780024781,1780024800,50.00,48.919335,0.047290,-1.085383,0.042572,-1.080665,-0.021613,sufficient,partial_market_quality,missing,0,0,1
20260529_162852,tierc-rp-247d0a96d8cd13a54cf9,0xe47f7dba68a00dc1a6f11458bcdfca810e1cfebf,50.00,1h,1780022981,1780026581,1780026600,50.00,51.143598,0.094580,1.091589,0.042572,1.143598,0.022872,sufficient,partial_market_quality,missing,0,0,1
20260529_162852,tierc-rp-247d0a96d8cd13a54cf9,0xe47f7dba68a00dc1a6f11458bcdfca810e1cfebf,50.00,2h,1780022981,1780030181,1780030200,50.00,52.803275,0.189160,2.656686,0.042572,2.803275,0.056065,sufficient,partial_market_quality,missing,0,0,1
20260529_162852,tierc-rp-247d0a96d8cd13a54cf9,0xe47f7dba68a00dc1a6f11458bcdfca810e1cfebf,50.00,6h,1780022981,1780044581,,50.00,missing,0.567481,missing,0.042572,missing,missing,unknown,missing_exit_data,missing_exit_candle,0,0,1
20260529_162852,tierc-rp-d5c268c96d6a7a14352c,0xe47f7dba68a00dc1a6f11458bcdfca810e1cfebf,10.00,15m,1780023640,1780024540,1780024800,10.00,9.875881,0.004729,-0.127145,0.001703,-0.124119,-0.012412,sufficient,partial_market_quality,missing,0,0,1
20260529_162852,tierc-rp-d5c268c96d6a7a14352c,0xe47f7dba68a00dc1a6f11458bcdfca810e1cfebf,10.00,30m,1780023640,1780025440,1780025700,10.00,9.992294,0.009458,-0.015461,0.001703,-0.007706,-0.000771,sufficient,partial_market_quality,missing,0,0,1
20260529_162852,tierc-rp-d5c268c96d6a7a14352c,0xe47f7dba68a00dc1a6f11458bcdfca810e1cfebf,10.00,1h,1780023640,1780027240,1780027500,10.00,10.229471,0.018916,0.212258,0.001703,0.229471,0.022947,sufficient,partial_market_quality,missing,0,0,1
20260529_162852,tierc-rp-d5c268c96d6a7a14352c,0xe47f7dba68a00dc1a6f11458bcdfca810e1cfebf,10.00,2h,1780023640,1780030840,1780031100,10.00,10.523227,0.037832,0.487098,0.001703,0.523227,0.052323,sufficient,partial_market_quality,missing,0,0,1
20260529_162852,tierc-rp-d5c268c96d6a7a14352c,0xe47f7dba68a00dc1a6f11458bcdfca810e1cfebf,10.00,6h,1780023640,1780045240,,10.00,missing,0.113496,missing,0.001703,missing,missing,unknown,missing_exit_data,missing_exit_candle,0,0,1
20260529_162852,tierc-rp-94fe34a3466754908bcc,0xe47f7dba68a00dc1a6f11458bcdfca810e1cfebf,20.00,15m,1780023640,1780024540,1780024800,20.00,19.748356,0.009458,-0.254291,0.006812,-0.251644,-0.012582,sufficient,partial_market_quality,missing,0,0,1
20260529_162852,tierc-rp-94fe34a3466754908bcc,0xe47f7dba68a00dc1a6f11458bcdfca810e1cfebf,20.00,30m,1780023640,1780025440,1780025700,20.00,19.981183,0.018916,-0.030922,0.006812,-0.018817,-0.000941,sufficient,partial_market_quality,missing,0,0,1
20260529_162852,tierc-rp-94fe34a3466754908bcc,0xe47f7dba68a00dc1a6f11458bcdfca810e1cfebf,20.00,1h,1780023640,1780027240,1780027500,20.00,20.455537,0.037832,0.424516,0.006812,0.455537,0.022777,sufficient,partial_market_quality,missing,0,0,1
20260529_162852,tierc-rp-94fe34a3466754908bcc,0xe47f7dba68a00dc1a6f11458bcdfca810e1cfebf,20.00,2h,1780023640,1780030840,1780031100,20.00,21.043048,0.075664,0.974196,0.006812,1.043048,0.052152,sufficient,partial_market_quality,missing,0,0,1
20260529_162852,tierc-rp-94fe34a3466754908bcc,0xe47f7dba68a00dc1a6f11458bcdfca810e1cfebf,20.00,6h,1780023640,1780045240,,20.00,missing,0.226992,missing,0.006812,missing,missing,unknown,missing_exit_data,missing_exit_candle,0,0,1
20260529_162852,tierc-rp-920d16ecf66bad960eae,0xe47f7dba68a00dc1a6f11458bcdfca810e1cfebf,50.00,15m,1780023640,1780024540,1780024800,50.00,49.345346,0.023645,-0.635727,0.042572,-0.654654,-0.013093,sufficient,partial_market_quality,missing,0,0,1
20260529_162852,tierc-rp-920d16ecf66bad960eae,0xe47f7dba68a00dc1a6f11458bcdfca810e1cfebf,50.00,30m,1780023640,1780025440,1780025700,50.00,49.927414,0.047290,-0.077304,0.042572,-0.072586,-0.001452,sufficient,partial_market_quality,missing,0,0,1
20260529_162852,tierc-rp-920d16ecf66bad960eae,0xe47f7dba68a00dc1a6f11458bcdfca810e1cfebf,50.00,1h,1780023640,1780027240,1780027500,50.00,51.113299,0.094580,1.061291,0.042572,1.113299,0.022266,sufficient,partial_market_quality,missing,0,0,1
20260529_162852,tierc-rp-920d16ecf66bad960eae,0xe47f7dba68a00dc1a6f11458bcdfca810e1cfebf,50.00,2h,1780023640,1780030840,1780031100,50.00,52.582078,0.189160,2.435490,0.042572,2.582078,0.051642,sufficient,partial_market_quality,missing,0,0,1
20260529_162852,tierc-rp-920d16ecf66bad960eae,0xe47f7dba68a00dc1a6f11458bcdfca810e1cfebf,50.00,6h,1780023640,1780045240,,50.00,missing,0.567481,missing,0.042572,missing,missing,unknown,missing_exit_data,missing_exit_candle,0,0,1
20260529_162852,tierc-rp-539fcf2fc9c2ea62e7fc,0xe47f7dba68a00dc1a6f11458bcdfca810e1cfebf,10.00,15m,1780030480,1780031380,1780031400,10.00,9.679649,0.004729,-0.323377,0.001703,-0.320351,-0.032035,sufficient,partial_market_quality,missing,0,0,1
20260529_162852,tierc-rp-539fcf2fc9c2ea62e7fc,0xe47f7dba68a00dc1a6f11458bcdfca810e1cfebf,10.00,30m,1780030480,1780032280,1780032300,10.00,9.729201,0.009458,-0.278554,0.001703,-0.270799,-0.027080,sufficient,partial_market_quality,missing,0,1,1
20260529_162852,tierc-rp-539fcf2fc9c2ea62e7fc,0xe47f7dba68a00dc1a6f11458bcdfca810e1cfebf,10.00,1h,1780030480,1780034080,1780034700,10.00,9.836624,0.018916,-0.180589,0.001703,-0.163376,-0.016338,sufficient,partial_market_quality,missing,0,0,1
20260529_162852,tierc-rp-539fcf2fc9c2ea62e7fc,0xe47f7dba68a00dc1a6f11458bcdfca810e1cfebf,10.00,2h,1780030480,1780037680,1780037700,10.00,9.642032,0.037832,-0.394097,0.001703,-0.357968,-0.035797,sufficient,partial_market_quality,missing,0,1,1
20260529_162852,tierc-rp-539fcf2fc9c2ea62e7fc,0xe47f7dba68a00dc1a6f11458bcdfca810e1cfebf,10.00,6h,1780030480,1780052080,,10.00,missing,0.113496,missing,0.001703,missing,missing,unknown,missing_exit_data,missing_exit_candle,0,0,1
20260529_162852,tierc-rp-a09f64614c0336f4af9c,0xe47f7dba68a00dc1a6f11458bcdfca810e1cfebf,20.00,15m,1780030480,1780031380,1780031400,20.00,19.355892,0.009458,-0.646754,0.006812,-0.644108,-0.032205,sufficient,partial_market_quality,missing,0,0,1
20260529_162852,tierc-rp-a09f64614c0336f4af9c,0xe47f7dba68a00dc1a6f11458bcdfca810e1cfebf,20.00,30m,1780030480,1780032280,1780032300,20.00,19.454997,0.018916,-0.557108,0.006812,-0.545003,-0.027250,sufficient,partial_market_quality,missing,0,1,1
20260529_162852,tierc-rp-a09f64614c0336f4af9c,0xe47f7dba68a00dc1a6f11458bcdfca810e1cfebf,20.00,1h,1780030480,1780034080,1780034700,20.00,19.669842,0.037832,-0.361179,0.006812,-0.330158,-0.016508,sufficient,partial_market_quality,missing,0,0,1
20260529_162852,tierc-rp-a09f64614c0336f4af9c,0xe47f7dba68a00dc1a6f11458bcdfca810e1cfebf,20.00,2h,1780030480,1780037680,1780037700,20.00,19.280659,0.075664,-0.788193,0.006812,-0.719341,-0.035967,sufficient,partial_market_quality,missing,0,1,1
20260529_162852,tierc-rp-a09f64614c0336f4af9c,0xe47f7dba68a00dc1a6f11458bcdfca810e1cfebf,20.00,6h,1780030480,1780052080,,20.00,missing,0.226992,missing,0.006812,missing,missing,unknown,missing_exit_data,missing_exit_candle,0,0,1
20260529_162852,tierc-rp-9db0b473a822538118f7,0xe47f7dba68a00dc1a6f11458bcdfca810e1cfebf,50.00,15m,1780030480,1780031380,1780031400,50.00,48.364187,0.023645,-1.616886,0.042572,-1.635813,-0.032716,sufficient,partial_market_quality,missing,0,0,1
20260529_162852,tierc-rp-9db0b473a822538118f7,0xe47f7dba68a00dc1a6f11458bcdfca810e1cfebf,50.00,30m,1780030480,1780032280,1780032300,50.00,48.611948,0.047290,-1.392770,0.042572,-1.388052,-0.027761,sufficient,partial_market_quality,missing,0,1,1
20260529_162852,tierc-rp-9db0b473a822538118f7,0xe47f7dba68a00dc1a6f11458bcdfca810e1cfebf,50.00,1h,1780030480,1780034080,1780034700,50.00,49.149062,0.094580,-0.902946,0.042572,-0.850938,-0.017019,sufficient,partial_market_quality,missing,0,0,1
20260529_162852,tierc-rp-9db0b473a822538118f7,0xe47f7dba68a00dc1a6f11458bcdfca810e1cfebf,50.00,2h,1780030480,1780037680,1780037700,50.00,48.176105,0.189160,-1.970483,0.042572,-1.823895,-0.036478,sufficient,partial_market_quality,missing,0,1,1
20260529_162852,tierc-rp-9db0b473a822538118f7,0xe47f7dba68a00dc1a6f11458bcdfca810e1cfebf,50.00,6h,1780030480,1780052080,,50.00,missing,0.567481,missing,0.042572,missing,missing,unknown,missing_exit_data,missing_exit_candle,0,0,1
20260529_162852,tierc-rp-a82c229369662e962fca,0xe47f7dba68a00dc1a6f11458bcdfca810e1cfebf,10.00,15m,1780034260,1780035160,1780035300,10.00,10.178631,0.004729,0.175605,0.001703,0.178631,0.017863,sufficient,partial_market_quality,missing,0,1,1
20260529_162852,tierc-rp-a82c229369662e962fca,0xe47f7dba68a00dc1a6f11458bcdfca810e1cfebf,10.00,30m,1780034260,1780036060,1780036200,10.00,10.102611,0.009458,0.094856,0.001703,0.102611,0.010261,sufficient,partial_market_quality,missing,0,1,1
20260529_162852,tierc-rp-a82c229369662e962fca,0xe47f7dba68a00dc1a6f11458bcdfca810e1cfebf,10.00,1h,1780034260,1780037860,1780038000,10.00,10.061790,0.018916,0.044576,0.001703,0.061790,0.006179,sufficient,partial_market_quality,missing,0,1,1
20260529_162852,tierc-rp-a82c229369662e962fca,0xe47f7dba68a00dc1a6f11458bcdfca810e1cfebf,10.00,2h,1780034260,1780041460,1780041600,10.00,10.225731,0.037832,0.189602,0.001703,0.225731,0.022573,sufficient,partial_market_quality,missing,0,0,1
20260529_162852,tierc-rp-a82c229369662e962fca,0xe47f7dba68a00dc1a6f11458bcdfca810e1cfebf,10.00,6h,1780034260,1780055860,,10.00,missing,0.113496,missing,0.001703,missing,missing,unknown,missing_exit_data,missing_exit_candle,0,0,1
20260529_162852,tierc-rp-6c464612486b321731b7,0xe47f7dba68a00dc1a6f11458bcdfca810e1cfebf,20.00,15m,1780034260,1780035160,1780035300,20.00,20.353856,0.009458,0.351209,0.006812,0.353856,0.017693,sufficient,partial_market_quality,missing,0,1,1
20260529_162852,tierc-rp-6c464612486b321731b7,0xe47f7dba68a00dc1a6f11458bcdfca810e1cfebf,20.00,30m,1780034260,1780036060,1780036200,20.00,20.201817,0.018916,0.189712,0.006812,0.201817,0.010091,sufficient,partial_market_quality,missing,0,1,1
20260529_162852,tierc-rp-6c464612486b321731b7,0xe47f7dba68a00dc1a6f11458bcdfca810e1cfebf,20.00,1h,1780034260,1780037860,1780038000,20.00,20.120173,0.037832,0.089153,0.006812,0.120173,0.006009,sufficient,partial_market_quality,missing,0,1,1
20260529_162852,tierc-rp-6c464612486b321731b7,0xe47f7dba68a00dc1a6f11458bcdfca810e1cfebf,20.00,2h,1780034260,1780041460,1780041600,20.00,20.448056,0.075664,0.379204,0.006812,0.448056,0.022403,sufficient,partial_market_quality,missing,0,0,1
20260529_162852,tierc-rp-6c464612486b321731b7,0xe47f7dba68a00dc1a6f11458bcdfca810e1cfebf,20.00,6h,1780034260,1780055860,,20.00,missing,0.226992,missing,0.006812,missing,missing,unknown,missing_exit_data,missing_exit_candle,0,0,1
20260529_162852,tierc-rp-f26ac773b882a9338a06,0xe47f7dba68a00dc1a6f11458bcdfca810e1cfebf,50.00,15m,1780034260,1780035160,1780035300,50.00,50.859096,0.023645,0.878023,0.042572,0.859096,0.017182,sufficient,partial_market_quality,missing,0,1,1
20260529_162852,tierc-rp-f26ac773b882a9338a06,0xe47f7dba68a00dc1a6f11458bcdfca810e1cfebf,50.00,30m,1780034260,1780036060,1780036200,50.00,50.478998,0.047290,0.474280,0.042572,0.478998,0.009580,sufficient,partial_market_quality,missing,0,1,1
20260529_162852,tierc-rp-f26ac773b882a9338a06,0xe47f7dba68a00dc1a6f11458bcdfca810e1cfebf,50.00,1h,1780034260,1780037860,1780038000,50.00,50.274890,0.094580,0.222882,0.042572,0.274890,0.005498,sufficient,partial_market_quality,missing,0,1,1
20260529_162852,tierc-rp-f26ac773b882a9338a06,0xe47f7dba68a00dc1a6f11458bcdfca810e1cfebf,50.00,2h,1780034260,1780041460,1780041600,50.00,51.094598,0.189160,0.948009,0.042572,1.094598,0.021892,sufficient,partial_market_quality,missing,0,0,1
20260529_162852,tierc-rp-f26ac773b882a9338a06,0xe47f7dba68a00dc1a6f11458bcdfca810e1cfebf,50.00,6h,1780034260,1780055860,,50.00,missing,0.567481,missing,0.042572,missing,missing,unknown,missing_exit_data,missing_exit_candle,0,0,1
20260529_162852,tierc-rp-4e6b444405e17c33cfef,0xe47f7dba68a00dc1a6f11458bcdfca810e1cfebf,10.00,15m,1780036480,1780037380,1780037700,10.00,9.895838,0.004729,-0.107189,0.001703,-0.104162,-0.010416,sufficient,partial_market_quality,missing,0,0,1
20260529_162852,tierc-rp-4e6b444405e17c33cfef,0xe47f7dba68a00dc1a6f11458bcdfca810e1cfebf,10.00,30m,1780036480,1780038280,1780038600,10.00,10.061546,0.009458,0.053791,0.001703,0.061546,0.006155,sufficient,partial_market_quality,missing,0,0,1
20260529_162852,tierc-rp-4e6b444405e17c33cfef,0xe47f7dba68a00dc1a6f11458bcdfca810e1cfebf,10.00,1h,1780036480,1780040080,1780040100,10.00,9.790557,0.018916,-0.226656,0.001703,-0.209443,-0.020944,sufficient,partial_market_quality,missing,0,0,1
20260529_162852,tierc-rp-4e6b444405e17c33cfef,0xe47f7dba68a00dc1a6f11458bcdfca810e1cfebf,10.00,2h,1780036480,1780043680,,10.00,missing,0.037832,missing,0.001703,missing,missing,unknown,missing_exit_data,missing_exit_candle,0,0,1
20260529_162852,tierc-rp-4e6b444405e17c33cfef,0xe47f7dba68a00dc1a6f11458bcdfca810e1cfebf,10.00,6h,1780036480,1780058080,,10.00,missing,0.113496,missing,0.001703,missing,missing,unknown,missing_exit_data,missing_exit_candle,0,0,1
20260529_162852,tierc-rp-aaefbff7bc746b5f3473,0xe47f7dba68a00dc1a6f11458bcdfca810e1cfebf,20.00,15m,1780036480,1780037380,1780037700,20.00,19.788269,0.009458,-0.214377,0.006812,-0.211731,-0.010587,sufficient,partial_market_quality,missing,0,0,1
20260529_162852,tierc-rp-aaefbff7bc746b5f3473,0xe47f7dba68a00dc1a6f11458bcdfca810e1cfebf,20.00,30m,1780036480,1780038280,1780038600,20.00,20.119686,0.018916,0.107582,0.006812,0.119686,0.005984,sufficient,partial_market_quality,missing,0,0,1
20260529_162852,tierc-rp-aaefbff7bc746b5f3473,0xe47f7dba68a00dc1a6f11458bcdfca810e1cfebf,20.00,1h,1780036480,1780040080,1780040100,20.00,19.577709,0.037832,-0.453312,0.006812,-0.422291,-0.021115,sufficient,partial_market_quality,missing,0,0,1
20260529_162852,tierc-rp-aaefbff7bc746b5f3473,0xe47f7dba68a00dc1a6f11458bcdfca810e1cfebf,20.00,2h,1780036480,1780043680,,20.00,missing,0.075664,missing,0.006812,missing,missing,unknown,missing_exit_data,missing_exit_candle,0,0,1
20260529_162852,tierc-rp-aaefbff7bc746b5f3473,0xe47f7dba68a00dc1a6f11458bcdfca810e1cfebf,20.00,6h,1780036480,1780058080,,20.00,missing,0.226992,missing,0.006812,missing,missing,unknown,missing_exit_data,missing_exit_candle,0,0,1
20260529_162852,tierc-rp-ba1e1cc4969669da2e24,0xe47f7dba68a00dc1a6f11458bcdfca810e1cfebf,50.00,15m,1780036480,1780037380,1780037700,50.00,49.445130,0.023645,-0.535943,0.042572,-0.554870,-0.011097,sufficient,partial_market_quality,missing,0,0,1
20260529_162852,tierc-rp-ba1e1cc4969669da2e24,0xe47f7dba68a00dc1a6f11458bcdfca810e1cfebf,50.00,30m,1780036480,1780038280,1780038600,50.00,50.273672,0.047290,0.268954,0.042572,0.273672,0.005473,sufficient,partial_market_quality,missing,0,0,1
20260529_162852,tierc-rp-ba1e1cc4969669da2e24,0xe47f7dba68a00dc1a6f11458bcdfca810e1cfebf,50.00,1h,1780036480,1780040080,1780040100,50.00,48.918729,0.094580,-1.133279,0.042572,-1.081271,-0.021625,sufficient,partial_market_quality,missing,0,0,1
20260529_162852,tierc-rp-ba1e1cc4969669da2e24,0xe47f7dba68a00dc1a6f11458bcdfca810e1cfebf,50.00,2h,1780036480,1780043680,,50.00,missing,0.189160,missing,0.042572,missing,missing,unknown,missing_exit_data,missing_exit_candle,0,0,1
20260529_162852,tierc-rp-ba1e1cc4969669da2e24,0xe47f7dba68a00dc1a6f11458bcdfca810e1cfebf,50.00,6h,1780036480,1780058080,,50.00,missing,0.567481,missing,0.042572,missing,missing,unknown,missing_exit_data,missing_exit_candle,0,0,1
20260529_162852,tierc-rp-998b8ae2106251df4efd,0xe47f7dba68a00dc1a6f11458bcdfca810e1cfebf,10.00,15m,1780038040,1780038940,1780039500,10.00,10.047311,0.004729,0.044285,0.001703,0.047311,0.004731,sufficient,partial_market_quality,missing,0,1,1
20260529_162852,tierc-rp-998b8ae2106251df4efd,0xe47f7dba68a00dc1a6f11458bcdfca810e1cfebf,10.00,30m,1780038040,1780039840,1780040100,10.00,9.830021,0.009458,-0.177734,0.001703,-0.169979,-0.016998,sufficient,partial_market_quality,missing,0,1,1
20260529_162852,tierc-rp-998b8ae2106251df4efd,0xe47f7dba68a00dc1a6f11458bcdfca810e1cfebf,10.00,1h,1780038040,1780041640,1780041900,10.00,10.029968,0.018916,0.012755,0.001703,0.029968,0.002997,sufficient,partial_market_quality,missing,0,0,1
20260529_162852,tierc-rp-998b8ae2106251df4efd,0xe47f7dba68a00dc1a6f11458bcdfca810e1cfebf,10.00,2h,1780038040,1780045240,,10.00,missing,0.037832,missing,0.001703,missing,missing,unknown,missing_exit_data,missing_exit_candle,0,0,1
20260529_162852,tierc-rp-998b8ae2106251df4efd,0xe47f7dba68a00dc1a6f11458bcdfca810e1cfebf,10.00,6h,1780038040,1780059640,,10.00,missing,0.113496,missing,0.001703,missing,missing,unknown,missing_exit_data,missing_exit_candle,0,0,1
20260529_162852,tierc-rp-45be627fc2ba20f6aba9,0xe47f7dba68a00dc1a6f11458bcdfca810e1cfebf,20.00,15m,1780038040,1780038940,1780039500,20.00,20.091216,0.009458,0.088569,0.006812,0.091216,0.004561,sufficient,partial_market_quality,missing,0,1,1
20260529_162852,tierc-rp-45be627fc2ba20f6aba9,0xe47f7dba68a00dc1a6f11458bcdfca810e1cfebf,20.00,30m,1780038040,1780039840,1780040100,20.00,19.656637,0.018916,-0.355468,0.006812,-0.343363,-0.017168,sufficient,partial_market_quality,missing,0,1,1
20260529_162852,tierc-rp-45be627fc2ba20f6aba9,0xe47f7dba68a00dc1a6f11458bcdfca810e1cfebf,20.00,1h,1780038040,1780041640,1780041900,20.00,20.056531,0.037832,0.025510,0.006812,0.056531,0.002827,sufficient,partial_market_quality,missing,0,0,1
20260529_162852,tierc-rp-45be627fc2ba20f6aba9,0xe47f7dba68a00dc1a6f11458bcdfca810e1cfebf,20.00,2h,1780038040,1780045240,,20.00,missing,0.075664,missing,0.006812,missing,missing,unknown,missing_exit_data,missing_exit_candle,0,0,1
20260529_162852,tierc-rp-45be627fc2ba20f6aba9,0xe47f7dba68a00dc1a6f11458bcdfca810e1cfebf,20.00,6h,1780038040,1780059640,,20.00,missing,0.226992,missing,0.006812,missing,missing,unknown,missing_exit_data,missing_exit_candle,0,0,1
20260529_162852,tierc-rp-f4776ab1254025bbb602,0xe47f7dba68a00dc1a6f11458bcdfca810e1cfebf,50.00,15m,1780038040,1780038940,1780039500,50.00,50.202496,0.023645,0.221423,0.042572,0.202496,0.004050,sufficient,partial_market_quality,missing,0,1,1
20260529_162852,tierc-rp-f4776ab1254025bbb602,0xe47f7dba68a00dc1a6f11458bcdfca810e1cfebf,50.00,30m,1780038040,1780039840,1780040100,50.00,49.116049,0.047290,-0.888669,0.042572,-0.883951,-0.017679,sufficient,partial_market_quality,missing,0,1,1
20260529_162852,tierc-rp-f4776ab1254025bbb602,0xe47f7dba68a00dc1a6f11458bcdfca810e1cfebf,50.00,1h,1780038040,1780041640,1780041900,50.00,50.115783,0.094580,0.063775,0.042572,0.115783,0.002316,sufficient,partial_market_quality,missing,0,0,1
20260529_162852,tierc-rp-f4776ab1254025bbb602,0xe47f7dba68a00dc1a6f11458bcdfca810e1cfebf,50.00,2h,1780038040,1780045240,,50.00,missing,0.189160,missing,0.042572,missing,missing,unknown,missing_exit_data,missing_exit_candle,0,0,1
20260529_162852,tierc-rp-f4776ab1254025bbb602,0xe47f7dba68a00dc1a6f11458bcdfca810e1cfebf,50.00,6h,1780038040,1780059640,,50.00,missing,0.567481,missing,0.042572,missing,missing,unknown,missing_exit_data,missing_exit_candle,0,0,1
20260529_162852,tierc-rp-5bdbb20ced4f92f0012d,0xe47f7dba68a00dc1a6f11458bcdfca810e1cfebf,10.00,15m,1780041640,1780042540,1780042800,10.00,9.660400,0.004729,-0.342626,0.001703,-0.339600,-0.033960,sufficient,partial_market_quality,missing,0,1,1
20260529_162852,tierc-rp-5bdbb20ced4f92f0012d,0xe47f7dba68a00dc1a6f11458bcdfca810e1cfebf,10.00,30m,1780041640,1780043440,,10.00,missing,0.009458,missing,0.001703,missing,missing,unknown,missing_exit_data,missing_exit_candle,0,0,1
20260529_162852,tierc-rp-5bdbb20ced4f92f0012d,0xe47f7dba68a00dc1a6f11458bcdfca810e1cfebf,10.00,1h,1780041640,1780045240,,10.00,missing,0.018916,missing,0.001703,missing,missing,unknown,missing_exit_data,missing_exit_candle,0,0,1
20260529_162852,tierc-rp-5bdbb20ced4f92f0012d,0xe47f7dba68a00dc1a6f11458bcdfca810e1cfebf,10.00,2h,1780041640,1780048840,,10.00,missing,0.037832,missing,0.001703,missing,missing,unknown,missing_exit_data,missing_exit_candle,0,0,1
20260529_162852,tierc-rp-5bdbb20ced4f92f0012d,0xe47f7dba68a00dc1a6f11458bcdfca810e1cfebf,10.00,6h,1780041640,1780063240,,10.00,missing,0.113496,missing,0.001703,missing,missing,unknown,missing_exit_data,missing_exit_candle,0,0,1
20260529_162852,tierc-rp-426021aae50b2f19400b,0xe47f7dba68a00dc1a6f11458bcdfca810e1cfebf,20.00,15m,1780041640,1780042540,1780042800,20.00,19.317394,0.009458,-0.685253,0.006812,-0.682606,-0.034130,sufficient,partial_market_quality,missing,0,1,1
20260529_162852,tierc-rp-426021aae50b2f19400b,0xe47f7dba68a00dc1a6f11458bcdfca810e1cfebf,20.00,30m,1780041640,1780043440,,20.00,missing,0.018916,missing,0.006812,missing,missing,unknown,missing_exit_data,missing_exit_candle,0,0,1
20260529_162852,tierc-rp-426021aae50b2f19400b,0xe47f7dba68a00dc1a6f11458bcdfca810e1cfebf,20.00,1h,1780041640,1780045240,,20.00,missing,0.037832,missing,0.006812,missing,missing,unknown,missing_exit_data,missing_exit_candle,0,0,1
20260529_162852,tierc-rp-426021aae50b2f19400b,0xe47f7dba68a00dc1a6f11458bcdfca810e1cfebf,20.00,2h,1780041640,1780048840,,20.00,missing,0.075664,missing,0.006812,missing,missing,unknown,missing_exit_data,missing_exit_candle,0,0,1
20260529_162852,tierc-rp-426021aae50b2f19400b,0xe47f7dba68a00dc1a6f11458bcdfca810e1cfebf,20.00,6h,1780041640,1780063240,,20.00,missing,0.226992,missing,0.006812,missing,missing,unknown,missing_exit_data,missing_exit_candle,0,0,1
20260529_162852,tierc-rp-2aff77724ad7f5539b6e,0xe47f7dba68a00dc1a6f11458bcdfca810e1cfebf,50.00,15m,1780041640,1780042540,1780042800,50.00,48.267941,0.023645,-1.713132,0.042572,-1.732059,-0.034641,sufficient,partial_market_quality,missing,0,1,1
20260529_162852,tierc-rp-2aff77724ad7f5539b6e,0xe47f7dba68a00dc1a6f11458bcdfca810e1cfebf,50.00,30m,1780041640,1780043440,,50.00,missing,0.047290,missing,0.042572,missing,missing,unknown,missing_exit_data,missing_exit_candle,0,0,1
20260529_162852,tierc-rp-2aff77724ad7f5539b6e,0xe47f7dba68a00dc1a6f11458bcdfca810e1cfebf,50.00,1h,1780041640,1780045240,,50.00,missing,0.094580,missing,0.042572,missing,missing,unknown,missing_exit_data,missing_exit_candle,0,0,1
20260529_162852,tierc-rp-2aff77724ad7f5539b6e,0xe47f7dba68a00dc1a6f11458bcdfca810e1cfebf,50.00,2h,1780041640,1780048840,,50.00,missing,0.189160,missing,0.042572,missing,missing,unknown,missing_exit_data,missing_exit_candle,0,0,1
20260529_162852,tierc-rp-2aff77724ad7f5539b6e,0xe47f7dba68a00dc1a6f11458bcdfca810e1cfebf,50.00,6h,1780041640,1780063240,,50.00,missing,0.567481,missing,0.042572,missing,missing,unknown,missing_exit_data,missing_exit_candle,0,0,1
