run_id,research_position_id,pool_id,token_pair,entry_time,verdict_at_entry,entry_reason,simulated_entry_value_usd,fee_opportunity_score,volatility_risk_score,holder_concentration_risk,liquidity_exit_risk,data_quality_score,risk_flags,source_decision_trace_id,created_at
20260529_162852,tierc-rp-b0b5492cd8c452e253bb,0x7cb770d0513c30e0cb45e4899e4a2cbeed6f9830,0x0B3E328455C4059EEB9E3F84B5543F74E24E7E1B/0x833589FCD6EDB6E08F4C7C32D4F71B54BDA02913,1779870700,MICRO_CANDIDATE,counterfactual_research_universe_v1,10.00,8.40,0.00,0.00,0.00,0.00,[],shadow-trace-6a31bdaad124a9574b97eaf6,1780043537
20260529_162852,tierc-rp-1e7bdd1c769c3d9098a4,0x7cb770d0513c30e0cb45e4899e4a2cbeed6f9830,0x0B3E328455C4059EEB9E3F84B5543F74E24E7E1B/0x833589FCD6EDB6E08F4C7C32D4F71B54BDA02913,1779870700,MICRO_CANDIDATE,counterfactual_research_universe_v1,20.00,8.40,0.00,0.00,0.00,0.00,[],shadow-trace-6a31bdaad124a9574b97eaf6,1780043537
20260529_162852,tierc-rp-5552e644e66830caba54,0x7cb770d0513c30e0cb45e4899e4a2cbeed6f9830,0x0B3E328455C4059EEB9E3F84B5543F74E24E7E1B/0x833589FCD6EDB6E08F4C7C32D4F71B54BDA02913,1779870700,MICRO_CANDIDATE,counterfactual_research_universe_v1,50.00,8.40,0.00,0.00,0.00,0.00,[],shadow-trace-6a31bdaad124a9574b97eaf6,1780043537
20260529_162852,tierc-rp-5e2e7409901ceda32e7a,0x7cb770d0513c30e0cb45e4899e4a2cbeed6f9830,0x0B3E328455C4059EEB9E3F84B5543F74E24E7E1B/0x833589FCD6EDB6E08F4C7C32D4F71B54BDA02913,1779872440,MICRO_CANDIDATE,counterfactual_research_universe_v1,10.00,8.40,0.00,0.00,0.00,0.00,[],shadow-trace-100825e049a542b81bc318a6,1780043537
20260529_162852,tierc-rp-55a2a0ff781077567fd1,0x7cb770d0513c30e0cb45e4899e4a2cbeed6f9830,0x0B3E328455C4059EEB9E3F84B5543F74E24E7E1B/0x833589FCD6EDB6E08F4C7C32D4F71B54BDA02913,1779872440,MICRO_CANDIDATE,counterfactual_research_universe_v1,20.00,8.40,0.00,0.00,0.00,0.00,[],shadow-trace-100825e049a542b81bc318a6,1780043537
20260529_162852,tierc-rp-baf23ed99429fd331b4e,0x7cb770d0513c30e0cb45e4899e4a2cbeed6f9830,0x0B3E328455C4059EEB9E3F84B5543F74E24E7E1B/0x833589FCD6EDB6E08F4C7C32D4F71B54BDA02913,1779872440,MICRO_CANDIDATE,counterfactual_research_universe_v1,50.00,8.40,0.00,0.00,0.00,0.00,[],shadow-trace-100825e049a542b81bc318a6,1780043537
20260529_162852,tierc-rp-2ec3d4566ec733565c27,0x7cb770d0513c30e0cb45e4899e4a2cbeed6f9830,0x0B3E328455C4059EEB9E3F84B5543F74E24E7E1B/0x833589FCD6EDB6E08F4C7C32D4F71B54BDA02913,1779876040,MICRO_CANDIDATE,counterfactual_research_universe_v1,10.00,8.40,0.00,0.00,0.00,0.00,[],shadow-trace-2f97598456dffbaea63ec788,1780043537
20260529_162852,tierc-rp-9deb4dee153a11499819,0x7cb770d0513c30e0cb45e4899e4a2cbeed6f9830,0x0B3E328455C4059EEB9E3F84B5543F74E24E7E1B/0x833589FCD6EDB6E08F4C7C32D4F71B54BDA02913,1779876040,MICRO_CANDIDATE,counterfactual_research_universe_v1,20.00,8.40,0.00,0.00,0.00,0.00,[],shadow-trace-2f97598456dffbaea63ec788,1780043537
20260529_162852,tierc-rp-ebba115cbff4bb900c15,0x7cb770d0513c30e0cb45e4899e4a2cbeed6f9830,0x0B3E328455C4059EEB9E3F84B5543F74E24E7E1B/0x833589FCD6EDB6E08F4C7C32D4F71B54BDA02913,1779876040,MICRO_CANDIDATE,counterfactual_research_universe_v1,50.00,8.40,0.00,0.00,0.00,0.00,[],shadow-trace-2f97598456dffbaea63ec788,1780043537
20260529_162852,tierc-rp-c49f458bd85c96afcf1f,0x7cb770d0513c30e0cb45e4899e4a2cbeed6f9830,0x0B3E328455C4059EEB9E3F84B5543F74E24E7E1B/0x833589FCD6EDB6E08F4C7C32D4F71B54BDA02913,1779879640,MICRO_CANDIDATE,counterfactual_research_universe_v1,10.00,8.40,0.00,0.00,0.00,0.00,[],shadow-trace-66bc34cb1c0f81d93be70de8,1780043537
20260529_162852,tierc-rp-5413eaee296cecf126e2,0x7cb770d0513c30e0cb45e4899e4a2cbeed6f9830,0x0B3E328455C4059EEB9E3F84B5543F74E24E7E1B/0x833589FCD6EDB6E08F4C7C32D4F71B54BDA02913,1779879640,MICRO_CANDIDATE,counterfactual_research_universe_v1,20.00,8.40,0.00,0.00,0.00,0.00,[],shadow-trace-66bc34cb1c0f81d93be70de8,1780043537
20260529_162852,tierc-rp-99fb4380f7f24a73c24d,0x7cb770d0513c30e0cb45e4899e4a2cbeed6f9830,0x0B3E328455C4059EEB9E3F84B5543F74E24E7E1B/0x833589FCD6EDB6E08F4C7C32D4F71B54BDA02913,1779879640,MICRO_CANDIDATE,counterfactual_research_universe_v1,50.00,8.40,0.00,0.00,0.00,0.00,[],shadow-trace-66bc34cb1c0f81d93be70de8,1780043537
20260529_162852,tierc-rp-e1cf2f00e2ee271052f2,0x7cb770d0513c30e0cb45e4899e4a2cbeed6f9830,0x0B3E328455C4059EEB9E3F84B5543F74E24E7E1B/0x833589FCD6EDB6E08F4C7C32D4F71B54BDA02913,1779883239,MICRO_CANDIDATE,counterfactual_research_universe_v1,10.00,8.40,0.00,0.00,0.00,0.00,[],shadow-trace-20552887ec7c0a4ec0a1b1b3,1780043537
20260529_162852,tierc-rp-a7032a47c2e0d476444d,0x7cb770d0513c30e0cb45e4899e4a2cbeed6f9830,0x0B3E328455C4059EEB9E3F84B5543F74E24E7E1B/0x833589FCD6EDB6E08F4C7C32D4F71B54BDA02913,1779883239,MICRO_CANDIDATE,counterfactual_research_universe_v1,20.00,8.40,0.00,0.00,0.00,0.00,[],shadow-trace-20552887ec7c0a4ec0a1b1b3,1780043537
20260529_162852,tierc-rp-34fd266a096cb0f54320,0x7cb770d0513c30e0cb45e4899e4a2cbeed6f9830,0x0B3E328455C4059EEB9E3F84B5543F74E24E7E1B/0x833589FCD6EDB6E08F4C7C32D4F71B54BDA02913,1779883239,MICRO_CANDIDATE,counterfactual_research_universe_v1,50.00,8.40,0.00,0.00,0.00,0.00,[],shadow-trace-20552887ec7c0a4ec0a1b1b3,1780043537
20260529_162852,tierc-rp-e5e76761d3ade3f17f49,0x7cb770d0513c30e0cb45e4899e4a2cbeed6f9830,0x0B3E328455C4059EEB9E3F84B5543F74E24E7E1B/0x833589FCD6EDB6E08F4C7C32D4F71B54BDA02913,1779886842,MICRO_CANDIDATE,counterfactual_research_universe_v1,10.00,8.40,0.00,0.00,0.00,0.00,[],shadow-trace-58bf83a71eb88a1ce8817f4d,1780043537
20260529_162852,tierc-rp-97bc5fa2d33928887e36,0x7cb770d0513c30e0cb45e4899e4a2cbeed6f9830,0x0B3E328455C4059EEB9E3F84B5543F74E24E7E1B/0x833589FCD6EDB6E08F4C7C32D4F71B54BDA02913,1779886842,MICRO_CANDIDATE,counterfactual_research_universe_v1,20.00,8.40,0.00,0.00,0.00,0.00,[],shadow-trace-58bf83a71eb88a1ce8817f4d,1780043537
20260529_162852,tierc-rp-93975eb4b9566576b011,0x7cb770d0513c30e0cb45e4899e4a2cbeed6f9830,0x0B3E328455C4059EEB9E3F84B5543F74E24E7E1B/0x833589FCD6EDB6E08F4C7C32D4F71B54BDA02913,1779886842,MICRO_CANDIDATE,counterfactual_research_universe_v1,50.00,8.40,0.00,0.00,0.00,0.00,[],shadow-trace-58bf83a71eb88a1ce8817f4d,1780043537
20260529_162852,tierc-rp-adad6d3cc74ce5f7b80d,0x7cb770d0513c30e0cb45e4899e4a2cbeed6f9830,0x0B3E328455C4059EEB9E3F84B5543F74E24E7E1B/0x833589FCD6EDB6E08F4C7C32D4F71B54BDA02913,1779890441,MICRO_CANDIDATE,counterfactual_research_universe_v1,10.00,8.40,0.00,0.00,0.00,0.00,[],shadow-trace-009f7c84cadc5e2cbfee2bb3,1780043537
20260529_162852,tierc-rp-9ae95805af462a65e625,0x7cb770d0513c30e0cb45e4899e4a2cbeed6f9830,0x0B3E328455C4059EEB9E3F84B5543F74E24E7E1B/0x833589FCD6EDB6E08F4C7C32D4F71B54BDA02913,1779890441,MICRO_CANDIDATE,counterfactual_research_universe_v1,20.00,8.40,0.00,0.00,0.00,0.00,[],shadow-trace-009f7c84cadc5e2cbfee2bb3,1780043537
20260529_162852,tierc-rp-bbd88c60b9cbfe9cd55d,0x7cb770d0513c30e0cb45e4899e4a2cbeed6f9830,0x0B3E328455C4059EEB9E3F84B5543F74E24E7E1B/0x833589FCD6EDB6E08F4C7C32D4F71B54BDA02913,1779890441,MICRO_CANDIDATE,counterfactual_research_universe_v1,50.00,8.40,0.00,0.00,0.00,0.00,[],shadow-trace-009f7c84cadc5e2cbfee2bb3,1780043537
20260529_162852,tierc-rp-f295221b46a830c77a4d,0x7cb770d0513c30e0cb45e4899e4a2cbeed6f9830,0x0B3E328455C4059EEB9E3F84B5543F74E24E7E1B/0x833589FCD6EDB6E08F4C7C32D4F71B54BDA02913,1779894039,MICRO_CANDIDATE,counterfactual_research_universe_v1,10.00,8.40,0.00,0.00,0.00,0.00,[],shadow-trace-e647d8672808ab0f3bd61f79,1780043537
20260529_162852,tierc-rp-f7005ee1ce66533c432c,0x7cb770d0513c30e0cb45e4899e4a2cbeed6f9830,0x0B3E328455C4059EEB9E3F84B5543F74E24E7E1B/0x833589FCD6EDB6E08F4C7C32D4F71B54BDA02913,1779894039,MICRO_CANDIDATE,counterfactual_research_universe_v1,20.00,8.40,0.00,0.00,0.00,0.00,[],shadow-trace-e647d8672808ab0f3bd61f79,1780043537
20260529_162852,tierc-rp-4c836eedc4ec652746c6,0x7cb770d0513c30e0cb45e4899e4a2cbeed6f9830,0x0B3E328455C4059EEB9E3F84B5543F74E24E7E1B/0x833589FCD6EDB6E08F4C7C32D4F71B54BDA02913,1779894039,MICRO_CANDIDATE,counterfactual_research_universe_v1,50.00,8.40,0.00,0.00,0.00,0.00,[],shadow-trace-e647d8672808ab0f3bd61f79,1780043537
20260529_162852,tierc-rp-3449757d3e0aff5bad11,0x7cb770d0513c30e0cb45e4899e4a2cbeed6f9830,0x0B3E328455C4059EEB9E3F84B5543F74E24E7E1B/0x833589FCD6EDB6E08F4C7C32D4F71B54BDA02913,1779897640,MICRO_CANDIDATE,counterfactual_research_universe_v1,10.00,8.40,0.00,0.00,0.00,0.00,[],shadow-trace-5c4b7846a5de904db37859de,1780043537
20260529_162852,tierc-rp-676e2dfb0ee40331d021,0x7cb770d0513c30e0cb45e4899e4a2cbeed6f9830,0x0B3E328455C4059EEB9E3F84B5543F74E24E7E1B/0x833589FCD6EDB6E08F4C7C32D4F71B54BDA02913,1779897640,MICRO_CANDIDATE,counterfactual_research_universe_v1,20.00,8.40,0.00,0.00,0.00,0.00,[],shadow-trace-5c4b7846a5de904db37859de,1780043537
20260529_162852,tierc-rp-f094ce7a75d8250bfefb,0x7cb770d0513c30e0cb45e4899e4a2cbeed6f9830,0x0B3E328455C4059EEB9E3F84B5543F74E24E7E1B/0x833589FCD6EDB6E08F4C7C32D4F71B54BDA02913,1779897640,MICRO_CANDIDATE,counterfactual_research_universe_v1,50.00,8.40,0.00,0.00,0.00,0.00,[],shadow-trace-5c4b7846a5de904db37859de,1780043537
20260529_162852,tierc-rp-1e4335fa35c7061fcb4a,0x7cb770d0513c30e0cb45e4899e4a2cbeed6f9830,0x0B3E328455C4059EEB9E3F84B5543F74E24E7E1B/0x833589FCD6EDB6E08F4C7C32D4F71B54BDA02913,1779901239,MICRO_CANDIDATE,counterfactual_research_universe_v1,10.00,8.40,0.00,0.00,0.00,0.00,[],shadow-trace-cca80ecac211edb021a4c7d8,1780043537
20260529_162852,tierc-rp-769f5b1b2a164054eacd,0x7cb770d0513c30e0cb45e4899e4a2cbeed6f9830,0x0B3E328455C4059EEB9E3F84B5543F74E24E7E1B/0x833589FCD6EDB6E08F4C7C32D4F71B54BDA02913,1779901239,MICRO_CANDIDATE,counterfactual_research_universe_v1,20.00,8.40,0.00,0.00,0.00,0.00,[],shadow-trace-cca80ecac211edb021a4c7d8,1780043537
20260529_162852,tierc-rp-4b07da63e86f964101fa,0x7cb770d0513c30e0cb45e4899e4a2cbeed6f9830,0x0B3E328455C4059EEB9E3F84B5543F74E24E7E1B/0x833589FCD6EDB6E08F4C7C32D4F71B54BDA02913,1779901239,MICRO_CANDIDATE,counterfactual_research_universe_v1,50.00,8.40,0.00,0.00,0.00,0.00,[],shadow-trace-cca80ecac211edb021a4c7d8,1780043537
20260529_162852,tierc-rp-1d21d1d7bd5765cce5c6,0x7cb770d0513c30e0cb45e4899e4a2cbeed6f9830,0x0B3E328455C4059EEB9E3F84B5543F74E24E7E1B/0x833589FCD6EDB6E08F4C7C32D4F71B54BDA02913,1779904839,MICRO_CANDIDATE,counterfactual_research_universe_v1,10.00,8.40,0.00,0.00,0.00,0.00,[],shadow-trace-7c87fcf9cbb79815d0a633fd,1780043537
20260529_162852,tierc-rp-0eff8dc0b2949dea3ed7,0x7cb770d0513c30e0cb45e4899e4a2cbeed6f9830,0x0B3E328455C4059EEB9E3F84B5543F74E24E7E1B/0x833589FCD6EDB6E08F4C7C32D4F71B54BDA02913,1779904839,MICRO_CANDIDATE,counterfactual_research_universe_v1,20.00,8.40,0.00,0.00,0.00,0.00,[],shadow-trace-7c87fcf9cbb79815d0a633fd,1780043537
20260529_162852,tierc-rp-9ac25f6c61caad93a674,0x7cb770d0513c30e0cb45e4899e4a2cbeed6f9830,0x0B3E328455C4059EEB9E3F84B5543F74E24E7E1B/0x833589FCD6EDB6E08F4C7C32D4F71B54BDA02913,1779904839,MICRO_CANDIDATE,counterfactual_research_universe_v1,50.00,8.40,0.00,0.00,0.00,0.00,[],shadow-trace-7c87fcf9cbb79815d0a633fd,1780043537
20260529_162852,tierc-rp-d069767206332e124e24,0x7cb770d0513c30e0cb45e4899e4a2cbeed6f9830,0x0B3E328455C4059EEB9E3F84B5543F74E24E7E1B/0x833589FCD6EDB6E08F4C7C32D4F71B54BDA02913,1779908440,MICRO_CANDIDATE,counterfactual_research_universe_v1,10.00,8.40,0.00,0.00,0.00,0.00,[],shadow-trace-f4356f018dd2e6c706df393d,1780043537
20260529_162852,tierc-rp-52d51743c4482c1330a1,0x7cb770d0513c30e0cb45e4899e4a2cbeed6f9830,0x0B3E328455C4059EEB9E3F84B5543F74E24E7E1B/0x833589FCD6EDB6E08F4C7C32D4F71B54BDA02913,1779908440,MICRO_CANDIDATE,counterfactual_research_universe_v1,20.00,8.40,0.00,0.00,0.00,0.00,[],shadow-trace-f4356f018dd2e6c706df393d,1780043537
20260529_162852,tierc-rp-34cc0c22a7320847be76,0x7cb770d0513c30e0cb45e4899e4a2cbeed6f9830,0x0B3E328455C4059EEB9E3F84B5543F74E24E7E1B/0x833589FCD6EDB6E08F4C7C32D4F71B54BDA02913,1779908440,MICRO_CANDIDATE,counterfactual_research_universe_v1,50.00,8.40,0.00,0.00,0.00,0.00,[],shadow-trace-f4356f018dd2e6c706df393d,1780043537
20260529_162852,tierc-rp-11cc81f4413c66af60e6,0x7cb770d0513c30e0cb45e4899e4a2cbeed6f9830,0x0B3E328455C4059EEB9E3F84B5543F74E24E7E1B/0x833589FCD6EDB6E08F4C7C32D4F71B54BDA02913,1779912040,MICRO_CANDIDATE,counterfactual_research_universe_v1,10.00,8.40,0.00,0.00,0.00,0.00,[],shadow-trace-9295c2ab0179af609d379f8b,1780043537
20260529_162852,tierc-rp-14ebd0f61fcccc0842a2,0x7cb770d0513c30e0cb45e4899e4a2cbeed6f9830,0x0B3E328455C4059EEB9E3F84B5543F74E24E7E1B/0x833589FCD6EDB6E08F4C7C32D4F71B54BDA02913,1779912040,MICRO_CANDIDATE,counterfactual_research_universe_v1,20.00,8.40,0.00,0.00,0.00,0.00,[],shadow-trace-9295c2ab0179af609d379f8b,1780043537
20260529_162852,tierc-rp-5c8b11c1f6245ea8624c,0x7cb770d0513c30e0cb45e4899e4a2cbeed6f9830,0x0B3E328455C4059EEB9E3F84B5543F74E24E7E1B/0x833589FCD6EDB6E08F4C7C32D4F71B54BDA02913,1779912040,MICRO_CANDIDATE,counterfactual_research_universe_v1,50.00,8.40,0.00,0.00,0.00,0.00,[],shadow-trace-9295c2ab0179af609d379f8b,1780043537
20260529_162852,tierc-rp-d64bf67183389dffbd9d,0x7cb770d0513c30e0cb45e4899e4a2cbeed6f9830,0x0B3E328455C4059EEB9E3F84B5543F74E24E7E1B/0x833589FCD6EDB6E08F4C7C32D4F71B54BDA02913,1779915639,MICRO_CANDIDATE,counterfactual_research_universe_v1,10.00,8.40,0.00,0.00,0.00,0.00,[],shadow-trace-b2483f96083f3af4e568fed2,1780043537
20260529_162852,tierc-rp-dad2884e2554a8396eb8,0x7cb770d0513c30e0cb45e4899e4a2cbeed6f9830,0x0B3E328455C4059EEB9E3F84B5543F74E24E7E1B/0x833589FCD6EDB6E08F4C7C32D4F71B54BDA02913,1779915639,MICRO_CANDIDATE,counterfactual_research_universe_v1,20.00,8.40,0.00,0.00,0.00,0.00,[],shadow-trace-b2483f96083f3af4e568fed2,1780043537
20260529_162852,tierc-rp-0575718646903eb19510,0x7cb770d0513c30e0cb45e4899e4a2cbeed6f9830,0x0B3E328455C4059EEB9E3F84B5543F74E24E7E1B/0x833589FCD6EDB6E08F4C7C32D4F71B54BDA02913,1779915639,MICRO_CANDIDATE,counterfactual_research_universe_v1,50.00,8.40,0.00,0.00,0.00,0.00,[],shadow-trace-b2483f96083f3af4e568fed2,1780043537
20260529_162852,tierc-rp-f1e93b396cc05888708e,0x7cb770d0513c30e0cb45e4899e4a2cbeed6f9830,0x0B3E328455C4059EEB9E3F84B5543F74E24E7E1B/0x833589FCD6EDB6E08F4C7C32D4F71B54BDA02913,1779919241,MICRO_CANDIDATE,counterfactual_research_universe_v1,10.00,8.40,0.00,0.00,0.00,0.00,[],shadow-trace-4bb3e79ab9e2e3d5da78ce18,1780043537
20260529_162852,tierc-rp-fce6d232a52e8061df63,0x7cb770d0513c30e0cb45e4899e4a2cbeed6f9830,0x0B3E328455C4059EEB9E3F84B5543F74E24E7E1B/0x833589FCD6EDB6E08F4C7C32D4F71B54BDA02913,1779919241,MICRO_CANDIDATE,counterfactual_research_universe_v1,20.00,8.40,0.00,0.00,0.00,0.00,[],shadow-trace-4bb3e79ab9e2e3d5da78ce18,1780043537
20260529_162852,tierc-rp-2b0275c7b98fffb3209e,0x7cb770d0513c30e0cb45e4899e4a2cbeed6f9830,0x0B3E328455C4059EEB9E3F84B5543F74E24E7E1B/0x833589FCD6EDB6E08F4C7C32D4F71B54BDA02913,1779919241,MICRO_CANDIDATE,counterfactual_research_universe_v1,50.00,8.40,0.00,0.00,0.00,0.00,[],shadow-trace-4bb3e79ab9e2e3d5da78ce18,1780043537
20260529_162852,tierc-rp-beb41c9f5153c88f7720,0x7cb770d0513c30e0cb45e4899e4a2cbeed6f9830,0x0B3E328455C4059EEB9E3F84B5543F74E24E7E1B/0x833589FCD6EDB6E08F4C7C32D4F71B54BDA02913,1779922840,MICRO_CANDIDATE,counterfactual_research_universe_v1,10.00,8.40,0.00,0.00,0.00,0.00,[],shadow-trace-758f3eeb2844937f1063f552,1780043537
20260529_162852,tierc-rp-5d3191d44a7f018d7ec2,0x7cb770d0513c30e0cb45e4899e4a2cbeed6f9830,0x0B3E328455C4059EEB9E3F84B5543F74E24E7E1B/0x833589FCD6EDB6E08F4C7C32D4F71B54BDA02913,1779922840,MICRO_CANDIDATE,counterfactual_research_universe_v1,20.00,8.40,0.00,0.00,0.00,0.00,[],shadow-trace-758f3eeb2844937f1063f552,1780043537
20260529_162852,tierc-rp-ddcf754e3a6112876cee,0x7cb770d0513c30e0cb45e4899e4a2cbeed6f9830,0x0B3E328455C4059EEB9E3F84B5543F74E24E7E1B/0x833589FCD6EDB6E08F4C7C32D4F71B54BDA02913,1779922840,MICRO_CANDIDATE,counterfactual_research_universe_v1,50.00,8.40,0.00,0.00,0.00,0.00,[],shadow-trace-758f3eeb2844937f1063f552,1780043537
20260529_162852,tierc-rp-b64dc4a0259406dade26,0x7cb770d0513c30e0cb45e4899e4a2cbeed6f9830,0x0B3E328455C4059EEB9E3F84B5543F74E24E7E1B/0x833589FCD6EDB6E08F4C7C32D4F71B54BDA02913,1779926440,MICRO_CANDIDATE,counterfactual_research_universe_v1,10.00,8.40,0.00,0.00,0.00,0.00,[],shadow-trace-68ce8ae3aaca4362ed1f9615,1780043537
20260529_162852,tierc-rp-33dd1d0f321ee474421f,0x7cb770d0513c30e0cb45e4899e4a2cbeed6f9830,0x0B3E328455C4059EEB9E3F84B5543F74E24E7E1B/0x833589FCD6EDB6E08F4C7C32D4F71B54BDA02913,1779926440,MICRO_CANDIDATE,counterfactual_research_universe_v1,20.00,8.40,0.00,0.00,0.00,0.00,[],shadow-trace-68ce8ae3aaca4362ed1f9615,1780043537
20260529_162852,tierc-rp-18974f5cca74967570cb,0x7cb770d0513c30e0cb45e4899e4a2cbeed6f9830,0x0B3E328455C4059EEB9E3F84B5543F74E24E7E1B/0x833589FCD6EDB6E08F4C7C32D4F71B54BDA02913,1779926440,MICRO_CANDIDATE,counterfactual_research_universe_v1,50.00,8.40,0.00,0.00,0.00,0.00,[],shadow-trace-68ce8ae3aaca4362ed1f9615,1780043537
20260529_162852,tierc-rp-37e14bf344e791b5226a,0x7cb770d0513c30e0cb45e4899e4a2cbeed6f9830,0x0B3E328455C4059EEB9E3F84B5543F74E24E7E1B/0x833589FCD6EDB6E08F4C7C32D4F71B54BDA02913,1779930040,MICRO_CANDIDATE,counterfactual_research_universe_v1,10.00,8.40,0.00,0.00,0.00,0.00,[],shadow-trace-2153f06a232c827f7ee81019,1780043537
20260529_162852,tierc-rp-33fb2fd9ef39a75e4899,0x7cb770d0513c30e0cb45e4899e4a2cbeed6f9830,0x0B3E328455C4059EEB9E3F84B5543F74E24E7E1B/0x833589FCD6EDB6E08F4C7C32D4F71B54BDA02913,1779930040,MICRO_CANDIDATE,counterfactual_research_universe_v1,20.00,8.40,0.00,0.00,0.00,0.00,[],shadow-trace-2153f06a232c827f7ee81019,1780043537
20260529_162852,tierc-rp-17c40cc436ccefb4cb3e,0x7cb770d0513c30e0cb45e4899e4a2cbeed6f9830,0x0B3E328455C4059EEB9E3F84B5543F74E24E7E1B/0x833589FCD6EDB6E08F4C7C32D4F71B54BDA02913,1779930040,MICRO_CANDIDATE,counterfactual_research_universe_v1,50.00,8.40,0.00,0.00,0.00,0.00,[],shadow-trace-2153f06a232c827f7ee81019,1780043537
20260529_162852,tierc-rp-15e79c9f065d30153402,0x7cb770d0513c30e0cb45e4899e4a2cbeed6f9830,0x0B3E328455C4059EEB9E3F84B5543F74E24E7E1B/0x833589FCD6EDB6E08F4C7C32D4F71B54BDA02913,1779933640,MICRO_CANDIDATE,counterfactual_research_universe_v1,10.00,8.40,0.00,0.00,0.00,0.00,[],shadow-trace-37020a2c73157704fb121137,1780043537
20260529_162852,tierc-rp-808223756355bf2eddba,0x7cb770d0513c30e0cb45e4899e4a2cbeed6f9830,0x0B3E328455C4059EEB9E3F84B5543F74E24E7E1B/0x833589FCD6EDB6E08F4C7C32D4F71B54BDA02913,1779933640,MICRO_CANDIDATE,counterfactual_research_universe_v1,20.00,8.40,0.00,0.00,0.00,0.00,[],shadow-trace-37020a2c73157704fb121137,1780043537
20260529_162852,tierc-rp-8fbdb1c3685c4e5527cc,0x7cb770d0513c30e0cb45e4899e4a2cbeed6f9830,0x0B3E328455C4059EEB9E3F84B5543F74E24E7E1B/0x833589FCD6EDB6E08F4C7C32D4F71B54BDA02913,1779933640,MICRO_CANDIDATE,counterfactual_research_universe_v1,50.00,8.40,0.00,0.00,0.00,0.00,[],shadow-trace-37020a2c73157704fb121137,1780043537
20260529_162852,tierc-rp-09fbda31740514497a01,0x7cb770d0513c30e0cb45e4899e4a2cbeed6f9830,0x0B3E328455C4059EEB9E3F84B5543F74E24E7E1B/0x833589FCD6EDB6E08F4C7C32D4F71B54BDA02913,1779937240,MICRO_CANDIDATE,counterfactual_research_universe_v1,10.00,8.40,0.00,0.00,0.00,0.00,[],shadow-trace-0a6820cbf005d131a6add3bc,1780043537
20260529_162852,tierc-rp-8f474d4505464e22a50d,0x7cb770d0513c30e0cb45e4899e4a2cbeed6f9830,0x0B3E328455C4059EEB9E3F84B5543F74E24E7E1B/0x833589FCD6EDB6E08F4C7C32D4F71B54BDA02913,1779937240,MICRO_CANDIDATE,counterfactual_research_universe_v1,20.00,8.40,0.00,0.00,0.00,0.00,[],shadow-trace-0a6820cbf005d131a6add3bc,1780043537
20260529_162852,tierc-rp-6489a39a7e97ab9cb8ec,0x7cb770d0513c30e0cb45e4899e4a2cbeed6f9830,0x0B3E328455C4059EEB9E3F84B5543F74E24E7E1B/0x833589FCD6EDB6E08F4C7C32D4F71B54BDA02913,1779937240,MICRO_CANDIDATE,counterfactual_research_universe_v1,50.00,8.40,0.00,0.00,0.00,0.00,[],shadow-trace-0a6820cbf005d131a6add3bc,1780043537
20260529_162852,tierc-rp-7fbd86d179c6b0f4e5d7,0x7cb770d0513c30e0cb45e4899e4a2cbeed6f9830,0x0B3E328455C4059EEB9E3F84B5543F74E24E7E1B/0x833589FCD6EDB6E08F4C7C32D4F71B54BDA02913,1779940840,MICRO_CANDIDATE,counterfactual_research_universe_v1,10.00,8.40,0.00,0.00,0.00,0.00,[],shadow-trace-8e9eee98acca0ca8dfe17f48,1780043537
20260529_162852,tierc-rp-b1fae844f77d92058319,0x7cb770d0513c30e0cb45e4899e4a2cbeed6f9830,0x0B3E328455C4059EEB9E3F84B5543F74E24E7E1B/0x833589FCD6EDB6E08F4C7C32D4F71B54BDA02913,1779940840,MICRO_CANDIDATE,counterfactual_research_universe_v1,20.00,8.40,0.00,0.00,0.00,0.00,[],shadow-trace-8e9eee98acca0ca8dfe17f48,1780043537
20260529_162852,tierc-rp-48864987886ac938146f,0x7cb770d0513c30e0cb45e4899e4a2cbeed6f9830,0x0B3E328455C4059EEB9E3F84B5543F74E24E7E1B/0x833589FCD6EDB6E08F4C7C32D4F71B54BDA02913,1779940840,MICRO_CANDIDATE,counterfactual_research_universe_v1,50.00,8.40,0.00,0.00,0.00,0.00,[],shadow-trace-8e9eee98acca0ca8dfe17f48,1780043537
20260529_162852,tierc-rp-8a24f97c563593946775,0x7cb770d0513c30e0cb45e4899e4a2cbeed6f9830,0x0B3E328455C4059EEB9E3F84B5543F74E24E7E1B/0x833589FCD6EDB6E08F4C7C32D4F71B54BDA02913,1779944439,MICRO_CANDIDATE,counterfactual_research_universe_v1,10.00,8.40,0.00,0.00,0.00,0.00,[],shadow-trace-5c29001a005f5e4b26fdb10a,1780043537
20260529_162852,tierc-rp-0b4b25e8b49a58e052ab,0x7cb770d0513c30e0cb45e4899e4a2cbeed6f9830,0x0B3E328455C4059EEB9E3F84B5543F74E24E7E1B/0x833589FCD6EDB6E08F4C7C32D4F71B54BDA02913,1779944439,MICRO_CANDIDATE,counterfactual_research_universe_v1,20.00,8.40,0.00,0.00,0.00,0.00,[],shadow-trace-5c29001a005f5e4b26fdb10a,1780043537
20260529_162852,tierc-rp-40e623dec08d0edd763d,0x7cb770d0513c30e0cb45e4899e4a2cbeed6f9830,0x0B3E328455C4059EEB9E3F84B5543F74E24E7E1B/0x833589FCD6EDB6E08F4C7C32D4F71B54BDA02913,1779944439,MICRO_CANDIDATE,counterfactual_research_universe_v1,50.00,8.40,0.00,0.00,0.00,0.00,[],shadow-trace-5c29001a005f5e4b26fdb10a,1780043537
20260529_162852,tierc-rp-d2352fe5e23657dbef35,0x7cb770d0513c30e0cb45e4899e4a2cbeed6f9830,0x0B3E328455C4059EEB9E3F84B5543F74E24E7E1B/0x833589FCD6EDB6E08F4C7C32D4F71B54BDA02913,1779948039,MICRO_CANDIDATE,counterfactual_research_universe_v1,10.00,8.40,0.00,0.00,0.00,0.00,[],shadow-trace-ef61e81f7aad2297907be088,1780043537
20260529_162852,tierc-rp-91dc4e2e35d52ee1f083,0x7cb770d0513c30e0cb45e4899e4a2cbeed6f9830,0x0B3E328455C4059EEB9E3F84B5543F74E24E7E1B/0x833589FCD6EDB6E08F4C7C32D4F71B54BDA02913,1779948039,MICRO_CANDIDATE,counterfactual_research_universe_v1,20.00,8.40,0.00,0.00,0.00,0.00,[],shadow-trace-ef61e81f7aad2297907be088,1780043537
20260529_162852,tierc-rp-c86b96cae4406559751c,0x7cb770d0513c30e0cb45e4899e4a2cbeed6f9830,0x0B3E328455C4059EEB9E3F84B5543F74E24E7E1B/0x833589FCD6EDB6E08F4C7C32D4F71B54BDA02913,1779948039,MICRO_CANDIDATE,counterfactual_research_universe_v1,50.00,8.40,0.00,0.00,0.00,0.00,[],shadow-trace-ef61e81f7aad2297907be088,1780043537
20260529_162852,tierc-rp-3879f538a7be523d3183,0x7cb770d0513c30e0cb45e4899e4a2cbeed6f9830,0x0B3E328455C4059EEB9E3F84B5543F74E24E7E1B/0x833589FCD6EDB6E08F4C7C32D4F71B54BDA02913,1779951640,MICRO_CANDIDATE,counterfactual_research_universe_v1,10.00,8.40,0.00,0.00,0.00,0.00,[],shadow-trace-818e5deaab8a3b8934a12dd2,1780043537
20260529_162852,tierc-rp-727d89d848d5a9369a48,0x7cb770d0513c30e0cb45e4899e4a2cbeed6f9830,0x0B3E328455C4059EEB9E3F84B5543F74E24E7E1B/0x833589FCD6EDB6E08F4C7C32D4F71B54BDA02913,1779951640,MICRO_CANDIDATE,counterfactual_research_universe_v1,20.00,8.40,0.00,0.00,0.00,0.00,[],shadow-trace-818e5deaab8a3b8934a12dd2,1780043537
20260529_162852,tierc-rp-7aa5fa02e12811de9ee2,0x7cb770d0513c30e0cb45e4899e4a2cbeed6f9830,0x0B3E328455C4059EEB9E3F84B5543F74E24E7E1B/0x833589FCD6EDB6E08F4C7C32D4F71B54BDA02913,1779951640,MICRO_CANDIDATE,counterfactual_research_universe_v1,50.00,8.40,0.00,0.00,0.00,0.00,[],shadow-trace-818e5deaab8a3b8934a12dd2,1780043537
20260529_162852,tierc-rp-ce5864225a6da94b4e1b,0x7cb770d0513c30e0cb45e4899e4a2cbeed6f9830,0x0B3E328455C4059EEB9E3F84B5543F74E24E7E1B/0x833589FCD6EDB6E08F4C7C32D4F71B54BDA02913,1779955240,MICRO_CANDIDATE,counterfactual_research_universe_v1,10.00,8.40,0.00,0.00,0.00,0.00,[],shadow-trace-4937ff4c4c5ac48d40e67148,1780043537
20260529_162852,tierc-rp-6cda2026db0bab72f2b8,0x7cb770d0513c30e0cb45e4899e4a2cbeed6f9830,0x0B3E328455C4059EEB9E3F84B5543F74E24E7E1B/0x833589FCD6EDB6E08F4C7C32D4F71B54BDA02913,1779955240,MICRO_CANDIDATE,counterfactual_research_universe_v1,20.00,8.40,0.00,0.00,0.00,0.00,[],shadow-trace-4937ff4c4c5ac48d40e67148,1780043537
20260529_162852,tierc-rp-b87136f4e700457d86fd,0x7cb770d0513c30e0cb45e4899e4a2cbeed6f9830,0x0B3E328455C4059EEB9E3F84B5543F74E24E7E1B/0x833589FCD6EDB6E08F4C7C32D4F71B54BDA02913,1779955240,MICRO_CANDIDATE,counterfactual_research_universe_v1,50.00,8.40,0.00,0.00,0.00,0.00,[],shadow-trace-4937ff4c4c5ac48d40e67148,1780043537
20260529_162852,tierc-rp-0bef19b3888caf0c4140,0x7cb770d0513c30e0cb45e4899e4a2cbeed6f9830,0x0B3E328455C4059EEB9E3F84B5543F74E24E7E1B/0x833589FCD6EDB6E08F4C7C32D4F71B54BDA02913,1779958840,MICRO_CANDIDATE,counterfactual_research_universe_v1,10.00,8.40,0.00,0.00,0.00,0.00,[],shadow-trace-3923535fbc9e1f6b790e0993,1780043537
20260529_162852,tierc-rp-5b30e4bf47e4f188b3ce,0x7cb770d0513c30e0cb45e4899e4a2cbeed6f9830,0x0B3E328455C4059EEB9E3F84B5543F74E24E7E1B/0x833589FCD6EDB6E08F4C7C32D4F71B54BDA02913,1779958840,MICRO_CANDIDATE,counterfactual_research_universe_v1,20.00,8.40,0.00,0.00,0.00,0.00,[],shadow-trace-3923535fbc9e1f6b790e0993,1780043537
20260529_162852,tierc-rp-ee656f43741f1b1b0275,0x7cb770d0513c30e0cb45e4899e4a2cbeed6f9830,0x0B3E328455C4059EEB9E3F84B5543F74E24E7E1B/0x833589FCD6EDB6E08F4C7C32D4F71B54BDA02913,1779958840,MICRO_CANDIDATE,counterfactual_research_universe_v1,50.00,8.40,0.00,0.00,0.00,0.00,[],shadow-trace-3923535fbc9e1f6b790e0993,1780043537
20260529_162852,tierc-rp-20a0b382ecc4f1274849,0x7cb770d0513c30e0cb45e4899e4a2cbeed6f9830,0x0B3E328455C4059EEB9E3F84B5543F74E24E7E1B/0x833589FCD6EDB6E08F4C7C32D4F71B54BDA02913,1779962440,MICRO_CANDIDATE,counterfactual_research_universe_v1,10.00,8.40,0.00,0.00,0.00,0.00,[],shadow-trace-11589c14b7cca95d68f43b59,1780043537
20260529_162852,tierc-rp-da298ac9eb63a9491885,0x7cb770d0513c30e0cb45e4899e4a2cbeed6f9830,0x0B3E328455C4059EEB9E3F84B5543F74E24E7E1B/0x833589FCD6EDB6E08F4C7C32D4F71B54BDA02913,1779962440,MICRO_CANDIDATE,counterfactual_research_universe_v1,20.00,8.40,0.00,0.00,0.00,0.00,[],shadow-trace-11589c14b7cca95d68f43b59,1780043537
20260529_162852,tierc-rp-20e0fc31968eff69d243,0x7cb770d0513c30e0cb45e4899e4a2cbeed6f9830,0x0B3E328455C4059EEB9E3F84B5543F74E24E7E1B/0x833589FCD6EDB6E08F4C7C32D4F71B54BDA02913,1779962440,MICRO_CANDIDATE,counterfactual_research_universe_v1,50.00,8.40,0.00,0.00,0.00,0.00,[],shadow-trace-11589c14b7cca95d68f43b59,1780043537
20260529_162852,tierc-rp-5e4e032ae957fec753f1,0x7cb770d0513c30e0cb45e4899e4a2cbeed6f9830,0x0B3E328455C4059EEB9E3F84B5543F74E24E7E1B/0x833589FCD6EDB6E08F4C7C32D4F71B54BDA02913,1779966041,MICRO_CANDIDATE,counterfactual_research_universe_v1,10.00,8.40,0.00,0.00,0.00,0.00,[],shadow-trace-f425dac6c8eff141facab271,1780043537
20260529_162852,tierc-rp-9f8062b66a9ce2acfca7,0x7cb770d0513c30e0cb45e4899e4a2cbeed6f9830,0x0B3E328455C4059EEB9E3F84B5543F74E24E7E1B/0x833589FCD6EDB6E08F4C7C32D4F71B54BDA02913,1779966041,MICRO_CANDIDATE,counterfactual_research_universe_v1,20.00,8.40,0.00,0.00,0.00,0.00,[],shadow-trace-f425dac6c8eff141facab271,1780043537
20260529_162852,tierc-rp-0f82bce01afd67d3992e,0x7cb770d0513c30e0cb45e4899e4a2cbeed6f9830,0x0B3E328455C4059EEB9E3F84B5543F74E24E7E1B/0x833589FCD6EDB6E08F4C7C32D4F71B54BDA02913,1779966041,MICRO_CANDIDATE,counterfactual_research_universe_v1,50.00,8.40,0.00,0.00,0.00,0.00,[],shadow-trace-f425dac6c8eff141facab271,1780043537
20260529_162852,tierc-rp-5c55b6e5730545938f48,0x7cb770d0513c30e0cb45e4899e4a2cbeed6f9830,0x0B3E328455C4059EEB9E3F84B5543F74E24E7E1B/0x833589FCD6EDB6E08F4C7C32D4F71B54BDA02913,1779969640,MICRO_CANDIDATE,counterfactual_research_universe_v1,10.00,8.40,0.00,0.00,0.00,0.00,[],shadow-trace-a9e1dce3adaa7df078d313d5,1780043537
20260529_162852,tierc-rp-ce7d4cac57979bc68d5a,0x7cb770d0513c30e0cb45e4899e4a2cbeed6f9830,0x0B3E328455C4059EEB9E3F84B5543F74E24E7E1B/0x833589FCD6EDB6E08F4C7C32D4F71B54BDA02913,1779969640,MICRO_CANDIDATE,counterfactual_research_universe_v1,20.00,8.40,0.00,0.00,0.00,0.00,[],shadow-trace-a9e1dce3adaa7df078d313d5,1780043537
20260529_162852,tierc-rp-b6f32f531618e50524e0,0x7cb770d0513c30e0cb45e4899e4a2cbeed6f9830,0x0B3E328455C4059EEB9E3F84B5543F74E24E7E1B/0x833589FCD6EDB6E08F4C7C32D4F71B54BDA02913,1779969640,MICRO_CANDIDATE,counterfactual_research_universe_v1,50.00,8.40,0.00,0.00,0.00,0.00,[],shadow-trace-a9e1dce3adaa7df078d313d5,1780043537
20260529_162852,tierc-rp-157c8f774af8bcc77379,0x7cb770d0513c30e0cb45e4899e4a2cbeed6f9830,0x0B3E328455C4059EEB9E3F84B5543F74E24E7E1B/0x833589FCD6EDB6E08F4C7C32D4F71B54BDA02913,1779973240,MICRO_CANDIDATE,counterfactual_research_universe_v1,10.00,8.40,0.00,0.00,0.00,0.00,[],shadow-trace-fe465f38e766f73aae6c2813,1780043537
20260529_162852,tierc-rp-30709f37755a661cdd09,0x7cb770d0513c30e0cb45e4899e4a2cbeed6f9830,0x0B3E328455C4059EEB9E3F84B5543F74E24E7E1B/0x833589FCD6EDB6E08F4C7C32D4F71B54BDA02913,1779973240,MICRO_CANDIDATE,counterfactual_research_universe_v1,20.00,8.40,0.00,0.00,0.00,0.00,[],shadow-trace-fe465f38e766f73aae6c2813,1780043537
20260529_162852,tierc-rp-3b5c4b0bfcaf9e479cc4,0x7cb770d0513c30e0cb45e4899e4a2cbeed6f9830,0x0B3E328455C4059EEB9E3F84B5543F74E24E7E1B/0x833589FCD6EDB6E08F4C7C32D4F71B54BDA02913,1779973240,MICRO_CANDIDATE,counterfactual_research_universe_v1,50.00,8.40,0.00,0.00,0.00,0.00,[],shadow-trace-fe465f38e766f73aae6c2813,1780043537
20260529_162852,tierc-rp-f18125b2acb1751ff1c8,0x7cb770d0513c30e0cb45e4899e4a2cbeed6f9830,0x0B3E328455C4059EEB9E3F84B5543F74E24E7E1B/0x833589FCD6EDB6E08F4C7C32D4F71B54BDA02913,1779976841,MICRO_CANDIDATE,counterfactual_research_universe_v1,10.00,8.40,0.00,0.00,0.00,0.00,[],shadow-trace-93cc15c96fdb8e4647ed831d,1780043537
20260529_162852,tierc-rp-2a5d195978a2b214aba8,0x7cb770d0513c30e0cb45e4899e4a2cbeed6f9830,0x0B3E328455C4059EEB9E3F84B5543F74E24E7E1B/0x833589FCD6EDB6E08F4C7C32D4F71B54BDA02913,1779976841,MICRO_CANDIDATE,counterfactual_research_universe_v1,20.00,8.40,0.00,0.00,0.00,0.00,[],shadow-trace-93cc15c96fdb8e4647ed831d,1780043537
20260529_162852,tierc-rp-b96ab93537c9f9ea2f54,0x7cb770d0513c30e0cb45e4899e4a2cbeed6f9830,0x0B3E328455C4059EEB9E3F84B5543F74E24E7E1B/0x833589FCD6EDB6E08F4C7C32D4F71B54BDA02913,1779976841,MICRO_CANDIDATE,counterfactual_research_universe_v1,50.00,8.40,0.00,0.00,0.00,0.00,[],shadow-trace-93cc15c96fdb8e4647ed831d,1780043537
20260529_162852,tierc-rp-9cb921d161a0ed78cdf5,0x7cb770d0513c30e0cb45e4899e4a2cbeed6f9830,0x0B3E328455C4059EEB9E3F84B5543F74E24E7E1B/0x833589FCD6EDB6E08F4C7C32D4F71B54BDA02913,1779981341,MICRO_CANDIDATE,counterfactual_research_universe_v1,10.00,8.40,0.00,0.00,0.00,0.00,[],shadow-trace-e3161118e19162ef2f9d28ed,1780043537
20260529_162852,tierc-rp-5d98b52d65235b4fdff6,0x7cb770d0513c30e0cb45e4899e4a2cbeed6f9830,0x0B3E328455C4059EEB9E3F84B5543F74E24E7E1B/0x833589FCD6EDB6E08F4C7C32D4F71B54BDA02913,1779981341,MICRO_CANDIDATE,counterfactual_research_universe_v1,20.00,8.40,0.00,0.00,0.00,0.00,[],shadow-trace-e3161118e19162ef2f9d28ed,1780043537
20260529_162852,tierc-rp-c0da90831cfa896fa5be,0x7cb770d0513c30e0cb45e4899e4a2cbeed6f9830,0x0B3E328455C4059EEB9E3F84B5543F74E24E7E1B/0x833589FCD6EDB6E08F4C7C32D4F71B54BDA02913,1779981341,MICRO_CANDIDATE,counterfactual_research_universe_v1,50.00,8.40,0.00,0.00,0.00,0.00,[],shadow-trace-e3161118e19162ef2f9d28ed,1780043537
20260529_162852,tierc-rp-f13d63c3c3776b07b99c,0x7cb770d0513c30e0cb45e4899e4a2cbeed6f9830,0x0B3E328455C4059EEB9E3F84B5543F74E24E7E1B/0x833589FCD6EDB6E08F4C7C32D4F71B54BDA02913,1779986860,MICRO_CANDIDATE,counterfactual_research_universe_v1,10.00,8.40,0.00,0.00,0.00,0.00,[],shadow-trace-b8d2d0e80d0abe567cabe2a8,1780043537
20260529_162852,tierc-rp-8037f483b9324474747e,0x7cb770d0513c30e0cb45e4899e4a2cbeed6f9830,0x0B3E328455C4059EEB9E3F84B5543F74E24E7E1B/0x833589FCD6EDB6E08F4C7C32D4F71B54BDA02913,1779986860,MICRO_CANDIDATE,counterfactual_research_universe_v1,20.00,8.40,0.00,0.00,0.00,0.00,[],shadow-trace-b8d2d0e80d0abe567cabe2a8,1780043537
20260529_162852,tierc-rp-9d99ac29a61094797dad,0x7cb770d0513c30e0cb45e4899e4a2cbeed6f9830,0x0B3E328455C4059EEB9E3F84B5543F74E24E7E1B/0x833589FCD6EDB6E08F4C7C32D4F71B54BDA02913,1779986860,MICRO_CANDIDATE,counterfactual_research_universe_v1,50.00,8.40,0.00,0.00,0.00,0.00,[],shadow-trace-b8d2d0e80d0abe567cabe2a8,1780043537
20260529_162852,tierc-rp-769779a335174eb4a447,0x7cb770d0513c30e0cb45e4899e4a2cbeed6f9830,0x0B3E328455C4059EEB9E3F84B5543F74E24E7E1B/0x833589FCD6EDB6E08F4C7C32D4F71B54BDA02913,1779988300,MICRO_CANDIDATE,counterfactual_research_universe_v1,10.00,8.40,0.00,0.00,0.00,0.00,[],shadow-trace-31f722da881f007d2706fbf5,1780043537
20260529_162852,tierc-rp-bf278143578f614eacf8,0x7cb770d0513c30e0cb45e4899e4a2cbeed6f9830,0x0B3E328455C4059EEB9E3F84B5543F74E24E7E1B/0x833589FCD6EDB6E08F4C7C32D4F71B54BDA02913,1779988300,MICRO_CANDIDATE,counterfactual_research_universe_v1,20.00,8.40,0.00,0.00,0.00,0.00,[],shadow-trace-31f722da881f007d2706fbf5,1780043537
20260529_162852,tierc-rp-62a9db294dbaa95f8e64,0x7cb770d0513c30e0cb45e4899e4a2cbeed6f9830,0x0B3E328455C4059EEB9E3F84B5543F74E24E7E1B/0x833589FCD6EDB6E08F4C7C32D4F71B54BDA02913,1779988300,MICRO_CANDIDATE,counterfactual_research_universe_v1,50.00,8.40,0.00,0.00,0.00,0.00,[],shadow-trace-31f722da881f007d2706fbf5,1780043537
20260529_162852,tierc-rp-6b66f8fd46648ad7f3ce,0x7cb770d0513c30e0cb45e4899e4a2cbeed6f9830,0x0B3E328455C4059EEB9E3F84B5543F74E24E7E1B/0x833589FCD6EDB6E08F4C7C32D4F71B54BDA02913,1779991241,MICRO_CANDIDATE,counterfactual_research_universe_v1,10.00,8.40,0.00,0.00,0.00,0.00,[],shadow-trace-a24b1cfd254459d25bba07c4,1780043537
20260529_162852,tierc-rp-c7ba369cede009b672ef,0x7cb770d0513c30e0cb45e4899e4a2cbeed6f9830,0x0B3E328455C4059EEB9E3F84B5543F74E24E7E1B/0x833589FCD6EDB6E08F4C7C32D4F71B54BDA02913,1779991241,MICRO_CANDIDATE,counterfactual_research_universe_v1,20.00,8.40,0.00,0.00,0.00,0.00,[],shadow-trace-a24b1cfd254459d25bba07c4,1780043537
20260529_162852,tierc-rp-e46ed73359c0d86f24ec,0x7cb770d0513c30e0cb45e4899e4a2cbeed6f9830,0x0B3E328455C4059EEB9E3F84B5543F74E24E7E1B/0x833589FCD6EDB6E08F4C7C32D4F71B54BDA02913,1779991241,MICRO_CANDIDATE,counterfactual_research_universe_v1,50.00,8.40,0.00,0.00,0.00,0.00,[],shadow-trace-a24b1cfd254459d25bba07c4,1780043537
20260529_162852,tierc-rp-15989e6839404ddbfaf1,0x7cb770d0513c30e0cb45e4899e4a2cbeed6f9830,0x0B3E328455C4059EEB9E3F84B5543F74E24E7E1B/0x833589FCD6EDB6E08F4C7C32D4F71B54BDA02913,1779998320,MICRO_CANDIDATE,counterfactual_research_universe_v1,10.00,8.40,0.00,0.00,0.00,0.00,[],shadow-trace-ec79b2f75b6467fd0334a58c,1780043537
20260529_162852,tierc-rp-bc3ac66c389d295f7a1f,0x7cb770d0513c30e0cb45e4899e4a2cbeed6f9830,0x0B3E328455C4059EEB9E3F84B5543F74E24E7E1B/0x833589FCD6EDB6E08F4C7C32D4F71B54BDA02913,1779998320,MICRO_CANDIDATE,counterfactual_research_universe_v1,20.00,8.40,0.00,0.00,0.00,0.00,[],shadow-trace-ec79b2f75b6467fd0334a58c,1780043537
20260529_162852,tierc-rp-3cf974662f5895e9fc22,0x7cb770d0513c30e0cb45e4899e4a2cbeed6f9830,0x0B3E328455C4059EEB9E3F84B5543F74E24E7E1B/0x833589FCD6EDB6E08F4C7C32D4F71B54BDA02913,1779998320,MICRO_CANDIDATE,counterfactual_research_universe_v1,50.00,8.40,0.00,0.00,0.00,0.00,[],shadow-trace-ec79b2f75b6467fd0334a58c,1780043537
20260529_162852,tierc-rp-b9cd29557393dfff50df,0x7cb770d0513c30e0cb45e4899e4a2cbeed6f9830,0x0B3E328455C4059EEB9E3F84B5543F74E24E7E1B/0x833589FCD6EDB6E08F4C7C32D4F71B54BDA02913,1779998740,MICRO_CANDIDATE,counterfactual_research_universe_v1,10.00,8.40,0.00,0.00,0.00,0.00,[],shadow-trace-a16779dccc489a82c105e578,1780043537
20260529_162852,tierc-rp-8c7bc67432c93554a4d0,0x7cb770d0513c30e0cb45e4899e4a2cbeed6f9830,0x0B3E328455C4059EEB9E3F84B5543F74E24E7E1B/0x833589FCD6EDB6E08F4C7C32D4F71B54BDA02913,1779998740,MICRO_CANDIDATE,counterfactual_research_universe_v1,20.00,8.40,0.00,0.00,0.00,0.00,[],shadow-trace-a16779dccc489a82c105e578,1780043537
20260529_162852,tierc-rp-1d864f4e847f7a20b9c5,0x7cb770d0513c30e0cb45e4899e4a2cbeed6f9830,0x0B3E328455C4059EEB9E3F84B5543F74E24E7E1B/0x833589FCD6EDB6E08F4C7C32D4F71B54BDA02913,1779998740,MICRO_CANDIDATE,counterfactual_research_universe_v1,50.00,8.40,0.00,0.00,0.00,0.00,[],shadow-trace-a16779dccc489a82c105e578,1780043537
20260529_162852,tierc-rp-c6d92bf169cca5d88efa,0x7cb770d0513c30e0cb45e4899e4a2cbeed6f9830,0x0B3E328455C4059EEB9E3F84B5543F74E24E7E1B/0x833589FCD6EDB6E08F4C7C32D4F71B54BDA02913,1780002280,MICRO_CANDIDATE,counterfactual_research_universe_v1,10.00,8.40,0.00,0.00,0.00,0.00,[],shadow-trace-59f2729d890a8815a321ad54,1780043537
20260529_162852,tierc-rp-d6315c28bf0c013f6886,0x7cb770d0513c30e0cb45e4899e4a2cbeed6f9830,0x0B3E328455C4059EEB9E3F84B5543F74E24E7E1B/0x833589FCD6EDB6E08F4C7C32D4F71B54BDA02913,1780002280,MICRO_CANDIDATE,counterfactual_research_universe_v1,20.00,8.40,0.00,0.00,0.00,0.00,[],shadow-trace-59f2729d890a8815a321ad54,1780043537
20260529_162852,tierc-rp-85d00bc1614832aaab43,0x7cb770d0513c30e0cb45e4899e4a2cbeed6f9830,0x0B3E328455C4059EEB9E3F84B5543F74E24E7E1B/0x833589FCD6EDB6E08F4C7C32D4F71B54BDA02913,1780002280,MICRO_CANDIDATE,counterfactual_research_universe_v1,50.00,8.40,0.00,0.00,0.00,0.00,[],shadow-trace-59f2729d890a8815a321ad54,1780043537
20260529_162852,tierc-rp-1c4df1276b8cd1bc0575,0x7cb770d0513c30e0cb45e4899e4a2cbeed6f9830,0x0B3E328455C4059EEB9E3F84B5543F74E24E7E1B/0x833589FCD6EDB6E08F4C7C32D4F71B54BDA02913,1780006480,MICRO_CANDIDATE,counterfactual_research_universe_v1,10.00,8.40,0.00,0.00,0.00,0.00,[],shadow-trace-ba2e6022b8d6a4b0f68231db,1780043537
20260529_162852,tierc-rp-6dd8c7c73573e8d36d10,0x7cb770d0513c30e0cb45e4899e4a2cbeed6f9830,0x0B3E328455C4059EEB9E3F84B5543F74E24E7E1B/0x833589FCD6EDB6E08F4C7C32D4F71B54BDA02913,1780006480,MICRO_CANDIDATE,counterfactual_research_universe_v1,20.00,8.40,0.00,0.00,0.00,0.00,[],shadow-trace-ba2e6022b8d6a4b0f68231db,1780043537
20260529_162852,tierc-rp-1411c0b14439f910067f,0x7cb770d0513c30e0cb45e4899e4a2cbeed6f9830,0x0B3E328455C4059EEB9E3F84B5543F74E24E7E1B/0x833589FCD6EDB6E08F4C7C32D4F71B54BDA02913,1780006480,MICRO_CANDIDATE,counterfactual_research_universe_v1,50.00,8.40,0.00,0.00,0.00,0.00,[],shadow-trace-ba2e6022b8d6a4b0f68231db,1780043537
20260529_162852,tierc-rp-67860bf4698270022410,0x7cb770d0513c30e0cb45e4899e4a2cbeed6f9830,0x0B3E328455C4059EEB9E3F84B5543F74E24E7E1B/0x833589FCD6EDB6E08F4C7C32D4F71B54BDA02913,1780009241,MICRO_CANDIDATE,counterfactual_research_universe_v1,10.00,8.40,0.00,0.00,0.00,0.00,[],shadow-trace-4e2a182a8702f8a8cca08c60,1780043537
20260529_162852,tierc-rp-8b2cc7fa1acfbe2405cb,0x7cb770d0513c30e0cb45e4899e4a2cbeed6f9830,0x0B3E328455C4059EEB9E3F84B5543F74E24E7E1B/0x833589FCD6EDB6E08F4C7C32D4F71B54BDA02913,1780009241,MICRO_CANDIDATE,counterfactual_research_universe_v1,20.00,8.40,0.00,0.00,0.00,0.00,[],shadow-trace-4e2a182a8702f8a8cca08c60,1780043537
20260529_162852,tierc-rp-1ca9e1cec43ffe10878b,0x7cb770d0513c30e0cb45e4899e4a2cbeed6f9830,0x0B3E328455C4059EEB9E3F84B5543F74E24E7E1B/0x833589FCD6EDB6E08F4C7C32D4F71B54BDA02913,1780009241,MICRO_CANDIDATE,counterfactual_research_universe_v1,50.00,8.40,0.00,0.00,0.00,0.00,[],shadow-trace-4e2a182a8702f8a8cca08c60,1780043537
20260529_162852,tierc-rp-ef790765e5faf581c947,0x7cb770d0513c30e0cb45e4899e4a2cbeed6f9830,0x0B3E328455C4059EEB9E3F84B5543F74E24E7E1B/0x833589FCD6EDB6E08F4C7C32D4F71B54BDA02913,1780014340,MICRO_CANDIDATE,counterfactual_research_universe_v1,10.00,8.40,0.00,0.00,0.00,0.00,[],shadow-trace-aaf22e4797aba0bd58ae9032,1780043537
20260529_162852,tierc-rp-9c840dcbddf02aeab480,0x7cb770d0513c30e0cb45e4899e4a2cbeed6f9830,0x0B3E328455C4059EEB9E3F84B5543F74E24E7E1B/0x833589FCD6EDB6E08F4C7C32D4F71B54BDA02913,1780014340,MICRO_CANDIDATE,counterfactual_research_universe_v1,20.00,8.40,0.00,0.00,0.00,0.00,[],shadow-trace-aaf22e4797aba0bd58ae9032,1780043537
20260529_162852,tierc-rp-f9fcd0bd83c134127122,0x7cb770d0513c30e0cb45e4899e4a2cbeed6f9830,0x0B3E328455C4059EEB9E3F84B5543F74E24E7E1B/0x833589FCD6EDB6E08F4C7C32D4F71B54BDA02913,1780014340,MICRO_CANDIDATE,counterfactual_research_universe_v1,50.00,8.40,0.00,0.00,0.00,0.00,[],shadow-trace-aaf22e4797aba0bd58ae9032,1780043537
20260529_162852,tierc-rp-4aced5de1b4806a0ede9,0x7cb770d0513c30e0cb45e4899e4a2cbeed6f9830,0x0B3E328455C4059EEB9E3F84B5543F74E24E7E1B/0x833589FCD6EDB6E08F4C7C32D4F71B54BDA02913,1780016441,MICRO_CANDIDATE,counterfactual_research_universe_v1,10.00,8.40,0.00,0.00,0.00,0.00,[],shadow-trace-a2e7144f41b09f8934db4dd7,1780043537
20260529_162852,tierc-rp-46d3eb543bd2d5e3f986,0x7cb770d0513c30e0cb45e4899e4a2cbeed6f9830,0x0B3E328455C4059EEB9E3F84B5543F74E24E7E1B/0x833589FCD6EDB6E08F4C7C32D4F71B54BDA02913,1780016441,MICRO_CANDIDATE,counterfactual_research_universe_v1,20.00,8.40,0.00,0.00,0.00,0.00,[],shadow-trace-a2e7144f41b09f8934db4dd7,1780043537
20260529_162852,tierc-rp-fc1635fdcdbaf564b506,0x7cb770d0513c30e0cb45e4899e4a2cbeed6f9830,0x0B3E328455C4059EEB9E3F84B5543F74E24E7E1B/0x833589FCD6EDB6E08F4C7C32D4F71B54BDA02913,1780016441,MICRO_CANDIDATE,counterfactual_research_universe_v1,50.00,8.40,0.00,0.00,0.00,0.00,[],shadow-trace-a2e7144f41b09f8934db4dd7,1780043537
20260529_162852,tierc-rp-58f3cad2b4399cf0daf7,0x7cb770d0513c30e0cb45e4899e4a2cbeed6f9830,0x0B3E328455C4059EEB9E3F84B5543F74E24E7E1B/0x833589FCD6EDB6E08F4C7C32D4F71B54BDA02913,1780023340,MICRO_CANDIDATE,counterfactual_research_universe_v1,10.00,8.40,0.00,0.00,0.00,0.00,[],shadow-trace-2673ff3cb884673e0f020ea2,1780043537
20260529_162852,tierc-rp-7321f8ad8f28d767fc8c,0x7cb770d0513c30e0cb45e4899e4a2cbeed6f9830,0x0B3E328455C4059EEB9E3F84B5543F74E24E7E1B/0x833589FCD6EDB6E08F4C7C32D4F71B54BDA02913,1780023340,MICRO_CANDIDATE,counterfactual_research_universe_v1,20.00,8.40,0.00,0.00,0.00,0.00,[],shadow-trace-2673ff3cb884673e0f020ea2,1780043537
20260529_162852,tierc-rp-f3865060b1a47cd73ed9,0x7cb770d0513c30e0cb45e4899e4a2cbeed6f9830,0x0B3E328455C4059EEB9E3F84B5543F74E24E7E1B/0x833589FCD6EDB6E08F4C7C32D4F71B54BDA02913,1780023340,MICRO_CANDIDATE,counterfactual_research_universe_v1,50.00,8.40,0.00,0.00,0.00,0.00,[],shadow-trace-2673ff3cb884673e0f020ea2,1780043537
20260529_162852,tierc-rp-185404bb9e29725b1511,0x7cb770d0513c30e0cb45e4899e4a2cbeed6f9830,0x0B3E328455C4059EEB9E3F84B5543F74E24E7E1B/0x833589FCD6EDB6E08F4C7C32D4F71B54BDA02913,1780023640,MICRO_CANDIDATE,counterfactual_research_universe_v1,10.00,8.40,0.00,0.00,0.00,0.00,[],shadow-trace-a3ffc424f33d8483846cde0f,1780043537
20260529_162852,tierc-rp-3a3046f489df80dd1888,0x7cb770d0513c30e0cb45e4899e4a2cbeed6f9830,0x0B3E328455C4059EEB9E3F84B5543F74E24E7E1B/0x833589FCD6EDB6E08F4C7C32D4F71B54BDA02913,1780023640,MICRO_CANDIDATE,counterfactual_research_universe_v1,20.00,8.40,0.00,0.00,0.00,0.00,[],shadow-trace-a3ffc424f33d8483846cde0f,1780043537
20260529_162852,tierc-rp-c3b20357a0fa8e78ea26,0x7cb770d0513c30e0cb45e4899e4a2cbeed6f9830,0x0B3E328455C4059EEB9E3F84B5543F74E24E7E1B/0x833589FCD6EDB6E08F4C7C32D4F71B54BDA02913,1780023640,MICRO_CANDIDATE,counterfactual_research_universe_v1,50.00,8.40,0.00,0.00,0.00,0.00,[],shadow-trace-a3ffc424f33d8483846cde0f,1780043537
20260529_162852,tierc-rp-a824b6df7f2a1a9e76e9,0x7cb770d0513c30e0cb45e4899e4a2cbeed6f9830,0x0B3E328455C4059EEB9E3F84B5543F74E24E7E1B/0x833589FCD6EDB6E08F4C7C32D4F71B54BDA02913,1780027240,MICRO_CANDIDATE,counterfactual_research_universe_v1,10.00,8.40,0.00,0.00,0.00,0.00,[],shadow-trace-23c05cd3df430c17c6494ec2,1780043537
20260529_162852,tierc-rp-43a0c47b713d144628f6,0x7cb770d0513c30e0cb45e4899e4a2cbeed6f9830,0x0B3E328455C4059EEB9E3F84B5543F74E24E7E1B/0x833589FCD6EDB6E08F4C7C32D4F71B54BDA02913,1780027240,MICRO_CANDIDATE,counterfactual_research_universe_v1,20.00,8.40,0.00,0.00,0.00,0.00,[],shadow-trace-23c05cd3df430c17c6494ec2,1780043537
20260529_162852,tierc-rp-607ca3a41c02d07be429,0x7cb770d0513c30e0cb45e4899e4a2cbeed6f9830,0x0B3E328455C4059EEB9E3F84B5543F74E24E7E1B/0x833589FCD6EDB6E08F4C7C32D4F71B54BDA02913,1780027240,MICRO_CANDIDATE,counterfactual_research_universe_v1,50.00,8.40,0.00,0.00,0.00,0.00,[],shadow-trace-23c05cd3df430c17c6494ec2,1780043537
20260529_162852,tierc-rp-be806b4a485afe6e0170,0x7cb770d0513c30e0cb45e4899e4a2cbeed6f9830,0x0B3E328455C4059EEB9E3F84B5543F74E24E7E1B/0x833589FCD6EDB6E08F4C7C32D4F71B54BDA02913,1780031200,MICRO_CANDIDATE,counterfactual_research_universe_v1,10.00,8.40,0.00,0.00,0.00,0.00,[],shadow-trace-e139c3bcb8b89c6c4229ba2a,1780043537
20260529_162852,tierc-rp-a5bdfa588369140ec655,0x7cb770d0513c30e0cb45e4899e4a2cbeed6f9830,0x0B3E328455C4059EEB9E3F84B5543F74E24E7E1B/0x833589FCD6EDB6E08F4C7C32D4F71B54BDA02913,1780031200,MICRO_CANDIDATE,counterfactual_research_universe_v1,20.00,8.40,0.00,0.00,0.00,0.00,[],shadow-trace-e139c3bcb8b89c6c4229ba2a,1780043537
20260529_162852,tierc-rp-338e5a61b39cc51eccb0,0x7cb770d0513c30e0cb45e4899e4a2cbeed6f9830,0x0B3E328455C4059EEB9E3F84B5543F74E24E7E1B/0x833589FCD6EDB6E08F4C7C32D4F71B54BDA02913,1780031200,MICRO_CANDIDATE,counterfactual_research_universe_v1,50.00,8.40,0.00,0.00,0.00,0.00,[],shadow-trace-e139c3bcb8b89c6c4229ba2a,1780043537
20260529_162852,tierc-rp-226e31fdc8ea25a4019b,0x7cb770d0513c30e0cb45e4899e4a2cbeed6f9830,0x0B3E328455C4059EEB9E3F84B5543F74E24E7E1B/0x833589FCD6EDB6E08F4C7C32D4F71B54BDA02913,1780037348,MICRO_CANDIDATE,counterfactual_research_universe_v1,10.00,8.40,0.00,0.00,0.00,0.00,[],shadow-trace-1207246c2d31044b68588135,1780043537
20260529_162852,tierc-rp-0bba1e6ff210d8cec061,0x7cb770d0513c30e0cb45e4899e4a2cbeed6f9830,0x0B3E328455C4059EEB9E3F84B5543F74E24E7E1B/0x833589FCD6EDB6E08F4C7C32D4F71B54BDA02913,1780037348,MICRO_CANDIDATE,counterfactual_research_universe_v1,20.00,8.40,0.00,0.00,0.00,0.00,[],shadow-trace-1207246c2d31044b68588135,1780043537
20260529_162852,tierc-rp-ac550e91009ef46fa866,0x7cb770d0513c30e0cb45e4899e4a2cbeed6f9830,0x0B3E328455C4059EEB9E3F84B5543F74E24E7E1B/0x833589FCD6EDB6E08F4C7C32D4F71B54BDA02913,1780037348,MICRO_CANDIDATE,counterfactual_research_universe_v1,50.00,8.40,0.00,0.00,0.00,0.00,[],shadow-trace-1207246c2d31044b68588135,1780043537
20260529_162852,tierc-rp-76213a89cf6484863cc4,0x7cb770d0513c30e0cb45e4899e4a2cbeed6f9830,0x0B3E328455C4059EEB9E3F84B5543F74E24E7E1B/0x833589FCD6EDB6E08F4C7C32D4F71B54BDA02913,1780038040,MICRO_CANDIDATE,counterfactual_research_universe_v1,10.00,8.40,0.00,0.00,0.00,0.00,[],shadow-trace-87b0ef007846802b32e8de93,1780043537
20260529_162852,tierc-rp-c6e4ffadfdbe7ba582a1,0x7cb770d0513c30e0cb45e4899e4a2cbeed6f9830,0x0B3E328455C4059EEB9E3F84B5543F74E24E7E1B/0x833589FCD6EDB6E08F4C7C32D4F71B54BDA02913,1780038040,MICRO_CANDIDATE,counterfactual_research_universe_v1,20.00,8.40,0.00,0.00,0.00,0.00,[],shadow-trace-87b0ef007846802b32e8de93,1780043537
20260529_162852,tierc-rp-867c89ffc7da5532557e,0x7cb770d0513c30e0cb45e4899e4a2cbeed6f9830,0x0B3E328455C4059EEB9E3F84B5543F74E24E7E1B/0x833589FCD6EDB6E08F4C7C32D4F71B54BDA02913,1780038040,MICRO_CANDIDATE,counterfactual_research_universe_v1,50.00,8.40,0.00,0.00,0.00,0.00,[],shadow-trace-87b0ef007846802b32e8de93,1780043537
20260529_162852,tierc-rp-f6111d5832aa118399a4,0x7cb770d0513c30e0cb45e4899e4a2cbeed6f9830,0x0B3E328455C4059EEB9E3F84B5543F74E24E7E1B/0x833589FCD6EDB6E08F4C7C32D4F71B54BDA02913,1780041640,MICRO_CANDIDATE,counterfactual_research_universe_v1,10.00,8.40,0.00,0.00,0.00,0.00,[],shadow-trace-02fc5b49b687288d1c5e86ac,1780043537
20260529_162852,tierc-rp-8bbc8d4ab74ce8230eac,0x7cb770d0513c30e0cb45e4899e4a2cbeed6f9830,0x0B3E328455C4059EEB9E3F84B5543F74E24E7E1B/0x833589FCD6EDB6E08F4C7C32D4F71B54BDA02913,1780041640,MICRO_CANDIDATE,counterfactual_research_universe_v1,20.00,8.40,0.00,0.00,0.00,0.00,[],shadow-trace-02fc5b49b687288d1c5e86ac,1780043537
20260529_162852,tierc-rp-34a7bc58ccb057ccd88d,0x7cb770d0513c30e0cb45e4899e4a2cbeed6f9830,0x0B3E328455C4059EEB9E3F84B5543F74E24E7E1B/0x833589FCD6EDB6E08F4C7C32D4F71B54BDA02913,1780041640,MICRO_CANDIDATE,counterfactual_research_universe_v1,50.00,8.40,0.00,0.00,0.00,0.00,[],shadow-trace-02fc5b49b687288d1c5e86ac,1780043537
20260529_162852,tierc-rp-0311b2ba58265f1a48b6,0x82dbe18346a8656dbb5e76f74bf3ae279cc16b29,0x4200000000000000000000000000000000000006/0x833589FCD6EDB6E08F4C7C32D4F71B54BDA02913,1779886842,WATCH,counterfactual_research_universe_v1,10.00,12.58,0.00,0.00,0.00,100.00,market_quality_incomplete,shadow-trace-eba50cd3c674464bbd13a91f,1780043537
20260529_162852,tierc-rp-a6da035907d47284e2a4,0x82dbe18346a8656dbb5e76f74bf3ae279cc16b29,0x4200000000000000000000000000000000000006/0x833589FCD6EDB6E08F4C7C32D4F71B54BDA02913,1779886842,WATCH,counterfactual_research_universe_v1,20.00,12.58,0.00,0.00,0.00,100.00,market_quality_incomplete,shadow-trace-eba50cd3c674464bbd13a91f,1780043537
20260529_162852,tierc-rp-4e86989c85096f414a86,0x82dbe18346a8656dbb5e76f74bf3ae279cc16b29,0x4200000000000000000000000000000000000006/0x833589FCD6EDB6E08F4C7C32D4F71B54BDA02913,1779886842,WATCH,counterfactual_research_universe_v1,50.00,12.58,0.00,0.00,0.00,100.00,market_quality_incomplete,shadow-trace-eba50cd3c674464bbd13a91f,1780043537
20260529_162852,tierc-rp-08b64b087f022ee78c20,0x82dbe18346a8656dbb5e76f74bf3ae279cc16b29,0x4200000000000000000000000000000000000006/0x833589FCD6EDB6E08F4C7C32D4F71B54BDA02913,1779890441,WATCH,counterfactual_research_universe_v1,10.00,12.58,0.00,0.00,0.00,100.00,market_quality_incomplete,shadow-trace-a66c2aef46c4fdc9b0bfe545,1780043537
20260529_162852,tierc-rp-45835db35984244c4a64,0x82dbe18346a8656dbb5e76f74bf3ae279cc16b29,0x4200000000000000000000000000000000000006/0x833589FCD6EDB6E08F4C7C32D4F71B54BDA02913,1779890441,WATCH,counterfactual_research_universe_v1,20.00,12.58,0.00,0.00,0.00,100.00,market_quality_incomplete,shadow-trace-a66c2aef46c4fdc9b0bfe545,1780043537
20260529_162852,tierc-rp-73dcbaa15632d59917b4,0x82dbe18346a8656dbb5e76f74bf3ae279cc16b29,0x4200000000000000000000000000000000000006/0x833589FCD6EDB6E08F4C7C32D4F71B54BDA02913,1779890441,WATCH,counterfactual_research_universe_v1,50.00,12.58,0.00,0.00,0.00,100.00,market_quality_incomplete,shadow-trace-a66c2aef46c4fdc9b0bfe545,1780043537
20260529_162852,tierc-rp-0b724bafe15bf3f9722b,0x82dbe18346a8656dbb5e76f74bf3ae279cc16b29,0x4200000000000000000000000000000000000006/0x833589FCD6EDB6E08F4C7C32D4F71B54BDA02913,1779894039,WATCH,counterfactual_research_universe_v1,10.00,12.58,0.00,0.00,0.00,100.00,market_quality_incomplete,shadow-trace-d2bb384c305230dcebbebe7b,1780043537
20260529_162852,tierc-rp-be37dbaf9d91e6e117f3,0x82dbe18346a8656dbb5e76f74bf3ae279cc16b29,0x4200000000000000000000000000000000000006/0x833589FCD6EDB6E08F4C7C32D4F71B54BDA02913,1779894039,WATCH,counterfactual_research_universe_v1,20.00,12.58,0.00,0.00,0.00,100.00,market_quality_incomplete,shadow-trace-d2bb384c305230dcebbebe7b,1780043537
20260529_162852,tierc-rp-ccc4a50ed069ff75b6cc,0x82dbe18346a8656dbb5e76f74bf3ae279cc16b29,0x4200000000000000000000000000000000000006/0x833589FCD6EDB6E08F4C7C32D4F71B54BDA02913,1779894039,WATCH,counterfactual_research_universe_v1,50.00,12.58,0.00,0.00,0.00,100.00,market_quality_incomplete,shadow-trace-d2bb384c305230dcebbebe7b,1780043537
20260529_162852,tierc-rp-058d1f66f9021143abba,0x82dbe18346a8656dbb5e76f74bf3ae279cc16b29,0x4200000000000000000000000000000000000006/0x833589FCD6EDB6E08F4C7C32D4F71B54BDA02913,1779897640,WATCH,counterfactual_research_universe_v1,10.00,12.58,0.00,0.00,0.00,100.00,market_quality_incomplete,shadow-trace-cf628436b769e7ac6b29b817,1780043537
20260529_162852,tierc-rp-fe3b4e8d40cc2687f81b,0x82dbe18346a8656dbb5e76f74bf3ae279cc16b29,0x4200000000000000000000000000000000000006/0x833589FCD6EDB6E08F4C7C32D4F71B54BDA02913,1779897640,WATCH,counterfactual_research_universe_v1,20.00,12.58,0.00,0.00,0.00,100.00,market_quality_incomplete,shadow-trace-cf628436b769e7ac6b29b817,1780043537
20260529_162852,tierc-rp-0f30ea72e196ba0e057d,0x82dbe18346a8656dbb5e76f74bf3ae279cc16b29,0x4200000000000000000000000000000000000006/0x833589FCD6EDB6E08F4C7C32D4F71B54BDA02913,1779897640,WATCH,counterfactual_research_universe_v1,50.00,12.58,0.00,0.00,0.00,100.00,market_quality_incomplete,shadow-trace-cf628436b769e7ac6b29b817,1780043537
20260529_162852,tierc-rp-2e47353130ee8f4cec6a,0x82dbe18346a8656dbb5e76f74bf3ae279cc16b29,0x4200000000000000000000000000000000000006/0x833589FCD6EDB6E08F4C7C32D4F71B54BDA02913,1779901239,WATCH,counterfactual_research_universe_v1,10.00,12.58,0.00,0.00,0.00,100.00,market_quality_incomplete,shadow-trace-024dcb27edc981e24ebad5e4,1780043537
20260529_162852,tierc-rp-4566d39f1f090a1becdc,0x82dbe18346a8656dbb5e76f74bf3ae279cc16b29,0x4200000000000000000000000000000000000006/0x833589FCD6EDB6E08F4C7C32D4F71B54BDA02913,1779901239,WATCH,counterfactual_research_universe_v1,20.00,12.58,0.00,0.00,0.00,100.00,market_quality_incomplete,shadow-trace-024dcb27edc981e24ebad5e4,1780043537
20260529_162852,tierc-rp-33efb3a5db710a1a9d6b,0x82dbe18346a8656dbb5e76f74bf3ae279cc16b29,0x4200000000000000000000000000000000000006/0x833589FCD6EDB6E08F4C7C32D4F71B54BDA02913,1779901239,WATCH,counterfactual_research_universe_v1,50.00,12.58,0.00,0.00,0.00,100.00,market_quality_incomplete,shadow-trace-024dcb27edc981e24ebad5e4,1780043537
20260529_162852,tierc-rp-b1c6639c4f840fb24538,0x82dbe18346a8656dbb5e76f74bf3ae279cc16b29,0x4200000000000000000000000000000000000006/0x833589FCD6EDB6E08F4C7C32D4F71B54BDA02913,1779904839,WATCH,counterfactual_research_universe_v1,10.00,12.58,0.00,0.00,0.00,100.00,market_quality_incomplete,shadow-trace-6c8c7cd120042042d0a05879,1780043537
20260529_162852,tierc-rp-daa48307995115a30d6e,0x82dbe18346a8656dbb5e76f74bf3ae279cc16b29,0x4200000000000000000000000000000000000006/0x833589FCD6EDB6E08F4C7C32D4F71B54BDA02913,1779904839,WATCH,counterfactual_research_universe_v1,20.00,12.58,0.00,0.00,0.00,100.00,market_quality_incomplete,shadow-trace-6c8c7cd120042042d0a05879,1780043537
20260529_162852,tierc-rp-9f1b0c418c4d5d4fbcec,0x82dbe18346a8656dbb5e76f74bf3ae279cc16b29,0x4200000000000000000000000000000000000006/0x833589FCD6EDB6E08F4C7C32D4F71B54BDA02913,1779904839,WATCH,counterfactual_research_universe_v1,50.00,12.58,0.00,0.00,0.00,100.00,market_quality_incomplete,shadow-trace-6c8c7cd120042042d0a05879,1780043537
20260529_162852,tierc-rp-c6f3832d808a1e783591,0x82dbe18346a8656dbb5e76f74bf3ae279cc16b29,0x4200000000000000000000000000000000000006/0x833589FCD6EDB6E08F4C7C32D4F71B54BDA02913,1779908440,WATCH,counterfactual_research_universe_v1,10.00,12.58,0.00,0.00,0.00,100.00,market_quality_incomplete,shadow-trace-b346c623c76985d10642b535,1780043537
20260529_162852,tierc-rp-0b0b86be4070b9bb3aac,0x82dbe18346a8656dbb5e76f74bf3ae279cc16b29,0x4200000000000000000000000000000000000006/0x833589FCD6EDB6E08F4C7C32D4F71B54BDA02913,1779908440,WATCH,counterfactual_research_universe_v1,20.00,12.58,0.00,0.00,0.00,100.00,market_quality_incomplete,shadow-trace-b346c623c76985d10642b535,1780043537
20260529_162852,tierc-rp-34bb519d56fc14c1f05d,0x82dbe18346a8656dbb5e76f74bf3ae279cc16b29,0x4200000000000000000000000000000000000006/0x833589FCD6EDB6E08F4C7C32D4F71B54BDA02913,1779908440,WATCH,counterfactual_research_universe_v1,50.00,12.58,0.00,0.00,0.00,100.00,market_quality_incomplete,shadow-trace-b346c623c76985d10642b535,1780043537
20260529_162852,tierc-rp-2bab5ee51dfe0a4c0140,0x82dbe18346a8656dbb5e76f74bf3ae279cc16b29,0x4200000000000000000000000000000000000006/0x833589FCD6EDB6E08F4C7C32D4F71B54BDA02913,1779912040,WATCH,counterfactual_research_universe_v1,10.00,12.58,0.00,0.00,0.00,100.00,market_quality_incomplete,shadow-trace-d085d5b49af7b1a557f71934,1780043537
20260529_162852,tierc-rp-0ba634d981567937c9c4,0x82dbe18346a8656dbb5e76f74bf3ae279cc16b29,0x4200000000000000000000000000000000000006/0x833589FCD6EDB6E08F4C7C32D4F71B54BDA02913,1779912040,WATCH,counterfactual_research_universe_v1,20.00,12.58,0.00,0.00,0.00,100.00,market_quality_incomplete,shadow-trace-d085d5b49af7b1a557f71934,1780043537
20260529_162852,tierc-rp-ba5b55384914cc998d98,0x82dbe18346a8656dbb5e76f74bf3ae279cc16b29,0x4200000000000000000000000000000000000006/0x833589FCD6EDB6E08F4C7C32D4F71B54BDA02913,1779912040,WATCH,counterfactual_research_universe_v1,50.00,12.58,0.00,0.00,0.00,100.00,market_quality_incomplete,shadow-trace-d085d5b49af7b1a557f71934,1780043537
20260529_162852,tierc-rp-f1663e55ace4473cc1ce,0x82dbe18346a8656dbb5e76f74bf3ae279cc16b29,0x4200000000000000000000000000000000000006/0x833589FCD6EDB6E08F4C7C32D4F71B54BDA02913,1779915639,WATCH,counterfactual_research_universe_v1,10.00,12.58,0.00,0.00,0.00,100.00,market_quality_incomplete,shadow-trace-32376ebebb72f97d2e70107b,1780043537
20260529_162852,tierc-rp-249d29ab0c546490a1c6,0x82dbe18346a8656dbb5e76f74bf3ae279cc16b29,0x4200000000000000000000000000000000000006/0x833589FCD6EDB6E08F4C7C32D4F71B54BDA02913,1779915639,WATCH,counterfactual_research_universe_v1,20.00,12.58,0.00,0.00,0.00,100.00,market_quality_incomplete,shadow-trace-32376ebebb72f97d2e70107b,1780043537
20260529_162852,tierc-rp-cb8ebb17500832d0433b,0x82dbe18346a8656dbb5e76f74bf3ae279cc16b29,0x4200000000000000000000000000000000000006/0x833589FCD6EDB6E08F4C7C32D4F71B54BDA02913,1779915639,WATCH,counterfactual_research_universe_v1,50.00,12.58,0.00,0.00,0.00,100.00,market_quality_incomplete,shadow-trace-32376ebebb72f97d2e70107b,1780043537
20260529_162852,tierc-rp-fc0cdb51f5b3e5596bc7,0x82dbe18346a8656dbb5e76f74bf3ae279cc16b29,0x4200000000000000000000000000000000000006/0x833589FCD6EDB6E08F4C7C32D4F71B54BDA02913,1779919241,WATCH,counterfactual_research_universe_v1,10.00,12.58,0.00,0.00,0.00,100.00,market_quality_incomplete,shadow-trace-a8d705d9e118b80def849f16,1780043537
20260529_162852,tierc-rp-8bb4c2700b094462a9fb,0x82dbe18346a8656dbb5e76f74bf3ae279cc16b29,0x4200000000000000000000000000000000000006/0x833589FCD6EDB6E08F4C7C32D4F71B54BDA02913,1779919241,WATCH,counterfactual_research_universe_v1,20.00,12.58,0.00,0.00,0.00,100.00,market_quality_incomplete,shadow-trace-a8d705d9e118b80def849f16,1780043537
20260529_162852,tierc-rp-0ed744b13c0ab7e26c60,0x82dbe18346a8656dbb5e76f74bf3ae279cc16b29,0x4200000000000000000000000000000000000006/0x833589FCD6EDB6E08F4C7C32D4F71B54BDA02913,1779919241,WATCH,counterfactual_research_universe_v1,50.00,12.58,0.00,0.00,0.00,100.00,market_quality_incomplete,shadow-trace-a8d705d9e118b80def849f16,1780043537
20260529_162852,tierc-rp-63ebc4fe1fbbfaeca6bc,0x82dbe18346a8656dbb5e76f74bf3ae279cc16b29,0x4200000000000000000000000000000000000006/0x833589FCD6EDB6E08F4C7C32D4F71B54BDA02913,1779922840,WATCH,counterfactual_research_universe_v1,10.00,12.58,0.00,0.00,0.00,100.00,market_quality_incomplete,shadow-trace-a9c95882faf108066787d81b,1780043537
20260529_162852,tierc-rp-5635b4e1d5da76666f18,0x82dbe18346a8656dbb5e76f74bf3ae279cc16b29,0x4200000000000000000000000000000000000006/0x833589FCD6EDB6E08F4C7C32D4F71B54BDA02913,1779922840,WATCH,counterfactual_research_universe_v1,20.00,12.58,0.00,0.00,0.00,100.00,market_quality_incomplete,shadow-trace-a9c95882faf108066787d81b,1780043537
20260529_162852,tierc-rp-da9c5c3fcf8b6a4fd950,0x82dbe18346a8656dbb5e76f74bf3ae279cc16b29,0x4200000000000000000000000000000000000006/0x833589FCD6EDB6E08F4C7C32D4F71B54BDA02913,1779922840,WATCH,counterfactual_research_universe_v1,50.00,12.58,0.00,0.00,0.00,100.00,market_quality_incomplete,shadow-trace-a9c95882faf108066787d81b,1780043537
20260529_162852,tierc-rp-7f81b5024286e1c6fa99,0x82dbe18346a8656dbb5e76f74bf3ae279cc16b29,0x4200000000000000000000000000000000000006/0x833589FCD6EDB6E08F4C7C32D4F71B54BDA02913,1779926440,WATCH,counterfactual_research_universe_v1,10.00,12.58,0.00,0.00,0.00,100.00,market_quality_incomplete,shadow-trace-e943c0299553bbc8915a3ada,1780043537
20260529_162852,tierc-rp-0602745006e534816277,0x82dbe18346a8656dbb5e76f74bf3ae279cc16b29,0x4200000000000000000000000000000000000006/0x833589FCD6EDB6E08F4C7C32D4F71B54BDA02913,1779926440,WATCH,counterfactual_research_universe_v1,20.00,12.58,0.00,0.00,0.00,100.00,market_quality_incomplete,shadow-trace-e943c0299553bbc8915a3ada,1780043537
20260529_162852,tierc-rp-79fc8ba3590b06e382c0,0x82dbe18346a8656dbb5e76f74bf3ae279cc16b29,0x4200000000000000000000000000000000000006/0x833589FCD6EDB6E08F4C7C32D4F71B54BDA02913,1779926440,WATCH,counterfactual_research_universe_v1,50.00,12.58,0.00,0.00,0.00,100.00,market_quality_incomplete,shadow-trace-e943c0299553bbc8915a3ada,1780043537
20260529_162852,tierc-rp-d87434fedac6e00a274b,0x82dbe18346a8656dbb5e76f74bf3ae279cc16b29,0x4200000000000000000000000000000000000006/0x833589FCD6EDB6E08F4C7C32D4F71B54BDA02913,1779930040,WATCH,counterfactual_research_universe_v1,10.00,12.58,0.00,0.00,0.00,100.00,market_quality_incomplete,shadow-trace-3ecb5b11b9e154000372c815,1780043537
20260529_162852,tierc-rp-742876af9a9ae32f3d78,0x82dbe18346a8656dbb5e76f74bf3ae279cc16b29,0x4200000000000000000000000000000000000006/0x833589FCD6EDB6E08F4C7C32D4F71B54BDA02913,1779930040,WATCH,counterfactual_research_universe_v1,20.00,12.58,0.00,0.00,0.00,100.00,market_quality_incomplete,shadow-trace-3ecb5b11b9e154000372c815,1780043537
20260529_162852,tierc-rp-cffb4f45ede84369ea4f,0x82dbe18346a8656dbb5e76f74bf3ae279cc16b29,0x4200000000000000000000000000000000000006/0x833589FCD6EDB6E08F4C7C32D4F71B54BDA02913,1779930040,WATCH,counterfactual_research_universe_v1,50.00,12.58,0.00,0.00,0.00,100.00,market_quality_incomplete,shadow-trace-3ecb5b11b9e154000372c815,1780043537
20260529_162852,tierc-rp-a3c193eb5384d747ffd8,0x82dbe18346a8656dbb5e76f74bf3ae279cc16b29,0x4200000000000000000000000000000000000006/0x833589FCD6EDB6E08F4C7C32D4F71B54BDA02913,1779933640,WATCH,counterfactual_research_universe_v1,10.00,12.58,0.00,0.00,0.00,100.00,market_quality_incomplete,shadow-trace-05a31739dc11efcf1608839d,1780043537
20260529_162852,tierc-rp-b5b2c82e0d5517db2626,0x82dbe18346a8656dbb5e76f74bf3ae279cc16b29,0x4200000000000000000000000000000000000006/0x833589FCD6EDB6E08F4C7C32D4F71B54BDA02913,1779933640,WATCH,counterfactual_research_universe_v1,20.00,12.58,0.00,0.00,0.00,100.00,market_quality_incomplete,shadow-trace-05a31739dc11efcf1608839d,1780043537
20260529_162852,tierc-rp-b140ee280d6cd0668a6b,0x82dbe18346a8656dbb5e76f74bf3ae279cc16b29,0x4200000000000000000000000000000000000006/0x833589FCD6EDB6E08F4C7C32D4F71B54BDA02913,1779933640,WATCH,counterfactual_research_universe_v1,50.00,12.58,0.00,0.00,0.00,100.00,market_quality_incomplete,shadow-trace-05a31739dc11efcf1608839d,1780043537
20260529_162852,tierc-rp-88253878c67b834f87dc,0x82dbe18346a8656dbb5e76f74bf3ae279cc16b29,0x4200000000000000000000000000000000000006/0x833589FCD6EDB6E08F4C7C32D4F71B54BDA02913,1779937240,WATCH,counterfactual_research_universe_v1,10.00,12.58,0.00,0.00,0.00,100.00,market_quality_incomplete,shadow-trace-9f6d17740752f5dbfbe2a549,1780043537
20260529_162852,tierc-rp-04e7046b7e3741481fef,0x82dbe18346a8656dbb5e76f74bf3ae279cc16b29,0x4200000000000000000000000000000000000006/0x833589FCD6EDB6E08F4C7C32D4F71B54BDA02913,1779937240,WATCH,counterfactual_research_universe_v1,20.00,12.58,0.00,0.00,0.00,100.00,market_quality_incomplete,shadow-trace-9f6d17740752f5dbfbe2a549,1780043537
20260529_162852,tierc-rp-75a0346e7526fea8e4f2,0x82dbe18346a8656dbb5e76f74bf3ae279cc16b29,0x4200000000000000000000000000000000000006/0x833589FCD6EDB6E08F4C7C32D4F71B54BDA02913,1779937240,WATCH,counterfactual_research_universe_v1,50.00,12.58,0.00,0.00,0.00,100.00,market_quality_incomplete,shadow-trace-9f6d17740752f5dbfbe2a549,1780043537
20260529_162852,tierc-rp-59a23f742cb1e8eb1128,0x82dbe18346a8656dbb5e76f74bf3ae279cc16b29,0x4200000000000000000000000000000000000006/0x833589FCD6EDB6E08F4C7C32D4F71B54BDA02913,1779940840,WATCH,counterfactual_research_universe_v1,10.00,12.58,0.00,0.00,0.00,100.00,market_quality_incomplete,shadow-trace-3df0a39d08a5904881ae1989,1780043537
20260529_162852,tierc-rp-f2c1dfb6bfabc97700e3,0x82dbe18346a8656dbb5e76f74bf3ae279cc16b29,0x4200000000000000000000000000000000000006/0x833589FCD6EDB6E08F4C7C32D4F71B54BDA02913,1779940840,WATCH,counterfactual_research_universe_v1,20.00,12.58,0.00,0.00,0.00,100.00,market_quality_incomplete,shadow-trace-3df0a39d08a5904881ae1989,1780043537
20260529_162852,tierc-rp-79643104bc03d51a182c,0x82dbe18346a8656dbb5e76f74bf3ae279cc16b29,0x4200000000000000000000000000000000000006/0x833589FCD6EDB6E08F4C7C32D4F71B54BDA02913,1779940840,WATCH,counterfactual_research_universe_v1,50.00,12.58,0.00,0.00,0.00,100.00,market_quality_incomplete,shadow-trace-3df0a39d08a5904881ae1989,1780043537
20260529_162852,tierc-rp-498946dc28859c210ba5,0x82dbe18346a8656dbb5e76f74bf3ae279cc16b29,0x4200000000000000000000000000000000000006/0x833589FCD6EDB6E08F4C7C32D4F71B54BDA02913,1779944439,WATCH,counterfactual_research_universe_v1,10.00,12.58,0.00,0.00,0.00,100.00,market_quality_incomplete,shadow-trace-7c9a1055b6b615570c2e800f,1780043537
20260529_162852,tierc-rp-dd331d171c2a82ba9c7d,0x82dbe18346a8656dbb5e76f74bf3ae279cc16b29,0x4200000000000000000000000000000000000006/0x833589FCD6EDB6E08F4C7C32D4F71B54BDA02913,1779944439,WATCH,counterfactual_research_universe_v1,20.00,12.58,0.00,0.00,0.00,100.00,market_quality_incomplete,shadow-trace-7c9a1055b6b615570c2e800f,1780043537
20260529_162852,tierc-rp-505b179a5932823601b0,0x82dbe18346a8656dbb5e76f74bf3ae279cc16b29,0x4200000000000000000000000000000000000006/0x833589FCD6EDB6E08F4C7C32D4F71B54BDA02913,1779944439,WATCH,counterfactual_research_universe_v1,50.00,12.58,0.00,0.00,0.00,100.00,market_quality_incomplete,shadow-trace-7c9a1055b6b615570c2e800f,1780043537
20260529_162852,tierc-rp-42ec18b88e296fba8a88,0x82dbe18346a8656dbb5e76f74bf3ae279cc16b29,0x4200000000000000000000000000000000000006/0x833589FCD6EDB6E08F4C7C32D4F71B54BDA02913,1779948039,WATCH,counterfactual_research_universe_v1,10.00,12.58,0.00,0.00,0.00,100.00,market_quality_incomplete,shadow-trace-8d5bfb502000a32daf8eb4f4,1780043537
20260529_162852,tierc-rp-aebb83f4de2c45058a24,0x82dbe18346a8656dbb5e76f74bf3ae279cc16b29,0x4200000000000000000000000000000000000006/0x833589FCD6EDB6E08F4C7C32D4F71B54BDA02913,1779948039,WATCH,counterfactual_research_universe_v1,20.00,12.58,0.00,0.00,0.00,100.00,market_quality_incomplete,shadow-trace-8d5bfb502000a32daf8eb4f4,1780043537
20260529_162852,tierc-rp-9b6af0a4a4ef27e1dbdc,0x82dbe18346a8656dbb5e76f74bf3ae279cc16b29,0x4200000000000000000000000000000000000006/0x833589FCD6EDB6E08F4C7C32D4F71B54BDA02913,1779948039,WATCH,counterfactual_research_universe_v1,50.00,12.58,0.00,0.00,0.00,100.00,market_quality_incomplete,shadow-trace-8d5bfb502000a32daf8eb4f4,1780043537
20260529_162852,tierc-rp-da508b1e5a1a49538318,0x82dbe18346a8656dbb5e76f74bf3ae279cc16b29,0x4200000000000000000000000000000000000006/0x833589FCD6EDB6E08F4C7C32D4F71B54BDA02913,1779951640,WATCH,counterfactual_research_universe_v1,10.00,12.58,0.00,0.00,0.00,100.00,market_quality_incomplete,shadow-trace-1505b4781f99ca95429fdd76,1780043537
20260529_162852,tierc-rp-549f750b9a490aa175ba,0x82dbe18346a8656dbb5e76f74bf3ae279cc16b29,0x4200000000000000000000000000000000000006/0x833589FCD6EDB6E08F4C7C32D4F71B54BDA02913,1779951640,WATCH,counterfactual_research_universe_v1,20.00,12.58,0.00,0.00,0.00,100.00,market_quality_incomplete,shadow-trace-1505b4781f99ca95429fdd76,1780043537
20260529_162852,tierc-rp-14a940e5a7fe8077c754,0x82dbe18346a8656dbb5e76f74bf3ae279cc16b29,0x4200000000000000000000000000000000000006/0x833589FCD6EDB6E08F4C7C32D4F71B54BDA02913,1779951640,WATCH,counterfactual_research_universe_v1,50.00,12.58,0.00,0.00,0.00,100.00,market_quality_incomplete,shadow-trace-1505b4781f99ca95429fdd76,1780043537
20260529_162852,tierc-rp-3ec7f4b79e0f06c7df48,0x82dbe18346a8656dbb5e76f74bf3ae279cc16b29,0x4200000000000000000000000000000000000006/0x833589FCD6EDB6E08F4C7C32D4F71B54BDA02913,1779955240,WATCH,counterfactual_research_universe_v1,10.00,12.58,0.00,0.00,0.00,100.00,market_quality_incomplete,shadow-trace-017217075f7a647b353fb4da,1780043537
20260529_162852,tierc-rp-32b0111a2be0b52779a5,0x82dbe18346a8656dbb5e76f74bf3ae279cc16b29,0x4200000000000000000000000000000000000006/0x833589FCD6EDB6E08F4C7C32D4F71B54BDA02913,1779955240,WATCH,counterfactual_research_universe_v1,20.00,12.58,0.00,0.00,0.00,100.00,market_quality_incomplete,shadow-trace-017217075f7a647b353fb4da,1780043537
20260529_162852,tierc-rp-04b0003ea83c1c5fa748,0x82dbe18346a8656dbb5e76f74bf3ae279cc16b29,0x4200000000000000000000000000000000000006/0x833589FCD6EDB6E08F4C7C32D4F71B54BDA02913,1779955240,WATCH,counterfactual_research_universe_v1,50.00,12.58,0.00,0.00,0.00,100.00,market_quality_incomplete,shadow-trace-017217075f7a647b353fb4da,1780043537
20260529_162852,tierc-rp-d2e69188988d255f28ed,0x82dbe18346a8656dbb5e76f74bf3ae279cc16b29,0x4200000000000000000000000000000000000006/0x833589FCD6EDB6E08F4C7C32D4F71B54BDA02913,1779958840,WATCH,counterfactual_research_universe_v1,10.00,12.58,0.00,0.00,0.00,100.00,market_quality_incomplete,shadow-trace-8232927d297514d5f86d7635,1780043537
20260529_162852,tierc-rp-6080b7686e85b817b6a9,0x82dbe18346a8656dbb5e76f74bf3ae279cc16b29,0x4200000000000000000000000000000000000006/0x833589FCD6EDB6E08F4C7C32D4F71B54BDA02913,1779958840,WATCH,counterfactual_research_universe_v1,20.00,12.58,0.00,0.00,0.00,100.00,market_quality_incomplete,shadow-trace-8232927d297514d5f86d7635,1780043537
20260529_162852,tierc-rp-3ff637648d755d47c84e,0x82dbe18346a8656dbb5e76f74bf3ae279cc16b29,0x4200000000000000000000000000000000000006/0x833589FCD6EDB6E08F4C7C32D4F71B54BDA02913,1779958840,WATCH,counterfactual_research_universe_v1,50.00,12.58,0.00,0.00,0.00,100.00,market_quality_incomplete,shadow-trace-8232927d297514d5f86d7635,1780043537
20260529_162852,tierc-rp-d0f854cbcac744cd82ec,0x82dbe18346a8656dbb5e76f74bf3ae279cc16b29,0x4200000000000000000000000000000000000006/0x833589FCD6EDB6E08F4C7C32D4F71B54BDA02913,1779962440,WATCH,counterfactual_research_universe_v1,10.00,12.58,0.00,0.00,0.00,100.00,market_quality_incomplete,shadow-trace-661c896c9c51f28392760f97,1780043537
20260529_162852,tierc-rp-1e5da244bdb96d5e5d49,0x82dbe18346a8656dbb5e76f74bf3ae279cc16b29,0x4200000000000000000000000000000000000006/0x833589FCD6EDB6E08F4C7C32D4F71B54BDA02913,1779962440,WATCH,counterfactual_research_universe_v1,20.00,12.58,0.00,0.00,0.00,100.00,market_quality_incomplete,shadow-trace-661c896c9c51f28392760f97,1780043537
20260529_162852,tierc-rp-03fa9ae6256266b9dd1d,0x82dbe18346a8656dbb5e76f74bf3ae279cc16b29,0x4200000000000000000000000000000000000006/0x833589FCD6EDB6E08F4C7C32D4F71B54BDA02913,1779962440,WATCH,counterfactual_research_universe_v1,50.00,12.58,0.00,0.00,0.00,100.00,market_quality_incomplete,shadow-trace-661c896c9c51f28392760f97,1780043537
20260529_162852,tierc-rp-acdb2bc99d8fcf94cf37,0x82dbe18346a8656dbb5e76f74bf3ae279cc16b29,0x4200000000000000000000000000000000000006/0x833589FCD6EDB6E08F4C7C32D4F71B54BDA02913,1779966041,WATCH,counterfactual_research_universe_v1,10.00,12.58,0.00,0.00,0.00,100.00,market_quality_incomplete,shadow-trace-00ae0e91a7c1c6517ba56dc2,1780043537
20260529_162852,tierc-rp-ad1ede360bc31a15629b,0x82dbe18346a8656dbb5e76f74bf3ae279cc16b29,0x4200000000000000000000000000000000000006/0x833589FCD6EDB6E08F4C7C32D4F71B54BDA02913,1779966041,WATCH,counterfactual_research_universe_v1,20.00,12.58,0.00,0.00,0.00,100.00,market_quality_incomplete,shadow-trace-00ae0e91a7c1c6517ba56dc2,1780043537
20260529_162852,tierc-rp-47133ca3990d4f3e9832,0x82dbe18346a8656dbb5e76f74bf3ae279cc16b29,0x4200000000000000000000000000000000000006/0x833589FCD6EDB6E08F4C7C32D4F71B54BDA02913,1779966041,WATCH,counterfactual_research_universe_v1,50.00,12.58,0.00,0.00,0.00,100.00,market_quality_incomplete,shadow-trace-00ae0e91a7c1c6517ba56dc2,1780043537
20260529_162852,tierc-rp-1f86ace7de1f0aef6201,0x82dbe18346a8656dbb5e76f74bf3ae279cc16b29,0x4200000000000000000000000000000000000006/0x833589FCD6EDB6E08F4C7C32D4F71B54BDA02913,1779969640,WATCH,counterfactual_research_universe_v1,10.00,12.58,0.00,0.00,0.00,100.00,market_quality_incomplete,shadow-trace-5c69a10c20a52c0f2ed94ed4,1780043537
20260529_162852,tierc-rp-5939e35f36bbb71f0181,0x82dbe18346a8656dbb5e76f74bf3ae279cc16b29,0x4200000000000000000000000000000000000006/0x833589FCD6EDB6E08F4C7C32D4F71B54BDA02913,1779969640,WATCH,counterfactual_research_universe_v1,20.00,12.58,0.00,0.00,0.00,100.00,market_quality_incomplete,shadow-trace-5c69a10c20a52c0f2ed94ed4,1780043537
20260529_162852,tierc-rp-3374af4837090c8ad96b,0x82dbe18346a8656dbb5e76f74bf3ae279cc16b29,0x4200000000000000000000000000000000000006/0x833589FCD6EDB6E08F4C7C32D4F71B54BDA02913,1779969640,WATCH,counterfactual_research_universe_v1,50.00,12.58,0.00,0.00,0.00,100.00,market_quality_incomplete,shadow-trace-5c69a10c20a52c0f2ed94ed4,1780043537
20260529_162852,tierc-rp-6bb1506f8b7a0cc034d0,0x82dbe18346a8656dbb5e76f74bf3ae279cc16b29,0x4200000000000000000000000000000000000006/0x833589FCD6EDB6E08F4C7C32D4F71B54BDA02913,1779973240,WATCH,counterfactual_research_universe_v1,10.00,12.58,0.00,0.00,0.00,100.00,market_quality_incomplete,shadow-trace-1b4cefb93853972722fc7040,1780043537
20260529_162852,tierc-rp-e4f6a6d7252f784d4f5d,0x82dbe18346a8656dbb5e76f74bf3ae279cc16b29,0x4200000000000000000000000000000000000006/0x833589FCD6EDB6E08F4C7C32D4F71B54BDA02913,1779973240,WATCH,counterfactual_research_universe_v1,20.00,12.58,0.00,0.00,0.00,100.00,market_quality_incomplete,shadow-trace-1b4cefb93853972722fc7040,1780043537
20260529_162852,tierc-rp-2c94e5f088f8ffa8274a,0x82dbe18346a8656dbb5e76f74bf3ae279cc16b29,0x4200000000000000000000000000000000000006/0x833589FCD6EDB6E08F4C7C32D4F71B54BDA02913,1779973240,WATCH,counterfactual_research_universe_v1,50.00,12.58,0.00,0.00,0.00,100.00,market_quality_incomplete,shadow-trace-1b4cefb93853972722fc7040,1780043537
20260529_162852,tierc-rp-a2208b1ea1e139e04622,0x82dbe18346a8656dbb5e76f74bf3ae279cc16b29,0x4200000000000000000000000000000000000006/0x833589FCD6EDB6E08F4C7C32D4F71B54BDA02913,1779980381,WATCH,counterfactual_research_universe_v1,10.00,12.58,0.00,0.00,0.00,100.00,market_quality_incomplete,shadow-trace-48ea75d868c37ea7408f322a,1780043537
20260529_162852,tierc-rp-28b28fa2126d4a62a0ad,0x82dbe18346a8656dbb5e76f74bf3ae279cc16b29,0x4200000000000000000000000000000000000006/0x833589FCD6EDB6E08F4C7C32D4F71B54BDA02913,1779980381,WATCH,counterfactual_research_universe_v1,20.00,12.58,0.00,0.00,0.00,100.00,market_quality_incomplete,shadow-trace-48ea75d868c37ea7408f322a,1780043537
20260529_162852,tierc-rp-5c8e8be837e4cc872162,0x82dbe18346a8656dbb5e76f74bf3ae279cc16b29,0x4200000000000000000000000000000000000006/0x833589FCD6EDB6E08F4C7C32D4F71B54BDA02913,1779980381,WATCH,counterfactual_research_universe_v1,50.00,12.58,0.00,0.00,0.00,100.00,market_quality_incomplete,shadow-trace-48ea75d868c37ea7408f322a,1780043537
20260529_162852,tierc-rp-26994233658dfb03ac8e,0x82dbe18346a8656dbb5e76f74bf3ae279cc16b29,0x4200000000000000000000000000000000000006/0x833589FCD6EDB6E08F4C7C32D4F71B54BDA02913,1779983980,WATCH,counterfactual_research_universe_v1,10.00,12.58,0.00,0.00,0.00,100.00,market_quality_incomplete,shadow-trace-fc2f5ae1d91ff87094c63f5a,1780043537
20260529_162852,tierc-rp-beb9825d22dd89b46fa8,0x82dbe18346a8656dbb5e76f74bf3ae279cc16b29,0x4200000000000000000000000000000000000006/0x833589FCD6EDB6E08F4C7C32D4F71B54BDA02913,1779983980,WATCH,counterfactual_research_universe_v1,20.00,12.58,0.00,0.00,0.00,100.00,market_quality_incomplete,shadow-trace-fc2f5ae1d91ff87094c63f5a,1780043537
20260529_162852,tierc-rp-b2c62d2b509f438f9e78,0x82dbe18346a8656dbb5e76f74bf3ae279cc16b29,0x4200000000000000000000000000000000000006/0x833589FCD6EDB6E08F4C7C32D4F71B54BDA02913,1779983980,WATCH,counterfactual_research_universe_v1,50.00,12.58,0.00,0.00,0.00,100.00,market_quality_incomplete,shadow-trace-fc2f5ae1d91ff87094c63f5a,1780043537
20260529_162852,tierc-rp-430c2e02323f780ef2e2,0x82dbe18346a8656dbb5e76f74bf3ae279cc16b29,0x4200000000000000000000000000000000000006/0x833589FCD6EDB6E08F4C7C32D4F71B54BDA02913,1779987580,WATCH,counterfactual_research_universe_v1,10.00,12.58,0.00,0.00,0.00,100.00,market_quality_incomplete,shadow-trace-c6f58d75f8e1151646d29d3e,1780043537
20260529_162852,tierc-rp-944be4447250634e9329,0x82dbe18346a8656dbb5e76f74bf3ae279cc16b29,0x4200000000000000000000000000000000000006/0x833589FCD6EDB6E08F4C7C32D4F71B54BDA02913,1779987580,WATCH,counterfactual_research_universe_v1,20.00,12.58,0.00,0.00,0.00,100.00,market_quality_incomplete,shadow-trace-c6f58d75f8e1151646d29d3e,1780043537
20260529_162852,tierc-rp-7f68c8eb92efea1b5c81,0x82dbe18346a8656dbb5e76f74bf3ae279cc16b29,0x4200000000000000000000000000000000000006/0x833589FCD6EDB6E08F4C7C32D4F71B54BDA02913,1779987580,WATCH,counterfactual_research_universe_v1,50.00,12.58,0.00,0.00,0.00,100.00,market_quality_incomplete,shadow-trace-c6f58d75f8e1151646d29d3e,1780043537
20260529_162852,tierc-rp-26457f2a94526e31d9aa,0x82dbe18346a8656dbb5e76f74bf3ae279cc16b29,0x4200000000000000000000000000000000000006/0x833589FCD6EDB6E08F4C7C32D4F71B54BDA02913,1779988300,WATCH,counterfactual_research_universe_v1,10.00,12.58,0.00,0.00,0.00,100.00,market_quality_incomplete,shadow-trace-6d111294fc0c87dbc1059e4a,1780043537
20260529_162852,tierc-rp-c0832480f6cb300da663,0x82dbe18346a8656dbb5e76f74bf3ae279cc16b29,0x4200000000000000000000000000000000000006/0x833589FCD6EDB6E08F4C7C32D4F71B54BDA02913,1779988300,WATCH,counterfactual_research_universe_v1,20.00,12.58,0.00,0.00,0.00,100.00,market_quality_incomplete,shadow-trace-6d111294fc0c87dbc1059e4a,1780043537
20260529_162852,tierc-rp-fe3c4d7376b744d359f9,0x82dbe18346a8656dbb5e76f74bf3ae279cc16b29,0x4200000000000000000000000000000000000006/0x833589FCD6EDB6E08F4C7C32D4F71B54BDA02913,1779988300,WATCH,counterfactual_research_universe_v1,50.00,12.58,0.00,0.00,0.00,100.00,market_quality_incomplete,shadow-trace-6d111294fc0c87dbc1059e4a,1780043537
20260529_162852,tierc-rp-1ad646c140a45a0cc0df,0x82dbe18346a8656dbb5e76f74bf3ae279cc16b29,0x4200000000000000000000000000000000000006/0x833589FCD6EDB6E08F4C7C32D4F71B54BDA02913,1779992021,WATCH,counterfactual_research_universe_v1,10.00,12.58,0.00,0.00,0.00,100.00,market_quality_incomplete,shadow-trace-6bf2f67f5d3e2424136cd83a,1780043537
20260529_162852,tierc-rp-04a09f065fa64d677bb3,0x82dbe18346a8656dbb5e76f74bf3ae279cc16b29,0x4200000000000000000000000000000000000006/0x833589FCD6EDB6E08F4C7C32D4F71B54BDA02913,1779992021,WATCH,counterfactual_research_universe_v1,20.00,12.58,0.00,0.00,0.00,100.00,market_quality_incomplete,shadow-trace-6bf2f67f5d3e2424136cd83a,1780043537
20260529_162852,tierc-rp-226413ab530fa331662c,0x82dbe18346a8656dbb5e76f74bf3ae279cc16b29,0x4200000000000000000000000000000000000006/0x833589FCD6EDB6E08F4C7C32D4F71B54BDA02913,1779992021,WATCH,counterfactual_research_universe_v1,50.00,12.58,0.00,0.00,0.00,100.00,market_quality_incomplete,shadow-trace-6bf2f67f5d3e2424136cd83a,1780043537
20260529_162852,tierc-rp-cfe0852dc00f7af628ed,0x82dbe18346a8656dbb5e76f74bf3ae279cc16b29,0x4200000000000000000000000000000000000006/0x833589FCD6EDB6E08F4C7C32D4F71B54BDA02913,1779994840,WATCH,counterfactual_research_universe_v1,10.00,12.58,0.00,0.00,0.00,100.00,market_quality_incomplete,shadow-trace-0850ea3389b9d06c81477b34,1780043537
20260529_162852,tierc-rp-63123347d8e6f9c4d931,0x82dbe18346a8656dbb5e76f74bf3ae279cc16b29,0x4200000000000000000000000000000000000006/0x833589FCD6EDB6E08F4C7C32D4F71B54BDA02913,1779994840,WATCH,counterfactual_research_universe_v1,20.00,12.58,0.00,0.00,0.00,100.00,market_quality_incomplete,shadow-trace-0850ea3389b9d06c81477b34,1780043537
20260529_162852,tierc-rp-fd8262a4487848afede6,0x82dbe18346a8656dbb5e76f74bf3ae279cc16b29,0x4200000000000000000000000000000000000006/0x833589FCD6EDB6E08F4C7C32D4F71B54BDA02913,1779994840,WATCH,counterfactual_research_universe_v1,50.00,12.58,0.00,0.00,0.00,100.00,market_quality_incomplete,shadow-trace-0850ea3389b9d06c81477b34,1780043537
20260529_162852,tierc-rp-3b1fbd15b00bb09b9ced,0x82dbe18346a8656dbb5e76f74bf3ae279cc16b29,0x4200000000000000000000000000000000000006/0x833589FCD6EDB6E08F4C7C32D4F71B54BDA02913,1780001921,WATCH,counterfactual_research_universe_v1,10.00,12.58,0.00,0.00,0.00,100.00,market_quality_incomplete,shadow-trace-14c112499bf0190d3fa6c68c,1780043537
20260529_162852,tierc-rp-8c18155683a606c26180,0x82dbe18346a8656dbb5e76f74bf3ae279cc16b29,0x4200000000000000000000000000000000000006/0x833589FCD6EDB6E08F4C7C32D4F71B54BDA02913,1780001921,WATCH,counterfactual_research_universe_v1,20.00,12.58,0.00,0.00,0.00,100.00,market_quality_incomplete,shadow-trace-14c112499bf0190d3fa6c68c,1780043537
20260529_162852,tierc-rp-91b072172cc0e8fbcbb6,0x82dbe18346a8656dbb5e76f74bf3ae279cc16b29,0x4200000000000000000000000000000000000006/0x833589FCD6EDB6E08F4C7C32D4F71B54BDA02913,1780001921,WATCH,counterfactual_research_universe_v1,50.00,12.58,0.00,0.00,0.00,100.00,market_quality_incomplete,shadow-trace-14c112499bf0190d3fa6c68c,1780043537
20260529_162852,tierc-rp-3786cb9f6cdeb5346f2a,0x82dbe18346a8656dbb5e76f74bf3ae279cc16b29,0x4200000000000000000000000000000000000006/0x833589FCD6EDB6E08F4C7C32D4F71B54BDA02913,1780004800,WATCH,counterfactual_research_universe_v1,10.00,12.58,0.00,0.00,0.00,100.00,market_quality_incomplete,shadow-trace-7fa60f12ef4a566fc11f5afe,1780043537
20260529_162852,tierc-rp-96f6faa6952f8ed74049,0x82dbe18346a8656dbb5e76f74bf3ae279cc16b29,0x4200000000000000000000000000000000000006/0x833589FCD6EDB6E08F4C7C32D4F71B54BDA02913,1780004800,WATCH,counterfactual_research_universe_v1,20.00,12.58,0.00,0.00,0.00,100.00,market_quality_incomplete,shadow-trace-7fa60f12ef4a566fc11f5afe,1780043537
20260529_162852,tierc-rp-f6c01e98cd296078eb84,0x82dbe18346a8656dbb5e76f74bf3ae279cc16b29,0x4200000000000000000000000000000000000006/0x833589FCD6EDB6E08F4C7C32D4F71B54BDA02913,1780004800,WATCH,counterfactual_research_universe_v1,50.00,12.58,0.00,0.00,0.00,100.00,market_quality_incomplete,shadow-trace-7fa60f12ef4a566fc11f5afe,1780043537
20260529_162852,tierc-rp-d40e9e6aae836385f487,0x82dbe18346a8656dbb5e76f74bf3ae279cc16b29,0x4200000000000000000000000000000000000006/0x833589FCD6EDB6E08F4C7C32D4F71B54BDA02913,1780005820,WATCH,counterfactual_research_universe_v1,10.00,12.58,0.00,0.00,0.00,100.00,market_quality_incomplete,shadow-trace-71834f416f6079edc0c80e75,1780043537
20260529_162852,tierc-rp-b4c2b096911921653062,0x82dbe18346a8656dbb5e76f74bf3ae279cc16b29,0x4200000000000000000000000000000000000006/0x833589FCD6EDB6E08F4C7C32D4F71B54BDA02913,1780005820,WATCH,counterfactual_research_universe_v1,20.00,12.58,0.00,0.00,0.00,100.00,market_quality_incomplete,shadow-trace-71834f416f6079edc0c80e75,1780043537
20260529_162852,tierc-rp-0f551ad931f23a681d09,0x82dbe18346a8656dbb5e76f74bf3ae279cc16b29,0x4200000000000000000000000000000000000006/0x833589FCD6EDB6E08F4C7C32D4F71B54BDA02913,1780005820,WATCH,counterfactual_research_universe_v1,50.00,12.58,0.00,0.00,0.00,100.00,market_quality_incomplete,shadow-trace-71834f416f6079edc0c80e75,1780043537
20260529_162852,tierc-rp-dc0c264907fded633e61,0x82dbe18346a8656dbb5e76f74bf3ae279cc16b29,0x4200000000000000000000000000000000000006/0x833589FCD6EDB6E08F4C7C32D4F71B54BDA02913,1780009241,WATCH,counterfactual_research_universe_v1,10.00,12.58,0.00,0.00,0.00,100.00,market_quality_incomplete,shadow-trace-e65f8b720ac7109393884f64,1780043537
20260529_162852,tierc-rp-fe57e369fee371744226,0x82dbe18346a8656dbb5e76f74bf3ae279cc16b29,0x4200000000000000000000000000000000000006/0x833589FCD6EDB6E08F4C7C32D4F71B54BDA02913,1780009241,WATCH,counterfactual_research_universe_v1,20.00,12.58,0.00,0.00,0.00,100.00,market_quality_incomplete,shadow-trace-e65f8b720ac7109393884f64,1780043537
20260529_162852,tierc-rp-addea7b46019077cd4e9,0x82dbe18346a8656dbb5e76f74bf3ae279cc16b29,0x4200000000000000000000000000000000000006/0x833589FCD6EDB6E08F4C7C32D4F71B54BDA02913,1780009241,WATCH,counterfactual_research_universe_v1,50.00,12.58,0.00,0.00,0.00,100.00,market_quality_incomplete,shadow-trace-e65f8b720ac7109393884f64,1780043537
20260529_162852,tierc-rp-6fb958ca4e072b8726a3,0x82dbe18346a8656dbb5e76f74bf3ae279cc16b29,0x4200000000000000000000000000000000000006/0x833589FCD6EDB6E08F4C7C32D4F71B54BDA02913,1780012840,WATCH,counterfactual_research_universe_v1,10.00,12.58,0.00,0.00,0.00,100.00,market_quality_incomplete,shadow-trace-09dd79288ce0bb99ce52cd9b,1780043537
20260529_162852,tierc-rp-49f9185d8c8140b8e7af,0x82dbe18346a8656dbb5e76f74bf3ae279cc16b29,0x4200000000000000000000000000000000000006/0x833589FCD6EDB6E08F4C7C32D4F71B54BDA02913,1780012840,WATCH,counterfactual_research_universe_v1,20.00,12.58,0.00,0.00,0.00,100.00,market_quality_incomplete,shadow-trace-09dd79288ce0bb99ce52cd9b,1780043537
20260529_162852,tierc-rp-162d050140a27b86fa73,0x82dbe18346a8656dbb5e76f74bf3ae279cc16b29,0x4200000000000000000000000000000000000006/0x833589FCD6EDB6E08F4C7C32D4F71B54BDA02913,1780012840,WATCH,counterfactual_research_universe_v1,50.00,12.58,0.00,0.00,0.00,100.00,market_quality_incomplete,shadow-trace-09dd79288ce0bb99ce52cd9b,1780043537
20260529_162852,tierc-rp-35708d522438d62be1fd,0x82dbe18346a8656dbb5e76f74bf3ae279cc16b29,0x4200000000000000000000000000000000000006/0x833589FCD6EDB6E08F4C7C32D4F71B54BDA02913,1780016441,WATCH,counterfactual_research_universe_v1,10.00,12.58,0.00,0.00,0.00,100.00,market_quality_incomplete,shadow-trace-9afe88583859cb3dd8342024,1780043537
20260529_162852,tierc-rp-5e116264bc47e63a33a3,0x82dbe18346a8656dbb5e76f74bf3ae279cc16b29,0x4200000000000000000000000000000000000006/0x833589FCD6EDB6E08F4C7C32D4F71B54BDA02913,1780016441,WATCH,counterfactual_research_universe_v1,20.00,12.58,0.00,0.00,0.00,100.00,market_quality_incomplete,shadow-trace-9afe88583859cb3dd8342024,1780043537
20260529_162852,tierc-rp-aa931822e6c3cdadce2e,0x82dbe18346a8656dbb5e76f74bf3ae279cc16b29,0x4200000000000000000000000000000000000006/0x833589FCD6EDB6E08F4C7C32D4F71B54BDA02913,1780016441,WATCH,counterfactual_research_universe_v1,50.00,12.58,0.00,0.00,0.00,100.00,market_quality_incomplete,shadow-trace-9afe88583859cb3dd8342024,1780043537
20260529_162852,tierc-rp-0f614ea36ddf66a41294,0x82dbe18346a8656dbb5e76f74bf3ae279cc16b29,0x4200000000000000000000000000000000000006/0x833589FCD6EDB6E08F4C7C32D4F71B54BDA02913,1780020040,WATCH,counterfactual_research_universe_v1,10.00,12.58,0.00,0.00,0.00,100.00,market_quality_incomplete,shadow-trace-56562020891fe49914723df3,1780043537
20260529_162852,tierc-rp-c5e206ee1977fcbe1e2a,0x82dbe18346a8656dbb5e76f74bf3ae279cc16b29,0x4200000000000000000000000000000000000006/0x833589FCD6EDB6E08F4C7C32D4F71B54BDA02913,1780020040,WATCH,counterfactual_research_universe_v1,20.00,12.58,0.00,0.00,0.00,100.00,market_quality_incomplete,shadow-trace-56562020891fe49914723df3,1780043537
20260529_162852,tierc-rp-e1f9fbb8613130d3563e,0x82dbe18346a8656dbb5e76f74bf3ae279cc16b29,0x4200000000000000000000000000000000000006/0x833589FCD6EDB6E08F4C7C32D4F71B54BDA02913,1780020040,WATCH,counterfactual_research_universe_v1,50.00,12.58,0.00,0.00,0.00,100.00,market_quality_incomplete,shadow-trace-56562020891fe49914723df3,1780043537
20260529_162852,tierc-rp-6b2ecdb220b6ce797980,0x82dbe18346a8656dbb5e76f74bf3ae279cc16b29,0x4200000000000000000000000000000000000006/0x833589FCD6EDB6E08F4C7C32D4F71B54BDA02913,1780023640,WATCH,counterfactual_research_universe_v1,10.00,12.58,0.00,0.00,0.00,100.00,market_quality_incomplete,shadow-trace-13b1ac0e698216c65e08d5c1,1780043537
20260529_162852,tierc-rp-c52e5b23307d8f216aa1,0x82dbe18346a8656dbb5e76f74bf3ae279cc16b29,0x4200000000000000000000000000000000000006/0x833589FCD6EDB6E08F4C7C32D4F71B54BDA02913,1780023640,WATCH,counterfactual_research_universe_v1,20.00,12.58,0.00,0.00,0.00,100.00,market_quality_incomplete,shadow-trace-13b1ac0e698216c65e08d5c1,1780043537
20260529_162852,tierc-rp-02321fa20eefd99c4bda,0x82dbe18346a8656dbb5e76f74bf3ae279cc16b29,0x4200000000000000000000000000000000000006/0x833589FCD6EDB6E08F4C7C32D4F71B54BDA02913,1780023640,WATCH,counterfactual_research_universe_v1,50.00,12.58,0.00,0.00,0.00,100.00,market_quality_incomplete,shadow-trace-13b1ac0e698216c65e08d5c1,1780043537
20260529_162852,tierc-rp-af933e2222446162c170,0x82dbe18346a8656dbb5e76f74bf3ae279cc16b29,0x4200000000000000000000000000000000000006/0x833589FCD6EDB6E08F4C7C32D4F71B54BDA02913,1780027240,WATCH,counterfactual_research_universe_v1,10.00,12.58,0.00,0.00,0.00,100.00,market_quality_incomplete,shadow-trace-c05dce0815036ecb682ba0ba,1780043537
20260529_162852,tierc-rp-0921a6993d6a026551ed,0x82dbe18346a8656dbb5e76f74bf3ae279cc16b29,0x4200000000000000000000000000000000000006/0x833589FCD6EDB6E08F4C7C32D4F71B54BDA02913,1780027240,WATCH,counterfactual_research_universe_v1,20.00,12.58,0.00,0.00,0.00,100.00,market_quality_incomplete,shadow-trace-c05dce0815036ecb682ba0ba,1780043537
20260529_162852,tierc-rp-8cc46e59134ecb1140c0,0x82dbe18346a8656dbb5e76f74bf3ae279cc16b29,0x4200000000000000000000000000000000000006/0x833589FCD6EDB6E08F4C7C32D4F71B54BDA02913,1780027240,WATCH,counterfactual_research_universe_v1,50.00,12.58,0.00,0.00,0.00,100.00,market_quality_incomplete,shadow-trace-c05dce0815036ecb682ba0ba,1780043537
20260529_162852,tierc-rp-4f82e63551ea5af8db83,0x82dbe18346a8656dbb5e76f74bf3ae279cc16b29,0x4200000000000000000000000000000000000006/0x833589FCD6EDB6E08F4C7C32D4F71B54BDA02913,1780030840,WATCH,counterfactual_research_universe_v1,10.00,12.58,0.00,0.00,0.00,100.00,market_quality_incomplete,shadow-trace-b344e969fff0fe3c50d4270b,1780043537
20260529_162852,tierc-rp-5a32b9cc72c768bfd3ae,0x82dbe18346a8656dbb5e76f74bf3ae279cc16b29,0x4200000000000000000000000000000000000006/0x833589FCD6EDB6E08F4C7C32D4F71B54BDA02913,1780030840,WATCH,counterfactual_research_universe_v1,20.00,12.58,0.00,0.00,0.00,100.00,market_quality_incomplete,shadow-trace-b344e969fff0fe3c50d4270b,1780043537
20260529_162852,tierc-rp-bb90ba58c1cd21965796,0x82dbe18346a8656dbb5e76f74bf3ae279cc16b29,0x4200000000000000000000000000000000000006/0x833589FCD6EDB6E08F4C7C32D4F71B54BDA02913,1780030840,WATCH,counterfactual_research_universe_v1,50.00,12.58,0.00,0.00,0.00,100.00,market_quality_incomplete,shadow-trace-b344e969fff0fe3c50d4270b,1780043537
20260529_162852,tierc-rp-e650dd40bb251f7ce426,0x82dbe18346a8656dbb5e76f74bf3ae279cc16b29,0x4200000000000000000000000000000000000006/0x833589FCD6EDB6E08F4C7C32D4F71B54BDA02913,1780037348,WATCH,counterfactual_research_universe_v1,10.00,12.58,0.00,0.00,0.00,100.00,market_quality_incomplete,shadow-trace-0a84203d5ed1585146313273,1780043537
20260529_162852,tierc-rp-60a8e711564f0ba463ae,0x82dbe18346a8656dbb5e76f74bf3ae279cc16b29,0x4200000000000000000000000000000000000006/0x833589FCD6EDB6E08F4C7C32D4F71B54BDA02913,1780037348,WATCH,counterfactual_research_universe_v1,20.00,12.58,0.00,0.00,0.00,100.00,market_quality_incomplete,shadow-trace-0a84203d5ed1585146313273,1780043537
20260529_162852,tierc-rp-9d19447ac0fefe4efaf1,0x82dbe18346a8656dbb5e76f74bf3ae279cc16b29,0x4200000000000000000000000000000000000006/0x833589FCD6EDB6E08F4C7C32D4F71B54BDA02913,1780037348,WATCH,counterfactual_research_universe_v1,50.00,12.58,0.00,0.00,0.00,100.00,market_quality_incomplete,shadow-trace-0a84203d5ed1585146313273,1780043537
20260529_162852,tierc-rp-6c709bbbf690d154ffe8,0x82dbe18346a8656dbb5e76f74bf3ae279cc16b29,0x4200000000000000000000000000000000000006/0x833589FCD6EDB6E08F4C7C32D4F71B54BDA02913,1780038040,WATCH,counterfactual_research_universe_v1,10.00,12.58,0.00,0.00,0.00,100.00,market_quality_incomplete,shadow-trace-9f224dfdb8ce467d823a13cc,1780043537
20260529_162852,tierc-rp-f87664aca1533e22cd98,0x82dbe18346a8656dbb5e76f74bf3ae279cc16b29,0x4200000000000000000000000000000000000006/0x833589FCD6EDB6E08F4C7C32D4F71B54BDA02913,1780038040,WATCH,counterfactual_research_universe_v1,20.00,12.58,0.00,0.00,0.00,100.00,market_quality_incomplete,shadow-trace-9f224dfdb8ce467d823a13cc,1780043537
20260529_162852,tierc-rp-837c8635ff14675daeec,0x82dbe18346a8656dbb5e76f74bf3ae279cc16b29,0x4200000000000000000000000000000000000006/0x833589FCD6EDB6E08F4C7C32D4F71B54BDA02913,1780038040,WATCH,counterfactual_research_universe_v1,50.00,12.58,0.00,0.00,0.00,100.00,market_quality_incomplete,shadow-trace-9f224dfdb8ce467d823a13cc,1780043537
20260529_162852,tierc-rp-da738994b72c2b8abb1b,0x82dbe18346a8656dbb5e76f74bf3ae279cc16b29,0x4200000000000000000000000000000000000006/0x833589FCD6EDB6E08F4C7C32D4F71B54BDA02913,1780041640,WATCH,counterfactual_research_universe_v1,10.00,12.58,0.00,0.00,0.00,100.00,market_quality_incomplete,shadow-trace-53a548f9a5c6eb823e250bfb,1780043537
20260529_162852,tierc-rp-475a5cc3d29d8877e2c6,0x82dbe18346a8656dbb5e76f74bf3ae279cc16b29,0x4200000000000000000000000000000000000006/0x833589FCD6EDB6E08F4C7C32D4F71B54BDA02913,1780041640,WATCH,counterfactual_research_universe_v1,20.00,12.58,0.00,0.00,0.00,100.00,market_quality_incomplete,shadow-trace-53a548f9a5c6eb823e250bfb,1780043537
20260529_162852,tierc-rp-947f4547377bad9bf11b,0x82dbe18346a8656dbb5e76f74bf3ae279cc16b29,0x4200000000000000000000000000000000000006/0x833589FCD6EDB6E08F4C7C32D4F71B54BDA02913,1780041640,WATCH,counterfactual_research_universe_v1,50.00,12.58,0.00,0.00,0.00,100.00,market_quality_incomplete,shadow-trace-53a548f9a5c6eb823e250bfb,1780043537
20260529_162852,tierc-rp-c8c8956c955dabc7b410,0xc9034c3e7f58003e6ae0c8438e7c8f4598d5acaa,0x4ED4E862860BED51A9570B96D89AF5E1B0EFEFED/0x4200000000000000000000000000000000000006,1780005520,WATCH,counterfactual_research_universe_v1,10.00,33.90,0.00,0.00,0.00,100.00,market_quality_incomplete,shadow-trace-924f14a7641902798b836849,1780043537
20260529_162852,tierc-rp-63dc33a673ca70b5b4fe,0xc9034c3e7f58003e6ae0c8438e7c8f4598d5acaa,0x4ED4E862860BED51A9570B96D89AF5E1B0EFEFED/0x4200000000000000000000000000000000000006,1780005520,WATCH,counterfactual_research_universe_v1,20.00,33.90,0.00,0.00,0.00,100.00,market_quality_incomplete,shadow-trace-924f14a7641902798b836849,1780043537
20260529_162852,tierc-rp-fdbca944420d0e065960,0xc9034c3e7f58003e6ae0c8438e7c8f4598d5acaa,0x4ED4E862860BED51A9570B96D89AF5E1B0EFEFED/0x4200000000000000000000000000000000000006,1780005520,WATCH,counterfactual_research_universe_v1,50.00,33.90,0.00,0.00,0.00,100.00,market_quality_incomplete,shadow-trace-924f14a7641902798b836849,1780043537
20260529_162852,tierc-rp-cd55cc68e78ac2151a68,0xc9034c3e7f58003e6ae0c8438e7c8f4598d5acaa,0x4ED4E862860BED51A9570B96D89AF5E1B0EFEFED/0x4200000000000000000000000000000000000006,1780008280,WATCH,counterfactual_research_universe_v1,10.00,33.90,0.00,0.00,0.00,100.00,market_quality_incomplete,shadow-trace-c2983795a24ae4c8d90d847a,1780043537
20260529_162852,tierc-rp-c8263d084512ea8f283c,0xc9034c3e7f58003e6ae0c8438e7c8f4598d5acaa,0x4ED4E862860BED51A9570B96D89AF5E1B0EFEFED/0x4200000000000000000000000000000000000006,1780008280,WATCH,counterfactual_research_universe_v1,20.00,33.90,0.00,0.00,0.00,100.00,market_quality_incomplete,shadow-trace-c2983795a24ae4c8d90d847a,1780043537
20260529_162852,tierc-rp-a4b69e1fb1fb6c75f0ec,0xc9034c3e7f58003e6ae0c8438e7c8f4598d5acaa,0x4ED4E862860BED51A9570B96D89AF5E1B0EFEFED/0x4200000000000000000000000000000000000006,1780008280,WATCH,counterfactual_research_universe_v1,50.00,33.90,0.00,0.00,0.00,100.00,market_quality_incomplete,shadow-trace-c2983795a24ae4c8d90d847a,1780043537
20260529_162852,tierc-rp-248321b7384f38bae741,0xc9034c3e7f58003e6ae0c8438e7c8f4598d5acaa,0x4ED4E862860BED51A9570B96D89AF5E1B0EFEFED/0x4200000000000000000000000000000000000006,1780012481,WATCH,counterfactual_research_universe_v1,10.00,33.90,0.00,0.00,0.00,100.00,market_quality_incomplete,shadow-trace-87e8ac0bbf758eb106064141,1780043537
20260529_162852,tierc-rp-c5a8ace8c9e4b0b439d2,0xc9034c3e7f58003e6ae0c8438e7c8f4598d5acaa,0x4ED4E862860BED51A9570B96D89AF5E1B0EFEFED/0x4200000000000000000000000000000000000006,1780012481,WATCH,counterfactual_research_universe_v1,20.00,33.90,0.00,0.00,0.00,100.00,market_quality_incomplete,shadow-trace-87e8ac0bbf758eb106064141,1780043537
20260529_162852,tierc-rp-d606beb3d83a949cbd46,0xc9034c3e7f58003e6ae0c8438e7c8f4598d5acaa,0x4ED4E862860BED51A9570B96D89AF5E1B0EFEFED/0x4200000000000000000000000000000000000006,1780012481,WATCH,counterfactual_research_universe_v1,50.00,33.90,0.00,0.00,0.00,100.00,market_quality_incomplete,shadow-trace-87e8ac0bbf758eb106064141,1780043537
20260529_162852,tierc-rp-57b8795afdc8fc0ddc14,0xc9034c3e7f58003e6ae0c8438e7c8f4598d5acaa,0x4ED4E862860BED51A9570B96D89AF5E1B0EFEFED/0x4200000000000000000000000000000000000006,1780016081,WATCH,counterfactual_research_universe_v1,10.00,33.90,0.00,0.00,0.00,100.00,market_quality_incomplete,shadow-trace-90114cd9ca446307c5bf59ae,1780043537
20260529_162852,tierc-rp-bfbc27dcf3bbc67622b3,0xc9034c3e7f58003e6ae0c8438e7c8f4598d5acaa,0x4ED4E862860BED51A9570B96D89AF5E1B0EFEFED/0x4200000000000000000000000000000000000006,1780016081,WATCH,counterfactual_research_universe_v1,20.00,33.90,0.00,0.00,0.00,100.00,market_quality_incomplete,shadow-trace-90114cd9ca446307c5bf59ae,1780043537
20260529_162852,tierc-rp-81448fd8778d941eb8e5,0xc9034c3e7f58003e6ae0c8438e7c8f4598d5acaa,0x4ED4E862860BED51A9570B96D89AF5E1B0EFEFED/0x4200000000000000000000000000000000000006,1780016081,WATCH,counterfactual_research_universe_v1,50.00,33.90,0.00,0.00,0.00,100.00,market_quality_incomplete,shadow-trace-90114cd9ca446307c5bf59ae,1780043537
20260529_162852,tierc-rp-c47057a9559beb55c2c5,0xc9034c3e7f58003e6ae0c8438e7c8f4598d5acaa,0x4ED4E862860BED51A9570B96D89AF5E1B0EFEFED/0x4200000000000000000000000000000000000006,1780019680,WATCH,counterfactual_research_universe_v1,10.00,33.90,0.00,0.00,0.00,100.00,market_quality_incomplete,shadow-trace-54c0643fcf2818cdd6a6219a,1780043537
20260529_162852,tierc-rp-fbbf1314e78468231578,0xc9034c3e7f58003e6ae0c8438e7c8f4598d5acaa,0x4ED4E862860BED51A9570B96D89AF5E1B0EFEFED/0x4200000000000000000000000000000000000006,1780019680,WATCH,counterfactual_research_universe_v1,20.00,33.90,0.00,0.00,0.00,100.00,market_quality_incomplete,shadow-trace-54c0643fcf2818cdd6a6219a,1780043537
20260529_162852,tierc-rp-c6935299f9fe7beb1c49,0xc9034c3e7f58003e6ae0c8438e7c8f4598d5acaa,0x4ED4E862860BED51A9570B96D89AF5E1B0EFEFED/0x4200000000000000000000000000000000000006,1780019680,WATCH,counterfactual_research_universe_v1,50.00,33.90,0.00,0.00,0.00,100.00,market_quality_incomplete,shadow-trace-54c0643fcf2818cdd6a6219a,1780043537
20260529_162852,tierc-rp-08cfcc6223ef15aaca55,0xc9034c3e7f58003e6ae0c8438e7c8f4598d5acaa,0x4ED4E862860BED51A9570B96D89AF5E1B0EFEFED/0x4200000000000000000000000000000000000006,1780023340,WATCH,counterfactual_research_universe_v1,10.00,33.90,0.00,0.00,0.00,100.00,market_quality_incomplete,shadow-trace-22f1d58fd565bf3ac93e1f5c,1780043537
20260529_162852,tierc-rp-0a8e752de0c703c8b6e6,0xc9034c3e7f58003e6ae0c8438e7c8f4598d5acaa,0x4ED4E862860BED51A9570B96D89AF5E1B0EFEFED/0x4200000000000000000000000000000000000006,1780023340,WATCH,counterfactual_research_universe_v1,20.00,33.90,0.00,0.00,0.00,100.00,market_quality_incomplete,shadow-trace-22f1d58fd565bf3ac93e1f5c,1780043537
20260529_162852,tierc-rp-6d4c410b7cde541266b2,0xc9034c3e7f58003e6ae0c8438e7c8f4598d5acaa,0x4ED4E862860BED51A9570B96D89AF5E1B0EFEFED/0x4200000000000000000000000000000000000006,1780023340,WATCH,counterfactual_research_universe_v1,50.00,33.90,0.00,0.00,0.00,100.00,market_quality_incomplete,shadow-trace-22f1d58fd565bf3ac93e1f5c,1780043537
20260529_162852,tierc-rp-ac85794ce0801e0a8af3,0xc9034c3e7f58003e6ae0c8438e7c8f4598d5acaa,0x4ED4E862860BED51A9570B96D89AF5E1B0EFEFED/0x4200000000000000000000000000000000000006,1780026821,WATCH,counterfactual_research_universe_v1,10.00,33.90,0.00,0.00,0.00,100.00,market_quality_incomplete,shadow-trace-98faf7c6dcd1294d07e5d431,1780043537
20260529_162852,tierc-rp-1d802a27abf94935fe17,0xc9034c3e7f58003e6ae0c8438e7c8f4598d5acaa,0x4ED4E862860BED51A9570B96D89AF5E1B0EFEFED/0x4200000000000000000000000000000000000006,1780026821,WATCH,counterfactual_research_universe_v1,20.00,33.90,0.00,0.00,0.00,100.00,market_quality_incomplete,shadow-trace-98faf7c6dcd1294d07e5d431,1780043537
20260529_162852,tierc-rp-45f8732070ccf9d831bf,0xc9034c3e7f58003e6ae0c8438e7c8f4598d5acaa,0x4ED4E862860BED51A9570B96D89AF5E1B0EFEFED/0x4200000000000000000000000000000000000006,1780026821,WATCH,counterfactual_research_universe_v1,50.00,33.90,0.00,0.00,0.00,100.00,market_quality_incomplete,shadow-trace-98faf7c6dcd1294d07e5d431,1780043537
20260529_162852,tierc-rp-55734548f550961fc68c,0xc9034c3e7f58003e6ae0c8438e7c8f4598d5acaa,0x4ED4E862860BED51A9570B96D89AF5E1B0EFEFED/0x4200000000000000000000000000000000000006,1780030480,WATCH,counterfactual_research_universe_v1,10.00,33.90,0.00,0.00,0.00,100.00,market_quality_incomplete,shadow-trace-42b8d78ea119d7c3a37d5f39,1780043537
20260529_162852,tierc-rp-b0bde967432dc7704aba,0xc9034c3e7f58003e6ae0c8438e7c8f4598d5acaa,0x4ED4E862860BED51A9570B96D89AF5E1B0EFEFED/0x4200000000000000000000000000000000000006,1780030480,WATCH,counterfactual_research_universe_v1,20.00,33.90,0.00,0.00,0.00,100.00,market_quality_incomplete,shadow-trace-42b8d78ea119d7c3a37d5f39,1780043537
20260529_162852,tierc-rp-e91c4d87e5adb43a4bad,0xc9034c3e7f58003e6ae0c8438e7c8f4598d5acaa,0x4ED4E862860BED51A9570B96D89AF5E1B0EFEFED/0x4200000000000000000000000000000000000006,1780030480,WATCH,counterfactual_research_universe_v1,50.00,33.90,0.00,0.00,0.00,100.00,market_quality_incomplete,shadow-trace-42b8d78ea119d7c3a37d5f39,1780043537
20260529_162852,tierc-rp-1d698640f58f1c0649af,0xc9034c3e7f58003e6ae0c8438e7c8f4598d5acaa,0x4ED4E862860BED51A9570B96D89AF5E1B0EFEFED/0x4200000000000000000000000000000000000006,1780034260,WATCH,counterfactual_research_universe_v1,10.00,33.90,0.00,0.00,0.00,100.00,market_quality_incomplete,shadow-trace-87b44239519a9cc5dcc4e139,1780043537
20260529_162852,tierc-rp-b6b32d53b650465a7b73,0xc9034c3e7f58003e6ae0c8438e7c8f4598d5acaa,0x4ED4E862860BED51A9570B96D89AF5E1B0EFEFED/0x4200000000000000000000000000000000000006,1780034260,WATCH,counterfactual_research_universe_v1,20.00,33.90,0.00,0.00,0.00,100.00,market_quality_incomplete,shadow-trace-87b44239519a9cc5dcc4e139,1780043537
20260529_162852,tierc-rp-425ba90692b0a305cbb1,0xc9034c3e7f58003e6ae0c8438e7c8f4598d5acaa,0x4ED4E862860BED51A9570B96D89AF5E1B0EFEFED/0x4200000000000000000000000000000000000006,1780034260,WATCH,counterfactual_research_universe_v1,50.00,33.90,0.00,0.00,0.00,100.00,market_quality_incomplete,shadow-trace-87b44239519a9cc5dcc4e139,1780043537
20260529_162852,tierc-rp-9898e4673c112aede0a5,0xc9034c3e7f58003e6ae0c8438e7c8f4598d5acaa,0x4ED4E862860BED51A9570B96D89AF5E1B0EFEFED/0x4200000000000000000000000000000000000006,1780036480,WATCH,counterfactual_research_universe_v1,10.00,33.90,0.00,0.00,0.00,100.00,market_quality_incomplete,shadow-trace-8c4f9f7b2006dffa171cf09c,1780043537
20260529_162852,tierc-rp-31c49379fb34a5ad9f41,0xc9034c3e7f58003e6ae0c8438e7c8f4598d5acaa,0x4ED4E862860BED51A9570B96D89AF5E1B0EFEFED/0x4200000000000000000000000000000000000006,1780036480,WATCH,counterfactual_research_universe_v1,20.00,33.90,0.00,0.00,0.00,100.00,market_quality_incomplete,shadow-trace-8c4f9f7b2006dffa171cf09c,1780043537
20260529_162852,tierc-rp-10b56d2b5ecb42af517b,0xc9034c3e7f58003e6ae0c8438e7c8f4598d5acaa,0x4ED4E862860BED51A9570B96D89AF5E1B0EFEFED/0x4200000000000000000000000000000000000006,1780036480,WATCH,counterfactual_research_universe_v1,50.00,33.90,0.00,0.00,0.00,100.00,market_quality_incomplete,shadow-trace-8c4f9f7b2006dffa171cf09c,1780043537
20260529_162852,tierc-rp-e87178e765eceb2d0b85,0xc9034c3e7f58003e6ae0c8438e7c8f4598d5acaa,0x4ED4E862860BED51A9570B96D89AF5E1B0EFEFED/0x4200000000000000000000000000000000000006,1780038040,WATCH,counterfactual_research_universe_v1,10.00,33.90,0.00,0.00,0.00,100.00,market_quality_incomplete,shadow-trace-f19af9b3857d4f58d184a38b,1780043537
20260529_162852,tierc-rp-9f596c51bb628bdd80be,0xc9034c3e7f58003e6ae0c8438e7c8f4598d5acaa,0x4ED4E862860BED51A9570B96D89AF5E1B0EFEFED/0x4200000000000000000000000000000000000006,1780038040,WATCH,counterfactual_research_universe_v1,20.00,33.90,0.00,0.00,0.00,100.00,market_quality_incomplete,shadow-trace-f19af9b3857d4f58d184a38b,1780043537
20260529_162852,tierc-rp-d80eb41db42877e8feef,0xc9034c3e7f58003e6ae0c8438e7c8f4598d5acaa,0x4ED4E862860BED51A9570B96D89AF5E1B0EFEFED/0x4200000000000000000000000000000000000006,1780038040,WATCH,counterfactual_research_universe_v1,50.00,33.90,0.00,0.00,0.00,100.00,market_quality_incomplete,shadow-trace-f19af9b3857d4f58d184a38b,1780043537
20260529_162852,tierc-rp-2a87185e1544defd5d82,0xc9034c3e7f58003e6ae0c8438e7c8f4598d5acaa,0x4ED4E862860BED51A9570B96D89AF5E1B0EFEFED/0x4200000000000000000000000000000000000006,1780041640,WATCH,counterfactual_research_universe_v1,10.00,33.90,0.00,0.00,0.00,100.00,market_quality_incomplete,shadow-trace-3526a3b9e7f64c47f53766dc,1780043537
20260529_162852,tierc-rp-b8be55c0839c81b0a4ca,0xc9034c3e7f58003e6ae0c8438e7c8f4598d5acaa,0x4ED4E862860BED51A9570B96D89AF5E1B0EFEFED/0x4200000000000000000000000000000000000006,1780041640,WATCH,counterfactual_research_universe_v1,20.00,33.90,0.00,0.00,0.00,100.00,market_quality_incomplete,shadow-trace-3526a3b9e7f64c47f53766dc,1780043537
20260529_162852,tierc-rp-88547661a4d8fd198732,0xc9034c3e7f58003e6ae0c8438e7c8f4598d5acaa,0x4ED4E862860BED51A9570B96D89AF5E1B0EFEFED/0x4200000000000000000000000000000000000006,1780041640,WATCH,counterfactual_research_universe_v1,50.00,33.90,0.00,0.00,0.00,100.00,market_quality_incomplete,shadow-trace-3526a3b9e7f64c47f53766dc,1780043537
20260529_162852,tierc-rp-29b1a237681375f81825,0xe47f7dba68a00dc1a6f11458bcdfca810e1cfebf,0xAB6363DA0C80CEF3AE105BD6241E30872355D021/0x833589FCD6EDB6E08F4C7C32D4F71B54BDA02913,1779980381,WATCH,counterfactual_research_universe_v1,10.00,100.00,0.00,0.00,88.26,100.00,market_quality_incomplete,shadow-trace-27ef660ad36a1dc6afa37906,1780043537
20260529_162852,tierc-rp-03f8928f251a25ade52f,0xe47f7dba68a00dc1a6f11458bcdfca810e1cfebf,0xAB6363DA0C80CEF3AE105BD6241E30872355D021/0x833589FCD6EDB6E08F4C7C32D4F71B54BDA02913,1779980381,WATCH,counterfactual_research_universe_v1,20.00,100.00,0.00,0.00,88.26,100.00,market_quality_incomplete,shadow-trace-27ef660ad36a1dc6afa37906,1780043537
20260529_162852,tierc-rp-413b426d5cd772e074ae,0xe47f7dba68a00dc1a6f11458bcdfca810e1cfebf,0xAB6363DA0C80CEF3AE105BD6241E30872355D021/0x833589FCD6EDB6E08F4C7C32D4F71B54BDA02913,1779980381,WATCH,counterfactual_research_universe_v1,50.00,100.00,0.00,0.00,88.26,100.00,market_quality_incomplete,shadow-trace-27ef660ad36a1dc6afa37906,1780043537
20260529_162852,tierc-rp-f4b6f8a5d10ba181245a,0xe47f7dba68a00dc1a6f11458bcdfca810e1cfebf,0xAB6363DA0C80CEF3AE105BD6241E30872355D021/0x833589FCD6EDB6E08F4C7C32D4F71B54BDA02913,1779983980,WATCH,counterfactual_research_universe_v1,10.00,100.00,0.00,0.00,88.26,100.00,market_quality_incomplete,shadow-trace-858a1a2e2dfc8523f6e4501f,1780043537
20260529_162852,tierc-rp-fbbefb1080b32346ca1f,0xe47f7dba68a00dc1a6f11458bcdfca810e1cfebf,0xAB6363DA0C80CEF3AE105BD6241E30872355D021/0x833589FCD6EDB6E08F4C7C32D4F71B54BDA02913,1779983980,WATCH,counterfactual_research_universe_v1,20.00,100.00,0.00,0.00,88.26,100.00,market_quality_incomplete,shadow-trace-858a1a2e2dfc8523f6e4501f,1780043537
20260529_162852,tierc-rp-8298700c553574071a2e,0xe47f7dba68a00dc1a6f11458bcdfca810e1cfebf,0xAB6363DA0C80CEF3AE105BD6241E30872355D021/0x833589FCD6EDB6E08F4C7C32D4F71B54BDA02913,1779983980,WATCH,counterfactual_research_universe_v1,50.00,100.00,0.00,0.00,88.26,100.00,market_quality_incomplete,shadow-trace-858a1a2e2dfc8523f6e4501f,1780043537
20260529_162852,tierc-rp-826c23969e99d4ae6092,0xe47f7dba68a00dc1a6f11458bcdfca810e1cfebf,0xAB6363DA0C80CEF3AE105BD6241E30872355D021/0x833589FCD6EDB6E08F4C7C32D4F71B54BDA02913,1779986500,WATCH,counterfactual_research_universe_v1,10.00,100.00,0.00,0.00,88.26,100.00,market_quality_incomplete,shadow-trace-6ad69cb83a84767600c82cf0,1780043537
20260529_162852,tierc-rp-9344e5217b9daa1dcdfd,0xe47f7dba68a00dc1a6f11458bcdfca810e1cfebf,0xAB6363DA0C80CEF3AE105BD6241E30872355D021/0x833589FCD6EDB6E08F4C7C32D4F71B54BDA02913,1779986500,WATCH,counterfactual_research_universe_v1,20.00,100.00,0.00,0.00,88.26,100.00,market_quality_incomplete,shadow-trace-6ad69cb83a84767600c82cf0,1780043537
20260529_162852,tierc-rp-ff0521feee0ba74e81d2,0xe47f7dba68a00dc1a6f11458bcdfca810e1cfebf,0xAB6363DA0C80CEF3AE105BD6241E30872355D021/0x833589FCD6EDB6E08F4C7C32D4F71B54BDA02913,1779986500,WATCH,counterfactual_research_universe_v1,50.00,100.00,0.00,0.00,88.26,100.00,market_quality_incomplete,shadow-trace-6ad69cb83a84767600c82cf0,1780043537
20260529_162852,tierc-rp-37075416e635292af3ba,0xe47f7dba68a00dc1a6f11458bcdfca810e1cfebf,0xAB6363DA0C80CEF3AE105BD6241E30872355D021/0x833589FCD6EDB6E08F4C7C32D4F71B54BDA02913,1779987641,WATCH,counterfactual_research_universe_v1,10.00,100.00,0.00,0.00,88.26,100.00,market_quality_incomplete,shadow-trace-3959ba74ec8f700bf3fcae2c,1780043537
20260529_162852,tierc-rp-2043bcfb80e51de0f977,0xe47f7dba68a00dc1a6f11458bcdfca810e1cfebf,0xAB6363DA0C80CEF3AE105BD6241E30872355D021/0x833589FCD6EDB6E08F4C7C32D4F71B54BDA02913,1779987641,WATCH,counterfactual_research_universe_v1,20.00,100.00,0.00,0.00,88.26,100.00,market_quality_incomplete,shadow-trace-3959ba74ec8f700bf3fcae2c,1780043537
20260529_162852,tierc-rp-2a5f87677ac558739aec,0xe47f7dba68a00dc1a6f11458bcdfca810e1cfebf,0xAB6363DA0C80CEF3AE105BD6241E30872355D021/0x833589FCD6EDB6E08F4C7C32D4F71B54BDA02913,1779987641,WATCH,counterfactual_research_universe_v1,50.00,100.00,0.00,0.00,88.26,100.00,market_quality_incomplete,shadow-trace-3959ba74ec8f700bf3fcae2c,1780043537
20260529_162852,tierc-rp-8f05c42611da0e537f8d,0xe47f7dba68a00dc1a6f11458bcdfca810e1cfebf,0xAB6363DA0C80CEF3AE105BD6241E30872355D021/0x833589FCD6EDB6E08F4C7C32D4F71B54BDA02913,1779991241,WATCH,counterfactual_research_universe_v1,10.00,100.00,0.00,0.00,88.26,100.00,market_quality_incomplete,shadow-trace-ad336763082a7a89abce2ee2,1780043537
20260529_162852,tierc-rp-d578a327725e9e1842fb,0xe47f7dba68a00dc1a6f11458bcdfca810e1cfebf,0xAB6363DA0C80CEF3AE105BD6241E30872355D021/0x833589FCD6EDB6E08F4C7C32D4F71B54BDA02913,1779991241,WATCH,counterfactual_research_universe_v1,20.00,100.00,0.00,0.00,88.26,100.00,market_quality_incomplete,shadow-trace-ad336763082a7a89abce2ee2,1780043537
20260529_162852,tierc-rp-7e7307bbede319deec73,0xe47f7dba68a00dc1a6f11458bcdfca810e1cfebf,0xAB6363DA0C80CEF3AE105BD6241E30872355D021/0x833589FCD6EDB6E08F4C7C32D4F71B54BDA02913,1779991241,WATCH,counterfactual_research_universe_v1,50.00,100.00,0.00,0.00,88.26,100.00,market_quality_incomplete,shadow-trace-ad336763082a7a89abce2ee2,1780043537
20260529_162852,tierc-rp-844044916c3c5231887d,0xe47f7dba68a00dc1a6f11458bcdfca810e1cfebf,0xAB6363DA0C80CEF3AE105BD6241E30872355D021/0x833589FCD6EDB6E08F4C7C32D4F71B54BDA02913,1779994840,WATCH,counterfactual_research_universe_v1,10.00,100.00,0.00,0.00,88.26,100.00,market_quality_incomplete,shadow-trace-2d5cc6e62944523cf8021540,1780043537
20260529_162852,tierc-rp-acedec1f14b6e3f5384f,0xe47f7dba68a00dc1a6f11458bcdfca810e1cfebf,0xAB6363DA0C80CEF3AE105BD6241E30872355D021/0x833589FCD6EDB6E08F4C7C32D4F71B54BDA02913,1779994840,WATCH,counterfactual_research_universe_v1,20.00,100.00,0.00,0.00,88.26,100.00,market_quality_incomplete,shadow-trace-2d5cc6e62944523cf8021540,1780043537
20260529_162852,tierc-rp-fc5adfadc22c93ffd4d2,0xe47f7dba68a00dc1a6f11458bcdfca810e1cfebf,0xAB6363DA0C80CEF3AE105BD6241E30872355D021/0x833589FCD6EDB6E08F4C7C32D4F71B54BDA02913,1779994840,WATCH,counterfactual_research_universe_v1,50.00,100.00,0.00,0.00,88.26,100.00,market_quality_incomplete,shadow-trace-2d5cc6e62944523cf8021540,1780043537
20260529_162852,tierc-rp-8b292e0955206ee8ccbb,0xe47f7dba68a00dc1a6f11458bcdfca810e1cfebf,0xAB6363DA0C80CEF3AE105BD6241E30872355D021/0x833589FCD6EDB6E08F4C7C32D4F71B54BDA02913,1779998440,WATCH,counterfactual_research_universe_v1,10.00,100.00,0.00,0.00,88.26,100.00,market_quality_incomplete,shadow-trace-4d448b92132637e96278c492,1780043537
20260529_162852,tierc-rp-2922e13c227d6aa22a84,0xe47f7dba68a00dc1a6f11458bcdfca810e1cfebf,0xAB6363DA0C80CEF3AE105BD6241E30872355D021/0x833589FCD6EDB6E08F4C7C32D4F71B54BDA02913,1779998440,WATCH,counterfactual_research_universe_v1,20.00,100.00,0.00,0.00,88.26,100.00,market_quality_incomplete,shadow-trace-4d448b92132637e96278c492,1780043537
20260529_162852,tierc-rp-d1a5100e06bbdc14bdcd,0xe47f7dba68a00dc1a6f11458bcdfca810e1cfebf,0xAB6363DA0C80CEF3AE105BD6241E30872355D021/0x833589FCD6EDB6E08F4C7C32D4F71B54BDA02913,1779998440,WATCH,counterfactual_research_universe_v1,50.00,100.00,0.00,0.00,88.26,100.00,market_quality_incomplete,shadow-trace-4d448b92132637e96278c492,1780043537
20260529_162852,tierc-rp-fdd05f1fac2cb259e21a,0xe47f7dba68a00dc1a6f11458bcdfca810e1cfebf,0xAB6363DA0C80CEF3AE105BD6241E30872355D021/0x833589FCD6EDB6E08F4C7C32D4F71B54BDA02913,1780002040,WATCH,counterfactual_research_universe_v1,10.00,100.00,0.00,0.00,88.26,100.00,market_quality_incomplete,shadow-trace-c11529c4bc84c8bf26cf4b41,1780043537
20260529_162852,tierc-rp-8522f833f8d478ead538,0xe47f7dba68a00dc1a6f11458bcdfca810e1cfebf,0xAB6363DA0C80CEF3AE105BD6241E30872355D021/0x833589FCD6EDB6E08F4C7C32D4F71B54BDA02913,1780002040,WATCH,counterfactual_research_universe_v1,20.00,100.00,0.00,0.00,88.26,100.00,market_quality_incomplete,shadow-trace-c11529c4bc84c8bf26cf4b41,1780043537
20260529_162852,tierc-rp-6aa9913293b6b08aa468,0xe47f7dba68a00dc1a6f11458bcdfca810e1cfebf,0xAB6363DA0C80CEF3AE105BD6241E30872355D021/0x833589FCD6EDB6E08F4C7C32D4F71B54BDA02913,1780002040,WATCH,counterfactual_research_universe_v1,50.00,100.00,0.00,0.00,88.26,100.00,market_quality_incomplete,shadow-trace-c11529c4bc84c8bf26cf4b41,1780043537
20260529_162852,tierc-rp-a8a6722e44354f664a1d,0xe47f7dba68a00dc1a6f11458bcdfca810e1cfebf,0xAB6363DA0C80CEF3AE105BD6241E30872355D021/0x833589FCD6EDB6E08F4C7C32D4F71B54BDA02913,1780006121,WATCH,counterfactual_research_universe_v1,10.00,100.00,0.00,0.00,88.26,100.00,market_quality_incomplete,shadow-trace-83d963aff1b568a6e198c845,1780043537
20260529_162852,tierc-rp-2f03ad1c05b1dd4304ae,0xe47f7dba68a00dc1a6f11458bcdfca810e1cfebf,0xAB6363DA0C80CEF3AE105BD6241E30872355D021/0x833589FCD6EDB6E08F4C7C32D4F71B54BDA02913,1780006121,WATCH,counterfactual_research_universe_v1,20.00,100.00,0.00,0.00,88.26,100.00,market_quality_incomplete,shadow-trace-83d963aff1b568a6e198c845,1780043537
20260529_162852,tierc-rp-4502c4a04cc616b56f0b,0xe47f7dba68a00dc1a6f11458bcdfca810e1cfebf,0xAB6363DA0C80CEF3AE105BD6241E30872355D021/0x833589FCD6EDB6E08F4C7C32D4F71B54BDA02913,1780006121,WATCH,counterfactual_research_universe_v1,50.00,100.00,0.00,0.00,88.26,100.00,market_quality_incomplete,shadow-trace-83d963aff1b568a6e198c845,1780043537
20260529_162852,tierc-rp-204ba07de1b3b35256c3,0xe47f7dba68a00dc1a6f11458bcdfca810e1cfebf,0xAB6363DA0C80CEF3AE105BD6241E30872355D021/0x833589FCD6EDB6E08F4C7C32D4F71B54BDA02913,1780010501,WATCH,counterfactual_research_universe_v1,10.00,100.00,0.00,0.00,88.26,100.00,market_quality_incomplete,shadow-trace-46ff88ae22f68e93f96f3e94,1780043537
20260529_162852,tierc-rp-3b61e28798097f859c76,0xe47f7dba68a00dc1a6f11458bcdfca810e1cfebf,0xAB6363DA0C80CEF3AE105BD6241E30872355D021/0x833589FCD6EDB6E08F4C7C32D4F71B54BDA02913,1780010501,WATCH,counterfactual_research_universe_v1,20.00,100.00,0.00,0.00,88.26,100.00,market_quality_incomplete,shadow-trace-46ff88ae22f68e93f96f3e94,1780043537
20260529_162852,tierc-rp-86c3c09de548e508085b,0xe47f7dba68a00dc1a6f11458bcdfca810e1cfebf,0xAB6363DA0C80CEF3AE105BD6241E30872355D021/0x833589FCD6EDB6E08F4C7C32D4F71B54BDA02913,1780010501,WATCH,counterfactual_research_universe_v1,50.00,100.00,0.00,0.00,88.26,100.00,market_quality_incomplete,shadow-trace-46ff88ae22f68e93f96f3e94,1780043537
20260529_162852,tierc-rp-547cad3ee2a7c97e813c,0xe47f7dba68a00dc1a6f11458bcdfca810e1cfebf,0xAB6363DA0C80CEF3AE105BD6241E30872355D021/0x833589FCD6EDB6E08F4C7C32D4F71B54BDA02913,1780016081,WATCH,counterfactual_research_universe_v1,10.00,100.00,0.00,0.00,88.26,100.00,market_quality_incomplete,shadow-trace-68ff5f4c03538dcddbe86452,1780043537
20260529_162852,tierc-rp-3f8fb48a3d83183b7aae,0xe47f7dba68a00dc1a6f11458bcdfca810e1cfebf,0xAB6363DA0C80CEF3AE105BD6241E30872355D021/0x833589FCD6EDB6E08F4C7C32D4F71B54BDA02913,1780016081,WATCH,counterfactual_research_universe_v1,20.00,100.00,0.00,0.00,88.26,100.00,market_quality_incomplete,shadow-trace-68ff5f4c03538dcddbe86452,1780043537
20260529_162852,tierc-rp-1f107eae5144b846b10c,0xe47f7dba68a00dc1a6f11458bcdfca810e1cfebf,0xAB6363DA0C80CEF3AE105BD6241E30872355D021/0x833589FCD6EDB6E08F4C7C32D4F71B54BDA02913,1780016081,WATCH,counterfactual_research_universe_v1,50.00,100.00,0.00,0.00,88.26,100.00,market_quality_incomplete,shadow-trace-68ff5f4c03538dcddbe86452,1780043537
20260529_162852,tierc-rp-47eb6afa9139f767c128,0xe47f7dba68a00dc1a6f11458bcdfca810e1cfebf,0xAB6363DA0C80CEF3AE105BD6241E30872355D021/0x833589FCD6EDB6E08F4C7C32D4F71B54BDA02913,1780019680,WATCH,counterfactual_research_universe_v1,10.00,100.00,0.00,0.00,88.26,100.00,market_quality_incomplete,shadow-trace-aef98beab64589d8514b76a9,1780043537
20260529_162852,tierc-rp-ebff0f0a8449c622de81,0xe47f7dba68a00dc1a6f11458bcdfca810e1cfebf,0xAB6363DA0C80CEF3AE105BD6241E30872355D021/0x833589FCD6EDB6E08F4C7C32D4F71B54BDA02913,1780019680,WATCH,counterfactual_research_universe_v1,20.00,100.00,0.00,0.00,88.26,100.00,market_quality_incomplete,shadow-trace-aef98beab64589d8514b76a9,1780043537
20260529_162852,tierc-rp-2b8a974c4354915b801d,0xe47f7dba68a00dc1a6f11458bcdfca810e1cfebf,0xAB6363DA0C80CEF3AE105BD6241E30872355D021/0x833589FCD6EDB6E08F4C7C32D4F71B54BDA02913,1780019680,WATCH,counterfactual_research_universe_v1,50.00,100.00,0.00,0.00,88.26,100.00,market_quality_incomplete,shadow-trace-aef98beab64589d8514b76a9,1780043537
20260529_162852,tierc-rp-29756f28a5158b894811,0xe47f7dba68a00dc1a6f11458bcdfca810e1cfebf,0xAB6363DA0C80CEF3AE105BD6241E30872355D021/0x833589FCD6EDB6E08F4C7C32D4F71B54BDA02913,1780022981,WATCH,counterfactual_research_universe_v1,10.00,100.00,0.00,0.00,88.26,100.00,market_quality_incomplete,shadow-trace-949ecaa5dd3a0c1fc428d571,1780043537
20260529_162852,tierc-rp-bf5e504033b34528b6a1,0xe47f7dba68a00dc1a6f11458bcdfca810e1cfebf,0xAB6363DA0C80CEF3AE105BD6241E30872355D021/0x833589FCD6EDB6E08F4C7C32D4F71B54BDA02913,1780022981,WATCH,counterfactual_research_universe_v1,20.00,100.00,0.00,0.00,88.26,100.00,market_quality_incomplete,shadow-trace-949ecaa5dd3a0c1fc428d571,1780043537
20260529_162852,tierc-rp-247d0a96d8cd13a54cf9,0xe47f7dba68a00dc1a6f11458bcdfca810e1cfebf,0xAB6363DA0C80CEF3AE105BD6241E30872355D021/0x833589FCD6EDB6E08F4C7C32D4F71B54BDA02913,1780022981,WATCH,counterfactual_research_universe_v1,50.00,100.00,0.00,0.00,88.26,100.00,market_quality_incomplete,shadow-trace-949ecaa5dd3a0c1fc428d571,1780043537
20260529_162852,tierc-rp-d5c268c96d6a7a14352c,0xe47f7dba68a00dc1a6f11458bcdfca810e1cfebf,0xAB6363DA0C80CEF3AE105BD6241E30872355D021/0x833589FCD6EDB6E08F4C7C32D4F71B54BDA02913,1780023640,WATCH,counterfactual_research_universe_v1,10.00,100.00,0.00,0.00,88.26,100.00,market_quality_incomplete,shadow-trace-5ceec23429cc5db6508b2adf,1780043537
20260529_162852,tierc-rp-94fe34a3466754908bcc,0xe47f7dba68a00dc1a6f11458bcdfca810e1cfebf,0xAB6363DA0C80CEF3AE105BD6241E30872355D021/0x833589FCD6EDB6E08F4C7C32D4F71B54BDA02913,1780023640,WATCH,counterfactual_research_universe_v1,20.00,100.00,0.00,0.00,88.26,100.00,market_quality_incomplete,shadow-trace-5ceec23429cc5db6508b2adf,1780043537
20260529_162852,tierc-rp-920d16ecf66bad960eae,0xe47f7dba68a00dc1a6f11458bcdfca810e1cfebf,0xAB6363DA0C80CEF3AE105BD6241E30872355D021/0x833589FCD6EDB6E08F4C7C32D4F71B54BDA02913,1780023640,WATCH,counterfactual_research_universe_v1,50.00,100.00,0.00,0.00,88.26,100.00,market_quality_incomplete,shadow-trace-5ceec23429cc5db6508b2adf,1780043537
20260529_162852,tierc-rp-539fcf2fc9c2ea62e7fc,0xe47f7dba68a00dc1a6f11458bcdfca810e1cfebf,0xAB6363DA0C80CEF3AE105BD6241E30872355D021/0x833589FCD6EDB6E08F4C7C32D4F71B54BDA02913,1780030480,WATCH,counterfactual_research_universe_v1,10.00,100.00,0.00,0.00,88.26,100.00,market_quality_incomplete,shadow-trace-35555b6917be31177c790d68,1780043537
20260529_162852,tierc-rp-a09f64614c0336f4af9c,0xe47f7dba68a00dc1a6f11458bcdfca810e1cfebf,0xAB6363DA0C80CEF3AE105BD6241E30872355D021/0x833589FCD6EDB6E08F4C7C32D4F71B54BDA02913,1780030480,WATCH,counterfactual_research_universe_v1,20.00,100.00,0.00,0.00,88.26,100.00,market_quality_incomplete,shadow-trace-35555b6917be31177c790d68,1780043537
20260529_162852,tierc-rp-9db0b473a822538118f7,0xe47f7dba68a00dc1a6f11458bcdfca810e1cfebf,0xAB6363DA0C80CEF3AE105BD6241E30872355D021/0x833589FCD6EDB6E08F4C7C32D4F71B54BDA02913,1780030480,WATCH,counterfactual_research_universe_v1,50.00,100.00,0.00,0.00,88.26,100.00,market_quality_incomplete,shadow-trace-35555b6917be31177c790d68,1780043537
20260529_162852,tierc-rp-a82c229369662e962fca,0xe47f7dba68a00dc1a6f11458bcdfca810e1cfebf,0xAB6363DA0C80CEF3AE105BD6241E30872355D021/0x833589FCD6EDB6E08F4C7C32D4F71B54BDA02913,1780034260,WATCH,counterfactual_research_universe_v1,10.00,100.00,0.00,0.00,88.26,100.00,market_quality_incomplete,shadow-trace-3c6fce8078a023b5df835850,1780043537
20260529_162852,tierc-rp-6c464612486b321731b7,0xe47f7dba68a00dc1a6f11458bcdfca810e1cfebf,0xAB6363DA0C80CEF3AE105BD6241E30872355D021/0x833589FCD6EDB6E08F4C7C32D4F71B54BDA02913,1780034260,WATCH,counterfactual_research_universe_v1,20.00,100.00,0.00,0.00,88.26,100.00,market_quality_incomplete,shadow-trace-3c6fce8078a023b5df835850,1780043537
20260529_162852,tierc-rp-f26ac773b882a9338a06,0xe47f7dba68a00dc1a6f11458bcdfca810e1cfebf,0xAB6363DA0C80CEF3AE105BD6241E30872355D021/0x833589FCD6EDB6E08F4C7C32D4F71B54BDA02913,1780034260,WATCH,counterfactual_research_universe_v1,50.00,100.00,0.00,0.00,88.26,100.00,market_quality_incomplete,shadow-trace-3c6fce8078a023b5df835850,1780043537
20260529_162852,tierc-rp-4e6b444405e17c33cfef,0xe47f7dba68a00dc1a6f11458bcdfca810e1cfebf,0xAB6363DA0C80CEF3AE105BD6241E30872355D021/0x833589FCD6EDB6E08F4C7C32D4F71B54BDA02913,1780036480,WATCH,counterfactual_research_universe_v1,10.00,100.00,0.00,0.00,88.26,100.00,market_quality_incomplete,shadow-trace-efc17dcfa1a7b1191132805c,1780043537
20260529_162852,tierc-rp-aaefbff7bc746b5f3473,0xe47f7dba68a00dc1a6f11458bcdfca810e1cfebf,0xAB6363DA0C80CEF3AE105BD6241E30872355D021/0x833589FCD6EDB6E08F4C7C32D4F71B54BDA02913,1780036480,WATCH,counterfactual_research_universe_v1,20.00,100.00,0.00,0.00,88.26,100.00,market_quality_incomplete,shadow-trace-efc17dcfa1a7b1191132805c,1780043537
20260529_162852,tierc-rp-ba1e1cc4969669da2e24,0xe47f7dba68a00dc1a6f11458bcdfca810e1cfebf,0xAB6363DA0C80CEF3AE105BD6241E30872355D021/0x833589FCD6EDB6E08F4C7C32D4F71B54BDA02913,1780036480,WATCH,counterfactual_research_universe_v1,50.00,100.00,0.00,0.00,88.26,100.00,market_quality_incomplete,shadow-trace-efc17dcfa1a7b1191132805c,1780043537
20260529_162852,tierc-rp-998b8ae2106251df4efd,0xe47f7dba68a00dc1a6f11458bcdfca810e1cfebf,0xAB6363DA0C80CEF3AE105BD6241E30872355D021/0x833589FCD6EDB6E08F4C7C32D4F71B54BDA02913,1780038040,WATCH,counterfactual_research_universe_v1,10.00,100.00,0.00,0.00,88.26,100.00,market_quality_incomplete,shadow-trace-503959980403b7ad61a7afd4,1780043537
20260529_162852,tierc-rp-45be627fc2ba20f6aba9,0xe47f7dba68a00dc1a6f11458bcdfca810e1cfebf,0xAB6363DA0C80CEF3AE105BD6241E30872355D021/0x833589FCD6EDB6E08F4C7C32D4F71B54BDA02913,1780038040,WATCH,counterfactual_research_universe_v1,20.00,100.00,0.00,0.00,88.26,100.00,market_quality_incomplete,shadow-trace-503959980403b7ad61a7afd4,1780043537
20260529_162852,tierc-rp-f4776ab1254025bbb602,0xe47f7dba68a00dc1a6f11458bcdfca810e1cfebf,0xAB6363DA0C80CEF3AE105BD6241E30872355D021/0x833589FCD6EDB6E08F4C7C32D4F71B54BDA02913,1780038040,WATCH,counterfactual_research_universe_v1,50.00,100.00,0.00,0.00,88.26,100.00,market_quality_incomplete,shadow-trace-503959980403b7ad61a7afd4,1780043537
20260529_162852,tierc-rp-5bdbb20ced4f92f0012d,0xe47f7dba68a00dc1a6f11458bcdfca810e1cfebf,0xAB6363DA0C80CEF3AE105BD6241E30872355D021/0x833589FCD6EDB6E08F4C7C32D4F71B54BDA02913,1780041640,WATCH,counterfactual_research_universe_v1,10.00,100.00,0.00,0.00,88.26,100.00,market_quality_incomplete,shadow-trace-f2ef8d63c483b630b3684d1b,1780043537
20260529_162852,tierc-rp-426021aae50b2f19400b,0xe47f7dba68a00dc1a6f11458bcdfca810e1cfebf,0xAB6363DA0C80CEF3AE105BD6241E30872355D021/0x833589FCD6EDB6E08F4C7C32D4F71B54BDA02913,1780041640,WATCH,counterfactual_research_universe_v1,20.00,100.00,0.00,0.00,88.26,100.00,market_quality_incomplete,shadow-trace-f2ef8d63c483b630b3684d1b,1780043537
20260529_162852,tierc-rp-2aff77724ad7f5539b6e,0xe47f7dba68a00dc1a6f11458bcdfca810e1cfebf,0xAB6363DA0C80CEF3AE105BD6241E30872355D021/0x833589FCD6EDB6E08F4C7C32D4F71B54BDA02913,1780041640,WATCH,counterfactual_research_universe_v1,50.00,100.00,0.00,0.00,88.26,100.00,market_quality_incomplete,shadow-trace-f2ef8d63c483b630b3684d1b,1780043537
