pool,block,tx,amount0_raw,amount0_human,amount1_raw,amount1_human,sqrtPriceX96,liquidity,tick,fee_zto,fee_otz,abi
0xb2cc224c1c9fee385f8ad6a55b4d94e92359dc59,47222801,0x629a623213901ec9d4a86ec0e4c65451650d46d303d748b0415f2343af9b6098,-340551718118678148,-0.340552,568727041,568.7270,3237636589800383610325516,2641450665466979248,115792089237316195423570985008687907853269984665640564039457584007913112660605,,,v3_standard
0xb2cc224c1c9fee385f8ad6a55b4d94e92359dc59,47222802,0xf461a0b7cd0848e6bd693ce576d099a359e2db7cd0e79af5cbd77946cc25f81f,-349692525238966604,-0.349693,583998577,583.9986,3237654105311646709481287,2641450615792892854,115792089237316195423570985008687907853269984665640564039457584007913112660605,,,v3_standard
0xb2cc224c1c9fee385f8ad6a55b4d94e92359dc59,47222805,0x6b31a1d2e176149a21d5d04e17f0177f5df6329d8e62a6ce4a37ccc50b34d38b,933670128581936768,0.933670,-1559060124,-1559.0601,3237607342570341523673620,2641450553431570920,115792089237316195423570985008687907853269984665640564039457584007913112660604,,,v3_standard
0xb2cc224c1c9fee385f8ad6a55b4d94e92359dc59,47222806,0x768a1d4b11605549920e3f033a4b63b30c876c5b8b14487bcf6e9754758f2352,1586462727578034688,1.586463,-2649002338,-2649.0023,3237527887902405048690836,2641450694283505744,115792089237316195423570985008687907853269984665640564039457584007913112660604,,,v3_standard
0xb2cc224c1c9fee385f8ad6a55b4d94e92359dc59,47222809,0xc74f66021b8ec231b877782414f3ab80534f4baa1479b1647b240d25d0465250,-387662228582441565,-0.387662,647366199,647.3662,3237547303872837376618026,2641462460971417753,115792089237316195423570985008687907853269984665640564039457584007913112660604,,,v3_standard
0xb2cc224c1c9fee385f8ad6a55b4d94e92359dc59,47222814,0x67285220f179c2a1bdc2f55e926c0213c83ce5a2ad150ec4449ab80ac1c14a5d,3101031502611379712,3.101032,-5177646127,-5177.6461,3237392005280713160077810,2641462380440463982,115792089237316195423570985008687907853269984665640564039457584007913112660603,,,v3_standard
0xb2cc224c1c9fee385f8ad6a55b4d94e92359dc59,47222817,0x2241ebef71956f9fdf5b848a78912dfb824b3e5ccfed00b9e599832b79d0de7a,-586887178914697669,-0.586887,979977345,979.9773,3237421397006707116080944,2641462628945118970,115792089237316195423570985008687907853269984665640564039457584007913112660603,,,v3_standard
0xb2cc224c1c9fee385f8ad6a55b4d94e92359dc59,47222820,0xdafc35c1c0bd3dd76a1e04867ddb488d1c040c4ca4b30fbc141f6722c37126df,-707829452732019544,-0.707829,1181949011,1181.9490,3237456846317208470693182,2641462651294806580,115792089237316195423570985008687907853269984665640564039457584007913112660603,,,v3_standard
0xb2cc224c1c9fee385f8ad6a55b4d94e92359dc59,47222821,0xfe32cbda7d7d1da0390bd95ba41f44081cd4cc12e31f84ecaa744119de1e12a8,-311722980630408038,-0.311723,520530021,520.5300,3237472458183942646811482,2641462635156553280,115792089237316195423570985008687907853269984665640564039457584007913112660604,,,v3_standard
0xb2cc224c1c9fee385f8ad6a55b4d94e92359dc59,47222827,0x3b4235ca1c57e097880db5fda6c883fac2a80a7f38fb972ad1eeb5b1302195f6,1208001256047614208,1.208001,-2016908561,-2016.9086,3237411962927062070609486,2641462613102458142,115792089237316195423570985008687907853269984665640564039457584007913112660603,,,v3_standard
0xb2cc224c1c9fee385f8ad6a55b4d94e92359dc59,47222828,0xff9ea8c7f60db6069d92bef9afd9bf206e10396e222d92dffc3ef8bfa7cfa375,226095433698154208,0.226095,-377486114,-377.4861,3237400640589706751065311,2641462647650342515,115792089237316195423570985008687907853269984665640564039457584007913112660603,,,v3_standard
0xb2cc224c1c9fee385f8ad6a55b4d94e92359dc59,47222829,0x4a79d38aad12e7aacf81cf3295da90fa68c41c16e90981eb190f41a70f01705f,-13203459407285626069,-13.203459,22051403520,22051.4035,3238062019206811044000050,2641433077781675048,115792089237316195423570985008687907853269984665640564039457584007913112660607,,,v3_standard
0xb2cc224c1c9fee385f8ad6a55b4d94e92359dc59,47222830,0x154b9e844cff27f5faf9af3a890da8b349f396746391572dec1bd30a75e0a9b8,-4253249924401199341,-4.253250,7105370054,7105.3701,3238275131744081008472355,2641382078151940374,115792089237316195423570985008687907853269984665640564039457584007913112660608,,,v3_standard
0xb2cc224c1c9fee385f8ad6a55b4d94e92359dc59,47222831,0xe67cf09d16d877da7f7ca2969852710a8bdc401f3a9d292522cb8a821f636157,1286554844366820096,1.286555,-2149116466,-2149.1165,3238195975046071795579764,2151056739193522149,115792089237316195423570985008687907853269984665640564039457584007913112660608,,,v3_standard
0xb2cc224c1c9fee385f8ad6a55b4d94e92359dc59,47222832,0x34e0de5eeb0ecb729f6a474cacc50f973b4b1db2d212abc3ec62c6677ffcc7a1,-1227238436305421938,-1.227238,2050275510,2050.2755,3238271486691370092076651,2151056492714144466,115792089237316195423570985008687907853269984665640564039457584007913112660608,,,v3_standard
0xb2cc224c1c9fee385f8ad6a55b4d94e92359dc59,47222833,0x2ba142b69f0948741a33506e27f786f29df3fd52dfc383d0ab6ef36856ea117a,-1471945445016729446,-1.471945,2459219329,2459.2193,3238362059727156957616108,2151056730420351409,115792089237316195423570985008687907853269984665640564039457584007913112660609,,,v3_standard
0xb2cc224c1c9fee385f8ad6a55b4d94e92359dc59,47222835,0xbe6431a44d6beca05746f3671719bc8189349bcf6990b8392e5cb340d6a29f54,-1266616399583291742,-1.266616,2116280625,2116.2806,3238440002326960681860142,2151056874560223090,115792089237316195423570985008687907853269984665640564039457584007913112660609,,,v3_standard
0xb2cc224c1c9fee385f8ad6a55b4d94e92359dc59,47222838,0x9b6567c4e2e7898c9836b65cb67c9f892cb6b47ef9f3873da56729e2451a5468,79855175302591822,0.079855,-133333514,-133.3335,3238433641405969151247893,1660729537954165345,115792089237316195423570985008687907853269984665640564039457584007913112660609,,,v3_standard
0xb2cc224c1c9fee385f8ad6a55b4d94e92359dc59,47222840,0x3cee4f9edc53163e25276a419db382dc3365f3cf47e0e32baddecb6515b98ea3,4167678036151216640,4.167678,-6962168813,-6962.1688,3238177209394619724251439,2151056879706517611,115792089237316195423570985008687907853269984665640564039457584007913112660608,,,v3_standard
0xb2cc224c1c9fee385f8ad6a55b4d94e92359dc59,47222841,0x8b38816e3ab16229f18b4ff599e60b3c4237ad0bd67f8296b9d79becac56fe8e,3351261097752856064,3.351261,-5597532337,-5597.5323,3237971039905893981667058,2151056417060431707,115792089237316195423570985008687907853269984665640564039457584007913112660607,,,v3_standard
0xb2cc224c1c9fee385f8ad6a55b4d94e92359dc59,47222841,0xe7114f1af9cba04cbdf49bc23fde7f8a41c94088340f5c465f736762a7ae93d2,79556292634248610,0.079556,-132802914,-132.8029,3237964704298160784645607,1660729537954165345,115792089237316195423570985008687907853269984665640564039457584007913112660607,,,v3_standard
0xb2cc224c1c9fee385f8ad6a55b4d94e92359dc59,47222845,0xde9725a614173fc96dc298cfb8f474caffba5ba8dfe6feaf6a135deaabe95154,6390013181894273024,6.390013,-10671071486,-10671.0715,3237571667279029051093559,2151068079559765233,115792089237316195423570985008687907853269984665640564039457584007913112660604,,,v3_standard
0xb2cc224c1c9fee385f8ad6a55b4d94e92359dc59,47222849,0x36aaa6180b187444554ece1bb677cb46ea92573b4c29594798a81beb958814a2,-899096809733784150,-0.899097,1501487557,1501.4876,3237643294211527956176302,1660729537954165345,115792089237316195423570985008687907853269984665640564039457584007913112660605,,,v3_standard
0xb2cc224c1c9fee385f8ad6a55b4d94e92359dc59,47222851,0x5257f861ad8da259a1bacb727518ca95b2bf418fb873444b0ce231d0311a1d7b,1118728366279159948,1.118728,-1868048693,-1868.0487,3237574490599673747734587,2151079884894248898,115792089237316195423570985008687907853269984665640564039457584007913112660604,,,v3_standard
0xb2cc224c1c9fee385f8ad6a55b4d94e92359dc59,47222852,0x432f0e11fdb1668b14624f6a64466163ca73d1dd8fe928ef4558c02c9d8573da,312659720761541952,0.312660,-522062991,-522.0630,3237549584622747392148301,1660729537954165345,115792089237316195423570985008687907853269984665640564039457584007913112660604,,,v3_standard
0xb2cc224c1c9fee385f8ad6a55b4d94e92359dc59,47222852,0x47af6be3dc567857de34a44f369741f803d98fcda7cf6f0bc9e70de1fae64fd9,607943627860300940,0.607944,-1015089757,-1015.0898,3237501157895537162190919,1660729537954165345,115792089237316195423570985008687907853269984665640564039457584007913112660604,,,v3_standard
0xb2cc224c1c9fee385f8ad6a55b4d94e92359dc59,47222865,0x1d1a3dbd4a984fc472bbda28607d4f31498e03c915989f90dc776a306ae087cc,-841103315744396310,-0.841103,1404564708,1404.5647,3237543284189550463704742,2641447738980344543,115792089237316195423570985008687907853269984665640564039457584007913112660604,,,v3_standard
0xb2cc224c1c9fee385f8ad6a55b4d94e92359dc59,47222865,0x7c6d9e7212885d0cde3fc61a8ab0e581a6dc3f8e31a5d5756627fccab86958d4,-2192003959490481226,-2.192004,3660615544,3660.6155,3237653074906779755818011,2641447738980344543,115792089237316195423570985008687907853269984665640564039457584007913112660605,,,v3_standard
0xb2cc224c1c9fee385f8ad6a55b4d94e92359dc59,47222866,0xcdec8ea559d0524feb1893709c8db00cf0708754848bdaa43a97c207acb75ede,-669391163389503523,-0.669391,1117923242,1117.9232,3237686604129361098858486,2641447763143242001,115792089237316195423570985008687907853269984665640564039457584007913112660605,,,v3_standard
0xb2cc224c1c9fee385f8ad6a55b4d94e92359dc59,47222867,0x678a3ef2532cbbcaccecef49ada52828f6db82562f07154d66bdfd935f44b9f7,-1908887989742666213,-1.908888,3188084172,3188.0842,3237782222490553211920171,2641447651906714440,115792089237316195423570985008687907853269984665640564039457584007913112660605,,,v3_standard
0xb2cc224c1c9fee385f8ad6a55b4d94e92359dc59,47222871,0xa8fba23b5726859b878cf2d441e503b79b24ff935ff9da55f12172571190978c,-2459858118653281943,-2.459858,4108551603,4108.5516,3237905447923633858283478,2641447103184032719,115792089237316195423570985008687907853269984665640564039457584007913112660606,,,v3_standard
0xb2cc224c1c9fee385f8ad6a55b4d94e92359dc59,47222872,0xe006ce529630579bdb268292da45736206b24570f958e1186499f07e668c366a,-1756990088039039786,-1.756990,2934832403,2934.8324,3238045451110170962429706,1660729537954165345,115792089237316195423570985008687907853269984665640564039457584007913112660607,,,v3_standard
0xb2cc224c1c9fee385f8ad6a55b4d94e92359dc59,47222873,0x5b13c6a07a6c33662d4fe77b4ef71ebe604e7cace76dfcf0bf2c8efee35d50d4,-7163616009367345384,-7.163616,11967769344,11967.7693,3238404397605643496371258,2641417301323784324,115792089237316195423570985008687907853269984665640564039457584007913112660609,,,v3_standard
0xb2cc224c1c9fee385f8ad6a55b4d94e92359dc59,47222874,0x6336422f19316e167affc2aa97823e67422960a8684c1ad177778867102a1b52,-3645322882798536989,-3.645323,6091013376,6091.0134,3238587086716616253865789,2641377147534222644,115792089237316195423570985008687907853269984665640564039457584007913112660610,,,v3_standard
0xb2cc224c1c9fee385f8ad6a55b4d94e92359dc59,47222875,0x763349c9db532713d117f67c74c145b3e4ed538789463ffc3b6478ba3ead9cf3,-7316834460661704433,-7.316834,12227899425,12227.8994,3238964273446805142539603,2568319078255877594,115792089237316195423570985008687907853269984665640564039457584007913112660613,,,v3_standard
0xb2cc224c1c9fee385f8ad6a55b4d94e92359dc59,47222876,0x7fe8652fde02cd6bebec9769e25ba087d87b19307ce5aaeb57551323f054f875,78306927081602546,0.078307,-130865970,-130.8660,3238960236459946195160946,2568319078259960059,115792089237316195423570985008687907853269984665640564039457584007913112660613,,,v3_standard
0xb2cc224c1c9fee385f8ad6a55b4d94e92359dc59,47222877,0x1967f1fd3020f2d65a9e049e37631518141f07bd6e652ab76a5a8c65e44428a7,-4147915840907189560,-4.147916,6933248000,6933.2480,3239174102231308396866161,2568319078259529053,115792089237316195423570985008687907853269984665640564039457584007913112660614,,,v3_standard
0xb2cc224c1c9fee385f8ad6a55b4d94e92359dc59,47222879,0xfda2e9c7d3d04b29f7b74423e32fb19d3c3e0e13b998c7bd35596def74192df3,1764495036498773760,1.764495,-2949069003,-2949.0690,3239033411460803759943886,1660729537954165345,115792089237316195423570985008687907853269984665640564039457584007913112660613,,,v3_standard
0xb2cc224c1c9fee385f8ad6a55b4d94e92359dc59,47222879,0xe6a9bc83180451a06695368e8d593735a0157de7b2677e1c873d5d34a8b29eb7,82001423815498024,0.082001,-136953008,-136.9530,3239026877865183781960798,1660729537954165345,115792089237316195423570985008687907853269984665640564039457584007913112660613,,,v3_standard
0xb2cc224c1c9fee385f8ad6a55b4d94e92359dc59,47222880,0x73752bffe7a974b2dfe71fdefd9ee30938763db42623579580ee12b1b289a4e6,8941144088078065664,8.941144,-14940845295,-14940.8453,3238565978855707597609868,2568319078261858547,115792089237316195423570985008687907853269984665640564039457584007913112660610,,,v3_standard
0xb2cc224c1c9fee385f8ad6a55b4d94e92359dc59,47222881,0xf0786a15da29e5da8025cb553c8638fe51081ba2d1dc495a96fdafac997aab94,350930209987221760,0.350930,-586325258,-586.3253,3238547891744479708409454,2568319078252397348,115792089237316195423570985008687907853269984665640564039457584007913112660610,,,v3_standard
0xb2cc224c1c9fee385f8ad6a55b4d94e92359dc59,47222882,0xa74bea5df7381caed1ae9e88eea1f3b23aa2cb734c932af3fa4130a042111b0d,79404851456758577,0.079405,-132586998,-132.5870,3238541566437404003150494,1660729537954165345,115792089237316195423570985008687907853269984665640564039457584007913112660610,,,v3_standard
0xb2cc224c1c9fee385f8ad6a55b4d94e92359dc59,47222883,0x3c6906106bbb612d2d96ca420146f446ad2a504090bef1f31357dad60579783c,998156749495339392,0.998157,-1667652519,-1667.6525,3238490046466791380593324,2564540376914583980,115792089237316195423570985008687907853269984665640564039457584007913112660610,,,v3_standard
0xb2cc224c1c9fee385f8ad6a55b4d94e92359dc59,47222887,0xa8e69f7de5ddbc44a5c5c5332d0ee582fbf4b5f4651ee3090a4ceacc98410ae8,1674176215149452500,1.674176,-2796980921,-2796.9809,3238403764485375560351928,2568319078250924707,115792089237316195423570985008687907853269984665640564039457584007913112660609,,,v3_standard
0xb2cc224c1c9fee385f8ad6a55b4d94e92359dc59,47222891,0x2e1a91e43d34500a5b86db15807232a2e23d8ef8d52a53f8d962b01aee7759af,2610901792892252160,2.610902,-4361535347,-4361.5353,3238195689405451330269364,1660729537954165345,115792089237316195423570985008687907853269984665640564039457584007913112660608,,,v3_standard
0xb2cc224c1c9fee385f8ad6a55b4d94e92359dc59,47222892,0xcdf6dbdd8fd5a9f085f4e7fc74592cbe8540702357121052bb3cb55b7933f15c,2801643248060581888,2.801643,-4679661353,-4679.6614,3238051330017495044222385,2568319078247866684,115792089237316195423570985008687907853269984665640564039457584007913112660607,,,v3_standard
0xb2cc224c1c9fee385f8ad6a55b4d94e92359dc59,47222894,0x2e324b4ffde59cbc5c5d7b8709e8150644b9ae4a1942c3741bd300067fb69247,3198749940767245212,3.198750,-5342449409,-5342.4494,3237886524774413775739401,2568319078245369106,115792089237316195423570985008687907853269984665640564039457584007913112660606,,,v3_standard
0xb2cc224c1c9fee385f8ad6a55b4d94e92359dc59,47222895,0x1d67a00dcc6f849086a1b9513d43c255cd208453816c0c2213b91b2db21025f0,6493176631395958784,6.493177,-10843022847,-10843.0228,3237552036437834971269856,2568319078246142357,115792089237316195423570985008687907853269984665640564039457584007913112660604,,,v3_standard
0xb2cc224c1c9fee385f8ad6a55b4d94e92359dc59,47222901,0x2c15149e6a98f9a4ffd8af6ede20cad3df3b75efbb17cfe187c96c05929db04e,-1824886128676637999,-1.824886,3047583949,3047.5839,3237697418321835046361535,1660729537954165345,115792089237316195423570985008687907853269984665640564039457584007913112660605,,,v3_standard
0xb2cc224c1c9fee385f8ad6a55b4d94e92359dc59,47222902,0xc381d0a529b0e5be1bee653584e358ca7de1c468d1b66fc502884814fdff1fbb,-2760004945150875882,-2.760005,4609764779,4609.7648,3237917322449097378398182,1660729537954165345,115792089237316195423570985008687907853269984665640564039457584007913112660606,,,v3_standard
0xb2cc224c1c9fee385f8ad6a55b4d94e92359dc59,47222905,0x5b39f1cee1ca9cc23d6092a5bc6f34c8dd97d96e472ab82ec7a1a530745852e3,-179103726038585694,-0.179104,299160507,299.1605,3237926550475054774136119,2568319078245978283,115792089237316195423570985008687907853269984665640564039457584007913112660606,,,v3_standard
0xb2cc224c1c9fee385f8ad6a55b4d94e92359dc59,47222905,0x96c98278c98e7a9be2f1f11ec0a4b5fba0903b998f3b0db6c1aae05771259d0d,-922420589472862033,-0.922421,1540764416,1540.7644,3237974077517256903964266,2568319078245978283,115792089237316195423570985008687907853269984665640564039457584007913112660607,,,v3_standard
0xb2cc224c1c9fee385f8ad6a55b4d94e92359dc59,47222906,0x5974f47073d1b88b5f497c50c656b19a9499a83326e677de8e456de6185b19e0,-1009708138375433711,-1.009708,1686616952,1686.6170,3238026103585735880743689,2568319078247732549,115792089237316195423570985008687907853269984665640564039457584007913112660607,,,v3_standard
0xb2cc224c1c9fee385f8ad6a55b4d94e92359dc59,47222908,0xc78b21176a040578a9996ada4d0b79b220dd6190e4e65314835cb122fc144aa9,259797161190618176,0.259797,-433917424,-433.9174,3238005402755516146475462,1660729537954165345,115792089237316195423570985008687907853269984665640564039457584007913112660607,,,v3_standard
0xb2cc224c1c9fee385f8ad6a55b4d94e92359dc59,47222911,0x1fbed524574a2acc5fba3605333271d450d2ac7c40500a6c334b6e92f7206041,3072652166082028544,3.072652,-5131709680,-5131.7097,3237847098465372854769611,2568319078243222509,115792089237316195423570985008687907853269984665640564039457584007913112660606,,,v3_standard
0xb2cc224c1c9fee385f8ad6a55b4d94e92359dc59,47222912,0xf42e301cfc34105b98fcb2a85f46c178122ca041d0b8059bcf4f81f797da1e5a,-977844025692030055,-0.977844,1633262187,1633.2622,3237897478731218034352819,2568319078240938089,115792089237316195423570985008687907853269984665640564039457584007913112660606,,,v3_standard
0xb2cc224c1c9fee385f8ad6a55b4d94e92359dc59,47222914,0xf972a362df9447413fdae9d6fee51d7745d1a318aea6d1cc0dee091bfbc7a582,-5292022513885730774,-5.292023,8839981053,8839.9811,3238170160361349169557515,2568319078242033155,115792089237316195423570985008687907853269984665640564039457584007913112660608,,,v3_standard
0xb2cc224c1c9fee385f8ad6a55b4d94e92359dc59,47222915,0x38d3605760d02a86a25f0d94d9991ffb3e34ff05402dce5ea0eca067581d6552,-3440182306199341356,-3.440182,5747400459,5747.4005,3238347446999921674810725,2568319078249603065,115792089237316195423570985008687907853269984665640564039457584007913112660609,,,v3_standard
0xb2cc224c1c9fee385f8ad6a55b4d94e92359dc59,47222916,0x92a3c971f24b7922ab8d3f2268eb924486baca48045b06e3de11b34371e48d71,71820000000000000,0.071820,-119913539,-119.9135,3238341726303598331691045,1660729537954165345,115792089237316195423570985008687907853269984665640564039457584007913112660609,,,v3_standard
0xb2cc224c1c9fee385f8ad6a55b4d94e92359dc59,47222920,0x654875b20a56a19a20abfd15ecfd76abc4b43061caece7452df44d2c0fe3768c,1331810634574418432,1.331811,-2224812417,-2224.8124,3238273094722240028547304,2568319078248643832,115792089237316195423570985008687907853269984665640564039457584007913112660608,,,v3_standard
0xb2cc224c1c9fee385f8ad6a55b4d94e92359dc59,47222929,0xd4b7ea30f18ce410f53253118ce54de892210edf338348be1fea9affa1edc2d5,-3078992457091468776,-3.078992,5144269824,5144.2698,3238431776949365754961174,2568319078249609446,115792089237316195423570985008687907853269984665640564039457584007913112660609,,,v3_standard
0xb2cc224c1c9fee385f8ad6a55b4d94e92359dc59,47222931,0xf4c3d75e8877c187752f399d00abf46c086ccee2e9379e76672e506698f2cb3c,-4697869513581693465,-4.697870,7850323691,7850.3237,3238806268634446016767925,1660729537954165345,115792089237316195423570985008687907853269984665640564039457584007913112660612,,,v3_standard
0xb2cc224c1c9fee385f8ad6a55b4d94e92359dc59,47222932,0xb446a28cf9304bbc2f589077f13fe2e815164595038158ce000fb418a855bc97,-3205946083655867563,-3.205946,5358154222,5358.1542,3238971548426201107676724,2568319078258191275,115792089237316195423570985008687907853269984665640564039457584007913112660613,,,v3_standard
0xb2cc224c1c9fee385f8ad6a55b4d94e92359dc59,47222941,0xcc1b14570cba1000a15f3037e5390f4789cf21abd23e11cd6bb8fcc78e3b6676,834375000000000000,0.834375,-1394390951,-1394.3910,3238928533898209941294062,2568319078260643030,115792089237316195423570985008687907853269984665640564039457584007913112660613,,,v3_standard
0xb2cc224c1c9fee385f8ad6a55b4d94e92359dc59,47222944,0xf7f0a383e3a5ac139eab8ce157d7ca999dc1030e1082f4a79b900df68771276e,-439336772914823465,-0.439337,734294398,734.2944,3238951184240122732765586,2568319078257324865,115792089237316195423570985008687907853269984665640564039457584007913112660613,,,v3_standard
0xb2cc224c1c9fee385f8ad6a55b4d94e92359dc59,47222950,0x82ffca5c8ef8486a5ba8d3e781f0b77060561088dc01d7a56ffa887ce47a1677,-6002746264645197,-0.006003,10038907,10.0389,3238951662848572387921413,1660729537954165345,115792089237316195423570985008687907853269984665640564039457584007913112660613,,,v3_standard
0xb2cc224c1c9fee385f8ad6a55b4d94e92359dc59,47222953,0x2c0169e47b58e10a4b3a64066445b0cb678742eb14bf0d7678f9fcf8d6506bc2,-2869267655351820371,-2.869268,4795862494,4795.8625,3239099597962330031008197,2568319078261075704,115792089237316195423570985008687907853269984665640564039457584007913112660614,,,v3_standard
0xb2cc224c1c9fee385f8ad6a55b4d94e92359dc59,47222954,0xdb43708dcf8339449e3e1c0ef57c88b80cd5c7d9ec97e83298678f75bdfa50f7,-34195460878349930,-0.034195,57158944,57.1589,3239101361110215395746035,2568319078261292528,115792089237316195423570985008687907853269984665640564039457584007913112660614,,,v3_standard
0xb2cc224c1c9fee385f8ad6a55b4d94e92359dc59,47222955,0x1055cf7b45e48f3561c714f8d8ccfb77b11157f68fa180563d0b87303da0a75a,108251953125000000,0.108252,-180924938,-180.9249,3239092729752646955905687,1660729537954165345,115792089237316195423570985008687907853269984665640564039457584007913112660614,,,v3_standard
0xb2cc224c1c9fee385f8ad6a55b4d94e92359dc59,47222957,0xa2035b6596f64e8df187a97af39280bf5c49c69c537a28f0f944f48f87a7e1fa,324812719963394889,0.324813,-542524212,-542.5242,3239066847635505523546056,1660729537954165345,115792089237316195423570985008687907853269984665640564039457584007913112660613,,,v3_standard
0xb2cc224c1c9fee385f8ad6a55b4d94e92359dc59,47222958,0x4169ffdaa8343b568a663ec6fe43473e1c7e019cbeed0579aeee7840b153c4ff,97179057598066330,0.097179,-162415038,-162.4150,3239059099326825399644722,1660729537954165345,115792089237316195423570985008687907853269984665640564039457584007913112660613,,,v3_standard
0xb2cc224c1c9fee385f8ad6a55b4d94e92359dc59,47222959,0x860530b77230df3c2eec89b6587c14d8c242d716e5cd5544fc3c28f4cf8bf029,-34957348755683606,-0.034957,58431024,58.4310,3239061886719224713291427,1660729537954165345,115792089237316195423570985008687907853269984665640564039457584007913112660613,,,v3_standard
0xb2cc224c1c9fee385f8ad6a55b4d94e92359dc59,47222959,0x7c16df6e3af661e81ede3903556e253fca4b132470de0e0365ae8132ac05ee77,592291649320548453,0.592292,-989879986,-989.8800,3239014662670625941457013,1660729537954165345,115792089237316195423570985008687907853269984665640564039457584007913112660613,,,v3_standard
0xb2cc224c1c9fee385f8ad6a55b4d94e92359dc59,47222959,0xfcfa6034555aff34b3dad1576a9a2f102e57ad5d9f44403b9d524b07ea89c2b2,459375000000000000,0.459375,-767720341,-767.7203,3238978037157216613731768,1660729537954165345,115792089237316195423570985008687907853269984665640564039457584007913112660613,,,v3_standard
0xb2cc224c1c9fee385f8ad6a55b4d94e92359dc59,47222959,0x3fb444bc4131b9af92ce75656d6c6e07cbe2813f95e286c4cf20f5abd2dc929f,914872643273977531,0.914873,-1528909015,-1528.9090,3238905097735584360693887,1660729537954165345,115792089237316195423570985008687907853269984665640564039457584007913112660612,,,v3_standard
0xb2cc224c1c9fee385f8ad6a55b4d94e92359dc59,47222960,0xd5f4d6f21f206f7d056af6c345d547a75bb90f0d946963af3e6eb0cfd2ae65a3,638255134495014177,0.638255,-1066592964,-1066.5930,3238854213953026994995277,1660729537954165345,115792089237316195423570985008687907853269984665640564039457584007913112660612,,,v3_standard
0xb2cc224c1c9fee385f8ad6a55b4d94e92359dc59,47222962,0xa0faab305567e8d63e0a376cad95be0b4ab84daecc84f312f0ec81a8e25bdd17,4102499877542346601,4.102500,-6855163137,-6855.1631,3238642744130730447322015,2568319078257894769,115792089237316195423570985008687907853269984665640564039457584007913112660611,,,v3_standard
0xb2cc224c1c9fee385f8ad6a55b4d94e92359dc59,47222963,0x42cb4bf32ec033d0856634a5a4080d0fdd132e1e76fc54c2edb314f3aaa67202,597187500000000000,0.597187,-997809058,-997.8091,3238611963462208640568071,2568319078256033992,115792089237316195423570985008687907853269984665640564039457584007913112660611,,,v3_standard
0xb2cc224c1c9fee385f8ad6a55b4d94e92359dc59,47222967,0x87744cf10e2d62ba2a5146a6f93ff0afe0982a50645a5a27785b4d48019c24f6,-10072834746486698416,-10.072835,16834726395,16834.7264,3239131254239939066200789,2568319078255002904,115792089237316195423570985008687907853269984665640564039457584007913112660614,,,v3_standard
0xb2cc224c1c9fee385f8ad6a55b4d94e92359dc59,47222968,0x5502135d388019c41796bae776306329b895150d3e56fde67c49e691e216f28c,-373132262896039043,-0.373132,623721588,623.7216,3239161008242125260143159,1660729537954165345,115792089237316195423570985008687907853269984665640564039457584007913112660614,,,v3_standard
0xb2cc224c1c9fee385f8ad6a55b4d94e92359dc59,47222969,0x9433d9388b7989f89f604b8c3c2507a3012d3959faf9e79e560db960c4039ac7,-264010491817604275,-0.264010,441322401,441.3224,3239182061077127484873821,1660729537954165345,115792089237316195423570985008687907853269984665640564039457584007913112660614,,,v3_standard
0xb2cc224c1c9fee385f8ad6a55b4d94e92359dc59,47222969,0x608c417b80eee4e3784ba6f07814a502a007df864462fd1dac8a20cc0cdb07e4,-280551276063021139,-0.280551,468978417,468.9784,3239204433214183746987022,1660729537954165345,115792089237316195423570985008687907853269984665640564039457584007913112660614,,,v3_standard
0xb2cc224c1c9fee385f8ad6a55b4d94e92359dc59,47222969,0xae95d7ebdbbd7ebad842bde0333da6d8b11f6b50a571afcf3f6a264a63896714,234587642507059968,0.234588,-392097536,-392.0975,3239185727478783183348333,1660729537954165345,115792089237316195423570985008687907853269984665640564039457584007913112660614,,,v3_standard
0xb2cc224c1c9fee385f8ad6a55b4d94e92359dc59,47222969,0x244675f8eeede04b548b77b6126065edf8979910981fe9ebf50f1fab83139e60,-810966092018366251,-0.810966,1355657428,1355.6574,3239250397733719950080169,1660729537954165345,115792089237316195423570985008687907853269984665640564039457584007913112660614,,,v3_standard
0xb2cc224c1c9fee385f8ad6a55b4d94e92359dc59,47222969,0x352e0a665f0479a40ec657b968d27bbf25d7d3a4cce9e9505834a45d71be45f7,-336568508559114344,-0.336569,562643116,562.6431,3239277238049707436285117,1660729537954165345,115792089237316195423570985008687907853269984665640564039457584007913112660615,,,v3_standard
0xb2cc224c1c9fee385f8ad6a55b4d94e92359dc59,47222970,0x1541666765ab8160f3acd9ad240f714bb5da41bf5fbbda809f80c400763a4b2e,-268363445454056101,-0.268363,448631081,448.6311,3239298639537859759651905,1660729537954165345,115792089237316195423570985008687907853269984665640564039457584007913112660615,,,v3_standard
0xb2cc224c1c9fee385f8ad6a55b4d94e92359dc59,47222971,0x27f071c110195ffeee6af1749a3114a6efc51a456b7055a354a0becb1122d7f9,101513671875000000,0.101514,-169683730,-169.6837,3239290544462863422291196,1660729537954165345,115792089237316195423570985008687907853269984665640564039457584007913112660615,,,v3_standard
0xb2cc224c1c9fee385f8ad6a55b4d94e92359dc59,47222971,0x3dc9684f7e1ca24f8b617d6bdf419dfac1fa021a546f1f6d430ad801de92e9b3,8000000000000000,0.008000,-13372249,-13.3722,3239289906515046320470395,1660729537954165345,115792089237316195423570985008687907853269984665640564039457584007913112660615,,,v3_standard
0xb2cc224c1c9fee385f8ad6a55b4d94e92359dc59,47222971,0x6211fc5b9e783a7c022390bd1188ccf60af0745234d1f010b14defe44acd9652,4442422703554560,0.004442,-7425646,-7.4256,3239289552260921532309687,1660729537954165345,115792089237316195423570985008687907853269984665640564039457584007913112660615,,,v3_standard
0xb2cc224c1c9fee385f8ad6a55b4d94e92359dc59,47222972,0x0f8d26c826eb3c05417f686acc2a5b39f78110179fc4afb237ba19c61e9ef932,-250456191747261763,-0.250456,418697996,418.6980,3239309525821612330891696,1660729552185814470,115792089237316195423570985008687907853269984665640564039457584007913112660615,,,v3_standard
0xb2cc224c1c9fee385f8ad6a55b4d94e92359dc59,47222973,0xcb92cbd148daaa4b85e464eb645babf696d07e492bf066f10716292f1eb60191,-226733076925138480,-0.226733,379043535,379.0435,3239327607706688282924035,1660729552185814470,115792089237316195423570985008687907853269984665640564039457584007913112660615,,,v3_standard
0xb2cc224c1c9fee385f8ad6a55b4d94e92359dc59,47222973,0x430ab62984213f115756415bcc4cbfd91799da99484d84cec9bfa3f90f16ef69,21984000000000000,0.021984,-36747770,-36.7478,3239325854586588488555563,1660729552185814470,115792089237316195423570985008687907853269984665640564039457584007913112660615,,,v3_standard
0xb2cc224c1c9fee385f8ad6a55b4d94e92359dc59,47222978,0x401ddda4d881617a57372ee1d5db6df2a8be08eb7effa35609f3999f34a4906b,-285245772816319750,-0.285246,476868278,476.8683,3239348603101192894391580,1660729552185814470,115792089237316195423570985008687907853269984665640564039457584007913112660615,,,v3_standard
0xb2cc224c1c9fee385f8ad6a55b4d94e92359dc59,47222979,0x92e7c547730622aac27edb610bcaa331e8bd2fad4da64c168fd791fe1877e9fa,5886528855212032,0.005887,-9839870,-9.8399,3239348133672066363467127,1660729552185814470,115792089237316195423570985008687907853269984665640564039457584007913112660615,,,v3_standard
0xb2cc224c1c9fee385f8ad6a55b4d94e92359dc59,47222980,0x3c9fba395f79b1e0243b4b0e283de96ec69fe18379900e6398d8be5adfec8374,-279183112592570550,-0.279183,466739192,466.7392,3239370398988970126251117,1660729552185814470,115792089237316195423570985008687907853269984665640564039457584007913112660615,,,v3_standard
0xb2cc224c1c9fee385f8ad6a55b4d94e92359dc59,47222980,0x3c1d0d20018151fdea1d5fe349c533289792fa803a3e3c6712ae24e515a74c5a,-630018192584783714,-0.630018,1053289941,1053.2899,3239420645110892232483866,1660729552185814470,115792089237316195423570985008687907853269984665640564039457584007913112660616,,,v3_standard
0xb2cc224c1c9fee385f8ad6a55b4d94e92359dc59,47222982,0xb5ee510dad5d4a7b16c85d0f68a5cd776241204cfe9560f59c93a9d8fc2ce6e5,-364483981804683943,-0.364484,609374009,609.3740,3239449714676213192837418,1660729552185814470,115792089237316195423570985008687907853269984665640564039457584007913112660616,,,v3_standard
0xb2cc224c1c9fee385f8ad6a55b4d94e92359dc59,47222982,0xa50509daecb3afee8c8a2ecd15dffc7815541064ca0750105e8076b9dcd42cc5,-20269466037809279,-0.020269,33888466,33.8885,3239451331290873894784817,1660729552185814470,115792089237316195423570985008687907853269984665640564039457584007913112660616,,,v3_standard
0xb2cc224c1c9fee385f8ad6a55b4d94e92359dc59,47222982,0x75e901f633428002223d82277fe68c8a92da0adf1521e805446787e87721e619,140343750000000000,0.140344,-234611485,-234.6115,3239440138717777668953335,1660729552185814470,115792089237316195423570985008687907853269984665640564039457584007913112660616,,,v3_standard
0xb2cc224c1c9fee385f8ad6a55b4d94e92359dc59,47222983,0xd487e0205bfb467d03f4edc319bd301f92103ae076bdf35e1d97758ce437fd99,-892967852205282674,-0.892968,1492973783,1492.9738,3239511359508769082768281,1660729552185814470,115792089237316195423570985008687907853269984665640564039457584007913112660616,,,v3_standard
0xb2cc224c1c9fee385f8ad6a55b4d94e92359dc59,47222983,0xd99c58e67cce1539200166245438823906188b474150e668999fa05899532536,-1657603579098214412,-1.657604,2771560133,2771.5601,3239643573957038716243914,1660729552185814470,115792089237316195423570985008687907853269984665640564039457584007913112660617,,,v3_standard
0xb2cc224c1c9fee385f8ad6a55b4d94e92359dc59,47222984,0xe791591e7ea7a16f3b3a8c762e83beaa10491acc97fe6f80044f7f18696e72c5,-1585813344446878184,-1.585813,2651736583,2651.7366,3239770072345093318610843,1660729552185814470,115792089237316195423570985008687907853269984665640564039457584007913112660618,,,v3_standard
0xb2cc224c1c9fee385f8ad6a55b4d94e92359dc59,47222985,0x993d706b5c69bf0413997529f04674936035b6b7d82223205b4510dbd5078234,-459016121841209186,-0.459016,767587896,767.5879,3239806689342458108990610,1660729552185814470,115792089237316195423570985008687907853269984665640564039457584007913112660618,,,v3_standard
0xb2cc224c1c9fee385f8ad6a55b4d94e92359dc59,47222986,0xba4b28e028a864486dae22621edac93a0d0b157c65ed2377b22e08a3257ac370,150341796875000000,0.150342,-251380218,-251.3802,3239794696786088407650204,1660729552185814470,115792089237316195423570985008687907853269984665640564039457584007913112660618,,,v3_standard
0xb2cc224c1c9fee385f8ad6a55b4d94e92359dc59,47222986,0x8c89b812d5effddb15412051b31487f1d1fde54d8976e7aa6ced42172bc7693e,-1370698466740329393,-1.370698,2292231394,2292.2314,3239904045345942124823005,1660729552185814470,115792089237316195423570985008687907853269984665640564039457584007913112660619,,,v3_standard
0xb2cc224c1c9fee385f8ad6a55b4d94e92359dc59,47222987,0xe7b9d074aa5d97a6d7484a92de9b727fc2566fb87cf940c96dbc12364adacec1,-885970716379479700,-0.885971,1481699142,1481.6991,3239974728291713167665589,1660729552185814470,115792089237316195423570985008687907853269984665640564039457584007913112660619,,,v3_standard
0xb2cc224c1c9fee385f8ad6a55b4d94e92359dc59,47222987,0x6cb6b7dd8bebc99bda4f20419694971fd0127efe6df313189a2b156d854142d8,-350162819379945603,-0.350163,585630803,585.6308,3240002665211636826381086,1660729552185814470,115792089237316195423570985008687907853269984665640564039457584007913112660619,,,v3_standard
0xb2cc224c1c9fee385f8ad6a55b4d94e92359dc59,47222987,0x9a7dba33bd8630bb6fac46acb82dcd989876d60ae9ed9fc7d8c8d9a085ae031c,99465122562567804,0.099465,-166331792,-166.3318,3239994730047082290392008,1660729552185814470,115792089237316195423570985008687907853269984665640564039457584007913112660619,,,v3_standard
0xb2cc224c1c9fee385f8ad6a55b4d94e92359dc59,47222988,0x7bf9be8ac7a170c6f3a0b6b4d3fe25cdb14205cfd42309874c7275b73d4b877b,842958938388890880,0.842959,-1409615892,-1409.6159,3239927481724258739648284,1660729552185814470,115792089237316195423570985008687907853269984665640564039457584007913112660619,,,v3_standard
0xb2cc224c1c9fee385f8ad6a55b4d94e92359dc59,47222988,0x272bfd784bf575b627bbe5f58e63a4f3d3c8dd6c43315a4497fb810f4cd20e6f,1638750000000000000,1.638750,-2740189101,-2740.1891,3239796755955493944874721,1660729552185814470,115792089237316195423570985008687907853269984665640564039457584007913112660618,,,v3_standard
0xb2cc224c1c9fee385f8ad6a55b4d94e92359dc59,47222989,0x65661e981da1dfa908d30c564b2378abe9e416de58bfee97c6c19742eee9c109,3935669668747503104,3.935670,-6580240014,-6580.2400,3239593767032993615276755,2568319092503678434,115792089237316195423570985008687907853269984665640564039457584007913112660617,,,v3_standard
0xb2cc224c1c9fee385f8ad6a55b4d94e92359dc59,47222991,0xa919e6f09b0d738ff6e2cc43ae3f39a7f6773b5823895e9700ea73c187a130fd,3014189466476318720,3.014189,-5039014315,-5039.0143,3239438322234006886201189,2568319092502273204,115792089237316195423570985008687907853269984665640564039457584007913112660616,,,v3_standard
0xb2cc224c1c9fee385f8ad6a55b4d94e92359dc59,47222993,0xc96acd431c0e548357b82bb5c5fc0b20d77d9bb030e4d64c2a556d39935250d2,4646505996293895168,4.646506,-7766915576,-7766.9156,3239198726441051379359131,2568319092501348603,115792089237316195423570985008687907853269984665640564039457584007913112660614,,,v3_standard
0xb2cc224c1c9fee385f8ad6a55b4d94e92359dc59,47222994,0xea8abd3da3e3fce824e51dde7df5acc5b73d30c85b6e9ce16f7164b8fa819981,1665000000000000000,1.665000,-2782868519,-2782.8685,3239112879803095327833458,2568319092495220286,115792089237316195423570985008687907853269984665640564039457584007913112660614,,,v3_standard
0xb2cc224c1c9fee385f8ad6a55b4d94e92359dc59,47222995,0x8b5978eb9dbf88d612227f16ed73717656383bbe976380933c5ff8a3d197ba86,724415801725073920,0.724416,-1210729461,-1210.7295,3239055119723833682176727,1660729552185814470,115792089237316195423570985008687907853269984665640564039457584007913112660613,,,v3_standard
0xb2cc224c1c9fee385f8ad6a55b4d94e92359dc59,47222996,0x818a4058295097830a5c9fe3b8a916497deb1040045a6c5de2adf0069d3ae685,2296060826334765312,2.296061,-3837240048,-3837.2400,3238936747563966832465930,2568319092491837726,115792089237316195423570985008687907853269984665640564039457584007913112660613,,,v3_standard
0xb2cc224c1c9fee385f8ad6a55b4d94e92359dc59,47222998,0xf0ffd0a37f761206549c2156ae0d19b04e2d62286d4b1b8435da5eabcf6ace2e,-35223543977072071,-0.035224,58871521,58.8715,3238939555969774998587139,1660729552185814470,115792089237316195423570985008687907853269984665640564039457584007913112660613,,,v3_standard
0xb2cc224c1c9fee385f8ad6a55b4d94e92359dc59,47223001,0xb152c2ee494a47172accccdf7233e7c5ef030bf65f9ecb7363716ef4b8c5a9d3,1433180877596435456,1.433181,-2395033316,-2395.0333,3238865673371080262901743,2568319092489441563,115792089237316195423570985008687907853269984665640564039457584007913112660612,,,v3_standard
0xb2cc224c1c9fee385f8ad6a55b4d94e92359dc59,47223001,0x92e633ba80db08006ba4bcfc146ac4123c6e1849e137b1f9ae440e875d7b3d52,-24806950675059188,-0.024807,41480301,41.4803,3238867651164939657576864,1660729552185814470,115792089237316195423570985008687907853269984665640564039457584007913112660612,,,v3_standard
0xb2cc224c1c9fee385f8ad6a55b4d94e92359dc59,47223002,0xb87da9e042ef53c2cef425afd3e4c8b5fcb1c4a3aa8af59bc46befcf3a587a34,1234167161117856768,1.234167,-2062370241,-2062.3702,3238804030641636535870940,2568319092491086229,115792089237316195423570985008687907853269984665640564039457584007913112660612,,,v3_standard
0xb2cc224c1c9fee385f8ad6a55b4d94e92359dc59,47223002,0x0832d971c7ac82c9cad852641cbe4565330a03c6497b0ff646b22e23982b4923,1673814926960128500,1.673815,-2796919605,-2796.9196,3238717750552180921290186,2568319092491086229,115792089237316195423570985008687907853269984665640564039457584007913112660611,,,v3_standard
0xb2cc224c1c9fee385f8ad6a55b4d94e92359dc59,47223002,0xb556b5c38cba09816033a62a5cc3dd42d2fd05ee0134dd8ff94cc53a84a63c57,-15216059298732481,-0.015216,25440145,25.4401,3238718534920305502406134,2568319092491086229,115792089237316195423570985008687907853269984665640564039457584007913112660611,,,v3_standard
0xb2cc224c1c9fee385f8ad6a55b4d94e92359dc59,47223004,0x05966650e7edb350c21baa540ef3583c0df86e70e7ec9765de0576b094e5beb4,-87772184376341224,-0.087772,146749061,146.7491,3238725532144043952187616,1660729552185814470,115792089237316195423570985008687907853269984665640564039457584007913112660611,,,v3_standard
0xb2cc224c1c9fee385f8ad6a55b4d94e92359dc59,47223005,0xf582309b388f5fb7cd327a7a219d43ab9fc5ed4f30e3adfb25d87d80d83ed165,-34066433380463978,-0.034066,56956907,56.9569,3238728247938038464802645,1660729552185814470,115792089237316195423570985008687907853269984665640564039457584007913112660611,,,v3_standard
0xb2cc224c1c9fee385f8ad6a55b4d94e92359dc59,47223006,0xce38e28fcd53531cbca0931503b389660c9fe4060374b8af0f669665abf6dab2,-505292602615573,-0.000505,844421,0.8444,3238728273985379614060095,2568319092487352852,115792089237316195423570985008687907853269984665640564039457584007913112660611,,,v3_standard
0xb2cc224c1c9fee385f8ad6a55b4d94e92359dc59,47223007,0x368ed29d9eac2c2c89fc49634fdb553b527c3fa8ae10a4af515106db1965979a,-83955124669629854,-0.083955,140301951,140.3020,3238732601796042041899101,2568319092490215140,115792089237316195423570985008687907853269984665640564039457584007913112660611,,,v3_standard
0xb2cc224c1c9fee385f8ad6a55b4d94e92359dc59,47223009,0x76c983171807a0238ddbe9c521cd270e1c9070ced44b3d919b86e5a602b1b0f8,2148569418769639680,2.148569,-3590041751,-3590.0418,3238621855272310162512500,2568319092489392591,115792089237316195423570985008687907853269984665640564039457584007913112660611,,,v3_standard
0xb2cc224c1c9fee385f8ad6a55b4d94e92359dc59,47223010,0xd19ab3b764150583ed615400d9a73075f86b88b15c92cb0623bf2dbac2f01be4,2079619641384476672,2.079620,-3474599842,-3474.5998,3238514669930041515068193,2568319092489464027,115792089237316195423570985008687907853269984665640564039457584007913112660610,,,v3_standard
0xb2cc224c1c9fee385f8ad6a55b4d94e92359dc59,47223010,0x040ffc34eb9e8e1468d83f208f050557539e639958e168ddca53c040e700a2a8,-34839310277781261,-0.034839,58238476,58.2385,3238516465626651414381396,2568319092489464027,115792089237316195423570985008687907853269984665640564039457584007913112660610,,,v3_standard
0xb2cc224c1c9fee385f8ad6a55b4d94e92359dc59,47223012,0x4a2a5192c2250ab5129b8fbaffb44e6bd5fc903f5c5d2cf44bc19c00402c5b0a,-87276844735784267,-0.087277,145834099,145.8341,3238523422493502393658404,1660729552185814470,115792089237316195423570985008687907853269984665640564039457584007913112660610,,,v3_standard
0xb2cc224c1c9fee385f8ad6a55b4d94e92359dc59,47223016,0xd9d30fded9eaca06c035d1e24a0b06c0aa9ef6b61b2fc684dab4cf53223be22d,1100657777402666880,1.100658,-1838863113,-1838.8631,3238435696141319960566419,1660729552185814470,115792089237316195423570985008687907853269984665640564039457584007913112660609,,,v3_standard
0xb2cc224c1c9fee385f8ad6a55b4d94e92359dc59,47223017,0x5e6fcbad69b795fa1f647a4b69e6a6b166d7524c90ec0dcb762b9268f920b50e,939728415152389376,0.939728,-1569933274,-1569.9333,3238387266439210886367171,2568319092483362747,115792089237316195423570985008687907853269984665640564039457584007913112660609,,,v3_standard
0xb2cc224c1c9fee385f8ad6a55b4d94e92359dc59,47223018,0xa3a42104b844c98c18d805f4a1c751112d766c0c14e559dbfad75c40d22e1d42,-90078808234680388,-0.090079,150504004,150.5040,3238394446079124399354754,1660729552185814470,115792089237316195423570985008687907853269984665640564039457584007913112660609,,,v3_standard
0xb2cc224c1c9fee385f8ad6a55b4d94e92359dc59,47223019,0xebbd9284df316042d3efe86f22748d4ceb7b91abb26fc7b808899f29481bd748,1284417781335471872,1.284418,-2145689358,-2145.6894,3238292082015721213174586,1660729552185814470,115792089237316195423570985008687907853269984665640564039457584007913112660609,,,v3_standard
0xb2cc224c1c9fee385f8ad6a55b4d94e92359dc59,47223020,0x90419904822f195a0d20970b183ff163b06e4f079d46dfa11af1c3cc40dbdec1,-32003694906241666,-0.032004,53468672,53.4687,3238294632684122271672650,1660729552185814470,115792089237316195423570985008687907853269984665640564039457584007913112660609,,,v3_standard
0xb2cc224c1c9fee385f8ad6a55b4d94e92359dc59,47223021,0x2e80abb617f437adc6c969b3f14a9e7b8692899ff11874ae11052233375b8faf,350023470884202560,0.350023,-584710536,-584.7105,3238266737990872080427287,1660729552185814470,115792089237316195423570985008687907853269984665640564039457584007913112660608,,,v3_standard
0xb2cc224c1c9fee385f8ad6a55b4d94e92359dc59,47223022,0x769472b6fce587d83eee24e4f36424d7cc0ad9e5d1682b5b604eb57ff5a7bedc,-93404592455146712,-0.093405,156049132,156.0491,3238274182155492833218551,1660729552185814470,115792089237316195423570985008687907853269984665640564039457584007913112660608,,,v3_standard
0xb2cc224c1c9fee385f8ad6a55b4d94e92359dc59,47223026,0x81875c6b295fce483ab87d703caf6bbf0d38747386db4da1c1597c51ee231ba8,789272921619290170,0.789273,-1318450281,-1318.4503,3238233510264877189431395,2568319092483712335,115792089237316195423570985008687907853269984665640564039457584007913112660608,,,v3_standard
0xb2cc224c1c9fee385f8ad6a55b4d94e92359dc59,47223027,0xee002c03089d9afa7ffafe39425c7bd1d6a0e190600534de64c29f9c6515f35a,616007264548073798,0.616007,-1028988093,-1028.9881,3238184420492378250412109,1660729552185814470,115792089237316195423570985008687907853269984665640564039457584007913112660608,,,v3_standard
0xb2cc224c1c9fee385f8ad6a55b4d94e92359dc59,47223028,0xa71b5578d579e6092ceeefa3c0366a5bc7dd591de8cd722e073bb887c8536344,-29929519774868317,-0.029930,50000000,50.0000,3238185962812587926298280,2568319092478274548,115792089237316195423570985008687907853269984665640564039457584007913112660608,,,v3_standard
0xb2cc224c1c9fee385f8ad6a55b4d94e92359dc59,47223035,0x967eb87e99dce76320fd850ed81be1c068126c75c4186442df32987e9592495c,395004367711979264,0.395004,-659808018,-659.8080,3238166171956778948251932,2641390419779929363,115792089237316195423570985008687907853269984665640564039457584007913112660608,,,v3_standard
0xb2cc224c1c9fee385f8ad6a55b4d94e92359dc59,47223041,0x0a3f4de3189a1e5ee5dc450727fc748ec108e51782be6f908f70cfd0af0389b1,-290863349749829904,-0.290863,485910306,485.9103,3238180745899298890022239,2641390326699299869,115792089237316195423570985008687907853269984665640564039457584007913112660608,,,v3_standard
0xb2cc224c1c9fee385f8ad6a55b4d94e92359dc59,47223042,0x1943ef184f422c0c9bc063eb7c6b3949eeadc2670934f04d04162e826e825112,-304926081745030059,-0.304926,509407912,509.4079,3238196024606785712584334,2641390396668538610,115792089237316195423570985008687907853269984665640564039457584007913112660608,,,v3_standard
0xb2cc224c1c9fee385f8ad6a55b4d94e92359dc59,47223043,0x776eab694fb7b51978bfe50733a4940fa6229b11e29eecba42f5123bbdd26edf,-1348179621975410558,-1.348180,2252319413,2252.3194,3238263578580420255038337,2641390461479443909,115792089237316195423570985008687907853269984665640564039457584007913112660608,,,v3_standard
0xb2cc224c1c9fee385f8ad6a55b4d94e92359dc59,47223044,0x6144a415aa3e87ab7740a84100b9f42163e2c202049146440d207a8eaca7e7db,-2724565502989039792,-2.724566,4552048128,4552.0481,3238400108468856684235064,2641390643136881290,115792089237316195423570985008687907853269984665640564039457584007913112660609,,,v3_standard
0xb2cc224c1c9fee385f8ad6a55b4d94e92359dc59,47223045,0xd95b51641b8ecfeabd6a995ed0a365eb2bdcc02393bc47f42552888ac86f181f,-2831454703969824039,-2.831455,4731039232,4731.0392,3238542006857938144452839,2641390488056860954,115792089237316195423570985008687907853269984665640564039457584007913112660610,,,v3_standard
0xb2cc224c1c9fee385f8ad6a55b4d94e92359dc59,47223046,0x3bb5d4402d72071c52341b13cfde3036952a258034b84901c5d7182cb05a5c8b,-2547678879368597226,-2.547679,4257236430,4257.2364,3238669694490166854169713,2641389586486209072,115792089237316195423570985008687907853269984665640564039457584007913112660611,,,v3_standard
0xb2cc224c1c9fee385f8ad6a55b4d94e92359dc59,47223047,0x0c345f9da24a584580945add919e783dd506ed8ae158a1d958149710a168e293,-1235685945837341414,-1.235686,2065006974,2065.0070,3238768203540882110632311,1660729552185814470,115792089237316195423570985008687907853269984665640564039457584007913112660612,,,v3_standard
0xb2cc224c1c9fee385f8ad6a55b4d94e92359dc59,47223048,0x396c5ca42b761acc58afb7513659843cf60965fef62551e44b7b4b4c83086bf1,1078833168807837696,1.078833,-1802674296,-1802.6743,3238682203642880074080618,1660729552185814470,115792089237316195423570985008687907853269984665640564039457584007913112660611,,,v3_standard
0xb2cc224c1c9fee385f8ad6a55b4d94e92359dc59,47223049,0xbbd0763a3dff67bed1fbed07003c71761261cf4edb28c9032b82c1c4b7ee4835,469687500000000000,0.469687,-784796919,-784.7969,3238658663615676308186181,2641374086156286292,115792089237316195423570985008687907853269984665640564039457584007913112660611,,,v3_standard
0xb2cc224c1c9fee385f8ad6a55b4d94e92359dc59,47223050,0xd4280f784878563c6022fb85a8d0c56d98bd9a78ba6deb07099754d8af50c7d9,2987338947636795392,2.987339,-4991252664,-4991.2527,3238508950719623277937909,2641374174808064003,115792089237316195423570985008687907853269984665640564039457584007913112660610,,,v3_standard
0xb2cc224c1c9fee385f8ad6a55b4d94e92359dc59,47223053,0x571c13af96f0f931b0b1ed8531d9669aca5e382cbb4dee1018ca72d7194b7060,-2265137238204579237,-2.265137,3785008316,3785.0083,3238622475435363048538660,2641374252548828833,115792089237316195423570985008687907853269984665640564039457584007913112660611,,,v3_standard
0xb2cc224c1c9fee385f8ad6a55b4d94e92359dc59,47223054,0x385b178f3ff98a9e74bdf5c7d083440a38b4a9746209ea534c090fd3cba96447,-1330365813767036282,-1.330366,2223143824,2223.1438,3238689154752253754215075,2641374270581875832,115792089237316195423570985008687907853269984665640564039457584007913112660611,,,v3_standard
0xb2cc224c1c9fee385f8ad6a55b4d94e92359dc59,47223055,0xa4ca678ba4979c8125b5ac3a962943041928c031c302867c36f0c6821b9ff15e,-848461857940242464,-0.848462,1417892977,1417.8930,3238731681979587335095252,2641374056008411872,115792089237316195423570985008687907853269984665640564039457584007913112660611,,,v3_standard
0xb2cc224c1c9fee385f8ad6a55b4d94e92359dc59,47223055,0xc6b9cd8caee6457b272b53eab373df5f7dbb9e04ee6050aebe4bd01cdaa21c0e,-316176400563658916,-0.316176,528382477,528.3825,3238747529890598571300946,2641374056008411872,115792089237316195423570985008687907853269984665640564039457584007913112660611,,,v3_standard
0xb2cc224c1c9fee385f8ad6a55b4d94e92359dc59,47223058,0x1c2fc5375a979543e6ae1dbe1a5af8909180123793944747f842c2bc6836a152,548549571983638080,0.548550,-916605332,-916.6053,3238729151533006606536031,3951438855018910281,115792089237316195423570985008687907853269984665640564039457584007913112660611,,,v3_standard
0xb2cc224c1c9fee385f8ad6a55b4d94e92359dc59,47223059,0x72d928fb47e21e38cf9d67fcc7bfc485ff8779b0fc5541b08a7f79aab83011ff,2141812434517427968,2.141812,-3578747649,-3578.7476,3238621806788654952118183,2641373847356891424,115792089237316195423570985008687907853269984665640564039457584007913112660611,,,v3_standard
0xb2cc224c1c9fee385f8ad6a55b4d94e92359dc59,47223060,0x434d5c562a53db880356ab6a98c48b0efc2b418816da3d82d709293ae20b9153,6091626174491772,0.006092,-10173885,-10.1739,3238621321424711352619746,1660729552185814470,115792089237316195423570985008687907853269984665640564039457584007913112660611,,,v3_standard
0xb2cc224c1c9fee385f8ad6a55b4d94e92359dc59,47223065,0xac281d3a7d4a9956a5ac478266cdfdb28526949ea38463acf7c5eafd04d22d89,-212054303812939043,-0.212054,354352703,354.3527,3238631949615225747520644,2641374272830275756,115792089237316195423570985008687907853269984665640564039457584007913112660611,,,v3_standard
0xb2cc224c1c9fee385f8ad6a55b4d94e92359dc59,47223071,0xf9215e41c7e934ca86f6c9d78a3e0f7a0bb89b9125e5fc0ace4e09468da1df9d,631695704614818944,0.631696,-1055453580,-1055.4536,3238581597257915532848970,1660729552185814470,115792089237316195423570985008687907853269984665640564039457584007913112660610,,,v3_standard
0xb2cc224c1c9fee385f8ad6a55b4d94e92359dc59,47223071,0xa98ebab5b1d39ca64b46a6918ee9180e20746a980e6bd22da38c4d63631abff9,4193900502363887,0.004194,-7004603,-7.0046,3238581263090408247139458,1660729552185814470,115792089237316195423570985008687907853269984665640564039457584007913112660610,,,v3_standard
0xb2cc224c1c9fee385f8ad6a55b4d94e92359dc59,47223071,0xa98ebab5b1d39ca64b46a6918ee9180e20746a980e6bd22da38c4d63631abff9,110379702861642,0.000110,-184354,-0.1844,3238581254295419850704034,1660729552185814470,115792089237316195423570985008687907853269984665640564039457584007913112660610,,,v3_standard
0xb2cc224c1c9fee385f8ad6a55b4d94e92359dc59,47223073,0xded1dd03bc0f48a6f10af766a671bd79c647f861d79377d4170f6bbd804b5d34,565952583092942144,0.565953,-945585083,-945.5851,3238552891420805303051303,2641374319889211846,115792089237316195423570985008687907853269984665640564039457584007913112660610,,,v3_standard
0xb2cc224c1c9fee385f8ad6a55b4d94e92359dc59,47223074,0x35e5653d7b6f0dd566aea554d2882702594eaf131049f107ba1689f1bb043935,383225384754690621,0.383225,-640041222,-640.0412,3238522357075245015954524,1660729552185814470,115792089237316195423570985008687907853269984665640564039457584007913112660610,,,v3_standard
0xb2cc224c1c9fee385f8ad6a55b4d94e92359dc59,47223075,0x0e776513b6c4f2fae25bf0c373ea4fb4ece38c11968de54228bf136c808aa855,4599595540022629888,4.599596,-7684176067,-7684.1761,3238291870043389776340995,2641377024120231431,115792089237316195423570985008687907853269984665640564039457584007913112660609,,,v3_standard
0xb2cc224c1c9fee385f8ad6a55b4d94e92359dc59,47223076,0x3e0c265fe6ea79c64550368938e6c8cf6d1a082f3ad4a01dbe730cf8a912dedb,1639706074781617920,1.639706,-2739061226,-2739.0612,3238209712272343613392390,2641390890416671015,115792089237316195423570985008687907853269984665640564039457584007913112660608,,,v3_standard
0xb2cc224c1c9fee385f8ad6a55b4d94e92359dc59,47223081,0xd3a1d0061a94dc9a363cf325e9318ba69d09b3d7d5a874cc539f3b1f73af5cbb,637636474134438783,0.637636,-1065107843,-1065.1078,3238177764504853670789161,2641390744447715443,115792089237316195423570985008687907853269984665640564039457584007913112660608,,,v3_standard
0xb2cc224c1c9fee385f8ad6a55b4d94e92359dc59,47223084,0x3727a5936c1b5a6597390896b69438111fea6e10c2f904c8aa8b32b7c4e6685a,950734029476304000,0.950734,-1588066911,-1588.0669,3238130130647746235851406,2641390619359878431,115792089237316195423570985008687907853269984665640564039457584007913112660608,,,v3_standard
0xb2cc224c1c9fee385f8ad6a55b4d94e92359dc59,47223086,0x8903fa3f0fa5d28c8034cad3ea5a7a32931771bd859e28870ca98f9ea5eaea94,-93053160379394784,-0.093053,155448752,155.4488,3238134793033209261318416,2641390361798263572,115792089237316195423570985008687907853269984665640564039457584007913112660608,,,v3_standard
0xb2cc224c1c9fee385f8ad6a55b4d94e92359dc59,47223088,0x76446080aac8a033d748789b1e78edc14033c34ccca5c3f1afbc7a8abd14de51,-365630854216827973,-0.365631,610804224,610.8042,3238153112927481541412949,2641390390760181641,115792089237316195423570985008687907853269984665640564039457584007913112660608,,,v3_standard
0xb2cc224c1c9fee385f8ad6a55b4d94e92359dc59,47223089,0x367b2be5823dac970eb4bdd706e2e8a6cc9be9a2b514c1baa4e7a63ede0636ba,-255940669174385543,-0.255941,427565517,427.5655,3238165936929759751132372,2641390496681909553,115792089237316195423570985008687907853269984665640564039457584007913112660608,,,v3_standard
0xb2cc224c1c9fee385f8ad6a55b4d94e92359dc59,47223100,0xc1c40093c49cdc8ab5c7446352d9cc837305dd38487e34a9471205fca65d5107,419817608559307968,0.419818,-701246656,-701.2467,3238144903128540083872893,2641390563348331170,115792089237316195423570985008687907853269984665640564039457584007913112660608,,,v3_standard
0xb2cc224c1c9fee385f8ad6a55b4d94e92359dc59,47223101,0xfad2639c1f9a6e4a9ff3dc3bed8ae78df93997cbe1a4182810c778063b07bad4,1720023024598798592,1.720023,-2872963012,-2872.9630,3238058727760186860307895,2641353147529575721,115792089237316195423570985008687907853269984665640564039457584007913112660607,,,v3_standard
0xb2cc224c1c9fee385f8ad6a55b4d94e92359dc59,47223103,0xacea3b414116ea7dd39d2087d54d6270ddd9a121dec57ec9df7935ed8f09f29f,2380427640097443328,2.380428,-3975787883,-3975.7879,3237939472807673871979463,2641352513152710475,115792089237316195423570985008687907853269984665640564039457584007913112660606,,,v3_standard
0xb2cc224c1c9fee385f8ad6a55b4d94e92359dc59,47223110,0x94c815037906e4fc8b200bd3b7313c551847bebbb18f3534a2ee17c75dab947b,1210954493841140224,1.210954,-2022400240,-2022.4002,3237842988311505165003049,1660692248944975063,115792089237316195423570985008687907853269984665640564039457584007913112660606,,,v3_standard
0xb2cc224c1c9fee385f8ad6a55b4d94e92359dc59,47223112,0x80b28fbe282aa38ac779fe9c9bf6e25e14e3e16f1789bdbca2d9f0616c78860e,392803259917277248,0.392803,-655990015,-655.9900,3237811692396443532609434,1660692248944975063,115792089237316195423570985008687907853269984665640564039457584007913112660606,,,v3_standard
0xb2cc224c1c9fee385f8ad6a55b4d94e92359dc59,47223112,0x44286fa4313fb2d1e487d8464edf862f1da674a28f368cc701667f8dcb0839ee,561631353785001946,0.561631,-937914588,-937.9146,3237766946448176081535068,1660692248944975063,115792089237316195423570985008687907853269984665640564039457584007913112660605,,,v3_standard
0xb2cc224c1c9fee385f8ad6a55b4d94e92359dc59,47223113,0xe64a1f3f5e9eb1918a74abfc19bf6e714c30384244864381efa9234083cbc4f6,596250000000000000,0.596250,-995704180,-995.7042,3237737080424373195351692,2641389865449083910,115792089237316195423570985008687907853269984665640564039457584007913112660605,,,v3_standard
0xb2cc224c1c9fee385f8ad6a55b4d94e92359dc59,47223119,0xdd7e113a2fe5e99c78768e4c9bfda7b6c1cdf7bf7d72a2fb4aa81cf6079e22ca,571922176729560576,0.571922,-955055824,-955.0558,3237691516703512993143204,1660692248944975063,115792089237316195423570985008687907853269984665640564039457584007913112660605,,,v3_standard
0xb2cc224c1c9fee385f8ad6a55b4d94e92359dc59,47223128,0xae05eeb53b1d6989bc903b9b23f4f095cc91ce63fb7e2226b535b58221daf049,1381780134992426893,1.381780,-2307360055,-2307.3601,3237622307717524549009469,2641389623759702414,115792089237316195423570985008687907853269984665640564039457584007913112660604,,,v3_standard
0xb2cc224c1c9fee385f8ad6a55b4d94e92359dc59,47223129,0xb30ac0f58d0432da6a124c5aea3f4e5cb7d9b798334961badafea74b50ac0308,4141344778342221824,4.141345,-6914817259,-6914.8173,3237414900520187465820894,2641413955670816569,115792089237316195423570985008687907853269984665640564039457584007913112660603,,,v3_standard
0xb2cc224c1c9fee385f8ad6a55b4d94e92359dc59,47223130,0x6f23c3d5704403c3c1d1ad426708bcf78c82f8e0d280ed9815cb0e5934399488,797770515775078016,0.797771,-1331938335,-1331.9383,3237374949555847348386042,2641413758353490075,115792089237316195423570985008687907853269984665640564039457584007913112660603,,,v3_standard
0xb2cc224c1c9fee385f8ad6a55b4d94e92359dc59,47223131,0x724b4a97215cdc44dfed5a953a2144d2d162bec1a385a3f3f6fffc473a9964cf,-457039702046348197,-0.457040,763149973,763.1500,3237397838566410358639516,2641413535060021023,115792089237316195423570985008687907853269984665640564039457584007913112660603,,,v3_standard
0xb2cc224c1c9fee385f8ad6a55b4d94e92359dc59,47223133,0x337a46d489ee4dd81c220cbf261593822845109790bf3bedcb2e6f75c1b26965,-1440061546913836344,-1.440062,2404638326,2404.6383,3237469960418152589033271,2641413670314141601,115792089237316195423570985008687907853269984665640564039457584007913112660603,,,v3_standard
0xb2cc224c1c9fee385f8ad6a55b4d94e92359dc59,47223134,0xe1b781869d0fa5de837f7a49073f359be854d8994c2584c3d78a46382538af0b,-457508408853936548,-0.457508,763977451,763.9775,3237492874243338029272876,2641413968008199822,115792089237316195423570985008687907853269984665640564039457584007913112660604,,,v3_standard
0xb2cc224c1c9fee385f8ad6a55b4d94e92359dc59,47223136,0x11ceeebed0b31516482c8740582950ae425f136022aa1a2b9b22904312fd4c21,-289926571069624481,-0.289927,484145223,484.1452,3237515970415993632928304,1660692248944975063,115792089237316195423570985008687907853269984665640564039457584007913112660604,,,v3_standard
0xb2cc224c1c9fee385f8ad6a55b4d94e92359dc59,47223136,0x1b1724c253a5335c06104b79a48fd337a7b35f619a0a96afec3a1324f08fc1de,-223793288706083171,-0.223793,373714699,373.7147,3237533798494851749108803,1660692248944975063,115792089237316195423570985008687907853269984665640564039457584007913112660604,,,v3_standard
0xb2cc224c1c9fee385f8ad6a55b4d94e92359dc59,47223138,0x1724dbde19e5be73d81fd59f8fcb2a6748e7f4b4408a4863c81cb9780cf5db62,476682149941592128,0.476682,-795915920,-795.9159,3237495827006803106283620,1660692248944975063,115792089237316195423570985008687907853269984665640564039457584007913112660604,,,v3_standard
0xb2cc224c1c9fee385f8ad6a55b4d94e92359dc59,47223138,0x129941b3da5002b62ef7ba50ad0f6dd0e61f59f6c1f083d24b2e97fb9c8018ad,1581853349861039003,1.581853,-2641085886,-2641.0859,3237369826309204682473548,1660692248944975063,115792089237316195423570985008687907853269984665640564039457584007913112660603,,,v3_standard
0xb2cc224c1c9fee385f8ad6a55b4d94e92359dc59,47223142,0x18711b262b299300c0631e962e0b8b5e2ec4f6e2b1ecd046c27ef8bb50ddcf7a,-1578844895476842054,-1.578845,2636379094,2636.3791,3237495594908951504313398,1660692248944975063,115792089237316195423570985008687907853269984665640564039457584007913112660604,,,v3_standard
0xb2cc224c1c9fee385f8ad6a55b4d94e92359dc59,47223143,0xe9e58e1723586f35db6a23d9f14a358fc7472f11e0f1b18e816130f53d80f829,-1175668155276776146,-1.175668,1963260447,1963.2604,3237554478591483743497072,2641414026830857344,115792089237316195423570985008687907853269984665640564039457584007913112660604,,,v3_standard
0xb2cc224c1c9fee385f8ad6a55b4d94e92359dc59,47223145,0x82a355e29ac00e40da78d733e925a8c2dd7e415bf9ad6843ab59b5e2deff5b12,473074328261213440,0.473074,-789905517,-789.9055,3237530785934729236897846,2641441327282008449,115792089237316195423570985008687907853269984665640564039457584007913112660604,,,v3_standard
0xb2cc224c1c9fee385f8ad6a55b4d94e92359dc59,47223145,0x5ed14cad0c60410986593d528066bd44e20462e4d2566ffb6f6e08ac5eab0a64,1796762760046742813,1.796763,-3000000000,-3000.0000,3237440803058680513260431,2641441327282008449,115792089237316195423570985008687907853269984665640564039457584007913112660603,,,v3_standard
0xb2cc224c1c9fee385f8ad6a55b4d94e92359dc59,47223147,0x7f25eefc74b96fbec149b64a3028395e0820952a3ee505b3c47459a47b7d8d5e,878978774985738368,0.878979,-1467531534,-1467.5315,3237370790190872865712888,1660692248944975063,115792089237316195423570985008687907853269984665640564039457584007913112660603,,,v3_standard
0xb2cc224c1c9fee385f8ad6a55b4d94e92359dc59,47223148,0x37587d074a52d7c8867002cfb861b96da9388a8decb3a3c18b887c147fdd1c6f,1822564930931195904,1.822565,-3042779122,-3042.7791,3237279524235027095896374,2641442765905134193,115792089237316195423570985008687907853269984665640564039457584007913112660602,,,v3_standard
0xb2cc224c1c9fee385f8ad6a55b4d94e92359dc59,47223155,0xdf80cea7176bc02e103057cf59701caff9598651cfd6815e40f303199837fc8a,-648296559641774712,-0.648297,1082443817,1082.4438,3237311989402241669244250,2641443010214071059,115792089237316195423570985008687907853269984665640564039457584007913112660603,,,v3_standard
0xb2cc224c1c9fee385f8ad6a55b4d94e92359dc59,47223159,0xb5464b196b4525512913308e1385f353e100659e18da7d46b377c25f0057bf44,284809106365117184,0.284809,-475482692,-475.4827,3237289305114973011076443,1660692248944975063,115792089237316195423570985008687907853269984665640564039457584007913112660602,,,v3_standard
0xb2cc224c1c9fee385f8ad6a55b4d94e92359dc59,47223160,0x1e1cdf7841c94255ba74dee069674ff199aedc9aced7d8870da03a5955be0e4c,3227592003124092928,3.227592,-5388088847,-5388.0888,3237127693306950874475421,2641442998976677565,115792089237316195423570985008687907853269984665640564039457584007913112660601,,,v3_standard
0xb2cc224c1c9fee385f8ad6a55b4d94e92359dc59,47223168,0x697366d7b94d12f2e1a48e24b67f945c43f6e2e41d21d69ca2d32af6d74219be,48926256204442018,0.048926,-81672545,-81.6725,3237125243598059716324598,2641442724547368569,115792089237316195423570985008687907853269984665640564039457584007913112660601,,,v3_standard
0xb2cc224c1c9fee385f8ad6a55b4d94e92359dc59,47223171,0x950f6478d18b10d8a7d5726b2313752402d7ba4e05d7521d5ded8200e95b4374,-2555621187194352102,-2.555621,4266872676,4266.8727,3237328794977658786519211,1660692248944975063,115792089237316195423570985008687907853269984665640564039457584007913112660603,,,v3_standard
0xb2cc224c1c9fee385f8ad6a55b4d94e92359dc59,47223173,0xdc63d064d14c5e505ad3b176431a27674935fca70635b6d8e2084d34f0f6c1aa,-1062233750794864157,-1.062234,1773666480,1773.6665,3237413407827963686223837,1660692248944975063,115792089237316195423570985008687907853269984665640564039457584007913112660603,,,v3_standard
0xb2cc224c1c9fee385f8ad6a55b4d94e92359dc59,47223174,0x072991cda0af191724ce15a81d43bf13f8a27186149b9f4d2369990e3bb803c1,-1796577562721558629,-1.796578,3000000000,3000.0000,3237503385292736547630005,2641441688466259813,115792089237316195423570985008687907853269984665640564039457584007913112660604,,,v3_standard
0xb2cc224c1c9fee385f8ad6a55b4d94e92359dc59,47223175,0xac8f57ecf3ba55f37f75b781ac3b4b7e246d96874051f9f6b9d8c6a1e364688e,-4095399631996978274,-4.095400,6839292160,6839.2922,3237708512733874936925481,2641441027186381080,115792089237316195423570985008687907853269984665640564039457584007913112660605,,,v3_standard
0xb2cc224c1c9fee385f8ad6a55b4d94e92359dc59,47223176,0x5504c927b24f6ed6cbf2a343ad974e3579bb55e3cfe5f58b35a468d314ce9991,-1942604342785139735,-1.942604,3244440345,3244.4403,3237805823152671930641514,2641398803852691727,115792089237316195423570985008687907853269984665640564039457584007913112660606,,,v3_standard
0xb2cc224c1c9fee385f8ad6a55b4d94e92359dc59,47223177,0x49f2f54f8fb46d1b8276177d670bd7feba7ec626ba9b3fb7095fedf6a3a9a0b0,-582203268291267195,-0.582203,972409856,972.4099,3237852212014656106152602,1660692248944975063,115792089237316195423570985008687907853269984665640564039457584007913112660606,,,v3_standard
0xb2cc224c1c9fee385f8ad6a55b4d94e92359dc59,47223177,0x1a0d8e1c4f37ab0364adab67c66f4812e4c85c2957a6e04c3a8303d0a65ad2b3,-1281960407553708471,-1.281960,2141259233,2141.2592,3237954360896056411020414,1660692248944975063,115792089237316195423570985008687907853269984665640564039457584007913112660606,,,v3_standard
0xb2cc224c1c9fee385f8ad6a55b4d94e92359dc59,47223182,0x9e7afe57b5ee3ae461e4e9d7bebe26754fc0265172ae3ada4b465daefa4026fc,-1150353803230448414,-1.150354,1921531462,1921.5315,3238011993365686171737362,2641397697378657268,115792089237316195423570985008687907853269984665640564039457584007913112660607,,,v3_standard
0xb2cc224c1c9fee385f8ad6a55b4d94e92359dc59,47223182,0xeec0783a9582c91b69cadd354722da84ac2a92768b270309cfa5406c7d63165b,309788715892101939,0.309789,-517206147,-517.2061,3237987318539442792241160,1660692248944975063,115792089237316195423570985008687907853269984665640564039457584007913112660607,,,v3_standard
0xb2cc224c1c9fee385f8ad6a55b4d94e92359dc59,47223185,0x0b373777e89eb6df757a72d9a5dab2451fc84bda4ae02af054c57ce92344cb40,-625795715469398975,-0.625796,1045331334,1045.3313,3238018671418595057721589,2641375014360295392,115792089237316195423570985008687907853269984665640564039457584007913112660607,,,v3_standard
0xb2cc224c1c9fee385f8ad6a55b4d94e92359dc59,47223187,0x018136e62dad9906fcecc11566dfeb85e8ded1279791718981e15c202322f9de,4309388747976476672,4.309389,-7196860612,-7196.8606,3237675324213485827200668,1660692248944975063,115792089237316195423570985008687907853269984665640564039457584007913112660605,,,v3_standard
0xb2cc224c1c9fee385f8ad6a55b4d94e92359dc59,47223187,0xcbdaebe24ca2d5697d811839acb7d8b499549ba983f7b86200c63f543c236caf,-5871717288421113,-0.005872,9810510,9.8105,3237675792177167506775021,1660122201312468773,115792089237316195423570985008687907853269984665640564039457584007913112660605,,,v3_standard
0xb2cc224c1c9fee385f8ad6a55b4d94e92359dc59,47223192,0x2f6d9a70fbe4826d58c3ca1329a28f919472e62faabadb8f84214fcae9275e12,2329635768438815744,2.329636,-3890038184,-3890.0382,3237559111651345036445829,2641405455796290202,115792089237316195423570985008687907853269984665640564039457584007913112660604,,,v3_standard
0xb2cc224c1c9fee385f8ad6a55b4d94e92359dc59,47223194,0x069690bf8cdb8969b403547bd24f900f0b33617fad96411e1d5336c8fa6e528c,1063183387017674752,1.063183,-1775216093,-1775.2161,3237505865076878546289700,2641430186468064517,115792089237316195423570985008687907853269984665640564039457584007913112660604,,,v3_standard
0xb2cc224c1c9fee385f8ad6a55b4d94e92359dc59,47223195,0x57515e21d001ee5803aefa89ad5f9649438a449ffe0aae0f38dd0110c1351d57,1207303515446926080,1.207304,-2015785218,-2015.7852,3237445402767755725320486,2641430027944196472,115792089237316195423570985008687907853269984665640564039457584007913112660603,,,v3_standard
0xb2cc224c1c9fee385f8ad6a55b4d94e92359dc59,47223196,0xfcac0c0e1cbf4f0001281670790e8ad33563bb26e4f7c15a0de6006bf31fc344,308155861515829696,0.308156,-514501707,-514.5017,3237420857297058628949771,1660714736554436032,115792089237316195423570985008687907853269984665640564039457584007913112660603,,,v3_standard
0xb2cc224c1c9fee385f8ad6a55b4d94e92359dc59,47223196,0x5ceb964a58c5d6feca5a0d5a4b6b2b3e9b260ba7de430c37ec9b3a4efb44779d,973145931226549319,0.973146,-1624728010,-1624.7280,3237343345962917369766493,1660714736554436032,115792089237316195423570985008687907853269984665640564039457584007913112660603,,,v3_standard
0xb2cc224c1c9fee385f8ad6a55b4d94e92359dc59,47223196,0x9c920f74b30177077beebe655c48059d5f8a311b0a91252396a7d64997d653cd,610547058704625109,0.610547,-1019306792,-1019.3068,3237294717620898290991225,1660714736554436032,115792089237316195423570985008687907853269984665640564039457584007913112660602,,,v3_standard
0xb2cc224c1c9fee385f8ad6a55b4d94e92359dc59,47223197,0x11c72805f3f7d69c7255f018cd0127ea0ecd7e379c6fa139a75be3c060958d9b,3178899941070771200,3.178900,-5306823150,-5306.8232,3237134497879889031472193,2624207506008927569,115792089237316195423570985008687907853269984665640564039457584007913112660601,,,v3_standard
0xb2cc224c1c9fee385f8ad6a55b4d94e92359dc59,47223199,0x89b9ceddfa990f192a71183cd6315571fb71846e948b4cbfdda2ef193ae7ad00,9394653011268651008,9.394653,-15678938009,-15678.9380,3236386498586978379380600,1660714736554436032,115792089237316195423570985008687907853269984665640564039457584007913112660597,,,v3_standard
0xb2cc224c1c9fee385f8ad6a55b4d94e92359dc59,47223203,0xb20615c63e72fea1e4ec8424015c64f3f5a4d557be9880c209db906b26cd2c60,-1017220850003352357,-1.017221,1697499822,1697.4998,3236437408708051369933511,2641551808218848678,115792089237316195423570985008687907853269984665640564039457584007913112660597,,,v3_standard
0xb2cc224c1c9fee385f8ad6a55b4d94e92359dc59,47223206,0xa534a3196b1d913a699bd2d4b2caa1b4e0e0b3b276e85e68f58fa5c57cb541e5,-2492037489737682223,-2.492037,4158843943,4158.8439,3236562137576133799819227,2641552023763293620,115792089237316195423570985008687907853269984665640564039457584007913112660598,,,v3_standard
0xb2cc224c1c9fee385f8ad6a55b4d94e92359dc59,47223207,0xf8054463bafe76279ccb571fa7cd3d9445a1597ed242874a4bd25aa78a81fade,-971280666116322571,-0.971281,1621011355,1621.0114,3236610753707261323512879,2641552140877542371,115792089237316195423570985008687907853269984665640564039457584007913112660598,,,v3_standard
0xb2cc224c1c9fee385f8ad6a55b4d94e92359dc59,47223208,0x15b612ebf16ed526d40301fbbd6398616132530bb93534145754d52cc8cfea86,-376882449625157078,-0.376882,629010329,629.0103,3236640760270894564319659,1660714736554436032,115792089237316195423570985008687907853269984665640564039457584007913112660598,,,v3_standard
0xb2cc224c1c9fee385f8ad6a55b4d94e92359dc59,47223210,0xee41c0a921df10b901fcc387dcb79af61c425d2cbefd69b6d3ad9cd925c15c18,-1791150303484491812,-1.791150,2989509587,2989.5096,3236730419360627499083130,2641551914786505220,115792089237316195423570985008687907853269984665640564039457584007913112660599,,,v3_standard
0xb2cc224c1c9fee385f8ad6a55b4d94e92359dc59,47223211,0xc23c58c90f11cc1013d6002c5e49ac0837d0797487a56e8dfd3d043794de7b35,-2382900467746249524,-2.382900,3977423705,3977.4237,3236849707240965581252175,2641551373959320760,115792089237316195423570985008687907853269984665640564039457584007913112660600,,,v3_standard
0xb2cc224c1c9fee385f8ad6a55b4d94e92359dc59,47223212,0xacc284190ff876e3128c7d5290ba300279b66d78693873f823c24f88897f21ba,-411569578144622462,-0.411570,687001984,687.0020,3236870311293555894564531,2641550186950837977,115792089237316195423570985008687907853269984665640564039457584007913112660600,,,v3_standard
0xb2cc224c1c9fee385f8ad6a55b4d94e92359dc59,47223213,0x0b2840db264fead3023cbfaaac5b715039d74f6b1da7dd8a2258a15410a0e79f,-353442981379877161,-0.353443,589982630,589.9826,3236888005615589829393071,2641549927873342651,115792089237316195423570985008687907853269984665640564039457584007913112660600,,,v3_standard
0xb2cc224c1c9fee385f8ad6a55b4d94e92359dc59,47223214,0xc5525704fed50194a90cbe088e31494db4b87a04b7aed3b835a5aca35c6dc21f,-1394553840982706739,-1.394554,2327913781,2327.9138,3236957823956282855492725,2641501693337807300,115792089237316195423570985008687907853269984665640564039457584007913112660600,,,v3_standard
0xb2cc224c1c9fee385f8ad6a55b4d94e92359dc59,47223215,0x1cb489cc9253faabbc857db75bf42a05ce352a25558297f8c138c840418c8796,-2476198283828399657,-2.476198,4133738735,4133.7387,3237081802249675835219099,2641501707762868324,115792089237316195423570985008687907853269984665640564039457584007913112660601,,,v3_standard
0xb2cc224c1c9fee385f8ad6a55b4d94e92359dc59,47223216,0x3db00cbe8970a5202bf259f6d80d186e14e09900a4ea377f975401a54cebbcbb,-965041086034227408,-0.965041,1611129147,1611.1291,3237158660207428886268999,1660714736554436032,115792089237316195423570985008687907853269984665640564039457584007913112660602,,,v3_standard
0xb2cc224c1c9fee385f8ad6a55b4d94e92359dc59,47223222,0x83b4a4130cd92a199e46b90b8604f9353b422f9910a188d6e2f6eeaf8ccf368b,31618316422678080,0.031618,-52781444,-52.7814,3237157077079397458705070,2641464749301914110,115792089237316195423570985008687907853269984665640564039457584007913112660602,,,v3_standard
0xb2cc224c1c9fee385f8ad6a55b4d94e92359dc59,47223226,0xc332892a8d07a73437bfee73fd76234485645d4ea87c4dea7d29674ba6a5d9a0,31394089957931793,0.031394,-52381075,-52.3811,3237154578121428765474163,1660714736554436032,115792089237316195423570985008687907853269984665640564039457584007913112660602,,,v3_standard
0xb2cc224c1c9fee385f8ad6a55b4d94e92359dc59,47223229,0x5290bf0d5bb537df8a1a4e0eb9f1f8c6b842f73ab7de176a1b49b5cabe0ed50b,23760000000000000,0.023760,-39643533,-39.6435,3237152686836766880874610,1660714736554436032,115792089237316195423570985008687907853269984665640564039457584007913112660602,,,v3_standard
0xb2cc224c1c9fee385f8ad6a55b4d94e92359dc59,47223230,0x4aa701c37b8b04b8928d2cc80d5d45f538895655b358b760f092e65ecaf66548,-2458794539616728336,-2.458795,4105178232,4105.1782,3237275810272841131329791,2641464726105023084,115792089237316195423570985008687907853269984665640564039457584007913112660602,,,v3_standard
0xb2cc224c1c9fee385f8ad6a55b4d94e92359dc59,47223230,0xccd4f4ad17e92092236dac1db667882c06c196db994cb9419a40ff72aa00b0cc,31829848672629969,0.031830,-53138407,-53.1384,3237274216438035530300716,2641464726105023084,115792089237316195423570985008687907853269984665640564039457584007913112660602,,,v3_standard
0xb2cc224c1c9fee385f8ad6a55b4d94e92359dc59,47223234,0xa5863a997935f1b357dd70b2829e92b600784a974e0b20d97e2fbdc2ef675c7a,1150701149485547648,1.150701,-1921005320,-1921.0053,3237216597930521262979912,2641472823606477814,115792089237316195423570985008687907853269984665640564039457584007913112660602,,,v3_standard
0xb2cc224c1c9fee385f8ad6a55b4d94e92359dc59,47223234,0x56073ca294222702eab8325241a68f466e0fe512871e7fc369130b11e0bc9ec1,31433511599588619,0.031434,-52448778,-52.4488,3237214095742595158596798,1660714736554436032,115792089237316195423570985008687907853269984665640564039457584007913112660602,,,v3_standard
0xb2cc224c1c9fee385f8ad6a55b4d94e92359dc59,47223237,0xfbd2090cafb376ca6e60770455582ce551f6ca5ae13812301c9cb34e49b2eeb3,-23178320782228775,-0.023178,38698306,38.6983,3237215941822262857673259,1660714736554436032,115792089237316195423570985008687907853269984665640564039457584007913112660602,,,v3_standard
0xb2cc224c1c9fee385f8ad6a55b4d94e92359dc59,47223238,0x5a88d01e1d7c70c794d5d9532ea57588b6f899d713303bbf722d066fd1ffca77,31340098004826419,0.031340,-52292891,-52.2929,3237213447071303361032441,1660714736554436032,115792089237316195423570985008687907853269984665640564039457584007913112660602,,,v3_standard
0xb2cc224c1c9fee385f8ad6a55b4d94e92359dc59,47223250,0x1dbb2a0d86af536bfef2fd647a5d5ef9cd9bb2a7f9753ab1c177aa9d7d1cf14e,9900000000000000,0.009900,-16519175,-16.5192,3237212658986596203893309,1660714736554436032,115792089237316195423570985008687907853269984665640564039457584007913112660602,,,v3_standard
0xb2cc224c1c9fee385f8ad6a55b4d94e92359dc59,47223251,0xc6580c4f4eb822bda4c4a094a7a028bb6611e6b5f4c41ce8df60d5e45dc0159b,-1163954969619088991,-1.163955,1943381066,1943.3811,3237305366824549270657704,1660714736554436032,115792089237316195423570985008687907853269984665640564039457584007913112660602,,,v3_standard
0xb2cc224c1c9fee385f8ad6a55b4d94e92359dc59,47223259,0x5378f55ad0a8d941212413d832e7ede5da02667caea3087f51bb1a761cd4e17a,-736103753957460425,-0.736104,1229074486,1229.0745,3237342229496678838560753,2641465330995272672,115792089237316195423570985008687907853269984665640564039457584007913112660603,,,v3_standard
0xb2cc224c1c9fee385f8ad6a55b4d94e92359dc59,47223260,0xd0f44fbadde7ceb0250373c0b708b13faa6e672425a89c08c1ff40010568f03d,-3926641276548696472,-3.926641,6556796787,6556.7968,3237538882394227945937867,2641465235928031059,115792089237316195423570985008687907853269984665640564039457584007913112660604,,,v3_standard
0xb2cc224c1c9fee385f8ad6a55b4d94e92359dc59,47223264,0x8f06a3b6c577fa449b9356d815b09824bc67e8268daa3c1f3d39169b8f734111,75151265013018339,0.075151,-125429204,-125.4292,3237532898509579751736353,1660714736554436032,115792089237316195423570985008687907853269984665640564039457584007913112660604,,,v3_standard
0xb2cc224c1c9fee385f8ad6a55b4d94e92359dc59,47223266,0x1b67b8a4be94880c8726cecb68d26feaa0011dd441fd4a868f6fc279284269ef,-6430698223951150299,-6.430698,10739810256,10739.8103,3237855012500522990501356,2641438753053877131,115792089237316195423570985008687907853269984665640564039457584007913112660606,,,v3_standard
0xb2cc224c1c9fee385f8ad6a55b4d94e92359dc59,47223267,0x0625a2aaa51159d2b80c6cef37b386fead0a93407fe2f919df8bb323bea66ff8,74565030750930571,0.074565,-124527213,-124.5272,3237851277388324289913808,2641436661623970943,115792089237316195423570985008687907853269984665640564039457584007913112660606,,,v3_standard
0xb2cc224c1c9fee385f8ad6a55b4d94e92359dc59,47223268,0xc5ccb9ec36ca4f381e6829d06ddc8fc2c0a6538dff3ff2a0200dad9fd90db91b,303750000000000000,0.303750,-507272837,-507.2728,3237827076787280919398107,1660714736554436032,115792089237316195423570985008687907853269984665640564039457584007913112660606,,,v3_standard
0xb2cc224c1c9fee385f8ad6a55b4d94e92359dc59,47223270,0xf40a273cac6664d30ad5987dc1c4914de1380aa671f32e4153758a7b5ed6cbb5,2108449918594706432,2.108450,-3521041947,-3521.0419,3237721465453771666750561,2641436997046476036,115792089237316195423570985008687907853269984665640564039457584007913112660605,,,v3_standard
0xb2cc224c1c9fee385f8ad6a55b4d94e92359dc59,47223276,0xc841915b86a61fdbd6a624384bbdeb128ed2591c93cc3e87f2e49d8d35a91bab,38790913189739317,0.038791,-64751978,-64.7520,3237718376313781094614932,1660714736554436032,115792089237316195423570985008687907853269984665640564039457584007913112660605,,,v3_standard
0xb2cc224c1c9fee385f8ad6a55b4d94e92359dc59,47223281,0xde59222addfe4a73566e6fc81ac455f9a205c6c8f0b87df4b9775754cf2ca71a,79278010304265124,0.079278,-132338381,-132.3384,3237712062811186434323649,1660714736554436032,115792089237316195423570985008687907853269984665640564039457584007913112660605,,,v3_standard
0xb2cc224c1c9fee385f8ad6a55b4d94e92359dc59,47223288,0x658b8dac24634205cf3487c04cb98eee06b234ac5baf7ee6272f35c5c035bb67,-1097971133167423559,-1.097971,1833774773,1833.7748,3237799541946100465491447,1660714736554436032,115792089237316195423570985008687907853269984665640564039457584007913112660606,,,v3_standard
0xb2cc224c1c9fee385f8ad6a55b4d94e92359dc59,47223292,0xa0dbedf23725405cbddebb0057b3de384d6e52e450ade5f6794a5ab7a6a09785,-1034856954262440064,-1.034857,1728439098,1728.4391,3237851382700209858605584,2641412911323593266,115792089237316195423570985008687907853269984665640564039457584007913112660606,,,v3_standard
0xb2cc224c1c9fee385f8ad6a55b4d94e92359dc59,47223293,0xaabe79ef51582d4e53472f89a3225918c858af5e1b9313671d5d4bcb0762aeac,80073325954826879,0.080073,-133680454,-133.6805,3237845005170972564772379,1660714736554436032,115792089237316195423570985008687907853269984665640564039457584007913112660606,,,v3_standard
0xb2cc224c1c9fee385f8ad6a55b4d94e92359dc59,47223295,0xd95c5686b5d69efac92e125a69ef1897f28ff565c48e34b54ca16e6e33571e59,2735926234401682903,2.735926,-4568912980,-4568.9130,3237707962295420844672519,2641411154391499866,115792089237316195423570985008687907853269984665640564039457584007913112660605,,,v3_standard
0xb2cc224c1c9fee385f8ad6a55b4d94e92359dc59,47223297,0x8ace674ce70888976e7db86a398982050e18061a61e274139c06ca92ff577101,4503080839768511488,4.503081,-7519164925,-7519.1649,3237482427791651666760970,2641412337067103203,115792089237316195423570985008687907853269984665640564039457584007913112660604,,,v3_standard
0xb2cc224c1c9fee385f8ad6a55b4d94e92359dc59,47223298,0x8d01895dd7c98873982b6e0e1ed1c16c24fe55cf11a9d9df2fbad52b9ed28b92,63723770844940121,0.063724,-106355539,-106.3555,3237477353859476196638231,1660714736554436032,115792089237316195423570985008687907853269984665640564039457584007913112660604,,,v3_standard
0xb2cc224c1c9fee385f8ad6a55b4d94e92359dc59,47223300,0x8efe5d6da69e06d4ea6399cd458458a593d28e476ce960dff666a99e0f822ec6,351328181282539968,0.351328,-586595706,-586.5957,3237459759130775373828092,2641410432345227745,115792089237316195423570985008687907853269984665640564039457584007913112660603,,,v3_standard
0xb2cc224c1c9fee385f8ad6a55b4d94e92359dc59,47223302,0xd9d8dceb360a7946096fbd4074213b96e26f59c079a1def5c3d4644767e59e68,2961181329384282112,2.961181,-4943888205,-4943.8882,3237311471193209671143850,2641450036979241779,115792089237316195423570985008687907853269984665640564039457584007913112660603,,,v3_standard
0xb2cc224c1c9fee385f8ad6a55b4d94e92359dc59,47223303,0x0b7f2aa078d762020dbaf5ac92c5681febd54e78e6772b81fdbeb25726d12da5,4595119275225556480,4.595119,-7670959108,-7670.9591,3237081386955263151302082,2641449932820362516,115792089237316195423570985008687907853269984665640564039457584007913112660601,,,v3_standard
0xb2cc224c1c9fee385f8ad6a55b4d94e92359dc59,47223305,0x9409ada0e570ccc10e1a5181ac8e73936d005b3f082cc3e498eed9f16ad57330,-424968715444962470,-0.424969,709469849,709.4698,3237102665352557667940920,2641487469847023677,115792089237316195423570985008687907853269984665640564039457584007913112660601,,,v3_standard
0xb2cc224c1c9fee385f8ad6a55b4d94e92359dc59,47223305,0xb31dbde4869307e070a3da928b6f1d36d24d7e13afefe097b249913a16dda2c4,-851274405961465908,-0.851274,1421199783,1421.1998,3237145289931592830975789,2641487469847023677,115792089237316195423570985008687907853269984665640564039457584007913112660601,,,v3_standard
0xb2cc224c1c9fee385f8ad6a55b4d94e92359dc59,47223306,0x8175f8fe787d2f732336e0bee0598fcfd8fa5c2018d5b5d9405ea30cd47b6e9a,-440371827530424976,-0.440372,735213987,735.2140,3237167340447505563855446,2641487323170951119,115792089237316195423570985008687907853269984665640564039457584007913112660602,,,v3_standard
0xb2cc224c1c9fee385f8ad6a55b4d94e92359dc59,47223307,0xf4f5d54de2e51a0ea882a2a0fed303d20f1e364b2870939ae6914c175465b8d9,-329067425418622677,-0.329067,549394485,549.3945,3237183817871002026468548,2641487237019513581,115792089237316195423570985008687907853269984665640564039457584007913112660602,,,v3_standard
0xb2cc224c1c9fee385f8ad6a55b4d94e92359dc59,47223310,0xcb9eb3c9a8e5bbfca16ce2317e6ef3e27f0a7ee751c59b18e9c26dd988d724f4,-340317580542461898,-0.340318,568183063,568.1831,3237200858834463533836988,2641482049275313220,115792089237316195423570985008687907853269984665640564039457584007913112660602,,,v3_standard
0xb2cc224c1c9fee385f8ad6a55b4d94e92359dc59,47223320,0xe8e52328bb9195481fb798e5da5fafb29111c7b1f6c21bc6b2fcbd2b2e5d2882,14793763340353,0.000015,-24686,-0.0247,3237200857656760767884040,1660714736554436032,115792089237316195423570985008687907853269984665640564039457584007913112660602,,,v3_standard
0xb2cc224c1c9fee385f8ad6a55b4d94e92359dc59,47223323,0xb388043bff03b9a94d81f860cd58bd76af0539947c3542fbf70015d740d6121e,-614076487774481267,-0.614076,1025257085,1025.2571,3237231607262753104119662,2641476484930550056,115792089237316195423570985008687907853269984665640564039457584007913112660602,,,v3_standard
0xb2cc224c1c9fee385f8ad6a55b4d94e92359dc59,47223327,0x66dd418f0a13b06b187ed7f52ba48ff2eaa4c74e5b3f493b82c1aa524bb75c34,-2395277669855653540,-2.395278,3999409701,3999.4097,3237422396723936132398278,1660714736554436032,115792089237316195423570985008687907853269984665640564039457584007913112660603,,,v3_standard
0xb2cc224c1c9fee385f8ad6a55b4d94e92359dc59,47223328,0x7d6d390ec7c3364b696b1f022dbadd2737453ddd341ce275532900cddc3b5a16,-2958971599108808438,-2.958972,4941130240,4941.1302,3237570593454297103967689,2641442763888892359,115792089237316195423570985008687907853269984665640564039457584007913112660604,,,v3_standard
0xb2cc224c1c9fee385f8ad6a55b4d94e92359dc59,47223329,0x6b6983e8f41089fea6d75a75601f7e9ceb1fd9afa31d322608511c548e72bd59,-750024816564622029,-0.750025,1252532585,1252.5326,3237630344776339202143089,1660714736554436032,115792089237316195423570985008687907853269984665640564039457584007913112660604,,,v3_standard
0xb2cc224c1c9fee385f8ad6a55b4d94e92359dc59,47223329,0xb0957799d345176e2ac8ee654641b58b6aebeb4e1a4747b586f7a3d065ac6a9c,-314771045765901238,-0.314771,525677702,525.6777,3237655421918458812675421,1660714736554436032,115792089237316195423570985008687907853269984665640564039457584007913112660605,,,v3_standard
0xb2cc224c1c9fee385f8ad6a55b4d94e92359dc59,47223330,0x22c3d65909e1ff342943e9f83b533d451fbc5f27b41ea68fb45ac41417fb5611,-729770166393933009,-0.729770,1218762690,1218.7627,3237691975636552511814276,2641442235329634227,115792089237316195423570985008687907853269984665640564039457584007913112660605,,,v3_standard
0xb2cc224c1c9fee385f8ad6a55b4d94e92359dc59,47223331,0x941b293cbfb4fbb40f25f17bb367631ce1979e125102292c0a3456467fa4a7d3,-701866677431367908,-0.701867,1172195564,1172.1956,3237747894933925293503304,1660702704271948035,115792089237316195423570985008687907853269984665640564039457584007913112660605,,,v3_standard
0xb2cc224c1c9fee385f8ad6a55b4d94e92359dc59,47223332,0x99335899df12cef03defb5778831b40680e669c1fec175e42950dc06862e8d7b,-2221257565478125975,-2.221258,3709939227,3709.9392,3237859165759037812515131,2641429429019673362,115792089237316195423570985008687907853269984665640564039457584007913112660606,,,v3_standard
0xb2cc224c1c9fee385f8ad6a55b4d94e92359dc59,47223334,0x714f7dd79b64260942a7497b3fe63a22a774e9bc1711384be1bd5295328f9cd2,-3081231490513917972,-3.081231,5146687893,5146.6879,3238013528720871395892512,2641424821981175601,115792089237316195423570985008687907853269984665640564039457584007913112660607,,,v3_standard
0xb2cc224c1c9fee385f8ad6a55b4d94e92359dc59,47223337,0x8c16f07e81a64e7ee162e2918066c1fc47a9b5131362953b4a19374bb1e12ed2,80402754287494609,0.080403,-134236887,-134.2369,3238007124599367349443261,1660702704271948035,115792089237316195423570985008687907853269984665640564039457584007913112660607,,,v3_standard
0xb2cc224c1c9fee385f8ad6a55b4d94e92359dc59,47223339,0xaedad77b5850247ec38a9426e2a0c00a237e4ff3c4e943a211b2c5815091a730,-1188105226634809964,-1.188105,1984656639,1984.6566,3238066650529032129158417,2641391157190846868,115792089237316195423570985008687907853269984665640564039457584007913112660607,,,v3_standard
0xb2cc224c1c9fee385f8ad6a55b4d94e92359dc59,47223340,0x8283b782bdb5b330c6d5ca13b4bb4e9a7245716958d5623f90fd4867f07c2b31,-1502473193587112739,-1.502473,2509893462,2509.8935,3238141929505858755726417,2641405664597028662,115792089237316195423570985008687907853269984665640564039457584007913112660608,,,v3_standard
0xb2cc224c1c9fee385f8ad6a55b4d94e92359dc59,47223342,0xb3a9fc7bd179c98aed1d7c48b367a2ebc9e4282bea1168b31095a5ea39b78ea7,-3213082952936451446,-3.213083,5367872377,5367.8724,3238302928481297082032522,2641390397864396674,115792089237316195423570985008687907853269984665640564039457584007913112660609,,,v3_standard
0xb2cc224c1c9fee385f8ad6a55b4d94e92359dc59,47223347,0x9a68212c2d115ed5be986c03f920a1fcc01cb0b66286181f3b560b815539f4d7,5283205774692225024,5.283206,-8824513691,-8824.5137,3237881931974160114107881,1660702625825758809,115792089237316195423570985008687907853269984665640564039457584007913112660606,,,v3_standard
0xb2cc224c1c9fee385f8ad6a55b4d94e92359dc59,47223355,0xca2cc79de8a69adca08467ee678fd06fe6194461fe9d52f7d9ac7588f473146e,579595298410071040,0.579595,-967960756,-967.9608,3237852897994767824129990,2641379298601934170,115792089237316195423570985008687907853269984665640564039457584007913112660606,,,v3_standard
0xb2cc224c1c9fee385f8ad6a55b4d94e92359dc59,47223356,0x0480b85079d8315a98ef9b3f8a1df7a18f661f5e34b8b1b538bfea29409b55d1,-368912113473626649,-0.368912,616178462,616.1785,3237871378840550747638081,2641424464773977024,115792089237316195423570985008687907853269984665640564039457584007913112660606,,,v3_standard
0xb2cc224c1c9fee385f8ad6a55b4d94e92359dc59,47223357,0xebc346876166913917adebe8d004f444c45a420a0effe2ee94de31781aea93e0,-6850769240565330666,-6.850769,11443831406,11443.8314,3238214611572274947060094,2641412808833413241,115792089237316195423570985008687907853269984665640564039457584007913112660608,,,v3_standard
0xb2cc224c1c9fee385f8ad6a55b4d94e92359dc59,47223362,0x1bc44468a12207126813fd40d1bb054e3dc56e4288fe83e2ac19bac4b624a95d,-1442714533017287834,-1.442715,2410265406,2410.2654,3238261688430535376935752,4056121174713741907,115792089237316195423570985008687907853269984665640564039457584007913112660608,,,v3_standard
0xb2cc224c1c9fee385f8ad6a55b4d94e92359dc59,47223362,0x7e26c76b4a66fc6367d47b9029874a353978c1f173ba91cbde8882a7c843e76a,-72742117850645188,-0.072742,121579143,121.5791,3238267485909027648932993,1660702625825758809,115792089237316195423570985008687907853269984665640564039457584007913112660608,,,v3_standard
0xb2cc224c1c9fee385f8ad6a55b4d94e92359dc59,47223364,0x7a825435f509282ab8f7a8ee08b060eee04ae5a6b25c0f8aede0263b6f65b114,-3150174694383356782,-3.150175,5263089528,5263.0895,3238370308107541177718669,4055154425161583578,115792089237316195423570985008687907853269984665640564039457584007913112660609,,,v3_standard
0xb2cc224c1c9fee385f8ad6a55b4d94e92359dc59,47223368,0x06e52fdf5b3bac917d1a06ec3d4d600480b803284628437304761f87cc945fe6,2336386360665314304,2.336386,-3903033037,-3903.0330,3238294052038514292100075,4055154425136223872,115792089237316195423570985008687907853269984665640564039457584007913112660609,,,v3_standard
0xb2cc224c1c9fee385f8ad6a55b4d94e92359dc59,47223371,0xa1f7aedfd15ca379deb3dfca251929a04561452b72fc4f09c0fd4fc2c351c41b,4444583181432566272,4.444583,-7424358301,-7424.3583,3238148997570931181420541,4055154425122477441,115792089237316195423570985008687907853269984665640564039457584007913112660608,,,v3_standard
0xb2cc224c1c9fee385f8ad6a55b4d94e92359dc59,47223372,0x7f8d28dc2e0d08c5313c215e8e5247e4d84ba115bd9ce468216040896075de19,676709479812032896,0.676709,-1130336436,-1130.3364,3238126901541335204717039,4052967004246466162,115792089237316195423570985008687907853269984665640564039457584007913112660608,,,v3_standard
0xb2cc224c1c9fee385f8ad6a55b4d94e92359dc59,47223381,0x0b0cb8eae92e50dada77288248d4aee473d5e7bbc1fb1398619e48af94323e02,-4111740602348072169,-4.111741,6869076518,6869.0765,3238261302953173038520579,4049002534709924777,115792089237316195423570985008687907853269984665640564039457584007913112660608,,,v3_standard
0xb2cc224c1c9fee385f8ad6a55b4d94e92359dc59,47223382,0xfe90518e7d0b682797fe10a3ecc3be6c639a5a730b14ff70502c7fafd8ec4784,-4122541970240649032,-4.122542,6887696302,6887.6963,3238397255681901858815052,4013650811402816162,115792089237316195423570985008687907853269984665640564039457584007913112660609,,,v3_standard
0xb2cc224c1c9fee385f8ad6a55b4d94e92359dc59,47223383,0x2131374ff830d7e219d19be892ad285b6ce83cfd7592539bf8c705bd2c311fbb,-2252887193584622532,-2.252887,3764233428,3764.2334,3238471555968028132863571,4013650811407990407,115792089237316195423570985008687907853269984665640564039457584007913112660610,,,v3_standard
0xb2cc224c1c9fee385f8ad6a55b4d94e92359dc59,47223385,0x287d8c015b22302145aad6190fb4cf3743c42aae4e6d200d7f7ac0da558391bf,-4730670877504335038,-4.730671,7904796876,7904.7969,3238627523475358092194187,4015227051377905564,115792089237316195423570985008687907853269984665640564039457584007913112660611,,,v3_standard
0xb2cc224c1c9fee385f8ad6a55b4d94e92359dc59,47223387,0xe9287481d2db157927e61fadbb1369fce30d68addb445908f8a2158bc101e425,-2386883429319178905,-2.386883,3988743854,3988.7439,3238747160018423338537604,2641349180744490100,115792089237316195423570985008687907853269984665640564039457584007913112660611,,,v3_standard
0xb2cc224c1c9fee385f8ad6a55b4d94e92359dc59,47223388,0xf40044505422ba263c04a310896177f5e85275a8d269d508f4154e721f75f525,-2210262637148842787,-2.210263,3693853949,3693.8539,3238857951798247234266827,2641348500262090584,115792089237316195423570985008687907853269984665640564039457584007913112660612,,,v3_standard
0xb2cc224c1c9fee385f8ad6a55b4d94e92359dc59,47223390,0xa13bd160d26f2891f575950591b1a075d9a68aa57e7d28471e3e5d93c4e3291d,-1118476916093461730,-1.118477,1869326820,1869.3268,3238914019562494651886282,2641347391756330342,115792089237316195423570985008687907853269984665640564039457584007913112660612,,,v3_standard
0xb2cc224c1c9fee385f8ad6a55b4d94e92359dc59,47223391,0x3cd73af1a7a081ff92afd69cd1b6be765de03f169738a6cc2295c0bd47d70470,2372758972428,0.000002,-3963,-0.0040,3238914019373422235793142,1660702625825758809,115792089237316195423570985008687907853269984665640564039457584007913112660612,,,v3_standard
0xb2cc224c1c9fee385f8ad6a55b4d94e92359dc59,47223392,0x58006eb475a0e5c98e36e3b1546648288940bed4d625511a15dfc34d7c95b881,1910652039912572416,1.910652,-3192878358,-3192.8784,3238818247815025515730852,2641346655518489901,115792089237316195423570985008687907853269984665640564039457584007913112660612,,,v3_standard
0xb2cc224c1c9fee385f8ad6a55b4d94e92359dc59,47223392,0xb9dd82baa16aed35bd0d140943d9ea60c8c0d8a3a36ae8e171759b1402899c91,148978670372015,0.000149,-248949,-0.2489,3238818240347680750765690,2641346655518489901,115792089237316195423570985008687907853269984665640564039457584007913112660612,,,v3_standard
0xb2cc224c1c9fee385f8ad6a55b4d94e92359dc59,47223393,0x499e653bae9f0228553ec825bd6d05aa2c71e90820d61f5f2ab5c04c5b85bbdf,1588853311737461248,1.588853,-2654978764,-2654.9788,3238738603320814592660639,2641347841967222093,115792089237316195423570985008687907853269984665640564039457584007913112660611,,,v3_standard
0xb2cc224c1c9fee385f8ad6a55b4d94e92359dc59,47223394,0x740ff44eb0a64de70f04fac1b0bf0d51c784884d5717877c31782b4c6e00216b,3197346622162260992,3.197347,-5342380314,-5342.3803,3238578356778163660764185,2641348566738566756,115792089237316195423570985008687907853269984665640564039457584007913112660610,,,v3_standard
0xb2cc224c1c9fee385f8ad6a55b4d94e92359dc59,47223397,0x0e2e59c53f9c9e05d2921254c96e23251c7b94fc7ce749000996c3450c16cf4e,2758960195602706432,2.758960,-4609464620,-4609.4646,3238440094926300094242705,2641360629150084918,115792089237316195423570985008687907853269984665640564039457584007913112660609,,,v3_standard
0xb2cc224c1c9fee385f8ad6a55b4d94e92359dc59,47223399,0xa7eb294d09dcd1a7480f1adfc0ba40914b73db60071013379c59b55d86e8879b,-1016134724549598473,-1.016135,1697839952,1697.8400,3238491018916106896675233,2641361548818698175,115792089237316195423570985008687907853269984665640564039457584007913112660610,,,v3_standard
0xb2cc224c1c9fee385f8ad6a55b4d94e92359dc59,47223405,0xd12ca0ad15d242ac239fc4b01284e112f1e803079916949a5ad60a1937a62996,1785135657386883584,1.785136,-2982355371,-2982.3554,3238401529158302433786377,2640375187751693731,115792089237316195423570985008687907853269984665640564039457584007913112660609,,,v3_standard
0xb2cc224c1c9fee385f8ad6a55b4d94e92359dc59,47223406,0xd8955724fe3a39ab18077da0b9eb3539e33502ad97a4d70c02a8233ccb78f606,869096734692329216,0.869097,-1451905804,-1451.9058,3238357962687311734002038,2640375187751693731,115792089237316195423570985008687907853269984665640564039457584007913112660609,,,v3_standard
0xb2cc224c1c9fee385f8ad6a55b4d94e92359dc59,47223407,0x195303103b482fb79903f83d5dbdb1270309cb2473df09341268ee5119ef3e2c,79738900664330,0.000080,-133150,-0.1331,3238357956331258741553528,1659716520151237182,115792089237316195423570985008687907853269984665640564039457584007913112660609,,,v3_standard
0xb2cc224c1c9fee385f8ad6a55b4d94e92359dc59,47223411,0xbd6ef9e152f5202e7bc92d8f05fefc4b194742b29d20b9ce1957f41a7e168e51,2604715691123841536,2.604716,-4351182459,-4351.1825,3238227393018815534825767,2640375650259076080,115792089237316195423570985008687907853269984665640564039457584007913112660608,,,v3_standard
0xb2cc224c1c9fee385f8ad6a55b4d94e92359dc59,47223411,0xbc17f8d712304cde7272c7a98b57fa686566fba5050373abf863db292396acb2,38378490585952,0.000038,-64081,-0.0641,3238227389959801769584471,1659716520151237182,115792089237316195423570985008687907853269984665640564039457584007913112660608,,,v3_standard
0xb2cc224c1c9fee385f8ad6a55b4d94e92359dc59,47223415,0x080b225a8f9a32d97a22aa6db51ab0a62ed7b175050cebf312d6381fdc471ba8,2495761256547267072,2.495761,-4168844723,-4168.8447,3238102297936941462633146,2640375458996289934,115792089237316195423570985008687907853269984665640564039457584007913112660607,,,v3_standard
0xb2cc224c1c9fee385f8ad6a55b4d94e92359dc59,47223416,0x63747af5bcdee1b78d794b2c3b3c7637fcf9c92aa49263bf7711ba3feef0ae4c,3357259801589704704,3.357260,-5607358036,-5607.3580,3237934042965729718427795,2640401472900606673,115792089237316195423570985008687907853269984665640564039457584007913112660606,,,v3_standard
0xb2cc224c1c9fee385f8ad6a55b4d94e92359dc59,47223416,0xd1918b093651f899386e67b144b7b4187a474f6cc333b6929618f3d23e27331c,92420310449670,0.000092,-154297,-0.1543,3237934038335859479712771,2640401472900606673,115792089237316195423570985008687907853269984665640564039457584007913112660606,,,v3_standard
0xb2cc224c1c9fee385f8ad6a55b4d94e92359dc59,47223417,0x8b2bcad55796ecf4525b2b5e3dd2eb798941cd5a7e18010d1558061bbd2ba6bf,897187500000000000,0.897188,-1498400648,-1498.4006,3237889077174960383757972,2640401797646924506,115792089237316195423570985008687907853269984665640564039457584007913112660606,,,v3_standard
0xb2cc224c1c9fee385f8ad6a55b4d94e92359dc59,47223418,0x4cb9fdf98b60a6e219a6477ceba8158877bab5bb7afeec9adf78b6950a9bf2a5,7969511800606857071,7.969512,-13308124703,-13308.1247,3237489756215742682903617,2640428062684839844,115792089237316195423570985008687907853269984665640564039457584007913112660604,,,v3_standard
0xb2cc224c1c9fee385f8ad6a55b4d94e92359dc59,47223419,0x80c859382e751df87ac56fcd4745eebdc9f8a46a0e24abde9251fa0546d103bc,1430643452435394560,1.430643,-2388623471,-2388.6235,3237375732979666993779355,1659716520151237182,115792089237316195423570985008687907853269984665640564039457584007913112660603,,,v3_standard
0xb2cc224c1c9fee385f8ad6a55b4d94e92359dc59,47223421,0x2982f52e1cfdad6670bc6b9ca90e11cdfa7dfbeb31de5953efa2051c828b8e09,158871508255339,0.000159,-265244,-0.2652,3237375725020781023078927,2640427861646515822,115792089237316195423570985008687907853269984665640564039457584007913112660603,,,v3_standard
0xb2cc224c1c9fee385f8ad6a55b4d94e92359dc59,47223423,0x470076ab186ed283f52041deb596bc5e48fdafd98ad212de79377bb400fecf8e,288974281403158,0.000289,-482458,-0.4825,3237375710544218399992059,2640427861567816031,115792089237316195423570985008687907853269984665640564039457584007913112660603,,,v3_standard
0xb2cc224c1c9fee385f8ad6a55b4d94e92359dc59,47223425,0x15d575056c4698fd4dee411e6db229ce013387023f0c0496cfd66b9e52f665d0,-391221313371909678,-0.391221,653248220,653.2482,3237395310606596389052220,2640427861423668496,115792089237316195423570985008687907853269984665640564039457584007913112660603,,,v3_standard
0xb2cc224c1c9fee385f8ad6a55b4d94e92359dc59,47223425,0x22ac0765b736a0ab28ff942537dd8c87c5a2c4af48b0fa4161259e04fb593d0a,1479375000000000000,1.479375,-2469872723,-2469.8727,3237321200088226176972403,2640427861423668496,115792089237316195423570985008687907853269984665640564039457584007913112660603,,,v3_standard
0xb2cc224c1c9fee385f8ad6a55b4d94e92359dc59,47223426,0x9719a0e9acf2cfeec78454b08704595046420ee09c87fae94a03b821c66b86ff,203346905522948864,0.203347,-339486538,-339.4865,3237311013519163542994191,2640427259652322293,115792089237316195423570985008687907853269984665640564039457584007913112660603,,,v3_standard
0xb2cc224c1c9fee385f8ad6a55b4d94e92359dc59,47223430,0x95e1646c847b82ca7ae42a3b660b730a921a6e926f4afef529e1057e20f84fd7,-2613927059721646244,-2.613927,4364623360,4364.6234,3237441967867868212501108,2640464743532124353,115792089237316195423570985008687907853269984665640564039457584007913112660603,,,v3_standard
0xb2cc224c1c9fee385f8ad6a55b4d94e92359dc59,47223431,0xb8eb9c54ee8c5ee3557ca4bc7642030e3b2af29a4cc6d44568816decd3300e24,-808536311440511476,-0.808536,1350140764,1350.1408,3237506414267222821084378,1659716520151237182,115792089237316195423570985008687907853269984665640564039457584007913112660604,,,v3_standard
0xb2cc224c1c9fee385f8ad6a55b4d94e92359dc59,47223432,0xbb5af4ae629155903966025be87a66c74a5ef63833ebaf14c97ab6ebd8c070c1,-454227055913090008,-0.454227,758515078,758.5151,3237529172447226325393208,2640463785203680738,115792089237316195423570985008687907853269984665640564039457584007913112660604,,,v3_standard
0xb2cc224c1c9fee385f8ad6a55b4d94e92359dc59,47223433,0x4b2deaa7f0637e857eee1332a368e43ca63cb7250404743be6190d10efa721c4,-1521729823665189355,-1.521730,2541254120,2541.2541,3237650474375339778719520,1659716520151237182,115792089237316195423570985008687907853269984665640564039457584007913112660605,,,v3_standard
0xb2cc224c1c9fee385f8ad6a55b4d94e92359dc59,47223435,0x7c723ae51708532dd5aff95fc8c03a9901b39dac0b3a89992f2a25f203920522,2486780496793935360,2.486780,-4152364195,-4152.3642,3237525880965124614316375,2640462161872936282,115792089237316195423570985008687907853269984665640564039457584007913112660604,,,v3_standard
0xb2cc224c1c9fee385f8ad6a55b4d94e92359dc59,47223435,0xd3dee7388539ea934947211090d95c70a92a5525549a3d06ddb8abc34ccd5616,79266232348896,0.000079,-132303,-0.1323,3237525874649502111692380,1659716520151237182,115792089237316195423570985008687907853269984665640564039457584007913112660604,,,v3_standard
0xb2cc224c1c9fee385f8ad6a55b4d94e92359dc59,47223438,0x6dfb6858c05503629da89564d7a6dbc4b53f2a5e62bfc800753b4da19f87a6fc,-687204516737086211,-0.687205,1147582749,1147.5827,3237560306336229688116335,2640457843396731292,115792089237316195423570985008687907853269984665640564039457584007913112660604,,,v3_standard
0xb2cc224c1c9fee385f8ad6a55b4d94e92359dc59,47223439,0x971e3539a7e5165b7a3aabbda02597c210afb2297c753341cb75d8ec56a12538,-1808159336275289936,-1.808159,3019614317,3019.6143,3237650905837384314876337,2640457579436227394,115792089237316195423570985008687907853269984665640564039457584007913112660605,,,v3_standard
0xb2cc224c1c9fee385f8ad6a55b4d94e92359dc59,47223440,0x6232cd47e2dc52e13789567bb726e544f99999158284ca20e7b3f6d6cf600c1f,83376967203942,0.000083,-139178,-0.1392,3237650899193548681168943,1659716520151237182,115792089237316195423570985008687907853269984665640564039457584007913112660605,,,v3_standard
0xb2cc224c1c9fee385f8ad6a55b4d94e92359dc59,47223441,0x0d72ae129c8b0950070e0f517ae4a23c65496676b2f17748c484cad135a0b856,-444383122786807813,-0.444383,742142790,742.1428,3237673166206006872318762,2640456672598329482,115792089237316195423570985008687907853269984665640564039457584007913112660605,,,v3_standard
0xb2cc224c1c9fee385f8ad6a55b4d94e92359dc59,47223445,0x29c6211566bad4a290ccd487f8cac5485301cda324c219e67c08964a954c6609,237898228850839,0.000238,-397122,-0.3971,3237673147248991389009292,1659716520151237182,115792089237316195423570985008687907853269984665640564039457584007913112660605,,,v3_standard
0xb2cc224c1c9fee385f8ad6a55b4d94e92359dc59,47223446,0x258d383f26f8aee4623fe6c2881c10d87ae40c3ef2b87b158f3b64a387986c78,4807452442551216128,4.807452,-8027188616,-8027.1886,3237432287588596386607100,2640456285493643899,115792089237316195423570985008687907853269984665640564039457584007913112660603,,,v3_standard
0xb2cc224c1c9fee385f8ad6a55b4d94e92359dc59,47223447,0x2c5c78b85c9efff514246892a4c7daaf4109a2cced9b6caa3f622e63c9700ef2,-1138165461067244351,-1.138165,1900558887,1900.5589,3237489311310183325548715,2640458207087072659,115792089237316195423570985008687907853269984665640564039457584007913112660604,,,v3_standard
0xb2cc224c1c9fee385f8ad6a55b4d94e92359dc59,47223448,0x473d90d3c9f3715f2bc04e8b16c698069330e35ea1d2afaff3aa665f41673cb8,-422352661697068154,-0.422353,705282859,705.2829,3237522976644952742927180,1659716520151237182,115792089237316195423570985008687907853269984665640564039457584007913112660604,,,v3_standard
0xb2cc224c1c9fee385f8ad6a55b4d94e92359dc59,47223448,0xae59dd252d4ee97d23d23bc65bcc20c7706a10752263624a37c631467e34e6f5,-277035601788694359,-0.277036,462627192,462.6272,3237545059273335943562556,1659716520151237182,115792089237316195423570985008687907853269984665640564039457584007913112660604,,,v3_standard
0xb2cc224c1c9fee385f8ad6a55b4d94e92359dc59,47223448,0xf73cb02b5af3ec12b8c755a3f3b6dc72495b98d1d9cf2c25805a5c29941e4e1b,-3352650718831449,-0.003353,5598696,5.5987,3237545326516428669385279,1659716520151237182,115792089237316195423570985008687907853269984665640564039457584007913112660604,,,v3_standard
0xb2cc224c1c9fee385f8ad6a55b4d94e92359dc59,47223453,0x429012f605a8d1961b037f07b53e08d289bf1125fc66ab91ec6f46ed1a67f449,2450227006400702976,2.450227,-4091064664,-4091.0647,3237422572085874299199291,2640454887614389316,115792089237316195423570985008687907853269984665640564039457584007913112660603,,,v3_standard
0xb2cc224c1c9fee385f8ad6a55b4d94e92359dc59,47223458,0x435c96b1e4b92169fd6a5c82d6a597639e847f59fe3ba55f461c86fd553684a8,-1226282186061699205,-1.226282,2047690583,2047.6906,3237484010361627937509636,2640455419173170130,115792089237316195423570985008687907853269984665640564039457584007913112660604,,,v3_standard
0xb2cc224c1c9fee385f8ad6a55b4d94e92359dc59,47223459,0x9f8069d0c4df81c89bb90af052424db32b9a0d01ce018271f9f9a0d3108306ea,-2609112610226610604,-2.609113,4357049714,4357.0497,3237614737945134649839269,2640455223758254360,115792089237316195423570985008687907853269984665640564039457584007913112660604,,,v3_standard
0xb2cc224c1c9fee385f8ad6a55b4d94e92359dc59,47223461,0x6144358273c546e43a10d328d0629f3268880c085d5f3dfd90a1db47bc84642f,-1745711116667938892,-1.745711,2915421411,2915.4214,3237702212359541737032948,2640424904222104399,115792089237316195423570985008687907853269984665640564039457584007913112660605,,,v3_standard
0xb2cc224c1c9fee385f8ad6a55b4d94e92359dc59,47223462,0xf6fac24f3fcda8429234d39b7c13742054431c5df5d2a84d8aae6b5346eef318,-2943969439606163375,-2.943969,4916927232,4916.9272,3237849740974900239063109,2640408000071877400,115792089237316195423570985008687907853269984665640564039457584007913112660606,,,v3_standard
0xb2cc224c1c9fee385f8ad6a55b4d94e92359dc59,47223463,0x9d28e78bfd77e592ff94979ab651ef5d74188072e934ed28f44118cd809ff365,-860649942008096167,-0.860650,1437515715,1437.5157,3237892872256999793975471,2640424527926544049,115792089237316195423570985008687907853269984665640564039457584007913112660606,,,v3_standard
0xb2cc224c1c9fee385f8ad6a55b4d94e92359dc59,47223465,0x8e54e9217ad5dff4dc8511d0951d8124648f255cc6c6dcbd2b52bb0e6e75fa30,3098728662901041664,3.098729,-5174905783,-5174.9058,3237737594831837113989732,2640424233985639753,115792089237316195423570985008687907853269984665640564039457584007913112660605,,,v3_standard
0xb2cc224c1c9fee385f8ad6a55b4d94e92359dc59,47223468,0x04eccd58e607076b906057d9b4f406b5f8482a66a9041c8a5246876a980e50fe,-2482661529392354629,-2.482662,4146525968,4146.5260,3237862007351104580213459,2640424965779275820,115792089237316195423570985008687907853269984665640564039457584007913112660606,,,v3_standard
0xb2cc224c1c9fee385f8ad6a55b4d94e92359dc59,47223469,0x4624af982df18bece157c4dbc1b1a3d62ef46cda81e7694e3e2a5b4b43fa7770,-692829574234960453,-0.692830,1157216554,1157.2166,3237896728774671861409022,2640405569139509969,115792089237316195423570985008687907853269984665640564039457584007913112660606,,,v3_standard
0xb2cc224c1c9fee385f8ad6a55b4d94e92359dc59,47223470,0x6ab96fbb0ad330e30bff9a16a2d629abe49dbf1bb0cb6ef8e78973a76054943e,-421882362881075597,-0.421882,704672110,704.6721,3237917871788932017606079,2640424204301599131,115792089237316195423570985008687907853269984665640564039457584007913112660606,,,v3_standard
0xb2cc224c1c9fee385f8ad6a55b4d94e92359dc59,47223471,0xe2d7eba880aa2e81c1fe5da2bf96832cdc728fbc8be266b5338668f6fddd7b60,1062783769741563648,1.062784,-1774942145,-1774.9421,3237864613144440906002516,2640424031152390248,115792089237316195423570985008687907853269984665640564039457584007913112660606,,,v3_standard
0xb2cc224c1c9fee385f8ad6a55b4d94e92359dc59,47223473,0x84bb7fd989c827918fb4fcb0ff56681cb7b996dee07978c2701b3c07823382d0,400312500000000000,0.400313,-668541860,-668.5419,3237844552981960502384502,2640424433900166594,115792089237316195423570985008687907853269984665640564039457584007913112660606,,,v3_standard
0xb2cc224c1c9fee385f8ad6a55b4d94e92359dc59,47223474,0x3f6db4819ea6dc6df360ffe866d758a51ae056e919bef5668f702df0ff783019,471129461596372416,0.471129,-786799110,-786.7991,3237820944410943611726623,2640424433900166594,115792089237316195423570985008687907853269984665640564039457584007913112660606,,,v3_standard
0xb2cc224c1c9fee385f8ad6a55b4d94e92359dc59,47223486,0xb2da648e80de6a89c62276af4126d89872493495c16de22ddf23d5b262e239b6,-618762062915851419,-0.618762,1033472434,1033.4724,3237840858215201036174454,4111480058628652457,115792089237316195423570985008687907853269984665640564039457584007913112660606,,,v3_standard
0xb2cc224c1c9fee385f8ad6a55b4d94e92359dc59,47223489,0x6005275c49861845e701cfb95fbc2c8909461781dbd0beaf2eb83f1f63c4cbf1,-351803461063323926,-0.351803,587599962,587.6000,3237868906180892413429066,1659716520151237182,115792089237316195423570985008687907853269984665640564039457584007913112660606,,,v3_standard
0xb2cc224c1c9fee385f8ad6a55b4d94e92359dc59,47223489,0xbec04030a45ea723c78a001421be34aba424fec51a805ca8f3fe9c78e66b9b92,-789402260539925127,-0.789402,1318536696,1318.5367,3237931844020207629511935,1659716520151237182,115792089237316195423570985008687907853269984665640564039457584007913112660606,,,v3_standard
0xb2cc224c1c9fee385f8ad6a55b4d94e92359dc59,47223489,0x82915c29839ec6494976d152677cf1aed5c16bb8091b7e4a569de4d0e4709557,-317818021260517165,-0.317818,530865149,530.8651,3237957183857590742636733,1659716520151237182,115792089237316195423570985008687907853269984665640564039457584007913112660607,,,v3_standard
0xb2cc224c1c9fee385f8ad6a55b4d94e92359dc59,47223493,0x00823578d9f022e9cfe2e90adc631e08529f7c806343f82e43f8e010c6b83bcc,-844184414347983442,-0.844184,1410102147,1410.1021,3237988120826860100769500,3610990392576389323,115792089237316195423570985008687907853269984665640564039457584007913112660607,,,v3_standard
0xb2cc224c1c9fee385f8ad6a55b4d94e92359dc59,47223494,0x121f90d571c80b26ed09e5ad1d0d5688e6837d8f936be81f41077229e406df47,-2944875188474115819,-2.944875,4919248496,4919.2485,3238096046795176754747129,3610990392575372153,115792089237316195423570985008687907853269984665640564039457584007913112660607,,,v3_standard
0xb2cc224c1c9fee385f8ad6a55b4d94e92359dc59,47223497,0x3387684df343a56399296c645a636ce2be6f5b94e2be461ffbc9dc534fe9d463,-376880509988065967,-0.376881,629581391,629.5814,3238109914609293866156712,3596643529907282367,115792089237316195423570985008687907853269984665640564039457584007913112660607,,,v3_standard
0xb2cc224c1c9fee385f8ad6a55b4d94e92359dc59,47223498,0x023d7dc7f3dff3b42ccfa1a1532ee087921bf56f7dc57bd7d349103bdec0157d,-286175399669384254,-0.286175,478061505,478.0615,3238120444888904399752361,3596643529907282367,115792089237316195423570985008687907853269984665640564039457584007913112660608,,,v3_standard
0xb2cc224c1c9fee385f8ad6a55b4d94e92359dc59,47223506,0xf3e0cb1a7d18be9944a1325c061aebfa438419e84b4c6fb4d3c4c0a84b05190c,25394683394644317,0.025395,-42417341,-42.4173,3238119507686575278505416,3585829807186424686,115792089237316195423570985008687907853269984665640564039457584007913112660608,,,v3_standard
0xb2cc224c1c9fee385f8ad6a55b4d94e92359dc59,47223509,0xabe79654310145078ebe680b476032ed37e3e79f339f05793a62d16fcc8060ed,374062500000000000,0.374063,-624802618,-624.8026,3238105702802901323798126,3585829807166365337,115792089237316195423570985008687907853269984665640564039457584007913112660607,,,v3_standard
0xb2cc224c1c9fee385f8ad6a55b4d94e92359dc59,47223510,0x3264ae665e58e429f54be7442fe5144d234a669235466bef395b53b18c5f79c1,-480945716542871402,-0.480946,803428687,803.4287,3238123144184373499413446,3649387487510540045,115792089237316195423570985008687907853269984665640564039457584007913112660608,,,v3_standard
0xb2cc224c1c9fee385f8ad6a55b4d94e92359dc59,47223511,0xd0a436b87b1712176445a59876ea2f339128c972d3de1f3001684c27b1b3198a,-955338448515693531,-0.955338,1595936164,1595.9362,3238157789862188059021434,3649387487506221991,115792089237316195423570985008687907853269984665640564039457584007913112660608,,,v3_standard
0xb2cc224c1c9fee385f8ad6a55b4d94e92359dc59,47223520,0xcc66d7ecf226666847cc9f3a1640306f77684b1ff9d296275a1112dd4597dfc0,2229955149944264448,2.229955,-3724742349,-3724.7423,3238078156532840204289065,3705791213172002082,115792089237316195423570985008687907853269984665640564039457584007913112660607,,,v3_standard
0xb2cc224c1c9fee385f8ad6a55b4d94e92359dc59,47223526,0x3fe1418d9935127c5bc75acc2a9d0732e30691bae848e67927648c435b0ead0b,-361881920769034746,-0.361882,604522267,604.5223,3238107012252517618069386,1659716520151237182,115792089237316195423570985008687907853269984665640564039457584007913112660607,,,v3_standard
0xb2cc224c1c9fee385f8ad6a55b4d94e92359dc59,47223527,0x4abb7ac09baaab4697d10895214a661136fecb415d39a895f0019c484a9ec45a,-265785228449678171,-0.265785,443999998,444.0000,3238128205747269614884142,1659716520151237182,115792089237316195423570985008687907853269984665640564039457584007913112660608,,,v3_standard
0xb2cc224c1c9fee385f8ad6a55b4d94e92359dc59,47223529,0x2d47be3cfc64715638f925a285aee7eef9c8e6173a78d2e9ff4f2f741856279b,-472507897866358899,-0.472508,789343903,789.3439,3238144731338008010157570,3784101621022917560,115792089237316195423570985008687907853269984665640564039457584007913112660608,,,v3_standard
0xb2cc224c1c9fee385f8ad6a55b4d94e92359dc59,47223529,0xfb14f032e4b8f8d4f87656e368df5be96321226b9161a2e132ef9eb28be066fd,-310082058660714135,-0.310082,518009228,518.0092,3238155576304903550345409,3784101621022917560,115792089237316195423570985008687907853269984665640564039457584007913112660608,,,v3_standard
0xb2cc224c1c9fee385f8ad6a55b4d94e92359dc59,47223538,0xace0769662b9690a2d39d04ae4ca914aa8e26cbd63b43730a47d61a1941abb95,888982107083005005,0.888982,-1484906287,-1484.9063,3238124493326703625502720,3784913912506030567,115792089237316195423570985008687907853269984665640564039457584007913112660608,,,v3_standard
0xb2cc224c1c9fee385f8ad6a55b4d94e92359dc59,47223540,0xb4f02f6f0562c379d702d38fa94f58e3ad807c04d693adb37d3a61a47b134bb2,-272268263445311142,-0.272268,454833320,454.8333,3238134013608245126910759,3784913912495982926,115792089237316195423570985008687907853269984665640564039457584007913112660608,,,v3_standard
0xb2cc224c1c9fee385f8ad6a55b4d94e92359dc59,47223541,0xd1188eecb6be7af7a30285f66c8bb449b0bcbb7409607a014fec69acbbdc2385,-823144877649947287,-0.823145,1375107556,1375.1076,3238162796484305757308528,3784913912490032197,115792089237316195423570985008687907853269984665640564039457584007913112660608,,,v3_standard
0xb2cc224c1c9fee385f8ad6a55b4d94e92359dc59,47223543,0xbdd85d7e198cdd54243c7c9b3b900e3ea8261e412cc0868439b415f5442cee3f,-252425584555178630,-0.252426,421696812,421.6968,3238182915532338733247440,1660528811659365946,115792089237316195423570985008687907853269984665640564039457584007913112660608,,,v3_standard
0xb2cc224c1c9fee385f8ad6a55b4d94e92359dc59,47223543,0x5fdf57d085c19aa46a2bd5c47ee3b11ff7172160f373adea3431c534c5db3386,-1188806914179983725,-1.188807,1986065995,1986.0660,3238277670237687039442899,1660528811659365946,115792089237316195423570985008687907853269984665640564039457584007913112660608,,,v3_standard
0xb2cc224c1c9fee385f8ad6a55b4d94e92359dc59,47223544,0xbd76db4b96251ca5e87f19c36d4abe867291d21b4806e2ea7e7158894f0eee76,-540013853390458550,-0.540014,902206051,902.2061,3238320714259729893062621,1660528811659365946,115792089237316195423570985008687907853269984665640564039457584007913112660609,,,v3_standard
0xb2cc224c1c9fee385f8ad6a55b4d94e92359dc59,47223545,0xa25e5e5611ad14f845e31e5afc3eb890a56220c38ad47fdcde2c1404aa5c3982,-247034826776541258,-0.247035,412731325,412.7313,3238340405566653339975940,1660528811659365946,115792089237316195423570985008687907853269984665640564039457584007913112660609,,,v3_standard
0xb2cc224c1c9fee385f8ad6a55b4d94e92359dc59,47223548,0x38722904a04ccdcc712eaf3d7e73bf4f6c61f0de0e8cbdf472e45d0046dc75cd,-1164429662567427639,-1.164430,1945528497,1945.5285,3238433226238232388556958,1660528811659365946,115792089237316195423570985008687907853269984665640564039457584007913112660609,,,v3_standard
0xb2cc224c1c9fee385f8ad6a55b4d94e92359dc59,47223548,0x53349098bedfc28be92da0e62c8ad58e3339df1a16565a0e5ff9c338113f945c,-383913840499770750,-0.383914,641467501,641.4675,3238463830490111232114390,1660528811659365946,115792089237316195423570985008687907853269984665640564039457584007913112660610,,,v3_standard
0xb2cc224c1c9fee385f8ad6a55b4d94e92359dc59,47223551,0x157cc11376d551b2df1fea4bdb69c58403de5c05bb4350d6e2ffc0e3f77de0c6,990000000000000,0.000990,-1653971,-1.6540,3238463751574808255340140,1660528811659365946,115792089237316195423570985008687907853269984665640564039457584007913112660610,,,v3_standard
0xb2cc224c1c9fee385f8ad6a55b4d94e92359dc59,47223551,0x35cb990b6c78412866ec4ea7079da55aa55c9b77747f68399221555152d2daf6,-239300245659150793,-0.239300,399844084,399.8441,3238482828034718046037079,1660528811659365946,115792089237316195423570985008687907853269984665640564039457584007913112660610,,,v3_standard
0xb2cc224c1c9fee385f8ad6a55b4d94e92359dc59,47223560,0x7bbc5bc5b6008f6b5efb5c3cd85937bc567db88dcab244eef99a8c28665c1b85,1891875000000000000,1.891875,-3160690997,-3160.6910,3238420413844749687971131,4012160377346833833,115792089237316195423570985008687907853269984665640564039457584007913112660609,,,v3_standard
0xb2cc224c1c9fee385f8ad6a55b4d94e92359dc59,47223561,0x99eade65f86cdc8ecbf8de4852dbf07823f765dec8ee3252bf74b3800fd17810,1768073162685108480,1.768073,-2953749362,-2953.7494,3238362086132868338767892,4012160377350148444,115792089237316195423570985008687907853269984665640564039457584007913112660609,,,v3_standard
0xb2cc224c1c9fee385f8ad6a55b4d94e92359dc59,47223565,0xaf3b3b001cbca952b10d1340e70d7b126742f4876ae0e1bbdb4db5f6babb3005,39317795348264,0.000039,-65657,-0.0657,3238362083000176863490688,1660528811659365946,115792089237316195423570985008687907853269984665640564039457584007913112660609,,,v3_standard
0xb2cc224c1c9fee385f8ad6a55b4d94e92359dc59,47223566,0x563f48f78177acd9ebd965e98a7708dd41e37a6a81897ed0c31c0bfa521a9580,-958317774991263344,-0.958318,1601170172,1601.1702,3238438474423307092919155,1660528811659365946,115792089237316195423570985008687907853269984665640564039457584007913112660609,,,v3_standard
0xb2cc224c1c9fee385f8ad6a55b4d94e92359dc59,47223567,0x1409d122a2da44408a857beef9e9f128e36a72db8374e2fad9a146cb5e91eb0c,-293527598765114271,-0.293528,490442843,490.4428,3238447923095363096980400,4112170852340440462,115792089237316195423570985008687907853269984665640564039457584007913112660610,,,v3_standard
0xb2cc224c1c9fee385f8ad6a55b4d94e92359dc59,47223585,0x0741351ba218c9482ed37dbeee3a9cdc37b6d4ee1fcb08abf971d1e900fb08a5,-3564491772690350460,-3.564492,5956298448,5956.2984,3238732096584980415705320,1660528811659365946,115792089237316195423570985008687907853269984665640564039457584007913112660611,,,v3_standard
0xb2cc224c1c9fee385f8ad6a55b4d94e92359dc59,47223586,0x92bea4498d926bccb91a2a16630c22be6eb7f23fd26a20a9ceb128f86fcea487,-2285958841198215069,-2.285959,3820408379,3820.4084,3238914367300623261451326,1660528811659365946,115792089237316195423570985008687907853269984665640564039457584007913112660612,,,v3_standard
0xb2cc224c1c9fee385f8ad6a55b4d94e92359dc59,47223587,0xde768c99388140b25363bae7fd6eda15d012bdb82c5dd18960f5a2a5717bdbf4,25924732861372160,0.025925,-43323917,-43.3239,3238912300203478296964031,1660528811659365946,115792089237316195423570985008687907853269984665640564039457584007913112660612,,,v3_standard
0xb2cc224c1c9fee385f8ad6a55b4d94e92359dc59,47223591,0xe813c0feada81601d5415b94a2a9a995e317d04433a82216a9c5ec4ebfae08bb,6415086975349572,0.006415,-10720514,-10.7205,3238911788699753835519044,1660528811659365946,115792089237316195423570985008687907853269984665640564039457584007913112660612,,,v3_standard
0xb2cc224c1c9fee385f8ad6a55b4d94e92359dc59,47223598,0x1a2f6c6565b89a3b2fc8709b94ac5e809c242c0832efb73a3af82ffbc77ba4fb,-378757459227304227,-0.378757,633038868,633.0389,3238941990823701529491812,1660528811659365946,115792089237316195423570985008687907853269984665640564039457584007913112660613,,,v3_standard
0xb2cc224c1c9fee385f8ad6a55b4d94e92359dc59,47223602,0x5ecd1d97ffd9ba68485d94fabaeea2b67927a1907c028963fde0af3fc5140c43,558750000000000000,0.558750,-933754432,-933.7544,3238897438963249135884502,1660528811659365946,115792089237316195423570985008687907853269984665640564039457584007913112660612,,,v3_standard
0xb2cc224c1c9fee385f8ad6a55b4d94e92359dc59,47223603,0x641909d360295cbcb46c8d989782dacebf84dd9814ecf21c52fc6bca4f18ef7e,2007339584972161792,2.007340,-3354351382,-3354.3514,3238737394106099740220251,1660528811659365946,115792089237316195423570985008687907853269984665640564039457584007913112660611,,,v3_standard
0xb2cc224c1c9fee385f8ad6a55b4d94e92359dc59,47223604,0x0de951fa7b904da9834f191fb5191c312390c9a2532105b5a82455341b22e470,-19841085866801990,-0.019841,33171537,33.1715,3238738976050155208961099,1660528811659365946,115792089237316195423570985008687907853269984665640564039457584007913112660611,,,v3_standard
0xb2cc224c1c9fee385f8ad6a55b4d94e92359dc59,47223606,0x8b27bbcb6e595f31099a91a24af5ba12e81aec240c8185528864bb743da17fef,904724743415119232,0.904725,-1511727333,-1511.7273,3238666847594451927114628,1660528811659365946,115792089237316195423570985008687907853269984665640564039457584007913112660611,,,v3_standard
0xb2cc224c1c9fee385f8ad6a55b4d94e92359dc59,47223607,0x6463d034d3807c726a734ae0ec7242b232a1d6e033bbe3d2a1667888f33b9fe3,48178379313180433,0.048178,-80466926,-80.4669,3238663008307423801038055,1660528811659365946,115792089237316195423570985008687907853269984665640564039457584007913112660611,,,v3_standard
0xb2cc224c1c9fee385f8ad6a55b4d94e92359dc59,47223607,0x6463d034d3807c726a734ae0ec7242b232a1d6e033bbe3d2a1667888f33b9fe3,511225624539986,0.000511,-853841,-0.8538,3238662967568412126194602,1660528811659365946,115792089237316195423570985008687907853269984665640564039457584007913112660611,,,v3_standard
0xb2cc224c1c9fee385f8ad6a55b4d94e92359dc59,47223607,0x6463d034d3807c726a734ae0ec7242b232a1d6e033bbe3d2a1667888f33b9fe3,1016406082259070,0.001016,-1697586,-1.6976,3238662886572124562621242,1660528811659365946,115792089237316195423570985008687907853269984665640564039457584007913112660611,,,v3_standard
0xb2cc224c1c9fee385f8ad6a55b4d94e92359dc59,47223607,0x6463d034d3807c726a734ae0ec7242b232a1d6e033bbe3d2a1667888f33b9fe3,508289026363275,0.000508,-848936,-0.8489,3238662846067130231306248,1660528811659365946,115792089237316195423570985008687907853269984665640564039457584007913112660611,,,v3_standard
0xb2cc224c1c9fee385f8ad6a55b4d94e92359dc59,47223609,0xb0d02cca5327dcd17222db0b5697f9f12edf794980f16d14c383f896f2ec3b99,809180846151971456,0.809181,-1352036304,-1352.0363,3238636796389268066391921,4112118107607047774,115792089237316195423570985008687907853269984665640564039457584007913112660611,,,v3_standard
0xb2cc224c1c9fee385f8ad6a55b4d94e92359dc59,47223611,0x8b14bb965e42b88d5998ddba3a2be448795dd209e486eef81e59a9bbd68f7381,1491203602231280128,1.491204,-2491550950,-2491.5509,3238588791684890255029075,4112117888430871442,115792089237316195423570985008687907853269984665640564039457584007913112660610,,,v3_standard
0xb2cc224c1c9fee385f8ad6a55b4d94e92359dc59,47223611,0x6482b2deee3a50b8151cb351348ad48db0f52c768d630dab945533f917931ede,3753416757233149,0.003753,-6268777,-6.2688,3238588492585160334697640,1660528811659365946,115792089237316195423570985008687907853269984665640564039457584007913112660610,,,v3_standard
0xb2cc224c1c9fee385f8ad6a55b4d94e92359dc59,47223612,0xb5f5c7acb4256c64b6ab2717d6b4201234b6784701f290d5acad5c3b768aa748,864230095871008000,0.864230,-1443948174,-1443.9482,3238557985277130331086467,3749965761785326562,115792089237316195423570985008687907853269984665640564039457584007913112660610,,,v3_standard
0xb2cc224c1c9fee385f8ad6a55b4d94e92359dc59,47223623,0xeae071c649b4aa419481545139e2b151a7399752610735f6ff1e5d4c356a3d8a,2076533838326727660,2.076534,-3469345974,-3469.3460,3238486919621137557784796,3867830428722461327,115792089237316195423570985008687907853269984665640564039457584007913112660610,,,v3_standard
0xb2cc224c1c9fee385f8ad6a55b4d94e92359dc59,47223630,0x6ba294e5e448cd7dba73b1b4ce55cb15baf3751256fcdb4cfe99979a49a37627,1595625000000000000,1.595625,-2665769403,-2665.7694,3238432322977016311587400,3868443105530332494,115792089237316195423570985008687907853269984665640564039457584007913112660609,,,v3_standard
0xb2cc224c1c9fee385f8ad6a55b4d94e92359dc59,47223631,0x516ed44e88a8f0d817224a7bb3933cfa00e6707f3896e6cdf9cef30de5b9d288,2248125000000000000,2.248125,-3755731743,-3755.7317,3238355403360259191982082,3868450435291420722,115792089237316195423570985008687907853269984665640564039457584007913112660609,,,v3_standard
0xb2cc224c1c9fee385f8ad6a55b4d94e92359dc59,47223638,0x1da1e7360e1cbdbabee7548219db9273db87be818c07f4ba07f4d23056c64f26,-3191388545520004858,-3.191389,5332247762,5332.2478,3238465223276112499482239,3846650592558813262,115792089237316195423570985008687907853269984665640564039457584007913112660610,,,v3_standard
0xb2cc224c1c9fee385f8ad6a55b4d94e92359dc59,47223639,0xba77b936dd5473a5da7077f0569842289c3b380b213dafa3f80964af85b0dbc1,-1177555950721457446,-1.177556,1967612200,1967.6122,3238559097555566702662030,1660528811659365946,115792089237316195423570985008687907853269984665640564039457584007913112660610,,,v3_standard
0xb2cc224c1c9fee385f8ad6a55b4d94e92359dc59,47223639,0xf3c36c0a7ce14efad969dcaa9fc66f963dfa50778daf569da291fb6dfe603087,-438290881287384628,-0.438291,732382005,732.3820,3238594039315435076295324,1660528811659365946,115792089237316195423570985008687907853269984665640564039457584007913112660610,,,v3_standard
0xb2cc224c1c9fee385f8ad6a55b4d94e92359dc59,47223641,0x3d289fb8e04198ae159c392fd5d4b0cfa3af7e8ab59367a2c5f74293a1eef36d,6357836607826943,0.006358,-10622753,-10.6228,3238593532476159488877183,1660528811659365946,115792089237316195423570985008687907853269984665640564039457584007913112660610,,,v3_standard
0xb2cc224c1c9fee385f8ad6a55b4d94e92359dc59,47223644,0x9ac4c92f92a468e04261e3b5e1c83be2995650800d3e22655564f26b3acb315a,-722958242085,-0.000001,1209,0.0012,3238593532533796320978633,1660528811659365946,115792089237316195423570985008687907853269984665640564039457584007913112660610,,,v3_standard
0xb2cc224c1c9fee385f8ad6a55b4d94e92359dc59,47223649,0x294cfc50b2a36b58de852e8d50e27430578c68069c4c5447eb7443b4ce079fb0,-75521148238961735,-0.075521,126197041,126.1970,3238599553362635496592420,1660528811659365946,115792089237316195423570985008687907853269984665640564039457584007913112660610,,,v3_standard
0xb2cc224c1c9fee385f8ad6a55b4d94e92359dc59,47223651,0x752fbc93e573559c66150f1e0541bcc77e668b0895e5aec0416eb5cbbc2d76ef,429786053064761728,0.429786,-718086895,-718.0869,3238565291563129697803736,1660528811659365946,115792089237316195423570985008687907853269984665640564039457584007913112660610,,,v3_standard
0xb2cc224c1c9fee385f8ad6a55b4d94e92359dc59,47223651,0x791a8e12aa006d5a8c8420c17981cb2833ace984904c23e6640a1a512b446206,-177738841004430382,-0.177739,297000000,297.0000,3238579461357869584086842,1660528811659365946,115792089237316195423570985008687907853269984665640564039457584007913112660610,,,v3_standard
0xb2cc224c1c9fee385f8ad6a55b4d94e92359dc59,47223651,0x0ffd7a3684eb92c12492e2a7284b951af273bb6d3dc4bf281f442c6f789de7d3,358125000000000000,0.358125,-598349179,-598.3492,3238550912557226188056008,1660528811659365946,115792089237316195423570985008687907853269984665640564039457584007913112660610,,,v3_standard
0xb2cc224c1c9fee385f8ad6a55b4d94e92359dc59,47223656,0x916d5918a47f9c135575db0aefa9ba4f069ee2f13ef2380d3315670fc83a686c,645468750000000000,0.645469,-1078411605,-1078.4116,3238499458725591342543724,1660528811659365946,115792089237316195423570985008687907853269984665640564039457584007913112660610,,,v3_standard
0xb2cc224c1c9fee385f8ad6a55b4d94e92359dc59,47223656,0xfc1759fc9d46ba874b62a0d45c3786f2c12fd1cdf38c55c965a03629a51f7642,374531250000000000,0.374531,-625729295,-625.7293,3238469603548174224398775,1660528811659365946,115792089237316195423570985008687907853269984665640564039457584007913112660610,,,v3_standard
0xb2cc224c1c9fee385f8ad6a55b4d94e92359dc59,47223659,0xc9389ae26ddc2715a9186bb26a7d860e1214155b9fa4feeaec8b2f20fcbc419e,-1008424966834418505,-1.008425,1684980817,1684.9808,3238505621951960412041790,3706158798904982471,115792089237316195423570985008687907853269984665640564039457584007913112660610,,,v3_standard
0xb2cc224c1c9fee385f8ad6a55b4d94e92359dc59,47223660,0x96af489d180190847bffb1437240a06cd79da57cd8591bebc37a18738218539e,-3675207195599383,-0.003675,6143235,6.1432,3238505915041405185112816,1659936276417398687,115792089237316195423570985008687907853269984665640564039457584007913112660610,,,v3_standard
0xb2cc224c1c9fee385f8ad6a55b4d94e92359dc59,47223661,0x3214ca04ac2dad9c834b2686ca763fac86b9318967b7c017e425c9a09aebcce4,-672670547043768510,-0.672671,1123988627,1123.9886,3238529955889306883284417,3703954653386868611,115792089237316195423570985008687907853269984665640564039457584007913112660610,,,v3_standard
0xb2cc224c1c9fee385f8ad6a55b4d94e92359dc59,47223669,0x98ff449f36c45c2c6d4a0fd1854e27f2730e8f59b331268cacffdf7a060ba538,-1101867683545215898,-1.101868,1841183898,1841.1839,3238567195535660816003163,3916924001089963558,115792089237316195423570985008687907853269984665640564039457584007913112660610,,,v3_standard
0xb2cc224c1c9fee385f8ad6a55b4d94e92359dc59,47223684,0x30aaf7aad8d527d1f30a3b4e0c4882e6d58aa2886a73867d7ed40a64df279d4f,-1795313420261874657,-1.795313,3000000000,3000.0000,3238628802872647815311119,3857823403788656199,115792089237316195423570985008687907853269984665640564039457584007913112660611,,,v3_standard
0xb2cc224c1c9fee385f8ad6a55b4d94e92359dc59,47223699,0x0c1e009582b5f7f7dc17d405aee42daa89312911775ab1dad0ab46199cc8e13e,-1148472219066955171,-1.148472,1919177090,1919.1771,3238668455647045956963211,3834378640228433660,115792089237316195423570985008687907853269984665640564039457584007913112660611,,,v3_standard
0xb2cc224c1c9fee385f8ad6a55b4d94e92359dc59,47223700,0xe7cd4f9fb6dfce9bc668ec55a9c4fb0e86d42ca8f1f3bdbbb1d1e8f2fbc49fa3,-2296987002566708285,-2.296987,3838561144,3838.5611,3238743413232568902155446,4057012998233009768,115792089237316195423570985008687907853269984665640564039457584007913112660611,,,v3_standard
0xb2cc224c1c9fee385f8ad6a55b4d94e92359dc59,47223701,0x57a89ba11352f3bd99d0a9bae271ad8f52ae520e84dcecb33800b54769b8e53e,-1208475421413761203,-1.208475,2019590926,2019.5909,3238785266594893678828907,3822844059793098494,115792089237316195423570985008687907853269984665640564039457584007913112660612,,,v3_standard
0xb2cc224c1c9fee385f8ad6a55b4d94e92359dc59,47223702,0x08881227e2a8f7af61339a188b2360df6024456c8e419ac622fb735169b65695,-538135027459179623,-0.538135,899342565,899.3426,3238805298404886532407607,3556792106672150001,115792089237316195423570985008687907853269984665640564039457584007913112660612,,,v3_standard
0xb2cc224c1c9fee385f8ad6a55b4d94e92359dc59,47223705,0xada5b6bef670d0951da34b1087b85d1123c21724a1076b88240fb82108e8f8ed,875625000000000000,0.875625,-1463182184,-1463.1822,3238773944479697861777493,3697311746160030474,115792089237316195423570985008687907853269984665640564039457584007913112660612,,,v3_standard
0xb2cc224c1c9fee385f8ad6a55b4d94e92359dc59,47223705,0x769d8dc0cedfaa98d2c62aae46859f16fb8da27d8f101ba27f20cb8ad2b0b454,428437500000000000,0.428438,-715915008,-715.9150,3238758603433414362898555,3697311746160030474,115792089237316195423570985008687907853269984665640564039457584007913112660611,,,v3_standard
0xb2cc224c1c9fee385f8ad6a55b4d94e92359dc59,47223709,0x0644f5d230510f9650cb73a27884c6175ab63f714dae3588264c2cf22ac69380,-4346072061683789679,-4.346072,7263428577,7263.4286,3238912955701213463426341,3728053884829726805,115792089237316195423570985008687907853269984665640564039457584007913112660612,,,v3_standard
0xb2cc224c1c9fee385f8ad6a55b4d94e92359dc59,47223710,0xd0202554020edfbd42fbe6267d36e6dbad50adce705f70f78c430ffeb286c89c,-1351391026467816131,-1.351391,2258712339,2258.7123,3239020717358600614438859,1660543233722888169,115792089237316195423570985008687907853269984665640564039457584007913112660613,,,v3_standard
0xb2cc224c1c9fee385f8ad6a55b4d94e92359dc59,47223711,0xc4a67131aa80fd0f8be8d16d6bde51e46a9391b37414372d0034400206f011af,311319516513869,0.000311,-520293,-0.5203,3239020692534246019478239,1660543233722888169,115792089237316195423570985008687907853269984665640564039457584007913112660613,,,v3_standard
0xb2cc224c1c9fee385f8ad6a55b4d94e92359dc59,47223713,0xc7ce81a0a264ab574bd2ec89bb4090452819bb0a7ec087ca63a6ba03e3cc72b7,166817979797159857,0.166818,-278793916,-278.7939,3239007390664542366932457,1660543233722888169,115792089237316195423570985008687907853269984665640564039457584007913112660613,,,v3_standard
0xb2cc224c1c9fee385f8ad6a55b4d94e92359dc59,47223719,0xab2c1d52f3d63a981d2b85cf99f589cffe8e6292940293ba51b5cd655dd73fd0,8588559897460813,0.008589,-14353536,-14.3535,3239006705825824681904088,1660543233722888169,115792089237316195423570985008687907853269984665640564039457584007913112660613,,,v3_standard
0xb2cc224c1c9fee385f8ad6a55b4d94e92359dc59,47223721,0x543e9afcb2ec2ec28850612de36a5d1656cf4f5a15dfd2de9373b518f472bf79,2065888393568675584,2.065888,-3452416925,-3452.4169,3238841983436361649542020,1660543233722888169,115792089237316195423570985008687907853269984665640564039457584007913112660612,,,v3_standard
0xb2cc224c1c9fee385f8ad6a55b4d94e92359dc59,47223726,0xa1e405174c63d4aba5ec967ae267c6863ea26b45f9002d1e7b3f3c73f2a71e10,-2058224555512876746,-2.058225,3439935919,3439.9359,3238925404438788056728725,3266844579271809534,115792089237316195423570985008687907853269984665640564039457584007913112660612,,,v3_standard
0xb2cc224c1c9fee385f8ad6a55b4d94e92359dc59,47223727,0x7bb4a4554317adf75ac972d0be4a59df2945ae8669c410cb036b1ff51f520310,-2705362777034637232,-2.705363,4521923591,4521.9236,3239141142393694250156827,1660543233722888169,115792089237316195423570985008687907853269984665640564039457584007913112660614,,,v3_standard
0xb2cc224c1c9fee385f8ad6a55b4d94e92359dc59,47223729,0x2bdbddc1024090a85a83810825b7cb531b19d439a395923e23d67a3385ab313e,1046250000000000000,1.046250,-1748633537,-1748.6335,3239057711249451508595635,1660543233722888169,115792089237316195423570985008687907853269984665640564039457584007913112660613,,,v3_standard
0xb2cc224c1c9fee385f8ad6a55b4d94e92359dc59,47223734,0x679e3bce9a8e61992571696918bc330d6f69cd6a0f794a545113998898c0eaf0,1755196484340457,0.001755,-2933444,-2.9334,3239057571288378246462079,1660543233722888169,115792089237316195423570985008687907853269984665640564039457584007913112660613,,,v3_standard
0xb2cc224c1c9fee385f8ad6a55b4d94e92359dc59,47223735,0xb334fa85b036c120029bcee47a7258bffea27e219f8910533a8ace1a7e8c6290,6077354951692324,0.006077,-10157027,-10.1570,3239057086674282214478738,1660543233722888169,115792089237316195423570985008687907853269984665640564039457584007913112660613,,,v3_standard
0xb2cc224c1c9fee385f8ad6a55b4d94e92359dc59,47223735,0x20ddf61db206c08718dec9d97d89c41db38368674d970ff863c9fb3f27da0dc7,4311695114633216,0.004312,-7206094,-7.2061,3239056742855678145334343,1660543233722888169,115792089237316195423570985008687907853269984665640564039457584007913112660613,,,v3_standard
0xb2cc224c1c9fee385f8ad6a55b4d94e92359dc59,47223736,0x8616f564c1a714f6be0706144c45894058f96978d36a6365adee1c52786fa029,568345397144804800,0.568345,-949856845,-949.8568,3239011423100671899351967,1660543233722888169,115792089237316195423570985008687907853269984665640564039457584007913112660613,,,v3_standard
0xb2cc224c1c9fee385f8ad6a55b4d94e92359dc59,47223737,0x31838e277f1e109c61447aaf4671ffa39be49de322658dbb5c6a29dc41b7c6ba,-5980348623398768,-0.005980,10000000,10.0000,3239011899994557251799303,1660543233722888169,115792089237316195423570985008687907853269984665640564039457584007913112660613,,,v3_standard
0xb2cc224c1c9fee385f8ad6a55b4d94e92359dc59,47223739,0xe3f86d442bd2bc4350b9199224a62171f117cd708dc51ff05f24ccfd79cb4806,632812500000000000,0.632812,-1057576845,-1057.5768,3238989699417630163149778,3774220392903037014,115792089237316195423570985008687907853269984665640564039457584007913112660613,,,v3_standard
0xb2cc224c1c9fee385f8ad6a55b4d94e92359dc59,47223739,0x0d18540408b5f8368ba88502436006663e159fdaa8394b05abec3401871e5c94,8194575540579903,0.008195,-13689219,-13.6892,3238989046277077451564654,1660548763987640245,115792089237316195423570985008687907853269984665640564039457584007913112660613,,,v3_standard
0xb2cc224c1c9fee385f8ad6a55b4d94e92359dc59,47223740,0xfcafc773c235f8bfb48e482b60d7286f7bb6aae204cabe1e2d55f0c7b5e691ca,1554375000000000000,1.554375,-2597659319,-2597.6593,3238934288343988979850462,3758501518889008685,115792089237316195423570985008687907853269984665640564039457584007913112660613,,,v3_standard
0xb2cc224c1c9fee385f8ad6a55b4d94e92359dc59,47223740,0xd5f1a4569140a4544d7fe48f08997634beedee161e9bc269bea7fc51971539d0,10892235545673995,0.010892,-18195096,-18.1951,3238933420218870363696364,1660548763987640245,115792089237316195423570985008687907853269984665640564039457584007913112660613,,,v3_standard
0xb2cc224c1c9fee385f8ad6a55b4d94e92359dc59,47223741,0xf67eed64a17e0a662ef1135ba6fa71fc21d9d4b345a6716a77546058c75b18ba,3146563820552356352,3.146564,-5258241196,-5258.2412,3238822620928959323113554,3759959007217244727,115792089237316195423570985008687907853269984665640564039457584007913112660612,,,v3_standard
0xb2cc224c1c9fee385f8ad6a55b4d94e92359dc59,47223744,0xf940142fa994f861a57ec867681a545fb4209ba313f06a268a2073b8f13c336b,-518909727864764014,-0.518910,867233706,867.2337,3238845868837648290649865,2955328639602919015,115792089237316195423570985008687907853269984665640564039457584007913112660612,,,v3_standard
0xb2cc224c1c9fee385f8ad6a55b4d94e92359dc59,47223747,0x046ea67fffc31f824a2490fce333348767c04bca0d01d40732beb8bcc01f4aff,-1032349145210163,-0.001032,1725338,1.7253,3238845951152046621461237,1660549338862998362,115792089237316195423570985008687907853269984665640564039457584007913112660612,,,v3_standard
0xb2cc224c1c9fee385f8ad6a55b4d94e92359dc59,47223747,0x605375d92a4e827da7a2848803be1642f6063ea92fbaa1c3007bc4e4c354bfa0,-10762579317338830,-0.010763,17987217,17.9872,3238846809306966736961316,1660549338862998362,115792089237316195423570985008687907853269984665640564039457584007913112660612,,,v3_standard
0xb2cc224c1c9fee385f8ad6a55b4d94e92359dc59,47223749,0x443a1201ee87d8fbd132ac0f1e721f22a44093548391730413e89d6649f97a65,-13834587758625968,-0.013835,23121398,23.1214,3238847912409335779272234,1660549338862998362,115792089237316195423570985008687907853269984665640564039457584007913112660612,,,v3_standard
0xb2cc224c1c9fee385f8ad6a55b4d94e92359dc59,47223751,0xa4db3c30077646ec33e94f500c11c550601a3b2abb838d72d52b57b3eb532635,-10730278838579455,-0.010730,17933255,17.9333,3238848767989810744065846,1660549338862998362,115792089237316195423570985008687907853269984665640564039457584007913112660612,,,v3_standard
0xb2cc224c1c9fee385f8ad6a55b4d94e92359dc59,47223753,0x8f38ff7a84d6777de7a6478e4b6cb67e39cf2c7bd8378e8a393ab84f808788ff,250312500000000000,0.250312,-418288549,-418.2885,3238828810598384316993751,1660549338862998362,115792089237316195423570985008687907853269984665640564039457584007913112660612,,,v3_standard
0xb2cc224c1c9fee385f8ad6a55b4d94e92359dc59,47223754,0xb4cfdba0fdea9877c22f8a9e94368e0a93236c2b05f8303e85d975c306a51b3d,-288732070926591846,-0.288732,482548524,482.5485,3238851832581587584619733,1660549338862998362,115792089237316195423570985008687907853269984665640564039457584007913112660612,,,v3_standard
0xb2cc224c1c9fee385f8ad6a55b4d94e92359dc59,47223759,0x443717d003c16d6ce7aa653a6e7724364b44cfbe940c3efbc5139933486a565a,1830000000000000000,1.830000,-3057936490,-3057.9365,3238705932255985528016891,1660549338862998362,115792089237316195423570985008687907853269984665640564039457584007913112660611,,,v3_standard
0xb2cc224c1c9fee385f8ad6a55b4d94e92359dc59,47223760,0x4f1ed5b8291bd726e0ed9a67ccf077eb04568906221e8c1b4c18472dba9e3a7c,1867500000000000000,1.867500,-3120315109,-3120.3151,3238557055720511396225102,1660549338862998362,115792089237316195423570985008687907853269984665640564039457584007913112660610,,,v3_standard
0xb2cc224c1c9fee385f8ad6a55b4d94e92359dc59,47223761,0xfa605a86cb5c544707c52c7bfa53a3f9bc1f53e5fe6e889914eb29426d3dc444,2529375000000000000,2.529375,-4225752557,-4225.7526,3238355436531890146326322,1660549338862998362,115792089237316195423570985008687907853269984665640564039457584007913112660609,,,v3_standard
0xb2cc224c1c9fee385f8ad6a55b4d94e92359dc59,47223762,0x4592448c488a2d40146f0dc9e32335c16b6b9f7bb071b2bf819a3e117916fc6a,-2813078865716446,-0.002813,4700000,4.7000,3238355660764927226794340,1660549338862998362,115792089237316195423570985008687907853269984665640564039457584007913112660609,,,v3_standard
0xb2cc224c1c9fee385f8ad6a55b4d94e92359dc59,47223766,0x5d128e50a04f9c092f96f6bd676f33984b2876fbbd17964b45b4ed90f0e5d676,477282721271546619,0.477283,-797323333,-797.3233,3238317618858478007639166,1660549338862998362,115792089237316195423570985008687907853269984665640564039457584007913112660609,,,v3_standard
0xb2cc224c1c9fee385f8ad6a55b4d94e92359dc59,47223768,0xe74b75ec7b76651dd505d7393d7fec8b9032aed7f0a59b7f2f7917f71b385f66,-21858942592993000,-0.021859,36520370,36.5204,3238319361214500557317979,1660549338862998362,115792089237316195423570985008687907853269984665640564039457584007913112660609,,,v3_standard
0xb2cc224c1c9fee385f8ad6a55b4d94e92359dc59,47223768,0x0dce8304ea0b8aeba7cd21d458efae1bfb263d148d2d29ab048b714282504191,1311562500000000000,1.311562,-2190933008,-2190.9330,3238214827375992074600201,1660549338862998362,115792089237316195423570985008687907853269984665640564039457584007913112660608,,,v3_standard
0xb2cc224c1c9fee385f8ad6a55b4d94e92359dc59,47223769,0x8f8562a4ad3b51189027fa264be226930d543caa9f1f906823aa683c1a86d3cd,1445625000000000000,1.445625,-2414717260,-2414.7173,3238099616338880699999129,1660549338862998362,115792089237316195423570985008687907853269984665640564039457584007913112660607,,,v3_standard
0xb2cc224c1c9fee385f8ad6a55b4d94e92359dc59,47223770,0xa2353cb7704d56760b921a350379ab06a1f164c3cd45fd2b5d8239810ec79a8c,2040000000000000000,2.040000,-3407246451,-3407.2465,3237937049729608005549221,1660549338862998362,115792089237316195423570985008687907853269984665640564039457584007913112660606,,,v3_standard
0xb2cc224c1c9fee385f8ad6a55b4d94e92359dc59,47223771,0x6de269f3c112140d273ae39ca9d9e95130b265a77ead009296b1f030d1b7a7dc,3048749916113817050,3.048750,-5091441921,-5091.4419,3237694126753151834706963,1660549338862998362,115792089237316195423570985008687907853269984665640564039457584007913112660605,,,v3_standard
0xb2cc224c1c9fee385f8ad6a55b4d94e92359dc59,47223776,0xbd10f4ba0e81f38a7c78c34e395b5898c14068b33bc85ee7044ed68378439c52,1539375000000000000,1.539375,-2570533478,-2570.5335,3237637664434214367176821,3606983347065151060,115792089237316195423570985008687907853269984665640564039457584007913112660605,,,v3_standard
0xb2cc224c1c9fee385f8ad6a55b4d94e92359dc59,47223780,0xd9294fa3e8f82f37b788f69f16b293cbb00edda60dbcf16a6136ab4db754245e,1364744790831844025,1.364745,-2278851325,-2278.8513,3237587608976291048456192,3606983347050214309,115792089237316195423570985008687907853269984665640564039457584007913112660604,,,v3_standard
0xb2cc224c1c9fee385f8ad6a55b4d94e92359dc59,47223784,0xa845c87905ab01892d5f826c4d8ce9070faef53595ea718f6420785018456370,-2992726486786030711,-2.992726,4998009600,4998.0096,3237737522645563262743786,2641249191873654890,115792089237316195423570985008687907853269984665640564039457584007913112660605,,,v3_standard
0xb2cc224c1c9fee385f8ad6a55b4d94e92359dc59,47223785,0x286465a785685953652615a4f84474de476acd409f3e289f5544793f2023a3a7,-5303763270656234163,-5.303763,8858698873,8858.6989,3238003236364790092973707,2641249855316891316,115792089237316195423570985008687907853269984665640564039457584007913112660607,,,v3_standard
0xb2cc224c1c9fee385f8ad6a55b4d94e92359dc59,47223787,0xa5188f5edab3f5b7fae18ea9648a4749362bc7c73e1d65ffbb0b51c7019639e3,-969405547320734588,-0.969406,1619322921,1619.3229,3238051807432356170728189,2641248960922333960,115792089237316195423570985008687907853269984665640564039457584007913112660607,,,v3_standard
0xb2cc224c1c9fee385f8ad6a55b4d94e92359dc59,47223789,0x4d45715d593c1e449dc141c5809dba9c97652e9a9f9ede8871d1188a6b7ff766,4717499970528533402,4.717500,-7878845185,-7878.8452,3237815469797306220847848,2641248511308742778,115792089237316195423570985008687907853269984665640564039457584007913112660606,,,v3_standard
0xb2cc224c1c9fee385f8ad6a55b4d94e92359dc59,47223790,0xedf49990986787f8af395ef91fba17779ac4589b97c99b6d6ddd710454e4e0f2,2349375000000000000,2.349375,-3923336140,-3923.3361,3237697783577176762884321,2641249867294902535,115792089237316195423570985008687907853269984665640564039457584007913112660605,,,v3_standard
0xb2cc224c1c9fee385f8ad6a55b4d94e92359dc59,47223790,0x59b80b77ad9430d417423f7a368543ea372612a0f96e268a9d1ae30a92337768,-33443963927939214,-0.033444,55880694,55.8807,3237700448344854296956468,1660549338862998362,115792089237316195423570985008687907853269984665640564039457584007913112660605,,,v3_standard
0xb2cc224c1c9fee385f8ad6a55b4d94e92359dc59,47223791,0xf1529045ca36e94c1bc049271a538c8b8c182fc12dd3918adf554e25c7816172,942187500000000000,0.942187,-1573327423,-1573.3274,3237653253789871952535683,2641233523768587053,115792089237316195423570985008687907853269984665640564039457584007913112660605,,,v3_standard
0xb2cc224c1c9fee385f8ad6a55b4d94e92359dc59,47223792,0xc9e459ee8f3b2ac751b44b68a5e8eb4c44ffa92240dda7c9087aa6b6ce469bca,870722298381136128,0.870722,-1453949290,-1453.9493,3237609640733210024261250,2641267077353049159,115792089237316195423570985008687907853269984665640564039457584007913112660604,,,v3_standard
0xb2cc224c1c9fee385f8ad6a55b4d94e92359dc59,47223793,0x86aa6798d4d997ce5f3a0a09fccc811bea7440ae21aa5f55de0a50695d34e5f9,1537624357814844160,1.537624,-2567459860,-2567.4599,3237532626510008541773500,2641267010119016864,115792089237316195423570985008687907853269984665640564039457584007913112660604,,,v3_standard
0xb2cc224c1c9fee385f8ad6a55b4d94e92359dc59,47223794,0xa31103664194b8bc3af706678a32de71a00031fe13a8de7d0f3498850c605fa2,337362231074560192,0.337362,-563296788,-563.2968,3237515727927078694825270,2640988871731980994,115792089237316195423570985008687907853269984665640564039457584007913112660604,,,v3_standard
0xb2cc224c1c9fee385f8ad6a55b4d94e92359dc59,47223798,0xb200977e9e419dc39a45d641bfa62025aae0749d16da9df951128e1391660ea6,651019260573348992,0.651019,-1086996162,-1086.9962,3237483118689875175487134,2640991204442011602,115792089237316195423570985008687907853269984665640564039457584007913112660604,,,v3_standard
0xb2cc224c1c9fee385f8ad6a55b4d94e92359dc59,47223798,0x2e602607e658a41646bb2ac8e1905f1037a52d0f21abe4749fdd2fd7ed8e8724,-11976998609560911,-0.011977,20000000,20.0000,3237483718641959008737134,2640991204442011602,115792089237316195423570985008687907853269984665640564039457584007913112660604,,,v3_standard
0xb2cc224c1c9fee385f8ad6a55b4d94e92359dc59,47223799,0x480e593af699a9035dd026a0ceae9278f5f83214b3c4adbe40d0ea12b592c99c,1808430031068572416,1.808430,-3019392134,-3019.3921,3237393138677004879884660,2640991204438902739,115792089237316195423570985008687907853269984665640564039457584007913112660603,,,v3_standard
0xb2cc224c1c9fee385f8ad6a55b4d94e92359dc59,47223819,0xc51364cef9db3d33f36c93fdc07ed4dfef9b5a6e24f51f867857e89b2fa80cdd,-492274734974805546,-0.492275,821993966,821.9940,3237417793776696208369841,2641285770745490825,115792089237316195423570985008687907853269984665640564039457584007913112660603,,,v3_standard
0xb2cc224c1c9fee385f8ad6a55b4d94e92359dc59,47223821,0x6f24d3bbb3a1d9e76d34da1d22740d07a0e03e6c796c438a669a306bfda72c17,-2697846344740344699,-2.697846,4505051160,4505.0512,3237552919447249281315345,2641285762279595864,115792089237316195423570985008687907853269984665640564039457584007913112660604,,,v3_standard
0xb2cc224c1c9fee385f8ad6a55b4d94e92359dc59,47223828,0x568746bec865d5e3a19d4bf97412663c56b77a1dedd7ff868bb61e2f8b198748,-5076335658223452856,-5.076336,8477837405,8477.8374,3237807205940195867238118,2641285311073429966,115792089237316195423570985008687907853269984665640564039457584007913112660606,,,v3_standard
0xb2cc224c1c9fee385f8ad6a55b4d94e92359dc59,47223828,0x388385099c8a62c1e9b5aff0926b593373e84ab1ae4611a31659efe5d039c271,7000000000000000,0.007000,-11684814,-11.6848,3237806648434181296977311,1660549611643336773,115792089237316195423570985008687907853269984665640564039457584007913112660606,,,v3_standard
0xb2cc224c1c9fee385f8ad6a55b4d94e92359dc59,47223829,0x86ed667f142984d55c50cc416bda948d3a6306d42fa22c9937d466b1826c1132,-1993234177063585890,-1.993234,3329204190,3329.2042,3237906516098626714665101,2641004032786760146,115792089237316195423570985008687907853269984665640564039457584007913112660606,,,v3_standard
0xb2cc224c1c9fee385f8ad6a55b4d94e92359dc59,47223830,0x24624f5349434fd5658544dfa4d8fa330051e9698b72c1232cd2583c1704ec08,-1094100511073887338,-1.094101,1827511320,1827.5113,3237961331760149468100333,2641246541378916949,115792089237316195423570985008687907853269984665640564039457584007913112660607,,,v3_standard
0xb2cc224c1c9fee385f8ad6a55b4d94e92359dc59,47223833,0x11546ab08f6a7d62661d3c54ad3e6599962b0c279ac5b0b14739b7bc330e5cb9,-3274016415653952206,-3.274016,5469064704,5469.0647,3238125374752708013402446,2641246310894665868,115792089237316195423570985008687907853269984665640564039457584007913112660608,,,v3_standard
0xb2cc224c1c9fee385f8ad6a55b4d94e92359dc59,47223834,0x40908b1451dc5bc6beae64321e406430defcbcbad20078c9dda64648d785071b,-1200044337062670910,-1.200044,2004746978,2004.7470,3238185507111835785228205,2641221660303773724,115792089237316195423570985008687907853269984665640564039457584007913112660608,,,v3_standard
0xb2cc224c1c9fee385f8ad6a55b4d94e92359dc59,47223835,0x441b43a32713ba03e57b9f0171e45fc713e3a4128d5854abab08791a07a8ad2c,-443447280900223254,-0.443447,740827469,740.8275,3238220851359912213889670,1660549611643336773,115792089237316195423570985008687907853269984665640564039457584007913112660608,,,v3_standard
0xb2cc224c1c9fee385f8ad6a55b4d94e92359dc59,47223842,0x3880423194a6189eb4dd5833a6d3b638d149133dd329816514badc33210621ea,6954638659931448320,6.954639,-11615971571,-11615.9716,3237872409385534588217407,2641220493291003433,115792089237316195423570985008687907853269984665640564039457584007913112660606,,,v3_standard
0xb2cc224c1c9fee385f8ad6a55b4d94e92359dc59,47223843,0xbe149d0ebd5694f6bb8bfd604d1c92d4b83148a1997840bea1272bdc0cb17589,3012705102030129152,3.012705,-5031188717,-5031.1887,3237721429258566843401760,2640160962436657487,115792089237316195423570985008687907853269984665640564039457584007913112660605,,,v3_standard
0xb2cc224c1c9fee385f8ad6a55b4d94e92359dc59,47223848,0x3a58fc878ee417bc5d2f382016138f8378cfaf335cd642e6711c10a9f6d0694d,-755650215960559880,-0.755650,1262044701,1262.0447,3237781640337221697318975,1660549611643336773,115792089237316195423570985008687907853269984665640564039457584007913112660605,,,v3_standard
0xb2cc224c1c9fee385f8ad6a55b4d94e92359dc59,47223852,0x37f4c35a9283753aef9a737f80ec62022be084344524c8f30e5724330c254c5f,5673865203963640832,5.673865,-9474379530,-9474.3795,3237497441853412868199281,2641244496135261251,115792089237316195423570985008687907853269984665640564039457584007913112660604,,,v3_standard
0xb2cc224c1c9fee385f8ad6a55b4d94e92359dc59,47223854,0x4c39834cd9a5c96047a90baeb380c27118fd617a38fa4e69cbde70f92925d31b,4072499897340978576,4.072500,-6799349249,-6799.3492,3237293380922994989272294,2639897535446180835,115792089237316195423570985008687907853269984665640564039457584007913112660602,,,v3_standard
0xb2cc224c1c9fee385f8ad6a55b4d94e92359dc59,47223855,0xaa94eb2401a3d9e532ecaa51b34691ad23d2cf955ea10e330aa793238c7b8b07,305156250000000000,0.305156,-509447119,-509.4471,3237278090626223018168166,2639749885056782518,115792089237316195423570985008687907853269984665640564039457584007913112660602,,,v3_standard
0xb2cc224c1c9fee385f8ad6a55b4d94e92359dc59,47223856,0x68acb15c39aae6db008f375139151782e078545ed969a67c8bae9caac94b8d4c,2675624907131349581,2.675625,-4466542081,-4466.5421,3237064982918155169058050,1660549611643336773,115792089237316195423570985008687907853269984665640564039457584007913112660601,,,v3_standard
0xb2cc224c1c9fee385f8ad6a55b4d94e92359dc59,47223858,0x303430245601bad15e630d810885e0e91ef067d7dad4aec8c57510adb44b583b,1216875000000000000,1.216875,-2031212704,-2031.2127,3237004054890348947474664,2641300826894717365,115792089237316195423570985008687907853269984665640564039457584007913112660601,,,v3_standard
0xb2cc224c1c9fee385f8ad6a55b4d94e92359dc59,47223863,0x582681033db7320c0c5f6259d7cebc795eafdf79711e8e7c7b1d93c57dd05a4e,1468125000000000000,1.468125,-2450498455,-2450.4985,3236930550000993056266517,2641300348436743746,115792089237316195423570985008687907853269984665640564039457584007913112660600,,,v3_standard
0xb2cc224c1c9fee385f8ad6a55b4d94e92359dc59,47223863,0x2cd38c340c5e088a2b1f92b37038003a9ae8c0f028667575c141573a82fad4a0,27952342984159644,0.027952,-46628353,-46.6284,3236928325268427996450098,1660549611643336773,115792089237316195423570985008687907853269984665640564039457584007913112660600,,,v3_standard
0xb2cc224c1c9fee385f8ad6a55b4d94e92359dc59,47223864,0x1e380f61bd96c5b288c1c81d26dc4ce502d9c97d22ce5d55ac6d0095065aad9e,533437500000000000,0.533438,-890350278,-890.3503,3236901611359116338206972,2640602530457479346,115792089237316195423570985008687907853269984665640564039457584007913112660600,,,v3_standard
0xb2cc224c1c9fee385f8ad6a55b4d94e92359dc59,47223864,0x2362a67369987df425a60769a8b403c2d487a6789d16c2119e3fa8d3d3ba39b8,-193823135890864715,-0.193823,323730000,323.7300,3236917047376015081135602,1660549611643336773,115792089237316195423570985008687907853269984665640564039457584007913112660600,,,v3_standard
0xb2cc224c1c9fee385f8ad6a55b4d94e92359dc59,47223865,0x4fa865f2be409e39bbe9549d82bb7ca26823d802e8c3f990fa8e16d6216181ba,-451414485544330501,-0.451414,753543893,753.5439,3236939649249674701606598,2641299423772024982,115792089237316195423570985008687907853269984665640564039457584007913112660600,,,v3_standard
0xb2cc224c1c9fee385f8ad6a55b4d94e92359dc59,47223865,0xebd4e2df833530e76feaf21c44ba646166c47433d8e0ee3a959481c3b8c76cc9,-259456430856943702,-0.259456,433114056,433.1141,3236952640117580438340014,2641299423772024982,115792089237316195423570985008687907853269984665640564039457584007913112660600,,,v3_standard
0xb2cc224c1c9fee385f8ad6a55b4d94e92359dc59,47223865,0x3caaaa33ef56b9e2dbb670781891a82df914b582040b1ccad86d79e39e20ecbb,-110289802365214953,-0.110290,184109281,184.1093,3236958162310433951030733,2641299423772024982,115792089237316195423570985008687907853269984665640564039457584007913112660600,,,v3_standard
0xb2cc224c1c9fee385f8ad6a55b4d94e92359dc59,47223865,0x5ea3c761a7a399fd905dd1ce0055946cc82a1f29b2afa5c814aaac1111075a11,-1263798752644942321,-1.263799,2109732901,2109.7329,3237021441857849178424943,2641299423772024982,115792089237316195423570985008687907853269984665640564039457584007913112660601,,,v3_standard
0xb2cc224c1c9fee385f8ad6a55b4d94e92359dc59,47223866,0x77eae9a776b3be93284da20352ad7c51aba886e85774749868037d0a40a1e6fb,-356255596898283334,-0.356256,594733131,594.7331,3237039280337792111631590,2641300499171714878,115792089237316195423570985008687907853269984665640564039457584007913112660601,,,v3_standard
0xb2cc224c1c9fee385f8ad6a55b4d94e92359dc59,47223867,0xdfb5553ff0fa1fb43dfb7c50ab65061b3ae2963000457091dc9e7dd09213c3be,-1685705885995276511,-1.685706,2814206474,2814.2065,3237123689899660772806429,2641300642038008897,115792089237316195423570985008687907853269984665640564039457584007913112660601,,,v3_standard
0xb2cc224c1c9fee385f8ad6a55b4d94e92359dc59,47223868,0x284691fc3073daae6fee46fafee1fa3aba24bf7e8a972619cb76ea2a6aefb4f6,-527825763068909555,-0.527826,881214640,881.2146,3237165731900205485927594,1660549611643336773,115792089237316195423570985008687907853269984665640564039457584007913112660602,,,v3_standard
0xb2cc224c1c9fee385f8ad6a55b4d94e92359dc59,47223869,0x208112daff5ce2e2687352dcc79a670149df88919023281fa8a2fee2f1da1e7a,-757519997053038447,-0.757520,1264724556,1264.7246,3237203666152549885221899,2641301312571083977,115792089237316195423570985008687907853269984665640564039457584007913112660602,,,v3_standard
0xb2cc224c1c9fee385f8ad6a55b4d94e92359dc59,47223869,0xff0da6ebff3a3f9632793d1eadd51d9116625ff5ff66de8dd7f3cc2ca678c483,185396012598508,0.000185,-309496,-0.3095,3237203656868940779475753,2641301312571083977,115792089237316195423570985008687907853269984665640564039457584007913112660602,,,v3_standard
0xb2cc224c1c9fee385f8ad6a55b4d94e92359dc59,47223872,0xc018aca7494628526e0dd8cc2fbd096f099b7e97e3547375be707f0958e03552,-170593757805433853,-0.170594,284820927,284.8209,3237217245432946519396799,1660549611643336773,115792089237316195423570985008687907853269984665640564039457584007913112660602,,,v3_standard
0xb2cc224c1c9fee385f8ad6a55b4d94e92359dc59,47223872,0xc4cde9898e6e64a29973bb4116255f1b1720b51541afb2760f769a17f6f0fde8,-883675480175223952,-0.883675,1475410363,1475.4104,3237287636005755862772566,1660549611643336773,115792089237316195423570985008687907853269984665640564039457584007913112660602,,,v3_standard
0xb2cc224c1c9fee385f8ad6a55b4d94e92359dc59,47223874,0x29fa5228fa3452d2d0c8a2d9cb9669ac2adfb11b1fcf3a38330fcc4ac6142582,-785646433740344954,-0.785646,1311782673,1311.7827,3237326982912093491610763,2641221500290277376,115792089237316195423570985008687907853269984665640564039457584007913112660603,,,v3_standard
0xb2cc224c1c9fee385f8ad6a55b4d94e92359dc59,47223875,0xc8bbf59323adb4a78166e41ef76eeb6b1a5d022290390c1891f85024d5ec23ee,-762207642686340078,-0.762208,1272677732,1272.6777,3237365155712874042299368,2641301297672532703,115792089237316195423570985008687907853269984665640564039457584007913112660603,,,v3_standard
0xb2cc224c1c9fee385f8ad6a55b4d94e92359dc59,47223875,0x12c60e29aa30c9d0ff9dfd194e943e20024293e41b8d1cdae92b394d8a25de14,-394694130190694844,-0.394694,659042750,659.0427,3237384923095424312243260,2641301297672532703,115792089237316195423570985008687907853269984665640564039457584007913112660603,,,v3_standard
0xb2cc224c1c9fee385f8ad6a55b4d94e92359dc59,47223875,0xd645fb8e98d6883af170e59a201791a7edf7cf337164dd1bd4cfa22748832401,-504853759882855049,-0.504854,842994144,842.9941,3237410207931250423717200,2641301297672532703,115792089237316195423570985008687907853269984665640564039457584007913112660603,,,v3_standard
0xb2cc224c1c9fee385f8ad6a55b4d94e92359dc59,47223875,0x70f89545b1fc800a5215a1fd706cff6371f7b02f94e0a033ced7439f32d223a6,-288753870348437103,-0.288754,482161033,482.1610,3237424669909004907014071,2641301297672532703,115792089237316195423570985008687907853269984665640564039457584007913112660603,,,v3_standard
0xb2cc224c1c9fee385f8ad6a55b4d94e92359dc59,47223877,0x196e072e257aace99b454c2aaf583895c1298af52d70e24689ca34b0f4c00ca5,-2576839560847120706,-2.576840,4302995853,4302.9959,3237553735438655010650237,2641278430707759725,115792089237316195423570985008687907853269984665640564039457584007913112660604,,,v3_standard
0xb2cc224c1c9fee385f8ad6a55b4d94e92359dc59,47223879,0x689fcbff49d03e9dde94caab550342ae54fb64dd313e16a0f86df93cf3510427,4172985058585857024,4.172985,-6967348576,-6967.3486,3237344743539483937362994,2641299627115450304,115792089237316195423570985008687907853269984665640564039457584007913112660603,,,v3_standard
0xb2cc224c1c9fee385f8ad6a55b4d94e92359dc59,47223880,0x266d38da0a3f2da9dd12e09132539a92767ab915ed884aa4d9941da6ecfa7863,707151267849520632,0.707151,-1180593117,-1180.5931,3237309330606610619191594,2641301236411597215,115792089237316195423570985008687907853269984665640564039457584007913112660603,,,v3_standard
0xb2cc224c1c9fee385f8ad6a55b4d94e92359dc59,47223881,0x63f8cd15640c9d2369d6b916a951c49599fd8e9e800f91a7a9a2a5b2d7a70cb5,3617582145899617792,3.617582,-6039170224,-6039.1702,3237128180371489114948718,2641301346832376457,115792089237316195423570985008687907853269984665640564039457584007913112660601,,,v3_standard
0xb2cc224c1c9fee385f8ad6a55b4d94e92359dc59,47223883,0x705f996416e564749c8951236b5efc190e654b772bbce18ef15e4a6235bafb31,-700330073601756253,-0.700330,1169214426,1169.2144,3237163249943676951366891,2641296904556852910,115792089237316195423570985008687907853269984665640564039457584007913112660602,,,v3_standard
0xb2cc224c1c9fee385f8ad6a55b4d94e92359dc59,47223883,0x2f35659cf4234d8961eb3722aff9a38e44970e66fe9b8703d0290839d62d17c2,-648829504170228,-0.000649,1083811,1.0838,3237163301624373794427217,1660549611643336773,115792089237316195423570985008687907853269984665640564039457584007913112660602,,,v3_standard
0xb2cc224c1c9fee385f8ad6a55b4d94e92359dc59,47223884,0x1bc46c5f3144e102a8be6b56f9e6ee038243e81a5de238a2c931c749ff1632c1,-4567986940331493489,-4.567987,7626963200,7626.9632,3237392065752079287202962,2641297085024279673,115792089237316195423570985008687907853269984665640564039457584007913112660603,,,v3_standard
0xb2cc224c1c9fee385f8ad6a55b4d94e92359dc59,47223885,0xb2ec542774ba81415dc7187df47fa8dc45dc4587a4da0c72a4d83c8dc8c1d478,-7185926726298148292,-7.185927,12000201927,12000.2019,3237752001365872469675819,2641297128534866868,115792089237316195423570985008687907853269984665640564039457584007913112660605,,,v3_standard
0xb2cc224c1c9fee385f8ad6a55b4d94e92359dc59,47223891,0x7867e76dde1929d97d12d5a10518976af5ab07cdb3c1395392e3c5ac5ba60659,2920955269361346048,2.920955,-4877611609,-4877.6116,3237605690799744896436037,2641259722306305110,115792089237316195423570985008687907853269984665640564039457584007913112660604,,,v3_standard
0xb2cc224c1c9fee385f8ad6a55b4d94e92359dc59,47223893,0xd03bd75d3e6a56c0958ca90cb46f4734ed046f26726c1eaf9b2ca9af940aaf45,842812500000000000,0.842812,-1407304217,-1407.3042,3237563476804577282798411,2641259771147005870,115792089237316195423570985008687907853269984665640564039457584007913112660604,,,v3_standard
0xb2cc224c1c9fee385f8ad6a55b4d94e92359dc59,47223893,0x3592df4d4f722fcac63e84f2d1fc88cdf1c68a9535732e65da9146d1c584a554,1495672012705784800,1.495672,-2497340018,-2497.3400,3237488565709882696957763,2641259771147005870,115792089237316195423570985008687907853269984665640564039457584007913112660604,,,v3_standard
0xb2cc224c1c9fee385f8ad6a55b4d94e92359dc59,47223895,0x844c41f7952da7bcad40b503eb0195cebc58b9251fe17aeba4572d8a7802fe1a,-748748878628456815,-0.748749,1250329832,1250.3298,3237526068397778398250537,2641287784621195901,115792089237316195423570985008687907853269984665640564039457584007913112660604,,,v3_standard
0xb2cc224c1c9fee385f8ad6a55b4d94e92359dc59,47223896,0x3e24bd063e4bdb16a0f0c3fc6b959a63b2b1bf7379e2fc50b75961bf10025dc4,-2507502573474781633,-2.507503,4187469672,4187.4697,3237651668359744334309150,2641287596807858115,115792089237316195423570985008687907853269984665640564039457584007913112660605,,,v3_standard
0xb2cc224c1c9fee385f8ad6a55b4d94e92359dc59,47223898,0xf0060afbc425d18fbb5f63a91ba6a66e51fa2974c876a32bcf0b6aab3ba3b1f9,2252435271852394240,2.252435,-3761076823,-3761.0768,3237538850461874987149452,2641275998300209296,115792089237316195423570985008687907853269984665640564039457584007913112660604,,,v3_standard
0xb2cc224c1c9fee385f8ad6a55b4d94e92359dc59,47223899,0x3b9cdeffc96f02801d64a7ff2160b1879090ac045772633f090b0720debfb1da,40770204293406,0.000041,-68074,-0.0681,3237538847213879875556085,1660549611643336773,115792089237316195423570985008687907853269984665640564039457584007913112660604,,,v3_standard
0xb2cc224c1c9fee385f8ad6a55b4d94e92359dc59,47223899,0x3b9cdeffc96f02801d64a7ff2160b1879090ac045772633f090b0720debfb1da,42505190512726,0.000043,-70971,-0.0710,3237538843827665528278237,1660549611643336773,115792089237316195423570985008687907853269984665640564039457584007913112660604,,,v3_standard
0xb2cc224c1c9fee385f8ad6a55b4d94e92359dc59,47223904,0x6f5216b663af80d1c70e6382fabe852787af965cd8dfb6ce4af40c0722ce0577,-867371324487700316,-0.867371,1448464163,1448.4642,3237582289590037330371888,2641276439323862465,115792089237316195423570985008687907853269984665640564039457584007913112660604,,,v3_standard
0xb2cc224c1c9fee385f8ad6a55b4d94e92359dc59,47223912,0x7b6f2586c0ebe5bf6a5f03cff65fa6f7b387b7ee1513dffd522a365137811a6d,405354474752322304,0.405354,-676845257,-676.8453,3237567479706946158500738,3620906778791945508,115792089237316195423570985008687907853269984665640564039457584007913112660604,,,v3_standard
0xb2cc224c1c9fee385f8ad6a55b4d94e92359dc59,47223913,0x27839b0b80aa0158329defea8d93e831dcd1514b5d12b924695b4bd30d7c2094,2042861404284231680,2.042861,-3410904064,-3410.9041,3237404738612274225233871,1660549611643336773,115792089237316195423570985008687907853269984665640564039457584007913112660603,,,v3_standard
0xb2cc224c1c9fee385f8ad6a55b4d94e92359dc59,47223914,0x8bf6b88411f8b6764a996492fe547e1c2c155c86d13289b0695025f9bacad85d,7468236069125216256,7.468236,-12467817802,-12467.8178,3237133704145594609447250,3644563391249160716,115792089237316195423570985008687907853269984665640564039457584007913112660601,,,v3_standard
0xb2cc224c1c9fee385f8ad6a55b4d94e92359dc59,47223915,0x6d5ca71d774ad2b303cc0857d67c978ea245ae3be1e76e426b32925a91381ce7,4308856569532384256,4.308857,-7192454251,-7192.4543,3236977336660625137411112,3644267440928221321,115792089237316195423570985008687907853269984665640564039457584007913112660600,,,v3_standard
0xb2cc224c1c9fee385f8ad6a55b4d94e92359dc59,47223917,0xb08f69cada351233e34d3ae59b797883bb81b386fd3d8232d3806f390ed66e9e,-6534307779516872,-0.006534,10914000,10.9140,3236977857072904020800622,1660549611643336773,115792089237316195423570985008687907853269984665640564039457584007913112660600,,,v3_standard
0xb2cc224c1c9fee385f8ad6a55b4d94e92359dc59,47223922,0x7d29f0213d5f949428e870b373151e7382053f4a4624e02a26cb4d15e9fabef5,627907211201288,0.000628,-1047494,-1.0475,3236977807094853913154480,1660549774395384227,115792089237316195423570985008687907853269984665640564039457584007913112660600,,,v3_standard
0xb2cc224c1c9fee385f8ad6a55b4d94e92359dc59,47223925,0x1339b5f8991e79c6b4af922055167f3058b8153e992598b7ef612f76b9431653,565721791060092992,0.565722,-944264717,-944.2647,3236952742078924527511704,2984732134489900997,115792089237316195423570985008687907853269984665640564039457584007913112660600,,,v3_standard
0xb2cc224c1c9fee385f8ad6a55b4d94e92359dc59,47223925,0x865704a8b682ff44c5cd14092ccf5d8c17a0978f483e01b6de1088e23bc6a078,618750000000000000,0.618750,-1032759089,-1032.7591,3236925328025914463176043,2984732134489900997,115792089237316195423570985008687907853269984665640564039457584007913112660600,,,v3_standard
0xb2cc224c1c9fee385f8ad6a55b4d94e92359dc59,47223925,0xf199ad47784d6d2bb39ed6f77db214751929c3c5e9385289b43e93b425cbeef1,804375000000000000,0.804375,-1342560664,-1342.5607,3236889690451188488129181,2984732134489900997,115792089237316195423570985008687907853269984665640564039457584007913112660600,,,v3_standard
0xb2cc224c1c9fee385f8ad6a55b4d94e92359dc59,47223925,0xae2e0b79f5c1ed3ec94f36434bce57be45af0a5d42ed2b5d5fc1d7587776663f,447187500000000000,0.447188,-746375835,-746.3758,3236869878292746767135830,2984732134489900997,115792089237316195423570985008687907853269984665640564039457584007913112660600,,,v3_standard
0xb2cc224c1c9fee385f8ad6a55b4d94e92359dc59,47223926,0xd5ea355876bc82a13d513a694ab9c5e773283effa0c8a53620253046dca3238c,2619374897484409705,2.619375,-4371669761,-4371.6698,3236753834592113995284888,2984732134485100514,115792089237316195423570985008687907853269984665640564039457584007913112660599,,,v3_standard
0xb2cc224c1c9fee385f8ad6a55b4d94e92359dc59,47223927,0x3240cdc616e7a17db5a8e91f97bda9ac526acf9182a117f42b5df7f12734eece,2648742179635993600,2.648742,-4420236490,-4420.2365,3236542936237590702087119,1660549774395384227,115792089237316195423570985008687907853269984665640564039457584007913112660598,,,v3_standard
0xb2cc224c1c9fee385f8ad6a55b4d94e92359dc59,47223930,0xde4efaf42b6befe07e41a123126ddddff51fb353309a46b7aff377f6fdbce718,354843750000000000,0.354844,-592121579,-592.1216,3236514684936756794466775,1660550252294649116,115792089237316195423570985008687907853269984665640564039457584007913112660598,,,v3_standard
0xb2cc224c1c9fee385f8ad6a55b4d94e92359dc59,47223930,0xd03032f353e905fce9b6af377968897cb845c6db7404a3508af7625edc33f0f3,357890625000000000,0.357891,-597195376,-597.1954,3236486191554969453392488,1660550252294649116,115792089237316195423570985008687907853269984665640564039457584007913112660597,,,v3_standard
0xb2cc224c1c9fee385f8ad6a55b4d94e92359dc59,47223931,0x7e05b02624213f00ce8ed4f93eec8afae50e7c494cf0ae9689c39b064f039820,108023822264336,0.000108,-180252,-0.1803,3236486182954752825250097,1660550252294649116,115792089237316195423570985008687907853269984665640564039457584007913112660597,,,v3_standard
0xb2cc224c1c9fee385f8ad6a55b4d94e92359dc59,47223933,0x40734580542f63e9b74f928a4d69894a3f7e5e2295b13e9c6cada81b4a4c44f6,718125000000000000,0.718125,-1198269935,-1198.2699,3236429011107636721084907,1660550252294649116,115792089237316195423570985008687907853269984665640564039457584007913112660597,,,v3_standard
0xb2cc224c1c9fee385f8ad6a55b4d94e92359dc59,47223933,0xf0897b369533215d07ab5f52d0806e50c9eb5a03beddf7fc344727ba06504fae,583694240677553940,0.583694,-973926353,-973.9264,3236382543139974481444957,1660550252294649116,115792089237316195423570985008687907853269984665640564039457584007913112660597,,,v3_standard
0xb2cc224c1c9fee385f8ad6a55b4d94e92359dc59,47223933,0x6f36a1bb7d761bd420c5c937ec1127bf9bd02ce8faf49b0dc433d4b0968913ea,-18644112229819431,-0.018644,31112041,31.1120,3236384027468387977530451,1660550252294649116,115792089237316195423570985008687907853269984665640564039457584007913112660597,,,v3_standard
0xb2cc224c1c9fee385f8ad6a55b4d94e92359dc59,47223934,0x6a71913145fe54a738813b8eeb5e8a7f2bf2ffeb486f36436c00e50751e98ab8,-57198306739402697,-0.057198,95448866,95.4489,3236388581250796618393849,1660550252294649116,115792089237316195423570985008687907853269984665640564039457584007913112660597,,,v3_standard
0xb2cc224c1c9fee385f8ad6a55b4d94e92359dc59,47223935,0x57668fd38c868af74a03782741eb9d695943af2a3fca9adeaa8dd48b07d2eef9,-12221989293997919,-0.012222,20395307,20.3953,3236389554293148104357500,1660550252294649116,115792089237316195423570985008687907853269984665640564039457584007913112660597,,,v3_standard
0xb2cc224c1c9fee385f8ad6a55b4d94e92359dc59,47223936,0xc57986bde6aa6bd29e4454c617fcf157f374dd3075b85b2177047a4e6b45607c,-8596879951733237,-0.008597,14345954,14.3460,3236390238726129229561157,1660550252294649116,115792089237316195423570985008687907853269984665640564039457584007913112660597,,,v3_standard
0xb2cc224c1c9fee385f8ad6a55b4d94e92359dc59,47223937,0xd753d7ac42414fa91e4479fcd142b134fd9265c0a158d37c496ed1eabd2d01f6,1280902578784981760,1.280903,-2137169441,-2137.1694,3236288270112035269685810,1660550252294649116,115792089237316195423570985008687907853269984665640564039457584007913112660596,,,v3_standard
0xb2cc224c1c9fee385f8ad6a55b4d94e92359dc59,47223938,0xe99c36560d9f25d2a57fcc431aaaf5ef5230cac9ab121616ce2ecfb933fa4cfe,2958749931388129245,2.958750,-4936121345,-4936.1213,3236052757923487304197557,1660550252294649116,115792089237316195423570985008687907853269984665640564039457584007913112660595,,,v3_standard
0xb2cc224c1c9fee385f8ad6a55b4d94e92359dc59,47223939,0xdd8937620c307ca3a1a1d342be998dafa025c69547a9b58dd4689860d295b349,5226158679126382592,5.226159,-8717114123,-8717.1141,3235636847032824128858930,1660550252294649116,115792089237316195423570985008687907853269984665640564039457584007913112660592,,,v3_standard
0xb2cc224c1c9fee385f8ad6a55b4d94e92359dc59,47223940,0x9f14c0d23241a3e3a94b9994898fd74d63f726fad72d4f1ce4c48d6a5319300f,-137515680648535128,-0.137516,229371856,229.3719,3235647790164620986621026,1660550252294649116,115792089237316195423570985008687907853269984665640564039457584007913112660592,,,v3_standard
0xb2cc224c1c9fee385f8ad6a55b4d94e92359dc59,47223941,0xccceed72fb5549cac5cb3c72ecba0676b0c74ac03e8a07a1245fb7aa1e12e116,-12180135513764343,-0.012180,20316160,20.3162,3235648759430949898718417,1660550252294649116,115792089237316195423570985008687907853269984665640564039457584007913112660592,,,v3_standard
0xb2cc224c1c9fee385f8ad6a55b4d94e92359dc59,47223941,0x0af8d0b0dc0d1bc75f1e8d15ec72c2a84311459cf7bcec06f1c5162546ea3ab2,-9822684054141621,-0.009823,16384000,16.3840,3235649541097299548867741,1660550252294649116,115792089237316195423570985008687907853269984665640564039457584007913112660592,,,v3_standard
0xb2cc224c1c9fee385f8ad6a55b4d94e92359dc59,47223942,0xb31bccf8a69e89bab90eb31c37e46935afd1990e8194d97a2c8a9ba9e76a6fc9,-68331802116388847,-0.068332,113976010,113.9760,3235654977253336939724845,1661020754278757372,115792089237316195423570985008687907853269984665640564039457584007913112660592,,,v3_standard
0xb2cc224c1c9fee385f8ad6a55b4d94e92359dc59,47223942,0x35a6489527926e9e5dab11a9c1cc59979b0ad184d6b23747edc45063ade89769,234375000000000000,0.234375,-390884067,-390.8841,3235636332678115685651862,1661020754278757372,115792089237316195423570985008687907853269984665640564039457584007913112660592,,,v3_standard
0xb2cc224c1c9fee385f8ad6a55b4d94e92359dc59,47223943,0x494297ddf1496f7fd02f7392f38eb22a52deaecc953632e87d23942353cdc663,-17932049041458106,-0.017932,29910000,29.9100,3235637759253984858846246,1661020754278757372,115792089237316195423570985008687907853269984665640564039457584007913112660592,,,v3_standard
0xb2cc224c1c9fee385f8ad6a55b4d94e92359dc59,47223944,0xc7552b6871652a91f4914c8e9d2eb67b9835c41f63cd174c6adf9687e926d753,-230213723442299313,-0.230214,383990384,383.9904,3235656073912036083348810,1661020754278757372,115792089237316195423570985008687907853269984665640564039457584007913112660592,,,v3_standard
0xb2cc224c1c9fee385f8ad6a55b4d94e92359dc59,47223944,0xa5e06ef06e14cdf0d5b5ecb3113d70b188ac6d8b2c251dde4e2b162b2b289ef1,-4304688012761976,-0.004305,7180147,7.1801,3235656416373564386926055,1661020754278757372,115792089237316195423570985008687907853269984665640564039457584007913112660592,,,v3_standard
0xb2cc224c1c9fee385f8ad6a55b4d94e92359dc59,47223945,0xabcbfb0a77058007e7de1b7aa0ee7783b97a13788600788ad5d3a64625a00e78,-626264503668176360,-0.626265,1044608825,1044.6088,3235687740252250587751789,2641993119576539937,115792089237316195423570985008687907853269984665640564039457584007913112660592,,,v3_standard
0xb2cc224c1c9fee385f8ad6a55b4d94e92359dc59,47223945,0x114d9e1515d64531aef67b5ccccfebf601e15a222fb46ac1b6d2543b8ccd075d,-277503667976490513,-0.277504,462882422,462.8824,3235701620350226517547031,2641993119576539937,115792089237316195423570985008687907853269984665640564039457584007913112660593,,,v3_standard
0xb2cc224c1c9fee385f8ad6a55b4d94e92359dc59,47223947,0xaf526b07ef9d93c9d83ec71b045dd3cb83ab7e07184321f7b64e67afd4106bd5,-378287424494423751,-0.378287,630998414,630.9984,3235720542071909648408917,2641929003583713241,115792089237316195423570985008687907853269984665640564039457584007913112660593,,,v3_standard
0xb2cc224c1c9fee385f8ad6a55b4d94e92359dc59,47223948,0x1eb3f02800cf015e9410412e8e8472d97ca25cce1110034d7891fabd74581e74,2149615027456925573,2.149615,-3585114620,-3585.1146,3235613028955437124204348,2641929218498900930,115792089237316195423570985008687907853269984665640564039457584007913112660592,,,v3_standard
0xb2cc224c1c9fee385f8ad6a55b4d94e92359dc59,47223950,0x5daf2aae7ab7b061a030bd54c56649f044b15293ebd8d83b8616231801790eaa,2635887098015588352,2.635887,-4395791002,-4395.7910,3235481208317594707779311,2642002417892536212,115792089237316195423570985008687907853269984665640564039457584007913112660591,,,v3_standard
0xb2cc224c1c9fee385f8ad6a55b4d94e92359dc59,47223953,0xbe45d38b4dbf28672f9b72aa532d4ff07f4c95de19c669a9fc85b7e8bfe7d9a2,23181903933797073,0.023182,-38658178,-38.6582,3235479364381283241864151,1661020754278757372,115792089237316195423570985008687907853269984665640564039457584007913112660591,,,v3_standard
0xb2cc224c1c9fee385f8ad6a55b4d94e92359dc59,47223954,0x3fb7c953793817a9e02c5e57a4e0ffc30011e0f3c0f6709dd37b6b2ebbc09c14,814184382870822462,0.814184,-1357707188,-1357.7072,3235414603814301318774874,1661020754278757372,115792089237316195423570985008687907853269984665640564039457584007913112660591,,,v3_standard
0xb2cc224c1c9fee385f8ad6a55b4d94e92359dc59,47223954,0x86411f0a2c1c05b2dab42f2590d0df7b2edc26ea89cfa6273a8bfc69667338b9,569534236784949809,0.569534,-949704317,-949.7043,3235369304363440892018730,1661020754278757372,115792089237316195423570985008687907853269984665640564039457584007913112660591,,,v3_standard
0xb2cc224c1c9fee385f8ad6a55b4d94e92359dc59,47223954,0x928322d3c4e682e110ac25d7734fe7d8e6d2cf7b3af437e9edd23c6e6e7db37c,758016970379059969,0.758017,-1263960003,-1263.9600,3235309015394554164019300,1661020754278757372,115792089237316195423570985008687907853269984665640564039457584007913112660590,,,v3_standard
0xb2cc224c1c9fee385f8ad6a55b4d94e92359dc59,47223955,0x6a56afe7243455714990909f3106a4bdf267d8c8fbe3edf1536b2993e9352aa8,-398854879368020530,-0.398855,665146936,665.1469,3235340739987692927253836,1661020754278757372,115792089237316195423570985008687907853269984665640564039457584007913112660590,,,v3_standard
0xb2cc224c1c9fee385f8ad6a55b4d94e92359dc59,47223955,0x4dec2daaf37083316795831a2677e08bcf8a1ed76b4a5c2b2d5e8b00a0c428a8,662629605325351122,0.662630,-1104888843,-1104.8888,3235288038471106811658326,1661020754278757372,115792089237316195423570985008687907853269984665640564039457584007913112660590,,,v3_standard
0xb2cc224c1c9fee385f8ad6a55b4d94e92359dc59,47223955,0x789b8a45f38e279e02cd4b31f87635fbbb910bb4790f9756b04484a91f937d0a,-8934073198749543,-0.008934,14898495,14.8985,3235288749064005822831006,1661020754278757372,115792089237316195423570985008687907853269984665640564039457584007913112660590,,,v3_standard
0xb2cc224c1c9fee385f8ad6a55b4d94e92359dc59,47223955,0x789b8a45f38e279e02cd4b31f87635fbbb910bb4790f9756b04484a91f937d0a,-1104210705030514,-0.001104,1841387,1.8414,3235288836890069275577256,1661020754278757372,115792089237316195423570985008687907853269984665640564039457584007913112660590,,,v3_standard
0xb2cc224c1c9fee385f8ad6a55b4d94e92359dc59,47223956,0x6c94c9fab6c878455916e8a7e377c4dd556860cbbc156aef394162827b4c3c53,644205911056034749,0.644206,-1074134634,-1074.1346,3235237602302423373709384,1661020754278757372,115792089237316195423570985008687907853269984665640564039457584007913112660590,,,v3_standard
0xb2cc224c1c9fee385f8ad6a55b4d94e92359dc59,47223956,0x3364673c5bc3d7718740c0df4f288533b327415766aa7cb9fb9c647858c7f203,-8560422589987723,-0.008560,14274949,14.2749,3235238283154891837067200,1661020754278757372,115792089237316195423570985008687907853269984665640564039457584007913112660590,,,v3_standard
0xb2cc224c1c9fee385f8ad6a55b4d94e92359dc59,47223957,0x83ac60e86fc497861aa6e22a0abb4093a54a1ef25a8c3161791874f91a441e73,-13987951653496014,-0.013988,23325648,23.3256,3235239395686030479828969,1661020754278757372,115792089237316195423570985008687907853269984665640564039457584007913112660590,,,v3_standard
0xb2cc224c1c9fee385f8ad6a55b4d94e92359dc59,47223958,0x28003ff18f94da40b09a36e2304bba14f9394c2acc4d844082e3881c395cfe0a,2998327984280946176,2.998328,-4998903440,-4998.9034,3235000955598438453837856,1661020754278757372,115792089237316195423570985008687907853269984665640564039457584007913112660588,,,v3_standard
0xb2cc224c1c9fee385f8ad6a55b4d94e92359dc59,47223958,0x0723dc07735f1d71e873dba6455549f43affb0297cffa2363e7b013ca2bd83dc,-58062212406952856,-0.058062,96885993,96.8860,3235005572901532947047983,1661020754278757372,115792089237316195423570985008687907853269984665640564039457584007913112660588,,,v3_standard
0xb2cc224c1c9fee385f8ad6a55b4d94e92359dc59,47223959,0x809a8ba6afd507cd9e815766f6ad5e665f0850c612c03721999258b79a46cafd,-4174322391645652555,-4.174322,6960613376,6960.6134,3235337563647416208480962,1661020754278757372,115792089237316195423570985008687907853269984665640564039457584007913112660590,,,v3_standard
0xb2cc224c1c9fee385f8ad6a55b4d94e92359dc59,47223960,0x6b6caded1b3dfa4f693702ce7df61a19529cf2215d6d3ab4fa0f3de383b03632,-2649620577962988143,-2.649621,4418939648,4418.9396,3235548327697987724380029,1661020754278757372,115792089237316195423570985008687907853269984665640564039457584007913112660592,,,v3_standard
0xb2cc224c1c9fee385f8ad6a55b4d94e92359dc59,47223961,0x9017ad311c606324c75b692b234542d815872b4f8522b84fdbd80f9dee45e6e2,-1278814291410230101,-1.278814,2132965393,2132.9654,3235650060797286352769722,1661020754278757372,115792089237316195423570985008687907853269984665640564039457584007913112660592,,,v3_standard
0xb2cc224c1c9fee385f8ad6a55b4d94e92359dc59,47223961,0x3cbf023d39d918c628167db68334c76b3b4d98368c6cba46ae6b4249afd3c947,-462666784679119513,-0.462667,771726202,771.7262,3235686868754206964755187,1661020754278757372,115792089237316195423570985008687907853269984665640564039457584007913112660592,,,v3_standard
0xb2cc224c1c9fee385f8ad6a55b4d94e92359dc59,47223961,0xfbabc76b9c2bf826f4a90a8d7dd7b9456bf28efa2c8bc1734ff530fdfa09b725,56801094297271522,0.056801,-94733556,-94.7336,3235682350107699611072409,1661020754278757372,115792089237316195423570985008687907853269984665640564039457584007913112660592,,,v3_standard
0xb2cc224c1c9fee385f8ad6a55b4d94e92359dc59,47223961,0x5ec1f7b9955f3133521cdfd14d1e34093a684441fcf805ccbe1bd19efbb0af09,-229221943594082745,-0.229222,382346650,382.3467,3235700586366862345661140,1661020754278757372,115792089237316195423570985008687907853269984665640564039457584007913112660593,,,v3_standard
0xb2cc224c1c9fee385f8ad6a55b4d94e92359dc59,47223961,0xdd619e0d135829ce5c6d367b3c67bc30ec35f7848466010f75ad046a9fe20693,-3003657506164883,-0.003004,5013588,5.0136,3235700825330849033745138,1661020754278757372,115792089237316195423570985008687907853269984665640564039457584007913112660593,,,v3_standard
0xb2cc224c1c9fee385f8ad6a55b4d94e92359dc59,47223962,0x10161425227ee13fa99054b02e96c979fe5eabeba801e52065ef4110d153f75d,-380632576584335521,-0.380633,634912138,634.9121,3235731107856654518393445,1661020754278757372,115792089237316195423570985008687907853269984665640564039457584007913112660593,,,v3_standard
0xb2cc224c1c9fee385f8ad6a55b4d94e92359dc59,47223962,0x45436b3e03968dd4504784dc66995d3b0bef220b0a66a68a711265f1927eee74,2984638090140962,0.002985,-4977958,-4.9780,3235730870415610854305236,1661020754278757372,115792089237316195423570985008687907853269984665640564039457584007913112660593,,,v3_standard
0xb2cc224c1c9fee385f8ad6a55b4d94e92359dc59,47223963,0xade725d1c2d655002d1c4ee9b8d50b3d8eb93154ad0492ba7ebd8b0b76ce1add,2997857632366922752,2.997858,-4999637930,-4999.6379,3235492395293955095364391,1661020754278757372,115792089237316195423570985008687907853269984665640564039457584007913112660591,,,v3_standard
0xb2cc224c1c9fee385f8ad6a55b4d94e92359dc59,47223964,0x3cb2ff3b74bff4f403d9f6f91bf6eecaf0bdbdcfbc7a1a9fa9e614886ebcbe4a,-2368486898933003711,-2.368487,3950426036,3950.4260,3235680813298992146242007,1661020754278757372,115792089237316195423570985008687907853269984665640564039457584007913112660592,,,v3_standard
0xb2cc224c1c9fee385f8ad6a55b4d94e92359dc59,47223965,0xde9bd38d54276ccb53c16107da671cfe850a675f24894393506e8ba2bb9e62a6,-271175669781630118,-0.271176,452325629,452.3256,3235697468970074576526754,2151506115490570095,115792089237316195423570985008687907853269984665640564039457584007913112660593,,,v3_standard
0xb2cc224c1c9fee385f8ad6a55b4d94e92359dc59,47223966,0x9f7cf0b16d28eb648420b097daa89cf08412706590f916f9e6fba5d6ba3ff882,-1236623286954620286,-1.236623,2062782009,2062.7820,3235795854629608085913964,1661020754278757372,115792089237316195423570985008687907853269984665640564039457584007913112660593,,,v3_standard
0xb2cc224c1c9fee385f8ad6a55b4d94e92359dc59,47223966,0xe9f80ae194800f116282b88f8524b6af15bf8c0ae98a956d342efc24d31f2659,-451885150576700807,-0.451885,753810210,753.8102,3235831808072247735847844,1661020754278757372,115792089237316195423570985008687907853269984665640564039457584007913112660593,,,v3_standard
0xb2cc224c1c9fee385f8ad6a55b4d94e92359dc59,47223968,0x67cb31ed22382495cf8b184ae39227ce1d27e6fa604a744672b29ec6c2cb874a,-304692558719377641,-0.304693,508280996,508.2810,3235856050843555853217272,1661021036784058711,115792089237316195423570985008687907853269984665640564039457584007913112660594,,,v3_standard
0xb2cc224c1c9fee385f8ad6a55b4d94e92359dc59,47223976,0xd90e67fe3ba16a0d16df08396325de49373372e0aa53114016104a6dfaa14f42,-379694937270340522,-0.379695,633408868,633.4089,3235886261664824390598835,1661021036784058711,115792089237316195423570985008687907853269984665640564039457584007913112660594,,,v3_standard
0xb2cc224c1c9fee385f8ad6a55b4d94e92359dc59,47223978,0x924ef54b16cd9f1e2f92a9c02354f1e715fe36cce0d42c92ffea0c9f0dda5478,-3870413796018048765,-3.870414,6457177088,6457.1771,3236124033982789642807440,2151468197151427266,115792089237316195423570985008687907853269984665640564039457584007913112660595,,,v3_standard
0xb2cc224c1c9fee385f8ad6a55b4d94e92359dc59,47223979,0xf8890dfdd664db435296f951621afe6c2bc0d5094cd21e280dbe35a2afedcfff,-1723236160432218224,-1.723236,2875281777,2875.2818,3236261172296304669109478,1661021036784058711,115792089237316195423570985008687907853269984665640564039457584007913112660596,,,v3_standard
0xb2cc224c1c9fee385f8ad6a55b4d94e92359dc59,47223980,0xf512eac47fcc48cab787de4ec57ca228971c2178ef943d0b77f031f5cd83eafa,-726582974934243758,-0.726583,1212398038,1212.3980,3236305816364660570571370,2151468469393840158,115792089237316195423570985008687907853269984665640564039457584007913112660596,,,v3_standard
0xb2cc224c1c9fee385f8ad6a55b4d94e92359dc59,47223981,0x1836b76a4f3a91c6c5d05dc2d47a8fa42dd21ccac2c05d2ddd847b9fc45f6c71,-374069012615647447,-0.374069,624195763,624.1958,3236328801093507699894793,2151468326097434562,115792089237316195423570985008687907853269984665640564039457584007913112660596,,,v3_standard
0xb2cc224c1c9fee385f8ad6a55b4d94e92359dc59,47223982,0x4f7f7e47d8349f96d1ffbbd8681dc9bde48a4344fa71cf35612d2345dd8a6912,-1652309747988490206,-1.652310,2757257057,2757.2571,3236430331434130198529460,2151468237730893619,115792089237316195423570985008687907853269984665640564039457584007913112660597,,,v3_standard
0xb2cc224c1c9fee385f8ad6a55b4d94e92359dc59,47223983,0x099e1d2e27be0ba13c26596f1381ecba4daa747d5d1dcec02bf575883d75b8a1,-700331673997138714,-0.700332,1168715920,1168.7159,3236473367371131017509547,2151449824935053142,115792089237316195423570985008687907853269984665640564039457584007913112660597,,,v3_standard
0xb2cc224c1c9fee385f8ad6a55b4d94e92359dc59,47223984,0x10a635c93e1c769a4cd378810fdf93a7c06f9725990add2a92093204931ea20e,-341255601543810953,-0.341256,569499791,569.4998,3236494338213925526183399,2151449763320374263,115792089237316195423570985008687907853269984665640564039457584007913112660597,,,v3_standard
0xb2cc224c1c9fee385f8ad6a55b4d94e92359dc59,47223985,0x599e38d0e2f78e3d20bf8c78f8a25d08a5fc38404b8b29e00209b9a669fa4c51,-4556583326090672496,-4.556583,7604899628,7604.8996,3236774375468107533070865,2151449720704258351,115792089237316195423570985008687907853269984665640564039457584007913112660599,,,v3_standard
0xb2cc224c1c9fee385f8ad6a55b4d94e92359dc59,47223986,0x1a84cd0713d5a85f8ef7414e5ffada382772a112ac9aeca97a3bc8a2393702f9,-328130825621719412,-0.328131,547699421,547.6994,3236800498325181089172740,1661021036784058711,115792089237316195423570985008687907853269984665640564039457584007913112660599,,,v3_standard
0xb2cc224c1c9fee385f8ad6a55b4d94e92359dc59,47223988,0x3c4ab19ce248964853d35d0fcb453f21513b9e043933bc306bd3601f01840f30,-3539299165966514739,-3.539299,5908064374,5908.0644,3237018054568816952871992,2151429862134687362,115792089237316195423570985008687907853269984665640564039457584007913112660601,,,v3_standard
0xb2cc224c1c9fee385f8ad6a55b4d94e92359dc59,47223989,0x3bb923867d81dc2465e32d11f2b5e58657a5916c25efb9978939e3410b4fc532,-291567270262051611,-0.291567,486742222,486.7422,3237041270035180547807615,1661021036784058711,115792089237316195423570985008687907853269984665640564039457584007913112660601,,,v3_standard
0xb2cc224c1c9fee385f8ad6a55b4d94e92359dc59,47223989,0x19b3e1db41852f7eb6355245a17eeb6ad0c03c5ebdf3a858dedbbbd5a8bab399,-346881343502602838,-0.346881,579092596,579.0926,3237068890208814101154089,1661021036784058711,115792089237316195423570985008687907853269984665640564039457584007913112660601,,,v3_standard
0xb2cc224c1c9fee385f8ad6a55b4d94e92359dc59,47223991,0x99437f03fbfb855a6fa4cfc19b0447618d5545471f46bfa52127dfdd91be8572,-2788623778383767457,-2.788624,4655686210,4655.6862,3237240329474630264360339,2151428554899658009,115792089237316195423570985008687907853269984665640564039457584007913112660602,,,v3_standard
0xb2cc224c1c9fee385f8ad6a55b4d94e92359dc59,47223992,0xd9375e0a8b87be351a3d053805e6507612748acaa3dc9ede997f1ad97ec75b23,-5784773581808882600,-5.784774,9659415710,9659.4157,3237596029458394540127111,2151396892674155546,115792089237316195423570985008687907853269984665640564039457584007913112660604,,,v3_standard
0xb2cc224c1c9fee385f8ad6a55b4d94e92359dc59,47224000,0xd1a84fc22dd9b85d1a0584d632260b4f667b7538a1f51e7241273a18d657c858,-81283426456783696,-0.081283,135742161,135.7422,3237600100196914444661229,2641770436931418226,115792089237316195423570985008687907853269984665640564039457584007913112660604,,,v3_standard
0xb2cc224c1c9fee385f8ad6a55b4d94e92359dc59,47224005,0xa0261f97268e85df08192f815c27639140e983cf618ee06b1f34e941ce304e05,-502758851056038692,-0.502759,839607682,839.6077,3237625279339849127771991,2641733389143848085,115792089237316195423570985008687907853269984665640564039457584007913112660604,,,v3_standard
0xb2cc224c1c9fee385f8ad6a55b4d94e92359dc59,47224005,0x046d9405fd383421205185e50c89b2fa7d23eac420a96d171e18fbfcde9d52f4,-468758801559974356,-0.468759,782839337,782.8393,3237648756046864014356455,2641733389143848085,115792089237316195423570985008687907853269984665640564039457584007913112660605,,,v3_standard
0xb2cc224c1c9fee385f8ad6a55b4d94e92359dc59,47224006,0x2c976f4f77f66e9b4ad0a1dc4fd0974176ea376b913f1f0c6a9a6903f66a1a6f,-267894079567540143,-0.267894,447395148,447.3951,3237662173058705676182973,2641733428525670128,115792089237316195423570985008687907853269984665640564039457584007913112660605,,,v3_standard
0xb2cc224c1c9fee385f8ad6a55b4d94e92359dc59,47224007,0x8ceb20c1dbb81f29eb15f9f8afd9be83a6d8cfff7ea8d0c9e371c1939771e042,358160749903241536,0.358161,-598071932,-598.0719,3237644236298011760133133,2641733423764969698,115792089237316195423570985008687907853269984665640564039457584007913112660605,,,v3_standard
0xb2cc224c1c9fee385f8ad6a55b4d94e92359dc59,47224008,0x07741d8ba2b25218b4281da81681e8c8fc58a2277200cfa489fb19e91a09b1b4,1200152953610031616,1.200153,-2003995770,-2003.9958,3237548648765361886898057,1661021036784058711,115792089237316195423570985008687907853269984665640564039457584007913112660604,,,v3_standard
0xb2cc224c1c9fee385f8ad6a55b4d94e92359dc59,47224009,0x4a1dbc3034e927c405cb610f825c08a4b93451ff7bf4b48485e01af3a040566b,532500000000000000,0.532500,-889121891,-889.1219,3237506239011280282838877,1661021036784058711,115792089237316195423570985008687907853269984665640564039457584007913112660604,,,v3_standard
0xb2cc224c1c9fee385f8ad6a55b4d94e92359dc59,47224009,0xf6624bc0a040d58a5f398334352a9df592c6ec9feb92d360a436203a8d257f7f,858750000000000000,0.858750,-1433816513,-1433.8165,3237437848156979855307211,1661021036784058711,115792089237316195423570985008687907853269984665640564039457584007913112660603,,,v3_standard
0xb2cc224c1c9fee385f8ad6a55b4d94e92359dc59,47224010,0x12292816d6eef72fc508872c675d23a954760ed33b5e47ead5b10d3a34ad8fa0,913157122816824832,0.913157,-1524591201,-1524.5912,3237365127488922421630010,1661021036784058711,115792089237316195423570985008687907853269984665640564039457584007913112660603,,,v3_standard
0xb2cc224c1c9fee385f8ad6a55b4d94e92359dc59,47224010,0xe35d98d1d61811cf1d7a25c3277979ffe450230905635324c32070a71b08f89d,807187500000000000,0.807187,-1347609138,-1347.6091,3237300848594535124178042,1661021036784058711,115792089237316195423570985008687907853269984665640564039457584007913112660602,,,v3_standard
0xb2cc224c1c9fee385f8ad6a55b4d94e92359dc59,47224012,0xb3731c232964289587a088571bc03fdf675d07cd90a5d074ac5f6a82218f79d5,1055625000000000000,1.055625,-1762297748,-1762.2977,3237216789687822196910871,1661021036784058711,115792089237316195423570985008687907853269984665640564039457584007913112660602,,,v3_standard
0xb2cc224c1c9fee385f8ad6a55b4d94e92359dc59,47224016,0x672b05d2f5c21b38ce25c43ef046b49526149eb709eea460591ec889c9d434be,283896315819854144,0.283896,-473930944,-473.9309,3237194183906753504983232,1661021036784058711,115792089237316195423570985008687907853269984665640564039457584007913112660602,,,v3_standard
0xb2cc224c1c9fee385f8ad6a55b4d94e92359dc59,47224017,0x301ac06ce25f18c0112bd1fe8c06a7568c810208eef0b8358be647adb328c3e0,3796104836968781824,3.796105,-6336507085,-6336.5071,3236891942212014353875964,1661021036784058711,115792089237316195423570985008687907853269984665640564039457584007913112660600,,,v3_standard
0xb2cc224c1c9fee385f8ad6a55b4d94e92359dc59,47224019,0xbd32b50c5ac4c724f7505e58817478f597b137c5fe803c208e0c5dc7ce89004d,-314536625903571618,-0.314537,525046633,525.0466,3236916984630575543543906,1661021036784058711,115792089237316195423570985008687907853269984665640564039457584007913112660600,,,v3_standard
0xb2cc224c1c9fee385f8ad6a55b4d94e92359dc59,47224019,0x924d833cde152044235ebfe2208b35686ce24075f68458c2830852cab55dcfde,-16526208708354001,-0.016526,27586934,27.5869,3236918300406137674061936,1661021036784058711,115792089237316195423570985008687907853269984665640564039457584007913112660600,,,v3_standard
0xb2cc224c1c9fee385f8ad6a55b4d94e92359dc59,47224030,0x0eb3ff3556bc323d53ae300b04b443ac2a81950a1e750e296c03343a0c79c21b,-4739959968751827,-0.004740,7912343,7.9123,3236918677790138125406215,1661021036784058711,115792089237316195423570985008687907853269984665640564039457584007913112660600,,,v3_standard
0xb2cc224c1c9fee385f8ad6a55b4d94e92359dc59,47224036,0xd6205bd5a190f9674cf157d292e2d7c918b97cecda0bfa3bb7668816a31d204b,-5269852740877171,-0.005270,8796887,8.7969,3236919097363006230155474,1661021036784058711,115792089237316195423570985008687907853269984665640564039457584007913112660600,,,v3_standard
0xb2cc224c1c9fee385f8ad6a55b4d94e92359dc59,47224059,0x32113d313121d9b704295b2c27234eef5bc0a198fdbfd7e67634c5897d128ca8,-9685515174880307997,-9.685515,16171741170,16171.7412,3237690418396094212023932,1661021036784058711,115792089237316195423570985008687907853269984665640564039457584007913112660605,,,v3_standard
0xb2cc224c1c9fee385f8ad6a55b4d94e92359dc59,47224059,0x4596966cf4e84da0e30bf14bb7a3730fd0fc795f2be9712252dffcf660ca8df3,-22202699704405519,-0.022203,37095834,37.0958,3237692186964839532723069,1661021036784058711,115792089237316195423570985008687907853269984665640564039457584007913112660605,,,v3_standard
0xb2cc224c1c9fee385f8ad6a55b4d94e92359dc59,47224060,0xb883ed5b657fcf351f18e9cf89e01facfbf0d659ec829003a91066b2ce1fea91,-540011176097932106,-0.540011,901870916,901.8709,3237719233169863796908448,2641749116450105164,115792089237316195423570985008687907853269984665640564039457584007913112660605,,,v3_standard
0xb2cc224c1c9fee385f8ad6a55b4d94e92359dc59,47224061,0xf348d20cc3f817fcd578c738f1bbe5d982c50812d769228abbaa335096ff0daa,-3303620569040261244,-3.303621,5517860579,5517.8606,3237982410886928843163204,1661021036784058711,115792089237316195423570985008687907853269984665640564039457584007913112660607,,,v3_standard
0xb2cc224c1c9fee385f8ad6a55b4d94e92359dc59,47224063,0x267a5d14d68d9fb83f6e57b2020e3ee64262ed282d13362053a0b55797143f20,-232871302806373903,-0.232871,388986316,388.9863,3238000963825869475162406,1661021036784058711,115792089237316195423570985008687907853269984665640564039457584007913112660607,,,v3_standard
0xb2cc224c1c9fee385f8ad6a55b4d94e92359dc59,47224063,0x0d156989b5b0dcded4c3beaab90d85889c06b23923220b447f7202608a2f093e,-810665650724337159,-0.810666,1354164027,1354.1640,3238065551502929623981339,1661021036784058711,115792089237316195423570985008687907853269984665640564039457584007913112660607,,,v3_standard
0xb2cc224c1c9fee385f8ad6a55b4d94e92359dc59,47224067,0x9049fe47eb89a59454b6c6ebf0b4450ae9f35f9c31be26e4fb32a71e06c6658d,282187500000000000,0.282187,-471326570,-471.3266,3238051415825008354225018,2641708328293626628,115792089237316195423570985008687907853269984665640564039457584007913112660607,,,v3_standard
0xb2cc224c1c9fee385f8ad6a55b4d94e92359dc59,47224068,0x03858e5f62baf17fade9ef49c9a583ca85ba7067793b197f4dd943e2c002db80,355216360187503936,0.355216,-593297923,-593.2979,3238033622072459271704758,2641708328293626628,115792089237316195423570985008687907853269984665640564039457584007913112660607,,,v3_standard
0xb2cc224c1c9fee385f8ad6a55b4d94e92359dc59,47224068,0x0e0795aab3d5fb9c96d344c3499f8aa81df98786d4f74ef275bcc98132c4dc7e,280546875000000000,0.280547,-468577070,-468.5771,3238019568855506476253116,2641708328293626628,115792089237316195423570985008687907853269984665640564039457584007913112660607,,,v3_standard
0xb2cc224c1c9fee385f8ad6a55b4d94e92359dc59,47224072,0x1ac16ac592a2a3ccb7a2dde986bba2ea8b9990dab2f1b164f33ab156c2d0d58b,-322267034986943702,-0.322267,538325753,538.3258,3238045244629762304038773,1661021036784058711,115792089237316195423570985008687907853269984665640564039457584007913112660607,,,v3_standard
0xb2cc224c1c9fee385f8ad6a55b4d94e92359dc59,47224072,0xa8f50a8b0770045055e984abbe3662804b4ea1bf2333ae01550c12b9a5e82eaa,-1681981334389186689,-1.681981,2809777060,2809.7771,3238179258655936999156629,1661021036784058711,115792089237316195423570985008687907853269984665640564039457584007913112660608,,,v3_standard
0xb2cc224c1c9fee385f8ad6a55b4d94e92359dc59,47224074,0xea722a5e04c18a4c0d4c7335d37eefcce974544b6dbc6f834e9107cc2f73fa56,-2250153005146067070,-2.250153,3759233310,3759.2333,3238317691407174076490157,2151364288604713177,115792089237316195423570985008687907853269984665640564039457584007913112660609,,,v3_standard
0xb2cc224c1c9fee385f8ad6a55b4d94e92359dc59,47224075,0x1200889b56cc5acbcd554f8ea8622962cdaed3ab1eeffd1783728d447db8694e,-3630367336209227233,-3.630367,6065775360,6065.7754,3238541063319642539859986,2151351062156859365,115792089237316195423570985008687907853269984665640564039457584007913112660610,,,v3_standard
0xb2cc224c1c9fee385f8ad6a55b4d94e92359dc59,47224076,0xce8d6ea814649849b47eacecca1adbb8516ff1e52365911928ef0c0eed6dae54,-951600548679747919,-0.951601,1590122422,1590.1224,3238616905175872829040426,1661021036784058711,115792089237316195423570985008687907853269984665640564039457584007913112660611,,,v3_standard
0xb2cc224c1c9fee385f8ad6a55b4d94e92359dc59,47224079,0xc14071c0a9258880f1b2573e21e65e7e0e0c53ed29077109be518b9a5e55f8b6,-5212660161162117357,-5.212660,8711410451,8711.4105,3238937703885663993685261,2151341668479406355,115792089237316195423570985008687907853269984665640564039457584007913112660613,,,v3_standard
0xb2cc224c1c9fee385f8ad6a55b4d94e92359dc59,47224080,0xe7056f0cc01a7cc1138ce07063cdcc9481b3d97558644d507520366204cc42ea,-2929015186395556849,-2.929015,4895815169,4895.8152,3239171212768493541092963,1661021036784058711,115792089237316195423570985008687907853269984665640564039457584007913112660614,,,v3_standard
0xb2cc224c1c9fee385f8ad6a55b4d94e92359dc59,47224083,0x9f49667011328341cb1b1bd0bd51ec66f280adc66e7e7554c3c7812820e64ba2,-694123865284092790,-0.694124,1160319003,1160.3190,3239213941808410556539177,2151333773282208063,115792089237316195423570985008687907853269984665640564039457584007913112660614,,,v3_standard
0xb2cc224c1c9fee385f8ad6a55b4d94e92359dc59,47224084,0xe24bc2d286e89544b74654498e24fae3eef34c334b2a7a563fc059749a4d17f9,2969999954056088692,2.970000,-4963933697,-4963.9337,3239031132712631354838533,2151333575496482863,115792089237316195423570985008687907853269984665640564039457584007913112660613,,,v3_standard
0xb2cc224c1c9fee385f8ad6a55b4d94e92359dc59,47224085,0xa13a7a907d095fca722634c6ea2aa2798e4efaef2b3d8804d7aae20fe3093864,3709888382452699136,3.709888,-6199765276,-6199.7653,3238802811136646204965551,2151334181828158017,115792089237316195423570985008687907853269984665640564039457584007913112660612,,,v3_standard
0xb2cc224c1c9fee385f8ad6a55b4d94e92359dc59,47224087,0xb0b19e14a8ad651a8ceb906a79f56ac61303daa25634081bff4376d1d52b063d,2467226935656819712,2.467227,-4122612616,-4122.6126,3238650985797899456221653,2151334059762364354,115792089237316195423570985008687907853269984665640564039457584007913112660611,,,v3_standard
0xb2cc224c1c9fee385f8ad6a55b4d94e92359dc59,47224087,0x4f89449e63e09183ffba76f0587d0e1d6d8ea54671aedec8158c46097a2b853d,2626039349489,0.000003,-4385,-0.0044,3238650985588729464061712,1661021036784058711,115792089237316195423570985008687907853269984665640564039457584007913112660611,,,v3_standard
0xb2cc224c1c9fee385f8ad6a55b4d94e92359dc59,47224089,0x2d93aa9dee39021ed5e42a7edd2559c81412d582e84d3b866e825055343ea7a4,1965823154761034752,1.965823,-3284515356,-3284.5154,3238530025205801506061104,2151333437834216143,115792089237316195423570985008687907853269984665640564039457584007913112660610,,,v3_standard
0xb2cc224c1c9fee385f8ad6a55b4d94e92359dc59,47224090,0xb73bac714ba7b698bd2b523d242fff2937059df5dfa5d41e795d8a7b2d351323,6121220723838635008,6.121221,-10225820504,-10225.8205,3238153435743012290529067,2151342639285273548,115792089237316195423570985008687907853269984665640564039457584007913112660608,,,v3_standard
0xb2cc224c1c9fee385f8ad6a55b4d94e92359dc59,47224091,0x75209080c6943103e1cc3c8e7b6ac1a2a736a35b2df624a2feaf03dc26fff396,952768434763411200,0.952768,-1591435790,-1591.4358,3238094827768786557220978,2151354574540203973,115792089237316195423570985008687907853269984665640564039457584007913112660607,,,v3_standard
0xb2cc224c1c9fee385f8ad6a55b4d94e92359dc59,47224094,0x07de963d52ee23736469f731e62bdf94881ff8212230a3b43facc15afb68af37,-541887282400673813,-0.541887,905231059,905.2311,3238128162810039102712102,2151354477520454709,115792089237316195423570985008687907853269984665640564039457584007913112660608,,,v3_standard
0xb2cc224c1c9fee385f8ad6a55b4d94e92359dc59,47224099,0xe504c37757a198df30f63e482e01d6f284e1921885aef537473961fb0256fc8e,802188382486333824,0.802188,-1339900631,-1339.9006,3238078818146961554409823,2151354540598373752,115792089237316195423570985008687907853269984665640564039457584007913112660607,,,v3_standard
0xb2cc224c1c9fee385f8ad6a55b4d94e92359dc59,47224100,0x4f8e5d00f1d5e500f6463b6f8ee47399d3efe5569785bbd46f669cd2eff81413,1344663449240157696,1.344663,-2245908775,-2245.9088,3237996107821688184651230,2151354439819152737,115792089237316195423570985008687907853269984665640564039457584007913112660607,,,v3_standard
0xb2cc224c1c9fee385f8ad6a55b4d94e92359dc59,47224102,0xed67883a253639583098acf4dacc623ec4de7420c7c584ed520f59da99ce6189,355817794475030464,0.355818,-594281412,-594.2814,3237974222153115152199607,2151354168535876246,115792089237316195423570985008687907853269984665640564039457584007913112660607,,,v3_standard
0xb2cc224c1c9fee385f8ad6a55b4d94e92359dc59,47224106,0x664f55cbd9d15f80572164b71ee0f2a81f7f5da33e845ad314a7cdc16ae898f1,594964377379794688,0.594964,-993679098,-993.6791,3237926825180213931958127,1661021036784058711,115792089237316195423570985008687907853269984665640564039457584007913112660606,,,v3_standard
0xb2cc224c1c9fee385f8ad6a55b4d94e92359dc59,47224107,0xb53f9d822715f0f10d3e5912756e0182a2bfba709d901927ee5ca2a126d91cc5,3668860623973949952,3.668861,-6127026824,-6127.0268,3237701184438394048731385,2151353842587457180,115792089237316195423570985008687907853269984665640564039457584007913112660605,,,v3_standard
0xb2cc224c1c9fee385f8ad6a55b4d94e92359dc59,47224109,0x8a5e4d3e40095eaa591a0e8964aaa6bccd6c35a964979e5faa1771f70151105b,1191366044475116800,1.191366,-1989407234,-1989.4072,3237627921143958853833355,2151378543509668743,115792089237316195423570985008687907853269984665640564039457584007913112660604,,,v3_standard
0xb2cc224c1c9fee385f8ad6a55b4d94e92359dc59,47224110,0xa3a5d1fc1fdb7098d273e3fa9ddc992b57142c0ce082bdfd808a78ce4cbf9fa7,650921231435802162,0.650921,-1086905322,-1086.9053,3237587894013847208071344,2151378610580747331,115792089237316195423570985008687907853269984665640564039457584007913112660604,,,v3_standard
0xb2cc224c1c9fee385f8ad6a55b4d94e92359dc59,47224115,0x0102151ba044a1fac3a1ed3340bddd08279d55331b3f00a05594974ce049114b,-365210085177122740,-0.365210,609896022,609.8960,3237610353087839913108473,2151381748336309001,115792089237316195423570985008687907853269984665640564039457584007913112660604,,,v3_standard
0xb2cc224c1c9fee385f8ad6a55b4d94e92359dc59,47224117,0x1e18f39d657190f56bb0a6027b602a875b149176f1b6c91a156148c2f764b343,373125000000000000,0.373125,-623038960,-623.0390,3237587408655720041249864,2151381726760691197,115792089237316195423570985008687907853269984665640564039457584007913112660604,,,v3_standard
0xb2cc224c1c9fee385f8ad6a55b4d94e92359dc59,47224118,0x66c7679cc9091fceb812c60cb26b23de8b56c4f60eabb1c826d474dd34189c95,4168631200302957,0.004169,-6957943,-6.9579,3237587076651122063681775,1660414079478569229,115792089237316195423570985008687907853269984665640564039457584007913112660604,,,v3_standard
0xb2cc224c1c9fee385f8ad6a55b4d94e92359dc59,47224121,0xa5128219c2a2cac9027973bd985acd262b1dbd762db942960006eff58bea2fd9,8403529683946507264,8.403530,-14029755918,-14029.7559,3237070404051582279221994,2151365841567351698,115792089237316195423570985008687907853269984665640564039457584007913112660601,,,v3_standard
0xb2cc224c1c9fee385f8ad6a55b4d94e92359dc59,47224122,0x93ce62b7872a4bbc0d7d9455d29d05d42a1183df4e42dce329a1017385540cbc,594728127651831623,0.594728,-992733410,-992.7334,3237033844857391519885252,2151372471876361988,115792089237316195423570985008687907853269984665640564039457584007913112660601,,,v3_standard
0xb2cc224c1c9fee385f8ad6a55b4d94e92359dc59,47224125,0x59875a9f308d49e6de547241a3a042c4a067d72f3447ab4764f354ebfe04c11b,7988917019206341632,7.988917,-13333104543,-13333.1045,3236542840600387807225287,2151422026418017449,115792089237316195423570985008687907853269984665640564039457584007913112660598,,,v3_standard
0xb2cc224c1c9fee385f8ad6a55b4d94e92359dc59,47224132,0x1dd0aecebe6af7e0c37968ea0f61ab0ec1dd5ceac28bc4237a9fb024975fa543,900000000000000000,0.900000,-1501794090,-1501.7941,3236471206633598757303792,1661005129409399510,115792089237316195423570985008687907853269984665640564039457584007913112660597,,,v3_standard
0xb2cc224c1c9fee385f8ad6a55b4d94e92359dc59,47224133,0xb6413d9d6e1bda6b30a91aa7f53f64984b81722696c68fb22e6d1216ceedd3d9,3502636683894092800,3.502637,-5844077329,-5844.0773,3236192450415315851997189,1661005129409399510,115792089237316195423570985008687907853269984665640564039457584007913112660596,,,v3_standard
0xb2cc224c1c9fee385f8ad6a55b4d94e92359dc59,47224134,0x13a03d2c0515e2eaeae6b907756aac3fc7c1a6cc3db45b223353f00869b6eae8,2906344689379003231,2.906345,-4848412231,-4848.4122,3235961186353931234574452,1661005129409399510,115792089237316195423570985008687907853269984665640564039457584007913112660594,,,v3_standard
0xb2cc224c1c9fee385f8ad6a55b4d94e92359dc59,47224135,0xb9f22cd97ccd9da4fb5a8c6858e36fa8053e3363913e69abbe46caded3493be3,3224999959621333465,3.225000,-5379187201,-5379.1872,3235704604895987744755428,1661005129409399510,115792089237316195423570985008687907853269984665640564039457584007913112660593,,,v3_standard
0xb2cc224c1c9fee385f8ad6a55b4d94e92359dc59,47224136,0x75f712ad3cd55df250cec701cd35a47216cc72a4a6cfc5ba62fa76c7e3dabac6,506718750000000000,0.506719,-845111618,-845.1116,3235664293978557983410025,1661005129409399510,115792089237316195423570985008687907853269984665640564039457584007913112660592,,,v3_standard
0xb2cc224c1c9fee385f8ad6a55b4d94e92359dc59,47224137,0x785f1a70143b9b398b110868e68ee3a4c29de3ac6290371fc544adad287a55a3,-1157613812825770096,-1.157614,1930944830,1930.9448,3235756392448906770057374,1661005129409399510,115792089237316195423570985008687907853269984665640564039457584007913112660593,,,v3_standard
0xb2cc224c1c9fee385f8ad6a55b4d94e92359dc59,47224138,0x22a46660163de76885e643023851f6ac015f8ed37ef69e856c22e786f44cb413,-1141920218413931008,-1.141920,1904862813,1904.8628,3235826536040856696684691,2151439941631767196,115792089237316195423570985008687907853269984665640564039457584007913112660593,,,v3_standard
0xb2cc224c1c9fee385f8ad6a55b4d94e92359dc59,47224139,0x4c1160ad67e944b1e1ed89ed167ad04ea420df1a4fab991adfe7c5e0ba78d5d7,1616250000000000000,1.616250,-2695730785,-2695.7308,3235697952574769057446575,1661005129409399510,115792089237316195423570985008687907853269984665640564039457584007913112660593,,,v3_standard
0xb2cc224c1c9fee385f8ad6a55b4d94e92359dc59,47224139,0xbf85f1c3d8208144890898c979679db95070f972c8ae77872f6a2a4b81b724c7,-8857104997798002,-0.008857,14773886,14.7739,3235698657230970818385653,1661005129409399510,115792089237316195423570985008687907853269984665640564039457584007913112660593,,,v3_standard
0xb2cc224c1c9fee385f8ad6a55b4d94e92359dc59,47224142,0xdbbe689df0bb05acca5080b38c711e678c3925c0438d8d1f9aa90e1e3b506568,-2660832773469832581,-2.660833,4438564608,4438.5646,3235862097941836741740639,2151472645100500048,115792089237316195423570985008687907853269984665640564039457584007913112660594,,,v3_standard
0xb2cc224c1c9fee385f8ad6a55b4d94e92359dc59,47224143,0xbbd26c874df03cf891a60566483a4449aa75c622bf2c1f40d265af2dbe51a938,-1113793352560139814,-1.113793,1858064156,1858.0642,3235930517199699865672007,2151472857766344246,115792089237316195423570985008687907853269984665640564039457584007913112660594,,,v3_standard
0xb2cc224c1c9fee385f8ad6a55b4d94e92359dc59,47224145,0xafee4266af568909f3d62a887b309f7ff0bd4c1f6f3eff109c3b00acdc797f11,-958426955452583111,-0.958427,1598940077,1598.9401,3235989394766490453865489,2151472797940903500,115792089237316195423570985008687907853269984665640564039457584007913112660594,,,v3_standard
0xb2cc224c1c9fee385f8ad6a55b4d94e92359dc59,47224145,0xfa5d565affdbb6b530bb33419be2e6c2d4a66d5397c88c81b8782f6c5724b689,-1504589179467281411,-1.504589,2510217828,2510.2178,3236081828197832392316248,2151472797940903500,115792089237316195423570985008687907853269984665640564039457584007913112660595,,,v3_standard
0xb2cc224c1c9fee385f8ad6a55b4d94e92359dc59,47224147,0x3718f0c2ec27fb2d0fc3d1acb2649685f4195018fa7bf21d94a3749bcf631358,-1880859821297516576,-1.880860,3138179765,3138.1798,3236197386450394829547251,2151445638519997405,115792089237316195423570985008687907853269984665640564039457584007913112660596,,,v3_standard
0xb2cc224c1c9fee385f8ad6a55b4d94e92359dc59,47224148,0xbe876894769cf3acc0f9d275f30fda094e4f1eb833e7f31330586a07ec7c0d60,1890000000000000000,1.890000,-3153051043,-3153.0510,3236081273628957790057512,2151445786612756086,115792089237316195423570985008687907853269984665640564039457584007913112660595,,,v3_standard
0xb2cc224c1c9fee385f8ad6a55b4d94e92359dc59,47224149,0x62a640fa75a71ac014273db8a2b1ddae0f9ad56e25ec0dbbccfcd4b09f42b984,2728124969744484246,2.728125,-4550880001,-4550.8800,3235913688072211097864242,2151485290866273586,115792089237316195423570985008687907853269984665640564039457584007913112660594,,,v3_standard
0xb2cc224c1c9fee385f8ad6a55b4d94e92359dc59,47224150,0xcd4e45ea70fbab2cf297e2bae2bfd06f4397f865d85d4ca778cd249506ea3d0d,23651084174218,0.000024,-39430,-0.0394,3235913686191435755679930,1661022718933767663,115792089237316195423570985008687907853269984665640564039457584007913112660594,,,v3_standard
0xb2cc224c1c9fee385f8ad6a55b4d94e92359dc59,47224153,0x56b66c04b2e45857d6f1462d44951db153072e7e2d5a4a0b48aa2e8ebecfdcf7,-1336935114323149949,-1.336935,2230396636,2230.3966,3235995816193320278494216,2151462565008838230,115792089237316195423570985008687907853269984665640564039457584007913112660594,,,v3_standard
0xb2cc224c1c9fee385f8ad6a55b4d94e92359dc59,47224157,0xec3b49f06167f280ee9b5435c466c2f0ad3ed314528c340e4459871b8ac1d779,-515167525614702060,-0.515168,859479494,859.4795,3236027459329094476499360,2151837788678285485,115792089237316195423570985008687907853269984665640564039457584007913112660595,,,v3_standard
0xb2cc224c1c9fee385f8ad6a55b4d94e92359dc59,47224158,0x5db5cf12090fd4bd213c1fbb26e092e24c145ff23d416c7585eefcfd6dbcbd77,-277035152136738393,-0.277035,462198413,462.1984,3236044475915571157561572,2151837789193196453,115792089237316195423570985008687907853269984665640564039457584007913112660595,,,v3_standard
0xb2cc224c1c9fee385f8ad6a55b4d94e92359dc59,47224158,0x8bd92e82565a2839554ecf37bd4b4b643aed2c65040fcd14e9cd3dc1688cccaa,-118618545003113446,-0.118619,198000000,198.0000,3236053912907091654754909,1661382663512602173,115792089237316195423570985008687907853269984665640564039457584007913112660595,,,v3_standard
0xb2cc224c1c9fee385f8ad6a55b4d94e92359dc59,47224160,0x7b6b255f74b7a7b8b686d0ed8b7ebc00859196376372fb83f2b7e6c904398773,-867823575782660915,-0.867824,1447901767,1447.9018,3236122956430942701592295,1661382663512602173,115792089237316195423570985008687907853269984665640564039457584007913112660595,,,v3_standard
0xb2cc224c1c9fee385f8ad6a55b4d94e92359dc59,47224160,0x3e160340c156fcb795affe95d318f93cee7176482aaa3969ee84b286926d2437,-268363476673368166,-0.268363,447757836,447.7578,3236144307864801310732791,1661382663512602173,115792089237316195423570985008687907853269984665640564039457584007913112660595,,,v3_standard
0xb2cc224c1c9fee385f8ad6a55b4d94e92359dc59,47224161,0x054fe0b5b061020199cabdea68762ed329c18d34118d43d712911489cbb1a3a9,-487336365640606370,-0.487336,813121582,813.1216,3236174244260843172409707,2151837628313021990,115792089237316195423570985008687907853269984665640564039457584007913112660595,,,v3_standard
0xb2cc224c1c9fee385f8ad6a55b4d94e92359dc59,47224162,0x739c5f4f2efd0837862eb0fa6b44d8bdbd7e7645932c492f114f528172dc21c5,-2964471468447362978,-2.964471,4946549954,4946.5500,3236356359565053266365166,2151837545867719200,115792089237316195423570985008687907853269984665640564039457584007913112660597,,,v3_standard
0xb2cc224c1c9fee385f8ad6a55b4d94e92359dc59,47224164,0xfe1cc2e09a41708119ac015e4f8bbf3b22343f72d6d20501f9575c1b7f8fa9c1,-1655927884879988451,-1.655928,2763367628,2763.3676,3236488131376604465445681,1661382663512602173,115792089237316195423570985008687907853269984665640564039457584007913112660597,,,v3_standard
0xb2cc224c1c9fee385f8ad6a55b4d94e92359dc59,47224165,0x649c03745b15f30ad331f0ff2368a51618463011f24d68bbc20798c7d70b6de9,1073457697980889943,1.073458,-1791178619,-1791.1786,3236422181654536680112191,2151817874419196246,115792089237316195423570985008687907853269984665640564039457584007913112660597,,,v3_standard
0xb2cc224c1c9fee385f8ad6a55b4d94e92359dc59,47224169,0xc863239928ff222209c13d65800e19e8d4700e7c18c7ebacf3e4c71d1cf73a9b,-485715790305133322,-0.485716,810556805,810.5568,3236452023895054867019917,2151818093282648552,115792089237316195423570985008687907853269984665640564039457584007913112660597,,,v3_standard
0xb2cc224c1c9fee385f8ad6a55b4d94e92359dc59,47224170,0x4d46b6e50d1bb1cff50fb488490fdf6424df678236fb791dcad87bd9a6fb71e2,-971659856129173058,-0.971660,1621539415,1621.5394,3236511724055426008644453,2151818004351418706,115792089237316195423570985008687907853269984665640564039457584007913112660598,,,v3_standard
0xb2cc224c1c9fee385f8ad6a55b4d94e92359dc59,47224171,0x312d9e99adab475d95994161c9a68baf210b74a8151435539fe9891f530e2af0,-1040012254949776377,-1.040012,1735674535,1735.6745,3236575626331327090323601,2151817776312568088,115792089237316195423570985008687907853269984665640564039457584007913112660598,,,v3_standard
0xb2cc224c1c9fee385f8ad6a55b4d94e92359dc59,47224173,0xbd7eaba6ec6dca6e8d9b7f7b507c050cd757541136e942deb2ba18a5f8924c1b,1918125000000000000,1.918125,-3200717798,-3200.7178,3236457778514384812570071,2151817458146503159,115792089237316195423570985008687907853269984665640564039457584007913112660597,,,v3_standard
0xb2cc224c1c9fee385f8ad6a55b4d94e92359dc59,47224186,0xf5ab6e91874e9f5bceca62a090d82d4940c1da0506883ddf4586efda97fe7a4d,-2288922009380374478,-2.288922,3819940949,3819.9409,3236598417149025403132697,2151817985281818537,115792089237316195423570985008687907853269984665640564039457584007913112660598,,,v3_standard
0xb2cc224c1c9fee385f8ad6a55b4d94e92359dc59,47224187,0x914b161a3663eb381b02eae9bdef173db357fb2c309aadbf9c33a7380d202617,-10393692593883021141,-10.393693,17350024737,17350.0247,3237237197831456633227243,2151799734429019404,115792089237316195423570985008687907853269984665640564039457584007913112660602,,,v3_standard
0xb2cc224c1c9fee385f8ad6a55b4d94e92359dc59,47224188,0x35d3ba3ce2155215249c07eacfc700786eaf2c39851ba69ac25177325c8e9b8f,1450047589694976768,1.450048,-2420661799,-2420.6618,3237148069397812874827063,2151777817879893234,115792089237316195423570985008687907853269984665640564039457584007913112660602,,,v3_standard
0xb2cc224c1c9fee385f8ad6a55b4d94e92359dc59,47224189,0x2dcc9949ee9ed9e92f063e4cf507d7228280ee3cd277f1e5c30309070b24b234,287337147601155520,0.287337,-479654596,-479.6546,3237125195587223680561012,1661382663512602173,115792089237316195423570985008687907853269984665640564039457584007913112660601,,,v3_standard
0xb2cc224c1c9fee385f8ad6a55b4d94e92359dc59,47224192,0x41cdf17ffcdcb3475a5af1616ea08c5aa5963a391820117a32239dc7656fb754,-589235020672050331,-0.589235,983740899,983.7409,3237172105494909145540924,1661382663512602173,115792089237316195423570985008687907853269984665640564039457584007913112660602,,,v3_standard
0xb2cc224c1c9fee385f8ad6a55b4d94e92359dc59,47224193,0x3a9ce4c40d3ddc329a1eb740262d0282ad1ce96c25c505cbfb26412425341a2d,-1726710815995727256,-1.726711,2882946096,2882.9461,3237309579432840454775466,1661382663512602173,115792089237316195423570985008687907853269984665640564039457584007913112660603,,,v3_standard
0xb2cc224c1c9fee385f8ad6a55b4d94e92359dc59,47224194,0x4e7bff08199ec812fb04b1202e8fa8d4502838726f6e0859bc3bc8262c087db8,-3986686981511494181,-3.986687,6657027840,6657.0278,3237554678524618382669067,2151751906841900493,115792089237316195423570985008687907853269984665640564039457584007913112660604,,,v3_standard
0xb2cc224c1c9fee385f8ad6a55b4d94e92359dc59,47224195,0x9ac3a205b4d8dc2bf1b6a59a8947c16c765738d56ccb23c9d27900c043740c77,-5052175803834466937,-5.052176,8437644823,8437.6448,3237865338496255364107008,2151738383872254443,115792089237316195423570985008687907853269984665640564039457584007913112660606,,,v3_standard
0xb2cc224c1c9fee385f8ad6a55b4d94e92359dc59,47224197,0x29924dc9e5f1ad4f51d67ed04f3e2e209f9b9b76b3539abe5855769d8fea186c,1897287011247613696,1.897287,-3168437216,-3168.4372,3237714241783722268577221,1661382663512602173,115792089237316195423570985008687907853269984665640564039457584007913112660605,,,v3_standard
0xb2cc224c1c9fee385f8ad6a55b4d94e92359dc59,47224198,0x8e6a67136dd43033795098b95edb5fb50985a5d23cc782bcdeb69b83139c8f80,2598012993423582208,2.598013,-4338221248,-4338.2212,3237554506057075311599732,2151737155609912123,115792089237316195423570985008687907853269984665640564039457584007913112660604,,,v3_standard
0xb2cc224c1c9fee385f8ad6a55b4d94e92359dc59,47224202,0x9de163da6a47e9a2764796db7a9b48e5f3d17cef2b412a579e328eab08ac45b7,5735901678961348608,5.735902,-9576423589,-9576.4236,3237201899937689257679758,2151756315938126748,115792089237316195423570985008687907853269984665640564039457584007913112660602,,,v3_standard
0xb2cc224c1c9fee385f8ad6a55b4d94e92359dc59,47224204,0x6c01215e741233e608ef3f203c4ba46961e91c6592e820787dfa89143bbe1e19,-6210994552974996898,-6.210995,10370957056,10370.9571,3237583737926578996932213,2151757013733196066,115792089237316195423570985008687907853269984665640564039457584007913112660604,,,v3_standard
0xb2cc224c1c9fee385f8ad6a55b4d94e92359dc59,47224205,0x78d72a2dee24a7d3c3ae59afed9f4f97ef7f4ed9d5b5af565c5ee7035199279a,-1374437830177275881,-1.374438,2295331133,2295.3311,3237668248109912357074966,2151740175613258512,115792089237316195423570985008687907853269984665640564039457584007913112660605,,,v3_standard
0xb2cc224c1c9fee385f8ad6a55b4d94e92359dc59,47224206,0x8d51adfcce16b9ad68e09a5e4e1a044e0a66521c945aaf0416f465948c27b18f,-301879579829007544,-0.301880,504159332,504.1593,3237686810468908236592633,2151731945585637358,115792089237316195423570985008687907853269984665640564039457584007913112660605,,,v3_standard
0xb2cc224c1c9fee385f8ad6a55b4d94e92359dc59,47224209,0xc6eea0484f569cf84d80e59c97427699659906bfd964915e271cbdba95b76184,1762796032180303104,1.762796,-2943553759,-2943.5538,3237578426917000894934986,2151731988246475722,115792089237316195423570985008687907853269984665640564039457584007913112660604,,,v3_standard
0xb2cc224c1c9fee385f8ad6a55b4d94e92359dc59,47224210,0x36fca8c738bd69b7144582e41b87af021cab9c6b5bef4c922886cdf8b7a0c115,-4549306987681853548,-4.549307,7597841920,7597.8419,3237858167625913696932378,2151731647900425332,115792089237316195423570985008687907853269984665640564039457584007913112660606,,,v3_standard
0xb2cc224c1c9fee385f8ad6a55b4d94e92359dc59,47224211,0x7c7bc07b12884c7fdac71a704862c140a79c79cb0ccb03c03db2446f1716d561,-4805819160291709338,-4.805819,8027671636,8027.6716,3238153733936734644107125,2151732076993873611,115792089237316195423570985008687907853269984665640564039457584007913112660608,,,v3_standard
0xb2cc224c1c9fee385f8ad6a55b4d94e92359dc59,47224211,0xb2b5a6275eb9b162ec58f81706f6808d1dd4b1af5e87fc2e007cf70f085abfc0,-1577808809923985546,-1.577809,2637301772,2637.3018,3238279428618567144472090,1661382663512602173,115792089237316195423570985008687907853269984665640564039457584007913112660608,,,v3_standard
0xb2cc224c1c9fee385f8ad6a55b4d94e92359dc59,47224211,0xea7d1365978dd1aa528864ac722ff694b7ef6e0d7ea43b9f9493f8d241c9137f,-149560222743997541,-0.149560,250000000,250.0000,3238291343701928534142083,1661382663512602173,115792089237316195423570985008687907853269984665640564039457584007913112660609,,,v3_standard
0xb2cc224c1c9fee385f8ad6a55b4d94e92359dc59,47224211,0x29f7fda0cfb8818868aac12fb233b34d36640f28c5904b5ee2ce46834c78e3da,-2338399229738148534,-2.338399,3909132996,3909.1330,3238477649437098301020019,1661382663512602173,115792089237316195423570985008687907853269984665640564039457584007913112660610,,,v3_standard
0xb2cc224c1c9fee385f8ad6a55b4d94e92359dc59,47224211,0xb68d5c9d7d641c151bb66136fe1970e7127ed42b6eb4dee554efa96c5273f2a3,-1307541488289616849,-1.307541,2186087395,2186.0874,3238581833670239873288685,1661382663512602173,115792089237316195423570985008687907853269984665640564039457584007913112660610,,,v3_standard
0xb2cc224c1c9fee385f8ad6a55b4d94e92359dc59,47224212,0x20b7b6d385b315e3cfddc55ea8b6ddc5ff19702d95766caf565a6500feab1fbd,-8169535992205444989,-8.169536,13654045184,13654.0452,3239232929909206563583103,1661382663512602173,115792089237316195423570985008687907853269984665640564039457584007913112660614,,,v3_standard
0xb2cc224c1c9fee385f8ad6a55b4d94e92359dc59,47224213,0x12b3a0ec88670c2ccf2860676c7a03618a5beac201756fc34bfa433cd671b64a,-2281739995233096226,-2.281740,3814487827,3814.4878,3239373376208934227983131,2151688788545272087,115792089237316195423570985008687907853269984665640564039457584007913112660615,,,v3_standard
0xb2cc224c1c9fee385f8ad6a55b4d94e92359dc59,47224213,0xb1fe0f11bfdead4b397d989b27191f351bb5bbaab78a3946f919a3f28deeae77,-3797561402396544604,-3.797561,6353897026,6353.8970,3239676149912893685232595,1661382663512602173,115792089237316195423570985008687907853269984665640564039457584007913112660617,,,v3_standard
0xb2cc224c1c9fee385f8ad6a55b4d94e92359dc59,47224214,0xdfad89643521f0d636320ef7aad2daa8ff35e0153ef0a2c2f61941c8abe09c82,7293580181016172544,7.293580,-12192662287,-12192.6623,3239227199128559887784481,2151688476604536587,115792089237316195423570985008687907853269984665640564039457584007913112660614,,,v3_standard
0xb2cc224c1c9fee385f8ad6a55b4d94e92359dc59,47224215,0x86d541bd83ba7b5a770d30109891ec83ae92fcada069956a5cc3e89b0f8f75d3,-1991335525878570745,-1.991336,3329012582,3329.0126,3239385943847966499941074,1661382663512602173,115792089237316195423570985008687907853269984665640564039457584007913112660615,,,v3_standard
0xb2cc224c1c9fee385f8ad6a55b4d94e92359dc59,47224216,0x16962c1baa93d29336b4fd5d3f2bb0dd53c3304fab4da9023299e7cad17a78f5,737140292457575,0.000737,-1232225,-1.2322,3239385885085473424528247,1661382663512602173,115792089237316195423570985008687907853269984665640564039457584007913112660615,,,v3_standard
0xb2cc224c1c9fee385f8ad6a55b4d94e92359dc59,47224216,0x0ee89c7230befbacb5cab36795dfea21b838b65feed9e9edb3c3ec2e753d5d9f,-463135505816356356,-0.463136,774292922,774.2929,3239422807418914772137030,1661382663512602173,115792089237316195423570985008687907853269984665640564039457584007913112660616,,,v3_standard
0xb2cc224c1c9fee385f8ad6a55b4d94e92359dc59,47224217,0x19bc4b48eb48e37390c46a0636f2da8ae13388d37471235bbaa00636fa12cea4,-4665538258580327231,-4.665538,7801063015,7801.0630,3239794802876709610205169,1661382663512602173,115792089237316195423570985008687907853269984665640564039457584007913112660618,,,v3_standard
0xb2cc224c1c9fee385f8ad6a55b4d94e92359dc59,47224217,0x356c54619b64a00888659d6d44a448b9b5dfc29d758e012e590548934228ccfb,805427099347586,0.000805,-1345662,-1.3457,3239794738704624631674669,1661382663512602173,115792089237316195423570985008687907853269984665640564039457584007913112660618,,,v3_standard
0xb2cc224c1c9fee385f8ad6a55b4d94e92359dc59,47224218,0x1ecbd95eb01480888bdb0b1233f7e5a3b528d20ae51309a61521dadb47df47d4,-6218724784320686895,-6.218725,10400877056,10400.8771,3240294964046421968932455,1631084748944734606,115792089237316195423570985008687907853269984665640564039457584007913112660621,,,v3_standard
0xb2cc224c1c9fee385f8ad6a55b4d94e92359dc59,47224219,0x70e09b0c91f1701348efa3a4737479c7a8d82dc8f75dbf092db020391255b492,2635023847319187456,2.635024,-4406966244,-4406.9662,3240080900468171628513966,1631084748944734606,115792089237316195423570985008687907853269984665640564039457584007913112660620,,,v3_standard
0xb2cc224c1c9fee385f8ad6a55b4d94e92359dc59,47224220,0xa607b3f2a98b8426d8c32905be6d1bb50978e3faa7f1737c77e518b899ec0d5b,407169752214945408,0.407170,-680922319,-680.9223,3240048075206961757006119,1661382663512602173,115792089237316195423570985008687907853269984665640564039457584007913112660619,,,v3_standard
0xb2cc224c1c9fee385f8ad6a55b4d94e92359dc59,47224221,0xadf3242cea66f68af465d7d86ef6bdfc15b62156f05b6170f212efdbc6954b61,2966247620551818240,2.966248,-4960133649,-4960.1336,3239811535917422261015340,1661382663512602173,115792089237316195423570985008687907853269984665640564039457584007913112660618,,,v3_standard
0xb2cc224c1c9fee385f8ad6a55b4d94e92359dc59,47224222,0xa3e556cc8c7a473e7e5a3fa964772999555a2ca23c81faf5c543e24289dfebae,2465222871260853760,2.465223,-4121773358,-4121.7734,3239614976427149545707588,1661382663512602173,115792089237316195423570985008687907853269984665640564039457584007913112660617,,,v3_standard
0xb2cc224c1c9fee385f8ad6a55b4d94e92359dc59,47224223,0xc0405f3414bfdd12a140e7d6d4ac9ae25bc3dd34705dc61173767cc14c5040ab,-273788900252001958,-0.273789,457796482,457.7965,3239636806556132898638604,1661382663512602173,115792089237316195423570985008687907853269984665640564039457584007913112660617,,,v3_standard
0xb2cc224c1c9fee385f8ad6a55b4d94e92359dc59,47224223,0x7849002a0d3c90ffd8acd6e78f6ed3da3b5f5f168088bf7e1fb070d55ffda063,-5798565421068858777,-5.798565,9697104896,9697.1049,3240099915344404877588619,1631084748944734606,115792089237316195423570985008687907853269984665640564039457584007913112660620,,,v3_standard
0xb2cc224c1c9fee385f8ad6a55b4d94e92359dc59,47224224,0x92979abff3322699d1f66c2ce4337d022ac4c87db57093204649c1abdb12ed38,-1383906093756621752,-1.383906,2314756903,2314.7569,3240212345389825855126097,1631084748944734606,115792089237316195423570985008687907853269984665640564039457584007913112660620,,,v3_standard
0xb2cc224c1c9fee385f8ad6a55b4d94e92359dc59,47224224,0x27b74d1d93c96fbb064c44dc0c24f095fdbabd196115ca87cd535b31dfb4b751,-75005325590425449,-0.075005,125460425,125.4604,3240218439127455265109493,1631084748944734606,115792089237316195423570985008687907853269984665640564039457584007913112660620,,,v3_standard
0xb2cc224c1c9fee385f8ad6a55b4d94e92359dc59,47224225,0xaca7b33eb5b3e5b99fbda82c139bcab963e7abd52dd3640472d6e17bcf8e8a68,1461903557576651776,1.461904,-2444928467,-2444.9285,3240099679394024144877511,1631084748944734606,115792089237316195423570985008687907853269984665640564039457584007913112660620,,,v3_standard
0xb2cc224c1c9fee385f8ad6a55b4d94e92359dc59,47224226,0xaa64be482c7ac94a2e26151d0a116774a47028b6dbb2084ec2dbf404e46ad9dc,211004859838894464,0.211005,-352875638,-352.8756,3240082538844796321658943,1631084748944734606,115792089237316195423570985008687907853269984665640564039457584007913112660620,,,v3_standard
0xb2cc224c1c9fee385f8ad6a55b4d94e92359dc59,47224226,0xa7cb5d64f60c99a976e7d1d3db1c366e2ecdcce7f43e988bcb1375d87c459976,829687500000000000,0.829688,-1387498469,-1387.4985,3240015988439698102069268,1661382663512602173,115792089237316195423570985008687907853269984665640564039457584007913112660619,,,v3_standard
0xb2cc224c1c9fee385f8ad6a55b4d94e92359dc59,47224227,0x4f5a1dc10fb0523e0c49bc9b7e44e7bb94200bb73201ff37e8d411039f84e625,2016868951886597632,2.016869,-3372602847,-3372.6028,3239855155458603219871900,1661382663512602173,115792089237316195423570985008687907853269984665640564039457584007913112660618,,,v3_standard
0xb2cc224c1c9fee385f8ad6a55b4d94e92359dc59,47224228,0xb43e2ef1c5b73425ffb3cf60bae92ff8d24d4546994412e369250a5edeae00b5,-290160953371845182,-0.290161,485243975,485.2440,3239878294427503459884112,1661382663512602173,115792089237316195423570985008687907853269984665640564039457584007913112660618,,,v3_standard
0xb2cc224c1c9fee385f8ad6a55b4d94e92359dc59,47224229,0xddd28c03b5649350336cb76e4df73036fba13b6f9879f83478cc583c2a6ab736,-312661630306714850,-0.312662,522880221,522.8802,3239903228089331950292070,1661382663512602173,115792089237316195423570985008687907853269984665640564039457584007913112660619,,,v3_standard
0xb2cc224c1c9fee385f8ad6a55b4d94e92359dc59,47224230,0x185fd23ab7f73cbbb927b57eb84b97a2dac345c63981bad66f531d46c124574b,-4875647010127554325,-4.875647,8154844550,8154.8445,3240296376622624284868827,1631084748944734606,115792089237316195423570985008687907853269984665640564039457584007913112660621,,,v3_standard
0xb2cc224c1c9fee385f8ad6a55b4d94e92359dc59,47224231,0xd5d4147e28e339f063753da6da9a36a6a3a8875d26532fcbd0860dc3e2721d0d,524234394403612544,0.524234,-876807078,-876.8071,3240253786675204429708709,1631084748944734606,115792089237316195423570985008687907853269984665640564039457584007913112660621,,,v3_standard
0xb2cc224c1c9fee385f8ad6a55b4d94e92359dc59,47224231,0xfb2aeebd2005eee9e317a5c481d24d84eddd229a1b06d7ab17b903d212c26bd4,1345184978032853133,1.345185,-2249780712,-2249.7807,3240144506031112447852668,1631084748944734606,115792089237316195423570985008687907853269984665640564039457584007913112660620,,,v3_standard
0xb2cc224c1c9fee385f8ad6a55b4d94e92359dc59,47224232,0x9226ed0dac751eae50c043bf18f6a43216078e56b370709d6aa9f1123d04fd3a,2209502987281372416,2.209503,-3694997897,-3694.9979,3239966785321729441499806,1661382663512602173,115792089237316195423570985008687907853269984665640564039457584007913112660619,,,v3_standard
0xb2cc224c1c9fee385f8ad6a55b4d94e92359dc59,47224233,0x312ce5e72da4d1f5f45837040a1083a687b3578fdec3bca8c338789fa13ad4a8,984653183108737152,0.984653,-1646526232,-1646.5262,3239888265634020098844615,1661382663512602173,115792089237316195423570985008687907853269984665640564039457584007913112660618,,,v3_standard
0xb2cc224c1c9fee385f8ad6a55b4d94e92359dc59,47224237,0xaf42cc387d3b6161ecdcd4ada2ae1fc30c9af60737cc65ad5fc5e1b4ee21571e,-6285843820992181657,-6.285844,10513765267,10513.7653,3240395711360752551090525,1631084748944734606,115792089237316195423570985008687907853269984665640564039457584007913112660622,,,v3_standard
0xb2cc224c1c9fee385f8ad6a55b4d94e92359dc59,47224239,0x6e0476686be39ff40e94584bef0f836ad3fd23581258ac726fce08c95c94db76,64000000000000000,0.064000,-107050857,-107.0509,3240390511482141559661701,1631084748944734606,115792089237316195423570985008687907853269984665640564039457584007913112660622,,,v3_standard
0xb2cc224c1c9fee385f8ad6a55b4d94e92359dc59,47224241,0x4b010d8748f3476bd7c0f21e8cabe167ca142f0520c96d1d85540f11db3e8c68,611462445066485596,0.611462,-1022757346,-1022.7573,3240340832159623819558960,1631084748944734606,115792089237316195423570985008687907853269984665640564039457584007913112660621,,,v3_standard
0xb2cc224c1c9fee385f8ad6a55b4d94e92359dc59,47224242,0xf04fb5a91612c02a46013405b78cdf9889f034a6f972025f461707b01975ef70,988865783340667776,0.988866,-1653951395,-1653.9514,3240260493274671923854169,1631084748944734606,115792089237316195423570985008687907853269984665640564039457584007913112660621,,,v3_standard
0xb2cc224c1c9fee385f8ad6a55b4d94e92359dc59,47224242,0x371a4dcd41f174a812d919856973ea885e7a4a36ea14cad0239a97a61012c49f,376460161692454033,0.376460,-629635999,-629.6360,3240229909392806293151302,1631084748944734606,115792089237316195423570985008687907853269984665640564039457584007913112660621,,,v3_standard
0xb2cc224c1c9fee385f8ad6a55b4d94e92359dc59,47224243,0xb19377feab81777357218b999da916e8fc2798425c557773c0f322f4386c5007,4732883697976642,0.004733,-7915752,-7.9158,3240229524893761766111588,1631084748944734606,115792089237316195423570985008687907853269984665640564039457584007913112660621,,,v3_standard
0xb2cc224c1c9fee385f8ad6a55b4d94e92359dc59,47224243,0x55a50f115f385fd4d8b1efdf0c8c86b71926b10e5141ae45b86ed681e983b2b9,1487752637933916448,1.487753,-2488174606,-2488.1746,3240108664526306137110728,1631084748944734606,115792089237316195423570985008687907853269984665640564039457584007913112660620,,,v3_standard
0xb2cc224c1c9fee385f8ad6a55b4d94e92359dc59,47224244,0xf8d8bb1e053981855fa71643c8a82ff7b11d9432f1419f6be1ed4fa7f94d1269,1493452671648034300,1.493453,-2497521520,-2497.5215,3239988702801652256532843,1661382663512602173,115792089237316195423570985008687907853269984665640564039457584007913112660619,,,v3_standard
0xb2cc224c1c9fee385f8ad6a55b4d94e92359dc59,47224245,0x229cbffe5a576d5b5f5a49e2ef6b05c170acd5f29ae6b731c1154e220dae4ceb,-7502246369249183050,-7.502246,12549503987,12549.5040,3240596892035205967854554,1631084748944734606,115792089237316195423570985008687907853269984665640564039457584007913112660623,,,v3_standard
0xb2cc224c1c9fee385f8ad6a55b4d94e92359dc59,47224246,0xd71bfc0d03949e4d6c7a4b24e24b66969471b9f473ce819b4b99cc7c60f4ab55,-475719707313689756,-0.475720,795927000,795.9270,3240635551001348688096011,1631084748944734606,115792089237316195423570985008687907853269984665640564039457584007913112660623,,,v3_standard
0xb2cc224c1c9fee385f8ad6a55b4d94e92359dc59,47224246,0xffa115d4116a720acb3c5007e602e2f50dbaad676355f5ac781607e38627bbf1,-760052586794664838,-0.760053,1271683963,1271.6840,3240697317956428902096940,1631084748944734606,115792089237316195423570985008687907853269984665640564039457584007913112660623,,,v3_standard
0xb2cc224c1c9fee385f8ad6a55b4d94e92359dc59,47224247,0x556f4b938f772078de50ad420f2b414c0a8015495717b6f1f807e74bd0e38f9b,8767334228292677,0.008767,-14667604,-14.6676,3240696605493555985614246,1631084748944734606,115792089237316195423570985008687907853269984665640564039457584007913112660623,,,v3_standard
0xb2cc224c1c9fee385f8ad6a55b4d94e92359dc59,47224247,0x3fe3c9e7965d87a68818d6b81adc255b9192a97cb341e7387ecd418e07245532,-5871439208775749624,-5.871439,9825443406,9825.4434,3241173837053907413288743,1631084748944734606,115792089237316195423570985008687907853269984665640564039457584007913112660626,,,v3_standard
0xb2cc224c1c9fee385f8ad6a55b4d94e92359dc59,47224248,0x31f72fa55cf3525358ea01facad38f5c695356e8f684ed5e30177d512319a8e4,464117048486524884,0.464117,-776679585,-776.6796,3241136110690257883300614,1631084748944734606,115792089237316195423570985008687907853269984665640564039457584007913112660626,,,v3_standard
0xb2cc224c1c9fee385f8ad6a55b4d94e92359dc59,47224248,0x55a6cb46dbc1e24bb121725e5f2d2d9cb188b152dbb27768e9c14cff7acbef7b,78326478439376767,0.078326,-131074153,-131.0742,3241129743906234387593743,1631084748944734606,115792089237316195423570985008687907853269984665640564039457584007913112660626,,,v3_standard
0xb2cc224c1c9fee385f8ad6a55b4d94e92359dc59,47224248,0xa834981a6024d9f0e497bacaaf6e0ba738199204e5ee4d3f1a87e1dc80dd4fa9,878437500000000000,0.878437,-1469971472,-1469.9715,3241058341645392454953965,1631084748944734606,115792089237316195423570985008687907853269984665640564039457584007913112660626,,,v3_standard
0xb2cc224c1c9fee385f8ad6a55b4d94e92359dc59,47224249,0x0073a74fb5035c156675f2982156c28b6f6d609c5ec9eea219585d341a04cf4d,865312500000000000,0.865313,-1447944863,-1447.9449,3240988009303063047580719,1631084748944734606,115792089237316195423570985008687907853269984665640564039457584007913112660625,,,v3_standard
0xb2cc224c1c9fee385f8ad6a55b4d94e92359dc59,47224250,0xcf8276d36554009b1c844340fc2cbe39a740eefc306daba469a544968a04ac07,2361445631294526464,2.361446,-3951193260,-3951.1933,3240843973552471316278426,2173389456871973056,115792089237316195423570985008687907853269984665640564039457584007913112660624,,,v3_standard
0xb2cc224c1c9fee385f8ad6a55b4d94e92359dc59,47224251,0x51d9aea699a37f76a98e8deaa87bbe72cd3311260e8425f49422a598f3797b9d,1668644444442060544,1.668644,-2791750832,-2791.7508,3240708367300981506381720,1631084748944734606,115792089237316195423570985008687907853269984665640564039457584007913112660623,,,v3_standard
0xb2cc224c1c9fee385f8ad6a55b4d94e92359dc59,47224252,0x20a55f5f733e75a494e92ecaeff1f14e9a4fa8acbad0818defbd2fe8c446b91b,1936688739978974720,1.936689,-3239913472,-3239.9135,3240550992038103429200379,1631084748944734606,115792089237316195423570985008687907853269984665640564039457584007913112660623,,,v3_standard
0xb2cc224c1c9fee385f8ad6a55b4d94e92359dc59,47224252,0x7572a5137941e5a109a9daa2aefe2feaef2be3bf4db69f59d16155c761563da2,474375000000000000,0.474375,-793540544,-793.5405,3240512446671756042189760,1631084748944734606,115792089237316195423570985008687907853269984665640564039457584007913112660622,,,v3_standard
0xb2cc224c1c9fee385f8ad6a55b4d94e92359dc59,47224253,0xbaa890e224d1ad98f9566d2a059cb5edf5ed1c72b840932dfd1ce88c7e5ec18a,1801875000000000000,1.801875,-3014027428,-3014.0274,3240366043577089703048694,1631084748944734606,115792089237316195423570985008687907853269984665640564039457584007913112660621,,,v3_standard
0xb2cc224c1c9fee385f8ad6a55b4d94e92359dc59,47224253,0x49eaee3bb0099935a0d8037e74e8cd5e2a3250b9fdb5852fe8d63abf8dbfd9ee,9407501594068022,0.009408,-15723069,-15.7231,3240365279846118922353116,1631084748944734606,115792089237316195423570985008687907853269984665640564039457584007913112660621,,,v3_standard
0xb2cc224c1c9fee385f8ad6a55b4d94e92359dc59,47224254,0xc154b6012bd6607eb8bbb101352e458a30254c43887d2190211102dab692fb54,3648749935732696554,3.648750,-6102490113,-6102.4901,3240068858045395655821463,1631084748944734606,115792089237316195423570985008687907853269984665640564039457584007913112660620,,,v3_standard
0xb2cc224c1c9fee385f8ad6a55b4d94e92359dc59,47224255,0xea1bf4eaea1be9dd6a8b8693ce292c8c4ce00d7d5b4a93505f6aabb507172fd0,1746992294819004928,1.746992,-2921430332,-2921.4303,3239929406853548792870978,1661382663512602173,115792089237316195423570985008687907853269984665640564039457584007913112660619,,,v3_standard
0xb2cc224c1c9fee385f8ad6a55b4d94e92359dc59,47224256,0xf302c4fd03f96ae8c89ee2cb37ca5020f1cbb52cdee9724fcb9e135767f33402,421649688459530304,0.421650,-705071477,-705.0715,3239895783342961024749004,1661382663512602173,115792089237316195423570985008687907853269984665640564039457584007913112660618,,,v3_standard
0xb2cc224c1c9fee385f8ad6a55b4d94e92359dc59,47224257,0x6fb1f92fe5a02e83ba0bce43fd18960c32a1a739b3ed3fba8b31feaa653f0316,3431249975316399660,3.431250,-5737101569,-5737.1016,3239622191938974326611724,1661382663512602173,115792089237316195423570985008687907853269984665640564039457584007913112660617,,,v3_standard
0xb2cc224c1c9fee385f8ad6a55b4d94e92359dc59,47224258,0xb2fe2aa9bbe203fde8a1fc33edde08912076dfc8df215b652905fe15376ff1d1,2777081703936080384,2.777082,-4642612976,-4642.6130,3239400794603201892363129,1661382663512602173,115792089237316195423570985008687907853269984665640564039457584007913112660615,,,v3_standard
0xb2cc224c1c9fee385f8ad6a55b4d94e92359dc59,47224259,0x4cf9ae92ca970636ca76ca6c8fe24eb896c393e5d96e1297c2329d248cd80a74,735937500000000000,0.735938,-1230204215,-1230.2042,3239342128516437448977466,1661382663512602173,115792089237316195423570985008687907853269984665640564039457584007913112660615,,,v3_standard
0xb2cc224c1c9fee385f8ad6a55b4d94e92359dc59,47224259,0xceb847ff8a9dd3d7f8d00a1674cc4f7b3a400a7379f22e9f4ee3deac8b25521f,2109375000000000000,2.109375,-3525816161,-3525.8162,3239173989085383501676074,1661382663512602173,115792089237316195423570985008687907853269984665640564039457584007913112660614,,,v3_standard
0xb2cc224c1c9fee385f8ad6a55b4d94e92359dc59,47224260,0xb50964d935f79af717ffb6aa2de0905817042ae52a0da5c53436a1d651921c7f,395625000000000000,0.395625,-661245647,-661.2456,3239142455544827890628887,1661382663512602173,115792089237316195423570985008687907853269984665640564039457584007913112660614,,,v3_standard
0xb2cc224c1c9fee385f8ad6a55b4d94e92359dc59,47224263,0x0084ece31ed69eb257686896322dc52fae63bb37dd7a45a880fc2d2f37423e02,660000000000000000,0.660000,-1103097607,-1103.0976,3239106177835785204778181,2409093594469824993,115792089237316195423570985008687907853269984665640564039457584007913112660614,,,v3_standard
0xb2cc224c1c9fee385f8ad6a55b4d94e92359dc59,47224269,0xf822cd3e849171e1fc7db6739244d73aae7bc523d51e9a7f9d8291c0fb2eec02,3318749957206802934,3.318750,-5546310913,-5546.3109,3238841684873374760901719,1661382663512602173,115792089237316195423570985008687907853269984665640564039457584007913112660612,,,v3_standard
0xb2cc224c1c9fee385f8ad6a55b4d94e92359dc59,47224270,0xb5b6cd6a53ef16bea5ba8838397904530e6901127d71510b992f4a2f8bd8efe0,507656250000000000,0.507656,-848317697,-848.3177,3238801230224453413191299,1661382663512602173,115792089237316195423570985008687907853269984665640564039457584007913112660612,,,v3_standard
0xb2cc224c1c9fee385f8ad6a55b4d94e92359dc59,47224270,0x6cb3cdfcaaf168d233cf82ca96bae244445a9f7a201f21e6ddad969eaa960819,1345014889652037600,1.345015,-2247481292,-2247.4813,3238694052138997445875872,1661382663512602173,115792089237316195423570985008687907853269984665640564039457584007913112660611,,,v3_standard
0xb2cc224c1c9fee385f8ad6a55b4d94e92359dc59,47224272,0xa1651d6f0b37ca30235757b483d6bdc68d5afc6454b921cc4fbb68e85f507d35,-8515369494928249,-0.008515,14230178,14.2302,3238694730708251296507758,1661382663512602173,115792089237316195423570985008687907853269984665640564039457584007913112660611,,,v3_standard
0xb2cc224c1c9fee385f8ad6a55b4d94e92359dc59,47224273,0x7c87f744e79f64aed4e67980497ba5b5ad5c48d82733ffda2270d10680fc76e9,-4935277808630685,-0.004935,8247429,8.2474,3238695123988764898939400,1661382663512602173,115792089237316195423570985008687907853269984665640564039457584007913112660611,,,v3_standard
0xb2cc224c1c9fee385f8ad6a55b4d94e92359dc59,47224274,0x6caa53db8c13f35bd58b7e751c3d6e6ea434d9ee4bb1204f8adbb0b7dcdde134,-4742854959027330,-0.004743,7925870,7.9259,3238695501935650713913804,1661382663512602173,115792089237316195423570985008687907853269984665640564039457584007913112660611,,,v3_standard
0xb2cc224c1c9fee385f8ad6a55b4d94e92359dc59,47224278,0xfad266bbf3806bef7ee16412b9b71d3739753a833be4fde5e0e994309c4188c0,-23669633941838445,-0.023670,39554776,39.5548,3238697388114074449309829,1661382663512602173,115792089237316195423570985008687907853269984665640564039457584007913112660611,,,v3_standard
0xb2cc224c1c9fee385f8ad6a55b4d94e92359dc59,47224278,0x63c587c1a600e2fc21eb1017e891f3d72832da4c3765e18b10d65c08eb2e5e32,7000000000000000,0.007000,-11696434,-11.6964,3238696830333492847163086,1661382663512602173,115792089237316195423570985008687907853269984665640564039457584007913112660611,,,v3_standard
0xb2cc224c1c9fee385f8ad6a55b4d94e92359dc59,47224278,0x6029a2798d2a02a01112b1844da738687c8a24af1408b3dbd5c9a0b57824b398,-3034066209422520746,-3.034066,5070665472,5070.6655,3238938626165673730150508,1661382663512602173,115792089237316195423570985008687907853269984665640564039457584007913112660613,,,v3_standard
0xb2cc224c1c9fee385f8ad6a55b4d94e92359dc59,47224279,0xb8694f71dd06e70c037f411596b1869c7eeb81027e10c7da5685523a8110227a,-3418920961263467280,-3.418921,5714759094,5714.7591,3239211135748170728409956,1661382663512602173,115792089237316195423570985008687907853269984665640564039457584007913112660614,,,v3_standard
0xb2cc224c1c9fee385f8ad6a55b4d94e92359dc59,47224280,0x57256b6f8eeafd2c2f488d76ba8b8b4dd79c3aeff4398a907d73b4a18d2b3335,-3001303994399027647,-3.001304,5017501007,5017.5010,3239450396420748170819002,1661382663512602173,115792089237316195423570985008687907853269984665640564039457584007913112660616,,,v3_standard
0xb2cc224c1c9fee385f8ad6a55b4d94e92359dc59,47224282,0x2866a71a2d5ffcaf0aa83258db8b8a1b0012711e90ff06ac01cf4bde512f6529,-5435777568756622,-0.005436,9088063,9.0881,3239450829787057775191825,1661382663512602173,115792089237316195423570985008687907853269984665640564039457584007913112660616,,,v3_standard
0xb2cc224c1c9fee385f8ad6a55b4d94e92359dc59,47224284,0x03c5946fbde2bc94aa29f19d6c351ccc995b99357711fc2edc40bafc51a445ec,-755650197925464623,-0.755650,1263393252,1263.3933,3239511074980579677177300,1661382663512602173,115792089237316195423570985008687907853269984665640564039457584007913112660616,,,v3_standard
0xb2cc224c1c9fee385f8ad6a55b4d94e92359dc59,47224284,0xdfb03bc35b9ed1855d51bc7074ffad1ad0e26003b2d60e79dee66cd859d72f71,-520794235699485280,-0.520794,870758183,870.7582,3239552597281849463802051,1661382663512602173,115792089237316195423570985008687907853269984665640564039457584007913112660616,,,v3_standard
0xb2cc224c1c9fee385f8ad6a55b4d94e92359dc59,47224287,0xfa4e3eb252cd33bd5c9a7cf96994e8ad7e7aa1fec7308ea1260b3739d7691432,-279879587919011220,-0.279880,467962637,467.9626,3239574912186236457483796,1661382663512602173,115792089237316195423570985008687907853269984665640564039457584007913112660616,,,v3_standard
0xb2cc224c1c9fee385f8ad6a55b4d94e92359dc59,47224287,0x82c0ce0f77c6e543a1b6886a2d0eab0442c12901d4c33ccb6c865cbacbe7ee1d,-317114908357096549,-0.317115,530228411,530.2284,3239600196248165220520769,1661382663512602173,115792089237316195423570985008687907853269984665640564039457584007913112660617,,,v3_standard
0xb2cc224c1c9fee385f8ad6a55b4d94e92359dc59,47224288,0xd135f57ead0c43f674e63fca9e1fd8aebea7230ad12944929d3230342e922fca,-441103498840645419,-0.441103,737555901,737.5559,3239635366768424014305655,1661382663512602173,115792089237316195423570985008687907853269984665640564039457584007913112660617,,,v3_standard
0xb2cc224c1c9fee385f8ad6a55b4d94e92359dc59,47224288,0x3264dac90df134cd9eae4cd0985fcae46498cc8e789cd27bd2227248f916adc6,-1215040624068925241,-1.215041,2031715716,2031.7157,3239732249592781304234958,1661382663512602173,115792089237316195423570985008687907853269984665640564039457584007913112660617,,,v3_standard
0xb2cc224c1c9fee385f8ad6a55b4d94e92359dc59,47224289,0x6f5d345c62043724feff9b20cbc8cdcffc9df1264341a80341dcef3faa0dab96,-411102258809402006,-0.411102,687447262,687.4473,3239765030671256359428730,1661382663512602173,115792089237316195423570985008687907853269984665640564039457584007913112660618,,,v3_standard
0xb2cc224c1c9fee385f8ad6a55b4d94e92359dc59,47224290,0x86470c186f50c7be669bf4e50623a3e931cfd3d4e50f2dc69321f86334fcccc3,791250000000000000,0.791250,-1322961076,-1322.9611,3239701941187157154088888,1661382663512602173,115792089237316195423570985008687907853269984665640564039457584007913112660617,,,v3_standard
0xb2cc224c1c9fee385f8ad6a55b4d94e92359dc59,47224291,0x2950e18c1a0724e7f9a795f2305455911982473d80911d9b6fd10d8969b41405,422556719322134208,0.422557,-706488963,-706.4890,3239668250079351428304761,1661382663512602173,115792089237316195423570985008687907853269984665640564039457584007913112660617,,,v3_standard
0xb2cc224c1c9fee385f8ad6a55b4d94e92359dc59,47224292,0xec24ecb510bab01f85fd54b65e4afbaf8c8ac077d1ce28e839e4d1be8966423f,1280499362349360384,1.280499,-2140826804,-2140.8268,3239566158142490472336204,1661382663512602173,115792089237316195423570985008687907853269984665640564039457584007913112660616,,,v3_standard
0xb2cc224c1c9fee385f8ad6a55b4d94e92359dc59,47224293,0x387c895d77149b1428a7104440123d4687a1f6134b1601ffba1dcc84f8ed581f,3674873778976543232,3.674874,-6143157256,-6143.1573,3239273202719198929237806,1661382663512602173,115792089237316195423570985008687907853269984665640564039457584007913112660615,,,v3_standard
0xb2cc224c1c9fee385f8ad6a55b4d94e92359dc59,47224294,0x7ad52228364aeb3ed6e9c04eee8a9d42252a979824dfb91ccbde9554b84fb81b,-2764908839199072961,-2.764909,4622452062,4622.4521,3239493625393308130619191,1661382663512602173,115792089237316195423570985008687907853269984665640564039457584007913112660616,,,v3_standard
0xb2cc224c1c9fee385f8ad6a55b4d94e92359dc59,47224296,0x149c2a5be377ecbedbf0ff8a2d1651fd09070f7d915794c1e11f5939601b58d0,610913227795144320,0.610913,-1021273429,-1021.2734,3239444922816220112221719,1661382663512602173,115792089237316195423570985008687907853269984665640564039457584007913112660616,,,v3_standard
0xb2cc224c1c9fee385f8ad6a55b4d94e92359dc59,47224297,0x68e2d291125a7423b32bf4bbeb080572b5e111ec9da89c7f3dcfe9bceb4c909b,2542615786155992576,2.542616,-4250201697,-4250.2017,3239242238824014762315977,1661382663512602173,115792089237316195423570985008687907853269984665640564039457584007913112660614,,,v3_standard
0xb2cc224c1c9fee385f8ad6a55b4d94e92359dc59,47224298,0x216a8f61fcb86f579af2e899d01add2034aaca656d7c9f83140c37ba729a2732,-767067742626536376,-0.767068,1282317777,1282.3178,3239303386437774902973582,1661382663512602173,115792089237316195423570985008687907853269984665640564039457584007913112660615,,,v3_standard
0xb2cc224c1c9fee385f8ad6a55b4d94e92359dc59,47224299,0x10a7a8de231d52479b2a75d9bc352c4e4cc6d105599c5c7c0977db02a51d3a56,309765104969070080,0.309765,-517782307,-517.7823,3239278694389577617517086,1661382663512602173,115792089237316195423570985008687907853269984665640564039457584007913112660615,,,v3_standard
0xb2cc224c1c9fee385f8ad6a55b4d94e92359dc59,47224303,0xe078425d2ab2c61eb0c745b3249a012e58c8f4c0a67f669a18ec83f8c3261fdc,-268020672709824840,-0.268021,448058456,448.0585,3239300060158570829398208,1661382663512602173,115792089237316195423570985008687907853269984665640564039457584007913112660615,,,v3_standard
0xb2cc224c1c9fee385f8ad6a55b4d94e92359dc59,47224305,0xd95f3b078cd4d0b3e75976337dbd63618985e95c03285b2f34b851bfff8cf67b,-838155153618506929,-0.838155,1401208061,1401.2081,3239366877082487199684288,1661382663512602173,115792089237316195423570985008687907853269984665640564039457584007913112660615,,,v3_standard
0xb2cc224c1c9fee385f8ad6a55b4d94e92359dc59,47224306,0xf68aea10d76a9a8e14e1ccb3f8e1351432ccfddf202c0f6481e725381b5a85da,-326724455125616301,-0.326724,546225914,546.2259,3239392923988964846389139,1661382663512602173,115792089237316195423570985008687907853269984665640564039457584007913112660615,,,v3_standard
0xb2cc224c1c9fee385f8ad6a55b4d94e92359dc59,47224306,0xa85c63239fdbdff6f9736303cc0aee6e0193914c492e3d45390447eb98fda1d4,-330240241079603927,-0.330240,552112617,552.1126,3239419251604218778156232,1661382663512602173,115792089237316195423570985008687907853269984665640564039457584007913112660616,,,v3_standard
0xb2cc224c1c9fee385f8ad6a55b4d94e92359dc59,47224307,0x441923e347ea4309e009c05e6ef0a95a2fbebb6d93d912f35f2cc7456966746d,-405945897592327505,-0.405946,678693523,678.6935,3239451615258655082464514,1661382663512602173,115792089237316195423570985008687907853269984665640564039457584007913112660616,,,v3_standard
0xb2cc224c1c9fee385f8ad6a55b4d94e92359dc59,47224308,0x00185c984b5b861797508fdc87e58e4233fc857f0958775b2bc7409b56f46e7d,-1285874514257949672,-1.285875,2149919601,2149.9196,3239554134662020270333039,1661382663512602173,115792089237316195423570985008687907853269984665640564039457584007913112660616,,,v3_standard
0xb2cc224c1c9fee385f8ad6a55b4d94e92359dc59,47224311,0x1a2190b95e0de3bfe35523dca461862f88ca250d43a74266555e890a5fe03cde,3309398421131971,0.003309,-5532663,-5.5327,3239553870819864516883166,1661382663512602173,115792089237316195423570985008687907853269984665640564039457584007913112660616,,,v3_standard
0xb2cc224c1c9fee385f8ad6a55b4d94e92359dc59,47224320,0x4d35db45953582e0ddb683d3e793a3a2a91b3df29b2f7d2ee2d0d4ae5afee625,389033193780233728,0.389033,-650382181,-650.3822,3239529922838440399368611,2151688039635280832,115792089237316195423570985008687907853269984665640564039457584007913112660616,,,v3_standard
0xb2cc224c1c9fee385f8ad6a55b4d94e92359dc59,47224321,0x78c016bfd014cdea0a7dce439e366c8a749359a17f8787add71d7ef929898e57,1730519457852978688,1.730519,-2892950293,-2892.9503,3239423400366191042097345,2151688100934516886,115792089237316195423570985008687907853269984665640564039457584007913112660616,,,v3_standard
0xb2cc224c1c9fee385f8ad6a55b4d94e92359dc59,47224321,0x784c15a602778b6514cc6054e9aed5b4f42b2762feed3f6bc2b3d6a1c7a346a2,24480542147021313,0.024481,-40923336,-40.9233,3239421893511761183359077,2151688100934516886,115792089237316195423570985008687907853269984665640564039457584007913112660616,,,v3_standard
0xb2cc224c1c9fee385f8ad6a55b4d94e92359dc59,47224330,0xb50faad1209b8525fc642c3fa35dc86f33c58cee200e5f12f1d4f20372871111,1981842392872087296,1.981842,-3312856009,-3312.8560,3239299909532430679122607,2151688243913185787,115792089237316195423570985008687907853269984665640564039457584007913112660615,,,v3_standard
0xb2cc224c1c9fee385f8ad6a55b4d94e92359dc59,47224330,0x8cfc5304fb182200e1372c15f1de4b28889ae4a8811ef73212a86fe49ffe997a,95707569476920599,0.095708,-159895343,-159.8953,3239294021962860271224899,2151688243913185787,115792089237316195423570985008687907853269984665640564039457584007913112660615,,,v3_standard
0xb2cc224c1c9fee385f8ad6a55b4d94e92359dc59,47224332,0x4a82176f7c62e0a96d7162a2f2488b586f2a0da587d5e6457d6b2d79dfdb9933,866250000000000000,0.866250,-1447943490,-1447.9435,3239240706661022304937013,2151688130608091160,115792089237316195423570985008687907853269984665640564039457584007913112660614,,,v3_standard
0xb2cc224c1c9fee385f8ad6a55b4d94e92359dc59,47224335,0x5653953094222e065b6714847a8c29885008fb33a1a59e6d82fd4d69f200e030,1937739179234252032,1.937739,-3238773282,-3238.7733,3239121450497100993258996,2151687992873318343,115792089237316195423570985008687907853269984665640564039457584007913112660614,,,v3_standard
0xb2cc224c1c9fee385f8ad6a55b4d94e92359dc59,47224337,0x02886926622fa0c48b681d3f2b0d0208180c887beec23dd1d359a27366f94bd5,964138004003664768,0.964138,-1611389335,-1611.3893,3239062116873329967721201,2151687491992992771,115792089237316195423570985008687907853269984665640564039457584007913112660613,,,v3_standard
0xb2cc224c1c9fee385f8ad6a55b4d94e92359dc59,47224340,0xbe1a92dc2d1599251618ea1d8bed8d91eac387f0ba351a88de2fa19954717498,-437352232048684552,-0.437352,731038755,731.0388,3239089033138677965280416,2151687143505654807,115792089237316195423570985008687907853269984665640564039457584007913112660613,,,v3_standard
0xb2cc224c1c9fee385f8ad6a55b4d94e92359dc59,47224344,0x6e2ecc210042477e3d2972c3f7a32ba4a9ae010b55b6ebd1fb9ec8cb45a1414c,1520052945784221696,1.520053,-2540426992,-2540.4270,3238995491032587645087122,2151687309768009491,115792089237316195423570985008687907853269984665640564039457584007913112660613,,,v3_standard
0xb2cc224c1c9fee385f8ad6a55b4d94e92359dc59,47224348,0x903d35d9f7a53e94b8d6365efdcb5b78ff21a2bd561aee81fc7f3568c965788a,1654621538733344512,1.654622,-2765135724,-2765.1357,3238863626997051817750603,1661382663512602173,115792089237316195423570985008687907853269984665640564039457584007913112660612,,,v3_standard
0xb2cc224c1c9fee385f8ad6a55b4d94e92359dc59,47224354,0xef4c7436e2080be46f0d38f0cead00f89db4532d6c98506b82a2219d48107b85,-54195872731649,-0.000054,90616,0.0906,3238863631316241544233489,1661382663512602173,115792089237316195423570985008687907853269984665640564039457584007913112660612,,,v3_standard
0xb2cc224c1c9fee385f8ad6a55b4d94e92359dc59,47224356,0x6926add63543d8ec0ec33a6f665115e4c91d7de96011aab87e4ec1201e947597,-4600814909736942087,-4.600815,7689975262,7689.9753,3239146769216317964949303,2151693764165866108,115792089237316195423570985008687907853269984665640564039457584007913112660614,,,v3_standard
0xb2cc224c1c9fee385f8ad6a55b4d94e92359dc59,47224357,0x4c8c2466fcb3f0392df9992105dab4066f215e8b9aba8e238a0d27e07541d4b6,-2633757140379137351,-2.633757,4402766007,4402.7660,3239308875046567035720246,2151693932242732223,115792089237316195423570985008687907853269984665640564039457584007913112660615,,,v3_standard
0xb2cc224c1c9fee385f8ad6a55b4d94e92359dc59,47224358,0x839383037455ae8ff5a200e1ab778df4745feab5fdeea178f40f79aa4fea2f29,-401257402116867607,-0.401257,670807611,670.8076,3239333573577845919606826,2151693352358801107,115792089237316195423570985008687907853269984665640564039457584007913112660615,,,v3_standard
0xb2cc224c1c9fee385f8ad6a55b4d94e92359dc59,47224361,0x88e97f2e514d32459e353b007d1e5ceb18ee20b76ac76f9463b9cad87fab7452,-695175136041741786,-0.695175,1162192860,1162.1929,3239376364473479565040845,2151693220797523208,115792089237316195423570985008687907853269984665640564039457584007913112660615,,,v3_standard
0xb2cc224c1c9fee385f8ad6a55b4d94e92359dc59,47224363,0x33b08da512a97be41c2ce38d98588c7f268cc746d98ba8f7abc931a23affc56e,-547485367264766553,-0.547485,915309726,915.3097,3239420011225178324173307,1661382663512602173,115792089237316195423570985008687907853269984665640564039457584007913112660616,,,v3_standard
0xb2cc224c1c9fee385f8ad6a55b4d94e92359dc59,47224368,0x10f84e564c19fca4407d5154555d502deae335d9760cca3a00c1841753f78b1f,-1635077111145641747,-1.635077,2733698667,2733.6987,3239501984273357621409447,2642001632277090428,115792089237316195423570985008687907853269984665640564039457584007913112660616,,,v3_standard
0xb2cc224c1c9fee385f8ad6a55b4d94e92359dc59,47224376,0xa1563e0a1e8a7720d28ff2ff60877b84500d39d2b5a8f2879a6fb3ea4ec4b878,-2598265059654799243,-2.598265,4344345019,4344.3450,3239632254753289366494619,2641993962650837962,115792089237316195423570985008687907853269984665640564039457584007913112660617,,,v3_standard
0xb2cc224c1c9fee385f8ad6a55b4d94e92359dc59,47224379,0x1e3de4546cc1a8c5287680714e018d6763380ef9ccd48f83fead7d42b45b8216,86241631451943669,0.086242,-144185718,-144.1857,3239625378812093623279884,1661382663512602173,115792089237316195423570985008687907853269984665640564039457584007913112660617,,,v3_standard
0xb2cc224c1c9fee385f8ad6a55b4d94e92359dc59,47224386,0x8e46d1e76e72430243a6848c4cd003a5ec3334bde5cbe22bde8f4f98003aa2e8,-298129132672028797,-0.298129,498497399,498.4974,3239640326868655965559158,2641993162245633436,115792089237316195423570985008687907853269984665640564039457584007913112660617,,,v3_standard
0xb2cc224c1c9fee385f8ad6a55b4d94e92359dc59,47224389,0x6ff52ff93adf0cdbcba244c9a03f7f47a9e2dde2471300fdd5574f89a9676a45,55249126268767,0.000055,-92322,-0.0923,3239640322465978046490078,1661382663512602173,115792089237316195423570985008687907853269984665640564039457584007913112660617,,,v3_standard
0xb2cc224c1c9fee385f8ad6a55b4d94e92359dc59,47224390,0xb684486673f6ce174d1fc7f4364247a3f18d860ddf01d430a29889495b3ffa00,9082499851787138951,9.082500,-15182829825,-15182.8298,3239185017565368422606557,2641982783824430108,115792089237316195423570985008687907853269984665640564039457584007913112660614,,,v3_standard
0xb2cc224c1c9fee385f8ad6a55b4d94e92359dc59,47224395,0x46bfaf5a608de4307cae19a61d23a7bc55d8e2dd66f499e831d8bbf77aa682b6,1320000000000000000,1.320000,-2206232839,-2206.2328,3239118857001276665391569,2641993403955443408,115792089237316195423570985008687907853269984665640564039457584007913112660614,,,v3_standard
0xb2cc224c1c9fee385f8ad6a55b4d94e92359dc59,47224399,0x9f866b65baf97c1e605f3ac9891a960661d947edc81120c15b4744058964a59a,-2583486491487902054,-2.583486,4318612301,4318.6123,3239248355834916526233336,2641994358091505842,115792089237316195423570985008687907853269984665640564039457584007913112660614,,,v3_standard
0xb2cc224c1c9fee385f8ad6a55b4d94e92359dc59,47224400,0x7c1c8b3d8f83e9cbf65e358fdf2aff071cd9daa15a273764a6257a19c404e860,-2467659454787822923,-2.467659,4125315753,4125.3158,3239372058399792820076384,2641995149838747948,115792089237316195423570985008687907853269984665640564039457584007913112660615,,,v3_standard
0xb2cc224c1c9fee385f8ad6a55b4d94e92359dc59,47224401,0x752bb2e04422dec5326da44ff6c0165c696905b938373e57043cbf952345beb0,-483759327925622653,-0.483759,808762787,808.7628,3239396324007038917829100,2640483885208148121,115792089237316195423570985008687907853269984665640564039457584007913112660615,,,v3_standard
0xb2cc224c1c9fee385f8ad6a55b4d94e92359dc59,47224407,0xd24718570e8121eb5c67ee1247892b0c745bac9a90712da7ab88e81f0b788c2d,-593450783088246231,-0.593451,992164665,992.1647,3239426068085520073733942,2642632445877056751,115792089237316195423570985008687907853269984665640564039457584007913112660616,,,v3_standard
0xb2cc224c1c9fee385f8ad6a55b4d94e92359dc59,47224409,0x3e645f111f12bef5c244feeb00f007283e68ebfbb781d1b9595cd2c09d4cada0,-11492702723890291155,-11.492703,19217745664,19217.7457,3240002196378658851249091,2642632447556682201,115792089237316195423570985008687907853269984665640564039457584007913112660619,,,v3_standard
0xb2cc224c1c9fee385f8ad6a55b4d94e92359dc59,47224410,0xe52318a21155bfe7e2838b0b59ab0964eaad61ee6bc3fe26e7ad884438e1f96e,-4305603842022951133,-4.305604,7201626624,7201.6266,3240318201140490296050066,1631104514132771206,115792089237316195423570985008687907853269984665640564039457584007913112660621,,,v3_standard
0xb2cc224c1c9fee385f8ad6a55b4d94e92359dc59,47224411,0xd1fd18cf3184db63e222d21fab0a4a911124e7dd506ac7d23b8ad2778538d4d3,-1696944682867155338,-1.696945,2838691646,2838.6916,3240380298351527994699590,3621593063520157271,115792089237316195423570985008687907853269984665640564039457584007913112660621,,,v3_standard
0xb2cc224c1c9fee385f8ad6a55b4d94e92359dc59,47224413,0x2f665dba3afe18c7764f036910acfd301a66ebe6a6f4a8e8a8581b0cc297f67b,3397154886653637632,3.397155,-5681961613,-5681.9616,3240202779082068450955571,2535901479667750293,115792089237316195423570985008687907853269984665640564039457584007913112660620,,,v3_standard
0xb2cc224c1c9fee385f8ad6a55b4d94e92359dc59,47224415,0x218e710b6fba917f6957461ce1d4b01a2466c1add15dfdc41c22ecc1a831f98f,-734082384403102654,-0.734082,1227895921,1227.8959,3240243685173174799124539,2378083505242297097,115792089237316195423570985008687907853269984665640564039457584007913112660621,,,v3_standard
0xb2cc224c1c9fee385f8ad6a55b4d94e92359dc59,47224416,0x5d4dc620e7a46604fcb677da1ebfa686012ae32308b3157538bdce00b99b10ca,-1580701923135399508,-1.580702,2644138235,2644.1382,3240332752585579990962129,2351899967308297594,115792089237316195423570985008687907853269984665640564039457584007913112660621,,,v3_standard
0xb2cc224c1c9fee385f8ad6a55b4d94e92359dc59,47224416,0x29c26a07ae40c815b1412ac308efbf064017a91a60c8b65af539df35fbd4bb36,1426709467619313256,1.426709,-2384807572,-2384.8076,3240216914562748943816863,1631104514132771206,115792089237316195423570985008687907853269984665640564039457584007913112660620,,,v3_standard
0xb2cc224c1c9fee385f8ad6a55b4d94e92359dc59,47224417,0xe6df18e4df939ae8de1688511c9be622d048a5708430182f5a364f66b455b921,-2105753682749733481,-2.105754,3522399150,3522.3992,3240335829668572148268243,2346686453060150910,115792089237316195423570985008687907853269984665640564039457584007913112660621,,,v3_standard
0xb2cc224c1c9fee385f8ad6a55b4d94e92359dc59,47224418,0xbf913db0765d1b0c5e8be44b418614682c9fa798095ae2863f336ef6888cdbb7,-6991435525682397794,-6.991436,11696777699,11696.7777,3240730862924487238368688,2345773647345084865,115792089237316195423570985008687907853269984665640564039457584007913112660624,,,v3_standard
0xb2cc224c1c9fee385f8ad6a55b4d94e92359dc59,47224419,0x0ecf500e4777ec1c10886c845c055d8cda1548e81fc862f4376a9d6b143f6fa4,-2227400446006725668,-2.227400,3727073795,3727.0738,3240856736667939326780461,2345775082533105753,115792089237316195423570985008687907853269984665640564039457584007913112660624,,,v3_standard
0xb2cc224c1c9fee385f8ad6a55b4d94e92359dc59,47224419,0x2c4e0075359c0b5eee2dd515177586f2a53a9d9a4e037fb232e75ad72165a317,-92889358656214,-0.000093,155542,0.1555,3240856744217544829314305,1631104514132771206,115792089237316195423570985008687907853269984665640564039457584007913112660624,,,v3_standard
0xb2cc224c1c9fee385f8ad6a55b4d94e92359dc59,47224421,0xf0c00b05a012a151850561312cda789987b1220407747f8b9a05a90391b8377a,-1085664702224896637,-1.085665,1816730476,1816.7305,3240918114968873506022811,2345214586663615879,115792089237316195423570985008687907853269984665640564039457584007913112660625,,,v3_standard
0xb2cc224c1c9fee385f8ad6a55b4d94e92359dc59,47224422,0xa5530a144da57312d004d49d2f04a0ca35de5388fc19017d5f7feefe2d3adcf4,-548453195167117341,-0.548453,917797872,917.7979,3240951456622253709520247,2180787952908796583,115792089237316195423570985008687907853269984665640564039457584007913112660625,,,v3_standard
0xb2cc224c1c9fee385f8ad6a55b4d94e92359dc59,47224426,0xfaf514727e5965b1e546bdd46bacd849a1933a8cafa7fd2017202cfa2c86ccc5,319485377093270464,0.319485,-534573384,-534.5734,3240925490617863863761088,1631104514132771206,115792089237316195423570985008687907853269984665640564039457584007913112660625,,,v3_standard
0xb2cc224c1c9fee385f8ad6a55b4d94e92359dc59,47224428,0x73774aa69a10017e3174c261e08a89b66f5eedaf314e29654de321b8bc12e9cd,-6745043409470383068,-6.745043,11288605973,11288.6060,3241302973678341590306555,2369170804314168803,115792089237316195423570985008687907853269984665640564039457584007913112660627,,,v3_standard
0xb2cc224c1c9fee385f8ad6a55b4d94e92359dc59,47224429,0x6178071f8e8d9e15b025a483b9a23a31b32ec4361c9bfc1ceadc1bc8e6485511,222855631525984672,0.222856,-372971128,-372.9711,3241284857232117819876300,1631104514132771206,115792089237316195423570985008687907853269984665640564039457584007913112660627,,,v3_standard
0xb2cc224c1c9fee385f8ad6a55b4d94e92359dc59,47224429,0xdefc5e17feffae8e4c3d786581ee4920ca143d4eab115de90fa1c1d38e321050,1440000000000000000,1.440000,-2409883134,-2409.8831,3241167801206000632344370,1631104514132771206,115792089237316195423570985008687907853269984665640564039457584007913112660626,,,v3_standard
0xb2cc224c1c9fee385f8ad6a55b4d94e92359dc59,47224433,0xe894e885cba643200870b19a2b859ec44a4cb58d9eec93177ced6d3a2ab99396,-1697862916770934769,-1.697863,2841783838,2841.7838,3241305827801329896388897,1631104514132771206,115792089237316195423570985008687907853269984665640564039457584007913112660627,,,v3_standard
0xb2cc224c1c9fee385f8ad6a55b4d94e92359dc59,47224434,0xd84b47953955bfb7fbd81d99726216c42f9c7aeac007fb5af297ee7dd8e5759a,-1078728422157291010,-1.078728,1805622855,1805.6229,3241365613082775289748034,2392689205710208143,115792089237316195423570985008687907853269984665640564039457584007913112660628,,,v3_standard
0xb2cc224c1c9fee385f8ad6a55b4d94e92359dc59,47224435,0x530416158a9a93931086b5c3dcf4aece51937a9911e4ed85d988f46b950e2462,-3017132522255489278,-3.017133,5050683860,5050.6839,3241610926849453306958961,1631104514132771206,115792089237316195423570985008687907853269984665640564039457584007913112660629,,,v3_standard
0xb2cc224c1c9fee385f8ad6a55b4d94e92359dc59,47224436,0xcd817c69f7498465c10919e8cabe16bf445dc896a24b80b49b3dbd433bdb3ec8,-3053141566484002660,-3.053142,5111614879,5111.6149,3241779003950931877191325,2409367794551223817,115792089237316195423570985008687907853269984665640564039457584007913112660630,,,v3_standard
0xb2cc224c1c9fee385f8ad6a55b4d94e92359dc59,47224438,0x5dad03f0b683cc89235e88b9a3677aeb3ffd40cfdc90f752d215a7a4a86b8a5f,1084758835501918208,1.084759,-1815962324,-1815.9623,3241719688255540838086033,2425586638152672890,115792089237316195423570985008687907853269984665640564039457584007913112660630,,,v3_standard
0xb2cc224c1c9fee385f8ad6a55b4d94e92359dc59,47224439,0xfa5e5b9d2a02fcf37a3b81c0d28a67d22275e341ce694604dcb8c5fa3f46a99c,5750934249556580352,5.750934,-9625902307,-9625.9023,3241252126216608760908615,1631104514132771206,115792089237316195423570985008687907853269984665640564039457584007913112660627,,,v3_standard
0xb2cc224c1c9fee385f8ad6a55b4d94e92359dc59,47224441,0x77f6dd952ef51cf0695a83e9aea88f067f20096655d4e28e618f5f3438ee8152,-8491574844654607855,-8.491575,14214771456,14214.7715,3241693379481398511909696,2552145763467240718,115792089237316195423570985008687907853269984665640564039457584007913112660630,,,v3_standard
0xb2cc224c1c9fee385f8ad6a55b4d94e92359dc59,47224442,0x1ed9572d024cae97ea2d3cebdfb2a148cada74062aecb0ab12dd5fce289885fe,4509142926701880320,4.509143,-7547797426,-7547.7974,3241451487652720847481062,2472171649702136251,115792089237316195423570985008687907853269984665640564039457584007913112660628,,,v3_standard
0xb2cc224c1c9fee385f8ad6a55b4d94e92359dc59,47224444,0x3a6b1d4a5ffca0eb462213109ed65ecafda84afdebd6df0d394797d89567dab7,312124598643267264,0.312125,-522419517,-522.4195,3241433353005707485145901,2282390079125995744,115792089237316195423570985008687907853269984665640564039457584007913112660628,,,v3_standard
0xb2cc224c1c9fee385f8ad6a55b4d94e92359dc59,47224446,0xdbc7811b541c674dd316ef0ea2a1373ddcbb29d48d91b7b49b3599194b78afd6,561839873183310720,0.561840,-940362722,-940.3627,3241387676465704172988302,1631104514132771206,115792089237316195423570985008687907853269984665640564039457584007913112660628,,,v3_standard
0xb2cc224c1c9fee385f8ad6a55b4d94e92359dc59,47224446,0xf34e2ed269695d61418128862f8bdb2d22593ec9ca6ad8ef15bcca557e1c0bce,696562500000000000,0.696562,-1165813903,-1165.8139,3241331049013219800800131,1631104514132771206,115792089237316195423570985008687907853269984665640564039457584007913112660627,,,v3_standard
0xb2cc224c1c9fee385f8ad6a55b4d94e92359dc59,47224447,0xa785bd2976628243602508dc84fd8ab0a65d4f8944fb05faf97ace86e3db07dc,636750068614242816,0.636750,-1065675645,-1065.6756,3241289905685787731150516,2052131620711118664,115792089237316195423570985008687907853269984665640564039457584007913112660627,,,v3_standard
0xb2cc224c1c9fee385f8ad6a55b4d94e92359dc59,47224448,0x17dc4b4da3005dc71654349921dc03c37007be6708327839aa5d7a015e9d7b57,5113788959729542144,5.113789,-8557542506,-8557.5425,3240959567416405271209988,2052436642252264685,115792089237316195423570985008687907853269984665640564039457584007913112660625,,,v3_standard
0xb2cc224c1c9fee385f8ad6a55b4d94e92359dc59,47224449,0x9194813e602acdf67e7a589e927e5a6de48f9fd311a56b74aeac90fed8ebdc71,-2445181643809942920,-2.445182,4092097697,4092.0977,3241114418811031122036014,2093555111800156944,115792089237316195423570985008687907853269984665640564039457584007913112660626,,,v3_standard
0xb2cc224c1c9fee385f8ad6a55b4d94e92359dc59,47224450,0x4bbc1d2f193a87b99d82a8adfef2ac803da176336c0d72dd926a9e34b75d3cf3,-319637904568133592,-0.319638,534954204,534.9542,3241134662298061266225408,2093557077569291963,115792089237316195423570985008687907853269984665640564039457584007913112660626,,,v3_standard
0xb2cc224c1c9fee385f8ad6a55b4d94e92359dc59,47224451,0x3e3264ce9c6f3fcfe0347b7828ab0c968be954e6a060652a476bb2a4c534a622,-368444728703121297,-0.368445,616648107,616.6481,3241164613147102168327074,1631104514132771206,115792089237316195423570985008687907853269984665640564039457584007913112660626,,,v3_standard
0xb2cc224c1c9fee385f8ad6a55b4d94e92359dc59,47224451,0x057d2380474ab0c9aa1aaf1c71fc3cf46a50a3382f7b48a2bc5b4ac061f2c82f,-240706536445141781,-0.240707,402865033,402.8650,3241184180465398545866305,1631104514132771206,115792089237316195423570985008687907853269984665640564039457584007913112660626,,,v3_standard
0xb2cc224c1c9fee385f8ad6a55b4d94e92359dc59,47224451,0x31bb8ed55047dc8122243fae84b19a026368f062dd649823e0d6208d9487f899,-3105334009830990713,-3.105334,5197762816,5197.7628,3241436637916750432989889,1631104514132771206,115792089237316195423570985008687907853269984665640564039457584007913112660628,,,v3_standard
0xb2cc224c1c9fee385f8ad6a55b4d94e92359dc59,47224452,0xfad909b2052eccf135da931d269d51626354e16f32c2d66fcfb6b56251239d49,1339404598646578944,1.339405,-2241749303,-2241.7493,3241327748709083080986266,1631104514132771206,115792089237316195423570985008687907853269984665640564039457584007913112660627,,,v3_standard
0xb2cc224c1c9fee385f8ad6a55b4d94e92359dc59,47224453,0xa9c405c1192bdbe038fefd45061c59c3ceda229461f50106f9f244f90df287ca,-2645811436625988393,-2.645811,4428843776,4428.8438,3241467216404757941898631,2515766101666560404,115792089237316195423570985008687907853269984665640564039457584007913112660628,,,v3_standard
0xb2cc224c1c9fee385f8ad6a55b4d94e92359dc59,47224454,0x6f96684501d4d9d534e12d2f239167565dfafd4c7697a171737c52b73c66ae70,4856768179233286144,4.856768,-8128513227,-8128.5132,3241211227914222656413376,2515766101908700185,115792089237316195423570985008687907853269984665640564039457584007913112660627,,,v3_standard
0xb2cc224c1c9fee385f8ad6a55b4d94e92359dc59,47224460,0x396f425f2934f9eb297eb69a9d211ee606e545f40604a590433ded22a630b9b9,-283129545377198103,-0.283130,473881589,473.8816,3241234244535491358945348,1631104514132771206,115792089237316195423570985008687907853269984665640564039457584007913112660627,,,v3_standard
0xb2cc224c1c9fee385f8ad6a55b4d94e92359dc59,47224462,0x283f561ad070e51df557037ab00c16a0d9c2d100992792e23927138c663caf8b,-1626294584017712549,-1.626295,2722064612,2722.0646,3241319964443025587470408,2515766101443103585,115792089237316195423570985008687907853269984665640564039457584007913112660627,,,v3_standard
0xb2cc224c1c9fee385f8ad6a55b4d94e92359dc59,47224463,0x4cc3a340016b2389894e52aaef46867c7e5707358a6b291e8cc10006ec42cf60,-748149784116342441,-0.748150,1252297184,1252.2972,3241380789025941527362030,1631104514132771206,115792089237316195423570985008687907853269984665640564039457584007913112660628,,,v3_standard
0xb2cc224c1c9fee385f8ad6a55b4d94e92359dc59,47224463,0x3b3835b9c06d4e4e6a54c83c003ead8eb5684dd355cbb45cf1f4c1d23e556728,-4866106907863066216,-4.866107,8151638738,8151.6387,3241776459269913765924042,1631104514132771206,115792089237316195423570985008687907853269984665640564039457584007913112660630,,,v3_standard
0xb2cc224c1c9fee385f8ad6a55b4d94e92359dc59,47224464,0x2b880b87b836cd79d171fa65d62d7f0983ea7102b8b754b25d435430cecdc4f6,-8979977069691373918,-8.979977,15038554368,15038.5544,3242506887964362399533705,1631104514132771206,115792089237316195423570985008687907853269984665640564039457584007913112660635,,,v3_standard
0xb2cc224c1c9fee385f8ad6a55b4d94e92359dc59,47224465,0xadf2166611f65bff7730fd453201cc1d35d5fd39086ddac1eef74dbedf71d8dc,-1980145603104288386,-1.980146,3317014801,3317.0148,3242667996720650425983340,1631104514132771206,115792089237316195423570985008687907853269984665640564039457584007913112660636,,,v3_standard
0xb2cc224c1c9fee385f8ad6a55b4d94e92359dc59,47224466,0x4377f608f132b0b8e32d6f819ee2af0263380d0d298165d2e690d40c8bbf0432,-642206524411651790,-0.642207,1075854582,1075.8546,3242720251414687234582608,1631104514132771206,115792089237316195423570985008687907853269984665640564039457584007913112660636,,,v3_standard
0xb2cc224c1c9fee385f8ad6a55b4d94e92359dc59,47224466,0x17fd9ca39ff65ebf9541e21b61dac3b24ac35d0e14e45529b16c961c74cf2b53,-277035639274035735,-0.277036,464113841,464.1138,3242742793612464656066407,1631104514132771206,115792089237316195423570985008687907853269984665640564039457584007913112660636,,,v3_standard
0xb2cc224c1c9fee385f8ad6a55b4d94e92359dc59,47224468,0x60757fc32312a856bb78be246b9a3a0e59488eba559cb634edcad0c2354e28bb,149209042351111765,0.149209,-249938579,-249.9386,3242730653265719659793094,1631104514132771206,115792089237316195423570985008687907853269984665640564039457584007913112660636,,,v3_standard
0xb2cc224c1c9fee385f8ad6a55b4d94e92359dc59,47224468,0xa240c43ad77f60a6d5bd6e7d5d50d65f8091e36c03e2fdb7468ff99402ec4643,367057601359459504,0.367058,-614846564,-614.8466,3242700788126440201089813,1631104514132771206,115792089237316195423570985008687907853269984665640564039457584007913112660636,,,v3_standard
0xb2cc224c1c9fee385f8ad6a55b4d94e92359dc59,47224469,0x840297a6e5ff6da7e4db1279e240955095f2d851e45adca854d71af0a83a9e8f,354375000000000000,0.354375,-593591595,-593.5916,3242671955411580456882774,1631104514132771206,115792089237316195423570985008687907853269984665640564039457584007913112660636,,,v3_standard
0xb2cc224c1c9fee385f8ad6a55b4d94e92359dc59,47224469,0x30fdc0bceeb87562110497365616d2367492b8f22507e5011887b14cf80a4581,4726354591350784,0.004726,-7916752,-7.9168,3242671570868634676264021,1631104514132771206,115792089237316195423570985008687907853269984665640564039457584007913112660636,,,v3_standard
0xb2cc224c1c9fee385f8ad6a55b4d94e92359dc59,47224469,0xbb134f773f83fbb606a618f57056a547dfcc798452e0f450444b2a14f547a75a,414375000000000000,0.414375,-694080323,-694.0803,3242637857082568628978799,1631104514132771206,115792089237316195423570985008687907853269984665640564039457584007913112660635,,,v3_standard
0xb2cc224c1c9fee385f8ad6a55b4d94e92359dc59,47224470,0xecd7e4772e9e485bb544d3b2dccb0cd76b00a2cd4ae63942f7f25029be6fa130,638437500000000000,0.638437,-1069357951,-1069.3580,3242585914815961371852955,1631104514132771206,115792089237316195423570985008687907853269984665640564039457584007913112660635,,,v3_standard
0xb2cc224c1c9fee385f8ad6a55b4d94e92359dc59,47224470,0xb56ef9a0a35d685d054db6e430d6fac99cd93602bbfe78a98b85cc992f671386,1217199294333415168,1.217199,-2038666500,-2038.6665,3242486890014403349429782,1631104514132771206,115792089237316195423570985008687907853269984665640564039457584007913112660634,,,v3_standard
0xb2cc224c1c9fee385f8ad6a55b4d94e92359dc59,47224472,0x284258d616dc7a0d01012e7d821640f6a5885e91ac507dfdad6c9a05b2b834c9,2675935089325320192,2.675935,-4481440654,-4481.4407,3242269211560707541603496,1631104514132771206,115792089237316195423570985008687907853269984665640564039457584007913112660633,,,v3_standard
0xb2cc224c1c9fee385f8ad6a55b4d94e92359dc59,47224473,0x0b31daf10a15531c6c7e8e6918deede1acbf2ef63ef976959a518c1ece5220c6,-1773850788837960984,-1.773851,2970961411,2970.9614,3242380375491475430124987,2117320688596169308,115792089237316195423570985008687907853269984665640564039457584007913112660634,,,v3_standard
0xb2cc224c1c9fee385f8ad6a55b4d94e92359dc59,47224475,0xe3631c8f2890aa48bc17ace99fe508425e7a7fc7b0b3e078a969632fb81e66bb,-3416582021046178398,-3.416582,5722888704,5722.8887,3242594156061737395048033,2120804294070822759,115792089237316195423570985008687907853269984665640564039457584007913112660635,,,v3_standard
0xb2cc224c1c9fee385f8ad6a55b4d94e92359dc59,47224476,0x69cea4f4e81ee6a4e1d98b5f0f6c409ea7c6dfb1b4f89c070d5c44a203fcc28d,-889386966277865498,-0.889387,1489876593,1489.8766,3242649810969913080954348,2120803110853684475,115792089237316195423570985008687907853269984665640564039457584007913112660635,,,v3_standard
0xb2cc224c1c9fee385f8ad6a55b4d94e92359dc59,47224477,0x286d2efee268d69dd665ab552b738cff71897e46d911a4de8745d29d2033a7fd,-3398955323712250913,-3.398955,5694419895,5694.4199,3242926391257311773401549,1631104514132771206,115792089237316195423570985008687907853269984665640564039457584007913112660637,,,v3_standard
0xb2cc224c1c9fee385f8ad6a55b4d94e92359dc59,47224478,0x1b52cd9bc4c03fbad69e9fa603e3f61100ac9f9bdd582c1ac1634b0a8ca706ee,516533507838975808,0.516534,-865330132,-865.3301,3242884359299356299195891,1631104514132771206,115792089237316195423570985008687907853269984665640564039457584007913112660637,,,v3_standard
0xb2cc224c1c9fee385f8ad6a55b4d94e92359dc59,47224479,0xd6ce89f2d7e7eba9afa87e2085c79db654303abbf0d271397889ca7ec27a02e2,249389556885929856,0.249390,-417785385,-417.7854,3242864066075872118673739,1631104514132771206,115792089237316195423570985008687907853269984665640564039457584007913112660637,,,v3_standard
0xb2cc224c1c9fee385f8ad6a55b4d94e92359dc59,47224479,0xcb0d82c7b9221a8f468e4d6972829f8f52085ed6660f0345643e5edb0a5cdb43,595107113409952639,0.595107,-996921401,-996.9214,3242815642293035562172448,1631104514132771206,115792089237316195423570985008687907853269984665640564039457584007913112660636,,,v3_standard
0xb2cc224c1c9fee385f8ad6a55b4d94e92359dc59,47224480,0x9d05a917a9fc1bc37df4c541db7b0094043ede07100ec3db5d0a00ae3438a128,-3247863185353430802,-3.247863,5441824512,5441.8245,3243079953920088301550760,1631104514132771206,115792089237316195423570985008687907853269984665640564039457584007913112660638,,,v3_standard
0xb2cc224c1c9fee385f8ad6a55b4d94e92359dc59,47224481,0xc010bb3255943eeb494410ea8702db9ffeba210df6fc630b7564249dc5ed4bd6,-2533263626646070842,-2.533264,4245122241,4245.1222,3243286141231717967360147,1631104514132771206,115792089237316195423570985008687907853269984665640564039457584007913112660639,,,v3_standard
0xb2cc224c1c9fee385f8ad6a55b4d94e92359dc59,47224482,0x85a34a2c39f17782a0b030b9eddc318264f8304036c56aa4d6da2b2887f514bc,-2159770342178130903,-2.159770,3619666329,3619.6663,3243461949895665877585062,1631104514132771206,115792089237316195423570985008687907853269984665640564039457584007913112660640,,,v3_standard
0xb2cc224c1c9fee385f8ad6a55b4d94e92359dc59,47224483,0xba33a90eb073d6f08ddcdb43fe68933e89fcba627b49e7f131537aa08c305a1c,-276172312295586821,-0.276172,462879186,462.8792,3243484432125744566392191,1631104514132771206,115792089237316195423570985008687907853269984665640564039457584007913112660641,,,v3_standard
0xb2cc224c1c9fee385f8ad6a55b4d94e92359dc59,47224484,0xd0ee9cb0bc516a8e0fa2d0275f13ea377483aa1a77d509f6eecf61057293c7b0,108251953125000000,0.108252,-181414907,-181.4149,3243475620201302785713177,1631104514132771206,115792089237316195423570985008687907853269984665640564039457584007913112660641,,,v3_standard
0xb2cc224c1c9fee385f8ad6a55b4d94e92359dc59,47224484,0xab7f3b05c653f4404c640607a14f4f42a99f923894e729f807d7dd3b93a890d9,14070799051069993,0.014071,-23580589,-23.5806,3243474474813770741795797,1631104514132771206,115792089237316195423570985008687907853269984665640564039457584007913112660641,,,v3_standard
0xb2cc224c1c9fee385f8ad6a55b4d94e92359dc59,47224485,0x3390c6c760a45b18bbcb209370a31b34d9e98676062bae76346a38c1416a006d,128000000000000000,0.128000,-214508406,-214.5084,3243464055428146251658734,1631104514132771206,115792089237316195423570985008687907853269984665640564039457584007913112660640,,,v3_standard
0xb2cc224c1c9fee385f8ad6a55b4d94e92359dc59,47224486,0xe2595c36a55129066e2e6b639f6330be6af2a676ce4d13afb8e0842c47c6b2a4,2883749893628409997,2.883750,-4832358145,-4832.3581,3243229331746664229591209,1631104514132771206,115792089237316195423570985008687907853269984665640564039457584007913112660639,,,v3_standard
0xb2cc224c1c9fee385f8ad6a55b4d94e92359dc59,47224487,0xad58b95565e6f0005398b3d93ecefa5c5a74b75bc63566a793e0abb381621aa6,928542729176995200,0.928543,-1555829013,-1555.8290,3243153759965154559504390,1631104514132771206,115792089237316195423570985008687907853269984665640564039457584007913112660639,,,v3_standard
0xb2cc224c1c9fee385f8ad6a55b4d94e92359dc59,47224487,0xa3c4b9ae51dbd7345c1443847d9cd46841b9bb01f15cc2e502276c770dd365d6,437812500000000000,0.437812,-733555940,-733.5559,3243118128717287457584714,1631104514132771206,115792089237316195423570985008687907853269984665640564039457584007913112660638,,,v3_standard
0xb2cc224c1c9fee385f8ad6a55b4d94e92359dc59,47224489,0xda73c8e0d2373a5f53d8882f815ca7d3f92090c8319deb9247a2e1119f691a6f,381118608302745920,0.381119,-638552059,-638.5521,3243087112123354222750740,1631104514132771206,115792089237316195423570985008687907853269984665640564039457584007913112660638,,,v3_standard
0xb2cc224c1c9fee385f8ad6a55b4d94e92359dc59,47224490,0x1889f5cae1ff9af2edc98c689bc1a14cb08c6e7db49887f5d2e019a78dc8a286,290429119898223744,0.290429,-486596517,-486.5965,3243063476514702623619972,1631104514132771206,115792089237316195423570985008687907853269984665640564039457584007913112660638,,,v3_standard
0xb2cc224c1c9fee385f8ad6a55b4d94e92359dc59,47224490,0x4f2220fbee0e2a382c6f1d2888d88fd84ce4d1d63abc7ab50b961df5e48ab251,740625000000000000,0.740625,-1240840525,-1240.8405,3243003204770053542024790,1631104514132771206,115792089237316195423570985008687907853269984665640564039457584007913112660638,,,v3_standard
0xb2cc224c1c9fee385f8ad6a55b4d94e92359dc59,47224491,0x4be974143e36faaf984763e404657d25d91758120b9bfea4d1cebcf7708e3109,3664174932699346944,3.664175,-6138267334,-6138.2673,3242705048742819719076362,1631104514132771206,115792089237316195423570985008687907853269984665640564039457584007913112660636,,,v3_standard
0xb2cc224c1c9fee385f8ad6a55b4d94e92359dc59,47224493,0xa4bfc117ef8b756c0c833b12ab1ecb39818b7e5ee94627bee48d378181033dda,-615955160282456828,-0.615955,1031899963,1031.9000,3242755168543191946470266,1631104514132771206,115792089237316195423570985008687907853269984665640564039457584007913112660636,,,v3_standard
0xb2cc224c1c9fee385f8ad6a55b4d94e92359dc59,47224493,0x96a8eec2472110f289e3a1806acfd58629c68d88203923d122e1091ecc6b984f,-266254073024588409,-0.266254,446061123,446.0611,3242776833913114968573362,1631104514132771206,115792089237316195423570985008687907853269984665640564039457584007913112660636,,,v3_standard
0xb2cc224c1c9fee385f8ad6a55b4d94e92359dc59,47224495,0x3807bf6f31d5cb8246e2c41b387fe40a33f1ba510533d8b963105122c94584f8,251283074678933408,0.251283,-420929532,-420.9295,3242756387967987629073696,1631104514132771206,115792089237316195423570985008687907853269984665640564039457584007913112660636,,,v3_standard
0xb2cc224c1c9fee385f8ad6a55b4d94e92359dc59,47224495,0x078700662bd36caba6049d7ef473bc278dfa50b85978dc28682af37057d60a23,314531250000000000,0.314531,-526870393,-526.8704,3242730796123463077605268,1631104514132771206,115792089237316195423570985008687907853269984665640564039457584007913112660636,,,v3_standard
0xb2cc224c1c9fee385f8ad6a55b4d94e92359dc59,47224495,0x673c71f5d826a7822311d518caa7a18b4ebf87a39919c48b2e5fd4c801ce4944,-11517727372922885,-0.011518,19295481,19.2955,3242731733312800119852260,1631104514132771206,115792089237316195423570985008687907853269984665640564039457584007913112660636,,,v3_standard
0xb2cc224c1c9fee385f8ad6a55b4d94e92359dc59,47224498,0x9429e5cda90767ea2a98c1d5be2524ca3a9479a17c8cc25dc456a6f3f6bb1973,-1794496340851599769,-1.794496,3006429800,3006.4298,3242877756829421579102985,1631104514132771206,115792089237316195423570985008687907853269984665640564039457584007913112660637,,,v3_standard
0xb2cc224c1c9fee385f8ad6a55b4d94e92359dc59,47224499,0xc30cad4fa006590a678c9673f59f74bd512c4411d40df1019459432e5dd0dda8,-553139604823530542,-0.553140,926763306,926.7633,3242922770099645931909423,1631104514132771206,115792089237316195423570985008687907853269984665640564039457584007913112660637,,,v3_standard
0xb2cc224c1c9fee385f8ad6a55b4d94e92359dc59,47224499,0x8271caab1f15208a88dd1f231540ece7a83603f44d12755b003d07bbfb3e3ac7,-268129150218182482,-0.268129,449248936,449.2489,3242944590302954345211860,1631104514132771206,115792089237316195423570985008687907853269984665640564039457584007913112660637,,,v3_standard
0xb2cc224c1c9fee385f8ad6a55b4d94e92359dc59,47224502,0x9beed6d4c3ae5d90d04c3699f24f2af1107343f6cdef70faf89e66bd0ed4449b,10430291633190832,0.010430,-17473912,-17.4739,3242943741536976990348505,1631104514132771206,115792089237316195423570985008687907853269984665640564039457584007913112660637,,,v3_standard
0xb2cc224c1c9fee385f8ad6a55b4d94e92359dc59,47224506,0x51f81580b63f2df13bcfbf91fe276f950de453e751d049682d1f612df194f28e,596250000000000000,0.596250,-998885014,-998.8850,3242895222374934509817949,1631104514132771206,115792089237316195423570985008687907853269984665640564039457584007913112660637,,,v3_standard
0xb2cc224c1c9fee385f8ad6a55b4d94e92359dc59,47224506,0xa289abe0f640c557b393331bdb15ad8567a7481c99597f32febb3f95db1dad63,563437500000000000,0.563438,-943887459,-943.8875,3242849374626733558300273,1631104514132771206,115792089237316195423570985008687907853269984665640564039457584007913112660637,,,v3_standard
0xb2cc224c1c9fee385f8ad6a55b4d94e92359dc59,47224506,0x96e00b51297a5a94ab8d60fc111d5b6fec7953ceea95b6a28cde05987d0e4420,545625000000000000,0.545625,-914021987,-914.0220,3242804977543713764447489,1631104514132771206,115792089237316195423570985008687907853269984665640564039457584007913112660636,,,v3_standard
0xb2cc224c1c9fee385f8ad6a55b4d94e92359dc59,47224507,0x86938f339b369ac4177b8eb996e13c80158c3a1b83f1afe776f99cf54549d913,1140467933768610048,1.140468,-1910412218,-1910.4122,3242712182478539544835693,1631104514132771206,115792089237316195423570985008687907853269984665640564039457584007913112660636,,,v3_standard
0xb2cc224c1c9fee385f8ad6a55b4d94e92359dc59,47224508,0xeb54207fc42d3df69c131c1ac7520a563232b1a2abbb439c37fff86bc5af3685,420545650068082432,0.420546,-704433730,-704.4337,3242677965793118896612420,1631104514132771206,115792089237316195423570985008687907853269984665640564039457584007913112660636,,,v3_standard
0xb2cc224c1c9fee385f8ad6a55b4d94e92359dc59,47224510,0xe80aef2b277ca042707ac13d62519656e170f660319349dd721732a53a46b1a2,3222096655123634,0.003222,-5397105,-5.3971,3242677703637761032235520,1631104514132771206,115792089237316195423570985008687907853269984665640564039457584007913112660636,,,v3_standard
0xb2cc224c1c9fee385f8ad6a55b4d94e92359dc59,47224511,0x8fe40fce0e70ccf4b0e2a42e08c4f6409cc1da780f3675818e83e45cc4a7f0e8,-153148641592280858,-0.153149,256560197,256.5602,3242690164870728118142467,1631104514132771206,115792089237316195423570985008687907853269984665640564039457584007913112660636,,,v3_standard
0xb2cc224c1c9fee385f8ad6a55b4d94e92359dc59,47224511,0x8fe40fce0e70ccf4b0e2a42e08c4f6409cc1da780f3675818e83e45cc4a7f0e8,-162889469284078764,-0.162889,272880551,272.8806,3242703418789929242622290,1631104514132771206,115792089237316195423570985008687907853269984665640564039457584007913112660636,,,v3_standard
0xb2cc224c1c9fee385f8ad6a55b4d94e92359dc59,47224512,0x34097cd17ef65c07f6bf3ba54e6f3eeeac496efc9c810ccbcbc24e60c6d622a0,-341725028795542057,-0.341725,572482035,572.4820,3242731224474914080306160,1631104514132771206,115792089237316195423570985008687907853269984665640564039457584007913112660636,,,v3_standard
0xb2cc224c1c9fee385f8ad6a55b4d94e92359dc59,47224516,0xcc2a6f452ffe7e2f8765553461372df6215495b22201c9e33b644e06c8af37a0,2827230497437809152,2.827230,-4735591173,-4735.5912,3242554303403084558602091,2120675526211173670,115792089237316195423570985008687907853269984665640564039457584007913112660635,,,v3_standard
0xb2cc224c1c9fee385f8ad6a55b4d94e92359dc59,47224516,0xe1096e23835db6e094c19d2a4fafec431951629a2eefd1cad556d329a707a8ad,110001802323861427,0.110002,-184116760,-184.1168,3242545360240667846575693,1631104514132771206,115792089237316195423570985008687907853269984665640564039457584007913112660635,,,v3_standard
0xb2cc224c1c9fee385f8ad6a55b4d94e92359dc59,47224518,0x14d08389e2c9e6b18d352b4c162747a3500e5fd29c56d56069f83afd666bc9c0,-10886080270683426656,-10.886080,18240182784,18240.1828,3243431293327853482751321,1631104514132771206,115792089237316195423570985008687907853269984665640564039457584007913112660640,,,v3_standard
0xb2cc224c1c9fee385f8ad6a55b4d94e92359dc59,47224519,0x1dd1790f4692d2097a51d022293fc519b6bec7d7810191a355e9e72a3259fd0d,-1717594739811105163,-1.717595,2878799370,2878.7994,3243538849427690870270002,2120458995399425286,115792089237316195423570985008687907853269984665640564039457584007913112660641,,,v3_standard
0xb2cc224c1c9fee385f8ad6a55b4d94e92359dc59,47224520,0x190996aa7d012f400fc0ceb316bf3c922ac313bf638e5cec7e959f85c654110e,-395163419997376832,-0.395163,662346351,662.3464,3243563595641272508622864,2120459178865513926,115792089237316195423570985008687907853269984665640564039457584007913112660641,,,v3_standard
0xb2cc224c1c9fee385f8ad6a55b4d94e92359dc59,47224523,0xba8753723ac8f4985453581c33cf884a91d130d3f5d906ae7d1653d491ce8731,349930143269396352,0.349930,-586459505,-586.4595,3243541683815370060736905,2120503749675081364,115792089237316195423570985008687907853269984665640564039457584007913112660641,,,v3_standard
0xb2cc224c1c9fee385f8ad6a55b4d94e92359dc59,47224527,0x811c678fa8d571a3664a1c8430dfc17cb5a06668ba8223fdf2e6bd4812836bbd,5592595488559695872,5.592595,-9371740565,-9371.7406,3243191491672192418143182,2120281105652116645,115792089237316195423570985008687907853269984665640564039457584007913112660639,,,v3_standard
0xb2cc224c1c9fee385f8ad6a55b4d94e92359dc59,47224530,0xd94fb34ed98f2b01baad644a8e24d553b02163c406b343866cc0ef65136209be,-1118481640169487564,-1.118482,1874348365,1874.3484,3243261518351450313634853,2120509902308964128,115792089237316195423570985008687907853269984665640564039457584007913112660639,,,v3_standard
0xb2cc224c1c9fee385f8ad6a55b4d94e92359dc59,47224533,0xbc57a1cd7d09333a7a2a064f78cddd328d6f45c79a68b7cc0fbdfdbb03f6549c,-5819042900040551117,-5.819043,9752841748,9752.8417,3243625889818607534623816,2120510079978272697,115792089237316195423570985008687907853269984665640564039457584007913112660641,,,v3_standard
0xb2cc224c1c9fee385f8ad6a55b4d94e92359dc59,47224534,0xc309a65ab8e9e4876cf5721fc8831b2e31bfa7e7de5a7336f7b225d7ef614027,-705491234375597487,-0.705491,1182572349,1182.5723,3243683327837940702877798,1631104514132771206,115792089237316195423570985008687907853269984665640564039457584007913112660642,,,v3_standard
0xb2cc224c1c9fee385f8ad6a55b4d94e92359dc59,47224535,0xbedeb39a62573cbc720c63862fc0f60714c4b301f59a11f0188af7e386dc5e0f,-297661183922764390,-0.297661,498964029,498.9640,3243707562723506372434167,1631104514132771206,115792089237316195423570985008687907853269984665640564039457584007913112660642,,,v3_standard
0xb2cc224c1c9fee385f8ad6a55b4d94e92359dc59,47224535,0x03adf1f3b445d31c7311fa018a3cc8818815209cf4e46af06a7c652eeda2d335,-35090373582194843,-0.035090,58821847,58.8218,3243710419724475785599169,1631104514132771206,115792089237316195423570985008687907853269984665640564039457584007913112660642,,,v3_standard
0xb2cc224c1c9fee385f8ad6a55b4d94e92359dc59,47224538,0x74ae37021fdadd2839f4a9ce4f2e30cd8ed8399bd587512a7f402128bacb3c44,-308911565988711287,-0.308912,517831636,517.8316,3243735571017380420825742,1631104514132771206,115792089237316195423570985008687907853269984665640564039457584007913112660642,,,v3_standard
0xb2cc224c1c9fee385f8ad6a55b4d94e92359dc59,47224539,0x21e1b65aaa13e12c67087a991a492e8b436dec10cc413324babfa6b883598be4,-2982494923558069549,-2.982495,5000000000,5000.0000,3243978423048436919791217,1631104514132771206,115792089237316195423570985008687907853269984665640564039457584007913112660644,,,v3_standard
0xb2cc224c1c9fee385f8ad6a55b4d94e92359dc59,47224539,0xdeaed7d4f79cf608be2743cda143234a65edb1b0153a79e1bfc00ac12098b2b0,343761033473184896,0.343761,-575756184,-575.7562,3243950456658702242604281,1631104514132771206,115792089237316195423570985008687907853269984665640564039457584007913112660643,,,v3_standard
0xb2cc224c1c9fee385f8ad6a55b4d94e92359dc59,47224539,0x25a9a7a55263e47f25da881d8a3aa2f87b315d9c6008f9d799d9bb9d52ab78eb,145280381373154048,0.145280,-243329583,-243.3296,3243938637332844014450214,1631104514132771206,115792089237316195423570985008687907853269984665640564039457584007913112660643,,,v3_standard
0xb2cc224c1c9fee385f8ad6a55b4d94e92359dc59,47224539,0x58668ac97d1269626fbcb284597f640624559dfb7b0ed33766c977a487e9b200,-14923171898388090,-0.014923,25040739,25.0407,3243939852525655625987951,1631104514132771206,115792089237316195423570985008687907853269984665640564039457584007913112660643,,,v3_standard
0xb2cc224c1c9fee385f8ad6a55b4d94e92359dc59,47224539,0xbf11c0ef0ce5a2fcb2bcf2d771d41606fde018db8212c3225d50134382901bce,-42258198419738672,-0.042258,70908385,70.9084,3243943293612645062990897,1631104514132771206,115792089237316195423570985008687907853269984665640564039457584007913112660643,,,v3_standard
0xb2cc224c1c9fee385f8ad6a55b4d94e92359dc59,47224540,0x5ae285fb0e37aea20e661fa353a146e5e97a30fc204c82aa89c45abfa93c08b6,342500933177850970,0.342501,-574141986,-574.1420,3243915405629883114875161,1631104514132771206,115792089237316195423570985008687907853269984665640564039457584007913112660643,,,v3_standard
0xb2cc224c1c9fee385f8ad6a55b4d94e92359dc59,47224541,0x24e94a481e8dd79d59305af1bb8c98bdd54e4f3899fe1b8097bc42fa92695b9a,-298504842177002775,-0.298505,500449853,500.4499,3243939712682531281726866,1631104514132771206,115792089237316195423570985008687907853269984665640564039457584007913112660643,,,v3_standard
0xb2cc224c1c9fee385f8ad6a55b4d94e92359dc59,47224541,0x64cbb6c9e41cf08500590b7120f13a72b95cb4188d6ba8f820500880bd63d7df,4722211011166208,0.004722,-7915997,-7.9160,3243939328176235597487816,1631104514132771206,115792089237316195423570985008687907853269984665640564039457584007913112660643,,,v3_standard
0xb2cc224c1c9fee385f8ad6a55b4d94e92359dc59,47224541,0x91de3fc8827213ce6173f1a080d8f07f000d024712173ff883edfce1f8accb56,13385000000000000,0.013385,-22437705,-22.4377,3243938238302357363061166,1631104514132771206,115792089237316195423570985008687907853269984665640564039457584007913112660643,,,v3_standard
0xb2cc224c1c9fee385f8ad6a55b4d94e92359dc59,47224541,0xfb2abccd204e612741ddfb7e539796c9c6d3f1392993baab6a9de2b6ba46188c,-264379086785622111,-0.264379,443243143,443.2431,3243959766801843262268007,1631104514132771206,115792089237316195423570985008687907853269984665640564039457584007913112660644,,,v3_standard
0xb2cc224c1c9fee385f8ad6a55b4d94e92359dc59,47224542,0xc0ba82fef70cf81ebfe63aaacc605cb14c7391c19fcd9e2d604cf18fe8a32bdf,-837522996258247479,-0.837523,1404182902,1404.1829,3244027968535787106959129,1631104514132771206,115792089237316195423570985008687907853269984665640564039457584007913112660644,,,v3_standard
0xb2cc224c1c9fee385f8ad6a55b4d94e92359dc59,47224542,0x9b8c453bd32648cd42b5a13ee89ea6366083e189f97cd09aea131356d8473fdc,4399496814633794,0.004399,-7375422,-7.3754,3244027610287017515054713,1631104514132771206,115792089237316195423570985008687907853269984665640564039457584007913112660644,,,v3_standard
0xb2cc224c1c9fee385f8ad6a55b4d94e92359dc59,47224542,0x0ada22ae85e8b0040795df91aba675eccd1bcb9018fc0d37a28437406bac3ff9,-1113801027718903527,-1.113801,1867479022,1867.4790,3244118314501694570971095,1631104514132771206,115792089237316195423570985008687907853269984665640564039457584007913112660645,,,v3_standard
0xb2cc224c1c9fee385f8ad6a55b4d94e92359dc59,47224542,0x7041d97714f5bb22cd138996eccd96d4ca5cf7ae1a88b527687fee302f25925c,-42407029269831977,-0.042407,71167802,71.1678,3244121768087959454042158,1631104514132771206,115792089237316195423570985008687907853269984665640564039457584007913112660645,,,v3_standard
0xb2cc224c1c9fee385f8ad6a55b4d94e92359dc59,47224543,0x0673b41e23eb85892e1ea537dea171b3c34cf7efbf707163ba023c8a912f91f2,-4327580108444394322,-4.327580,7256939199,7256.9392,3244474240572674110161255,1631104514132771206,115792089237316195423570985008687907853269984665640564039457584007913112660647,,,v3_standard
0xb2cc224c1c9fee385f8ad6a55b4d94e92359dc59,47224543,0x28689b3bec4dbd8d89a69aa2a922fc7ab03f33cd47668f4bff64261b788ee9cf,-15195054085091561,-0.015195,25507363,25.5074,3244475478313464015713053,1631104514132771206,115792089237316195423570985008687907853269984665640564039457584007913112660647,,,v3_standard
0xb2cc224c1c9fee385f8ad6a55b4d94e92359dc59,47224544,0x367c250123c8c10a7f4a3c4facf8dcf8ea5a858a2e91698243e9cb76cfbcfaf0,239748557011886176,0.239749,-402028789,-402.0288,3244455950440175477198110,1631104514132771206,115792089237316195423570985008687907853269984665640564039457584007913112660647,,,v3_standard
0xb2cc224c1c9fee385f8ad6a55b4d94e92359dc59,47224545,0x316d2cd3ed1ccc9b2bafd70b879bf4a970450c30c7a90cfb9c5e1a70520f976a,1907414803095884032,1.907415,-3198327199,-3198.3272,3244300597075062273011959,1631104591677023433,115792089237316195423570985008687907853269984665640564039457584007913112660646,,,v3_standard
0xb2cc224c1c9fee385f8ad6a55b4d94e92359dc59,47224546,0xac1bdf0edb456e726db973a5de5755870eefaa354bdc2a22f300303b50bdc4c5,1408385071836380160,1.408385,-2361364368,-2361.3644,3244185897771949930751250,1631104591677023433,115792089237316195423570985008687907853269984665640564039457584007913112660645,,,v3_standard
0xb2cc224c1c9fee385f8ad6a55b4d94e92359dc59,47224547,0x923e70cf2cace7e9f4a34ab344e3c4babd639019bbfa8c9a623ef1a1eb407c5e,2042920926275414272,2.042921,-3424960159,-3424.9602,3244019533931361847547636,1631083408047668923,115792089237316195423570985008687907853269984665640564039457584007913112660644,,,v3_standard
0xb2cc224c1c9fee385f8ad6a55b4d94e92359dc59,47224548,0x45058eea99d4cd668dd4a1daf80620b23893271207dee3a1489c5cd5d17f3706,4626741861568342016,4.626742,-7755441560,-7755.4416,3243642821507422343843229,1631083408047668923,115792089237316195423570985008687907853269984665640564039457584007913112660642,,,v3_standard
0xb2cc224c1c9fee385f8ad6a55b4d94e92359dc59,47224549,0x048b56b8833dada8702507ea0189fed14dd46319e1f104dd0037eddee153207d,1278652705800411136,1.278653,-2142986766,-2142.9868,3243538728177229866877783,1631083408047668923,115792089237316195423570985008687907853269984665640564039457584007913112660641,,,v3_standard
0xb2cc224c1c9fee385f8ad6a55b4d94e92359dc59,47224550,0x9990d139903f5d99e002ae3bb87818a36ab0477eac170049ad22dac81f4f8ba6,2180514483136382976,2.180514,-3654165042,-3654.1650,3243361230950278391842985,1631083408047668923,115792089237316195423570985008687907853269984665640564039457584007913112660640,,,v3_standard
0xb2cc224c1c9fee385f8ad6a55b4d94e92359dc59,47224551,0x5e705184542a1e1fb0e69eba941c943f645bfb0ae01078494cdba43409b5ca14,3150291319069163008,3.150291,-5278637008,-5278.6370,3243104826704695113159392,1631083408047668923,115792089237316195423570985008687907853269984665640564039457584007913112660638,,,v3_standard
0xb2cc224c1c9fee385f8ad6a55b4d94e92359dc59,47224552,0x871077d6d5443858554ee1860dc2c4357be0adcdf801689424ef8ee1e9d4cd06,-615955189617841526,-0.615955,1032154467,1032.1545,3243154959515100603840342,1631083408047668923,115792089237316195423570985008687907853269984665640564039457584007913112660639,,,v3_standard
0xb2cc224c1c9fee385f8ad6a55b4d94e92359dc59,47224553,0x41a6f3abd6c91bba76add8e19c1a94dc267b440bcd76222d6b18ef659351eae9,-189216035578621936,-0.189216,317075213,317.0752,3243170360186252721288093,1631083408047668923,115792089237316195423570985008687907853269984665640564039457584007913112660639,,,v3_standard
0xb2cc224c1c9fee385f8ad6a55b4d94e92359dc59,47224553,0x7dd9a4819377e63f7f9dacdd9ad3ee89262f3386e1998a446b83e9eb881f9d73,-352797768928819718,-0.352798,591202268,591.2023,3243199075492089446446255,1631083408047668923,115792089237316195423570985008687907853269984665640564039457584007913112660639,,,v3_standard
0xb2cc224c1c9fee385f8ad6a55b4d94e92359dc59,47224554,0x0d01c4db28c7ad8b9aa84134f5403bbcf71c1754dd36dad3163539aba6a8814b,-43157060206132020,-0.043157,72321335,72.3213,3243202588214126917992807,1631083408047668923,115792089237316195423570985008687907853269984665640564039457584007913112660639,,,v3_standard
0xb2cc224c1c9fee385f8ad6a55b4d94e92359dc59,47224556,0x1284ccd87cd111cd2c4724734fa167d7b3debf0beab7187947ec612e1d179ec6,529289583164345024,0.529290,-886850689,-886.8507,3243159510373817237331314,1631083408047668923,115792089237316195423570985008687907853269984665640564039457584007913112660639,,,v3_standard
0xb2cc224c1c9fee385f8ad6a55b4d94e92359dc59,47224556,0x6ce1788f51532bbc01bbf7536aa224256fb5fb5fde9344b874ec8f76469cd373,-33472166995680558,-0.033472,56090293,56.0903,3243162234737357051975106,1631083408047668923,115792089237316195423570985008687907853269984665640564039457584007913112660639,,,v3_standard
0xb2cc224c1c9fee385f8ad6a55b4d94e92359dc59,47224557,0x772c528350aa25faf7718f82c7258c698199a692605b4bb19bc278815277c2d3,-42999492932089377,-0.042999,72055651,72.0557,3243165734554850601985775,1631083408047668923,115792089237316195423570985008687907853269984665640564039457584007913112660639,,,v3_standard
0xb2cc224c1c9fee385f8ad6a55b4d94e92359dc59,47224557,0x985045bb7418741d50674d84b1bd6688c738e043ec82eebcfa1880af24bcb578,-14769638496470349,-0.014770,24750000,24.7500,3243166936687959633896350,1631083408047668923,115792089237316195423570985008687907853269984665640564039457584007913112660639,,,v3_standard
0xb2cc224c1c9fee385f8ad6a55b4d94e92359dc59,47224558,0x46596d3c40983b72b61f1bba36f22d05ff08dff55e03b153afd0b7b63492e604,301500721535078336,0.301501,-505171046,-505.1710,3243142398535220710670688,1631083408047668923,115792089237316195423570985008687907853269984665640564039457584007913112660639,,,v3_standard
0xb2cc224c1c9fee385f8ad6a55b4d94e92359dc59,47224559,0x5f1e5ed5b23139f7c0001279dd4dab5b5b1c664ed28036c8a01a8a8ca622683f,-33409841047087620,-0.033410,55985261,55.9853,3243145117797232942379284,1631083408047668923,115792089237316195423570985008687907853269984665640564039457584007913112660639,,,v3_standard
0xb2cc224c1c9fee385f8ad6a55b4d94e92359dc59,47224561,0xb4a868d1f40c1a74c4a5811e46926655e3b87634ed8cf2db8f272a5d363331a1,-7272455673880115,-0.007272,12195138,12.1951,3243145709710633916265455,1631083408047668923,115792089237316195423570985008687907853269984665640564039457584007913112660639,,,v3_standard
0xb2cc224c1c9fee385f8ad6a55b4d94e92359dc59,47224569,0x044c397b7b12f3e6fdfa06c19f35508e0fae5933196554cb6fa7a6ac649e9609,-772935318034004857,-0.772935,1295243407,1295.2434,3243208621023091872870553,1631083408047668923,115792089237316195423570985008687907853269984665640564039457584007913112660639,,,v3_standard
0xb2cc224c1c9fee385f8ad6a55b4d94e92359dc59,47224572,0xcd96c05ac13cdd8e041f16426db7a9624ffa6e51f280c696704f6d130dd1c9fc,1390268401450730730,1.390268,-2329421318,-2329.4213,3243095471830429747144501,1631083408047668923,115792089237316195423570985008687907853269984665640564039457584007913112660638,,,v3_standard
0xb2cc224c1c9fee385f8ad6a55b4d94e92359dc59,47224575,0x26e80fe499a76d405ec388e7a665f64bb1bd492a83599b71bc31fd844331a670,-990035508842480049,-0.990036,1658996348,1658.9963,3243157452130104287709961,2120534211495688622,115792089237316195423570985008687907853269984665640564039457584007913112660639,,,v3_standard
0xb2cc224c1c9fee385f8ad6a55b4d94e92359dc59,47224575,0xf41138202422345a6a31b502335be9c45d48cda253ed080b49fa6078fb6f197c,-29801136515345258,-0.029801,49972446,49.9724,3243159317840695912284915,2120534211495688622,115792089237316195423570985008687907853269984665640564039457584007913112660639,,,v3_standard
0xb2cc224c1c9fee385f8ad6a55b4d94e92359dc59,47224575,0x025b13a51012a6c099a2331be86f6cb3e97e1d5c5ff6f235c2e979c7f073d014,8336587149327,0.000008,-13958,-0.0140,3243159317162666583106043,1631083408047668923,115792089237316195423570985008687907853269984665640564039457584007913112660639,,,v3_standard
0xb2cc224c1c9fee385f8ad6a55b4d94e92359dc59,47224576,0x664786f1acd0f7c4b676eaf652c55d37fbac3efe8068081c157126242844c750,-367975918892850324,-0.367976,616633148,616.6331,3243189267672699876266784,1631083408047668923,115792089237316195423570985008687907853269984665640564039457584007913112660639,,,v3_standard
0xb2cc224c1c9fee385f8ad6a55b4d94e92359dc59,47224577,0x58ac9e9120c2f0753964eb204b53dc5c45250726a7284a983d86d32a54794ee3,-425457626576188641,-0.425458,712970170,712.9702,3243215904321771799160945,2120534270001587385,115792089237316195423570985008687907853269984665640564039457584007913112660639,,,v3_standard
0xb2cc224c1c9fee385f8ad6a55b4d94e92359dc59,47224579,0x1b522770e7389b14c88a8fd1c3bb30eed3fe9c04f43f938e11b9e43dff02d88e,464210054292255296,0.464210,-777814400,-777.8144,3243178122804632127740330,1631083408047668923,115792089237316195423570985008687907853269984665640564039457584007913112660639,,,v3_standard
0xb2cc224c1c9fee385f8ad6a55b4d94e92359dc59,47224579,0x323bb9061a85837406d1c654e7d09c372740297229e72f8dac66bb990e75ec79,149165189422680874,0.149165,-249932213,-249.9322,3243165982609992860438316,1631083408047668923,115792089237316195423570985008687907853269984665640564039457584007913112660639,,,v3_standard
0xb2cc224c1c9fee385f8ad6a55b4d94e92359dc59,47224585,0x1f406b71de4756489a3ee9c1da47d096edc53367fde0e9476022c4249e66ac4c,-2850637828453739733,-2.850638,4777175390,4777.1754,3243344458442297588954367,2120534270793746628,115792089237316195423570985008687907853269984665640564039457584007913112660640,,,v3_standard
0xb2cc224c1c9fee385f8ad6a55b4d94e92359dc59,47224586,0xcdffd5a9dd4b2af97467bc65032c8c5136c917c696eb0ab8ee20a72565eb24fc,-1074170694551807730,-1.074171,1800271681,1800.2717,3243431899500565957607377,1631083408047668923,115792089237316195423570985008687907853269984665640564039457584007913112660640,,,v3_standard
0xb2cc224c1c9fee385f8ad6a55b4d94e92359dc59,47224586,0xc26814c6156897224d130667b174cbcb8566b4460daa03f83670a920cb709684,-25744257842029200,-0.025744,43176923,43.1769,3243433995986115181144521,1630492358116838642,115792089237316195423570985008687907853269984665640564039457584007913112660640,,,v3_standard
0xb2cc224c1c9fee385f8ad6a55b4d94e92359dc59,47224587,0xc436c2c1e0f9eb057c17ea94479c82af55473fa40856f5d7b7749d50aa427be9,810937500000000000,0.810937,-1358949904,-1358.9499,3243367980971597636909173,1630948726457127147,115792089237316195423570985008687907853269984665640564039457584007913112660640,,,v3_standard
0xb2cc224c1c9fee385f8ad6a55b4d94e92359dc59,47224588,0x1f90f3fd93436fb870bdaa1020d8dce385ebdd5e2fcde766d1595c2cba90f80b,397717106308051648,0.397717,-666464712,-666.4647,3243335605475231214801130,1630948726457127147,115792089237316195423570985008687907853269984665640564039457584007913112660640,,,v3_standard
0xb2cc224c1c9fee385f8ad6a55b4d94e92359dc59,47224589,0x90b6a6b6e2b1e8efdd6de5f8a36728318dfc3abedd414764af3dcddaa24a2fee,-1280690708357178284,-1.280691,2146391254,2146.3913,3243439866528330541867093,1630948726457127147,115792089237316195423570985008687907853269984665640564039457584007913112660640,,,v3_standard
0xb2cc224c1c9fee385f8ad6a55b4d94e92359dc59,47224589,0xb4994330f9ff2c4277c92e99d8e730ce8ca95e3b236b41dfd92d51b65d6b7af8,-845655839337930592,-0.845656,1417364212,1417.3642,3243508715059610101627370,1630948726457127147,115792089237316195423570985008687907853269984665640564039457584007913112660641,,,v3_standard
0xb2cc224c1c9fee385f8ad6a55b4d94e92359dc59,47224591,0xe220221982cc8985d46d2d13fa28791cc31dc568516c3515a028e83bc39cead9,-820337950174384479,-0.820338,1374981045,1374.9810,3243560088073564899800367,2120387282298817841,115792089237316195423570985008687907853269984665640564039457584007913112660641,,,v3_standard
0xb2cc224c1c9fee385f8ad6a55b4d94e92359dc59,47224592,0x731be578525701453c6e6e94ee56b80be66259037beebb6a1621cb094e6c16e8,-367506324730768256,-0.367506,615997126,615.9971,3243583103396944409365588,2120386984334484301,115792089237316195423570985008687907853269984665640564039457584007913112660641,,,v3_standard
0xb2cc224c1c9fee385f8ad6a55b4d94e92359dc59,47224598,0x14da121759793f259b1e9dd24f16e5f9263c514f6a6108516a55607322477033,1189553238275273728,1.189553,-1993603293,-1993.6033,3243508612495967342967403,2120386834889331774,115792089237316195423570985008687907853269984665640564039457584007913112660641,,,v3_standard
0xb2cc224c1c9fee385f8ad6a55b4d94e92359dc59,47220999,0x319dfab9e7a27ffe373d6b61add96966d3201c11827868fec598742aef31fd9b,2461875000000000000,2.461875,-4113444931,-4113.4449,3238562591979473461260989,2150177433158451173,115792089237316195423570985008687907853269984665640564039457584007913112660610,,,v3_standard
0xb2cc224c1c9fee385f8ad6a55b4d94e92359dc59,47220999,0xc3c7e7ae946dcf5ebb1caa5054ace1f8073e562abf8d7911f54db53803e31b3c,23141305396831450,0.023141,-38644838,-38.6448,3238560747388575340380063,1659858308535666344,115792089237316195423570985008687907853269984665640564039457584007913112660610,,,v3_standard
0x72ab388e2e2f6facef59e3c3fa2c4e29011c2d38,47222801,0x8026d2d0d05d0311a68ca57ec8069f554d824642152d490d83e3afeb5a67b6a6,5173263582618585,0.005173,-8638289,-8.6383,3237671711900036145487485,668451125795955587,115792089237316195423570985008687907853269984665640564039457584007913112660605,170717698226,0,algebra_v2
0x72ab388e2e2f6facef59e3c3fa2c4e29011c2d38,47222804,0x1eb5dead91cdf545b4b05731eb11455f40e8346f54f6ba316f9b9dec4f518c09,6998180525292405,0.006998,-11685518,-11.6855,3237670326874110885019907,668451125795955587,115792089237316195423570985008687907853269984665640564039457584007913112660605,230939957334,0,algebra_v2
0x72ab388e2e2f6facef59e3c3fa2c4e29011c2d38,47222804,0x20f0788d2703bd206593d91877baa19bf9ae917f3038df4c4bede3316e5ddfc5,253206414459709440,0.253206,-422795767,-422.7958,3237620211520445243387469,668261441165418197,115792089237316195423570985008687907853269984665640564039457584007913112660604,8355811677170,0,algebra_v2
0x72ab388e2e2f6facef59e3c3fa2c4e29011c2d38,47222804,0xbc4d5599e2390e7101674521c139101daaeafd12cb14670921ea0f7eec041781,139012714865756826,0.139013,-232113307,-232.1133,3237592692484188357525504,668261441165418197,115792089237316195423570985008687907853269984665640564039457584007913112660604,4587419590570,0,algebra_v2
0x72ab388e2e2f6facef59e3c3fa2c4e29011c2d38,47222805,0x0b97099974d7f6749ae04fc82438ed350506abba95adb79428ae3a4c680c6712,6409461850291299,0.006409,-10701957,-10.7020,3237591423674749714076277,668261441165418197,115792089237316195423570985008687907853269984665640564039457584007913112660604,211512241059,0,algebra_v2
0x72ab388e2e2f6facef59e3c3fa2c4e29011c2d38,47222805,0x00a719f5e380dbfa02df6d6586412b445b028a1c866de80b5a121a5cc4cc2225,195308781760350688,0.195309,-326105458,-326.1055,3237552761057648399166490,668261441165418197,115792089237316195423570985008687907853269984665640564039457584007913112660604,6445189798091,0,algebra_v2
0x72ab388e2e2f6facef59e3c3fa2c4e29011c2d38,47222805,0x8718743d9f72097ada7a6ecbed093680e5d1b46ffc6990e43785fab7ee9e806e,317625634017093568,0.317626,-530320262,-530.3203,3237489887012617592492447,668261441165418197,115792089237316195423570985008687907853269984665640564039457584007913112660604,10481645922564,0,algebra_v2
0x72ab388e2e2f6facef59e3c3fa2c4e29011c2d38,47222806,0x2f86aece7324cfa6804cb69f255cae9af8eda0ebfe70a28a75622eebf7905e3b,3461550139027743,0.003462,-5779426,-5.7794,3237489201811666238979664,668261441165418197,115792089237316195423570985008687907853269984665640564039457584007913112660604,114231154587,0,algebra_v2
0x72ab388e2e2f6facef59e3c3fa2c4e29011c2d38,47222814,0x724c35beb256582be71de56cbc1433d45e8da99cfe00de20f4ceef5ba13fd505,428071126518199503,0.428071,-714691507,-714.6915,3237404420134271472107520,667768672874251357,115792089237316195423570985008687907853269984665640564039457584007913112660603,14126347175100,0,algebra_v2
0x72ab388e2e2f6facef59e3c3fa2c4e29011c2d38,47222821,0xd5cc59239c0629d2dd8f16499cb21fa766d694171292e7707ff705c984a78e8e,-233607160387964138,-0.233607,390095135,390.0951,3237450698780309119303680,667768672874251357,115792089237316195423570985008687907853269984665640564039457584007913112660603,0,12873,algebra_v2
0x72ab388e2e2f6facef59e3c3fa2c4e29011c2d38,47222822,0xa7771c15f45b0f58c6552f0c21ef66ff249324e73e6736b4c1fac8d7533a4032,1313399955596386,0.001313,-2192808,-2.1928,3237450438612096703209472,667768672874251357,115792089237316195423570985008687907853269984665640564039457584007913112660603,43342198534,0,algebra_v2
0x72ab388e2e2f6facef59e3c3fa2c4e29011c2d38,47222822,0x2291c73f68aadb701cd14601fceab1aca5a94c39da3059f0a1a4dd806c2ca341,177318332042630524,0.177318,-296041491,-296.0415,3237415314437572046702984,667768672874251357,115792089237316195423570985008687907853269984665640564039457584007913112660603,5851504957407,0,algebra_v2
0x72ab388e2e2f6facef59e3c3fa2c4e29011c2d38,47222828,0xe164a31b4d890a4ccec1b7c221b6a132bf3837822a243b8abe450182bcc51556,-1293025151184692778,-1.293025,2159346906,2159.3469,3237671327830129943067016,668451125795955587,115792089237316195423570985008687907853269984665640564039457584007913112660605,0,71257,algebra_v2
0x72ab388e2e2f6facef59e3c3fa2c4e29011c2d38,47222828,0xb899c0a86a1e497d2744d5a21e3fd254480a4ef9ec3b23fb03ccd5b5659c8e9a,-1094153365428903735,-1.094153,1827498521,1827.4985,3237887910412285483788462,668451125795955587,115792089237316195423570985008687907853269984665640564039457584007913112660606,0,60307,algebra_v2
0x72ab388e2e2f6facef59e3c3fa2c4e29011c2d38,47222828,0x8edd6d02aba23f6c8bb711260a0eea5f532468979f34e21a283d0c300c4f4abb,-388664146880841757,-0.388664,649221189,649.2212,3237964848894340986044416,668666035064831142,115792089237316195423570985008687907853269984665640564039457584007913112660607,0,21423,algebra_v2
0x72ab388e2e2f6facef59e3c3fa2c4e29011c2d38,47222829,0xb52d28285d0136051d9fbc3cd7f87289f6f04ef9e900a342a5ecd28025aacd4b,-2149431214330353761,-2.149431,3590948145,3590.9481,3238390286643592467840892,668666033993634471,115792089237316195423570985008687907853269984665640564039457584007913112660609,0,118501,algebra_v2
0x72ab388e2e2f6facef59e3c3fa2c4e29011c2d38,47222829,0x2854595c2baa6665959bf1bbeae4acaddf5c2229162c0ed150bfd090c6f90bba,-141628393064226791,-0.141628,236644671,236.6447,3238418323132008177336320,668666033993634471,115792089237316195423570985008687907853269984665640564039457584007913112660609,0,7809,algebra_v2
0x72ab388e2e2f6facef59e3c3fa2c4e29011c2d38,47222829,0xd290c646e89c997d3b2b14a2ccbe8b27dd8bcf95d2e65dcab38029fd98eede61,-457917236089962590,-0.457917,765154803,765.1548,3238508974882968211292160,668666033993634471,115792089237316195423570985008687907853269984665640564039457584007913112660610,0,25250,algebra_v2
0x72ab388e2e2f6facef59e3c3fa2c4e29011c2d38,47222829,0x42f82d927dff5f4e700eb7d02f0f8eeeec8bb58b1c1ad1d4636fa45abe6fbb19,-83307021397919489,-0.083307,139206109,139.2061,3238525467333175210409984,668666033993634471,115792089237316195423570985008687907853269984665640564039457584007913112660610,0,4593,algebra_v2
0x72ab388e2e2f6facef59e3c3fa2c4e29011c2d38,47222829,0xdc15f06316671ee73f25fecd6679ba5c30711314ac3b98e50ed3664a3bd12c0e,723143032992114042,0.723143,-1208083755,-1208.0838,3238382325239505033232761,668666033993634471,115792089237316195423570985008687907853269984665640564039457584007913112660609,23863720088739,0,algebra_v2
0x72ab388e2e2f6facef59e3c3fa2c4e29011c2d38,47222829,0xe9cb2283c798b5bd1d0ac11b7695092aca3d7eec3c607ce2825b042b852b32e5,-458496515416007755,-0.458497,766105741,766.1057,3238473089653004281329192,668666033993634471,115792089237316195423570985008687907853269984665640564039457584007913112660610,0,25281,algebra_v2
0x72ab388e2e2f6facef59e3c3fa2c4e29011c2d38,47222829,0x48f760a3b23e6f17d6c07f0b9fe5f83d3b71ad008a5605ee787cfdb0e880ea6e,188348988069822624,0.188349,-314656188,-314.6562,3238435807018080041289226,668666033993634471,115792089237316195423570985008687907853269984665640564039457584007913112660609,6215516606304,0,algebra_v2
0x72ab388e2e2f6facef59e3c3fa2c4e29011c2d38,47222829,0x181dc2fb8f57978a033802fed23b9cbea083ef2e8a1077a33ec0be36e05e248c,53996000000000000,0.053996,-90204487,-90.2045,3238425118968432087335305,668666033993634471,115792089237316195423570985008687907853269984665640564039457584007913112660609,1781868000000,0,algebra_v2
0x72ab388e2e2f6facef59e3c3fa2c4e29011c2d38,47222829,0x9247cec758715a0343f34ed9b037a57711d04d205c4384011a6a359bf9c819ec,-496932861076474764,-0.496933,830353256,830.3533,3238523495109198186807296,668666033993634471,115792089237316195423570985008687907853269984665640564039457584007913112660610,0,27401,algebra_v2
0x72ab388e2e2f6facef59e3c3fa2c4e29011c2d38,47222829,0x08c938677683fc3da6f127ff8a540e0445ceddfdabae098aaebe352d44f30a05,-151285096137938424,-0.151285,252800852,252.8009,3238553445701785170941600,668666033993634471,115792089237316195423570985008687907853269984665640564039457584007913112660610,0,8342,algebra_v2
0x72ab388e2e2f6facef59e3c3fa2c4e29011c2d38,47222829,0x9586f15c347c06694fca1d618410e11bb18029c91319310c0f2480c887f92529,54644155387039235,0.054644,-91293909,-91.2939,3238542628569873991891412,668666033993634471,115792089237316195423570985008687907853269984665640564039457584007913112660610,1803257127772,0,algebra_v2
0x72ab388e2e2f6facef59e3c3fa2c4e29011c2d38,47222829,0x3a4aa5c5fb0c4b68d191d19c1281f875ca5df5da790a43114e0c674a29f77938,58066145191981262,0.058066,-97010354,-97.0104,3238531134114146911612762,668666033993634471,115792089237316195423570985008687907853269984665640564039457584007913112660610,1916182791335,0,algebra_v2
0x72ab388e2e2f6facef59e3c3fa2c4e29011c2d38,47222829,0x0ef9bff0d2eaa7462bbd110279945047b9fc382dd63c033664ac03d6e773c67c,-111935716568342548,-0.111936,187047572,187.0476,3238553294583882312934506,668666033993634471,115792089237316195423570985008687907853269984665640564039457584007913112660610,0,6172,algebra_v2
0x72ab388e2e2f6facef59e3c3fa2c4e29011c2d38,47222829,0x01efe2a17b72359b2fdd021d5e132c9e3ca928deef6ff57868e971619de467b8,4710117383602176,0.004710,-7869209,-7.8692,3238552362185688029920920,668666033993634471,115792089237316195423570985008687907853269984665640564039457584007913112660610,155433873659,0,algebra_v2
0x72ab388e2e2f6facef59e3c3fa2c4e29011c2d38,47222829,0x111b71b8d812975eb2160f14b4a3f5ac14bad011cbf597e8a645b58b30258764,59912777452341557,0.059913,-100096089,-100.0961,3238540502110810670442234,668666033993634471,115792089237316195423570985008687907853269984665640564039457584007913112660610,1977121655927,0,algebra_v2
0x72ab388e2e2f6facef59e3c3fa2c4e29011c2d38,47222830,0x7c2c57d73767224c46255ee0cd43db7201a312a798f195ce1b7fcb57fdf817e1,32587470622284681,0.032587,-54443477,-54.4435,3238534051272227508384581,668666033993634471,115792089237316195423570985008687907853269984665640564039457584007913112660610,1075386530535,0,algebra_v2
0x72ab388e2e2f6facef59e3c3fa2c4e29011c2d38,47222830,0xede5757e58c47e823e9390cd8a821788b282c1535b1352a1a42015f1a144b89a,736747794486333055,0.736748,-1230817389,-1230.8174,3238388215540777956147200,668666033993634471,115792089237316195423570985008687907853269984665640564039457584007913112660609,24312677218049,0,algebra_v2
0x72ab388e2e2f6facef59e3c3fa2c4e29011c2d38,47222830,0x0483ea615629aded4323a8bc9c443aaf86d71e3ef94d600adc6e395ce2edb799,8000000000000000,0.008000,-13364262,-13.3643,3238386632050807069917296,668666033993634471,115792089237316195423570985008687907853269984665640564039457584007913112660609,264000000000,0,algebra_v2
0x72ab388e2e2f6facef59e3c3fa2c4e29011c2d38,47222831,0xea1b68d3e5bea305af800acb174cb5c9746a4417dddcc84bc783420aa145fb19,696629769769312640,0.696630,-1163692767,-1163.6928,3238248749707432385582772,668666033993634471,115792089237316195423570985008687907853269984665640564039457584007913112660608,22988782402387,0,algebra_v2
0x72ab388e2e2f6facef59e3c3fa2c4e29011c2d38,47222831,0x271df3a62d7ed4c7763a868ed89a8d237e0a012d3ddfbe30277dc56474c81dad,-179768872061451087,-0.179769,300347446,300.3474,3238284333385135383168212,668666033993634471,115792089237316195423570985008687907853269984665640564039457584007913112660609,0,9911,algebra_v2
0x72ab388e2e2f6facef59e3c3fa2c4e29011c2d38,47222831,0xfa2a17506404a9e1cfe2b6d13d0d938538d44596b489428a0c0b658c6013f1a9,6397948816523264,0.006398,-10687298,-10.6873,3238283067080284065069713,668666033993634471,115792089237316195423570985008687907853269984665640564039457584007913112660609,211132310945,0,algebra_v2
0x72ab388e2e2f6facef59e3c3fa2c4e29011c2d38,47222832,0x2850e14facc8310a703f4241c4ba586bdd050d36b0e05ac4cfc566d5a0487ffb,5485551507472384,0.005486,-9163200,-9.1632,3238281981361151263124441,668666033993634471,115792089237316195423570985008687907853269984665640564039457584007913112660609,181023199746,0,algebra_v2
0x72ab388e2e2f6facef59e3c3fa2c4e29011c2d38,47222833,0x82727ed73bd62cbc0de8ad6a4a0f120551c128de9cfcf62477160f1043402eb4,-333994314874141992,-0.333994,558035120,558.0351,3238348094598074056934333,668666033993634471,115792089237316195423570985008687907853269984665640564039457584007913112660609,0,18415,algebra_v2
0x72ab388e2e2f6facef59e3c3fa2c4e29011c2d38,47222833,0xc634f5ff02eeff574620c0436d8397a06ddb71eb514b65dc9778ae14e0dd14de,-317203146763674470,-0.317203,530001664,530.0017,3238410886569851011203072,668666033993634471,115792089237316195423570985008687907853269984665640564039457584007913112660609,0,17490,algebra_v2
0x72ab388e2e2f6facef59e3c3fa2c4e29011c2d38,47222834,0x1e498dc5e1b52e22b33391e828148ff53c9f13229eaa707e3767cffd08ab284f,3792243799359488,0.003792,-6335158,-6.3352,3238410135936645206644467,668666033993634471,115792089237316195423570985008687907853269984665640564039457584007913112660609,125144045378,0,algebra_v2
0x72ab388e2e2f6facef59e3c3fa2c4e29011c2d38,47222835,0xf89196f03b62f2085c51dc39e06bde41381b97f4991d00f871e8c8dd30c49471,-264381490852037819,-0.264381,441759635,441.7596,3238462473430089726396699,668666033993634471,115792089237316195423570985008687907853269984665640564039457584007913112660610,0,14578,algebra_v2
0x72ab388e2e2f6facef59e3c3fa2c4e29011c2d38,47222835,0xaee6e18b6a0a04869e2d87dad91b2be539b5c444fb8123cfa17232291954762f,-88732213478495408,-0.088732,148267401,148.2674,3238480039417296044687360,668666033993634471,115792089237316195423570985008687907853269984665640564039457584007913112660610,0,4892,algebra_v2
0x72ab388e2e2f6facef59e3c3fa2c4e29011c2d38,47222837,0xc12accde5d91dbd61e8f9d71210cbc27ee8422f0ff812c61482a992b42a3b78f,372810126070765081,0.372810,-622812977,-622.8130,3238406244241047497474048,668666033993634471,115792089237316195423570985008687907853269984665640564039457584007913112660609,12302734160335,0,algebra_v2
0x72ab388e2e2f6facef59e3c3fa2c4e29011c2d38,47222839,0x4151bd655d6d98590dc0bf96e49a1b7e95e1e03547ed4f026b5de512ae8647f1,382335412558115264,0.382335,-638696348,-638.6963,3238330567093513839710577,668666033993634471,115792089237316195423570985008687907853269984665640564039457584007913112660609,12617068614417,0,algebra_v2
0x72ab388e2e2f6facef59e3c3fa2c4e29011c2d38,47222839,0xae1fe654852ddff20aa50771a193551c490109b3d9c2804c644ab8b3c974c28b,409220353587843187,0.409220,-683574924,-683.5749,3238249572422827861082112,668666033993634471,115792089237316195423570985008687907853269984665640564039457584007913112660608,13504271668399,0,algebra_v2
0x72ab388e2e2f6facef59e3c3fa2c4e29011c2d38,47222840,0xc174e6e36faf48413b90fa27c4093ded2786602ad52771e90540669cf9e19518,161527768728557088,0.161528,-269811801,-269.8118,3238217603260138190274215,668666033993634471,115792089237316195423570985008687907853269984665640564039457584007913112660608,5330416368042,0,algebra_v2
0x72ab388e2e2f6facef59e3c3fa2c4e29011c2d38,47222840,0x050e061bc806a7bb798ae256d4eadd8c69bbaacf77b2fa8d169e1a617e9da06b,194801902361819290,0.194802,-325384965,-325.3850,3238179049405706626138112,668666033993634471,115792089237316195423570985008687907853269984665640564039457584007913112660608,6428462777940,0,algebra_v2
0x72ab388e2e2f6facef59e3c3fa2c4e29011c2d38,47222840,0xd4dd138ab124db200e6feecafe05a8f5f92886baa5e6a0231b0ff80af20833fe,546081954195153921,0.546082,-912099985,-912.1000,3238070977510107986788352,668666035064831142,115792089237316195423570985008687907853269984665640564039457584007913112660607,18020704488439,0,algebra_v2
0x72ab388e2e2f6facef59e3c3fa2c4e29011c2d38,47222841,0x2994f49edf65508f5e1a40b652274d40d75dcbb4044fdd0c8ee7512baf764838,276953627457174336,0.276954,-462561876,-462.5619,3238016169989478558933402,668666035064831142,115792089237316195423570985008687907853269984665640564039457584007913112660607,9139469706086,0,algebra_v2
0x72ab388e2e2f6facef59e3c3fa2c4e29011c2d38,47222844,0x992ae1bf132555a687945ecf8be292c92faa991650ac25f83689df0369a2fb61,507872013530640906,0.507872,-848196015,-848.1960,3237915656822938748846080,668451125795955587,115792089237316195423570985008687907853269984665640564039457584007913112660606,16759776446511,0,algebra_v2
0x72ab388e2e2f6facef59e3c3fa2c4e29011c2d38,47222845,0xf949d23d857560e78fa335474cc4bbbf409cb1f9b5ab0a28716b2ddb38a0ecd5,1683093721560122112,1.683094,-2810554951,-2810.5550,3237582521642498471765799,668261441165418197,115792089237316195423570985008687907853269984665640564039457584007913112660604,55542092811484,0,algebra_v2
0x72ab388e2e2f6facef59e3c3fa2c4e29011c2d38,47222845,0xf32e0817948cfd3cab18d7167eef1b1bc64e1b35ab891a1d4554327a413038fa,33821935116710,0.000034,-56472,-0.0565,3237582514947187911163904,668261441165418197,115792089237316195423570985008687907853269984665640564039457584007913112660604,1116123858,0,algebra_v2
0x72ab388e2e2f6facef59e3c3fa2c4e29011c2d38,47222845,0x23151f4b5baf5569603155c6f55f9bb14e41209f513172ff21191782406b0929,160464828713932000,0.160465,-267925894,-267.9259,3237550750019620442212233,668261441165418197,115792089237316195423570985008687907853269984665640564039457584007913112660604,5295339347560,0,algebra_v2
0x72ab388e2e2f6facef59e3c3fa2c4e29011c2d38,47222845,0x17176b60e4266017d8b54491acd76acc556c13e42767834f32682b5cf97bf3ec,392445619652332829,0.392446,-655238844,-655.2388,3237473065798357189918720,668261441165418197,115792089237316195423570985008687907853269984665640564039457584007913112660604,12950705448527,0,algebra_v2
0x72ab388e2e2f6facef59e3c3fa2c4e29011c2d38,47222848,0x215ba73bff51ee899f6e8cf1a0d64658e4a614b1a8efe10751fee39657ce7adf,-210004276523444987,-0.210004,350695593,350.6956,3237514639630381868803708,668261441165418197,115792089237316195423570985008687907853269984665640564039457584007913112660604,0,11573,algebra_v2
0x72ab388e2e2f6facef59e3c3fa2c4e29011c2d38,47222848,0xfaad905fb56a61ec4326b707547949b39b3e289598965d461e7d8fd3c387c9e2,-449471245741116948,-0.449471,750622532,750.6225,3237603623511760843046912,668261441165418197,115792089237316195423570985008687907853269984665640564039457584007913112660604,0,24770,algebra_v2
0x72ab388e2e2f6facef59e3c3fa2c4e29011c2d38,47222848,0x902aaa542b1212f68ff9349da94128d79230227f39b4dbec59a5e8a026bdb2ea,-196878851329943234,-0.196879,328803109,328.8031,3237642599196355734796513,668451125795955587,115792089237316195423570985008687907853269984665640564039457584007913112660605,0,10850,algebra_v2
0x72ab388e2e2f6facef59e3c3fa2c4e29011c2d38,47222848,0x0b150a22b9bdb11fc6a715b7c3a3b1fb55612d0c95c72d2a1840cedadc7ca259,-2975871912090766,-0.002976,4970000,4.9700,3237643188206645500257132,668451125795955587,115792089237316195423570985008687907853269984665640564039457584007913112660605,0,164,algebra_v2
0x72ab388e2e2f6facef59e3c3fa2c4e29011c2d38,47222850,0xe6df53d8b3aea780d34fba9d869529df04c2e0221e1e32101cbadb62ddcf102a,-217504677942901833,-0.217505,363259190,363.2592,3237686239192704685752068,668451125795955587,115792089237316195423570985008687907853269984665640564039457584007913112660605,0,11987,algebra_v2
0x72ab388e2e2f6facef59e3c3fa2c4e29011c2d38,47222852,0x0c085c4658c1a8c748a695ac7c83c916e6cc904fe2cc55822cf0892e92b69c84,438667185505622912,0.438667,-732470977,-732.4710,3237599413686360050199984,668261441165418197,115792089237316195423570985008687907853269984665640564039457584007913112660604,14476017121685,0,algebra_v2
0x72ab388e2e2f6facef59e3c3fa2c4e29011c2d38,47222852,0x297c5e07d00b92c7ac855d859df389f7859ad38335545b2584b15097b9d36920,54999297550044168,0.054999,-91833113,-91.8331,3237588526078024948383744,668261441165418197,115792089237316195423570985008687907853269984665640564039457584007913112660604,1814976819151,0,algebra_v2
0x72ab388e2e2f6facef59e3c3fa2c4e29011c2d38,47222852,0xd0f260dc63225d6fc71a12f690c6976d0853cc7df2e81dbc83f605906483173b,825376562443787359,0.825377,-1378068861,-1378.0689,3237425110545694186078434,667768672874251357,115792089237316195423570985008687907853269984665640564039457584007913112660603,27237426560645,0,algebra_v2
0x72ab388e2e2f6facef59e3c3fa2c4e29011c2d38,47222852,0xba7ef2200cb2ffe62aaf414b7d9b6917f95245edca1c76a82b7475260307ef16,2067767200618683825,2.067767,-3451783610,-3451.7836,3237015569811061748526129,667768672874251357,115792089237316195423570985008687907853269984665640564039457584007913112660601,68236317620416,0,algebra_v2
0x72ab388e2e2f6facef59e3c3fa2c4e29011c2d38,47222852,0xd40f3fc3438b8960467802ed24765e151b79a8967cf6848cbe856198d920cdd4,-1386742856237833731,-1.386743,2315296569,2315.2966,3237290243296943473206683,667768672874251357,115792089237316195423570985008687907853269984665640564039457584007913112660602,0,76404,algebra_v2
0x72ab388e2e2f6facef59e3c3fa2c4e29011c2d38,47222853,0xd94bfac593248059c44f044f1b7dd55e8a3357e818540ce05ba5c84118caefd3,-8674081805208633,-0.008674,14483426,14.4834,3237291961527333565051331,667768672874251357,115792089237316195423570985008687907853269984665640564039457584007913112660602,0,478,algebra_v2
0x72ab388e2e2f6facef59e3c3fa2c4e29011c2d38,47222854,0xd94badec5f37b82b40ef66388ef3d961d0ea6f13fc13b72eaf232e2730c368ac,-262740786728345939,-0.262741,438714997,438.7150,3237344008154546878423197,667768672874251357,115792089237316195423570985008687907853269984665640564039457584007913112660603,0,14477,algebra_v2
0x72ab388e2e2f6facef59e3c3fa2c4e29011c2d38,47222854,0xeee877e0b1e53c85d0850d9614fa3fb0647a3419b7267a941fd11f979debfcc2,-92182241446744289,-0.092182,153925893,153.9259,3237362269038264583192576,667768672874251357,115792089237316195423570985008687907853269984665640564039457584007913112660603,0,5079,algebra_v2
0x72ab388e2e2f6facef59e3c3fa2c4e29011c2d38,47222854,0xb4e3cb4d588185c15a94a4c49fc5e274e28ad65c4ca572ed1f0b7d31cf17a14f,-132261012494116731,-0.132261,220852452,220.8525,3237388469704487642071040,667768672874251357,115792089237316195423570985008687907853269984665640564039457584007913112660603,0,7288,algebra_v2
0x72ab388e2e2f6facef59e3c3fa2c4e29011c2d38,47222855,0xf45460d6254a9b3d856ff09f82917dc7dbd424aab9d043c02fb4c61fa44266dd,-41957426449347547,-0.041957,70062214,70.0622,3237396781483028070282315,667768672874251357,115792089237316195423570985008687907853269984665640564039457584007913112660603,0,2312,algebra_v2
0x72ab388e2e2f6facef59e3c3fa2c4e29011c2d38,47222865,0xae8ddc43deb5babfc5b595245ce70b9762e6cf57f1ad3b0175a081b4b3c6b91b,-509158128554970267,-0.509158,850241577,850.2416,3237497629343313563322315,668261441165418197,115792089237316195423570985008687907853269984665640564039457584007913112660604,0,28058,algebra_v2
0x72ab388e2e2f6facef59e3c3fa2c4e29011c2d38,47222865,0x053574159b29a98f7a5f998bad87fc095a45f0158471ec56d2b7cbabab57d976,-548235703725826172,-0.548236,915556304,915.5563,3237606165591797590665270,668261441165418197,115792089237316195423570985008687907853269984665640564039457584007913112660604,0,30213,algebra_v2
0x72ab388e2e2f6facef59e3c3fa2c4e29011c2d38,47222865,0x821e424fe45e1b25c8612b76c1f1f668ef1e7f87a670ef4cb8b9d5292f514edd,-48686316729490572,-0.048686,81309355,81.3094,3237615804553688430673920,668261441165418197,115792089237316195423570985008687907853269984665640564039457584007913112660604,0,2683,algebra_v2
0x72ab388e2e2f6facef59e3c3fa2c4e29011c2d38,47222865,0xf003b78ab7fc9a835866e4b23f88e5cca265c07bba3f192959f02aa10cca8431,-13340899460454288,-0.013341,22280266,22.2803,3237618445807286508439613,668261441165418197,115792089237316195423570985008687907853269984665640564039457584007913112660604,0,735,algebra_v2
0x72ab388e2e2f6facef59e3c3fa2c4e29011c2d38,47222865,0x4371b699cd8fac967f8199fe66456723439a0a478ca8fbc822a36f2f02639be7,-157958913872891611,-0.157959,263805553,263.8056,3237649714221356425408952,668451125795955587,115792089237316195423570985008687907853269984665640564039457584007913112660605,0,8705,algebra_v2
0x72ab388e2e2f6facef59e3c3fa2c4e29011c2d38,47222865,0xf7cee0b6aa6b1bc13d79022d06a2ce7b6d834a1eb99a8256a9c1698f5b24d3f8,-182815888777929794,-0.182816,305325289,305.3253,3237685899279036325309844,668451125795955587,115792089237316195423570985008687907853269984665640564039457584007913112660605,0,10075,algebra_v2
0x72ab388e2e2f6facef59e3c3fa2c4e29011c2d38,47222866,0x2e8bb3861bccf28f3b7b75bb3cfc43a0c3ab3a1db604934ea4e901a2f7c476a0,-5957571054382920,-0.005958,9950000,9.9500,3237687078484747223968429,668451125795955587,115792089237316195423570985008687907853269984665640564039457584007913112660605,0,328,algebra_v2
0x72ab388e2e2f6facef59e3c3fa2c4e29011c2d38,47222867,0x9625184bf465687a7856ede68381888d6a7abc7c85bfb280045bed76f59447b1,-202661520622914452,-0.202662,338478187,338.4782,3237727192596396592081203,668451125795955587,115792089237316195423570985008687907853269984665640564039457584007913112660605,0,11169,algebra_v2
0x72ab388e2e2f6facef59e3c3fa2c4e29011c2d38,47222868,0xe2255d62b91c6553b126674662bafffe6bb30e94fcba40dd2a6364e5682c4e28,-1331780908840170,-0.001332,2224323,2.2243,3237727456207733144944640,668451125795955587,115792089237316195423570985008687907853269984665640564039457584007913112660605,0,73,algebra_v2
0x72ab388e2e2f6facef59e3c3fa2c4e29011c2d38,47222871,0x5d22bacf8c2d71903dd24009a9713e3c9db84bd01f63c024bd93b83faec5f507,-625946269014426056,-0.625946,1045486707,1045.4867,3237851360116795926984757,668451125795955587,115792089237316195423570985008687907853269984665640564039457584007913112660606,0,34501,algebra_v2
0x72ab388e2e2f6facef59e3c3fa2c4e29011c2d38,47222871,0xa8c3e8ebe9b05937181e51c40de104bf130d58774343de27b09d94c6cd82c290,-143111081015297031,-0.143111,239042512,239.0425,3237879689794568014790656,668451125795955587,115792089237316195423570985008687907853269984665640564039457584007913112660606,0,7888,algebra_v2
0x72ab388e2e2f6facef59e3c3fa2c4e29011c2d38,47222872,0x662222c1e44d383bcf5ac6d6332efa7aed60cb5ef77d26b6960688b34902d7ee,-756043117824432529,-0.756043,1262909754,1262.9098,3238029337700145372741129,668666035064831142,115792089237316195423570985008687907853269984665640564039457584007913112660607,0,41675,algebra_v2
0x72ab388e2e2f6facef59e3c3fa2c4e29011c2d38,47222872,0x745a534d01c99f9bf21fd863895177a3ddf71dd6dd10fbae4a4d8031794676e3,-943034122686227,-0.000943,1575337,1.5753,3238029524338176189005824,668666035064831142,115792089237316195423570985008687907853269984665640564039457584007913112660607,0,52,algebra_v2
0x72ab388e2e2f6facef59e3c3fa2c4e29011c2d38,47222872,0x7cab333508889ce33f66a1e188d4bba34755bafe7d41e2a0b702efbdeebe86d3,-313133930921734420,-0.313134,523099512,523.0995,3238091498577257540560000,668666035064831142,115792089237316195423570985008687907853269984665640564039457584007913112660607,0,17262,algebra_v2
0x72ab388e2e2f6facef59e3c3fa2c4e29011c2d38,47222872,0x61af027705e907ce5b1b340455fdae098147a85726d61e5f731d751f362cf6fa,-204879259330399992,-0.204879,342267713,342.2677,3238132048760361638889915,668666033993634471,115792089237316195423570985008687907853269984665640564039457584007913112660608,0,11294,algebra_v2
0x72ab388e2e2f6facef59e3c3fa2c4e29011c2d38,47222872,0xfc36b94df237a9a14c343b8ffec139bde57563f8d97c44352af8138fa97efd92,-782861475498864664,-0.782861,1307913668,1307.9137,3238287003893366176066443,668666033993634471,115792089237316195423570985008687907853269984665640564039457584007913112660609,0,43161,algebra_v2
0x72ab388e2e2f6facef59e3c3fa2c4e29011c2d38,47222872,0x6cf7fd724c66db830956cb0208ae864dcf5c4614e308fec568231e6884fa0bbe,-247505872456235303,-0.247506,413529995,413.5300,3238335996878893672342484,668666033993634471,115792089237316195423570985008687907853269984665640564039457584007913112660609,0,13646,algebra_v2
0x72ab388e2e2f6facef59e3c3fa2c4e29011c2d38,47222872,0xd75041ccff5727f656f0e5f0dd2a24ab70d330f031737ca64508cc955bff02dc,-189983102849382134,-0.189983,317430096,317.4301,3238373604424253031055360,668666033993634471,115792089237316195423570985008687907853269984665640564039457584007913112660609,0,10475,algebra_v2
0x72ab388e2e2f6facef59e3c3fa2c4e29011c2d38,47222873,0x55353caa560e1110511639bd076a751fac048fd77151380d2cb3dfbc1a62f3d5,-720042115462812111,-0.720042,1203137272,1203.1373,3238516146168876397506524,668666033993634471,115792089237316195423570985008687907853269984665640564039457584007913112660610,0,39703,algebra_v2
0x72ab388e2e2f6facef59e3c3fa2c4e29011c2d38,47222873,0xaaf93e482eeecbd8b20235d670cd9b048e6d317aed5eede53e92c1a143920ab7,11163816931136841,0.011164,-18650992,-18.6510,3238513936270694242834351,668666033993634471,115792089237316195423570985008687907853269984665640564039457584007913112660610,368405958727,0,algebra_v2
0x72ab388e2e2f6facef59e3c3fa2c4e29011c2d38,47222873,0x96adb193b358ea2c8a9249ec96249dfd8fee35ed70348d3948b276377f1c95f2,-771241438419118018,-0.771241,1288803292,1288.8033,3238666627301002586316813,668666033993634471,115792089237316195423570985008687907853269984665640564039457584007913112660611,0,42530,algebra_v2
0x72ab388e2e2f6facef59e3c3fa2c4e29011c2d38,47222873,0xf01e2a3ce19b0281bef0bc55ea45ee1e8e590a0b88bc0602a0366a3fbf42d1c3,-420015312263879473,-0.420015,701928751,701.9288,3238749788342641169960552,668666033993634471,115792089237316195423570985008687907853269984665640564039457584007913112660611,0,23163,algebra_v2
0x72ab388e2e2f6facef59e3c3fa2c4e29011c2d38,47222873,0x29b12264d809ed3a07218c659f350c23d9c7667277e409f46a36406af54226c0,41695382729222691,0.041695,-69668916,-69.6689,3238741533489058209087977,668666033993634471,115792089237316195423570985008687907853269984665640564039457584007913112660611,1375947630064,0,algebra_v2
0x72ab388e2e2f6facef59e3c3fa2c4e29011c2d38,47222875,0x3ccf3ac6d9454ee20cba55438af9168fb49a2f3fd3cb5c05a94b3abcf275a2ce,-978190537126119789,-0.978191,1634881483,1634.8815,3238935171361744461654290,673606796480219426,115792089237316195423570985008687907853269984665640564039457584007913112660613,0,53950,algebra_v2
0x72ab388e2e2f6facef59e3c3fa2c4e29011c2d38,47222875,0xf8b91b24975d992c96cf64baee9c4a59498a73d483987bb6765fde08fa24ea9c,-32543899380455562,-0.032544,54395031,54.3950,3238941568546786938716160,673606796480219426,115792089237316195423570985008687907853269984665640564039457584007913112660613,0,1795,algebra_v2
0x72ab388e2e2f6facef59e3c3fa2c4e29011c2d38,47222875,0x696a7a22de01a9b510ee37aab5c33e0eb1aa797a7b088d5cfe7df528e3845a26,-380159578589336635,-0.380160,635428147,635.4281,3239016298746013783084026,673606796480219426,115792089237316195423570985008687907853269984665640564039457584007913112660613,0,20969,algebra_v2
0x72ab388e2e2f6facef59e3c3fa2c4e29011c2d38,47222875,0xb201d8de20585a386e46b3294450bda447c4d2d2da7e0bb4127e1b0e9765311b,-17616017998036153,-0.017616,29445488,29.4455,3239019761713645979959296,673606796480219426,115792089237316195423570985008687907853269984665640564039457584007913112660613,0,971,algebra_v2
0x72ab388e2e2f6facef59e3c3fa2c4e29011c2d38,47222876,0x76002661914f77c71b57ab85afdd98f2b8ba43003b070633103d58d1230469a9,-222727017776162116,-0.222727,372297597,372.2976,3239063546166201353764864,673606796480219426,115792089237316195423570985008687907853269984665640564039457584007913112660613,0,12285,algebra_v2
0x72ab388e2e2f6facef59e3c3fa2c4e29011c2d38,47222876,0x7e44abc6331f41d5624bbd1f740cba5a17a27bb076fc4da26a7ca580f0f0a0d1,22026467886705645,0.022026,-36811254,-36.8113,3239059216506725971464249,673606796480219426,115792089237316195423570985008687907853269984665640564039457584007913112660613,726873440261,0,algebra_v2
0x72ab388e2e2f6facef59e3c3fa2c4e29011c2d38,47222876,0xe1fc363a23908fb6799f1cf8fecd24e28ac80ce93f3e950e4d3bb3564084aab3,-32845247128123143,-0.032845,54902921,54.9029,3239065673422645575548928,673606796480219426,115792089237316195423570985008687907853269984665640564039457584007913112660613,0,1812,algebra_v2
0x72ab388e2e2f6facef59e3c3fa2c4e29011c2d38,47222876,0x7b06a7ea62b5085a117fab313a3227a7c8d3ba4c1d636bea5b08c61c21c799cc,-668271068208437727,-0.668271,1117105129,1117.1051,3239197051752720465663229,673606796480219426,115792089237316195423570985008687907853269984665640564039457584007913112660614,0,36864,algebra_v2
0x72ab388e2e2f6facef59e3c3fa2c4e29011c2d38,47222876,0xd6f9abc5533a7fbd4c926d1a2a7ead9a264025125467b6847d1ca72a7d74273c,80004336386251732,0.080004,-133716055,-133.7161,3239181324361873009599348,673606796480219426,115792089237316195423570985008687907853269984665640564039457584007913112660614,2640143100746,0,algebra_v2
0x72ab388e2e2f6facef59e3c3fa2c4e29011c2d38,47222876,0x74de936323bb725a4ac65779d4c8ed32c0dbd7d97cddc43fcb5cc7073eaffd1c,-180798103768570642,-0.180798,302241031,302.2410,3239216869737864532748864,673606796480219426,115792089237316195423570985008687907853269984665640564039457584007913112660614,0,9974,algebra_v2
0x72ab388e2e2f6facef59e3c3fa2c4e29011c2d38,47222876,0x434c8a57b9fcc41d56a5718c9d8fd948ac88b55cf50b2c8495ddf32ff539a762,200772381108562784,0.200772,-335564592,-335.5646,3239177401362194359307912,673606796480219426,115792089237316195423570985008687907853269984665640564039457584007913112660614,6625488576582,0,algebra_v2
0x72ab388e2e2f6facef59e3c3fa2c4e29011c2d38,47222876,0xc544ff4df44c1a8a23cc38bf63012b4fb699dd78bbba756538ccc78a5daa936e,5188524719516874,0.005189,-8671827,-8.6718,3239176381400773328153309,673606796480219426,115792089237316195423570985008687907853269984665640564039457584007913112660614,171221315744,0,algebra_v2
0x72ab388e2e2f6facef59e3c3fa2c4e29011c2d38,47222876,0xdad297e857816912ab34d9dd9c4081056f2a8eb4dd8543e6e60efc6023fc089d,47916286668014847,0.047916,-80084503,-80.0845,3239166962036122740994319,673606796480219426,115792089237316195423570985008687907853269984665640564039457584007913112660614,1581237460044,0,algebra_v2
0x72ab388e2e2f6facef59e3c3fa2c4e29011c2d38,47222877,0xf88ea5374f395d4101990e7ca7b1a46e9c2f8004846cff1761d0644f9d2ff68d,-210489901143073527,-0.210490,351874460,351.8745,3239208344604063821774524,673606796480219426,115792089237316195423570985008687907853269984665640564039457584007913112660614,0,11612,algebra_v2
0x72ab388e2e2f6facef59e3c3fa2c4e29011c2d38,47222877,0x1be57a1d0fe55e3252e6a1d1a5d13237e866fe3f6d7862c41450b9e6fe9b0e77,-252706003519893519,-0.252706,422458693,422.4587,3239258028305323002953728,673606796480219426,115792089237316195423570985008687907853269984665640564039457584007913112660615,0,13941,algebra_v2
0x72ab388e2e2f6facef59e3c3fa2c4e29011c2d38,47222877,0x77dc66f0cd7ae2a1aaf96e1d54ef46a8d7a8387ceb3d89bfe9da87d2a85e3c03,36725517017674385,0.036726,-61384035,-61.3840,3239250808448879587062007,673606796480219426,115792089237316195423570985008687907853269984665640564039457584007913112660614,1211942061583,0,algebra_v2
0x72ab388e2e2f6facef59e3c3fa2c4e29011c2d38,47222878,0x75fb5775fd7c86c747e2f1bfc02dcb63b86d08ffd8ca2276456f05d89768d626,6597933549625539,0.006598,-11027938,-11.0279,3239249511366859488840477,673606796480219426,115792089237316195423570985008687907853269984665640564039457584007913112660614,217731807137,0,algebra_v2
0x72ab388e2e2f6facef59e3c3fa2c4e29011c2d38,47222878,0x75fb5775fd7c86c747e2f1bfc02dcb63b86d08ffd8ca2276456f05d89768d626,27459192225205879,0.027459,-45895831,-45.8958,3239244113199291269030224,673606796480219426,115792089237316195423570985008687907853269984665640564039457584007913112660614,906153343431,0,algebra_v2
0x72ab388e2e2f6facef59e3c3fa2c4e29011c2d38,47222878,0x75fb5775fd7c86c747e2f1bfc02dcb63b86d08ffd8ca2276456f05d89768d626,75817287779394619,0.075817,-126721703,-126.7217,3239229208468831498021323,673606796480219426,115792089237316195423570985008687907853269984665640564039457584007913112660614,2501970496720,0,algebra_v2
0x72ab388e2e2f6facef59e3c3fa2c4e29011c2d38,47222878,0x3d94c40c9476a1593470d92940f65ad3ae1fbd6b55098f22e697bd1737216e8a,10667798184800807,0.010668,-17830161,-17.8302,3239227111324147861916845,673606796480219426,115792089237316195423570985008687907853269984665640564039457584007913112660614,352037340098,0,algebra_v2
0x72ab388e2e2f6facef59e3c3fa2c4e29011c2d38,47222879,0xcf472f96b685c88c8923186933b0a076103a0aafd34a54d3d8ca8a62933892f0,640587184965022208,0.640587,-1070635306,-1070.6353,3239101185534102719338303,673606796480219426,115792089237316195423570985008687907853269984665640564039457584007913112660614,21139377103845,0,algebra_v2
0x72ab388e2e2f6facef59e3c3fa2c4e29011c2d38,47222879,0x4e62df9be71efd7f6158b24d2f832f39704d5d352c6d3be5630d2aa64c45ccd9,248458595668012539,0.248459,-415234957,-415.2350,3239052346503830551134208,673606796480219426,115792089237316195423570985008687907853269984665640564039457584007913112660613,8199133657044,0,algebra_v2
0x72ab388e2e2f6facef59e3c3fa2c4e29011c2d38,47222879,0xea161636f1a81126ab56370181ff013b64c4707db3210eb950a1f5cc05648804,1565655319172326400,1.565655,-2616303500,-2616.3035,3238743269416894093910075,668666033993634471,115792089237316195423570985008687907853269984665640564039457584007913112660611,51666625532686,0,algebra_v2
0x72ab388e2e2f6facef59e3c3fa2c4e29011c2d38,47222880,0x153d4c75c6d80e3af1f27f28b8537bc9b853fbe446584d323a147c8016428743,901272958721662080,0.901273,-1505853985,-1505.8540,3238564845453076383341110,668666033993634471,115792089237316195423570985008687907853269984665640564039457584007913112660610,29742007637815,0,algebra_v2
0x72ab388e2e2f6facef59e3c3fa2c4e29011c2d38,47222880,0xe51cd73e1ca561ac9c451e3fc83f9b2a3de52d412328da3d543daaf5586f8ff2,1117553210634179252,1.117553,-1866986339,-1866.9863,3238343632037771349989689,668666033993634471,115792089237316195423570985008687907853269984665640564039457584007913112660609,36879255950927,0,algebra_v2
0x72ab388e2e2f6facef59e3c3fa2c4e29011c2d38,47222880,0xb8bff8849d9ff7570501a2fc9fc55110c23e68db5d9c23add3a40082cea59c6a,663842791573272608,0.663843,-1108896177,-1108.8962,3238212242372240697503082,668666033993634471,115792089237316195423570985008687907853269984665640564039457584007913112660608,21906812121918,0,algebra_v2
0x72ab388e2e2f6facef59e3c3fa2c4e29011c2d38,47222880,0x250385c57f2c2b9ac1d5b9b694c78a88674790231c1a1f5b994403d179bfc86d,-229692549441783776,-0.229693,383749560,383.7496,3238257707119331485661086,668666033993634471,115792089237316195423570985008687907853269984665640564039457584007913112660608,0,12663,algebra_v2
0x72ab388e2e2f6facef59e3c3fa2c4e29011c2d38,47222880,0x44b8abbd0fd18f317e90101fa5263d7e4b7e034f171d953661a6fcfead8ecc4a,-103392484605662457,-0.103392,172742340,172.7423,3238278172776063553415359,668666033993634471,115792089237316195423570985008687907853269984665640564039457584007913112660608,0,5700,algebra_v2
0x72ab388e2e2f6facef59e3c3fa2c4e29011c2d38,47222883,0x9a8e8d2caea460ac783258691e907f1c42352ba416bc8ec64096fb1f7a2cc4a3,1094223903260413,0.001094,-1827813,-1.8278,3238277956204119335090807,668666033993634471,115792089237316195423570985008687907853269984665640564039457584007913112660608,36109388807,0,algebra_v2
0x72ab388e2e2f6facef59e3c3fa2c4e29011c2d38,47222883,0x9a8e8d2caea460ac783258691e907f1c42352ba416bc8ec64096fb1f7a2cc4a3,853614941391060,0.000854,-1425895,-1.4259,3238277787254213460168425,668666033993634471,115792089237316195423570985008687907853269984665640564039457584007913112660608,28169293066,0,algebra_v2
0x72ab388e2e2f6facef59e3c3fa2c4e29011c2d38,47222889,0xe4d39c172c482b918f7ce86a7b3e924ac8f0afd503cb03f865dc54eb629edda1,-466893685787406528,-0.466894,780086678,780.0867,3238370208059889758849388,668666033993634471,115792089237316195423570985008687907853269984665640564039457584007913112660609,0,25742,algebra_v2
0x72ab388e2e2f6facef59e3c3fa2c4e29011c2d38,47222889,0x0b818a1da6857df1ee2268b86f317f5f80ffeb7911a449edcb920885d08ca571,-62926723290185364,-0.062927,105141471,105.1415,3238382664700438201237504,668666033993634471,115792089237316195423570985008687907853269984665640564039457584007913112660609,0,3469,algebra_v2
0x72ab388e2e2f6facef59e3c3fa2c4e29011c2d38,47222890,0xc31e9a8d4b24a0c5ef0a8d3c8e76df423605aa175c2c2fe50a1c9cbe21d6ac6a,680884141353085184,0.680884,-1137388619,-1137.3886,3238247899053929921506376,668666033993634471,115792089237316195423570985008687907853269984665640564039457584007913112660608,22469176664651,0,algebra_v2
0x72ab388e2e2f6facef59e3c3fa2c4e29011c2d38,47222891,0x806872a23f741e0916d5f55ec535b15ef37742ae7a75c0361c2c30ffe3d99005,172892101407625920,0.172892,-288793988,-288.7940,3238213680750725696998811,668666033993634471,115792089237316195423570985008687907853269984665640564039457584007913112660608,5705439346451,0,algebra_v2
0x72ab388e2e2f6facef59e3c3fa2c4e29011c2d38,47222891,0xc85bdf6c6992655141b019ef792d4b4edd655978a21c43c568870b664bfd0de5,168855940075600544,0.168856,-282046210,-282.0462,3238180261970895215973827,668666033993634471,115792089237316195423570985008687907853269984665640564039457584007913112660608,5572246022495,0,algebra_v2
0x72ab388e2e2f6facef59e3c3fa2c4e29011c2d38,47222891,0x43e569ea45795e349042f6ccb1bd7ce431c0fa19500ca074a14b5ff9c1d643e9,523200038208414,0.000523,-873910,-0.8739,3238180158423896082612224,668666033993634471,115792089237316195423570985008687907853269984665640564039457584007913112660608,17265601260,0,algebra_v2
0x72ab388e2e2f6facef59e3c3fa2c4e29011c2d38,47222891,0x10a7c9cba6783ace291f8a46f0deef6aa8f0fa745653985c1348578a85ef0097,171300640114660096,0.171301,-286123714,-286.1237,3238146256513216327852945,668666033993634471,115792089237316195423570985008687907853269984665640564039457584007913112660608,5652921123784,0,algebra_v2
0x72ab388e2e2f6facef59e3c3fa2c4e29011c2d38,47222893,0x1d8c65875ab3b817a605352a3be01a64e8641b200e651347ca2828e15d5f342a,703553082464739651,0.703553,-1175082930,-1175.0829,3238007024584811682206425,668666035064831142,115792089237316195423570985008687907853269984665640564039457584007913112660607,23217251721335,0,algebra_v2
0x72ab388e2e2f6facef59e3c3fa2c4e29011c2d38,47222893,0x9d88703150ec17ad12d1cd50318506349cb9215229c246fbd5354b6ae0ec2b4b,1105907867661232896,1.105908,-1846896525,-1846.8965,3237788137510773135558890,668451125795955587,115792089237316195423570985008687907853269984665640564039457584007913112660605,36494959632820,0,algebra_v2
0x72ab388e2e2f6facef59e3c3fa2c4e29011c2d38,47222893,0x6eefd8b6ab537395c654274eda7314fa41013d21ad04b5206c00dc8fe59ee3e5,114515865275126072,0.114516,-191230374,-191.2304,3237765471932726837772288,668451125795955587,115792089237316195423570985008687907853269984665640564039457584007913112660605,3779023554079,0,algebra_v2
0x72ab388e2e2f6facef59e3c3fa2c4e29011c2d38,47222893,0x0315b7062680cad5b2e57296036c2ff6f8bd7170b3f150c2cc4f9d5ed2797553,353870138554385348,0.353870,-590911847,-590.9118,3237695434112387380150272,668451125795955587,115792089237316195423570985008687907853269984665640564039457584007913112660605,11677714572294,0,algebra_v2
0x72ab388e2e2f6facef59e3c3fa2c4e29011c2d38,47222895,0x5f3a2aef85e63708d299b3441a80aa0fc449510b3ff0054cdc64a61a5c4655f2,556133485426749248,0.556133,-928610664,-928.6107,3237585357163042639147720,668261441165418197,115792089237316195423570985008687907853269984665640564039457584007913112660604,18352405019082,0,algebra_v2
0x72ab388e2e2f6facef59e3c3fa2c4e29011c2d38,47222895,0xda5f9dfc16ba10aabda20c9e1a51b26617d35e662c535a61bfd18a3dbfef9941,-40009569299833421,-0.040010,66817721,66.8177,3237593278188452106953559,668261441165418197,115792089237316195423570985008687907853269984665640564039457584007913112660604,0,2205,algebra_v2
0x72ab388e2e2f6facef59e3c3fa2c4e29011c2d38,47222901,0x29fa5853b7323827b9de817b089d3e0987925413c5a4592c6bf16fc3ce04e078,-312053236071138218,-0.312053,521153696,521.1537,3237655052880104089556870,668451125795955587,115792089237316195423570985008687907853269984665640564039457584007913112660605,0,17198,algebra_v2
0x72ab388e2e2f6facef59e3c3fa2c4e29011c2d38,47222901,0xd3c89d6d47bd0a4410521da2dcb5fa4c43cbc8f6e48367f155a734fec9023b25,-80576257218513120,-0.080576,134571982,134.5720,3237671001427717734761872,668451125795955587,115792089237316195423570985008687907853269984665640564039457584007913112660605,0,4441,algebra_v2
0x72ab388e2e2f6facef59e3c3fa2c4e29011c2d38,47222901,0xcee248503d7295d034ad59ac96acec9f01a8be2920a654bceaaac1005e5780e4,-203609026665100895,-0.203609,340057322,340.0573,3237711302687484039659520,668451125795955587,115792089237316195423570985008687907853269984665640564039457584007913112660605,0,11221,algebra_v2
0x72ab388e2e2f6facef59e3c3fa2c4e29011c2d38,47222901,0x819319eaa70d9db671765e16deb79c7a8c4e5ec604b07eb10038865d957559e6,-680662998136537461,-0.680663,1136869778,1136.8698,3237846036690975447617440,668451125795955587,115792089237316195423570985008687907853269984665640564039457584007913112660606,0,37516,algebra_v2
0x72ab388e2e2f6facef59e3c3fa2c4e29011c2d38,47222901,0x3e75be3d1a790c48271b3210ccf684d24ebab7d39ebcb3b99c747d63f3e4c25a,-174612453944693718,-0.174612,291659753,291.6598,3237880602203171202680453,668451125795955587,115792089237316195423570985008687907853269984665640564039457584007913112660606,0,9624,algebra_v2
0x72ab388e2e2f6facef59e3c3fa2c4e29011c2d38,47222905,0x3b252d3a2f11bfed562d131131e1e8cb3cc1eae89ec41f78293a46164e4c0d76,-265782590760942817,-0.265783,443955573,443.9556,3237933216770663142352837,668451125795955587,115792089237316195423570985008687907853269984665640564039457584007913112660606,0,14650,algebra_v2
0x72ab388e2e2f6facef59e3c3fa2c4e29011c2d38,47222905,0xdbb21d57ff98185cac67bf8507df99e673261ee1d4c59ea8014d4d93846b025e,-124856099775260495,-0.124856,208561010,208.5610,3237957933456000345440256,668666035064831142,115792089237316195423570985008687907853269984665640564039457584007913112660607,0,6882,algebra_v2
0x72ab388e2e2f6facef59e3c3fa2c4e29011c2d38,47222905,0x7adc640c8cf84d0c6a74540628fe6e825012774e98937bc5c7f84c35ef57239f,-211410596662124689,-0.211411,353149855,353.1499,3237999772901544423652591,668666035064831142,115792089237316195423570985008687907853269984665640564039457584007913112660607,0,11653,algebra_v2
0x72ab388e2e2f6facef59e3c3fa2c4e29011c2d38,47222905,0x5449fa3ac9b52bedff7911e90824e619d1faff73715fafd7750662124fa2c1b4,-158174652666872826,-0.158175,264228087,264.2281,3238031077336455494856414,668666035064831142,115792089237316195423570985008687907853269984665640564039457584007913112660607,0,8719,algebra_v2
0x72ab388e2e2f6facef59e3c3fa2c4e29011c2d38,47222909,0x05a940a2527373e442b01ad35374e357104dac3be2d9e840abd3703a7de6b625,269872218877417,0.000270,-450731,-0.4507,3238031023930717747066846,668666035064831142,115792089237316195423570985008687907853269984665640564039457584007913112660607,8905783223,0,algebra_v2
0x72ab388e2e2f6facef59e3c3fa2c4e29011c2d38,47222911,0xf2a37f8b24ada50576fd341f525aa51cefd671cbde8f1f1ac419e8376407428b,549145557360805184,0.549146,-917132978,-917.1330,3237922344786965599218915,668451125795955587,115792089237316195423570985008687907853269984665640564039457584007913112660606,18121803392906,0,algebra_v2
0x72ab388e2e2f6facef59e3c3fa2c4e29011c2d38,47222911,0x473cb40b9a98cd07d1b372faa8c607231607bed78b0b5723ea3a2d263110a276,126302080077674280,0.126302,-210929541,-210.9295,3237897344365337212092416,668451125795955587,115792089237316195423570985008687907853269984665640564039457584007913112660606,4167968642563,0,algebra_v2
0x72ab388e2e2f6facef59e3c3fa2c4e29011c2d38,47222912,0x06f2c0f8af8d9ab3e42ce88f3bda71c863aa2fbcd478e97d0042560e5500a733,-1738415573431804,-0.001738,2903783,2.9038,3237897688501695365351763,668451125795955587,115792089237316195423570985008687907853269984665640564039457584007913112660606,0,96,algebra_v2
0x72ab388e2e2f6facef59e3c3fa2c4e29011c2d38,47222912,0xeedd2fcb849cb41d4a7f662cc18a655d63868b9fc0171a974ca2e3eb1416a2e2,10751400000000000,0.010751,-17955122,-17.9551,3237895560370962727175649,668451125795955587,115792089237316195423570985008687907853269984665640564039457584007913112660606,354796200000,0,algebra_v2
0x72ab388e2e2f6facef59e3c3fa2c4e29011c2d38,47222913,0x6f12f06a8f9fe337cc9933a739630a93ae368618d41e93804581af0d9832197f,-170115370910855535,-0.170115,284156772,284.1568,3237929236681309686207873,668451125795955587,115792089237316195423570985008687907853269984665640564039457584007913112660606,0,9377,algebra_v2
0x72ab388e2e2f6facef59e3c3fa2c4e29011c2d38,47222913,0xa084e7577ff7bcc110ae95ad025b59947c5483ca26d24285c3dbd99424a67f4f,-138548204649563071,-0.138548,231432078,231.4321,3237956664296698598653952,668666035064831142,115792089237316195423570985008687907853269984665640564039457584007913112660607,0,7637,algebra_v2
0x72ab388e2e2f6facef59e3c3fa2c4e29011c2d38,47222913,0x689da5f5e7db565be2e015852a02cc9dac4ecba37f61ea185bc0a99800084a17,-863139147722173989,-0.863139,1441883111,1441.8831,3238127491465370016826594,668666033993634471,115792089237316195423570985008687907853269984665640564039457584007913112660608,0,47581,algebra_v2
0x72ab388e2e2f6facef59e3c3fa2c4e29011c2d38,47222914,0x0c25699e52c3d6449fea355aeb245c822680d27b525dff80b1828ec57e9d1380,11266513908038781,0.011267,-18818046,-18.8180,3238125261773412950971259,668666033993634471,115792089237316195423570985008687907853269984665640564039457584007913112660608,371794958965,0,algebra_v2
0x72ab388e2e2f6facef59e3c3fa2c4e29011c2d38,47222914,0x32f2669ef02e1c727c835dc467c22942b1106d163e2736fe17b6c3180437999a,-152759512137188147,-0.152760,255201882,255.2019,3238155496828240483973148,668666033993634471,115792089237316195423570985008687907853269984665640564039457584007913112660608,0,8421,algebra_v2
0x72ab388e2e2f6facef59e3c3fa2c4e29011c2d38,47222914,0x4730a5a1ea5dc64d21cc2e8a7bddecdd3adc42e83c870056e48356b094362563,-678291269918901272,-0.678291,1133219130,1133.2191,3238289755017737418145481,668666033993634471,115792089237316195423570985008687907853269984665640564039457584007913112660609,0,37396,algebra_v2
0x72ab388e2e2f6facef59e3c3fa2c4e29011c2d38,47222914,0x3c942a5661e4f46768b3fbfae32f883dc0bdb7020a7d1a5bdf52a1b2f84a28f9,-45632101143714933,-0.045632,76240785,76.2408,3238298787648195316940800,668666033993634471,115792089237316195423570985008687907853269984665640564039457584007913112660609,0,2516,algebra_v2
0x72ab388e2e2f6facef59e3c3fa2c4e29011c2d38,47222914,0x726fb116626a876d854c25d7800e0befed6ef241f72d29e930a8e38d1a85f09b,-227106156470248251,-0.227106,379448671,379.4487,3238343742847155555008512,668666033993634471,115792089237316195423570985008687907853269984665640564039457584007913112660609,0,12521,algebra_v2
0x72ab388e2e2f6facef59e3c3fa2c4e29011c2d38,47222919,0x762213cef87b96c40a8520a130f97a2560208f8afcddf81f2732d7f6fe474e21,182859013569608960,0.182859,-305460326,-305.4603,3238307549801318629509734,668666033993634471,115792089237316195423570985008687907853269984665640564039457584007913112660609,6034347447797,0,algebra_v2
0x72ab388e2e2f6facef59e3c3fa2c4e29011c2d38,47222919,0x498803262cf9deb5f9ccbcda4a5887ac8c0f95a5a6d81085822dceec67a6b118,128495201409150171,0.128495,-214643175,-214.6432,3238282117397837743390720,668666033993634471,115792089237316195423570985008687907853269984665640564039457584007913112660609,4240341646502,0,algebra_v2
0x72ab388e2e2f6facef59e3c3fa2c4e29011c2d38,47222927,0x96b6ccc70a23c3b36f880000acc27d5a7f563afd3c272ff3f58a24edc8adbf8e,-1810621665915546,-0.001811,3025112,3.0251,3238282475798065724599653,668666033993634471,115792089237316195423570985008687907853269984665640564039457584007913112660609,0,99,algebra_v2
0x72ab388e2e2f6facef59e3c3fa2c4e29011c2d38,47222929,0x89e523c420bf9008f2c86fd0af1d305f2fc835966f36cfa63f2f0a35787feea9,-479898143014941407,-0.479898,801817504,801.8175,3238377471164380041938794,668666033993634471,115792089237316195423570985008687907853269984665640564039457584007913112660609,0,26460,algebra_v2
0x72ab388e2e2f6facef59e3c3fa2c4e29011c2d38,47222929,0xea2870e4ad1d0cce012968b044853ba07155438a3afe18a21dd4db01c9a0f3cc,-253786127320110909,-0.253786,424046829,424.0468,3238427710132227848273920,668666033993634471,115792089237316195423570985008687907853269984665640564039457584007913112660609,0,13993,algebra_v2
0x72ab388e2e2f6facef59e3c3fa2c4e29011c2d38,47222929,0x24b6e7f2a3c0d16af6592532cf18dcf89d98c124ac85ac9daebf449edc3b121c,-56253608476130495,-0.056254,93994959,93.9950,3238438846189266175787008,668666033993634471,115792089237316195423570985008687907853269984665640564039457584007913112660609,0,3102,algebra_v2
0x72ab388e2e2f6facef59e3c3fa2c4e29011c2d38,47222930,0x0998a2672c8adab80bdc8a516529c8505ed345c412953fb54a5a24c4b6d3c959,-2908103221225470170,-2.908103,4860071747,4860.0717,3239014006120824730362273,673606796480219426,115792089237316195423570985008687907853269984665640564039457584007913112660613,0,160382,algebra_v2
0x72ab388e2e2f6facef59e3c3fa2c4e29011c2d38,47222930,0x00fc5bbf90af1dbcecba2c257a69b350a33bf5d57bf09a29ed305b1ab7cb8bad,-184168294297696370,-0.184168,307843252,307.8433,3239050210351886825947136,673606796480219426,115792089237316195423570985008687907853269984665640564039457584007913112660613,0,10159,algebra_v2
0x72ab388e2e2f6facef59e3c3fa2c4e29011c2d38,47222930,0x28be79e61c3f19c2b660192b2fca02c521c30000745bcf2110c368284ecd6051,227223062127099544,0.227223,-379733735,-379.7337,3239005546898011261710653,673606796480219426,115792089237316195423570985008687907853269984665640564039457584007913112660613,7498361050194,0,algebra_v2
0x72ab388e2e2f6facef59e3c3fa2c4e29011c2d38,47222931,0x88e8504435994ea9976cd04b17d91371ef6a326cb0d96cc96eb779a88b639ddf,100000000000000000,0.100000,-167116044,-167.1160,3238985891073221670186788,673606796480219426,115792089237316195423570985008687907853269984665640564039457584007913112660613,3300000000000,0,algebra_v2
0x72ab388e2e2f6facef59e3c3fa2c4e29011c2d38,47222931,0xe1d7e77c1b9c9c037b6972f5f614b47360cab549cab4701f59bfa944a6fe8007,12014013352822932,0.012014,-20077207,-20.0772,3238983529635858909676385,673606796480219426,115792089237316195423570985008687907853269984665640564039457584007913112660613,396462440643,0,algebra_v2
0x72ab388e2e2f6facef59e3c3fa2c4e29011c2d38,47222932,0x281d786ef279422317feb30408db5a5aa210d7ffad88b92c72a14cda4a31fd97,6998908891558,0.000007,-11696,-0.0117,3238983528260175995645440,673606796480219426,115792089237316195423570985008687907853269984665640564039457584007913112660613,230963993,0,algebra_v2
0x72ab388e2e2f6facef59e3c3fa2c4e29011c2d38,47222941,0xa8116333d823be2d82820e638ba22e0b889949610c1b484c255e053f8d5ccfe2,437407298059074490,0.437407,-730952853,-730.9529,3238897332021451900965906,668666033993634471,115792089237316195423570985008687907853269984665640564039457584007913112660612,14434440835949,0,algebra_v2
0x72ab388e2e2f6facef59e3c3fa2c4e29011c2d38,47222941,0xe6c35c22a58a1a8b5de6700a2dae45ea1039c37d86abefac90fa2ff400a2b248,75864434783174817,0.075864,-126773352,-126.7734,3238882311040425852403712,668666033993634471,115792089237316195423570985008687907853269984665640564039457584007913112660612,2503526347844,0,algebra_v2
0x72ab388e2e2f6facef59e3c3fa2c4e29011c2d38,47222943,0x50e751f395d13ea4d88755e055878cf952e3cdff27eaa235f2f5e611a7dbfec2,-220090403286463280,-0.220090,367859139,367.8591,3238925893169090303885312,668666033993634471,115792089237316195423570985008687907853269984665640564039457584007913112660612,0,12139,algebra_v2
0x72ab388e2e2f6facef59e3c3fa2c4e29011c2d38,47222947,0xe5585680b9e32d6ffc9f2af4695c8b89f74cd4a6b825e99d331ebd9868d5f923,6129367629177426,0.006129,-10242711,-10.2427,3238924679542027900889726,668666033993634471,115792089237316195423570985008687907853269984665640564039457584007913112660612,202269131762,0,algebra_v2
0x72ab388e2e2f6facef59e3c3fa2c4e29011c2d38,47222950,0xb801fae062f57d432e746905529cb68441a376c52f56d8922029608cc83704bc,2926797903581120,0.002927,-4890933,-4.8909,3238924100030503975343787,668666033993634471,115792089237316195423570985008687907853269984665640564039457584007913112660612,96584330818,0,algebra_v2
0x72ab388e2e2f6facef59e3c3fa2c4e29011c2d38,47222952,0x82e435ad3d393e4d93492ed70d6b4f478591bbe8df57ed530a471c1757a12a79,-305974041047379171,-0.305974,511420888,511.4209,3238984273044932407590912,673606796480219426,115792089237316195423570985008687907853269984665640564039457584007913112660613,0,16876,algebra_v2
0x72ab388e2e2f6facef59e3c3fa2c4e29011c2d38,47222953,0x952e289c85723b05961252579682130bae7b4d19bfac3a666eeaae38289b1aad,-174104416700922624,-0.174104,291015634,291.0156,3239018498246292048525377,673606796480219426,115792089237316195423570985008687907853269984665640564039457584007913112660613,0,9603,algebra_v2
0x72ab388e2e2f6facef59e3c3fa2c4e29011c2d38,47222953,0xd24cb1a39daec95c2ae2f3e655143154c7f8584020dffc10a9bfcd8572647a44,-40062859118474457,-0.040063,66965964,66.9660,3239026373849156646076416,673606796480219426,115792089237316195423570985008687907853269984665640564039457584007913112660613,0,2210,algebra_v2
0x72ab388e2e2f6facef59e3c3fa2c4e29011c2d38,47222954,0xf458b3d6088097916c37adbc377d36cb445f6a0f5925de5329a746b4b6fb38b6,-565594792479154232,-0.565595,945439065,945.4391,3239137563210269270725052,673606796480219426,115792089237316195423570985008687907853269984665640564039457584007913112660614,0,31199,algebra_v2
0x72ab388e2e2f6facef59e3c3fa2c4e29011c2d38,47222957,0xbf13b25b5c9ba15f59c0af4a7fd2f103d4b0d7464fa5f3630cd2151403a7dc41,176953125000000000,0.176953,-295739789,-295.7398,3239102778941178970303169,673606796480219426,115792089237316195423570985008687907853269984665640564039457584007913112660614,5839453125000,0,algebra_v2
0x72ab388e2e2f6facef59e3c3fa2c4e29011c2d38,47222957,0x842b8f51039498f0131ff63670c68b99153bd81eb09240797d9c3edd04688936,52989865935839109,0.052990,-88560137,-88.5601,3239092362690916876978320,673606796480219426,115792089237316195423570985008687907853269984665640564039457584007913112660614,1748665575882,0,algebra_v2
0x72ab388e2e2f6facef59e3c3fa2c4e29011c2d38,47222959,0xb313e8dc3ab9a16a892ef3855a88a2f5ea1dda0df8d80cdcd725d32e0414754d,304687500000000000,0.304688,-509202670,-509.2027,3239032471383254131678637,673606796480219426,115792089237316195423570985008687907853269984665640564039457584007913112660613,10054687500000,0,algebra_v2
0x72ab388e2e2f6facef59e3c3fa2c4e29011c2d38,47222959,0x099de258c685175053c4f90bd0fd1fa7cd64c64ee07c31c07913fe3eb8a81d38,105209430428050925,0.105209,-175824706,-175.8247,3239011791264679825768448,673606796480219426,115792089237316195423570985008687907853269984665640564039457584007913112660613,3471911204125,0,algebra_v2
0x72ab388e2e2f6facef59e3c3fa2c4e29011c2d38,47222959,0x2fd1eb5d171fc00e5900ecf3580aa75ffd017e6900b0cb7226de46e3f2ec199c,18895824917083714,0.018896,-31578232,-31.5782,3239008077101840566583296,673606796480219426,115792089237316195423570985008687907853269984665640564039457584007913112660613,623562222263,0,algebra_v2
0x72ab388e2e2f6facef59e3c3fa2c4e29011c2d38,47222960,0xfd7ce21a58f7c0901825d9d372ea15f230a6787f0e4d935e6c1a8c639347282c,240000000000000000,0.240000,-401075727,-401.0757,3238960903449425549679330,673606796480219426,115792089237316195423570985008687907853269984665640564039457584007913112660613,7920000000000,0,algebra_v2
0x72ab388e2e2f6facef59e3c3fa2c4e29011c2d38,47222960,0xcd9a4fa243ff4b146447bc2b6ed5b3d32e1e6b24a8b30b37c578029c351b39e7,165005287096331267,0.165005,-275741620,-275.7416,3238928471321285842960384,673606796480219426,115792089237316195423570985008687907853269984665640564039457584007913112660613,5445174474179,0,algebra_v2
0x72ab388e2e2f6facef59e3c3fa2c4e29011c2d38,47222961,0xcba32c1ef5210cf6408435f97d09b8bcded7455c6153c6e1b7bc612e4045e369,322961798418275771,0.322962,-539687919,-539.6879,3238864530656066183102464,668666033993634471,115792089237316195423570985008687907853269984665640564039457584007913112660612,10657739347802,0,algebra_v2
0x72ab388e2e2f6facef59e3c3fa2c4e29011c2d38,47222961,0x03e337d21164ca4512ef08a6fb6abbfb319b2c3e2040c861242738e37a8e613d,678644832369709696,0.678645,-1133985489,-1133.9855,3238730168235782846806065,668666033993634471,115792089237316195423570985008687907853269984665640564039457584007913112660611,22395279468200,0,algebra_v2
0x72ab388e2e2f6facef59e3c3fa2c4e29011c2d38,47222961,0x077edc9f711baaa9b6f1487bce55f081fff9d07e2028948d30f77ffb54731784,282890625000000000,0.282891,-472669935,-472.6699,3238674163042538578781840,668666033993634471,115792089237316195423570985008687907853269984665640564039457584007913112660611,9335390625000,0,algebra_v2
0x72ab388e2e2f6facef59e3c3fa2c4e29011c2d38,47222961,0xaea396eb801800e6b620e490f756911384645268a8145ad14c7a4df96b2eb1b8,193549192779974088,0.193549,-323383710,-323.3837,3238635846310563837640704,668666033993634471,115792089237316195423570985008687907853269984665640564039457584007913112660611,6387123361739,0,algebra_v2
0x72ab388e2e2f6facef59e3c3fa2c4e29011c2d38,47222961,0x73bae7fc5ad0bc10d2dd8288cf6539dbab2c1762d9e32c69a34e49ba5923d088,254062500000000000,0.254063,-424478268,-424.4783,3238585551198365254489141,668666033993634471,115792089237316195423570985008687907853269984665640564039457584007913112660610,8384062500000,0,algebra_v2
0x72ab388e2e2f6facef59e3c3fa2c4e29011c2d38,47222964,0x983c2f6d822ce02c54147be4184eeffcb8083c3a8be9b99ecac2a58c895d8464,5885250000000000,0.005885,-9832702,-9.8327,3238584386151946365424097,668666033993634471,115792089237316195423570985008687907853269984665640564039457584007913112660610,194213250000,0,algebra_v2
0x72ab388e2e2f6facef59e3c3fa2c4e29011c2d38,47222966,0xc1a82ee5d06bcf99f654d5e65b6ccdc0c794070eb3eabe892ff3a7e1adac8f63,-300397934897425045,-0.300398,501995262,501.9953,3238643860064069359653724,668666033993634471,115792089237316195423570985008687907853269984665640564039457584007913112660611,0,16566,algebra_v2
0x72ab388e2e2f6facef59e3c3fa2c4e29011c2d38,47222966,0x7fdc3ef650132e6ab206496e655bddca32cc4e91715564fdce6f3ec076437d85,-323792517675579086,-0.323793,541110619,541.1106,3238707968169838785855488,668666033993634471,115792089237316195423570985008687907853269984665640564039457584007913112660611,0,17856,algebra_v2
0x72ab388e2e2f6facef59e3c3fa2c4e29011c2d38,47222967,0x6a520b0c5d5b8b91cc3148545a938a848c186f3e78230bd933ed47a7cb14d427,-2147879983494427624,-2.147880,3590002799,3590.0028,3239131786347114133781766,673606796480219426,115792089237316195423570985008687907853269984665640564039457584007913112660614,0,118469,algebra_v2
0x72ab388e2e2f6facef59e3c3fa2c4e29011c2d38,47222967,0x114f2a411ce1929f2d053734d8ccadc7c5b8d48e9e2422b0de2f2220caef923e,-222052106801248419,-0.222052,371195115,371.1951,3239175441141082668138496,673606796480219426,115792089237316195423570985008687907853269984665640564039457584007913112660614,0,12249,algebra_v2
0x72ab388e2e2f6facef59e3c3fa2c4e29011c2d38,47222969,0x1f51469ac5eb0ea557fdb9cf7b4c75611a6a6c2160666a53d88bb107b24cac2b,-263085962747286132,-0.263086,439802626,439.8026,3239227164593956314727153,673606796480219426,115792089237316195423570985008687907853269984665640564039457584007913112660614,0,14513,algebra_v2
0x72ab388e2e2f6facef59e3c3fa2c4e29011c2d38,47222971,0xa25de90fc00f6bbeb390348913cb468b9e02e628c69912aba8f2e36b324f4871,-243458711062380308,-0.243459,407004127,407.0041,3239275030744618579787776,673606796480219426,115792089237316195423570985008687907853269984665640564039457584007913112660615,0,13431,algebra_v2
0x72ab388e2e2f6facef59e3c3fa2c4e29011c2d38,47222971,0x16dc23023b24b9ac6c6cabd4f9e44b45fe4f8275065385f589ce6e70b3185608,-98056808504426468,-0.098057,163930685,163.9307,3239294309986021498945536,673606796480219426,115792089237316195423570985008687907853269984665640564039457584007913112660615,0,5410,algebra_v2
0x72ab388e2e2f6facef59e3c3fa2c4e29011c2d38,47222973,0x0a9d64c26866ab70edab4fb4d4be8bc65e9c26bd6640981a196b59e7d6ee5549,-255334669913522340,-0.255335,426875864,426.8759,3239344513173397048393728,673606796480219426,115792089237316195423570985008687907853269984665640564039457584007913112660615,0,14087,algebra_v2
0x72ab388e2e2f6facef59e3c3fa2c4e29011c2d38,47222980,0xaca7e6dd43ad22b27fb1914aaa77dff1ebf1f913d32a9a2abef0b2532dc144b4,-626540730721619716,-0.626541,1047524931,1047.5249,3239467708450619198013440,673606796480219426,115792089237316195423570985008687907853269984665640564039457584007913112660616,0,34568,algebra_v2
0x72ab388e2e2f6facef59e3c3fa2c4e29011c2d38,47222981,0x811a4d1dd43474aed4df3bc8c7eee9f8ee3eb939add15ec875cbb36c8054005c,3018478981218304,0.003018,-5045832,-5.0458,3239467114970860985368606,673606796480219426,115792089237316195423570985008687907853269984665640564039457584007913112660616,99609806380,0,algebra_v2
0x72ab388e2e2f6facef59e3c3fa2c4e29011c2d38,47222983,0x9d4da087bad23bfad49281c94c2e221e462dc6cf2dbb3cfd20084044c45af7a4,7429039535095,0.000007,-12418,-0.0124,3239467113510196920868829,673606796480219426,115792089237316195423570985008687907853269984665640564039457584007913112660616,245158304,0,algebra_v2
0x72ab388e2e2f6facef59e3c3fa2c4e29011c2d38,47222983,0x1d6f02f764f6c22aef23e2b709af0b3545a12f75170ed514b7e0488d16e3a21f,-195748746709660516,-0.195749,327292133,327.2921,3239505605047545841472850,673606796480219426,115792089237316195423570985008687907853269984665640564039457584007913112660616,0,10800,algebra_v2
0x72ab388e2e2f6facef59e3c3fa2c4e29011c2d38,47222983,0xdc0c380ffaec6704e9128db8147a4516b6908ff1add24c1aaabf5715f3f9652d,-760731988491592263,-0.760732,1272018621,1272.0186,3239655202142722997085908,673606796480219426,115792089237316195423570985008687907853269984665640564039457584007913112660617,0,41976,algebra_v2
0x72ab388e2e2f6facef59e3c3fa2c4e29011c2d38,47222984,0xe5fbebdf2ac9aa90e083dffd0c4c0802494e006c2deeb638b65925337e8638e5,-186091401690434891,-0.186091,311180991,311.1810,3239691798912164637438957,673606796480219426,115792089237316195423570985008687907853269984665640564039457584007913112660617,0,10269,algebra_v2
0x72ab388e2e2f6facef59e3c3fa2c4e29011c2d38,47222985,0x15703fee205d398fc0413f8369f7c794521c47a1034752d3ea4f0bd0adcd43b5,-264385597464041506,-0.264386,442116192,442.1162,3239743794454456454436137,673606796480219426,115792089237316195423570985008687907853269984665640564039457584007913112660618,0,14589,algebra_v2
0x72ab388e2e2f6facef59e3c3fa2c4e29011c2d38,47222985,0xaf7673300225e5cf3af0a87cbaa9917402540600995d1b09922eb1bf6b17e9cb,2469627947879277,0.002470,-4129050,-4.1291,3239743308804534002205345,673606796480219426,115792089237316195423570985008687907853269984665640564039457584007913112660618,81497722280,0,algebra_v2
0x72ab388e2e2f6facef59e3c3fa2c4e29011c2d38,47222986,0x001c672898a28975a3e62fec599701ed09972d0ed139df5843c4dddc6c291b46,20681359823662037,0.020681,-34577783,-34.5778,3239739241841051055387223,673606796480219426,115792089237316195423570985008687907853269984665640564039457584007913112660618,682484874181,0,algebra_v2
0x72ab388e2e2f6facef59e3c3fa2c4e29011c2d38,47222986,0x24e5570c4457829c9d29af88007b47a3933ce6181b5179f00bfd40b1b1fea550,7508899825451008,0.007509,-12554332,-12.5543,3239737765227840279320042,673606796480219426,115792089237316195423570985008687907853269984665640564039457584007913112660618,247793694240,0,algebra_v2
0x72ab388e2e2f6facef59e3c3fa2c4e29011c2d38,47222986,0x5e406bc413932aecf8d9f4ab98a4676a776341fe2b46138abbc6044b86c22c75,-169009528825626230,-0.169010,282630892,282.6309,3239771004332693639685244,673606796480219426,115792089237316195423570985008687907853269984665640564039457584007913112660618,0,9327,algebra_v2
0x72ab388e2e2f6facef59e3c3fa2c4e29011c2d38,47222986,0x1391078b9fd2f66a801ccee045c73736496e255ff7ce84b5e9615db591a65e62,-1330572750559337939,-1.330573,2225289908,2225.2899,3240032711905761122720620,673606796480219426,115792089237316195423570985008687907853269984665640564039457584007913112660619,0,73434,algebra_v2
0x72ab388e2e2f6facef59e3c3fa2c4e29011c2d38,47222987,0x9bd8730f2450569888262fe66f37bf26d60e27a04897968d2230f17abde3cb1e,225915057734879903,0.225915,-377776913,-377.7769,3239988278609046041230144,673606796480219426,115792089237316195423570985008687907853269984665640564039457584007913112660619,7455196905251,0,algebra_v2
0x72ab388e2e2f6facef59e3c3fa2c4e29011c2d38,47222988,0x1a8b4b9e9602e798e777ea7d099a34fc8634b61fc67ea0626818462191f4995d,4859265378357179,0.004859,-8125587,-8.1256,3239987322895169102593663,673606796480219426,115792089237316195423570985008687907853269984665640564039457584007913112660619,160355757485,0,algebra_v2
0x72ab388e2e2f6facef59e3c3fa2c4e29011c2d38,47222988,0x0d8b4e4a2b0142cb195bc84c6c41ad94d01faadf3ad76942ecce157cca5b5b6f,420268552393671332,0.420269,-702748354,-702.7484,3239904667166143215042560,673606796480219426,115792089237316195423570985008687907853269984665640564039457584007913112660619,13868862228991,0,algebra_v2
0x72ab388e2e2f6facef59e3c3fa2c4e29011c2d38,47222988,0x2d1d5f0b476748628b23c66aed09e03d704fa4247728c4385f28b4dfac9905f2,859853159825479808,0.859853,-1437684160,-1437.6842,3239735569890207711878834,673606796480219426,115792089237316195423570985008687907853269984665640564039457584007913112660617,28375154274240,0,algebra_v2
0x72ab388e2e2f6facef59e3c3fa2c4e29011c2d38,47222988,0x57a6de85ac0c8dfd882a2560663bdedc50c6be1a4e7790f1a1128f959342b83e,548746857387963712,0.548747,-917432476,-917.4325,3239627663482870115030134,673606796480219426,115792089237316195423570985008687907853269984665640564039457584007913112660617,18108646293803,0,algebra_v2
0x72ab388e2e2f6facef59e3c3fa2c4e29011c2d38,47222989,0xcb5f2b3ed64749d323e2e7f092d548ebc314aec4407e3dfd63997ba207dd3d42,345464568434587597,0.345465,-577539914,-577.5399,3239559734497582986035200,673606796480219426,115792089237316195423570985008687907853269984665640564039457584007913112660616,11400330758341,0,algebra_v2
0x72ab388e2e2f6facef59e3c3fa2c4e29011c2d38,47222990,0x88e276f3d250fddc530f9c7dce4dbb70d451b19d0e1499e5045256c187787711,192344450817863840,0.192344,-321546640,-321.5466,3239521914882872552983777,673606796480219426,115792089237316195423570985008687907853269984665640564039457584007913112660616,6347366876989,0,algebra_v2
0x72ab388e2e2f6facef59e3c3fa2c4e29011c2d38,47222990,0xf4398f10f091dc45e8c882a480e4e1afa304fb79130e0edbcf922951601f2390,296723630371370388,0.296724,-496024990,-496.0250,3239463573505085863362560,673606796480219426,115792089237316195423570985008687907853269984665640564039457584007913112660616,9791879802255,0,algebra_v2
0x72ab388e2e2f6facef59e3c3fa2c4e29011c2d38,47222991,0x0e15ae8822ab1694e2e08234c86ad2c0c50797d3d72cca127c2e2ccb6ca66e94,220476897667358332,0.220477,-368553788,-368.5538,3239420225012107296374784,673606796480219426,115792089237316195423570985008687907853269984665640564039457584007913112660616,7275737623022,0,algebra_v2
0x72ab388e2e2f6facef59e3c3fa2c4e29011c2d38,47222991,0xce2bbc04383cfb1b799282f36fd071421bd2b55ed937d6e79f431ccd26731b98,534252444471421826,0.534252,-893026642,-893.0266,3239315189165820752166912,673606796480219426,115792089237316195423570985008687907853269984665640564039457584007913112660615,17630330667557,0,algebra_v2
0x72ab388e2e2f6facef59e3c3fa2c4e29011c2d38,47222992,0x6eae4901e1df83281c894312b9d3fa13a846e634695a59fab6a1967ddf2aa3f7,456950156452836222,0.456950,-763766493,-763.7665,3239225356616309061713920,673606796480219426,115792089237316195423570985008687907853269984665640564039457584007913112660614,15079355162943,0,algebra_v2
0x72ab388e2e2f6facef59e3c3fa2c4e29011c2d38,47222992,0x37fff5cbb0e91c4984212c99baeddd1fc9cc8f8d8acde34489e9667d0907c777,81688980483368456,0.081689,-136534074,-136.5341,3239209297776205056966656,673606796480219426,115792089237316195423570985008687907853269984665640564039457584007913112660614,2695736355951,0,algebra_v2
0x72ab388e2e2f6facef59e3c3fa2c4e29011c2d38,47222993,0x6518e6febf0dae1dae5947be5a7fdef90ad90a6f1c3bfc8e98fc203a076924dd,177953781283707904,0.177954,-297425329,-297.4253,3239174315257478839798170,673606796480219426,115792089237316195423570985008687907853269984665640564039457584007913112660614,5872474782362,0,algebra_v2
0x72ab388e2e2f6facef59e3c3fa2c4e29011c2d38,47222993,0x4f1e90d7d329429a746713fab3025369049b7ae63f413c7a975f3a787a8b19b7,320844122742860299,0.320844,-536230698,-536.2307,3239111244972060689039360,673606796480219426,115792089237316195423570985008687907853269984665640564039457584007913112660614,10587856050514,0,algebra_v2
0x72ab388e2e2f6facef59e3c3fa2c4e29011c2d38,47222993,0xa9f60e11a026bcca8daa5d595f10fd20f190c70cf9e5c306bf7fc0841b44122e,86173320919773401,0.086173,-144018965,-144.0190,3239094305775380619853824,673606796480219426,115792089237316195423570985008687907853269984665640564039457584007913112660614,2843719590352,0,algebra_v2
0x72ab388e2e2f6facef59e3c3fa2c4e29011c2d38,47222993,0xf510bbffcdfc6f93db3aaa5cd09b57c24c2b78407053ea67172cecb1b5bd6a94,319235475619470400,0.319235,-533515841,-533.5158,3239031554805464693737263,673606796480219426,115792089237316195423570985008687907853269984665640564039457584007913112660613,10534770695442,0,algebra_v2
0x72ab388e2e2f6facef59e3c3fa2c4e29011c2d38,47222994,0xfbcf0ba62254f020ce268e386dcf300b2669f1714f2680fa894018dd0ae62736,-44420215906242563,-0.044420,74250000,74.2500,3239040287055240546744955,673606796480219426,115792089237316195423570985008687907853269984665640564039457584007913112660613,0,2450,algebra_v2
0x72ab388e2e2f6facef59e3c3fa2c4e29011c2d38,47222996,0xfa175dfbcd12a95befce2dad393a2f3c0750d965083251711b26086ba0e25009,428484740164787691,0.428485,-716067837,-716.0678,3238956064717705563865088,673606796480219426,115792089237316195423570985008687907853269984665640564039457584007913112660613,14139996425438,0,algebra_v2
0x72ab388e2e2f6facef59e3c3fa2c4e29011c2d38,47223000,0x3fc37dbbab55da557b0d8149afd8b154862cc831edd513d91fabbcec34aaf355,441588265324280960,0.441588,-737926932,-737.9269,3238868839214299439787133,668666033993634471,115792089237316195423570985008687907853269984665640564039457584007913112660612,14572412755701,0,algebra_v2
0x72ab388e2e2f6facef59e3c3fa2c4e29011c2d38,47223001,0x4ec16e7c97604a22d8f998f0a0bd2867e7f1cb12d128b3914057daf12e986350,364939582425206208,0.364940,-609811212,-609.8112,3238796584576848422907942,668666033993634471,115792089237316195423570985008687907853269984665640564039457584007913112660612,12043006220031,0,algebra_v2
0x72ab388e2e2f6facef59e3c3fa2c4e29011c2d38,47223001,0x360efa02be26c1d73148594acc7e2bfa53bb394298ef75a6fbd3f552efdf9ec9,871419268998874624,0.871419,-1456024795,-1456.0248,3238624064718961254278154,668666033993634471,115792089237316195423570985008687907853269984665640564039457584007913112660611,28756835876963,0,algebra_v2
0x72ab388e2e2f6facef59e3c3fa2c4e29011c2d38,47223007,0xaa9364b10c421980e5d7c2e020c89a508548364ef9c4065668eea8229f06c218,-218796652461656380,-0.218797,365638420,365.6384,3238667383747878701005878,668666033993634471,115792089237316195423570985008687907853269984665640564039457584007913112660611,0,12066,algebra_v2
0x72ab388e2e2f6facef59e3c3fa2c4e29011c2d38,47223007,0x912c7ba6a043803bcbc7383930b9594c9a5ffeaf9728aa1a26b7d246169dc7ed,-286954933970837411,-0.286955,479554836,479.5548,3238724199029475178070746,668666033993634471,115792089237316195423570985008687907853269984665640564039457584007913112660611,0,15825,algebra_v2
0x72ab388e2e2f6facef59e3c3fa2c4e29011c2d38,47223009,0x792e8db091493c66120f17c9b7bb99fa2456950f85cfcc40cc2907aacd00512d,295630900256869632,0.295631,-493954914,-493.9549,3238665671845078458892575,668666033993634471,115792089237316195423570985008687907853269984665640564039457584007913112660611,9755819708476,0,algebra_v2
0x72ab388e2e2f6facef59e3c3fa2c4e29011c2d38,47223009,0x323b37fb173381812d55d92567612fc188086d4f860e79d451cc456cc4057f35,109201479257027011,0.109201,-182454785,-182.4548,3238644053343937708348009,668666033993634471,115792089237316195423570985008687907853269984665640564039457584007913112660611,3603648815481,0,algebra_v2
0x72ab388e2e2f6facef59e3c3fa2c4e29011c2d38,47223010,0x8b6ea22ce5deac44d8112ffd1315d20cba6d36684455838b44e593044b5f9db7,283771958132782656,0.283772,-474117278,-474.1173,3238587876659504038849682,668666033993634471,115792089237316195423570985008687907853269984665640564039457584007913112660610,9364474618382,0,algebra_v2
0x72ab388e2e2f6facef59e3c3fa2c4e29011c2d38,47223016,0x038fdda14a236b43fb88845aca1b04de9740a82fc859d664a13a2a3abce5df45,454383678408375040,0.454384,-759135731,-759.1357,3238497929023433735752281,668666033993634471,115792089237316195423570985008687907853269984665640564039457584007913112660610,14994661387476,0,algebra_v2
0x72ab388e2e2f6facef59e3c3fa2c4e29011c2d38,47223016,0x97d4cdcb05f36c0422970327625e4dd998a7e32b564803f0e38d7856d0f7fed6,167303618893558144,0.167304,-279502400,-279.5024,3238464811651703067557678,668666033993634471,115792089237316195423570985008687907853269984665640564039457584007913112660610,5521019423487,0,algebra_v2
0x72ab388e2e2f6facef59e3c3fa2c4e29011c2d38,47223017,0x0d3c40c8a974069d8547c710b32c873983e171f9384a5d3777e9e4cd78cd23d2,156624170850377056,0.156624,-261655816,-261.6558,3238433808866326951168010,668666033993634471,115792089237316195423570985008687907853269984665640564039457584007913112660609,5168597638062,0,algebra_v2
0x72ab388e2e2f6facef59e3c3fa2c4e29011c2d38,47223019,0xd4c3d65693deb82a5d3b0e48f0bd905d0b94faefdda320591e99ac6d7cc99f39,411049970033307904,0.411050,-686674879,-686.6749,3238352446891584100135588,668666033993634471,115792089237316195423570985008687907853269984665640564039457584007913112660609,13564649011099,0,algebra_v2
0x72ab388e2e2f6facef59e3c3fa2c4e29011c2d38,47223021,0x678264651972c124d65ba917b865b1a91f5f47ab6b773856f8a54f7f260a9e1f,173366816990194304,0.173367,-289605630,-289.6056,3238318132419456597462043,668666033993634471,115792089237316195423570985008687907853269984665640564039457584007913112660609,5721104960676,0,algebra_v2
0x72ab388e2e2f6facef59e3c3fa2c4e29011c2d38,47223025,0x8024623427fac27d38f819ee053cacea1389fae155ac2e5175efa2f84c1e8078,200625000000000000,0.200625,-335132193,-335.1322,3238278423646314562909577,668666033993634471,115792089237316195423570985008687907853269984665640564039457584007913112660608,6620625000000,0,algebra_v2
0x72ab388e2e2f6facef59e3c3fa2c4e29011c2d38,47223025,0x3882e753e8dae2beae85929b29c33355839871146348bd1e151921cf8e00d871,-3515587207422695,-0.003516,5873685,5.8737,3238279119531345239476011,668666033993634471,115792089237316195423570985008687907853269984665640564039457584007913112660608,0,194,algebra_v2
0x72ab388e2e2f6facef59e3c3fa2c4e29011c2d38,47223028,0x7b54d6ad8cda52fc52e33e2c71a7933f54bf957529426f8173b3a346acbbdc9d,16084741538673851,0.016085,-26868264,-26.8683,3238275935994061731986344,668666033993634471,115792089237316195423570985008687907853269984665640564039457584007913112660608,530796470776,0,algebra_v2
0x72ab388e2e2f6facef59e3c3fa2c4e29011c2d38,47223035,0x403b9b7263108d62725c97655257538d5e3c5f341571185ce3551b7ea41f5e94,199377637477248512,0.199378,-333039893,-333.0399,3238236475130965531700861,668666033993634471,115792089237316195423570985008687907853269984665640564039457584007913112660608,6579462036749,0,algebra_v2
0x72ab388e2e2f6facef59e3c3fa2c4e29011c2d38,47223035,0xf596a3101f84cdbc11ff17cb794a510355b29d1bd600cad7694f94e854a8b2ef,21499871642065333,0.021500,-35912845,-35.9128,3238232219929384681734144,668666033993634471,115792089237316195423570985008687907853269984665640564039457584007913112660608,709495764188,0,algebra_v2
0x72ab388e2e2f6facef59e3c3fa2c4e29011c2d38,47223035,0xdfed1c0dfd25f272e94f697b95810bd2a911312faf11eb270d3f583b82d5a932,173376080346554848,0.173376,-289599600,-289.5996,3238197906171772834679581,668666033993634471,115792089237316195423570985008687907853269984665640564039457584007913112660608,5721410651436,0,algebra_v2
0x72ab388e2e2f6facef59e3c3fa2c4e29011c2d38,47223040,0x244db2112c05fc8bd21b11f8a2e3b1ddc9acd6497e7c7ac8bce18b90e3e22b85,-26313105748963291,-0.026313,43960626,43.9606,3238203114408767763743112,668666033993634471,115792089237316195423570985008687907853269984665640564039457584007913112660608,0,1451,algebra_v2
0x72ab388e2e2f6facef59e3c3fa2c4e29011c2d38,47223042,0xccb16b105cefa89cada5e7b427d896810146a9083f81dd941ea6dbcf35e28158,-308914881550234815,-0.308915,516106665,516.1067,3238264260170038791132584,668666033993634471,115792089237316195423570985008687907853269984665640564039457584007913112660608,0,17031,algebra_v2
0x72ab388e2e2f6facef59e3c3fa2c4e29011c2d38,47223043,0xaa9fdafd6adaf801e737a399cbaaad92a7a1321d6115968fd8b562f2315ddfe9,-355807600401105931,-0.355808,594474875,594.4749,3238334690608639161488499,668666033993634471,115792089237316195423570985008687907853269984665640564039457584007913112660609,0,19617,algebra_v2
0x72ab388e2e2f6facef59e3c3fa2c4e29011c2d38,47223044,0xbc993a7708d402fbb8da581850f1f302b75da7e36044b5d5ba9fde2544563213,-494462100991701622,-0.494462,826178455,826.1785,3238432572139775549807168,668666033993634471,115792089237316195423570985008687907853269984665640564039457584007913112660609,0,27263,algebra_v2
0x72ab388e2e2f6facef59e3c3fa2c4e29011c2d38,47223044,0xfb4e8c31bdb65dca532110ab7c20106bd5f1056cb8b106e013c483f23517f4ce,-293296295102308178,-0.293296,490081543,490.0815,3238490634573375101468672,668666033993634471,115792089237316195423570985008687907853269984665640564039457584007913112660610,0,16172,algebra_v2
0x72ab388e2e2f6facef59e3c3fa2c4e29011c2d38,47223044,0xb93e91e8e0413b7079bc2c2e1b81078896c92e66532a40969e58373aa60915a5,-174612502326504829,-0.174613,291775974,291.7760,3238525202745513966188533,668666033993634471,115792089237316195423570985008687907853269984665640564039457584007913112660610,0,9628,algebra_v2
0x72ab388e2e2f6facef59e3c3fa2c4e29011c2d38,47223045,0xa09ca490326ca6257c2fe39dcc56e6f1f0cf09879dd3ee778a7441518d06239e,-248677771322807049,-0.248678,415549147,415.5491,3238574434950159192761521,668666033993634471,115792089237316195423570985008687907853269984665640564039457584007913112660610,0,13713,algebra_v2
0x72ab388e2e2f6facef59e3c3fa2c4e29011c2d38,47223045,0xd200a09528de07ee303e7520c80fd747e69e53e502762e4de5319256cd211e4f,-118486811817841715,-0.118487,198000000,198.0000,3238597893009433601605452,668666033993634471,115792089237316195423570985008687907853269984665640564039457584007913112660610,0,6534,algebra_v2
0x72ab388e2e2f6facef59e3c3fa2c4e29011c2d38,47223046,0xb69d6766c086227d9fcfbf42cf3a8cb6db0153c923e1051c31cb0d225ba44d6b,-481986816559197839,-0.481987,805464267,805.4643,3238693320426126805751757,668666033993634471,115792089237316195423570985008687907853269984665640564039457584007913112660611,0,26580,algebra_v2
0x72ab388e2e2f6facef59e3c3fa2c4e29011c2d38,47223046,0x75e845c9b03032f899279d17d7635fe6d2bc464ad42acfd502cfa533be804093,-227817459084695340,-0.227817,380729885,380.7299,3238738427417084376801918,668666033993634471,115792089237316195423570985008687907853269984665640564039457584007913112660611,0,12564,algebra_v2
0x72ab388e2e2f6facef59e3c3fa2c4e29011c2d38,47223048,0x0e51590acea98de00ec67a40b4776f94fda86fe7934d76c956e97a76b1fb3ad5,159809105420151584,0.159809,-267021620,-267.0216,3238706788854238514495384,668666033993634471,115792089237316195423570985008687907853269984665640564039457584007913112660611,5273700478865,0,algebra_v2
0x72ab388e2e2f6facef59e3c3fa2c4e29011c2d38,47223049,0x19f4a667c2d3c65503f5b42b993b85fec35d257ac125532d5f8618cdfbc05138,149589726487808925,0.149590,-249941551,-249.9416,3238677174055757984176498,668666033993634471,115792089237316195423570985008687907853269984665640564039457584007913112660611,4936460974097,0,algebra_v2
0x72ab388e2e2f6facef59e3c3fa2c4e29011c2d38,47223049,0xcfb7858e35c6e8e43a6399efcc21e0a3ceb38e48cb85f344ed30d9220a456963,475663227196493954,0.475663,-794730119,-794.7301,3238583008951166297964661,668666033993634471,115792089237316195423570985008687907853269984665640564039457584007913112660610,15696886497484,0,algebra_v2
0x72ab388e2e2f6facef59e3c3fa2c4e29011c2d38,47223049,0xd74423f7b36a885b7642627574304844a9ef5a74d3e9b36f29a469df5868b83d,64725079243294874,0.064725,-108138001,-108.1380,3238570196015065799327744,668666033993634471,115792089237316195423570985008687907853269984665640564039457584007913112660610,2135927615028,0,algebra_v2
0x72ab388e2e2f6facef59e3c3fa2c4e29011c2d38,47223052,0x008f184df018a721b4ce4681af33608ee08b3fc1d7ad63ce0f01f415ecec0ddf,-386286069929597940,-0.386286,645520736,645.5207,3238646674114306985951232,668666033993634471,115792089237316195423570985008687907853269984665640564039457584007913112660611,0,21302,algebra_v2
0x72ab388e2e2f6facef59e3c3fa2c4e29011c2d38,47223052,0x387cc611eb94ec51721d17c84725c24ebfaacc0a822cf3d3383dfa6bdc352662,-286803193841824526,-0.286803,479295116,479.2951,3238703458625550939062272,668666033993634471,115792089237316195423570985008687907853269984665640564039457584007913112660611,0,15816,algebra_v2
0x72ab388e2e2f6facef59e3c3fa2c4e29011c2d38,47223054,0x3d1403391c97886958df54fdd681b6484ee56ea67a1dab92ff41595448166d92,-118477371469711389,-0.118477,198000000,198.0000,3238726916684825347906203,668666033993634471,115792089237316195423570985008687907853269984665640564039457584007913112660611,0,6534,algebra_v2
0x72ab388e2e2f6facef59e3c3fa2c4e29011c2d38,47223054,0xbb8103ad5bd046190295b18bd91f8c297ee90a718668c6ef3507e4cb236f133a,-169369759394822112,-0.169370,283056605,283.0566,3238760451829320994992772,668666033993634471,115792089237316195423570985008687907853269984665640564039457584007913112660611,0,9340,algebra_v2
0x72ab388e2e2f6facef59e3c3fa2c4e29011c2d38,47223055,0x21cfc248da443535ac621dedfe110e9de5e6d46c22f046e2fb19ca9bde8f30bb,60157874627028291,0.060158,-100518487,-100.5185,3238748541705849407972305,668666033993634471,115792089237316195423570985008687907853269984665640564039457584007913112660611,1985209862691,0,algebra_v2
0x72ab388e2e2f6facef59e3c3fa2c4e29011c2d38,47223057,0x7320285e2f32697f560cab91ffac16fc4251485274c795abc913e5235d9fed6e,487659181434966100,0.487659,-814808068,-814.8081,3238651997627328826966016,668666033993634471,115792089237316195423570985008687907853269984665640564039457584007913112660611,16092752987354,0,algebra_v2
0x72ab388e2e2f6facef59e3c3fa2c4e29011c2d38,47223058,0xee525ea18f1f61c59ccb82734dad93ec77d85ada048e674df46b29089a1390e2,5381740728715,0.000005,-8991,-0.0090,3238651996561913202599490,668666033993634471,115792089237316195423570985008687907853269984665640564039457584007913112660611,177597444,0,algebra_v2
0x72ab388e2e2f6facef59e3c3fa2c4e29011c2d38,47223058,0xd6e7f7fd340940bfa99a3879a80e6f97e54a3b433666a88776d554068d20a14d,770937160000000000,0.770937,-1288025565,-1288.0256,3238499382411275369147744,668666033993634471,115792089237316195423570985008687907853269984665640564039457584007913112660610,25440926280000,0,algebra_v2
0x72ab388e2e2f6facef59e3c3fa2c4e29011c2d38,47223062,0x322af1d9097243b5748e67a209c99ff61282dfeb3c25bdb84e5ae7c1840ddb89,-176903667819673956,-0.176904,295606130,295.6061,3238534404361327588488832,668666033993634471,115792089237316195423570985008687907853269984665640564039457584007913112660610,0,9755,algebra_v2
0x72ab388e2e2f6facef59e3c3fa2c4e29011c2d38,47223062,0x1d3544a71874f324c2bcce912269632016656d827f27bd4ad31b30637b288ed1,-259166805471274019,-0.259167,433079425,433.0794,3238585713466378484187136,668666033993634471,115792089237316195423570985008687907853269984665640564039457584007913112660610,0,14291,algebra_v2
0x72ab388e2e2f6facef59e3c3fa2c4e29011c2d38,47223063,0xfbfae0bc40dce5530f9e574dae275de44e135db9e97828361d77c6764eb25b19,6268982253783,0.000006,-10473,-0.0105,3238585712225367706164827,668666033993634471,115792089237316195423570985008687907853269984665640564039457584007913112660610,206876414,0,algebra_v2
0x72ab388e2e2f6facef59e3c3fa2c4e29011c2d38,47223071,0x3863e3dc03add553f36eb4b4af05193f49047a61e6151b380258f6da86261383,651654937727323136,0.651655,-1088700903,-1088.7009,3238456715435092403122795,668666033993634471,115792089237316195423570985008687907853269984665640564039457584007913112660610,21504612945001,0,algebra_v2
0x72ab388e2e2f6facef59e3c3fa2c4e29011c2d38,47223074,0x1ed2733900f2a27a62288e4fe8866feeb57b49d3adc86ad133a24433cf8f5838,488391975262827840,0.488392,-815885377,-815.8854,3238360043709654113809167,668666033993634471,115792089237316195423570985008687907853269984665640564039457584007913112660609,16116935183673,0,algebra_v2
0x72ab388e2e2f6facef59e3c3fa2c4e29011c2d38,47223075,0x194dcd5fe29208085eea733dd127d066d7ff1a6757eb9d55086c5e776c4cd0e1,531231480863377984,0.531231,-887395798,-887.3958,3238254898936437107141605,668666033993634471,115792089237316195423570985008687907853269984665640564039457584007913112660608,17530638868491,0,algebra_v2
0x72ab388e2e2f6facef59e3c3fa2c4e29011c2d38,47223082,0x614cd78c2b40213e1e2fb516866daf7b872e46f3bfab9287eb75656a1231d8d5,537043647142187200,0.537044,-897046160,-897.0462,3238148610721675322290389,668666033993634471,115792089237316195423570985008687907853269984665640564039457584007913112660608,17722440355692,0,algebra_v2
0x72ab388e2e2f6facef59e3c3fa2c4e29011c2d38,47223082,0xf475c14bd50348ba7e28af5066fe2529740e008fc697b2a385cc5a9d44e7e034,95825715163372035,0.095826,-160055454,-160.0555,3238129646247753555587492,668666033993634471,115792089237316195423570985008687907853269984665640564039457584007913112660608,3162248600391,0,algebra_v2
0x72ab388e2e2f6facef59e3c3fa2c4e29011c2d38,47223088,0x849302c5069748fa428f3a3c1309472eb08db55a53534d44894005326b80f19f,-228621009109199840,-0.228621,381939818,381.9398,3238174896585489531273216,668666033993634471,115792089237316195423570985008687907853269984665640564039457584007913112660608,0,12604,algebra_v2
0x72ab388e2e2f6facef59e3c3fa2c4e29011c2d38,47223091,0x6cb723e53555a786605b7ee4c919d79bff8f3a1693c2dee8762905c98deb8d04,2656913832311,0.000003,-4437,-0.0044,3238174896059659005147969,668666033993634471,115792089237316195423570985008687907853269984665640564039457584007913112660608,87678156,0,algebra_v2
0x72ab388e2e2f6facef59e3c3fa2c4e29011c2d38,47223095,0x05566adcf1d8a8155a7b98c25175024a7ca2f652337983ab8a77e092018dfd04,440174475284316661,0.440174,-735209611,-735.2096,3238087783355313256025144,668666035064831142,115792089237316195423570985008687907853269984665640564039457584007913112660607,14525757684382,0,algebra_v2
0x72ab388e2e2f6facef59e3c3fa2c4e29011c2d38,47223098,0x64a128a4c9811b24bf1233353e855585d20978b5d8decc4b7ecd93b0c184d708,-29512159915580820,-0.029512,49301858,49.3019,3238093624395143297854958,668666035064831142,115792089237316195423570985008687907853269984665640564039457584007913112660607,0,1627,algebra_v2
0x72ab388e2e2f6facef59e3c3fa2c4e29011c2d38,47223102,0xeccc18ea8e6c7a23c239f888fe549e4d398122836ef44e7aa5cd288dcf9f506d,482592631277083776,0.482593,-806016776,-806.0168,3237998121969705503687104,668666035064831142,115792089237316195423570985008687907853269984665640564039457584007913112660607,15925556832143,0,algebra_v2
0x72ab388e2e2f6facef59e3c3fa2c4e29011c2d38,47223103,0x7c33865ff151b1d363a917a06d94ac05569fad1d6f58ba20e5e179b16cedf218,-20982177729477519,-0.020982,35050045,35.0500,3238002274525304032462746,668666035064831142,115792089237316195423570985008687907853269984665640564039457584007913112660607,0,1156,algebra_v2
0x72ab388e2e2f6facef59e3c3fa2c4e29011c2d38,47223110,0x9affe2f74d583389da9e275cc6f359c4786d654b2540ebfbb23b463618b872d6,563059584705948160,0.563060,-940353421,-940.3534,3237890833935761578422190,668451125795955587,115792089237316195423570985008687907853269984665640564039457584007913112660606,18580966295296,0,algebra_v2
0x72ab388e2e2f6facef59e3c3fa2c4e29011c2d38,47223110,0x9b0aae5d0b2e9c3846b308a1a1a762d9e4559094bb5c5dc7249941317dce81b6,174477685082846452,0.174478,-291378205,-291.3782,3237856298337114624360448,668451125795955587,115792089237316195423570985008687907853269984665640564039457584007913112660606,5757763607734,0,algebra_v2
0x72ab388e2e2f6facef59e3c3fa2c4e29011c2d38,47223112,0x1416ea6276fcf384d3409a11b77ee1ee02198be92656a3f1b5cca6704ab8af2f,646339466762266496,0.646339,-1079334495,-1079.3345,3237728370227606592678530,668451125795955587,115792089237316195423570985008687907853269984665640564039457584007913112660605,21329202403154,0,algebra_v2
0x72ab388e2e2f6facef59e3c3fa2c4e29011c2d38,47223112,0xc4e0b88f2b0862d01945fb0882e6af7d378c72368237f7e30dd26fed156d6502,251635348651673920,0.251635,-420187560,-420.1876,3237678567501534420809758,668451125795955587,115792089237316195423570985008687907853269984665640564039457584007913112660605,8303966505505,0,algebra_v2
0x72ab388e2e2f6facef59e3c3fa2c4e29011c2d38,47223112,0xa64d5dfc2161240b9b5725cbb5d27ae8e44db62c1963e56574b5254a36dec206,-18246425025613235,-0.018246,30474038,30.4740,3237682179075297298194658,668451125795955587,115792089237316195423570985008687907853269984665640564039457584007913112660605,0,1005,algebra_v2
0x72ab388e2e2f6facef59e3c3fa2c4e29011c2d38,47223118,0x997bf548602502431642c5382ecfda3e51965fa497f6cfce79456c4a4eea4a2f,-5792563561725636,-0.005793,9674392,9.6744,3237683325617773128103832,668451125795955587,115792089237316195423570985008687907853269984665640564039457584007913112660605,0,319,algebra_v2
0x72ab388e2e2f6facef59e3c3fa2c4e29011c2d38,47223123,0x6fdbf48af2e1516524d802eebbe8db0c1624f639a1e7e7186a4ee1f0be51ac18,-17908653601739467,-0.017909,29910000,29.9100,3237686870345694030503659,668451125795955587,115792089237316195423570985008687907853269984665640564039457584007913112660605,0,987,algebra_v2
0x72ab388e2e2f6facef59e3c3fa2c4e29011c2d38,47223127,0x84d3f20a0256aac963365c084c27a867c7d77b77eb6d31e2442f16a6a32d42d8,433131682675200896,0.433132,-723228517,-723.2285,3237601140791969074863987,668261441165418197,115792089237316195423570985008687907853269984665640564039457584007913112660604,14293345528281,0,algebra_v2
0x72ab388e2e2f6facef59e3c3fa2c4e29011c2d38,47223127,0xbf0af78816ce5edb5f07243418d1973f299668db8a434d1892a0da00ea8c9920,357877986481471841,0.357878,-597543562,-597.5436,3237530296844467616874496,668261441165418197,115792089237316195423570985008687907853269984665640564039457584007913112660604,11809973553888,0,algebra_v2
0x72ab388e2e2f6facef59e3c3fa2c4e29011c2d38,47223128,0xe27bfab01f5856020798a3b0b2655ff46fb62b034c4f6efd08a558c144da1d66,-33411028677853649,-0.033411,55795951,55.7960,3237536911274551463284972,668261441165418197,115792089237316195423570985008687907853269984665640564039457584007913112660604,0,1841,algebra_v2
0x72ab388e2e2f6facef59e3c3fa2c4e29011c2d38,47223129,0x5262b02108d0a3faa08572140f5d07e3b14507043b6718b39baf38db2c38f57f,357240740987324608,0.357241,-596455919,-596.4559,3237466192997371631766196,667768672874251357,115792089237316195423570985008687907853269984665640564039457584007913112660603,11788944452581,0,algebra_v2
0x72ab388e2e2f6facef59e3c3fa2c4e29011c2d38,47223129,0x253a3a2660579e7f5047a0c19388039829dcf440f9c4e70026ed6eada20ce3c3,134304303109859745,0.134304,-224230272,-224.2303,3237439588945468841787392,667768672874251357,115792089237316195423570985008687907853269984665640564039457584007913112660603,4432042002625,0,algebra_v2
0x72ab388e2e2f6facef59e3c3fa2c4e29011c2d38,47223129,0x9d561232c30757d4dcbc58ac9afafd718e526128a6c0c61217ace81579e9cdda,42765830089956523,0.042766,-71399721,-71.3997,3237431117645514290068962,667768672874251357,115792089237316195423570985008687907853269984665640564039457584007913112660603,1411272392968,0,algebra_v2
0x72ab388e2e2f6facef59e3c3fa2c4e29011c2d38,47223129,0x6972f8f8bfab8f355540583d4d4ee186bef739f3bc7e4f1f465bc2ddbc0f5776,79885598968302147,0.079886,-133372056,-133.3721,3237415293568419872374784,667768672874251357,115792089237316195423570985008687907853269984665640564039457584007913112660603,2636224765954,0,algebra_v2
0x72ab388e2e2f6facef59e3c3fa2c4e29011c2d38,47223129,0x0ddc0fc4b35fe3a6402b77bb0d122dc45996b0456cb02c9224d3c5b27363b2fa,377314734399250349,0.377315,-629923728,-629.9237,3237340555561779435929600,667768672874251357,115792089237316195423570985008687907853269984665640564039457584007913112660603,12451386235175,0,algebra_v2
0x72ab388e2e2f6facef59e3c3fa2c4e29011c2d38,47223132,0xbe19468139d116c4c4de7fffb4ba1e4b16e060508066746d132ceadc236c14f2,-420674723264467816,-0.420675,702455209,702.4552,3237423890812827696527572,667768672874251357,115792089237316195423570985008687907853269984665640564039457584007913112660603,0,23181,algebra_v2
0x72ab388e2e2f6facef59e3c3fa2c4e29011c2d38,47223132,0x4eb46d5b4b1b5a45046d2bd96b31a49304efc3d125b7276110c5f3c5149f93e2,-25907735768073725,-0.025908,43262694,43.2627,3237429023250184302231552,667768672874251357,115792089237316195423570985008687907853269984665640564039457584007913112660603,0,1427,algebra_v2
0x72ab388e2e2f6facef59e3c3fa2c4e29011c2d38,47223132,0x308e8317ba5929a256f3bed4f72fcf725edbfb5cc71a09622080c4d1f8233c56,-232022180274954220,-0.232022,387454266,387.4543,3237474985391880667136000,668261441165418197,115792089237316195423570985008687907853269984665640564039457584007913112660604,0,12785,algebra_v2
0x72ab388e2e2f6facef59e3c3fa2c4e29011c2d38,47223133,0x0990836818153828546b4dda103fd2b719391ac5ea8090c1e6702032d2f34cfc,-281944939408509109,-0.281945,470835174,470.8352,3237530801383866539966464,668261441165418197,115792089237316195423570985008687907853269984665640564039457584007913112660604,0,15537,algebra_v2
0x72ab388e2e2f6facef59e3c3fa2c4e29011c2d38,47223134,0x7605197e3b512991818874d6ccaac5f919dbba9d0989c160f4f3719145d2ad0d,46786473548889075,0.046786,-78116771,-78.1168,3237521539966218152615247,668261441165418197,115792089237316195423570985008687907853269984665640564039457584007913112660604,1543953627113,0,algebra_v2
0x72ab388e2e2f6facef59e3c3fa2c4e29011c2d38,47223138,0x48a2cc6fd1b5ec7a27d1c552398eddaceaa689b53021c18820380f4ea5cf7c4e,665454876674926976,0.665455,-1111024589,-1111.0246,3237389758769552352356546,667768672874251357,115792089237316195423570985008687907853269984665640564039457584007913112660603,21960010930272,0,algebra_v2
0x72ab388e2e2f6facef59e3c3fa2c4e29011c2d38,47223138,0xf29f0e6774052f9a41b7425599babf5075dcc04c5fd2beaf8741889591df1279,97707003393218512,0.097707,-163121225,-163.1212,3237370405068951510843392,667768672874251357,115792089237316195423570985008687907853269984665640564039457584007913112660603,3224331111976,0,algebra_v2
0x72ab388e2e2f6facef59e3c3fa2c4e29011c2d38,47223138,0xa5021a0296e41ee7e371c21868b4287703a7eab1e884ac5f4fbb0f4aa6760d52,34739657263676393,0.034740,-57997168,-57.9972,3237363523929894352322560,667768672874251357,115792089237316195423570985008687907853269984665640564039457584007913112660603,1146408689701,0,algebra_v2
0x72ab388e2e2f6facef59e3c3fa2c4e29011c2d38,47223141,0x0b689acb61d0b8dc0987aa4dfae48cc2fb0be7684d928434431e8943616fd551,-655816550855900673,-0.655817,1095133348,1095.1333,3237493427443988506941667,668261441165418197,115792089237316195423570985008687907853269984665640564039457584007913112660604,0,36139,algebra_v2
0x72ab388e2e2f6facef59e3c3fa2c4e29011c2d38,47223143,0x210379ae7676d7f1082d668fa58d2f4ab62c4b55c5c184c81acf7d4ccdb646b4,-176650030400839189,-0.176650,294998945,294.9989,3237528398617971620966191,668261441165418197,115792089237316195423570985008687907853269984665640564039457584007913112660604,0,9735,algebra_v2
0x72ab388e2e2f6facef59e3c3fa2c4e29011c2d38,47223143,0x1f489096a4f07fb72a8bda439c6a4a6acf36973392f99ad5c93165dcd8a1901f,-46250904850272163,-0.046251,77238335,77.2383,3237537554973522730680320,668261441165418197,115792089237316195423570985008687907853269984665640564039457584007913112660604,0,2548,algebra_v2
0x72ab388e2e2f6facef59e3c3fa2c4e29011c2d38,47223144,0x0fe40b9d760826564d468c4250d5382aefb8a2421c28ac89f65eb4f3c011d6ca,462301602649098624,0.462302,-771862875,-771.8629,3237446025816502414959739,667768672874251357,115792089237316195423570985008687907853269984665640564039457584007913112660603,15255952887420,0,algebra_v2
0x72ab388e2e2f6facef59e3c3fa2c4e29011c2d38,47223144,0x2db63d7dcee8e4628e8ca8ac71487ba00bf79909636c2939619b7e9f4a86fa1f,616209894795544064,0.616210,-1028761653,-1028.7617,3237323967237260572408590,667768672874251357,115792089237316195423570985008687907853269984665640564039457584007913112660603,20334926528253,0,algebra_v2
0x72ab388e2e2f6facef59e3c3fa2c4e29011c2d38,47223144,0x25553c123e2e4d71f6ac74a1b231096473c87bd564c682d07c9215e7f7d8734d,187261349076263487,0.187261,-312617220,-312.6172,3237286876416763239714624,667768672874251357,115792089237316195423570985008687907853269984665640564039457584007913112660602,6179624519516,0,algebra_v2
0x72ab388e2e2f6facef59e3c3fa2c4e29011c2d38,47223144,0x8ba80206026aa49f944a76ef3f7ac5e9304acefa2aa59d50c84d432f0a0fb073,59294528187758850,0.059295,-98985781,-98.9858,3237275132137785706676224,667768672874251357,115792089237316195423570985008687907853269984665640564039457584007913112660602,1956719430196,0,algebra_v2
0x72ab388e2e2f6facef59e3c3fa2c4e29011c2d38,47223145,0x683d99640bc8a4172bf95401dcafd8c18870362206decd4c8ae6882c53be27ff,-6449186462700380,-0.006449,10768336,10.7683,3237276409631295866920582,667768672874251357,115792089237316195423570985008687907853269984665640564039457584007913112660602,0,355,algebra_v2
0x72ab388e2e2f6facef59e3c3fa2c4e29011c2d38,47223149,0x3e56c9445a29b3a4800f43ad1fe44d4a077263f3cdcaa4c76a047eccb5dd315c,-1482283406684681,-0.001482,2475000,2.4750,3237276703251020186367624,667768672874251357,115792089237316195423570985008687907853269984665640564039457584007913112660602,0,81,algebra_v2
0x72ab388e2e2f6facef59e3c3fa2c4e29011c2d38,47223150,0x00d6063b967726f121d519ecf93ce8dc6ad5dbeccf80bf8eb31b25cdeae373b1,6909283359636,0.000007,-11534,-0.0115,3237276701882524000623162,667768672874251357,115792089237316195423570985008687907853269984665640564039457584007913112660602,228006350,0,algebra_v2
0x72ab388e2e2f6facef59e3c3fa2c4e29011c2d38,47223154,0xc12982677abcf9972f2d03750b564ede689c16671b8d91ed3fb8dd49cd02906a,-2782110761294956,-0.002782,4645350,4.6453,3237277252980110019559515,667768672874251357,115792089237316195423570985008687907853269984665640564039457584007913112660602,0,153,algebra_v2
0x72ab388e2e2f6facef59e3c3fa2c4e29011c2d38,47223155,0xef975281d9c42c8be5907f7b535250daad81945600f14b47669e499181ee2ed3,-179458324247487516,-0.179458,299648724,299.6487,3237312801583533116032428,667768672874251357,115792089237316195423570985008687907853269984665640564039457584007913112660603,0,9888,algebra_v2
0x72ab388e2e2f6facef59e3c3fa2c4e29011c2d38,47223156,0x67a1aaedd3802bd8c0c06f943e5d345b883f1171031fea6c2b1273f96d14f816,21438016005,0.000000,-35,-0.0000,3237312801579286872839911,667768672874251357,115792089237316195423570985008687907853269984665640564039457584007913112660603,707454,0,algebra_v2
0x72ab388e2e2f6facef59e3c3fa2c4e29011c2d38,47223158,0x0dfad42005ae14b91c71fcfecdecf160892610568787c97e18e706123a19de1b,211482332078268924,0.211482,-353049175,-353.0492,3237270913664222857527296,667768672874251357,115792089237316195423570985008687907853269984665640564039457584007913112660602,6978916958582,0,algebra_v2
0x72ab388e2e2f6facef59e3c3fa2c4e29011c2d38,47223159,0xc705a84436964e0b19187cb294b5b2e013df53b2ec35861212a8e72c6a9ad589,160008372330247872,0.160008,-267112337,-267.1123,3237239221821661224370520,667768672874251357,115792089237316195423570985008687907853269984665640564039457584007913112660602,5280276286898,0,algebra_v2
0x72ab388e2e2f6facef59e3c3fa2c4e29011c2d38,47223160,0x47ba5e746f7b2dfc6d41a58486268565cf30c2894d649eac50c489f28ef60902,156490539855433344,0.156491,-261234732,-261.2347,3237208227334033519417363,667768672874251357,115792089237316195423570985008687907853269984665640564039457584007913112660602,5164187815229,0,algebra_v2
0x72ab388e2e2f6facef59e3c3fa2c4e29011c2d38,47223162,0x3c3497dc42c1b078f491da15c54b84907d251801353f662d276ce3ab51ae47a5,-1509545873229684,-0.001510,2520415,2.5204,3237208526341478176638085,667768672874251357,115792089237316195423570985008687907853269984665640564039457584007913112660602,0,83,algebra_v2
0x72ab388e2e2f6facef59e3c3fa2c4e29011c2d38,47223162,0xf0683c46574abda63143c1f4ea9b9e1acfb06bef0a687ad93e2e9733e5e7aaa8,6268981936184,0.000006,-10464,-0.0105,3237208525099856422868810,667768672874251357,115792089237316195423570985008687907853269984665640564039457584007913112660602,206876404,0,algebra_v2
0x72ab388e2e2f6facef59e3c3fa2c4e29011c2d38,47223164,0x64e8d9b049be95acf3d751aaca2103a47cbfa923e9995cac0d3dcabd44f955af,42876031911,0.000000,-71,-0.0001,3237208525091364483594401,667768672874251357,115792089237316195423570985008687907853269984665640564039457584007913112660602,1414909,0,algebra_v2
0x72ab388e2e2f6facef59e3c3fa2c4e29011c2d38,47223167,0x8e1dc184d2dc5dd3f5ebdd08d144890e0b62a26a2a52adaacd9a1477790f9b19,4983631641502,0.000005,-8319,-0.0083,3237208524104316583702829,667768672874251357,115792089237316195423570985008687907853269984665640564039457584007913112660602,164459844,0,algebra_v2
0x72ab388e2e2f6facef59e3c3fa2c4e29011c2d38,47223170,0xb78aa67dff41c1f45ef146df9940a004cc7c2e4ee67daa79ff83a15e363efb26,-332119335556388557,-0.332119,554534539,554.5345,3237274310896721882999085,667768672874251357,115792089237316195423570985008687907853269984665640564039457584007913112660602,0,18299,algebra_v2
0x72ab388e2e2f6facef59e3c3fa2c4e29011c2d38,47223170,0x37f376514f48e8b560ec1d7271858c6f0f516cda00007ca3dfcd1b1d65d54220,-11720535889764660,-0.011721,19570011,19.5700,3237276632570293290795008,667768672874251357,115792089237316195423570985008687907853269984665640564039457584007913112660602,0,646,algebra_v2
0x72ab388e2e2f6facef59e3c3fa2c4e29011c2d38,47223172,0xc015ec8d3e39edad6b11eadc8ca7f635e5182598417529d99780eba55a84b1e5,-613156069682782559,-0.613156,1023837931,1023.8379,3237398094821495091347597,667768672874251357,115792089237316195423570985008687907853269984665640564039457584007913112660603,0,33786,algebra_v2
0x72ab388e2e2f6facef59e3c3fa2c4e29011c2d38,47223172,0x50f7cc51e2919421d3467ae1376eb98e78755a5b9054cd04704a0a1e893563f8,-671079766533048915,-0.671080,1120646025,1120.6460,3237530997288956218834944,668261441165418197,115792089237316195423570985008687907853269984665640564039457584007913112660604,0,36980,algebra_v2
0x72ab388e2e2f6facef59e3c3fa2c4e29011c2d38,47223175,0x20fd1369a98a66975b87380120f04a318cba3e2d4a0f7d589008e4d18efdf3ee,-1252831707814869853,-1.252832,2092368340,2092.3683,3237778998545668837990093,668452969946646408,115792089237316195423570985008687907853269984665640564039457584007913112660605,0,69048,algebra_v2
0x72ab388e2e2f6facef59e3c3fa2c4e29011c2d38,47223175,0x79b0ee85edc6b44938f3564be29dc4ad5057413a9cd29b87c30f080d733bc2cb,-11500149466613205,-0.011500,19208014,19.2080,3237781274941348825268224,668452969946646408,115792089237316195423570985008687907853269984665640564039457584007913112660605,0,633,algebra_v2
0x72ab388e2e2f6facef59e3c3fa2c4e29011c2d38,47223175,0x5c2fa583fecb661f8b2658dbf1cd03cdc1db32bc04b57672810640d63e172ee9,-193831891696827242,-0.193832,323749912,323.7499,3237819643453096481167866,668452969946646408,115792089237316195423570985008687907853269984665640564039457584007913112660606,0,10683,algebra_v2
0x72ab388e2e2f6facef59e3c3fa2c4e29011c2d38,47223175,0x643b59204bae1c77cad139d342a3eaf5eb9e79bac7445044c7e2ae483ef53a9c,86036747572,0.000000,-143,-0.0001,3237819643436067235176437,668452969946646408,115792089237316195423570985008687907853269984665640564039457584007913112660606,2839212,0,algebra_v2
0x72ab388e2e2f6facef59e3c3fa2c4e29011c2d38,47223177,0x083c92d54786465672f37bd8ab21031cdb831a11539f619b78b90a3b00a493be,-298190080739125121,-0.298190,498070342,498.0703,3237878671151669040414403,668452969946646408,115792089237316195423570985008687907853269984665640564039457584007913112660606,0,16436,algebra_v2
0x72ab388e2e2f6facef59e3c3fa2c4e29011c2d38,47223177,0x0c22f8c0b3016a9b64440819e4b138841d624a0db411d47c5c2b75bcb39e324f,-315986314883073144,-0.315986,527815417,527.8154,3237941224039633062461440,668452969946646408,115792089237316195423570985008687907853269984665640564039457584007913112660606,0,17418,algebra_v2
0x72ab388e2e2f6facef59e3c3fa2c4e29011c2d38,47223181,0xc0f8da831470a3548212f3d5ca2109933c0c89937f0c014032606b9b2edcf195,-419935922179968483,-0.419936,701481727,701.4817,3238024336727048546418688,668667879215521963,115792089237316195423570985008687907853269984665640564039457584007913112660607,0,23148,algebra_v2
0x72ab388e2e2f6facef59e3c3fa2c4e29011c2d38,47223181,0xc1a6dba6d990f57cf3b3a48d5379b7530b55b8b08ad87771b2fa9261180cde80,-28656283243500182,-0.028656,47870186,47.8702,3238030008133771593777152,668667879215521963,115792089237316195423570985008687907853269984665640564039457584007913112660607,0,1580,algebra_v2
0x72ab388e2e2f6facef59e3c3fa2c4e29011c2d38,47223182,0xfce8ee19c4985f5207d2634c8cee31612505914dabbe34236b3f6bdacb2c2ca1,1571755511420198297,1.571756,-2624837415,-2624.8374,3237718923871679663927239,668452969946646408,115792089237316195423570985008687907853269984665640564039457584007913112660605,51867931876866,0,algebra_v2
0x72ab388e2e2f6facef59e3c3fa2c4e29011c2d38,47223182,0x996709fac24b25716c07db141e084891f00acec6daee7d35c7f1092ff7dcb047,-1066025634904897628,-1.066026,1780567755,1780.5678,3237929943959365301234471,668452969946646408,115792089237316195423570985008687907853269984665640564039457584007913112660606,0,58758,algebra_v2
0x72ab388e2e2f6facef59e3c3fa2c4e29011c2d38,47223182,0x49d885223b6ab8c9a5bf62944ac72e80f93459cdd16fde6ddb4fbc8a396c5dc9,-178336113123231161,-0.178336,297894987,297.8950,3237965245446299535232354,668667879215521963,115792089237316195423570985008687907853269984665640564039457584007913112660607,0,9830,algebra_v2
0x72ab388e2e2f6facef59e3c3fa2c4e29011c2d38,47223182,0x5902c4acd7c3d7f7f7eccb6cdd2bdebab3af5abd1730c01f45cc41c0b33ed5b3,-50653345933786717,-0.050653,84613200,84.6132,3237975269971303168411128,668667879215521963,115792089237316195423570985008687907853269984665640564039457584007913112660607,0,2792,algebra_v2
0x72ab388e2e2f6facef59e3c3fa2c4e29011c2d38,47223183,0x803a365e1a4f06c68907d85ce991df2e51b2bb22494e940c70691db5896efbae,6938750000000000,0.006939,-11588454,-11.5885,3237973896895119343654787,668667879215521963,115792089237316195423570985008687907853269984665640564039457584007913112660607,228978750000,0,algebra_v2
0x72ab388e2e2f6facef59e3c3fa2c4e29011c2d38,47223183,0xf2e8c08aa05942374eafd0c72d25552062e21486ce127187512a9b1d4b19ea87,2973750000000000,0.002974,-4966477,-4.9665,3237973308434254189125755,668667879215521963,115792089237316195423570985008687907853269984665640564039457584007913112660607,98133750000,0,algebra_v2
0x72ab388e2e2f6facef59e3c3fa2c4e29011c2d38,47223184,0xb639055745c1c234d11c6ab92d0b83a82fb4a98cf5bbebf4fcdf47e7bc1b7def,-159259186732762204,-0.159259,266035452,266.0355,3238004826909860198183470,668667879215521963,115792089237316195423570985008687907853269984665640564039457584007913112660607,0,8779,algebra_v2
0x72ab388e2e2f6facef59e3c3fa2c4e29011c2d38,47223185,0x49d4d2bcedd6282bf2f26ddc00bcdeaffb3cd4e1478765b2d0d41a7a27b28f4b,-236958534957463797,-0.236959,395838374,395.8384,3238051723750327335208073,668667879215521963,115792089237316195423570985008687907853269984665640564039457584007913112660607,0,13062,algebra_v2
0x72ab388e2e2f6facef59e3c3fa2c4e29011c2d38,47223185,0xe305df22edf6e649eba0a41c0301a3ad3bd3c4c2307347650140a224f17d0981,-41070673451169301,-0.041071,68609578,68.6096,3238059852250751122276352,668667879215521963,115792089237316195423570985008687907853269984665640564039457584007913112660607,0,2264,algebra_v2
0x72ab388e2e2f6facef59e3c3fa2c4e29011c2d38,47223185,0x0d39f2bc3dc952b26986af295ebd0acf9038c56b4a9b02eb51d006c5bfb5f4ad,462182039842301364,0.462182,-771912267,-771.9123,3237968391014986308125035,668667879215521963,115792089237316195423570985008687907853269984665640564039457584007913112660607,15252007314796,0,algebra_v2
0x72ab388e2e2f6facef59e3c3fa2c4e29011c2d38,47223185,0xf8bc9262c5ec556340e9b2d159772e8aeca4f8f5cbf33b301a9ec433d482dcca,357658448571119081,0.357658,-597312500,-597.3125,3237897598648604315090944,668452969946646408,115792089237316195423570985008687907853269984665640564039457584007913112660606,11802728802846,0,algebra_v2
0x72ab388e2e2f6facef59e3c3fa2c4e29011c2d38,47223186,0x1ab1afaeaea9e6ee4b2a2fa8641a246c7acdec566d488ac6718c63e5bb504053,268238185736935424,0.268238,-447957798,-447.9578,3237844504601797507153499,668452969946646408,115792089237316195423570985008687907853269984665640564039457584007913112660606,8851860129319,0,algebra_v2
0x72ab388e2e2f6facef59e3c3fa2c4e29011c2d38,47223186,0x632b068ebdafc0ee68a2f6e0e39e5a4dbdafabf4fd3f94284981a38ac9512c94,170797102152462064,0.170797,-285223523,-285.2235,3237810698579988545798144,668452969946646408,115792089237316195423570985008687907853269984665640564039457584007913112660606,5636304371031,0,algebra_v2
0x72ab388e2e2f6facef59e3c3fa2c4e29011c2d38,47223186,0xa3c1416cadadcb648adc43179954359c87148e446cbceb34bbcc8d238a8b4a05,156006502786444896,0.156007,-260518679,-260.5187,3237779820691495338374483,668452969946646408,115792089237316195423570985008687907853269984665640564039457584007913112660605,5148214591952,0,algebra_v2
0x72ab388e2e2f6facef59e3c3fa2c4e29011c2d38,47223186,0xd2781b8459a3cad2744a3b93bd381ef3465587c2d61d52dc08441a968f73937d,291119662134972096,0.291120,-486133818,-486.1338,3237722201844775371554145,668452969946646408,115792089237316195423570985008687907853269984665640564039457584007913112660605,9606948850454,0,algebra_v2
0x72ab388e2e2f6facef59e3c3fa2c4e29011c2d38,47223190,0x76b8803516a4e95ede41a46a0db50317f6e36e84e3d9380f0ebafe2ac71c9d66,-29906890988837538,-0.029907,49950000,49.9500,3237728121559625664736271,668452969946646408,115792089237316195423570985008687907853269984665640564039457584007913112660605,0,1648,algebra_v2
0x72ab388e2e2f6facef59e3c3fa2c4e29011c2d38,47223191,0xd777465b203b7b30d181ece3f5cd1fb18a9d88190203186af7cfc7a88872e23a,435062631155724718,0.435063,-726471176,-726.4712,3237642016808786594889728,668452969946646408,115792089237316195423570985008687907853269984665640564039457584007913112660605,14357066828139,0,algebra_v2
0x72ab388e2e2f6facef59e3c3fa2c4e29011c2d38,47223193,0x28786e812169fdeb5005144cc2db3938d5650e1f834f9f2445ed56348a28d075,367460603764643328,0.367461,-613558649,-613.5586,3237569277033794786282807,668263285316109018,115792089237316195423570985008687907853269984665640564039457584007913112660604,12126199924232,0,algebra_v2
0x72ab388e2e2f6facef59e3c3fa2c4e29011c2d38,47223193,0x4e1c36be406bdb171fd530f455b411e8ccccd9b4a980e31e0b2a97af2c20e52f,111374893506037143,0.111375,-185960149,-185.9601,3237547229913697696612352,668263285316109018,115792089237316195423570985008687907853269984665640564039457584007913112660604,3675371485699,0,algebra_v2
0x72ab388e2e2f6facef59e3c3fa2c4e29011c2d38,47223193,0x4339a684b9028d21f4b15384a2b9bb0b1113379b37c42dc1701435a5572eec0e,463393419412745728,0.463393,-773690354,-773.6904,3237455491326047495631985,667770517024942178,115792089237316195423570985008687907853269984665640564039457584007913112660603,15291982840620,0,algebra_v2
0x72ab388e2e2f6facef59e3c3fa2c4e29011c2d38,47223196,0x81541b16eaec3cc5b0a5c6cb0efff20f75dcb23519251d3967eef2742a28386f,-3326867092834053,-0.003327,5555555,5.5556,3237456150403308796967723,667770517024942178,115792089237316195423570985008687907853269984665640564039457584007913112660603,0,183,algebra_v2
0x72ab388e2e2f6facef59e3c3fa2c4e29011c2d38,47223196,0xef52fbaa8f72fe7ad65ec151cbdcd39089b6d4e98c2ff175f175091de5aaf4e4,656057119490869632,0.656057,-1095290725,-1095.2907,3237326198766595977985929,667770517024942178,115792089237316195423570985008687907853269984665640564039457584007913112660603,21649884943198,0,algebra_v2
0x72ab388e2e2f6facef59e3c3fa2c4e29011c2d38,47223196,0x8b19278d3a0ab70e89b337b7adc788f4f4c4fbf72b8cda933cc9fe856117a3bc,640146161807783552,0.640146,-1068642546,-1068.6425,3237199408824243560254573,667770517024942178,115792089237316195423570985008687907853269984665640564039457584007913112660602,21124823339657,0,algebra_v2
0x72ab388e2e2f6facef59e3c3fa2c4e29011c2d38,47223197,0xa5abeccda958723225ccc5f4734b4feb501571d3833f519c3918ceabe5d56f52,-80856270941740082,-0.080856,135001635,135.0016,3237215424598443501194798,667770517024942178,115792089237316195423570985008687907853269984665640564039457584007913112660602,0,4455,algebra_v2
0x72ab388e2e2f6facef59e3c3fa2c4e29011c2d38,47223198,0x2f96ace7cce4b1ae985b6c98582955f5088af2db9c543cbe8a236aa676c7e722,4524297728312056832,4.524298,-7550428193,-7550.4282,3236319596282859797617731,667763930848122857,115792089237316195423570985008687907853269984665640564039457584007913112660596,149301825034297,0,algebra_v2
0x72ab388e2e2f6facef59e3c3fa2c4e29011c2d38,47223198,0x115cc5aa6f8f88367ba330030b78d9241069b62460e248afb32c30c46d4ffee7,15130049079856880,0.015130,-25242952,-25.2430,3236316601283261885317120,667763930848122857,115792089237316195423570985008687907853269984665640564039457584007913112660596,499291619635,0,algebra_v2
0x72ab388e2e2f6facef59e3c3fa2c4e29011c2d38,47223198,0x0492342b915ec2a4075982f6058bc9d9556e9644e68fd278d894076f257ceecd,-80922203399145504,-0.080922,135038037,135.0380,3236332621534056727600901,667763930848122857,115792089237316195423570985008687907853269984665640564039457584007913112660596,0,4456,algebra_v2
0x72ab388e2e2f6facef59e3c3fa2c4e29011c2d38,47223198,0xfa15dc1638acf15b0cf785053c7ed563680e22a5e04c50207df203cfda4e1aaa,149796435324493193,0.149796,-249920109,-249.9201,3236302969272053139169885,667763930848122857,115792089237316195423570985008687907853269984665640564039457584007913112660596,4943282365708,0,algebra_v2
0x72ab388e2e2f6facef59e3c3fa2c4e29011c2d38,47223198,0xff539d9ae9cff7fcd592c9b3f1e2dc28e44ced84688514bdd506a4e4b77263a6,-88502642614477415,-0.088503,147686636,147.6866,3236320490090619366642166,667763930848122857,115792089237316195423570985008687907853269984665640564039457584007913112660596,0,4873,algebra_v2
0x72ab388e2e2f6facef59e3c3fa2c4e29011c2d38,47223198,0x10e8255f2df970ffc5bcea879c8cd6be2eae2de5ee2e554aad595a3a56dd6f22,-1227387195215109,-0.001227,2048184,2.0482,3236320733077108366906329,667763930848122857,115792089237316195423570985008687907853269984665640564039457584007913112660596,0,67,algebra_v2
0x72ab388e2e2f6facef59e3c3fa2c4e29011c2d38,47223198,0x860c0807a64bef9f1c71d9bd54cd5171071ac9f6512750a21bfc5293675e2f2f,-232943000000000000,-0.232943,388725677,388.7257,3236366849586012492864035,667763930848122857,115792089237316195423570985008687907853269984665640564039457584007913112660597,0,12828,algebra_v2
0x72ab388e2e2f6facef59e3c3fa2c4e29011c2d38,47223198,0x860c0807a64bef9f1c71d9bd54cd5171071ac9f6512750a21bfc5293675e2f2f,-19422686923113,-0.000019,32413,0.0324,3236366853431241922467346,667763930848122857,115792089237316195423570985008687907853269984665640564039457584007913112660597,0,1,algebra_v2
0x72ab388e2e2f6facef59e3c3fa2c4e29011c2d38,47223198,0x36b55398b0a88709f26f7d06d59b7df5d6f596dcd68351baff23bc4cecad69d2,-16227169845393729,-0.016227,27079646,27.0796,3236370066027589107373994,667763930848122857,115792089237316195423570985008687907853269984665640564039457584007913112660597,0,893,algebra_v2
0x72ab388e2e2f6facef59e3c3fa2c4e29011c2d38,47223198,0xb9e6aa9fb8a86c91dbe9d955f12b581278b1940af055d68e5c5839ae164b2d9f,-23276077849772032,-0.023276,38842846,38.8428,3236374674152363058080654,667763930848122857,115792089237316195423570985008687907853269984665640564039457584007913112660597,0,1282,algebra_v2
0x72ab388e2e2f6facef59e3c3fa2c4e29011c2d38,47223198,0xb64b214a6813be4111a92f494bab2f6258eaf635da424b28d06437bcf21ddb28,-314431359451200264,-0.314431,524730200,524.7302,3236436925571175771963004,667763930848122857,115792089237316195423570985008687907853269984665640564039457584007913112660597,0,17316,algebra_v2
0x72ab388e2e2f6facef59e3c3fa2c4e29011c2d38,47223198,0x2d2d703ed1184f55482034371c38c9fe4a44a64721ca8ebd8830c3433d1dca9e,-21045115096987592,-0.021045,35121288,35.1213,3236441092188533055046385,667763930848122857,115792089237316195423570985008687907853269984665640564039457584007913112660597,0,1159,algebra_v2
0x72ab388e2e2f6facef59e3c3fa2c4e29011c2d38,47223199,0xed79d4cdb199cdb558c51e9490440c3b96281b36b98ba1f609f64fa598dce2b8,-21636382305770218,-0.021636,36108122,36.1081,3236445375879120195547571,667763930848122857,115792089237316195423570985008687907853269984665640564039457584007913112660597,0,1191,algebra_v2
0x72ab388e2e2f6facef59e3c3fa2c4e29011c2d38,47223199,0x32b2494b05aee9206e6e230cebcd6f5ef181f664399c3aa27c7a452d9ae02802,-5128224646489734,-0.005128,8558310,8.5583,3236446391195049822397535,667763930848122857,115792089237316195423570985008687907853269984665640564039457584007913112660597,0,282,algebra_v2
0x72ab388e2e2f6facef59e3c3fa2c4e29011c2d38,47223200,0xfc50f891d49fc9163a66d24fa445d00361ff025ce3334b70862be01d4a4801d3,-3139472767640375,-0.003139,5239356,5.2394,3236447012766557216873701,667763930848122857,115792089237316195423570985008687907853269984665640564039457584007913112660597,0,172,algebra_v2
0x72ab388e2e2f6facef59e3c3fa2c4e29011c2d38,47223201,0x2502b1b8fca763f5c73a59c3ba8b0649a92dad8d05b4bf8b26bb556a46ea1c4c,-3772506620237360,-0.003773,6295807,6.2958,3236447759670190928555292,667763930848122857,115792089237316195423570985008687907853269984665640564039457584007913112660597,0,207,algebra_v2
0x72ab388e2e2f6facef59e3c3fa2c4e29011c2d38,47223202,0x1aeb6846a574dc0b9bf6b057ceb3a710e54cce38a700828381314660a887a54e,-239523327222536489,-0.239523,399738195,399.7382,3236495182650228823031808,667763930848122857,115792089237316195423570985008687907853269984665640564039457584007913112660597,0,13191,algebra_v2
0x72ab388e2e2f6facef59e3c3fa2c4e29011c2d38,47223205,0xd58c50869f3540afe83ecc32ca09b92a2d18e631acb3e46aa9a2722e4dce11b1,-440050142736893914,-0.440050,734426016,734.4260,3236582310536858224820224,667770517024942178,115792089237316195423570985008687907853269984665640564039457584007913112660598,0,24235,algebra_v2
0x72ab388e2e2f6facef59e3c3fa2c4e29011c2d38,47223206,0xa1af92c2306ac211ee2dd006886333f949ccedb7f2ee4dbd322051e6cc77af6c,159351756357303940,0.159352,-265903059,-265.9031,3236550762257498086196746,667770517024942178,115792089237316195423570985008687907853269984665640564039457584007913112660598,5258607959791,0,algebra_v2
0x72ab388e2e2f6facef59e3c3fa2c4e29011c2d38,47223206,0x2dadcb877a63fcd2db9886ac7e46e3a9ca6faa6ea19e9dd8410df73ef17f2cfb,-198988302884001154,-0.198988,332109994,332.1100,3236590161770743974803665,667770517024942178,115792089237316195423570985008687907853269984665640564039457584007913112660598,0,10959,algebra_v2
0x72ab388e2e2f6facef59e3c3fa2c4e29011c2d38,47223207,0xfd3f6a91d92bfff18ad5dce043cc3815ec429976900c29506cfdf4825162bc2d,-5991563374413426,-0.005992,10000000,10.0000,3236591348110027879635339,667770517024942178,115792089237316195423570985008687907853269984665640564039457584007913112660598,0,330,algebra_v2
0x72ab388e2e2f6facef59e3c3fa2c4e29011c2d38,47223209,0xe704f5b2948f03db03b471e8e30aefe408d30ad84575739643574136e2f4aac9,-241646221567950054,-0.241646,403316910,403.3169,3236639195179410829029810,667770517024942178,115792089237316195423570985008687907853269984665640564039457584007913112660598,0,13309,algebra_v2
0x72ab388e2e2f6facef59e3c3fa2c4e29011c2d38,47223209,0x4838e50591a809139a58246fb17a055285f0f4af486e99d7326424c33d7418b0,-491780170509337889,-0.491780,820836996,820.8370,3236736574296663808540672,667770517024942178,115792089237316195423570985008687907853269984665640564039457584007913112660599,0,27087,algebra_v2
0x72ab388e2e2f6facef59e3c3fa2c4e29011c2d38,47223210,0x91d75f6914bc396337313aa680bb35d77dcfc0f3c7423a5e7e9735199bf8d3f0,-364699350028230340,-0.364699,608756560,608.7566,3236808793478769271257638,667770517024942178,115792089237316195423570985008687907853269984665640564039457584007913112660599,0,20089,algebra_v2
0x72ab388e2e2f6facef59e3c3fa2c4e29011c2d38,47223211,0x210e8976f431304a51f7e25525a6d86d570c722943aa7617a4714b2a747b5326,3749558902177,0.000004,-6257,-0.0063,3236808792736324735949357,667770517024942178,115792089237316195423570985008687907853269984665640564039457584007913112660599,123735444,0,algebra_v2
0x72ab388e2e2f6facef59e3c3fa2c4e29011c2d38,47223213,0x53900c823b30bb4cb3b5c76f02306c6194f0b51acffdbefe1ed7f0db91925cd0,-211899868549010913,-0.211900,353715974,353.7160,3236850755451741473341440,667770517024942178,115792089237316195423570985008687907853269984665640564039457584007913112660600,0,11672,algebra_v2
0x72ab388e2e2f6facef59e3c3fa2c4e29011c2d38,47223213,0xcf9b08e5dc835388265e1e16aa69d00538dca68a617e4d19ec02aaf04432c1e6,-15967422863856002,-0.015967,26654153,26.6542,3236853917538472503017472,667770517024942178,115792089237316195423570985008687907853269984665640564039457584007913112660600,0,879,algebra_v2
0x72ab388e2e2f6facef59e3c3fa2c4e29011c2d38,47223213,0x1220fe21e0e893095383d348cd46b8cdce1a5fd954537fb125cfd6967404d1e1,-438766652088345418,-0.438767,732446207,732.4462,3236940810509298619679087,667770517024942178,115792089237316195423570985008687907853269984665640564039457584007913112660600,0,24170,algebra_v2
0x72ab388e2e2f6facef59e3c3fa2c4e29011c2d38,47223214,0x1261257fb25f8b9c2add320fde31a1b11a5771115434e966cd188b28adf85125,-52079744263256079,-0.052080,86940876,86.9409,3236951124646847957134221,667770517024942178,115792089237316195423570985008687907853269984665640564039457584007913112660600,0,2869,algebra_v2
0x72ab388e2e2f6facef59e3c3fa2c4e29011c2d38,47223214,0xf95df38bfdfb5d81bb066ee9d63712a548decbad3b34004ef84b6bb0eb84552f,-254938842766831094,-0.254939,425597759,425.5978,3237001614980885724725006,667770517024942178,115792089237316195423570985008687907853269984665640564039457584007913112660601,0,14044,algebra_v2
0x72ab388e2e2f6facef59e3c3fa2c4e29011c2d38,47223214,0x45ed1b15d737354df38a3e8cae9015ef85dc9c23cf87538d9924a34df069f3b3,-429440971406448473,-0.429441,716943587,716.9436,3237086668814969811316701,667770517024942178,115792089237316195423570985008687907853269984665640564039457584007913112660601,0,23659,algebra_v2
0x72ab388e2e2f6facef59e3c3fa2c4e29011c2d38,47223215,0x8d610b5e57a4e4fe2f7083aa3e0633961d24b35cb67ab7767514112cf25b3132,-498733456135656016,-0.498733,832673368,832.6734,3237185452127563164942336,667770517024942178,115792089237316195423570985008687907853269984665640564039457584007913112660602,0,27478,algebra_v2
0x72ab388e2e2f6facef59e3c3fa2c4e29011c2d38,47223216,0x382810877677f206e916428e4f3e6e12302e6145d1b62a92e7f6403d9200e8a2,8863700436646878,0.008864,-14796104,-14.7961,3237183696631990047512548,667770517024942178,115792089237316195423570985008687907853269984665640564039457584007913112660602,292502114409,0,algebra_v2
0x72ab388e2e2f6facef59e3c3fa2c4e29011c2d38,47223216,0xfb7013f7f4d06084473c09e6cf80ea534f278e46406d4f2115e293aca4c45914,278949864905,0.000000,-465,-0.0005,3237183696576742807277380,667770517024942178,115792089237316195423570985008687907853269984665640564039457584007913112660602,9205345,0,algebra_v2
0x72ab388e2e2f6facef59e3c3fa2c4e29011c2d38,47223219,0x337e3d48dbcbedead9b4982705b6262b19e4a054735de0ad676f006286ccc9af,2656911383148,0.000003,-4435,-0.0044,3237183696050529892665695,667770517024942178,115792089237316195423570985008687907853269984665640564039457584007913112660602,87678075,0,algebra_v2
0x72ab388e2e2f6facef59e3c3fa2c4e29011c2d38,47223229,0xda58ab5bcc528d773594c1b50a1a625e96f0d87cc542592b551961a8debe4502,-184240608460704720,-0.184241,307616204,307.6162,3237220189769201942984377,667770517024942178,115792089237316195423570985008687907853269984665640564039457584007913112660602,0,10151,algebra_v2
0x72ab388e2e2f6facef59e3c3fa2c4e29011c2d38,47223229,0xb86c89e9190591213c4a8331322f8a8c4537c708686a7eec9bf697d2a2a6cf27,-77828113434157451,-0.077828,129947317,129.9473,3237235605929867146690560,667770517024942178,115792089237316195423570985008687907853269984665640564039457584007913112660602,0,4288,algebra_v2
0x72ab388e2e2f6facef59e3c3fa2c4e29011c2d38,47223230,0xa86ca0cbee3edb7d8ebc55472f96d7f0c8a6d20b063f77ac281320c51a623c67,-293570676675509157,-0.293571,490177482,490.1775,3237293757610135487031669,667770517024942178,115792089237316195423570985008687907853269984665640564039457584007913112660602,0,16175,algebra_v2
0x72ab388e2e2f6facef59e3c3fa2c4e29011c2d38,47223230,0xfbc4195e9cc47bc5ca5e010d3b27e2589a2ae02fc2cce7315ae38d9584633c4f,-117469136089939104,-0.117469,196144160,196.1442,3237317026962274535866368,667770517024942178,115792089237316195423570985008687907853269984665640564039457584007913112660603,0,6472,algebra_v2
0x72ab388e2e2f6facef59e3c3fa2c4e29011c2d38,47223230,0x4300649c0345c2bc759c411dd559f39cefd3597043c296c5e124e89bf7e2db77,-174248052836013174,-0.174248,290955983,290.9560,3237351544213464084905984,667770517024942178,115792089237316195423570985008687907853269984665640564039457584007913112660603,0,9601,algebra_v2
0x72ab388e2e2f6facef59e3c3fa2c4e29011c2d38,47223233,0x6c3cacdb1795e29e0ed7975a5e4ed5a7bd7282c0fc841f34c108496cff787573,337767749092595876,0.337768,-563879530,-563.8795,3237284642279410542575616,667770517024942178,115792089237316195423570985008687907853269984665640564039457584007913112660602,11146335720055,0,algebra_v2
0x72ab388e2e2f6facef59e3c3fa2c4e29011c2d38,47223233,0xcfe82a08d9e842378bc83aa326110e89338c9cfc1ba3e604aad1ed14e7a41f73,105177862544805188,0.105178,-175582294,-175.5823,3237263810178812089466880,667770517024942178,115792089237316195423570985008687907853269984665640564039457584007913112660602,3470869463978,0,algebra_v2
0x72ab388e2e2f6facef59e3c3fa2c4e29011c2d38,47223233,0x70f4ab3bc220d8b2576f73d62c3a233384730a3f655fecdf1f8efe0beba2a539,454838338028996441,0.454838,-759274061,-759.2741,3237173725505656671969821,667770517024942178,115792089237316195423570985008687907853269984665640564039457584007913112660602,15009665154957,0,algebra_v2
0x72ab388e2e2f6facef59e3c3fa2c4e29011c2d38,47223242,0x0b90ace71bc86bac6e704463223c66767c7be93f7f224d7eb403346dfea35d78,-51354555813446515,-0.051355,85742595,85.7426,3237183897486444058960206,667770517024942178,115792089237316195423570985008687907853269984665640564039457584007913112660602,0,2829,algebra_v2
0x72ab388e2e2f6facef59e3c3fa2c4e29011c2d38,47223249,0x82b01c0d57367f7aaed51a2b26078cdc97938c36cd21688f39d843b5b625a804,-5989365736963563,-0.005989,10000000,10.0000,3237185083825727963791880,667770517024942178,115792089237316195423570985008687907853269984665640564039457584007913112660602,0,330,algebra_v2
0x72ab388e2e2f6facef59e3c3fa2c4e29011c2d38,47223250,0x0197641fcd4a83ac071895025ebf4a5e325b151c29a94b0809f979b7a55551d5,-783127065733033,-0.000783,1307530,1.3075,3237185238943119046689472,667770517024942178,115792089237316195423570985008687907853269984665640564039457584007913112660602,0,43,algebra_v2
0x72ab388e2e2f6facef59e3c3fa2c4e29011c2d38,47223250,0x1f2e730b22a50d37950b9847141128ee495865e3cef1dd50ea5db01774826d40,-216995113922998430,-0.216995,362305635,362.3056,3237228220683825316332776,667770517024942178,115792089237316195423570985008687907853269984665640564039457584007913112660602,0,11956,algebra_v2
0x72ab388e2e2f6facef59e3c3fa2c4e29011c2d38,47223250,0x730cc155514cef7e18ea6f59090dd5e4e31d8499c7570525ffd1c0b1ed412c7a,-152846755336274808,-0.152847,255206180,255.2062,3237258496795384179851264,667770517024942178,115792089237316195423570985008687907853269984665640564039457584007913112660602,0,8421,algebra_v2
0x72ab388e2e2f6facef59e3c3fa2c4e29011c2d38,47223257,0x3d6cc72627a73b224d578625d5a3676f991bdda69080f74ad8bd2b9095e5b5c7,1590865828629080,0.001591,-2655740,-2.6557,3237258181702921763299357,667770517024942178,115792089237316195423570985008687907853269984665640564039457584007913112660602,52498572344,0,algebra_v2
0x72ab388e2e2f6facef59e3c3fa2c4e29011c2d38,47223259,0xe6e3ae156d9d84e11b7313f6f6f69a4242ba0b27a553a317c397adfb00f153d1,-167052912167794598,-0.167053,278931415,278.9314,3237291272432332872028520,667770517024942178,115792089237316195423570985008687907853269984665640564039457584007913112660602,0,9205,algebra_v2
0x72ab388e2e2f6facef59e3c3fa2c4e29011c2d38,47223259,0xe950d7ae345103ce489c4cb233ae778b48c234a71ebc17ce9638d684fad6fdfd,-179175110617845373,-0.179175,299178417,299.1784,3237326765143212446511392,667770517024942178,115792089237316195423570985008687907853269984665640564039457584007913112660603,0,9872,algebra_v2
0x72ab388e2e2f6facef59e3c3fa2c4e29011c2d38,47223260,0xe3399d28caab7a076c1dc0e56859864d18a1e8ce4365178d2522afab2bf2b4ac,-816542452111751882,-0.816542,1363508371,1363.5084,3237488510310315927580694,668263285316109018,115792089237316195423570985008687907853269984665640564039457584007913112660604,0,44995,algebra_v2
0x72ab388e2e2f6facef59e3c3fa2c4e29011c2d38,47223266,0xf2a55d3c8e0dcf95312739466a9d045b2805c0a129cec5125a745df384406b52,-1872938577274363083,-1.872939,3128052306,3128.0523,3237859265440313916014750,668452969946646408,115792089237316195423570985008687907853269984665640564039457584007913112660606,0,103225,algebra_v2
0x72ab388e2e2f6facef59e3c3fa2c4e29011c2d38,47223267,0x720d3dc7f3d344afde5291b6b508d974380779353e36609132625aa35364d853,419582460206283182,0.419582,-700679679,-700.6797,3237776217617903246114816,668452969946646408,115792089237316195423570985008687907853269984665640564039457584007913112660605,13846221186807,0,algebra_v2
0x72ab388e2e2f6facef59e3c3fa2c4e29011c2d38,47223269,0xf9deb0e6afaba8fe000f674491dd0c716ed8629a6bad2eb548c2c2fce8679d2c,331644607410343534,0.331645,-553802859,-553.8029,3237710578321013830844416,668452969946646408,115792089237316195423570985008687907853269984665640564039457584007913112660605,10944272044541,0,algebra_v2
0x72ab388e2e2f6facef59e3c3fa2c4e29011c2d38,47223273,0xb8411ccb43ee0e7b2033db136166768b8957205d59121c1e93007a63796deb66,-29637672826432138,-0.029638,49500000,49.5000,3237716444705099706970847,668452969946646408,115792089237316195423570985008687907853269984665640564039457584007913112660605,0,1633,algebra_v2
0x72ab388e2e2f6facef59e3c3fa2c4e29011c2d38,47223282,0xc6987d16bb01e185916d201a68d38fce6c30503d95adc449f852179f70c40a95,18000000000000000,0.018000,-30057098,-30.0571,3237712882197685443055518,668452969946646408,115792089237316195423570985008687907853269984665640564039457584007913112660605,594000000000,0,algebra_v2
0x72ab388e2e2f6facef59e3c3fa2c4e29011c2d38,47223282,0x60eafccceb7af952d6fe847f68938389a2575c4b35b63d7a8acaa5cf261da028,402805007534027714,0.402805,-672602124,-672.6021,3237633162258016788021248,668452969946646408,115792089237316195423570985008687907853269984665640564039457584007913112660605,13292565248622,0,algebra_v2
0x72ab388e2e2f6facef59e3c3fa2c4e29011c2d38,47223284,0x41ecbba724fb35ed24ef53fda8cb7208edd363658516693c7367e5c4e5768600,-18954705506866614,-0.018955,31656077,31.6561,3237636913908603302296654,668452969946646408,115792089237316195423570985008687907853269984665640564039457584007913112660605,0,1044,algebra_v2
0x72ab388e2e2f6facef59e3c3fa2c4e29011c2d38,47223288,0x256bb3be6138b7ab30530266f785508f801fb9b9c7a84ea5678de2b3793abf17,-12404089428380210,-0.012404,20715994,20.7160,3237639369019212886070881,668452969946646408,115792089237316195423570985008687907853269984665640564039457584007913112660605,0,683,algebra_v2
0x72ab388e2e2f6facef59e3c3fa2c4e29011c2d38,47223288,0x78fe0cd6eef18fcc86996a376f4253fe826d47b568497a382e32ced9988e2d8f,-486079604311877972,-0.486080,811823303,811.8233,3237735580479845885712807,668452969946646408,115792089237316195423570985008687907853269984665640564039457584007913112660605,0,26790,algebra_v2
0x72ab388e2e2f6facef59e3c3fa2c4e29011c2d38,47223288,0xc76bb617cfbdc1450c88beca73fd0e11e78eb7fd4f9cf02bafdc704e109176ae,-211700122433666687,-0.211700,353584933,353.5849,3237777484823704147981796,668452969946646408,115792089237316195423570985008687907853269984665640564039457584007913112660605,0,11668,algebra_v2
0x72ab388e2e2f6facef59e3c3fa2c4e29011c2d38,47223289,0x350db7c95a2a405a93780d3c6afb404d23e575781ab08206c03c1085f16db7f4,2722005637281298,0.002722,-4545486,-4.5455,3237776946071483999601651,668452969946646408,115792089237316195423570985008687907853269984665640564039457584007913112660605,89826186030,0,algebra_v2
0x72ab388e2e2f6facef59e3c3fa2c4e29011c2d38,47223289,0x8ec99baffa82d02dd0f39a07a0e5644211edfabca5d0e3a9de16161827130108,-5987171851863970,-0.005987,10000000,10.0000,3237778131199582156394869,668452969946646408,115792089237316195423570985008687907853269984665640564039457584007913112660605,0,330,algebra_v2
0x72ab388e2e2f6facef59e3c3fa2c4e29011c2d38,47223291,0x86571b8cbce2db7bdff3d4d58546f65e4e5288f1ffb499571c1c861ea7bf3c0f,-198519550251032096,-0.198520,331578978,331.5790,3237817427555928634492300,668452969946646408,115792089237316195423570985008687907853269984665640564039457584007913112660606,0,10942,algebra_v2
0x72ab388e2e2f6facef59e3c3fa2c4e29011c2d38,47223291,0x6255d0fa4bf563b054be8d1ec2c95073ed62ee813cdce67614d198af55acbf94,-77063683467554070,-0.077064,128718446,128.7184,3237832682340584548990976,668452969946646408,115792089237316195423570985008687907853269984665640564039457584007913112660606,0,4247,algebra_v2
0x72ab388e2e2f6facef59e3c3fa2c4e29011c2d38,47223291,0x197587e5b7bedf12dc63cbc82e31c0ae3ce6795bbd6d3ae8975289468d164b6b,-35471765920018641,-0.035472,59248427,59.2484,3237839704038082539945984,668452969946646408,115792089237316195423570985008687907853269984665640564039457584007913112660606,0,1955,algebra_v2
0x72ab388e2e2f6facef59e3c3fa2c4e29011c2d38,47223295,0x24fb50e09a58f0203bbfa62bc3ec4c0a39b041770cc2720bdc93a4555eaeba86,177707657151810304,0.177708,-296762836,-296.7628,3237804530323156356824614,668452969946646408,115792089237316195423570985008687907853269984665640564039457584007913112660606,5864352686010,0,algebra_v2
0x72ab388e2e2f6facef59e3c3fa2c4e29011c2d38,47223295,0xa215f2885191d627c64538ddb661e5d39ac388c77087ab4c10ab19f659a3ff9f,146972698412642523,0.146973,-245432131,-245.4321,3237775440562620012167168,668452969946646408,115792089237316195423570985008687907853269984665640564039457584007913112660605,4850099047617,0,algebra_v2
0x72ab388e2e2f6facef59e3c3fa2c4e29011c2d38,47223295,0xcfbdfe8168fbba33db4bbf9c0fe407c30293ed7b599b25d1e415b80a9850919b,215839402343424217,0.215839,-360425782,-360.4258,3237732721218518505226240,668452969946646408,115792089237316195423570985008687907853269984665640564039457584007913112660605,7122700277333,0,algebra_v2
0x72ab388e2e2f6facef59e3c3fa2c4e29011c2d38,47223296,0xf6628e70d692d15cb480d3bd5f63ea33dfe36775598839e020f3ed3d0144feee,370138891895038399,0.370139,-618065189,-618.0652,3237659465250718982602752,668452969946646408,115792089237316195423570985008687907853269984665640564039457584007913112660605,12214583432536,0,algebra_v2
0x72ab388e2e2f6facef59e3c3fa2c4e29011c2d38,47223296,0xb81cc1b787a206b48271dcefe85f982e1e21579af8abef850f5b3648171dc6c2,-21893127509269766,-0.021893,36564109,36.5641,3237663798565945156492835,668452969946646408,115792089237316195423570985008687907853269984665640564039457584007913112660605,0,1206,algebra_v2
0x72ab388e2e2f6facef59e3c3fa2c4e29011c2d38,47223296,0x3c1a86c1eb7d8f377cfab9b5210edd3d243b7b11f20ae5b0d2915f591ce21cd7,285623108560344736,0.285623,-476921232,-476.9212,3237607264474225387943629,668263285316109018,115792089237316195423570985008687907853269984665640564039457584007913112660604,9425562582491,0,algebra_v2
0x72ab388e2e2f6facef59e3c3fa2c4e29011c2d38,47223296,0x23533508d676acb850c6aec5d6eac551b2ca3652ff55e7d243e47d8b652bbc43,455622971467187136,0.455623,-760745244,-760.7452,3237517071807413559198202,668263285316109018,115792089237316195423570985008687907853269984665640564039457584007913112660604,15035558058417,0,algebra_v2
0x72ab388e2e2f6facef59e3c3fa2c4e29011c2d38,47223298,0xc8a1ffacf488f58d781f7a1dd5cb2e9c719babec93f507a375af763607da1b6e,-2111697450354691,-0.002112,3526470,3.5265,3237517489857868909533219,668263285316109018,115792089237316195423570985008687907853269984665640564039457584007913112660604,0,116,algebra_v2
0x72ab388e2e2f6facef59e3c3fa2c4e29011c2d38,47223298,0x46f23182e3dceb1e35826800b45d8a82efa653c6b4e1c76bad6c331cc15de0a4,374464696548806405,0.374465,-625205201,-625.2052,3237443346462935273701376,667770517024942178,115792089237316195423570985008687907853269984665640564039457584007913112660603,12357334986110,0,algebra_v2
0x72ab388e2e2f6facef59e3c3fa2c4e29011c2d38,47223298,0x11a57f6420d26bdfeb36fa643c100a94bdf16c56d480891867d5f198bdbb35d1,882783918542481,0.000883,-1473859,-1.4739,3237443171595682037366784,667770517024942178,115792089237316195423570985008687907853269984665640564039457584007913112660603,29131869312,0,algebra_v2
0x72ab388e2e2f6facef59e3c3fa2c4e29011c2d38,47223301,0x6a62e9f5420f9c14d19fe059481f4d8bd62fe88cd5bb464daa939c039fb75a90,216342030081640352,0.216342,-361190950,-361.1909,3237400317808980558607561,667770517024942178,115792089237316195423570985008687907853269984665640564039457584007913112660603,7139286992694,0,algebra_v2
0x72ab388e2e2f6facef59e3c3fa2c4e29011c2d38,47223302,0xab453993fc09671575cb79e32ed89ca0eb3ce219522e2e7fad0bb0672dd3e9a3,677674775194577024,0.677675,-1131340994,-1131.3410,3237266088959557717992537,667770517024942178,115792089237316195423570985008687907853269984665640564039457584007913112660602,22363267581421,0,algebra_v2
0x72ab388e2e2f6facef59e3c3fa2c4e29011c2d38,47223302,0xb88ba4aed1697c8d35003e3878876e58eac647ebe39e8dacbd5b53509faa2b18,325425740187784576,0.325426,-543247143,-543.2471,3237201634971459828110206,667770517024942178,115792089237316195423570985008687907853269984665640564039457584007913112660602,10739049426197,0,algebra_v2
0x72ab388e2e2f6facef59e3c3fa2c4e29011c2d38,47223302,0x4febd927dc1b30d7e3d7d66961604842be8a436d0192214e0d249033691b4aea,139200018047392744,0.139200,-232365953,-232.3660,3237174065728592455663616,667770517024942178,115792089237316195423570985008687907853269984665640564039457584007913112660602,4593600595564,0,algebra_v2
0x72ab388e2e2f6facef59e3c3fa2c4e29011c2d38,47223302,0x0f00e84d06ce7c0f5749bc0c75444b52a99ae718bc7ed6a8a7cc59642facca5e,242216091586977504,0.242216,-404320779,-404.3208,3237126094769074328307238,667770517024942178,115792089237316195423570985008687907853269984665640564039457584007913112660601,7993131022370,0,algebra_v2
0x72ab388e2e2f6facef59e3c3fa2c4e29011c2d38,47223305,0x9c68f2c9e1bc671fdc9745a38c5ea1fb1ae2e7e857a4196fc4e4ad314ac46b76,-191722372354668186,-0.191722,320096840,320.0968,3237164069114631416184630,667770517024942178,115792089237316195423570985008687907853269984665640564039457584007913112660602,0,10563,algebra_v2
0x72ab388e2e2f6facef59e3c3fa2c4e29011c2d38,47223306,0x7b0d42d36108cb900dc9c886b1cf0caa56d4b9c1f8eb2b32ca464b9e29d423d7,-523279905317116293,-0.523280,873698620,873.6986,3237267719414131552419840,667770517024942178,115792089237316195423570985008687907853269984665640564039457584007913112660602,0,28832,algebra_v2
0x72ab388e2e2f6facef59e3c3fa2c4e29011c2d38,47223306,0xb0c4eb030651ab05a1813b585e8b2f06a0c88090e22ef50b4ef53f75e4de0128,-357358822166039648,-0.357359,596699264,596.6993,3237338508191878850100093,667770517024942178,115792089237316195423570985008687907853269984665640564039457584007913112660603,0,19691,algebra_v2
0x72ab388e2e2f6facef59e3c3fa2c4e29011c2d38,47223308,0xe044b97eabdc195c246b2efbbc1658de946eb80cb24048f0ff1a626773399efc,175678151030270944,0.175678,-293282879,-293.2829,3237303711412106896896543,667770517024942178,115792089237316195423570985008687907853269984665640564039457584007913112660602,5797378983999,0,algebra_v2
0x72ab388e2e2f6facef59e3c3fa2c4e29011c2d38,47223308,0x48a75ee9a1a2a4cd60f83800c5a02618e1a00c9cdedd72a1071b926dbf59817b,-41211475933979191,-0.041211,68812989,68.8130,3237311874967233075436997,667770517024942178,115792089237316195423570985008687907853269984665640564039457584007913112660603,0,2271,algebra_v2
0x72ab388e2e2f6facef59e3c3fa2c4e29011c2d38,47223319,0x9ec80b99af459257412bc32ad8f225ea5eed4a67309aa07cdc0e34477ea71526,389506782398280064,0.389507,-650236218,-650.2362,3237234727175487912061099,667770517024942178,115792089237316195423570985008687907853269984665640564039457584007913112660602,12853723819143,0,algebra_v2
0x72ab388e2e2f6facef59e3c3fa2c4e29011c2d38,47223321,0x777404c59e2a8ff4110f0ecc57b1212d1e617aa768d848114aeaf57b8bf5552e,-1502090240955953,-0.001502,2508007,2.5080,3237235024710187106785077,667770517024942178,115792089237316195423570985008687907853269984665640564039457584007913112660602,0,82,algebra_v2
0x72ab388e2e2f6facef59e3c3fa2c4e29011c2d38,47223322,0x770297f582d913706d76364ec29054622e62a675c6de2aeea551c6a52461160b,3003992081977116,0.003004,-5014695,-5.0147,3237234429737664933949430,667770517024942178,115792089237316195423570985008687907853269984665640564039457584007913112660602,99131738705,0,algebra_v2
0x72ab388e2e2f6facef59e3c3fa2c4e29011c2d38,47223327,0x2f853878d2e8f068e33dc26c2d91aaee2380007d29e286f86e0fc6587c90a0ba,-828524254800214703,-0.828524,1383438348,1383.4383,3237398552463554613996516,667770517024942178,115792089237316195423570985008687907853269984665640564039457584007913112660603,0,45653,algebra_v2
0x72ab388e2e2f6facef59e3c3fa2c4e29011c2d38,47223327,0x2ac96a31943e8c48e801f04dcaed950bd62652afb90c5d0456f3aa74d9a4ef24,-1300866621954342835,-1.300867,2172420690,2172.4207,3237656131673596000303936,668452969946646408,115792089237316195423570985008687907853269984665640564039457584007913112660605,0,71689,algebra_v2
0x72ab388e2e2f6facef59e3c3fa2c4e29011c2d38,47223328,0x56b1b609aa51377ee189d04a21c1eea4218af831c3d1c620aabab9e2c0abd682,-165301407015541475,-0.165301,276074724,276.0747,3237688850064721584324608,668452969946646408,115792089237316195423570985008687907853269984665640564039457584007913112660605,0,9110,algebra_v2
0x72ab388e2e2f6facef59e3c3fa2c4e29011c2d38,47223330,0x0bf5c496615cf3f399c261ec84cd5c51161a1212c98e88d0a79df092f94eaf9b,-446662524626944920,-0.446663,746012079,746.0121,3237777262052266427477308,668452969946646408,115792089237316195423570985008687907853269984665640564039457584007913112660605,0,24618,algebra_v2
0x72ab388e2e2f6facef59e3c3fa2c4e29011c2d38,47223330,0x9d5e384cfbc9ad119ed2b32db89d8bf23ca03d2c007f23a06c0f27e71878270f,-41831029740120246,-0.041831,69867929,69.8679,3237785542296805811683328,668452969946646408,115792089237316195423570985008687907853269984665640564039457584007913112660605,0,2305,algebra_v2
0x72ab388e2e2f6facef59e3c3fa2c4e29011c2d38,47223330,0x4563fbf6cc08111a2bd6b41104f5fe69c9fdcab605912e8051b0823187f0428c,-18711707174050819,-0.018712,31253190,31.2532,3237789246199998992875520,668452969946646408,115792089237316195423570985008687907853269984665640564039457584007913112660605,0,1031,algebra_v2
0x72ab388e2e2f6facef59e3c3fa2c4e29011c2d38,47223333,0xfa4810abe0972fe9e22744cfaef9f0592fca31e2c52404e721c96323dadd6792,-365097561856068365,-0.365098,609817725,609.8177,3237861517412037183748233,668452969946646408,115792089237316195423570985008687907853269984665640564039457584007913112660606,0,20124,algebra_v2
0x72ab388e2e2f6facef59e3c3fa2c4e29011c2d38,47223333,0xcb9909bddcd0674948639c13e2a9725f60fa1d30044a8bed49a2b557350fbea1,-190969199095894419,-0.190969,318984223,318.9842,3237899321128451496214528,668452969946646408,115792089237316195423570985008687907853269984665640564039457584007913112660606,0,10526,algebra_v2
0x72ab388e2e2f6facef59e3c3fa2c4e29011c2d38,47223333,0xa83122e40860bc2b25abda087f315ccf88a966a6935ebb4d703fa082917387e9,-58833120944259140,-0.058833,98273042,98.2730,3237910967742660840783872,668452969946646408,115792089237316195423570985008687907853269984665640564039457584007913112660606,0,3243,algebra_v2
0x72ab388e2e2f6facef59e3c3fa2c4e29011c2d38,47223333,0xaf80aa1a10e84a99d4c5cd87f6c3884f78a66b0f85fadd744edaca830d3ad423,-273877923329171022,-0.273878,457486590,457.4866,3237965182899168394478973,668667879215521963,115792089237316195423570985008687907853269984665640564039457584007913112660607,0,15096,algebra_v2
0x72ab388e2e2f6facef59e3c3fa2c4e29011c2d38,47223339,0xc72ef8627589d81dbde410e65f11bda00b92de526de549f9587ac82f36b185a1,-177898771932759396,-0.177899,297170905,297.1709,3238000390138793747376040,668667879215521963,115792089237316195423570985008687907853269984665640564039457584007913112660607,0,9806,algebra_v2
0x72ab388e2e2f6facef59e3c3fa2c4e29011c2d38,47223339,0x1fc0b22a5f92fc70e6fd972eb5697c0e2a146cb6937409ae293b3b2529f8e000,-103045867285172332,-0.103046,172135868,172.1359,3238020783887442606292992,668667879215521963,115792089237316195423570985008687907853269984665640564039457584007913112660607,0,5680,algebra_v2
0x72ab388e2e2f6facef59e3c3fa2c4e29011c2d38,47223339,0x0a1a5292360c93a3498a08c0dde93fd2898a071d652af66faf1b6d8bae944624,-290229030250993548,-0.290229,484832901,484.8329,3238078224329504096754171,668667879215521963,115792089237316195423570985008687907853269984665640564039457584007913112660607,0,15999,algebra_v2
0x72ab388e2e2f6facef59e3c3fa2c4e29011c2d38,47223339,0x6c2c04bac33208f4676aea6c07ec8bb3ca8483ec046df843dd342302190518a7,-251268792866292733,-0.251269,419763006,419.7630,3238127955633889821714828,668667878144325292,115792089237316195423570985008687907853269984665640564039457584007913112660608,0,13851,algebra_v2
0x72ab388e2e2f6facef59e3c3fa2c4e29011c2d38,47223340,0x27a0ae9e681a8509fb85d5941f457c9726976bbc9ac5dd248b7106a85476bd73,7140585937922,0.000007,-11926,-0.0119,3238127954220739420903216,668667878144325292,115792089237316195423570985008687907853269984665640564039457584007913112660608,235639336,0,algebra_v2
0x72ab388e2e2f6facef59e3c3fa2c4e29011c2d38,47223342,0x418495515b8c9bb06f7796589ebfa8aed908fdab74828341024a1d49f1a07dc3,-536744143457097038,-0.536744,896713770,896.7138,3238234192133569468432488,668667878144325292,115792089237316195423570985008687907853269984665640564039457584007913112660608,0,29591,algebra_v2
0x72ab388e2e2f6facef59e3c3fa2c4e29011c2d38,47223342,0xd39d1d68d2080f2c6cecf0b985d054db5b5d051d2173c0016eaefe9a253f5948,-259333162839373943,-0.259333,433277079,433.2771,3238285524514073823150080,668667878144325292,115792089237316195423570985008687907853269984665640564039457584007913112660609,0,14298,algebra_v2
0x72ab388e2e2f6facef59e3c3fa2c4e29011c2d38,47223346,0x3f4ac5ba94563eb48bb665dbff67fd2c6c604bb8772aaa9c4581374253ac2bf6,1769757591740580352,1.769758,-2955932331,-2955.9323,3237935279487615426899616,668452969946646408,115792089237316195423570985008687907853269984665640564039457584007913112660606,58402000527438,0,algebra_v2
0x72ab388e2e2f6facef59e3c3fa2c4e29011c2d38,47223347,0xb255228422b65dae2830772efa189ff45ceb21ef7d29dff7956e78833d9df53a,365956110315024511,0.365956,-611157316,-611.1573,3237862842273063472463872,668452969946646408,115792089237316195423570985008687907853269984665640564039457584007913112660606,12076551640395,0,algebra_v2
0x72ab388e2e2f6facef59e3c3fa2c4e29011c2d38,47223347,0x8598ea41387d21b99f124307f50ad9abd43e862edbb1a3f285a2ee0ec253e69a,106012218550985617,0.106012,-177038371,-177.0384,3237841858859907114074112,668452969946646408,115792089237316195423570985008687907853269984665640564039457584007913112660606,3498403212182,0,algebra_v2
0x72ab388e2e2f6facef59e3c3fa2c4e29011c2d38,47223356,0x6d69d8f0527da4010eedea134490dbe7bd5e0eef4f8b34a0ec00da739e343b7f,-1519603304157412165,-1.519603,2538435338,2538.4353,3238142636047836525388008,668667878144325292,115792089237316195423570985008687907853269984665640564039457584007913112660608,0,83767,algebra_v2
0x72ab388e2e2f6facef59e3c3fa2c4e29011c2d38,47223357,0x141e025b4341de010b57104b0cd64f5a8d51d3460fceb43146a01ab785ab479e,-715941925208769393,-0.715942,1196115216,1196.1152,3238284345463103268323328,668667878144325292,115792089237316195423570985008687907853269984665640564039457584007913112660609,0,39471,algebra_v2
0x72ab388e2e2f6facef59e3c3fa2c4e29011c2d38,47223357,0xa21b0aac2c74aed7f07d20669905e33cf0b060face5d6f4a6e0ebbbfa21a2590,-141751882737722978,-0.141752,236835514,236.8355,3238312404484169400320000,668667878144325292,115792089237316195423570985008687907853269984665640564039457584007913112660609,0,7815,algebra_v2
0x72ab388e2e2f6facef59e3c3fa2c4e29011c2d38,47223357,0xc47231c81fa1d4370f5f3745eef8c559e15a51d81c3d451024c8eaa31df09df9,-149628487343556874,-0.149628,250000000,250.0000,3238342023164192532077417,668667878144325292,115792089237316195423570985008687907853269984665640564039457584007913112660609,0,8250,algebra_v2
0x72ab388e2e2f6facef59e3c3fa2c4e29011c2d38,47223369,0x6999e25d99b50edfdad5756ab8585ab9b283bbb1da491f80b436286f8da1cfc7,-5985082562528693,-0.005985,10000000,10.0000,3238343207911393457347713,668667878144325292,115792089237316195423570985008687907853269984665640564039457584007913112660609,0,330,algebra_v2
0x72ab388e2e2f6facef59e3c3fa2c4e29011c2d38,47223370,0x45a4f2f61ad7b1b62b149629fbbb0eb31d9f190cab896b20cff26838e0bcf968,664149728837963136,0.664150,-1109408580,-1109.4086,3238211757895376681038661,668667878144325292,115792089237316195423570985008687907853269984665640564039457584007913112660608,21916941051653,0,algebra_v2
0x72ab388e2e2f6facef59e3c3fa2c4e29011c2d38,47223370,0xadb05338ddddd70b1c2591ed1665f7fa3cdc646cd0eb84ff0b1da6183d02be4b,240519202632352930,0.240519,-401745723,-401.7457,3238164156423044602003456,668667878144325292,115792089237316195423570985008687907853269984665640564039457584007913112660608,7937133686867,0,algebra_v2
0x72ab388e2e2f6facef59e3c3fa2c4e29011c2d38,47223379,0xccdf977a19af24fa27b204cd1703245df344d03af30fd19631ad06cb1b619426,3003686370388952,0.003004,-5017063,-5.0171,3238163561968364692255173,668667878144325292,115792089237316195423570985008687907853269984665640564039457584007913112660608,99121650222,0,algebra_v2
0x72ab388e2e2f6facef59e3c3fa2c4e29011c2d38,47223381,0xb3e6e65bdd0904cc537ff1678d3a9230510519d9b81844c5e5a6c43d10c5847b,-269982061576888682,-0.269982,451049186,451.0492,3238216999894414359609892,668667878144325292,115792089237316195423570985008687907853269984665640564039457584007913112660608,0,14884,algebra_v2
0x72ab388e2e2f6facef59e3c3fa2c4e29011c2d38,47223381,0x0238d1b209ad361573a0bdc13ecae9f608b1188d8b3c8dfa0d3cd4c9623cfe27,-1353915204662723910,-1.353915,2262161304,2262.1613,3238485008821606869635803,668667878144325292,115792089237316195423570985008687907853269984665640564039457584007913112660610,0,74651,algebra_v2
0x72ab388e2e2f6facef59e3c3fa2c4e29011c2d38,47223384,0xe8ea6fb4dfd840320bd49ebc1f449d6f4ecbec23f12b94325a05b62dfff87c81,-205499237627261130,-0.205499,343386896,343.3869,3238525691487888829579264,668667878144325292,115792089237316195423570985008687907853269984665640564039457584007913112660610,0,11331,algebra_v2
0x72ab388e2e2f6facef59e3c3fa2c4e29011c2d38,47223384,0x171971fb1d948f935985426873461e9b8de8055d19c2725df22311a415a7596a,-308526544913870169,-0.308527,515560558,515.5606,3238586772380571460960256,668667878144325292,115792089237316195423570985008687907853269984665640564039457584007913112660610,0,17013,algebra_v2
0x72ab388e2e2f6facef59e3c3fa2c4e29011c2d38,47223384,0xd5aa2ddf95ed7ede3e33e1aa726ceac92008747757ac5d9c9e005bdee547be80,-455307157276939710,-0.455307,760872531,760.8725,3238676916540619280937308,668667878144325292,115792089237316195423570985008687907853269984665640564039457584007913112660611,0,25109,algebra_v2
0x72ab388e2e2f6facef59e3c3fa2c4e29011c2d38,47223385,0x8619ac00652becd1b7b8944e66382f3c528520303ff932c73f9ab269490a6c37,98006671708941449,0.098007,-163751652,-163.7517,3238657514169170635780357,668667878144325292,115792089237316195423570985008687907853269984665640564039457584007913112660611,3234220166395,0,algebra_v2
0x72ab388e2e2f6facef59e3c3fa2c4e29011c2d38,47223386,0xd89de4e33cf09b0b87587f59b323be7424fe3a8b2b4dfa2148cf11e698eefee2,-396330462838676744,-0.396330,662341992,662.3420,3238735984951183478513248,668667878144325292,115792089237316195423570985008687907853269984665640564039457584007913112660611,0,21857,algebra_v2
0x72ab388e2e2f6facef59e3c3fa2c4e29011c2d38,47223387,0xdba47cc076506549d8b99b1362bcc1a690dc58381b8bbcacf371899111c558c1,-422113089431852364,-0.422113,705464858,705.4649,3238819564702709217047445,668667878144325292,115792089237316195423570985008687907853269984665640564039457584007913112660612,0,23280,algebra_v2
0x72ab388e2e2f6facef59e3c3fa2c4e29011c2d38,47223387,0xbb33f334c80faf9805744a6509a2b92fbb6c8bebb61acef404246c5938711832,-690176675972554054,-0.690177,1153549861,1153.5499,3238956022344856912265216,673608640630910247,115792089237316195423570985008687907853269984665640564039457584007913112660613,0,38066,algebra_v2
0x72ab388e2e2f6facef59e3c3fa2c4e29011c2d38,47223387,0xa920dd89be99e194c65c363fd44e8c2169c11e1c2988479c5728df1b174f8a82,72008472734187689,0.072008,-120334236,-120.3342,3238941868933150870523627,673608640630910247,115792089237316195423570985008687907853269984665640564039457584007913112660613,2376279600228,0,algebra_v2
0x72ab388e2e2f6facef59e3c3fa2c4e29011c2d38,47223388,0xf51b775eb912706fd2c00a7cd0501c07ba4572409646145c3abd4767a45e06f3,7226882323906560,0.007227,-12076873,-12.0769,3238940448481568151092227,673608640630910247,115792089237316195423570985008687907853269984665640564039457584007913112660613,238487116689,0,algebra_v2
0x72ab388e2e2f6facef59e3c3fa2c4e29011c2d38,47223389,0x96a6d67545106c7c33acce14aaeb274b3ff96e78312098a01519c83ef228d600,11130047612059648,0.011130,-18599448,-18.5994,3238938260861038821575091,673608640630910247,115792089237316195423570985008687907853269984665640564039457584007913112660613,367291571197,0,algebra_v2
0x72ab388e2e2f6facef59e3c3fa2c4e29011c2d38,47223391,0x843b861b4c529a09d03537d7521fa9a6dd689b9df1c2dcd4b23450fefced963a,181312630263619136,0.181313,-302988399,-302.9884,3238902438420558792814990,668667878144325292,115792089237316195423570985008687907853269984665640564039457584007913112660612,5983316798699,0,algebra_v2
0x72ab388e2e2f6facef59e3c3fa2c4e29011c2d38,47223391,0xf7431897d098a89d99fcf661cdce24ae21a7acbb6bbb92d92d4625b17535cc01,509107526496771930,0.509108,-850724882,-850.7249,3238801638948323370991616,668667878144325292,115792089237316195423570985008687907853269984665640564039457584007913112660612,16800548374393,0,algebra_v2
0x72ab388e2e2f6facef59e3c3fa2c4e29011c2d38,47223392,0x20fad469e75a89f859fda0040a8652696271b6d43f104ed9d732da79c531a605,9291673658812491,0.009292,-15526007,-15.5260,3238799799324919619936749,668667878144325292,115792089237316195423570985008687907853269984665640564039457584007913112660612,306625230741,0,algebra_v2
0x72ab388e2e2f6facef59e3c3fa2c4e29011c2d38,47223392,0x39c20dcbdb5d678f18808bbc085b74b2c0ae93b7151f3066fa8dc54c11388764,152262688995713792,0.152263,-254422233,-254.4222,3238769653707428772742638,668667878144325292,115792089237316195423570985008687907853269984665640564039457584007913112660612,5024668736858,0,algebra_v2
0x72ab388e2e2f6facef59e3c3fa2c4e29011c2d38,47223393,0xe36cac20128b22af642ca0b9aebebdef618ec23223bee7e4978957ec2f82f7f5,968751987979858944,0.968752,-1618618175,-1618.6182,3238577869193671767400422,668667878144325292,115792089237316195423570985008687907853269984665640564039457584007913112660610,31968815603335,0,algebra_v2
0x72ab388e2e2f6facef59e3c3fa2c4e29011c2d38,47223396,0xabb5d1f63211c0eb9d2fbfe0af39a37fa03bfe337db2d7e8f2915b133a461909,242113834282778464,0.242114,-404500690,-404.5007,3238529941294847094583332,668667878144325292,115792089237316195423570985008687907853269984665640564039457584007913112660610,7989756531331,0,algebra_v2
0x72ab388e2e2f6facef59e3c3fa2c4e29011c2d38,47223396,0x2ff4be6d0c59624452a3437338b5d8e16f720b12618463ec814b8a04b5cfee25,195697373819584896,0.195697,-326943747,-326.9437,3238491202851986535874560,668667878144325292,115792089237316195423570985008687907853269984665640564039457584007913112660610,6458013336046,0,algebra_v2
0x72ab388e2e2f6facef59e3c3fa2c4e29011c2d38,47223405,0x34a06edf5f08f3b75bc7a89e67968bd4751d7ebc11535c23bcb297071e2f56d9,163967844561032576,0.163968,-273928474,-273.9285,3238458746006933665218483,668667878144325292,115792089237316195423570985008687907853269984665640564039457584007913112660610,5410938870514,0,algebra_v2
0x72ab388e2e2f6facef59e3c3fa2c4e29011c2d38,47223405,0xea4c20ae7f0bce4dcddbd9f0a7c578a3c80b6e14485b895e22cef488a6d29299,173690182956797216,0.173690,-290164849,-290.1648,3238424365369543927248770,668667878144325292,115792089237316195423570985008687907853269984665640564039457584007913112660609,5731776037574,0,algebra_v2
0x72ab388e2e2f6facef59e3c3fa2c4e29011c2d38,47223405,0x720ebf14e021bae3187bce46b820a5e58d9bd68a628721c32ac95470de119e5b,121076935099150949,0.121077,-202266110,-202.2661,3238400399552174528397312,668667878144325292,115792089237316195423570985008687907853269984665640564039457584007913112660609,3995538858272,0,algebra_v2
0x72ab388e2e2f6facef59e3c3fa2c4e29011c2d38,47223410,0x3819e9917e17feea8ed41ca0bc52004c073f2933dd96e1ca757e28fd40af9d6c,183262970256550656,0.183263,-306145828,-306.1458,3238364125383416497567568,668667878144325292,115792089237316195423570985008687907853269984665640564039457584007913112660609,6047678018466,0,algebra_v2
0x72ab388e2e2f6facef59e3c3fa2c4e29011c2d38,47223410,0x5a831ed6a9a733eba03db398cf8ee6130968dc918f1183c31e636cd5bd130950,751579252140039680,0.751579,-1255462060,-1255.4621,3238215369991683136684522,668667878144325292,115792089237316195423570985008687907853269984665640564039457584007913112660608,24802115320621,0,algebra_v2
0x72ab388e2e2f6facef59e3c3fa2c4e29011c2d38,47223414,0xf86daf0fda2194a4bb6a0ecfa6d2b5f22e8a1530e6f9a25f3ab7475aa407bbc1,297374784188962368,0.297375,-496712520,-496.7125,3238156516229496983171831,668667878144325292,115792089237316195423570985008687907853269984665640564039457584007913112660608,9813367878236,0,algebra_v2
0x72ab388e2e2f6facef59e3c3fa2c4e29011c2d38,47223415,0x28a32fa3366979db84eba7e6c1a045515f0b8612a458fc2fe6d53cdec26356c9,510846489631565312,0.510846,-853237487,-853.2375,3238055419047364940948862,668667879215521963,115792089237316195423570985008687907853269984665640564039457584007913112660607,16857934157841,0,algebra_v2
0x72ab388e2e2f6facef59e3c3fa2c4e29011c2d38,47223415,0x7e4289072092de6db9619b27dd91c43daba5d99754f0327f7310399a9faf456c,265662846072867294,0.265663,-443700303,-443.7003,3238002846520972243107840,668667879215521963,115792089237316195423570985008687907853269984665640564039457584007913112660607,8766873920404,0,algebra_v2
0x72ab388e2e2f6facef59e3c3fa2c4e29011c2d38,47223415,0xc8d0d613a365f54856d9c790f8b193dd9a00fc7001561f6f23b58cb70ebd7606,689067498943855232,0.689067,-1150788009,-1150.7880,3237866464734377942142002,668452969946646408,115792089237316195423570985008687907853269984665640564039457584007913112660606,22739227465146,0,algebra_v2
0x72ab388e2e2f6facef59e3c3fa2c4e29011c2d38,47223417,0x9a32f4073fce6300b714750986b82e4b7acabd61469b9247b9249b7ea014b34d,1754191830325512192,1.754192,-2929178118,-2929.1781,3237519252748586287371478,668263285316109018,115792089237316195423570985008687907853269984665640564039457584007913112660604,57888330400742,0,algebra_v2
0x72ab388e2e2f6facef59e3c3fa2c4e29011c2d38,47223417,0xf1053c057f6d7916ab311dceec4838414cd97ae69a0e0e4dd138742a2e20b2a7,245586156410722656,0.245586,-410033633,-410.0336,3237470639855975508826677,668263285316109018,115792089237316195423570985008687907853269984665640564039457584007913112660604,8104343161554,0,algebra_v2
0x72ab388e2e2f6facef59e3c3fa2c4e29011c2d38,47223420,0x16dd9193fb87356c5d578abc9da6d1afb5b075888dfca4c2d1084512a950bc47,-2475117419519166,-0.002475,4133252,4.1333,3237471129838244330073354,668263285316109018,115792089237316195423570985008687907853269984665640564039457584007913112660604,0,136,algebra_v2
0x72ab388e2e2f6facef59e3c3fa2c4e29011c2d38,47223420,0x55c4b2a66f3dbfd328ff5a17a52ea3622a3fdc16ee02ef84477f3a8480f00793,1250750257130425971,1.250750,-2088077316,-2088.0773,3237223388610807733242560,667770517024942178,115792089237316195423570985008687907853269984665640564039457584007913112660602,41274758485303,0,algebra_v2
0x72ab388e2e2f6facef59e3c3fa2c4e29011c2d38,47223421,0xff25a06b6048919c2c5536eb69ab5fa4069c20c4af0d7ffee5f61de9606ee2f6,-981896886787964,-0.000982,1639440,1.6394,3237223583104008649571877,667770517024942178,115792089237316195423570985008687907853269984665640564039457584007913112660602,0,54,algebra_v2
0x72ab388e2e2f6facef59e3c3fa2c4e29011c2d38,47223425,0x5be558a06787a6d2dbbfa265c8c0e9005a940bfe7375da8721ca113e98dc7530,-623467129762811902,-0.623467,1041021707,1041.0217,3237347083598551433165290,667770517024942178,115792089237316195423570985008687907853269984665640564039457584007913112660603,0,34353,algebra_v2
0x72ab388e2e2f6facef59e3c3fa2c4e29011c2d38,47223426,0x63f7705a7454d6c3e29ee10579079e2ed3359dcd7049a3d85dce279a38ebfeca,366936215803205376,0.366936,-612571455,-612.5715,3237274404572448356661432,667770517024942178,115792089237316195423570985008687907853269984665640564039457584007913112660602,12108895121505,0,algebra_v2
0x72ab388e2e2f6facef59e3c3fa2c4e29011c2d38,47223426,0x3d97681cd1c595910d5b477c75ea38f9e08b74dab7c668085f78491dc0d88561,42576549315065098,0.042577,-71076454,-71.0765,3237265971650117916164096,667770517024942178,115792089237316195423570985008687907853269984665640564039457584007913112660602,1405026127397,0,algebra_v2
0x72ab388e2e2f6facef59e3c3fa2c4e29011c2d38,47223428,0xd6702cd758e3bc53e7aaebd10501582dc40fd190782389f2a6a1af6a718f3061,-10599679681423334,-0.010600,17698402,17.6984,3237268071281054450550451,667770517024942178,115792089237316195423570985008687907853269984665640564039457584007913112660602,0,584,algebra_v2
0x72ab388e2e2f6facef59e3c3fa2c4e29011c2d38,47223429,0x225b60516bb5ad76e71195599a4dda0a96b143f37d96b66d103580214f1c55aa,-592451391204267382,-0.592451,989259113,989.2591,3237385430975815201564477,667770517024942178,115792089237316195423570985008687907853269984665640564039457584007913112660603,0,32645,algebra_v2
0x72ab388e2e2f6facef59e3c3fa2c4e29011c2d38,47223429,0x10bfda7e237f05cf3aeb67ca35051f43072c3abd3d5b0ed895a72fe4efa1c5fe,-308216832523217389,-0.308217,514680394,514.6804,3237446489532707012078218,667770517024942178,115792089237316195423570985008687907853269984665640564039457584007913112660603,0,16984,algebra_v2
0x72ab388e2e2f6facef59e3c3fa2c4e29011c2d38,47223430,0x965ca73cabdc3536048aa090e83241f760a870ccef560dbc767eb2d30dcd79fe,-296078081240303944,-0.296078,494428603,494.4286,3237505120096021701843951,668263285316109018,115792089237316195423570985008687907853269984665640564039457584007913112660604,0,16316,algebra_v2
0x72ab388e2e2f6facef59e3c3fa2c4e29011c2d38,47223432,0xe9fe51ee337f07bcc289e170dad94bc8ec540d1f234e036754e2f5c36768c1ac,-81810098665862186,-0.081810,136620000,136.6200,3237521315911930431410711,668263285316109018,115792089237316195423570985008687907853269984665640564039457584007913112660604,0,4508,algebra_v2
0x72ab388e2e2f6facef59e3c3fa2c4e29011c2d38,47223432,0x5934894d61f0cb1b8def0819e56d0179053bc898c6f5260b9fa4c1befcc4970c,-166166066179391523,-0.166166,277495720,277.4957,3237554212044192529660998,668263285316109018,115792089237316195423570985008687907853269984665640564039457584007913112660604,0,9157,algebra_v2
0x72ab388e2e2f6facef59e3c3fa2c4e29011c2d38,47223432,0x0a0c2207af67ff3d5248577a0098fe81485d3bb21c16f4b29c16fa69aea91aa6,-242324656360106532,-0.242325,404689936,404.6899,3237602186599118569209856,668263285316109018,115792089237316195423570985008687907853269984665640564039457584007913112660604,0,13354,algebra_v2
0x72ab388e2e2f6facef59e3c3fa2c4e29011c2d38,47223435,0xf7c808d5db3f410f0c78f4f5deee12c91a4c7c4f2404248a01af8be105bc9af9,225737600790373892,0.225738,-376914010,-376.9140,3237557500312866265235456,668263285316109018,115792089237316195423570985008687907853269984665640564039457584007913112660604,7449340826082,0,algebra_v2
0x72ab388e2e2f6facef59e3c3fa2c4e29011c2d38,47223436,0x9071e4960f4d6f4c4f1b90ca34dbc1d4d971954feaee1ae9d654d9d1092980d8,-118442696562720872,-0.118443,197802000,197.8020,3237580949037543622703195,668263285316109018,115792089237316195423570985008687907853269984665640564039457584007913112660604,0,6527,algebra_v2
0x72ab388e2e2f6facef59e3c3fa2c4e29011c2d38,47223437,0xfc2310e7d96ee6fc30c5e1d60982607e8e811bae4bfead5df10d2c02a1e47a44,-59279984912602765,-0.059280,99000000,99.0000,3237592685136028209345775,668263285316109018,115792089237316195423570985008687907853269984665640564039457584007913112660604,0,3267,algebra_v2
0x72ab388e2e2f6facef59e3c3fa2c4e29011c2d38,47223438,0x46ed9c44529cbe03662137f4ffa79e7f2a1c1ce9a8e35439879cb465394fdc35,-170393601960682244,-0.170394,284568283,284.5683,3237626419695552072307441,668263285316109018,115792089237316195423570985008687907853269984665640564039457584007913112660604,0,9390,algebra_v2
0x72ab388e2e2f6facef59e3c3fa2c4e29011c2d38,47223438,0xfa4c7cd92bc7b9e68755fc6e6ae1f60249e731f42e4b7c77e9c7abf215e20c4a,-225745146778054160,-0.225745,377018058,377.0181,3237671102892893151049996,668452969946646408,115792089237316195423570985008687907853269984665640564039457584007913112660605,0,12441,algebra_v2
0x72ab388e2e2f6facef59e3c3fa2c4e29011c2d38,47223438,0xfa002765197b5fab98e9d863d637656162c4737056eb284047ff9a83bc3df829,-45878217005649342,-0.045878,76622705,76.6227,3237680183664789388525568,668452969946646408,115792089237316195423570985008687907853269984665640564039457584007913112660605,0,2528,algebra_v2
0x72ab388e2e2f6facef59e3c3fa2c4e29011c2d38,47223446,0x018ccd4afebaf09a7ba010e9595b153e54dcac44340bb08fa38c0253e3461bc8,877967111141558656,0.877967,-1465953625,-1465.9536,3237506396219706015842330,668263285316109018,115792089237316195423570985008687907853269984665640564039457584007913112660604,28972914667671,0,algebra_v2
0x72ab388e2e2f6facef59e3c3fa2c4e29011c2d38,47223452,0x71aed2ad0c8d0d94adbb778e092e3393cf068ea0812d909ac3d1eae4cba4f230,369577581162632507,0.369578,-617041642,-617.0416,3237433213210445505101824,667770517024942178,115792089237316195423570985008687907853269984665640564039457584007913112660603,12196060178366,0,algebra_v2
0x72ab388e2e2f6facef59e3c3fa2c4e29011c2d38,47223455,0x4a5452cfe8824beb48e16750576c6b7f5babf4e346a549552ce49791507a198a,-15342615293684465,-0.015343,25620389,25.6204,3237436252657725436952848,667770517024942178,115792089237316195423570985008687907853269984665640564039457584007913112660603,0,845,algebra_v2
0x72ab388e2e2f6facef59e3c3fa2c4e29011c2d38,47223457,0xf0c09dded4d8aafd328bd627ec6d6e8bbc75cd27eb5d8aca6daddbc27dc5ba30,-323692225778917216,-0.323692,540539687,540.5397,3237500357074916425457619,668263285316109018,115792089237316195423570985008687907853269984665640564039457584007913112660604,0,17837,algebra_v2
0x72ab388e2e2f6facef59e3c3fa2c4e29011c2d38,47223459,0x3b9c2133c541c60f0e308b7d55c513f2786fd2a5641d054d04630702e0c19539,-291804644589243026,-0.291805,487308362,487.3084,3237558125750945435900593,668263285316109018,115792089237316195423570985008687907853269984665640564039457584007913112660604,0,16081,algebra_v2
0x72ab388e2e2f6facef59e3c3fa2c4e29011c2d38,47223459,0x5e1c98e0e300d05673d4e3b39ed8449186d72725a4585d9b69971eed06adab2f,-109771375325812516,-0.109771,183320670,183.3207,3237579857765344099696640,668263285316109018,115792089237316195423570985008687907853269984665640564039457584007913112660604,0,6049,algebra_v2
0x72ab388e2e2f6facef59e3c3fa2c4e29011c2d38,47223459,0x95030a2055aad2aab7e3da50cdedf208d2c791f9159003472d37ca4576d7767a,-138740512387471236,-0.138741,231703302,231.7033,3237607325369016971376068,668263285316109018,115792089237316195423570985008687907853269984665640564039457584007913112660604,0,7646,algebra_v2
0x72ab388e2e2f6facef59e3c3fa2c4e29011c2d38,47223460,0xd98dc1259644c6a4a642b781ac2a43d3ba1d72a57de4c870dc8a058d768f8577,-429390954824621398,-0.429391,717128374,717.1284,3237692321413917460736180,668452969946646408,115792089237316195423570985008687907853269984665640564039457584007913112660605,0,23664,algebra_v2
0x72ab388e2e2f6facef59e3c3fa2c4e29011c2d38,47223461,0x3913664c6e66001d2d74308b061bc41c6da09d04170abb4ffcb71261732a8ba6,-159019368667981386,-0.159019,265588742,265.5887,3237723797081972381856631,668452969946646408,115792089237316195423570985008687907853269984665640564039457584007913112660605,0,8764,algebra_v2
0x72ab388e2e2f6facef59e3c3fa2c4e29011c2d38,47223461,0xaf63cac7abbdbfc1bbf42f111a7b8a0b1e1eaa8eb7e814545399cb757d91085e,-566276695484500790,-0.566277,945818018,945.8180,3237835888632836367030087,668452969946646408,115792089237316195423570985008687907853269984665640564039457584007913112660606,0,31212,algebra_v2
0x72ab388e2e2f6facef59e3c3fa2c4e29011c2d38,47223461,0x03a06854eb11a592520b6a9637d3495a65190afa5c2197d32dd46858b512d8d7,-63374802386556910,-0.063375,105855209,105.8552,3237848433830975573590016,668452969946646408,115792089237316195423570985008687907853269984665640564039457584007913112660606,0,3493,algebra_v2
0x72ab388e2e2f6facef59e3c3fa2c4e29011c2d38,47223461,0x3befd371e986a0485e0973225a05ef7855d0c5ecebf9eea2ac11f511f334c5ea,-82496172472701473,-0.082496,137794946,137.7949,3237864764297030559334400,668452969946646408,115792089237316195423570985008687907853269984665640564039457584007913112660606,0,4547,algebra_v2
0x72ab388e2e2f6facef59e3c3fa2c4e29011c2d38,47223465,0x66c0d9d93710df32025980ee2b1a4509d3c743f5b38430ffea742a9776e0716d,307926946975682176,0.307927,-514226357,-514.2264,3237803815791694702448133,668452969946646408,115792089237316195423570985008687907853269984665640564039457584007913112660606,10161589250197,0,algebra_v2
0x72ab388e2e2f6facef59e3c3fa2c4e29011c2d38,47223465,0xe63222fad2c76e60fd5d259f92cf0481354fc1810236d2a83c67c176be687075,78108820891995615,0.078109,-130435699,-130.4357,3237788355944510616764416,668452969946646408,115792089237316195423570985008687907853269984665640564039457584007913112660605,2577591089436,0,algebra_v2
0x72ab388e2e2f6facef59e3c3fa2c4e29011c2d38,47223467,0xcd6cfb4ed4450a107ff58eb448f4beb0f144640d0766bd3ac7b5a52b6cf3c672,-269997012158487866,-0.269997,450969640,450.9696,3237841801623614928191488,668452969946646408,115792089237316195423570985008687907853269984665640564039457584007913112660606,0,14882,algebra_v2
0x72ab388e2e2f6facef59e3c3fa2c4e29011c2d38,47223467,0x426f695eb77cb505df229ee782b6f317bcf250b6c81f2288b0ddaea505c15f97,-237192803183514168,-0.237193,396189828,396.1898,3237888755193349560269525,668452969946646408,115792089237316195423570985008687907853269984665640564039457584007913112660606,0,13074,algebra_v2
0x72ab388e2e2f6facef59e3c3fa2c4e29011c2d38,47223467,0x0cd3715d597c5aa18d7495844fbb1b16b3ab8d695dbefe4430e160d2bf4b4e16,-28243141669160111,-0.028243,47176082,47.1761,3237894346163331153264640,668452969946646408,115792089237316195423570985008687907853269984665640564039457584007913112660606,0,1556,algebra_v2
0x72ab388e2e2f6facef59e3c3fa2c4e29011c2d38,47223469,0x1e7447ff825ab15de4ced9d20d3130f5d32236effe04646156f73d72ec3a00e8,-30490842869740912,-0.030491,50930725,50.9307,3237900382106546921304603,668452969946646408,115792089237316195423570985008687907853269984665640564039457584007913112660606,0,1681,algebra_v2
0x72ab388e2e2f6facef59e3c3fa2c4e29011c2d38,47223470,0xdadf42aa8a4bb8c7dcbd63d51b9c2a79d951f8439ece175a8c28446b0320d1fe,-25007855114315741,-0.025008,41772297,41.7723,3237905332658627022267862,668452969946646408,115792089237316195423570985008687907853269984665640564039457584007913112660606,0,1378,algebra_v2
0x72ab388e2e2f6facef59e3c3fa2c4e29011c2d38,47223470,0xdadf42aa8a4bb8c7dcbd63d51b9c2a79d951f8439ece175a8c28446b0320d1fe,-29895588744426214,-0.029896,49936773,49.9368,3237911250805751607567816,668452969946646408,115792089237316195423570985008687907853269984665640564039457584007913112660606,0,1648,algebra_v2
0x72ab388e2e2f6facef59e3c3fa2c4e29011c2d38,47223472,0x682db73d10686ce3aabe7aa1f707393b4021e82efc9fbe13f9a8f9934cd77fe7,641720956684012422,0.641721,-1071658635,-1071.6586,3237784232827911531397120,668452969946646408,115792089237316195423570985008687907853269984665640564039457584007913112660605,21176791570572,0,algebra_v2
0x72ab388e2e2f6facef59e3c3fa2c4e29011c2d38,47223473,0xf3013d18be9c1bb27e1fd2f6cc52ebd41a06abb6344ac057432201a53f66bb0f,209333682593106487,0.209334,-349564051,-349.5641,3237742800866714916487168,668452969946646408,115792089237316195423570985008687907853269984665640564039457584007913112660605,6908011525572,0,algebra_v2
0x72ab388e2e2f6facef59e3c3fa2c4e29011c2d38,47223476,0x14016d8c04ed6fe65f542bb7db747e2dddc4b914fbfd611383d24d598cc24da2,-79716962707928411,-0.079717,133144067,133.1441,3237758580144135052870315,668452969946646408,115792089237316195423570985008687907853269984665640564039457584007913112660605,0,4393,algebra_v2
0x72ab388e2e2f6facef59e3c3fa2c4e29011c2d38,47223479,0x8f3b5cd6ba43a7202cf16d736e3f6b53b05858ab190c8595df07db3b32729240,-27392542983118545,-0.027393,45751599,45.7516,3237764002294586530525778,668452969946646408,115792089237316195423570985008687907853269984665640564039457584007913112660605,0,1510,algebra_v2
0x72ab388e2e2f6facef59e3c3fa2c4e29011c2d38,47223486,0x5a0bbf4061da15e40277f691d95ccba2212f14af64dd62c55e15c0255420a239,-200394620264412892,-0.200395,334707947,334.7079,3237803669473828804886839,668452969946646408,115792089237316195423570985008687907853269984665640564039457584007913112660606,0,11045,algebra_v2
0x72ab388e2e2f6facef59e3c3fa2c4e29011c2d38,47223489,0xd1b4ef80975bcedafb1a89ffb7725ba05491b16231f001c7dc5e17eb9ce3ec5e,-318879435235388585,-0.318879,532623428,532.6234,3237866792172776849647342,668452969946646408,115792089237316195423570985008687907853269984665640564039457584007913112660606,0,17576,algebra_v2
0x72ab388e2e2f6facef59e3c3fa2c4e29011c2d38,47223489,0x81cadbeed87159abb9d5e53c6a7ac1f85f18f5d59dc6e9d7e1678cf6f6e5b86d,-144360019398883754,-0.144360,241130966,241.1310,3237895369280973172637696,668452969946646408,115792089237316195423570985008687907853269984665640564039457584007913112660606,0,7957,algebra_v2
0x72ab388e2e2f6facef59e3c3fa2c4e29011c2d38,47223489,0x9695b2045a1963b8292b213ae82e500bdce4370da8b01d5921ee3835b6d3bbd0,-97244084135983352,-0.097244,162433522,162.4335,3237914619733932398084096,668452969946646408,115792089237316195423570985008687907853269984665640564039457584007913112660606,0,5360,algebra_v2
0x72ab388e2e2f6facef59e3c3fa2c4e29011c2d38,47223493,0xd09c578558625ce20c498ad24c882fa32f8fc1256fbed136ca8b8d212e6d9213,-354386270656646111,-0.354386,591972249,591.9722,3237984766867408815757110,668667879215521963,115792089237316195423570985008687907853269984665640564039457584007913112660607,0,19534,algebra_v2
0x72ab388e2e2f6facef59e3c3fa2c4e29011c2d38,47223493,0x690f65317f0cbd26f8660d10095185c9d30ca0ec034113bce617c3c6c139d57c,-54897441559992655,-0.054897,91703822,91.7038,3237995631451847805370368,668667879215521963,115792089237316195423570985008687907853269984665640564039457584007913112660607,0,3026,algebra_v2
0x72ab388e2e2f6facef59e3c3fa2c4e29011c2d38,47223493,0x93f39ab932b5d17485582099a0e3499f2ee679d285c02d590851e356a844dd92,-287351405066480918,-0.287351,480018233,480.0182,3238052501477529748222207,668667879215521963,115792089237316195423570985008687907853269984665640564039457584007913112660607,0,15840,algebra_v2
0x72ab388e2e2f6facef59e3c3fa2c4e29011c2d38,47223493,0x7d7b3a250ad192ddca00582626495fbc48cd600fa5bb4891ecfaea9a520809d3,-3073479672744004,-0.003073,5134316,5.1343,3238053109763995561099264,668667879215521963,115792089237316195423570985008687907853269984665640564039457584007913112660607,0,169,algebra_v2
0x72ab388e2e2f6facef59e3c3fa2c4e29011c2d38,47223494,0xab3a2fc142561f8b0e4c73ab6da8ddb73db19e8109f6d371a1c63724ff4435b5,-87542242306282775,-0.087542,146242025,146.2420,3238070435746850951416529,668667879215521963,115792089237316195423570985008687907853269984665640564039457584007913112660607,0,4826,algebra_v2
0x72ab388e2e2f6facef59e3c3fa2c4e29011c2d38,47223495,0x70373e262024187957ad8862c5978866285d361cff11a4a3f009233cb999d311,-149650850416888094,-0.149651,250000000,250.0000,3238100054426826634459231,668667879215521963,115792089237316195423570985008687907853269984665640564039457584007913112660607,0,8250,algebra_v2
0x72ab388e2e2f6facef59e3c3fa2c4e29011c2d38,47223500,0xa96260eba9d2abcd16ec3680c7f934a9cab3e2372d7bda0aeb3998fcb0120e12,-29229484519631046,-0.029229,48830000,48.8300,3238105839547399484871131,668667879215521963,115792089237316195423570985008687907853269984665640564039457584007913112660607,0,1611,algebra_v2
0x72ab388e2e2f6facef59e3c3fa2c4e29011c2d38,47223505,0xd04be8c0ac40444e376c23554c99fce05af15e68241be783833b96a1f5928316,-1138562154200411,-0.001139,1902056,1.9021,3238106064892857198452209,668667879215521963,115792089237316195423570985008687907853269984665640564039457584007913112660607,0,63,algebra_v2
0x72ab388e2e2f6facef59e3c3fa2c4e29011c2d38,47223509,0x2a32799f2d91ff8dbfe6aeb2ac99fed7991fc88bce8601e853b80f01623448c4,-29618580950380610,-0.029619,49480200,49.4802,3238111927045576812783378,668667879215521963,115792089237316195423570985008687907853269984665640564039457584007913112660607,0,1633,algebra_v2
0x72ab388e2e2f6facef59e3c3fa2c4e29011c2d38,47223510,0x6044098f5ebd9be708a9feea812d78550aa96b055ec091db4bc035e7f2a293bf,-251570081252876967,-0.251570,420275087,420.2751,3238161719018638757402927,668667878144325292,115792089237316195423570985008687907853269984665640564039457584007913112660608,0,13869,algebra_v2
0x72ab388e2e2f6facef59e3c3fa2c4e29011c2d38,47223510,0x98801fd26ad191758dbc94433b734157a9b6c318d318151b4a0b0c67bb43f125,-72085768298373438,-0.072086,120429471,120.4295,3238175986866482042634240,668667878144325292,115792089237316195423570985008687907853269984665640564039457584007913112660608,0,3974,algebra_v2
0x72ab388e2e2f6facef59e3c3fa2c4e29011c2d38,47223510,0xf7c69d95a918f79cb82f71fe9dc0583efe0fff330081670d38b4fcfd5ca7aa19,-149641094625228286,-0.149641,250000000,250.0000,3238205605546505174391657,668667878144325292,115792089237316195423570985008687907853269984665640564039457584007913112660608,0,8250,algebra_v2
0x72ab388e2e2f6facef59e3c3fa2c4e29011c2d38,47223510,0x01fc08ab41e171ab06742fd230ee062289ec9b44066d58c90d1f8ef7b4d15a36,-31298366100695046,-0.031298,52289634,52.2896,3238211800546252728467757,668667878144325292,115792089237316195423570985008687907853269984665640564039457584007913112660608,0,1725,algebra_v2
0x72ab388e2e2f6facef59e3c3fa2c4e29011c2d38,47223517,0xd4565edf72b9afa32c73ee73c7abeb693a9f62a3156784d344e55169be96bf66,-177591614650700680,-0.177592,296703000,296.7030,3238246952351045400916916,668667878144325292,115792089237316195423570985008687907853269984665640564039457584007913112660608,0,9791,algebra_v2
0x72ab388e2e2f6facef59e3c3fa2c4e29011c2d38,47223520,0x24060c4d2038e50d7c5bd2117b4c9b015bcf3fd7a03f0db11b3258a5ac10ab87,627849896773801600,0.627850,-1048712619,-1048.7126,3238122693991198144217977,668667878144325292,115792089237316195423570985008687907853269984665640564039457584007913112660608,20719046593535,0,algebra_v2
0x72ab388e2e2f6facef59e3c3fa2c4e29011c2d38,47223528,0x044297930b5a430696dc0e621a740cde7547484b3a5e519d7103b29322620a59,8405083287396551,0.008405,-14038664,-14.0387,3238121030597994356816585,668667878144325292,115792089237316195423570985008687907853269984665640564039457584007913112660608,277367748484,0,algebra_v2
0x72ab388e2e2f6facef59e3c3fa2c4e29011c2d38,47223531,0xab4303737be45ac72ffe0e322d0da1694c0c59e4f045c18d79f7bd702446f0c3,-179395507132257121,-0.179396,299700000,299.7000,3238156537471606087167377,668667878144325292,115792089237316195423570985008687907853269984665640564039457584007913112660608,0,9890,algebra_v2
0x72ab388e2e2f6facef59e3c3fa2c4e29011c2d38,47223532,0x6e85d9aa6ecda3f132ab38a79f3b60d60f517ff4b3372b4d5fbd050a2d497509,-179391572977944451,-0.179392,299700000,299.7000,3238192044345217817518169,668667878144325292,115792089237316195423570985008687907853269984665640564039457584007913112660608,0,9890,algebra_v2
0x72ab388e2e2f6facef59e3c3fa2c4e29011c2d38,47223533,0x166ae8c9f3a611c56955716fff4c29f8abc576d21bc38f8b8ab085c695aedec8,-179387638953044724,-0.179388,299700000,299.7000,3238227551218829547868961,668667878144325292,115792089237316195423570985008687907853269984665640564039457584007913112660608,0,9890,algebra_v2
0x72ab388e2e2f6facef59e3c3fa2c4e29011c2d38,47223534,0x567a6a1e0a61d6cc2b7f2f0cf29e03d017751f69e092ff6feb00463ee9ccc567,171503043364304691,0.171503,-286470170,-286.4702,3238193608351263603510481,668667878144325292,115792089237316195423570985008687907853269984665640564039457584007913112660608,5659600431022,0,algebra_v2
0x72ab388e2e2f6facef59e3c3fa2c4e29011c2d38,47223534,0x5e349d5300186e076b1df9a81cdfae77a5fdc979216f8ff1460978ae20d921ea,-179387465670171699,-0.179387,299700000,299.7000,3238229115224875333861273,668667878144325292,115792089237316195423570985008687907853269984665640564039457584007913112660608,0,9890,algebra_v2
0x72ab388e2e2f6facef59e3c3fa2c4e29011c2d38,47223535,0xd7d7b3d4c063fb49ee8ef404b5263404f3584f846f8b436fb7a014e1d33bcc80,-179383531780379239,-0.179384,299700000,299.7000,3238264622098487064212065,668667878144325292,115792089237316195423570985008687907853269984665640564039457584007913112660608,0,9890,algebra_v2
0x72ab388e2e2f6facef59e3c3fa2c4e29011c2d38,47223536,0xaf9a6ec9f7b5cab67a344b64ae176128918f03d7760ec4d2d6b7b7ddbb9b5fdf,-179379598019988121,-0.179380,299700000,299.7000,3238300128972098794562857,668667878144325292,115792089237316195423570985008687907853269984665640564039457584007913112660609,0,9890,algebra_v2
0x72ab388e2e2f6facef59e3c3fa2c4e29011c2d38,47223536,0xaf9a6ec9f7b5cab67a344b64ae176128918f03d7760ec4d2d6b7b7ddbb9b5fdf,-179375664388992669,-0.179376,299700000,299.7000,3238335635845710524913649,668667878144325292,115792089237316195423570985008687907853269984665640564039457584007913112660609,0,9890,algebra_v2
0x72ab388e2e2f6facef59e3c3fa2c4e29011c2d38,47223536,0xaf9a6ec9f7b5cab67a344b64ae176128918f03d7760ec4d2d6b7b7ddbb9b5fdf,-179371730887387210,-0.179372,299700000,299.7000,3238371142719322255264441,668667878144325292,115792089237316195423570985008687907853269984665640564039457584007913112660609,0,9890,algebra_v2
0x72ab388e2e2f6facef59e3c3fa2c4e29011c2d38,47223536,0xaf9a6ec9f7b5cab67a344b64ae176128918f03d7760ec4d2d6b7b7ddbb9b5fdf,-179367797515166067,-0.179368,299700000,299.7000,3238406649592933985615233,668667878144325292,115792089237316195423570985008687907853269984665640564039457584007913112660609,0,9890,algebra_v2
0x72ab388e2e2f6facef59e3c3fa2c4e29011c2d38,47223536,0xaf9a6ec9f7b5cab67a344b64ae176128918f03d7760ec4d2d6b7b7ddbb9b5fdf,-179363864272323568,-0.179364,299700000,299.7000,3238442156466545715966025,668667878144325292,115792089237316195423570985008687907853269984665640564039457584007913112660610,0,9890,algebra_v2
0x72ab388e2e2f6facef59e3c3fa2c4e29011c2d38,47223536,0x3250c9d2249972a286a32397e5fe5583f081aeda58de2c4e67b0233323093d21,282666307249142720,0.282666,-472211143,-472.2111,3238386205788448346965262,668667878144325292,115792089237316195423570985008687907853269984665640564039457584007913112660609,9327988139221,0,algebra_v2
0x72ab388e2e2f6facef59e3c3fa2c4e29011c2d38,47223536,0xc89edc54614c4b6080db93fb1a042f302b5792b87d381853f6dac37901bf9705,44330254070716134,0.044330,-74054887,-74.0549,3238377431278932505864624,668667878144325292,115792089237316195423570985008687907853269984665640564039457584007913112660609,1462898384333,0,algebra_v2
0x72ab388e2e2f6facef59e3c3fa2c4e29011c2d38,47223537,0x3eab72601622cb0252977197bc446b395d8ab7fc3c94b518488b220985e3e657,-179367100896052373,-0.179367,299700000,299.7000,3238412938152544236215416,668667878144325292,115792089237316195423570985008687907853269984665640564039457584007913112660609,0,9890,algebra_v2
0x72ab388e2e2f6facef59e3c3fa2c4e29011c2d38,47223537,0xb237bbd260662313d73c7375c753e44bb085c5c73845169a92d4e39a4e4dd67e,1179574548732118016,1.179575,-1970406971,-1970.4070,3238179471391453406428122,668667878144325292,115792089237316195423570985008687907853269984665640564039457584007913112660608,38925960108159,0,algebra_v2
0x72ab388e2e2f6facef59e3c3fa2c4e29011c2d38,47223538,0x711e3b771426dd675381f867ede9ffabd8b9bb35f2a5fe8103b596d2ac8a2a9e,-179389031973118872,-0.179389,299700000,299.7000,3238214978265065136778914,668667878144325292,115792089237316195423570985008687907853269984665640564039457584007913112660608,0,9890,algebra_v2
0x72ab388e2e2f6facef59e3c3fa2c4e29011c2d38,47223538,0x711e3b771426dd675381f867ede9ffabd8b9bb35f2a5fe8103b596d2ac8a2a9e,-179385098031804059,-0.179385,299700000,299.7000,3238250485138676867129706,668667878144325292,115792089237316195423570985008687907853269984665640564039457584007913112660608,0,9890,algebra_v2
0x72ab388e2e2f6facef59e3c3fa2c4e29011c2d38,47223538,0x711e3b771426dd675381f867ede9ffabd8b9bb35f2a5fe8103b596d2ac8a2a9e,-179381164219892847,-0.179381,299700000,299.7000,3238285992012288597480498,668667878144325292,115792089237316195423570985008687907853269984665640564039457584007913112660609,0,9890,algebra_v2
0x72ab388e2e2f6facef59e3c3fa2c4e29011c2d38,47223538,0x711e3b771426dd675381f867ede9ffabd8b9bb35f2a5fe8103b596d2ac8a2a9e,-179377230537379563,-0.179377,299700000,299.7000,3238321498885900327831290,668667878144325292,115792089237316195423570985008687907853269984665640564039457584007913112660609,0,9890,algebra_v2
0x72ab388e2e2f6facef59e3c3fa2c4e29011c2d38,47223538,0x711e3b771426dd675381f867ede9ffabd8b9bb35f2a5fe8103b596d2ac8a2a9e,-179373296984258529,-0.179373,299700000,299.7000,3238357005759512058182082,668667878144325292,115792089237316195423570985008687907853269984665640564039457584007913112660609,0,9890,algebra_v2
0x72ab388e2e2f6facef59e3c3fa2c4e29011c2d38,47223538,0x711e3b771426dd675381f867ede9ffabd8b9bb35f2a5fe8103b596d2ac8a2a9e,-179369363560524072,-0.179369,299700000,299.7000,3238392512633123788532874,668667878144325292,115792089237316195423570985008687907853269984665640564039457584007913112660609,0,9890,algebra_v2
0x72ab388e2e2f6facef59e3c3fa2c4e29011c2d38,47223538,0x711e3b771426dd675381f867ede9ffabd8b9bb35f2a5fe8103b596d2ac8a2a9e,-179365430266170517,-0.179365,299700000,299.7000,3238428019506735518883666,668667878144325292,115792089237316195423570985008687907853269984665640564039457584007913112660609,0,9890,algebra_v2
0x72ab388e2e2f6facef59e3c3fa2c4e29011c2d38,47223538,0x711e3b771426dd675381f867ede9ffabd8b9bb35f2a5fe8103b596d2ac8a2a9e,-179361497101192190,-0.179361,299700000,299.7000,3238463526380347249234458,668667878144325292,115792089237316195423570985008687907853269984665640564039457584007913112660610,0,9890,algebra_v2
0x72ab388e2e2f6facef59e3c3fa2c4e29011c2d38,47223538,0x73e620cda6e0f7e2072caf519b66792bf8560030f39f7939030e8675d6e5d06c,1203750000000000000,1.203750,-2010850430,-2010.8504,3238225267612608501129630,668667878144325292,115792089237316195423570985008687907853269984665640564039457584007913112660608,39723750000000,0,algebra_v2
0x72ab388e2e2f6facef59e3c3fa2c4e29011c2d38,47223538,0xa39b3f37ee6a1fa18ccccafdce255487ed97d18e98061d2ea12b891881549bf6,13257377655932265,0.013257,-22144648,-22.1446,3238222643769189936922624,668667878144325292,115792089237316195423570985008687907853269984665640564039457584007913112660608,437493462646,0,algebra_v2
0x72ab388e2e2f6facef59e3c3fa2c4e29011c2d38,47223538,0x1fc4ec215d50f902f7829ceb04c3bf08d823b66a8c96fb0726ceadd3f1ce58bc,84736225489931939,0.084736,-141539506,-141.5395,3238205873238717776265216,668667878144325292,115792089237316195423570985008687907853269984665640564039457584007913112660608,2796295441168,0,algebra_v2
0x72ab388e2e2f6facef59e3c3fa2c4e29011c2d38,47223538,0x4eaeacc626eafca8602b6c1bd9b3fc1b8b711ee99c1ef8cf80bf107cb1973b8c,99482524510068063,0.099483,-166169177,-166.1692,3238186184423045791366791,668667878144325292,115792089237316195423570985008687907853269984665640564039457584007913112660608,3282923308832,0,algebra_v2
0x72ab388e2e2f6facef59e3c3fa2c4e29011c2d38,47223538,0x73bb2661858649c3d724e8d58f5e5ab022060d7531c5f496a091445fdd013793,-179388288200945244,-0.179388,299700000,299.7000,3238221691296657521717583,668667878144325292,115792089237316195423570985008687907853269984665640564039457584007913112660608,0,9890,algebra_v2
0x72ab388e2e2f6facef59e3c3fa2c4e29011c2d38,47223538,0x2d628905b544bb219343a598463c7ef2f5ce81d919f731f73e84fefbd9c39cb9,260540793898538688,0.260541,-435190466,-435.1905,3238170127071563588326743,668667878144325292,115792089237316195423570985008687907853269984665640564039457584007913112660608,8597846198651,0,algebra_v2
0x72ab388e2e2f6facef59e3c3fa2c4e29011c2d38,47223538,0xe2b64283a61834fcb16d75497b2ff34a91835bbb531fc674cdedb61007d88385,-179390067287300729,-0.179390,299700000,299.7000,3238205633945175318677535,668667878144325292,115792089237316195423570985008687907853269984665640564039457584007913112660608,0,9890,algebra_v2
0x72ab388e2e2f6facef59e3c3fa2c4e29011c2d38,47223538,0xe2b64283a61834fcb16d75497b2ff34a91835bbb531fc674cdedb61007d88385,-179386133311929915,-0.179386,299700000,299.7000,3238241140818787049028327,668667878144325292,115792089237316195423570985008687907853269984665640564039457584007913112660608,0,9890,algebra_v2
0x72ab388e2e2f6facef59e3c3fa2c4e29011c2d38,47223538,0xe2b64283a61834fcb16d75497b2ff34a91835bbb531fc674cdedb61007d88385,-179382199465964196,-0.179382,299700000,299.7000,3238276647692398779379119,668667878144325292,115792089237316195423570985008687907853269984665640564039457584007913112660608,0,9890,algebra_v2
0x72ab388e2e2f6facef59e3c3fa2c4e29011c2d38,47223538,0xe2b64283a61834fcb16d75497b2ff34a91835bbb531fc674cdedb61007d88385,-179378265749397896,-0.179378,299700000,299.7000,3238312154566010509729911,668667878144325292,115792089237316195423570985008687907853269984665640564039457584007913112660609,0,9890,algebra_v2
0x72ab388e2e2f6facef59e3c3fa2c4e29011c2d38,47223538,0xe2b64283a61834fcb16d75497b2ff34a91835bbb531fc674cdedb61007d88385,-179374332162225342,-0.179374,299700000,299.7000,3238347661439622240080703,668667878144325292,115792089237316195423570985008687907853269984665640564039457584007913112660609,0,9890,algebra_v2
0x72ab388e2e2f6facef59e3c3fa2c4e29011c2d38,47223538,0xe2b64283a61834fcb16d75497b2ff34a91835bbb531fc674cdedb61007d88385,-179370398704440857,-0.179370,299700000,299.7000,3238383168313233970431495,668667878144325292,115792089237316195423570985008687907853269984665640564039457584007913112660609,0,9890,algebra_v2
0x72ab388e2e2f6facef59e3c3fa2c4e29011c2d38,47223538,0xe2b64283a61834fcb16d75497b2ff34a91835bbb531fc674cdedb61007d88385,-179366465376038768,-0.179366,299700000,299.7000,3238418675186845700782287,668667878144325292,115792089237316195423570985008687907853269984665640564039457584007913112660609,0,9890,algebra_v2
0x72ab388e2e2f6facef59e3c3fa2c4e29011c2d38,47223538,0xe2b64283a61834fcb16d75497b2ff34a91835bbb531fc674cdedb61007d88385,-179362532177013400,-0.179363,299700000,299.7000,3238454182060457431133079,668667878144325292,115792089237316195423570985008687907853269984665640564039457584007913112660610,0,9890,algebra_v2
0x72ab388e2e2f6facef59e3c3fa2c4e29011c2d38,47223538,0x4803de15cdb12d5e304cdebd989705a3bfa8a951976cf83c762395aae64c0d0b,1309177165222376448,1.309177,-2186938576,-2186.9386,3238195059212452788590438,668667878144325292,115792089237316195423570985008687907853269984665640564039457584007913112660608,43202846452338,0,algebra_v2
0x72ab388e2e2f6facef59e3c3fa2c4e29011c2d38,47223538,0x8ba65ddc1d58d18cf85d892f541a6a6cb6470e90d12332fa0f67ed41fd1c5ae0,-179387304923322417,-0.179387,299700000,299.7000,3238230566086064518941230,668667878144325292,115792089237316195423570985008687907853269984665640564039457584007913112660608,0,9890,algebra_v2
0x72ab388e2e2f6facef59e3c3fa2c4e29011c2d38,47223538,0x8ba65ddc1d58d18cf85d892f541a6a6cb6470e90d12332fa0f67ed41fd1c5ae0,-179383371038817590,-0.179383,299700000,299.7000,3238266072959676249292022,668667878144325292,115792089237316195423570985008687907853269984665640564039457584007913112660608,0,9890,algebra_v2
0x72ab388e2e2f6facef59e3c3fa2c4e29011c2d38,47223538,0x8ba65ddc1d58d18cf85d892f541a6a6cb6470e90d12332fa0f67ed41fd1c5ae0,-179379437283713873,-0.179379,299700000,299.7000,3238301579833287979642814,668667878144325292,115792089237316195423570985008687907853269984665640564039457584007913112660609,0,9890,algebra_v2
0x72ab388e2e2f6facef59e3c3fa2c4e29011c2d38,47223538,0xade0b60330e44e2796bbf41b05ef4e3743bc6dc56b89a4b74bb59140728f2b6c,346042372131841536,0.346042,-578032263,-578.0323,3238233090773793375743120,668667878144325292,115792089237316195423570985008687907853269984665640564039457584007913112660608,11419398280351,0,algebra_v2
0x72ab388e2e2f6facef59e3c3fa2c4e29011c2d38,47223539,0x2e5ff1b02cb58214bf7e3ef9e5b85a65df77195f3620db316e4c461525bfde1e,-179383091328047252,-0.179383,299700000,299.7000,3238268597647405106093912,668667878144325292,115792089237316195423570985008687907853269984665640564039457584007913112660608,0,9890,algebra_v2
0x72ab388e2e2f6facef59e3c3fa2c4e29011c2d38,47223540,0x023754a77ca522f19b26c5b1001c241b3d4b3ea8d8a8bd3191abd16d9844e7d3,-135992587467483873,-0.135993,227210737,227.2107,3238295516375726421966848,668667878144325292,115792089237316195423570985008687907853269984665640564039457584007913112660609,0,7498,algebra_v2
0x72ab388e2e2f6facef59e3c3fa2c4e29011c2d38,47223540,0xcd53aac5e91856f4af753d970937f07afa7499dc8eda0d1ea38e3af0a3d4931a,-179376175388429227,-0.179376,299700000,299.7000,3238331023249338152317640,668667878144325292,115792089237316195423570985008687907853269984665640564039457584007913112660609,0,9890,algebra_v2
0x72ab388e2e2f6facef59e3c3fa2c4e29011c2d38,47223543,0x6fbbeb6f432a2ed7fe0833ed0ed500abc20af312f4f3738fe3e95c187db70560,-206427598785462921,-0.206428,344905394,344.9054,3238371885819296130155698,668667878144325292,115792089237316195423570985008687907853269984665640564039457584007913112660609,0,11382,algebra_v2
0x72ab388e2e2f6facef59e3c3fa2c4e29011c2d38,47223544,0xca57ac4d79d653d3ef3eb134677eb4fe3149beb9ec057ac8a9bedb367c455d0a,1291814184157184,0.001292,-2157997,-2.1580,3238371630125624594696325,668667878144325292,115792089237316195423570985008687907853269984665640564039457584007913112660609,42629868077,0,algebra_v2
0x72ab388e2e2f6facef59e3c3fa2c4e29011c2d38,47223545,0x930a009bc0806dc22594fb733c8bae732824727a234d1bdfed6d826b9b562260,-29894897067611897,-0.029895,49950000,49.9500,3238377547937893216421457,668667878144325292,115792089237316195423570985008687907853269984665640564039457584007913112660609,0,1648,algebra_v2
0x72ab388e2e2f6facef59e3c3fa2c4e29011c2d38,47223548,0x56e2f98cf35e6548a368c20ac1ed3cd0099cff53ddf9825c48b9c10f532eeb52,-1079009792631216297,-1.079010,1802989742,1802.9897,3238591156642876265332736,668667878144325292,115792089237316195423570985008687907853269984665640564039457584007913112660610,0,59498,algebra_v2
0x72ab388e2e2f6facef59e3c3fa2c4e29011c2d38,47223552,0xdfc7fda64474c0b12d1cda5ad4effd6ed32400bf1cf33ad4b3aa9e3c63fb7d3e,1498504492516467,0.001499,-2503615,-2.5036,3238590859998045649868426,668667878144325292,115792089237316195423570985008687907853269984665640564039457584007913112660610,49450648253,0,algebra_v2
0x72ab388e2e2f6facef59e3c3fa2c4e29011c2d38,47223552,0xcb0924b261e0a2d01c8981ca635108189bb7bb742bd57efef1451a63519fd603,-47237746420316949,-0.047238,78938135,78.9381,3238600212171472303234513,668667878144325292,115792089237316195423570985008687907853269984665640564039457584007913112660610,0,2605,algebra_v2
0x72ab388e2e2f6facef59e3c3fa2c4e29011c2d38,47223552,0x88f2b86cb29dc38efc70a159b305b8a8d1466b95c3548382e851f85dc6849e50,-1203870635769460,-0.001204,2011773,2.0118,3238600450515617889037782,668667878144325292,115792089237316195423570985008687907853269984665640564039457584007913112660610,0,66,algebra_v2
0x72ab388e2e2f6facef59e3c3fa2c4e29011c2d38,47223553,0x9bddbd311370bd6e72b33b37c85651a1be5a0f78bbd5bfce1109630323a28e3b,5373557381313240,0.005374,-8977882,-8.9779,3238599386757185072019325,668667878144325292,115792089237316195423570985008687907853269984665640564039457584007913112660610,177327393583,0,algebra_v2
0x72ab388e2e2f6facef59e3c3fa2c4e29011c2d38,47223554,0xec3d44d7c1c1ee025a5be5656fd6fc6c4f28573ec3e1040e25f79fc0c8405002,14163973805366822,0.014164,-23664459,-23.6645,3238596582836520462610116,668667878144325292,115792089237316195423570985008687907853269984665640564039457584007913112660610,467411135577,0,algebra_v2
0x72ab388e2e2f6facef59e3c3fa2c4e29011c2d38,47223556,0x617a2bb3dfeab3900e7e7ae2f600c2aafba24180891ae02ca8618d6c0321d23d,275330285754217924,0.275330,-459999949,-459.9999,3238542079020879460161085,668667878144325292,115792089237316195423570985008687907853269984665640564039457584007913112660610,9085899429889,0,algebra_v2
0x72ab388e2e2f6facef59e3c3fa2c4e29011c2d38,47223559,0x9f7d5e850bbc52b6d230d54be0ecd1292b4ea6e40f19698a0b1c5b82978de1ea,351562500000000000,0.351562,-587340165,-587.3402,3238472487100004098242697,668667878144325292,115792089237316195423570985008687907853269984665640564039457584007913112660610,11601562500000,0,algebra_v2
0x72ab388e2e2f6facef59e3c3fa2c4e29011c2d38,47223559,0x7167637e5cb5f1a4c8301d7be03902d5ba5eff08c3cbbbc595ac28c6540b9ec7,178430200315034525,0.178430,-298085911,-298.0859,3238437167923102977359872,668667878144325292,115792089237316195423570985008687907853269984665640564039457584007913112660609,5888196610396,0,algebra_v2
0x72ab388e2e2f6facef59e3c3fa2c4e29011c2d38,47223559,0xda00ca0d6e5417c7312503ab4c040ab733838f2379fb8be6b6e55f9d76947d91,224638642325250984,0.224639,-375272598,-375.2726,3238392703160593491689472,668667878144325292,115792089237316195423570985008687907853269984665640564039457584007913112660609,7413075196733,0,algebra_v2
0x72ab388e2e2f6facef59e3c3fa2c4e29011c2d38,47223560,0x26696219f31d20741c562dc1f832c6ff2b48c42b92b39885406388be106127a9,362374485580681280,0.362374,-605347033,-605.3470,3238320977667741479600128,668667878144325292,115792089237316195423570985008687907853269984665640564039457584007913112660609,11958358024162,0,algebra_v2
0x72ab388e2e2f6facef59e3c3fa2c4e29011c2d38,47223562,0x756c3a911d7d6befb4351c97487a6482b68f162c06f5304a6565ba299baf2637,21945000000000000,0.021945,-36658288,-36.6583,3238316634152869323181981,668667878144325292,115792089237316195423570985008687907853269984665640564039457584007913112660609,724185000000,0,algebra_v2
0x72ab388e2e2f6facef59e3c3fa2c4e29011c2d38,47223566,0x1262bebf87cad0c305ee1679cb813f70c1337e903df4174662879763d05ac2ac,-261633950603724814,-0.261634,437143405,437.1434,3238368424595338850470695,668667878144325292,115792089237316195423570985008687907853269984665640564039457584007913112660609,0,14425,algebra_v2
0x72ab388e2e2f6facef59e3c3fa2c4e29011c2d38,47223566,0xe2c1d045729fba090672b8cf3a0764e45a7c589e86a8deec44e3292814eb3b59,-101994046380990896,-0.101994,170417546,170.4175,3238388614766352031285248,668667878144325292,115792089237316195423570985008687907853269984665640564039457584007913112660609,0,5623,algebra_v2
0x72ab388e2e2f6facef59e3c3fa2c4e29011c2d38,47223575,0xa9a6218f59e1f8eab8eef71b7e86af04b53f5e6a8213e9cd1a991293a3f55226,4063125299002857,0.004063,-6787587,-6.7876,3238387810528408089062467,668667878144325292,115792089237316195423570985008687907853269984665640564039457584007913112660609,134083134867,0,algebra_v2
0x72ab388e2e2f6facef59e3c3fa2c4e29011c2d38,47223580,0x92212a14d7378716643574f61f46fbb5aca5edf7b503bf4da1c47db2993c376a,316068417972183222,0.316068,-527992587,-527.9926,3238325250498334728126464,668667878144325292,115792089237316195423570985008687907853269984665640564039457584007913112660609,10430257793082,0,algebra_v2
0x72ab388e2e2f6facef59e3c3fa2c4e29011c2d38,47223581,0x5262bfadf4b56cf6efaeb976c2dddae87f50051ebafeade86ae89f12ffe37b59,-149627300237928637,-0.149627,250000000,250.0000,3238354869178357859883881,668667878144325292,115792089237316195423570985008687907853269984665640564039457584007913112660609,0,8250,algebra_v2
0x72ab388e2e2f6facef59e3c3fa2c4e29011c2d38,47223584,0x64908e0df8e0a69ddcd713cab841d3b1103c1cf4fc2794a9f3f8444181b68b41,-1810805065924832545,-1.810805,3025888468,3025.8885,3238713360467617213173608,668667878144325292,115792089237316195423570985008687907853269984665640564039457584007913112660611,0,99854,algebra_v2
0x72ab388e2e2f6facef59e3c3fa2c4e29011c2d38,47223584,0xe7c3fa4aa4fd5283dc990f81ecadba0e39d5058c2928f7ab41c2284baccd509b,-375662019449345658,-0.375662,627822034,627.8220,3238787741507200091160576,668667878144325292,115792089237316195423570985008687907853269984665640564039457584007913112660612,0,20718,algebra_v2
0x72ab388e2e2f6facef59e3c3fa2c4e29011c2d38,47223584,0xe36a1d79d8993d33f5a45c631464416e15b6e2ab750d0f20bbbcc82a471b0caa,-56914684511248737,-0.056915,95120711,95.1207,3238799010906653157490688,668667878144325292,115792089237316195423570985008687907853269984665640564039457584007913112660612,0,3139,algebra_v2
0x72ab388e2e2f6facef59e3c3fa2c4e29011c2d38,47223586,0x0645a88e5f8859354fcaa260b227a8c305e015fecd62ac134063984f223b101b,-457118269391079840,-0.457118,763999327,763.9993,3238889525513062387373009,668667878144325292,115792089237316195423570985008687907853269984665640564039457584007913112660612,0,25212,algebra_v2
0x72ab388e2e2f6facef59e3c3fa2c4e29011c2d38,47223587,0x3d4a03284a4ab32529df4d96ea6271b9c375a65f3c872874bd36910a622d91f9,-146406505545689375,-0.146407,244703848,244.7038,3238918516732807379681280,668667878144325292,115792089237316195423570985008687907853269984665640564039457584007913112660612,0,8075,algebra_v2
0x72ab388e2e2f6facef59e3c3fa2c4e29011c2d38,47223587,0x6b58bff7fbc76c3b2710f389ac09d582c1d723abd5e8ab749ae7a99ddbbf475a,9210594100606117,0.009211,-15391638,-15.3916,3238916693030414572500711,668667878144325292,115792089237316195423570985008687907853269984665640564039457584007913112660612,303949605320,0,algebra_v2
0x72ab388e2e2f6facef59e3c3fa2c4e29011c2d38,47223592,0x4211517f9a9fef1f5e6bcd772f785036d152f00d95b2f5a8469cc19ed6584cb8,788470592,0.000000,-1,-0.0000,3238916693030258455004031,668667878144325292,115792089237316195423570985008687907853269984665640564039457584007913112660612,26019,0,algebra_v2
0x72ab388e2e2f6facef59e3c3fa2c4e29011c2d38,47223602,0x60b80c4a922f6dcac3add49143782bfbf850ea03d9b278f96993477d7eb05d05,163980528019949760,0.163981,-274021654,-274.0217,3238884225144702948237173,668667878144325292,115792089237316195423570985008687907853269984665640564039457584007913112660612,5411357424658,0,algebra_v2
0x72ab388e2e2f6facef59e3c3fa2c4e29011c2d38,47223602,0x7049e0a11007d1f9e889302e0aac0c526fd06b90d1e3f1f9d2a0565162f3fed2,380625000000000000,0.380625,-636026856,-636.0269,3238808864504821083426668,668667878144325292,115792089237316195423570985008687907853269984665640564039457584007913112660612,12560625000000,0,algebra_v2
0x72ab388e2e2f6facef59e3c3fa2c4e29011c2d38,47223602,0xbb892104d5c7d624c8a96e59be38906e26f0d97d41c7252da9f9778d1c707637,23147795453718168,0.023148,-38679162,-38.6792,3238804281543585293139968,668667878144325292,115792089237316195423570985008687907853269984665640564039457584007913112660612,763877249972,0,algebra_v2
0x72ab388e2e2f6facef59e3c3fa2c4e29011c2d38,47223604,0xee5c084726ec9d68774c1389465107b18adb4baf5bcc6b4dd4ed3811f86e4e23,-72301256149628060,-0.072301,120837418,120.8374,3238818597722828953595277,668667878144325292,115792089237316195423570985008687907853269984665640564039457584007913112660612,0,3987,algebra_v2
0x72ab388e2e2f6facef59e3c3fa2c4e29011c2d38,47223605,0x43875c3ee4eb2261866840e259cee96412bf3ef878b30314ff3384c93d61bed7,228750000000000000,0.228750,-382230800,-382.2308,3238773308506854254721588,668667878144325292,115792089237316195423570985008687907853269984665640564039457584007913112660612,7548750000000,0,algebra_v2
0x72ab388e2e2f6facef59e3c3fa2c4e29011c2d38,47223605,0x23216c00e4308e113c5f6d43c5b70f2188dc3578def99fb647e9c186ba80eb32,393113536184690304,0.393114,-656849790,-656.8498,3238695480628963560059228,668667878144325292,115792089237316195423570985008687907853269984665640564039457584007913112660611,12972746694095,0,algebra_v2
0x72ab388e2e2f6facef59e3c3fa2c4e29011c2d38,47223610,0x052cefcf9b5be5c5d29c92c3587e78c25a4cbd90ed910a3dc727ca4f90d66714,494062500000000000,0.494063,-825479718,-825.4797,3238597672369597512313740,668667878144325292,115792089237316195423570985008687907853269984665640564039457584007913112660610,16304062500000,0,algebra_v2
0x72ab388e2e2f6facef59e3c3fa2c4e29011c2d38,47223610,0xab11eb2d42cf677b61b43510c4ddeace9911445cf4d12321eeb00ac8e638bc95,126910869915273356,0.126911,-212034656,-212.0347,3238572549110653442326528,668667878144325292,115792089237316195423570985008687907853269984665640564039457584007913112660610,4188058707204,0,algebra_v2
0x72ab388e2e2f6facef59e3c3fa2c4e29011c2d38,47223619,0xbdc5cf2e232ad8a9b5f4c39b07fa5cc52fc28f41bf9640d52f89d9a21496e048,27079335471251214,0.027079,-45242015,-45.2420,3238567188539459677475154,668667878144325292,115792089237316195423570985008687907853269984665640564039457584007913112660610,893618070551,0,algebra_v2
0x72ab388e2e2f6facef59e3c3fa2c4e29011c2d38,47223622,0xffed6243a1344d1d411d23377d196e81c0223dac6eed4debc4ed809a6456bec4,304687500000000000,0.304688,-509037495,-509.0375,3238506874433309170816647,668667878144325292,115792089237316195423570985008687907853269984665640564039457584007913112660610,10054687500000,0,algebra_v2
0x72ab388e2e2f6facef59e3c3fa2c4e29011c2d38,47223622,0xbd18c75387aee04917c9fbe831b54992ede281ffd72cf9682c80accde56a630c,276002549779204672,0.276003,-461097550,-461.0976,3238452240566705188518701,668667878144325292,115792089237316195423570985008687907853269984665640564039457584007913112660610,9108084142713,0,algebra_v2
0x72ab388e2e2f6facef59e3c3fa2c4e29011c2d38,47223626,0xe168acab6d00d8a9c3f13fc1d906b56d50625586f52432e913d535df77fe8c58,2411721330044202,0.002412,-4029020,-4.0290,3238451763181915502534821,668667878144325292,115792089237316195423570985008687907853269984665640564039457584007913112660610,79586803891,0,algebra_v2
0x72ab388e2e2f6facef59e3c3fa2c4e29011c2d38,47223630,0x53929d91168aaf3305ce4b1c1c30a9198bc41c11135f3f5e844afb4d082e1837,345937500000000000,0.345938,-577910687,-577.9107,3238383288527565364475152,668667878144325292,115792089237316195423570985008687907853269984665640564039457584007913112660609,11415937500000,0,algebra_v2
0x72ab388e2e2f6facef59e3c3fa2c4e29011c2d38,47223637,0x130a17d48e43d0396b60e6ece0a669bf7f573c0d9ab09a20eb01972e66e35b50,-178522522653961302,-0.178523,298289879,298.2899,3238418628337484889544154,668667878144325292,115792089237316195423570985008687907853269984665640564039457584007913112660609,0,9843,algebra_v2
0x72ab388e2e2f6facef59e3c3fa2c4e29011c2d38,47223638,0x1ca47654ba596a6bbdfa2be63b7baf701c0cdf9bf0645aec87f1320376046ea2,-146007882744288181,-0.146008,243966628,243.9666,3238447532215321476726784,668667878144325292,115792089237316195423570985008687907853269984665640564039457584007913112660610,0,8051,algebra_v2
0x72ab388e2e2f6facef59e3c3fa2c4e29011c2d38,47223638,0xb7aab191e6266eb944ff287c5e81f0d1681b56f1f49b0813371c3e98f54973e0,-145314875886842487,-0.145315,242812997,242.8130,3238476299417062572294144,668667878144325292,115792089237316195423570985008687907853269984665640564039457584007913112660610,0,8013,algebra_v2
0x72ab388e2e2f6facef59e3c3fa2c4e29011c2d38,47223638,0x773675084a6e63a0ff93197f805ddc34883ca9df96dc55148103c8c03606570e,-189612984781650069,-0.189613,316839135,316.8391,3238513836844885806589992,668667878144325292,115792089237316195423570985008687907853269984665640564039457584007913112660610,0,10455,algebra_v2
0x72ab388e2e2f6facef59e3c3fa2c4e29011c2d38,47223638,0x9cc835b325e5061abf839992e35c17c2c1c6d4147bd1db26bb54a44498f87d85,-165940336336510640,-0.165940,277288686,277.2887,3238546688544328912073335,668667878144325292,115792089237316195423570985008687907853269984665640564039457584007913112660610,0,9150,algebra_v2
0x72ab388e2e2f6facef59e3c3fa2c4e29011c2d38,47223638,0xe599fa62c7889a6425d81f392d804926518622a737174e886239c8b9f07dd02a,-249380989964259953,-0.249381,416729797,416.7298,3238596060490380297406281,668667878144325292,115792089237316195423570985008687907853269984665640564039457584007913112660610,0,13752,algebra_v2
0x72ab388e2e2f6facef59e3c3fa2c4e29011c2d38,47223655,0x814d92652fcab3710f7fb851ee24dbe2e08d663c1eeedea7274e4500e2e48b07,-5984143652931541,-0.005984,10000000,10.0000,3238597245237581222676577,668667878144325292,115792089237316195423570985008687907853269984665640564039457584007913112660610,0,330,algebra_v2
0x72ab388e2e2f6facef59e3c3fa2c4e29011c2d38,47223656,0xc120f096193ae3cb025a01d9905342b0ae07da42e8b3bcc4300d440e866b6c31,230625000000000000,0.230625,-385311123,-385.3111,3238551591044696750615596,668667878144325292,115792089237316195423570985008687907853269984665640564039457584007913112660610,7610625000000,0,algebra_v2
0x72ab388e2e2f6facef59e3c3fa2c4e29011c2d38,47223656,0xed6ffe22ffa5fdd392d88b0a115ea526b1ccbabdb8b0e601afa09bc9bd103f78,419181320889435072,0.419181,-700309205,-700.3092,3238468613809904588274734,668667878144325292,115792089237316195423570985008687907853269984665640564039457584007913112660610,13832983589351,0,algebra_v2
0x72ab388e2e2f6facef59e3c3fa2c4e29011c2d38,47223660,0x42ace314f93b7062a4a5b90e10550d90e916375f8915a51cba78f73507305c20,-267206912511069151,-0.267207,446496884,446.4969,3238521512403175236173824,668667878144325292,115792089237316195423570985008687907853269984665640564039457584007913112660610,0,14734,algebra_v2
0x72ab388e2e2f6facef59e3c3fa2c4e29011c2d38,47223663,0x1e438224e6f5da1bfa9d6ad440d8996b6e85b0454d0486257e3df74b40be3364,-838699702020341435,-0.838700,1401543535,1401.5435,3238687559881105250467375,668667878144325292,115792089237316195423570985008687907853269984665640564039457584007913112660611,0,46251,algebra_v2
0x72ab388e2e2f6facef59e3c3fa2c4e29011c2d38,47223671,0x547bd7f860ce386f19eff270b844a8c7d1c1d9bba02e25ce033ab221d2755754,267206912511069152,0.267207,-446453366,-446.4534,3238634661153556440298711,668667878144325292,115792089237316195423570985008687907853269984665640564039457584007913112660611,8817828112865,0,algebra_v2
0x72ab388e2e2f6facef59e3c3fa2c4e29011c2d38,47223681,0xd8a4ab2167748c49d6e5145e2071723b4fa8b505ec248b3c3018ce4b5a9a5547,-228289963831684234,-0.228290,381505729,381.5057,3238679859937962805157105,668667878144325292,115792089237316195423570985008687907853269984665640564039457584007913112660611,0,12589,algebra_v2
0x72ab388e2e2f6facef59e3c3fa2c4e29011c2d38,47223697,0x58943b8c037a96fb618f1cad13338497f0bbdd35c8ec60cf2e517926a6c96016,206335951138978990,0.206336,-344748883,-344.7489,3238639011825640920102620,668667878144325292,115792089237316195423570985008687907853269984665640564039457584007913112660611,6809086387586,0,algebra_v2
0x72ab388e2e2f6facef59e3c3fa2c4e29011c2d38,47223699,0x3296ab31796037ca3b89f36bb8ba9f77ff0cf6b623932e8ab203e99e6fd2a751,-149598309806232088,-0.149598,250000000,250.0000,3238668630505664051860037,668667878144325292,115792089237316195423570985008687907853269984665640564039457584007913112660611,0,8250,algebra_v2
0x72ab388e2e2f6facef59e3c3fa2c4e29011c2d38,47223700,0xfa93e1046434ed693c9051a651a7490cd4a533248eba700257f585152521765a,-120848209498907109,-0.120848,201957843,201.9578,3238692557404517838094336,668667878144325292,115792089237316195423570985008687907853269984665640564039457584007913112660611,0,6664,algebra_v2
0x72ab388e2e2f6facef59e3c3fa2c4e29011c2d38,47223700,0x4a05e643845a07e09d5930898cd744f59875265a20fb0cd7c4aec94ce973cda9,-275163265823661081,-0.275163,459855592,459.8556,3238747038667010792526836,668667878144325292,115792089237316195423570985008687907853269984665640564039457584007913112660611,0,15175,algebra_v2
0x72ab388e2e2f6facef59e3c3fa2c4e29011c2d38,47223708,0x94f7105ac96ecc632b022a94967964e457660a4991ad08830d9332102b9f659e,-162861258386704328,-0.162861,272182647,272.1826,3238779285429841037444689,668667878144325292,115792089237316195423570985008687907853269984665640564039457584007913112660612,0,8982,algebra_v2
0x72ab388e2e2f6facef59e3c3fa2c4e29011c2d38,47223708,0x7492f00ce1852875b3ee59264e2427e6e29ddbfd87c84a0edf8f7d0e5eadfcc4,-894823010927498588,-0.894823,1495573869,1495.5739,3238956262496252615008182,673608640630910247,115792089237316195423570985008687907853269984665640564039457584007913112660613,0,49353,algebra_v2
0x72ab388e2e2f6facef59e3c3fa2c4e29011c2d38,47223709,0xea51a36cda7b1e2683edcd9590c4da89a6f0439973bbf075b79f37181a3c0d12,1263932301377536,0.001264,-2112182,-2.1122,3238956014066685900527597,673608640630910247,115792089237316195423570985008687907853269984665640564039457584007913112660613,41709765945,0,algebra_v2
0x72ab388e2e2f6facef59e3c3fa2c4e29011c2d38,47223709,0x9b4fc19441fd57cce11575afa5e736009f3bfad00dfb8a9eff4bfcf6d4812977,-239114268132478261,-0.239114,399674242,399.6742,3239003018049773730004992,673608640630910247,115792089237316195423570985008687907853269984665640564039457584007913112660613,0,13189,algebra_v2
0x72ab388e2e2f6facef59e3c3fa2c4e29011c2d38,47223721,0x2cfeaeff160d8d77a53d97dc550cda228a09a4f4345c991f13fa8bc74c0e909b,404477383550541312,0.404477,-675933060,-675.9331,3238923485164645668846465,668667878144325292,115792089237316195423570985008687907853269984665640564039457584007913112660612,13347753657168,0,algebra_v2
0x72ab388e2e2f6facef59e3c3fa2c4e29011c2d38,47223722,0x1603f0d0a180b3d25d817af617af4018085383475012d9e21e7c6abde0ab5bf2,359962477631385408,0.359962,-601514988,-601.5150,3238852213717559172232044,668667878144325292,115792089237316195423570985008687907853269984665640564039457584007913112660612,11878761761835,0,algebra_v2
0x72ab388e2e2f6facef59e3c3fa2c4e29011c2d38,47223726,0xe4a19da11869e8018dce15d707c48626c91e0ee36c7408d25127dca1a5f18c93,5920496143337,0.000006,-9893,-0.0099,3238852212545345209579505,668667878144325292,115792089237316195423570985008687907853269984665640564039457584007913112660612,195376372,0,algebra_v2
0x72ab388e2e2f6facef59e3c3fa2c4e29011c2d38,47223727,0x8a5fcda61e786bc2796dcad0d37fa7fc38931e6bbd0a56d488fba2b96b868391,-282265567151661561,-0.282266,471771744,471.7717,3238908105570564798676992,668667878144325292,115792089237316195423570985008687907853269984665640564039457584007913112660612,0,15568,algebra_v2
0x72ab388e2e2f6facef59e3c3fa2c4e29011c2d38,47223727,0xc27aac73e5b27d535f5de22f32f6983ccde227ebf3ccba4068d3a01277328738,-477514565588999167,-0.477515,798143096,798.1431,3239002115912247161601226,673608640630910247,115792089237316195423570985008687907853269984665640564039457584007913112660613,0,26338,algebra_v2
0x72ab388e2e2f6facef59e3c3fa2c4e29011c2d38,47223736,0xc7a18fb8133a810231d353252178c9f340bea90fc6c6787859a4a2d603c61db7,-8328125576467323,-0.008328,13920481,13.9205,3239003753040543321023338,673608640630910247,115792089237316195423570985008687907853269984665640564039457584007913112660613,0,459,algebra_v2
0x72ab388e2e2f6facef59e3c3fa2c4e29011c2d38,47223739,0xdce633cef086eddd5cc4cc897be95bd655e8daf87d78d6f1678e8cb728271e1a,-1647526294372891144,-1.647526,2754120569,2754.1206,3239327653415847375355440,673608640630910247,115792089237316195423570985008687907853269984665640564039457584007913112660615,0,90886,algebra_v2
0x72ab388e2e2f6facef59e3c3fa2c4e29011c2d38,47223739,0x9f2aa896414458ca97258fe579ead357c16da779dea2a8f28af4e6198ace328f,2235151947989152512,2.235152,-3735556392,-3735.5564,3238887994979262710996754,668667878144325292,115792089237316195423570985008687907853269984665640564039457584007913112660612,73760014283642,0,algebra_v2
0x72ab388e2e2f6facef59e3c3fa2c4e29011c2d38,47223739,0x13ad8fee5600b87afbdfa0ae46da678afdf50a78de5d71ee96ae9075af034531,215476453600496457,0.215476,-360067032,-360.0670,3238845331872109526253568,668667878144325292,115792089237316195423570985008687907853269984665640564039457584007913112660612,7110722968816,0,algebra_v2
0x72ab388e2e2f6facef59e3c3fa2c4e29011c2d38,47223759,0x998145acf5968a922b065351cb1110dca8e9c55368c9b725a93bc7a51eec852c,510676705880193840,0.510677,-853316827,-853.3168,3238744225289173020442712,668667878144325292,115792089237316195423570985008687907853269984665640564039457584007913112660611,16852331294046,0,algebra_v2
0x72ab388e2e2f6facef59e3c3fa2c4e29011c2d38,47223759,0x788ecf8987fed87282e658f1068d90896df494dd2a9d8bab8f1a5822da9221d5,254994942300362381,0.254995,-426064648,-426.0646,3238693742350924249038848,668667878144325292,115792089237316195423570985008687907853269984665640564039457584007913112660611,8414833095912,0,algebra_v2
0x72ab388e2e2f6facef59e3c3fa2c4e29011c2d38,47223760,0xca0db3f59580e37d1af6fda19b072e03af6b476cacd2cbd14346db8959eecdc1,472232054134996665,0.472232,-789005610,-789.0056,3238600255783363114172564,668667878144325292,115792089237316195423570985008687907853269984665640564039457584007913112660610,15583657786455,0,algebra_v2
0x72ab388e2e2f6facef59e3c3fa2c4e29011c2d38,47223760,0x273c026d024abc091a4a862022399028603c03277276df971f1678d8ee24de86,228799454507903922,0.228799,-382261890,-382.2619,3238554962883574964944896,668667878144325292,115792089237316195423570985008687907853269984665640564039457584007913112660610,7550381998761,0,algebra_v2
0x72ab388e2e2f6facef59e3c3fa2c4e29011c2d38,47223760,0xe562e04116cf30fcb3f9e16c9928e24bac471978414d0a17b92e10fa441a8eac,244687500000000000,0.244688,-408794678,-408.7947,3238506526204847895874751,668667878144325292,115792089237316195423570985008687907853269984665640564039457584007913112660610,8074687500000,0,algebra_v2
0x72ab388e2e2f6facef59e3c3fa2c4e29011c2d38,47223760,0x1ec38e02f4e6a7a66aa76e6892167eb442473eb6a6fba5e6176cd912b29bd594,229455559038380032,0.229456,-383335858,-383.3359,3238461106054257289045661,668667878144325292,115792089237316195423570985008687907853269984665640564039457584007913112660610,7572033448266,0,algebra_v2
0x72ab388e2e2f6facef59e3c3fa2c4e29011c2d38,47223760,0xb7921c8db4f5661a97f63446a92acfa3253776a41bb69c3f1cf40832447756e8,350625000000000000,0.350625,-585744667,-585.7447,3238391703178500675713966,668667878144325292,115792089237316195423570985008687907853269984665640564039457584007913112660609,11570625000000,0,algebra_v2
0x72ab388e2e2f6facef59e3c3fa2c4e29011c2d38,47223766,0x62c74dbfbbfe9f5c49923a65cf676639de5fc3a2e5986d75429b61f5a49773d3,-1003087083247224,-0.001003,1676030,1.6760,3238391901745638753224250,668667878144325292,115792089237316195423570985008687907853269984665640564039457584007913112660609,0,55,algebra_v2
0x72ab388e2e2f6facef59e3c3fa2c4e29011c2d38,47223766,0xd5240d0738e05f11c8d4f032e3c86a4157285d330c23544c7bc872a191aaf49a,46047977852819696,0.046048,-76924654,-76.9247,3238382787207334058265010,668667878144325292,115792089237316195423570985008687907853269984665640564039457584007913112660609,1519583269143,0,algebra_v2
0x72ab388e2e2f6facef59e3c3fa2c4e29011c2d38,47223768,0xdc362f696120a7c79db7ca5b5418f5ae7f869176814c509bb7670db6181c7484,602812500000000000,0.602812,-1006978073,-1006.9781,3238263473830652959328319,668667878144325292,115792089237316195423570985008687907853269984665640564039457584007913112660608,19892812500000,0,algebra_v2
0x72ab388e2e2f6facef59e3c3fa2c4e29011c2d38,47223768,0x35f0d81a591d4e13c8ec5636546bb2c0e911569eba2d90f938c8fbd226e09f86,13769836590915985,0.013770,-23001183,-23.0012,3238260748499333144379392,668667878144325292,115792089237316195423570985008687907853269984665640564039457584007913112660608,454404607500,0,algebra_v2
0x72ab388e2e2f6facef59e3c3fa2c4e29011c2d38,47223768,0x77cb0391a93b204a5b7b04aadc5c2b183bdee6f64e99aa9cc88b47253a7f0193,558181239966570448,0.558181,-932355318,-932.3553,3238150276916811933941924,668667878144325292,115792089237316195423570985008687907853269984665640564039457584007913112660608,18419980918897,0,algebra_v2
0x72ab388e2e2f6facef59e3c3fa2c4e29011c2d38,47223768,0x99bd3cc9365c5fcff2a26638512561d8a47a9bedffd4e0dcbf5e2d32cf24e288,307734375000000000,0.307734,-513995413,-513.9954,3238089375363994496560238,668667879215521963,115792089237316195423570985008687907853269984665640564039457584007913112660607,10155234374999,0,algebra_v2
0x72ab388e2e2f6facef59e3c3fa2c4e29011c2d38,47223769,0x28ba5c4bde562d40a5359884f268d22b40063484b6463ef3bbe26af89e79dbfe,244919149587605793,0.244919,-409064042,-409.0640,3238040906769226329489408,668667879215521963,115792089237316195423570985008687907853269984665640564039457584007913112660607,8082331936391,0,algebra_v2
0x72ab388e2e2f6facef59e3c3fa2c4e29011c2d38,47223769,0xdc21ad35e4be7646c16a6e2d38664de613e745c217686003e2f78f7451866bcb,167812500000000000,0.167813,-280273422,-280.2734,3238007698133187722076718,668667879215521963,115792089237316195423570985008687907853269984665640564039457584007913112660607,5537812500000,0,algebra_v2
0x72ab388e2e2f6facef59e3c3fa2c4e29011c2d38,47223770,0x6fee4b9a9116010249b41dcd3ba4195fe50be358b37ae21e02df5976b4046a9b,105531462334245011,0.105531,-176251292,-176.2513,3237986814722362828039580,668667879215521963,115792089237316195423570985008687907853269984665640564039457584007913112660607,3482538257030,0,algebra_v2
0x72ab388e2e2f6facef59e3c3fa2c4e29011c2d38,47223770,0x41baf803351b2c66e559922a463d3d57d00103fe7e558cacc2bda61a364cb599,292500000000000000,0.292500,-488501227,-488.5012,3237928925098721611144792,668452969946646408,115792089237316195423570985008687907853269984665640564039457584007913112660606,9652500000000,0,algebra_v2
0x72ab388e2e2f6facef59e3c3fa2c4e29011c2d38,47223770,0x707101486ffe3065eeffa866c66d5deeb64270091dc904835ad4a9bbf44856f8,161250000000000000,0.161250,-269294489,-269.2945,3237897007060348202544306,668452969946646408,115792089237316195423570985008687907853269984665640564039457584007913112660606,5321250000000,0,algebra_v2
0x72ab388e2e2f6facef59e3c3fa2c4e29011c2d38,47223770,0xeb3d6de787ab4f26a36948dc6b4d940189e848c10f716fa7f4a0bdba5500ced5,192187500000000000,0.192188,-320954520,-320.9545,3237858966034223413975249,668452969946646408,115792089237316195423570985008687907853269984665640564039457584007913112660606,6342187500000,0,algebra_v2
0x72ab388e2e2f6facef59e3c3fa2c4e29011c2d38,47223770,0xee939c42d0881c3f7d9d039a14bb66807ec9cafa26af7198b1e8438fe7d4433f,538593750000000000,0.538594,-899415292,-899.4153,3237752363140479926297897,668452969946646408,115792089237316195423570985008687907853269984665640564039457584007913112660605,17773593750000,0,algebra_v2
0x72ab388e2e2f6facef59e3c3fa2c4e29011c2d38,47223770,0x8a6d229d886ab457e597ae39843c8609de5bb0ca33bd7bad02c2c0e96d797e91,25981016169388025,0.025981,-43385050,-43.3850,3237747220942079458803712,668452969946646408,115792089237316195423570985008687907853269984665640564039457584007913112660605,857373533589,0,algebra_v2
0x72ab388e2e2f6facef59e3c3fa2c4e29011c2d38,47223770,0x4b66aa8e3cf9fd1c11486f815940fe5c928ea6641130dd7f2f5f149841246c3f,90469976245623075,0.090470,-151072478,-151.0725,3237729315127600640688128,668452969946646408,115792089237316195423570985008687907853269984665640564039457584007913112660605,2985509216105,0,algebra_v2
0x72ab388e2e2f6facef59e3c3fa2c4e29011c2d38,47223771,0xcb2844f451552acc49ff6184d6fda43ad0554f2f9b4d6607c42ba9d1f68a997c,149005768908822995,0.149006,-248815598,-248.8156,3237699824342835931381760,668452969946646408,115792089237316195423570985008687907853269984665640564039457584007913112660605,4917190373991,0,algebra_v2
0x72ab388e2e2f6facef59e3c3fa2c4e29011c2d38,47223772,0xe8007cd7b73d880d9ba02254a1e27bfe514294cbaca8f67c93a89e1dde6869c2,-40009111606055823,-0.040009,66821682,66.8217,3237707743568027772369932,668452969946646408,115792089237316195423570985008687907853269984665640564039457584007913112660605,0,2205,algebra_v2
0x72ab388e2e2f6facef59e3c3fa2c4e29011c2d38,47223775,0x03ead3b835e1f5d9fee50ccddc3be5dc3b5ff7aff7b5fdb412a90e651262f556,186093750000000000,0.186094,-310741699,-310.7417,3237670913013094718305653,668452969946646408,115792089237316195423570985008687907853269984665640564039457584007913112660605,6141093750000,0,algebra_v2
0x72ab388e2e2f6facef59e3c3fa2c4e29011c2d38,47223776,0x1824c14a9b5b42784c99e675fcbed13133de6b47cf4d35c30396dbb969317ad1,77174616223012186,0.077175,-128865077,-128.8651,3237655639323355446771712,668452969946646408,115792089237316195423570985008687907853269984665640564039457584007913112660605,2546762335359,0,algebra_v2
0x72ab388e2e2f6facef59e3c3fa2c4e29011c2d38,47223783,0x9ab66df1bb95ac9948cb27f7ea59becc4e939a3a2668f760f8ff79901ecf2bcf,-255288360182738058,-0.255288,426366786,426.3668,3237706169249138293390120,668452969946646408,115792089237316195423570985008687907853269984665640564039457584007913112660605,0,14070,algebra_v2
0x72ab388e2e2f6facef59e3c3fa2c4e29011c2d38,47223783,0x7fdb9a4fb3f6a2d967af814b00fbb2c3c7ae632b061944550ccf2676fc368862,-310321312967324302,-0.310321,518297332,518.2973,3237767594122241961014508,668452969946646408,115792089237316195423570985008687907853269984665640564039457584007913112660605,0,17103,algebra_v2
0x72ab388e2e2f6facef59e3c3fa2c4e29011c2d38,47223784,0x1931875119b4ea7c728cb5dc66583ea1fd9efdde873509654f255204f0ec277c,-345984892116513360,-0.345985,577885677,577.8857,3237836080977438494949376,668452969946646408,115792089237316195423570985008687907853269984665640564039457584007913112660606,0,19070,algebra_v2
0x72ab388e2e2f6facef59e3c3fa2c4e29011c2d38,47223784,0xe1ada56a2f7ad1a7936417322be79e1816fd299ff3f90ca5b569cf640173973b,-39915792838676,-0.000040,66672,0.0667,3237836088878838289793024,668452969946646408,115792089237316195423570985008687907853269984665640564039457584007913112660606,0,2,algebra_v2
0x72ab388e2e2f6facef59e3c3fa2c4e29011c2d38,47223784,0xc08b9b0dbcb056e59ffd24d67ee52d023e7c2e72059e250be3941c0a90fdd2c6,-610206997064308995,-0.610207,1019265604,1019.2656,3237956884712600526948004,668667879215521963,115792089237316195423570985008687907853269984665640564039457584007913112660607,0,33635,algebra_v2
0x72ab388e2e2f6facef59e3c3fa2c4e29011c2d38,47223786,0x74afaa971aa15965c88b16432c6f2ad173d782ea876b4cf4922d0e0198c59e17,-324873728566205484,-0.324874,542687232,542.6872,3238021179430368377307136,668667879215521963,115792089237316195423570985008687907853269984665640564039457584007913112660607,0,17908,algebra_v2
0x72ab388e2e2f6facef59e3c3fa2c4e29011c2d38,47223787,0x4f2493fe1356f97daa876e343bd2ac233e52c48970aaa1330c5316b9e3406c82,-5926406035842634,-0.005926,9900000,9.9000,3238022352330095414355627,668667879215521963,115792089237316195423570985008687907853269984665640564039457584007913112660607,0,326,algebra_v2
0x72ab388e2e2f6facef59e3c3fa2c4e29011c2d38,47223787,0x4206ac203194c127040912429dff782632fb4bf69f6173ba44c13deff9ff307c,-243990007152121228,-0.243990,407589010,407.5890,3238070641323878866087135,668667879215521963,115792089237316195423570985008687907853269984665640564039457584007913112660607,0,13450,algebra_v2
0x72ab388e2e2f6facef59e3c3fa2c4e29011c2d38,47223789,0x25cdd667279dea5908d767f40d1e495ab87ea68a7795244c88223e970fe92511,1418118697884005632,1.418119,-2368345067,-2368.3451,3237789970794242805959794,668452969946646408,115792089237316195423570985008687907853269984665640564039457584007913112660605,46797917030172,0,algebra_v2
0x72ab388e2e2f6facef59e3c3fa2c4e29011c2d38,47223789,0x339a15ac5513c68150dc0d582c0e333f63e269cf3519edb85e5c0142d1d9fded,37934996472140911,0.037935,-63348128,-63.3481,3237782462478710363652096,668452969946646408,115792089237316195423570985008687907853269984665640564039457584007913112660605,1251854883580,0,algebra_v2
0x72ab388e2e2f6facef59e3c3fa2c4e29011c2d38,47223789,0x1c0d13ed5f0413e503ebb8187d57cdf180316599df8466770f4af8c1e4bb54d8,43872607493271153,0.043873,-73263053,-73.2631,3237773779000033988837376,668452969946646408,115792089237316195423570985008687907853269984665640564039457584007913112660605,1447796047278,0,algebra_v2
0x72ab388e2e2f6facef59e3c3fa2c4e29011c2d38,47223790,0x4cb97f34f6dcbf79c51001dc11f33ba621564911afcadb2866b2d013d176356d,359062500000000000,0.359063,-599585224,-599.5852,3237702713363779906196908,668452969946646408,115792089237316195423570985008687907853269984665640564039457584007913112660605,11849062500000,0,algebra_v2
0x72ab388e2e2f6facef59e3c3fa2c4e29011c2d38,47223790,0x85f0681486ed898300744c645e037f0f525b0f573b773ad4d67110548251a644,102349161956003217,0.102349,-170904269,-170.9043,3237682456992914580963328,668452969946646408,115792089237316195423570985008687907853269984665640564039457584007913112660605,3377522344548,0,algebra_v2
0x72ab388e2e2f6facef59e3c3fa2c4e29011c2d38,47223790,0x48777f2300b05a23154cdcedeb9eec073c3f1b54e985c549ac7a0a5497156049,8500860941482860,0.008501,-14194777,-14.1948,3237680774561697720434688,668452969946646408,115792089237316195423570985008687907853269984665640564039457584007913112660605,280528411069,0,algebra_v2
0x72ab388e2e2f6facef59e3c3fa2c4e29011c2d38,47223791,0x0689751271e5baffeeafc224feb48cbd74943650dcc6394379b6b50a9df8eb69,-9365118695867120,-0.009365,15641049,15.6410,3237682628226257083730720,668452969946646408,115792089237316195423570985008687907853269984665640564039457584007913112660605,0,516,algebra_v2
0x72ab388e2e2f6facef59e3c3fa2c4e29011c2d38,47223791,0xe67f2c5ca9f76a5bc5087fd5e83f4e0903f00ab20b69d43ffb84d7712fbcb56d,253149924534882,0.000253,-422711,-0.4227,3237682578124555821495793,668452969946646408,115792089237316195423570985008687907853269984665640564039457584007913112660605,8353947509,0,algebra_v2
0x72ab388e2e2f6facef59e3c3fa2c4e29011c2d38,47223791,0xf985283ff23a73859fce6c27bef85747e283b78344db73ef4f1b187a5db10b7f,761885847223085,0.000762,-1272201,-1.2722,3237682427337330365354321,668452969946646408,115792089237316195423570985008687907853269984665640564039457584007913112660605,25142232958,0,algebra_v2
0x72ab388e2e2f6facef59e3c3fa2c4e29011c2d38,47223791,0xdbca023cfe2a1600684ff08d7746042652ac57cade047875cbe6f7f2e4ec1612,313018355595978112,0.313018,-522669782,-522.6698,3237620474662804204752902,668263285316109018,115792089237316195423570985008687907853269984665640564039457584007913112660604,10329605734667,0,algebra_v2
0x72ab388e2e2f6facef59e3c3fa2c4e29011c2d38,47223791,0x54f70ac40520338710f6a06f524198b7dce050d65366898f646cf72cbc352888,8625915017152117,0.008626,-14403041,-14.4030,3237618767062572713055040,668263285316109018,115792089237316195423570985008687907853269984665640564039457584007913112660604,284655195566,0,algebra_v2
0x72ab388e2e2f6facef59e3c3fa2c4e29011c2d38,47223791,0x9883c21d789a20a618c02032a8ada317ab12532fdb7be3e99a0b1eb9f86feff1,71709600247178818,0.071710,-119735853,-119.7359,3237604571382664610709504,668263285316109018,115792089237316195423570985008687907853269984665640564039457584007913112660604,2366416808156,0,algebra_v2
0x72ab388e2e2f6facef59e3c3fa2c4e29011c2d38,47223792,0xf34badf50e75c1646ca06d99cb0d1703cbd6663c967935b08cc982483430ff63,161361056453632064,0.161361,-269425969,-269.4260,3237572628696384797672136,668263285316109018,115792089237316195423570985008687907853269984665640564039457584007913112660604,5324914862970,0,algebra_v2
0x72ab388e2e2f6facef59e3c3fa2c4e29011c2d38,47223793,0x4949a0b21451cd17415dfe65441ccd8fe31269b28286eb684c93b3b6a86082a6,-5987927554203887,-0.005988,10000000,10.0000,3237573814160878190262295,668263285316109018,115792089237316195423570985008687907853269984665640564039457584007913112660604,0,330,algebra_v2
0x72ab388e2e2f6facef59e3c3fa2c4e29011c2d38,47223798,0xea76a962f9ca92c4639be4772cd5a6b546c25c267b9bdcb2352f5ad20246a396,181744909064059776,0.181745,-303454922,-303.4549,3237537837059564909161953,668263285316109018,115792089237316195423570985008687907853269984665640564039457584007913112660604,5997581999113,0,algebra_v2
0x72ab388e2e2f6facef59e3c3fa2c4e29011c2d38,47223798,0x5191d2bb589ebd000aadf2fcccdc1efb9464800e08b7f843db87ea917ae26a12,157107693124956477,0.157108,-262313345,-262.3133,3237506737633908311982080,668263285316109018,115792089237316195423570985008687907853269984665640564039457584007913112660604,5184553873123,0,algebra_v2
0x72ab388e2e2f6facef59e3c3fa2c4e29011c2d38,47223798,0x69fbfd5096a821a7747fe7985eb301c64855553ced425f39db3a61e6dc876752,361455587692510628,0.361456,-603481700,-603.4817,3237435163706579644317467,667770517024942178,115792089237316195423570985008687907853269984665640564039457584007913112660603,11928034393852,0,algebra_v2
0x72ab388e2e2f6facef59e3c3fa2c4e29011c2d38,47223798,0xb99a468efc22c115f6c14c48b52f885ca96e49d187523e335b5feaa000128177,138746522454240736,0.138747,-231642359,-231.6424,3237407680315158050111488,667770517024942178,115792089237316195423570985008687907853269984665640564039457584007913112660603,4578635240990,0,algebra_v2
0x72ab388e2e2f6facef59e3c3fa2c4e29011c2d38,47223798,0xb20f6e0115b9a77650ebecd119d667e4beaaa40d3c6a489b08c68f83e17ca6bd,7083622649271966,0.007084,-11826259,-11.8263,3237406277179184416555008,667770517024942178,115792089237316195423570985008687907853269984665640564039457584007913112660603,233759547426,0,algebra_v2
0x72ab388e2e2f6facef59e3c3fa2c4e29011c2d38,47223799,0x3b3a52588abbadefccbbaa3012d9deb60ecd738cb7dbbb6499df7f2d24f98832,-1026010982709888,-0.001026,1713290,1.7133,3237406480433427977358831,667770517024942178,115792089237316195423570985008687907853269984665640564039457584007913112660603,0,56,algebra_v2
0x72ab388e2e2f6facef59e3c3fa2c4e29011c2d38,47223814,0x0c4954ca03c533e24c619fc87c5a70040495741a2403f84b4f45de1a31f60b52,-25207672320003654,-0.025208,42093220,42.0932,3237411474117394740365070,667770517024942178,115792089237316195423570985008687907853269984665640564039457584007913112660603,0,1389,algebra_v2
0x72ab388e2e2f6facef59e3c3fa2c4e29011c2d38,47223814,0x00ff52ec0b61d906344e3582c3ec75ef6b6e8ceb5c885441572bbbe231f32639,-21039903154263608,-0.021040,35133739,35.1337,3237415642170797072159780,667770517024942178,115792089237316195423570985008687907853269984665640564039457584007913112660603,0,1159,algebra_v2
0x72ab388e2e2f6facef59e3c3fa2c4e29011c2d38,47223816,0x45df1879c702ad022af86447015dc27c5c69afe9d5577fa178d8b3f7f4b0c8d6,-19347257778436877,-0.019347,32307334,32.3073,3237419474916713684613486,667770517024942178,115792089237316195423570985008687907853269984665640564039457584007913112660603,0,1066,algebra_v2
0x72ab388e2e2f6facef59e3c3fa2c4e29011c2d38,47223817,0x5c63d05e09553ad1d30f0aca6f91435e782d8fda84648d2fae47502caf520b31,-38814700874988850,-0.038815,64815592,64.8156,3237427164244961300321608,667770517024942178,115792089237316195423570985008687907853269984665640564039457584007913112660603,0,2139,algebra_v2
0x72ab388e2e2f6facef59e3c3fa2c4e29011c2d38,47223821,0x32da8128265b30914d4c644adf03ce7dccaab55b0eacfb5f01df0caa4d995193,-905979812479179942,-0.905980,1512957975,1512.9580,3237606552099138987622400,668263285316109018,115792089237316195423570985008687907853269984665640564039457584007913112660604,0,49927,algebra_v2
0x72ab388e2e2f6facef59e3c3fa2c4e29011c2d38,47223821,0x4856b0e7c3cb5cdbbd135f8af6fe626dcd3b851d9aa447f116388efa12936c8b,17046567422723674,0.017047,-28463088,-28.4631,3237603177563558302335128,668263285316109018,115792089237316195423570985008687907853269984665640564039457584007913112660604,562536724950,0,algebra_v2
0x72ab388e2e2f6facef59e3c3fa2c4e29011c2d38,47223827,0x1ab93818feaf55cd4bc5b13c4cd6890dad02637d15f906654c8d34ec6a7f9092,-351911044925301326,-0.351911,587724429,587.7244,3237672838760294609524864,668452969946646408,115792089237316195423570985008687907853269984665640564039457584007913112660605,0,19394,algebra_v2
0x72ab388e2e2f6facef59e3c3fa2c4e29011c2d38,47223827,0x5772c65d02f0a81c796827ddf917ad4b44b15f694c1bce30c495c337797e7925,-155348049740018178,-0.155348,259453850,259.4538,3237703587364965451825152,668452969946646408,115792089237316195423570985008687907853269984665640564039457584007913112660605,0,8562,algebra_v2
0x72ab388e2e2f6facef59e3c3fa2c4e29011c2d38,47223827,0x6ceb6b3198d50bb045d74e8014f007e03d7e2dcc528da6c4f1fec04f89e98a73,-460742507786385860,-0.460743,769536019,769.5360,3237794787240757755379712,668452969946646408,115792089237316195423570985008687907853269984665640564039457584007913112660606,0,25394,algebra_v2
0x72ab388e2e2f6facef59e3c3fa2c4e29011c2d38,47223828,0x58ff047ec2787cdf9619689cd6beee7186d28dcc6247d59bdb02257bdddee136,-329541101190317777,-0.329541,550428917,550.4289,3237860020118302390497534,668452969946646408,115792089237316195423570985008687907853269984665640564039457584007913112660606,0,18164,algebra_v2
0x72ab388e2e2f6facef59e3c3fa2c4e29011c2d38,47223829,0x4c0e72ee10effd52459403bf7a8217d8b2dadcf08218c31672f4206082c75b8a,-296698254601007555,-0.296698,495590843,495.5908,3237918753981462143303680,668452969946646408,115792089237316195423570985008687907853269984665640564039457584007913112660606,0,16354,algebra_v2
0x72ab388e2e2f6facef59e3c3fa2c4e29011c2d38,47223829,0xdff4d92d035b3b4afcca93de34c9cc5da0556fa44cf40beb57d6262d31038d3b,-28010088210013477,-0.028010,46787666,46.7877,3237924298919196857173177,668452969946646408,115792089237316195423570985008687907853269984665640564039457584007913112660606,0,1544,algebra_v2
0x72ab388e2e2f6facef59e3c3fa2c4e29011c2d38,47223832,0x8a17b95378513c150bf7c4e47099e5fa5cdd4d94f2139d82474eaa1acec1acff,-170116109597796394,-0.170116,284163052,284.1631,3237957975333240084552985,668667879215521963,115792089237316195423570985008687907853269984665640564039457584007913112660607,0,9377,algebra_v2
0x72ab388e2e2f6facef59e3c3fa2c4e29011c2d38,47223832,0x198db8e3945ee29d34f6d5813329dca6fc26c835dbb0be3f93e599ff0a9a25ad,-82515982020284720,-0.082516,137837360,137.8374,3237974305575716540907520,668667879215521963,115792089237316195423570985008687907853269984665640564039457584007913112660607,0,4548,algebra_v2
0x72ab388e2e2f6facef59e3c3fa2c4e29011c2d38,47223832,0x5cf1df0590714861ba5397437e8e35c2eb0982746f6f63fa676694e8beaa9e5e,-93559895731781977,-0.093560,156287151,156.2872,3237992821652099226927104,668667879215521963,115792089237316195423570985008687907853269984665640564039457584007913112660607,0,5157,algebra_v2
0x72ab388e2e2f6facef59e3c3fa2c4e29011c2d38,47223833,0x728f147776df8c2ef65b8293a6092f19e97b1c08280eb9c91f357a21fe45f8c8,-865850894010198666,-0.865851,1446445655,1446.4457,3238164188895928031555614,668667878144325292,115792089237316195423570985008687907853269984665640564039457584007913112660608,0,47732,algebra_v2
0x72ab388e2e2f6facef59e3c3fa2c4e29011c2d38,47223835,0xed258477a094d2813b1968278d8fbcdb313499584b6f72b82f24b7d65ff509c2,12012047976335186,0.012012,-20063739,-20.0637,3238161811612328436629985,668667878144325292,115792089237316195423570985008687907853269984665640564039457584007913112660608,396397583219,0,algebra_v2
0x72ab388e2e2f6facef59e3c3fa2c4e29011c2d38,47223835,0x9151bf10f0f985e987f062ccd24444aa542424c479dfecea58b9acee6aa6dd34,7992000000000,0.000008,-13349,-0.0133,3238161810030646727740812,668667878144325292,115792089237316195423570985008687907853269984665640564039457584007913112660608,263736000,0,algebra_v2
0x72ab388e2e2f6facef59e3c3fa2c4e29011c2d38,47223836,0x68842ef8333e410797b87d0c97cfa97cd79b960ae26533ffe4259b43ea872745,-2051228590451485528,-2.051229,3427282260,3427.2823,3238567856336986602583962,668667878144325292,115792089237316195423570985008687907853269984665640564039457584007913112660610,0,113100,algebra_v2
0x72ab388e2e2f6facef59e3c3fa2c4e29011c2d38,47223836,0x85ba7a469906ca3569ef9dc31086a891f9c8f3e4cf2582053d9462c73b9d1e48,473500018917348288,0.473500,-791062567,-791.0626,3238474126047753096800088,668667878144325292,115792089237316195423570985008687907853269984665640564039457584007913112660610,15625500624272,0,algebra_v2
0x72ab388e2e2f6facef59e3c3fa2c4e29011c2d38,47223836,0x7449bef1ce25ee3efbf8bebc0b779446b400a604ec37d2884e53ab04e85a9504,66119010541783781,0.066119,-110459444,-110.4594,3238461038087191501758455,668667878144325292,115792089237316195423570985008687907853269984665640564039457584007913112660610,2181927347879,0,algebra_v2
0x72ab388e2e2f6facef59e3c3fa2c4e29011c2d38,47223837,0xac8239244733259066f7ac08f70844e69c5503b05df8968a4986d4689ea856d2,354027571669806533,0.354028,-591428763,-591.4288,3238390961722329558679552,668667878144325292,115792089237316195423570985008687907853269984665640564039457584007913112660609,11682909865103,0,algebra_v2
0x72ab388e2e2f6facef59e3c3fa2c4e29011c2d38,47223837,0x90dc4c43460c0c8c1011a4d965ce3a6a03b50e0138123ada195cd70566eedf02,626296537627317943,0.626297,-1046211150,-1046.2112,3238266999752897395620017,668667878144325292,115792089237316195423570985008687907853269984665640564039457584007913112660608,20667785741701,0,algebra_v2
0x72ab388e2e2f6facef59e3c3fa2c4e29011c2d38,47223837,0x85beb39d407296fb453d5a154a30749e452ae83bffa8ac187a13f203fb32cc03,867741390000000,0.000868,-1449482,-1.4495,3238266828008680472975046,668667878144325292,115792089237316195423570985008687907853269984665640564039457584007913112660608,28635465870,0,algebra_v2
0x72ab388e2e2f6facef59e3c3fa2c4e29011c2d38,47223840,0x93d849889c50e77d070d4dfea26d888cd371b52791b9d1a5c52f13a2f979189b,-37750648446462439,-0.037751,63071760,63.0718,3238274300417694583085005,668667878144325292,115792089237316195423570985008687907853269984665640564039457584007913112660608,0,2081,algebra_v2
0x72ab388e2e2f6facef59e3c3fa2c4e29011c2d38,47223841,0x630033a76b46db079b0a829a240d0d5099ddcfaf562480ed927603d084940603,150991121996638000,0.150991,-252215673,-252.2157,3238244416247941655996438,668667878144325292,115792089237316195423570985008687907853269984665640564039457584007913112660608,4982707025889,0,algebra_v2
0x72ab388e2e2f6facef59e3c3fa2c4e29011c2d38,47223841,0x2d3b029fb6c46ddbfb3d68cff588d20e72e668bafe210ea130009021725ae475,1248981797336349440,1.248982,-2086121548,-2086.1215,3237997238863745174027110,668667879215521963,115792089237316195423570985008687907853269984665640564039457584007913112660607,41216399312099,0,algebra_v2
0x72ab388e2e2f6facef59e3c3fa2c4e29011c2d38,47223841,0xcd613f77824a1f6e57fcc981cc5ae17b585c28133a1080108fda1e9a61863fcf,51168541073415911,0.051169,-85457862,-85.4579,3237987113254872043495354,668667879215521963,115792089237316195423570985008687907853269984665640564039457584007913112660607,1688561855422,0,algebra_v2
0x72ab388e2e2f6facef59e3c3fa2c4e29011c2d38,47223841,0x70433483616398564ca7de63d3a5b5c41f695ef230f5fd7bfcbd575794e323db,120696551807457276,0.120697,-201576217,-201.5762,3237963229180518283083776,668667879215521963,115792089237316195423570985008687907853269984665640564039457584007913112660607,3982986209646,0,algebra_v2
0x72ab388e2e2f6facef59e3c3fa2c4e29011c2d38,47223841,0x0df2042e84884a8373eb40c46eaf5e98152f149857a37fd1df843abcf6c3c656,410405644569097336,0.410406,-685399297,-685.3993,3237881994696672300498944,668452969946646408,115792089237316195423570985008687907853269984665640564039457584007913112660606,13543386270779,0,algebra_v2
0x72ab388e2e2f6facef59e3c3fa2c4e29011c2d38,47223842,0x15ff5c4cdd6385a1fda2ccddbf100473b2884bac5bb0797a6703aabc1b50f66a,534276466898195392,0.534276,-892218646,-892.2186,3237776244782899827630265,668452969946646408,115792089237316195423570985008687907853269984665640564039457584007913112660605,17631123407640,0,algebra_v2
0x72ab388e2e2f6facef59e3c3fa2c4e29011c2d38,47223842,0x73ffadb4b9249c7cde957950b17ba2dba0a77cc2204ad1535fda94ae29e3f91a,26005587501408564,0.026006,-43426721,-43.4267,3237771097645385701654528,668452969946646408,115792089237316195423570985008687907853269984665640564039457584007913112660605,858184387546,0,algebra_v2
0x72ab388e2e2f6facef59e3c3fa2c4e29011c2d38,47223844,0x9a1fad05c54d9827c811f51daa16e9de9243b1ecf7a877ff18b6fc25086e11ea,62319273333987440,0.062319,-104066371,-104.0664,3237758763213882572399677,668452969946646408,115792089237316195423570985008687907853269984665640564039457584007913112660605,2056536020021,0,algebra_v2
0x72ab388e2e2f6facef59e3c3fa2c4e29011c2d38,47223848,0x66f9c209bbe95f4de56b8b65a0a85503b86e5c795063418a053586532af7d8f2,-30045646101581461,-0.030046,50182881,50.1829,3237764710528030150559941,668452969946646408,115792089237316195423570985008687907853269984665640564039457584007913112660605,0,1656,algebra_v2
0x72ab388e2e2f6facef59e3c3fa2c4e29011c2d38,47223848,0xe2b37bd5fb860b654ac57d8cbd0f829accf260dec6a876af01b9ebc598325da7,-9012643840048112,-0.009013,15053147,15.0531,3237766494518696464072615,668452969946646408,115792089237316195423570985008687907853269984665640564039457584007913112660605,0,496,algebra_v2
0x72ab388e2e2f6facef59e3c3fa2c4e29011c2d38,47223851,0x25f9067ede0b4c961fabd21fd22a48b186d25324d69d541de5dc8cabfc9dfb33,1730229147882854144,1.730229,-2888990649,-2888.9906,3237423984311682851690581,667770517024942178,115792089237316195423570985008687907853269984665640564039457584007913112660603,57097561880133,0,algebra_v2
0x72ab388e2e2f6facef59e3c3fa2c4e29011c2d38,47223851,0xc7118c2285b9438fea5f59b7e2689d95dae22df9e12906c793e8663274642e2f,-83115447360909106,-0.083115,138792942,138.7929,3237440449863541443973513,667770517024942178,115792089237316195423570985008687907853269984665640564039457584007913112660603,0,4580,algebra_v2
0x72ab388e2e2f6facef59e3c3fa2c4e29011c2d38,47223853,0x14fda7d0236c71721aa832811b5541075e0129bb5c7ad1e224b8968801572407,910837387868379264,0.910837,-1520609238,-1520.6092,3237260035974687507562794,667770517024942178,115792089237316195423570985008687907853269984665640564039457584007913112660602,30057633799656,0,algebra_v2
0x72ab388e2e2f6facef59e3c3fa2c4e29011c2d38,47223856,0x3065f54edd1d5c74ee2a2cc1a0e562b890d3d68b2ba69c62e3986f1732679aa4,910524648356082816,0.910525,-1519917748,-1519.9177,3237079704128126067421409,667770517024942178,115792089237316195423570985008687907853269984665640564039457584007913112660601,30047313395750,0,algebra_v2
0x72ab388e2e2f6facef59e3c3fa2c4e29011c2d38,47223856,0x75c4fa585eda9da6b2198423869168f8e0505b97187431b046d844b175057616,146788886513166761,0.146789,-245015445,-245.0154,3237050634076314014842880,667770517024942178,115792089237316195423570985008687907853269984665640564039457584007913112660601,4844033254934,0,algebra_v2
0x72ab388e2e2f6facef59e3c3fa2c4e29011c2d38,47223862,0x2680485591c78909b8cbeb506ee8440e165f7a0ac122b47fbb496077b93864a1,346119748781391872,0.346120,-577714901,-577.7149,3236982090633686212931870,667770517024942178,115792089237316195423570985008687907853269984665640564039457584007913112660600,11421951709786,0,algebra_v2
0x72ab388e2e2f6facef59e3c3fa2c4e29011c2d38,47223863,0x66cf22585922679282a1790fd27b759a3bed9211eb9fe4edd21b1e3ea3a13518,162155629627476272,0.162156,-270648557,-270.6486,3236949979320974057668608,667770517024942178,115792089237316195423570985008687907853269984665640564039457584007913112660600,5351135777706,0,algebra_v2
0x72ab388e2e2f6facef59e3c3fa2c4e29011c2d38,47223863,0x2ad139cec78b49787c9137ffba0fec5eff5203f56c371fc442ad93b19cf03631,-86778698388150340,-0.086779,144867738,144.8677,3236967165549803203267432,667770517024942178,115792089237316195423570985008687907853269984665640564039457584007913112660600,0,4780,algebra_v2
0x72ab388e2e2f6facef59e3c3fa2c4e29011c2d38,47223863,0xf5823888f102191d31c847bd681dcf62d2eacae52667f302c74cab818af23229,-22573700704901522,-0.022574,37684627,37.6846,3236971636225080394951384,667770517024942178,115792089237316195423570985008687907853269984665640564039457584007913112660600,0,1243,algebra_v2
0x72ab388e2e2f6facef59e3c3fa2c4e29011c2d38,47223865,0xb5300c8b6b02c4756f54141c1cdf24dfe78c4244059c5360b447ec648e554378,-206234630078033518,-0.206235,344293739,344.2937,3237012481143758213087232,667770517024942178,115792089237316195423570985008687907853269984665640564039457584007913112660601,0,11361,algebra_v2
0x72ab388e2e2f6facef59e3c3fa2c4e29011c2d38,47223866,0xd7b877d70f3ae8642113d90b641263ecb98dd8dc2f05cb70c2e0194a9e90d1ea,-499372169276022454,-0.499372,833701565,833.7016,3237111386435419379108662,667770517024942178,115792089237316195423570985008687907853269984665640564039457584007913112660601,0,27512,algebra_v2
0x72ab388e2e2f6facef59e3c3fa2c4e29011c2d38,47223867,0x8ba9f01b4b786f6c77d23b14cfe30cf50a351cf029f6e12607610326b4a66e12,-17450362196573427,-0.017450,29134292,29.1343,3237114842750862491516656,667770517024942178,115792089237316195423570985008687907853269984665640564039457584007913112660601,0,961,algebra_v2
0x72ab388e2e2f6facef59e3c3fa2c4e29011c2d38,47223869,0xe2ddb1ec9dc76629aaa458dad36c6c7e81ef7ee114fecddf4b39c3a497200c9a,-266491095817669616,-0.266491,444928538,444.9285,3237167626371161119870526,667770517024942178,115792089237316195423570985008687907853269984665640564039457584007913112660602,0,14682,algebra_v2
0x72ab388e2e2f6facef59e3c3fa2c4e29011c2d38,47223871,0x268d20a186f7fd8c224c41c42dee50399893859764cb2e75bfb679e05e02bdba,-241411811523846143,-0.241412,403069161,403.0692,3237215444049133651619180,667770517024942178,115792089237316195423570985008687907853269984665640564039457584007913112660602,0,13301,algebra_v2
0x72ab388e2e2f6facef59e3c3fa2c4e29011c2d38,47223871,0x3877f5f51fd17d5649ef1090d69eee3caf7e408121d82d2bcd1756d7a39d2be3,-46927583755560929,-0.046928,78353233,78.3532,3237224739400773638553600,667770517024942178,115792089237316195423570985008687907853269984665640564039457584007913112660602,0,2585,algebra_v2
0x72ab388e2e2f6facef59e3c3fa2c4e29011c2d38,47223871,0x99a4a798a22e5707f944d1a2cfcccda738404504146b729545a424f1cbc0ce62,6998926345909,0.000007,-11683,-0.0117,3237224738014570529567118,667770517024942178,115792089237316195423570985008687907853269984665640564039457584007913112660602,230964569,0,algebra_v2
0x72ab388e2e2f6facef59e3c3fa2c4e29011c2d38,47223873,0xe382ec810c9df9650cea94da62d76019b7e1bb690c32e304e5b2832cc3f87b53,-790027123108473342,-0.790027,1319146293,1319.1463,3237381233521365180481536,667770517024942178,115792089237316195423570985008687907853269984665640564039457584007913112660603,0,43531,algebra_v2
0x72ab388e2e2f6facef59e3c3fa2c4e29011c2d38,47223874,0x6ae6a3008f00842d8aa9fe965ec2cc7d5389cacbced61f622949f0489b888f5f,-41790646331563515,-0.041791,69783405,69.7834,3237389512200758547666091,667770517024942178,115792089237316195423570985008687907853269984665640564039457584007913112660603,0,2303,algebra_v2
0x72ab388e2e2f6facef59e3c3fa2c4e29011c2d38,47223876,0x8a5adba2191ddca51f75ccc3071838a61a4c7e4e632f9270b94cd27112be68f0,-257760323447182918,-0.257760,430424610,430.4246,3237440575162938529153024,667770517024942178,115792089237316195423570985008687907853269984665640564039457584007913112660603,0,14204,algebra_v2
0x72ab388e2e2f6facef59e3c3fa2c4e29011c2d38,47223876,0xb3941438e5b0d0d2724e12a193ab1d55459c9aae174182804c79b2a1c4a24a24,-142398712612069284,-0.142399,237792266,237.7923,3237468785393395841368064,667770517024942178,115792089237316195423570985008687907853269984665640564039457584007913112660603,0,7847,algebra_v2
0x72ab388e2e2f6facef59e3c3fa2c4e29011c2d38,47223876,0x4b1c5a6dda00a06056eb238f67af8febfbaa8bfdd6b0b44fc23e86d8c57726d3,-597697660881822178,-0.597698,998143250,998.1432,3237587113098758341950047,668263285316109018,115792089237316195423570985008687907853269984665640564039457584007913112660604,0,32939,algebra_v2
0x72ab388e2e2f6facef59e3c3fa2c4e29011c2d38,47223878,0x4edd956adecfac11adf4d7079defb0f4ae00d76f1a18ffac3782a2d71ae69d5c,581500182442490880,0.581500,-970900535,-970.9005,3237472004776789370154381,668263285316109018,115792089237316195423570985008687907853269984665640564039457584007913112660604,19189506020602,0,algebra_v2
0x72ab388e2e2f6facef59e3c3fa2c4e29011c2d38,47223878,0x93bd2bb2633b7d8eee70e430f1e7c4499f9d1c18e02ae1330a63dce9bad85fed,488609806958680167,0.488610,-815752925,-815.7529,3237375220131201399390330,667770517024942178,115792089237316195423570985008687907853269984665640564039457584007913112660603,16124123629635,0,algebra_v2
0x72ab388e2e2f6facef59e3c3fa2c4e29011c2d38,47223878,0x683b58befd5533f28785570872635876b357953ba08321c098b0f04239b01035,-15987448097155559,-0.015987,26696229,26.6962,3237378387209676140001859,667770517024942178,115792089237316195423570985008687907853269984665640564039457584007913112660603,0,881,algebra_v2
0x72ab388e2e2f6facef59e3c3fa2c4e29011c2d38,47223879,0xf65d4adf06a43be23b180093408f63a3d5212028bdacdf3f660137d7da37ab6c,161914368764618720,0.161914,-270312055,-270.3121,3237346315821456090097557,667770517024942178,115792089237316195423570985008687907853269984665640564039457584007913112660603,5343174169232,0,algebra_v2
0x72ab388e2e2f6facef59e3c3fa2c4e29011c2d38,47223879,0x6575dba8276157441a4a50cba804334da3e60d7949c8b82f30015421fb7f815b,331454816442210245,0.331455,-553338959,-553.3390,3237280664481828400267264,667770517024942178,115792089237316195423570985008687907853269984665640564039457584007913112660602,10938008942593,0,algebra_v2
0x72ab388e2e2f6facef59e3c3fa2c4e29011c2d38,47223879,0x44a06143d7168566ffe63948902de91ee1d9620fce63009d3103658ca83baaf9,-12554165555237031,-0.012554,20962022,20.9620,3237283151288750612386379,667770517024942178,115792089237316195423570985008687907853269984665640564039457584007913112660602,0,692,algebra_v2
0x72ab388e2e2f6facef59e3c3fa2c4e29011c2d38,47223879,0xf605342b44c7e96e365b9d5e84843b826912c7efbf15fc44a47e04cbbdb8702f,-25612707377832639,-0.025613,42766313,42.7663,3237288224824420834671871,667770517024942178,115792089237316195423570985008687907853269984665640564039457584007913112660602,0,1411,algebra_v2
0x72ab388e2e2f6facef59e3c3fa2c4e29011c2d38,47223880,0x89699d2415ade5a2d2a6d85eaa4025f18e834f422b641fa8d9c7a62cad6d481d,451609266371720576,0.451609,-753895204,-753.8952,3237198778330077427613168,667770517024942178,115792089237316195423570985008687907853269984665640564039457584007913112660602,14903105790267,0,algebra_v2
0x72ab388e2e2f6facef59e3c3fa2c4e29011c2d38,47223880,0xd942d87f08424663a230a54d6435840d3397a643587fa4819f8d1bffcd793992,4978425064018,0.000005,-8310,-0.0083,3237198777344069392334174,667770517024942178,115792089237316195423570985008687907853269984665640564039457584007913112660602,164288027,0,algebra_v2
0x72ab388e2e2f6facef59e3c3fa2c4e29011c2d38,47223882,0x39c0955ff7e1cfa161aeafc5585a9626e54fbfa9c134eff67d2c1f3f3e15abe7,-184187007190436136,-0.184187,307529574,307.5296,3237235260785409939996672,667770517024942178,115792089237316195423570985008687907853269984665640564039457584007913112660602,0,10148,algebra_v2
0x72ab388e2e2f6facef59e3c3fa2c4e29011c2d38,47223883,0xb68bb3ae302c4a6851abe8511067a9f2a362660849df9264df993bb03962a60e,-416058296689066130,-0.416058,694701174,694.7012,3237317675914516727070720,667770517024942178,115792089237316195423570985008687907853269984665640564039457584007913112660603,0,22925,algebra_v2
0x72ab388e2e2f6facef59e3c3fa2c4e29011c2d38,47223883,0x6105828c82370944d32572cfd43e196abece661fcd56f778452a6e8a5f82e6e9,-67772537393283092,-0.067773,113164563,113.1646,3237331101071099731902464,667770517024942178,115792089237316195423570985008687907853269984665640564039457584007913112660603,0,3734,algebra_v2
0x72ab388e2e2f6facef59e3c3fa2c4e29011c2d38,47223884,0x2f7d960501b9723bf743cf5ebdecc9e5cb6ec0455f536110132baf473f1186b9,-362474005195870623,-0.362474,605264222,605.2642,3237402905943401247869830,667770517024942178,115792089237316195423570985008687907853269984665640564039457584007913112660603,0,19973,algebra_v2
0x72ab388e2e2f6facef59e3c3fa2c4e29011c2d38,47223884,0x25eaaa61c66969a3b9ac736a6895579494069bd3e325073567a6b8a12c731a86,-107067591447504880,-0.107068,178788116,178.7881,3237424116279901811530604,667770517024942178,115792089237316195423570985008687907853269984665640564039457584007913112660603,0,5900,algebra_v2
0x72ab388e2e2f6facef59e3c3fa2c4e29011c2d38,47223884,0x4b986274598fa2ceba3f4544126789afeaeb89c388a3f091967876aa1cb349c4,-116757868935000351,-0.116758,194972215,194.9722,3237447246599491611000832,667770517024942178,115792089237316195423570985008687907853269984665640564039457584007913112660603,0,6434,algebra_v2
0x72ab388e2e2f6facef59e3c3fa2c4e29011c2d38,47223884,0x63d0354770b7c12c255b3782e48f80a804df123a4e78a38d951d97d17cf9d6e5,-263912829233314734,-0.263913,440714339,440.7143,3237499508969265976516747,668263285316109018,115792089237316195423570985008687907853269984665640564039457584007913112660604,0,14543,algebra_v2
0x72ab388e2e2f6facef59e3c3fa2c4e29011c2d38,47223885,0xb7f916cdb5d401555ba27315200d95e7a7169e3bd2d7a307c387d6012bf760f0,-1406540687150199140,-1.406541,2349055823,2349.0558,3237777939916216667444279,668452969946646408,115792089237316195423570985008687907853269984665640564039457584007913112660605,0,77518,algebra_v2
0x72ab388e2e2f6facef59e3c3fa2c4e29011c2d38,47223885,0xc6dc61b5d6482aa567534503fc5e680ccecec2b6dbdbbde0a71ccdcd302f2dfb,-14909857595104094,-0.014910,24903036,24.9030,3237780891244840504786944,668452969946646408,115792089237316195423570985008687907853269984665640564039457584007913112660605,0,822,algebra_v2
0x72ab388e2e2f6facef59e3c3fa2c4e29011c2d38,47223886,0x98cc7d25f7da757386c7a8fbff99f0e285102eef84946c88c7b4892a97477be4,-200397511972724828,-0.200398,334716269,334.7163,3237820559410326493995758,668452969946646408,115792089237316195423570985008687907853269984665640564039457584007913112660606,0,11045,algebra_v2
0x72ab388e2e2f6facef59e3c3fa2c4e29011c2d38,47223886,0xd5f2f106e45b1020d27e35c01b831e6dc0587a09c7f726aa0ff3d4ddf9863f6e,6998882294295,0.000007,-11687,-0.0117,3237820558025037544776863,668452969946646408,115792089237316195423570985008687907853269984665640564039457584007913112660606,230963115,0,algebra_v2
0x72ab388e2e2f6facef59e3c3fa2c4e29011c2d38,47223888,0x0238c709a72d56e05281cb039859e104120e36fb82838dfcfb6a1d2c6bdf0fe3,-106070728545804029,-0.106071,177169184,177.1692,3237841554842836464260279,668452969946646408,115792089237316195423570985008687907853269984665640564039457584007913112660606,0,5846,algebra_v2
0x72ab388e2e2f6facef59e3c3fa2c4e29011c2d38,47223889,0xb3db38938339c5e33c4020dc54d13fee1552ad8947845655eec62e83e66a38df,349016691366614023,0.349017,-582834856,-582.8349,3237772474538249089449984,668452969946646408,115792089237316195423570985008687907853269984665640564039457584007913112660605,11517550815098,0,algebra_v2
0x72ab388e2e2f6facef59e3c3fa2c4e29011c2d38,47223890,0x67d2bb5b931633d60d89c32ff11388f34bf2559b4cb8159c36189c0d34ee8e2f,-7184625540920955,-0.007185,12000000,12.0000,3237773896691966877601846,668452969946646408,115792089237316195423570985008687907853269984665640564039457584007913112660605,0,396,algebra_v2
0x72ab388e2e2f6facef59e3c3fa2c4e29011c2d38,47223890,0x250d7897aaa651226d0424222bd8d52ab97bf455485e8c752bbd7eda987adb97,1546696020725886,0.001547,-2582827,-2.5828,3237773590563237161240927,668452969946646408,115792089237316195423570985008687907853269984665640564039457584007913112660605,51040968684,0,algebra_v2
0x72ab388e2e2f6facef59e3c3fa2c4e29011c2d38,47223890,0x7824d8d342d42e6b40e099170200931f9104fb1a7b1a22dc41f717d7548e0960,943299221708715648,0.943299,-1575124137,-1575.1241,3237586886560464094079441,668263285316109018,115792089237316195423570985008687907853269984665640564039457584007913112660604,31128874316387,0,algebra_v2
0x72ab388e2e2f6facef59e3c3fa2c4e29011c2d38,47223895,0x27e1ff9ead48c47169c0127ed51109787c64edfad7f5c15c05427b785097ee60,-10016923555659,-0.000010,16729,0.0167,3237586888543588864654284,668263285316109018,115792089237316195423570985008687907853269984665640564039457584007913112660604,0,0,algebra_v2
0x72ab388e2e2f6facef59e3c3fa2c4e29011c2d38,47223895,0x27e1ff9ead48c47169c0127ed51109787c64edfad7f5c15c05427b785097ee60,-90129555240751,-0.000090,150521,0.1505,3237586906387206584231419,668263285316109018,115792089237316195423570985008687907853269984665640564039457584007913112660604,0,5,algebra_v2
0x72ab388e2e2f6facef59e3c3fa2c4e29011c2d38,47223896,0x6442c1cc455b54f7723a813a2fb402644d70a300d558aa3c794a35f6e7446d4c,-13392527639689992,-0.013393,22366089,22.3661,3237589557807596771936612,668263285316109018,115792089237316195423570985008687907853269984665640564039457584007913112660604,0,738,algebra_v2
0x72ab388e2e2f6facef59e3c3fa2c4e29011c2d38,47223896,0xfa3b65ccbca98f3ef6e931fff15182eef8148778a3b95c60f53cc48d7be8e5c0,-19301640235766033,-0.019302,32234622,32.2346,3237593379107516904444231,668263285316109018,115792089237316195423570985008687907853269984665640564039457584007913112660604,0,1063,algebra_v2
0x72ab388e2e2f6facef59e3c3fa2c4e29011c2d38,47223898,0xc47b0f2bf7d5031c9142505cabf454b76baeae7ae10f153d05eb0c312338fa0b,223125000000000000,0.223125,-372549784,-372.5498,3237549210236533017360433,668263285316109018,115792089237316195423570985008687907853269984665640564039457584007913112660604,7363125000000,0,algebra_v2
0x72ab388e2e2f6facef59e3c3fa2c4e29011c2d38,47223900,0xd24f020f3bd6c872093794274f8c9a80bf5b1f83fb8eb241ad58ac6e74e9acda,7524453993641088,0.007524,-12563335,-12.5633,3237547720748798650816914,668263285316109018,115792089237316195423570985008687907853269984665640564039457584007913112660604,248306981790,0,algebra_v2
0x72ab388e2e2f6facef59e3c3fa2c4e29011c2d38,47223910,0xafc53ca6c06d2c02571e2f622afbce76513881f7045e1a96ae922ff966b98aea,3499195593176802,0.003499,-5842488,-5.8425,3237547028073236064054977,668263285316109018,115792089237316195423570985008687907853269984665640564039457584007913112660604,115473454574,0,algebra_v2
0x72ab388e2e2f6facef59e3c3fa2c4e29011c2d38,47223912,0x8761ea6aeda105e37a0e9f12ad88f3e73f88c90014ee2399fc59fc946aa5c192,545949109930266048,0.545949,-911522170,-911.5222,3237438936171614255128003,667770517024942178,115792089237316195423570985008687907853269984665640564039457584007913112660603,18016320627698,0,algebra_v2
0x72ab388e2e2f6facef59e3c3fa2c4e29011c2d38,47223913,0xa286b5eaad822441885610537d2c1320227cbe25b895c682fbfd4fb1511da67e,951747004518776229,0.951747,-1588900863,-1588.9009,3237250419768754490572800,667770517024942178,115792089237316195423570985008687907853269984665640564039457584007913112660602,31407651149119,0,algebra_v2
0x72ab388e2e2f6facef59e3c3fa2c4e29011c2d38,47223913,0xc050ac323103ba237a08aca0094d7f81bad67d954128caa28e2b50610d0386d7,358490234828839168,0.358490,-598436118,-598.4361,3237179417840947844831154,667770517024942178,115792089237316195423570985008687907853269984665640564039457584007913112660602,11830177749351,0,algebra_v2
0x72ab388e2e2f6facef59e3c3fa2c4e29011c2d38,47223913,0xa5167299432b2a0536bf1a13d6093d1abab3c0ec6e49d64f2fdc0bd397b90ef0,398747997891948422,0.398748,-665608504,-665.6085,3237100446192094794481664,667770517024942178,115792089237316195423570985008687907853269984665640564039457584007913112660601,13158683930434,0,algebra_v2
0x72ab388e2e2f6facef59e3c3fa2c4e29011c2d38,47223915,0xc2350aceed74bc26a213e35c26d47f492fba44f7ca26afeac6ae185d7c29fd56,409886969009961344,0.409887,-684168339,-684.1683,3237019272496879390159867,667770517024942178,115792089237316195423570985008687907853269984665640564039457584007913112660601,13526269977329,0,algebra_v2
0x72ab388e2e2f6facef59e3c3fa2c4e29011c2d38,47223915,0x372da72268ac2fcca087080579ddd2074e9f290069e43f8ef00da8ea921a886b,196384773116966257,0.196385,-327786123,-327.7861,3236980382052291604119552,667770517024942178,115792089237316195423570985008687907853269984665640564039457584007913112660600,6480697512860,0,algebra_v2
0x72ab388e2e2f6facef59e3c3fa2c4e29011c2d38,47223916,0xa6479c481a510a158332cba318bccb9ca91899d31c7e3ea828e7aa9a8028854a,29022078462970969,0.029022,-48440127,-48.4401,3236974634834968463127514,667770517024942178,115792089237316195423570985008687907853269984665640564039457584007913112660600,957728589278,0,algebra_v2
0x72ab388e2e2f6facef59e3c3fa2c4e29011c2d38,47223916,0xdb2dd62b69f6270937d2a9bd8402ba38230e7a2538b9dbe8d4d4075af48eb6ee,-3327855586397467,-0.003328,5555555,5.5556,3236975293912229764463252,667770517024942178,115792089237316195423570985008687907853269984665640564039457584007913112660600,0,183,algebra_v2
0x72ab388e2e2f6facef59e3c3fa2c4e29011c2d38,47223917,0x35161c98cdb5b42cb4cfb81c0fa91af3814855c6a54dae371b1975348e16f371,-8625139740773761,-0.008625,14398903,14.3989,3236977002110644152533014,667770517024942178,115792089237316195423570985008687907853269984665640564039457584007913112660600,0,475,algebra_v2
0x72ab388e2e2f6facef59e3c3fa2c4e29011c2d38,47223925,0x8075e3989e5c311d1da42acac482d14e8b416284c1da4f18e0113d1666e796ec,251718750000000000,0.251719,-420131754,-420.1318,3236927155245538546405165,667770517024942178,115792089237316195423570985008687907853269984665640564039457584007913112660600,8306718750000,0,algebra_v2
0x72ab388e2e2f6facef59e3c3fa2c4e29011c2d38,47223925,0xb23aa19e6af453e0fde0ea8ee4b33b50602dfacac4b3dc5db253d00c1dd6ce4b,55956656674020680,0.055957,-93392827,-93.3928,3236916074579451994701824,667770517024942178,115792089237316195423570985008687907853269984665640564039457584007913112660600,1846569670242,0,algebra_v2
0x72ab388e2e2f6facef59e3c3fa2c4e29011c2d38,47223925,0xac946fa4c7924695c2d6d1379e0b6550db51602e853417ad2ff0a0daae68c1a5,16079851703588779,0.016080,-26837489,-26.8375,3236912890424199745634304,667770517024942178,115792089237316195423570985008687907853269984665640564039457584007913112660600,530635106218,0,algebra_v2
0x72ab388e2e2f6facef59e3c3fa2c4e29011c2d38,47223925,0xa09425c213f8b77df5fb36f11892435a5e7419a2b8cddd665c499fe2a3903195,349136557050819584,0.349137,-582700611,-582.7006,3236843755448039450345206,667770517024942178,115792089237316195423570985008687907853269984665640564039457584007913112660600,11521506382677,0,algebra_v2
0x72ab388e2e2f6facef59e3c3fa2c4e29011c2d38,47223925,0xa6af802a3831529bd1514cd13212047d120464b7826c96f22655b34fcc69af1f,129906434032873605,0.129906,-216804395,-216.8044,3236818032518579370328064,667770517024942178,115792089237316195423570985008687907853269984665640564039457584007913112660599,4286912323085,0,algebra_v2
0x72ab388e2e2f6facef59e3c3fa2c4e29011c2d38,47223925,0x9bd59d176303c504394d6901fec3eeeafea8553df027c671ad2ce6689e6c00e7,162621045013720640,0.162621,-271397846,-271.3978,3236785832305829378782172,667770517024942178,115792089237316195423570985008687907853269984665640564039457584007913112660599,5366494485453,0,algebra_v2
0x72ab388e2e2f6facef59e3c3fa2c4e29011c2d38,47223926,0x2ce507429a7541bb902aeb20564b7c339c405a718bcf0afa10de3fbc6888f677,300341360166247808,0.300341,-501224733,-501.2247,3236726364099825127272497,667770517024942178,115792089237316195423570985008687907853269984665640564039457584007913112660599,9911264885486,0,algebra_v2
0x72ab388e2e2f6facef59e3c3fa2c4e29011c2d38,47223926,0xb7ff1cc3e671a0f1f4585495e06eee0442e28feb3f279af3c7a75bce5850c651,18511261378993209,0.018511,-30891919,-30.8919,3236722698903553816133632,667770517024942178,115792089237316195423570985008687907853269984665640564039457584007913112660599,610871625507,0,algebra_v2
0x72ab388e2e2f6facef59e3c3fa2c4e29011c2d38,47223926,0x61c7d72861d8a9d9198748292a034b4723a416953b2a74d5602ee9259f3e168b,-19148960439853557,-0.019149,31962517,31.9625,3236726490742417991087630,667770517024942178,115792089237316195423570985008687907853269984665640564039457584007913112660599,0,1055,algebra_v2
0x72ab388e2e2f6facef59e3c3fa2c4e29011c2d38,47223926,0xaf33e8e978d4dc8a567fc4b72a11f488b86889c284997984b55bc6c79d07db85,292993890402733696,0.292994,-488945198,-488.9452,3236668479451576281006062,667770517024942178,115792089237316195423570985008687907853269984665640564039457584007913112660599,9668798383290,0,algebra_v2
0x72ab388e2e2f6facef59e3c3fa2c4e29011c2d38,47223926,0x63ec1c98ce61c10715da9b9bb3a0004a76d95c826f33e9958a822f8a01b74919,357656250000000000,0.357656,-596829326,-596.8293,3236597668162877968375543,667770517024942178,115792089237316195423570985008687907853269984665640564039457584007913112660598,11802656250000,0,algebra_v2
0x72ab388e2e2f6facef59e3c3fa2c4e29011c2d38,47223926,0x3c3eaad2d6380d25425e8c7fe8c93d6aa36f8fe66d5077469d6e6228117d4d28,134388469500273136,0.134388,-224250423,-224.2504,3236571061793518866399232,667770517024942178,115792089237316195423570985008687907853269984665640564039457584007913112660598,4434819493509,0,algebra_v2
0x72ab388e2e2f6facef59e3c3fa2c4e29011c2d38,47223926,0x74c0c76d673d10229933ffec2d321160bfa2d6b7b6e06764f437588502ecd2ef,-5931713929565,-0.000006,9900,0.0099,3236571062967993571007085,667770517024942178,115792089237316195423570985008687907853269984665640564039457584007913112660598,0,0,algebra_v2
0x72ab388e2e2f6facef59e3c3fa2c4e29011c2d38,47223927,0x39299bf3699fc3406eabbc6f9e11398b6fdf840e2be1faa1a6c632ae715266bf,-9816690630331740,-0.009817,16384000,16.3840,3236573006666205133207518,667770517024942178,115792089237316195423570985008687907853269984665640564039457584007913112660598,0,540,algebra_v2
0x72ab388e2e2f6facef59e3c3fa2c4e29011c2d38,47223927,0x95e6fde2dbaefe4d711f5ec391ed1a73719201c226f0d92a65101b1584375aa2,156438992290772960,0.156439,-261041207,-261.0412,3236542035225102279037141,667770517024942178,115792089237316195423570985008687907853269984665640564039457584007913112660598,5162486745595,0,algebra_v2
0x72ab388e2e2f6facef59e3c3fa2c4e29011c2d38,47223927,0x206a3a0c760a7f8c69902b99443bd6d35d4af8fc9e5e186a611d6de6d8b71fba,42627876774830498,0.042628,-71129945,-71.1299,3236533595956354008219648,667770517024942178,115792089237316195423570985008687907853269984665640564039457584007913112660598,1406719933569,0,algebra_v2
0x72ab388e2e2f6facef59e3c3fa2c4e29011c2d38,47223928,0x8646c7c1a52836d2a315b6b2e5c9bb5e00b6fe8c79348b2220e7eef22a8320bf,-3906131212691748,-0.003906,6519157,6.5192,3236534369349548710696375,667770517024942178,115792089237316195423570985008687907853269984665640564039457584007913112660598,0,215,algebra_v2
0x72ab388e2e2f6facef59e3c3fa2c4e29011c2d38,47223929,0x13ad656936fd606610a17c2dab80712f9fef15794d82e9275aa63c8780a9b2ef,-4056187839916295,-0.004056,6769598,6.7696,3236535172453548305493566,667770517024942178,115792089237316195423570985008687907853269984665640564039457584007913112660598,0,223,algebra_v2
0x72ab388e2e2f6facef59e3c3fa2c4e29011c2d38,47223930,0x485e7bfd310f8db8f5c20bab94cd6bd90de88b2809b6377634187a412d5d447b,317948956459758584,0.317949,-530526424,-530.5264,3236472227455271450968064,667763930848122857,115792089237316195423570985008687907853269984665640564039457584007913112660597,10492315563171,0,algebra_v2
0x72ab388e2e2f6facef59e3c3fa2c4e29011c2d38,47223932,0xc06870cdb8f8ea925421fa5ddc87865c03ceb243c96e894c0a00a025f5e2d81c,-39723756685880,-0.000040,66295,0.0663,3236472235320141346044874,667763930848122857,115792089237316195423570985008687907853269984665640564039457584007913112660597,0,2,algebra_v2
0x72ab388e2e2f6facef59e3c3fa2c4e29011c2d38,47223932,0x95aea53ea01e9a4471eae0a7ee49b2d17986f68f0e537d5919dd561d9bbb0673,-56543475542625185,-0.056543,94365238,94.3652,3236483430349388129148762,667763930848122857,115792089237316195423570985008687907853269984665640564039457584007913112660597,0,3114,algebra_v2
0x72ab388e2e2f6facef59e3c3fa2c4e29011c2d38,47223934,0x0ee91e4594e3ffc129185774d562a5f6f80fd9e90f0b63e603526958da919445,411011578918579676,0.411012,-685783947,-685.7839,3236402064166610721046528,667763930848122857,115792089237316195423570985008687907853269984665640564039457584007913112660597,13563382104313,0,algebra_v2
0x72ab388e2e2f6facef59e3c3fa2c4e29011c2d38,47223934,0x6e3a2aee8e4d55269c89ad64eaec1f4b72933cbde836a87b0b6d1a69e7e9e6d9,-2114896070758448,-0.002115,3529379,3.5294,3236402482874828593713307,667763930848122857,115792089237316195423570985008687907853269984665640564039457584007913112660597,0,116,algebra_v2
0x72ab388e2e2f6facef59e3c3fa2c4e29011c2d38,47223934,0x0eecfa8cd106bf02b20b9c91ba7a95248aec3cb30a6f79a29b71d2c9452d6b83,-2226205073633181,-0.002226,3715135,3.7151,3236402923620177465986071,667763930848122857,115792089237316195423570985008687907853269984665640564039457584007913112660597,0,122,algebra_v2
0x72ab388e2e2f6facef59e3c3fa2c4e29011c2d38,47223936,0xb01b910e6e9cc9cc0952a11be53e7b9aba48a5b3dbab4ac513c10bf30a4bc7db,624053800318631133,0.624054,-1041185294,-1041.1853,3236279390146912260718592,667763930848122857,115792089237316195423570985008687907853269984665640564039457584007913112660596,20593775410515,0,algebra_v2
0x72ab388e2e2f6facef59e3c3fa2c4e29011c2d38,47223937,0x1e965f93f135ae16f7811c9bf00c65de9902fc83d21606bca72202fcb0dd4294,-28120618703115990,-0.028121,46924743,46.9247,3236284957068356873600142,667763930848122857,115792089237316195423570985008687907853269984665640564039457584007913112660596,0,1548,algebra_v2
0x72ab388e2e2f6facef59e3c3fa2c4e29011c2d38,47223937,0x32a13ae89d56f2ff78e80524373e5bf6daf2783be4f4ea962b37b8289bcf1547,-4683897183027091,-0.004684,7816013,7.8160,3236285884321781550329491,667763930848122857,115792089237316195423570985008687907853269984665640564039457584007913112660596,0,258,algebra_v2
0x72ab388e2e2f6facef59e3c3fa2c4e29011c2d38,47223937,0xd3d3ad5500dae7b526cb86a58632982d354247788825f2cb416ec9acf9abca92,403301198382724897,0.403301,-672837143,-672.8371,3236206054237990801113088,667763930848122857,115792089237316195423570985008687907853269984665640564039457584007913112660596,13308939546630,0,algebra_v2
0x72ab388e2e2f6facef59e3c3fa2c4e29011c2d38,47223937,0x7a6c6686ea0a05f3db9a6838d34c03827536364ab88d8c2fde2b4f284af90cb6,486562500000000000,0.486563,-811699807,-811.6998,3236109748520836126225732,667763930848122857,115792089237316195423570985008687907853269984665640564039457584007913112660595,16056562500000,0,algebra_v2
0x72ab388e2e2f6facef59e3c3fa2c4e29011c2d38,47223937,0x9d8f23b3d49aa8671722fc58c8d01e9bbad53c5d58f5328a08fb4a7c61fd46c3,382500000000000000,0.382500,-638065354,-638.0654,3236034044004229280264089,667763930848122857,115792089237316195423570985008687907853269984665640564039457584007913112660595,12622500000000,0,algebra_v2
0x72ab388e2e2f6facef59e3c3fa2c4e29011c2d38,47223937,0x34265388133cbde3cad676617bf9b6e4c60714df0ff07a145271a43599c0a8ea,30237244905989190,0.030237,-50438827,-50.4388,3236028059590567546322944,667763930848122857,115792089237316195423570985008687907853269984665640564039457584007913112660595,997829081897,0,algebra_v2
0x72ab388e2e2f6facef59e3c3fa2c4e29011c2d38,47223937,0x6424b19ab24ac166f28f74f0202f8c4ec3a5df9ea005dd39a8a0080baf4638be,78948468461709988,0.078948,-131693266,-131.6933,3236012434584396072222720,667763930848122857,115792089237316195423570985008687907853269984665640564039457584007913112660594,2605299459236,0,algebra_v2
0x72ab388e2e2f6facef59e3c3fa2c4e29011c2d38,47223937,0x37673265ecef8766f4ccd406e53adfcfe14187042b888fff5752d3f2fe6c77e3,-74423015110286765,-0.074423,124169195,124.1692,3236027165409063612876035,667763930848122857,115792089237316195423570985008687907853269984665640564039457584007913112660595,0,4097,algebra_v2
0x72ab388e2e2f6facef59e3c3fa2c4e29011c2d38,47223937,0xf893d55cb872eb804da6f590ba031d08489f006514a6e2b6456f2dfecbcf1468,-9819990801066353,-0.009820,16384000,16.3840,3236029109126445932155976,667763930848122857,115792089237316195423570985008687907853269984665640564039457584007913112660595,0,540,algebra_v2
0x72ab388e2e2f6facef59e3c3fa2c4e29011c2d38,47223938,0xdc3b22daebdcc0c81597b28604b0448de5d4a1fd5e2fbcf7791f82bef761d76d,526389279419470528,0.526389,-878042008,-878.0420,3235924932108627588205374,667763930848122857,115792089237316195423570985008687907853269984665640564039457584007913112660594,17370846220842,0,algebra_v2
0x72ab388e2e2f6facef59e3c3fa2c4e29011c2d38,47223938,0xe17285bb605e4f21a0a8547b63cc469939b8ce621e22c26e09e3c343dfe0c0d4,160369335117952224,0.160369,-267492337,-267.4923,3235893194955070693176362,667763930848122857,115792089237316195423570985008687907853269984665640564039457584007913112660594,5292188058892,0,algebra_v2
0x72ab388e2e2f6facef59e3c3fa2c4e29011c2d38,47223939,0x20cc679f19e60917c7e56e66e02f6bff7460116d4b3dae4cd579af7a908cac41,621537509720061952,0.621538,-1036660602,-1036.6606,3235770198323478685765507,667763936805398001,115792089237316195423570985008687907853269984665640564039457584007913112660593,20510737820761,0,algebra_v2
0x72ab388e2e2f6facef59e3c3fa2c4e29011c2d38,47223939,0xd2fa64bb10c811ff2737496d66e217cabea56abc70b35759bb69c1c340935fe0,-27952650818782364,-0.027953,46629778,46.6298,3235775730251731862438893,667763936805398001,115792089237316195423570985008687907853269984665640564039457584007913112660593,0,1538,algebra_v2
0x72ab388e2e2f6facef59e3c3fa2c4e29011c2d38,47223939,0xe5d957873fe57c8744601a96f581804c31ec7d0e969f9114175a6a9091f812e8,-6401422762337759,-0.006401,10678685,10.6787,3235776997118551577512019,667763936805398001,115792089237316195423570985008687907853269984665640564039457584007913112660593,0,352,algebra_v2
0x72ab388e2e2f6facef59e3c3fa2c4e29011c2d38,47223939,0xdc875e2de03954c051828221fa9dbdb2387b955e1fc7e0a0f31bd23dd68e7513,-111821857104494605,-0.111822,186539626,186.5396,3235799127265250771180662,667763936805398001,115792089237316195423570985008687907853269984665640564039457584007913112660593,0,6155,algebra_v2
0x72ab388e2e2f6facef59e3c3fa2c4e29011c2d38,47223940,0x98c6d9823039969e18285569dc5704886d5755e9d204de73f93a3001b3b07bb1,-17977853721902790,-0.017978,29990638,29.9906,3235802685207400581093872,667763936805398001,115792089237316195423570985008687907853269984665640564039457584007913112660593,0,990,algebra_v2
0x72ab388e2e2f6facef59e3c3fa2c4e29011c2d38,47223940,0xa1acac7e65ef70a92a599566ee9c66618c844d828d1f6edfd1b042eb5d8616dd,-6413930353753465,-0.006414,10699728,10.6997,3235803954570671026102793,667763936805398001,115792089237316195423570985008687907853269984665640564039457584007913112660593,0,353,algebra_v2
0x72ab388e2e2f6facef59e3c3fa2c4e29011c2d38,47223940,0x044b112787d67a297b975ded9f06ccfc63ba0ea8931f304afb10f009eee44ebf,-7079729629230602,-0.007080,11810426,11.8104,3235805355701596542471195,667763936805398001,115792089237316195423570985008687907853269984665640564039457584007913112660593,0,390,algebra_v2
0x72ab388e2e2f6facef59e3c3fa2c4e29011c2d38,47223940,0x8235f8bb4052856456de7cd6fcf0117328656c5cbab4926707b64290fb53fc8d,-14104449964980409,-0.014104,23529114,23.5291,3235808147080317680962446,667763936805398001,115792089237316195423570985008687907853269984665640564039457584007913112660593,0,776,algebra_v2
0x72ab388e2e2f6facef59e3c3fa2c4e29011c2d38,47223941,0xa29850f36d41d2acf336821a98ce89a32c61beb86664eca0b5f53b6913c50253,512304209909652063,0.512304,-854431493,-854.4315,3235706771379298714176368,667763936805398001,115792089237316195423570985008687907853269984665640564039457584007913112660593,16906038927018,0,algebra_v2
0x72ab388e2e2f6facef59e3c3fa2c4e29011c2d38,47223941,0xac8c19be73f0ea3d54c790cb8ea8a9c30a99054e0ff0a0808587fae692793e56,146399793186796478,0.146400,-244158749,-244.1587,3235677802685429515812864,667763936805398001,115792089237316195423570985008687907853269984665640564039457584007913112660592,4831193175164,0,algebra_v2
0x72ab388e2e2f6facef59e3c3fa2c4e29011c2d38,47223941,0x65c784a0c37cdef007e78397da4fbf39f7f2ab3ec54862deb1fb5f9ef46d1c95,16725206813203524,0.016725,-27893241,-27.8932,3235674493237019321098959,667763936805398001,115792089237316195423570985008687907853269984665640564039457584007913112660592,551931824835,0,algebra_v2
0x72ab388e2e2f6facef59e3c3fa2c4e29011c2d38,47223944,0xa3619b9c1708cf331b8b9769b0e988e85573daf1c1357a7a547c04e07d80b265,-875480918096002413,-0.875481,1460440454,1460.4405,3235847752732418175401984,667763936805398001,115792089237316195423570985008687907853269984665640564039457584007913112660593,0,48194,algebra_v2
0x72ab388e2e2f6facef59e3c3fa2c4e29011c2d38,47223944,0xc79c52c24687e09744d6d228cac52f0b866c7455fc7b2526c0c0b7ca69f50805,1635314652582884849,1.635315,-2727290859,-2727.2909,3235524167957144933584443,667763936805398001,115792089237316195423570985008687907853269984665640564039457584007913112660591,53965383535235,0,algebra_v2
0x72ab388e2e2f6facef59e3c3fa2c4e29011c2d38,47223944,0x6edcab9bddf69139cd75a33af950a546f8317fd8612c9a9230344099febc64d7,-412983651170214798,-0.412984,688838463,688.8385,3235605888375292936066388,667763936805398001,115792089237316195423570985008687907853269984665640564039457584007913112660592,0,22731,algebra_v2
0x72ab388e2e2f6facef59e3c3fa2c4e29011c2d38,47223945,0x4c129b21b077fdee1239e3ec134dd23975d1f3571b3ed39eed7d078bd7340fc6,-474742726058869894,-0.474743,791892861,791.8929,3235699834661887296956116,667763936805398001,115792089237316195423570985008687907853269984665640564039457584007913112660593,0,26132,algebra_v2
0x72ab388e2e2f6facef59e3c3fa2c4e29011c2d38,47223947,0x46b7bdb538b595ab154ee0c10045be7f15227dbe23c159c78d8541988eb81a27,-23415902409015060,-0.023416,39060000,39.0600,3235704468548792612341491,667763936805398001,115792089237316195423570985008687907853269984665640564039457584007913112660593,0,1288,algebra_v2
0x72ab388e2e2f6facef59e3c3fa2c4e29011c2d38,47223949,0x27aa6a696fec54076c99809ff4d14d91d6cc63675f8d827245e6e333c05ce29c,387929276562263936,0.387929,-646959883,-646.9599,3235627708723984348985154,667763936805398001,115792089237316195423570985008687907853269984665640564039457584007913112660592,12801666126554,0,algebra_v2
0x72ab388e2e2f6facef59e3c3fa2c4e29011c2d38,47223949,0xbf0e7ac1c7f7bd7e2dea20b2e1b51470724305b36f058de7416539ab0a699be5,51399120302304640,0.051399,-85717365,-85.7174,3235617538618988655804416,667763936805398001,115792089237316195423570985008687907853269984665640564039457584007913112660592,1696170969976,0,algebra_v2
0x72ab388e2e2f6facef59e3c3fa2c4e29011c2d38,47223949,0xda66ee87107835314f1c1d37305f9ab06b68b58a0c5bb1aee5a9954338285f11,-7084515825626910,-0.007085,11817048,11.8170,3235618940535594355321662,667763936805398001,115792089237316195423570985008687907853269984665640564039457584007913112660592,0,390,algebra_v2
0x72ab388e2e2f6facef59e3c3fa2c4e29011c2d38,47223950,0x230bc83eab4589ab31904e5fbabd5004a57b84ec7c5f0a0a8b44d29e499ba307,1051040134097800000,1.051040,-1752683613,-1752.6836,3235410989949346872944516,667763936805398001,115792089237316195423570985008687907853269984665640564039457584007913112660591,34684324425227,0,algebra_v2
0x72ab388e2e2f6facef59e3c3fa2c4e29011c2d38,47223950,0x869fb4d4009bef7035fa0449010ac3fba2f86d663fa7bffd484bd993b9dad7f8,199841430213930612,0.199841,-333224201,-333.2242,3235371453910150125977600,667763936805398001,115792089237316195423570985008687907853269984665640564039457584007913112660591,6594767197060,0,algebra_v2
0x72ab388e2e2f6facef59e3c3fa2c4e29011c2d38,47223951,0xea3d552de6ab84a2d6267f8c5a47a3912fb887d124fd608a8841dfb48fe21f7a,-32962520944275963,-0.032963,54973560,54.9736,3235377975703719968477284,667763936805398001,115792089237316195423570985008687907853269984665640564039457584007913112660591,0,1814,algebra_v2
0x72ab388e2e2f6facef59e3c3fa2c4e29011c2d38,47223952,0x3f9279d9bc1aec787ccfcd6f753a7c9b37ca8ee1e538cb0c167bb029e22277df,-89805853241618966,-0.089806,149775695,149.7757,3235395744357836709983101,667763936805398001,115792089237316195423570985008687907853269984665640564039457584007913112660591,0,4942,algebra_v2
0x72ab388e2e2f6facef59e3c3fa2c4e29011c2d38,47223953,0x06889d782a6b7fa4cbed48a039985864fe7e75e285adcd5fdbaad17c46bd69b0,-10685959962072407,-0.010686,17821856,17.8219,3235397858655362890257436,667763936805398001,115792089237316195423570985008687907853269984665640564039457584007913112660591,0,588,algebra_v2
0x72ab388e2e2f6facef59e3c3fa2c4e29011c2d38,47223953,0xfc8ae55d04255bc2564d592d8cf30abd06c26c690ef1b215e25d0ae4936c409f,-59959604007124055,-0.059960,100000000,100.0000,3235409722165105121146773,667763936805398001,115792089237316195423570985008687907853269984665640564039457584007913112660591,0,3300,algebra_v2
0x72ab388e2e2f6facef59e3c3fa2c4e29011c2d38,47223954,0xa9d8d1ee2c04d1b895b7215d8c5448168dcbb7ca26048f9e58939d4679bcd854,325657440631998275,0.325657,-543010628,-543.0106,3235345295568458410360832,667762859268510724,115792089237316195423570985008687907853269984665640564039457584007913112660590,10746695540855,0,algebra_v2
0x72ab388e2e2f6facef59e3c3fa2c4e29011c2d38,47223954,0x6d0fa38749f118a9d612730ddcaec18f622acf8f0b65d3b416016dd6aa5673f2,32435908195476071,0.032436,-54083386,-54.0834,3235338878728588543131648,667762859268510724,115792089237316195423570985008687907853269984665640564039457584007913112660590,1070384970450,0,algebra_v2
0x72ab388e2e2f6facef59e3c3fa2c4e29011c2d38,47223954,0x38ec7676fdd052eebcd8b23e0c7c2ca2305989f1c7677355f4b8b65ba4a17fec,-40222304039557569,-0.040222,67079811,67.0798,3235346836761340830682502,667762859268510724,115792089237316195423570985008687907853269984665640564039457584007913112660590,0,2213,algebra_v2
0x72ab388e2e2f6facef59e3c3fa2c4e29011c2d38,47223956,0x2ec692f3ad2c4aab126f061dbd455e323063fad5c501ec19c73bcdff3443c687,284417079459223328,0.284417,-474228019,-474.2280,3235290570956694819939599,667762859268510724,115792089237316195423570985008687907853269984665640564039457584007913112660590,9385763622154,0,algebra_v2
0x72ab388e2e2f6facef59e3c3fa2c4e29011c2d38,47223956,0x4b2d9d14460d852c96242a8adb084cff84f4a37fd50f77e4e58c96a9082cb1b7,82746786277145924,0.082747,-137966270,-137.9663,3235274201651464250589184,667762859268510724,115792089237316195423570985008687907853269984665640564039457584007913112660590,2730643947145,0,algebra_v2
0x72ab388e2e2f6facef59e3c3fa2c4e29011c2d38,47223958,0x7be8fd927807c00b4349869782bc9ce2ef34326708d1f366a8120d6232bb2e47,-463567994612714265,-0.463568,773093834,773.0938,3235365917861684180942848,667762859268510724,115792089237316195423570985008687907853269984665640564039457584007913112660590,0,25512,algebra_v2
0x72ab388e2e2f6facef59e3c3fa2c4e29011c2d38,47223959,0x3ffab8b074a8fc38548b3aedd0d6bcf1c6cbe8713b73f6ddb4a9b75dc9ca9a01,-237192885547476326,-0.237193,395584290,395.5843,3235412848044186861912400,667763936805398001,115792089237316195423570985008687907853269984665640564039457584007913112660591,0,13054,algebra_v2
0x72ab388e2e2f6facef59e3c3fa2c4e29011c2d38,47223959,0xe0158a869ed021a7a6bee54f26656f0499dfbbe745ceb4ce7737cdc88ebe5657,-99416430322860183,-0.099416,165807619,165.8076,3235432518647147380342784,667763936805398001,115792089237316195423570985008687907853269984665640564039457584007913112660591,0,5471,algebra_v2
0x72ab388e2e2f6facef59e3c3fa2c4e29011c2d38,47223959,0xc30580de2d8dd5a7dc9bad66b44129abc28d48122729901cf5ed3022ff74d7fe,-999223619839076842,-0.999224,1666626133,1666.6261,3235630239000756520501428,667763936805398001,115792089237316195423570985008687907853269984665640564039457584007913112660592,0,54998,algebra_v2
0x72ab388e2e2f6facef59e3c3fa2c4e29011c2d38,47223960,0x206d3263b7de11e9160fb8ea621d675e102242a7bfe32f2e1f1005ded599e7e8,6999057945572,0.000007,-11672,-0.0117,3235630237615878942998794,667763936805398001,115792089237316195423570985008687907853269984665640564039457584007913112660592,230968912,0,algebra_v2
0x72ab388e2e2f6facef59e3c3fa2c4e29011c2d38,47223960,0x47ed1d5a0e39bd4c6889950aadfa5260766231ced1aa5b4ccab43bf72999ad6d,-5995118971342487,-0.005995,10000000,10.0000,3235631423966853166087727,667763936805398001,115792089237316195423570985008687907853269984665640564039457584007913112660592,0,330,algebra_v2
0x72ab388e2e2f6facef59e3c3fa2c4e29011c2d38,47223961,0x35fb3f9720a5c7e71612d64c2f4aaf99571f01b71804bc4d0512b2b17d0943c6,-59426378733225301,-0.059426,99125000,99.1250,3235643183670825828975723,667763936805398001,115792089237316195423570985008687907853269984665640564039457584007913112660592,0,3271,algebra_v2
0x72ab388e2e2f6facef59e3c3fa2c4e29011c2d38,47223962,0xe3fbc195c3747ec2ee9a2c03c27a86101e55a30ae8dd682806ae8dcb25c69b49,-192191184390743550,-0.192191,320585650,320.5856,3235681216380594161768284,667763936805398001,115792089237316195423570985008687907853269984665640564039457584007913112660592,0,10579,algebra_v2
0x72ab388e2e2f6facef59e3c3fa2c4e29011c2d38,47223965,0x813fa8ed03549628297c3a1879cdf7417c258bf8a3c2539fb781541c25d5b5c8,-1413628767481448,-0.001414,2358040,2.3580,3235681496126876032664971,667763936805398001,115792089237316195423570985008687907853269984665640564039457584007913112660592,0,77,algebra_v2
0x72ab388e2e2f6facef59e3c3fa2c4e29011c2d38,47223965,0xf14c69a44f7c1ff4afc95ade71817c89637ec5a6d00d7e4e6c2ae7d52ba6dd98,1635398604143153905,1.635399,-2727150607,-2727.1506,3235357927977263345061704,667762859268510724,115792089237316195423570985008687907853269984665640564039457584007913112660590,53968153936724,0,algebra_v2
0x72ab388e2e2f6facef59e3c3fa2c4e29011c2d38,47223965,0xcef703756901cf3526af393210a07e8025a1811f85009f711343d335f798d3fc,-1197297147752428769,-1.197297,1996929255,1996.9293,3235594833888538299900162,667763936805398001,115792089237316195423570985008687907853269984665640564039457584007913112660592,0,65898,algebra_v2
0x72ab388e2e2f6facef59e3c3fa2c4e29011c2d38,47223965,0x090375bc0d1d96e28cc3c6465989f456a19ec0a6868be1a277409f3baace70b8,-24602535411937647,-0.024603,41036759,41.0368,3235599702288396146765437,667763936805398001,115792089237316195423570985008687907853269984665640564039457584007913112660592,0,1354,algebra_v2
0x72ab388e2e2f6facef59e3c3fa2c4e29011c2d38,47223965,0xde971b30c553ce6551b38c5cfc96dfb144db8f76ab60ee88d8f1d2daef37699a,-229223824458493934,-0.229224,382348755,382.3488,3235645062270180098733260,667763936805398001,115792089237316195423570985008687907853269984665640564039457584007913112660592,0,12617,algebra_v2
0x72ab388e2e2f6facef59e3c3fa2c4e29011c2d38,47223965,0x4477d443050bf22cc6cfd022451f5e239412fe0729d322b859e2fb43900b1019,-597685855819164357,-0.597686,996999334,996.9993,3235763341383291263929019,667763936805398001,115792089237316195423570985008687907853269984665640564039457584007913112660593,0,32901,algebra_v2
0x72ab388e2e2f6facef59e3c3fa2c4e29011c2d38,47223965,0x9dd3def64f9f25d20eaa576c1c0ba82878ac8337951dc9359852ad28fb267929,-1084527814926096609,-1.084528,1809286190,1809.2862,3235977986227682775400448,667763930848122857,115792089237316195423570985008687907853269984665640564039457584007913112660594,0,59706,algebra_v2
0x72ab388e2e2f6facef59e3c3fa2c4e29011c2d38,47223966,0x1da586e1223f32ab9e4386a871c3749606b18ef527553a9212f3cea78a962319,-49026407488388826,-0.049026,81795000,81.7950,3235987689985503679123122,667763930848122857,115792089237316195423570985008687907853269984665640564039457584007913112660594,0,2699,algebra_v2
0x72ab388e2e2f6facef59e3c3fa2c4e29011c2d38,47223967,0xeeafc4bdea2e3be0e955d9daa5c6f1c2d0d4c342ad2b0e7e417075ff06bef003,1635243928835062699,1.635244,-2727408792,-2727.4088,3235664091216505128755209,667763936805398001,115792089237316195423570985008687907853269984665640564039457584007913112660592,53963049651556,0,algebra_v2
0x72ab388e2e2f6facef59e3c3fa2c4e29011c2d38,47223967,0xd3000429847dac6a354d890eeeae92e7d4e18272291e0c2524d78c29e0b38449,-1798498518321584,-0.001798,3000000,3.0000,3235664447121797395681889,667763936805398001,115792089237316195423570985008687907853269984665640564039457584007913112660592,0,99,algebra_v2
0x72ab388e2e2f6facef59e3c3fa2c4e29011c2d38,47223967,0x49fb179b07b9135f4e725feb93b962cbfac8bab208cb285c75701a4228edf3bb,-356027032341011486,-0.356027,593886768,593.8868,3235734902936338549143516,667763936805398001,115792089237316195423570985008687907853269984665640564039457584007913112660593,0,19598,algebra_v2
0x72ab388e2e2f6facef59e3c3fa2c4e29011c2d38,47223968,0x8d8dc0c40c571e4568be34a628a2f5444299139fd6187e3951c645197537373c,-289929619573785209,-0.289930,483649138,483.6491,3235792280698933167493631,667763936805398001,115792089237316195423570985008687907853269984665640564039457584007913112660593,0,15960,algebra_v2
0x72ab388e2e2f6facef59e3c3fa2c4e29011c2d38,47223973,0x0f7297eddcdac6b6e275277024f9c57e2bbda94c7888e3e115a358fb8571a3ad,147302070654326505,0.147302,-245676486,-245.6765,3235763004468285537458732,664856649036593961,115792089237316195423570985008687907853269984665640564039457584007913112660593,4860968331592,0,algebra_v2
0x72ab388e2e2f6facef59e3c3fa2c4e29011c2d38,47223976,0xeeb7783cf9c67379151f0a616bfc1c69dbdb8ae5eef5df0be05f46c23c4764a2,-313602739164134711,-0.313603,523149589,523.1496,3235825339764014767002362,664856649036593961,115792089237316195423570985008687907853269984665640564039457584007913112660593,0,17263,algebra_v2
0x72ab388e2e2f6facef59e3c3fa2c4e29011c2d38,47223977,0x86dd2c9a21730d1c18f4d4aebb9f646e6d90312e5585df8fe1ca8cf0afda9335,-568152198046729289,-0.568152,947838307,947.8383,3235938278362767296445429,664856643079318817,115792089237316195423570985008687907853269984665640564039457584007913112660594,0,31278,algebra_v2
0x72ab388e2e2f6facef59e3c3fa2c4e29011c2d38,47223977,0xcdcf195be6b1d1aeb1133d0b98bcac97a3587857d720aa8b30f2aac708c549ff,-294382918146633531,-0.294383,491139861,491.1399,3235996799576201160921812,664856643079318817,115792089237316195423570985008687907853269984665640564039457584007913112660594,0,16207,algebra_v2
0x72ab388e2e2f6facef59e3c3fa2c4e29011c2d38,47223977,0x23b87897b685c74d9320c8d1a3bccb6eba0682cd80ba0828a3a5196ed73f8369,-893847697252810852,-0.893848,1491378250,1491.3782,3236174503061097291929236,664856643079318817,115792089237316195423570985008687907853269984665640564039457584007913112660595,0,49215,algebra_v2
0x72ab388e2e2f6facef59e3c3fa2c4e29011c2d38,47223977,0x4f3d45c45f26037f06a64a7414fb87bc6ad2ee8e9b53f68c8db68daf1396e501,-291275704378504332,-0.291276,486026737,486.0267,3236232415025999381991710,664856643079318817,115792089237316195423570985008687907853269984665640564039457584007913112660596,0,16038,algebra_v2
0x72ab388e2e2f6facef59e3c3fa2c4e29011c2d38,47223977,0xde4610806c2016079d778021acc94e3d1da1f803be6ffeb37544fec34834e73b,-159846442813432676,-0.159846,266729415,266.7294,3236264196867101712701084,664856643079318817,115792089237316195423570985008687907853269984665640564039457584007913112660596,0,8802,algebra_v2
0x72ab388e2e2f6facef59e3c3fa2c4e29011c2d38,47223980,0x5a6436a62b7f3f96628029ea8d492a2d89d9f00aaa406e3b5341d716acbbf1e5,-523424104161243039,-0.523424,873453696,873.4537,3236368272252009065742336,664856643079318817,115792089237316195423570985008687907853269984665640564039457584007913112660597,0,28824,algebra_v2
0x72ab388e2e2f6facef59e3c3fa2c4e29011c2d38,47223980,0x6781a1a626b70e464dbadd54123b131acfb52bee6e8e66079647e9488116c57c,-2074648008198568,-0.002075,3462141,3.4621,3236368684779364218306560,664856643079318817,115792089237316195423570985008687907853269984665640564039457584007913112660597,0,114,algebra_v2
0x72ab388e2e2f6facef59e3c3fa2c4e29011c2d38,47223980,0x7e662f3ec5363e10812b2c25a21772feada9b4a08dc0fc111886cb5607a3683a,-59206506762035761,-0.059207,98803258,98.8033,3236380457569498399429264,664856643079318817,115792089237316195423570985008687907853269984665640564039457584007913112660597,0,3260,algebra_v2
0x72ab388e2e2f6facef59e3c3fa2c4e29011c2d38,47223982,0x210768343df0476fed37ae47deaff71177d775a297d82378219656114681f8bc,-821410047848580457,-0.821410,1370835474,1370.8355,3236543797478380275761152,664863229256138138,115792089237316195423570985008687907853269984665640564039457584007913112660598,0,45238,algebra_v2
0x72ab388e2e2f6facef59e3c3fa2c4e29011c2d38,47223983,0xce5e261ffe3164db2c5b8c9e60505f793a2b2d3112f61837a766b228f6ddf98a,6409091947692032,0.006409,-10694407,-10.6944,3236542523083617919854488,664863229256138138,115792089237316195423570985008687907853269984665640564039457584007913112660598,211500034274,0,algebra_v2
0x72ab388e2e2f6facef59e3c3fa2c4e29011c2d38,47223984,0x6d52e43fbfa11933ad16700f161741f89b087b41a18535b4967cb055e4beee15,-307597887273899679,-0.307598,513379421,513.3794,3236603693620546733342720,664863229256138138,115792089237316195423570985008687907853269984665640564039457584007913112660598,0,16941,algebra_v2
0x72ab388e2e2f6facef59e3c3fa2c4e29011c2d38,47223984,0x82be0765c7e8ed7c9d3f0aad21aece1d607b7bd6cab799dfc71098c76a410b25,-332114207717048543,-0.332114,554318831,554.3188,3236669742198238135461202,664863229256138138,115792089237316195423570985008687907853269984665640564039457584007913112660599,0,18292,algebra_v2
0x72ab388e2e2f6facef59e3c3fa2c4e29011c2d38,47223985,0x0080e80107efe6a9cb06b90b34eb51dac11a21f1ad85ecc07a2722cc928aa06a,4672121111187336,0.004672,-7796651,-7.7967,3236668813113313773559301,664863229256138138,115792089237316195423570985008687907853269984665640564039457584007913112660599,154179996669,0,algebra_v2
0x72ab388e2e2f6facef59e3c3fa2c4e29011c2d38,47223985,0x560e83c8af61e85e415006e392eb9dd19042430e898281303408fea7c04beb83,-371262278170723878,-0.371262,619685770,619.6858,3236742650337336914199106,664863229256138138,115792089237316195423570985008687907853269984665640564039457584007913112660599,0,20449,algebra_v2
0x72ab388e2e2f6facef59e3c3fa2c4e29011c2d38,47223985,0x1f0685b5f1482c348a3548a68340a34eef224af24cd1d7018d00a686f7756267,-376015564983564250,-0.376016,627648453,627.6485,3236817436336403469303808,664863229256138138,115792089237316195423570985008687907853269984665640564039457584007913112660599,0,20712,algebra_v2
0x72ab388e2e2f6facef59e3c3fa2c4e29011c2d38,47223986,0x99c56accbeb4e1000067ea922e95535d121e3f840e16dd2eaf3d3dc55768461b,9076100745227762,0.009076,-15147218,-15.1472,3236815631324187007253034,664863229256138138,115792089237316195423570985008687907853269984665640564039457584007913112660599,299511324592,0,algebra_v2
0x72ab388e2e2f6facef59e3c3fa2c4e29011c2d38,47223987,0x023feac3e81f8d768a50c94e331a26787259437a2959b66e8b27b9280ecbbb8c,47949040260667140,0.047949,-80022472,-80.0225,3236806095478053662355151,664863229256138138,115792089237316195423570985008687907853269984665640564039457584007913112660599,1582318328602,0,algebra_v2
0x72ab388e2e2f6facef59e3c3fa2c4e29011c2d38,47223987,0xca2a82f343e2ac4cb156384d131300b5df1f6273803264196ee7d517ec40fbd2,-247037045303713530,-0.247037,412369283,412.3693,3236855230385806384137370,664863229256138138,115792089237316195423570985008687907853269984665640564039457584007913112660600,0,13608,algebra_v2
0x72ab388e2e2f6facef59e3c3fa2c4e29011c2d38,47223987,0x2d9cbe9cb0a93d0c0c2da2ddc0bf7bf0bc099c2c59a76c3e04157f34a37f5998,-141123246494640562,-0.141123,235577138,235.5771,3236883300034558564499456,664863229256138138,115792089237316195423570985008687907853269984665640564039457584007913112660600,0,7774,algebra_v2
0x72ab388e2e2f6facef59e3c3fa2c4e29011c2d38,47223987,0xaba31022750046d8b9fb269f163279bcb0568c7092fd76aa4479c05ac02ad683,6998879051789,0.000007,-11680,-0.0117,3236883298642597003914873,664863229256138138,115792089237316195423570985008687907853269984665640564039457584007913112660600,230963008,0,algebra_v2
0x72ab388e2e2f6facef59e3c3fa2c4e29011c2d38,47223988,0xe12fc3cabb04ca8dbeea0b8f92ecefa8041911900390eb88e440fdf60d714093,-248169535880781560,-0.248170,414279496,414.2795,3236932661157362360654171,664863229256138138,115792089237316195423570985008687907853269984665640564039457584007913112660600,0,13671,algebra_v2
0x72ab388e2e2f6facef59e3c3fa2c4e29011c2d38,47223988,0xa1824ac1ea0ac6c0ac17ef67e3be7953ff6f0161ef89c5b2e66ca8386a73ed8f,-244693199565137602,-0.244693,408488678,408.4887,3236981333680598178769702,664863229256138138,115792089237316195423570985008687907853269984665640564039457584007913112660600,0,13480,algebra_v2
0x72ab388e2e2f6facef59e3c3fa2c4e29011c2d38,47223989,0xfbdec0a16446d36d178316fc0579e9d92ea348c6e5e218767f96b3c3545473e0,-167459070965214821,-0.167459,279561784,279.5618,3237014644217923822944256,664863229256138138,115792089237316195423570985008687907853269984665640564039457584007913112660601,0,9225,algebra_v2
0x72ab388e2e2f6facef59e3c3fa2c4e29011c2d38,47223989,0x8b05bc2e244ce60f4d7e0e65a5e1b067ba0d30c18a8a497c126960c7d0a96af7,-111927712955980747,-0.111928,186859082,186.8591,3237036908979400329920512,664863229256138138,115792089237316195423570985008687907853269984665640564039457584007913112660601,0,6166,algebra_v2
0x72ab388e2e2f6facef59e3c3fa2c4e29011c2d38,47223989,0x3c9f192c4f0a80de52fb4fe3806856feaa96fb394099c3488e728a096c929cca,4532910365343744,0.004533,-7566058,-7.5661,3237036007373006398190664,664863229256138138,115792089237316195423570985008687907853269984665640564039457584007913112660601,149586042056,0,algebra_v2
0x72ab388e2e2f6facef59e3c3fa2c4e29011c2d38,47223990,0x6fc7cb1b6bc588d3938ce211269b8a233bbd83cf8bdf3444a3514c2544a99dec,-24310337405362839,-0.024310,40585506,40.5855,3237040843245012099612465,664863229256138138,115792089237316195423570985008687907853269984665640564039457584007913112660601,0,1339,algebra_v2
0x72ab388e2e2f6facef59e3c3fa2c4e29011c2d38,47223991,0x9a55a201177fadfb00f4a42142b87869d3a6e3491ec9f53df927439c103e92e5,-636778890877023014,-0.636779,1063129760,1063.1298,3237167518011654884160199,664863229256138138,115792089237316195423570985008687907853269984665640564039457584007913112660602,0,35083,algebra_v2
0x72ab388e2e2f6facef59e3c3fa2c4e29011c2d38,47223991,0xc7355631704e7142b56078fba2bdd9d54f23ebb568adfc5b86f071b743ed7281,-81923390320180204,-0.081923,136780668,136.7807,3237183815795478517252096,664863229256138138,115792089237316195423570985008687907853269984665640564039457584007913112660602,0,4514,algebra_v2
0x72ab388e2e2f6facef59e3c3fa2c4e29011c2d38,47223991,0x4413aceea1663596970159b6e6407c74e4a0f1ff5db2561df9045bd6115b6317,-1090410461548960278,-1.090410,1820698767,1820.6988,3237400756944248651485762,664863229256138138,115792089237316195423570985008687907853269984665640564039457584007913112660603,0,60083,algebra_v2
0x72ab388e2e2f6facef59e3c3fa2c4e29011c2d38,47223991,0xf1d4a66c548b7aeb66816519c6f00c570fd12c78d192b37b1cbc8f612fe6173a,95916491284580458,0.095916,-160133078,-160.1331,3237381674749605123162270,664863229256138138,115792089237316195423570985008687907853269984665640564039457584007913112660603,3165244212391,0,algebra_v2
0x72ab388e2e2f6facef59e3c3fa2c4e29011c2d38,47223991,0x03568bd0685c3f0512b470dd341eb3ddacb3efce70c268f5c385fc28eebbd640,9898559798629324,0.009899,-16525589,-16.5256,3237379705484320391565097,664863229256138138,115792089237316195423570985008687907853269984665640564039457584007913112660603,326652473354,0,algebra_v2
0x72ab388e2e2f6facef59e3c3fa2c4e29011c2d38,47223991,0x7ed93e4ce6521ab6b4c6ded008e18fb98ddfffcb83efbf7c07337db4a5193718,-338213433052321431,-0.338213,564769746,564.7697,3237446999316617826315107,664863229256138138,115792089237316195423570985008687907853269984665640564039457584007913112660603,0,18637,algebra_v2
0x72ab388e2e2f6facef59e3c3fa2c4e29011c2d38,47223992,0xf8b1fe8b92e68aecc6304ef4e3cdc3f71c61ee4a82bdeb1edd36d9fb6c0ceef2,-340495767195318204,-0.340496,568604644,568.6046,3237514717418795848781686,665355997547304978,115792089237316195423570985008687907853269984665640564039457584007913112660604,0,18763,algebra_v2
0x72ab388e2e2f6facef59e3c3fa2c4e29011c2d38,47223992,0x0ad4d3b5c88eadd26aab9fa62180c65869828625a48f5c44aef9df9cb0baa9f3,8998496905026262,0.008998,-15024175,-15.0242,3237512928394893606169072,665355997547304978,115792089237316195423570985008687907853269984665640564039457584007913112660604,296950397865,0,algebra_v2
0x72ab388e2e2f6facef59e3c3fa2c4e29011c2d38,47223992,0x2cfabcff2ba23e08725db4c029f03cc77745f719e830b3f4cee7f2b03091f525,-20232459940408726,-0.020232,33787536,33.7875,3237516951288916006141952,665355997547304978,115792089237316195423570985008687907853269984665640564039457584007913112660604,0,1115,algebra_v2
0x72ab388e2e2f6facef59e3c3fa2c4e29011c2d38,47223992,0x867f8f47464b52f8e84283e1a8abf71e3fb61faf25e97d01ea974c88a81ea36e,7276140197167679,0.007276,-12148491,-12.1485,3237515504690866731234827,665355997547304978,115792089237316195423570985008687907853269984665640564039457584007913112660604,240112626506,0,algebra_v2
0x72ab388e2e2f6facef59e3c3fa2c4e29011c2d38,47223992,0xb7b04ec86f7680ab00ea726538347c0fa71e38863698b29493a64047cb594084,-167321623019120454,-0.167322,279424518,279.4245,3237548774214743007166464,665355997547304978,115792089237316195423570985008687907853269984665640564039457584007913112660604,0,9221,algebra_v2
0x72ab388e2e2f6facef59e3c3fa2c4e29011c2d38,47223992,0x652b0751219b493d0b649d468fadb5437ddc2eee7982160f824cffd6825ed9b5,92527674164141604,0.092528,-154489589,-154.4896,3237530378158603024647452,665355997547304978,115792089237316195423570985008687907853269984665640564039457584007913112660604,3053413247416,0,algebra_v2
0x72ab388e2e2f6facef59e3c3fa2c4e29011c2d38,47223992,0xe418d42edd39e8f509631efde42e2cc071ca28f607c7091c8779a9d3ea236050,424721938293773,0.000425,-709136,-0.7091,3237530293717228137110181,665355997547304978,115792089237316195423570985008687907853269984665640564039457584007913112660604,14015823963,0,algebra_v2
0x72ab388e2e2f6facef59e3c3fa2c4e29011c2d38,47223994,0xa16ed3681d329d0c8598add5989091cd81013d17ee7a4df2e91c114b71344f11,-60421623549008505,-0.060422,100903435,100.9034,3237542307728200468135415,665355997547304978,115792089237316195423570985008687907853269984665640564039457584007913112660604,0,3330,algebra_v2
0x72ab388e2e2f6facef59e3c3fa2c4e29011c2d38,47223995,0x50a1e0fb62828224844ccc9acfccb8614c77a21b832cc822c9bf69cb89226317,6173275353006401,0.006173,-10307273,-10.3073,3237541080375740071546565,665355997547304978,115792089237316195423570985008687907853269984665640564039457584007913112660604,203718086649,0,algebra_v2
0x72ab388e2e2f6facef59e3c3fa2c4e29011c2d38,47224004,0x49dae2252a9cfedce6964635561ba82b52762054be7b15fd0a99cfb1ef5a123a,-323303798226098289,-0.323304,539926036,539.9260,3237605366367175311982897,665355997547304978,115792089237316195423570985008687907853269984665640564039457584007913112660604,0,17817,algebra_v2
0x72ab388e2e2f6facef59e3c3fa2c4e29011c2d38,47224006,0x05aa46411e394bd3507f3391c02267895ffb9a58f91f6c25159c99f893f7f1fb,934648690288140,0.000935,-1560607,-1.5606,3237605180535771386001704,665355997547304978,115792089237316195423570985008687907853269984665640564039457584007913112660604,30843406779,0,algebra_v2
0x72ab388e2e2f6facef59e3c3fa2c4e29011c2d38,47224007,0xb276178ed036a831af2e89de5922ca879cd1292214da858e6457acb8022ec5db,565681311639509504,0.565681,-944499903,-944.4999,3237492712936254519935523,665355997547304978,115792089237316195423570985008687907853269984665640564039457584007913112660604,18667483284103,0,algebra_v2
0x72ab388e2e2f6facef59e3c3fa2c4e29011c2d38,47224007,0x54f646fd8efda9ab347b475e44bc4c3dc78b13a21aa125208459a8fc967a7835,75553888430040772,0.075554,-126144931,-126.1449,3237477692058444119408640,665355997547304978,115792089237316195423570985008687907853269984665640564039457584007913112660604,2493278318191,0,algebra_v2
0x72ab388e2e2f6facef59e3c3fa2c4e29011c2d38,47224009,0xa04129496f9d3cea662ee3a1c54c1ce3fade03643113c152cfa8f9cab29b4fc2,327027128892772352,0.327027,-545991679,-545.9917,3237412634403642246559097,664863229256138138,115792089237316195423570985008687907853269984665640564039457584007913112660603,10791895253461,0,algebra_v2
0x72ab388e2e2f6facef59e3c3fa2c4e29011c2d38,47224009,0x6d7e281e2d0d72d361b900295e1f677881f19f7ac0a37eb65b3d411b2c185972,-149711662803046793,-0.149712,250000000,250.0000,3237442422575183424302582,664863229256138138,115792089237316195423570985008687907853269984665640564039457584007913112660603,0,8250,algebra_v2
0x72ab388e2e2f6facef59e3c3fa2c4e29011c2d38,47224010,0xee0f9c94c6ef83a2ce2434e0d8e45fb1ddc34bbebbc43bf1bc0bb94995c13a75,338775025856298950,0.338775,-565592775,-565.5928,3237375023936889696550912,664863229256138138,115792089237316195423570985008687907853269984665640564039457584007913112660603,11179575853257,0,algebra_v2
0x72ab388e2e2f6facef59e3c3fa2c4e29011c2d38,47224010,0x6ca2c96f1fca91204e98c51f895e1eebfb2d963aaf7deb23c5d5d840e8e50135,216328125000000000,0.216328,-361152509,-361.1525,3237331987341573691375673,664863229256138138,115792089237316195423570985008687907853269984665640564039457584007913112660603,7138828125000,0,algebra_v2
0x72ab388e2e2f6facef59e3c3fa2c4e29011c2d38,47224012,0x5f18d68f4fea9989fbe09a5eeccc8f0d52b5e483153ae146a4c614bbec3dc4a5,355546875000000000,0.355547,-593552659,-593.5527,3237261256874822645589690,664863229256138138,115792089237316195423570985008687907853269984665640564039457584007913112660602,11733046875000,0,algebra_v2
0x72ab388e2e2f6facef59e3c3fa2c4e29011c2d38,47224012,0x4efbe35e8b94adbbe0c63670df0bb5407e4a33b1af2166caf22fd1b00b24a346,167897220538608217,0.167897,-280279882,-280.2799,3237227857434040145543168,664863229256138138,115792089237316195423570985008687907853269984665640564039457584007913112660602,5540608277774,0,algebra_v2
0x72ab388e2e2f6facef59e3c3fa2c4e29011c2d38,47224015,0x3663fa8d78b6b01987fbe61fd3711a22d6c2c3dbd242942427ee4fa6749e160d,-10098632386578124,-0.010099,16861401,16.8614,3237229866515159326245151,664863229256138138,115792089237316195423570985008687907853269984665640564039457584007913112660602,0,556,algebra_v2
0x72ab388e2e2f6facef59e3c3fa2c4e29011c2d38,47224017,0x754cce0b00bac75b9a264e605bed92886c629b2702ff2e88d4648fd4cd4a33ba,1559500156635320576,1.559500,-2603084606,-2603.0846,3236919670972397675109073,664863229256138138,115792089237316195423570985008687907853269984665640564039457584007913112660600,51463505168965,0,algebra_v2
0x72ab388e2e2f6facef59e3c3fa2c4e29011c2d38,47224017,0x6cfbca2d7dee313dbadad2716883608ce873a958e7ddac9c63cc9f706a53f333,6136043006804584,0.006136,-10241167,-10.2412,3236918450587724040948234,664863229256138138,115792089237316195423570985008687907853269984665640564039457584007913112660600,202489419224,0,algebra_v2
0x72ab388e2e2f6facef59e3c3fa2c4e29011c2d38,47224017,0xea65f76aa1552e85d0644544b49b570647684f1836617aae2d12a123fb084f67,41503586108870604,0.041504,-69270039,-69.2700,3236910196051034639042431,664863229256138138,115792089237316195423570985008687907853269984665640564039457584007913112660600,1369618341593,0,algebra_v2
0x72ab388e2e2f6facef59e3c3fa2c4e29011c2d38,47224025,0xa5c5bf28bb3e9b4bea8b0b63db14e55bc084a02c5d82782911debf0dd289877d,10145908482090398,0.010146,-16933602,-16.9336,3236908178164970251062719,664863229256138138,115792089237316195423570985008687907853269984665640564039457584007913112660600,334814979909,0,algebra_v2
0x72ab388e2e2f6facef59e3c3fa2c4e29011c2d38,47224027,0xa2f2a3a163d5de5332a507709e4d72a74b599012c174181dbcc9317591bc679f,80009865433347952,0.080010,-133536369,-133.5364,3236892265356530445675984,664863229256138138,115792089237316195423570985008687907853269984665640564039457584007913112660600,2640325559300,0,algebra_v2
0x72ab388e2e2f6facef59e3c3fa2c4e29011c2d38,47224055,0x2e50861337858ded4b2e4cd7374228b35dcfde7332988c79e81b02461de7ffd0,-64243689809572739,-0.064244,107243986,107.2440,3236905043765465690741348,664863229256138138,115792089237316195423570985008687907853269984665640564039457584007913112660600,0,3539,algebra_v2
0x72ab388e2e2f6facef59e3c3fa2c4e29011c2d38,47224058,0x845fbf67645e7e476ca0ed0ca08d948fac290f85000692edb47169a257151814,8991000000000,0.000009,-15006,-0.0150,3236905041977280120150341,664863229256138138,115792089237316195423570985008687907853269984665640564039457584007913112660600,296703000,0,algebra_v2
0x72ab388e2e2f6facef59e3c3fa2c4e29011c2d38,47224058,0x8af9a9ee7d41a23d1b9ff373ef9889830888900897b3ae8388d0ed98b83470e6,-166618085087765977,-0.166618,278144687,278.1447,3236938183663815300761259,664863229256138138,115792089237316195423570985008687907853269984665640564039457584007913112660600,0,9178,algebra_v2
0x72ab388e2e2f6facef59e3c3fa2c4e29011c2d38,47224058,0x4e890e43b4638a0a19c72d2700733a661407c5d659698fe434fd886d6cd296dd,-757762706663457855,-0.757763,1265046608,1265.0466,3237088917365241636274936,664863229256138138,115792089237316195423570985008687907853269984665640564039457584007913112660601,0,41746,algebra_v2
0x72ab388e2e2f6facef59e3c3fa2c4e29011c2d38,47224059,0xbc6efb75d076ae3645b7291c4873d9b3470ecf020f2de2eaf607dadc8a6e74c4,-2698350091492387593,-2.698350,4505716212,4505.7162,3237625670652499985290971,665355997547304978,115792089237316195423570985008687907853269984665640564039457584007913112660604,0,148688,algebra_v2
0x72ab388e2e2f6facef59e3c3fa2c4e29011c2d38,47224059,0xa49cb9ecc040d53fbf4021148271f6621ec2b7331196556b0fcdd6677f813987,-81629542659595971,-0.081630,136328633,136.3286,3237641899867603197755392,665545682177842368,115792089237316195423570985008687907853269984665640564039457584007913112660605,0,4498,algebra_v2
0x72ab388e2e2f6facef59e3c3fa2c4e29011c2d38,47224059,0x3b8d4dc48bc7c7ef2bbb15fd51814e7ff4e0c3549f4bfa10d15c135dec887e76,-24458971005167913,-0.024459,40848934,40.8489,3237646762136850101436416,665545682177842368,115792089237316195423570985008687907853269984665640564039457584007913112660605,0,1348,algebra_v2
0x72ab388e2e2f6facef59e3c3fa2c4e29011c2d38,47224059,0xd5116cb3ec150cd018bdffbaf9f8ead4544d2d2396e7a1fc2b7ef7865500e938,2218750000000000,0.002219,-3704798,-3.7048,3237646321108656239090989,665545682177842368,115792089237316195423570985008687907853269984665640564039457584007913112660605,73218750000,0,algebra_v2
0x72ab388e2e2f6facef59e3c3fa2c4e29011c2d38,47224059,0x2ffe03c602f7b94e58899ee260b8d1314f024f31150b96bd177d4704bd93be27,-175550022803932646,-0.175550,293189657,293.1897,3237681219622047231580020,665545682177842368,115792089237316195423570985008687907853269984665640564039457584007913112660605,0,9675,algebra_v2
0x72ab388e2e2f6facef59e3c3fa2c4e29011c2d38,47224060,0x1f8bfdae569b6e8ee46759852dcc493c42a10054401bfb7cb461397be7c1c2d3,8884895280307397,0.008885,-14836028,-14.8360,3237679453505485259723516,665545682177842368,115792089237316195423570985008687907853269984665640564039457584007913112660605,293201544250,0,algebra_v2
0x72ab388e2e2f6facef59e3c3fa2c4e29011c2d38,47224061,0x6b6b78fb73b306997c3ddcf85317502643f0baad5bf4db6cd97384a0ff0c53ed,-943123105181463541,-0.943123,1575235525,1575.2355,3237866954587928082089875,665545682177842368,115792089237316195423570985008687907853269984665640564039457584007913112660606,0,51982,algebra_v2
0x72ab388e2e2f6facef59e3c3fa2c4e29011c2d38,47224061,0x7dae2e294261c958d2f2c951361ea62f0cf94beafa0dcb26815fce489e76a05e,-16578828780301459,-0.016579,27692143,27.6921,3237870250797630106894336,665545682177842368,115792089237316195423570985008687907853269984665640564039457584007913112660606,0,914,algebra_v2
0x72ab388e2e2f6facef59e3c3fa2c4e29011c2d38,47224061,0x43cb0ed2f83df1f085e0b1bd627e5dd4d074eda595815b3d67cec3ecb978d54e,-87852220936239741,-0.087852,146743286,146.7433,3237887717725106568429568,665545682177842368,115792089237316195423570985008687907853269984665640564039457584007913112660606,0,4842,algebra_v2
0x72ab388e2e2f6facef59e3c3fa2c4e29011c2d38,47224061,0x8f519ad71f6bf791813b7b36fa367d00c72317ba8ce616d474c1dac90fe4599d,-185628526105283311,-0.185629,310068394,310.0684,3237924625323097971416133,665545682177842368,115792089237316195423570985008687907853269984665640564039457584007913112660606,0,10232,algebra_v2
0x72ab388e2e2f6facef59e3c3fa2c4e29011c2d38,47224063,0xf43874c8525c3d0d968fa49dfb060875905f87350c0b5d88b5ce51fcd7fe61c4,278949863429,0.000000,-465,-0.0005,3237924625267640669460578,665545682177842368,115792089237316195423570985008687907853269984665640564039457584007913112660606,9205345,0,algebra_v2
0xb775272e537cc670c65dc852908ad47015244eaf,47222828,0x9aecae21269db46c69ecec5cadbee89262fcb4a89992b3ecdabe80799bc2a924,-275717933306555493,-0.275718,460515536,460.5155,3237264255028991212711887,139520674312809121,115792089237316195423570985008687907853269984665640564039457584007913112660602,0,78287,algebra_v2
0xb775272e537cc670c65dc852908ad47015244eaf,47222828,0x8b1b4df8c275462d844a582263a440020da5fcb6962b16c975a5a05a525001f1,-75175039728117,-0.000075,125571,0.1256,3237264326299823328198656,139520674312809121,115792089237316195423570985008687907853269984665640564039457584007913112660602,0,21,algebra_v2
0xb775272e537cc670c65dc852908ad47015244eaf,47222828,0x18fbd2fee934921efb50b5ac9025a99acb92389a4b3eef0a2c8a9e6fa4d28fd3,-83567214470667921,-0.083567,139592124,139.5921,3237343555400744633892864,139520674312809121,115792089237316195423570985008687907853269984665640564039457584007913112660603,0,23730,algebra_v2
0xb775272e537cc670c65dc852908ad47015244eaf,47222829,0x5b117db9e2850c525c9a38e33b6af7ae0b128b3cccfee083984d2258960c10d1,-421113851202708287,-0.421114,703539857,703.5399,3237742867547918049697913,139520674312809121,115792089237316195423570985008687907853269984665640564039457584007913112660605,0,119601,algebra_v2
0xb775272e537cc670c65dc852908ad47015244eaf,47222829,0x2b95e6ed9de8ad28bebec866f38dc32dd93991a0a00892f9b7513093b5cfc63e,-127122549389393682,-0.127123,212413205,212.4132,3237863428126999446552576,139520674312809121,115792089237316195423570985008687907853269984665640564039457584007913112660606,0,36110,algebra_v2
0xb775272e537cc670c65dc852908ad47015244eaf,47222873,0x045306fc5c5472348c783dd04f3ae7139755d26316e6c2f030b76b5bc6aa4a3f,-170679679983973949,-0.170680,285219110,285.2191,3238025311571028387092275,139520674312809121,115792089237316195423570985008687907853269984665640564039457584007913112660607,0,48487,algebra_v2
0xb775272e537cc670c65dc852908ad47015244eaf,47222873,0x34cb9e38ac8c058aac5072c6337b3442e7259d8322d74716f22237d825b4b1b6,-47376884933422656,-0.047377,79175542,79.1755,3238070249686682985228543,139520674312809121,115792089237316195423570985008687907853269984665640564039457584007913112660607,0,13459,algebra_v2
0xb775272e537cc670c65dc852908ad47015244eaf,47222875,0x1a83f46f3cbdd1bebd9f5dbfeeb441070ec630d2bf2f022bf853c445d9637eda,-236866477444181839,-0.236866,395880677,395.8807,3238294941950150770387718,139520674312809121,115792089237316195423570985008687907853269984665640564039457584007913112660609,0,67299,algebra_v2
0xb775272e537cc670c65dc852908ad47015244eaf,47222875,0xf0940c35a1a1b6f8d5415dc738a839233cf72eb1aee1525f2ba7b77c5f2a0adc,-20599382825134940,-0.020599,34430845,34.4308,3238314484061442397962240,139520674312809121,115792089237316195423570985008687907853269984665640564039457584007913112660609,0,5853,algebra_v2
0xb775272e537cc670c65dc852908ad47015244eaf,47222875,0x826a6a6908cc1ff2a994a34683ae4c54a01e37208b3b5b9b96612522ffa4a303,-20515934943551019,-0.020516,34291779,34.2918,3238333947242279589642240,139520674312809121,115792089237316195423570985008687907853269984665640564039457584007913112660609,0,5829,algebra_v2
0xb775272e537cc670c65dc852908ad47015244eaf,47222876,0xa29ea3262599e7de5f51a6bc00ea586b7373129bbdd3794cc975b7575736e917,-176752617461025880,-0.176753,295453836,295.4538,3238501410414286619567921,140058860354204907,115792089237316195423570985008687907853269984665640564039457584007913112660610,0,50227,algebra_v2
0xb775272e537cc670c65dc852908ad47015244eaf,47222893,0x10f632370465470dab486b2920a9c02e4b8f3b49073985570e3b1679c29676c8,163577822144037440,0.163578,-273158978,-273.1590,3238346523702948245030042,139520674312809121,115792089237316195423570985008687907853269984665640564039457584007913112660609,27808229764485,0,algebra_v2
0xb775272e537cc670c65dc852908ad47015244eaf,47222895,0x4ed780f4f1f575322859ae18697dd1a46c9a46825e69e85f1c8c8400ccbee213,157280420979283136,0.157280,-262618267,-262.6183,3238197393383169844365222,139520674312809121,115792089237316195423570985008687907853269984665640564039457584007913112660608,26737671566478,0,algebra_v2
0xb775272e537cc670c65dc852908ad47015244eaf,47222930,0x64f61db1c929bd5a14c6c4e272db624a908a4f7578e4c4ecd8769c83cf07fc76,-207242333686151700,-0.207242,346393324,346.3933,3238393997826366309823898,139520674312809121,115792089237316195423570985008687907853269984665640564039457584007913112660609,0,58886,algebra_v2
0xb775272e537cc670c65dc852908ad47015244eaf,47222930,0x6eff4051951946b5caca77c33f1e8af9adf4ab939db1bdaef4b7c3d66c20fdd7,-59240965680135068,-0.059241,99025507,99.0255,3238450170698559161106432,140058860354204907,115792089237316195423570985008687907853269984665640564039457584007913112660610,0,16834,algebra_v2
0xb775272e537cc670c65dc852908ad47015244eaf,47222969,0xab23f82e950b1ed860a359f086d562acf5fc765f56c63398c494dc9d6548ed13,-166972489429708605,-0.166972,279124886,279.1249,3238607986451549292642701,140058860354204907,115792089237316195423570985008687907853269984665640564039457584007913112660611,0,47451,algebra_v2
0xb775272e537cc670c65dc852908ad47015244eaf,47222980,0x02c17e36ab43e8decff3b28465c298a35769d0892b3ffa876439002016c1bd39,-164255009831357895,-0.164255,274608670,274.6087,3238763248759529932306276,140058860354204907,115792089237316195423570985008687907853269984665640564039457584007913112660611,0,46683,algebra_v2
0xb775272e537cc670c65dc852908ad47015244eaf,47222983,0x693faab3a421d52bf7d58ab66b004161609014cbce8b0a283e7069d22484a38a,-65382427226499681,-0.065382,109316513,109.3165,3238825055744700998461121,140058860354204907,115792089237316195423570985008687907853269984665640564039457584007913112660612,0,18584,algebra_v2
0xb775272e537cc670c65dc852908ad47015244eaf,47222983,0x9e35891c36f20980909e9cf7c2063ea23bfc54d53e72ccb8e7d56903216e24f0,-33567303547092357,-0.033567,56124661,56.1247,3238856788334639268105353,140058860354204907,115792089237316195423570985008687907853269984665640564039457584007913112660612,0,9541,algebra_v2
0xb775272e537cc670c65dc852908ad47015244eaf,47222983,0xd477f43f82f8728ba90a58228c6f1ab3e535832f53e783e7c4dc246a31c9634c,-172863266676872286,-0.172863,289045461,289.0455,3239020213129104263332258,140058860354204907,115792089237316195423570985008687907853269984665640564039457584007913112660613,0,49137,algebra_v2
0xb775272e537cc670c65dc852908ad47015244eaf,47222986,0xa3e719296552ba21a6832bb6d3d5917a6cc5759f1353ad62451c2eed64113449,-157056111186095374,-0.157056,262639535,262.6395,3239168708150888331672660,140058860354204907,115792089237316195423570985008687907853269984665640564039457584007913112660614,0,44648,algebra_v2
0xb775272e537cc670c65dc852908ad47015244eaf,47222986,0xd265228ae6e3435e122a4330a3416033ae155e817e71b333617aa9de42736290,-188180064962563002,-0.188180,314718768,314.7188,3239346648498901391793941,140058860354204907,115792089237316195423570985008687907853269984665640564039457584007913112660615,0,53502,algebra_v2
0xb775272e537cc670c65dc852908ad47015244eaf,47223010,0xb1183207a735b8d07cef36f913804fabeb3fe2c44760c74802474ba4ac561447,157599555703394304,0.157600,-263313726,-263.3137,3239197697817070497592204,140058860354204907,115792089237316195423570985008687907853269984665640564039457584007913112660614,26791924469577,0,algebra_v2
0xb775272e537cc670c65dc852908ad47015244eaf,47223017,0xf60d735b431ccadbfb48024bb0a79e2cd11175fe333f0d1369a49d2b2f91f4cf,161463069413449408,0.161463,-269743685,-269.7437,3239045109851674935612892,140058860354204907,115792089237316195423570985008687907853269984665640564039457584007913112660613,27448721800286,0,algebra_v2
0xb775272e537cc670c65dc852908ad47015244eaf,47223025,0x77f6f6761d18f6f4fa1577d19b20470ae509cd1da17e40e3f8b61b85888c4924,68651883832487351,0.068652,-114683617,-114.6836,3238980235895986929006510,140058860354204907,115792089237316195423570985008687907853269984665640564039457584007913112660613,11670820251522,0,algebra_v2
0xb775272e537cc670c65dc852908ad47015244eaf,47223032,0xdbdbde3e0d5ad02afd9991ae736cb9d719307924cabd3021087f6e5eba53b557,96093750000000000,0.096094,-160517798,-160.5178,3238889434570324708681123,140058860354204907,115792089237316195423570985008687907853269984665640564039457584007913112660612,16335937500000,0,algebra_v2
0xb775272e537cc670c65dc852908ad47015244eaf,47223100,0xa569efdb6bbd6cd5b9d4a1912cf41db57163a5c677a0ce1ee010b5cd2664937f,166627371255265152,0.166627,-278317881,-278.3179,3238732001909876306801423,140063785013125795,115792089237316195423570985008687907853269984665640564039457584007913112660611,28326653113395,0,algebra_v2
0xb775272e537cc670c65dc852908ad47015244eaf,47223102,0xdbbedb3dd0da20e2d0d79b29481009c41b0e6b29a8cebb352e8266c78348757a,161904484998552800,0.161904,-270403323,-270.4033,3238579046180216582967733,140063785013125795,115792089237316195423570985008687907853269984665640564039457584007913112660610,27523762449754,0,algebra_v2
0xb775272e537cc670c65dc852908ad47015244eaf,47223112,0xf1395f82227aa8ad347726f913174734a962d10ea6578f7d98e55f3eb66821fe,236265489507307488,0.236265,-394550844,-394.5508,3238355533286483183029984,139525598971730009,115792089237316195423570985008687907853269984665640564039457584007913112660609,40165133216242,0,algebra_v2
0xb775272e537cc670c65dc852908ad47015244eaf,47223127,0x8eceb1a049b68c3a188dd3a69652e6dcea54822966e71113c7269bbc16c7c37f,157138917014151776,0.157139,-262383463,-262.3835,3238206541561587816205880,139525598971730009,115792089237316195423570985008687907853269984665640564039457584007913112660608,26713615892405,0,algebra_v2
0xb775272e537cc670c65dc852908ad47015244eaf,47223129,0x30af20a42ed9fee65981ce66132001f584ff1964889592c8460e5d570635f889,150346433193659616,0.150346,-251019080,-251.0191,3238064002983216289948500,139525598971730009,115792089237316195423570985008687907853269984665640564039457584007913112660607,25558893642922,0,algebra_v2
0xb775272e537cc670c65dc852908ad47015244eaf,47223129,0x8ed89bf21e03387d37d8617085057d2d57ffad4cb15e0ce942a6a23afc0a53b5,156937623549843296,0.156938,-262000189,-262.0002,3237915228896072141111073,139525598971730009,115792089237316195423570985008687907853269984665640564039457584007913112660606,26679396003473,0,algebra_v2
0xb775272e537cc670c65dc852908ad47015244eaf,47223187,0xcbdaebe24ca2d5697d811839acb7d8b499549ba983f7b86200c63f543c236caf,-8976848528286820,-0.008977,15000787,15.0008,3237923779479620767424158,138925079566257657,115792089237316195423570985008687907853269984665640564039457584007913112660606,0,2550,algebra_v2
0xb775272e537cc670c65dc852908ad47015244eaf,47223198,0x9316dd9bbc2c27ec011f5ce317f09c1a97d6fe17a0051256dd34f954591e97e9,1009544470324498176,1.009544,-1684821882,-1684.8219,3236967119217767701613561,139532650438408905,115792089237316195423570985008687907853269984665640564039457584007913112660600,171622559955165,0,algebra_v2
0xb775272e537cc670c65dc852908ad47015244eaf,47223198,0x25a129e2a8de114212384ecc88a842404633ab163942218104a6c036f6448e45,3162132825760532,0.003162,-5275697,-5.2757,3236964123618930046533632,139532650438408905,115792089237316195423570985008687907853269984665640564039457584007913112660600,537562580379,0,algebra_v2
0xb775272e537cc670c65dc852908ad47015244eaf,47223266,0x99fa687efeaa3827b152682de0c2c336b54a328102a79349c8174b1f3024071d,-226743237919616911,-0.226743,378701465,378.7015,3237179046930336985740795,139532650438408905,115792089237316195423570985008687907853269984665640564039457584007913112660602,0,64379,algebra_v2
0xb775272e537cc670c65dc852908ad47015244eaf,47223333,0xb95a3f69e3e6782d0f5e42fac216492d4a25f2b4d5a4fb53365d39ac491f96e5,-68784788933484192,-0.068785,114892753,114.8928,3237244251670787895723101,139532650438408905,115792089237316195423570985008687907853269984665640564039457584007913112660602,0,19531,algebra_v2
0xb775272e537cc670c65dc852908ad47015244eaf,47223333,0x30bb9cde18056344c700c1afbc9eae8ac4b4b1299e1690295f4800b5f0e1ec6d,-150356684747823108,-0.150357,251160209,251.1602,3237386791873682350880456,139532650438408905,115792089237316195423570985008687907853269984665640564039457584007913112660603,0,42697,algebra_v2
0xb775272e537cc670c65dc852908ad47015244eaf,47223339,0x37c820d69f9d2c17b8a46a17680ebf0a9c74ac7fc16f2af029cc9266536d17ed,-160935292872222055,-0.160935,268855533,268.8555,3237539374651340906369691,139532650438408905,115792089237316195423570985008687907853269984665640564039457584007913112660604,0,45705,algebra_v2
0xb775272e537cc670c65dc852908ad47015244eaf,47223361,0x114a195c502058af54a44352ae16af5c4342d09254f9c1d0627d75bb63a232cc,-13499977130272642,-0.013500,22553965,22.5540,3237552174635737108472702,139532650438408905,115792089237316195423570985008687907853269984665640564039457584007913112660604,0,3834,algebra_v2
0xb775272e537cc670c65dc852908ad47015244eaf,47223363,0xafd216e9edac8440fa66be2bfef3fd372879bcfbc03cea5619dc6c23a06bf806,-160628450281678642,-0.160628,268370322,268.3703,3237704482042701954243837,139532650438408905,115792089237316195423570985008687907853269984665640564039457584007913112660605,0,45623,algebra_v2
0xb775272e537cc670c65dc852908ad47015244eaf,47223384,0xe161d5007e58a409e4bcea3f36e4b33acf55fd796d46ac4f2427601838e1fb5e,-276313418561573054,-0.276313,461710308,461.7103,3237966515114568445825449,139532650438408905,115792089237316195423570985008687907853269984665640564039457584007913112660607,0,78491,algebra_v2
0xb775272e537cc670c65dc852908ad47015244eaf,47223386,0xc56986130960782fd54f20e489d6864a74ca11761c975cfd88319b5afb842a7d,-160241627514891945,-0.160242,267792539,267.7925,3238118494614134275989516,139532650438408905,115792089237316195423570985008687907853269984665640564039457584007913112660608,0,45524,algebra_v2
0xb775272e537cc670c65dc852908ad47015244eaf,47223389,0xee2ef50c2dc92205e7312fa87cd3be6cf2f579a73c70d30166379d8c2aab3054,-160368500743452100,-0.160369,268029736,268.0297,3238270608729745036873396,139532650438408905,115792089237316195423570985008687907853269984665640564039457584007913112660608,0,45565,algebra_v2
0xb775272e537cc670c65dc852908ad47015244eaf,47223417,0x0d4ad09ecc324581c961751e698588cfda015c0e875bbb1c461b74269b242df9,153675976596349792,0.153676,-256588004,-256.5880,3238124915259096542171950,139532650438408905,115792089237316195423570985008687907853269984665640564039457584007913112660608,26124916021379,0,algebra_v2
0xb775272e537cc670c65dc852908ad47015244eaf,47223425,0xf8593d5e4d1c7daf6501c4b728939531d3a6d33ff0576f1759e61090f7a61e4f,170999278365761792,0.170999,-285485045,-285.4850,3237962813732954927625270,139532650438408905,115792089237316195423570985008687907853269984665640564039457584007913112660607,29069877322179,0,algebra_v2
0xb775272e537cc670c65dc852908ad47015244eaf,47223584,0x306480b2ad66f9c6d9114e24e5891e889f0d09e7e4bb4dfae503bb665cf0cd75,-161928041672215001,-0.161928,270610355,270.6104,3238116392419168479408708,139532650438408905,115792089237316195423570985008687907853269984665640564039457584007913112660607,0,46004,algebra_v2
0xb775272e537cc670c65dc852908ad47015244eaf,47223598,0xfda5b60983b0699c79d797d9edc0c9739165899fd71b204302e61e4b8f74d564,-153636807972189033,-0.153637,256777972,256.7780,3238262120854823170478449,139532650438408905,115792089237316195423570985008687907853269984665640564039457584007913112660608,0,43652,algebra_v2
0xb775272e537cc670c65dc852908ad47015244eaf,47223727,0x6040f22bee6606e433aba7fdf9ad1cc8b5b76bf7c5d8f61584a0b38ead212887,-183674089967050655,-0.183674,307010549,307.0105,3238436357634494907840046,139532650438408905,115792089237316195423570985008687907853269984665640564039457584007913112660609,0,52192,algebra_v2
0xb775272e537cc670c65dc852908ad47015244eaf,47223771,0x6f3f1601348ae183c710fca26df83959186298099d447c63afd5f7440d6842fb,56825904490840694,0.056826,-94892851,-94.8929,3238382476437475570275884,139532650438408905,115792089237316195423570985008687907853269984665640564039457584007913112660609,9660403763443,0,algebra_v2
0xb775272e537cc670c65dc852908ad47015244eaf,47223776,0xae3acb0f2d4f34e49707a988b37535a7acc2f95f9973c8119c0aa2daa82e1cce,100312500000000000,0.100312,-167502854,-167.5029,3238287366487922295959837,139532650438408905,115792089237316195423570985008687907853269984665640564039457584007913112660609,17053125000000,0,algebra_v2
0xb775272e537cc670c65dc852908ad47015244eaf,47223798,0x6827b187b13a0ee3387028cb346a1eb9ed77e87ff10ec73bb8afffb8ca0d397f,153873914408734368,0.153874,-256921139,-256.9211,3238141483859733530025363,139532650438408905,115792089237316195423570985008687907853269984665640564039457584007913112660608,26158565449485,0,algebra_v2
0xb775272e537cc670c65dc852908ad47015244eaf,47223798,0x6aed49a7f1a89eb1d9f3e1db65f93a588d6eb96e3e083fee80502bdb1f224200,62149654848600087,0.062150,-103763853,-103.7639,3238082565610829521637656,139532650438408905,115792089237316195423570985008687907853269984665640564039457584007913112660607,10565441324262,0,algebra_v2
0xb775272e537cc670c65dc852908ad47015244eaf,47223815,0xc5908d3477cc58ce0906b5ab41f8b35043f814f11940dee4670790d0a5fdc7c7,9909403340022506,0.009909,-16544197,-16.5442,3238073171634675646970421,139532650438408905,115792089237316195423570985008687907853269984665640564039457584007913112660607,1684598567804,0,algebra_v2
0xb775272e537cc670c65dc852908ad47015244eaf,47223840,0x544bb9a3f3bc3828f3881ca213dda1b088d9e0ef506d5d54662a1c0415496950,-150782422808986367,-0.150782,252000412,252.0004,3238216188675527323369124,139532650438408905,115792089237316195423570985008687907853269984665640564039457584007913112660608,0,42840,algebra_v2
0xb775272e537cc670c65dc852908ad47015244eaf,47223851,0x0f9aad09db282deb48af3d7a58b1cdd89a35e5ac28705e0e804f15147d592574,152380476374869312,0.152380,-254416493,-254.4165,3238071728212584825877517,139532650438408905,115792089237316195423570985008687907853269984665640564039457584007913112660607,25904680983727,0,algebra_v2
0xb775272e537cc670c65dc852908ad47015244eaf,47223853,0x1dcdefe54aa3e4067c1a30056cfa536e31955b9a5cfe909bb2c4bc0a581270b0,174703523958677824,0.174704,-291659424,-291.6594,3237906120806919772827952,139532650438408905,115792089237316195423570985008687907853269984665640564039457584007913112660606,29699599072975,0,algebra_v2
0xb775272e537cc670c65dc852908ad47015244eaf,47223856,0x3ab88a82583a725d6630a98d6e8ba42de5747f5609a98d523922a9edc38af89a,190126983179807488,0.190127,-317374275,-317.3743,3237725912228039908013256,139532650438408905,115792089237316195423570985008687907853269984665640564039457584007913112660605,32321587140567,0,algebra_v2
0xb775272e537cc670c65dc852908ad47015244eaf,47223862,0x1b7aec03c7d90ac7c2264a2aabed4754f164b8b46cb8834a7c309708579a9080,151537858013567840,0.151538,-252933103,-252.9331,3237582294050149540818285,139532650438408905,115792089237316195423570985008687907853269984665640564039457584007913112660604,25761435862306,0,algebra_v2
0xb775272e537cc670c65dc852908ad47015244eaf,47223877,0x4e62091417d7351d57c3cf8ef1e3913cc900bbbb3685a2b19d8dbba7127b9924,-150828319949202871,-0.150828,252000699,252.0007,3237725311253962951048819,139532650438408905,115792089237316195423570985008687907853269984665640564039457584007913112660605,0,42840,algebra_v2
0xb775272e537cc670c65dc852908ad47015244eaf,47223915,0x45b8ed60cbf7e53905c9169ae0de7cfae58731073b817042a5c686ff76af411a,156685951816583904,0.156686,-261525338,-261.5253,3237576814311140629673472,139532650438408905,115792089237316195423570985008687907853269984665640564039457584007913112660604,26636611808819,0,algebra_v2
0xb775272e537cc670c65dc852908ad47015244eaf,47223925,0x8fa75b093ee943b263911693a0bb4504e51dbee35dbf9d877c4eb1b9e76cb302,153405231449489568,0.153405,-256026230,-256.0262,3237431439821733562931217,139532650438408905,115792089237316195423570985008687907853269984665640564039457584007913112660603,26078889346413,0,algebra_v2
0xb775272e537cc670c65dc852908ad47015244eaf,47223926,0xef8260894c6013aa5fc4797cb2a5272e69f952b3ea733458a71ed5b0488bc575,173789346804100704,0.173789,-290018599,-290.0186,3237266764094379055384951,139532650438408905,115792089237316195423570985008687907853269984665640564039457584007913112660602,29544188956697,0,algebra_v2
0xb775272e537cc670c65dc852908ad47015244eaf,47223927,0xaf1b70a30d5742543cff3a28a318366a70c66f39d5dd1867efb016de1ad646d6,173117850298787072,0.173118,-288868677,-288.8687,3237102741304874506202308,139532650438408905,115792089237316195423570985008687907853269984665640564039457584007913112660601,29430034550793,0,algebra_v2
0xb775272e537cc670c65dc852908ad47015244eaf,47223937,0xdb463a49341fb0f52a99ba2ec125aa35ad818c343d89ad25f130c5299ff7848c,171725874208628480,0.171726,-286517073,-286.5171,3236940053781818104876849,139532650438408905,115792089237316195423570985008687907853269984665640564039457584007913112660600,29193398615467,0,algebra_v2
0xb775272e537cc670c65dc852908ad47015244eaf,47223937,0x5634fca6d721f65356f1b814453d04b25ddc0fbd96e7cc6e8141a875f97e5301,184549200549785248,0.184549,-307880170,-307.8802,3236766638331931749692213,142989316495095527,115792089237316195423570985008687907853269984665640564039457584007913112660599,31373364093463,0,algebra_v2
0xb775272e537cc670c65dc852908ad47015244eaf,47223937,0x48fe8ae327f9252e903f8d944c4220e6be569a6974c16a74c1ba42942a4dce50,101862012348321456,0.101862,-169920598,-169.9206,3236672487963980803866624,142989316495095527,115792089237316195423570985008687907853269984665640564039457584007913112660599,17316542099214,0,algebra_v2
0xb775272e537cc670c65dc852908ad47015244eaf,47223938,0x1d82eea2799945896e3defa2a45d262480dff9aee68d3f5f5f721fc2866fac36,158435166550058400,0.158435,-264273173,-264.2732,3236526058297381825295655,142989316495095527,115792089237316195423570985008687907853269984665640564039457584007913112660598,26933978313510,0,algebra_v2
0xb775272e537cc670c65dc852908ad47015244eaf,47223939,0x686a021ad41849b99bec334e66184d5b3f14045eeb602b97df3dc5bb34e5345f,155767835658990592,0.155768,-259800699,-259.8007,3236382106759319834320259,142989316495095527,115792089237316195423570985008687907853269984665640564039457584007913112660597,26480532062028,0,algebra_v2
0xb775272e537cc670c65dc852908ad47015244eaf,47223949,0xd0e3ee35cde539da758c31daec0d5279e988b0c5b0489d272656a474e9b1d829,158690630732930496,0.158691,-264651781,-264.6518,3236235467311901501455903,142989316495095527,115792089237316195423570985008687907853269984665640564039457584007913112660596,26977407224598,0,algebra_v2
0xb775272e537cc670c65dc852908ad47015244eaf,47223950,0xe0def8a2fb3f31de9379f8973790616ecc41cd79f8a573dd2e4678a0be5e62a9,166977457415658496,0.166977,-278446008,-278.4460,3236081184697427466549851,142989316495095527,115792089237316195423570985008687907853269984665640564039457584007913112660595,28386167760662,0,algebra_v2
0xb775272e537cc670c65dc852908ad47015244eaf,47223950,0x5fbebe3ca4ddf512d44b83499c6603185a1c445c0b0d2e3107f6952156ba6ead,26252888941186243,0.026253,-43776021,-43.7760,3236056929082606543387607,142989316495095527,115792089237316195423570985008687907853269984665640564039457584007913112660595,4462991120001,0,algebra_v2
0xb775272e537cc670c65dc852908ad47015244eaf,47223956,0xa1ae575bfbb97b14c59d5186cb070207ddfb30226367b864b3554475e36154e4,166722217049509952,0.166722,-277989723,-277.9897,3235902899288225207425847,142989316495095527,115792089237316195423570985008687907853269984665640564039457584007913112660594,28342776898416,0,algebra_v2
0xb775272e537cc670c65dc852908ad47015244eaf,47223981,0x3983c9f1592befb76ce918d6f50d5e2bd5b77f11eb8ed87082976dadb721cc9c,9335078715500340,0.009335,-15564365,-15.5644,3235894237274425678863016,142361359769175869,115792089237316195423570985008687907853269984665640564039457584007913112660594,1586963381635,0,algebra_v2
0xb775272e537cc670c65dc852908ad47015244eaf,47223984,0x6a9d7fdf36c077319e54a1e6a37fff3b4cb8cb21f68f296f16cd6930dd8716f3,-169124540597022782,-0.169125,282276216,282.2762,3236050594384643237677120,142961479017026809,115792089237316195423570985008687907853269984665640564039457584007913112660595,0,47987,algebra_v2
0xb775272e537cc670c65dc852908ad47015244eaf,47223987,0x08addfcd55fd820a4ac998c5bf7f436b581f433537d327ad205ac43e8013c2f2,-73067318687797888,-0.073067,121960973,121.9610,3236118150431241406473603,142961479017026809,115792089237316195423570985008687907853269984665640564039457584007913112660595,0,20733,algebra_v2
0xb775272e537cc670c65dc852908ad47015244eaf,47223987,0x07a09237330fe95d42adbce385a1de76460bd6cad631c40792b7302965f48102,-138287562727468337,-0.138288,230837868,230.8379,3236246015054710249705710,142961479017026809,115792089237316195423570985008687907853269984665640564039457584007913112660596,0,39242,algebra_v2
0xb775272e537cc670c65dc852908ad47015244eaf,47223988,0x58f63ceb7054c8a5b5b74a9a59a53d076620f7d22597e89ec508744da55c4a89,-8332052621805750,-0.008332,13908944,13.9089,3236253719430876714788896,142961479017026809,115792089237316195423570985008687907853269984665640564039457584007913112660596,0,2364,algebra_v2
0xb775272e537cc670c65dc852908ad47015244eaf,47223988,0x8afa3c0e4f923cc2b2c4d803f448eff145886e8e6d06b71b565b3b7bb7deaaac,-101722273873194616,-0.101722,169813355,169.8134,3236347781643676263991587,142961479017026809,115792089237316195423570985008687907853269984665640564039457584007913112660597,0,28868,algebra_v2
0xb775272e537cc670c65dc852908ad47015244eaf,47223991,0x5d8ca4af763f1873b3302bdb0bb207eafc45c0607db52aa204d52314ed0111ea,-196218275103493090,-0.196218,327591186,327.5912,3236529239408697369873694,142961479017026809,115792089237316195423570985008687907853269984665640564039457584007913112660598,0,55690,algebra_v2
0xb775272e537cc670c65dc852908ad47015244eaf,47223991,0x219798d6bea32b794d836072365e1920e112225f5c20e8197835c54ede75b649,-84360147690051928,-0.084360,140852613,140.8526,3236607259823313128521728,142961479017026809,115792089237316195423570985008687907853269984665640564039457584007913112660598,0,23945,algebra_v2
0xb775272e537cc670c65dc852908ad47015244eaf,47223991,0x02bdc557c3c02a00314c5ff00fb1bcfedabde0295bebc6fe79f70d1db5d49b34,-150510327872952077,-0.150510,251317669,251.3177,3236746468521540113377666,142961479017026809,115792089237316195423570985008687907853269984665640564039457584007913112660599,0,42724,algebra_v2
0xb775272e537cc670c65dc852908ad47015244eaf,47223992,0x1aef93c10d10fab96178dfe3b27a099c2e7f6fc0f5095c940136ee7f37cf973c,-164606921078309140,-0.164607,274880572,274.8806,3236900588175374982916189,139525198814108597,115792089237316195423570985008687907853269984665640564039457584007913112660600,0,46729,algebra_v2
0xb775272e537cc670c65dc852908ad47015244eaf,47224059,0xb8b4a1e850c2cc072b47d097445332c9535b12a599371fc401edd48c27eb01cb,-163918328964285329,-0.163918,273756930,273.7569,3237055960925616835320285,139525198814108597,115792089237316195423570985008687907853269984665640564039457584007913112660601,0,46538,algebra_v2
0xb775272e537cc670c65dc852908ad47015244eaf,47224061,0xe45eb30e011d514370d5ff9155e84aa18d611b5a41fd72c26089442e26cb9ff8,-216157302963542307,-0.216157,361040443,361.0404,3237260872072765186446343,139525198814108597,115792089237316195423570985008687907853269984665640564039457584007913112660602,0,61377,algebra_v2
0xb775272e537cc670c65dc852908ad47015244eaf,47224064,0xb9c37b3766016a52f5dfad467d067e01eedb15249e366e8269352e513fe67299,-95745322453518697,-0.095745,159934875,159.9349,3237351644282073215350864,139525198814108597,115792089237316195423570985008687907853269984665640564039457584007913112660603,0,27189,algebra_v2
0xb775272e537cc670c65dc852908ad47015244eaf,47224072,0xb9bcebf411db5163e1a04fe82c41a1abb1a865e9710f0903b8f10860c2d21044,-57499332899369406,-0.057499,96052331,96.0523,3237406159485426509806385,139525198814108597,115792089237316195423570985008687907853269984665640564039457584007913112660603,0,16329,algebra_v2
0xb775272e537cc670c65dc852908ad47015244eaf,47224073,0xe0bdbbdeb154c8a00a01212057135883d24b35820ef1c4fe93d246f85f922113,-191394559802661328,-0.191395,319746902,319.7469,3237587634181087537554091,139525198814108597,115792089237316195423570985008687907853269984665640564039457584007913112660604,0,54357,algebra_v2
0xb775272e537cc670c65dc852908ad47015244eaf,47224073,0x831b6b521e6f25cc49262ba7dd1725ff6d2793d52e55d0a6d840db90da3baa00,-64860256278231880,-0.064860,108364745,108.3647,3237649137385226759045120,139525198814108597,115792089237316195423570985008687907853269984665640564039457584007913112660605,0,18422,algebra_v2
0xb775272e537cc670c65dc852908ad47015244eaf,47224074,0xd9e40f0cab030ecc9b1ab3d8ad8c9eb802351f12b74cb65b6fc13a3e3a345ed3,-156008675824833502,-0.156009,260667085,260.6671,3237797080898116268336180,139525198814108597,115792089237316195423570985008687907853269984665640564039457584007913112660606,0,44313,algebra_v2
0xb775272e537cc670c65dc852908ad47015244eaf,47224074,0xd8bf82753547b88ac97568b1c697eefd70842d6c47cb732afb34f87ff9a3e84a,-6375675523938996,-0.006376,10653304,10.6533,3237803127258625871445771,139525198814108597,115792089237316195423570985008687907853269984665640564039457584007913112660606,0,1811,algebra_v2
0xb775272e537cc670c65dc852908ad47015244eaf,47224074,0x38ad041386f2b52afc173ba6c17162b1f7d75bfac09661ac165b69a839501e5d,-98868798533082245,-0.098869,165207875,165.2079,3237896892197738167402496,139525198814108597,115792089237316195423570985008687907853269984665640564039457584007913112660606,0,28085,algebra_v2
0xb775272e537cc670c65dc852908ad47015244eaf,47224074,0x339a690509428793ad253b564a71d81f18b670cf75e58e74795e9d785c7229c9,-16109208476429227,-0.016109,26919087,26.9191,3237912170322327679008768,139525198814108597,115792089237316195423570985008687907853269984665640564039457584007913112660606,0,4576,algebra_v2
0xb775272e537cc670c65dc852908ad47015244eaf,47224074,0xb5af128f95a77bea8a38ab7772c43f603e325032305da39a391455aa063a8b94,-1305770882306283,-0.001306,2182004,2.1820,3237913408734011167080448,139525198814108597,115792089237316195423570985008687907853269984665640564039457584007913112660606,0,371,algebra_v2
0xb775272e537cc670c65dc852908ad47015244eaf,47224078,0xadd282c202214f932a4febb3a9bdfd009de1e1ed75dd629e00b0ebae8b6d4d92,-333841801246662689,-0.333842,557919678,557.9197,3238230060133226428714437,139525198814108597,115792089237316195423570985008687907853269984665640564039457584007913112660608,0,94846,algebra_v2
0xb775272e537cc670c65dc852908ad47015244eaf,47224079,0x01c55a9e5004d4e8e091bf734eaceb29bde8e1e826093db067d48713afcc79c2,-179997127831345384,-0.179997,300858240,300.8582,3238400814430245781315826,139525198814108597,115792089237316195423570985008687907853269984665640564039457584007913112660609,0,51146,algebra_v2
0xb775272e537cc670c65dc852908ad47015244eaf,47224079,0x424d8d14691d0cc01b61db0705f23bcef4ad47cb713f523d50b9408d1f7431b2,-125494722412420904,-0.125495,209778317,209.7783,3238519081728279983423488,140961864335710060,115792089237316195423570985008687907853269984665640564039457584007913112660610,0,35661,algebra_v2
0xb775272e537cc670c65dc852908ad47015244eaf,47224106,0xae0f653d911a386f07fd7718e1805b2b44307579f27eac4f3bf3af9d5f712011,82117777547382100,0.082118,-137133450,-137.1335,3238442005340852186225103,140961864335710060,115792089237316195423570985008687907853269984665640564039457584007913112660610,13960022183055,0,algebra_v2
0xb775272e537cc670c65dc852908ad47015244eaf,47224108,0x72586c1bb71ee96ef10bc1799f910512ca2d8483e580da2117d0bd7016bf6b34,150674926317387000,0.150675,-251604095,-251.6041,3238299134437739755917046,139525198814108597,115792089237316195423570985008687907853269984665640564039457584007913112660609,25614737473955,0,algebra_v2
0xb775272e537cc670c65dc852908ad47015244eaf,47224118,0x66c7679cc9091fceb812c60cb26b23de8b56c4f60eabb1c826d474dd34189c95,-10790694364908580,-0.010791,18036105,18.0361,3238309415179731956407842,138925079566257657,115792089237316195423570985008687907853269984665640564039457584007913112660609,0,3066,algebra_v2
0xb775272e537cc670c65dc852908ad47015244eaf,47224120,0xb361deb5e95ae0e527bebf1771ad9724e3fe282796c2c53413e68192d160feee,280804512498447360,0.280805,-468844369,-468.8444,3238043274997695837633764,139571851221531052,115792089237316195423570985008687907853269984665640564039457584007913112660607,47736767124736,0,algebra_v2
0xb775272e537cc670c65dc852908ad47015244eaf,47224120,0x10016196c4b0d0556aae0264baaba01594a168350275841c00329a4768f96d5b,153730378649331552,0.153730,-256642800,-256.6428,3237897591342255596103541,139571851221531052,115792089237316195423570985008687907853269984665640564039457584007913112660606,26134164370386,0,algebra_v2
0xb775272e537cc670c65dc852908ad47015244eaf,47224121,0x8435689a020c59a0f73c593f6fc978e3bde24b6021b7b66f885a5be0c53d3b0b,176697375761982336,0.176697,-294956173,-294.9562,3237730159045446465483654,139571851221531052,115792089237316195423570985008687907853269984665640564039457584007913112660605,30038553879537,0,algebra_v2
0xb775272e537cc670c65dc852908ad47015244eaf,47224124,0x50d74d2f7dc57824b92748677e0d52d5f8c69bf96c2ba32b42307d07a09d0334,150208496972121888,0.150208,-250715014,-250.7150,3237587840306372990196328,139571851221531052,115792089237316195423570985008687907853269984665640564039457584007913112660604,25535444485260,0,algebra_v2
0xb775272e537cc670c65dc852908ad47015244eaf,47224124,0xe1e043dec2eb1d02878793f52cbcd8befbeed1d0cb66684f4fbd96b90dfa08cf,346139311620972416,0.346139,-577661852,-577.6619,3237259929723278739897660,139571851221531052,115792089237316195423570985008687907853269984665640564039457584007913112660602,58843682975565,0,algebra_v2
0xb775272e537cc670c65dc852908ad47015244eaf,47224125,0x3fc056fd9cc730bee9cb47cec71ce99838a5296d1cd86809c7b5fbd4d02d8a49,1314050046177735,0.001314,-2192757,-2.1928,3237258685001586990152104,139571851221531052,115792089237316195423570985008687907853269984665640564039457584007913112660602,223388507850,0,algebra_v2
0xb775272e537cc670c65dc852908ad47015244eaf,47224132,0xa687f64194a581736042571705638cfdd5c09a41cdb935f1b851616c651fa789,174256156965964288,0.174256,-290766540,-290.7665,3237093630955963454779507,139571851221531052,115792089237316195423570985008687907853269984665640564039457584007913112660601,29623546684214,0,algebra_v2
0xb775272e537cc670c65dc852908ad47015244eaf,47224132,0x153fae99d8449a4725dfed0406ba841485cfeb8dd5639f52e5e0f68235cfe765,206263737093716864,0.206264,-344136570,-344.1366,3236898281335745813459744,139571851221531052,115792089237316195423570985008687907853269984665640564039457584007913112660600,35064835305932,0,algebra_v2
0xb775272e537cc670c65dc852908ad47015244eaf,47224132,0x6c4e04b525525a77967e3564689415756dbd1d4f36f794605166fed0c9a6755e,75259520490217774,0.075260,-125554886,-125.5549,3236827009923528404238336,139571851221531052,115792089237316195423570985008687907853269984665640564039457584007913112660600,12794118483337,0,algebra_v2
0xb775272e537cc670c65dc852908ad47015244eaf,47224133,0x3cf0084fe4335a7faa55da434c0ac4eb1ebcb2072cb897f9b87ea824f2bda08c,115546875000000000,0.115547,-192755359,-192.7554,3236720130702463928776263,143008131424449264,115792089237316195423570985008687907853269984665640564039457584007913112660599,19642968750000,0,algebra_v2
0xb775272e537cc670c65dc852908ad47015244eaf,47224134,0xfab070012233305b60270bf2aa0ad09c133d362b8ccc5cde1b81137c612be851,165944091181152160,0.165944,-276805773,-276.8058,3236566777095129856069076,143008131424449264,115792089237316195423570985008687907853269984665640564039457584007913112660598,28210495500796,0,algebra_v2
0xb775272e537cc670c65dc852908ad47015244eaf,47224134,0x1611e0224f3ae5b7d2b7c92bb8329579f78e82d877c903b107aee6052179a451,147899889817510445,0.147900,-246684740,-246.6847,3236430110889165239353344,143008131424449264,115792089237316195423570985008687907853269984665640564039457584007913112660597,25142981268977,0,algebra_v2
0xb775272e537cc670c65dc852908ad47015244eaf,47224187,0xcfc5d5ed5e574d9df22331cd3c952332962fdf79fbed0d512a4e30f52d69b244,-162432827616560738,-0.162433,271196735,271.1967,3236580281900564368346155,143008131424449264,115792089237316195423570985008687907853269984665640564039457584007913112660598,0,46103,algebra_v2
0xb775272e537cc670c65dc852908ad47015244eaf,47224187,0x44871d42aabf30784c04e89b9e755172d6f054ab7c1bc89370243054531c935d,-106752629890690414,-0.106753,178247165,178.2472,3236678983520102159220736,143008131424449264,115792089237316195423570985008687907853269984665640564039457584007913112660599,0,30302,algebra_v2
0xb775272e537cc670c65dc852908ad47015244eaf,47224193,0x351eb119388043c6b89a0a3b51a21f93dc46a1735af2157314e79becea6e5691,-173473163030581129,-0.173473,289675068,289.6751,3236839784085239251407601,139571851221531052,115792089237316195423570985008687907853269984665640564039457584007913112660600,0,49244,algebra_v2
0xb775272e537cc670c65dc852908ad47015244eaf,47224193,0x02d8e7acbdb403a980c975f08442e2a41c89d8044d77024b492715a363634db6,-84025922689900014,-0.084026,140321563,140.3216,3236919397995732366992925,139571851221531052,115792089237316195423570985008687907853269984665640564039457584007913112660600,0,23854,algebra_v2
0xb775272e537cc670c65dc852908ad47015244eaf,47224194,0x9ee8665c776524d0b83911e88f08f44008fc9f91741f607b97a560ac19171cb6,-176347870579722876,-0.176348,294519764,294.5198,3237086498971914339916186,139571851221531052,115792089237316195423570985008687907853269984665640564039457584007913112660601,0,50068,algebra_v2
0xb775272e537cc670c65dc852908ad47015244eaf,47224194,0xe32a981f1a9e664b9b2665aa564ff93286a27ed736ef1406e3b6d2b7d447aec5,-2608148815295787,-0.002608,4356116,4.3561,3237088970490527827032644,139571851221531052,115792089237316195423570985008687907853269984665640564039457584007913112660601,0,740,algebra_v2
0xb775272e537cc670c65dc852908ad47015244eaf,47224208,0xba730af5fb9ed73f44c022e7bf8adfd491d38fc16d0bab11fcc25efd769f150d,-5987323073329,-0.000006,10000,0.0100,3237088976164203983073424,139571851221531052,115792089237316195423570985008687907853269984665640564039457584007913112660601,0,1,algebra_v2
0xb775272e537cc670c65dc852908ad47015244eaf,47224210,0x922660426d8e39e9daaf6572753c35627e909e4ec38c4f00e61a641c0e5580f3,-228222700039580297,-0.228223,381201993,381.2020,3237305257830033928756116,139571851221531052,115792089237316195423570985008687907853269984665640564039457584007913112660602,0,64804,algebra_v2
0xb775272e537cc670c65dc852908ad47015244eaf,47224210,0xa1794ce28999d51849ec8965f3d19c7cfc29eda1464b32f330ff95feb75bf43c,-47491707435448249,-0.047492,79332140,79.3321,3237350268316282068664320,139571851221531052,115792089237316195423570985008687907853269984665640564039457584007913112660603,0,13486,algebra_v2
0xb775272e537cc670c65dc852908ad47015244eaf,47224210,0xfcae212cdcdb23f9a0c4d3e1b41e30332410db7480ec28d832c54ef3c4cb1ec3,-109691610777143523,-0.109692,183241896,183.2419,3237454233833864841241944,139571851221531052,115792089237316195423570985008687907853269984665640564039457584007913112660603,0,31151,algebra_v2
0xb775272e537cc670c65dc852908ad47015244eaf,47224211,0x58442cac1c72f5d1a43a7bb292a6880228f07f55b46787b76ee319b113472f11,-154145518740168155,-0.154146,257522876,257.5229,3237600343973665445796216,139571851221531052,115792089237316195423570985008687907853269984665640564039457584007913112660604,0,43779,algebra_v2
0xb775272e537cc670c65dc852908ad47015244eaf,47224211,0xc31e286f1936723eb78b2a771118a7eeacca312339807d5e9771d56e5c55b67c,-123139833240605454,-0.123140,205739997,205.7400,3237717074184949049851904,139571851221531052,115792089237316195423570985008687907853269984665640564039457584007913112660605,0,34975,algebra_v2
0xb775272e537cc670c65dc852908ad47015244eaf,47224211,0xd839dfa678675ab374747cb0724a104652ec2373bc81772cee815bb0c69aeef7,-213367784405599507,-0.213368,356526492,356.5265,3237919355770186767083633,139571851221531052,115792089237316195423570985008687907853269984665640564039457584007913112660606,0,60609,algebra_v2
0xb775272e537cc670c65dc852908ad47015244eaf,47224211,0xea38fcd042082a6c4417c3d5474e02e9e7fab6d1ead965f3081c0965d33263b8,-69935318553050336,-0.069935,116867981,116.8680,3237985662877845040398336,139571851221531052,115792089237316195423570985008687907853269984665640564039457584007913112660607,0,19867,algebra_v2
0xb775272e537cc670c65dc852908ad47015244eaf,47224211,0x25e6094adcc96219b3269b646785feab495a0fa3f8a47099807a440633d96c26,-300177841391352025,-0.300178,501677568,501.6776,3238270298483280640428689,139571851221531052,115792089237316195423570985008687907853269984665640564039457584007913112660608,0,85285,algebra_v2
0xb775272e537cc670c65dc852908ad47015244eaf,47224211,0x21ffc2ff219faa4271c6311a99d4fa9eeaa41ea114152747679844f95b15adf9,-158401052456408250,-0.158401,264766136,264.7661,3238420518214026614344259,139571851221531052,115792089237316195423570985008687907853269984665640564039457584007913112660609,0,45010,algebra_v2
0xb775272e537cc670c65dc852908ad47015244eaf,47224211,0xcc9034ff71609af515e06a6e1602393032f114d0787244e405538572025de8fd,-152799453748497997,-0.152799,255426301,255.4263,3238564180945428371044034,141008516743132515,115792089237316195423570985008687907853269984665640564039457584007913112660610,0,43422,algebra_v2
0xb775272e537cc670c65dc852908ad47015244eaf,47224211,0xe5f1b91357cc4b9bd300b75a5602549413d596c7d19f42140e678fab07ecef9d,-265472109702789626,-0.265472,443828693,443.8287,3238813429364684046191901,141008516743132515,115792089237316195423570985008687907853269984665640564039457584007913112660612,0,75451,algebra_v2
0xb775272e537cc670c65dc852908ad47015244eaf,47224212,0xca74a3747482592d002be8727fb283abb947613b9a7885d8fa8403536ff7859e,-21946297817193146,-0.021946,36693905,36.6939,3238834036184146799230976,141008516743132515,115792089237316195423570985008687907853269984665640564039457584007913112660612,0,6237,algebra_v2
0xb775272e537cc670c65dc852908ad47015244eaf,47224217,0xbb5bb5414a265f3a1b0fb3f5c54e186cdf8073f995e67dea29215b1d253dc69d,-290193079844819100,-0.290193,485242704,485.2427,3239106542173171906248704,141008516743132515,115792089237316195423570985008687907853269984665640564039457584007913112660614,0,82491,algebra_v2
0xb775272e537cc670c65dc852908ad47015244eaf,47224217,0xb1bd58894b640aa4532472be5db40acf4d36098ce7f60b14e407d5e66e41279e,-509645796207328662,-0.509646,852395454,852.3955,3239585236370023050009872,141008516743132515,115792089237316195423570985008687907853269984665640564039457584007913112660617,0,144907,algebra_v2
0xb775272e537cc670c65dc852908ad47015244eaf,47224217,0xd5429c8a7521cee24b625b3bb57a0ca996746a9764252fda7f9116032afcd038,-229654013795862874,-0.229654,384184483,384.1845,3239800989376875683630121,141008516743132515,115792089237316195423570985008687907853269984665640564039457584007913112660618,0,65311,algebra_v2
0xb775272e537cc670c65dc852908ad47015244eaf,47224217,0x3063a5ba223bf22398831ba126c854b58fcb3762c344d580a1d8e73759d26762,-30524726364255421,-0.030525,51068175,51.0682,3239829668598708254539776,141008516743132515,115792089237316195423570985008687907853269984665640564039457584007913112660618,0,8681,algebra_v2
0xb775272e537cc670c65dc852908ad47015244eaf,47224217,0x3e70ed329f7de323f691dfc839138ffa2babe9e6dae25ffb674fae268ee36504,-70300683170224421,-0.070301,117617188,117.6172,3239895720880919279566848,141008516743132515,115792089237316195423570985008687907853269984665640564039457584007913112660618,0,19995,algebra_v2
0xb775272e537cc670c65dc852908ad47015244eaf,47224244,0xbcf2562c3b18aa18461e95a0a9487754b60e8e97a9511000ff6f78dc981f7a1d,-229582669087497315,-0.229583,384138747,384.1387,3240111378659371631273192,141205208013882282,115792089237316195423570985008687907853269984665640564039457584007913112660620,0,65303,algebra_v2
0xb775272e537cc670c65dc852908ad47015244eaf,47224247,0xda0831bb3b00531b7853b904bcaf83ec91b86d880de7282f6b31b8a80b959f45,-387158656856658495,-0.387159,647911349,647.9113,3240474730407769952504081,141205208013882282,115792089237316195423570985008687907853269984665640564039457584007913112660622,0,110145,algebra_v2
0xb775272e537cc670c65dc852908ad47015244eaf,47224256,0x6ee906a0063fd0674cd40c49069fd654002d8c4078be4f23d7d6382b694830c7,185532000674251488,0.185532,-310196155,-310.1962,3240300683913805278125903,141205208013882282,115792089237316195423570985008687907853269984665640564039457584007913112660621,31540440114622,0,algebra_v2
0xb775272e537cc670c65dc852908ad47015244eaf,47224257,0x02a92ae9d5b0447b6050992eb127c9168e1afb282f6a06dc52869a03c80be4d4,157809304325711104,0.157809,-263819577,-263.8196,3240152658634266231447278,141205208013882282,115792089237316195423570985008687907853269984665640564039457584007913112660620,26827581735371,0,algebra_v2
0xb775272e537cc670c65dc852908ad47015244eaf,47224257,0xf0bc40b4d56054662c880416bd7acaec772daadd3e7fa9ed213e0afccd250153,155663887494310880,0.155664,-260209335,-260.2093,3240006582479035945712960,141008516743132515,115792089237316195423570985008687907853269984665640564039457584007913112660619,26462860874032,0,algebra_v2
0xb775272e537cc670c65dc852908ad47015244eaf,47224259,0xda2d2d1bbabe50f7cbdfd609f53d5ff29c9055eb1c8663d935a376a8315d0ec6,176578636221158368,0.176579,-295142224,-295.1422,3239840751530447674011819,141008516743132515,115792089237316195423570985008687907853269984665640564039457584007913112660618,30018368157597,0,algebra_v2
0xb775272e537cc670c65dc852908ad47015244eaf,47224269,0xf7f7712efe11aeace5440327455312f39f333ad28b740c583c67fcb0854acb7f,360708144061278144,0.360708,-602811462,-602.8115,3239502051105631297886955,141008516743132515,115792089237316195423570985008687907853269984665640564039457584007913112660616,61320384490417,0,algebra_v2
0xb775272e537cc670c65dc852908ad47015244eaf,47224409,0x60ba0aaf507792dd5c05bcf28e5473755fb7cf7d5c47f86adf7948fc5d18788d,-160834340647431090,-0.160834,269037978,269.0380,3239653139333792079624699,141008516743132515,115792089237316195423570985008687907853269984665640564039457584007913112660617,0,45736,algebra_v2
0xb775272e537cc670c65dc852908ad47015244eaf,47224409,0x7c4e3992a74a6879ac0619708c409e52f160d001945ef977c4cbd180832e8963,-119418886663428412,-0.119419,199775911,199.7759,3239765330886230464219684,141008516743132515,115792089237316195423570985008687907853269984665640564039457584007913112660618,0,33961,algebra_v2
0xb775272e537cc670c65dc852908ad47015244eaf,47224417,0x663b368052b2435af1cdf6bd38fa9f4433c1c8cf2dbaee011b6765a3e81a4ed8,-160333355502668789,-0.160333,268243506,268.2435,3239915972949119802674289,141008516743132515,115792089237316195423570985008687907853269984665640564039457584007913112660619,0,45601,algebra_v2
0xb775272e537cc670c65dc852908ad47015244eaf,47224418,0x5e0575b285f1ebfdf4fc4d0b729b7a068084c2500688e6720c4b160ae389be4a,-156642370882506760,-0.156642,262092449,262.0924,3240063158376165982192339,141205208013882282,115792089237316195423570985008687907853269984665640564039457584007913112660620,0,44556,algebra_v2
0xb775272e537cc670c65dc852908ad47015244eaf,47224419,0xfcec9390b809d4154476278ee67ba103dc9f92ac6880106e69b3b0ce0cd79811,-180175409196347844,-0.180175,301497119,301.4971,3240232239386075307924105,141205208013882282,115792089237316195423570985008687907853269984665640564039457584007913112660621,0,51254,algebra_v2
0xb775272e537cc670c65dc852908ad47015244eaf,47224428,0x5f8e8156ca9acdaca5e889377be49f94a8da31d39c4246fa346ebed2621fb98e,-418315142538484584,-0.418315,700110384,700.1104,3240624864599887311116046,141205208013882282,115792089237316195423570985008687907853269984665640564039457584007913112660623,0,119019,algebra_v2
0xb775272e537cc670c65dc852908ad47015244eaf,47224433,0x9e3bb0d5e59f89b9a1d4b1f40468d3de0207c04e3083e1e8617c0ce52dffeeb5,-234241297627871841,-0.234241,392110515,392.1105,3240844762030627183752375,141205208013882282,115792089237316195423570985008687907853269984665640564039457584007913112660624,0,66659,algebra_v2
0xb775272e537cc670c65dc852908ad47015244eaf,47224436,0x22bb497431feeb9ed490040997bfd8f8336f053d4da000128a0cab4ba7fa14ec,-255831887809356683,-0.255832,428313097,428.3131,3241084962040722914594873,141205208013882282,115792089237316195423570985008687907853269984665640564039457584007913112660626,0,72813,algebra_v2
0xb775272e537cc670c65dc852908ad47015244eaf,47224436,0x7c2ea7b83a9c1b413c440d36a7ec999d9473fa990d46444c691ae59c62d9ee92,-6320644964920008,-0.006321,10582813,10.5828,3241090896931415071391744,141205208013882282,115792089237316195423570985008687907853269984665640564039457584007913112660626,0,1799,algebra_v2
0xb775272e537cc670c65dc852908ad47015244eaf,47224441,0xa474cb38d7bfc92f3614f2caeed8cc8abd2de6b65c2217ef5b83061025eafaf1,-282622370242271655,-0.282622,473241205,473.2412,3241356292836978694061148,141205208013882282,115792089237316195423570985008687907853269984665640564039457584007913112660627,0,80451,algebra_v2
0xb775272e537cc670c65dc852908ad47015244eaf,47224463,0xc015e44adb0e9ed7d660a8d3123b8d705a0f615380812fe7cdcb97db8c7b2a14,-864729298680191697,-0.864729,1448440215,1448.4402,3242168592860639168523545,141202915450332586,115792089237316195423570985008687907853269984665640564039457584007913112660633,0,246234,algebra_v2
0xb775272e537cc670c65dc852908ad47015244eaf,47224476,0xbe748290245b4923d84419c04fc80b94dff9cf1f9599207a783b7f39bf02ab68,-50355022631221386,-0.050355,84368118,84.3681,3242215907667829938425965,141202915450332586,115792089237316195423570985008687907853269984665640564039457584007913112660633,0,14342,algebra_v2
0xb775272e537cc670c65dc852908ad47015244eaf,47224476,0xa7c8f279b2ca7e06356b2548960b0bdd9922e4dfe3686eeaed6b10ed0a1aaf03,-365732968038650046,-0.365733,612846972,612.8470,3242559600727769560428057,141202915450332586,115792089237316195423570985008687907853269984665640564039457584007913112660635,0,104184,algebra_v2
0xb775272e537cc670c65dc852908ad47015244eaf,47224481,0x13a652e16eda40da6787499d01b05d1427cb0b22786d63111c57e28a1e9472e3,-156976573040763914,-0.156977,263080449,263.0804,3242707139882676742428003,141202915450332586,115792089237316195423570985008687907853269984665640564039457584007913112660636,0,44723,algebra_v2
0xb775272e537cc670c65dc852908ad47015244eaf,47224483,0x11127e64e4f3fd0813de76f2b331d66a5b19c680b3754912aa9491457b5a394d,-145973320141874123,-0.145973,244661342,244.6613,3242844349347435989940954,141202915450332586,115792089237316195423570985008687907853269984665640564039457584007913112660637,0,41592,algebra_v2
0xb775272e537cc670c65dc852908ad47015244eaf,47224518,0x0506ad8e789a36076fe2b247bdc441aa2bf13074299cfccd51812a79861b80fa,-127739869910750678,-0.127740,214117810,214.1178,3242964429577408237458719,141202915450332586,115792089237316195423570985008687907853269984665640564039457584007913112660637,0,36400,algebra_v2
0xb775272e537cc670c65dc852908ad47015244eaf,47224535,0x68913b604aa6271bef84dbca341097819378024859853cb70808683d4078c87b,-344935294937926763,-0.344935,578260421,578.2604,3243288726020365978282464,141202915450332586,115792089237316195423570985008687907853269984665640564039457584007913112660639,0,98304,algebra_v2
0xb775272e537cc670c65dc852908ad47015244eaf,47224542,0x7f169ec2bb7f9b0472b66aea816cac608e678a005b9f1cb12b790f4650f6f1ba,-169715205456374688,-0.169715,284558386,284.5584,3243448350292439755028448,141164051781421848,115792089237316195423570985008687907853269984665640564039457584007913112660640,0,48375,algebra_v2
0xb775272e537cc670c65dc852908ad47015244eaf,47224542,0x91c11a5a7858f94f0140b609dfd1a3902c3b71ebe39c76ac8278d3c5664c1f56,-156061306533834590,-0.156061,261689864,261.6899,3243595149992525515961454,141164051781421848,115792089237316195423570985008687907853269984665640564039457584007913112660641,0,44487,algebra_v2
0xb775272e537cc670c65dc852908ad47015244eaf,47224542,0x70e0245f3757319f9347cce3aeefa7817004bdd34283b4c629779278aace8b0d,-555523032241269845,-0.555523,931715593,931.7156,3244117812840572611390176,141164051781421848,115792089237316195423570985008687907853269984665640564039457584007913112660645,0,158391,algebra_v2
0xb775272e537cc670c65dc852908ad47015244eaf,47224550,0x21fc19ab4786ebcc6cfcd65f3f554c41b051bb63823d8d73db64651f7bc9b5ec,149561270379890944,0.149561,-250620839,-250.6208,3243977152181108580815213,141164051781421848,115792089237316195423570985008687907853269984665640564039457584007913112660644,25425415964581,0,algebra_v2
0xb775272e537cc670c65dc852908ad47015244eaf,47224551,0xd33ec57f1a58e37444310c0e146c465c53b6dfcf0806a28dd8e6ae80333a69cc,200873194019998944,0.200873,-336570385,-336.5704,3243788252437680826112624,141164051781421848,115792089237316195423570985008687907853269984665640564039457584007913112660642,34148442983400,0,algebra_v2
0xb775272e537cc670c65dc852908ad47015244eaf,47224572,0x4e4625e686b0ae1c99bdcf1c859c63c926b4a1a77c2fb75ceb4bcc3b3ec811ed,161615237858808416,0.161615,-270763789,-270.7638,3243636286570719967439371,141164051781421848,115792089237316195423570985008687907853269984665640564039457584007913112660642,27474590435997,0,algebra_v2
0xb775272e537cc670c65dc852908ad47015244eaf,47224586,0xc26814c6156897224d130667b174cbcb8566b4460daa03f83670a920cb709684,-25070916554564594,-0.025071,42043196,42.0432,3243659980024136414163799,140517280126148453,115792089237316195423570985008687907853269984665640564039457584007913112660642,0,7147,algebra_v2
0xb775272e537cc670c65dc852908ad47015244eaf,47221053,0x2f512ca6316c4460aa7dbcabfa2c8ebe273d12902baf3e3eb4c3836d0fadbe94,-288324949980648903,-0.288325,482133752,482.1338,3239156321510888950363022,140101552147974999,115792089237316195423570985008687907853269984665640564039457584007913112660614,0,81962,algebra_v2
0xb775272e537cc670c65dc852908ad47015244eaf,47221058,0xa8e540fd3092e347e58b8f46ae9bf8189206e6a322c58afc4f358e67710f2e46,-150528059530321669,-0.150528,251743572,251.7436,3239298612639869519258851,140101552147974999,115792089237316195423570985008687907853269984665640564039457584007913112660615,0,42796,algebra_v2
0xb775272e537cc670c65dc852908ad47015244eaf,47221058,0xc10c67ebf512027f273bed9691fa22761ad958ab5372d6f1e717f0d22f2b2ec7,-331084629463421414,-0.331085,553784744,553.7847,3239611624232529330195395,140101552147974999,115792089237316195423570985008687907853269984665640564039457584007913112660617,0,94143,algebra_v2
0xb775272e537cc670c65dc852908ad47015244eaf,47221064,0xba306e2f5e8055675cb5343ae4983e8662ae39e8720f50e646c22967f6e7ace7,-181282193889032523,-0.181282,303264838,303.2648,3239783036339659983646000,140101552147974999,115792089237316195423570985008687907853269984665640564039457584007913112660618,0,51555,algebra_v2
0xb775272e537cc670c65dc852908ad47015244eaf,47221079,0x350bffad3fb401ac89f4263ebeb8dce544b78298c0c6bcd8fc95b43569072e96,-342631866240817830,-0.342632,573272454,573.2725,3240107014643293949644364,140249934329420962,115792089237316195423570985008687907853269984665640564039457584007913112660620,0,97455,algebra_v2
0xb775272e537cc670c65dc852908ad47015244eaf,47221149,0x8f354e364b32d0b47e6aee1a6a1d98b9dcb299393593a5d3042935c7709d8069,160933943770078848,0.160934,-269010735,-269.0107,3239954935841279555847886,140101552147974999,115792089237316195423570985008687907853269984665640564039457584007913112660619,27358770440913,0,algebra_v2
0xb775272e537cc670c65dc852908ad47015244eaf,47221151,0xebb12d16a6b0112d05d50d0d8712a78c621812d30da8ff96d9a1e0c7b0a44885,243292077108438240,0.243292,-406629340,-406.6293,3239724984816652627464443,140101552147974999,115792089237316195423570985008687907853269984665640564039457584007913112660617,41359653108434,0,algebra_v2
0xb775272e537cc670c65dc852908ad47015244eaf,47221156,0x7f58ae7f94e0bf879a77d48202651cea25ab5677adf2a5c7f1055f88c2ebca4c,154426770951737952,0.154427,-258073224,-258.0732,3239579043054933923259298,140101552147974999,115792089237316195423570985008687907853269984665640564039457584007913112660617,26252551061795,0,algebra_v2
0xb775272e537cc670c65dc852908ad47015244eaf,47221158,0x3939f91fff36133f272d9edef8219e0a3ea0065f6bfe5a044fa18f974c273f92,111804754354756000,0.111805,-186830123,-186.8301,3239473389640367146312322,140101552147974999,115792089237316195423570985008687907853269984665640564039457584007913112660616,19006808240308,0,algebra_v2
0xb775272e537cc670c65dc852908ad47015244eaf,47221159,0x6a88c1c394ab532044a406c2e7f07af682ed0eda700a54ab58002b27ae344d5c,123984375000000000,0.123984,-207168497,-207.1685,3239356234768799284875434,140101552147974999,115792089237316195423570985008687907853269984665640564039457584007913112660615,21077343750000,0,algebra_v2
0xb775272e537cc670c65dc852908ad47015244eaf,47221160,0xab0e43e6a94674c22d3bbfb886648b33bf8bf565b19d6f15d0597f9ad918ca87,24998233483537155,0.024998,-41768339,-41.7683,3239332614554037155160179,140101552147974999,115792089237316195423570985008687907853269984665640564039457584007913112660615,4249699692201,0,algebra_v2
0xb775272e537cc670c65dc852908ad47015244eaf,47221165,0x0cad26382c756f332017ebccfd7f27f4b08a1413216f857c15c3fb4904277c11,47866865889107560,0.047867,-79976730,-79.9767,3239287387293345047797039,140101552147974999,115792089237316195423570985008687907853269984665640564039457584007913112660615,8137367201148,0,algebra_v2
0xb775272e537cc670c65dc852908ad47015244eaf,47221236,0x94638d677373694d631932dfc399760fb6eafed27259aaebb9cfc473f15d3db0,-165196958665433599,-0.165197,276299424,276.2994,3239443557942143491736067,140101552147974999,115792089237316195423570985008687907853269984665640564039457584007913112660616,0,46971,algebra_v2
0xb775272e537cc670c65dc852908ad47015244eaf,47221236,0x96da5ffda5c73e8b0a4ed572c8c15bef43a8fddd5549694ac335a547ca56de2a,-180105400397322055,-0.180105,301264829,301.2648,3239613839599200671348989,140101552147974999,115792089237316195423570985008687907853269984665640564039457584007913112660617,0,51215,algebra_v2
0xb775272e537cc670c65dc852908ad47015244eaf,47221238,0x8d2ddb0aa5416c90d5c12014597948f62f2141b232492d7123e85261f02cb39b,-184259574796694792,-0.184260,308246353,308.2464,3239788067370516242426875,140101552147974999,115792089237316195423570985008687907853269984665640564039457584007913112660618,0,52402,algebra_v2
0xb775272e537cc670c65dc852908ad47015244eaf,47221238,0x151958715753c45d60b32de84c1e7642d8d47b61f94447f6b8d0a3320b912f09,-95006600835987748,-0.095007,158948730,158.9487,3239877908767372210077696,140101552147974999,115792089237316195423570985008687907853269984665640564039457584007913112660618,0,27021,algebra_v2
0xb775272e537cc670c65dc852908ad47015244eaf,47221238,0x4bd5adbf735ffe464df0b2994a58fbfb89942c874f10f7876699a790c1f5b704,-16745731114840557,-0.016746,28016996,28.0170,3239893744603354269483008,140101552147974999,115792089237316195423570985008687907853269984665640564039457584007913112660618,0,4763,algebra_v2
0xb775272e537cc670c65dc852908ad47015244eaf,47221238,0x50b2286d60c2c5dabe978f1c61d365bdf0075b905313a1925659ddd18ab7eb99,-289858198073900131,-0.289858,485000178,485.0002,3240167765089748905429436,140249934329420962,115792089237316195423570985008687907853269984665640564039457584007913112660620,0,82450,algebra_v2
0xb775272e537cc670c65dc852908ad47015244eaf,47221238,0x6a748ed03fc6045960b7b2028f54e9ef2e408d18fbcee4372bd34f3a545a6054,-2551223454807011,-0.002551,4269155,4.2692,3240170175558834215452672,140249934329420962,115792089237316195423570985008687907853269984665640564039457584007913112660620,0,725,algebra_v2
0xb775272e537cc670c65dc852908ad47015244eaf,47221238,0x7a3b766e618618f19d5f0d4b9789d7902f0f2cf4b9445a3d5532e4736bb58bdd,-153307533703555486,-0.153308,256552699,256.5527,3240315031496742348208766,140249934329420962,115792089237316195423570985008687907853269984665640564039457584007913112660621,0,43614,algebra_v2
0xb775272e537cc670c65dc852908ad47015244eaf,47221238,0x7cab44c0875e202e5bc582cbf0b8299f07e103623c988fd3ca45ebb819d35252,-91877650395254697,-0.091878,153763772,153.7638,3240401850288389083777248,140249934329420962,115792089237316195423570985008687907853269984665640564039457584007913112660622,0,26139,algebra_v2
0xb775272e537cc670c65dc852908ad47015244eaf,47221259,0xa6dd3003a844486b3cce3f4102f69d70073935ca12acc77a92e328c9a31117d1,-172877010671869577,-0.172877,289344291,289.3443,3240565221162275907677960,140249934329420962,115792089237316195423570985008687907853269984665640564039457584007913112660623,0,49188,algebra_v2
0xb775272e537cc670c65dc852908ad47015244eaf,47221260,0xc51a36a01f42fd42d2231a1104525845d88a90b4900108dd406194ac5d104c89,-321693659678998019,-0.321694,538496414,538.4964,3240869269427981700411526,140249934329420962,115792089237316195423570985008687907853269984665640564039457584007913112660624,0,91544,algebra_v2
0xb775272e537cc670c65dc852908ad47015244eaf,47221270,0xb185da7b4907239cbdab09f8bbf239e0c95bd2ff14dc36852c3da8c0824d1f30,-162069859313797563,-0.162070,271333767,271.3338,3241022471119255878570736,140249934329420962,115792089237316195423570985008687907853269984665640564039457584007913112660625,0,46126,algebra_v2
0xb775272e537cc670c65dc852908ad47015244eaf,47221271,0xa29b8837099c88c1d2b35bba69b0c81e521d3d64d28b19ec8b0ad86963150777,-149500723942691608,-0.149501,250313546,250.3135,3241163804278787460801407,140249934329420962,115792089237316195423570985008687907853269984665640564039457584007913112660626,0,42553,algebra_v2
0xb775272e537cc670c65dc852908ad47015244eaf,47221272,0x15db8030896ff78f969b4cbabbfb3ca766308703dc0bca63ecdbe56fa6415123,-135366268169390685,-0.135366,226666637,226.6666,3241291785813815029873735,140249934329420962,115792089237316195423570985008687907853269984665640564039457584007913112660627,0,38533,algebra_v2
0xb775272e537cc670c65dc852908ad47015244eaf,47221346,0x87b27c03b1bac98bea9a07f3455e13e44e5da65a162fd0294f601a2da8afd1bf,-460757152453329758,-0.460757,771657803,771.6578,3241727483456164807224973,140247641765871266,115792089237316195423570985008687907853269984665640564039457584007913112660630,0,131181,algebra_v2
0xb775272e537cc670c65dc852908ad47015244eaf,47221347,0xfa2981d7df71ae968a093fdba41f724969a25bf69ab39822e2ba3e90e99ce873,-499365527473024447,-0.499366,836551870,836.5519,3242199828854662940852224,140247641765871266,115792089237316195423570985008687907853269984665640564039457584007913112660633,0,142213,algebra_v2
0xb775272e537cc670c65dc852908ad47015244eaf,47221348,0x68f44eb4824f81f86df577f1b658820850f6add9bf725d52a5e9da7cf582e563,-150600377334701490,-0.150600,252338047,252.3380,3242342307425620604263770,140247641765871266,115792089237316195423570985008687907853269984665640564039457584007913112660634,0,42897,algebra_v2
0xb775272e537cc670c65dc852908ad47015244eaf,47221349,0xe0f3f18d13413c69a2aae95c918d0d95d9dc999eea64504425bc74d8af14deb5,-198526962180195120,-0.198527,332675193,332.6752,3242530147058926885531597,140247641765871266,115792089237316195423570985008687907853269984665640564039457584007913112660635,0,56554,algebra_v2
0xb775272e537cc670c65dc852908ad47015244eaf,47221349,0xd345f964d8e650dfd1efe29b1dcc61fbec06a869b92e87916cdcd15da7e837b6,-370275897349030896,-0.370276,620580967,620.5810,3242880548001859336404992,140247641765871266,115792089237316195423570985008687907853269984665640564039457584007913112660637,0,105498,algebra_v2
0xb775272e537cc670c65dc852908ad47015244eaf,47221349,0x5678344e2c6bb4d69fa791dcc17816189608cb450399fa171f9085e3e0446366,-406579319290393725,-0.406579,681579874,681.5799,3243265390985161140329405,140247641765871266,115792089237316195423570985008687907853269984665640564039457584007913112660639,0,115868,algebra_v2
0xb775272e537cc670c65dc852908ad47015244eaf,47221351,0xbd47bdb9203361ed26a5cb9fd8c23ee1f538e5d80d0b00678fbe3d162ab4c569,-12595581853378725,-0.012596,21117517,21.1175,3243277365440533271024366,139652739655932626,115792089237316195423570985008687907853269984665640564039457584007913112660639,0,3590,algebra_v2
0xb775272e537cc670c65dc852908ad47015244eaf,47221352,0xe83994218c69b54a178e7b64d82c023df4fbf6381534da7a4d723ede7dada68e,1070321504092160,0.001070,-1792693,-1.7927,3243276353114344425813954,140302380701271631,115792089237316195423570985008687907853269984665640564039457584007913112660639,181954655695,0,algebra_v2
0xb775272e537cc670c65dc852908ad47015244eaf,47221356,0xd00781750920093fefbc5a0759548f770e1151f7acbafd4d35992f6e5d55d015,158925097167547456,0.158925,-266172939,-266.1729,3243126046378404487576934,140302380701271631,115792089237316195423570985008687907853269984665640564039457584007913112660638,27017266518483,0,algebra_v2
0xb775272e537cc670c65dc852908ad47015244eaf,47221361,0x0915ec3cc166c18edd5d51713a9708a52280b8b92378f621b97d122f74fbe7ae,258139608559448128,0.258140,-432288063,-432.2881,3242881935132601490631445,140302380701271631,115792089237316195423570985008687907853269984665640564039457584007913112660637,43883733455106,0,algebra_v2
0xb775272e537cc670c65dc852908ad47015244eaf,47221361,0xb6550e93d02ba330bb714674ab6f250e8c1934f49eaf04898977223027fe9116,157127567506082368,0.157128,-263098514,-263.0985,3242733364511452802722021,140302380701271631,115792089237316195423570985008687907853269984665640564039457584007913112660636,26711686476034,0,algebra_v2
0xb775272e537cc670c65dc852908ad47015244eaf,47221379,0x7f7758d3e8af5c4cc7a2eb6e994b350bcf466c0d7d18ec9fc5fb013dcb4a5279,214875593525582880,0.214876,-359754298,-359.7543,3242530212776758825821021,140302380701271631,115792089237316195423570985008687907853269984665640564039457584007913112660635,36528850899349,0,algebra_v2
0xb775272e537cc670c65dc852908ad47015244eaf,47221382,0x0b07a104d3d5b6abba73d766301fca0c6d28619151ef790025cdac620142bf96,157498038647893600,0.157498,-263661611,-263.6616,3242381324177263705407099,140302380701271631,115792089237316195423570985008687907853269984665640564039457584007913112660634,26774666570141,0,algebra_v2
0xb775272e537cc670c65dc852908ad47015244eaf,47221384,0xad28d87af031261335c770d74279b6867fe80789ff8b9ad43ba55537a18795d3,20488144195602189,0.020488,-34296660,-34.2967,3242361956997627802968498,140302380701271631,115792089237316195423570985008687907853269984665640564039457584007913112660634,3482984513252,0,algebra_v2
0xb775272e537cc670c65dc852908ad47015244eaf,47221474,0xfa1c385af123193b4bb479d27dba0b4d4a3a9a53e80638a83a83f1de50e4fc4e,-173276299814303455,-0.173276,290363579,290.3636,3242525842102122946323619,140302380701271631,115792089237316195423570985008687907853269984665640564039457584007913112660635,0,49361,algebra_v2
0xb775272e537cc670c65dc852908ad47015244eaf,47221475,0xfab79bd7efbb8407ae23ab55f62b44c57ddcce1cebc7b352ae7860ce1ae7c465,-84846927539561427,-0.084847,142190898,142.1909,3242606096554776103747584,140302380701271631,115792089237316195423570985008687907853269984665640564039457584007913112660635,0,24172,algebra_v2
0xb775272e537cc670c65dc852908ad47015244eaf,47221509,0x788de8255e6fcbf9131d37b0170a61fc623716075b647e7a8ca0b3c9b5e2ab09,169912277297500864,0.169912,-284456110,-284.4561,3242445465389326569316139,140302380701271631,115792089237316195423570985008687907853269984665640564039457584007913112660634,28885087140575,0,algebra_v2
0xb775272e537cc670c65dc852908ad47015244eaf,47221651,0x765b9666524c2890b0b829d7121bde4e9d4894a9f7c1ab13aa5b25839301e20f,170455421794892736,0.170455,-285337091,-285.3371,3242284336737725546894403,140302380701271631,115792089237316195423570985008687907853269984665640564039457584007913112660633,28977421705131,0,algebra_v2
0xb775272e537cc670c65dc852908ad47015244eaf,47221680,0xe3dd5f975c4f76288dd15fca21047c80a4cd78237a15c22716719e89ded6b49f,161019077415665440,0.161019,-269514896,-269.5149,3242132142812372379445349,140302380701271631,115792089237316195423570985008687907853269984665640564039457584007913112660632,27373243160663,0,algebra_v2
0xb775272e537cc670c65dc852908ad47015244eaf,47221680,0x3e16586c9b77dce777aa06553fa88eddda8d691cbb60e69e26820fb6c96a82f4,156262429966241440,0.156262,-261528995,-261.5290,3241984458492147101080470,140302380701271631,115792089237316195423570985008687907853269984665640564039457584007913112660631,26564613094261,0,algebra_v2
0xb775272e537cc670c65dc852908ad47015244eaf,47221773,0xdcbcedf11acdd79a27a96edbb983e93e9b0975203884f34f4ac63364fc4ee5de,7750212026363532,0.007750,-12970541,-12.9705,3241977134082360827120764,140302380701271631,115792089237316195423570985008687907853269984665640564039457584007913112660631,1317536044481,0,algebra_v2
0xb775272e537cc670c65dc852908ad47015244eaf,47221775,0xd59007156c42544ee381cbe781d20f826542848dcd45d867d3d1c64385991647,71599986302031031,0.071600,-119824989,-119.8250,3241909469416122933631016,140302380701271631,115792089237316195423570985008687907853269984665640564039457584007913112660631,12171997671345,0,algebra_v2
0xb775272e537cc670c65dc852908ad47015244eaf,47221799,0xc38c207ab4fe1f8ca7ee4bec4c49df7a62c4a143fe15e67f0f870619f928fd44,15164818939778494,0.015165,-25378193,-25.3782,3241895138457241914753989,140302380701271631,115792089237316195423570985008687907853269984665640564039457584007913112660631,2578019219762,0,algebra_v2
0xb775272e537cc670c65dc852908ad47015244eaf,47221868,0xc767c8a2980ddf4a2ac641499a678785ca656987de6ea2ca2c90a5981de7ff96,153301770453732864,0.153302,-256536591,-256.5366,3241750273326028983116930,140302380701271631,115792089237316195423570985008687907853269984665640564039457584007913112660630,26061300977134,0,algebra_v2
0xb775272e537cc670c65dc852908ad47015244eaf,47221877,0x50b4ab4dce634c3df0d8e373841f3153434d664cc62c4e6358c4c4812d7100da,213619169875535648,0.213619,-357434052,-357.4341,3241548434004897996674266,140304673264821327,115792089237316195423570985008687907853269984665640564039457584007913112660629,36315258878841,0,algebra_v2
0xb775272e537cc670c65dc852908ad47015244eaf,47221878,0xca8869f70596aa9c124437689042c4e96570f6b0d8dce4e035ad24a852829fae,72143848146085800,0.072144,-120703213,-120.7032,3241480274523091960326296,140304673264821327,115792089237316195423570985008687907853269984665640564039457584007913112660628,12264454184834,0,algebra_v2
0xb775272e537cc670c65dc852908ad47015244eaf,47221878,0xbeb55a49483490cd39b436ebead19c81ca02600f4ef604ca1072637ed36be401,149601655056376544,0.149602,-250280987,-250.2810,3241338944214731895877302,140304673264821327,115792089237316195423570985008687907853269984665640564039457584007913112660627,25432281359584,0,algebra_v2
0xb775272e537cc670c65dc852908ad47015244eaf,47221935,0x4bc9ca0d20a7cc80a4b67964fe867f8467f3b5d3db180c9e6bc7532eca51df37,9529755766176019,0.009530,-15942377,-15.9424,3241329899891428958931244,139655032219482322,115792089237316195423570985008687907853269984665640564039457584007913112660627,1620058480250,0,algebra_v2
0xb775272e537cc670c65dc852908ad47015244eaf,47221958,0x3f4cb01ffe3d72ddc16d9797846acc589c6e4db0b1a3bf14e4fef264628ec263,-104066249632626939,-0.104066,174271989,174.2720,3241428264862738606705369,140297360506154967,115792089237316195423570985008687907853269984665640564039457584007913112660628,0,29626,algebra_v2
0xb775272e537cc670c65dc852908ad47015244eaf,47221958,0xc812ec1c0be6c1873dabfd1b675669d9030604d18d4305a385f817d6f9b44e7a,-84963462452493741,-0.084963,142289819,142.2898,3241508578021700288349657,140297360506154967,115792089237316195423570985008687907853269984665640564039457584007913112660628,0,24189,algebra_v2
0xb775272e537cc670c65dc852908ad47015244eaf,47221965,0xbf3388114aebba15cc52baeaea3eb95141c3b2149d5ae9d5fcb8dc644ff6521e,-160564870168318341,-0.160565,268920094,268.9201,3241660365565927744889608,140297360506154967,115792089237316195423570985008687907853269984665640564039457584007913112660629,0,45716,algebra_v2
0xb775272e537cc670c65dc852908ad47015244eaf,47221967,0x5c5f95e534f3820c1bc4c2b0961837997001e228ae1a5b8b78fcda8380eac8ab,-168307593721975328,-0.168308,281914937,281.9149,3241819490085000779723786,140295067942605271,115792089237316195423570985008687907853269984665640564039457584007913112660630,0,47925,algebra_v2
0xb775272e537cc670c65dc852908ad47015244eaf,47221988,0x0979409c9627500387b3e0bfafaefd43f9956fda0a63911aa6a91b35b6bb514d,258172555128433184,0.258173,-431994957,-431.9950,3241575533376630047424108,140297360506154967,115792089237316195423570985008687907853269984665640564039457584007913112660629,43889334371833,0,algebra_v2
0xb775272e537cc670c65dc852908ad47015244eaf,47222017,0x587dbd162de31c75389aa869baa3faf1039bb4733739c3d5fc8feca028067a8f,150099373378463552,0.150099,-251128383,-251.1284,3241433717163466057319712,140297360506154967,115792089237316195423570985008687907853269984665640564039457584007913112660628,25516893474338,0,algebra_v2
0xb775272e537cc670c65dc852908ad47015244eaf,47222017,0xbf58671c1a7afbd9483351c0ee529c99a7658d76713515a6699f8074b91141c9,171264939203784192,0.171265,-286513247,-286.5132,3241271918551753363040020,140297360506154967,115792089237316195423570985008687907853269984665640564039457584007913112660627,29115039664643,0,algebra_v2
0xb775272e537cc670c65dc852908ad47015244eaf,47222018,0x4ccf1504ad4b2ec3347b9c10c0e6f3ea925b8f90203fcd31cb6e438888e9aa0f,153681522745976224,0.153682,-257073178,-257.0732,3241126745217851470106636,140297360506154967,115792089237316195423570985008687907853269984665640564039457584007913112660626,26125858866816,0,algebra_v2
0xb775272e537cc670c65dc852908ad47015244eaf,47222042,0xd0151e57fb1b3608a87d308bf5d5b9f776d33941a1ccf3622ade94e0229651aa,162238975384841287,0.162239,-271362805,-271.3628,3240973502303046380876219,140297360506154967,115792089237316195423570985008687907853269984665640564039457584007913112660625,27580625815423,0,algebra_v2
0xb775272e537cc670c65dc852908ad47015244eaf,47222078,0xf2e8d95dec4cb59de0c632330b1412144d669b1d0f735c96d08c3c7a0f5ed84e,188275263319061984,0.188275,-314879238,-314.8792,3240795684962685867524774,140297360506154967,115792089237316195423570985008687907853269984665640564039457584007913112660624,32006794764240,0,algebra_v2
0xb775272e537cc670c65dc852908ad47015244eaf,47222089,0x0857dd60f68624aab9cee17e583fcc32af8dfb5a81cf54d4c9d88209a96b8491,157667266410193664,0.157667,-263662593,-263.6626,3240646790480920441774574,140297360506154967,115792089237316195423570985008687907853269984665640564039457584007913112660623,26803435289732,0,algebra_v2
0xb775272e537cc670c65dc852908ad47015244eaf,47222093,0x030294ec44a12a632df2dd1c6f2bea61187c40f28a9d8c7b25f8e196b25022ee,36033714254292355,0.036034,-60254778,-60.2548,3240612763643891144770687,140297360506154967,115792089237316195423570985008687907853269984665640564039457584007913112660623,6125731423229,0,algebra_v2
0xb775272e537cc670c65dc852908ad47015244eaf,47222096,0xa092def850a07d3fad9cb7fedb1ea08e780534b388720df09baae9252730012d,461394900065760123,0.461395,-771422516,-771.4225,3240177129015356939383477,140297360506154967,115792089237316195423570985008687907853269984665640564039457584007913112660620,78437133011179,0,algebra_v2
0xb775272e537cc670c65dc852908ad47015244eaf,47222141,0xf9143b8d91c36ddb0988c0dd01b1bb69e868914a8f2b30c476687b3a7242b3ad,-384724508859716936,-0.384725,643863936,643.8639,3240540547473792089500088,140297360506154967,115792089237316195423570985008687907853269984665640564039457584007913112660622,0,109456,algebra_v2
0xb775272e537cc670c65dc852908ad47015244eaf,47222145,0x393b6cc6f3215cb60bbc9f7218505fae8ecf3832a0ab14c3789688e81ef3e4d7,-208242509788677558,-0.208243,348568960,348.5690,3240737291516804882699913,140297360506154967,115792089237316195423570985008687907853269984665640564039457584007913112660624,0,59256,algebra_v2
0xb775272e537cc670c65dc852908ad47015244eaf,47222226,0x45e90c3aae3e0d68fd6e6f008d46bcb6f6e1552d53fb3060eb53a67b692848ab,-154667322734180981,-0.154667,258918952,258.9190,3240883434080394027401059,140297360506154967,115792089237316195423570985008687907853269984665640564039457584007913112660625,0,44016,algebra_v2
0xb775272e537cc670c65dc852908ad47015244eaf,47222226,0x337f2155776319f163365acc9935f4a75851b197b3fb76fc24cacd1e1ade0196,-99866615131671754,-0.099867,167192901,167.1929,3240977803376034985279488,140297360506154967,115792089237316195423570985008687907853269984665640564039457584007913112660625,0,28422,algebra_v2
0xb775272e537cc670c65dc852908ad47015244eaf,47222321,0x2f7a381c40bdb690de6e082b11e8e4ab4a345a75738172d678a360bb69bc72ac,159404834531071616,0.159405,-266598105,-266.5981,3240827251163698821070649,140297360506154967,115792089237316195423570985008687907853269984665640564039457584007913112660624,27098821870282,0,algebra_v2
0xb775272e537cc670c65dc852908ad47015244eaf,47222321,0xbed31e2fc63d959c71dad850df1bfae8f60d238e227ef3f2212cf19305ad946b,292421993791402048,0.292422,-488999507,-488.9995,3240551105323758216020351,140297360506154967,115792089237316195423570985008687907853269984665640564039457584007913112660623,49711738944538,0,algebra_v2
0xb775272e537cc670c65dc852908ad47015244eaf,47222322,0x0767e3d8ba2b98346a573c79162d83093ae84b94ef7a195169cb4b9c3aa3ee06,194642456671440736,0.194642,-325442544,-325.4425,3240367322715642627196098,140297360506154967,115792089237316195423570985008687907853269984665640564039457584007913112660621,33089217634145,0,algebra_v2
0xb775272e537cc670c65dc852908ad47015244eaf,47222325,0x1e7f164f6fe03452fdbeea6845ca8f12889d1316c2247fc7553124151ac1cb92,128498780844838000,0.128499,-214829969,-214.8300,3240246004797463436531397,140297360506154967,115792089237316195423570985008687907853269984665640564039457584007913112660621,21844792743622,0,algebra_v2
0xb775272e537cc670c65dc852908ad47015244eaf,47222328,0xb71ddbe764840d00fdaaac247456ee67aa5f9475ec2a1094e19d359a5a9187a0,89780724113977529,0.089781,-150089856,-150.0899,3240161246655972592758704,140297360506154967,115792089237316195423570985008687907853269984665640564039457584007913112660620,15262723099376,0,algebra_v2
0xb775272e537cc670c65dc852908ad47015244eaf,47222341,0x6a48b8ca72b264cd8dbad69dea3f37afd7d2c4798a35033709764ae50c05753e,25744600000000000,0.025745,-43036779,-43.0368,3240136943098321171530029,140297360506154967,115792089237316195423570985008687907853269984665640564039457584007913112660620,4376582000000,0,algebra_v2
0xb775272e537cc670c65dc852908ad47015244eaf,47222395,0xc30c6496825fb7dce2d49a81cfc168abf18e9fead5cb651110789b3bd30afeb6,184730143992055584,0.184730,-308791080,-308.7911,3239962435805681254313136,140116079966504910,115792089237316195423570985008687907853269984665640564039457584007913112660619,31404124478649,0,algebra_v2
0xb775272e537cc670c65dc852908ad47015244eaf,47222410,0xcec16dcc6bd121e7c5c6ded9ce8d7225282f6276797f7bd6b0c4c1db973d7d82,162023173946443968,0.162023,-270807189,-270.8072,3239809308798089946990633,140116079966504910,115792089237316195423570985008687907853269984665640564039457584007913112660618,27543939570895,0,algebra_v2
0xb775272e537cc670c65dc852908ad47015244eaf,47222412,0x2d3e8f0a4e01e7e470dd70404358327b7f05d821bdc7792736a504db49dcb3a9,167056462198942784,0.167056,-279193077,-279.1931,3239651440018638768168340,140116079966504910,115792089237316195423570985008687907853269984665640564039457584007913112660617,28399598573820,0,algebra_v2
0xb775272e537cc670c65dc852908ad47015244eaf,47222412,0xc297def9201db4d1e6e02f39bbfd2bb7db5f37b4470ae16f38004ef0a7a55de2,168863061782573888,0.168863,-282184706,-282.1847,3239491879632906575926729,140116079966504910,115792089237316195423570985008687907853269984665640564039457584007913112660616,28706720503037,0,algebra_v2
0xb775272e537cc670c65dc852908ad47015244eaf,47222413,0x056e57f8e56c82f90ef5cb5618f86a125ccd94292b263cb7e4607bba8473f398,231319446498605088,0.231319,-386509583,-386.5096,3239273329099148215517504,140116079966504910,115792089237316195423570985008687907853269984665640564039457584007913112660615,39324305904763,0,algebra_v2
0xb775272e537cc670c65dc852908ad47015244eaf,47222471,0x5185ea73cdf63df20da65760eb75186ab327f68e4fb7c8fc2cc9c38048d40d40,9971195582367701,0.009971,-16659608,-16.6596,3239263864551177621840299,139458340948732555,115792089237316195423570985008687907853269984665640564039457584007913112660615,1695103249002,0,algebra_v2
0xb775272e537cc670c65dc852908ad47015244eaf,47222540,0x861c1108fd530bc9edaa12cb24d2887318e5ca914c7df9aa8d3b3594e746da87,154370796863630784,0.154371,-257906251,-257.9063,3239117974861388334486262,140060880520630729,115792089237316195423570985008687907853269984665640564039457584007913112660614,26243035466817,0,algebra_v2
0xb775272e537cc670c65dc852908ad47015244eaf,47222543,0x7c51a671daad2cfa0e31c7fb84883ec861c1cb261e30a5636c0256880d6de153,293149193112195456,0.293149,-489698444,-489.6984,3238840967407417058909144,140060880520630729,115792089237316195423570985008687907853269984665640564039457584007913112660612,49835362829073,0,algebra_v2
0xb775272e537cc670c65dc852908ad47015244eaf,47222549,0xf5a3ccb191c90b220555cfc21c9d6c9fd2d9712b3d0802fad0083094569a628a,192146534186654656,0.192147,-320930572,-320.9306,3238659426784094330838857,140060880520630729,115792089237316195423570985008687907853269984665640564039457584007913112660611,32664910811731,0,algebra_v2
0xb775272e537cc670c65dc852908ad47015244eaf,47222553,0x49b601fd39a638494881f369c0357189424f1cf8bd020f7f0db8b8ee02f0a15e,242169712710957056,0.242170,-404429977,-404.4300,3238430611943117142624124,139553755045211562,115792089237316195423570985008687907853269984665640564039457584007913112660609,41168851160862,0,algebra_v2
0xb775272e537cc670c65dc852908ad47015244eaf,47222553,0xc7034e969fe54d5bf03bfcf3b71b93570977c56056babc256a1ede7d0d60856c,157476984105935424,0.157477,-262960121,-262.9601,3238281322895343271774150,139553755045211562,115792089237316195423570985008687907853269984665640564039457584007913112660609,26771087298009,0,algebra_v2
0xb775272e537cc670c65dc852908ad47015244eaf,47222568,0x0cf1167a65aeaf7de6e67eb4ef1a51dee80293396d735648dd2aa174a0b186a3,341638784987482318,0.341639,-570396061,-570.3961,3237957494763053737446972,139553755045211562,115792089237316195423570985008687907853269984665640564039457584007913112660607,58078593447872,0,algebra_v2
0xb775272e537cc670c65dc852908ad47015244eaf,47222573,0x591ee08782c3d9d23b8fc84ffc5f40b8416e5b7b2e2245c01d9ca9b84837748a,251636671280737472,0.251637,-420056647,-420.0566,3237719018081817940908692,139553755045211562,115792089237316195423570985008687907853269984665640564039457584007913112660605,42778234117725,0,algebra_v2
0xb775272e537cc670c65dc852908ad47015244eaf,47222573,0xfd394137b125e3070449e1cc4b0f88562f5b400c46c02f9f2adaff35b96a6818,24515361432859619,0.024515,-40920141,-40.9201,3237695786692397733249024,139553755045211562,115792089237316195423570985008687907853269984665640564039457584007913112660605,4167611443586,0,algebra_v2
0xb775272e537cc670c65dc852908ad47015244eaf,47222576,0xed9152797fccddcb742a50bf34b523a9dac7f4171471a4f2e255634cb44fdbf8,153196845885138016,0.153197,-255697253,-255.6973,3237550620956683854155277,139553755045211562,115792089237316195423570985008687907853269984665640564039457584007913112660604,26043463800473,0,algebra_v2
0xb775272e537cc670c65dc852908ad47015244eaf,47222584,0x7dca985e0d55317dda3ec0e71a54ebdd8a69b55bb05c263ed4a77e1779c3a32c,341715891464488641,0.341716,-570267354,-570.2674,3237226865894588185769861,139553755045211562,115792089237316195423570985008687907853269984665640564039457584007913112660602,58091701548963,0,algebra_v2
0xb775272e537cc670c65dc852908ad47015244eaf,47222624,0xd26593cfbccec12b5dc0aed64fea0308e9bfa8d83c9e1b8ca360f275447f72b0,150229562203273024,0.150230,-250672222,-250.6722,3237084552994498235323457,139553755045211562,115792089237316195423570985008687907853269984665640564039457584007913112660601,25539025574556,0,algebra_v2
0xb775272e537cc670c65dc852908ad47015244eaf,47222625,0xf965047ab5150f86719da060ab7ce7a7b74e89924deb4ad7dd7f0adf2cd1928f,172204074755811776,0.172204,-287311663,-287.3117,3236921438965906681129299,139553755045211562,115792089237316195423570985008687907853269984665640564039457584007913112660600,29274692708488,0,algebra_v2
0xb775272e537cc670c65dc852908ad47015244eaf,47222625,0x8fa6b2bb440404decce0bcc2841b542aad1d4b832afb67ff7cf46afd4e566ac9,207906813914348320,0.207907,-346840922,-346.8409,3236725736782205935859157,141282821131979968,115792089237316195423570985008687907853269984665640564039457584007913112660599,35344158365439,0,algebra_v2
0xb775272e537cc670c65dc852908ad47015244eaf,47222626,0x424ef0c7dea8ab971a255fe2314cd6f05f1b28555d1ab7d961b48bc39a1d502c,43202696865284930,0.043203,-72067734,-72.0677,3236685322851373089667827,141282821131979968,115792089237316195423570985008687907853269984665640564039457584007913112660599,7344458467098,0,algebra_v2
0xb775272e537cc670c65dc852908ad47015244eaf,47222631,0xf51df4346483de022fcdf59c2ca19d848bdf906d277b9e5c800b9ff90a715ef3,346042225754449145,0.346042,-577178643,-577.1786,3236361654319087952358860,141282821131979968,115792089237316195423570985008687907853269984665640564039457584007913112660597,58827178378256,0,algebra_v2
0xb775272e537cc670c65dc852908ad47015244eaf,47222685,0x10e1b2e20f7b040b31e3a27c0ad9121259be89d2df7ab456b0191cd102a63afa,346076833437792924,0.346077,-577120925,-577.1209,3236038018153656043563624,141282821131979968,115792089237316195423570985008687907853269984665640564039457584007913112660595,58833061684424,0,algebra_v2
0xb775272e537cc670c65dc852908ad47015244eaf,47222693,0x04f0196985cea17c20044bee38c65869e2145299e08189ca07c8eb3c56683b18,182041166925568576,0.182041,-303527208,-303.5272,3235867807063314288668794,141282821131979968,115792089237316195423570985008687907853269984665640564039457584007913112660594,30946998377346,0,algebra_v2
0xb775272e537cc670c65dc852908ad47015244eaf,47222693,0x8eea0e7c1c05faf3466fa1d9d80b1685833b4d2cb6848a19aeba32e6730ead19,115668629885543478,0.115669,-192844053,-192.8441,3235759664545674756780559,141282821131979968,115792089237316195423570985008687907853269984665640564039457584007913112660593,19663667080542,0,algebra_v2
0xb775272e537cc670c65dc852908ad47015244eaf,47222699,0x722bcf1502f1fbb6f7fde595b528fe3eab0f9e371565c0d3cc78cbea2195fc52,156194514613583648,0.156195,-260388814,-260.3888,3235613644476648127462586,141282821131979968,115792089237316195423570985008687907853269984665640564039457584007913112660592,26553067484309,0,algebra_v2
0xb775272e537cc670c65dc852908ad47015244eaf,47222699,0xa8845141780930428f3cfce4285d937dbea3baa8a40881d0f9aaa43d8be07acf,169720258307928864,0.169720,-282910675,-282.9107,3235454994664653940859236,141282821131979968,115792089237316195423570985008687907853269984665640564039457584007913112660591,28852443912348,0,algebra_v2
0xb775272e537cc670c65dc852908ad47015244eaf,47222710,0xf01eaa5a1d16fba69993359439608251ec20f6cacc4bf220a71dae2f8f294690,-161844527782180267,-0.161845,270051813,270.0518,3235606357802043356162904,141282821131979968,115792089237316195423570985008687907853269984665640564039457584007913112660592,0,45908,algebra_v2
0xb775272e537cc670c65dc852908ad47015244eaf,47222713,0x966c40354f0ef9969ae8b6eee30f5f70a920b4e123b93ac2f90986116845ec0b,-159790172598462168,-0.159790,266648731,266.6487,3235755813523057009899675,141282821131979968,115792089237316195423570985008687907853269984665640564039457584007913112660593,0,45330,algebra_v2
0xb775272e537cc670c65dc852908ad47015244eaf,47222713,0x49495130854e43844a1ef5888a4ef6904dff096ce35b3e65d63e4cf75cfdcb76,-186841798468714221,-0.186842,311822186,311.8222,3235930588814269664838150,141282821131979968,115792089237316195423570985008687907853269984665640564039457584007913112660594,0,53010,algebra_v2
0xb775272e537cc670c65dc852908ad47015244eaf,47222730,0xbb274908cc5739200af52fb1f0c00291283acfadb9aef690de39b0d9099c3bbd,15628319564162768,0.015628,-26057475,-26.0575,3235915910553758055891325,140649220994105175,115792089237316195423570985008687907853269984665640564039457584007913112660594,2656814325907,0,algebra_v2
0xb775272e537cc670c65dc852908ad47015244eaf,47222739,0xd922555874310405a1ca292cdad45f7d0672a41965a562ac954dd02ecf355c7d,-206151319183151824,-0.206151,344084015,344.0840,3236108813659499258533739,141249740399577527,115792089237316195423570985008687907853269984665640564039457584007913112660595,0,58494,algebra_v2
0xb775272e537cc670c65dc852908ad47015244eaf,47222740,0x577ecfd8b37909980e21525b434c4eb24d31f90d02fba7906d90ae0b798598e4,-106638842056320630,-0.106639,178005361,178.0054,3236208608434568083060591,141249740399577527,115792089237316195423570985008687907853269984665640564039457584007913112660596,0,30261,algebra_v2
0xb775272e537cc670c65dc852908ad47015244eaf,47222753,0x6335d5f7bf4faeb1f6e218915d6b249d75fbd15836882eadd41e57f9c4dafec4,-261107964971554690,-0.261108,435897086,435.8971,3236452984511810159741158,141249740399577527,115792089237316195423570985008687907853269984665640564039457584007913112660597,0,74102,algebra_v2
0xb775272e537cc670c65dc852908ad47015244eaf,47222754,0xd5e76b09fcf34eb8d3377117dd21ab60022f76da5fc8d62c9aa16273a222ec3c,-69503814317398375,-0.069504,116041681,116.0417,3236518040717725016030294,141249740399577527,115792089237316195423570985008687907853269984665640564039457584007913112660598,0,19727,algebra_v2
0xb775272e537cc670c65dc852908ad47015244eaf,47222790,0xd355cd43760bbea2283a5cfc614292549d97d8db3fdd5b3722ffde887b6fb84a,-200192887523589832,-0.200193,334262678,334.2627,3236705437707899300604237,141249740399577527,115792089237316195423570985008687907853269984665640564039457584007913112660599,0,56824,algebra_v2
0xb775272e537cc670c65dc852908ad47015244eaf,47222794,0xd46ef2582cf4574eb47ff1ecd8afc2e3e1161f07c1523db6c6e4c2417452f5ba,-156789155457545407,-0.156789,261818371,261.8184,3236852579512308322818960,139520674312809121,115792089237316195423570985008687907853269984665640564039457584007913112660600,0,44508,algebra_v2
0xb775272e537cc670c65dc852908ad47015244eaf,47222796,0x637d97830fef2576b9679cb6392f9fa381cb031c2326abd963f306e2f4ce53f5,-158564354922872442,-0.158564,264807088,264.8071,3237002877588064098985006,139520674312809121,115792089237316195423570985008687907853269984665640564039457584007913112660601,0,45017,algebra_v2
0xb775272e537cc670c65dc852908ad47015244eaf,47219217,0xecb0d6c53f8c37ed4276fc7182ffcd68dfbb3f6115019a85d7fd956ad97a94d8,-173519076159993329,-0.173519,288367550,288.3675,3229101608806383894000034,137754202743873936,115792089237316195423570985008687907853269984665640564039457584007913112660552,0,49022,algebra_v2
0xb775272e537cc670c65dc852908ad47015244eaf,47219218,0xe3e806157a7d9ab8674a5b3052310c3bcac581a2ffcb2154b7793bee1eccab0b,-290207321399872191,-0.290207,482355364,482.3554,3229378892695499494310519,137754202743873936,115792089237316195423570985008687907853269984665640564039457584007913112660553,0,82000,algebra_v2
0xb775272e537cc670c65dc852908ad47015244eaf,47219218,0x78888c3dd80c3b806ee25fe8c9953c8bd44d998bbaf2a22943d923f5f6c237a4,-153977059800778071,-0.153977,255959851,255.9599,3229526032228437030736215,137754202743873936,115792089237316195423570985008687907853269984665640564039457584007913112660554,0,43513,algebra_v2
0xb775272e537cc670c65dc852908ad47015244eaf,47219240,0x598de60e1ce9e36b81f56ffba778a71ffba724b6beeaf83afd9444ba75773626,157249076790139360,0.157249,-261137424,-261.1374,3229375841251196334501250,137754202743873936,115792089237316195423570985008687907853269984665640564039457584007913112660553,26732343054323,0,algebra_v2
0xb775272e537cc670c65dc852908ad47015244eaf,47219256,0x21f4ec081b6235b07f11ba4228a75f6b91290721cda7b22cf6bff360e0e0762e,-158306554002815565,-0.158307,263156716,263.1567,3229527117930125096785176,137754202743873936,115792089237316195423570985008687907853269984665640564039457584007913112660554,0,44736,algebra_v2
0xb775272e537cc670c65dc852908ad47015244eaf,47219257,0x5c39f5357ea73d0e10f02e3f69c390fa9dc38b5e7a5cb02acffa40b180e1ded9,-162254917481293223,-0.162255,269745759,269.7458,3229682182346790037559459,137754202743873936,115792089237316195423570985008687907853269984665640564039457584007913112660555,0,45856,algebra_v2
0xb775272e537cc670c65dc852908ad47015244eaf,47219257,0x1433d9058b8df118f2465ec06ae022741cc6f522bd55ae504538a1a6b3086448,-155602468993501814,-0.155602,258710522,258.7105,3229830903113451997257685,137754202743873936,115792089237316195423570985008687907853269984665640564039457584007913112660556,0,43981,algebra_v2
0xb775272e537cc670c65dc852908ad47015244eaf,47219283,0x443a47130f96352619a4e9cef3972a2db9e55ba56b598ae6c700a9c33762b0ed,-6014252007732346,-0.006014,10000000,10.0000,3229836651653014179784094,137754202743873936,115792089237316195423570985008687907853269984665640564039457584007913112660556,0,1700,algebra_v2
0xb775272e537cc670c65dc852908ad47015244eaf,47219300,0x7dd2751e3c75600d0bdaa41ca77d67ebfd626ebf2f0cf61311d3128b18e8a574,-151634081630937293,-0.151634,252136353,252.1364,3229981593232569042629544,137754202743873936,115792089237316195423570985008687907853269984665640564039457584007913112660557,0,42863,algebra_v2
0xb775272e537cc670c65dc852908ad47015244eaf,47219302,0x6c8c1bff04b6efc068f948dde00d3798fb03a2be9abe7460675d843ac123578b,-160557767474488712,-0.160558,266999278,266.9993,3230135078823627133603856,137754202743873936,115792089237316195423570985008687907853269984665640564039457584007913112660558,0,45390,algebra_v2
0xb775272e537cc670c65dc852908ad47015244eaf,47219303,0x54aa9f95fbbb26ca118213a73fe8bf8e42673d218649d5d1d74c3a390f88c36f,-174486000498340521,-0.174486,290189984,290.1900,3230301895683979843906023,137754202743873936,115792089237316195423570985008687907853269984665640564039457584007913112660559,0,49332,algebra_v2
0xb775272e537cc670c65dc852908ad47015244eaf,47219306,0xc29db1f9b889253c9a312025dbfd90871e5798be4313c373ea827bb79c1e3aa1,-161735273571178979,-0.161735,269010816,269.0108,3230455882664946321109738,138661012595976318,115792089237316195423570985008687907853269984665640564039457584007913112660560,0,45732,algebra_v2
0xb775272e537cc670c65dc852908ad47015244eaf,47219313,0xffa5440a2fb83068aa814f7320174f4148f0ef92b352624f76e72d526043d5c9,-63516998166649264,-0.063517,105653464,105.6535,3230516220782151795902530,138661012595976318,115792089237316195423570985008687907853269984665640564039457584007913112660560,0,17961,algebra_v2
0xb775272e537cc670c65dc852908ad47015244eaf,47219313,0x93f91ce149beb62a4148d60fdbf9e87de9ba8859d1176d36f7a2ddf732aa0ce7,-40645537062249175,-0.040646,67611403,67.6114,3230554833285427771949274,138661012595976318,115792089237316195423570985008687907853269984665640564039457584007913112660561,0,11494,algebra_v2
0xb775272e537cc670c65dc852908ad47015244eaf,47219333,0x2a89592a78c928881aaff2afbe22b92fe3565504fd638e1f740d357068aa4250,-160284083508425105,-0.160284,266638672,266.6387,3230707109177142916773450,138661012595976318,115792089237316195423570985008687907853269984665640564039457584007913112660562,0,45328,algebra_v2
0xb775272e537cc670c65dc852908ad47015244eaf,47219336,0x064f8af10afe3208d9adb5bbfe7dd0cabae531b5dc02b704fc122a169d0f8f57,-157444735624551282,-0.157445,261939782,261.9398,3230856701558710483599746,138661012595976318,115792089237316195423570985008687907853269984665640564039457584007913112660563,0,44529,algebra_v2
0xb775272e537cc670c65dc852908ad47015244eaf,47219336,0xa96a8cc6f7bc8af4817f480d5de6c5a36fe59ef5a526d86fffb45adabe4aa99f,-137597872769356801,-0.137598,228940551,228.9406,3230987448258564536139776,138661012595976318,115792089237316195423570985008687907853269984665640564039457584007913112660563,0,38920,algebra_v2
0xb775272e537cc670c65dc852908ad47015244eaf,47219336,0x8721430ad5b6e8737a0aee5eb30e6f877f6cbe40db4d35c37ca44d2936c2dec9,-23932742069708198,-0.023933,39822095,39.8221,3231010190439363433725952,138661012595976318,115792089237316195423570985008687907853269984665640564039457584007913112660564,0,6770,algebra_v2
0xb775272e537cc670c65dc852908ad47015244eaf,47219336,0xebfefec2194e4d746a465022945721dbe934971fe8ef8defcfb585f2d03f1cd9,-16455778292802221,-0.016456,27381374,27.3814,3231025827792136196587520,138661012595976318,115792089237316195423570985008687907853269984665640564039457584007913112660564,0,4654,algebra_v2
0xb775272e537cc670c65dc852908ad47015244eaf,47219338,0x374470f8eb68513c53c13a937c5d02a9fd11816d627d6c74097e5b7f89a1463a,-213611494144158281,-0.213611,355460050,355.4601,3231228829088471699600435,138661012595976318,115792089237316195423570985008687907853269984665640564039457584007913112660565,0,60428,algebra_v2
0xb775272e537cc670c65dc852908ad47015244eaf,47219380,0xed2199662f85c2a2ffd2232995e47ac717066c091a3c1002d2cc7af45709be1e,95349471729490100,0.095349,-158513107,-158.5131,3231138257831495104174036,138661012595976318,115792089237316195423570985008687907853269984665640564039457584007913112660564,16209410194013,0,algebra_v2
0xb775272e537cc670c65dc852908ad47015244eaf,47219384,0x127a58974be46625442b91ffac88547c7b1e5ee7902b7dd6b389566d109c8542,163290609473228768,0.163291,-271440769,-271.4408,3230983161939950246869720,138661012595976318,115792089237316195423570985008687907853269984665640564039457584007913112660563,27759403610449,0,algebra_v2
0xb775272e537cc670c65dc852908ad47015244eaf,47219385,0x33d9cb1a11f4af4462c26dad58cf66657a5d157ca4e9b16eac6a76802ed7f8f4,245670505532451040,0.245671,-408333186,-408.3332,3230749848426255920439702,138661012595976318,115792089237316195423570985008687907853269984665640564039457584007913112660562,41763985940516,0,algebra_v2
0xb775272e537cc670c65dc852908ad47015244eaf,47219386,0x63efa0dc8ce27761c6720265c40678514cec8d5c3ffd0f42e0b17399ebadf23c,262832418935451104,0.262832,-436793008,-436.7930,3230500273532946626235240,138661012595976318,115792089237316195423570985008687907853269984665640564039457584007913112660560,44681511219026,0,algebra_v2
0xb775272e537cc670c65dc852908ad47015244eaf,47219386,0x6b76040b4e6ffad484c180b34446d4d6225f22520d004fba6cbbba9604b4bc83,53892932335837148,0.053893,-89554647,-89.5546,3230449103776848300474368,138661012595976318,115792089237316195423570985008687907853269984665640564039457584007913112660560,9161798497092,0,algebra_v2
0xb775272e537cc670c65dc852908ad47015244eaf,47219386,0x654061fd633a206f54d8b63901097237bd0e82a47d131a486d37b4715c1cccac,40884076190127552,0.040884,-67935755,-67.9358,3230410286628810816225280,138661012595976318,115792089237316195423570985008687907853269984665640564039457584007913112660560,6950292952321,0,algebra_v2
0xb775272e537cc670c65dc852908ad47015244eaf,47219386,0xf3699833dccfe7e1db6c69545777b823110e8b59dab4678b41a861c771c35d80,207360632210411424,0.207361,-344539285,-344.5393,3230212482577572241058450,137754202743873936,115792089237316195423570985008687907853269984665640564039457584007913112660559,35251307475769,0,algebra_v2
0xb775272e537cc670c65dc852908ad47015244eaf,47219391,0x955d926835429ad0f89dddeaeee915f3fb28796f8a80f5f7529badbcabce70b0,164066206011273376,0.164066,-272573650,-272.5736,3230055714151975452239754,137754202743873936,115792089237316195423570985008687907853269984665640564039457584007913112660558,27891255021916,0,algebra_v2
0xb775272e537cc670c65dc852908ad47015244eaf,47219407,0x01e8cf9ac4e42ffa663e1025c5d02bb752a5fd84252f6878352dcc76576a9797,41406795719473753,0.041407,-68787569,-68.7876,3230016151564441539919587,137754202743873936,115792089237316195423570985008687907853269984665640564039457584007913112660557,7039155272310,0,algebra_v2
0xb775272e537cc670c65dc852908ad47015244eaf,47219417,0xafd7c112b566655f733d4b783a7c04c85818a8c3c581bd67c9a31a12a09dad28,18471138874734686,0.018471,-30684871,-30.6849,3229998419911144552446412,137105431872950511,115792089237316195423570985008687907853269984665640564039457584007913112660557,3140093608705,0,algebra_v2
0xb775272e537cc670c65dc852908ad47015244eaf,47219434,0x307727935e54f8953c081a10c7bdb5fa5fa4494f489598ce890a1004ee5a04ed,241208083700481504,0.241208,-400672118,-400.6721,3229767971727666126851961,137751208414004549,115792089237316195423570985008687907853269984665640564039457584007913112660556,41005374229081,0,algebra_v2
0xb775272e537cc670c65dc852908ad47015244eaf,47219434,0x6a8fd5e972f15d11c9be82dca8d018f83ae0679ffe7451e34bc412b2ff004d6b,32807457702927086,0.032807,-54492237,-54.4922,3229736630297692636971008,137751208414004549,115792089237316195423570985008687907853269984665640564039457584007913112660556,5577267809497,0,algebra_v2
0xb775272e537cc670c65dc852908ad47015244eaf,47219434,0x618ce6b73a83fd1e6ad46b501969d64002fc059cca45ca88af0dd7fb0f1b72fa,158740665549138560,0.158741,-263648712,-263.6487,3229584991678375519054293,137751208414004549,115792089237316195423570985008687907853269984665640564039457584007913112660555,26985913143353,0,algebra_v2
0xb775272e537cc670c65dc852908ad47015244eaf,47219522,0xebde08d076b81dd22a6c901af40ad5895d76ff17bdc97ec2d9415b9a0188c7e4,-394793220624146217,-0.394793,656404919,656.4049,3229961814103679718978907,137942301695847353,115792089237316195423570985008687907853269984665640564039457584007913112660557,0,111589,algebra_v2
0xb775272e537cc670c65dc852908ad47015244eaf,47219522,0x47ee8a922cba684dc3a1b5be99fd7b8b2deb08a104e3e558a8ccf5d5e6daaa82,-154327870831318398,-0.154328,256635649,256.6356,3230109140951620664936442,137942301695847353,115792089237316195423570985008687907853269984665640564039457584007913112660558,0,43628,algebra_v2
0xb775272e537cc670c65dc852908ad47015244eaf,47219527,0x4c3653b91304417439a35231e63b15151c75cffd5a18fc7564036ba3aad14739,-67246394084441890,-0.067246,111833023,111.8330,3230173340943719706643021,137942301695847353,115792089237316195423570985008687907853269984665640564039457584007913112660558,0,19011,algebra_v2
0xb775272e537cc670c65dc852908ad47015244eaf,47219617,0xe6b95840bbec5d93e7f0057d1fb9cd281a2d948212f993c44d7b38421a5f316f,-163086255284341047,-0.163086,271236410,271.2364,3230329049651368016197090,137942301695847353,115792089237316195423570985008687907853269984665640564039457584007913112660559,0,46110,algebra_v2
0xb775272e537cc670c65dc852908ad47015244eaf,47219619,0xa81a9a409b4036da0b2d9106a995687bf4ac937537c5751d67d049d8c9140857,-60266457616045945,-0.060266,100238591,100.2386,3230386396361310803420107,138849111547949735,115792089237316195423570985008687907853269984665640564039457584007913112660560,0,17040,algebra_v2
0xb775272e537cc670c65dc852908ad47015244eaf,47219619,0xad48b6a6ad3ac179d586f9a7403f3ed7bae375989722f770de363a9c869b040f,-92932515224307503,-0.092933,154577587,154.5776,3230474555187694212269258,138849111547949735,115792089237316195423570985008687907853269984665640564039457584007913112660560,0,26278,algebra_v2
0xb775272e537cc670c65dc852908ad47015244eaf,47219620,0x4d7e802cabfd62725ddf66c651fb084ba1ed813bb3c16b6acc2dbb468d736d21,-162735716359539449,-0.162736,270703779,270.7038,3230628943206937547522973,138849111547949735,115792089237316195423570985008687907853269984665640564039457584007913112660561,0,46019,algebra_v2
0xb775272e537cc670c65dc852908ad47015244eaf,47219621,0x35ed7fa2f5677a8268186416d51cb21b83ec594784d4fc9bc7535c36ff2179aa,-174726171058728711,-0.174726,290678185,290.6782,3230794723046669849099130,138849111547949735,115792089237316195423570985008687907853269984665640564039457584007913112660562,0,49415,algebra_v2
0xb775272e537cc670c65dc852908ad47015244eaf,47219622,0x1e1e939ba1325f0a0744dfbd15f65ea8cdee44aee248c69d08d98c0096ae6710,-104183249927536450,-0.104183,173335674,173.3357,3230893580001891075649820,138849111547949735,115792089237316195423570985008687907853269984665640564039457584007913112660563,0,29467,algebra_v2
0xb775272e537cc670c65dc852908ad47015244eaf,47219622,0x4734accf2e5ece1b6cd8b3f4547fb3f1bed00c197294f0474820d3a9a60c9d9a,-92346605127522000,-0.092347,153651235,153.6512,3230981210510279904915468,138849111547949735,115792089237316195423570985008687907853269984665640564039457584007913112660563,0,26120,algebra_v2
0xb775272e537cc670c65dc852908ad47015244eaf,47219629,0x67a9d8934204618209ebb9adc85bc611baf2bfe71a250b3f94c0c8dd944d7e46,-159790564980989493,-0.159791,265887802,265.8878,3231132851877256229273511,138849111547949735,115792089237316195423570985008687907853269984665640564039457584007913112660564,0,45200,algebra_v2
0xb775272e537cc670c65dc852908ad47015244eaf,47219668,0x9ffd8aab186286d065c6999091c7e73770d38070e2ae86b222f08fb4b8416786,-166394974744935067,-0.166395,276903915,276.9039,3231290775963600326588157,138849111547949735,115792089237316195423570985008687907853269984665640564039457584007913112660565,0,47073,algebra_v2
0xb775272e537cc670c65dc852908ad47015244eaf,47219691,0xf5a88c354b4c9f7824589f1c8443e9148ac0dd03108f36d7370c0f14370f8174,-177080415944472150,-0.177080,294715678,294.7157,3231458858470346898821744,138849111547949735,115792089237316195423570985008687907853269984665640564039457584007913112660566,0,50101,algebra_v2
0xb775272e537cc670c65dc852908ad47015244eaf,47219691,0xc69a070bf020ff4c32072db610ab81c047ec17b50587722fff0efbbbb67893f5,-127828316571500068,-0.127828,212764260,212.7643,3231580202370745919570253,138849111547949735,115792089237316195423570985008687907853269984665640564039457584007913112660567,0,36170,algebra_v2
0xb775272e537cc670c65dc852908ad47015244eaf,47219693,0x0c34ea26b40797a813621158419361c19b9b88f3f47bfb74d7434f037dfb6897,-131724424309497712,-0.131724,219265865,219.2659,3231705254273284839402599,138849111547949735,115792089237316195423570985008687907853269984665640564039457584007913112660568,0,37275,algebra_v2
0xb775272e537cc670c65dc852908ad47015244eaf,47219695,0xe1c99ea03688eeaf186b60bc0f1318bb98a152c74c6cb662696a9148bee47fa3,-72025944753386839,-0.072026,119900137,119.9001,3231773635825178440348753,138849111547949735,115792089237316195423570985008687907853269984665640564039457584007913112660568,0,20383,algebra_v2
0xb775272e537cc670c65dc852908ad47015244eaf,47219697,0xff92b8f15cd16a5ef28529fff744072ececffe535ba16c9f02d4b819ab461585,-272463840180422779,-0.272464,453610962,453.6110,3232032338793343978713684,138851033054195190,115792089237316195423570985008687907853269984665640564039457584007913112660570,0,77113,algebra_v2
0xb775272e537cc670c65dc852908ad47015244eaf,47219697,0x7202250ec656564cdaf768a51d772055cf5a69f745f722940e16e0d58f40ee1f,-14784447744563991,-0.014784,24615940,24.6159,3232046377583714504802304,138851033054195190,115792089237316195423570985008687907853269984665640564039457584007913112660570,0,4184,algebra_v2
0xb775272e537cc670c65dc852908ad47015244eaf,47219745,0xb5c4d84f9c50f0a06b4c49d5cbf5e87084611cac8b4b769add1d4bbeb1a8d342,-151360752935927315,-0.151361,252026261,252.0263,3232190112729634805501344,138849782208212028,115792089237316195423570985008687907853269984665640564039457584007913112660571,0,42844,algebra_v2
0xb775272e537cc670c65dc852908ad47015244eaf,47219881,0xb60507c208d69624d0ef574580401afc12d6d9d8ffe82023ce569b52d8ce8914,-97503138122971968,-0.097503,162361429,162.3614,3232282710396386051623285,138849782208212028,115792089237316195423570985008687907853269984665640564039457584007913112660571,0,27601,algebra_v2
0xb775272e537cc670c65dc852908ad47015244eaf,47219883,0xe2ddb9dec46d09293d1e0faaf35288f596fb049d1d20b70d5bee54c802160bc1,-234350972672922300,-0.234351,390277378,390.2774,3232505292661434734216418,138849782208212028,115792089237316195423570985008687907853269984665640564039457584007913112660573,0,66347,algebra_v2
0xb775272e537cc670c65dc852908ad47015244eaf,47219886,0x45bb91f4bd72191e02c720901406e31ea5180c76ddcd46d986d22eea48b2ad10,-202749127824434458,-0.202749,337692483,337.6925,3232697884807134418497209,138849782208212028,115792089237316195423570985008687907853269984665640564039457584007913112660574,0,57407,algebra_v2
0xb775272e537cc670c65dc852908ad47015244eaf,47219930,0x45028cd7f33e3476d43fb850cdec3e735a769f168ab4ead2fff51ec992e2432e,-13087099431824935,-0.013087,21798839,21.7988,3232710375171386958296676,138204005667157990,115792089237316195423570985008687907853269984665640564039457584007913112660574,0,3706,algebra_v2
0xb775272e537cc670c65dc852908ad47015244eaf,47220037,0x1043ba57268d6e7d9e72902ab5ada69b022f33f41ab9d363f1116407e41fd827,331935513080837056,0.331936,-552291801,-552.2918,3232395167901446916037230,138819972582150163,115792089237316195423570985008687907853269984665640564039457584007913112660572,56429037223742,0,algebra_v2
0xb775272e537cc670c65dc852908ad47015244eaf,47220049,0xb43da4e7f3c96d5e467d92c751fc3bb824aef031512b0f519f886e588b7603ba,312344108563587968,0.312344,-519596243,-519.5962,3232098620835203483949028,138819972582150163,115792089237316195423570985008687907853269984665640564039457584007913112660570,53098498455809,0,algebra_v2
0xb775272e537cc670c65dc852908ad47015244eaf,47220052,0x64c4a01a88ae3cf8940c2a8c465aab2ce9500920958d50aa23d6acded5132a59,101250000000000000,0.101250,-168412745,-168.4127,3232002503309011974290452,138819972582150163,115792089237316195423570985008687907853269984665640564039457584007913112660570,17212500000000,0,algebra_v2
0xb775272e537cc670c65dc852908ad47015244eaf,47220053,0xcc997948e4cd49c69de91384a8675110d68dcfb2d4b22d187c774f8eeffd9bf5,91259710483455097,0.091260,-151786956,-151.7870,3231915887653460202149456,138852449538568197,115792089237316195423570985008687907853269984665640564039457584007913112660569,15514150782187,0,algebra_v2
0xb775272e537cc670c65dc852908ad47015244eaf,47220096,0x73706e40917a66f238f18781a13258084067f8b540e97d0e2e9ea0680f5f9910,16533785501902786,0.016534,-27498811,-27.4988,3231900197038734778863108,138852449538568197,115792089237316195423570985008687907853269984665640564039457584007913112660569,2810743535323,0,algebra_v2
0xb775272e537cc670c65dc852908ad47015244eaf,47220102,0x54d22ba79224c04483a95cfab6cc342bf2b0b19d1dfe0323260d91f285b4935a,-155516847633627087,-0.155517,258923344,258.9233,3232047880652808921632915,138819972582150163,115792089237316195423570985008687907853269984665640564039457584007913112660570,0,44016,algebra_v2
0xb775272e537cc670c65dc852908ad47015244eaf,47220105,0x3d590261291a68bce26f90b1e757789f0a5aa5689874cb7f708b5634411c29c0,-101253441303975212,-0.101253,168591751,168.5918,3232144052232310600138096,138819972582150163,115792089237316195423570985008687907853269984665640564039457584007913112660571,0,28660,algebra_v2
0xb775272e537cc670c65dc852908ad47015244eaf,47220119,0xb2622bf3812df8d355c085e624fa64500dfbb54b2add8f1ef6facdb64c626ad2,-165949189617070621,-0.165949,276334919,276.3349,3232301684888960134143446,138819972582150163,115792089237316195423570985008687907853269984665640564039457584007913112660572,0,46977,algebra_v2
0xb775272e537cc670c65dc852908ad47015244eaf,47220122,0xe2206227f7e998c4112c43fefe89fc08ce0106a3a1115ff817998d9397001f7c,-175141178540794359,-0.175141,291670452,291.6705,3232468065556120173428226,138819972582150163,115792089237316195423570985008687907853269984665640564039457584007913112660573,0,49584,algebra_v2
0xb775272e537cc670c65dc852908ad47015244eaf,47220123,0xf8a10bfdfbda6154c6570377ebb5abd333c94169a277cfb9aaa46e636d50d541,-186987086562272736,-0.186987,311431117,311.4311,3232645718509066310777896,138819972582150163,115792089237316195423570985008687907853269984665640564039457584007913112660574,0,52943,algebra_v2
0xb775272e537cc670c65dc852908ad47015244eaf,47220130,0x950a5008d09bc70753e86f60a5823ff884c3f4bc5d8339d7e151347b15a191e8,-156729541603916498,-0.156730,261062881,261.0629,3232794639375187119627568,138819972582150163,115792089237316195423570985008687907853269984665640564039457584007913112660575,0,44380,algebra_v2
0xb775272e537cc670c65dc852908ad47015244eaf,47220136,0xba30cda0300aaf367bd913137ae2e4cefddb7658d9b05cafe451aab111e1f81b,-221342349662265695,-0.221342,368728784,368.7288,3233004977243572577198076,138819972582150163,115792089237316195423570985008687907853269984665640564039457584007913112660576,0,62684,algebra_v2
0xb775272e537cc670c65dc852908ad47015244eaf,47220136,0xf49f16296bff6b55271c46526280d8bed55ace9182534e1876511df0cc0dffcc,-163282534579188373,-0.163283,272039119,272.0391,3233160159401550283651837,138819972582150163,115792089237316195423570985008687907853269984665640564039457584007913112660577,0,46246,algebra_v2
0xb775272e537cc670c65dc852908ad47015244eaf,47220139,0x29b37b5c02d74733cda6db06d2cda68a222d427b420f09a7950008a147bcd3b9,-158032644090923653,-0.158033,263317337,263.3173,3233310366301034227311921,138819972582150163,115792089237316195423570985008687907853269984665640564039457584007913112660578,0,44764,algebra_v2
0xb775272e537cc670c65dc852908ad47015244eaf,47220143,0xd0972223d159a5912e04096c0e023d9439bc5999e24a89d191646fe99bd709ff,-59559788176142480,-0.059560,99246129,99.2461,3233366980321824504473860,138819972582150163,115792089237316195423570985008687907853269984665640564039457584007913112660578,0,16872,algebra_v2
0xb775272e537cc670c65dc852908ad47015244eaf,47220183,0x88c0969b1d104493baa11ef793d11209af2a47a10546be0cf6351ae56984cdd2,-16237719743887882,-0.016238,27057966,27.0580,3233382415284170969416480,138819972582150163,115792089237316195423570985008687907853269984665640564039457584007913112660578,0,4599,algebra_v2
0xb775272e537cc670c65dc852908ad47015244eaf,47220195,0x4bc484780d07939521444322487b482c60f0e323b83791fb73d471ce2b64245d,-9796758654423977,-0.009797,16325100,16.3251,3233391727783750999152038,138819972582150163,115792089237316195423570985008687907853269984665640564039457584007913112660578,0,2775,algebra_v2
0xb775272e537cc670c65dc852908ad47015244eaf,47220206,0xe55655dff4a0d9a2d4c3a7eeac0e64f5a94b130dde7d09e18013c647bb68cda6,-158468368816268082,-0.158468,264081210,264.0812,3233542370427371042405007,138819972582150163,115792089237316195423570985008687907853269984665640564039457584007913112660579,0,44893,algebra_v2
0xb775272e537cc670c65dc852908ad47015244eaf,47220207,0x1cc343b36744f013f780ca9f219d36f5adbcba9e82200beb0c85d7b25e8cfe1e,-306620707716575948,-0.306621,511040479,511.0405,3233829651347167069631958,141256165572918312,115792089237316195423570985008687907853269984665640564039457584007913112660581,0,86876,algebra_v2
0xb775272e537cc670c65dc852908ad47015244eaf,47220207,0x178b96ee3e2c43e536ec932c79ec95d9fc203ae03b0a412804b6e9db75b64bed,-1474798056365260,-0.001475,2458246,2.4582,3233831029444913334845440,141256165572918312,115792089237316195423570985008687907853269984665640564039457584007913112660581,0,418,algebra_v2
0xb775272e537cc670c65dc852908ad47015244eaf,47220209,0xf6635965a5820cf54d058f58741c6d0d8475e4606eb7fd0d7a8ed18a6449997b,-159218002782166707,-0.159218,265402394,265.4024,3233979814669138012521820,141256165572918312,115792089237316195423570985008687907853269984665640564039457584007913112660582,0,45118,algebra_v2
0xb775272e537cc670c65dc852908ad47015244eaf,47220217,0xbf0ab7ed652901f068c618c0fceaf07d9ca1338cbe0e419791f92f90a94e6d6a,-240689077425762645,-0.240689,401253869,401.2539,3234204758559588203561803,141256165572918312,115792089237316195423570985008687907853269984665640564039457584007913112660583,0,68213,algebra_v2
0xb775272e537cc670c65dc852908ad47015244eaf,47220217,0xe9410b9cf722deae6263f20ce7c92d2f38b8d0e4983e60508a216359b92d92ba,-183962966489362946,-0.183963,306723147,306.7231,3234376708298202655705632,141256165572918312,115792089237316195423570985008687907853269984665640564039457584007913112660584,0,52143,algebra_v2
0xb775272e537cc670c65dc852908ad47015244eaf,47220337,0xa93c06b89591790d4cf60e4d59bb7c48e22ad8c11f57a946187fd9de2e1f38c0,-178498219847408237,-0.178498,297642902,297.6429,3234543567629416091873950,141256165572918312,115792089237316195423570985008687907853269984665640564039457584007913112660585,0,50599,algebra_v2
0xb775272e537cc670c65dc852908ad47015244eaf,47220340,0x9fd9ea5e0100bac116c2958feb18edecdd4b9785b2199bbb014817c3b34f8c95,-162989542028564618,-0.162990,271809257,271.8093,3234695944556793041463283,141256165572918312,115792089237316195423570985008687907853269984665640564039457584007913112660586,0,46207,algebra_v2
0xb775272e537cc670c65dc852908ad47015244eaf,47220341,0xca922eb1bfcfc34eed1ec8eb3f231950b9e4dfced445c9f379b57d47f06acf81,-155058703410779493,-0.155059,258607178,258.6072,3234840920366695244629885,141256165572918312,115792089237316195423570985008687907853269984665640564039457584007913112660587,0,43963,algebra_v2
0xb775272e537cc670c65dc852908ad47015244eaf,47220342,0x3911915523c00e6cfeee56f6aaec2a32366800e3e142b4de354ab0b4d3a046da,-54406462803438125,-0.054406,90744689,90.7447,3234891792058501374777080,141256165572918312,115792089237316195423570985008687907853269984665640564039457584007913112660588,0,15426,algebra_v2
0xb775272e537cc670c65dc852908ad47015244eaf,47220342,0x6720209437b254a6c54190f691c7ccdeae8f28325dda46a24e8d32dd62b5e407,-16124526641225320,-0.016125,26894691,26.8947,3234906869287026950353258,141256165572918312,115792089237316195423570985008687907853269984665640564039457584007913112660588,0,4572,algebra_v2
0xb775272e537cc670c65dc852908ad47015244eaf,47220343,0x5416a5d30e4fd64e24a6ad8a19bfd9fb0e46d28dea601185e5bcdce2f1339c7c,-159122762475091239,-0.159123,265420147,265.4201,3235055664463557142987151,141256165572918312,115792089237316195423570985008687907853269984665640564039457584007913112660589,0,45121,algebra_v2
0xb775272e537cc670c65dc852908ad47015244eaf,47220388,0x6eee1a4cacf702879b238fd38333c7397db6c105b2cc4bba8cff71d6ae955bf3,-10624036971154594,-0.010624,17721989,17.7220,3235065642144648753871082,140651777796336879,115792089237316195423570985008687907853269984665640564039457584007913112660589,0,3012,algebra_v2
0xb775272e537cc670c65dc852908ad47015244eaf,47220404,0x36d4f022efe72ba56fc68aa83d0b0ad4856333e73ee8edaf05d4c824e11ccf2e,-157423257604461806,-0.157423,262610981,262.6110,3235212814832059688627955,141299486795285029,115792089237316195423570985008687907853269984665640564039457584007913112660590,0,44643,algebra_v2
0xb775272e537cc670c65dc852908ad47015244eaf,47220404,0x913acc13aaa368f9a9a37ca1666c4ce86ce2da057592b524b497d6394b76f910,-13778633661212020,-0.013779,22986436,22.9864,3235225697132482824609237,141299486795285029,115792089237316195423570985008687907853269984665640564039457584007913112660590,0,3907,algebra_v2
0xb775272e537cc670c65dc852908ad47015244eaf,47220404,0xf4c82db15b4812bf97d6b989795314915026592f2e42f6fbe8eeb1cd942174dd,-265255754559379184,-0.265256,442553020,442.5530,3235473717362523682868055,141299486795285029,115792089237316195423570985008687907853269984665640564039457584007913112660591,0,75234,algebra_v2
0xb775272e537cc670c65dc852908ad47015244eaf,47220404,0x68753e18bcbea59edb84b3684031db0677a9be59f57aec9671364e784b1444c7,-180271102669941329,-0.180271,300803254,300.8033,3235642296693976908715428,141299486795285029,115792089237316195423570985008687907853269984665640564039457584007913112660592,0,51136,algebra_v2
0xb775272e537cc670c65dc852908ad47015244eaf,47220404,0x5c53b70107e93275ad6aaa554268085564c9b9b1d52e7ce52049ca5eb9a34475,-95294842292852397,-0.095295,159023168,159.0232,3235731418134407133790208,141299486795285029,115792089237316195423570985008687907853269984665640564039457584007913112660593,0,27034,algebra_v2
0xb775272e537cc670c65dc852908ad47015244eaf,47220404,0x288ec66eb17dab19b0fff454b6bd518d4fb25bb906e543818b86893b0191803b,-152728914424187751,-0.152729,254884487,254.8845,3235874263186016755777566,141299486795285029,115792089237316195423570985008687907853269984665640564039457584007913112660594,0,43330,algebra_v2
0xb775272e537cc670c65dc852908ad47015244eaf,47220404,0xb36f09e58915c15132cb7e22f749a91d13ccdb73cb7dcec6886d7fe6a538332a,-122741581637470928,-0.122742,204855880,204.8559,3235989070678346136813568,141299486795285029,115792089237316195423570985008687907853269984665640564039457584007913112660594,0,34825,algebra_v2
0xb775272e537cc670c65dc852908ad47015244eaf,47220424,0x3be723d4ab0997ab63517acc7ff69504d82f091473eae1ce8daa673bf783964e,-97385982979992666,-0.097386,162547691,162.5477,3236080167369361264807479,141299486795285029,115792089237316195423570985008687907853269984665640564039457584007913112660595,0,27633,algebra_v2
0xb775272e537cc670c65dc852908ad47015244eaf,47220424,0x49a2613257b1ae9077a9762f174ddba61cdab69f37726f4fc9f0d4c02e1a8692,-284194312719807446,-0.284194,474403233,474.4032,3236346037431700834971263,141299486795285029,115792089237316195423570985008687907853269984665640564039457584007913112660597,0,80648,algebra_v2
0xb775272e537cc670c65dc852908ad47015244eaf,47220424,0x177ef8f77d54c653530938a5d6f2060cff8bd8fe063d667bcd5e6f1b79a0f1cd,-158498770460549043,-0.158499,264614559,264.6146,3236494335512887253496655,141299486795285029,115792089237316195423570985008687907853269984665640564039457584007913112660597,0,44984,algebra_v2
0xb775272e537cc670c65dc852908ad47015244eaf,47220425,0xa49ce72dbdbcdc31aa1b9fcf908451bbfcbc6b5fa52f84e3c1fdec0a027fa6ae,-941044668004975177,-0.941045,1571580821,1571.5808,3237381934050946405771505,139570420708516623,115792089237316195423570985008687907853269984665640564039457584007913112660603,0,267168,algebra_v2
0xb775272e537cc670c65dc852908ad47015244eaf,47220425,0xa950d6015c7043ba266ae99351f462bc5f71bcb35d33d8d4e8ca51626dae8d7b,-329904410868579866,-0.329904,551157831,551.1578,3237694646360309300000000,139570420708516623,115792089237316195423570985008687907853269984665640564039457584007913112660605,0,93696,algebra_v2
0xb775272e537cc670c65dc852908ad47015244eaf,47220425,0xc175b460f07b7f37699cfab7ddd06964f7b51a36a8dd80ea3186f968533338a2,-533157523493725590,-0.533158,890949630,890.9496,3238200147508102149701632,139570420708516623,115792089237316195423570985008687907853269984665640564039457584007913112660608,0,151461,algebra_v2
0xb775272e537cc670c65dc852908ad47015244eaf,47220425,0xb7983e161d3d17c280627b9aac708537c0418596ada41983768a935aa00e69eb,-154006044699426981,-0.154006,257408430,257.4084,3238346194211697716155623,139570420708516623,115792089237316195423570985008687907853269984665640564039457584007913112660609,0,43759,algebra_v2
0xb775272e537cc670c65dc852908ad47015244eaf,47220426,0xb996883aec05182089fac574ab9db242a755dc43b49ae44792d56f4af64bdf4a,-327020940620431578,-0.327021,546665499,546.6655,3238655534215039228816335,140108606749912409,115792089237316195423570985008687907853269984665640564039457584007913112660611,0,92932,algebra_v2
0xb775272e537cc670c65dc852908ad47015244eaf,47220426,0xb7f933a6c3923ad02ae1f60478e63f6b330dd9ae3667c73a97a67a07fadd0d74,1835832402517717,0.001836,-3066097,-3.0661,3238653800408183625980096,140108606749912409,115792089237316195423570985008687907853269984665640564039457584007913112660611,312091508428,0,algebra_v2
0xb775272e537cc670c65dc852908ad47015244eaf,47220428,0xb63248ae005c95d5f1d14359ffa4c7a003d4c766bd4a01696c7a4256dff0e753,-300994547190283645,-0.300995,503250083,503.2501,3238938234351394221186112,140108606749912409,115792089237316195423570985008687907853269984665640564039457584007913112660613,0,85552,algebra_v2
0xb775272e537cc670c65dc852908ad47015244eaf,47220428,0xb02ddff11965bc81623b822ce6f2c07a43c37e645e3e8a0fb2611304c6382f60,-50003232108054463,-0.050003,83611840,83.6118,3238985491264324832854016,140108606749912409,115792089237316195423570985008687907853269984665640564039457584007913112660613,0,14214,algebra_v2
0xb775272e537cc670c65dc852908ad47015244eaf,47220428,0x10034808f7bddae369abec1903ba073c52081bd07f4557f42a9b248c711c8e74,-262409067355071606,-0.262409,438821736,438.8217,3239233510690756363680745,140108606749912409,115792089237316195423570985008687907853269984665640564039457584007913112660614,0,74599,algebra_v2
0xb775272e537cc670c65dc852908ad47015244eaf,47220428,0xbb502b6947e6d4c821b357634afde1c3f364771d3bed55802497100818437fd9,-17294776892044393,-0.017295,28924091,28.9241,3239249858413775000000000,140108606749912409,115792089237316195423570985008687907853269984665640564039457584007913112660614,0,4917,algebra_v2
0xb775272e537cc670c65dc852908ad47015244eaf,47220428,0x21b00397efa0aea97b3b820035f7f55b48b0b6a8e2c582134bbf94e528c71368,-144175941394921658,-0.144176,241133750,241.1337,3239386145769879001628672,140108606749912409,115792089237316195423570985008687907853269984665640564039457584007913112660615,0,40992,algebra_v2
0xb775272e537cc670c65dc852908ad47015244eaf,47220429,0x2e4d23ed4ba8ee7fec53a6697c6c6cea7234020fc939bf867bb48bbcd321d38c,2735757104907018,0.002736,-4571158,-4.5712,3239383560886045086435672,140108606749912409,115792089237316195423570985008687907853269984665640564039457584007913112660615,465078707834,0,algebra_v2
0xb775272e537cc670c65dc852908ad47015244eaf,47220430,0xb6a9bc2efd3ab18de042361efcd6c47a4bc6d5a8cedb8241d07a988800a59f5e,2161313124876663,0.002161,-3611318,-3.6113,3239381518769306492745953,140108606749912409,115792089237316195423570985008687907853269984665640564039457584007913112660615,367423231229,0,algebra_v2
0xb775272e537cc670c65dc852908ad47015244eaf,47220434,0x6a22b6c21819f29dce1fb9708d6762d224f95229c4a6390eb80b6075e32c4ee6,-277169876294025594,-0.277170,463621312,463.6213,3239643554767981176653440,140108606749912409,115792089237316195423570985008687907853269984665640564039457584007913112660617,0,78815,algebra_v2
0xb775272e537cc670c65dc852908ad47015244eaf,47220434,0xf16ca1ebe7d758ec814628fc677a8d28b055d3846dcb5e2f3cbafd3c92625ad5,-156545260908405460,-0.156545,261885986,261.8860,3239791571164452446357964,140108606749912409,115792089237316195423570985008687907853269984665640564039457584007913112660618,0,44520,algebra_v2
0xb775272e537cc670c65dc852908ad47015244eaf,47220436,0x23f5427b43fb2da09c46a0cb71b97449bde1b1a4552b89b32f489ae066f00e01,-105472544111766466,-0.105473,176459469,176.4595,3239891305003154278229413,140108606749912409,115792089237316195423570985008687907853269984665640564039457584007913112660618,0,29998,algebra_v2
0xb775272e537cc670c65dc852908ad47015244eaf,47220436,0x1a99954a0b236c4012a26aa08a56fb4bfd848cd734ab5b758655bd4382d3200c,-274233158959363938,-0.274233,458853067,458.8531,3240150521077871421685760,140305298020662176,115792089237316195423570985008687907853269984665640564039457584007913112660620,0,78004,algebra_v2
0xb775272e537cc670c65dc852908ad47015244eaf,47220444,0xbeed225f395c29ae49870670f436074f4583e34b3ff9a1527dc276c3e5bf566b,-268213323899692417,-0.268213,448851529,448.8515,3240403853642498035417088,140305298020662176,115792089237316195423570985008687907853269984665640564039457584007913112660622,0,76304,algebra_v2
0xb775272e537cc670c65dc852908ad47015244eaf,47220445,0x565738a2f0a7a3cb6cc6330232c8b0b94bc0215ea5fc95f7672258ddb8949f96,-201500781200630063,-0.201501,337255126,337.2551,3240594201008005040361680,140305298020662176,115792089237316195423570985008687907853269984665640564039457584007913112660623,0,57333,algebra_v2
0xb775272e537cc670c65dc852908ad47015244eaf,47220445,0x6415bec9c1757aea86f307895d435807781ce5b71686fbb5ccbc148d4bd811ce,-492094249718452440,-0.492094,823792687,823.7927,3241059150998928665198804,140305298020662176,115792089237316195423570985008687907853269984665640564039457584007913112660626,0,140044,algebra_v2
0xb775272e537cc670c65dc852908ad47015244eaf,47220445,0x71c3fdd9bdb2be130e8cdc67793c1516961fb39cf1d6978cce4c60e3442c958e,-98655857075994994,-0.098656,165183748,165.1837,3241152380986512400000000,140305298020662176,115792089237316195423570985008687907853269984665640564039457584007913112660626,0,28081,algebra_v2
0xb775272e537cc670c65dc852908ad47015244eaf,47220445,0x71063712195597b72c2ea5c543821b56fc7c0bc23b433de8431ff46289b7fde3,-148341808227249061,-0.148342,248392963,248.3930,3241292574396095393693696,140305298020662176,115792089237316195423570985008687907853269984665640564039457584007913112660627,0,42226,algebra_v2
0xb775272e537cc670c65dc852908ad47015244eaf,47220446,0xa59c894f1e9f01163d97bbfba2c4be248c7f07c297004425f6b954d415d35577,-225204856040608379,-0.225205,377138417,377.1384,3241505431958562100951997,140305298020662176,115792089237316195423570985008687907853269984665640564039457584007913112660628,0,64113,algebra_v2
0xb775272e537cc670c65dc852908ad47015244eaf,47220446,0x89dee4d3f1883c06ac4ddbbcb5d3a569cbe93d05a5ff5fad87d82db1b47663cf,-150072472698612520,-0.150072,251345773,251.3458,3241647291939549551635592,140305298020662176,115792089237316195423570985008687907853269984665640564039457584007913112660629,0,42728,algebra_v2
0xb775272e537cc670c65dc852908ad47015244eaf,47220446,0x693ca8088ed2ea10507de7e91cb8ed282b93ad25d17b44027f611974653b81bd,-153454767836900885,-0.153455,257033292,257.0333,3241792363770113840541788,140303005457112480,115792089237316195423570985008687907853269984665640564039457584007913112660630,0,43695,algebra_v2
0xb775272e537cc670c65dc852908ad47015244eaf,47220446,0x5c3893498b5efce5fe9f6c4d01bb3906a43eb7f666d1c20ddafd2e03c31f0867,-277867142859530792,-0.277867,465479774,465.4798,3242055085637353775038464,140303005457112480,115792089237316195423570985008687907853269984665640564039457584007913112660632,0,79131,algebra_v2
0xb775272e537cc670c65dc852908ad47015244eaf,47220447,0x7ea16ec05d15733cd63ca79d1d298867a22205c25b087130dd1062db882cfbd0,-47250284630954605,-0.047250,79160629,79.1606,3242099764759894297673728,140303005457112480,115792089237316195423570985008687907853269984665640564039457584007913112660632,0,13457,algebra_v2
0xb775272e537cc670c65dc852908ad47015244eaf,47220447,0xf8f22c8d3042666ac77f6491f25b28b0137cdbbb9b5fb6452e87c86439e8da74,-280502880207825519,-0.280503,469984615,469.9846,3242365029208275676037120,140303005457112480,115792089237316195423570985008687907853269984665640564039457584007913112660634,0,79897,algebra_v2
0xb775272e537cc670c65dc852908ad47015244eaf,47220447,0x5fef5b6bd70a363ed2847122d780600f08db4ee2a7cd88248dc031b10cd01e34,-9392076772401182,-0.009392,15737824,15.7378,3242373911807734210101248,140303005457112480,115792089237316195423570985008687907853269984665640564039457584007913112660634,0,2675,algebra_v2
0xb775272e537cc670c65dc852908ad47015244eaf,47220454,0xdf6eb13988482e38e7d65442925b5334f554f555f216659d228a9632af68ae08,151243087021457184,0.151243,-253166482,-253.1665,3242230950399569939129208,140303005457112480,115792089237316195423570985008687907853269984665640564039457584007913112660633,25711324793647,0,algebra_v2
0xb775272e537cc670c65dc852908ad47015244eaf,47220454,0x0ac800145097cb420eddeef774359f2c113a32d7193473827e4adf55c3e6c911,210918734794437824,0.210919,-353020543,-353.0205,3242031602075384209088069,140303005457112480,115792089237316195423570985008687907853269984665640564039457584007913112660632,35856184915054,0,algebra_v2
0xb775272e537cc670c65dc852908ad47015244eaf,47220480,0xa38ad4232db974ecbc32c9a4797f287c75c33b1f3728962d68c073c908034f9e,153414035494575936,0.153414,-256746061,-256.7461,3241886619302955858277005,140303005457112480,115792089237316195423570985008687907853269984665640564039457584007913112660631,26080386034077,0,algebra_v2
0xb775272e537cc670c65dc852908ad47015244eaf,47220505,0x9abaa35f2560fb2fefe0a7f7ece6887bbeaafedd7913eca5f3b9d90c13fa0d8b,168488574304082080,0.168489,-281947599,-281.9476,3241727405392074970750043,140303005457112480,115792089237316195423570985008687907853269984665640564039457584007913112660630,28643057631694,0,algebra_v2
0xb775272e537cc670c65dc852908ad47015244eaf,47220505,0xcad618c368a54561471b46f6d49f2a9f87c130eab36a382d52ea3b92d18726a7,125101538935414613,0.125102,-209326124,-209.3261,3241609201526736729145344,140305298020662176,115792089237316195423570985008687907853269984665640564039457584007913112660629,21267261619019,0,algebra_v2
0xb775272e537cc670c65dc852908ad47015244eaf,47220526,0xfc7fe877528ae64b8b131ed01acd3c1caef0b80b878259bf98649f69855d5513,-672612987736286872,-0.672613,1126755768,1126.7558,3242245153598004455580884,140303005457112480,115792089237316195423570985008687907853269984665640564039457584007913112660633,0,191548,algebra_v2
0xb775272e537cc670c65dc852908ad47015244eaf,47220526,0xd8584e4730a322553136602a9c6d8369358ce18e3f060bd5f1bd2b9870003c21,-125929759752889017,-0.125930,211005639,211.0056,3242364247484590624604160,140303005457112480,115792089237316195423570985008687907853269984665640564039457584007913112660634,0,35871,algebra_v2
0xb775272e537cc670c65dc852908ad47015244eaf,47220526,0xc813c5e143ae96aa2375645c39386d504b44fafe172acb6d13a492988d705f6f,-161766614401900134,-0.161767,271075974,271.0760,3242517245724543904513925,140303005457112480,115792089237316195423570985008687907853269984665640564039457584007913112660635,0,46082,algebra_v2
0xb775272e537cc670c65dc852908ad47015244eaf,47220526,0x00fe72876e33a328b21094a19a4ff93ea32bd5e090db7114bf679b75811c75f3,-177727441138844274,-0.177727,297851388,297.8514,3242685356300110825259008,140303005457112480,115792089237316195423570985008687907853269984665640564039457584007913112660636,0,50634,algebra_v2
0xb775272e537cc670c65dc852908ad47015244eaf,47220526,0x48fe4a9c40a92651da5ddca14cf64158d9c6a123ae156b35a84de1dd1d687ec7,-151979124763812672,-0.151979,254724577,254.7246,3242829125632640461238439,140303005457112480,115792089237316195423570985008687907853269984665640564039457584007913112660637,0,43303,algebra_v2
0xb775272e537cc670c65dc852908ad47015244eaf,47220534,0x2a2155c82fd7fc9f3cc8a081ab8017b59b0433f6752ddd5e078a6746b52a8e32,295129759399468480,0.295130,-494137021,-494.1370,3242550089783474957310864,140303005457112480,115792089237316195423570985008687907853269984665640564039457584007913112660635,50172059097909,0,algebra_v2
0xb775272e537cc670c65dc852908ad47015244eaf,47220535,0x44f047b20156a9dff95c81dbe3800373c45c0c735784a6c8b9027c794f6b6990,158904712475200448,0.158905,-266019623,-266.0196,3242399870293093572921116,140303005457112480,115792089237316195423570985008687907853269984665640564039457584007913112660634,27013801120784,0,algebra_v2
0xb775272e537cc670c65dc852908ad47015244eaf,47220538,0xf8fdc74b0442e7d4c94455deec85c1b2e863e7410372fc1948f7e5eafd2eb1ed,183698381784283488,0.183698,-307495560,-307.4956,3242226229620527897515993,140303005457112480,115792089237316195423570985008687907853269984665640564039457584007913112660633,31228724903328,0,algebra_v2
0xb775272e537cc670c65dc852908ad47015244eaf,47220542,0x0c2370a8c2a4aea429ef24d7bfbcf8a58b19a7aa3cc3f9692f5958390d4acd61,-48241891826715750,-0.048242,80830471,80.8305,3242271851220622793212330,140303005457112480,115792089237316195423570985008687907853269984665640564039457584007913112660633,0,13741,algebra_v2
0xb775272e537cc670c65dc852908ad47015244eaf,47220544,0xb5f13960eeb2f43a95be967e0242b0c03fda4b8ca31a6052e308797463511d72,209931358969172896,0.209931,-351376911,-351.3769,3242073431044579596254389,140303005457112480,115792089237316195423570985008687907853269984665640564039457584007913112660632,35688331024759,0,algebra_v2
0xb775272e537cc670c65dc852908ad47015244eaf,47220548,0xaf7216d59412645d96940cd58b34f212bddd280229dee4e3c1d922fb4e5cfb5e,205049077183194016,0.205049,-343163576,-343.1636,3241879648883526500622914,140303005457112480,115792089237316195423570985008687907853269984665640564039457584007913112660631,34858343121143,0,algebra_v2
0xb775272e537cc670c65dc852908ad47015244eaf,47220555,0x226f5aaeb3fca081ab250eb2ea701e6d50a7765247fb5a4f3526c0f1d536d236,154682323532416480,0.154682,-258844244,-258.8442,3241733481281467025716910,140303005457112480,115792089237316195423570985008687907853269984665640564039457584007913112660630,26295995000511,0,algebra_v2
0xb775272e537cc670c65dc852908ad47015244eaf,47220575,0x6aa14e19de91212d86c064b4e5b8c393720709bffc43ef26bd3136360a5303f3,54075430505275200,0.054075,-90483915,-90.4839,3241682385623758703401213,140303005457112480,115792089237316195423570985008687907853269984665640564039457584007913112660630,9192823185896,0,algebra_v2
0xb775272e537cc670c65dc852908ad47015244eaf,47220608,0x31961efa2bb52a4c3a26ac04ff761b9aa2dea39d174c55467333256cea2ebf60,96302966446785000,0.096303,-161135795,-161.1358,3241591394803368506463667,140305298020662176,115792089237316195423570985008687907853269984665640564039457584007913112660629,16371504295953,0,algebra_v2
0xb775272e537cc670c65dc852908ad47015244eaf,47220608,0xf47a9bd1dc6b25858866ff6c2bc6300bb8b0c44db5dbfa6fe767a8ca154f59f4,281034421475091616,0.281034,-470179961,-470.1800,3241325891683081896452039,140305298020662176,115792089237316195423570985008687907853269984665640564039457584007913112660627,47775851650765,0,algebra_v2
0xb775272e537cc670c65dc852908ad47015244eaf,47220608,0x1c627db21a31ea7ecb56a2a6f055ec0b6b5971780e7d3e1bd5ff838cbb3d4b7d,161705928573885088,0.161706,-270504505,-270.5045,3241173142105966297604317,140305298020662176,115792089237316195423570985008687907853269984665640564039457584007913112660626,27490007857560,0,algebra_v2
0xb775272e537cc670c65dc852908ad47015244eaf,47220611,0x58514efaadf4e045fbd884043775e67a1f59278a62a95d2f37e740cc453b6905,59732916977080706,0.059733,-99915820,-99.9158,3241116721237023751964641,140305298020662176,115792089237316195423570985008687907853269984665640564039457584007913112660626,10154595886103,0,algebra_v2
0xb775272e537cc670c65dc852908ad47015244eaf,47220611,0x1ac56e4aa14f6c16a2c66c0e8fda5f22665c43e1648bb79ba86c71acfb4e6193,112922801898304000,0.112923,-188877544,-188.8775,3241010065102231766697397,140305298020662176,115792089237316195423570985008687907853269984665640564039457584007913112660625,19196876322711,0,algebra_v2
0xb775272e537cc670c65dc852908ad47015244eaf,47220611,0x1f4e10594e32c9fede0338f116d1b336a6290e5ce598f2879415b7d7ce327f3a,195596771935238675,0.195597,-327130712,-327.1307,3240825339609854695824666,140305298020662176,115792089237316195423570985008687907853269984665640564039457584007913112660624,33251451228990,0,algebra_v2
0xb775272e537cc670c65dc852908ad47015244eaf,47220612,0x73ee8796c426a2ec8e7ed22f99891c10371a919da29412b65ba01ee663122813,154290809774355296,0.154291,-258021214,-258.0212,3240679639147844607135629,140305298020662176,115792089237316195423570985008687907853269984665640564039457584007913112660623,26229437661640,0,algebra_v2
0xb775272e537cc670c65dc852908ad47015244eaf,47220613,0x7c15e9f3a2f850229ee6c13f0ebd73bffcee2cec54592b3f71575b67657bade2,153535779275190208,0.153536,-256735544,-256.7355,3240534664683161298940938,140305298020662176,115792089237316195423570985008687907853269984665640564039457584007913112660622,26101082476782,0,algebra_v2
0xb775272e537cc670c65dc852908ad47015244eaf,47220642,0x2fb6ffa0011c2b53a6fcac72c009b5fa3769861b7964c68c9886501b226c65c0,155700188115702368,0.155700,-260331313,-260.3313,3240387659745397208767759,140305298020662176,115792089237316195423570985008687907853269984665640564039457584007913112660622,26469031979669,0,algebra_v2
0xb775272e537cc670c65dc852908ad47015244eaf,47220642,0xbb546daa9dd056e607fb223d303e97d119b65d3b6c1b6a6db1d36cc2f515b4aa,150835824736222240,0.150836,-252175555,-252.1756,3240245260233721830696907,140305298020662176,115792089237316195423570985008687907853269984665640564039457584007913112660621,25642090205158,0,algebra_v2
0xb775272e537cc670c65dc852908ad47015244eaf,47220642,0x0dddd81c8b22c94b9796601116491fa4321da85b3e00499263a55cf708ad71ad,174872758672678592,0.174873,-292334070,-292.3341,3240080183849600294670840,140305298020662176,115792089237316195423570985008687907853269984665640564039457584007913112660620,29728368974355,0,algebra_v2
0xb775272e537cc670c65dc852908ad47015244eaf,47220645,0x7d8c7701fe7e7c841b05211b3b32506c6e7de6bab828cbbde883b7b6c6275ff0,163737015824034368,0.163737,-273691480,-273.6915,3239925443871716114929713,140108606749912409,115792089237316195423570985008687907853269984665640564039457584007913112660619,27835292690086,0,algebra_v2
0xb775272e537cc670c65dc852908ad47015244eaf,47220645,0xab81518b292cc62477b30f7db7b0a789ff47a5f67065ad208b955577442eb9a1,162283561080113376,0.162284,-271236188,-271.2362,3239772066107638976738307,140108606749912409,115792089237316195423570985008687907853269984665640564039457584007913112660618,27588205383619,0,algebra_v2
0xb775272e537cc670c65dc852908ad47015244eaf,47220646,0x2bc96c5d6e7774ae48f44882d4a5e73e77c5fafa2dd095a5ae56be91a1ee8feb,156347185061900224,0.156347,-261290008,-261.2900,3239624312677197961753935,140108606749912409,115792089237316195423570985008687907853269984665640564039457584007913112660617,26579021460523,0,algebra_v2
0xb775272e537cc670c65dc852908ad47015244eaf,47220657,0xc8b788ca5160f2211665d4752fb92e62fb0d51ccb204bd416458a3991f14929a,60330246147035600,0.060330,-100818535,-100.8185,3239567302137285485135609,140108606749912409,115792089237316195423570985008687907853269984665640564039457584007913112660616,10256141844996,0,algebra_v2
0xb775272e537cc670c65dc852908ad47015244eaf,47220669,0x7c2499f6ba84fb544555b33a22b26cd36444817e7bf77dd227945a29b47d91ec,219191110870241248,0.219191,-366262804,-366.2628,3239360189029540645148786,140108606749912409,115792089237316195423570985008687907853269984665640564039457584007913112660615,37262488847941,0,algebra_v2
0xb775272e537cc670c65dc852908ad47015244eaf,47220672,0xb412508986955db72b5371783ce98f38a9ba5f97d14c2bfe2d9dabed0d0f02ce,293356978528471104,0.293357,-490118817,-490.1188,3239083038223140911067312,140108606749912409,115792089237316195423570985008687907853269984665640564039457584007913112660613,49870686349840,0,algebra_v2
0xb775272e537cc670c65dc852908ad47015244eaf,47220672,0x4b2b9d9f83f933b34673d994b09eaf4cb9bcec3be1cff0030f1a294803347187,250926511949845056,0.250927,-419162635,-419.1626,3238846011489304027583644,140108606749912409,115792089237316195423570985008687907853269984665640564039457584007913112660612,42657507031473,0,algebra_v2
0xb775272e537cc670c65dc852908ad47015244eaf,47220673,0xb0d4fb0cdb8a995a774d1a88179aca3860db096ca43cd47f0cb0c4cac57004f1,153370442080740480,0.153370,-256168943,-256.1689,3238701153902495786875121,140108606749912409,115792089237316195423570985008687907853269984665640564039457584007913112660611,26072975153726,0,algebra_v2
0xb775272e537cc670c65dc852908ad47015244eaf,47220728,0x7feeb09d33df757e3e09caf51741913b1d3300eaf7ef6d1bac42390239d7f01a,-308602816568173182,-0.308603,515987020,515.9870,3238992786686755678905921,140108606749912409,115792089237316195423570985008687907853269984665640564039457584007913112660613,0,87717,algebra_v2
0xb775272e537cc670c65dc852908ad47015244eaf,47220792,0xc1626777f083f70950b4d0dec773c1031d675be2da006b0e083ca5ed73caf795,-490526870176570862,-0.490527,820357141,820.3571,3239456447647101742284371,140108606749912409,115792089237316195423570985008687907853269984665640564039457584007913112660616,0,139460,algebra_v2
0xb775272e537cc670c65dc852908ad47015244eaf,47220792,0xc03b2d478417af5724bf0c80158bb2bf88b5725b9a5c27de0699ccffc481454e,-57250219655735621,-0.057250,95760575,95.7606,3239510570951786939547648,140108606749912409,115792089237316195423570985008687907853269984665640564039457584007913112660616,0,16279,algebra_v2
0xb775272e537cc670c65dc852908ad47015244eaf,47220795,0x421fa85ee8187d75aecf1ca9d1d199b3659bcbd5d6be667a932c18d9035e5e02,-339683723513175624,-0.339684,568243699,568.2437,3239831738899366412291691,140108606749912409,115792089237316195423570985008687907853269984665640564039457584007913112660618,0,96601,algebra_v2
0xb775272e537cc670c65dc852908ad47015244eaf,47220800,0x080666cecd2293b72388caceae550fae8c438415f3221a69c6a78dfedd0fb967,-329553238631635414,-0.329553,551404493,551.4045,3240143274660677423885335,140305298020662176,115792089237316195423570985008687907853269984665640564039457584007913112660620,0,93738,algebra_v2
0xb775272e537cc670c65dc852908ad47015244eaf,47220800,0xf165d0c8d560cafd35a38805682d68ff9acc333b14b7a3dcba3cb1e8460332cc,-15845257696096648,-0.015845,26514766,26.5148,3240158239638832394797056,140305298020662176,115792089237316195423570985008687907853269984665640564039457584007913112660620,0,4507,algebra_v2
0xb775272e537cc670c65dc852908ad47015244eaf,47220862,0x01a54de9e86a4659a02b2c06d5e30f91af1adea33b7c3bc09d471d970c2025c3,-73821688941441588,-0.073822,123533231,123.5332,3240227962003596218125235,140305298020662176,115792089237316195423570985008687907853269984665640564039457584007913112660621,0,21000,algebra_v2
0xb775272e537cc670c65dc852908ad47015244eaf,47220862,0xbeae07cbdbfb2a5167b32394ed5060f2cc4e5577ae359bf94b80cf5853977ee4,-184844466429115294,-0.184844,309342094,309.3421,3240402555206051351756800,140305298020662176,115792089237316195423570985008687907853269984665640564039457584007913112660622,0,52588,algebra_v2
0xb775272e537cc670c65dc852908ad47015244eaf,47220874,0xa9f11e520817d73d6e2f1c1079d49f345109e4ab992b1b2d36b70716a59d939a,-25270986181431634,-0.025271,42294255,42.2943,3240426537303496399343310,139655032219482322,115792089237316195423570985008687907853269984665640564039457584007913112660622,0,7190,algebra_v2
0xb775272e537cc670c65dc852908ad47015244eaf,47220882,0xd6dc7a348b8668798841e139affde1e451c976a7dbc7f3b1e41b61f6f5857510,339472254511831713,0.339472,-567530629,-567.5306,3240105935306923966464924,140249934329420962,115792089237316195423570985008687907853269984665640564039457584007913112660620,57710283267011,0,algebra_v2
0xb775272e537cc670c65dc852908ad47015244eaf,47220882,0x7a40dc6b482a0d799234bf76ce93a6431dbab32c6496366686efc1147c5eb146,1078165470317110,0.001078,-1802301,-1.8023,3240104917174543366225920,140249934329420962,115792089237316195423570985008687907853269984665640564039457584007913112660620,183288129954,0,algebra_v2
0xb775272e537cc670c65dc852908ad47015244eaf,47220885,0x3bd957a06df4dd90b72bb7c4e3b7f9069fa1f69f9f716f06cc561b8ebf6c32a0,179296875000000000,0.179297,-299703483,-299.7035,3239935479241792914237146,140101552147974999,115792089237316195423570985008687907853269984665640564039457584007913112660619,30480468749999,0,algebra_v2
0xb775272e537cc670c65dc852908ad47015244eaf,47220886,0x16060c998e884aff975bf0b57e4d7f9f733e0d404ebd84e2b12e26bb1573a920,102187500000000000,0.102188,-170797371,-170.7974,3239838892432727263691699,140101552147974999,115792089237316195423570985008687907853269984665640564039457584007913112660618,17371875000000,0,algebra_v2
0xb775272e537cc670c65dc852908ad47015244eaf,47220891,0xfb371b7a6344b43b4cad7553a51672016c9bc29b6ce582c93282c718e93daa2c,206718750000000000,0.206719,-345480978,-345.4810,3239643521127758892751651,140101552147974999,115792089237316195423570985008687907853269984665640564039457584007913112660617,35142187500000,0,algebra_v2
0xb775272e537cc670c65dc852908ad47015244eaf,47220939,0xf27b26e25ce05cd28ed7340967422cdf2cfa3af233c8e49ffdc8ed0f5afe1b5c,159096085107740096,0.159096,-265862704,-265.8627,3239493174374183641439515,140101552147974999,115792089237316195423570985008687907853269984665640564039457584007913112660616,27046334468316,0,algebra_v2
0xb775272e537cc670c65dc852908ad47015244eaf,47220942,0x205aa5ce78c4bc8e2aa906b08891d8ffc91afaf9014133666e3bc6bd47b5c3b6,222267048358319808,0.222267,-371385287,-371.3853,3239283154046433808391690,140101552147974999,115792089237316195423570985008687907853269984665640564039457584007913112660615,37785398220914,0,algebra_v2
0xb775272e537cc670c65dc852908ad47015244eaf,47220942,0x1e83c356b68d01f7ba59d44dcaa22bf61fcc43628dcf7e66b04edfe8123329cd,89331737160812946,0.089332,-149250542,-149.2505,3239198752081712410263552,140101552147974999,115792089237316195423570985008687907853269984665640564039457584007913112660614,15186395317338,0,algebra_v2
0xb775272e537cc670c65dc852908ad47015244eaf,47220983,0x2e96c8f3ef95af9f7b3bc0b8e3aab859a555752ae667120af0ab86367e8121b8,333379809933599616,0.333380,-556923944,-556.9239,3238883808670194008560284,140101552147974999,115792089237316195423570985008687907853269984665640564039457584007913112660612,56674567688712,0,algebra_v2
0xb775272e537cc670c65dc852908ad47015244eaf,47217401,0x5f9611efb24e5b1133396db50f2debde3f37f3a7dc691a47c7ce9e785ecd00f9,-643166217031001229,-0.643166,1075351803,1075.3518,3239135391253519134818437,128452322043455376,115792089237316195423570985008687907853269984665640564039457584007913112660614,0,182809,algebra_v2
0xb775272e537cc670c65dc852908ad47015244eaf,47217401,0xaaea20c6bea6e932ef8cf91ecefcaa28de4562700b3fef09ecac634a2aee0d1b,-581484620108045593,-0.581485,972601317,972.6013,3239734982488967172995475,128452322043455376,115792089237316195423570985008687907853269984665640564039457584007913112660617,0,165342,algebra_v2
0xb775272e537cc670c65dc852908ad47015244eaf,47217401,0x46edb32a8ae66de36cf2fd0ecc661b87f0673775c1ccfc6c7f9b9f3fa2972d76,-79302899249010808,-0.079303,132671316,132.6713,3239816771970770336219136,128452322043455376,115792089237316195423570985008687907853269984665640564039457584007913112660618,0,22554,algebra_v2
0xb775272e537cc670c65dc852908ad47015244eaf,47217427,0x59715457ed7a9acbf94f8c0776075ef25bba9f62e69dd5d5272be07d29ec47f6,155244301912242560,0.155244,-259453029,-259.4530,3239656743825936593436623,128452322043455376,115792089237316195423570985008687907853269984665640564039457584007913112660617,26391531325081,0,algebra_v2
0xb775272e537cc670c65dc852908ad47015244eaf,47217462,0xc5d8ee3cd8a85cd79d920cda01087d4d6960d466098eff3469da019870d380b0,160764652121934848,0.160765,-268651937,-268.6519,3239491041882958337151792,128452322043455376,115792089237316195423570985008687907853269984665640564039457584007913112660616,27329990860729,0,algebra_v2
0xb775272e537cc670c65dc852908ad47015244eaf,47217462,0x27654226c0ac325764ee94ba1fb1e18d62f6bade221303b157f36eadd8cfa8c0,114843750000000000,0.114844,-191897225,-191.8972,3239372681511614664889377,128452322043455376,115792089237316195423570985008687907853269984665640564039457584007913112660615,19523437500000,0,algebra_v2
0xb775272e537cc670c65dc852908ad47015244eaf,47217464,0xbd0633e7f17d9fdfaea90693694e82effa618f99e6ed94fb6747f0673863642e,53527941517482400,0.053528,-89437285,-89.4373,3239317517450292995224569,128452322043455376,115792089237316195423570985008687907853269984665640564039457584007913112660615,9099750057972,0,algebra_v2
0xb775272e537cc670c65dc852908ad47015244eaf,47217468,0xbf0966b6f5241b003c879f940318a20c77ae99ecacbaefa0f53df1157d21c0f1,153314698915455712,0.153315,-256149364,-256.1494,3239159526974630844716339,128452322043455376,115792089237316195423570985008687907853269984665640564039457584007913112660614,26063498815627,0,algebra_v2
0xb775272e537cc670c65dc852908ad47015244eaf,47217479,0xe4beeb533c53eefdf454704ada148b3a86aea65f2e6d2722f6adaadd130e31d5,183083190124427040,0.183083,-305852111,-305.8521,3238970880320324422929907,128452322043455376,115792089237316195423570985008687907853269984665640564039457584007913112660613,31124142321152,0,algebra_v2
0xb775272e537cc670c65dc852908ad47015244eaf,47217481,0xd323e731d850d566af56cf4d39e4b4ddc97809d9623f73ad86ccc09035b0405f,157924890173264096,0.157925,-263794954,-263.7950,3238808174117789238280214,128452322043455376,115792089237316195423570985008687907853269984665640564039457584007913112660612,26847231329455,0,algebra_v2
0xb775272e537cc670c65dc852908ad47015244eaf,47217504,0x8fac6abdf5009d932b7ea5b8c75c290017bbf4489f53ec6a8f4855bcf6a4a8e8,-159032853130871022,-0.159033,265911622,265.9116,3238972103854579428443278,128452322043455376,115792089237316195423570985008687907853269984665640564039457584007913112660613,0,45205,algebra_v2
0xb775272e537cc670c65dc852908ad47015244eaf,47217505,0x574f22ebae298da91f4477e435967f2a5ebfce0908b7757174ff0a3130176f60,-160790169389244020,-0.160790,268877318,268.8773,3239137861889570498506739,128452322043455376,115792089237316195423570985008687907853269984665640564039457584007913112660614,0,45709,algebra_v2
0xb775272e537cc670c65dc852908ad47015244eaf,47217509,0x5c6c47724520573ca5a9c3b9a0e0db3ea9d4d98351ef4d95976fd4a189b28e51,-156387813309514932,-0.156388,261541990,261.5420,3239299097826862292866819,128452322043455376,115792089237316195423570985008687907853269984665640564039457584007913112660615,0,44462,algebra_v2
0xb775272e537cc670c65dc852908ad47015244eaf,47217511,0x4b067e8fa27145bf6c3f663fb7464058a75fdecc3520cc1fa70e20f0bd573ce2,-183411811979025522,-0.183412,306769932,306.7699,3239488215977696968857224,128452322043455376,115792089237316195423570985008687907853269984665640564039457584007913112660616,0,52150,algebra_v2
0xb775272e537cc670c65dc852908ad47015244eaf,47217519,0xe884cb8e4c20931d52e4ab22b4796fb38587112ec59613fe393b6d5db7897b87,-277470130058782760,-0.277470,464157573,464.1576,3239774360781063838588422,128452322043455376,115792089237316195423570985008687907853269984665640564039457584007913112660618,0,78906,algebra_v2
0xb775272e537cc670c65dc852908ad47015244eaf,47217519,0x50ea7d28d83ddac10cbcc5c942c6fc3e48a90eacbe30553742fb3538e0abbd0c,-9560896457778795,-0.009561,15995121,15.9951,3239784221485053272653824,128452322043455376,115792089237316195423570985008687907853269984665640564039457584007913112660618,0,2719,algebra_v2
0xb775272e537cc670c65dc852908ad47015244eaf,47217531,0xb877f7edea7bedc8aa4cbebd82483ae3e802d47590f8fc7e78f10fee4156737c,-155478486164743539,-0.155478,260124948,260.1249,3239944583841092962312639,128452322043455376,115792089237316195423570985008687907853269984665640564039457584007913112660619,0,44221,algebra_v2
0xb775272e537cc670c65dc852908ad47015244eaf,47217536,0x45fb9d1f501db66838f6f4c1549abb4db45c7522f965c6526220960739da990b,-300407918573345587,-0.300408,502673501,502.6735,3240253027465822608982860,129421933977836619,115792089237316195423570985008687907853269984665640564039457584007913112660621,0,85453,algebra_v2
0xb775272e537cc670c65dc852908ad47015244eaf,47217545,0x98225d42586d87b9cc4de8b4bbe15ff3bda10291e4afd156796ab0714e0f5db4,-36800333706545952,-0.036800,61584681,61.5847,3240290708879567237254046,129421933977836619,115792089237316195423570985008687907853269984665640564039457584007913112660621,0,10469,algebra_v2
0xb775272e537cc670c65dc852908ad47015244eaf,47217559,0x05655c9dadb5d28495caea3f6eb057fa64f32bcaf1b800db37f22e9aa060ae64,-158415804693302531,-0.158416,265122286,265.1223,3240452927510307814552175,129421933977836619,115792089237316195423570985008687907853269984665640564039457584007913112660622,0,45071,algebra_v2
0xb775272e537cc670c65dc852908ad47015244eaf,47217563,0x3f68454c625b8b004eda48e43f16f0b5673de3605c27c8af8e98ad7187ebd1e4,-352932463562754518,-0.352932,590757872,590.7579,3240814390648093971526746,129421933977836619,115792089237316195423570985008687907853269984665640564039457584007913112660624,0,100428,algebra_v2
0xb775272e537cc670c65dc852908ad47015244eaf,47217563,0x7c2118a7d1aa773ae8571e8eebe4e3c68e0efa3725fc6ef90aef8d7136172c2c,-71280091697895854,-0.071280,119328557,119.3286,3240887403427657596851984,129421933977836619,115792089237316195423570985008687907853269984665640564039457584007913112660625,0,20286,algebra_v2
0xb775272e537cc670c65dc852908ad47015244eaf,47217570,0x80abcae7837b77f52f5fa0d9433b5e9a477b3a6eea9bdfc6865e7562c25456af,256203849212532128,0.256204,-428451845,-428.4518,3240625118269223117367006,129421933977836619,115792089237316195423570985008687907853269984665640564039457584007913112660623,43554654366130,0,algebra_v2
0xb775272e537cc670c65dc852908ad47015244eaf,47217638,0x6121e0c3d1bbb6b32ccf2603e696ca4d9c1a3b7a4f5b08fc1c3284e8c2315f98,-379431923679276266,-0.379432,635186957,635.1870,3241013765939066354486327,129421933977836619,115792089237316195423570985008687907853269984665640564039457584007913112660625,0,107981,algebra_v2
0xb775272e537cc670c65dc852908ad47015244eaf,47217638,0x9800efe0f585d818a97ba3bd69973ad038e02a3d56c56f44cbf7d30eff8d534b,-18551888641036515,-0.018552,31060646,31.0606,3241032770811450298990592,129421933977836619,115792089237316195423570985008687907853269984665640564039457584007913112660625,0,5280,algebra_v2
0xb775272e537cc670c65dc852908ad47015244eaf,47217653,0x9a45a92ec5170d40e083b6623026f8b5c72cf76e525b9b23ddc4bda3189f242f,-262050373647300192,-0.262050,438778800,438.7788,3241301243512635479450370,129421933977836619,115792089237316195423570985008687907853269984665640564039457584007913112660627,0,74592,algebra_v2
0xb775272e537cc670c65dc852908ad47015244eaf,47217654,0xbaef92e0c311493c150409f7b1035780fd522df8ec3b84ee5f33220c605b6617,-165161054610688542,-0.165161,276584061,276.5841,3241470475184271875810949,129421933977836619,115792089237316195423570985008687907853269984665640564039457584007913112660628,0,47019,algebra_v2
0xb775272e537cc670c65dc852908ad47015244eaf,47217660,0x7f6dcfaa381cf43bf67dae3c4553329aec64804964da0cfc0ce1d0f7dfdadd61,-160321330877127711,-0.160321,268506928,268.5069,3241634764753872194839933,129421933977836619,115792089237316195423570985008687907853269984665640564039457584007913112660629,0,45646,algebra_v2
0xb775272e537cc670c65dc852908ad47015244eaf,47217667,0x28860f0748f33e7c49f54ac3419f38cc3f66f38ca442375c32dbacb827ce818a,-206223442360626226,-0.206223,345424029,345.4240,3241846119993544441956816,129419641414286923,115792089237316195423570985008687907853269984665640564039457584007913112660631,0,58722,algebra_v2
0xb775272e537cc670c65dc852908ad47015244eaf,47217668,0xda0c560d8f077c4a9ad4efebbf22335763d3763a6d85f3738ee3e59438447807,-66722915143910465,-0.066723,111770452,111.7705,3241914509456156777250816,129419641414286923,115792089237316195423570985008687907853269984665640564039457584007913112660631,0,19001,algebra_v2
0xb775272e537cc670c65dc852908ad47015244eaf,47217671,0xf949d5d053c3f68220f0a348f8f40776ed86071193ad9655106b0ee0ddab84da,-475648147841242410,-0.475648,796915506,796.9155,3242402121548376340545451,129419641414286923,115792089237316195423570985008687907853269984665640564039457584007913112660634,0,135475,algebra_v2
0xb775272e537cc670c65dc852908ad47015244eaf,47217681,0x04f7c6cde24b19d6faa0b5d999e5f9d64c5943a30ec70a82efcab7f8c19acc72,-150554721335173059,-0.150555,252293952,252.2940,3242556493725714175572011,129419641414286923,115792089237316195423570985008687907853269984665640564039457584007913112660635,0,42889,algebra_v2
0xb775272e537cc670c65dc852908ad47015244eaf,47217683,0x96ad88d0834a1ef485d07ef4f97449e2a12da61c71a6aeec6ca07a07dda25664,-227765747934052981,-0.227766,381726960,381.7270,3242790062629851233231397,129419641414286923,115792089237316195423570985008687907853269984665640564039457584007913112660636,0,64893,algebra_v2
0xb775272e537cc670c65dc852908ad47015244eaf,47217685,0x6c25af2519a3cea4a0daa1be51b4fc4454de572e470546354e4753aea7ed82f7,-72331500107803690,-0.072332,121236422,121.2364,3242864244076407309498250,129419641414286923,115792089237316195423570985008687907853269984665640564039457584007913112660637,0,20610,algebra_v2
0xb775272e537cc670c65dc852908ad47015244eaf,47217711,0x485b3b17218cf9fd0f4c4a8ed6d3668ac1c8d12ef6730bae5afa95ea8e62beb8,367544500372015040,0.367545,-615376123,-615.3761,3242487522900513944239577,129419641414286923,115792089237316195423570985008687907853269984665640564039457584007913112660634,62482565063242,0,algebra_v2
0xb775272e537cc670c65dc852908ad47015244eaf,47217714,0xc37ed75440228fe0987fd4bf735a849bd6edb8859c21043b90849ccdf7283af0,153108506559437248,0.153109,-256305875,-256.3059,3242330617477577285025560,129419641414286923,115792089237316195423570985008687907853269984665640564039457584007913112660634,26028446115104,0,algebra_v2
0xb775272e537cc670c65dc852908ad47015244eaf,47217717,0x015c53f6d409e4328a1a625b60648aa9d3a5a1c5c009812bd8a432bcd5e72762,-8795938669692666,-0.008796,14738594,14.7386,3242339677399956864985987,128823157661549632,115792089237316195423570985008687907853269984665640564039457584007913112660634,0,2505,algebra_v2
0xb775272e537cc670c65dc852908ad47015244eaf,47217718,0x5a0ae3efba0f15f4a237e39d8e393a688a7f493e6611500240aaf678067acd15,181535120398121472,0.181535,-303862001,-303.8620,3242153668419451954929285,129426159978872792,115792089237316195423570985008687907853269984665640564039457584007913112660632,30860970467680,0,algebra_v2
0xb775272e537cc670c65dc852908ad47015244eaf,47217718,0x7db515df5573d95dcc1afd70c75c40d43842e0de218b30b36e627b500ef1a8b9,193689361335935584,0.193689,-324167899,-324.1679,3241955229193598003582060,129426159978872792,115792089237316195423570985008687907853269984665640564039457584007913112660631,32927191427109,0,algebra_v2
0xb775272e537cc670c65dc852908ad47015244eaf,47217718,0x8c1338b519e61268d4ff98ef6152c730b13f2efd07ed00283c6f99ec7ce4517b,176651577632977000,0.176652,-295618041,-295.6180,3241774266749777445760365,129426159978872792,115792089237316195423570985008687907853269984665640564039457584007913112660630,30030768197606,0,algebra_v2
0xb775272e537cc670c65dc852908ad47015244eaf,47217720,0x3ab9b4d24b1a4e936b47fbb777a6e3d3d7368aedabc3c6bef2e27f2cfee83153,170554039611305472,0.170554,-285382789,-285.3828,3241599595134062313634690,129465993134218164,115792089237316195423570985008687907853269984665640564039457584007913112660629,28994186733922,0,algebra_v2
0xb775272e537cc670c65dc852908ad47015244eaf,47217727,0x98a6e9e578536504f94b41a7422ea90cfdbc73f9a9cfa7cd7bcc01650ee5a754,157776752522605088,0.157777,-263975571,-263.9756,3241438052330414200495324,129465993134218164,115792089237316195423570985008687907853269984665640564039457584007913112660628,26822047928843,0,algebra_v2
0xb775272e537cc670c65dc852908ad47015244eaf,47217729,0x3ac6270e660dbb10c674903cdd85df89e5e681ffa05de1135d053be86bbbf3cc,222440769978721824,0.222441,-372119956,-372.1200,3241210329361259881406766,129465993134218164,115792089237316195423570985008687907853269984665640564039457584007913112660627,37814930896382,0,algebra_v2
0xb775272e537cc670c65dc852908ad47015244eaf,47217730,0xe4725cfbaf640768770528fd6bbbf9311bc03840b5cf7a0ed7997f788147d1b4,92343750000000000,0.092344,-154466000,-154.4660,3241115802164916653787144,129465993134218164,115792089237316195423570985008687907853269984665640564039457584007913112660626,15698437500000,0,algebra_v2
0xb775272e537cc670c65dc852908ad47015244eaf,47217731,0x8c4fe02c4fccaa1a50fa94d7a7378e3ae4dadf837ba1c6893632c82319229b12,153867187500000000,0.153867,-257357980,-257.3580,3240958309070628503770149,129465993134218164,115792089237316195423570985008687907853269984665640564039457584007913112660625,26157421875000,0,algebra_v2
0xb775272e537cc670c65dc852908ad47015244eaf,47217733,0xad931d312b6acfdeaa95a2671dc6f491e2a335308618f490fd154633755c846d,186236517525322240,0.186237,-311465407,-311.4654,3240767704330740381796894,129465993134218164,115792089237316195423570985008687907853269984665640564039457584007913112660624,31660207979305,0,algebra_v2
0xb775272e537cc670c65dc852908ad47015244eaf,47217750,0xfe934a227772a2b8126cd9d5ef649535af879d33c9b47380d4ccdbca8a18de19,-151223637754933556,-0.151224,253159524,253.1595,3240922550670874748632983,129465993134218164,115792089237316195423570985008687907853269984665640564039457584007913112660625,0,43037,algebra_v2
0xb775272e537cc670c65dc852908ad47015244eaf,47217797,0xc3fca89b19d7b13a252373dd4fe8f6368dd2c5316ec8062b4721cd5d1b235a25,-119869158636347113,-0.119869,200687003,200.6870,3241045301920009924907237,129465993134218164,115792089237316195423570985008687907853269984665640564039457584007913112660626,0,34116,algebra_v2
0xb775272e537cc670c65dc852908ad47015244eaf,47217798,0x64a6a6e4e508036c994cf4f822b4cd4674dfa65ac483f37ce92ff24056c0861e,-157530999896883611,-0.157531,263764222,263.7642,3241206634678463751786325,129465993134218164,115792089237316195423570985008687907853269984665640564039457584007913112660627,0,44840,algebra_v2
0xb775272e537cc670c65dc852908ad47015244eaf,47217816,0x2fbc51182422cfa21fc406ef92739db569023d950222aa70ac7ced57b53ec263,29697263202543934,0.029697,-49676320,-49.6763,3241176234698264865824869,129465993134218164,115792089237316195423570985008687907853269984665640564039457584007913112660626,5048534744432,0,algebra_v2
0xb775272e537cc670c65dc852908ad47015244eaf,47217868,0xabf8ef846c00b94eab09c25a3c0ddead67a65a313290a99fcafef77a17baa6cc,159816487221208064,0.159816,-267318233,-267.3182,3241012646315244203791174,129465993134218164,115792089237316195423570985008687907853269984665640564039457584007913112660625,27168802827605,0,algebra_v2
0xb775272e537cc670c65dc852908ad47015244eaf,47217868,0x174465c77445c9a1af5d41148c2a3596036dd323cf72b986462d4dec4bb204ab,47975284058273600,0.047975,-80240949,-80.2409,3240963541968969667139043,129465993134218164,115792089237316195423570985008687907853269984665640564039457584007913112660625,8155798289906,0,algebra_v2
0xb775272e537cc670c65dc852908ad47015244eaf,47217869,0x7d4f34f5ae411f7910d87852f8414860fd25e7def14694fd12973b614f66d44f,263407861668362496,0.263408,-440518882,-440.5189,3240693961511573865692115,129465993134218164,115792089237316195423570985008687907853269984665640564039457584007913112660623,44779336483621,0,algebra_v2
0xb775272e537cc670c65dc852908ad47015244eaf,47217869,0x2090d9eedaf75dc2ecc1c64577c5fdfc70c07215118a428a5703737ea23e5350,12437289981388026,0.012437,-20798103,-20.7981,3240681233879806959943680,129465993134218164,115792089237316195423570985008687907853269984665640564039457584007913112660623,2114339296836,0,algebra_v2
0xb775272e537cc670c65dc852908ad47015244eaf,47217920,0x0de5ba86b5823b3593a64079d2eb00e2ffe827ef37dcadd042d7e70d9a73955f,-160204995362075613,-0.160205,268181428,268.1814,3240845268445666547194084,129465993134218164,115792089237316195423570985008687907853269984665640564039457584007913112660624,0,45590,algebra_v2
0xb775272e537cc670c65dc852908ad47015244eaf,47217920,0x26497b360b1d06775969a2725507ef860adab788e85f5eb27694dc178e9a39fc,-175417728232483892,-0.175418,293678519,293.6785,3241024898439643322736003,129465993134218164,115792089237316195423570985008687907853269984665640564039457584007913112660625,0,49925,algebra_v2
0xb775272e537cc670c65dc852908ad47015244eaf,47217980,0x7d47a7db5ee9f7ee59386cbec4189f70a788c13fd7cbf27ca94601c192eb6665,-186750774286139184,-0.186751,312687707,312.6877,3241216155502746359905838,129465993134218164,115792089237316195423570985008687907853269984665640564039457584007913112660627,0,53156,algebra_v2
0xb775272e537cc670c65dc852908ad47015244eaf,47218071,0xe733993209e309bbe033d7aacab47fe3d9888a729b600815d954c57569846e1c,-252904363468114190,-0.252904,423511351,423.5114,3241475198424311979153021,129465993134218164,115792089237316195423570985008687907853269984665640564039457584007913112660628,0,71997,algebra_v2
0xb775272e537cc670c65dc852908ad47015244eaf,47218078,0x06df95f926c1b242b7b26330985e76eb4e079f1d4a37c5b8e6122aa2e7ebb879,-185991725263464905,-0.185992,311503256,311.5033,3241665731011659064436258,129465993134218164,115792089237316195423570985008687907853269984665640564039457584007913112660629,0,52955,algebra_v2
0xb775272e537cc670c65dc852908ad47015244eaf,47218177,0x79560eea04208c8fd9ae65b88a73649f0a7b4a7c6cac13590510c5e55897e174,-166119043962903061,-0.166119,278250045,278.2500,3241824906393517472174605,138423251225412521,115792089237316195423570985008687907853269984665640564039457584007913112660630,0,47302,algebra_v2
0xb775272e537cc670c65dc852908ad47015244eaf,47218251,0xefabb77799563d4f1869b8b7ebba10a50ad9ff06c92ef7c3f81279684ff0a15e,229195862324228320,0.229196,-383513013,-383.5130,3241605420247681093242185,138463084380757893,115792089237316195423570985008687907853269984665640564039457584007913112660629,38963296595118,0,algebra_v2
0xb775272e537cc670c65dc852908ad47015244eaf,47218260,0xc1a63984adaf4deedde80c007ba93abac3cd186f608656f03aba7e07e3b48f61,167859640899076672,0.167860,-280846289,-280.8463,3241444720841404125022614,138463084380757893,115792089237316195423570985008687907853269984665640564039457584007913112660628,28536138952843,0,algebra_v2
0xb775272e537cc670c65dc852908ad47015244eaf,47218262,0x4626425b5f4570db23ef483e8ae3eac08b359184f3a18e10a4aa50a2b12fcb77,174428800923304544,0.174429,-291807663,-291.8077,3241277749369399140490053,138463084380757893,115792089237316195423570985008687907853269984665640564039457584007913112660627,29652896156962,0,algebra_v2
0xb775272e537cc670c65dc852908ad47015244eaf,47218262,0xa22ad2d51ba503f1980f0b493ca3e57ce16e6c4e9c2be71803a5705eaf30387a,171062570264724128,0.171063,-286146989,-286.1470,3241114016918369309257690,138463084380757893,115792089237316195423570985008687907853269984665640564039457584007913112660626,29080636945003,0,algebra_v2
0xb775272e537cc670c65dc852908ad47015244eaf,47218263,0x0b4576a53cd8655dc6ce0a48bd0fbb8233d9b88824ea5fcd8c2bd8f13435d5b3,150768369925145760,0.150768,-252175652,-252.1757,3240969722764674730037405,138463084380757893,115792089237316195423570985008687907853269984665640564039457584007913112660625,25630622887274,0,algebra_v2
0xb775272e537cc670c65dc852908ad47015244eaf,47218273,0x2d08475b9ce387b773db653e8dfde1323712e1c3352efb99767817638255065e,150225671201314752,0.150226,-251245601,-251.2456,3240825960783496211333631,138463084380757893,115792089237316195423570985008687907853269984665640564039457584007913112660624,25538364104223,0,algebra_v2
0xb775272e537cc670c65dc852908ad47015244eaf,47218275,0x9b600581658099c49d110b6516115e2c922ea6be9fc9c58e1ba3fc295c8de455,154313481667164960,0.154313,-258059072,-258.0591,3240678300154762092339577,138463084380757893,115792089237316195423570985008687907853269984665640564039457584007913112660623,26233291883418,0,algebra_v2
0xb775272e537cc670c65dc852908ad47015244eaf,47218275,0x0816eb1e55305ad06e09d4ab06fd4d368ec763452e4eb05d63ea537c3cfe1b25,165253475417812576,0.165253,-276327994,-276.3280,3240520186103278958816569,138463084380757893,115792089237316195423570985008687907853269984665640564039457584007913112660622,28093090821028,0,algebra_v2
0xb775272e537cc670c65dc852908ad47015244eaf,47218284,0x2222cd2f1475d3231b8f9871f4e4db5dc61184868facf954cfbd390cb882a98b,163248029075253472,0.163248,-272948120,-272.9481,3240364006005556222892083,138463084380757893,115792089237316195423570985008687907853269984665640564039457584007913112660621,27752164942793,0,algebra_v2
0xb775272e537cc670c65dc852908ad47015244eaf,47218290,0x9007b2215e5c4d2d7b71941703020c27f50657f7234290d0cf393ce1141e8419,156865636437204128,0.156866,-262252075,-262.2521,3240213946153058596564338,138463084380757893,115792089237316195423570985008687907853269984665640564039457584007913112660620,26667158194325,0,algebra_v2
0xb775272e537cc670c65dc852908ad47015244eaf,47218291,0xc263111fc17b9e3f25a484a531bc08b60b6cd233f59124ba902e00db5f089cb0,73593020385819525,0.073593,-123026366,-123.0264,3240143550834427237868718,138463084380757893,115792089237316195423570985008687907853269984665640564039457584007913112660620,12510813465589,0,algebra_v2
0xb775272e537cc670c65dc852908ad47015244eaf,47218291,0x4d8fa6e57fbd686f82ceb8cda04ede9601a32faaa6654caeba6f5f304cd21516,172031250000000000,0.172031,-287565897,-287.5659,3239978393614693731587728,137442262363071463,115792089237316195423570985008687907853269984665640564039457584007913112660619,29245312499999,0,algebra_v2
0xb775272e537cc670c65dc852908ad47015244eaf,47218298,0xb87fd360c3d95b6057ebd00b498a789a4eb69a7424f832ea6ca127d93d2e5423,138750000000000000,0.138750,-231911845,-231.9118,3239844708756549210029092,137442262363071463,115792089237316195423570985008687907853269984665640564039457584007913112660618,23587500000000,0,algebra_v2
0xb775272e537cc670c65dc852908ad47015244eaf,47218304,0xbd9e5b39b65b98135ab4b4296b35e153bb9f2357aefdde8b0e666bf83eae5eb4,336307318233552820,0.336307,-562036998,-562.0370,3239520724285673555108089,137442262363071463,115792089237316195423570985008687907853269984665640564039457584007913112660616,57172244099704,0,algebra_v2
0xb775272e537cc670c65dc852908ad47015244eaf,47218316,0xe0221d8ef0ebd9d6259f18c9a1406dc915315bfe1648be6f7aa47b155559cdc6,13308641591752881,0.013309,-22239097,-22.2391,3239507844602301031977186,136801719453952627,115792089237316195423570985008687907853269984665640564039457584007913112660616,2262469070598,0,algebra_v2
0xb775272e537cc670c65dc852908ad47015244eaf,47218332,0xd730f721626691bcf53b503b870256c3c6f2ad0648ccfdfbcec65390cbeb397c,170093303710464160,0.170093,-284214970,-284.2150,3239343973886348987829494,137412165119530553,115792089237316195423570985008687907853269984665640564039457584007913112660615,28915861630779,0,algebra_v2
0xb775272e537cc670c65dc852908ad47015244eaf,47218332,0x127ec56aa92c6d5856b601f6831ebc3bf03c7180505fb88d532a73f106aeee1e,158568074080534080,0.158568,-264931156,-264.9312,3239191221699332922561027,137412165119530553,115792089237316195423570985008687907853269984665640564039457584007913112660614,26956572593691,0,algebra_v2
0xb775272e537cc670c65dc852908ad47015244eaf,47218333,0xce9b8a7982b82646144dca537f535787bbce578a7f9196fa4fb42d02de07ffa2,155202518557383072,0.155203,-259283884,-259.2839,3239041725577636903419862,137412165119530553,115792089237316195423570985008687907853269984665640564039457584007913112660613,26384428154755,0,algebra_v2
0xb775272e537cc670c65dc852908ad47015244eaf,47218334,0x71bff4f43c52314faf9fab9985001b605413aa81e6f237830e64d6697a6f7d83,238890385680299776,0.238890,-399047447,-399.0474,3238811645540629821745720,137412165119530553,115792089237316195423570985008687907853269984665640564039457584007913112660612,40611365565651,0,algebra_v2
0xb775272e537cc670c65dc852908ad47015244eaf,47218334,0x3b4bf8877b0475e75b1c56b1261fac6f4c184350b73a9eb5b3f940f43555a8dd,151911851231457792,0.151912,-253727216,-253.7272,3238665353244725018103292,137412165119530553,115792089237316195423570985008687907853269984665640564039457584007913112660611,25825014709347,0,algebra_v2
0xb775272e537cc670c65dc852908ad47015244eaf,47218335,0x31aa9ec1992c50713956945be5948f30dfc17169a7801f59d2338b88832897f4,159777754700375104,0.159778,-266840326,-266.8403,3238511500281609126418443,137412165119530553,115792089237316195423570985008687907853269984665640564039457584007913112660610,27162218299063,0,algebra_v2
0xb775272e537cc670c65dc852908ad47015244eaf,47218336,0xe0feb10fcc0011d70ee8ef28a698352871c898258bc4637457275646368cd33c,114609375000000000,0.114609,-191390270,-191.3903,3238400995794364748069413,136895811620994149,115792089237316195423570985008687907853269984665640564039457584007913112660609,19483593749999,0,algebra_v2
0xb775272e537cc670c65dc852908ad47015244eaf,47218337,0xf26019d72195e71210af916ed0ee638bf4ca7c634bf5b67a79b0416bc1d16e9f,152535850566313920,0.152536,-254704746,-254.7047,3238253585958925752066325,136895811620994149,115792089237316195423570985008687907853269984665640564039457584007913112660608,25931094596273,0,algebra_v2
0xb775272e537cc670c65dc852908ad47015244eaf,47218338,0x9e4ed539b11c3d38e6fd9a1403301e420653855b308c7325433dc4299aa0fa66,164177759025859584,0.164178,-274118525,-274.1185,3238094940439729433210233,136895811620994149,115792089237316195423570985008687907853269984665640564039457584007913112660607,27910219034396,0,algebra_v2
0xb775272e537cc670c65dc852908ad47015244eaf,47218340,0xbdcea44774ec6a665d645b214c4a4d904f6c7cd64e558247de8e0a67fdd7d5ce,218287228402889920,0.218287,-364420521,-364.4205,3237884032830551599602983,136895811620994149,115792089237316195423570985008687907853269984665640564039457584007913112660606,37108828828491,0,algebra_v2
0xb775272e537cc670c65dc852908ad47015244eaf,47218340,0xec252e4a4241c7d209244fb87741f8dfee013bc5c7a9541d1b57e6ce56f9c28e,75377382737822478,0.075377,-125828058,-125.8281,3237811210106561598849024,136895811620994149,115792089237316195423570985008687907853269984665640564039457584007913112660606,12814155065430,0,algebra_v2
0xb775272e537cc670c65dc852908ad47015244eaf,47218341,0x55d84154888d93128157414dde65d948b5efc172a94e9de9780c9e4a76f3bd92,208073784582437696,0.208074,-347309833,-347.3098,3237610205272109190443488,136895811620994149,115792089237316195423570985008687907853269984665640564039457584007913112660604,35372543379014,0,algebra_v2
0xb775272e537cc670c65dc852908ad47015244eaf,47218359,0xd141d53c7fd37e9af831858d7231c1270607efb5284756c2b057f722132695bf,154098605201322368,0.154099,-257188468,-257.1885,3237461357987839441119452,136895811620994149,115792089237316195423570985008687907853269984665640564039457584007913112660603,26196762884225,0,algebra_v2
0xb775272e537cc670c65dc852908ad47015244eaf,47218360,0xbeba8fc6f2db83d96e5c18e4161b5c2ab956baf10f492024022077b624e23c5e,375832173968612160,0.375832,-627159608,-627.1596,3237098390685909635848314,136895811620994149,115792089237316195423570985008687907853269984665640564039457584007913112660601,63891469574664,0,algebra_v2
0xb775272e537cc670c65dc852908ad47015244eaf,47218360,0x6dcaf7f6bc5132906f75ccced7a9138ca7006e6148ccaa79e4141baac73ba682,164064704811426944,0.164065,-273734374,-273.7344,3236939967493663673566924,136895811620994149,115792089237316195423570985008687907853269984665640564039457584007913112660600,27890999817942,0,algebra_v2
0xb775272e537cc670c65dc852908ad47015244eaf,47218387,0x23ce91f40301e8ac208de3e4c635332de20df05d774e33dd34214721f9d16742,196289349871879840,0.196289,-327464537,-327.4645,3236751356050173642286845,138624877707762555,115792089237316195423570985008687907853269984665640564039457584007913112660599,33369189478219,0,algebra_v2
0xb775272e537cc670c65dc852908ad47015244eaf,47218388,0x097a7bd6e5d770fb47e95d531c51711d24428aa709a4957a6139cad64bd4cace,285979560928055168,0.285980,-477024539,-477.0245,3236478722606931971398791,138624877707762555,115792089237316195423570985008687907853269984665640564039457584007913112660597,48616525357769,0,algebra_v2
0xb775272e537cc670c65dc852908ad47015244eaf,47218389,0x79f6d87921274388dd522a525d71223e49457a46ab393ae515ed1b9e018db3b7,158294162274266112,0.158294,-264005998,-264.0060,3236327835475426863054954,138624877707762555,115792089237316195423570985008687907853269984665640564039457584007913112660596,26910007586625,0,algebra_v2
0xb775272e537cc670c65dc852908ad47015244eaf,47218389,0x0b0b03f3f54bc7669d31eaea17969bbb14f57c8a7e7d4f64ab5aa24f3dc374fb,559064968370837791,0.559065,-932222164,-932.2222,3235795043307058473467904,138624877707762555,115792089237316195423570985008687907853269984665640564039457584007913112660593,95041044623042,0,algebra_v2
0xb775272e537cc670c65dc852908ad47015244eaf,47218395,0x0eb6e9dc50b6c7add0892482c76d1cc37243699e83622a5d0cdcd00ca7817c3c,-275240122433630698,-0.275240,459374630,459.3746,3236057458038698965040867,138624877707762555,115792089237316195423570985008687907853269984665640564039457584007913112660595,0,78093,algebra_v2
0xb775272e537cc670c65dc852908ad47015244eaf,47218415,0x444a05030590e3aab3fae0e6088bf9ab21ae9e076aa302f904e59093e3ecdce9,126679687500000000,0.126680,-211225750,-211.2258,3235936736359245898758228,138624877707762555,115792089237316195423570985008687907853269984665640564039457584007913112660594,21535546875000,0,algebra_v2
0xb775272e537cc670c65dc852908ad47015244eaf,47218417,0xab4d99f52a8aea77ccc2f986c48a5515c0b5cf5c218723c97262dd0dec59f8fa,152225305317224800,0.152225,-253799674,-253.7997,3235791682439460807496106,138624877707762555,115792089237316195423570985008687907853269984665640564039457584007913112660593,25878301903928,0,algebra_v2
0xb775272e537cc670c65dc852908ad47015244eaf,47218438,0xaded155a92e568e189dcc97138e232ed788a8156b391ca682b576ee962da41b0,-88934172274811878,-0.088934,148422312,148.4223,3235876467707137196965152,138624877707762555,115792089237316195423570985008687907853269984665640564039457584007913112660594,0,25232,algebra_v2
0xb775272e537cc670c65dc852908ad47015244eaf,47218441,0xc3731bc99f4af6c95ef7e1992bb1d6e9666c719762ea7a9d9a357bb8fff7638c,-184673737277899658,-0.184674,308226994,308.2270,3236052540347246806107919,138624877707762555,115792089237316195423570985008687907853269984665640564039457584007913112660595,0,52398,algebra_v2
0xb775272e537cc670c65dc852908ad47015244eaf,47218464,0x848d68de5488a36e68cf64c99138aabc18587b51e387338a682844a7aa574e64,92109375000000000,0.092109,-153584297,-153.5843,3235964762440067718851194,138624877707762555,115792089237316195423570985008687907853269984665640564039457584007913112660594,15658593750000,0,algebra_v2
0xb775272e537cc670c65dc852908ad47015244eaf,47218464,0x15c2a915bbbeb4faa07bbed69c710869393f35c8fba1f2575fd0550f53d7e6a4,16604533006765278,0.016605,-27685714,-27.6857,3235948866745152706737963,137992599499325247,115792089237316195423570985008687907853269984665640564039457584007913112660594,2822770611150,0,algebra_v2
0xb775272e537cc670c65dc852908ad47015244eaf,47218473,0x0e7d25fa191756779b4faecfb85a0e498732a86ca41698f3cbdf72274c3c5781,31867112779111307,0.031867,-53133151,-53.1332,3235918493521204958316155,138597138628001363,115792089237316195423570985008687907853269984665640564039457584007913112660594,5417409172449,0,algebra_v2
0xb775272e537cc670c65dc852908ad47015244eaf,47218540,0xcaa5bd89adcef6a923a930182339c7bb451d8ae82b0d763e6e278f43d62e29ae,-182265478306767868,-0.182265,304215214,304.2152,3236092309239301557655156,138597138628001363,115792089237316195423570985008687907853269984665640564039457584007913112660595,0,51716,algebra_v2
0xb775272e537cc670c65dc852908ad47015244eaf,47218547,0x0b2c8af0f56cef89d653b0d0e53ca872d6831d5cf9d96c42fe32c6fa21da61be,-666415786751789974,-0.666416,1112577865,1112.5779,3236727989218086461987470,138597138628001363,115792089237316195423570985008687907853269984665640564039457584007913112660599,0,189138,algebra_v2
0xb775272e537cc670c65dc852908ad47015244eaf,47218628,0x3c7fb6bc856cdb0c864adaf38a8b42e0702b88e15ea5321e5e49ecff81bc5058,100193619303103798,0.100194,-167133413,-167.1334,3236632448477691808503045,138597138628001363,115792089237316195423570985008687907853269984665640564039457584007913112660598,17032915281527,0,algebra_v2
0xb775272e537cc670c65dc852908ad47015244eaf,47218629,0xa321743d98eae51727acd19feca200c46c164b1539d24b68a4faea6674da11d6,160834090733851552,0.160834,-268267417,-268.2674,3236479095134397362286912,138597138628001363,115792089237316195423570985008687907853269984665640564039457584007913112660597,27341795424754,0,algebra_v2
0xb775272e537cc670c65dc852908ad47015244eaf,47218675,0x4cf93d4f4c067ea7e5256efdd1770d35d2eb289c095d06f89fcc2bb22417ab79,158290772080710496,0.158291,-264000402,-264.0004,3236328181002791880218736,138597138628001363,115792089237316195423570985008687907853269984665640564039457584007913112660596,26909431253721,0,algebra_v2
0xb775272e537cc670c65dc852908ad47015244eaf,47218676,0xa602c5162e3036ac19381a4a53b0e608605e63e4c6bdc438b1411be053e7bec6,124687500000000000,0.124688,-207938883,-207.9389,3236209314078257124396871,138597138628001363,115792089237316195423570985008687907853269984665640564039457584007913112660596,21196875000000,0,algebra_v2
0xb775272e537cc670c65dc852908ad47015244eaf,47218678,0x2749b36da7c68e4d85f88d6f966fa205289b05f6221cf467bb2eafe59d5d8b48,339514148827407266,0.339514,-566123631,-566.1236,3235885693146849298684431,138597138628001363,115792089237316195423570985008687907853269984665640564039457584007913112660594,57717405300659,0,algebra_v2
0xb775272e537cc670c65dc852908ad47015244eaf,47218701,0xfab4bedfc1ce77486d12f90de6d39288d13247cdbd128fbb4fe12e7d686743cf,195505340597475488,0.195505,-325944451,-325.9445,3235699369098378436046115,138597138628001363,115792089237316195423570985008687907853269984665640564039457584007913112660593,33235907901570,0,algebra_v2
0xb775272e537cc670c65dc852908ad47015244eaf,47218701,0xf29824e2bcfb00abfe0a2fcd9f7617740415f0f36b294fb9d170e1b8b6fa4ec5,100608989315320729,0.100609,-167719622,-167.7196,3235603493255157653700608,138597138628001363,115792089237316195423570985008687907853269984665640564039457584007913112660592,17103528183604,0,algebra_v2
0xb775272e537cc670c65dc852908ad47015244eaf,47218726,0x5d57b6e3618eb5a84de2dd147abc30b8f0e986c2b2dd563627cfae2354bc2d1a,332645650523137280,0.332646,-554464220,-554.4642,3235286537351146762164972,138597138628001363,115792089237316195423570985008687907853269984665640564039457584007913112660590,56549760588933,0,algebra_v2
0xb775272e537cc670c65dc852908ad47015244eaf,47218757,0x64ecc876a78ac06310aa483b0fabefc3271334ff07f3e4e82c9612922c4208d6,-152836276534394647,-0.152836,254993753,254.9938,3235432230006490589771150,138597138628001363,115792089237316195423570985008687907853269984665640564039457584007913112660591,0,43348,algebra_v2
0xb775272e537cc670c65dc852908ad47015244eaf,47218813,0xf8179899f34204a255dfe5a839b7afb594cc231c958c13efe3f3615e799e2f7a,-253562701074015130,-0.253563,423097507,423.0975,3235673970043385228175638,138597138628001363,115792089237316195423570985008687907853269984665640564039457584007913112660592,0,71926,algebra_v2
0xb775272e537cc670c65dc852908ad47015244eaf,47218818,0xdd9f7c5f20bccb8e1ba9f09786eedac2c31ed5b9f8c5d8218f18c0e25c1ef829,-6661585011399829,-0.006662,11116447,11.1164,3235680321511019091287055,138597138628001363,115792089237316195423570985008687907853269984665640564039457584007913112660592,0,1890,algebra_v2
0xb775272e537cc670c65dc852908ad47015244eaf,47218820,0xc725884fbd1968dd62ce74ac378553c85a82cc323370ea0ff6e5595df7396142,-350561480321855900,-0.350561,585057173,585.0572,3236014598457181583852271,138597138628001363,115792089237316195423570985008687907853269984665640564039457584007913112660595,0,99459,algebra_v2
0xb775272e537cc670c65dc852908ad47015244eaf,47218825,0xcdc841bdac99bc8c1dd60841575a74add4720eaaa842e2bdfe4653cb18bf945c,-335487370401347785,-0.335487,560012981,560.0130,3236334566210251090309609,138597138628001363,115792089237316195423570985008687907853269984665640564039457584007913112660596,0,95202,algebra_v2
0xb775272e537cc670c65dc852908ad47015244eaf,47218826,0xdabd735d9cf53621f2f0795ec86f92664f88369764c9a01254f6912759246fb3,-247045408223184545,-0.247045,412451860,412.4519,3236570223774394692354345,138597138628001363,115792089237316195423570985008687907853269984665640564039457584007913112660598,0,70116,algebra_v2
0xb775272e537cc670c65dc852908ad47015244eaf,47218826,0x1ba9f635f6321fecdf7f2e0f9f84999d7e066374aad3a79593cc93f58f5c0514,-32400366624501508,-0.032400,54098122,54.0981,3236601133154313017753600,138597138628001363,115792089237316195423570985008687907853269984665640564039457584007913112660598,0,9197,algebra_v2
0xb775272e537cc670c65dc852908ad47015244eaf,47218826,0xf86b57bee81289be5b645ddef37784ad1f08621528d922ecff40ef351fc535b3,-39359199946454945,-0.039359,65718510,65.7185,3236638681933026384936960,138597138628001363,115792089237316195423570985008687907853269984665640564039457584007913112660598,0,11172,algebra_v2
0xb775272e537cc670c65dc852908ad47015244eaf,47218826,0x21c2f8f1f724ee3ca28c2f8070a131b300fae3f3a61eb3873bde68bf0ff61182,-99013067712931361,-0.099013,165330000,165.3300,3236733144508820024015726,138597138628001363,115792089237316195423570985008687907853269984665640564039457584007913112660599,0,28106,algebra_v2
0xb775272e537cc670c65dc852908ad47015244eaf,47218836,0xdb8b1f87b7843c99931b8c4dc94bf30c90290dc154a92e45a63f1d782d78340d,-168084262276058574,-0.168084,280685804,280.6858,3236894404289226908683634,136868072541232957,115792089237316195423570985008687907853269984665640564039457584007913112660600,0,47716,algebra_v2
0xb775272e537cc670c65dc852908ad47015244eaf,47218836,0xbd5899763a0fe336023a1735150883cba96bb8a2df859e8241ff724507405b06,-145158652490373419,-0.145159,242424688,242.4247,3237034665335785357209793,136868072541232957,115792089237316195423570985008687907853269984665640564039457584007913112660601,0,41212,algebra_v2
0xb775272e537cc670c65dc852908ad47015244eaf,47218836,0x295c1fbcd34b9de0763310187d67a5865e43edcfdfe55c4c58a4cd436f5797b6,-1003130698910858,-0.001003,1675369,1.6754,3237035634663470626151720,136868072541232957,115792089237316195423570985008687907853269984665640564039457584007913112660601,0,284,algebra_v2
0xb775272e537cc670c65dc852908ad47015244eaf,47218837,0x538d42ba7a3d1d7b4f8a01ffc2527257bc112b3b9531985732ddcc0a6c451bc0,-109516825379979324,-0.109517,182914461,182.9145,3237141464535301069582096,136868072541232957,115792089237316195423570985008687907853269984665640564039457584007913112660601,0,31095,algebra_v2
0xb775272e537cc670c65dc852908ad47015244eaf,47218863,0x547e96ca3baee56434d803958d13d9fd46bf191ed337736ebf34ffc515d59cbb,400608624404312768,0.400609,-668367608,-668.3676,3236755426523165189255226,138597138628001363,115792089237316195423570985008687907853269984665640564039457584007913112660599,68103466148732,0,algebra_v2
0xb775272e537cc670c65dc852908ad47015244eaf,47218863,0xc1bdc6a62ad19e5002279aab237f231f9018879adcc0209924780a19132a554c,181639601370678413,0.181640,-302991678,-302.9917,3236582223279972000000000,138597138628001363,115792089237316195423570985008687907853269984665640564039457584007913112660598,30878732233015,0,algebra_v2
0xb775272e537cc670c65dc852908ad47015244eaf,47218903,0x81d287a4359bcac6a60c7c7328c7b6e8ea54579ba6e47cec26e6c5c4a386e4b7,172096404774692032,0.172096,-287042827,-287.0428,3236418137094544602826287,138597138628001363,115792089237316195423570985008687907853269984665640564039457584007913112660597,29256388811697,0,algebra_v2
0xb775272e537cc670c65dc852908ad47015244eaf,47218904,0xda34892c2c3bff9e05ba8f914a6817461e18002468a525a9fcc4efddd8f46817,87164738581901564,0.087165,-145372602,-145.3726,3236335035781944235430115,138597138628001363,115792089237316195423570985008687907853269984665640564039457584007913112660596,14818005558923,0,algebra_v2
0xb775272e537cc670c65dc852908ad47015244eaf,47218913,0xf85be49bcde46a68109c9e46c76e1ac37462aa52b335b7d8693b5ef9472fa4aa,150456616499907136,0.150457,-250912688,-250.9127,3236191603158119192996786,138597138628001363,115792089237316195423570985008687907853269984665640564039457584007913112660596,25577624804984,0,algebra_v2
0xb775272e537cc670c65dc852908ad47015244eaf,47218926,0xc5339b9584380fa4b5edbfa37605b59647e39ab37077a8f31099e49a66b962a3,83763600508993870,0.083764,-139680797,-139.6808,3236111755529046005520661,138597138628001363,115792089237316195423570985008687907853269984665640564039457584007913112660595,14239812086528,0,algebra_v2
0xb775272e537cc670c65dc852908ad47015244eaf,47218929,0x7ad4dada50b114fa741dc3c9c95b8bb3b470acf8d76682c51c74865e5dfdfffd,150474893996198464,0.150475,-250908543,-250.9085,3235968325274376435914840,138597138628001363,115792089237316195423570985008687907853269984665640564039457584007913112660594,25580731979354,0,algebra_v2
0xb775272e537cc670c65dc852908ad47015244eaf,47218931,0xef3557350447c2ba6bd0f5158da6f2620ee9cac6c0555d206488804514296f13,152241236016110464,0.152241,-253831187,-253.8312,3235823224309166509132028,138597138628001363,115792089237316195423570985008687907853269984665640564039457584007913112660593,25881010122739,0,algebra_v2
0xb775272e537cc670c65dc852908ad47015244eaf,47218944,0xa4cff1cdb938d22aaa671face07bb420750d9751d58d5b5067ae1332159c48f7,154850054511137920,0.154850,-258157509,-258.1575,3235675650230185139104022,138597138628001363,115792089237316195423570985008687907853269984665640564039457584007913112660592,26324509266893,0,algebra_v2
0xb775272e537cc670c65dc852908ad47015244eaf,47218945,0xc498a579865aa33145b598af6417edce1be45436d231f37d36f032a071e104db,207091626132839588,0.207092,-345214987,-345.2150,3235478310303628515421187,138597138628001363,115792089237316195423570985008687907853269984665640564039457584007913112660591,35205576442582,0,algebra_v2
0xb775272e537cc670c65dc852908ad47015244eaf,47218950,0xba8b091cc3e66dfd2041f3d4647a00dd3591bb85541a6587ae34fc990b0e7c70,339604923882174230,0.339605,-566019197,-566.0192,3235154762472598152569644,138633880008362552,115792089237316195423570985008687907853269984665640564039457584007913112660589,57732837059969,0,algebra_v2
0xb775272e537cc670c65dc852908ad47015244eaf,47219006,0x6f097e8290b8e260240986ae48dcfcb34c4e05c9fea3736ea37a4539be315c6d,154116093337619872,0.154116,-256827805,-256.8278,3235007987419350994781363,138633880008362552,115792089237316195423570985008687907853269984665640564039457584007913112660588,26199735867395,0,algebra_v2
0xb775272e537cc670c65dc852908ad47015244eaf,47219015,0xa761db1abe59097dc0455cb4b256bfce3cfa5a8ef2c15213d005652fa66ed304,326901676738397888,0.326902,-544690376,-544.6904,3234696701190878334539165,138633880008362552,115792089237316195423570985008687907853269984665640564039457584007913112660586,55573285045527,0,algebra_v2
0xb775272e537cc670c65dc852908ad47015244eaf,47219019,0x571b0cf061aa4c0315d52886f3f394039f055e28c8b85445dc96e688131cc347,310749302456702016,0.310749,-517679779,-517.6798,3234400851304227341842966,138633880008362552,115792089237316195423570985008687907853269984665640564039457584007913112660585,52827381417639,0,algebra_v2
0xb775272e537cc670c65dc852908ad47015244eaf,47219019,0x7cbaf2d61e3daf5d61e558e124887064235c8a6b5b68d1bc6e8095e84fbb75ad,598282200104824576,0.598282,-996416545,-996.4165,3233831407154123964913558,138633880008362552,115792089237316195423570985008687907853269984665640564039457584007913112660581,101707974017820,0,algebra_v2
0xb775272e537cc670c65dc852908ad47015244eaf,47219074,0x8387e1be343f0d67cffeb18b4c35738270535dc3df8234c76399a3d41fb9c51d,9956678699517310,0.009957,-16579506,-16.5795,3233821888241604407415499,137995156301556951,115792089237316195423570985008687907853269984665640564039457584007913112660581,1692635378918,0,algebra_v2
0xb775272e537cc670c65dc852908ad47015244eaf,47219084,0x62abd1b1827013375037698d4039f96190c3217147e625b6819fac085efb218d,150653907361502560,0.150654,-250851651,-250.8517,3233678483746940581315232,138590603038369045,115792089237316195423570985008687907853269984665640564039457584007913112660580,25611164251455,0,algebra_v2
0xb775272e537cc670c65dc852908ad47015244eaf,47219120,0x9d02162d36c7aa241796f0e670b46981b804e268a3f330c7ec832f942516a0f6,154173589213920320,0.154174,-256689190,-256.6892,3233531771552755431244862,138662934102221773,115792089237316195423570985008687907853269984665640564039457584007913112660579,26209510166366,0,algebra_v2
0xb775272e537cc670c65dc852908ad47015244eaf,47219120,0x18b495c3b2063874f6e55ccb3278627fd5a635feb03a93de72fe7abf0169f046,124712586993110390,0.124713,-207621464,-207.6215,3233413142394456459264809,138662934102221773,115792089237316195423570985008687907853269984665640564039457584007913112660578,21201139788829,0,algebra_v2
0xb775272e537cc670c65dc852908ad47015244eaf,47219122,0x460743179cd86ba2976259c86040a9904cc5c8083cc1b71080f5465caa0b65cd,180436502372045216,0.180437,-300363653,-300.3637,3233241522916758626413796,138662934102221773,115792089237316195423570985008687907853269984665640564039457584007913112660577,30674205403247,0,algebra_v2
0xb775272e537cc670c65dc852908ad47015244eaf,47219123,0x5f71d6c018381f71ae10766e5557469421635eec15eb3ed3570ddb16129aef64,114934222547239598,0.114934,-191308649,-191.3086,3233132214449651666911232,138662934102221773,115792089237316195423570985008687907853269984665640564039457584007913112660577,19538817833030,0,algebra_v2
0xb775272e537cc670c65dc852908ad47015244eaf,47219123,0xe1aa60d8b8d9c4ea9cca45682e519031b14f9861eac2439ca7171f294381980f,166243810130145632,0.166244,-276690856,-276.6909,3232974120952660932690655,138662934102221773,115792089237316195423570985008687907853269984665640564039457584007913112660576,28261447722124,0,algebra_v2
0xb775272e537cc670c65dc852908ad47015244eaf,47219128,0x7e0993aed110db1a430c4f4a4800692b07f53d35c19f538a076d380fa7202078,168941597902944256,0.168942,-281153247,-281.1532,3232813477768843761815444,138662934102221773,115792089237316195423570985008687907853269984665640564039457584007913112660575,28720071643500,0,algebra_v2
0xb775272e537cc670c65dc852908ad47015244eaf,47219137,0x3fc530b101096ddb518530849c0198c8fbe01f1fd3be1f36e5ddfbb65b5007be,1647408360186128818,1.647408,-2740159305,-2740.1593,3231247816552314146604293,138661012595976318,115792089237316195423570985008687907853269984665640564039457584007913112660565,280059421231641,0,algebra_v2
0xb775272e537cc670c65dc852908ad47015244eaf,47219137,0x24b4bac93d051d21710d6e0f66a57e6a506c8375c4fca9407e5114e85ed7ea18,523325843809798905,0.523326,-869900413,-869.9004,3230750772646280567980032,138661012595976318,115792089237316195423570985008687907853269984665640564039457584007913112660562,88965393447666,0,algebra_v2
0xb775272e537cc670c65dc852908ad47015244eaf,47219138,0x82e05d2ca2ca8ee8ee55662b26ee76da6a6c6ddde0cd35639ed41b6c430a5c63,-2485892711542067,-0.002486,4135687,4.1357,3230753134514492639252930,138661012595976318,115792089237316195423570985008687907853269984665640564039457584007913112660562,0,703,algebra_v2
0xb775272e537cc670c65dc852908ad47015244eaf,47219141,0x3fef40b27c85be9d2dea3387ab6232b958409a666d9f3aa2e0aaf69c6c73b70c,300325524182348608,0.300326,-499097146,-499.0971,3230467960267466965347053,138661012595976318,115792089237316195423570985008687907853269984665640564039457584007913112660560,51055339110999,0,algebra_v2
0xb775272e537cc670c65dc852908ad47015244eaf,47219143,0xdc00807ffb62cf11ea8089bc6ce0e7e26eed746e0285d97a2f6f1c58108e9f44,188225018353267072,0.188225,-312757553,-312.7576,3230288814864814711831017,137754202743873936,115792089237316195423570985008687907853269984665640564039457584007913112660559,31998253120055,0,algebra_v2
0xb775272e537cc670c65dc852908ad47015244eaf,47219143,0xca5dd649d50c2520220f7b844f218493955e3a85226c61a92e42f74118497f8a,152899129994202304,0.152899,-254033919,-254.0339,3230142709408463296157255,137754202743873936,115792089237316195423570985008687907853269984665640564039457584007913112660558,25992852099014,0,algebra_v2
0xb775272e537cc670c65dc852908ad47015244eaf,47219144,0x6ab504969b1ed39d6719e413a00122a4c10c8c0791d450fde5ecbe8cebc25a15,692955989830766976,0.692956,-1151022170,-1151.0222,3229480708759845873962043,137754202743873936,115792089237316195423570985008687907853269984665640564039457584007913112660554,117802518271230,0,algebra_v2
0xb775272e537cc670c65dc852908ad47015244eaf,47219145,0xf2c0266385f0f01ba4739346475ca42cd81d62bb19b81ad44d9a59a8d35f9369,-804408424941891,-0.000804,1337212,1.3372,3229481477461227770722462,137754202743873936,115792089237316195423570985008687907853269984665640564039457584007913112660554,0,227,algebra_v2
0xb775272e537cc670c65dc852908ad47015244eaf,47219145,0xd4134333a3347e07e3d0ff885f14201ec0738ef7d095c47ae1e422fa207933b0,-2313515214376922,-0.002314,3845885,3.8459,3229483688283402110519218,137754202743873936,115792089237316195423570985008687907853269984665640564039457584007913112660554,0,653,algebra_v2
0xb775272e537cc670c65dc852908ad47015244eaf,47219146,0x82681f54b76911847563a41b995959a79ee2817886588fca2645532123d0ba96,-157026313085606599,-0.157026,261045877,261.0459,3229633751538514652679371,137754202743873936,115792089237316195423570985008687907853269984665640564039457584007913112660555,0,44377,algebra_v2
0xb775272e537cc670c65dc852908ad47015244eaf,47219146,0xa7319e2840b202a3da2dbf31626a0937019914b6e17e4a488c7b36bd4aef1e73,-168764399662752851,-0.168764,280586721,280.5867,3229795047924569405993849,137754202743873936,115792089237316195423570985008687907853269984665640564039457584007913112660556,0,47699,algebra_v2
0xb775272e537cc670c65dc852908ad47015244eaf,47219150,0x51871c4706dfaf3bc8f99bb6a2efc5ca53aa797b66c3a7cca30eee59139ab00d,155859442026010144,0.155859,-258872939,-258.8729,3229646159346565951549337,137754202743873936,115792089237316195423570985008687907853269984665640564039457584007913112660555,26496105144422,0,algebra_v2
0xb775272e537cc670c65dc852908ad47015244eaf,47219150,0x86eb10c86e86e9b749b7aa8add44ae70a6dff4d5c34a7edf643ca19e410c65df,359933771686188608,0.359934,-597736648,-597.7366,3229302376177947950201761,137754202743873936,115792089237316195423570985008687907853269984665640564039457584007913112660553,61188741186652,0,algebra_v2
0xb775272e537cc670c65dc852908ad47015244eaf,47219151,0xfa1b928fbfc78d24e76c20be0072b90fc56d47b08bfa30e717250245ba4e6be3,156197758425822048,0.156198,-259355696,-259.3557,3229153209946672986079798,137754202743873936,115792089237316195423570985008687907853269984665640564039457584007913112660552,26553618932390,0,algebra_v2
0xb775272e537cc670c65dc852908ad47015244eaf,47219159,0x16e100d3f7b830bb5d458e432f98dca8068977778b39902beaa0c73500523bc1,-174819023694816763,-0.174819,290567135,290.5671,3229320243613525990473963,137754202743873936,115792089237316195423570985008687907853269984665640564039457584007913112660553,0,49396,algebra_v2
0xb775272e537cc670c65dc852908ad47015244eaf,47219159,0x4b575bd07d8e9e1963c34267ede86b165dee3a080697b8d7bec4ba26cef7ce0e,-163665708880335493,-0.163666,272056429,272.0564,3229476636327599476962633,137754202743873936,115792089237316195423570985008687907853269984665640564039457584007913112660554,0,46249,algebra_v2
0xb775272e537cc670c65dc852908ad47015244eaf,47219173,0x8b393dcf98292bfc84861a7885ca7067f8931830010b000afbf1a90c6d905c7d,867836447903658359,0.867836,-1440835353,-1440.8354,3228647951958060520777143,137754021320905295,115792089237316195423570985008687907853269984665640564039457584007913112660549,147532196143622,0,algebra_v2
0xb775272e537cc670c65dc852908ad47015244eaf,47219173,0x79ba00c41937d2332a29455ab78c94153c33117f04c53d38046e1d38b230f540,481260358641972160,0.481260,-798699314,-798.6993,3228188586209800473266259,137754021320905295,115792089237316195423570985008687907853269984665640564039457584007913112660546,81814260969135,0,algebra_v2
0xb775272e537cc670c65dc852908ad47015244eaf,47219184,0xd789461118644772c8c7e549cbf8c300f860abb2382acfb8130864cb17882648,-23041266249658331,-0.023041,38272351,38.2724,3228210587250687872707341,137754021320905295,115792089237316195423570985008687907853269984665640564039457584007913112660546,0,6506,algebra_v2
0xb775272e537cc670c65dc852908ad47015244eaf,47219185,0xa74ea8c523863585cbd173fe7f16b749df17b7eee12e48013d55298814be6519,-118832669264045273,-0.118833,197393509,197.3935,3228324059839571091406226,137754021320905295,115792089237316195423570985008687907853269984665640564039457584007913112660547,0,33556,algebra_v2
0xb775272e537cc670c65dc852908ad47015244eaf,47219185,0x75ca957f0260b14f6fcf546968425f1b9ab6b465aa5b56c4afb2ea8a11f29dcd,-107113041133576461,-0.107113,177937871,177.9379,3228426348263353759608482,137754021320905295,115792089237316195423570985008687907853269984665640564039457584007913112660548,0,30249,algebra_v2
0xb775272e537cc670c65dc852908ad47015244eaf,47219186,0xf46912a7d214fe62cfbfbf169b274c66abd4ec8a4b49043f760aae96d0524f78,-156029890137325141,-0.156030,259219488,259.2195,3228575361807663770603304,137754021320905295,115792089237316195423570985008687907853269984665640564039457584007913112660548,0,44067,algebra_v2
0xb775272e537cc670c65dc852908ad47015244eaf,47219187,0xf11f7cf76aebe7122c18ae8a232eb4e149a2f1316bfa73f9ac13d63c772bd465,-298621378955349196,-0.298621,496179886,496.1799,3228860592996219254791460,137754202743873936,115792089237316195423570985008687907853269984665640564039457584007913112660550,0,84350,algebra_v2
0xb775272e537cc670c65dc852908ad47015244eaf,47219187,0xb011b69850e718aab4aadaed182acb5d446c45497da3597e80fb401d0995104b,-27366002423889215,-0.027366,45474875,45.4749,3228886734407212581519360,137754202743873936,115792089237316195423570985008687907853269984665640564039457584007913112660550,0,7730,algebra_v2
0xb775272e537cc670c65dc852908ad47015244eaf,47219187,0x1db8824f3e1b4d4ef5a3d8d5018eeceb323f00c22817d840709f67edfdec02eb,-51404300617126683,-0.051404,85421996,85.4220,3228935839579550836064256,137754202743873936,115792089237316195423570985008687907853269984665640564039457584007913112660551,0,14521,algebra_v2
0xb775272e537cc670c65dc852908ad47015244eaf,47215602,0xb15cb977ae7082c6c5a477dd5f644bb092d915decc46b590316ccadcdf4e0640,179560114317894496,0.179560,-299771327,-299.7713,3237917957062176138517994,127900980318161235,115792089237316195423570985008687907853269984665640564039457584007913112660606,30525219434042,0,algebra_v2
0xb775272e537cc670c65dc852908ad47015244eaf,47215602,0xd26c1cc3443762135ccd8c7d8bf295b64afcbf8fef015f59d306c0b6d5c51725,176177028867561184,0.176177,-294089932,-294.0899,3237735783282721116422798,127900980318161235,115792089237316195423570985008687907853269984665640564039457584007913112660605,29950094907485,0,algebra_v2
0xb775272e537cc670c65dc852908ad47015244eaf,47215616,0xdab992c2e5dddc21d7a81f5cd58d93fa23ea596fd0f3561ec83a7f43ec967677,178772769900582112,0.178773,-298389142,-298.3891,3237550946361079814147472,127900980318161235,115792089237316195423570985008687907853269984665640564039457584007913112660604,30391370883099,0,algebra_v2
0xb775272e537cc670c65dc852908ad47015244eaf,47215633,0xf9e445f91d8676535d9f4d240d248c0616f713d5f2d951928ead2b5741fd5585,7594886069984665,0.007595,-12675849,-12.6758,3237543054881371163754788,127261839926336949,115792089237316195423570985008687907853269984665640564039457584007913112660604,1291130631897,0,algebra_v2
0xb775272e537cc670c65dc852908ad47015244eaf,47215685,0x934613dedb28ccb5eeb4f8442ccc4d1b44b61241000a945585dcafef6c09261f,-1072333382391405031,-1.072333,1792122945,1792.1229,3238652046889999638177755,128404353974850233,115792089237316195423570985008687907853269984665640564039457584007913112660611,0,304660,algebra_v2
0xb775272e537cc670c65dc852908ad47015244eaf,47215685,0x8abed76f41d068da032dbcd6b39eba3c6722679c08b12aa46b81dfec4a4ed56d,-163157390829833967,-0.163157,272782137,272.7821,3238820274996952409975063,128404353974850233,115792089237316195423570985008687907853269984665640564039457584007913112660612,0,46373,algebra_v2
0xb775272e537cc670c65dc852908ad47015244eaf,47215685,0x60a56c16332284ef4fc84acf78bbde966abcaa89003dab508133c6bb4ff2819c,-12481004932035459,-0.012481,20868106,20.8681,3238833144614624453197824,128404353974850233,115792089237316195423570985008687907853269984665640564039457584007913112660612,0,3547,algebra_v2
0xb775272e537cc670c65dc852908ad47015244eaf,47215687,0xa1a798d757d17c11793c5d952e1634247980aa385d7af207b87141acc11e64fd,-157570390381596492,-0.157570,263470250,263.4703,3238995629966075567878833,128404353974850233,115792089237316195423570985008687907853269984665640564039457584007913112660613,0,44790,algebra_v2
0xb775272e537cc670c65dc852908ad47015244eaf,47215694,0x56fc6b7156e1790cd678eeb15047924225a5be2167c9099c04079955f2940b7e,-150695909521149516,-0.150696,252000302,252.0003,3239151041659176748080488,128404353974850233,115792089237316195423570985008687907853269984665640564039457584007913112660614,0,42840,algebra_v2
0xb775272e537cc670c65dc852908ad47015244eaf,47215698,0x5f293a8a01abd024b7b6be69aed4b40754e57c08669e0f6002a3260274d7252f,-150318679559120798,-0.150319,251393574,251.3936,3239306079176031272653300,128404353974850233,115792089237316195423570985008687907853269984665640564039457584007913112660615,0,42736,algebra_v2
0xb775272e537cc670c65dc852908ad47015244eaf,47215698,0x0c8a56faf845c0be5a45e02d4a119a9f4b890e3057484350fd3cac02a1b889a4,-163820294363103533,-0.163820,274001136,274.0011,3239475059055006858111720,128404353974850233,115792089237316195423570985008687907853269984665640564039457584007913112660616,0,46580,algebra_v2
0xb775272e537cc670c65dc852908ad47015244eaf,47215744,0xa39e2e39bd14eb8e0821ff1065bc0ecec050d0bbceae1f7642259cc4636de612,-169517743123354897,-0.169518,283560623,283.5606,3239649934387333818620432,128404353974850233,115792089237316195423570985008687907853269984665640564039457584007913112660617,0,48205,algebra_v2
0xb775272e537cc670c65dc852908ad47015244eaf,47215746,0xfc9eb26b2db43bd8cc5e706a7d823962634df5bac647b0c2059cab37f396dba9,-203467264063901493,-0.203467,340390076,340.3901,3239859857143913420427706,128404353974850233,115792089237316195423570985008687907853269984665640564039457584007913112660618,0,57866,algebra_v2
0xb775272e537cc670c65dc852908ad47015244eaf,47215746,0xf7b0b49d6ca9ab2669f6fe99a4514f8ad1f03afefc0e061f99ea8f2225582596,-77115181992119067,-0.077115,129021189,129.0212,3239939426101680523968512,128404353974850233,115792089237316195423570985008687907853269984665640564039457584007913112660619,0,21933,algebra_v2
0xb775272e537cc670c65dc852908ad47015244eaf,47215747,0xd75cc6860b4ddbb08d9c6c1bf8dbb06b88707b239714f346ffe0791abae74efe,-155986742018197790,-0.155987,261000339,261.0003,3240100081684548000470939,129425175992536663,115792089237316195423570985008687907853269984665640564039457584007913112660620,0,44369,algebra_v2
0xb775272e537cc670c65dc852908ad47015244eaf,47215818,0x962b86747d625f725f9c1f8b6d21fbdce700ec91801007a41ee7a7c706cfa70f,174170844896604384,0.174171,-291133333,-291.1333,3239920752893037607481141,128404353974850233,115792089237316195423570985008687907853269984665640564039457584007913112660619,29609043632422,0,algebra_v2
0xb775272e537cc670c65dc852908ad47015244eaf,47215820,0xac623874ee0e6c84cbc7b9daf1789a7c0333c39d51e86a57df0e707bdd3f9224,193302935705260896,0.193303,-323075581,-323.0756,3239721408526178150140749,128404353974850233,115792089237316195423570985008687907853269984665640564039457584007913112660617,32861499069894,0,algebra_v2
0xb775272e537cc670c65dc852908ad47015244eaf,47215897,0xad4f2769ff876938ebaf396f3956e6b6f51510348f2a36755146550d11a6a7cf,468903260729247,0.000469,-783650,-0.7836,3239720924997781856061301,128404353974850233,115792089237316195423570985008687907853269984665640564039457584007913112660617,79713554324,0,algebra_v2
0xb775272e537cc670c65dc852908ad47015244eaf,47215925,0x4ec3e92c5f02b8a9cccf5115065c0eaacd71158917f23dba1f4c918cb2512313,-223067114337881525,-0.223067,373198284,373.1983,3239951080980852802268738,128404353974850233,115792089237316195423570985008687907853269984665640564039457584007913112660619,0,63444,algebra_v2
0xb775272e537cc670c65dc852908ad47015244eaf,47215925,0x90e40e50301a2db369374f7efcccfee6f92a9766124e62feaffa9f7f655bcc2d,-38463658368061190,-0.038464,64356269,64.3563,3239990770284636405760000,128404353974850233,115792089237316195423570985008687907853269984665640564039457584007913112660619,0,10940,algebra_v2
0xb775272e537cc670c65dc852908ad47015244eaf,47215926,0xa9c3ba920596fedcfedc6f4773b36a5af63d20aae0cae4b6378696c5ca378cca,-157995557798697716,-0.157996,264370053,264.3701,3240153082650928197711251,129425175992536663,115792089237316195423570985008687907853269984665640564039457584007913112660620,0,44942,algebra_v2
0xb775272e537cc670c65dc852908ad47015244eaf,47215929,0x9e0d4a050d8481311f7eaed5181eb627a03c3b4caf4d5d1b55896eee46c31561,-453964050923206812,-0.453964,759753759,759.7538,3240617936547172102774173,129425175992536663,115792089237316195423570985008687907853269984665640564039457584007913112660623,0,129158,algebra_v2
0xb775272e537cc670c65dc852908ad47015244eaf,47215929,0x33702a1cb0d6358cbd93397a911c4919d6a6c09548fbdf29cc998ef44f5f430a,-178575230248328725,-0.178575,298923065,298.9231,3240800832057198848311411,129425175992536663,115792089237316195423570985008687907853269984665640564039457584007913112660624,0,50817,algebra_v2
0xb775272e537cc670c65dc852908ad47015244eaf,47215930,0x8f7dc4e5515b471f359a59247d6ae973c83f27a60debc5993df78fe88e2393a3,-150132645629242635,-0.150133,251338179,251.3382,3240954612844715921576796,129425175992536663,115792089237316195423570985008687907853269984665640564039457584007913112660625,0,42727,algebra_v2
0xb775272e537cc670c65dc852908ad47015244eaf,47215934,0x61094d49a60a9f021109c4750889162e543efa231c17d6bf98f8fc995373dbd8,-312613339215271951,-0.312613,523424867,523.4249,3241274869356175892152320,129425175992536663,115792089237316195423570985008687907853269984665640564039457584007913112660627,0,88982,algebra_v2
0xb775272e537cc670c65dc852908ad47015244eaf,47215938,0xbc30fc9cf3110926ba6463d15c0e9d8a5e009ff412c11627dece92c7d26f7666,-156627956495934367,-0.156628,262289281,262.2893,3241435350555016543815207,129425175992536663,115792089237316195423570985008687907853269984665640564039457584007913112660628,0,44589,algebra_v2
0xb775272e537cc670c65dc852908ad47015244eaf,47215939,0xf7630f287726ddd8ddc0811d5bf6df0406c1fa84ec963c0bb6ff83685ee169d2,-157142442506991340,-0.157142,263176942,263.1769,3241596374867452540107972,129425175992536663,115792089237316195423570985008687907853269984665640564039457584007913112660629,0,44740,algebra_v2
0xb775272e537cc670c65dc852908ad47015244eaf,47215941,0xf188a09b21cc34f84c9fe31ecf7e32c1e7e21ddfa5bf87a639e87ccb86b7d504,-153474255560895613,-0.153474,257058825,257.0588,3241753657092962304011842,129422883428986967,115792089237316195423570985008687907853269984665640564039457584007913112660630,0,43699,algebra_v2
0xb775272e537cc670c65dc852908ad47015244eaf,47215942,0x7e70ce66fa91623cbc6d2161c95a3d4fa8753573beb0f3ef2e5d3ab791a17e4e,-369131134867933803,-0.369131,618371430,618.3714,3242132013181268983656225,129422883428986967,115792089237316195423570985008687907853269984665640564039457584007913112660632,0,105123,algebra_v2
0xb775272e537cc670c65dc852908ad47015244eaf,47215943,0x846a1421c0e6e262aad75ee19057a34911299068279fdf48d3c2d6ccc80a70bf,-223115085279826015,-0.223115,373834172,373.8342,3242360746961405814598096,129422883428986967,115792089237316195423570985008687907853269984665640564039457584007913112660634,0,63552,algebra_v2
0xb775272e537cc670c65dc852908ad47015244eaf,47215944,0xb62819bc5c74cd33b0b0fd9e0294fcaa035c0e8df515a133c73a2466e2eb4adf,-247769055116434541,-0.247769,415204252,415.2043,3242614793394916838346596,129422883428986967,115792089237316195423570985008687907853269984665640564039457584007913112660635,0,70585,algebra_v2
0xb775272e537cc670c65dc852908ad47015244eaf,47215946,0xa2b36bc9e27d83ad242f4ace70723e4765f426cde5e44f237a67b6ff89d54e5c,-149576535257664653,-0.149577,250687550,250.6875,3242768178813715616251288,129422883428986967,115792089237316195423570985008687907853269984665640564039457584007913112660636,0,42616,algebra_v2
0xb775272e537cc670c65dc852908ad47015244eaf,47215949,0xfd2ed9b4cf3f245348ead329d652e65fc9d3e5149b565496a7f843c1791a2eb0,-990192226348871820,-0.990192,1660142546,1660.1425,3243784096325855546086660,129384019760076229,115792089237316195423570985008687907853269984665640564039457584007913112660642,0,282223,algebra_v2
0xb775272e537cc670c65dc852908ad47015244eaf,47215949,0xe43d82b7dbd67fb386d4e8199dbeb28738297abb9d85d99e7a601c4654ee785a,-609995125026042079,-0.609995,1023227298,1023.2273,3244410355152083600000000,129384019760076229,115792089237316195423570985008687907853269984665640564039457584007913112660646,0,173948,algebra_v2
0xb775272e537cc670c65dc852908ad47015244eaf,47215949,0x2368c414062c94049d94d18f62157415af0670b59c70030157f6dcbf24c7ea1b,-28813894674087554,-0.028814,48343215,48.3432,3244439943264431083880448,129384019760076229,115792089237316195423570985008687907853269984665640564039457584007913112660647,0,8218,algebra_v2
0xb775272e537cc670c65dc852908ad47015244eaf,47215949,0xd4181c4acea3ea15933aefd849c6273d3d81b13d99def4176378f7ce73ea7d66,74219324459348731,0.074219,-124397001,-124.3970,3244363768897381805733781,129384019760076229,115792089237316195423570985008687907853269984665640564039457584007913112660646,12617285158089,0,algebra_v2
0xb775272e537cc670c65dc852908ad47015244eaf,47215950,0x9c900e14bf5ed9b36d4fe97a220a85c43b2d2dfab09e4e4c4f4ed5bf98bdf408,-165694784129189330,-0.165695,278002521,278.0025,3244533918318314470117246,129384019760076229,115792089237316195423570985008687907853269984665640564039457584007913112660647,0,47260,algebra_v2
0xb775272e537cc670c65dc852908ad47015244eaf,47216025,0x753e34c0a7cf0db8b15c4ffe480788eecdb5b44c4f6b9926f807e0cdcac305aa,-31492959590255513,-0.031493,52842153,52.8422,3244566411743807403319673,128779691752958731,115792089237316195423570985008687907853269984665640564039457584007913112660647,0,8983,algebra_v2
0xb775272e537cc670c65dc852908ad47015244eaf,47216040,0x4b0b0889d71c3303fbab19962d4204abb06c9f1052e4390f38eeecfe6ea54843,171425682988486560,0.171426,-287335516,-287.3355,3244390518634242236558130,129425564525111943,115792089237316195423570985008687907853269984665640564039457584007913112660646,29142366108042,0,algebra_v2
0xb775272e537cc670c65dc852908ad47015244eaf,47216043,0xd97719b250c229d05b2b87ed85159b9b91abb3d792decabba15666480ac8691a,158989817178178912,0.158990,-266463269,-266.4633,3244227402519469792186197,129425564525111943,115792089237316195423570985008687907853269984665640564039457584007913112660645,27028268920290,0,algebra_v2
0xb775272e537cc670c65dc852908ad47015244eaf,47216044,0xa9d961472d75a12a0109963b3360da60cc11c5755819dd397c5f9971b8b7620c,340780562360699264,0.340781,-571050116,-571.0501,3243877832852939508554602,129425564525111943,115792089237316195423570985008687907853269984665640564039457584007913112660643,57932695601319,0,algebra_v2
0xb775272e537cc670c65dc852908ad47015244eaf,47216053,0x75d5643b9224cd62f85c82349232535544becfac030095383f913d690abbe6d1,163377913818866144,0.163378,-273730709,-273.7307,3243710267958021064745589,129425564525111943,115792089237316195423570985008687907853269984665640564039457584007913112660642,27774245349207,0,algebra_v2
0xb775272e537cc670c65dc852908ad47015244eaf,47216063,0x37009d4e0ca6ed6f9277d32a44a44e7a5d91937aabb53b2870e7f21cc194ab72,124426765266636722,0.124427,-208451232,-208.4512,3243582664047525249276931,129425564525111943,115792089237316195423570985008687907853269984665640564039457584007913112660641,21152550095328,0,algebra_v2
0xb775272e537cc670c65dc852908ad47015244eaf,47216067,0xd17d18244dea0422d8a8f45674566684b0f253b73a921332793a34df10c76934,64154349015661879,0.064154,-107470895,-107.4709,3243516875487354829173327,129425564525111943,115792089237316195423570985008687907853269984665640564039457584007913112660641,10906239332662,0,algebra_v2
0xb775272e537cc670c65dc852908ad47015244eaf,47216158,0x30c83a0cc761c9db0534cd4ba365747ce478a8d340e90f9fc8ff2a9e0dd591cc,156919843681480096,0.156920,-262852599,-262.8526,3243355969652855293839695,129425564525111943,115792089237316195423570985008687907853269984665640564039457584007913112660640,26676373425851,0,algebra_v2
0xb775272e537cc670c65dc852908ad47015244eaf,47216158,0xf63ae905ae8381941e573c11218a3b3e60bbb6936baffa725c0b917f3cb2c381,149354881590007552,0.149355,-250156495,-250.1565,3243202878111998074155707,129480278172492263,115792089237316195423570985008687907853269984665640564039457584007913112660639,25390329870301,0,algebra_v2
0xb775272e537cc670c65dc852908ad47015244eaf,47216161,0xde8795f43ea0af4f09819fef78fc13716604cb36962e4912aca980bef3296da5,174896801959121024,0.174897,-292906987,-292.9070,3243023650180772998927814,129480278172492263,115792089237316195423570985008687907853269984665640564039457584007913112660638,29732456333050,0,algebra_v2
0xb775272e537cc670c65dc852908ad47015244eaf,47216161,0x27e806d51637096f64d6285143ca55eab191da1e5ce4ff98cca56c14cb5a5803,92535343994448205,0.092535,-154959714,-154.9597,3242928831312288127385600,129480278172492263,115792089237316195423570985008687907853269984665640564039457584007913112660637,15731008479056,0,algebra_v2
0xb775272e537cc670c65dc852908ad47015244eaf,47216162,0xf169147a0ef0ba38db96d769c4878a614c4b411afda22698742434232b541d46,164915071252222304,0.164915,-276144364,-276.1444,3242759860324040374740284,129480278172492263,115792089237316195423570985008687907853269984665640564039457584007913112660636,28035562112878,0,algebra_v2
0xb775272e537cc670c65dc852908ad47015244eaf,47216172,0x1e48267e1609736520ae9931857832cd2eae24caba914f80f08f44a250de0c00,153993877906303840,0.153994,-257831238,-257.8312,3242602095021686412788582,129480278172492263,115792089237316195423570985008687907853269984665640564039457584007913112660635,26178959244071,0,algebra_v2
0xb775272e537cc670c65dc852908ad47015244eaf,47216190,0xa092394b53591b5d357209bec9f1296529bc16eefdc28ebd7d0ea56a2b1f1007,201220868567010784,0.201221,-336865364,-336.8654,3242395969237898131139419,129480278172492263,115792089237316195423570985008687907853269984665640564039457584007913112660634,34207547656392,0,algebra_v2
0xb775272e537cc670c65dc852908ad47015244eaf,47216196,0xd22928c8c68ddc728be331d816388a1af1af23a64c09e189e46fcc6e6e1f74c2,287150898552986208,0.287151,-480647311,-480.6473,3242101864190886086159729,129480278172492263,115792089237316195423570985008687907853269984665640564039457584007913112660632,48815652754007,0,algebra_v2
0xb775272e537cc670c65dc852908ad47015244eaf,47216196,0x49c1d46b09106fa2365b336f9ea4cee0c0fd55e8e5397abd58b9740aa15af2be,172048016436728960,0.172048,-287940669,-287.9407,3241925675117822359893520,129480278172492263,115792089237316195423570985008687907853269984665640564039457584007913112660631,29248162794244,0,algebra_v2
0xb775272e537cc670c65dc852908ad47015244eaf,47216233,0xf134fdf50f70aa79d70af3065ace5b603a62d4e9f6810ebef512f63dc2feb7e7,168934002311236672,0.168934,-282698586,-282.6986,3241752693642593511867506,129480278172492263,115792089237316195423570985008687907853269984665640564039457584007913112660630,28718780392910,0,algebra_v2
0xb775272e537cc670c65dc852908ad47015244eaf,47216233,0x59cb4908b7d37a75af97804d54bcadc608defea109511a8745a78575409d7ff4,266008143678647488,0.266008,-445083850,-445.0838,3241480353219806925823829,129482570736041959,115792089237316195423570985008687907853269984665640564039457584007913112660628,45221384425370,0,algebra_v2
0xb775272e537cc670c65dc852908ad47015244eaf,47216248,0xb3aa54e59cb5653ec81a7bd3c7f8210ab4af1f7e36e934ff3344865481a42080,7758871224421604,0.007759,-12980992,-12.9810,3241472410373328801092519,129482570736041959,115792089237316195423570985008687907853269984665640564039457584007913112660628,1319008108151,0,algebra_v2
0xb775272e537cc670c65dc852908ad47015244eaf,47216259,0x5891d1a305941617c5d1c5cacbdf62a6b4d7604717f27252ebe901c376f68e9f,182347752278365120,0.182348,-305058896,-305.0589,3241285750070896724196410,129482570736041959,115792089237316195423570985008687907853269984665640564039457584007913112660627,30999117887322,0,algebra_v2
0xb775272e537cc670c65dc852908ad47015244eaf,47216260,0x55fcd8af9dac9de362d14b39bc6c046330c6a69802102361459c2b023acea3e0,164955258082409504,0.164955,-275931836,-275.9318,3241116912116411157921121,129482570736041959,115792089237316195423570985008687907853269984665640564039457584007913112660626,28042393874009,0,algebra_v2
0xb775272e537cc670c65dc852908ad47015244eaf,47216262,0xf4e3fc7fb8aab9210205190fed3c5bfc71682aaa3df4f0912ac794899842b2bd,450026413684345344,0.450026,-752643502,-752.6435,3240656382476245679468924,129482570736041959,115792089237316195423570985008687907853269984665640564039457584007913112660623,76504490326338,0,algebra_v2
0xb775272e537cc670c65dc852908ad47015244eaf,47216262,0x5a13f6856ec9bd5e11e8cb2c6b85f15932f253afff0b075e3e4c8557ea1ac68b,48006498052385449,0.048006,-80275504,-80.2755,3240607263273088398131200,129482570736041959,115792089237316195423570985008687907853269984665640564039457584007913112660623,8161104668905,0,algebra_v2
0xb775272e537cc670c65dc852908ad47015244eaf,47216269,0xbf3cc7149292b4423180d509fae3ad4a547ceaa58fc7258e9069c7c4eb143a21,159375000000000000,0.159375,-266486233,-266.4862,3240444204921225101482563,129482570736041959,115792089237316195423570985008687907853269984665640564039457584007913112660622,27093750000000,0,algebra_v2
0xb775272e537cc670c65dc852908ad47015244eaf,47216276,0x1986cba9c621706ea25e6722076bfb6aa5115215e074106e87a53cce4cc408c8,125156250000000000,0.125156,-209251273,-209.2513,3240316167658972651933177,129482570736041959,115792089237316195423570985008687907853269984665640564039457584007913112660621,21276562500000,0,algebra_v2
0xb775272e537cc670c65dc852908ad47015244eaf,47216290,0x1ca2d293493ff8e88936a50c346705f13586c8e1f2b1bdea05894bbbe7161388,173732685784447232,0.173733,-290439794,-290.4398,3240138452534136201267786,129482570736041959,115792089237316195423570985008687907853269984665640564039457584007913112660620,29534556583356,0,algebra_v2
0xb775272e537cc670c65dc852908ad47015244eaf,47216290,0xe8358acd134ff1e2454a9de2678190a850a5042f56de09af1298f225049e0efb,154697873165375200,0.154698,-258591267,-258.5913,3239979578939816590452299,128461748718355529,115792089237316195423570985008687907853269984665640564039457584007913112660619,26298638438113,0,algebra_v2
0xb775272e537cc670c65dc852908ad47015244eaf,47216292,0x89db551a96daabbbbad415feec062b65a05c9ea6483f8ece77b7486dcc591619,303075296454928896,0.303075,-506543605,-506.5436,3239667170619691173427306,128461748718355529,115792089237316195423570985008687907853269984665640564039457584007913112660617,51522800397338,0,algebra_v2
0xb775272e537cc670c65dc852908ad47015244eaf,47216294,0x4a183db20e43b816815bc12f90a16a5aed2efc67a2b05ac97c8275a141063ef0,144843750000000000,0.144844,-242049488,-242.0495,3239517887768039813094582,128461748718355529,115792089237316195423570985008687907853269984665640564039457584007913112660616,24623437500000,0,algebra_v2
0xb775272e537cc670c65dc852908ad47015244eaf,47216295,0xc7d37fcc767a7e6f978a91b276e921a158e5d5e91d9b6e863d7346b60a154243,169098087879462304,0.169098,-282552874,-282.5529,3239343624648634183520533,128461748718355529,115792089237316195423570985008687907853269984665640564039457584007913112660615,28746674939508,0,algebra_v2
0xb775272e537cc670c65dc852908ad47015244eaf,47216359,0x5bc19679f78238470f784bc0c91f974c726737d6ca4e7ece404ab488b550b856,-93987653506459286,-0.093988,157201206,157.2012,3239440529255708287806456,128461748718355529,115792089237316195423570985008687907853269984665640564039457584007913112660616,0,26724,algebra_v2
0xb775272e537cc670c65dc852908ad47015244eaf,47216359,0x43edfa0f7233c4ae27366df625f6e40258f0f37a651014b96addaec4c98dc0c1,-954138620985387269,-0.954139,1596398464,1596.3985,3240421745494846821086643,129482570736041959,115792089237316195423570985008687907853269984665640564039457584007913112660622,0,271387,algebra_v2
0xb775272e537cc670c65dc852908ad47015244eaf,47216359,0xf98f9db562fc0d53e18b47283695cd64dcb0c4ab42403dbb59dcca140be61b38,-134420822099124,-0.000134,224973,0.2250,3240421883082272361414656,129482570736041959,115792089237316195423570985008687907853269984665640564039457584007913112660622,0,38,algebra_v2
0xb775272e537cc670c65dc852908ad47015244eaf,47216361,0x0096b934ecf9f651c6c6606530d76e5175614b575753ad42a1cdf4dcc072a8b2,-406811044691679540,-0.406811,680941327,680.9413,3240838331063803715265823,129482570736041959,115792089237316195423570985008687907853269984665640564039457584007913112660624,0,115760,algebra_v2
0xb775272e537cc670c65dc852908ad47015244eaf,47216483,0xc3a67d35e63d893b09c31bbb7f54a10706b56fe5dcc160330c571292f8e9bad3,541858991875023168,0.541859,-906046218,-906.0462,3240283950770336254931470,129485802258009203,115792089237316195423570985008687907853269984665640564039457584007913112660621,92116028618754,0,algebra_v2
0xb775272e537cc670c65dc852908ad47015244eaf,47216488,0x477d3e6bc0d279483e4e9beb49d751fa745dd9c3a39f6ae9ac664673d009902f,315727801622501696,0.315728,-527787714,-527.7877,3239960215915194916806455,128464980240322773,115792089237316195423570985008687907853269984665640564039457584007913112660619,53673726275824,0,algebra_v2
0xb775272e537cc670c65dc852908ad47015244eaf,47216528,0x7f26fb0d1f6026d98f0c059a6866e145d82016311010987dbb140d5f4048f943,97574833061231,0.000098,-163095,-0.1631,3239960115329639435794064,128464980240322773,115792089237316195423570985008687907853269984665640564039457584007913112660619,16587721620,0,algebra_v2
0xb775272e537cc670c65dc852908ad47015244eaf,47216528,0x7f26fb0d1f6026d98f0c059a6866e145d82016311010987dbb140d5f4048f943,1186867876977856,0.001187,-1983833,-1.9838,3239958891840834430783837,128464980240322773,115792089237316195423570985008687907853269984665640564039457584007913112660619,201767539086,0,algebra_v2
0xb775272e537cc670c65dc852908ad47015244eaf,47216528,0x7f26fb0d1f6026d98f0c059a6866e145d82016311010987dbb140d5f4048f943,25884238990205,0.000026,-43265,-0.0433,3239958865158229634893771,128466350958035692,115792089237316195423570985008687907853269984665640564039457584007913112660619,4400320628,0,algebra_v2
0xb775272e537cc670c65dc852908ad47015244eaf,47216528,0x7f26fb0d1f6026d98f0c059a6866e145d82016311010987dbb140d5f4048f943,220220275553001,0.000220,-368094,-0.3681,3239958638145562863427760,128466350958035692,115792089237316195423570985008687907853269984665640564039457584007913112660619,37437446844,0,algebra_v2
0xb775272e537cc670c65dc852908ad47015244eaf,47216528,0x7f26fb0d1f6026d98f0c059a6866e145d82016311010987dbb140d5f4048f943,1314447997969,0.000001,-2197,-0.0022,3239958636790572622090287,128466350958035692,115792089237316195423570985008687907853269984665640564039457584007913112660619,223456159,0,algebra_v2
0xb775272e537cc670c65dc852908ad47015244eaf,47216528,0x7f26fb0d1f6026d98f0c059a6866e145d82016311010987dbb140d5f4048f943,-6819263052021,-0.000007,11410,0.0114,3239958643823682526549316,128466350958035692,115792089237316195423570985008687907853269984665640564039457584007913112660619,0,2,algebra_v2
0xb775272e537cc670c65dc852908ad47015244eaf,47216528,0x7f26fb0d1f6026d98f0c059a6866e145d82016311010987dbb140d5f4048f943,197445311555934,0.000197,-330026,-0.3300,3239958440288468495713866,128466350958035692,115792089237316195423570985008687907853269984665640564039457584007913112660619,33565702964,0,algebra_v2
0xb775272e537cc670c65dc852908ad47015244eaf,47216528,0x7f26fb0d1f6026d98f0c059a6866e145d82016311010987dbb140d5f4048f943,432914224698226,0.000433,-723609,-0.7236,3239957994021747778483352,128466350958035692,115792089237316195423570985008687907853269984665640564039457584007913112660619,73595418199,0,algebra_v2
0xb775272e537cc670c65dc852908ad47015244eaf,47216536,0x3d766b44a009f0a1786bfee8dcefe097b3b2b5de62cb93e9fc51d5c03184c950,258497889324830464,0.258498,-432039718,-432.0397,3239691545159650033773276,128466350958035692,115792089237316195423570985008687907853269984665640564039457584007913112660617,43944641185221,0,algebra_v2
0xb775272e537cc670c65dc852908ad47015244eaf,47216543,0xb1d4af21e2eb13a3b5813d749dafab589851ac8fc154fb44f6a73e4c694a239a,151929488758844992,0.151929,-253893768,-253.8938,3239534963015123189368687,128466350958035692,115792089237316195423570985008687907853269984665640564039457584007913112660616,25828013089003,0,algebra_v2
0xb775272e537cc670c65dc852908ad47015244eaf,47216543,0x6168193d0ce5467ecb89a53c04c454ad87c12d79b0490a6e4fc65081cc717af5,300895731125730624,0.300896,-502763140,-502.7631,3239224897386813656629783,128466350958035692,115792089237316195423570985008687907853269984665640564039457584007913112660614,51152274291374,0,algebra_v2
0xb775272e537cc670c65dc852908ad47015244eaf,47216555,0x444efff2f2a8c812e977f7e3f37a3ec9ff54cab4f41bf2c0fdf9a76f15bd78e5,152278826269074784,0.152279,-254404224,-254.4042,3239068000431981084012080,128466350958035692,115792089237316195423570985008687907853269984665640564039457584007913112660613,25887400465742,0,algebra_v2
0xb775272e537cc670c65dc852908ad47015244eaf,47216567,0xa87e949b00feec4a593461ffb98655de099822c87882921ca812197a9edb9504,27043369150027023,0.027043,-45177355,-45.1774,3239039994256478940679793,127804628207412898,115792089237316195423570985008687907853269984665640564039457584007913112660613,4597372755504,0,algebra_v2
0xb775272e537cc670c65dc852908ad47015244eaf,47216612,0xbbc82c52034e144fef3a6b619269429bd683260348a43af8c340061a9d4565bc,342656200780035264,0.342656,-572357652,-572.3577,3238686843667058830324327,128406539527812567,115792089237316195423570985008687907853269984665640564039457584007913112660611,58251554132606,0,algebra_v2
0xb775272e537cc670c65dc852908ad47015244eaf,47216618,0x1ad56d21000e74a429fd54b26206d638a559f1086906b7b6a804577fc6432285,193184075434401824,0.193184,-322631059,-322.6311,3238487776967726991399249,128406539527812567,115792089237316195423570985008687907853269984665640564039457584007913112660610,32841292823848,0,algebra_v2
0xb775272e537cc670c65dc852908ad47015244eaf,47216618,0xc7dd7f0e8129c912dbd839f211e5615989497c032da6e6ce92e0fde5be3780b4,157283054141440352,0.157283,-262644500,-262.6445,3238325269530099000549807,127908063343555959,115792089237316195423570985008687907853269984665640564039457584007913112660609,26738119204044,0,algebra_v2
0xb775272e537cc670c65dc852908ad47015244eaf,47216623,0xbcd482835d983e5d1c1834b774ead6ca104db973705b4ea7d4e3100dfec1991a,151539220216759968,0.151539,-253028008,-253.0280,3238168540207161169386524,127908063343555959,115792089237316195423570985008687907853269984665640564039457584007913112660608,25761667436849,0,algebra_v2
0xb775272e537cc670c65dc852908ad47015244eaf,47216626,0x23e10b6908ed00a9c92064b5240f2321575bd813713f041cd670859b69e99545,210186452337790304,0.210186,-350911900,-350.9119,3237951180141334569678785,127908063343555959,115792089237316195423570985008687907853269984665640564039457584007913112660606,35731696897424,0,algebra_v2
0xb775272e537cc670c65dc852908ad47015244eaf,47216634,0x8a071a1658e445b0c29cbbd379590a6227ef0e9feea27f92673dd1c3c8a5e40c,229104138866430496,0.229104,-382441827,-382.4418,3237714289968462490495912,127908063343555959,115792089237316195423570985008687907853269984665640564039457584007913112660605,38947703607293,0,algebra_v2
0xb775272e537cc670c65dc852908ad47015244eaf,47216634,0x844a8fde8962bf403ea8fae8f5474ab02a0000f2c4d25f59299b712df94bd95e,9020861133569505,0.009021,-15057311,-15.0573,3237704963245392415582381,127908063343555959,115792089237316195423570985008687907853269984665640564039457584007913112660605,1533546392706,0,algebra_v2
0xb775272e537cc670c65dc852908ad47015244eaf,47216634,0x52bbb78edbcdb753b592be60e329e93796183ae1dc5e36c2b34a5e995cef903e,25589219717277205,0.025589,-42712173,-42.7122,3237678506688237365362688,127908063343555959,115792089237316195423570985008687907853269984665640564039457584007913112660605,4350167351937,0,algebra_v2
0xb775272e537cc670c65dc852908ad47015244eaf,47216634,0xe7102a3c6185beab7c7f5fe3aa9fa3283f0ad8d95aa24ea3a914c873fc31d991,172966432543886176,0.172966,-288688122,-288.6881,3237499688958381107699501,127908063343555959,115792089237316195423570985008687907853269984665640564039457584007913112660604,29404293532460,0,algebra_v2
0xb775272e537cc670c65dc852908ad47015244eaf,47216634,0x967fb8470fcd64f48877be6b6560e70adaa4894482cebc4d2200d866f06a41e9,134807384990236895,0.134807,-224976984,-224.9770,3237360334857894056363585,127908063343555959,115792089237316195423570985008687907853269984665640564039457584007913112660603,22917255448340,0,algebra_v2
0xb775272e537cc670c65dc852908ad47015244eaf,47216681,0xcc169ff5dd514dd0ca2bc5faf0160b33efa4d67a5f03c01ac90049b8a71cba39,-165613965468415953,-0.165614,276668714,276.6687,3237531621899811784616811,127908063343555959,115792089237316195423570985008687907853269984665640564039457584007913112660604,0,47033,algebra_v2
0xb775272e537cc670c65dc852908ad47015244eaf,47216686,0x5b6daf1464c8290b67ce0705a861a7b165d911bb24bc9ba8155d1327bf3f47df,-314400884747162626,-0.314401,525307324,525.3073,3237856842400807697973097,127908063343555959,115792089237316195423570985008687907853269984665640564039457584007913112660606,0,89302,algebra_v2
0xb775272e537cc670c65dc852908ad47015244eaf,47216686,0xa6d93d7d12378ee22a1537162ed2d5278061445723e6c45327f6ea4226b343bc,-5137140367107781,-0.005137,8584115,8.5841,3237862156870374974816256,127908063343555959,115792089237316195423570985008687907853269984665640564039457584007913112660606,0,1459,algebra_v2
0xb775272e537cc670c65dc852908ad47015244eaf,47216686,0x1826ca846fbf31b2e9e1d1fac04762c0e52a15c61ec0b4644fe98a10c1937819,-30573295977719155,-0.030573,51088278,51.0883,3237893785888333829767168,127908063343555959,115792089237316195423570985008687907853269984665640564039457584007913112660606,0,8685,algebra_v2
0xb775272e537cc670c65dc852908ad47015244eaf,47216687,0x72ffd51af7496b3c124b264031703701185dedc12c23ecf8a613840744d34b09,-157138454127576085,-0.157138,262595641,262.5956,3238056360217721885920071,127908063343555959,115792089237316195423570985008687907853269984665640564039457584007913112660607,0,44641,algebra_v2
0xb775272e537cc670c65dc852908ad47015244eaf,47216691,0x290215b370c2ada95f6202ada5b83e1a09771d62256dba4a8005cabceafb6dc0,-208777039812074520,-0.208777,348930193,348.9302,3238272384717618502310064,127908063343555959,115792089237316195423570985008687907853269984665640564039457584007913112660608,0,59318,algebra_v2
0xb775272e537cc670c65dc852908ad47015244eaf,47216691,0x058e8f557e1574be48268dc12de2aa9b3e80d74095f4dfa64a32cc781a99d4d6,-185297561902368132,-0.185298,309727815,309.7278,3238464052792539129768853,128406539527812567,115792089237316195423570985008687907853269984665640564039457584007913112660610,0,52653,algebra_v2
0xb775272e537cc670c65dc852908ad47015244eaf,47216692,0xa7689347c358146bb993fe9f058e4c80b18b0ff90d4c3c51793609a1690ea60b,-159535132118076770,-0.159535,266694825,266.6948,3238628523979890331375524,128406539527812567,115792089237316195423570985008687907853269984665640564039457584007913112660611,0,45338,algebra_v2
0xb775272e537cc670c65dc852908ad47015244eaf,47216692,0x4dbe3bc7d4c7eeb26a993ee91b0feb16dc63ffd608c3da43d1418836a24be6d7,-216309218541652508,-0.216309,361647313,361.6473,3238851552540890914571928,128406539527812567,115792089237316195423570985008687907853269984665640564039457584007913112660612,0,61480,algebra_v2
0xb775272e537cc670c65dc852908ad47015244eaf,47216728,0x2cfc63ac404d59cb7caa7ba67c88666587625a70ac77e8cf3b6c3ce7f18106fe,-155570220826009212,-0.155570,260128598,260.1286,3239011974323938284817111,128406539527812567,115792089237316195423570985008687907853269984665640564039457584007913112660613,0,44222,algebra_v2
0xb775272e537cc670c65dc852908ad47015244eaf,47216729,0xe66c6f09ef2a9865ebd37507cae84e43e58d056b69754b0aca96e4974d92d094,-152975713035753849,-0.152976,255815456,255.8155,3239169736184668360805036,128406539527812567,115792089237316195423570985008687907853269984665640564039457584007913112660614,0,43488,algebra_v2
0xb775272e537cc670c65dc852908ad47015244eaf,47216738,0xec4070ce0a0c3a4479f4124012337e5e2ac4c765b798ff1fe3ad033afbe56d75,-276818071224283507,-0.276818,462975665,462.9757,3239455254126298931067221,128406539527812567,115792089237316195423570985008687907853269984665640564039457584007913112660616,0,78705,algebra_v2
0xb775272e537cc670c65dc852908ad47015244eaf,47216739,0x3f34a5fea3bb47b4cf12daf7b4e46d51f5cca445f9ea12ec2ed472061c6138d7,-205658723405193410,-0.205659,344015161,344.0152,3239667408906775672193534,128406539527812567,115792089237316195423570985008687907853269984665640564039457584007913112660617,0,58482,algebra_v2
0xb775272e537cc670c65dc852908ad47015244eaf,47216739,0xeae413916417dee9906cfcfcee6fdde1c0e50a14a00267ae781aaab21e744471,-62323369665903870,-0.062323,104260173,104.2602,3239731706345570915319808,128406539527812567,115792089237316195423570985008687907853269984665640564039457584007913112660617,0,17724,algebra_v2
0xb775272e537cc670c65dc852908ad47015244eaf,47216739,0x96bc3641bae121a546f3edd6fdea00b18e434e27745c3d510c33816477ab0f75,-40053487841466380,-0.040053,67007283,67.0073,3239773029859671668039563,128406539527812567,115792089237316195423570985008687907853269984665640564039457584007913112660618,0,11391,algebra_v2
0xb775272e537cc670c65dc852908ad47015244eaf,47216739,0x63ca022546f5742be80a508e54727a2fcf57143ced888818966c2fa745cca4cb,-159229554305110717,-0.159230,266399195,266.3992,3239937318731573811312298,128406539527812567,115792089237316195423570985008687907853269984665640564039457584007913112660619,0,45288,algebra_v2
0xb775272e537cc670c65dc852908ad47015244eaf,47216740,0xf1207c21a22e727c07ec5d6edec545a4de18877947635f0360118b85aa571393,-1376238556077350,-0.001376,2302636,2.3026,3239938738770997399113315,128406539527812567,115792089237316195423570985008687907853269984665640564039457584007913112660619,0,391,algebra_v2
0xb775272e537cc670c65dc852908ad47015244eaf,47216740,0x63b4c79d395c3b0d260569ac6967b38834af51fbbba90d83006616f9bd5e9073,-169688907820923488,-0.169689,283928208,283.9282,3240113425198698203296825,129427361545498997,115792089237316195423570985008687907853269984665640564039457584007913112660620,0,48268,algebra_v2
0xb775272e537cc670c65dc852908ad47015244eaf,47216741,0x4e559d0bf8a96f27f5d8445fa9c107cfba0dc48ca09b31bc6b48f20bd44aaf1d,-272565264213726832,-0.272565,456127624,456.1276,3240392501307478833289011,129427361545498997,115792089237316195423570985008687907853269984665640564039457584007913112660622,0,77541,algebra_v2
0xb775272e537cc670c65dc852908ad47015244eaf,47216750,0x0679ee4e31e283d7a406dbb8187d5dc40d83b3ae2087d925eaf7f5cd321701f2,-168028342528869738,-0.168028,281228206,281.2282,3240564567345714977302762,129427361545498997,115792089237316195423570985008687907853269984665640564039457584007913112660623,0,47809,algebra_v2
0xb775272e537cc670c65dc852908ad47015244eaf,47216756,0x47fe8957aae18b0d6113fefee161f7466043cd7e9afd71280d2a2d7fccd4ae99,-273960033950671172,-0.273960,458589604,458.5896,3240845149786845666651163,129427361545498997,115792089237316195423570985008687907853269984665640564039457584007913112660624,0,77960,algebra_v2
0xb775272e537cc670c65dc852908ad47015244eaf,47216756,0x652c35f214efa0e6b01874dd86d6b2d8b7c2a11ee7c4f713d60dda32eddf108b,-25370415195648027,-0.025370,42472289,42.4723,3240871135936575015223296,129427361545498997,115792089237316195423570985008687907853269984665640564039457584007913112660624,0,7220,algebra_v2
0xb775272e537cc670c65dc852908ad47015244eaf,47216757,0x670ce7fb2d9d78f526831fdac3ec3df6619f9bc78edec183fcc6e8446b1c1b6e,-155658490439536434,-0.155658,260600798,260.6008,3241030581347653974716123,129427361545498997,115792089237316195423570985008687907853269984665640564039457584007913112660625,0,44302,algebra_v2
0xb775272e537cc670c65dc852908ad47015244eaf,47216759,0x9ef75344c12a842ada5025c41db6377b73478f30606958bcd97b3b9371a934c6,-1107123387860547936,-1.107123,1854267194,1854.2672,3242165100613027301815515,129425068981949301,115792089237316195423570985008687907853269984665640564039457584007913112660632,0,315224,algebra_v2
0xb775272e537cc670c65dc852908ad47015244eaf,47216759,0x2bc50bfc5993c6e7ed5f487dd9c5f5b94638191629131858898fa7af538e79ba,-37817452617103005,-0.037817,63361545,63.3615,3242203868285599000000000,129425068981949301,115792089237316195423570985008687907853269984665640564039457584007913112660633,0,10771,algebra_v2
0xb775272e537cc670c65dc852908ad47015244eaf,47216759,0xf234bf537dee00201eb49ee45c1a62dc598c4f33f10c9ebddd8e6daf4f549f75,-28129969291492186,-0.028130,47131558,47.1316,3242232705663663454814208,129425068981949301,115792089237316195423570985008687907853269984665640564039457584007913112660633,0,8012,algebra_v2
0xb775272e537cc670c65dc852908ad47015244eaf,47216759,0xa39b69a94ed8a6d643ec783bdfaf98a640cc4fe01c15193635503da68e90f388,-193887603865059687,-0.193888,324880070,324.8801,3242431483081460000000000,129425068981949301,115792089237316195423570985008687907853269984665640564039457584007913112660634,0,55229,algebra_v2
0xb775272e537cc670c65dc852908ad47015244eaf,47216759,0x1975029902c1d0d565cfe08e6edf60c10ddfeff69ad01aa58f6d586d0d058129,-182134341622332291,-0.182134,305222471,305.2225,3242618233025065323069440,129425068981949301,115792089237316195423570985008687907853269984665640564039457584007913112660635,0,51888,algebra_v2
0xb775272e537cc670c65dc852908ad47015244eaf,47216760,0x0efd48fd8036da822b126415b186c8fca572db7dd65b2e45353d5cb26014b112,-226060376308774170,-0.226060,378883043,378.8830,3242850052087625177466658,129425068981949301,115792089237316195423570985008687907853269984665640564039457584007913112660637,0,64410,algebra_v2
0xb775272e537cc670c65dc852908ad47015244eaf,47216761,0xb51d9ae4cdefb64d1df31147da264b9a2b5342080458919c5fad20afacdcfd0d,-101839787164421831,-0.101840,170703820,170.7038,3242954496982396870520844,129425068981949301,115792089237316195423570985008687907853269984665640564039457584007913112660637,0,29019,algebra_v2
0xb775272e537cc670c65dc852908ad47015244eaf,47216762,0x689ee995bd5d903864dc2ab42c980b3a594071f02c9267db2a3e12fe191495fb,-209641313593885059,-0.209641,351435324,351.4353,3243169522196350944719695,129425068981949301,115792089237316195423570985008687907853269984665640564039457584007913112660639,0,59744,algebra_v2
0xb775272e537cc670c65dc852908ad47015244eaf,47216762,0xc02b46bff9487ddc5ac0bb2685640d709b206ee67fe7123f8902cf7b04096687,-57755865775411965,-0.057756,96828092,96.8281,3243228766328641437040640,129425068981949301,115792089237316195423570985008687907853269984665640564039457584007913112660639,0,16461,algebra_v2
0xb775272e537cc670c65dc852908ad47015244eaf,47216823,0xdb20c5047427eaa03f5ee6f3f4d80e2b7093eb181cea6099e6baa404bd115467,160781250000000000,0.160781,-269272576,-269.2726,3243063929859315605494519,129425068981949301,115792089237316195423570985008687907853269984665640564039457584007913112660638,27332812500000,0,algebra_v2
0xb775272e537cc670c65dc852908ad47015244eaf,47216824,0x0be34c5c6096c0a25b125e526f3c3aa47e1019df0ea673711c6c57f6f3983713,100546875000000000,0.100547,-168379581,-168.3796,3242960855509671581155737,129425068981949301,115792089237316195423570985008687907853269984665640564039457584007913112660637,17092968750000,0,algebra_v2
0xb775272e537cc670c65dc852908ad47015244eaf,47216855,0xef189730a23d54ae1b74dd3e04b882b450a546e5b01e38890feb378d68e07508,219375000000000000,0.219375,-367336482,-367.3365,3242735988760535978874700,129425068981949301,115792089237316195423570985008687907853269984665640564039457584007913112660636,37293750000000,0,algebra_v2
0xb775272e537cc670c65dc852908ad47015244eaf,47216856,0xb1f7f0a80beb546840cebd745fb205a99d7c931ea5fba1622428beff31d4629a,164656526373541984,0.164657,-275678667,-275.6787,3242567230772217013467679,129425068981949301,115792089237316195423570985008687907853269984665640564039457584007913112660635,27991609483502,0,algebra_v2
0xb775272e537cc670c65dc852908ad47015244eaf,47216857,0x2ae6839ac93a697deea651ca4bb4b150ea93709980688ff7d5fab6a9433bffb1,88033755977184772,0.088034,-147380069,-147.3801,3242477011371864376138650,129425068981949301,115792089237316195423570985008687907853269984665640564039457584007913112660634,14965738516121,0,algebra_v2
0xb775272e537cc670c65dc852908ad47015244eaf,47216857,0xfa731cc88b602c3a9e1ebc20a6dff6661f3a37dc9e544e77e91b65688588ed07,97968750000000000,0.097969,-164002913,-164.0029,3242376616220054354854551,129425068981949301,115792089237316195423570985008687907853269984665640564039457584007913112660634,16654687500000,0,algebra_v2
0xb775272e537cc670c65dc852908ad47015244eaf,47216873,0x1fbeeda85b56bbbf110c137e438480d564d230c927018c2ff2c9539f8f1d087e,214741416678840320,0.214741,-359448676,-359.4487,3242156578028395799646571,129425068981949301,115792089237316195423570985008687907853269984665640564039457584007913112660632,36506040835403,0,algebra_v2
0xb775272e537cc670c65dc852908ad47015244eaf,47216873,0x0f7f15cf975e364289a29882e46c4dea2bfa717a1db4c46ac6005724b24d348b,55308936864928662,0.055309,-92571930,-92.5719,3242099909687299343908864,129425068981949301,115792089237316195423570985008687907853269984665640564039457584007913112660632,9402519267038,0,algebra_v2
0xb775272e537cc670c65dc852908ad47015244eaf,47216873,0x6a6974203a3400e4e8b1d4ed2736675b1c7aa020627c6b38256e49040d168e0c,6263255478384852,0.006263,-10482761,-10.4828,3242093492615994090192896,129425068981949301,115792089237316195423570985008687907853269984665640564039457584007913112660632,1064753431325,0,algebra_v2
0xb775272e537cc670c65dc852908ad47015244eaf,47216880,0xf0a4e817032b326d6b848db3c7b84d0aac5f8a9650c054cb2529929511b819e0,159770591186968224,0.159771,-267392742,-267.3927,3241929806895758689946513,129425068981949301,115792089237316195423570985008687907853269984665640564039457584007913112660631,27161000501784,0,algebra_v2
0xb775272e537cc670c65dc852908ad47015244eaf,47216881,0x8ca82515b2ef8d7b5b8991b8e3c125a2fd01aa083dcccbcd877393e80a7ba2a2,458759174926088192,0.458759,-767631263,-767.6313,3241459901751656747905145,129427361545498997,115792089237316195423570985008687907853269984665640564039457584007913112660628,77989059737435,0,algebra_v2
0xb775272e537cc670c65dc852908ad47015244eaf,47216894,0x3285782173a5b6ecbe7784d3feda9d4e5346c80f1d1c0f3185ffaa6a74ce45f9,167725051760900608,0.167725,-280594955,-280.5950,3241288137277292545050880,129427361545498997,115792089237316195423570985008687907853269984665640564039457584007913112660627,28513258799353,0,algebra_v2
0xb775272e537cc670c65dc852908ad47015244eaf,47216931,0x0e61fdb9d5b1f7f814e9cf69433003f3c92e968a7bc395a627478fc165f979b9,168063100033704672,0.168063,-281130666,-281.1307,3241116044870885746680214,129427361545498997,115792089237316195423570985008687907853269984665640564039457584007913112660626,28570727005730,0,algebra_v2
0xb775272e537cc670c65dc852908ad47015244eaf,47216932,0x83f37df93e2c76973bf192b7079199297025c67dafe172590be2d8cde29d0656,135468750000000000,0.135469,-226586134,-226.5861,3240977341563851156504679,129427361545498997,115792089237316195423570985008687907853269984665640564039457584007913112660625,23029687500000,0,algebra_v2
0xb775272e537cc670c65dc852908ad47015244eaf,47216935,0x4dd2b38cc93ee76dfd4f8f9063d38185016f534e5baf3b50c3884a091890d0de,159709215341068672,0.159709,-267106025,-267.1060,3240813834254603038190255,129427361545498997,115792089237316195423570985008687907853269984665640564039457584007913112660624,27150566607981,0,algebra_v2
0xb775272e537cc670c65dc852908ad47015244eaf,47216963,0xf244af4e2133b1bfced04fc06cb66f4079ecd9c02684aa62dbafa9243c65a03d,-162606250918440224,-0.162606,272223591,272.2236,3240980390929690093283279,129427361545498997,115792089237316195423570985008687907853269984665640564039457584007913112660625,0,46278,algebra_v2
0xb775272e537cc670c65dc852908ad47015244eaf,47216963,0x1a164679a36d37192a1a079d21577fb4dc0e679e819e4cf5189932a895f985d2,-283009949530136972,-0.283010,473861466,473.8615,3241270317272788198701621,129427361545498997,115792089237316195423570985008687907853269984665640564039457584007913112660627,0,80556,algebra_v2
0xb775272e537cc670c65dc852908ad47015244eaf,47216967,0xa30f2c79b9ac858a426ee465ad32dbbf850fd1abd3fc135611cada2f6cea484c,-60772279275634823,-0.060772,101765931,101.7659,3241332581512593368068204,129427361545498997,115792089237316195423570985008687907853269984665640564039457584007913112660627,0,17300,algebra_v2
0xb775272e537cc670c65dc852908ad47015244eaf,47216968,0xd2cd72173141fbe8f969b95b7d7e540351f843bb3be9b27727407fb35611dd7a,-100902101854269171,-0.100902,168973768,168.9738,3241435966046143342071485,129427361545498997,115792089237316195423570985008687907853269984665640564039457584007913112660628,0,28725,algebra_v2
0xb775272e537cc670c65dc852908ad47015244eaf,47216976,0xc29e36b2d5ab2167e06369f1c6d27ff32fe344fcabfec0585ce139e28aabf441,-375266648715999869,-0.375267,628527694,628.5277,3241820525484421112691391,129425068981949301,115792089237316195423570985008687907853269984665640564039457584007913112660630,0,106850,algebra_v2
0xb775272e537cc670c65dc852908ad47015244eaf,47216976,0x916b365ea8b2e8de598d01d00dc11d474a978b7eaff0b09c13dbb30ee2d76890,-11440287664263369,-0.011440,19163485,19.1635,3241832250635898253737984,129425068981949301,115792089237316195423570985008687907853269984665640564039457584007913112660630,0,3257,algebra_v2
0xb775272e537cc670c65dc852908ad47015244eaf,47216976,0x80691b57adefcf7053eef410b04f7d9ea1965f3779e1c1bc3d8dd834d2cacdd4,-41965947408292265,-0.041966,70297828,70.2978,3241875262264002553577472,129425068981949301,115792089237316195423570985008687907853269984665640564039457584007913112660631,0,11950,algebra_v2
0xb775272e537cc670c65dc852908ad47015244eaf,47216984,0x49285b6b4eae31bfd66e3f085674f166c73bdb207d38a3b41095619ab67959ff,179936236355268096,0.179936,-301099594,-301.0996,3241690942735862069641938,129425068981949301,115792089237316195423570985008687907853269984665640564039457584007913112660630,30589160180395,0,algebra_v2
0xb775272e537cc670c65dc852908ad47015244eaf,47216984,0x5a5d7e76d87d452ec9fde97f6270d1d9790dabdba716ff9184958cda8a7da10e,92435760489894934,0.092436,-154665759,-154.6658,3241596264882453759393792,129427361545498997,115792089237316195423570985008687907853269984665640564039457584007913112660629,15714079283281,0,algebra_v2
0xb775272e537cc670c65dc852908ad47015244eaf,47216991,0x5eeea1429f27bb033e4182acd271dfa6e0f912166123990492ce7a2e76e9f94a,57389198426409400,0.057389,-96020455,-96.0205,3241537486551850979107537,129427361545498997,115792089237316195423570985008687907853269984665640564039457584007913112660629,9756163732489,0,algebra_v2
0xb775272e537cc670c65dc852908ad47015244eaf,47216991,0xa05013efa89c47b20b06ff30d8709a17028a58dfc7ad394de810befb0d46e77a,119062500000000000,0.119063,-199197731,-199.1977,3241415548887084840533973,129427361545498997,115792089237316195423570985008687907853269984665640564039457584007913112660628,20240625000000,0,algebra_v2
0xb775272e537cc670c65dc852908ad47015244eaf,47216996,0xa3916957df7e15e392cad884507f5ffca116b295f6f79f93d9a4f530697a5e1f,380002993253937,0.000380,-635740,-0.6357,3241415159722326994530708,129427361545498997,115792089237316195423570985008687907853269984665640564039457584007913112660628,64600508853,0,algebra_v2
0xb775272e537cc670c65dc852908ad47015244eaf,47216997,0x591a4204c435a6cf29cbde934393df97b137951a01e25fc254d2ab3748799ce6,349613395888933504,0.349613,-584834581,-584.8346,3241057156833947796109915,129427361545498997,115792089237316195423570985008687907853269984665640564039457584007913112660626,59434277301118,0,algebra_v2
0xb775272e537cc670c65dc852908ad47015244eaf,47216997,0x3d7dad9a4f1b41547a585204522929777e8cdb3f39cc92d8a8ee93075bd394a4,176192964561109824,0.176193,-294687287,-294.6873,3240876765825252861158311,129427361545498997,115792089237316195423570985008687907853269984665640564039457584007913112660625,29952803975388,0,algebra_v2
0xb775272e537cc670c65dc852908ad47015244eaf,47216997,0x3b1f5ef149313be8b92095123e5dfb56740f16117dff4cb3dc16a6d852486d52,172074916190513696,0.172075,-287768084,-287.7681,3240700610364071429007108,129427361545498997,115792089237316195423570985008687907853269984665640564039457584007913112660623,29252735752387,0,algebra_v2
0xb775272e537cc670c65dc852908ad47015244eaf,47216999,0x75ba05c908d437ff51f1f74a8bce315ae0ca9cc13a8060a24929e67861e616f5,254448614013607296,0.254449,-425467741,-425.4677,3240440162905706259594814,129427361545498997,115792089237316195423570985008687907853269984665640564039457584007913112660622,43256264382313,0,algebra_v2
0xb775272e537cc670c65dc852908ad47015244eaf,47216999,0x7544c2f78316c3fc4cc25891705302d30d5151ab5d97fc8a4aebae36739d67f0,48494975474360376,0.048495,-81081492,-81.0815,3240390529369140199686144,129427361545498997,115792089237316195423570985008687907853269984665640564039457584007913112660622,8244145830641,0,algebra_v2
0xb775272e537cc670c65dc852908ad47015244eaf,47217021,0x18641c1d37a2024ff20002a0bab29095bd9be7ede7922a37213a9626df9a989a,139687500000000000,0.139687,-233537552,-233.5376,3240247570794467054552794,129427361545498997,115792089237316195423570985008687907853269984665640564039457584007913112660621,23746875000000,0,algebra_v2
0xb775272e537cc670c65dc852908ad47015244eaf,47217022,0xd3ce674cc9beebfeb352cd3e63a59b05051e108bbc9098d75625ea9e2ace12d6,188180338556237109,0.188180,-314578076,-314.5781,3240054951933823147523095,128406539527812567,115792089237316195423570985008687907853269984665640564039457584007913112660619,31990657554559,0,algebra_v2
0xb775272e537cc670c65dc852908ad47015244eaf,47217023,0x0b85cc77a3347ff2101e2dada44f7882a15751670391d5ca8009248e8f903727,153512975710754592,0.153513,-256597399,-256.5974,3239896628685167238170167,128406539527812567,115792089237316195423570985008687907853269984665640564039457584007913112660618,26097205870828,0,algebra_v2
0xb775272e537cc670c65dc852908ad47015244eaf,47217034,0x83a10fcf682de68008f8aad2365d7408ff63a42ca4e24faecd8da700d5552c95,188808331522294752,0.188808,-315559306,-315.5593,3239701925330236331066753,128406539527812567,115792089237316195423570985008687907853269984665640564039457584007913112660617,32097416358790,0,algebra_v2
0xb775272e537cc670c65dc852908ad47015244eaf,47217034,0x356dba022da59cd2503f26939a4c51476b1147f56a0e7a7864dd694c5d7e5f22,81291200201905423,0.081291,-135852000,-135.8520,3239618103241376664649728,128406539527812567,115792089237316195423570985008687907853269984665640564039457584007913112660617,13819504034324,0,algebra_v2
0xb775272e537cc670c65dc852908ad47015244eaf,47217041,0x52aa3ceb2f2d2437e2cb020ec8bdb371fc71b26ee1c9143365a9d5c28b72660a,161491547500755072,0.161492,-269860138,-269.8601,3239451596745538581560109,128406539527812567,115792089237316195423570985008687907853269984665640564039457584007913112660616,27453563075128,0,algebra_v2
0xb775272e537cc670c65dc852908ad47015244eaf,47217044,0x354688d1ad0dfcc1892fc3d341ffe7636674d46ee7802627f531e98de97ce951,155835321376331808,0.155835,-260382014,-260.3820,3239290938350239131617464,128406539527812567,115792089237316195423570985008687907853269984665640564039457584007913112660615,26492004633976,0,algebra_v2
0xb775272e537cc670c65dc852908ad47015244eaf,47217046,0x8d94a5eec620bc3813f3131fc6ee1a859939669423dee88da477dba252926551,154328347685582432,0.154328,-257838591,-257.8386,3239131849273492899888906,128406539527812567,115792089237316195423570985008687907853269984665640564039457584007913112660614,26235819106549,0,algebra_v2
0xb775272e537cc670c65dc852908ad47015244eaf,47217084,0x62302e0e2fac604c4e3d4d3431ae883ada9b2e9d57e65b339a6b6ab2d37ed246,-7802000422179530,-0.007802,13047351,13.0474,3239139895598584096800283,128406539527812567,115792089237316195423570985008687907853269984665640564039457584007913112660614,0,2218,algebra_v2
0xb775272e537cc670c65dc852908ad47015244eaf,47217085,0x454992fbf91ec628a37270475bf29fbcf25980ab5dd6bc8d0613c38705a385ed,-84504261959993917,-0.084504,141321339,141.3213,3239227048727334288453284,128406539527812567,115792089237316195423570985008687907853269984665640564039457584007913112660614,0,24024,algebra_v2
0xb775272e537cc670c65dc852908ad47015244eaf,47217093,0x1337aad830a3d932fe1934bea2d783a21a185f0cc8a1371b94a8202d0927d0b7,-110458673003371099,-0.110459,184737861,184.7379,3239340976904991732921357,128406539527812567,115792089237316195423570985008687907853269984665640564039457584007913112660615,0,31405,algebra_v2
0xb775272e537cc670c65dc852908ad47015244eaf,47217093,0xd8a4cf440c7a4ea9ff3b5eba091290ce40ca0fd2ba8c143853d2708b135280f7,-184360872378252829,-0.184361,308365380,308.3654,3239531146399970842640384,128406539527812567,115792089237316195423570985008687907853269984665640564039457584007913112660616,0,52422,algebra_v2
0xb775272e537cc670c65dc852908ad47015244eaf,47217099,0xf3dd9ed6ef66257cfb5bdcdf0d93bc070ea052fbe4df331ca30eacd6949c4db0,-412259749959612,-0.000412,689594,0.6896,3239531571673730151185767,128406539527812567,115792089237316195423570985008687907853269984665640564039457584007913112660616,0,117,algebra_v2
0xb775272e537cc670c65dc852908ad47015244eaf,47217103,0xece2d6df84954538d0a4788a8f0179108c686c5b3c6738870b3984f25ba86c55,-246360668998356701,-0.246361,412124008,412.1240,3239785729304712279031273,128406539527812567,115792089237316195423570985008687907853269984665640564039457584007913112660618,0,70061,algebra_v2
0xb775272e537cc670c65dc852908ad47015244eaf,47217103,0x6441fe2bf1213129d3bb47e243af86d805c1fb7bedc7875a02e7e774073d7ae6,-41562430984527516,-0.041562,69534015,69.5340,3239828611058608996614144,128406539527812567,115792089237316195423570985008687907853269984665640564039457584007913112660618,0,11821,algebra_v2
0xb775272e537cc670c65dc852908ad47015244eaf,47217103,0xf96a7626b29b47268b231b204606341bc6faa7af05e06db087f8758ec7faac45,-72880790753557777,-0.072881,121934126,121.9341,3239903808056556689293312,128406539527812567,115792089237316195423570985008687907853269984665640564039457584007913112660619,0,20729,algebra_v2
0xb775272e537cc670c65dc852908ad47015244eaf,47217105,0x7d63b80b88c9ab979643e7c251db8c2858bd70705227e1e6e792cf61f6319759,-164120990210735934,-0.164121,274605414,274.6054,3240073065953377321945801,129427361545498997,115792089237316195423570985008687907853269984665640564039457584007913112660620,0,46682,algebra_v2
0xb775272e537cc670c65dc852908ad47015244eaf,47217107,0x00cb11ef128e86ef477802f842c41f5f854716c366a5002ee92b5d3ee4f99207,-268168042649198065,-0.268168,448757237,448.7572,3240347632580883816721614,129427361545498997,115792089237316195423570985008687907853269984665640564039457584007913112660621,0,76288,algebra_v2
0xb775272e537cc670c65dc852908ad47015244eaf,47217111,0xf07f505fd584c670cba2079b484fdc16a92da2bfd82e1362544fff2e78e5ba40,-5871749463880712,-0.005872,9826743,9.8267,3240353673044649630154054,128825450225099328,115792089237316195423570985008687907853269984665640564039457584007913112660621,0,1670,algebra_v2
0xb775272e537cc670c65dc852908ad47015244eaf,47217162,0x3f2effb570e507a7d12ed778eb42efa4c44ad69d787a2e961cd69781ea3fd7e6,-210768516612259719,-0.210769,352758535,352.7585,3240569513091366543560546,129421933977836619,115792089237316195423570985008687907853269984665640564039457584007913112660623,0,59969,algebra_v2
0xb775272e537cc670c65dc852908ad47015244eaf,47217162,0xd85fb560681f72954554acd2aa864b19d0847497e3cd50d49b18375cccf5743e,-58940951530999382,-0.058941,98656557,98.6566,3240629877430078199037952,129421933977836619,115792089237316195423570985008687907853269984665640564039457584007913112660623,0,16771,algebra_v2
0xb775272e537cc670c65dc852908ad47015244eaf,47217163,0x6d0774f0cd303fa03215ccd4eb6d870c50d59e2ac2d1ba4bb1ea4017be953895,-149707681758914456,-0.149708,250600269,250.6003,3240783210569682321630458,129421933977836619,115792089237316195423570985008687907853269984665640564039457584007913112660624,0,42602,algebra_v2
0xb775272e537cc670c65dc852908ad47015244eaf,47217165,0x045b409700e5ce2126cec22ecbd81494c8d2638c1ead0afaa00da602fae66f2c,-155519053424215435,-0.155519,260353216,260.3532,3240942511181179738961001,129421933977836619,115792089237316195423570985008687907853269984665640564039457584007913112660625,0,44260,algebra_v2
0xb775272e537cc670c65dc852908ad47015244eaf,47217165,0x1ab102032a6fc95364ec987f653269bbf994343642a723d4f5bacf035d151cd6,-158579940644102208,-0.158580,265503780,265.5038,3241104963234604948003891,129421933977836619,115792089237316195423570985008687907853269984665640564039457584007913112660626,0,45135,algebra_v2
0xb775272e537cc670c65dc852908ad47015244eaf,47217166,0xd9031a71c7996da7140e211d5da22e87cc38eb2f783ed4e1367f2b68c562ec19,-151009865469151761,-0.151010,252854262,252.8543,3241259675510094966312924,129421933977836619,115792089237316195423570985008687907853269984665640564039457584007913112660627,0,42985,algebra_v2
0xb775272e537cc670c65dc852908ad47015244eaf,47217178,0x79a4f0b926597b8872eab78fbbe27535f4f0d43bb459651b1bceab6664676730,253125906162027008,0.253126,-423402236,-423.4022,3241000481568282762039345,129421933977836619,115792089237316195423570985008687907853269984665640564039457584007913112660625,43031404047544,0,algebra_v2
0xb775272e537cc670c65dc852908ad47015244eaf,47217178,0xbe4a81d1b67942622e946c24791a88eeaffeee69c800c232a181f348ced3f9c9,41249324570063742,0.041249,-68991089,-68.9911,3240958247326408442380288,129421933977836619,115792089237316195423570985008687907853269984665640564039457584007913112660625,7012385176910,0,algebra_v2
0xb775272e537cc670c65dc852908ad47015244eaf,47217195,0x56cf3695ddd4593f0a68d50682517b0480b81fe6d4be356b820343b4006ebb2b,243863871908332800,0.243864,-407835016,-407.8350,3240708583162224863867813,129421933977836619,115792089237316195423570985008687907853269984665640564039457584007913112660623,41456858224416,0,algebra_v2
0xb775272e537cc670c65dc852908ad47015244eaf,47217195,0x7bf2b04d67e505a7cb06b0fb96a66f7d0d37390a14f7fec237f91aa0f5aa4884,183309350819825056,0.183309,-306522996,-306.5230,3240520939128507489037426,129421933977836619,115792089237316195423570985008687907853269984665640564039457584007913112660622,31162589639370,0,algebra_v2
0xb775272e537cc670c65dc852908ad47015244eaf,47217196,0x7fe06c367ba563678f362660d942a753ba3dd502b800afc689d7f1de8abe56e1,217152655120949024,0.217153,-363068566,-363.0686,3240298679620246908924874,129421933977836619,115792089237316195423570985008687907853269984665640564039457584007913112660621,36915951370561,0,algebra_v2
0xb775272e537cc670c65dc852908ad47015244eaf,47217205,0x972bdcb155a53761d2e9629b2016c90835ddc27f0b3120e14127296b2b6fd776,82110673623849700,0.082111,-137272034,-137.2720,3240214645865475060075443,129421933977836619,115792089237316195423570985008687907853269984665640564039457584007913112660620,13958814516054,0,algebra_v2
0xb775272e537cc670c65dc852908ad47015244eaf,47217206,0xfc234daca3c08c4078fb22a384e9f98c451c0a882bf860dcaea7c09bc2b7293e,264200735780350144,0.264201,-441640532,-441.6405,3239943402047968160377793,128452322043455376,115792089237316195423570985008687907853269984665640564039457584007913112660619,44914125082659,0,algebra_v2
0xb775272e537cc670c65dc852908ad47015244eaf,47217207,0x63651c1f46ec998893b76b6f82a32b6890b73346e875db249a31551ff660335a,173239789440993344,0.173240,-289549077,-289.5491,3239764810948846944312509,128452322043455376,115792089237316195423570985008687907853269984665640564039457584007913112660618,29450764204968,0,algebra_v2
0xb775272e537cc670c65dc852908ad47015244eaf,47217207,0x365e66f3f110ee568f1ba609431baaa8d8aab347448a79f41a1f885bebc561e9,79695810859010800,0.079696,-133191061,-133.1911,3239682659977228714244622,128452322043455376,115792089237316195423570985008687907853269984665640564039457584007913112660617,13548287846032,0,algebra_v2
0xb775272e537cc670c65dc852908ad47015244eaf,47217207,0xe0c58057177e04a777b06aa0c42cb89afb16cc0920963ce0fde09ef4133cfe6c,56820988540999400,0.056821,-94957551,-94.9576,3239624091068581866429192,128452322043455376,115792089237316195423570985008687907853269984665640564039457584007913112660617,9659568051970,0,algebra_v2
0xb775272e537cc670c65dc852908ad47015244eaf,47217208,0x55d7e7da8b70bb8e72277026661793592b6a479687fc9d59da661604911912f9,124687500000000000,0.124688,-208362020,-208.3620,3239495575369312773871981,128452322043455376,115792089237316195423570985008687907853269984665640564039457584007913112660616,21196875000000,0,algebra_v2
0xb775272e537cc670c65dc852908ad47015244eaf,47217226,0xd01ed831336b3de7d78eb18542342821e85d934bdd9942922d6076a83fbfd66f,168235788859491072,0.168236,-281108227,-281.1082,3239322190505617515843424,128452322043455376,115792089237316195423570985008687907853269984665640564039457584007913112660615,28600084106113,0,algebra_v2
0xb775272e537cc670c65dc852908ad47015244eaf,47217238,0xadc3fbe5af281d08495e5ed26cb89b18c778a1629f6275375ad1bb085d2919d9,156991462857813792,0.156991,-262292739,-262.2927,3239160410854895543904869,128452322043455376,115792089237316195423570985008687907853269984665640564039457584007913112660614,26688548685828,0,algebra_v2
0xb775272e537cc670c65dc852908ad47015244eaf,47217247,0x9e79731897999e28d9ccc91d0a1756a488020392ff406f79ad3c223ea37a0d3d,991250000000000,0.000991,-1656042,-1.6560,3239159389423434753210335,128452322043455376,115792089237316195423570985008687907853269984665640564039457584007913112660614,168512500000,0,algebra_v2
0xb775272e537cc670c65dc852908ad47015244eaf,47217253,0xc1bf47202c1deab223832ce8e32245ede1d6b52d5996e7daf7286db0b065fc43,158511458737973952,0.158511,-264805518,-264.8055,3238996059914419096770952,128452322043455376,115792089237316195423570985008687907853269984665640564039457584007913112660613,26946947985455,0,algebra_v2
0xb775272e537cc670c65dc852908ad47015244eaf,47217269,0x88b0e45b5b017d9b97e480eacbdbd3ab641c302324a18982459d949b0dc9a8b6,211041196072834944,0.211041,-352519020,-352.5190,3238778629557109496256685,128452322043455376,115792089237316195423570985008687907853269984665640564039457584007913112660612,35877003332382,0,algebra_v2
0xb775272e537cc670c65dc852908ad47015244eaf,47217269,0x953ac9c540a070113f3650ea5d7facdbc3abb763d0e64453fec5d55453f97724,76739540714298128,0.076740,-128172470,-128.1725,3238699574004272974528512,128452322043455376,115792089237316195423570985008687907853269984665640564039457584007913112660611,13045721921431,0,algebra_v2
0xb775272e537cc670c65dc852908ad47015244eaf,47217269,0xa91bd1c00bd77b08a05ac7abc97b280d96725b0a4c1ac90c025003e3397fd73f,33128491891508113,0.033128,-55330175,-55.3302,3238665446881629004890112,128452322043455376,115792089237316195423570985008687907853269984665640564039457584007913112660611,5631843621556,0,algebra_v2
0xb775272e537cc670c65dc852908ad47015244eaf,47217291,0xddb8ab1edd9884658f7e373837457386772e659781dff684dad377ab9220e88c,97432971213469142,0.097433,-162722757,-162.7228,3238565081042825651724455,128452322043455376,115792089237316195423570985008687907853269984665640564039457584007913112660610,16563605106289,0,algebra_v2
0xb775272e537cc670c65dc852908ad47015244eaf,47217325,0x7930637657b39cf9f85937fd2d4f4e3d42cf251db6091897ff2a9aa236f5f0da,166718409726317024,0.166718,-278412936,-278.4129,3238393154046804160958977,127914136002059590,115792089237316195423570985008687907853269984665640564039457584007913112660609,28342129653474,0,algebra_v2
0xb775272e537cc670c65dc852908ad47015244eaf,47217326,0x6f45a4f4bdd8ccca69415e7333ba47f61e407f6df4b9bff7e1c0b0737dca6ebf,241100128285721344,0.241100,-402574977,-402.5750,3238143804938835963320549,127914136002059590,115792089237316195423570985008687907853269984665640564039457584007913112660608,40987021808572,0,algebra_v2
0xb775272e537cc670c65dc852908ad47015244eaf,47217331,0xf6d4a9fab30acf5df03f57a87285038fd8131febbaaf39de81f8ee7f687af4e0,202570073635257312,0.202570,-338191809,-338.1918,3237934333831968917777110,127914136002059590,115792089237316195423570985008687907853269984665640564039457584007913112660606,34436912517993,0,algebra_v2
0xb775272e537cc670c65dc852908ad47015244eaf,47217341,0x96afbad4713f461fcb061e25c375740b905ba2e6b1c39264be43c83f6812af13,151874934663571744,0.151875,-253527308,-253.5273,3237777302690265974171360,127914136002059590,115792089237316195423570985008687907853269984665640564039457584007913112660605,25818738892807,0,algebra_v2
0xb775272e537cc670c65dc852908ad47015244eaf,47217341,0x366abc1eb6b5a5d035313f4435e4ff77c8d3ffbe9981eb59e05a0dc68508d0be,118948390247610570,0.118948,-198545319,-198.5453,3237654326596192138428416,127914136002059590,115792089237316195423570985008687907853269984665640564039457584007913112660605,20221226342094,0,algebra_v2
0xb775272e537cc670c65dc852908ad47015244eaf,47217341,0x5402512a40e63ae62b406724162c7cb2ae432cfa456968169c47216189d15b09,161055058840275520,0.161055,-268804556,-268.8046,3237487832948819621852941,127914136002059590,115792089237316195423570985008687907853269984665640564039457584007913112660604,27379360002846,0,algebra_v2
0xb775272e537cc670c65dc852908ad47015244eaf,47217343,0x68efacbda399b2a1ff912f848757dcde159f1f0cd378b47991e9b61492f11595,136392245022369000,0.136392,-227620139,-227.6201,3237346848332116306066179,127914136002059590,115792089237316195423570985008687907853269984665640564039457584007913112660603,23186681653802,0,algebra_v2
0xb775272e537cc670c65dc852908ad47015244eaf,47217344,0x845bfde5e20c39c806b6fbfbaff138b70fbce250df205a58bf48a963eaeab936,301403331874162726,0.301403,-502930938,-502.9309,3237035340195604945275038,127914136002059590,115792089237316195423570985008687907853269984665640564039457584007913112660601,51238566418607,0,algebra_v2
0xb775272e537cc670c65dc852908ad47015244eaf,47217360,0x97d02fa374fca9ec7bd45672e36caddb54aa3ba145640243c86d65bf22eca0d7,-198836533818596010,-0.198837,332105970,332.1060,3237240938970775689236874,127914136002059590,115792089237316195423570985008687907853269984665640564039457584007913112660602,0,56458,algebra_v2
0xb775272e537cc670c65dc852908ad47015244eaf,47217372,0x1fe0d3ad186f6e3ffd833ed1ce926128af54dad5721183cc062aa4f8d20731a1,-159055197673146063,-0.159055,265691716,265.6917,3237405422287217944127130,127914136002059590,115792089237316195423570985008687907853269984665640564039457584007913112660603,0,45167,algebra_v2
0xb775272e537cc670c65dc852908ad47015244eaf,47217374,0x3d499de672479b4792b1f187c9190824a1505bab14f8eaa7cd4cda723b7f9cd9,-153901138269822177,-0.153901,257107886,257.1079,3237564591562130415618938,127914136002059590,115792089237316195423570985008687907853269984665640564039457584007913112660604,0,43708,algebra_v2
0xb775272e537cc670c65dc852908ad47015244eaf,47217374,0xcef8f5c67cec09ebc37c15c44fa636ffd2f191a5da5fd0e99c9c9f62649ce480,-133596948017937712,-0.133597,223208122,223.2081,3237702774311839565086720,127914136002059590,115792089237316195423570985008687907853269984665640564039457584007913112660605,0,37945,algebra_v2
0xb775272e537cc670c65dc852908ad47015244eaf,47217384,0x2e73fbd9c83a90f310e85ac1f3b375410195c501856a7863674771c9810ffb34,-144747094043377566,-0.144747,241858819,241.8588,3237852503257535168722849,127914136002059590,115792089237316195423570985008687907853269984665640564039457584007913112660606,0,41116,algebra_v2
0xb775272e537cc670c65dc852908ad47015244eaf,47217387,0x8251e7eb92d413b00ed31beae3d4fcf05d2bc55c971606fd8c2c29a14a51a9e1,-222743711039215177,-0.222744,372227551,372.2276,3238082940333170044849906,127914136002059590,115792089237316195423570985008687907853269984665640564039457584007913112660607,0,63278,algebra_v2
0xb775272e537cc670c65dc852908ad47015244eaf,47217389,0x847709fd1df3b0bb33670a73dbbdeb22636d0db7c11900ebc0a441f4d1c2dff8,-154853699588506491,-0.154854,258807612,258.8076,3238243161867262200877271,127914136002059590,115792089237316195423570985008687907853269984665640564039457584007913112660608,0,43997,algebra_v2
0xb775272e537cc670c65dc852908ad47015244eaf,47217389,0x1daa03a1605ba5590fb05732b833cfe141ebc61d029443013e5130f2d2c5eac5,-221709630865013215,-0.221710,370588787,370.5888,3238472456189583310781010,128452322043455376,115792089237316195423570985008687907853269984665640564039457584007913112660610,0,62999,algebra_v2
0xb775272e537cc670c65dc852908ad47015244eaf,47213800,0xc500f64e0aea7c1cde418d44f2523558a29f747fb8801df4616f5646929cbd7c,-151191102431806876,-0.151191,253522023,253.5220,3243586506789135214095813,137512918020681464,115792089237316195423570985008687907853269984665640564039457584007913112660641,0,43099,algebra_v2
0xb775272e537cc670c65dc852908ad47015244eaf,47213800,0x884dfcd50239fa868019c7649e336ae84259a8bd3ca217c972e4f273dcd1e3ef,-157276877915019945,-0.157277,263751064,263.7511,3243738391166031362949412,137512918020681464,115792089237316195423570985008687907853269984665640564039457584007913112660642,0,44837,algebra_v2
0xb775272e537cc670c65dc852908ad47015244eaf,47213806,0xb76862f104789b060d2944dc4167652f30fa0a695e3b7329a87a1982cc404e53,-210249123640495821,-0.210249,352623342,352.6233,3243941453765330653264687,137512918020681464,115792089237316195423570985008687907853269984665640564039457584007913112660643,0,59946,algebra_v2
0xb775272e537cc670c65dc852908ad47015244eaf,47213808,0x586e37382faea6a745c8e55d48aeaffa4b3a47f1366f27a9bb1c19ab22c5f7b3,-38172790917063422,-0.038173,64026963,64.0270,3243978324499312907334077,137512918020681464,115792089237316195423570985008687907853269984665640564039457584007913112660644,0,10884,algebra_v2
0xb775272e537cc670c65dc852908ad47015244eaf,47213808,0x45d8a545955c43ff520fcd281c2c5165ad7b6de6df3f9e8aa01add13510b4ec4,-114496732538533659,-0.114497,192053321,192.0533,3244088920826579725457187,137512918020681464,115792089237316195423570985008687907853269984665640564039457584007913112660644,0,32649,algebra_v2
0xb775272e537cc670c65dc852908ad47015244eaf,47213811,0xe6a3cc5bb5f4852b68cfcb7394aeec8f23de77f2d0a8148c843d84b7e97271b2,-2004385191693867,-0.002004,3362212,3.3622,3244090856998255858588691,137512918020681464,115792089237316195423570985008687907853269984665640564039457584007913112660644,0,571,algebra_v2
0xb775272e537cc670c65dc852908ad47015244eaf,47213848,0xeca2c1191508b045c1cffe380727e550ddf0418f3d9d6dcbc12da3c39178267e,-95042238757096814,-0.095042,159431085,159.4311,3244182667399356529950476,137512918020681464,115792089237316195423570985008687907853269984665640564039457584007913112660645,0,27103,algebra_v2
0xb775272e537cc670c65dc852908ad47015244eaf,47213851,0xf72e71908f48b02b2e0709b20279cad23006d67acdb930fdbeef4792a0327c3f,-211105543329515678,-0.211106,354156790,354.1568,3244386613053870547527262,137512918020681464,115792089237316195423570985008687907853269984665640564039457584007913112660646,0,60206,algebra_v2
0xb775272e537cc670c65dc852908ad47015244eaf,47213855,0x46684144d249ee8a0279c6c170fbaa3df59e69631ab3a73b2b4c8be5ae061aef,-175070132574824383,-0.175070,293736516,293.7365,3244555764931380144050212,137512918020681464,115792089237316195423570985008687907853269984665640564039457584007913112660647,0,49935,algebra_v2
0xb775272e537cc670c65dc852908ad47015244eaf,47213857,0xea6b555390683803279b2ec427cbf3b31355db9f4766c4bdbe62ea11a0de7ce3,-158779009585672777,-0.158779,266429399,266.4294,3244709191661367121341142,137512918020681464,115792089237316195423570985008687907853269984665640564039457584007913112660648,0,45293,algebra_v2
0xb775272e537cc670c65dc852908ad47015244eaf,47213858,0x2e09af3e0cc7521eb5b78fa080432ff1ddfab3f318af1d83aee96145adb58ead,-107044601866719122,-0.107045,179633863,179.6339,3244812636087158277406720,137512918020681464,115792089237316195423570985008687907853269984665640564039457584007913112660649,0,30537,algebra_v2
0xb775272e537cc670c65dc852908ad47015244eaf,47213862,0x14b516a44dc65bb9f467aa598510834e9f5b0254ce8cbec9d2e7ea1c863f4264,-235906737378934082,-0.235907,395920629,395.9206,3245040441588138165745141,137739741667214106,115792089237316195423570985008687907853269984665640564039457584007913112660650,0,67306,algebra_v2
0xb775272e537cc670c65dc852908ad47015244eaf,47213862,0x23ba5c790e9e164bf68fae5f71f129962c49003bcf7630b531d3e16f71a4a1b2,-27706971904400123,-0.027707,46504065,46.5041,3245067177439727634612224,137739741667214106,115792089237316195423570985008687907853269984665640564039457584007913112660650,0,7906,algebra_v2
0xb775272e537cc670c65dc852908ad47015244eaf,47213863,0x19cfcb084b22b9b190cbc4fe879d3157d74d4c18067c60fb701fe75b84296553,-112152761906085700,-0.112153,188247785,188.2478,3245175403784941625218409,137739741667214106,115792089237316195423570985008687907853269984665640564039457584007913112660651,0,32002,algebra_v2
0xb775272e537cc670c65dc852908ad47015244eaf,47213863,0x2f4470b9fd9838e6afbbbf249260c74129f6026bb2ba8eb149be2fb996979077,-117426596082401055,-0.117427,197113343,197.1133,3245288727066181932753448,137739741667214106,115792089237316195423570985008687907853269984665640564039457584007913112660652,0,33509,algebra_v2
0xb775272e537cc670c65dc852908ad47015244eaf,47213864,0x49186c82792d4684c0a364d10d78cb66a7a7d55a6ccaa56327e9db17944c18a1,-1766837596900879794,-1.766838,2967492183,2967.4922,3246994365122665393561148,137867950979352471,115792089237316195423570985008687907853269984665640564039457584007913112660662,0,504473,algebra_v2
0xb775272e537cc670c65dc852908ad47015244eaf,47213864,0x87edd4db64266afef9ea105de825f74d4802933259080b60814e5121022a2224,-168506473083519792,-0.168506,283177959,283.1780,3247157016785800401683988,137867950979352471,115792089237316195423570985008687907853269984665640564039457584007913112660663,0,48140,algebra_v2
0xb775272e537cc670c65dc852908ad47015244eaf,47213865,0x5905ae1fddce235789af5e64ad4a9471ab366eb35b41855c0eecdfb9c16d9721,-413151439575318243,-0.413151,694428006,694.4280,3247555882115391125228431,137867950979352471,115792089237316195423570985008687907853269984665640564039457584007913112660666,0,118053,algebra_v2
0xb775272e537cc670c65dc852908ad47015244eaf,47213871,0x50bc45d218f0bd8b517fe7fe7d65b35709f53e0b601c8650facaaaf6a46fb9e3,199515740472641440,0.199516,-335033560,-335.0336,3247363349382383358159958,137867950979352471,115792089237316195423570985008687907853269984665640564039457584007913112660665,33917675880349,0,algebra_v2
0xb775272e537cc670c65dc852908ad47015244eaf,47213876,0xd7d5bd4974cbec96ebe646a940f3c50fea1e2a4b3e6f004fbe84e88c5a78e9c2,169386285421463488,0.169386,-284407985,-284.4080,3247199909497075024037234,137867950979352471,115792089237316195423570985008687907853269984665640564039457584007913112660664,28795668521648,0,algebra_v2
0xb775272e537cc670c65dc852908ad47015244eaf,47213877,0x2788d1324b4e5329c7d32d59f08de09dc55cbb6510ed769a5a40dbad12ac5f98,170704701005288640,0.170705,-286592708,-286.5927,3247035214123499124421345,137867950979352471,115792089237316195423570985008687907853269984665640564039457584007913112660663,29019799170899,0,algebra_v2
0xb775272e537cc670c65dc852908ad47015244eaf,47213878,0x8abcc5b2f0ae75649a458d4bf3d8dede58d2fc487d15f25ed7b00e362cf7a8e8,158736024296161632,0.158736,-266472652,-266.4727,3246882081082391204153498,137867950979352471,115792089237316195423570985008687907853269984665640564039457584007913112660662,26985124130347,0,algebra_v2
0xb775272e537cc670c65dc852908ad47015244eaf,47213879,0x22b9f0f03d9fadc305a117b6f130066a6b8a3d5b14142338275cd224879d81bf,187289033227626144,0.187289,-314372715,-314.3727,3246701421455468503005379,137867950979352471,115792089237316195423570985008687907853269984665640564039457584007913112660660,31839135648696,0,algebra_v2
0xb775272e537cc670c65dc852908ad47015244eaf,47213884,0x09e7162cbbc32305523539fc966ad81e965083901353d99eb5e7106644562489,157483494915231264,0.157483,-264315759,-264.3158,3246549527909222584379218,137867950979352471,115792089237316195423570985008687907853269984665640564039457584007913112660660,26772194135589,0,algebra_v2
0xb775272e537cc670c65dc852908ad47015244eaf,47213888,0x4a591a91970417325630dfc48e9688650052e9cfdf2658fd2aa0ab65d877653c,156328125000000000,0.156328,-262352150,-262.3521,3246398624053980515742014,137739741667214106,115792089237316195423570985008687907853269984665640564039457584007913112660659,26575781250000,0,algebra_v2
0xb775272e537cc670c65dc852908ad47015244eaf,47213889,0xd2c07adef5d984b661f2473dae2147ec1249c1216953dad4b7bf27e621fc276a,163556574253726976,0.163557,-274456934,-274.4569,3246240755901067301264044,137739741667214106,115792089237316195423570985008687907853269984665640564039457584007913112660658,27804617623133,0,algebra_v2
0xb775272e537cc670c65dc852908ad47015244eaf,47213893,0x9a4ac29aa17ad2185ca5433a54b435541ef1296a813126193d39c943e327a667,177269192529881440,0.177269,-297437320,-297.4373,3246069669386143859910495,137739741667214106,115792089237316195423570985008687907853269984665640564039457584007913112660657,30135762730079,0,algebra_v2
0xb775272e537cc670c65dc852908ad47015244eaf,47213893,0x94dbb7d00c73cd7ee77f0004c8a17501d00b3154d63ad99d12ada0d2e1a4b53a,149307584746773376,0.149308,-250496635,-250.4966,3245925583243014509161410,137739741667214106,115792089237316195423570985008687907853269984665640564039457584007913112660656,25382289406951,0,algebra_v2
0xb775272e537cc670c65dc852908ad47015244eaf,47213904,0xd7135658bb34bed848869c4725a2e2cc0ee5c7b6249497617943114d93c9aad1,601492015651139712,0.601492,-1008911245,-1008.9112,3245345255567672108617045,137739741667214106,115792089237316195423570985008687907853269984665640564039457584007913112660652,102253642660693,0,algebra_v2
0xb775272e537cc670c65dc852908ad47015244eaf,47213904,0x3e9e83571a4cdba30a720a9bc58b574fd2f2cf2e26b4f816ac2e28596d401178,17296333980896560,0.017296,-29006629,-29.0066,3245328570898785052393472,137739741667214106,115792089237316195423570985008687907853269984665640564039457584007913112660652,2940376776752,0,algebra_v2
0xb775272e537cc670c65dc852908ad47015244eaf,47213914,0x53b94239c24481597f52e87afd1ca8fefcb5e1c2e3838182aee38657b4e95549,159945311996409568,0.159945,-268220424,-268.2204,3245174289998026983348006,137739741667214106,115792089237316195423570985008687907853269984665640564039457584007913112660651,27190703039389,0,algebra_v2
0xb775272e537cc670c65dc852908ad47015244eaf,47213917,0x752fe94bd0051f189ccacc934007d31fa2c74c11acbc2a89e25cf78c70aafd52,183750814500940160,0.183751,-308109606,-308.1096,3244997064764077096559988,137739741667214106,115792089237316195423570985008687907853269984665640564039457584007913112660650,31237638465160,0,algebra_v2
0xb775272e537cc670c65dc852908ad47015244eaf,47213958,0x42e00c85c407276cd48d625b48491772042b2bf667508cdf22e3040854a67550,384655320969474432,0.384655,-644873145,-644.8731,3244625639494154071336809,137512918020681464,115792089237316195423570985008687907853269984665640564039457584007913112660648,65391404564810,0,algebra_v2
0xb775272e537cc670c65dc852908ad47015244eaf,47213958,0x783c439c6c517300721202b9190f8ee41972aade2ee19ddb85947458490ddbd4,149724027214568857,0.149724,-250971824,-250.9718,3244481041904554033020928,137512918020681464,115792089237316195423570985008687907853269984665640564039457584007913112660647,25453084626476,0,algebra_v2
0xb775272e537cc670c65dc852908ad47015244eaf,47213977,0xce4cd58193fd3362f4826ef2ad03c89e77da9853a454d428c5999c12303ad6e0,34774146789690869,0.034774,-58286248,-58.2862,3244447460242532474461812,137512918020681464,115792089237316195423570985008687907853269984665640564039457584007913112660647,5911604954247,0,algebra_v2
0xb775272e537cc670c65dc852908ad47015244eaf,47213979,0x4a8b273baf49f529e46be0cdb3d468e63877d68e9fdfb0a2c5f997ff155f83cc,414851653467852928,0.414852,-695255326,-695.2553,3244046888406862922763058,137512918020681464,115792089237316195423570985008687907853269984665640564039457584007913112660644,70524781089535,0,algebra_v2
0xb775272e537cc670c65dc852908ad47015244eaf,47213979,0x8965454ea59f7a001ed6709b320587fb6d2898ab585c273e98d0cc614fb013ca,162272597907790528,0.162273,-271908066,-271.9081,3243890228386697215726496,137512918020681464,115792089237316195423570985008687907853269984665640564039457584007913112660643,27586341644324,0,algebra_v2
0xb775272e537cc670c65dc852908ad47015244eaf,47213981,0x5004f4fc648fd9867c9e5697970eb0e554162d0215e67afbe6402faa0f6299af,163071880624165376,0.163072,-273220910,-273.2209,3243732811970821154794698,137512918020681464,115792089237316195423570985008687907853269984665640564039457584007913112660642,27722219706108,0,algebra_v2
0xb775272e537cc670c65dc852908ad47015244eaf,47214018,0xba3c3a9def14b48119a711b9a4e74391859fd71aa424dcd923be6cdea43e9388,-287537719468944378,-0.287538,482258829,482.2588,3244010526800386332092693,137512918020681464,115792089237316195423570985008687907853269984665640564039457584007913112660644,0,81984,algebra_v2
0xb775272e537cc670c65dc852908ad47015244eaf,47214021,0x77ec0d3b2fe2e4541b798602b3e75537bb44b78388030357d3c53cb4f7bd983d,-222118646014118609,-0.222119,372594368,372.5944,3244225089966642072873602,137512918020681464,115792089237316195423570985008687907853269984665640564039457584007913112660645,0,63341,algebra_v2
0xb775272e537cc670c65dc852908ad47015244eaf,47214026,0xc6ae3982fc1767f88777aaa34f57853832f6ce781a0b3c7b8fd6b0e6b19bc57a,-178373814349790353,-0.178374,299250000,299.2500,3244397416853887774647660,137512918020681464,115792089237316195423570985008687907853269984665640564039457584007913112660646,0,50872,algebra_v2
0xb775272e537cc670c65dc852908ad47015244eaf,47214079,0x56eca0b2ad5ecb84744f61cc6e405dced6e925aad90c1c6a4f0067772835f28a,172502948357053376,0.172503,-289111887,-289.1119,3244230844840518150361237,137512918020681464,115792089237316195423570985008687907853269984665640564039457584007913112660645,29325501220699,0,algebra_v2
0xb775272e537cc670c65dc852908ad47015244eaf,47214183,0x3c7fca5ba838d42761588884b24392bf9cde1ab61681561e7fd4889beb9c5264,159935584073339776,0.159936,-268022687,-268.0227,3244076423384412758642716,137512918020681464,115792089237316195423570985008687907853269984665640564039457584007913112660644,27189049292467,0,algebra_v2
0xb775272e537cc670c65dc852908ad47015244eaf,47214193,0x1b6f32f504aafb80f35b858f57990907ec7977f7df195abe9dda0d8a1099ba37,172424701545070400,0.172425,-288923576,-288.9236,3243909959866828217553541,137512918020681464,115792089237316195423570985008687907853269984665640564039457584007913112660643,29312199262662,0,algebra_v2
0xb775272e537cc670c65dc852908ad47015244eaf,47214193,0x9ef5f3b0b98510bdd4bef52b64c2d505f35201be9a4ee16949b33b9c1ba5ef4c,216174612853686112,0.216175,-362191258,-362.1913,3243701283123465699151008,137512918020681464,115792089237316195423570985008687907853269984665640564039457584007913112660642,36749684185126,0,algebra_v2
0xb775272e537cc670c65dc852908ad47015244eaf,47214219,0x2c587aa0bdaba8de974aacaa3b8cf1b1b8aa88899ce930b6250cbeb536732de4,150016701745285216,0.150017,-251319138,-251.3191,3243556485428719103512682,137512918020681464,115792089237316195423570985008687907853269984665640564039457584007913112660641,25502839296698,0,algebra_v2
0xb775272e537cc670c65dc852908ad47015244eaf,47214225,0x59672b66cf1637202d2698fd6f6c6a21213a103764217903337173848a535edd,158656042266344288,0.158656,-265767992,-265.7680,3243403363016774653045534,137512918020681464,115792089237316195423570985008687907853269984665640564039457584007913112660640,26971527185278,0,algebra_v2
0xb775272e537cc670c65dc852908ad47015244eaf,47214230,0x8ee3105f1752a0910cd9403e004d68d5c954ecd0173b26cd432c7d1240f596a7,174765008262822048,0.174765,-292723410,-292.7234,3243234729528867622054972,137551781689592202,115792089237316195423570985008687907853269984665640564039457584007913112660639,29710051404679,0,algebra_v2
0xb775272e537cc670c65dc852908ad47015244eaf,47214236,0xb03e40a86edf0574148ea45a08c4f20316c3c3abe506e35237344137e18b564b,159550313248185248,0.159550,-267212915,-267.2129,3243080818121564110192368,137551781689592202,115792089237316195423570985008687907853269984665640564039457584007913112660638,27123553252191,0,algebra_v2
0xb775272e537cc670c65dc852908ad47015244eaf,47214236,0x82e46482d1afc92867f5b6fff7fb1c4f21d247ce6d685963c3fd5bbc6488f97f,140357652229777577,0.140358,-235048313,-235.0483,3242945433136189350608896,137551781689592202,115792089237316195423570985008687907853269984665640564039457584007913112660637,23860800879062,0,algebra_v2
0xb775272e537cc670c65dc852908ad47015244eaf,47214277,0xd9b103467c16e78f3a7c84b35bf709d2f015ced472c80239515447d1a0b06f6c,9653880454482174,0.009654,-16166037,-16.1660,3242936077237321563503138,136898169774323470,115792089237316195423570985008687907853269984665640564039457584007913112660637,1641159677262,0,algebra_v2
0xb775272e537cc670c65dc852908ad47015244eaf,47214319,0x576b750fe538271783aee48c4667c058dd5f336213dda87d1b478a2a4e6d31ae,385011134281738112,0.385011,-644649967,-644.6500,3242564746062872801440412,137544154372311069,115792089237316195423570985008687907853269984665640564039457584007913112660635,65451892827895,0,algebra_v2
0xb775272e537cc670c65dc852908ad47015244eaf,47214409,0x27ccfbd50fdd3ef7633e770a4b857bd699a5b0efa4ec22518b8020522fae9c4c,-180010974174400197,-0.180011,301687692,301.6877,3242738437271389855999327,137544154372311069,115792089237316195423570985008687907853269984665640564039457584007913112660636,0,51286,algebra_v2
0xb775272e537cc670c65dc852908ad47015244eaf,47214410,0x0888800349f3b8c694406656a9eb232f98c341286fd8f30ed89188e2902196fa,-157376436251767532,-0.157376,263780034,263.7800,3242890303833916725744572,137544154372311069,115792089237316195423570985008687907853269984665640564039457584007913112660637,0,44842,algebra_v2
0xb775272e537cc670c65dc852908ad47015244eaf,47214415,0xa5d4755a79f39b2f0bdae48510487126b575b33326e079ab67939f68f7ff017f,-170516018511040188,-0.170516,285831292,285.8313,3243054866008045158251235,137544154372311069,115792089237316195423570985008687907853269984665640564039457584007913112660638,0,48591,algebra_v2
0xb775272e537cc670c65dc852908ad47015244eaf,47214416,0xcbb96b693298523d3fbb1e95b0e39f70963fe0666094f93103e8a1cf24e1e8f2,-231558649076301153,-0.231559,388201816,388.2018,3243278366151988729877131,137544154372311069,115792089237316195423570985008687907853269984665640564039457584007913112660639,0,65994,algebra_v2
0xb775272e537cc670c65dc852908ad47015244eaf,47214458,0xf38a10fe0928102e364d34ac4933dad0023cfb7271e32294fd84b54581545dd4,-171420762259171640,-0.171421,287416747,287.4167,3243443879964723499387643,137506081870005679,115792089237316195423570985008687907853269984665640564039457584007913112660640,0,48860,algebra_v2
0xb775272e537cc670c65dc852908ad47015244eaf,47214605,0xaf7069f2ede1952f2c41f11f791f7d6c3bf38e79bbe857d64e00d3ae578d0598,-341349275641041883,-0.341349,572418859,572.4189,3243773530972724304142633,137506081870005679,115792089237316195423570985008687907853269984665640564039457584007913112660642,0,97311,algebra_v2
0xb775272e537cc670c65dc852908ad47015244eaf,47214605,0x9d39cd735c11c672fbe8c04b1eb89b05214b407939c862997d00cd3073fc6ba4,-126685203959259819,-0.126685,212471832,212.4718,3243895891640147238907317,137506081870005679,115792089237316195423570985008687907853269984665640564039457584007913112660643,0,36120,algebra_v2
0xb775272e537cc670c65dc852908ad47015244eaf,47214607,0x756d2fc71ea41a1793ff44ff0310e56d35c24f0d11a7cd3200b83912a64c8772,-154628049855956070,-0.154628,259358285,259.3583,3244045253804830996459341,137506081870005679,115792089237316195423570985008687907853269984665640564039457584007913112660644,0,44091,algebra_v2
0xb775272e537cc670c65dc852908ad47015244eaf,47214607,0xec1213be61de8790260cde8c0c4070de7b860a1af07e7a3d22abcb59b67d3d3f,-159356465898990299,-0.159356,267314269,267.3143,3244199197751026629323722,137506081870005679,115792089237316195423570985008687907853269984665640564039457584007913112660645,0,45443,algebra_v2
0xb775272e537cc670c65dc852908ad47015244eaf,47214615,0x730eb47b78d9ed649438f77d5823e643948ad1b4220d424f3b1bcd24bd36d641,-154554030139862592,-0.154554,259282606,259.2826,3244348516332929470996092,137506081870005679,115792089237316195423570985008687907853269984665640564039457584007913112660646,0,44078,algebra_v2
0xb775272e537cc670c65dc852908ad47015244eaf,47214615,0x25c69fd1f5be4e9d10ed1e496b52d76ed632dd98ff91291d702e25348fabc15e,-97503286357624968,-0.097503,163585536,163.5855,3244442723810489197751788,137506081870005679,115792089237316195423570985008687907853269984665640564039457584007913112660647,0,27809,algebra_v2
0xb775272e537cc670c65dc852908ad47015244eaf,47214625,0xefb323672b603038491ad545f4b6e4685e716acd8c4c6cf403e4ae4d9722be8a,-7252606950330908,-0.007253,12168397,12.1684,3244449764559771802572846,136860097272018080,115792089237316195423570985008687907853269984665640564039457584007913112660647,0,2068,algebra_v2
0xb775272e537cc670c65dc852908ad47015244eaf,47214699,0xbbb7d88b8638bfdbfa97386e3731916c8a9e82edcc86427ac6a5a1107af8d675,149931033900005344,0.149931,-251291554,-251.2916,3244304973197824034349402,137503839076977040,115792089237316195423570985008687907853269984665640564039457584007913112660646,25488275763001,0,algebra_v2
0xb775272e537cc670c65dc852908ad47015244eaf,47214707,0xaf80dbd3b0f27c9febcc2035857f7855ed9c8ab47463dbed17652ce7a437f0b7,96796875000000000,0.096797,-162224259,-162.2243,3244211501407818304574944,137503839076977040,115792089237316195423570985008687907853269984665640564039457584007913112660645,16455468750000,0,algebra_v2
0xb775272e537cc670c65dc852908ad47015244eaf,47214709,0x516164acb02ef7de3056d09974f3c089f12cf76423923196505b2ddf13650eed,180496247353068352,0.180496,-302473126,-302.4731,3244037219800734456862031,137503839076977040,115792089237316195423570985008687907853269984665640564039457584007913112660644,30684362050021,0,algebra_v2
0xb775272e537cc670c65dc852908ad47015244eaf,47214712,0xe0efa70d37d9f0d17ac410780b5be8de3a59c28c685986c58f72021d514b5f4e,163453949971757440,0.163454,-273885840,-273.8858,3243879409865910161889226,137503839076977040,115792089237316195423570985008687907853269984665640564039457584007913112660643,27787171495198,0,algebra_v2
0xb775272e537cc670c65dc852908ad47015244eaf,47214713,0x6fc09020e702604c5d3d5a23e57c6fac0e25f7559b45a389bf3b4c92f605b021,359651668346818112,0.359652,-602543809,-602.5438,3243532230912866391152554,137503839076977040,115792089237316195423570985008687907853269984665640564039457584007913112660641,61140783618959,0,algebra_v2
0xb775272e537cc670c65dc852908ad47015244eaf,47214721,0x14d63880dcc7427b71778f618d1055fe652331b4d380f3a81595b70eb833d2ec,163073408894671616,0.163073,-273163168,-273.1632,3243374837373472144884588,137503839076977040,115792089237316195423570985008687907853269984665640564039457584007913112660640,27722479512094,0,algebra_v2
0xb775272e537cc670c65dc852908ad47015244eaf,47214728,0xc02ec047f3a99fbf8bce52cf1eda1acc1a2fcb68e53077122fd3f2413eab1688,346623492061907829,0.346623,-580538637,-580.5386,3243040451627421603465353,137563573550986582,115792089237316195423570985008687907853269984665640564039457584007913112660638,58925993650523,0,algebra_v2
0xb775272e537cc670c65dc852908ad47015244eaf,47214728,0x4e4a9c07fb25fcf3748795e327af0a4bb2bddd6846af2d9f7f90ce15d314e773,60001876742283689,0.060002,-100481346,-100.4813,3242982580548162891546624,137563573550986582,115792089237316195423570985008687907853269984665640564039457584007913112660638,10200319046188,0,algebra_v2
0xb775272e537cc670c65dc852908ad47015244eaf,47214729,0x5a64e5ebffad41aa4ec70e39d8956d4a31b04498c62080f4b5f010d6ab4f7411,180681792555061440,0.180682,-302554709,-302.5547,3242808327633283709924171,137563573550986582,115792089237316195423570985008687907853269984665640564039457584007913112660636,30715904734360,0,algebra_v2
0xb775272e537cc670c65dc852908ad47015244eaf,47214729,0x4c9f6bcfcbb929c5b8c7b50575ce8a943b4d23b55bda4ba85bc44e78337d28fe,167824545889547904,0.167825,-280995908,-280.9959,3242646491262404072038812,137563573550986582,115792089237316195423570985008687907853269984665640564039457584007913112660635,28530172801223,0,algebra_v2
0xb775272e537cc670c65dc852908ad47015244eaf,47214729,0xa2f13dd17e40bcf788ec93df83c80cb7be355e69ed04b88c41aee9cbc95d735e,170254278971704704,0.170254,-285035458,-285.0355,3242482328359088308529076,137563573550986582,115792089237316195423570985008687907853269984665640564039457584007913112660634,28943227425190,0,algebra_v2
0xb775272e537cc670c65dc852908ad47015244eaf,47214729,0x05cf6817248154040be893c0c06433414d4b8ac4ec5aa020a624091ea2b7dcfc,382935150995349568,0.382935,-640995013,-640.9950,3242113154632656856625543,137563573550986582,115792089237316195423570985008687907853269984665640564039457584007913112660632,65098975669209,0,algebra_v2
0xb775272e537cc670c65dc852908ad47015244eaf,47214732,0xe82f28edd39b5466ff6d2295fb6e956c27b83f01831cb1163c46ab76b6dc5349,165559818468066880,0.165560,-277085329,-277.0853,3241953570515185645414925,137563573550986582,115792089237316195423570985008687907853269984665640564039457584007913112660631,28145169139571,0,algebra_v2
0xb775272e537cc670c65dc852908ad47015244eaf,47214732,0xce014c8ace277ace922fb5aae7e697c4b5580c80d0b9022bb6be6a8df3b715c2,160779584676309504,0.160780,-269058895,-269.0589,3241798609129789519830962,137563573550986582,115792089237316195423570985008687907853269984665640564039457584007913112660630,27332529394972,0,algebra_v2
0xb775272e537cc670c65dc852908ad47015244eaf,47214732,0xbd930881f0ea97f1b2f36aa7d7dbc924dff5bd5f5d7bc9d5e5b8e9dd2399f149,10696092446363057,0.010696,-17898616,-17.8986,3241788300626932885618688,137563573550986582,115792089237316195423570985008687907853269984665640564039457584007913112660630,1818335715881,0,algebra_v2
0xb775272e537cc670c65dc852908ad47015244eaf,47214740,0x44c8fc71f6ac5c49ef3f4a6eead8760f5566e20a483deab941a718cd4e78e7f0,62143889415317800,0.062144,-103988027,-103.9880,3241728409915186029883817,137563573550986582,115792089237316195423570985008687907853269984665640564039457584007913112660630,10564461200604,0,algebra_v2
0xb775272e537cc670c65dc852908ad47015244eaf,47214740,0xfb98375ff75044941663ff7c7d3e9acbdc4ad27306b0de3b0f67ef07f70d5ecc,253323729645516032,0.253324,-423857675,-423.8577,3241484297240022330254588,137565866114536278,115792089237316195423570985008687907853269984665640564039457584007913112660628,43065034039737,0,algebra_v2
0xb775272e537cc670c65dc852908ad47015244eaf,47214740,0xb3d847627a311096262e7e3e4fc8dc70ac2695d3c80182c07065933317607c44,166517929306553830,0.166518,-278580671,-278.5807,3241323854571346195382272,137565866114536278,115792089237316195423570985008687907853269984665640564039457584007913112660627,28308047982114,0,algebra_v2
0xb775272e537cc670c65dc852908ad47015244eaf,47214753,0x9585482df90f89e0bd67bdf3d267c754cd6d1126d178e1b911d0cff887aa7e67,275940283031992352,0.275940,-461581046,-461.5810,3241058016691926614434466,137565866114536278,115792089237316195423570985008687907853269984665640564039457584007913112660626,46909848115438,0,algebra_v2
0xb775272e537cc670c65dc852908ad47015244eaf,47214753,0xb58ed884f6b921e2bf756f786258e2322bbd065b0e07283ac6c4b09d6da5be13,44643743622172411,0.044644,-74671020,-74.6710,3241015011491000744935424,137565866114536278,115792089237316195423570985008687907853269984665640564039457584007913112660625,7589436415769,0,algebra_v2
0xb775272e537cc670c65dc852908ad47015244eaf,47214754,0xbc73f3cdbb03b6df2c029eb6de7640f4dafa0289465c1e4db46e3d085ce34618,128789062500000000,0.128789,-215401178,-215.4012,3240890955720307773569626,137565866114536278,115792089237316195423570985008687907853269984665640564039457584007913112660625,21894140625000,0,algebra_v2
0xb775272e537cc670c65dc852908ad47015244eaf,47214760,0x474b4c21a43bec470ca680889637a39d4d855cddb517e3766ee0a6d30c72fa1a,272619975945761387,0.272620,-455905631,-455.9056,3240628386476281043092279,137565866114536278,115792089237316195423570985008687907853269984665640564039457584007913112660623,46345395910779,0,algebra_v2
0xb775272e537cc670c65dc852908ad47015244eaf,47214761,0x2980f9bce0c2905cdbb96c555a48fa756c9cb25d645d712e067353129e73a8a5,879100579440055552,0.879101,-1469627255,-1469.6273,3239781585364817473939940,137369174843786511,115792089237316195423570985008687907853269984665640564039457584007913112660618,149447098504809,0,algebra_v2
0xb775272e537cc670c65dc852908ad47015244eaf,47214791,0x9e5c8b5e94df0057fe7c14faf2414f1e62338a5b38242bfcb9b2106ba3cc4ae6,155810719610751072,0.155811,-260393957,-260.3940,3239620992263271433102088,128464638577790499,115792089237316195423570985008687907853269984665640564039457584007913112660617,26487822333827,0,algebra_v2
0xb775272e537cc670c65dc852908ad47015244eaf,47214791,0x54c98f18b3019a90ba8bb4c97d791ebf1ca5689bfc57f4de387eeb98b1be785f,161258042788934816,0.161258,-269470448,-269.4704,3239454801405642723541762,128464638577790499,115792089237316195423570985008687907853269984665640564039457584007913112660616,27413867274119,0,algebra_v2
0xb775272e537cc670c65dc852908ad47015244eaf,47214791,0xdc3f52d0993e972f3f9954f4636535192099663e1dd3d40def145da2ab9366da,5165374543142400,0.005165,-8631148,-8.6311,3239449478306326175139915,128464638577790499,115792089237316195423570985008687907853269984665640564039457584007913112660616,878113672334,0,algebra_v2
0xb775272e537cc670c65dc852908ad47015244eaf,47214793,0xfe9f43088f4bf8334c9d752d2855374b0961223d2e0e334ef84be37c9a32a541,439561315332905216,0.439561,-734386683,-734.3867,3238996559058469365201501,128464638577790499,115792089237316195423570985008687907853269984665640564039457584007913112660613,74725423606594,0,algebra_v2
0xb775272e537cc670c65dc852908ad47015244eaf,47214812,0x2bf7d47ef9503dcf96d98e47cfee9f4fe82b3c41771430d961e7179bcef2dce4,-289522979450722310,-0.289523,484174668,484.1747,3239295015423727966369871,128464638577790499,115792089237316195423570985008687907853269984665640564039457584007913112660615,0,82309,algebra_v2
0xb775272e537cc670c65dc852908ad47015244eaf,47214821,0xd2f37d2ad14ad6859f6abf88c72c2b3a234d10823ef49fe36492870ae56f2d53,220835221761623200,0.220835,-368945714,-368.9457,3239067475056369839623046,128464638577790499,115792089237316195423570985008687907853269984665640564039457584007913112660613,37541987699476,0,algebra_v2
0xb775272e537cc670c65dc852908ad47015244eaf,47214821,0x7fe08a6af913a0c72153577f48483e61d8dc3985c6e75aff17409238d2e6476e,43135570444992935,0.043136,-72059825,-72.0598,3239023033506873753993216,128464638577790499,115792089237316195423570985008687907853269984665640564039457584007913112660613,7333046975648,0,algebra_v2
0xb775272e537cc670c65dc852908ad47015244eaf,47214831,0xc2fb7e048e586afcbecb9a9bc66bccfe3732375224c476de0642582b055a9416,547670286275428160,0.547670,-914734869,-914.7349,3238458887889253107254760,128464638577790499,115792089237316195423570985008687907853269984665640564039457584007913112660610,93103948666823,0,algebra_v2
0xb775272e537cc670c65dc852908ad47015244eaf,47214855,0x7ea26b2690435733609e91b74ca98f59eabbf33b0770a022d873f4a7f6946265,-66826404721225558,-0.066826,111710024,111.7100,3238527748508530390090931,128464638577790499,115792089237316195423570985008687907853269984665640564039457584007913112660610,0,18991,algebra_v2
0xb775272e537cc670c65dc852908ad47015244eaf,47214856,0x5232d2a84d64d7467f451bccf43817d998972b382ee17321603bab50d274850f,-400389056279925413,-0.400389,669407864,669.4079,3238940386862876539922177,128464638577790499,115792089237316195423570985008687907853269984665640564039457584007913112660613,0,113799,algebra_v2
0xb775272e537cc670c65dc852908ad47015244eaf,47214863,0x60687bfcaae7b20c60558d7568900b3ab89e0035c3a76f30603ec0e5affa5214,-161514985275950606,-0.161515,270084145,270.0841,3239106872921301751515035,128464638577790499,115792089237316195423570985008687907853269984665640564039457584007913112660614,0,45914,algebra_v2
0xb775272e537cc670c65dc852908ad47015244eaf,47214868,0x683a47948fa0dca11414f42dc171cfe6b6c658cd8f85664320cb961c6b6deefd,-167629145196483464,-0.167629,280337560,280.3376,3239279679420241754867748,128464638577790499,115792089237316195423570985008687907853269984665640564039457584007913112660615,0,47657,algebra_v2
0xb775272e537cc670c65dc852908ad47015244eaf,47214870,0xa3c2194ea0af47bffcd846211f181e43b6f6fa734eb574ce1e1c5ed12f162a3d,-183114905990415195,-0.183115,306269632,306.2696,3239468471042910175929173,128464638577790499,115792089237316195423570985008687907853269984665640564039457584007913112660616,0,52065,algebra_v2
0xb775272e537cc670c65dc852908ad47015244eaf,47214880,0xb4efc3c8cc705a1a02d51a4713c899f956536c547cbf71ddc25a2bba94eabd05,-152477605487080642,-0.152478,255054324,255.0543,3239625692375148606553733,128464638577790499,115792089237316195423570985008687907853269984665640564039457584007913112660617,0,43359,algebra_v2
0xb775272e537cc670c65dc852908ad47015244eaf,47214888,0x96b6fb52c67be8eeb528de324fc77099b47a801ffd8ee9cda417544d45e14b7f,-130787454823300860,-0.130787,218792219,218.7922,3239760560914478224872201,128464638577790499,115792089237316195423570985008687907853269984665640564039457584007913112660618,0,37194,algebra_v2
0xb775272e537cc670c65dc852908ad47015244eaf,47214894,0xfbed700ecaac5f4098c72fc17be262638bc46500f4a9b87b9d6d7ad0569149fa,-111567107601722724,-0.111567,186653209,186.6532,3239875618231521837710700,128464638577790499,115792089237316195423570985008687907853269984665640564039457584007913112660618,0,31731,algebra_v2
0xb775272e537cc670c65dc852908ad47015244eaf,47214902,0x567c4db35d6cd8f84613c070e0fde35207bdb7170d69d93726c8b45f81d6b3c9,-141686962638400897,-0.141687,237063225,237.0632,3240021749438145899102576,128464638577790499,115792089237316195423570985008687907853269984665640564039457584007913112660619,0,40300,algebra_v2
0xb775272e537cc670c65dc852908ad47015244eaf,47214914,0x76d6a332586f02b5cd830f4ecfb239e9217d7902b5229f94983b9f548f9cd4a6,-14624796611392874,-0.014625,24470664,24.4707,3240036833716044318750323,128464638577790499,115792089237316195423570985008687907853269984665640564039457584007913112660619,0,4160,algebra_v2
0xb775272e537cc670c65dc852908ad47015244eaf,47214975,0x9c4c1f501ba324120cd933c0009f4cc0ce281620c91db556d47652de374e0b3c,205216584803959616,0.205217,-343010666,-343.0107,3239825288304645346036973,128464638577790499,115792089237316195423570985008687907853269984665640564039457584007913112660618,34886819416673,0,algebra_v2
0xb775272e537cc670c65dc852908ad47015244eaf,47214975,0xaa9e14b17df5edc7ea084e848f2d2db93c2b195e6d1046ff884c5470ed51de79,65912433601293425,0.065912,-110160285,-110.1603,3239757349009507049537536,128464638577790499,115792089237316195423570985008687907853269984665640564039457584007913112660618,11205113712219,0,algebra_v2
0xb775272e537cc670c65dc852908ad47015244eaf,47214979,0xb15fc0055c7d52480524d285d6ad1cf735bd72c2dfd542cd6a7f4f3300c23e64,157843956512204960,0.157844,-263787825,-263.7878,3239594662803096142346366,128464638577790499,115792089237316195423570985008687907853269984665640564039457584007913112660617,26833472607075,0,algebra_v2
0xb775272e537cc670c65dc852908ad47015244eaf,47214981,0x9d4bd76e0aaad8607039d8c23f0d2e8c875e0b2f5e261ebaad2dd2b44535bb5c,160785449818665408,0.160785,-268676394,-268.6764,3239428961663321949849422,128464638577790499,115792089237316195423570985008687907853269984665640564039457584007913112660616,27333526469173,0,algebra_v2
0xb775272e537cc670c65dc852908ad47015244eaf,47214985,0x9f0b7a8d391bc19a0c9ea5f0db39a238c5c2a812333312fa8c1a51d37de9393d,51000000000000000,0.051000,-85216497,-85.2165,3239376405982465629776813,128464638577790499,115792089237316195423570985008687907853269984665640564039457584007913112660615,8670000000000,0,algebra_v2
0xb775272e537cc670c65dc852908ad47015244eaf,47215030,0xfca478f6948e03d6190250329cf1fa8aa0c3aab1a10ef438f8c9ac397270c3ba,167007305095694944,0.167007,-279035112,-279.0351,3239204316297090316321146,128464638577790499,115792089237316195423570985008687907853269984665640564039457584007913112660614,28391241866268,0,algebra_v2
0xb775272e537cc670c65dc852908ad47015244eaf,47215046,0x113558809bd122f4b07b9d5805f561ea38b82500a2353ba7f7e0f7c56b585b29,25880638846876672,0.025881,-43238609,-43.2386,3239177511016598337972869,127800025967732735,115792089237316195423570985008687907853269984665640564039457584007913112660614,4399708603969,0,algebra_v2
0xb775272e537cc670c65dc852908ad47015244eaf,47215109,0x303f08ee321905747c1aad4f1126a58090184f2a24335e246113464c6c445f8a,-335525841603260687,-0.335526,561177054,561.1771,3239523595025489877823246,128404650723469765,115792089237316195423570985008687907853269984665640564039457584007913112660616,0,95400,algebra_v2
0xb775272e537cc670c65dc852908ad47015244eaf,47215116,0xab340f101b4bb998968515d83943f7c194c08cac4cd50b518c48b065ce563916,-150940359230067054,-0.150940,252491396,252.4914,3239679309222791005025164,128404650723469765,115792089237316195423570985008687907853269984665640564039457584007913112660617,0,42923,algebra_v2
0xb775272e537cc670c65dc852908ad47015244eaf,47215262,0x914a22fa8f44e8e073c94d0aa8b02e3deb1128a767c8745cafc636e5a6a59218,348361071492918080,0.348361,-582115470,-582.1155,3239320132675805357516790,128404650723469765,115792089237316195423570985008687907853269984665640564039457584007913112660615,59221382153796,0,algebra_v2
0xb775272e537cc670c65dc852908ad47015244eaf,47215280,0xdf82775935a4bfaf8a53ee8efc1510dfee076264501678d0785a7e9a0086e22a,173314085619250048,0.173314,-289561806,-289.5618,3239141467419284277818074,128404650723469765,115792089237316195423570985008687907853269984665640564039457584007913112660614,29463394555272,0,algebra_v2
0xb775272e537cc670c65dc852908ad47015244eaf,47215282,0xc741e82cf1aae2df1d7e5f29112a02f4ba6ee3bc83c9fd6850cbd0111d43fade,217027364268766240,0.217027,-362550046,-362.5500,3238917767001741610729299,128404650723469765,115792089237316195423570985008687907853269984665640564039457584007913112660612,36894651925690,0,algebra_v2
0xb775272e537cc670c65dc852908ad47015244eaf,47215346,0xd69c76aee5a080dea5854ca43d7c3be5891d8220087c5f26455bef4dd6f952ef,157735776671327552,0.157736,-263470432,-263.4704,3238755200629395954805280,128404650723469765,115792089237316195423570985008687907853269984665640564039457584007913112660611,26815082034125,0,algebra_v2
0xb775272e537cc670c65dc852908ad47015244eaf,47215428,0x906d2352f167de5ab93d8d2b49c083491c030391b0ed90609836801beaf4a754,-250366473075454505,-0.250366,418624913,418.6249,3239013371178270351760909,128404650723469765,115792089237316195423570985008687907853269984665640564039457584007913112660613,0,71166,algebra_v2
0xb775272e537cc670c65dc852908ad47015244eaf,47215428,0xd35c9277a77fa9a077092f287a0f3a8495ac429270bd0329ce30b608e322d8f9,-9851936401612256,-0.009852,16474283,16.4743,3239023531047217593843712,128404650723469765,115792089237316195423570985008687907853269984665640564039457584007913112660613,0,2800,algebra_v2
0xb775272e537cc670c65dc852908ad47015244eaf,47215443,0x9eb8f82acad5d73b73b92acbc00d8784b32a3b7ca6ec0305240ad4699cd027ef,-227279366778283396,-0.227279,380082330,380.0823,3239257931964645410789577,128404650723469765,115792089237316195423570985008687907853269984665640564039457584007913112660615,0,64614,algebra_v2
0xb775272e537cc670c65dc852908ad47015244eaf,47215451,0xc38150c09a4bf0c980b72e806b12bc724b59fe55b7610ab04296b27c4ca1e0a7,200520614038516896,0.200521,-335000923,-335.0009,3239051229890475092677698,128404650723469765,115792089237316195423570985008687907853269984665640564039457584007913112660613,34088504386548,0,algebra_v2
0xb775272e537cc670c65dc852908ad47015244eaf,47215453,0x35127a23d863140b92a079cd97d4e118b609e75a1701787592b78a2da39e3650,369255438252132224,0.369255,-616786891,-616.7869,3238670660403337640282273,128404650723469765,115792089237316195423570985008687907853269984665640564039457584007913112660611,62773424502862,0,algebra_v2
0xb775272e537cc670c65dc852908ad47015244eaf,47215453,0xf74876717dd1d7b2499a4d5425e5b170c07bb825c62812f94214c846c190ea37,242057568858933120,0.242058,-404242919,-404.2429,3238421152985684845283117,127900980318161235,115792089237316195423570985008687907853269984665640564039457584007913112660609,41149786706018,0,algebra_v2
0xb775272e537cc670c65dc852908ad47015244eaf,47215453,0xb2e5813992db8a66d2bb7f1d57e99329e61060d8f5ff953694655e9e68e1ff02,31117842208554059,0.031118,-51963146,-51.9631,3238388964454896448307200,127900980318161235,115792089237316195423570985008687907853269984665640564039457584007913112660609,5290033175454,0,algebra_v2
0xb775272e537cc670c65dc852908ad47015244eaf,47215562,0x193be6c0ade1f4542c47f167f05a1b7081a2595be36e11f8037c9acd6592beea,275850901014647104,0.275851,-460593489,-460.5935,3238103650177040640903338,127900980318161235,115792089237316195423570985008687907853269984665640564039457584007913112660607,46894653172490,0,algebra_v2
0xb775272e537cc670c65dc852908ad47015244eaf,47212043,0x19481b5173d5348547a170d030937e742037f3c7f045013500091e733978fb4b,-98440845221066278,-0.098441,165229321,165.2293,3245138462293768020792056,137724373742101106,115792089237316195423570985008687907853269984665640564039457584007913112660651,0,28089,algebra_v2
0xb775272e537cc670c65dc852908ad47015244eaf,47212043,0x27f7a94c362ef34878e7bd0d9fe16300577254298818f9cb3956bd2bd1937684,-157869615205134534,-0.157870,264998515,264.9985,3245290830731617818006287,137724373742101106,115792089237316195423570985008687907853269984665640564039457584007913112660652,0,45050,algebra_v2
0xb775272e537cc670c65dc852908ad47015244eaf,47212046,0x094498d625812f4e7d6b3ab3f50ae973d2d085cc8492886da7d402b02c42cd2b,-173930215757557624,-0.173930,291986507,291.9865,3245458716683566366165428,137724373742101106,115792089237316195423570985008687907853269984665640564039457584007913112660653,0,49637,algebra_v2
0xb775272e537cc670c65dc852908ad47015244eaf,47212061,0xb46a7c1cc72bdd2a73362cfddf5bfc866ca390c655527e821e8fee13c4a4d471,-259384459663093685,-0.259384,435499512,435.4995,3245709119522192821846016,137724373742101106,115792089237316195423570985008687907853269984665640564039457584007913112660654,0,74035,algebra_v2
0xb775272e537cc670c65dc852908ad47015244eaf,47212061,0x51de47b0ff732e2b00909f2f0dede123bb548a857a208cb98d19ba9d0f3ce879,-13359437754627615,-0.013359,22431956,22.4320,3245722017413363836911616,137724373742101106,115792089237316195423570985008687907853269984665640564039457584007913112660654,0,3813,algebra_v2
0xb775272e537cc670c65dc852908ad47015244eaf,47212088,0x6a6a2e70034d40af74478357eb7c64d34f3dbb6bbddc4965bc1f79e7df99a97f,-867974824532642,-0.000868,1457431,1.4574,3245722855404633319616698,137724373742101106,115792089237316195423570985008687907853269984665640564039457584007913112660654,0,247,algebra_v2
0xb775272e537cc670c65dc852908ad47015244eaf,47212090,0x45af61c322dcb0c02841f50edb8bdcb8d8863ccf431db101fa0b2b2a2b248a1c,-1093997094136715,-0.001094,1836950,1.8370,3245723911611014926562032,137724373742101106,115792089237316195423570985008687907853269984665640564039457584007913112660654,0,312,algebra_v2
0xb775272e537cc670c65dc852908ad47015244eaf,47212094,0x95111c43c137b68de529742e12dc317662ce542d72b473de100d1180b9e427f7,-1067951850926562,-0.001068,1793218,1.7932,3245724942672515570146811,137724373742101106,115792089237316195423570985008687907853269984665640564039457584007913112660654,0,304,algebra_v2
0xb775272e537cc670c65dc852908ad47015244eaf,47212116,0xd51738d9cb7696af497fc469655b6d486f4394d440d260144334c26e673f2de4,-1116984097174749,-0.001117,1875550,1.8756,3245726021073238344957888,137724373742101106,115792089237316195423570985008687907853269984665640564039457584007913112660654,0,318,algebra_v2
0xb775272e537cc670c65dc852908ad47015244eaf,47212184,0xb18905a035a22d83d50b2e0511d803f01775164bae95affe43bb62cda788f66d,154168984580679392,0.154169,-258597577,-258.5976,3245577258655039780537316,137724373742101106,115792089237316195423570985008687907853269984665640564039457584007913112660654,26208727378715,0,algebra_v2
0xb775272e537cc670c65dc852908ad47015244eaf,47212184,0x225bbbb088ae42d5d420aeb10a28939289924bef105e597f7f38b5c8de28569c,352218691314825344,0.352219,-590710186,-590.7102,3245237443113604884737437,137724373742101106,115792089237316195423570985008687907853269984665640564039457584007913112660651,59877177523520,0,algebra_v2
0xb775272e537cc670c65dc852908ad47015244eaf,47212187,0xb4fa9b78bf308ba0a4bce9a98d991d871590acdadddecee7d75955b7f561c3d8,10080035948461028,0.010080,-16903528,-16.9035,3245227673760913322164596,137085384935028066,115792089237316195423570985008687907853269984665640564039457584007913112660651,1713606111238,0,algebra_v2
0xb775272e537cc670c65dc852908ad47015244eaf,47212317,0xcdc894d1290ef8ec3d7de8f59c4a2fd32252159559e0b10f502490497c1b8581,-188315605385587189,-0.188316,316125128,316.1251,3245409491981482040230593,137684165518019322,115792089237316195423570985008687907853269984665640564039457584007913112660652,0,53741,algebra_v2
0xb775272e537cc670c65dc852908ad47015244eaf,47212317,0xc10b932da878a9618d819510226225863256514acd3718d1b97e0134cf8cca1a,-154717938936264682,-0.154718,259751283,259.7513,3245558886989605076485908,137684165518019322,115792089237316195423570985008687907853269984665640564039457584007913112660653,0,44157,algebra_v2
0xb775272e537cc670c65dc852908ad47015244eaf,47212327,0x096c92cc73a52ede85ef8f635d4eaf6016d74e66d1a506b94fac0f2f348d73ab,-176322754585530898,-0.176323,296052115,296.0521,3245729160289257903785007,137684165518019322,115792089237316195423570985008687907853269984665640564039457584007913112660654,0,50329,algebra_v2
0xb775272e537cc670c65dc852908ad47015244eaf,47212329,0xf83be94ea731c4401f4a25da199b28a697552b5c05d7c7a825dfd3e49671db5f,-266903130981115641,-0.266903,448198861,448.1989,3245986940238268465248721,137684165518019322,115792089237316195423570985008687907853269984665640564039457584007913112660656,0,76194,algebra_v2
0xb775272e537cc670c65dc852908ad47015244eaf,47212349,0x12234acfd685946f5834a4b77bd266f06093fc0db8b81d7960ba36b1b81e7264,159505116368022144,0.159505,-267590803,-267.5908,3245832959367821461077419,137684165518019322,115792089237316195423570985008687907853269984665640564039457584007913112660655,27115869782564,0,algebra_v2
0xb775272e537cc670c65dc852908ad47015244eaf,47212349,0x9e7bc1f5f33d63a9195fcb9dfa335cceaf112d6ff24496be2fcc8e709d8e4acd,172993709217833408,0.172994,-290190993,-290.1910,3245665973577225731198916,137684165518019322,115792089237316195423570985008687907853269984665640564039457584007913112660654,29408930567031,0,algebra_v2
0xb775272e537cc670c65dc852908ad47015244eaf,47212350,0x6ef305978ba57f2826867dc1b8a5dec6a1ae684dd5eb4c16f79a721fa15ec22e,152415599322003968,0.152416,-255647181,-255.6472,3245518865473742791784040,137684165518019322,115792089237316195423570985008687907853269984665640564039457584007913112660653,25910651884740,0,algebra_v2
0xb775272e537cc670c65dc852908ad47015244eaf,47212352,0xfc4f2a7cc844805010ad91152e28367715fc862f46e5a1d56b1dc1224687c423,160889161358567456,0.160889,-269834773,-269.8348,3245363593346207662991712,137684165518019322,115792089237316195423570985008687907853269984665640564039457584007913112660652,27351157430956,0,algebra_v2
